calculation_run_id,research_method_version,scenario_key,scenario_family,scenario_params,ev,p50,p95,std_dev,coefficient_of_variation,ev_typical_gap_absolute,typical_capture,top1_outcome_ev_share,top5_outcome_ev_share,top10_outcome_ev_share,delta_vs_baseline,baseline_kind,built_at
14323aa8-03e8-408d-a34d-351aa4a60da0,ev_representativeness_v1,price_shock:top1:-0.10,price_shock,"{""cards"": [{""cardName"": ""Magikarp"", ""cardNumber"": ""203/193"", ""rarityKey"": ""illustration rare""}], ""depth"": 1, ""factor"": -0.1}",5.718822359999999,1.69,22.29,19.374722320120203,3.387886718712523,4.0288223599999995,0.2955153864929633,0.2492511377814505,0.5239204072776968,0.6670036346434093,"{""cv"": {""absolute"": -0.20598553669016617, ""relative"": -0.057315764738300565}, ""ev"": {""absolute"": -0.08218854000000153, ""relative"": -0.01416796855182629}, ""gap"": {""absolute"": -0.08218854000000064, ""relative"": -0.019992294352710337}, ""p50"": {""absolute"": 0.0, ""relative"": 0.0}, ""p95"": {""absolute"": 0.0, ""relative"": 0.0}, ""std_dev"": {""absolute"": -1.473369806678381, ""relative"": -0.07067168533779068}, ""top1"": {""absolute"": -0.01063658627023159, ""relative"": -0.040927620991118324}, ""top10"": {""absolute"": -0.004717882032244547, ""relative"": -0.007023568421022628}, ""top5"": {""absolute"": -0.006745080697855732, ""relative"": -0.012710607436688013}, ""typical_capture"": {""absolute"": 0.004186852702413091, ""relative"": 0.014371584712066744}}",tier_b_paired,2026-08-23T16:55:40.732654+00:00
14323aa8-03e8-408d-a34d-351aa4a60da0,ev_representativeness_v1,price_shock:top1:-0.25,price_shock,"{""cards"": [{""cardName"": ""Magikarp"", ""cardNumber"": ""203/193"", ""rarityKey"": ""illustration rare""}], ""depth"": 1, ""factor"": -0.25}",5.595539550000001,1.69,22.29,17.27095298259583,3.0865572172742177,3.9055395500000007,0.30202628091512634,0.23271038625756826,0.5134312615125738,0.659666946684346,"{""cv"": {""absolute"": -0.5073150381284712, ""relative"": -0.14116112150781698}, ""ev"": {""absolute"": -0.20547134999999983, ""relative"": -0.03541992137956504}, ""gap"": {""absolute"": -0.2054713499999994, ""relative"": -0.049980735881775304}, ""p50"": {""absolute"": 0.0, ""relative"": 0.0}, ""p95"": {""absolute"": 0.0, ""relative"": 0.0}, ""std_dev"": {""absolute"": -3.5771391442027536, ""relative"": -0.1715811270617239}, ""top1"": {""absolute"": -0.027177337794113826, ""relative"": -0.10457338026750834}, ""top10"": {""absolute"": -0.012054569991307829, ""relative"": -0.017945785108932986}, ""top5"": {""absolute"": -0.017234226462978786, ""relative"": -0.03247662954062834}, ""typical_capture"": {""absolute"": 0.010697747124576162, ""relative"": 0.036720560754502946}}",tier_b_paired,2026-08-23T16:55:40.732654+00:00
14323aa8-03e8-408d-a34d-351aa4a60da0,ev_representativeness_v1,price_shock:top1:-0.50,price_shock,"{""cards"": [{""cardName"": ""Magikarp"", ""cardNumber"": ""203/193"", ""rarityKey"": ""illustration rare""}], ""depth"": 1, ""factor"": -0.5}",5.390068199999999,1.69,22.29,14.186751921167463,2.6320171461220965,3.700068199999999,0.31353963202172475,0.2034610285636089,0.4948830851528001,0.6466933275538146,"{""cv"": {""absolute"": -0.9618551092805925, ""relative"": -0.2676375343710757}, ""ev"": {""absolute"": -0.41094270000000144, ""relative"": -0.07083984275913038}, ""gap"": {""absolute"": -0.410942700000001, ""relative"": -0.09996147176355115}, ""p50"": {""absolute"": 0.0, ""relative"": 0.0}, ""p95"": {""absolute"": 0.0, ""relative"": 0.0}, ""std_dev"": {""absolute"": -6.66134020563112, ""relative"": -0.3195179762789177}, ""top1"": {""absolute"": -0.05642669548807319, ""relative"": -0.21711951071937513}, ""top10"": {""absolute"": -0.02502818912183924, ""relative"": -0.03725976986073576}, ""top5"": {""absolute"": -0.03578240282275247, ""relative"": -0.06742930081859957}, ""typical_capture"": {""absolute"": 0.022211098231174564, ""relative"": 0.0762407236331446}}",tier_b_paired,2026-08-23T16:55:40.732654+00:00
14323aa8-03e8-408d-a34d-351aa4a60da0,ev_representativeness_v1,price_shock:top5:-0.10,price_shock,"{""cards"": [{""cardName"": ""Magikarp"", ""cardNumber"": ""203/193"", ""rarityKey"": ""illustration rare""}, {""cardName"": ""Raichu"", ""cardNumber"": ""211/193"", ""rarityKey"": ""illustration rare""}, {""cardName"": ""Maushold"", ""cardNumber"": ""226/193"", ""rarityKey"": ""illustration rare""}, {""cardName"": ""Tyranitar"", ""cardNumber"": ""222/193"", ""rarityKey"": ""illustration rare""}, {""cardName"": ""Sprigatito"", ""cardNumber"": ""196/193"", ""rarityKey"": ""illustration rare""}], ""depth"": 5, ""factor"": -0.1}",5.647381244999999,1.69,22.29,19.086074507509846,3.3796327323231474,3.957381244999999,0.2992537473003561,0.24173127380211068,0.5178978535563699,0.6627911278902863,"{""cv"": {""absolute"": -0.21423952307954153, ""relative"": -0.05961244803776039}, ""ev"": {""absolute"": -0.15362965500000136, ""relative"": -0.026483255702898497}, ""gap"": {""absolute"": -0.15362965500000092, ""relative"": -0.03737028646652358}, ""p50"": {""absolute"": 0.0, ""relative"": 0.0}, ""p95"": {""absolute"": 0.0, ""relative"": 0.0}, ""std_dev"": {""absolute"": -1.7620176192887378, ""relative"": -0.08451697203619907}, ""top1"": {""absolute"": -0.01815645024957141, ""relative"": -0.06986266979644164}, ""top10"": {""absolute"": -0.00893038878536756, ""relative"": -0.013294778511136588}, ""top5"": {""absolute"": -0.012767634419182716, ""relative"": -0.02405966603912805}, ""typical_capture"": {""absolute"": 0.007925213509805906, ""relative"": 0.027203698198349894}}",tier_b_paired,2026-08-23T16:55:40.732654+00:00
14323aa8-03e8-408d-a34d-351aa4a60da0,ev_representativeness_v1,price_shock:top5:-0.25,price_shock,"{""cards"": [{""cardName"": ""Magikarp"", ""cardNumber"": ""203/193"", ""rarityKey"": ""illustration rare""}, {""cardName"": ""Raichu"", ""cardNumber"": ""211/193"", ""rarityKey"": ""illustration rare""}, {""cardName"": ""Maushold"", ""cardNumber"": ""226/193"", ""rarityKey"": ""illustration rare""}, {""cardName"": ""Tyranitar"", ""cardNumber"": ""222/193"", ""rarityKey"": ""illustration rare""}, {""cardName"": ""Sprigatito"", ""cardNumber"": ""196/193"", ""rarityKey"": ""illustration rare""}], ""depth"": 5, ""factor"": -0.25}",5.416936762499999,1.69,22.29,16.515755883055874,3.048910594155358,3.726936762499999,0.31198444325571917,0.21463718859501826,0.4973885169108987,0.6484457649232157,"{""cv"": {""absolute"": -0.5449616612473309, ""relative"": -0.15163634723746425}, ""ev"": {""absolute"": -0.38407413750000163, ""relative"": -0.06620813925724595}, ""gap"": {""absolute"": -0.3840741375000012, ""relative"": -0.09342571616630868}, ""p50"": {""absolute"": 0.0, ""relative"": 0.0}, ""p95"": {""absolute"": 0.0, ""relative"": 0.0}, ""std_dev"": {""absolute"": -4.332336243742709, ""relative"": -0.20780492610035198}, ""top1"": {""absolute"": -0.045250535456663826, ""relative"": -0.17411570947331534}, ""top10"": {""absolute"": -0.023275751752438123, ""relative"": -0.03465089501320383}, ""top5"": {""absolute"": -0.03327697106465388, ""relative"": -0.06270799933043117}, ""typical_capture"": {""absolute"": 0.020655909465168987, ""relative"": 0.0709024591460701}}",tier_b_paired,2026-08-23T16:55:40.732654+00:00
14323aa8-03e8-408d-a34d-351aa4a60da0,ev_representativeness_v1,price_shock:top5:-0.50,price_shock,"{""cards"": [{""cardName"": ""Magikarp"", ""cardNumber"": ""203/193"", ""rarityKey"": ""illustration rare""}, {""cardName"": ""Raichu"", ""cardNumber"": ""211/193"", ""rarityKey"": ""illustration rare""}, {""cardName"": ""Maushold"", ""cardNumber"": ""226/193"", ""rarityKey"": ""illustration rare""}, {""cardName"": ""Tyranitar"", ""cardNumber"": ""222/193"", ""rarityKey"": ""illustration rare""}, {""cardName"": ""Sprigatito"", ""cardNumber"": ""196/193"", ""rarityKey"": ""illustration rare""}], ""depth"": 5, ""factor"": -0.5}",5.032862625,1.69,22.29,12.557632731974332,2.4951272600996797,3.342862625,0.33579299216417613,0.17550512617061548,0.4590325977753068,0.6216175163334604,"{""cv"": {""absolute"": -1.0987449953030093, ""relative"": -0.3057273373173628}, ""ev"": {""absolute"": -0.7681482750000006, ""relative"": -0.13241627851449142}, ""gap"": {""absolute"": -0.7681482750000002, ""relative"": -0.1868514323326168}, ""p50"": {""absolute"": 0.0, ""relative"": 0.0}, ""p95"": {""absolute"": 0.0, ""relative"": 0.0}, ""std_dev"": {""absolute"": -8.290459394824252, ""relative"": -0.3976603395841444}, ""top1"": {""absolute"": -0.08438259788106661, ""relative"": -0.32468866387966067}, ""top10"": {""absolute"": -0.05010400034219342, ""relative"": -0.07459043531932377}, ""top5"": {""absolute"": -0.07163289020024577, ""relative"": -0.1349869019625144}, ""typical_capture"": {""absolute"": 0.04446445837362595, ""relative"": 0.1526265134248523}}",tier_b_paired,2026-08-23T16:55:40.732654+00:00
14323aa8-03e8-408d-a34d-351aa4a60da0,ev_representativeness_v1,rarity_ablation:common,rarity_ablation,"{""rarityKey"": ""common""}",5.07807509,0.9700000000000001,21.6504999999993,20.864360293668756,4.108714409276047,4.10807509,0.1910172620153201,0.2956356874195021,0.599953148782603,0.7547076740844334,"{""cv"": {""absolute"": 0.5148421538733579, ""relative"": 0.14325555203009585}, ""ev"": {""absolute"": -0.722935810000001, ""relative"": -0.12462238435028641}, ""gap"": {""absolute"": -0.0029358100000003162, ""relative"": -0.0007141333534290352}, ""p50"": {""absolute"": -0.7199999999999999, ""relative"": -0.42603550295857984}, ""p95"": {""absolute"": -0.6395000000006981, ""relative"": -0.028689995513714584}, ""std_dev"": {""absolute"": 0.016268166870172962, ""relative"": 0.0007803192144024303}, ""top1"": {""absolute"": 0.03574796336781999, ""relative"": 0.13755156577042107}, ""top10"": {""absolute"": 0.08298615740877957, ""relative"": 0.12354250288047586}, ""top5"": {""absolute"": 0.0692876608070504, ""relative"": 0.1305674900234749}, ""typical_capture"": {""absolute"": -0.10031127177523008, ""relative"": -0.344323539030161}}",tier_b_paired,2026-08-23T16:55:40.732654+00:00
14323aa8-03e8-408d-a34d-351aa4a60da0,ev_representativeness_v1,rarity_ablation:double rare,rarity_ablation,"{""rarityKey"": ""double rare""}",5.65654711,1.6,22.020499999999306,20.845833086030662,3.685257575098789,4.05654711,0.28285807028309184,0.26623716742986697,0.5428981356083853,0.6864061545842938,"{""cv"": {""absolute"": 0.09138531969610009, ""relative"": 0.025428093488498376}, ""ev"": {""absolute"": -0.14446379000000054, ""relative"": -0.024903209542323137}, ""gap"": {""absolute"": -0.05446378999999979, ""relative"": -0.013248271854496856}, ""p50"": {""absolute"": -0.08999999999999986, ""relative"": -0.0532544378698224}, ""p95"": {""absolute"": -0.2695000000006935, ""relative"": -0.012090623598057135}, ""std_dev"": {""absolute"": -0.00225904076792105, ""relative"": -0.00010835719423060448}, ""top1"": {""absolute"": 0.0063494433781848825, ""relative"": 0.024431486332621898}, ""top10"": {""absolute"": 0.014684637908639941, ""relative"": 0.0218611992382113}, ""top5"": {""absolute"": 0.012232647632832716, ""relative"": 0.023051522870837733}, ""typical_capture"": {""absolute"": -0.008470463507458337, ""relative"": -0.029075296529478132}}",tier_b_paired,2026-08-23T16:55:40.732654+00:00
14323aa8-03e8-408d-a34d-351aa4a60da0,ev_representativeness_v1,rarity_ablation:hyper rare,rarity_ablation,"{""rarityKey"": ""hyper rare""}",5.68865913,1.6799999999999997,22.29,20.85193563644794,3.665527351864365,4.00865913,0.2953244273576293,0.26502054096533645,0.5411462015302717,0.684986978645001,"{""cv"": {""absolute"": 0.07165509646167623, ""relative"": 0.019938131177021305}, ""ev"": {""absolute"": -0.11235177000000096, ""relative"": -0.01936761918513219}, ""gap"": {""absolute"": -0.10235177000000029, ""relative"": -0.024896983367278417}, ""p50"": {""absolute"": -0.010000000000000231, ""relative"": -0.005917159763313746}, ""p95"": {""absolute"": 0.0, ""relative"": 0.0}, ""std_dev"": {""absolute"": 0.003843509649357202, ""relative"": 0.00018435785998934033}, ""top1"": {""absolute"": 0.005132816913654359, ""relative"": 0.019750132224920447}, ""top10"": {""absolute"": 0.013265461969347192, ""relative"": 0.019748454739097674}, ""top5"": {""absolute"": 0.010480713554719134, ""relative"": 0.01975013222492052}, ""typical_capture"": {""absolute"": 0.003995893567079134, ""relative"": 0.013716107773885171}}",tier_b_paired,2026-08-23T16:55:40.732654+00:00
14323aa8-03e8-408d-a34d-351aa4a60da0,ev_representativeness_v1,rarity_ablation:illustration rare,rarity_ablation,"{""rarityKey"": ""illustration rare""}",2.8623701699999997,1.64,7.34,5.684179868529336,1.9858297602819612,1.2223701699999998,0.5729517506814991,0.17454072685504546,0.38270551149574067,0.47123389005971933,"{""cv"": {""absolute"": -1.6080424951207277, ""relative"": -0.44744008157311327}, ""ev"": {""absolute"": -2.938640730000001, ""relative"": -0.5065739024899955}, ""gap"": {""absolute"": -2.8886407300000005, ""relative"": -0.7026594675290208}, ""p50"": {""absolute"": -0.050000000000000044, ""relative"": -0.029585798816568074}, ""p95"": {""absolute"": -14.95, ""relative"": -0.670704351727232}, ""std_dev"": {""absolute"": -15.163912258269248, ""relative"": -0.7273525158101748}, ""top1"": {""absolute"": -0.08534699719663663, ""relative"": -0.32839949446655764}, ""top10"": {""absolute"": -0.2004876266159345, ""relative"": -0.2984683706547718}, ""top5"": {""absolute"": -0.1479599764798119, ""relative"": -0.2788196704561807}, ""typical_capture"": {""absolute"": 0.2816232168909489, ""relative"": 0.966686006436366}}",tier_b_paired,2026-08-23T16:55:40.732654+00:00
14323aa8-03e8-408d-a34d-351aa4a60da0,ev_representativeness_v1,rarity_ablation:rare,rarity_ablation,"{""rarityKey"": ""rare""}",5.584321460000001,1.44,22.1,20.85643320816825,3.7348195940296476,4.1443214600000005,0.25786481138569695,0.2696507338959674,0.5496277698168186,0.6946261202520387,"{""cv"": {""absolute"": 0.14094733862695863, ""relative"": 0.03921879482919063}, ""ev"": {""absolute"": -0.21668943999999968, ""relative"": -0.037353737776979465}, ""gap"": {""absolute"": 0.03331056000000032, ""relative"": 0.008102766159048695}, ""p50"": {""absolute"": -0.25, ""relative"": -0.14792899408284024}, ""p95"": {""absolute"": -0.18999999999999773, ""relative"": -0.008524001794526592}, ""std_dev"": {""absolute"": 0.008341081369668046, ""relative"": 0.0004000884742324331}, ""top1"": {""absolute"": 0.009763009844285298, ""relative"": 0.03756626012217412}, ""top10"": {""absolute"": 0.022904603576384908, ""relative"": 0.034098362204831055}, ""top5"": {""absolute"": 0.018962281841266027, ""relative"": 0.035733022536674944}, ""typical_capture"": {""absolute"": -0.033463722404853236, ""relative"": -0.11486592806220583}}",tier_b_paired,2026-08-23T16:55:40.732654+00:00
14323aa8-03e8-408d-a34d-351aa4a60da0,ev_representativeness_v1,rarity_ablation:special illustration rare,rarity_ablation,"{""rarityKey"": ""special illustration rare""}",4.98397809,1.67,17.610000000000003,20.248425556371043,4.062703565450675,3.31397809,0.33507370414623955,0.3024840504465379,0.5503100014631083,0.6681530235218187,"{""cv"": {""absolute"": 0.4688313100479857, ""relative"": 0.13045297014750284}, ""ev"": {""absolute"": -0.8170328100000006, ""relative"": -0.140843177867499}, ""gap"": {""absolute"": -0.7970328100000001, ""relative"": -0.19387757157248114}, ""p50"": {""absolute"": -0.020000000000000018, ""relative"": -0.011834319526627229}, ""p95"": {""absolute"": -4.679999999999996, ""relative"": -0.20995962314939418}, ""std_dev"": {""absolute"": -0.5996665704275408, ""relative"": -0.02876361859782443}, ""top1"": {""absolute"": 0.04259632639485583, ""relative"": 0.16390280283644715}, ""top10"": {""absolute"": -0.0035684931538351172, ""relative"": -0.005312459204069524}, ""top5"": {""absolute"": 0.019644513487555693, ""relative"": 0.03701863779100838}, ""typical_capture"": {""absolute"": 0.04374517035568937, ""relative"": 0.15015752074302421}}",tier_b_paired,2026-08-23T16:55:40.732654+00:00
14323aa8-03e8-408d-a34d-351aa4a60da0,ev_representativeness_v1,rarity_ablation:ultra rare,rarity_ablation,"{""rarityKey"": ""ultra rare""}",5.53085001,1.6400000000000001,21.94,20.80960436534974,3.762460440569738,3.89085001,0.29651861775944277,0.27192217964341436,0.5541072049429885,0.6969407203288089,"{""cv"": {""absolute"": 0.168588185167049, ""relative"": 0.04690989918008616}, ""ev"": {""absolute"": -0.27016089000000054, ""relative"": -0.046571346728550456}, ""gap"": {""absolute"": -0.22016089000000028, ""relative"": -0.05355395433274095}, ""p50"": {""absolute"": -0.04999999999999982, ""relative"": -0.02958579881656794}, ""p95"": {""absolute"": -0.34999999999999787, ""relative"": -0.015702108568864868}, ""std_dev"": {""absolute"": -0.03848776144884525, ""relative"": -0.0018461047281814462}, ""top1"": {""absolute"": 0.012034455591732274, ""relative"": 0.04630636416416138}, ""top10"": {""absolute"": 0.02521920365315511, ""relative"": 0.03754413551908358}, ""top5"": {""absolute"": 0.02344171696743591, ""relative"": 0.04417418788032407}, ""typical_capture"": {""absolute"": 0.005190083968892589, ""relative"": 0.017815227026900103}}",tier_b_paired,2026-08-23T16:55:40.732654+00:00
14323aa8-03e8-408d-a34d-351aa4a60da0,ev_representativeness_v1,rarity_ablation:uncommon,rarity_ablation,"{""rarityKey"": ""uncommon""}",5.22227524,1.1199999999999999,21.779999999999998,20.862058210988746,3.9948216538254973,4.10227524,0.21446590777547755,0.28772276851497386,0.5846503142182141,0.7364145594133793,"{""cv"": {""absolute"": 0.4009493984228083, ""relative"": 0.11156473294788337}, ""ev"": {""absolute"": -0.5787356600000004, ""relative"": -0.0997646220592346}, ""gap"": {""absolute"": -0.008735660000000145, ""relative"": -0.0021249420671689643}, ""p50"": {""absolute"": -0.5700000000000001, ""relative"": -0.3372781065088758}, ""p95"": {""absolute"": -0.5100000000000016, ""relative"": -0.0228802153432033}, ""std_dev"": {""absolute"": 0.01396608419016232, ""relative"": 0.0006698974709637826}, ""top1"": {""absolute"": 0.02783504446329177, ""relative"": 0.10710411415106473}, ""top10"": {""absolute"": 0.06469304273772547, ""relative"": 0.09630932035330801}, ""top5"": {""absolute"": 0.05398482624266154, ""relative"": 0.10173042616471903}, ""typical_capture"": {""absolute"": -0.07686262601507263, ""relative"": -0.26383487060121885}}",tier_b_paired,2026-08-23T16:55:40.732654+00:00
14323aa8-03e8-408d-a34d-351aa4a60da0,ev_representativeness_v1,top_card_ablation:1,top_card_ablation,"{""cards"": [{""cardName"": ""Magikarp"", ""cardNumber"": ""203/193"", ""evShare"": 0.14167968551826027, ""priceUsed"": 383.7, ""rarityKey"": ""illustration rare""}], ""depth"": 1}",4.9791255,1.69,21.6,11.190437033585853,2.2474703707680903,3.2891255000000004,0.33941703216759644,0.16356741359501786,0.46184485207291925,0.6218478907591303,"{""cv"": {""absolute"": -1.3464018846345986, ""relative"": -0.37463821442471834}, ""ev"": {""absolute"": -0.8218854000000002, ""relative"": -0.1416796855182603}, ""gap"": {""absolute"": -0.8218853999999998, ""relative"": -0.19992294352710174}, ""p50"": {""absolute"": 0.0, ""relative"": 0.0}, ""p95"": {""absolute"": -0.6899999999999977, ""relative"": -0.03095558546433368}, ""std_dev"": {""absolute"": -9.65765509321273, ""relative"": -0.463239275540162}, ""top1"": {""absolute"": -0.09632031045666423, ""relative"": -0.37062277877161165}, ""top10"": {""absolute"": -0.049873625916523556, ""relative"": -0.07424747410704939}, ""top5"": {""absolute"": -0.06882063590263332, ""relative"": -0.12968741601263478}, ""typical_capture"": {""absolute"": 0.04808849837704626, ""relative"": 0.16506621494075602}}",tier_b_paired,2026-08-23T16:55:40.732654+00:00
14323aa8-03e8-408d-a34d-351aa4a60da0,ev_representativeness_v1,top_card_ablation:10,top_card_ablation,"{""cards"": [{""cardName"": ""Magikarp"", ""cardNumber"": ""203/193"", ""evShare"": 0.14167968551826027, ""priceUsed"": 383.7, ""rarityKey"": ""illustration rare""}, {""cardName"": ""Raichu"", ""cardNumber"": ""211/193"", ""evShare"": 0.037291707209169356, ""priceUsed"": 100.9, ""rarityKey"": ""illustration rare""}, {""cardName"": ""Maushold"", ""cardNumber"": ""226/193"", ""evShare"": 0.03621279180840706, ""priceUsed"": 95.4, ""rarityKey"": ""illustration rare""}, {""cardName"": ""Tyranitar"", ""cardNumber"": ""222/193"", ""evShare"": 0.02693937361848433, ""priceUsed"": 73.3, ""rarityKey"": ""illustration rare""}, {""cardName"": ""Sprigatito"", ""cardNumber"": ""196/193"", ""evShare"": 0.022708998874661657, ""priceUsed"": 61.13, ""rarityKey"": ""illustration rare""}, {""cardName"": ""Fuecoco"", ""cardNumber"": ""201/193"", ""evShare"": 0.021964106290508784, ""priceUsed"": 58.42, ""rarityKey"": ""illustration rare""}, {""cardName"": ""Iono"", ""cardNumber"": ""269/193"", ""evShare"": 0.021889371040485377, ""priceUsed"": 59.84, ""rarityKey"": ""special illustration rare""}, {""cardName"": ""Marill"", ""cardNumber"": ""204/193"", ""evShare"": 0.020326712366632513, ""priceUsed"": 54.54, ""rarityKey"": ""illustration rare""}, {""cardName"": ""Tinkaton ex"", ""cardNumber"": ""262/193"", ""evShare"": 0.02014123607318166, ""priceUsed"": 57.87, ""rarityKey"": ""special illustration rare""}, {""cardName"": ""Chi-Yu ex"", ""cardNumber"": ""259/193"", ""evShare"": 0.01980749941359359, ""priceUsed"": 53.92, ""rarityKey"": ""special illustration rare""}], ""depth"": 10}",3.66066132,1.68,16.86,6.029995118360865,1.6472420120965643,1.98066132,0.4589334694311464,0.09987433909892543,0.3600474326316535,0.5318076488977134,"{""cv"": {""absolute"": -1.9466302433061247, ""relative"": -0.5416525978016453}, ""ev"": {""absolute"": -2.1403495800000005, ""relative"": -0.36896148221338465}, ""gap"": {""absolute"": -2.13034958, ""relative"": -0.5182057726969296}, ""p50"": {""absolute"": -0.010000000000000009, ""relative"": -0.0059171597633136145}, ""p95"": {""absolute"": -5.43, ""relative"": -0.24360699865410498}, ""std_dev"": {""absolute"": -14.818097008437718, ""relative"": -0.7107651346854046}, ""top1"": {""absolute"": -0.16001338495275666, ""relative"": -0.6157019749071945}, ""top10"": {""absolute"": -0.13991386777794046, ""relative"": -0.20829147839475715}, ""top5"": {""absolute"": -0.17061805534389907, ""relative"": -0.3215171500878899}, ""typical_capture"": {""absolute"": 0.1676049356405962, ""relative"": 0.5753124606774539}}",tier_b_paired,2026-08-23T16:55:40.732654+00:00
14323aa8-03e8-408d-a34d-351aa4a60da0,ev_representativeness_v1,top_card_ablation:5,top_card_ablation,"{""cards"": [{""cardName"": ""Magikarp"", ""cardNumber"": ""203/193"", ""evShare"": 0.14167968551826027, ""priceUsed"": 383.7, ""rarityKey"": ""illustration rare""}, {""cardName"": ""Raichu"", ""cardNumber"": ""211/193"", ""evShare"": 0.037291707209169356, ""priceUsed"": 100.9, ""rarityKey"": ""illustration rare""}, {""cardName"": ""Maushold"", ""cardNumber"": ""226/193"", ""evShare"": 0.03621279180840706, ""priceUsed"": 95.4, ""rarityKey"": ""illustration rare""}, {""cardName"": ""Tyranitar"", ""cardNumber"": ""222/193"", ""evShare"": 0.02693937361848433, ""priceUsed"": 73.3, ""rarityKey"": ""illustration rare""}, {""cardName"": ""Sprigatito"", ""cardNumber"": ""196/193"", ""evShare"": 0.022708998874661657, ""priceUsed"": 61.13, ""rarityKey"": ""illustration rare""}], ""depth"": 5}",4.264714349999999,1.6800000000000002,19.650499999999305,8.242095356146038,1.932625418662809,2.584714349999999,0.3939302523274508,0.13767300733752547,0.40980427446447854,0.5778715144192483,"{""cv"": {""absolute"": -1.66124683673988, ""relative"": -0.4622442643147702}, ""ev"": {""absolute"": -1.5362965500000012, ""relative"": -0.26483255702898284}, ""gap"": {""absolute"": -1.526296550000001, ""relative"": -0.371270372939172}, ""p50"": {""absolute"": -0.009999999999999787, ""relative"": -0.0059171597633134836}, ""p95"": {""absolute"": -2.6395000000006945, ""relative"": -0.11841633019294279}, ""std_dev"": {""absolute"": -12.605996770652546, ""relative"": -0.6046594908532914}, ""top1"": {""absolute"": -0.12221471671415662, ""relative"": -0.470259675250581}, ""top10"": {""absolute"": -0.0938500022564055, ""relative"": -0.13971564097108077}, ""top5"": {""absolute"": -0.12086121351107404, ""relative"": -0.22775404892477583}, ""typical_capture"": {""absolute"": 0.10260171853690064, ""relative"": 0.3521856139593448}}",tier_b_paired,2026-08-23T16:55:40.732654+00:00
14323aa8-03e8-408d-a34d-351aa4a60da0,ev_representativeness_v1,winsorize_top:0.0100,winsorization,"{""quantile"": 0.01}",4.918399380000001,1.69,22.29,10.191417377578823,2.0721004111664514,3.2283993800000013,0.3436077206076745,0.1270738611714773,0.4464429564074969,0.6128116257203985,"{""cv"": {""absolute"": -1.5217718442362376, ""relative"": -0.423435151861213}, ""ev"": {""absolute"": -0.8826115199999993, ""relative"": -0.15214788167351992}, ""gap"": {""absolute"": -0.8826115199999989, ""relative"": -0.21469452197268532}, ""p50"": {""absolute"": 0.0, ""relative"": 0.0}, ""p95"": {""absolute"": 0.0, ""relative"": 0.0}, ""std_dev"": {""absolute"": -10.65667474921976, ""relative"": -0.5111582721529441}, ""top1"": {""absolute"": -0.1328138628802048, ""relative"": -0.5110432336303542}, ""top10"": {""absolute"": -0.05890989095525534, ""relative"": -0.08769987188559937}, ""top5"": {""absolute"": -0.08422253156805565, ""relative"": -0.15871115321510362}, ""typical_capture"": {""absolute"": 0.052279186817124346, ""relative"": 0.17945096601732227}}",tier_b_paired,2026-08-23T16:55:40.732654+00:00
48c725d9-21dd-4264-8f69-13043e89ff51,ev_representativeness_v1,price_shock:top1:-0.10,price_shock,"{""cards"": [{""cardName"": ""Victini"", ""cardNumber"": ""171/086"", ""rarityKey"": ""black white rare""}], ""depth"": 1, ""factor"": -0.1}",6.03762991,1.7999999999999998,21.44,27.240206968053926,4.511738442751607,4.23762991,0.29813023103961667,0.3231835569729382,0.5469988305394494,0.6843344659394669,"{""cv"": {""absolute"": -0.11727129629179522, ""relative"": -0.025333992128525887}, ""ev"": {""absolute"": -0.04391064, ""relative"": -0.007220315253838109}, ""gap"": {""absolute"": -0.04391064, ""relative"": -0.010255803836775528}, ""p50"": {""absolute"": 0.0, ""relative"": 0.0}, ""p95"": {""absolute"": 0.0, ""relative"": 0.0}, ""std_dev"": {""absolute"": -0.9113034662834423, ""relative"": -0.03237138797255774}, ""top1"": {""absolute"": -0.004886828087636685, ""relative"": -0.014895669679951092}, ""top10"": {""absolute"": -0.0022792046706880953, ""relative"": -0.00331948629665747}, ""top5"": {""absolute"": -0.0032708112538624157, ""relative"": -0.005944015452502418}, ""typical_capture"": {""absolute"": 0.0021525942548056287, ""relative"": 0.007272827360165258}}",tier_b_paired,2026-08-23T16:51:01.150241+00:00
48c725d9-21dd-4264-8f69-13043e89ff51,ev_representativeness_v1,price_shock:top1:-0.25,price_shock,"{""cards"": [{""cardName"": ""Victini"", ""cardNumber"": ""171/086"", ""rarityKey"": ""black white rare""}], ""depth"": 1, ""factor"": -0.25}",5.971763949999999,1.7999999999999998,21.44,26.006654288264002,4.354936750014041,4.171763949999999,0.30141847786867065,0.31571856586863256,0.5420024245934906,0.6808528123419882,"{""cv"": {""absolute"": -0.27407298902936184, ""relative"": -0.05920769332535467}, ""ev"": {""absolute"": -0.10977660000000089, ""relative"": -0.01805078813459542}, ""gap"": {""absolute"": -0.10977660000000089, ""relative"": -0.025639509591939027}, ""p50"": {""absolute"": 0.0, ""relative"": 0.0}, ""p95"": {""absolute"": 0.0, ""relative"": 0.0}, ""std_dev"": {""absolute"": -2.1448561460733657, ""relative"": -0.07618973593179607}, ""top1"": {""absolute"": -0.012351819191942337, ""relative"": -0.037649906100673175}, ""top10"": {""absolute"": -0.005760858268166746, ""relative"": -0.008390246968207603}, ""top5"": {""absolute"": -0.008267217199821264, ""relative"": -0.015023938396598907}, ""typical_capture"": {""absolute"": 0.0054408410838596155, ""relative"": 0.01838260870977678}}",tier_b_paired,2026-08-23T16:51:01.150241+00:00
48c725d9-21dd-4264-8f69-13043e89ff51,ev_representativeness_v1,price_shock:top1:-0.50,price_shock,"{""cards"": [{""cardName"": ""Victini"", ""cardNumber"": ""171/086"", ""rarityKey"": ""black white rare""}], ""depth"": 1, ""factor"": -0.5}",5.86198735,1.7999999999999998,21.44,24.364630522976128,4.1563771922803845,4.06198735,0.3070630986605592,0.30290412516840387,0.5334255694018173,0.6748761885335696,"{""cv"": {""absolute"": -0.4726325467630179, ""relative"": -0.10210230122797036}, ""ev"": {""absolute"": -0.2195532, ""relative"": -0.03610157626919055}, ""gap"": {""absolute"": -0.2195532, ""relative"": -0.05127901918387764}, ""p50"": {""absolute"": 0.0, ""relative"": 0.0}, ""p95"": {""absolute"": 0.0, ""relative"": 0.0}, ""std_dev"": {""absolute"": -3.7868799113612397, ""relative"": -0.13451782348211952}, ""top1"": {""absolute"": -0.025166259892171028, ""relative"": -0.07670994103147814}, ""top10"": {""absolute"": -0.011737482076585426, ""relative"": -0.01709473985007462}, ""top5"": {""absolute"": -0.016844072391494547, ""relative"": -0.030610579091007516}, ""typical_capture"": {""absolute"": 0.01108546187574816, ""relative"": 0.037453714396023054}}",tier_b_paired,2026-08-23T16:51:01.150241+00:00
48c725d9-21dd-4264-8f69-13043e89ff51,ev_representativeness_v1,price_shock:top5:-0.10,price_shock,"{""cards"": [{""cardName"": ""Victini"", ""cardNumber"": ""171/086"", ""rarityKey"": ""black white rare""}, {""cardName"": ""Zekrom ex"", ""cardNumber"": ""172/086"", ""rarityKey"": ""black white rare""}, {""cardName"": ""Seismitoad"", ""cardNumber"": ""105/086"", ""rarityKey"": ""illustration rare""}, {""cardName"": ""Zekrom ex"", ""cardNumber"": ""166/086"", ""rarityKey"": ""special illustration rare""}, {""cardName"": ""Haxorus"", ""cardNumber"": ""147/086"", ""rarityKey"": ""illustration rare""}], ""depth"": 5, ""factor"": -0.1}",5.925952442,1.7999999999999998,21.44,25.71044984828912,4.338618998368451,4.125952442,0.3037486408501285,0.3104286205474749,0.5384618022555504,0.6783855947792974,"{""cv"": {""absolute"": -0.2903907406749511, ""relative"": -0.06273279967973477}, ""ev"": {""absolute"": -0.1555881079999999, ""relative"": -0.025583666954255513}, ""gap"": {""absolute"": -0.1555881079999999, ""relative"": -0.036339281663465714}, ""p50"": {""absolute"": 0.0, ""relative"": 0.0}, ""p95"": {""absolute"": 0.0, ""relative"": 0.0}, ""std_dev"": {""absolute"": -2.4410605860482484, ""relative"": -0.08671153157987582}, ""top1"": {""absolute"": -0.01764176451310001, ""relative"": -0.053774328060250356}, ""top10"": {""absolute"": -0.008228075830857606, ""relative"": -0.011983559580958791}, ""top5"": {""absolute"": -0.011807839537761433, ""relative"": -0.02145827907074802}, ""typical_capture"": {""absolute"": 0.007771004065317444, ""relative"": 0.026255375743023824}}",tier_b_paired,2026-08-23T16:51:01.150241+00:00
48c725d9-21dd-4264-8f69-13043e89ff51,ev_representativeness_v1,price_shock:top5:-0.25,price_shock,"{""cards"": [{""cardName"": ""Victini"", ""cardNumber"": ""171/086"", ""rarityKey"": ""black white rare""}, {""cardName"": ""Zekrom ex"", ""cardNumber"": ""172/086"", ""rarityKey"": ""black white rare""}, {""cardName"": ""Seismitoad"", ""cardNumber"": ""105/086"", ""rarityKey"": ""illustration rare""}, {""cardName"": ""Zekrom ex"", ""cardNumber"": ""166/086"", ""rarityKey"": ""special illustration rare""}, {""cardName"": ""Haxorus"", ""cardNumber"": ""147/086"", ""rarityKey"": ""illustration rare""}], ""depth"": 5, ""factor"": -0.25}",5.692570279999999,1.7999999999999998,21.44,22.127711051192932,3.887121276119394,3.8925702799999993,0.316201629749576,0.2823275446675733,0.5195398079477027,0.6652001510291412,"{""cv"": {""absolute"": -0.7418884629240083, ""relative"": -0.16026936747757234}, ""ev"": {""absolute"": -0.3889702700000006, ""relative"": -0.06395916738563893}, ""gap"": {""absolute"": -0.3889702700000006, ""relative"": -0.09084820415866449}, ""p50"": {""absolute"": 0.0, ""relative"": 0.0}, ""p95"": {""absolute"": 0.0, ""relative"": 0.0}, ""std_dev"": {""absolute"": -6.023799383144436, ""relative"": -0.21397783956192276}, ""top1"": {""absolute"": -0.04574284039300158, ""relative"": -0.13942995916731596}, ""top10"": {""absolute"": -0.021413519581013785, ""relative"": -0.03118714423787221}, ""top5"": {""absolute"": -0.030729833845609122, ""relative"": -0.055845046703760615}, ""typical_capture"": {""absolute"": 0.02022399296476496, ""relative"": 0.06832946294340712}}",tier_b_paired,2026-08-23T16:51:01.150241+00:00
48c725d9-21dd-4264-8f69-13043e89ff51,ev_representativeness_v1,price_shock:top5:-0.50,price_shock,"{""cards"": [{""cardName"": ""Victini"", ""cardNumber"": ""171/086"", ""rarityKey"": ""black white rare""}, {""cardName"": ""Zekrom ex"", ""cardNumber"": ""172/086"", ""rarityKey"": ""black white rare""}, {""cardName"": ""Seismitoad"", ""cardNumber"": ""105/086"", ""rarityKey"": ""illustration rare""}, {""cardName"": ""Zekrom ex"", ""cardNumber"": ""166/086"", ""rarityKey"": ""special illustration rare""}, {""cardName"": ""Haxorus"", ""cardNumber"": ""147/086"", ""rarityKey"": ""illustration rare""}], ""depth"": 5, ""factor"": -0.5}",5.303600009999999,1.7999999999999998,21.44,16.518466773300357,3.1145762768976915,3.5036000099999995,0.33939211037900274,0.23381864349909753,0.48430247287822903,0.640645662115081,"{""cv"": {""absolute"": -1.514433462145711, ""relative"": -0.32716143355072586}, ""ev"": {""absolute"": -0.7779405400000003, ""relative"": -0.1279183347712777}, ""gap"": {""absolute"": -0.7779405400000003, ""relative"": -0.18169640831732875}, ""p50"": {""absolute"": 0.0, ""relative"": 0.0}, ""p95"": {""absolute"": 0.0, ""relative"": 0.0}, ""std_dev"": {""absolute"": -11.63304366103701, ""relative"": -0.4132298225408107}, ""top1"": {""absolute"": -0.09425174156147736, ""relative"": -0.2872912211935092}, ""top10"": {""absolute"": -0.045968008495073986, ""relative"": -0.06694886872005447}, ""top5"": {""absolute"": -0.06596716891508281, ""relative"": -0.1198815342603634}, ""typical_capture"": {""absolute"": 0.043414473594191705, ""relative"": 0.1466816008999895}}",tier_b_paired,2026-08-23T16:51:01.150241+00:00
48c725d9-21dd-4264-8f69-13043e89ff51,ev_representativeness_v1,rarity_ablation:black white rare,rarity_ablation,"{""rarityKey"": ""black white rare""}",5.21359959,1.7999999999999998,21.2,16.454201639248613,3.1560156002023567,3.4135995900000005,0.3452509094585071,0.23144961540861253,0.4808199722142452,0.6374442882753104,"{""cv"": {""absolute"": -1.4729941388410457, ""relative"": -0.3182093410642605}, ""ev"": {""absolute"": -0.8679409599999994, ""relative"": -0.1427172856719667}, ""gap"": {""absolute"": -0.8679409599999994, ""relative"": -0.20271697765422295}, ""p50"": {""absolute"": 0.0, ""relative"": 0.0}, ""p95"": {""absolute"": -0.240000000000002, ""relative"": -0.01119402985074636}, ""std_dev"": {""absolute"": -11.697308795088755, ""relative"": -0.41551265330407083}, ""top1"": {""absolute"": -0.09662076965196237, ""relative"": -0.2945123182457396}, ""top10"": {""absolute"": -0.04916938233484458, ""relative"": -0.07161142348236456}, ""top5"": {""absolute"": -0.06944966957906662, ""relative"": -0.12621025094666732}, ""typical_capture"": {""absolute"": 0.04927327267369608, ""relative"": 0.16647633655349423}}",tier_b_paired,2026-08-23T16:51:01.150241+00:00
48c725d9-21dd-4264-8f69-13043e89ff51,ev_representativeness_v1,rarity_ablation:common,rarity_ablation,"{""rarityKey"": ""common""}",5.1530721900000005,1.03,20.41,28.14060046442415,5.46093658828097,4.12307219,0.19988076278046474,0.3856887283389679,0.6400670800616128,0.7873585446510114,"{""cv"": {""absolute"": 0.8319268492375675, ""relative"": 0.17972026332558277}, ""ev"": {""absolute"": -0.9284683599999992, ""relative"": -0.15266992834570497}, ""gap"": {""absolute"": -0.15846835999999964, ""relative"": -0.03701199560050871}, ""p50"": {""absolute"": -0.7699999999999998, ""relative"": -0.4277777777777777}, ""p95"": {""absolute"": -1.0300000000000011, ""relative"": -0.04804104477611945}, ""std_dev"": {""absolute"": -0.01090996991321802, ""relative"": -0.00038754474431008695}, ""top1"": {""absolute"": 0.05761834327839299, ""relative"": 0.17562799296179796}, ""top10"": {""absolute"": 0.10074487404085641, ""relative"": 0.14672716019669416}, ""top5"": {""absolute"": 0.089797438268301, ""relative"": 0.16318806535583885}, ""typical_capture"": {""absolute"": -0.0960968740043463, ""relative"": -0.32467613110315163}}",tier_b_paired,2026-08-23T16:51:01.150241+00:00
48c725d9-21dd-4264-8f69-13043e89ff51,ev_representativeness_v1,rarity_ablation:double rare,rarity_ablation,"{""rarityKey"": ""double rare""}",6.009888849999999,1.74,21.35,28.15395126376661,4.684604319057684,4.269888849999999,0.28952282536805984,0.33188726776535976,0.5562779501321394,0.6936477768636271,"{""cv"": {""absolute"": 0.05559458001428119, ""relative"": 0.012010037383453413}, ""ev"": {""absolute"": -0.07165170000000032, ""relative"": -0.011781833798674634}, ""gap"": {""absolute"": -0.011651700000000709, ""relative"": -0.002721380275144354}, ""p50"": {""absolute"": -0.05999999999999983, ""relative"": -0.03333333333333324}, ""p95"": {""absolute"": -0.08999999999999986, ""relative"": -0.004197761194029844}, ""std_dev"": {""absolute"": 0.0024408294292435073, ""relative"": 8.670332041105487e-05}, ""top1"": {""absolute"": 0.003816882704784863, ""relative"": 0.011634340917666536}, ""top10"": {""absolute"": 0.007034106253472117, ""relative"": 0.010244634726281086}, ""top5"": {""absolute"": 0.006008308338827595, ""relative"": 0.010918843931216527}, ""typical_capture"": {""absolute"": -0.006454811416751194, ""relative"": -0.021808442985319632}}",tier_b_paired,2026-08-23T16:51:01.150241+00:00
48c725d9-21dd-4264-8f69-13043e89ff51,ev_representativeness_v1,rarity_ablation:illustration rare,rarity_ablation,"{""rarityKey"": ""illustration rare""}",3.87915173,1.7400000000000002,5.949999999999999,25.220781269483663,6.501622783773829,2.1391517299999996,0.44855167343505803,0.3984457524686718,0.5469697984718942,0.5945949812073992,"{""cv"": {""absolute"": 1.8726130447304268, ""relative"": 0.40453858390831715}, ""ev"": {""absolute"": -2.20238882, ""relative"": -0.3621432434582714}, ""gap"": {""absolute"": -2.1423888200000003, ""relative"": -0.5003780286513929}, ""p50"": {""absolute"": -0.05999999999999961, ""relative"": -0.03333333333333312}, ""p95"": {""absolute"": -15.490000000000002, ""relative"": -0.7224813432835822}, ""std_dev"": {""absolute"": -2.9307291648537053, ""relative"": -0.10410557443052838}, ""top1"": {""absolute"": 0.07037536740809691, ""relative"": 0.21451301492849714}, ""top10"": {""absolute"": -0.09201868940275582, ""relative"": -0.13401814345028112}, ""top5"": {""absolute"": -0.0032998433214176393, ""relative"": -0.0059967751640151385}, ""typical_capture"": {""absolute"": 0.152574036650247, ""relative"": 0.5154917726475907}}",tier_b_paired,2026-08-23T16:51:01.150241+00:00
48c725d9-21dd-4264-8f69-13043e89ff51,ev_representativeness_v1,rarity_ablation:rare,rarity_ablation,"{""rarityKey"": ""rare""}",5.7114031,1.5699999999999998,20.970000000000002,28.09361089340974,4.918863263811608,4.1414031,0.27488866965107045,0.3478644783450848,0.5772516266624571,0.714567649760179,"{""cv"": {""absolute"": 0.2898535247682057, ""relative"": 0.0626167455046454}, ""ev"": {""absolute"": -0.37013744999999965, ""relative"": -0.06086244874253115}, ""gap"": {""absolute"": -0.1401374500000001, ""relative"": -0.03273061375069777}, ""p50"": {""absolute"": -0.22999999999999998, ""relative"": -0.12777777777777777}, ""p95"": {""absolute"": -0.46999999999999886, ""relative"": -0.02192164179104472}, ""std_dev"": {""absolute"": -0.057899540927628834, ""relative"": -0.0020567117015862415}, ""top1"": {""absolute"": 0.019794093284509928, ""relative"": 0.06033489819830933}, ""top10"": {""absolute"": 0.027953979150023955, ""relative"": 0.040712820537323155}, ""top5"": {""absolute"": 0.02698198486914527, ""relative"": 0.0490341149499213}, ""typical_capture"": {""absolute"": -0.021088967133740588, ""relative"": -0.07125189376747815}}",tier_b_paired,2026-08-23T16:51:01.150241+00:00
48c725d9-21dd-4264-8f69-13043e89ff51,ev_representativeness_v1,rarity_ablation:special illustration rare,rarity_ablation,"{""rarityKey"": ""special illustration rare""}",5.49748448,1.79,20.48,26.05527454531537,4.739490332370228,3.7074844799999997,0.3256034658236998,0.308855336686644,0.5242925760838165,0.6650236145823555,"{""cv"": {""absolute"": 0.1104805933268258, ""relative"": 0.023867003863693947}, ""ev"": {""absolute"": -0.5840560699999999, ""relative"": -0.09603751963801342}, ""gap"": {""absolute"": -0.5740560700000001, ""relative"": -0.13407699011515847}, ""p50"": {""absolute"": -0.009999999999999787, ""relative"": -0.005555555555555438}, ""p95"": {""absolute"": -0.9600000000000009, ""relative"": -0.044776119402985114}, ""std_dev"": {""absolute"": -2.0962358890219974, ""relative"": -0.07446264362657949}, ""top1"": {""absolute"": -0.0192150483739309, ""relative"": -0.05856989612269645}, ""top10"": {""absolute"": -0.02159005602779951, ""relative"": -0.031444255994224}, ""top5"": {""absolute"": -0.025977065709495317, ""relative"": -0.04720788452882274}, ""typical_capture"": {""absolute"": 0.029625829038888774, ""relative"": 0.1000948225707609}}",tier_b_paired,2026-08-23T16:51:01.150241+00:00
48c725d9-21dd-4264-8f69-13043e89ff51,ev_representativeness_v1,rarity_ablation:ultra rare,rarity_ablation,"{""rarityKey"": ""ultra rare""}",6.01319133,1.78,21.370499999999303,28.151616091654716,4.68164316528653,4.2331913299999995,0.2960158595186427,0.33172671224482725,0.5559764618366134,0.6932926280261898,"{""cv"": {""absolute"": 0.05263342624312717, ""relative"": 0.011370342516065652}, ""ev"": {""absolute"": -0.06834921999999999, ""relative"": -0.011238800339825078}, ""gap"": {""absolute"": -0.048349220000000415, ""relative"": -0.011292482095025449}, ""p50"": {""absolute"": -0.019999999999999796, ""relative"": -0.011111111111110999}, ""p95"": {""absolute"": -0.06950000000069778, ""relative"": -0.003241604477644486}, ""std_dev"": {""absolute"": 0.00010565731734857309, ""relative"": 3.7531669071546236e-06}, ""top1"": {""absolute"": 0.0036563271842523504, ""relative"": 0.011144947397727614}, ""top10"": {""absolute"": 0.006678957416034859, ""relative"": 0.009727387761009251}, ""top5"": {""absolute"": 0.005706820043301586, ""relative"": 0.01037095200219157}, ""typical_capture"": {""absolute"": 3.8222733831638767e-05, ""relative"": 0.00012914061429387114}}",tier_b_paired,2026-08-23T16:51:01.150241+00:00
48c725d9-21dd-4264-8f69-13043e89ff51,ev_representativeness_v1,rarity_ablation:uncommon,rarity_ablation,"{""rarityKey"": ""uncommon""}",5.09299258,1.08,20.220000000000002,28.10560910392559,5.518486167503035,4.01299258,0.2120560717565389,0.3901102090354901,0.6459764310121967,0.7838772052560108,"{""cv"": {""absolute"": 0.8894764284596324, ""relative"": 0.192152637087224}, ""ev"": {""absolute"": -0.9885479699999999, ""relative"": -0.16254894000501238}, ""gap"": {""absolute"": -0.2685479700000002, ""relative"": -0.06272227644790149}, ""p50"": {""absolute"": -0.7199999999999998, ""relative"": -0.3999999999999999}, ""p95"": {""absolute"": -1.2199999999999989, ""relative"": -0.05690298507462681}, ""std_dev"": {""absolute"": -0.0459013304117768, ""relative"": -0.0016305103954844767}, ""top1"": {""absolute"": 0.0620398239749152, ""relative"": 0.18910522497622018}, ""top10"": {""absolute"": 0.0972635346458558, ""relative"": 0.14165685713688625}, ""top5"": {""absolute"": 0.09570678921888487, ""relative"": 0.1739270749281741}, ""typical_capture"": {""absolute"": -0.08392156502827214, ""relative"": -0.2835402226327216}}",tier_b_paired,2026-08-23T16:51:01.150241+00:00
48c725d9-21dd-4264-8f69-13043e89ff51,ev_representativeness_v1,top_card_ablation:1,top_card_ablation,"{""cards"": [{""cardName"": ""Victini"", ""cardNumber"": ""171/086"", ""evShare"": 0.0722031525383811, ""priceUsed"": 609.87, ""rarityKey"": ""black white rare""}], ""depth"": 1}",5.642434150000001,1.7999999999999998,21.310000000000002,22.990550323478857,4.0745801744941685,3.8424341500000008,0.319011255098121,0.2829358017408143,0.5178102149406565,0.6636374214486847,"{""cv"": {""absolute"": -0.5544295645492339, ""relative"": -0.11977282308846648}, ""ev"": {""absolute"": -0.4391063999999991, ""relative"": -0.07220315253838094}, ""gap"": {""absolute"": -0.4391063999999991, ""relative"": -0.10255803836775507}, ""p50"": {""absolute"": 0.0, ""relative"": 0.0}, ""p95"": {""absolute"": -0.129999999999999, ""relative"": -0.006063432835820849}, ""std_dev"": {""absolute"": -5.160960110858511, ""relative"": -0.18332800021143839}, ""top1"": {""absolute"": -0.04513458331976061, ""relative"": -0.13757591472764896}, ""top10"": {""absolute"": -0.02297624916147034, ""relative"": -0.03346313967365759}, ""top5"": {""absolute"": -0.03245942685265535, ""relative"": -0.05898822029663689}, ""typical_capture"": {""absolute"": 0.023033618313309967, ""relative"": 0.07782215765867621}}",tier_b_paired,2026-08-23T16:51:01.150241+00:00
48c725d9-21dd-4264-8f69-13043e89ff51,ev_representativeness_v1,top_card_ablation:10,top_card_ablation,"{""cards"": [{""cardName"": ""Victini"", ""cardNumber"": ""171/086"", ""evShare"": 0.0722031525383811, ""priceUsed"": 609.87, ""rarityKey"": ""black white rare""}, {""cardName"": ""Zekrom ex"", ""cardNumber"": ""172/086"", ""evShare"": 0.0705141331335857, ""priceUsed"": 609.14, ""rarityKey"": ""black white rare""}, {""cardName"": ""Seismitoad"", ""cardNumber"": ""105/086"", ""evShare"": 0.04984924420178371, ""priceUsed"": 231.42, ""rarityKey"": ""illustration rare""}, {""cardName"": ""Zekrom ex"", ""cardNumber"": ""166/086"", ""evShare"": 0.047697151341036435, ""priceUsed"": 287.77, ""rarityKey"": ""special illustration rare""}, {""cardName"": ""Haxorus"", ""cardNumber"": ""147/086"", ""evShare"": 0.015572988327768364, ""priceUsed"": 73.36, ""rarityKey"": ""illustration rare""}, {""cardName"": ""Kyurem ex"", ""cardNumber"": ""165/086"", ""evShare"": 0.013213668368946418, ""priceUsed"": 76.46, ""rarityKey"": ""special illustration rare""}, {""cardName"": ""Volcarona"", ""cardNumber"": ""100/086"", ""evShare"": 0.012281014881994004, ""priceUsed"": 60.87, ""rarityKey"": ""illustration rare""}, {""cardName"": ""Lilligant"", ""cardNumber"": ""092/086"", ""evShare"": 0.01202906227436073, ""priceUsed"": 56.23, ""rarityKey"": ""illustration rare""}, {""cardName"": ""Krookodile"", ""cardNumber"": ""137/086"", ""evShare"": 0.011667206592908437, ""priceUsed"": 55.39, ""rarityKey"": ""illustration rare""}, {""cardName"": ""N's Plan"", ""cardNumber"": ""170/086"", ""evShare"": 0.01128726503352839, ""priceUsed"": 71.06, ""rarityKey"": ""special illustration rare""}], ""depth"": 10}",4.15785874,1.79,19.13,8.260549222939453,1.9867315701397428,2.36785874,0.4305100562411122,0.13156897196560363,0.3884696741765691,0.5657818836817915,"{""cv"": {""absolute"": -2.6422781689036596, ""relative"": -0.5708085136692095}, ""ev"": {""absolute"": -1.9236818099999997, ""relative"": -0.31631488669429325}, ""gap"": {""absolute"": -1.91368181, ""relative"": -0.4469610383580275}, ""p50"": {""absolute"": -0.009999999999999787, ""relative"": -0.005555555555555438}, ""p95"": {""absolute"": -2.3100000000000023, ""relative"": -0.10774253731343293}, ""std_dev"": {""absolute"": -19.890961211397915, ""relative"": -0.7065681700380888}, ""top1"": {""absolute"": -0.19650141309497127, ""relative"": -0.598961143837135}, ""top10"": {""absolute"": -0.1208317869283635, ""relative"": -0.17598220382211013}, ""top5"": {""absolute"": -0.16179996761674276, ""relative"": -0.2940376050720182}, ""typical_capture"": {""absolute"": 0.13453241945630118, ""relative"": 0.45453575789616923}}",tier_b_paired,2026-08-23T16:51:01.150241+00:00
48c725d9-21dd-4264-8f69-13043e89ff51,ev_representativeness_v1,top_card_ablation:5,top_card_ablation,"{""cards"": [{""cardName"": ""Victini"", ""cardNumber"": ""171/086"", ""evShare"": 0.0722031525383811, ""priceUsed"": 609.87, ""rarityKey"": ""black white rare""}, {""cardName"": ""Zekrom ex"", ""cardNumber"": ""172/086"", ""evShare"": 0.0705141331335857, ""priceUsed"": 609.14, ""rarityKey"": ""black white rare""}, {""cardName"": ""Seismitoad"", ""cardNumber"": ""105/086"", ""evShare"": 0.04984924420178371, ""priceUsed"": 231.42, ""rarityKey"": ""illustration rare""}, {""cardName"": ""Zekrom ex"", ""cardNumber"": ""166/086"", ""evShare"": 0.047697151341036435, ""priceUsed"": 287.77, ""rarityKey"": ""special illustration rare""}, {""cardName"": ""Haxorus"", ""cardNumber"": ""147/086"", ""evShare"": 0.015572988327768364, ""priceUsed"": 73.36, ""rarityKey"": ""illustration rare""}], ""depth"": 5}",4.525659470000001,1.7999999999999998,20.75,9.879084751478718,2.1829050146096645,2.725659470000001,0.3977320900814483,0.1516530871466562,0.41618911287640464,0.5899734784950577,"{""cv"": {""absolute"": -2.446104724433738, ""relative"": -0.5284293752510515}, ""ev"": {""absolute"": -1.555881079999999, ""relative"": -0.25583666954255513}, ""gap"": {""absolute"": -1.555881079999999, ""relative"": -0.3633928166346571}, ""p50"": {""absolute"": 0.0, ""relative"": 0.0}, ""p95"": {""absolute"": -0.6900000000000013, ""relative"": -0.03218283582089558}, ""std_dev"": {""absolute"": -18.27242568285865, ""relative"": -0.6490744333409245}, ""top1"": {""absolute"": -0.1764172979139187, ""relative"": -0.537742222240953}, ""top10"": {""absolute"": -0.09664019211509733, ""relative"": -0.14074900668554796}, ""top5"": {""absolute"": -0.1340805289169072, ""relative"": -0.24366332200326893}, ""typical_capture"": {""absolute"": 0.10175445329663724, ""relative"": 0.343791018814767}}",tier_b_paired,2026-08-23T16:51:01.150241+00:00
48c725d9-21dd-4264-8f69-13043e89ff51,ev_representativeness_v1,winsorize_top:0.0100,winsorization,"{""quantile"": 0.01}",4.6636672,1.7999999999999998,21.44,9.007350184390756,1.931387853831156,2.8636672,0.38596236026447167,0.12378670587815528,0.4135401835705601,0.5913362621586721,"{""cv"": {""absolute"": -2.6976218852122464, ""relative"": -0.5827643572358777}, ""ev"": {""absolute"": -1.4178733499999998, ""relative"": -0.23314377966286845}, ""gap"": {""absolute"": -1.4178733499999998, ""relative"": -0.3311596219729835}, ""p50"": {""absolute"": 0.0, ""relative"": 0.0}, ""p95"": {""absolute"": 0.0, ""relative"": 0.0}, ""std_dev"": {""absolute"": -19.144160249946612, ""relative"": -0.6800402519999715}, ""top1"": {""absolute"": -0.20428367918241963, ""relative"": -0.6226824745083306}, ""top10"": {""absolute"": -0.09527740845148291, ""relative"": -0.1387642170987001}, ""top5"": {""absolute"": -0.13672945822275173, ""relative"": -0.24847719706497823}, ""typical_capture"": {""absolute"": 0.08998472347966063, ""relative"": 0.30402541373449626}}",tier_b_paired,2026-08-23T16:51:01.150241+00:00
687b238f-44ef-427f-aa01-c47d24497a04,ev_representativeness_v1,price_shock:top1:-0.10,price_shock,"{""cards"": [{""cardName"": ""Mega Gengar ex"", ""cardNumber"": ""284/217"", ""rarityKey"": ""special illustration rare""}], ""depth"": 1, ""factor"": -0.1}",8.989183964000002,3.2600000000000002,11.540000000000001,58.51589812430852,6.50958956437578,5.729183964000002,0.3626580580679725,0.44095793565628266,0.5926816444447616,0.6477277545234583,"{""cv"": {""absolute"": -0.13197142755792513, ""relative"": -0.019870543644514713}, ""ev"": {""absolute"": -0.08271999599999802, ""relative"": -0.009118261873662738}, ""gap"": {""absolute"": -0.08271999599999802, ""relative"": -0.014232856662689591}, ""p50"": {""absolute"": 0.0, ""relative"": 0.0}, ""p95"": {""absolute"": 0.0, ""relative"": 0.0}, ""std_dev"": {""absolute"": -1.7357053389963895, ""relative"": -0.028807620697654756}, ""top1"": {""absolute"": -0.005097491941079224, ""relative"": -0.011427933897220832}, ""top10"": {""absolute"": -0.0032121105850785314, ""relative"": -0.004934573464083274}, ""top5"": {""absolute"": -0.003714035431902407, ""relative"": -0.006227468704452182}, ""typical_capture"": {""absolute"": 0.0033068111440577863, ""relative"": 0.009202169666487719}}",tier_b_paired,2026-08-23T16:49:49.093414+00:00
687b238f-44ef-427f-aa01-c47d24497a04,ev_representativeness_v1,price_shock:top1:-0.25,price_shock,"{""cards"": [{""cardName"": ""Mega Gengar ex"", ""cardNumber"": ""284/217"", ""rarityKey"": ""special illustration rare""}], ""depth"": 1, ""factor"": -0.25}",8.86510397,3.2600000000000002,11.540000000000001,56.102326989787066,6.328445462076974,5.60510397,0.3677339838350481,0.4331333307532545,0.5869806330088646,0.6427971932742035,"{""cv"": {""absolute"": -0.31311552985673075, ""relative"": -0.04714487004440902}, ""ev"": {""absolute"": -0.20679999000000038, ""relative"": -0.022795654684157434}, ""gap"": {""absolute"": -0.20679999000000038, ""relative"": -0.035582141656724894}, ""p50"": {""absolute"": 0.0, ""relative"": 0.0}, ""p95"": {""absolute"": 0.0, ""relative"": 0.0}, ""std_dev"": {""absolute"": -4.149276473517844, ""relative"": -0.06886582655090469}, ""top1"": {""absolute"": -0.012922096844107389, ""relative"": -0.028969711037283238}, ""top10"": {""absolute"": -0.00814267183433337, ""relative"": -0.01250909995038585}, ""top5"": {""absolute"": -0.00941504686779937, ""relative"": -0.01578657791375421}, ""typical_capture"": {""absolute"": 0.008382736911133337, ""relative"": 0.023327418460045612}}",tier_b_paired,2026-08-23T16:49:49.093414+00:00
687b238f-44ef-427f-aa01-c47d24497a04,ev_representativeness_v1,price_shock:top1:-0.50,price_shock,"{""cards"": [{""cardName"": ""Mega Gengar ex"", ""cardNumber"": ""284/217"", ""rarityKey"": ""special illustration rare""}], ""depth"": 1, ""factor"": -0.5}",8.658303980000001,3.2600000000000002,11.540000000000001,52.6619654182363,6.082249542159906,5.3983039800000014,0.37651715711649103,0.4195939560902318,0.5771158371826995,0.634265552778617,"{""cv"": {""absolute"": -0.5593114497737988, ""relative"": -0.0842138543112218}, ""ev"": {""absolute"": -0.413599979999999, ""relative"": -0.045591309368314674}, ""gap"": {""absolute"": -0.413599979999999, ""relative"": -0.07116428331344948}, ""p50"": {""absolute"": 0.0, ""relative"": 0.0}, ""p95"": {""absolute"": 0.0, ""relative"": 0.0}, ""std_dev"": {""absolute"": -7.589638045068611, ""relative"": -0.12596574379453546}, ""top1"": {""absolute"": -0.026461471507130074, ""relative"": -0.05932328107666451}, ""top10"": {""absolute"": -0.016674312329919894, ""relative"": -0.025615749201563558}, ""top5"": {""absolute"": -0.019279842693964433, ""relative"": -0.03232726752472712}, ""typical_capture"": {""absolute"": 0.017165910192576295, ""relative"": 0.04776916829847769}}",tier_b_paired,2026-08-23T16:49:49.093414+00:00
687b238f-44ef-427f-aa01-c47d24497a04,ev_representativeness_v1,price_shock:top5:-0.10,price_shock,"{""cards"": [{""cardName"": ""Mega Gengar ex"", ""cardNumber"": ""284/217"", ""rarityKey"": ""special illustration rare""}, {""cardName"": ""Pikachu ex"", ""cardNumber"": ""276/217"", ""rarityKey"": ""special illustration rare""}, {""cardName"": ""Mega Dragonite ex"", ""cardNumber"": ""290/217"", ""rarityKey"": ""special illustration rare""}, {""cardName"": ""Mega Charizard Y ex"", ""cardNumber"": ""294/217"", ""rarityKey"": ""mega hyper rare""}, {""cardName"": ""Mega Gengar ex"", ""cardNumber"": ""269/217"", ""rarityKey"": ""mega attack rare""}], ""depth"": 5, ""factor"": -0.1}",8.789980778999999,3.2600000000000002,11.540000000000001,55.623569038668144,6.328064922685328,5.529980778999999,0.3708768064417631,0.4313098957005125,0.5834507808313375,0.6397443749177053,"{""cv"": {""absolute"": -0.3134960692483775, ""relative"": -0.04720216672392591}, ""ev"": {""absolute"": -0.2819231810000016, ""relative"": -0.031076517370891742}, ""gap"": {""absolute"": -0.2819231810000016, ""relative"": -0.04850788707802418}, ""p50"": {""absolute"": 0.0, ""relative"": 0.0}, ""p95"": {""absolute"": 0.0, ""relative"": 0.0}, ""std_dev"": {""absolute"": -4.628034424636766, ""relative"": -0.07681180514067783}, ""top1"": {""absolute"": -0.014745531896849406, ""relative"": -0.03305762240418172}, ""top10"": {""absolute"": -0.011195490190831547, ""relative"": -0.017198962286577465}, ""top5"": {""absolute"": -0.012944899045326475, ""relative"": -0.021705219340293527}, ""typical_capture"": {""absolute"": 0.011525559517848338, ""relative"": 0.03207324203410553}}",tier_b_paired,2026-08-23T16:49:49.093414+00:00
687b238f-44ef-427f-aa01-c47d24497a04,ev_representativeness_v1,price_shock:top5:-0.25,price_shock,"{""cards"": [{""cardName"": ""Mega Gengar ex"", ""cardNumber"": ""284/217"", ""rarityKey"": ""special illustration rare""}, {""cardName"": ""Pikachu ex"", ""cardNumber"": ""276/217"", ""rarityKey"": ""special illustration rare""}, {""cardName"": ""Mega Dragonite ex"", ""cardNumber"": ""290/217"", ""rarityKey"": ""special illustration rare""}, {""cardName"": ""Mega Charizard Y ex"", ""cardNumber"": ""294/217"", ""rarityKey"": ""mega hyper rare""}, {""cardName"": ""Mega Gengar ex"", ""cardNumber"": ""269/217"", ""rarityKey"": ""mega attack rare""}], ""depth"": 5, ""factor"": -0.25}",8.3670960075,3.2600000000000002,11.540000000000001,48.824549423307495,5.835304074381686,5.107096007500001,0.38962144059036,0.4073371088899867,0.5623977988637894,0.6215365501768447,"{""cv"": {""absolute"": -0.8062569175520187, ""relative"": -0.12139569576056475}, ""ev"": {""absolute"": -0.7048079524999995, ""relative"": -0.07769129342722886}, ""gap"": {""absolute"": -0.7048079524999995, ""relative"": -0.12126971769505969}, ""p50"": {""absolute"": 0.0, ""relative"": 0.0}, ""p95"": {""absolute"": 0.0, ""relative"": 0.0}, ""std_dev"": {""absolute"": -11.427054039997415, ""relative"": -0.189655600567657}, ""top1"": {""absolute"": -0.03871831870737519, ""relative"": -0.08680158633183321}, ""top10"": {""absolute"": -0.029403314931692126, ""relative"": -0.04517055492797243}, ""top5"": {""absolute"": -0.0339978810128746, ""relative"": -0.057005578947026306}, ""typical_capture"": {""absolute"": 0.03027019366644529, ""relative"": 0.084235671715519}}",tier_b_paired,2026-08-23T16:49:49.093414+00:00
687b238f-44ef-427f-aa01-c47d24497a04,ev_representativeness_v1,price_shock:top5:-0.50,price_shock,"{""cards"": [{""cardName"": ""Mega Gengar ex"", ""cardNumber"": ""284/217"", ""rarityKey"": ""special illustration rare""}, {""cardName"": ""Pikachu ex"", ""cardNumber"": ""276/217"", ""rarityKey"": ""special illustration rare""}, {""cardName"": ""Mega Dragonite ex"", ""cardNumber"": ""290/217"", ""rarityKey"": ""special illustration rare""}, {""cardName"": ""Mega Charizard Y ex"", ""cardNumber"": ""294/217"", ""rarityKey"": ""mega hyper rare""}, {""cardName"": ""Mega Gengar ex"", ""cardNumber"": ""269/217"", ""rarityKey"": ""mega attack rare""}], ""depth"": 5, ""factor"": -0.5}",7.662288054999999,3.2600000000000002,11.540000000000001,38.100388650812725,4.972455796144397,4.402288055,0.4254603816248723,0.36150216294628723,0.5221453952503486,0.5867239658350328,"{""cv"": {""absolute"": -1.6691051957893084, ""relative"": -0.25131218365930336}, ""ev"": {""absolute"": -1.4096159050000008, ""relative"": -0.1553825868544579}, ""gap"": {""absolute"": -1.4096159050000008, ""relative"": -0.24253943539011968}, ""p50"": {""absolute"": 0.0, ""relative"": 0.0}, ""p95"": {""absolute"": 0.0, ""relative"": 0.0}, ""std_dev"": {""absolute"": -22.151214812492185, ""relative"": -0.3676452333087361}, ""top1"": {""absolute"": -0.08455326465107466, ""relative"": -0.18955775318442675}, ""top10"": {""absolute"": -0.06421589927350402, ""relative"": -0.09865104707144759}, ""top5"": {""absolute"": -0.07425028462631533, ""relative"": -0.12449836095672334}, ""typical_capture"": {""absolute"": 0.06610913470095758, ""relative"": 0.18396801254165354}}",tier_b_paired,2026-08-23T16:49:49.093414+00:00
687b238f-44ef-427f-aa01-c47d24497a04,ev_representativeness_v1,rarity_ablation:common,rarity_ablation,"{""rarityKey"": ""common""}",7.75294657,1.82,10.5,60.29566633786565,7.777129094527688,5.9329465699999995,0.23474945732793823,0.5207563657955147,0.6912078784002249,0.74806377647976,"{""cv"": {""absolute"": 1.1355681025939832, ""relative"": 0.1709790972292735}, ""ev"": {""absolute"": -1.3189573900000005, ""relative"": -0.14538925850797924}, ""gap"": {""absolute"": 0.12104260999999905, ""relative"": 0.020826670714634288}, ""p50"": {""absolute"": -1.4400000000000002, ""relative"": -0.44171779141104295}, ""p95"": {""absolute"": -1.040000000000001, ""relative"": -0.09012131715771238}, ""std_dev"": {""absolute"": 0.044062874560736986, ""relative"": 0.0007313145547665406}, ""top1"": {""absolute"": 0.07470093819815277, ""relative"": 0.1674700801210351}, ""top10"": {""absolute"": 0.09712391137122312, ""relative"": 0.1492056587362779}, ""top5"": {""absolute"": 0.09481219852356093, ""relative"": 0.15897532749259405}, ""typical_capture"": {""absolute"": -0.12460178959597651, ""relative"": -0.3467409412450387}}",tier_b_paired,2026-08-23T16:49:49.093414+00:00
687b238f-44ef-427f-aa01-c47d24497a04,ev_representativeness_v1,rarity_ablation:double rare,rarity_ablation,"{""rarityKey"": ""double rare""}",8.81817915,3.03,11.14,60.25595458666641,6.833151556766275,5.788179150000001,0.34360835139077434,0.45863407413309354,0.6122254853486391,0.6666153578882551,"{""cv"": {""absolute"": 0.19159056483256975, ""relative"": 0.028847219059684903}, ""ev"": {""absolute"": -0.2537248099999996, ""relative"": -0.027968198419948836}, ""gap"": {""absolute"": -0.023724809999999152, ""relative"": -0.0040821063395547145}, ""p50"": {""absolute"": -0.23000000000000043, ""relative"": -0.07055214723926392}, ""p95"": {""absolute"": -0.40000000000000036, ""relative"": -0.034662045060658606}, ""std_dev"": {""absolute"": 0.004351123361502118, ""relative"": 7.22158932110759e-05}, ""top1"": {""absolute"": 0.012578646535731652, ""relative"": 0.028199738771222716}, ""top10"": {""absolute"": 0.015675492779718248, ""relative"": 0.024081322438447576}, ""top5"": {""absolute"": 0.0158298054719751, ""relative"": 0.02654245496085542}, ""typical_capture"": {""absolute"": -0.0157428955331404, ""relative"": -0.043809213597841325}}",tier_b_paired,2026-08-23T16:49:49.093414+00:00
687b238f-44ef-427f-aa01-c47d24497a04,ev_representativeness_v1,rarity_ablation:illustration rare,rarity_ablation,"{""rarityKey"": ""illustration rare""}",8.12649697,2.9699999999999998,9.11,60.14127084247955,7.40063905327212,5.15649697,0.3654711262385421,0.4964229451992277,0.6234539333126706,0.6677304021685988,"{""cv"": {""absolute"": 0.7590780613384149, ""relative"": 0.1142921163052374}, ""ev"": {""absolute"": -0.9454069900000004, ""relative"": -0.10421263211873777}, ""gap"": {""absolute"": -0.6554069900000004, ""relative"": -0.11276975574799421}, ""p50"": {""absolute"": -0.2900000000000005, ""relative"": -0.08895705521472407}, ""p95"": {""absolute"": -2.4300000000000015, ""relative"": -0.21057192374350098}, ""std_dev"": {""absolute"": -0.11033262082536055, ""relative"": -0.0018311980840901027}, ""top1"": {""absolute"": 0.05036751760186581, ""relative"": 0.11291762073867363}, ""top10"": {""absolute"": 0.01679053706006195, ""relative"": 0.025794298306284127}, ""top5"": {""absolute"": 0.027058253436006652, ""relative"": 0.04536963353189004}, ""typical_capture"": {""absolute"": 0.0061198793146273744, ""relative"": 0.017030355027328272}}",tier_b_paired,2026-08-23T16:49:49.093414+00:00
687b238f-44ef-427f-aa01-c47d24497a04,ev_representativeness_v1,rarity_ablation:mega attack rare,rarity_ablation,"{""rarityKey"": ""mega attack rare""}",8.420966640000001,3.18,10.14,59.2985856771762,7.041778956290485,5.240966640000002,0.3776288561570646,0.47669781054969235,0.5901427582427757,0.6434495280223553,"{""cv"": {""absolute"": 0.4002179643567798, ""relative"": 0.06025962342931906}, ""ev"": {""absolute"": -0.6509373199999988, ""relative"": -0.07175310969672113}, ""gap"": {""absolute"": -0.5709373199999987, ""relative"": -0.0982358490314762}, ""p50"": {""absolute"": -0.08000000000000007, ""relative"": -0.02453987730061352}, ""p95"": {""absolute"": -1.4000000000000004, ""relative"": -0.12131715771230504}, ""std_dev"": {""absolute"": -0.9530177861287115, ""relative"": -0.015817301637609176}, ""top1"": {""absolute"": 0.03064238295233046, ""relative"": 0.06869635712624986}, ""top10"": {""absolute"": -0.00749033708618152, ""relative"": -0.011506957074955904}, ""top5"": {""absolute"": -0.006252921633888242, ""relative"": -0.010484518659124696}, ""typical_capture"": {""absolute"": 0.01827760923314986, ""relative"": 0.05086279619065791}}",tier_b_paired,2026-08-23T16:49:49.093414+00:00
687b238f-44ef-427f-aa01-c47d24497a04,ev_representativeness_v1,rarity_ablation:mega hyper rare,rarity_ablation,"{""rarityKey"": ""mega hyper rare""}",8.47787125,3.26,11.27,58.60138583944174,6.912275984309356,5.21787125,0.38453049166086356,0.4231895571662521,0.5701289330148769,0.6279290216869006,"{""cv"": {""absolute"": 0.2707149923756509, ""relative"": 0.040760747767646655}, ""ev"": {""absolute"": -0.5940327100000005, ""relative"": -0.06548048927978295}, ""gap"": {""absolute"": -0.5940327100000005, ""relative"": -0.10220965695379461}, ""p50"": {""absolute"": -4.440892098500626e-16, ""relative"": -1.362236840030867e-16}, ""p95"": {""absolute"": -0.27000000000000135, ""relative"": -0.023396880415944656}, ""std_dev"": {""absolute"": -1.6502176238631705, ""relative"": -0.027388775219371615}, ""top1"": {""absolute"": -0.02286587043110977, ""relative"": -0.05126239703947726}, ""top10"": {""absolute"": -0.023010843421636284, ""relative"": -0.035350183104547586}, ""top5"": {""absolute"": -0.026266746861787094, ""relative"": -0.0440424834519578}, ""typical_capture"": {""absolute"": 0.025179244736948825, ""relative"": 0.07006861657636049}}",tier_b_paired,2026-08-23T16:49:49.093414+00:00
687b238f-44ef-427f-aa01-c47d24497a04,ev_representativeness_v1,rarity_ablation:rare,rarity_ablation,"{""rarityKey"": ""rare""}",8.58942555,2.79,11.030000000000001,60.268068704579434,7.016542416457575,5.79942555,0.3248179967052628,0.47074277278065474,0.6276187165974099,0.6818142559021309,"{""cv"": {""absolute"": 0.3749814245238703, ""relative"": 0.05645983300903085}, ""ev"": {""absolute"": -0.4824784100000006, ""relative"": -0.05318380927833374}, ""gap"": {""absolute"": -0.012478410000000828, ""relative"": -0.002147043393332471}, ""p50"": {""absolute"": -0.4700000000000002, ""relative"": -0.14417177914110435}, ""p95"": {""absolute"": -0.5099999999999998, ""relative"": -0.04419410745233967}, ""std_dev"": {""absolute"": 0.01646524127452409, ""relative"": 0.00027327474005819496}, ""top1"": {""absolute"": 0.024687345183292853, ""relative"": 0.05534591365980917}, ""top10"": {""absolute"": 0.030874390793593998, ""relative"": 0.04743048083012406}, ""top5"": {""absolute"": 0.03122303672074589, ""relative"": 0.05235288881905195}, ""typical_capture"": {""absolute"": -0.034533250218651945, ""relative"": -0.09609887405222682}}",tier_b_paired,2026-08-23T16:49:49.093414+00:00
687b238f-44ef-427f-aa01-c47d24497a04,ev_representativeness_v1,rarity_ablation:special illustration rare,rarity_ablation,"{""rarityKey"": ""special illustration rare""}",5.41621045,3.2199999999999998,10.33,15.777514108509324,2.913017183168967,2.1962104500000006,0.5945116109733143,0.21068439465826147,0.34473582170353073,0.4305446956921698,"{""cv"": {""absolute"": -3.728543808764738, ""relative"": -0.5613957040058988}, ""ev"": {""absolute"": -3.65569351, ""relative"": -0.40296871815649155}, ""gap"": {""absolute"": -3.61569351, ""relative"": -0.6221185922693739}, ""p50"": {""absolute"": -0.04000000000000048, ""relative"": -0.012269938650306894}, ""p95"": {""absolute"": -1.2100000000000009, ""relative"": -0.10485268630849226}, ""std_dev"": {""absolute"": -44.47408935479559, ""relative"": -0.7381395149405722}, ""top1"": {""absolute"": -0.23537103293910042, ""relative"": -0.5276721644368406}, ""top10"": {""absolute"": -0.22039516941636705, ""relative"": -0.33857992301580525}, ""top5"": {""absolute"": -0.25165985817313324, ""relative"": -0.42196794286836065}, ""typical_capture"": {""absolute"": 0.23516036404939955, ""relative"": 0.6544025269493219}}",tier_b_paired,2026-08-23T16:49:49.093414+00:00
687b238f-44ef-427f-aa01-c47d24497a04,ev_representativeness_v1,rarity_ablation:ultra rare,rarity_ablation,"{""rarityKey"": ""ultra rare""}",8.98274478,3.19,11.38,60.25491689508817,6.707851371803994,5.792744780000001,0.35512530725603,0.45042606342423547,0.6018814396283003,0.6564071477493318,"{""cv"": {""absolute"": 0.06629037987028852, ""relative"": 0.00998114448558093}, ""ev"": {""absolute"": -0.08915917999999934, ""relative"": -0.009828055983961203}, ""gap"": {""absolute"": -0.019159179999999054, ""relative"": -0.0032965410529597005}, ""p50"": {""absolute"": -0.07000000000000028, ""relative"": -0.021472392638036894}, ""p95"": {""absolute"": -0.16000000000000014, ""relative"": -0.013864818024263443}, ""std_dev"": {""absolute"": 0.003313431783261933, ""relative"": 5.4993254831465446e-05}, ""top1"": {""absolute"": 0.004370635826873581, ""relative"": 0.009798414180084355}, ""top10"": {""absolute"": 0.00546728264079499, ""relative"": 0.008399059473617248}, ""top5"": {""absolute"": 0.005485759751636343, ""relative"": 0.009198188277907733}, ""typical_capture"": {""absolute"": -0.004225939667884759, ""relative"": -0.01175991374472541}}",tier_b_paired,2026-08-23T16:49:49.093414+00:00
687b238f-44ef-427f-aa01-c47d24497a04,ev_representativeness_v1,rarity_ablation:uncommon,rarity_ablation,"{""rarityKey"": ""uncommon""}",7.99039032,2.16,10.54,60.28744259385573,7.544993445809006,5.83039032,0.2703247167530109,0.5055004184075955,0.6717473521368605,0.7280421815488987,"{""cv"": {""absolute"": 0.9034324538753014, ""relative"": 0.13602712599832123}, ""ev"": {""absolute"": -1.0815136399999998, ""relative"": -0.1192157285580435}, ""gap"": {""absolute"": 0.018486359999999813, ""relative"": 0.003180775203312171}, ""p50"": {""absolute"": -1.1, ""relative"": -0.3374233128834356}, ""p95"": {""absolute"": -1.0000000000000018, ""relative"": -0.08665511265164659}, ""std_dev"": {""absolute"": 0.03583913055081922, ""relative"": 0.0005948245107310109}, ""top1"": {""absolute"": 0.05944499081023363, ""relative"": 0.13326817057339446}, ""top10"": {""absolute"": 0.0771023164403618, ""relative"": 0.11844767938357235}, ""top5"": {""absolute"": 0.07535167226019657, ""relative"": 0.12634510074885094}, ""typical_capture"": {""absolute"": -0.08902653017090384, ""relative"": -0.2477423716572031}}",tier_b_paired,2026-08-23T16:49:49.093414+00:00
687b238f-44ef-427f-aa01-c47d24497a04,ev_representativeness_v1,top_card_ablation:1,top_card_ablation,"{""cards"": [{""cardName"": ""Mega Gengar ex"", ""cardNumber"": ""284/217"", ""evShare"": 0.09118261873662957, ""priceUsed"": 1051.08, ""rarityKey"": ""special illustration rare""}], ""depth"": 1}",8.244704,3.26,11.44,48.48395632181004,5.880618190999948,4.984704000000001,0.39540534141674455,0.3959286822183064,0.5565736271429514,0.616391866827481,"{""cv"": {""absolute"": -0.7609428009337567, ""relative"": -0.1145728845760711}, ""ev"": {""absolute"": -0.8271999599999997, ""relative"": -0.09118261873662954}, ""gap"": {""absolute"": -0.8271999599999997, ""relative"": -0.14232856662689927}, ""p50"": {""absolute"": -4.440892098500626e-16, ""relative"": -1.362236840030867e-16}, ""p95"": {""absolute"": -0.10000000000000142, ""relative"": -0.008665511265164768}, ""std_dev"": {""absolute"": -11.76764714149487, ""relative"": -0.1953084476608449}, ""top1"": {""absolute"": -0.05012674537905548, ""relative"": -0.11237783978789086}, ""top10"": {""absolute"": -0.034547998281055814, ""relative"": -0.05307402439593299}, ""top5"": {""absolute"": -0.03982205273371253, ""relative"": -0.0667711958308414}, ""typical_capture"": {""absolute"": 0.036054094492829813, ""relative"": 0.10033106828334877}}",tier_b_paired,2026-08-23T16:49:49.093414+00:00
687b238f-44ef-427f-aa01-c47d24497a04,ev_representativeness_v1,top_card_ablation:10,top_card_ablation,"{""cards"": [{""cardName"": ""Mega Gengar ex"", ""cardNumber"": ""284/217"", ""evShare"": 0.09118261873662957, ""priceUsed"": 1051.08, ""rarityKey"": ""special illustration rare""}, {""cardName"": ""Pikachu ex"", ""cardNumber"": ""276/217"", ""evShare"": 0.09041866554328028, ""priceUsed"": 1001.55, ""rarityKey"": ""special illustration rare""}, {""cardName"": ""Mega Dragonite ex"", ""cardNumber"": ""290/217"", ""evShare"": 0.05789706794911881, ""priceUsed"": 668.24, ""rarityKey"": ""special illustration rare""}, {""cardName"": ""Mega Charizard Y ex"", ""cardNumber"": ""294/217"", ""evShare"": 0.040391450528539326, ""priceUsed"": 405.34, ""rarityKey"": ""mega hyper rare""}, {""cardName"": ""Mega Gengar ex"", ""cardNumber"": ""269/217"", ""evShare"": 0.030875370951347684, ""priceUsed"": 55.52, ""rarityKey"": ""mega attack rare""}, {""cardName"": ""Pikachu ex"", ""cardNumber"": ""277/217"", ""evShare"": 0.03059802674542423, ""priceUsed"": 364.76, ""rarityKey"": ""special illustration rare""}, {""cardName"": ""Team Rocket's Mewtwo ex"", ""cardNumber"": ""281/217"", ""evShare"": 0.026979258276892074, ""priceUsed"": 323.32, ""rarityKey"": ""special illustration rare""}, {""cardName"": ""Psyduck"", ""cardNumber"": ""226/217"", ""evShare"": 0.02585067379835886, ""priceUsed"": 73.77, ""rarityKey"": ""illustration rare""}, {""cardName"": ""Mega Dragonite ex"", ""cardNumber"": ""295/217"", ""evShare"": 0.02508903875124357, ""priceUsed"": 243.95, ""rarityKey"": ""mega hyper rare""}, {""cardName"": ""Mega Dragonite ex"", ""cardNumber"": ""271/217"", ""evShare"": 0.02335940073157477, ""priceUsed"": 40.38, ""rarityKey"": ""mega attack rare""}], ""depth"": 10}",5.05630213,3.2100000000000004,10.120000000000001,12.853945200531138,2.5421631995181304,1.8463021299999993,0.6348513038717488,0.19156290409410323,0.3030494540483482,0.3933534545333825,"{""cv"": {""absolute"": -4.099397792415575, ""relative"": -0.6172340805714751}, ""ev"": {""absolute"": -4.0156018300000005, ""relative"": -0.4426415720124092}, ""gap"": {""absolute"": -3.965601830000001, ""relative"": -0.6823240468687994}, ""p50"": {""absolute"": -0.04999999999999982, ""relative"": -0.01533742331288338}, ""p95"": {""absolute"": -1.42, ""relative"": -0.12305025996533794}, ""std_dev"": {""absolute"": -47.397658262773774, ""relative"": -0.7866621888600925}, ""top1"": {""absolute"": -0.2544925235032587, ""relative"": -0.5705401341579008}, ""top10"": {""absolute"": -0.25758641057515436, ""relative"": -0.39571460342531756}, ""top5"": {""absolute"": -0.29334622582831577, ""relative"": -0.49186510856178645}, ""typical_capture"": {""absolute"": 0.2755000569478341, ""relative"": 0.7666595268727857}}",tier_b_paired,2026-08-23T16:49:49.093414+00:00
687b238f-44ef-427f-aa01-c47d24497a04,ev_representativeness_v1,top_card_ablation:5,top_card_ablation,"{""cards"": [{""cardName"": ""Mega Gengar ex"", ""cardNumber"": ""284/217"", ""evShare"": 0.09118261873662957, ""priceUsed"": 1051.08, ""rarityKey"": ""special illustration rare""}, {""cardName"": ""Pikachu ex"", ""cardNumber"": ""276/217"", ""evShare"": 0.09041866554328028, ""priceUsed"": 1001.55, ""rarityKey"": ""special illustration rare""}, {""cardName"": ""Mega Dragonite ex"", ""cardNumber"": ""290/217"", ""evShare"": 0.05789706794911881, ""priceUsed"": 668.24, ""rarityKey"": ""special illustration rare""}, {""cardName"": ""Mega Charizard Y ex"", ""cardNumber"": ""294/217"", ""evShare"": 0.040391450528539326, ""priceUsed"": 405.34, ""rarityKey"": ""mega hyper rare""}, {""cardName"": ""Mega Gengar ex"", ""cardNumber"": ""269/217"", ""evShare"": 0.030875370951347684, ""priceUsed"": 55.52, ""rarityKey"": ""mega attack rare""}], ""depth"": 5}",6.25267215,3.24,10.71,23.01981408795289,3.6815962097025814,3.01267215,0.5181784559102464,0.2701757279885528,0.4241248615601891,0.5004381542697709,"{""cv"": {""absolute"": -2.9599647822311237, ""relative"": -0.44567305575090765}, ""ev"": {""absolute"": -2.81923181, ""relative"": -0.31076517370891565}, ""gap"": {""absolute"": -2.79923181, ""relative"": -0.4816376576876539}, ""p50"": {""absolute"": -0.020000000000000018, ""relative"": -0.00613496932515338}, ""p95"": {""absolute"": -0.8300000000000001, ""relative"": -0.07192374350086655}, ""std_dev"": {""absolute"": -37.23178937535202, ""relative"": -0.6179385648720093}, ""top1"": {""absolute"": -0.17587969960880906, ""relative"": -0.394300099779459}, ""top10"": {""absolute"": -0.15050171083876596, ""relative"": -0.23120678100375908}, ""top5"": {""absolute"": -0.1722708183164749, ""relative"": -0.28885322970833877}, ""typical_capture"": {""absolute"": 0.15882720898633162, ""relative"": 0.4419831859382974}}",tier_b_paired,2026-08-23T16:49:49.093414+00:00
687b238f-44ef-427f-aa01-c47d24497a04,ev_representativeness_v1,winsorize_top:0.0100,winsorization,"{""quantile"": 0.01}",5.789031960000001,3.2600000000000002,11.540000000000001,10.36061621939055,1.789697533366278,2.5290319600000006,0.563133874976914,0.1319218835337022,0.3675178068977183,0.45299317020871993,"{""cv"": {""absolute"": -4.851863458567427, ""relative"": -0.7305305882849081}, ""ev"": {""absolute"": -3.2828719999999993, ""relative"": -0.36187243763546184}, ""gap"": {""absolute"": -3.282872, ""relative"": -0.5648531053840744}, ""p50"": {""absolute"": 0.0, ""relative"": 0.0}, ""p95"": {""absolute"": 0.0, ""relative"": 0.0}, ""std_dev"": {""absolute"": -49.89098724391436, ""relative"": -0.8280441411704422}, ""top1"": {""absolute"": -0.3141335440636597, ""relative"": -0.7042477787025533}, ""top10"": {""absolute"": -0.19794669489981692, ""relative"": -0.3040936736403624}, ""top5"": {""absolute"": -0.22887787297894568, ""relative"": -0.3837684958185448}, ""typical_capture"": {""absolute"": 0.2037826280529993, ""relative"": 0.5670847946052796}}",tier_b_paired,2026-08-23T16:49:49.093414+00:00
993f324e-2189-472f-9149-02dfd800b200,ev_representativeness_v1,price_shock:top1:-0.10,price_shock,"{""cards"": [{""cardName"": ""Mew ex"", ""cardNumber"": ""232/091"", ""rarityKey"": ""special illustration rare""}], ""depth"": 1, ""factor"": -0.1}",7.379103568,1.76,16.759999999999998,44.55440338718455,6.037915442791432,5.619103568,0.23851135626180442,0.4288736726401235,0.5928011482274943,0.67744178434873,"{""cv"": {""absolute"": -0.39219384718347694, ""relative"": -0.060993340781149825}, ""ev"": {""absolute"": -0.20946094199999976, ""relative"": -0.02760218243173369}, ""gap"": {""absolute"": -0.20946094199999976, ""relative"": -0.035936968981063876}, ""p50"": {""absolute"": 0.0, ""relative"": 0.0}, ""p95"": {""absolute"": 0.0, ""relative"": 0.0}, ""std_dev"": {""absolute"": -4.240895766140341, ""relative"": -0.08691197389352141}, ""top1"": {""absolute"": -0.015764333079353376, ""relative"": -0.03545430862088548}, ""top10"": {""absolute"": -0.008903310713260892, ""relative"": -0.012972061397855174}, ""top5"": {""absolute"": -0.01123957699261724, ""relative"": -0.018607316565487458}, ""typical_capture"": {""absolute"": 0.0065834339675785725, ""relative"": 0.02838568940925866}}",tier_b_paired,2026-08-23T16:56:55.030481+00:00
993f324e-2189-472f-9149-02dfd800b200,ev_representativeness_v1,price_shock:top1:-0.25,price_shock,"{""cards"": [{""cardName"": ""Mew ex"", ""cardNumber"": ""232/091"", ""rarityKey"": ""special illustration rare""}], ""depth"": 1, ""factor"": -0.25}",7.064912154999999,1.76,16.759999999999998,38.33482888184266,5.426087124765201,5.304912154999999,0.2491184548918146,0.403474490901154,0.574692164024508,0.663096946178519,"{""cv"": {""absolute"": -1.004022165209708, ""relative"": -0.15614387251163284}, ""ev"": {""absolute"": -0.5236523550000003, ""relative"": -0.06900545607933434}, ""gap"": {""absolute"": -0.5236523550000003, ""relative"": -0.08984242245265985}, ""p50"": {""absolute"": 0.0, ""relative"": 0.0}, ""p95"": {""absolute"": 0.0, ""relative"": 0.0}, ""std_dev"": {""absolute"": -10.46047027148223, ""relative"": -0.21437454945430862}, ""top1"": {""absolute"": -0.041163514818322866, ""relative"": -0.09257758960958687}, ""top10"": {""absolute"": -0.02324814888347193, ""relative"": -0.033872390217011966}, ""top5"": {""absolute"": -0.029348561195603584, ""relative"": -0.04858705708114136}, ""typical_capture"": {""absolute"": 0.017190532597588765, ""relative"": 0.07412015089662512}}",tier_b_paired,2026-08-23T16:56:55.030481+00:00
993f324e-2189-472f-9149-02dfd800b200,ev_representativeness_v1,price_shock:top1:-0.50,price_shock,"{""cards"": [{""cardName"": ""Mew ex"", ""cardNumber"": ""232/091"", ""rarityKey"": ""special illustration rare""}], ""depth"": 1, ""factor"": -0.5}",6.5412598,1.76,16.759999999999998,28.620207256721677,4.375335658846891,4.7812598,0.26906132057314097,0.3557203889073477,0.5406446782621294,0.6361265944520351,"{""cv"": {""absolute"": -2.0547736311280183, ""relative"": -0.3195550088598939}, ""ev"": {""absolute"": -1.0473047099999997, ""relative"": -0.13801091215866856}, ""gap"": {""absolute"": -1.0473047099999997, ""relative"": -0.17968484490531952}, ""p50"": {""absolute"": 0.0, ""relative"": 0.0}, ""p95"": {""absolute"": 0.0, ""relative"": 0.0}, ""std_dev"": {""absolute"": -20.175091896603213, ""relative"": -0.4134638427609372}, ""top1"": {""absolute"": -0.08891761681212917, ""relative"": -0.19997754503295317}, ""top10"": {""absolute"": -0.05021850060995581, ""relative"": -0.07316800392580944}, ""top5"": {""absolute"": -0.06339604695798218, ""relative"": -0.10495326608132383}, ""typical_capture"": {""absolute"": 0.037133398278915125, ""relative"": 0.16010749336083546}}",tier_b_paired,2026-08-23T16:56:55.030481+00:00
993f324e-2189-472f-9149-02dfd800b200,ev_representativeness_v1,price_shock:top5:-0.10,price_shock,"{""cards"": [{""cardName"": ""Mew ex"", ""cardNumber"": ""232/091"", ""rarityKey"": ""special illustration rare""}, {""cardName"": ""Charizard ex"", ""cardNumber"": ""234/091"", ""rarityKey"": ""special illustration rare""}, {""cardName"": ""Gardevoir ex"", ""cardNumber"": ""233/091"", ""rarityKey"": ""special illustration rare""}, {""cardName"": ""Mew ex"", ""cardNumber"": ""216/091"", ""rarityKey"": ""shiny ultra rare""}, {""cardName"": ""Pikachu"", ""cardNumber"": ""131/091"", ""rarityKey"": ""shiny rare""}], ""depth"": 5, ""factor"": -0.1}",7.237696902,1.76,16.759999999999998,43.99122805639533,6.078069951262976,5.477696902,0.24317127724893503,0.4211151236739093,0.5848454915030096,0.671139795956048,"{""cv"": {""absolute"": -0.3520393387119327, ""relative"": -0.054748577798015376}, ""ev"": {""absolute"": -0.3508676079999997, ""relative"": -0.0462363609794232}, ""gap"": {""absolute"": -0.3508676079999997, ""relative"": -0.06019794537711992}, ""p50"": {""absolute"": 0.0, ""relative"": 0.0}, ""p95"": {""absolute"": 0.0, ""relative"": 0.0}, ""std_dev"": {""absolute"": -4.804071096929562, ""relative"": -0.0984535637712596}, ""top1"": {""absolute"": -0.023522882045567572, ""relative"": -0.05290344447165457}, ""top10"": {""absolute"": -0.015205299105942927, ""relative"": -0.02215401438043289}, ""top5"": {""absolute"": -0.019195233717101967, ""relative"": -0.03177804561125784}, ""typical_capture"": {""absolute"": 0.011243354954709184, ""relative"": 0.04847779794468112}}",tier_b_paired,2026-08-23T16:56:55.030481+00:00
993f324e-2189-472f-9149-02dfd800b200,ev_representativeness_v1,price_shock:top5:-0.25,price_shock,"{""cards"": [{""cardName"": ""Mew ex"", ""cardNumber"": ""232/091"", ""rarityKey"": ""special illustration rare""}, {""cardName"": ""Charizard ex"", ""cardNumber"": ""234/091"", ""rarityKey"": ""special illustration rare""}, {""cardName"": ""Gardevoir ex"", ""cardNumber"": ""233/091"", ""rarityKey"": ""special illustration rare""}, {""cardName"": ""Mew ex"", ""cardNumber"": ""216/091"", ""rarityKey"": ""shiny ultra rare""}, {""cardName"": ""Pikachu"", ""cardNumber"": ""131/091"", ""rarityKey"": ""shiny rare""}], ""depth"": 5, ""factor"": -0.25}",6.71139549,1.76,16.759999999999998,36.80635018907821,5.484157541292237,4.95139549,0.2622405433597834,0.38122259577940626,0.552289459848238,0.6453508836505775,"{""cv"": {""absolute"": -0.9459517486826714, ""relative"": -0.14711285703300428}, ""ev"": {""absolute"": -0.8771690199999993, ""relative"": -0.115590902448558}, ""gap"": {""absolute"": -0.8771690199999993, ""relative"": -0.1504948634427998}, ""p50"": {""absolute"": 0.0, ""relative"": 0.0}, ""p95"": {""absolute"": 0.0, ""relative"": 0.0}, ""std_dev"": {""absolute"": -11.988948964246681, ""relative"": -0.24569885157533172}, ""top1"": {""absolute"": -0.06341540994007061, ""relative"": -0.1426225584055888}, ""top10"": {""absolute"": -0.04099421141141346, ""relative"": -0.05972827912132285}, ""top5"": {""absolute"": -0.05175126537187358, ""relative"": -0.08567512621440465}, ""typical_capture"": {""absolute"": 0.03031262106555757, ""relative"": 0.13069845478589123}}",tier_b_paired,2026-08-23T16:56:55.030481+00:00
993f324e-2189-472f-9149-02dfd800b200,ev_representativeness_v1,price_shock:top5:-0.50,price_shock,"{""cards"": [{""cardName"": ""Mew ex"", ""cardNumber"": ""232/091"", ""rarityKey"": ""special illustration rare""}, {""cardName"": ""Charizard ex"", ""cardNumber"": ""234/091"", ""rarityKey"": ""special illustration rare""}, {""cardName"": ""Gardevoir ex"", ""cardNumber"": ""233/091"", ""rarityKey"": ""special illustration rare""}, {""cardName"": ""Mew ex"", ""cardNumber"": ""216/091"", ""rarityKey"": ""shiny ultra rare""}, {""cardName"": ""Pikachu"", ""cardNumber"": ""131/091"", ""rarityKey"": ""shiny rare""}], ""depth"": 5, ""factor"": -0.5}",5.834226470000001,1.76,16.759999999999998,24.942531371547904,4.275207947412419,4.074226470000001,0.30166809757043933,0.30283711629726984,0.48497671191704694,0.5920298102517779,"{""cv"": {""absolute"": -2.15490134256249, ""relative"": -0.33512670553238744}, ""ev"": {""absolute"": -1.7543380399999986, ""relative"": -0.231181804897116}, ""gap"": {""absolute"": -1.7543380399999986, ""relative"": -0.3009897268855996}, ""p50"": {""absolute"": 0.0, ""relative"": 0.0}, ""p95"": {""absolute"": 0.0, ""relative"": 0.0}, ""std_dev"": {""absolute"": -23.852767781776986, ""relative"": -0.4888333137753018}, ""top1"": {""absolute"": -0.14180088942220703, ""relative"": -0.31891311043633447}, ""top10"": {""absolute"": -0.09431528481021301, ""relative"": -0.13741670988658325}, ""top5"": {""absolute"": -0.1190640133030646, ""relative"": -0.19711255935546043}, ""typical_capture"": {""absolute"": 0.06974017527621348, ""relative"": 0.30069762444446196}}",tier_b_paired,2026-08-23T16:56:55.030481+00:00
993f324e-2189-472f-9149-02dfd800b200,ev_representativeness_v1,rarity_ablation:common,rarity_ablation,"{""rarityKey"": ""common""}",7.09233976,1.24,16.32,48.80459681787078,6.881311170838604,5.85233976,0.17483651967626548,0.4751553738311037,0.6432695900626171,0.7282801945179231,"{""cv"": {""absolute"": 0.45120188086369506, ""relative"": 0.07017017293425439}, ""ev"": {""absolute"": -0.49622474999999966, ""relative"": -0.06539112230594976}, ""gap"": {""absolute"": 0.023775249999999915, ""relative"": 0.004079091851725926}, ""p50"": {""absolute"": -0.52, ""relative"": -0.29545454545454547}, ""p95"": {""absolute"": -0.4399999999999977, ""relative"": -0.026252983293555954}, ""std_dev"": {""absolute"": 0.009297664545890427, ""relative"": 0.00019054426773110352}, ""top1"": {""absolute"": 0.030517368111626808, ""relative"": 0.06863418717940248}, ""top10"": {""absolute"": 0.04193509945593221, ""relative"": 0.06109914641721832}, ""top5"": {""absolute"": 0.03922886484250554, ""relative"": 0.06494407281596883}, ""typical_capture"": {""absolute"": -0.05709140261796036, ""relative"": -0.24616010893907675}}",tier_b_paired,2026-08-23T16:56:55.030481+00:00
993f324e-2189-472f-9149-02dfd800b200,ev_representativeness_v1,rarity_ablation:double rare,rarity_ablation,"{""rarityKey"": ""double rare""}",7.41848235,1.5799999999999998,16.650000000000002,48.79574674779185,6.57759154037643,5.83848235,0.21298156758437256,0.4546394613987321,0.6168179546858396,0.6997981642431218,"{""cv"": {""absolute"": 0.14748225040152096, ""relative"": 0.022936196532686998}, ""ev"": {""absolute"": -0.17008215999999976, ""relative"": -0.02241295567506479}, ""gap"": {""absolute"": 0.009917839999999956, ""relative"": 0.0017015922158850664}, ""p50"": {""absolute"": -0.18000000000000016, ""relative"": -0.10227272727272736}, ""p95"": {""absolute"": -0.10999999999999588, ""relative"": -0.006563245823388776}, ""std_dev"": {""absolute"": 0.00044759446696218674, ""relative"": 9.172901380433238e-06}, ""top1"": {""absolute"": 0.010001455679255256, ""relative"": 0.022493479078720943}, ""top10"": {""absolute"": 0.013453069181130872, ""relative"": 0.019601027643267103}, ""top5"": {""absolute"": 0.012777229465728013, ""relative"": 0.021152927165750304}, ""typical_capture"": {""absolute"": -0.018946354709853286, ""relative"": -0.08169070167333181}}",tier_b_paired,2026-08-23T16:56:55.030481+00:00
993f324e-2189-472f-9149-02dfd800b200,ev_representativeness_v1,rarity_ablation:hyper rare,rarity_ablation,"{""rarityKey"": ""hyper rare""}",7.410610070000001,1.71,16.259999999999998,48.79674070097832,6.584713031727267,5.700610070000001,0.23075023295619165,0.45531530577481855,0.6183849435759072,0.6959161973556652,"{""cv"": {""absolute"": 0.15460374175235803, ""relative"": 0.024043719131399292}, ""ev"": {""absolute"": -0.17795443999999883, ""relative"": -0.023450342916041027}, ""gap"": {""absolute"": -0.127954439999999, ""relative"": -0.021952993705477406}, ""p50"": {""absolute"": -0.050000000000000044, ""relative"": -0.028409090909090936}, ""p95"": {""absolute"": -0.5, ""relative"": -0.029832935560859194}, ""std_dev"": {""absolute"": 0.001441547653428188, ""relative"": 2.954275674995962e-05}, ""top1"": {""absolute"": 0.010677300055341676, ""relative"": 0.024013466950636716}, ""top10"": {""absolute"": 0.009571102293674305, ""relative"": 0.01394502905686219}, ""top5"": {""absolute"": 0.01434421835579569, ""relative"": 0.023747104718094426}, ""typical_capture"": {""absolute"": -0.0011776893380341935, ""relative"": -0.005077824724097542}}",tier_b_paired,2026-08-23T16:56:55.030481+00:00
993f324e-2189-472f-9149-02dfd800b200,ev_representativeness_v1,rarity_ablation:illustration rare,rarity_ablation,"{""rarityKey"": ""illustration rare""}",7.403136329999999,1.64,16.71,48.80469695802581,6.5924352575073835,5.763136329999999,0.22152773188225214,0.4556735347868435,0.6182360010652406,0.7013741188256628,"{""cv"": {""absolute"": 0.16232596753247464, ""relative"": 0.025244666958546835}, ""ev"": {""absolute"": -0.1854281800000006, ""relative"": -0.024435211660340832}, ""gap"": {""absolute"": -0.0654281800000005, ""relative"": -0.011225436363918791}, ""p50"": {""absolute"": -0.1200000000000001, ""relative"": -0.06818181818181825}, ""p95"": {""absolute"": -0.04999999999999716, ""relative"": -0.0029832935560857496}, ""std_dev"": {""absolute"": 0.009397804700917334, ""relative"": 0.00019259651777904862}, ""top1"": {""absolute"": 0.011035529067366656, ""relative"": 0.024819131350478835}, ""top10"": {""absolute"": 0.015029023763671878, ""relative"": 0.021897182440437563}, ""top5"": {""absolute"": 0.01419527584512903, ""relative"": 0.02350052778305021}, ""typical_capture"": {""absolute"": -0.010400190411973709, ""relative"": -0.04484233855542384}}",tier_b_paired,2026-08-23T16:56:55.030481+00:00
993f324e-2189-472f-9149-02dfd800b200,ev_representativeness_v1,rarity_ablation:rare,rarity_ablation,"{""rarityKey"": ""rare""}",7.40054599,1.6400000000000001,16.58,48.798438384811,6.593897051751313,5.760545990000001,0.22160527104568403,0.45571292098679334,0.6182767306875421,0.7015653395054436,"{""cv"": {""absolute"": 0.16378776177640386, ""relative"": 0.02547200279033562}, ""ev"": {""absolute"": -0.18801851999999908, ""relative"": -0.024776559486610873}, ""gap"": {""absolute"": -0.06801851999999897, ""relative"": -0.011669857969882704}, ""p50"": {""absolute"": -0.11999999999999988, ""relative"": -0.06818181818181812}, ""p95"": {""absolute"": -0.17999999999999972, ""relative"": -0.010739856801909291}, ""std_dev"": {""absolute"": 0.003139231486109395, ""relative"": 6.433471134678943e-05}, ""top1"": {""absolute"": 0.011074915267316465, ""relative"": 0.024907711722473976}, ""top10"": {""absolute"": 0.015220244443452713, ""relative"": 0.02217578963258711}, ""top5"": {""absolute"": 0.014236005467430535, ""relative"": 0.023567956386124387}, ""typical_capture"": {""absolute"": -0.010322651248541814, ""relative"": -0.04450801415556341}}",tier_b_paired,2026-08-23T16:56:55.030481+00:00
993f324e-2189-472f-9149-02dfd800b200,ev_representativeness_v1,rarity_ablation:shiny rare,rarity_ablation,"{""rarityKey"": ""shiny rare""}",5.51395087,1.41,7.97,48.36108949555755,8.770678345844157,4.10395087,0.2557150096623911,0.5894398801562046,0.6986946004471745,0.7462569919488601,"{""cv"": {""absolute"": 2.3405690558692482, ""relative"": 0.36400144232671067}, ""ev"": {""absolute"": -2.074613639999999, ""relative"": -0.2733868358457164}, ""gap"": {""absolute"": -1.7246136399999994, ""relative"": -0.2958899463223063}, ""p50"": {""absolute"": -0.3500000000000001, ""relative"": -0.1988636363636364}, ""p95"": {""absolute"": -8.79, ""relative"": -0.5244630071599046}, ""std_dev"": {""absolute"": -0.4342096577673402, ""relative"": -0.008898596079982293}, ""top1"": {""absolute"": 0.14480187443672776, ""relative"": 0.3256623873220671}, ""top10"": {""absolute"": 0.059911896886869154, ""relative"": 0.08729121446035525}, ""top5"": {""absolute"": 0.09465387522706292, ""relative"": 0.1567011482422335}, ""typical_capture"": {""absolute"": 0.023787087368165233, ""relative"": 0.10256241306723181}}",tier_b_paired,2026-08-23T16:56:55.030481+00:00
993f324e-2189-472f-9149-02dfd800b200,ev_representativeness_v1,rarity_ablation:shiny ultra rare,rarity_ablation,"{""rarityKey"": ""shiny ultra rare""}",7.13651945,1.5999999999999999,14.74,48.71521094824359,6.826186250812165,5.53651945,0.22419892655095333,0.4723492710441642,0.6202223298081251,0.7009176006659661,"{""cv"": {""absolute"": 0.39607696083725585, ""relative"": 0.061597236217240316}, ""ev"": {""absolute"": -0.45204505999999967, ""relative"": -0.05956924519839124}, ""gap"": {""absolute"": -0.2920450599999995, ""relative"": -0.05010582957415007}, ""p50"": {""absolute"": -0.16000000000000014, ""relative"": -0.090909090909091}, ""p95"": {""absolute"": -2.019999999999998, ""relative"": -0.120525059665871}, ""std_dev"": {""absolute"": -0.08008820508130299, ""relative"": -0.001641309848919039}, ""top1"": {""absolute"": 0.027711265324687318, ""relative"": 0.062323204422993966}, ""top10"": {""absolute"": 0.014572505603975161, ""relative"": 0.021232038676781053}, ""top5"": {""absolute"": 0.016181604588013543, ""relative"": 0.026788929806209658}, ""typical_capture"": {""absolute"": -0.007728995743272515, ""relative"": -0.033324990224624366}}",tier_b_paired,2026-08-23T16:56:55.030481+00:00
993f324e-2189-472f-9149-02dfd800b200,ev_representativeness_v1,rarity_ablation:special illustration rare,rarity_ablation,"{""rarityKey"": ""special illustration rare""}",4.311251820000001,1.7299999999999998,13.559999999999999,7.408685287643596,1.7184533859225126,2.581251820000001,0.40127556269723985,0.1311925755243868,0.3475778178969838,0.4743136948098754,"{""cv"": {""absolute"": -4.711655904052396, ""relative"": -0.7327489614209624}, ""ev"": {""absolute"": -3.2773126899999987, ""relative"": -0.4318751834660227}, ""gap"": {""absolute"": -3.2473126899999984, ""relative"": -0.5571376424552945}, ""p50"": {""absolute"": -0.03000000000000025, ""relative"": -0.017045454545454686}, ""p95"": {""absolute"": -3.1999999999999993, ""relative"": -0.19093078758949877}, ""std_dev"": {""absolute"": -41.3866138656813, ""relative"": -0.8481680527387695}, ""top1"": {""absolute"": -0.3134454301950901, ""relative"": -0.7049452052302598}, ""top10"": {""absolute"": -0.21203140025211553, ""relative"": -0.30892826622876174}, ""top5"": {""absolute"": -0.25646290732312776, ""relative"": -0.42457883486195913}, ""typical_capture"": {""absolute"": 0.169347640403014, ""relative"": 0.7301735760309966}}",tier_b_paired,2026-08-23T16:56:55.030481+00:00
993f324e-2189-472f-9149-02dfd800b200,ev_representativeness_v1,rarity_ablation:ultra rare,rarity_ablation,"{""rarityKey"": ""ultra rare""}",7.540135539999999,1.67,16.740000000000002,48.798803650001794,6.471873534782878,5.870135539999999,0.22148142976220295,0.4474722771362807,0.6077019631400418,0.6903037541417988,"{""cv"": {""absolute"": 0.04176424480796914, ""relative"": 0.006495106525340584}, ""ev"": {""absolute"": -0.04842897000000068, ""relative"": -0.006381835449403155}, ""gap"": {""absolute"": 0.041571029999999176, ""relative"": 0.007132293024925134}, ""p50"": {""absolute"": -0.09000000000000008, ""relative"": -0.05113636363636368}, ""p95"": {""absolute"": -0.01999999999999602, ""relative"": -0.0011933174224341304}, ""std_dev"": {""absolute"": 0.003504496676903557, ""relative"": 7.182037486626951e-05}, ""top1"": {""absolute"": 0.002834271416803813, ""relative"": 0.00637433458306747}, ""top10"": {""absolute"": 0.003958659079807858, ""relative"": 0.00576773857391712}, ""top5"": {""absolute"": 0.003661237919930227, ""relative"": 0.0060612435007524985}, ""typical_capture"": {""absolute"": -0.0104464925320229, ""relative"": -0.04504197868323239}}",tier_b_paired,2026-08-23T16:56:55.030481+00:00
993f324e-2189-472f-9149-02dfd800b200,ev_representativeness_v1,rarity_ablation:uncommon,rarity_ablation,"{""rarityKey"": ""uncommon""}",7.0701084100000005,1.18,16.34,48.8046078153605,6.902950419590595,5.890108410000001,0.16689984531651614,0.47662760379087304,0.645202625683642,0.7303376540445436,"{""cv"": {""absolute"": 0.47284112961568603, ""relative"": 0.0735354732388275}, ""ev"": {""absolute"": -0.518456099999999, ""relative"": -0.0683207079964586}, ""gap"": {""absolute"": 0.061543900000001095, ""relative"": 0.010559014984634888}, ""p50"": {""absolute"": -0.5800000000000001, ""relative"": -0.3295454545454546}, ""p95"": {""absolute"": -0.41999999999999815, ""relative"": -0.02505966587112161}, ""std_dev"": {""absolute"": 0.00930866203560754, ""relative"": 0.0001907696478375469}, ""top1"": {""absolute"": 0.031989598071396175, ""relative"": 0.07194526257294002}, ""top10"": {""absolute"": 0.04399255898255272, ""relative"": 0.06409685054801666}, ""top5"": {""absolute"": 0.04116190046353041, ""relative"": 0.0681442471424937}, ""typical_capture"": {""absolute"": -0.06502807697770971, ""relative"": -0.2803805438105659}}",tier_b_paired,2026-08-23T16:56:55.030481+00:00
993f324e-2189-472f-9149-02dfd800b200,ev_representativeness_v1,top_card_ablation:1,top_card_ablation,"{""cards"": [{""cardName"": ""Mew ex"", ""cardNumber"": ""232/091"", ""evShare"": 0.2760218243173372, ""priceUsed"": 998.86, ""rarityKey"": ""special illustration rare""}], ""depth"": 1}",5.49395509,1.7599999999999998,16.419999999999998,17.35420397749096,3.158781550486056,3.7339550900000003,0.3203520908286128,0.2517853344884186,0.45829473826295875,0.5694739852706004,"{""cv"": {""absolute"": -3.2713277394888527, ""relative"": -0.5087514989191759}, ""ev"": {""absolute"": -2.0946094199999994, ""relative"": -0.2760218243173371}, ""gap"": {""absolute"": -2.0946094199999994, ""relative"": -0.35936968981063905}, ""p50"": {""absolute"": -2.220446049250313e-16, ""relative"": -1.261617073437678e-16}, ""p95"": {""absolute"": -0.33999999999999986, ""relative"": -0.020286396181384243}, ""std_dev"": {""absolute"": -31.44109517583393, ""relative"": -0.6443468063806623}, ""top1"": {""absolute"": -0.19285267123105826, ""relative"": -0.433729615440767}, ""top10"": {""absolute"": -0.11687110979139048, ""relative"": -0.17028038902330123}, ""top5"": {""absolute"": -0.1457459869571528, ""relative"": -0.24128503405799862}, ""typical_capture"": {""absolute"": 0.08842416853438698, ""relative"": 0.381257106344493}}",tier_b_paired,2026-08-23T16:56:55.030481+00:00
993f324e-2189-472f-9149-02dfd800b200,ev_representativeness_v1,top_card_ablation:10,top_card_ablation,"{""cards"": [{""cardName"": ""Mew ex"", ""cardNumber"": ""232/091"", ""evShare"": 0.2760218243173372, ""priceUsed"": 998.86, ""rarityKey"": ""special illustration rare""}, {""cardName"": ""Charizard ex"", ""cardNumber"": ""234/091"", ""evShare"": 0.08185793231136411, ""priceUsed"": 286.26, ""rarityKey"": ""special illustration rare""}, {""cardName"": ""Gardevoir ex"", ""cardNumber"": ""233/091"", ""evShare"": 0.050266819172101886, ""priceUsed"": 177.42, ""rarityKey"": ""special illustration rare""}, {""cardName"": ""Mew ex"", ""cardNumber"": ""216/091"", ""evShare"": 0.03272920717386113, ""priceUsed"": 37.66, ""rarityKey"": ""shiny ultra rare""}, {""cardName"": ""Pikachu"", ""cardNumber"": ""131/091"", ""evShare"": 0.021487826819568012, ""priceUsed"": 79.62, ""rarityKey"": ""shiny rare""}, {""cardName"": ""Snorlax"", ""cardNumber"": ""202/091"", ""evShare"": 0.014344910668750445, ""priceUsed"": 54.32, ""rarityKey"": ""shiny rare""}, {""cardName"": ""Charmander"", ""cardNumber"": ""109/091"", ""evShare"": 0.01347979843423641, ""priceUsed"": 50.44, ""rarityKey"": ""shiny rare""}, {""cardName"": ""Mimikyu"", ""cardNumber"": ""160/091"", ""evShare"": 0.01326654070968687, ""priceUsed"": 49.35, ""rarityKey"": ""shiny rare""}, {""cardName"": ""Charizard ex"", ""cardNumber"": ""054/091"", ""evShare"": 0.011195661562610872, ""priceUsed"": 5.3, ""rarityKey"": ""double rare""}, {""cardName"": ""Ditto"", ""cardNumber"": ""201/091"", ""evShare"": 0.010820606439043106, ""priceUsed"": 40.39, ""rarityKey"": ""shiny rare""}], ""depth"": 10}",3.60099296,1.68,12.18,4.488622273106798,1.2464957090909718,1.9209929600000002,0.466537985122859,0.08268146961331466,0.266294894394906,0.4055835921434292,"{""cv"": {""absolute"": -5.183613580883937, ""relative"": -0.8061470415387239}, ""ev"": {""absolute"": -3.9875715499999993, ""relative"": -0.52547112760856}, ""gap"": {""absolute"": -3.9075715499999992, ""relative"": -0.6704174832921252}, ""p50"": {""absolute"": -0.08000000000000007, ""relative"": -0.0454545454545455}, ""p95"": {""absolute"": -4.579999999999998, ""relative"": -0.2732696897374701}, ""std_dev"": {""absolute"": -44.30667688021809, ""relative"": -0.9080111742116259}, ""top1"": {""absolute"": -0.3619565361061622, ""relative"": -0.8140476779992608}, ""top10"": {""absolute"": -0.2807615029185617, ""relative"": -0.4090675447942165}, ""top5"": {""absolute"": -0.33774583082520554, ""relative"": -0.5591441383395656}, ""typical_capture"": {""absolute"": 0.23461006282863314, ""relative"": 1.0115645434489975}}",tier_b_paired,2026-08-23T16:56:55.030481+00:00
993f324e-2189-472f-9149-02dfd800b200,ev_representativeness_v1,top_card_ablation:5,top_card_ablation,"{""cards"": [{""cardName"": ""Mew ex"", ""cardNumber"": ""232/091"", ""evShare"": 0.2760218243173372, ""priceUsed"": 998.86, ""rarityKey"": ""special illustration rare""}, {""cardName"": ""Charizard ex"", ""cardNumber"": ""234/091"", ""evShare"": 0.08185793231136411, ""priceUsed"": 286.26, ""rarityKey"": ""special illustration rare""}, {""cardName"": ""Gardevoir ex"", ""cardNumber"": ""233/091"", ""evShare"": 0.050266819172101886, ""priceUsed"": 177.42, ""rarityKey"": ""special illustration rare""}, {""cardName"": ""Mew ex"", ""cardNumber"": ""216/091"", ""evShare"": 0.03272920717386113, ""priceUsed"": 37.66, ""rarityKey"": ""shiny ultra rare""}, {""cardName"": ""Pikachu"", ""cardNumber"": ""131/091"", ""evShare"": 0.021487826819568012, ""priceUsed"": 79.62, ""rarityKey"": ""shiny rare""}], ""depth"": 5}",4.07988843,1.7200000000000002,13.350000000000001,6.169568200680834,1.5121904205308954,2.3598884299999994,0.4215801558083294,0.11528726289213749,0.31047273025551836,0.4434765879124788,"{""cv"": {""absolute"": -4.917918869444014, ""relative"": -0.7648266378786859}, ""ev"": {""absolute"": -3.50867608, ""relative"": -0.46236360979423236}, ""gap"": {""absolute"": -3.4686760800000003, ""relative"": -0.5951167005270052}, ""p50"": {""absolute"": -0.039999999999999813, ""relative"": -0.02272727272727262}, ""p95"": {""absolute"": -3.4099999999999966, ""relative"": -0.20346062052505948}, ""std_dev"": {""absolute"": -42.625730952644055, ""relative"": -0.8735622425165428}, ""top1"": {""absolute"": -0.3293507428273394, ""relative"": -0.7407165797588782}, ""top10"": {""absolute"": -0.24286850714951214, ""relative"": -0.3538577151594216}, ""top5"": {""absolute"": -0.2935679949645932, ""relative"": -0.4860069573249675}, ""typical_capture"": {""absolute"": 0.18965223351410357, ""relative"": 0.8177205730041812}}",tier_b_paired,2026-08-23T16:56:55.030481+00:00
993f324e-2189-472f-9149-02dfd800b200,ev_representativeness_v1,winsorize_top:0.0100,winsorization,"{""quantile"": 0.01}",4.76770032,1.76,16.759999999999998,8.208410430629788,1.7216708013707094,3.0077003200000005,0.3691507187683306,0.11605175721279394,0.36976691102095105,0.5007675985809443,"{""cv"": {""absolute"": -4.7084384886042, ""relative"": -0.7322485942727379}, ""ev"": {""absolute"": -2.820864189999999, ""relative"": -0.37172566514822963}, ""gap"": {""absolute"": -2.820864189999999, ""relative"": -0.4839723717838716}, ""p50"": {""absolute"": 0.0, ""relative"": 0.0}, ""p95"": {""absolute"": 0.0, ""relative"": 0.0}, ""std_dev"": {""absolute"": -40.5868887226951, ""relative"": -0.8317786636610779}, ""top1"": {""absolute"": -0.32858624850668294, ""relative"": -0.7389972163422952}, ""top10"": {""absolute"": -0.1855774964810466, ""relative"": -0.27038511357655315}, ""top5"": {""absolute"": -0.2342738141991605, ""relative"": -0.3878444025670479}, ""typical_capture"": {""absolute"": 0.13722279647410476, ""relative"": 0.5916613882308775}}",tier_b_paired,2026-08-23T16:56:55.030481+00:00
d2572d76-ef4d-4478-b2c1-38dcd65e0c25,ev_representativeness_v1,price_shock:top1:-0.10,price_shock,"{""cards"": [{""cardName"": ""Mega Greninja ex"", ""cardNumber"": ""116/086"", ""rarityKey"": ""special illustration rare""}], ""depth"": 1, ""factor"": -0.1}",2.801998028,1.24,6.97,10.375490930288075,3.7028901614516325,1.5619980279999999,0.44254135356586344,0.2951405960090133,0.44532556252034594,0.5382121161150225,"{""cv"": {""absolute"": -0.18321190999093107, ""relative"": -0.04714541888574759}, ""ev"": {""absolute"": -0.03882916200000075, ""relative"": -0.01366825906788112}, ""gap"": {""absolute"": -0.03882916200000075, ""relative"": -0.024255686211826985}, ""p50"": {""absolute"": 0.0, ""relative"": 0.0}, ""p95"": {""absolute"": 0.0, ""relative"": 0.0}, ""std_dev"": {""absolute"": -0.664253497381285, ""relative"": -0.060169282154434615}, ""top1"": {""absolute"": -0.009634200940180915, ""relative"": -0.0316108846158527}, ""top10"": {""absolute"": -0.00631183643134825, ""relative"": -0.011591476190959193}, ""top5"": {""absolute"": -0.007581433909802926, ""relative"": -0.016739493912790986}, ""typical_capture"": {""absolute"": 0.006048769868788995, ""relative"": 0.013857669281700413}}",tier_b_paired,2026-08-23T16:51:44.32745+00:00
d2572d76-ef4d-4478-b2c1-38dcd65e0c25,ev_representativeness_v1,price_shock:top1:-0.25,price_shock,"{""cards"": [{""cardName"": ""Mega Greninja ex"", ""cardNumber"": ""116/086"", ""rarityKey"": ""special illustration rare""}], ""depth"": 1, ""factor"": -0.25}",2.743754285,1.24,6.97,9.441551339589624,3.441106731461423,1.503754285,0.45193551287702133,0.2801780134623097,0.43355106960680334,0.5284093961788564,"{""cv"": {""absolute"": -0.4449953399811406, ""relative"": -0.11450943176486186}, ""ev"": {""absolute"": -0.09707290500000054, ""relative"": -0.034170647669702334}, ""gap"": {""absolute"": -0.09707290500000054, ""relative"": -0.06063921552956663}, ""p50"": {""absolute"": 0.0, ""relative"": 0.0}, ""p95"": {""absolute"": 0.0, ""relative"": 0.0}, ""std_dev"": {""absolute"": -1.5981930880797357, ""relative"": -0.14476721798686928}, ""top1"": {""absolute"": -0.024596783486884544, ""relative"": -0.08070478180315156}, ""top10"": {""absolute"": -0.016114556367514354, ""relative"": -0.029593843011234782}, ""top5"": {""absolute"": -0.019355926823345526, ""relative"": -0.042737089459669586}, ""typical_capture"": {""absolute"": 0.015442929179946885, ""relative"": 0.03537959121583671}}",tier_b_paired,2026-08-23T16:51:44.32745+00:00
d2572d76-ef4d-4478-b2c1-38dcd65e0c25,ev_representativeness_v1,price_shock:top1:-0.50,price_shock,"{""cards"": [{""cardName"": ""Mega Greninja ex"", ""cardNumber"": ""116/086"", ""rarityKey"": ""special illustration rare""}], ""depth"": 1, ""factor"": -0.5}",2.64668138,1.24,6.97,8.114338140939857,3.0658537904324006,1.40668138,0.468511249359377,0.2537769468873507,0.4127752997604872,0.5111127656778996,"{""cv"": {""absolute"": -0.820248281010163, ""relative"": -0.2110722430678919}, ""ev"": {""absolute"": -0.19414581000000064, ""relative"": -0.0683412953394045}, ""gap"": {""absolute"": -0.19414581000000064, ""relative"": -0.12127843105913298}, ""p50"": {""absolute"": 0.0, ""relative"": 0.0}, ""p95"": {""absolute"": 0.0, ""relative"": 0.0}, ""std_dev"": {""absolute"": -2.925406286729503, ""relative"": -0.264988587905843}, ""top1"": {""absolute"": -0.05099785006184354, ""relative"": -0.16732961705604826}, ""top10"": {""absolute"": -0.03341118686847111, ""relative"": -0.0613585255749165}, ""top5"": {""absolute"": -0.040131696669661654, ""relative"": -0.08860913385304946}, ""typical_capture"": {""absolute"": 0.03201866566230255, ""relative"": 0.07335443225886165}}",tier_b_paired,2026-08-23T16:51:44.32745+00:00
d2572d76-ef4d-4478-b2c1-38dcd65e0c25,ev_representativeness_v1,price_shock:top5:-0.10,price_shock,"{""cards"": [{""cardName"": ""Mega Greninja ex"", ""cardNumber"": ""116/086"", ""rarityKey"": ""special illustration rare""}, {""cardName"": ""Mega Greninja ex"", ""cardNumber"": ""122/086"", ""rarityKey"": ""mega hyper rare""}, {""cardName"": ""Cinccino ex"", ""cardNumber"": ""119/086"", ""rarityKey"": ""special illustration rare""}, {""cardName"": ""Froakie"", ""cardNumber"": ""088/086"", ""rarityKey"": ""illustration rare""}, {""cardName"": ""Xerneas"", ""cardNumber"": ""091/086"", ""rarityKey"": ""illustration rare""}], ""depth"": 5, ""factor"": -0.1}",2.7547550160000003,1.24,6.97,10.015478983634026,3.635705870562983,1.5147550160000003,0.45013077126565065,0.2893578366752305,0.4358131046234566,0.5302926276621035,"{""cv"": {""absolute"": -0.25039620087958037, ""relative"": -0.06443376840758858}, ""ev"": {""absolute"": -0.08607217400000033, ""relative"": -0.030298278720713143}, ""gap"": {""absolute"": -0.08607217400000033, ""relative"": -0.053767311386059294}, ""p50"": {""absolute"": 0.0, ""relative"": 0.0}, ""p95"": {""absolute"": 0.0, ""relative"": 0.0}, ""std_dev"": {""absolute"": -1.0242654440353345, ""relative"": -0.09277981485406278}, ""top1"": {""absolute"": -0.01541696027396372, ""relative"": -0.050584761037618595}, ""top10"": {""absolute"": -0.01423132488426726, ""relative"": -0.026135351471164796}, ""top5"": {""absolute"": -0.01709389180669224, ""relative"": -0.03774260928055371}, ""typical_capture"": {""absolute"": 0.01363818756857621, ""relative"": 0.031244946828331687}}",tier_b_paired,2026-08-23T16:51:44.32745+00:00
d2572d76-ef4d-4478-b2c1-38dcd65e0c25,ev_representativeness_v1,price_shock:top5:-0.25,price_shock,"{""cards"": [{""cardName"": ""Mega Greninja ex"", ""cardNumber"": ""116/086"", ""rarityKey"": ""special illustration rare""}, {""cardName"": ""Mega Greninja ex"", ""cardNumber"": ""122/086"", ""rarityKey"": ""mega hyper rare""}, {""cardName"": ""Cinccino ex"", ""cardNumber"": ""119/086"", ""rarityKey"": ""special illustration rare""}, {""cardName"": ""Froakie"", ""cardNumber"": ""088/086"", ""rarityKey"": ""illustration rare""}, {""cardName"": ""Xerneas"", ""cardNumber"": ""091/086"", ""rarityKey"": ""illustration rare""}], ""depth"": 5, ""factor"": -0.25}",2.625646755,1.24,6.865,8.499950837227411,3.2372788993953647,1.385646755,0.4722645944808368,0.26433718994313077,0.40823075227421446,0.5071961841264516,"{""cv"": {""absolute"": -0.6488231720471989, ""relative"": -0.1669598894005243}, ""ev"": {""absolute"": -0.2151804350000006, ""relative"": -0.07574569680178278}, ""gap"": {""absolute"": -0.2151804350000006, ""relative"": -0.1344182784651481}, ""p50"": {""absolute"": 0.0, ""relative"": 0.0}, ""p95"": {""absolute"": -0.10499999999999954, ""relative"": -0.01506456241032992}, ""std_dev"": {""absolute"": -2.539793590441949, ""relative"": -0.23005909304171582}, ""top1"": {""absolute"": -0.04043760700606347, ""relative"": -0.13268028528226497}, ""top10"": {""absolute"": -0.03732776841991914, ""relative"": -0.06855119640809625}, ""top5"": {""absolute"": -0.04467624415593441, ""relative"": -0.09864330758428624}, ""typical_capture"": {""absolute"": 0.035772010783762354, ""relative"": 0.08195330715764945}}",tier_b_paired,2026-08-23T16:51:44.32745+00:00
d2572d76-ef4d-4478-b2c1-38dcd65e0c25,ev_representativeness_v1,price_shock:top5:-0.50,price_shock,"{""cards"": [{""cardName"": ""Mega Greninja ex"", ""cardNumber"": ""116/086"", ""rarityKey"": ""special illustration rare""}, {""cardName"": ""Mega Greninja ex"", ""cardNumber"": ""122/086"", ""rarityKey"": ""mega hyper rare""}, {""cardName"": ""Cinccino ex"", ""cardNumber"": ""119/086"", ""rarityKey"": ""special illustration rare""}, {""cardName"": ""Froakie"", ""cardNumber"": ""088/086"", ""rarityKey"": ""illustration rare""}, {""cardName"": ""Xerneas"", ""cardNumber"": ""091/086"", ""rarityKey"": ""illustration rare""}], ""depth"": 5, ""factor"": -0.5}",2.4104663200000003,1.24,5.715,6.075980862193829,2.5206661515162048,1.1704663200000003,0.5144232838731386,0.21667991610851464,0.36308886074790714,0.4632039745736834,"{""cv"": {""absolute"": -1.3654359199263588, ""relative"": -0.3513638846391634}, ""ev"": {""absolute"": -0.43036087000000034, ""relative"": -0.15149139360356526}, ""gap"": {""absolute"": -0.43036087000000034, ""relative"": -0.2688365569302956}, ""p50"": {""absolute"": 0.0, ""relative"": 0.0}, ""p95"": {""absolute"": -1.255, ""relative"": -0.1800573888091822}, ""std_dev"": {""absolute"": -4.963763565475531, ""relative"": -0.4496266736967795}, ""top1"": {""absolute"": -0.0880948808406796, ""relative"": -0.28904910026193853}, ""top10"": {""absolute"": -0.08131997797268736, ""relative"": -0.14934141573094947}, ""top5"": {""absolute"": -0.08981813568224173, ""relative"": -0.19831474538966243}, ""typical_capture"": {""absolute"": 0.07793070017606418, ""relative"": 0.1785384290289524}}",tier_b_paired,2026-08-23T16:51:44.32745+00:00
d2572d76-ef4d-4478-b2c1-38dcd65e0c25,ev_representativeness_v1,rarity_ablation:common,rarity_ablation,"{""rarityKey"": ""common""}",2.3770535600000002,0.81,6.59,11.052240789925422,4.649554800071657,1.5670535600000002,0.3407579928489285,0.3626852396207682,0.5333307382438619,0.6339612263511639,"{""cv"": {""absolute"": 0.7634527286290935, ""relative"": 0.19645719916607635}, ""ev"": {""absolute"": -0.4637736300000004, ""relative"": -0.16325302420102517}, ""gap"": {""absolute"": -0.03377363000000044, ""relative"": -0.021097611416757877}, ""p50"": {""absolute"": -0.42999999999999994, ""relative"": -0.34677419354838707}, ""p95"": {""absolute"": -0.3799999999999999, ""relative"": -0.05451936872309898}, ""std_dev"": {""absolute"": 0.012496362256062099, ""relative"": 0.0011319430751260834}, ""top1"": {""absolute"": 0.05791044267157397, ""relative"": 0.1900106020945938}, ""top10"": {""absolute"": 0.08943727380479316, ""relative"": 0.1642485576374656}, ""top5"": {""absolute"": 0.08042374181371303, ""relative"": 0.17757231053531905}, ""typical_capture"": {""absolute"": -0.09573459084814595, ""relative"": -0.21932695863301468}}",tier_b_paired,2026-08-23T16:51:44.32745+00:00
d2572d76-ef4d-4478-b2c1-38dcd65e0c25,ev_representativeness_v1,rarity_ablation:double rare,rarity_ablation,"{""rarityKey"": ""double rare""}",2.71082983,1.14,6.869999999999999,11.042913765201744,4.073628540970328,1.5708298300000003,0.4205354343470537,0.3189254155433283,0.4723958345994739,0.567369343135788,"{""cv"": {""absolute"": 0.18752646952776475, ""relative"": 0.048255672671549996}, ""ev"": {""absolute"": -0.1299973600000004, ""relative"": -0.0457603899517733}, ""gap"": {""absolute"": -0.029997360000000306, ""relative"": -0.01873866222874456}, ""p50"": {""absolute"": -0.10000000000000009, ""relative"": -0.08064516129032265}, ""p95"": {""absolute"": -0.10000000000000053, ""relative"": -0.014347202295552444}, ""std_dev"": {""absolute"": 0.00316933753238402, ""relative"": 0.00028708432094139613}, ""top1"": {""absolute"": 0.014150618594134079, ""relative"": 0.046429753167854554}, ""top10"": {""absolute"": 0.022845390589417258, ""relative"": 0.041954794610199964}, ""top5"": {""absolute"": 0.019488838169325007, ""relative"": 0.04303055223906381}, ""typical_capture"": {""absolute"": -0.01595714935002074, ""relative"": -0.0365576643132498}}",tier_b_paired,2026-08-23T16:51:44.32745+00:00
d2572d76-ef4d-4478-b2c1-38dcd65e0c25,ev_representativeness_v1,rarity_ablation:illustration rare,rarity_ablation,"{""rarityKey"": ""illustration rare""}",2.37531651,1.1800000000000002,3.81,10.974589484505623,4.6202640525180465,1.19531651,0.4967759012461039,0.36450406771264354,0.4822622522840125,0.5411416350573003,"{""cv"": {""absolute"": 0.7341619810754829, ""relative"": 0.18891989134061885}, ""ev"": {""absolute"": -0.4655106800000004, ""relative"": -0.16386448342885662}, ""gap"": {""absolute"": -0.40551068000000057, ""relative"": -0.2533132136517499}, ""p50"": {""absolute"": -0.05999999999999983, ""relative"": -0.048387096774193415}, ""p95"": {""absolute"": -3.1599999999999997, ""relative"": -0.4533715925394548}, ""std_dev"": {""absolute"": -0.06515494316373704, ""relative"": -0.005901852492204128}, ""top1"": {""absolute"": 0.059729270763449305, ""relative"": 0.1959783793192261}, ""top10"": {""absolute"": -0.0033823174890704744, ""relative"": -0.006211512777819341}, ""top5"": {""absolute"": 0.029355255853863615, ""relative"": 0.0648151962439181}, ""typical_capture"": {""absolute"": 0.060283317549029436, ""relative"": 0.13810845773926372}}",tier_b_paired,2026-08-23T16:51:44.32745+00:00
d2572d76-ef4d-4478-b2c1-38dcd65e0c25,ev_representativeness_v1,rarity_ablation:mega hyper rare,rarity_ablation,"{""rarityKey"": ""mega hyper rare""}",2.6662861900000006,1.24,6.9399999999999995,9.603939662175897,3.6019913009322884,1.4262861900000006,0.46506635508621064,0.2695928451701578,0.4193720442290556,0.5159150451137431,"{""cv"": {""absolute"": -0.2841107705102752, ""relative"": -0.07310944624900452}, ""ev"": {""absolute"": -0.17454100000000006, ""relative"": -0.061440203266992816}, ""gap"": {""absolute"": -0.17454100000000006, ""relative"": -0.10903175626346026}, ""p50"": {""absolute"": 0.0, ""relative"": 0.0}, ""p95"": {""absolute"": -0.03000000000000025, ""relative"": -0.004304160688665746}, ""std_dev"": {""absolute"": -1.4358047654934634, ""relative"": -0.13005779027772124}, ""top1"": {""absolute"": -0.035181951779036436, ""relative"": -0.11543589604917773}, ""top10"": {""absolute"": -0.028608907432627673, ""relative"": -0.0525393002435304}, ""top5"": {""absolute"": -0.03353495220109326, ""relative"": -0.07404379368262928}, ""typical_capture"": {""absolute"": 0.028573771389136193, ""relative"": 0.06546221506701788}}",tier_b_paired,2026-08-23T16:51:44.32745+00:00
d2572d76-ef4d-4478-b2c1-38dcd65e0c25,ev_representativeness_v1,rarity_ablation:rare,rarity_ablation,"{""rarityKey"": ""rare""}",2.6568971900000005,1.04,6.779999999999999,11.046212121993227,4.1575609939175795,1.6168971900000004,0.3914340396438147,0.3252557318561506,0.48165569778783957,0.5776036030961365,"{""cv"": {""absolute"": 0.2714589224750159, ""relative"": 0.06985378085404931}, ""ev"": {""absolute"": -0.18393000000000015, ""relative"": -0.06474522654790561}, ""gap"": {""absolute"": 0.016069999999999807, ""relative"": 0.010038560127155137}, ""p50"": {""absolute"": -0.19999999999999996, ""relative"": -0.16129032258064513}, ""p95"": {""absolute"": -0.1900000000000004, ""relative"": -0.027259684361549553}, ""std_dev"": {""absolute"": 0.006467694323866624, ""relative"": 0.0005858554395205362}, ""top1"": {""absolute"": 0.02048093490695635, ""relative"": 0.06720022492663824}, ""top10"": {""absolute"": 0.03307965054976569, ""relative"": 0.06074967023043616}, ""top5"": {""absolute"": 0.028748701357690698, ""relative"": 0.06347594889081067}, ""typical_capture"": {""absolute"": -0.045058544053259764, ""relative"": -0.10322865894218804}}",tier_b_paired,2026-08-23T16:51:44.32745+00:00
d2572d76-ef4d-4478-b2c1-38dcd65e0c25,ev_representativeness_v1,rarity_ablation:special illustration rare,rarity_ablation,"{""rarityKey"": ""special illustration rare""}",2.0867167799999997,1.2300000000000002,5.99,5.763455045132775,2.761972827540485,0.8567167799999995,0.5894427129684559,0.1337896223751074,0.28777338916113,0.39690782569927874,"{""cv"": {""absolute"": -1.1241292439020785, ""relative"": -0.2892690987616775}, ""ev"": {""absolute"": -0.7541104100000009, ""relative"": -0.2654545171401294}, ""gap"": {""absolute"": -0.7441104100000011, ""relative"": -0.46482869272104305}, ""p50"": {""absolute"": -0.009999999999999787, ""relative"": -0.008064516129032086}, ""p95"": {""absolute"": -0.9799999999999995, ""relative"": -0.14060258249641314}, ""std_dev"": {""absolute"": -5.276289382536585, ""relative"": -0.47793582696646547}, ""top1"": {""absolute"": -0.17098517457408685, ""relative"": -0.5610213714705221}, ""top10"": {""absolute"": -0.14761612684709202, ""relative"": -0.2710920725466549}, ""top5"": {""absolute"": -0.16513360726901888, ""relative"": -0.36460820559323637}, ""typical_capture"": {""absolute"": 0.1529501292713814, ""relative"": 0.350407166087222}}",tier_b_paired,2026-08-23T16:51:44.32745+00:00
d2572d76-ef4d-4478-b2c1-38dcd65e0c25,ev_representativeness_v1,rarity_ablation:ultra rare,rarity_ablation,"{""rarityKey"": ""ultra rare""}",2.58525026,1.19,6.73,11.01854004200057,4.262078690207953,1.39525026,0.46030359938925214,0.33490472601286964,0.48555891064875084,0.5618888517199104,"{""cv"": {""absolute"": 0.37597661876538924, ""relative"": 0.09674903331240155}, ""ev"": {""absolute"": -0.2555769300000006, ""relative"": -0.08996567299118273}, ""gap"": {""absolute"": -0.20557693000000055, ""relative"": -0.1284191893317357}, ""p50"": {""absolute"": -0.050000000000000044, ""relative"": -0.040322580645161324}, ""p95"": {""absolute"": -0.23999999999999932, ""relative"": -0.03443328550932558}, ""std_dev"": {""absolute"": -0.021204385668790238, ""relative"": -0.0019207315719777737}, ""top1"": {""absolute"": 0.030129929063675398, ""relative"": 0.09885964773097047}, ""top10"": {""absolute"": 0.017364899173539672, ""relative"": 0.03189005569421835}, ""top5"": {""absolute"": 0.032651914218601974, ""relative"": 0.07209408217573832}, ""typical_capture"": {""absolute"": 0.023811015692177695, ""relative"": 0.054550790967625065}}",tier_b_paired,2026-08-23T16:51:44.32745+00:00
d2572d76-ef4d-4478-b2c1-38dcd65e0c25,ev_representativeness_v1,rarity_ablation:uncommon,rarity_ablation,"{""rarityKey"": ""uncommon""}",2.4274400099999998,0.8599999999999999,6.62,11.04921226250773,4.551796220293713,1.5674400099999999,0.3542826996577353,0.3552714244007209,0.522923880619402,0.6223523851368009,"{""cv"": {""absolute"": 0.665694148851149, ""relative"": 0.17130125164314997}, ""ev"": {""absolute"": -0.41338718000000085, ""relative"": -0.14551648247213544}, ""gap"": {""absolute"": -0.03338718000000074, ""relative"": -0.020856204972381012}, ""p50"": {""absolute"": -0.3800000000000001, ""relative"": -0.3064516129032259}, ""p95"": {""absolute"": -0.34999999999999964, ""relative"": -0.05021520803443324}, ""std_dev"": {""absolute"": 0.009467834838369882, ""relative"": 0.0008576135888291275}, ""top1"": {""absolute"": 0.050496627451526666, ""relative"": 0.16568504993522945}, ""top10"": {""absolute"": 0.07782843259043015, ""relative"": 0.14292930958588532}, ""top5"": {""absolute"": 0.07001688418925311, ""relative"": 0.15459439739534186}, ""typical_capture"": {""absolute"": -0.08220988403933915, ""relative"": -0.18834199505298527}}",tier_b_paired,2026-08-23T16:51:44.32745+00:00
d2572d76-ef4d-4478-b2c1-38dcd65e0c25,ev_representativeness_v1,top_card_ablation:1,top_card_ablation,"{""cards"": [{""cardName"": ""Mega Greninja ex"", ""cardNumber"": ""116/086"", ""evShare"": 0.1366825906788086, ""priceUsed"": 194.73, ""rarityKey"": ""special illustration rare""}], ""depth"": 1}",2.4525355699999998,1.24,6.9,6.8948994403823445,2.811335144216622,1.2125355699999998,0.5055991909630082,0.2149049279640009,0.37111304771004805,0.47492589067729596,"{""cv"": {""absolute"": -1.0747669272259417, ""relative"": -0.2765668290403336}, ""ev"": {""absolute"": -0.38829162000000084, ""relative"": -0.13668259067880886}, ""gap"": {""absolute"": -0.38829162000000084, ""relative"": -0.2425568621182657}, ""p50"": {""absolute"": 0.0, ""relative"": 0.0}, ""p95"": {""absolute"": -0.0699999999999994, ""relative"": -0.010043041606886571}, ""std_dev"": {""absolute"": -4.144844987287016, ""relative"": -0.3754475490300864}, ""top1"": {""absolute"": -0.08986986898519334, ""relative"": -0.29487303374423895}, ""top10"": {""absolute"": -0.0695980618690748, ""relative"": -0.1278145094327103}, ""top5"": {""absolute"": -0.08179394872010082, ""relative"": -0.18059767096734566}, ""typical_capture"": {""absolute"": 0.06910660726593376, ""relative"": 0.1583225233304163}}",tier_b_paired,2026-08-23T16:51:44.32745+00:00
d2572d76-ef4d-4478-b2c1-38dcd65e0c25,ev_representativeness_v1,top_card_ablation:10,top_card_ablation,"{""cards"": [{""cardName"": ""Mega Greninja ex"", ""cardNumber"": ""116/086"", ""evShare"": 0.1366825906788086, ""priceUsed"": 194.73, ""rarityKey"": ""special illustration rare""}, {""cardName"": ""Mega Greninja ex"", ""cardNumber"": ""122/086"", ""evShare"": 0.061440203266992816, ""priceUsed"": 173.5, ""rarityKey"": ""mega hyper rare""}, {""cardName"": ""Cinccino ex"", ""cardNumber"": ""119/086"", ""evShare"": 0.04371725264992272, ""priceUsed"": 61.88, ""rarityKey"": ""special illustration rare""}, {""cardName"": ""Froakie"", ""cardNumber"": ""088/086"", ""evShare"": 0.0330551398305928, ""priceUsed"": 9.43, ""rarityKey"": ""illustration rare""}, {""cardName"": ""Xerneas"", ""cardNumber"": ""091/086"", ""evShare"": 0.028087600780813425, ""priceUsed"": 7.98, ""rarityKey"": ""illustration rare""}, {""cardName"": ""Mega Dragalge ex"", ""cardNumber"": ""118/086"", ""evShare"": 0.02807173216333515, ""priceUsed"": 39.13, ""rarityKey"": ""special illustration rare""}, {""cardName"": ""Mega Floette ex"", ""cardNumber"": ""117/086"", ""evShare"": 0.023015778724646746, ""priceUsed"": 31.15, ""rarityKey"": ""special illustration rare""}, {""cardName"": ""Ampharos"", ""cardNumber"": ""090/086"", ""evShare"": 0.021842525380785308, ""priceUsed"": 6.14, ""rarityKey"": ""illustration rare""}, {""cardName"": ""Frogadier"", ""cardNumber"": ""089/086"", ""evShare"": 0.02100866966145871, ""priceUsed"": 5.88, ""rarityKey"": ""illustration rare""}, {""cardName"": ""AZ's Tranquility"", ""cardNumber"": ""120/086"", ""evShare"": 0.018731938425300697, ""priceUsed"": 27.43, ""rarityKey"": ""special illustration rare""}], ""depth"": 10}",1.6600276200000001,1.21,4.12,1.500109104111143,0.9036651475179328,0.4500276200000002,0.7289035347496206,0.07280841507926233,0.18788495217928963,0.2921464644064175,"{""cv"": {""absolute"": -2.982436923924631, ""relative"": -0.7674623231956225}, ""ev"": {""absolute"": -1.1807995700000005, ""relative"": -0.415653431562657}, ""gap"": {""absolute"": -1.1507995700000004, ""relative"": -0.7188780757778108}, ""p50"": {""absolute"": -0.030000000000000027, ""relative"": -0.024193548387096794}, ""p95"": {""absolute"": -2.8499999999999996, ""relative"": -0.40889526542324245}, ""std_dev"": {""absolute"": -9.539635323558217, ""relative"": -0.8641174065269701}, ""top1"": {""absolute"": -0.2319663818699319, ""relative"": -0.7611074937689174}, ""top10"": {""absolute"": -0.25237748813995325, ""relative"": -0.4634828035750387}, ""top5"": {""absolute"": -0.26502204425085923, ""relative"": -0.5851577616150453}, ""typical_capture"": {""absolute"": 0.2924109510525461, ""relative"": 0.6699104680676067}}",tier_b_paired,2026-08-23T16:51:44.32745+00:00
d2572d76-ef4d-4478-b2c1-38dcd65e0c25,ev_representativeness_v1,top_card_ablation:5,top_card_ablation,"{""cards"": [{""cardName"": ""Mega Greninja ex"", ""cardNumber"": ""116/086"", ""evShare"": 0.1366825906788086, ""priceUsed"": 194.73, ""rarityKey"": ""special illustration rare""}, {""cardName"": ""Mega Greninja ex"", ""cardNumber"": ""122/086"", ""evShare"": 0.061440203266992816, ""priceUsed"": 173.5, ""rarityKey"": ""mega hyper rare""}, {""cardName"": ""Cinccino ex"", ""cardNumber"": ""119/086"", ""evShare"": 0.04371725264992272, ""priceUsed"": 61.88, ""rarityKey"": ""special illustration rare""}, {""cardName"": ""Froakie"", ""cardNumber"": ""088/086"", ""evShare"": 0.0330551398305928, ""priceUsed"": 9.43, ""rarityKey"": ""illustration rare""}, {""cardName"": ""Xerneas"", ""cardNumber"": ""091/086"", ""evShare"": 0.028087600780813425, ""priceUsed"": 7.98, ""rarityKey"": ""illustration rare""}], ""depth"": 5}",1.98010545,1.23,4.83,3.023213163007249,1.5267940215038796,0.75010545,0.6211790387224074,0.13797805061341553,0.2749420996745401,0.3793441707864599,"{""cv"": {""absolute"": -2.359308049938684, ""relative"": -0.607114277125223}, ""ev"": {""absolute"": -0.8607217400000007, ""relative"": -0.3029827872071305}, ""gap"": {""absolute"": -0.8507217400000007, ""relative"": -0.5314263434018761}, ""p50"": {""absolute"": -0.010000000000000009, ""relative"": -0.008064516129032265}, ""p95"": {""absolute"": -2.1399999999999997, ""relative"": -0.30703012912482064}, ""std_dev"": {""absolute"": -8.016531264662111, ""relative"": -0.7261518884957113}, ""top1"": {""absolute"": -0.1667967463357787, ""relative"": -0.547278672663946}, ""top10"": {""absolute"": -0.16517978175991088, ""relative"": -0.30334713649872813}, ""top5"": {""absolute"": -0.17796489675560878, ""relative"": -0.39293916446056937}, ""typical_capture"": {""absolute"": 0.18468645502533299, ""relative"": 0.42311476053280495}}",tier_b_paired,2026-08-23T16:51:44.32745+00:00
d2572d76-ef4d-4478-b2c1-38dcd65e0c25,ev_representativeness_v1,winsorize_top:0.0100,winsorization,"{""quantile"": 0.01}",2.25901466,1.24,6.97,3.4374758953780438,1.5216704682111464,1.01901466,0.5489118870968283,0.12571852898024133,0.31200239311417305,0.42721543028853115,"{""cv"": {""absolute"": -2.3644316032314174, ""relative"": -0.6084327070579787}, ""ev"": {""absolute"": -0.5818125300000005, ""relative"": -0.2048039148766386}, ""gap"": {""absolute"": -0.5818125300000005, ""relative"": -0.36344493249143295}, ""p50"": {""absolute"": 0.0, ""relative"": 0.0}, ""p95"": {""absolute"": 0.0, ""relative"": 0.0}, ""std_dev"": {""absolute"": -7.602268532291316, ""relative"": -0.6886272215901522}, ""top1"": {""absolute"": -0.1790562679689529, ""relative"": -0.5875035264113438}, ""top10"": {""absolute"": -0.11730852225783961, ""relative"": -0.2154331718729119}, ""top5"": {""absolute"": -0.14090460331597582, ""relative"": -0.31111156247661836}, ""typical_capture"": {""absolute"": 0.11241930339975381, ""relative"": 0.2575514627249033}}",tier_b_paired,2026-08-23T16:51:44.32745+00:00
2116e5f9-e556-4c1f-88cc-ad226f751e85,ev_representativeness_v1,price_shock:top1:-0.10,price_shock,"{""cards"": [{""cardName"": ""Gastly"", ""cardNumber"": ""177/162"", ""rarityKey"": ""illustration rare""}], ""depth"": 1, ""factor"": -0.1}",5.454079054,1.9399999999999997,25.279999999999998,10.830962386759657,1.9858462408637572,3.5140790540000006,0.35569708117399057,0.1376145663766171,0.4234303080565506,0.5786175434486103,"{""cv"": {""absolute"": -0.03873685888208844, ""relative"": -0.019133252118399707}, ""ev"": {""absolute"": -0.03413971599999943, ""relative"": -0.006220545760058948}, ""gap"": {""absolute"": -0.03413971599999899, ""relative"": -0.009621649118326204}, ""p50"": {""absolute"": -2.220446049250313e-16, ""relative"": -1.1445598192011924e-16}, ""p95"": {""absolute"": 0.0, ""relative"": 0.0}, ""std_dev"": {""absolute"": -0.2803925826902738, ""relative"": -0.025234778608117375}, ""top1"": {""absolute"": -0.005364508052662642, ""relative"": -0.037519532659417466}, ""top10"": {""absolute"": -0.0026212288534640527, ""relative"": -0.004509728150244216}, ""top5"": {""absolute"": -0.003586578152597386, ""relative"": -0.00839914829700838}, ""typical_capture"": {""absolute"": 0.0022126299701621943, ""relative"": 0.0062594831614993275}}",tier_b_paired,2026-08-23T17:06:55.642111+00:00
2116e5f9-e556-4c1f-88cc-ad226f751e85,ev_representativeness_v1,price_shock:top1:-0.25,price_shock,"{""cards"": [{""cardName"": ""Gastly"", ""cardNumber"": ""177/162"", ""rarityKey"": ""illustration rare""}], ""depth"": 1, ""factor"": -0.25}",5.402869480000001,1.9399999999999997,25.279999999999998,10.456155484264258,1.9352967016823543,3.462869480000001,0.3590684556014852,0.12944068935753747,0.4179654549048999,0.5746235887230798,"{""cv"": {""absolute"": -0.08928639806349126, ""relative"": -0.044101127819697675}, ""ev"": {""absolute"": -0.08534928999999902, ""relative"": -0.015551364400147451}, ""gap"": {""absolute"": -0.08534928999999858, ""relative"": -0.024054122795815824}, ""p50"": {""absolute"": -2.220446049250313e-16, ""relative"": -1.1445598192011924e-16}, ""p95"": {""absolute"": 0.0, ""relative"": 0.0}, ""std_dev"": {""absolute"": -0.6551994851856726, ""relative"": -0.058966659510663474}, ""top1"": {""absolute"": -0.013538385071742265, ""relative"": -0.0946878774099116}, ""top10"": {""absolute"": -0.006615183578994488, ""relative"": -0.01138118084035269}, ""top5"": {""absolute"": -0.00905143130424807, ""relative"": -0.021196893136012383}, ""typical_capture"": {""absolute"": 0.005584004397656828, ""relative"": 0.01579702976648595}}",tier_b_paired,2026-08-23T17:06:55.642111+00:00
2116e5f9-e556-4c1f-88cc-ad226f751e85,ev_representativeness_v1,price_shock:top1:-0.50,price_shock,"{""cards"": [{""cardName"": ""Gastly"", ""cardNumber"": ""177/162"", ""rarityKey"": ""illustration rare""}], ""depth"": 1, ""factor"": -0.5}",5.317520190000001,1.9399999999999997,25.279999999999998,9.968314061366764,1.8746170593038711,3.377520190000001,0.36483171303201006,0.12186752881891737,0.40862346213301354,0.5677960500606958,"{""cv"": {""absolute"": -0.14996604044197448, ""relative"": -0.07407255373256862}, ""ev"": {""absolute"": -0.17069857999999893, ""relative"": -0.031102728800295062}, ""gap"": {""absolute"": -0.1706985799999985, ""relative"": -0.04810824559163202}, ""p50"": {""absolute"": -2.220446049250313e-16, ""relative"": -1.1445598192011924e-16}, ""p95"": {""absolute"": 0.0, ""relative"": 0.0}, ""std_dev"": {""absolute"": -1.143040908083167, ""relative"": -0.10287142398257423}, ""top1"": {""absolute"": -0.021111545610362367, ""relative"": -0.14765479280539442}, ""top10"": {""absolute"": -0.013442722241378546, ""relative"": -0.023127710816910643}, ""top5"": {""absolute"": -0.018393424076134424, ""relative"": -0.04307423118421021}, ""typical_capture"": {""absolute"": 0.011347261828181687, ""relative"": 0.032101162553366626}}",tier_b_paired,2026-08-23T17:06:55.642111+00:00
2116e5f9-e556-4c1f-88cc-ad226f751e85,ev_representativeness_v1,price_shock:top5:-0.10,price_shock,"{""cards"": [{""cardName"": ""Gastly"", ""cardNumber"": ""177/162"", ""rarityKey"": ""illustration rare""}, {""cardName"": ""Metang"", ""cardNumber"": ""114/162"", ""rarityKey"": ""common""}, {""cardName"": ""Gengar ex"", ""cardNumber"": ""193/162"", ""rarityKey"": ""ultra rare""}, {""cardName"": ""Sawsbuck"", ""cardNumber"": ""166/162"", ""rarityKey"": ""illustration rare""}, {""cardName"": ""Hero's Cape"", ""cardNumber"": ""152/162"", ""rarityKey"": ""ace spec rare""}], ""depth"": 5, ""factor"": -0.1}",5.372800895999999,1.9399999999999997,23.698,10.570808238317047,1.9674669586559437,3.432800896,0.3610779624170164,0.13499681191238397,0.4209090732700771,0.575978143225801,"{""cv"": {""absolute"": -0.05711614108990193, ""relative"": -0.02821130982327767}, ""ev"": {""absolute"": -0.11541787400000025, ""relative"": -0.02103011538659933}, ""gap"": {""absolute"": -0.11541787399999981, ""relative"": -0.03252839846738081}, ""p50"": {""absolute"": -2.220446049250313e-16, ""relative"": -1.1445598192011924e-16}, ""p95"": {""absolute"": -1.5819999999999972, ""relative"": -0.06257911392405052}, ""std_dev"": {""absolute"": -0.5405467311328831, ""relative"": -0.048648138109086345}, ""top1"": {""absolute"": -0.007982262516895766, ""relative"": -0.05582818708792209}, ""top10"": {""absolute"": -0.005260629076273338, ""relative"": -0.009050719475299125}, ""top5"": {""absolute"": -0.006107812939070867, ""relative"": -0.014303445920589028}, ""typical_capture"": {""absolute"": 0.00759351121318802, ""relative"": 0.021481881840424724}}",tier_b_paired,2026-08-23T17:06:55.642111+00:00
2116e5f9-e556-4c1f-88cc-ad226f751e85,ev_representativeness_v1,price_shock:top5:-0.25,price_shock,"{""cards"": [{""cardName"": ""Gastly"", ""cardNumber"": ""177/162"", ""rarityKey"": ""illustration rare""}, {""cardName"": ""Metang"", ""cardNumber"": ""114/162"", ""rarityKey"": ""common""}, {""cardName"": ""Gengar ex"", ""cardNumber"": ""193/162"", ""rarityKey"": ""ultra rare""}, {""cardName"": ""Sawsbuck"", ""cardNumber"": ""166/162"", ""rarityKey"": ""illustration rare""}, {""cardName"": ""Hero's Cape"", ""cardNumber"": ""152/162"", ""rarityKey"": ""ace spec rare""}], ""depth"": 5, ""factor"": -0.25}",5.199674085,1.9399999999999997,22.15,9.825480740002847,1.8896339615491204,3.2596740850000003,0.3731003074974457,0.12644458897850325,0.4116064276363198,0.5676988666492546,"{""cv"": {""absolute"": -0.13494913819672516, ""relative"": -0.06665527249223106}, ""ev"": {""absolute"": -0.28854468499999975, ""relative"": -0.05257528846649817}, ""gap"": {""absolute"": -0.2885446849999993, ""relative"": -0.08132099616845197}, ""p50"": {""absolute"": -2.220446049250313e-16, ""relative"": -1.1445598192011924e-16}, ""p95"": {""absolute"": -3.129999999999999, ""relative"": -0.12381329113924047}, ""std_dev"": {""absolute"": -1.2858742294470833, ""relative"": -0.11572614077963714}, ""top1"": {""absolute"": -0.016534485450776487, ""relative"": -0.11564269468645057}, ""top10"": {""absolute"": -0.013539905652819706, ""relative"": -0.02329491131362949}, ""top5"": {""absolute"": -0.015410458572828134, ""relative"": -0.03608863974826576}, ""typical_capture"": {""absolute"": 0.01961585629361734, ""relative"": 0.055492840567140884}}",tier_b_paired,2026-08-23T17:06:55.642111+00:00
2116e5f9-e556-4c1f-88cc-ad226f751e85,ev_representativeness_v1,price_shock:top5:-0.50,price_shock,"{""cards"": [{""cardName"": ""Gastly"", ""cardNumber"": ""177/162"", ""rarityKey"": ""illustration rare""}, {""cardName"": ""Metang"", ""cardNumber"": ""114/162"", ""rarityKey"": ""common""}, {""cardName"": ""Gengar ex"", ""cardNumber"": ""193/162"", ""rarityKey"": ""ultra rare""}, {""cardName"": ""Sawsbuck"", ""cardNumber"": ""166/162"", ""rarityKey"": ""illustration rare""}, {""cardName"": ""Hero's Cape"", ""cardNumber"": ""152/162"", ""rarityKey"": ""ace spec rare""}], ""depth"": 5, ""factor"": -0.5}",4.9111294,1.9399999999999997,21.77,8.806020462507774,1.7930744122742468,2.9711294000000006,0.39502115338276356,0.11513186559490778,0.3954687887067281,0.5526673956096536,"{""cv"": {""absolute"": -0.2315086874715988, ""relative"": -0.11434881951778668}, ""ev"": {""absolute"": -0.5770893699999995, ""relative"": -0.10515057693299634}, ""gap"": {""absolute"": -0.577089369999999, ""relative"": -0.16264199233690405}, ""p50"": {""absolute"": -2.220446049250313e-16, ""relative"": -1.1445598192011924e-16}, ""p95"": {""absolute"": -3.509999999999998, ""relative"": -0.1388449367088607}, ""std_dev"": {""absolute"": -2.305334506942156, ""relative"": -0.20747555210688062}, ""top1"": {""absolute"": -0.02784720883437196, ""relative"": -0.19476422648228667}, ""top10"": {""absolute"": -0.028571376692420714, ""relative"": -0.049156006195629265}, ""top5"": {""absolute"": -0.03154809750241988, ""relative"": -0.0738802106457401}, ""typical_capture"": {""absolute"": 0.04153670217893518, ""relative"": 0.11750644770223297}}",tier_b_paired,2026-08-23T17:06:55.642111+00:00
2116e5f9-e556-4c1f-88cc-ad226f751e85,ev_representativeness_v1,rarity_ablation:ace spec rare,rarity_ablation,"{""rarityKey"": ""ace spec rare""}",5.162946390000001,1.8800000000000003,19.12,10.855819388064909,2.10264034681656,3.2829463900000007,0.3641331631181241,0.15126993019193447,0.44812009562624966,0.5810620377175756,"{""cv"": {""absolute"": 0.07805724707071438, ""relative"": 0.038554726195488456}, ""ev"": {""absolute"": -0.3252723799999986, ""relative"": -0.059267385946424035}, ""gap"": {""absolute"": -0.265272379999999, ""relative"": -0.07476212634994854}, ""p50"": {""absolute"": -0.05999999999999961, ""relative"": -0.03092783505154619}, ""p95"": {""absolute"": -6.159999999999997, ""relative"": -0.24367088607594925}, ""std_dev"": {""absolute"": -0.25553558138502197, ""relative"": -0.022997697588422225}, ""top1"": {""absolute"": 0.00829085576265473, ""relative"": 0.05798649764483929}, ""top10"": {""absolute"": -0.0001767345844987389, ""relative"": -0.00030406537368241597}, ""top5"": {""absolute"": 0.021103209417101698, ""relative"": 0.04942008173130088}, ""typical_capture"": {""absolute"": 0.010648711914295728, ""relative"": 0.0301249796929693}}",tier_b_paired,2026-08-23T17:06:55.642111+00:00
2116e5f9-e556-4c1f-88cc-ad226f751e85,ev_representativeness_v1,rarity_ablation:common,rarity_ablation,"{""rarityKey"": ""common""}",4.424190360000001,1.09,24.43,11.095637174370973,2.5079475048562268,3.334190360000001,0.24637276231486566,0.17505138499510678,0.5187382737301566,0.6990272385115002,"{""cv"": {""absolute"": 0.48336440511038115, ""relative"": 0.2387476242249873}, ""ev"": {""absolute"": -1.0640284099999988, ""relative"": -0.19387499926501633}, ""gap"": {""absolute"": -0.21402840999999873, ""relative"": -0.06031995879442314}, ""p50"": {""absolute"": -0.8499999999999999, ""relative"": -0.43814432989690716}, ""p95"": {""absolute"": -0.8499999999999979, ""relative"": -0.0336234177215189}, ""std_dev"": {""absolute"": -0.015717795078957764, ""relative"": -0.001414570511172849}, ""top1"": {""absolute"": 0.032072310565827045, ""relative"": 0.22431471663841718}, ""top10"": {""absolute"": 0.11778846620942585, ""relative"": 0.20265073808292036}, ""top5"": {""absolute"": 0.09172138752100861, ""relative"": 0.21479569188766115}, ""typical_capture"": {""absolute"": -0.10711168888896272, ""relative"": -0.3030166914674256}}",tier_b_paired,2026-08-23T17:06:55.642111+00:00
2116e5f9-e556-4c1f-88cc-ad226f751e85,ev_representativeness_v1,rarity_ablation:double rare,rarity_ablation,"{""rarityKey"": ""double rare""}",5.29727504,1.75,24.98,11.0977302747811,2.0949884971011623,3.5472750399999997,0.3303585309023335,0.14786020059098157,0.44063236331410116,0.598681343908471,"{""cv"": {""absolute"": 0.0704053973553167, ""relative"": 0.034775256873454584}, ""ev"": {""absolute"": -0.19094372999999987, ""relative"": -0.03479156680920718}, ""gap"": {""absolute"": -0.0009437299999999205, ""relative"": -0.0002659728898283013}, ""p50"": {""absolute"": -0.18999999999999995, ""relative"": -0.09793814432989688}, ""p95"": {""absolute"": -0.29999999999999716, ""relative"": -0.011867088607594825}, ""std_dev"": {""absolute"": -0.013624694668830983, ""relative"": -0.001226195608572613}, ""top1"": {""absolute"": 0.004881126161701832, ""relative"": 0.03413874499597585}, ""top10"": {""absolute"": 0.01744257160639673, ""relative"": 0.030009305018165042}, ""top5"": {""absolute"": 0.0136154771049532, ""relative"": 0.03188510231018006}, ""typical_capture"": {""absolute"": -0.02312592030149485, ""relative"": -0.06542273704751964}}",tier_b_paired,2026-08-23T17:06:55.642111+00:00
2116e5f9-e556-4c1f-88cc-ad226f751e85,ev_representativeness_v1,rarity_ablation:hyper rare,rarity_ablation,"{""rarityKey"": ""hyper rare""}",5.40939355,1.9200000000000002,25.279999999999998,11.094655114158275,2.0509979559831204,3.48939355,0.35493812425609156,0.14506255326902584,0.4332393397407736,0.5867185093234711,"{""cv"": {""absolute"": 0.026414856237274797, ""relative"": 0.013047059535659843}, ""ev"": {""absolute"": -0.0788252199999997, ""relative"": -0.014362623522021098}, ""gap"": {""absolute"": -0.05882521999999968, ""relative"": -0.0165788030031755}, ""p50"": {""absolute"": -0.019999999999999796, ""relative"": -0.01030927835051536}, ""p95"": {""absolute"": 0.0, ""relative"": 0.0}, ""std_dev"": {""absolute"": -0.016699855291655297, ""relative"": -0.0015029539905412658}, ""top1"": {""absolute"": 0.0020834788397461057, ""relative"": 0.014571914443163048}, ""top10"": {""absolute"": 0.005479737021396813, ""relative"": 0.009427686662563094}, ""top5"": {""absolute"": 0.006222453531625649, ""relative"": 0.014571914443163175}, ""typical_capture"": {""absolute"": 0.0014536730522631824, ""relative"": 0.004112410170553603}}",tier_b_paired,2026-08-23T17:06:55.642111+00:00
2116e5f9-e556-4c1f-88cc-ad226f751e85,ev_representativeness_v1,rarity_ablation:illustration rare,rarity_ablation,"{""rarityKey"": ""illustration rare""}",3.4808416900000005,1.84,8.149999999999999,6.677710775711834,1.9184184086555895,1.6408416900000005,0.5286077804934587,0.17213146513422736,0.36432668387168166,0.4552759479274107,"{""cv"": {""absolute"": -0.10616469109025606, ""relative"": -0.05243780366613915}, ""ev"": {""absolute"": -2.007377079999999, ""relative"": -0.36576112653759957}, ""gap"": {""absolute"": -1.9073770799999992, ""relative"": -0.5375590412087244}, ""p50"": {""absolute"": -0.09999999999999987, ""relative"": -0.051546391752577254}, ""p95"": {""absolute"": -17.13, ""relative"": -0.6776107594936709}, ""std_dev"": {""absolute"": -4.433644193738097, ""relative"": -0.3990192200616542}, ""top1"": {""absolute"": 0.02915239070494763, ""relative"": 0.2038927082254052}, ""top10"": {""absolute"": -0.1259628243746636, ""relative"": -0.2167144216408188}, ""top5"": {""absolute"": -0.0626902023374663, ""relative"": -0.14680965639087482}, ""typical_capture"": {""absolute"": 0.17512332928963031, ""relative"": 0.495420176738268}}",tier_b_paired,2026-08-23T17:06:55.642111+00:00
2116e5f9-e556-4c1f-88cc-ad226f751e85,ev_representativeness_v1,rarity_ablation:rare,rarity_ablation,"{""rarityKey"": ""rare""}",5.2465841,1.6300000000000001,25.05,11.125714082243315,2.1205633742234906,3.6165841,0.3106783325935822,0.14926422698532554,0.4447778050484313,0.6040366397633842,"{""cv"": {""absolute"": 0.09598027447764501, ""relative"": 0.04740742649175221}, ""ev"": {""absolute"": -0.24163466999999983, ""relative"": -0.04402788593647841}, ""gap"": {""absolute"": 0.06836533000000022, ""relative"": 0.01926750700323933}, ""p50"": {""absolute"": -0.30999999999999983, ""relative"": -0.1597938144329896}, ""p95"": {""absolute"": -0.22999999999999687, ""relative"": -0.009098101265822662}, ""std_dev"": {""absolute"": 0.014359112793384199, ""relative"": 0.0012922917891529703}, ""top1"": {""absolute"": 0.006285152556045809, ""relative"": 0.04395854834795821}, ""top10"": {""absolute"": 0.02279786746130985, ""relative"": 0.03922289521570598}, ""top5"": {""absolute"": 0.017760918839283324, ""relative"": 0.04159301285941238}, ""typical_capture"": {""absolute"": -0.04280611861024619, ""relative"": -0.12109759980804095}}",tier_b_paired,2026-08-23T17:06:55.642111+00:00
2116e5f9-e556-4c1f-88cc-ad226f751e85,ev_representativeness_v1,rarity_ablation:special illustration rare,rarity_ablation,"{""rarityKey"": ""special illustration rare""}",5.01854858,1.92,21.05,10.165430611163503,2.025571826020563,3.09854858,0.38258073412930876,0.15337780589941008,0.420159356114074,0.561704477911022,"{""cv"": {""absolute"": 0.0009887262747172443, ""relative"": 0.0004883604307678767}, ""ev"": {""absolute"": -0.46967018999999954, ""relative"": -0.08557789142213797}, ""gap"": {""absolute"": -0.4496701899999995, ""relative"": -0.126731247182935}, ""p50"": {""absolute"": -0.020000000000000018, ""relative"": -0.010309278350515474}, ""p95"": {""absolute"": -4.229999999999997, ""relative"": -0.1673259493670885}, ""std_dev"": {""absolute"": -0.9459243582864278, ""relative"": -0.08513132384728916}, ""top1"": {""absolute"": 0.010398731470130346, ""relative"": 0.07272904452374088}, ""top10"": {""absolute"": -0.019534294391052365, ""relative"": -0.033608037388290816}, ""top5"": {""absolute"": -0.006857530095073949, ""relative"": -0.016059154371977715}, ""typical_capture"": {""absolute"": 0.029096282925480388, ""relative"": 0.08231276602518144}}",tier_b_paired,2026-08-23T17:06:55.642111+00:00
2116e5f9-e556-4c1f-88cc-ad226f751e85,ev_representativeness_v1,rarity_ablation:ultra rare,rarity_ablation,"{""rarityKey"": ""ultra rare""}",5.0807813,1.84,24.5404999999993,10.488829323712457,2.0644126767889923,3.2407813,0.36214902617437994,0.15060876956069733,0.43125650379794944,0.5871288220967119,"{""cv"": {""absolute"": 0.03982957704314671, ""relative"": 0.01967297714188501}, ""ev"": {""absolute"": -0.40743746999999964, ""relative"": -0.07423856210454957}, ""gap"": {""absolute"": -0.30743746999999955, ""relative"": -0.08664557907177735}, ""p50"": {""absolute"": -0.09999999999999987, ""relative"": -0.051546391752577254}, ""p95"": {""absolute"": -0.7395000000006959, ""relative"": -0.029252373417749052}, ""std_dev"": {""absolute"": -0.6225256457374737, ""relative"": -0.05602607849799365}, ""top1"": {""absolute"": 0.007629695131417591, ""relative"": 0.053362320058879587}, ""top10"": {""absolute"": 0.005890049794637586, ""relative"": 0.01013361474718772}, ""top5"": {""absolute"": 0.004239617588801481, ""relative"": 0.009928454179971152}, ""typical_capture"": {""absolute"": 0.008664574970551564, ""relative"": 0.02451189844714087}}",tier_b_paired,2026-08-23T17:06:55.642111+00:00
2116e5f9-e556-4c1f-88cc-ad226f751e85,ev_representativeness_v1,rarity_ablation:uncommon,rarity_ablation,"{""rarityKey"": ""uncommon""}",4.785189150000001,1.28,24.669999999999998,11.13019986153089,2.325968632092817,3.5051891500000005,0.26749203842861674,0.16263858242677823,0.4832828980229548,0.6538088802612954,"{""cv"": {""absolute"": 0.3013855323469712, ""relative"": 0.14886300907322864}, ""ev"": {""absolute"": -0.7030296199999988, ""relative"": -0.12809795845656474}, ""gap"": {""absolute"": -0.0430296199999991, ""relative"": -0.012127104552800477}, ""p50"": {""absolute"": -0.6599999999999999, ""relative"": -0.34020618556701027}, ""p95"": {""absolute"": -0.6099999999999994, ""relative"": -0.024129746835443017}, ""std_dev"": {""absolute"": 0.018844892080959852, ""relative"": 0.001696003064682288}, ""top1"": {""absolute"": 0.019659507997498493, ""relative"": 0.13749919752923337}, ""top10"": {""absolute"": 0.07257010795922103, ""relative"": 0.12485421038207303}, ""top5"": {""absolute"": 0.05626601181380686, ""relative"": 0.13176530865865668}, ""typical_capture"": {""absolute"": -0.08599241277521164, ""relative"": -0.2432707081806723}}",tier_b_paired,2026-08-23T17:06:55.642111+00:00
2116e5f9-e556-4c1f-88cc-ad226f751e85,ev_representativeness_v1,top_card_ablation:1,top_card_ablation,"{""cards"": [{""cardName"": ""Gastly"", ""cardNumber"": ""177/162"", ""evShare"": 0.062205457600590514, ""priceUsed"": 97.99, ""rarityKey"": ""illustration rare""}], ""depth"": 1}",5.146821609999999,1.93,24.58,9.588578572381676,1.8630096978204143,3.2168216099999993,0.37498871075113877,0.1257125637972131,0.40421178498937715,0.5596402825393437,"{""cv"": {""absolute"": -0.16157340192543135, ""relative"": -0.07980576442908881}, ""ev"": {""absolute"": -0.34139716000000053, ""relative"": -0.06220545760059061}, ""gap"": {""absolute"": -0.3313971600000003, ""relative"": -0.09339817567111296}, ""p50"": {""absolute"": -0.010000000000000009, ""relative"": -0.005154639175257737}, ""p95"": {""absolute"": -0.6999999999999993, ""relative"": -0.027689873417721493}, ""std_dev"": {""absolute"": -1.5227763970682542, ""relative"": -0.13704686793420295}, ""top1"": {""absolute"": -0.017266510632066634, ""relative"": -0.12076250109317213}, ""top10"": {""absolute"": -0.0215984897627306, ""relative"": -0.03715940985352177}, ""top5"": {""absolute"": -0.022805101219770807, ""relative"": -0.053405619206827175}, ""typical_capture"": {""absolute"": 0.02150425954731039, ""relative"": 0.06083509323840236}}",tier_b_paired,2026-08-23T17:06:55.642111+00:00
2116e5f9-e556-4c1f-88cc-ad226f751e85,ev_representativeness_v1,top_card_ablation:10,top_card_ablation,"{""cards"": [{""cardName"": ""Gastly"", ""cardNumber"": ""177/162"", ""evShare"": 0.062205457600590514, ""priceUsed"": 97.99, ""rarityKey"": ""illustration rare""}, {""cardName"": ""Metang"", ""cardNumber"": ""114/162"", ""evShare"": 0.041952403803319965, ""priceUsed"": 4.07, ""rarityKey"": ""common""}, {""cardName"": ""Gengar ex"", ""cardNumber"": ""193/162"", ""evShare"": 0.04026020085201523, ""priceUsed"": 61.91, ""rarityKey"": ""ultra rare""}, {""cardName"": ""Sawsbuck"", ""cardNumber"": ""166/162"", ""evShare"": 0.03708348528533603, ""priceUsed"": 59.93, ""rarityKey"": ""illustration rare""}, {""cardName"": ""Hero's Cape"", ""cardNumber"": ""152/162"", ""evShare"": 0.02879960632473111, ""priceUsed"": 23.22, ""rarityKey"": ""ace spec rare""}, {""cardName"": ""Cinccino"", ""cardNumber"": ""183/162"", ""evShare"": 0.027723984115159465, ""priceUsed"": 43.61, ""rarityKey"": ""illustration rare""}, {""cardName"": ""Deerling"", ""cardNumber"": ""165/162"", ""evShare"": 0.027439804481409185, ""priceUsed"": 44.15, ""rarityKey"": ""illustration rare""}, {""cardName"": ""Litten"", ""cardNumber"": ""167/162"", ""evShare"": 0.026389421790487404, ""priceUsed"": 40.66, ""rarityKey"": ""illustration rare""}, {""cardName"": ""Neo Upper Energy"", ""cardNumber"": ""162/162"", ""evShare"": 0.0249755404703009, ""priceUsed"": 19.59, ""rarityKey"": ""ace spec rare""}, {""cardName"": ""Metagross"", ""cardNumber"": ""178/162"", ""evShare"": 0.02161742907344053, ""priceUsed"": 34.66, ""rarityKey"": ""illustration rare""}], ""depth"": 10}",3.63074576,1.83,13.33,6.315997210278201,1.7395867482272296,1.8007457599999999,0.5040286819752425,0.13381895955171474,0.3591876121890726,0.48960013107610145,"{""cv"": {""absolute"": -0.284996351518616, ""relative"": -0.1407679198519403}, ""ev"": {""absolute"": -1.8574730099999996, ""relative"": -0.33844733379679026}, ""gap"": {""absolute"": -1.7474730099999998, ""relative"": -0.49249302911500015}, ""p50"": {""absolute"": -0.10999999999999988, ""relative"": -0.05670103092783499}, ""p95"": {""absolute"": -11.949999999999998, ""relative"": -0.4727056962025316}, ""std_dev"": {""absolute"": -4.795357759171729, ""relative"": -0.43157272649072104}, ""top1"": {""absolute"": -0.00916011487756499, ""relative"": -0.0640661223618129}, ""top10"": {""absolute"": -0.09163864122597287, ""relative"": -0.15766092283043284}, ""top5"": {""absolute"": -0.06782927402007538, ""relative"": -0.15884447714054423}, ""typical_capture"": {""absolute"": 0.15054423077141416, ""relative"": 0.42588642939942617}}",tier_b_paired,2026-08-23T17:06:55.642111+00:00
2116e5f9-e556-4c1f-88cc-ad226f751e85,ev_representativeness_v1,top_card_ablation:5,top_card_ablation,"{""cards"": [{""cardName"": ""Gastly"", ""cardNumber"": ""177/162"", ""evShare"": 0.062205457600590514, ""priceUsed"": 97.99, ""rarityKey"": ""illustration rare""}, {""cardName"": ""Metang"", ""cardNumber"": ""114/162"", ""evShare"": 0.041952403803319965, ""priceUsed"": 4.07, ""rarityKey"": ""common""}, {""cardName"": ""Gengar ex"", ""cardNumber"": ""193/162"", ""evShare"": 0.04026020085201523, ""priceUsed"": 61.91, ""rarityKey"": ""ultra rare""}, {""cardName"": ""Sawsbuck"", ""cardNumber"": ""166/162"", ""evShare"": 0.03708348528533603, ""priceUsed"": 59.93, ""rarityKey"": ""illustration rare""}, {""cardName"": ""Hero's Cape"", ""cardNumber"": ""152/162"", ""evShare"": 0.02879960632473111, ""priceUsed"": 23.22, ""rarityKey"": ""ace spec rare""}], ""depth"": 5}",4.334040030000001,1.85,18.010499999999304,7.958770753744425,1.8363399273320566,2.4840400300000005,0.42685346401842067,0.1251332212545347,0.39964249015023523,0.5474013630649369,"{""cv"": {""absolute"": -0.18824317241378896, ""relative"": -0.09297873346735924}, ""ev"": {""absolute"": -1.154178739999999, ""relative"": -0.21030115386599268}, ""gap"": {""absolute"": -1.0641787399999991, ""relative"": -0.2999191450644401}, ""p50"": {""absolute"": -0.08999999999999986, ""relative"": -0.04639175257731951}, ""p95"": {""absolute"": -7.2695000000006935, ""relative"": -0.28755933544306544}, ""std_dev"": {""absolute"": -3.152584215705505, ""relative"": -0.28372635240016764}, ""top1"": {""absolute"": -0.017845853174745047, ""relative"": -0.1248144404765465}, ""top10"": {""absolute"": -0.033837409237137406, ""relative"": -0.058216022140298376}, ""top5"": {""absolute"": -0.02737439605891273, ""relative"": -0.06410612072494264}, ""typical_capture"": {""absolute"": 0.0733690128145923, ""relative"": 0.20755937797186388}}",tier_b_paired,2026-08-23T17:06:55.642111+00:00
2116e5f9-e556-4c1f-88cc-ad226f751e85,ev_representativeness_v1,winsorize_top:0.0100,winsorization,"{""quantile"": 0.01}",5.33361833,1.94,25.279999999999998,10.017674956225521,1.8782136884221936,3.3936183300000002,0.3637305633753512,0.11813743710454064,0.4104083784337826,0.5691005452952985,"{""cv"": {""absolute"": -0.146369411323652, ""relative"": -0.07229607485216406}, ""ev"": {""absolute"": -0.1546004399999994, ""relative"": -0.028169511180036178}, ""gap"": {""absolute"": -0.1546004399999994, ""relative"": -0.04357128182375277}, ""p50"": {""absolute"": 0.0, ""relative"": 0.0}, ""p95"": {""absolute"": 0.0, ""relative"": 0.0}, ""std_dev"": {""absolute"": -1.093680013224409, ""relative"": -0.09842904094337937}, ""top1"": {""absolute"": -0.024841637324739096, ""relative"": -0.17374316782996282}, ""top10"": {""absolute"": -0.012138227006775804, ""relative"": -0.02088337458752231}, ""top5"": {""absolute"": -0.016608507775365378, ""relative"": -0.03889426463390659}, ""typical_capture"": {""absolute"": 0.010246112171522825, ""relative"": 0.028986033576946922}}",tier_b_paired,2026-08-23T17:06:55.642111+00:00
5a4f1a2c-216b-44f0-bd80-7a683a6b9d68,ev_representativeness_v1,price_shock:top1:-0.10,price_shock,"{""cards"": [{""cardName"": ""Team Rocket's Mewtwo ex"", ""cardNumber"": ""231/182"", ""rarityKey"": ""special illustration rare""}], ""depth"": 1, ""factor"": -0.1}",4.396892655,1.8599999999999999,11.639999999999999,17.91927126618217,4.075439787188111,2.5368926550000004,0.42302601995181066,0.3042629101892413,0.5055400982947126,0.5946077469112104,"{""cv"": {""absolute"": -0.22295392447657925, ""relative"": -0.05186912587172784}, ""ev"": {""absolute"": -0.047053804999999116, ""relative"": -0.01058829250611609}, ""gap"": {""absolute"": -0.047053804999999116, ""relative"": -0.018210054166524457}, ""p50"": {""absolute"": 0.0, ""relative"": 0.0}, ""p95"": {""absolute"": 0.0, ""relative"": 0.0}, ""std_dev"": {""absolute"": -1.182560252456387, ""relative"": -0.061908212901077425}, ""top1"": {""absolute"": -0.007366667814270478, ""relative"": -0.023639180405999403}, ""top10"": {""absolute"": -0.004292411755417613, ""relative"": -0.007167157485772086}, ""top5"": {""absolute"": -0.005235486071801132, ""relative"": -0.010250071131129754}, ""typical_capture"": {""absolute"": 0.0044791232369478795, ""relative"": 0.010701604221902295}}",tier_b_paired,2026-08-23T16:52:31.861867+00:00
5a4f1a2c-216b-44f0-bd80-7a683a6b9d68,ev_representativeness_v1,price_shock:top1:-0.25,price_shock,"{""cards"": [{""cardName"": ""Team Rocket's Mewtwo ex"", ""cardNumber"": ""231/182"", ""rarityKey"": ""special illustration rare""}], ""depth"": 1, ""factor"": -0.25}",4.3263119475,1.8599999999999999,11.639999999999999,16.25165862608606,3.7564694417094064,2.4663119475,0.42992738909518957,0.29291245358122664,0.49747333609257727,0.587994060153241,"{""cv"": {""absolute"": -0.5419242699552842, ""relative"": -0.12607599636223335}, ""ev"": {""absolute"": -0.11763451249999957, ""relative"": -0.026470731265290624}, ""gap"": {""absolute"": -0.11763451249999957, ""relative"": -0.045525135416311834}, ""p50"": {""absolute"": 0.0, ""relative"": 0.0}, ""p95"": {""absolute"": 0.0, ""relative"": 0.0}, ""std_dev"": {""absolute"": -2.8501728925525, ""relative"": -0.1492094038088155}, ""top1"": {""absolute"": -0.018717124422285125, ""relative"": -0.06006209212295696}, ""top10"": {""absolute"": -0.010906098513387086, ""relative"": -0.018210211427674473}, ""top5"": {""absolute"": -0.013302248273936446, ""relative"": -0.02604323440877558}, ""typical_capture"": {""absolute"": 0.01138049238032679, ""relative"": 0.027190483240113014}}",tier_b_paired,2026-08-23T16:52:31.861867+00:00
5a4f1a2c-216b-44f0-bd80-7a683a6b9d68,ev_representativeness_v1,price_shock:top1:-0.50,price_shock,"{""cards"": [{""cardName"": ""Team Rocket's Mewtwo ex"", ""cardNumber"": ""231/182"", ""rarityKey"": ""special illustration rare""}], ""depth"": 1, ""factor"": -0.5}",4.208677434999999,1.8599999999999999,11.639999999999999,13.867408676501059,3.29495640629942,2.3486774349999995,0.4419440616978526,0.2731490243086305,0.4834274796352977,0.5764783004806353,"{""cv"": {""absolute"": -1.0034373053652708, ""relative"": -0.23344471741669692}, ""ev"": {""absolute"": -0.23526902500000002, ""relative"": -0.05294146253058144}, ""gap"": {""absolute"": -0.23526902500000002, ""relative"": -0.09105027083262401}, ""p50"": {""absolute"": 0.0, ""relative"": 0.0}, ""p95"": {""absolute"": 0.0, ""relative"": 0.0}, ""std_dev"": {""absolute"": -5.2344228421375, ""relative"": -0.27402727518720005}, ""top1"": {""absolute"": -0.03848055369488129, ""relative"": -0.12348171165718953}, ""top10"": {""absolute"": -0.022421858185992738, ""relative"": -0.037438390792735865}, ""top5"": {""absolute"": -0.027348104731216016, ""relative"": -0.05354231010304523}, ""typical_capture"": {""absolute"": 0.023397164982989826, ""relative"": 0.055900940053867525}}",tier_b_paired,2026-08-23T16:52:31.861867+00:00
5a4f1a2c-216b-44f0-bd80-7a683a6b9d68,ev_representativeness_v1,price_shock:top5:-0.10,price_shock,"{""cards"": [{""cardName"": ""Team Rocket's Mewtwo ex"", ""cardNumber"": ""231/182"", ""rarityKey"": ""special illustration rare""}, {""cardName"": ""Cynthia's Garchomp ex"", ""cardNumber"": ""232/182"", ""rarityKey"": ""special illustration rare""}, {""cardName"": ""Misty's Psyduck"", ""cardNumber"": ""193/182"", ""rarityKey"": ""illustration rare""}, {""cardName"": ""Ethan's Ho-Oh ex"", ""cardNumber"": ""230/182"", ""rarityKey"": ""special illustration rare""}, {""cardName"": ""Misty's Lapras"", ""cardNumber"": ""194/182"", ""rarityKey"": ""illustration rare""}], ""depth"": 5, ""factor"": -0.1}",4.324259043,1.8599999999999999,11.639999999999999,17.4114319497804,4.026454422975789,2.4642590429999998,0.4301314933967521,0.29592695772273137,0.4972347659145543,0.5877984639043743,"{""cv"": {""absolute"": -0.2719392886889018, ""relative"": -0.06326532815059062}, ""ev"": {""absolute"": -0.11968741699999974, ""relative"": -0.026932686538262154}, ""gap"": {""absolute"": -0.11968741699999974, ""relative"": -0.04631961956363437}, ""p50"": {""absolute"": 0.0, ""relative"": 0.0}, ""p95"": {""absolute"": 0.0, ""relative"": 0.0}, ""std_dev"": {""absolute"": -1.6903995688581581, ""relative"": -0.08849410943703254}, ""top1"": {""absolute"": -0.0157026202807804, ""relative"": -0.05038873518162466}, ""top10"": {""absolute"": -0.011101694762253755, ""relative"": -0.01853680384217999}, ""top5"": {""absolute"": -0.013540818451959424, ""relative"": -0.026510308766526772}, ""typical_capture"": {""absolute"": 0.011584596681889325, ""relative"": 0.02767813301882248}}",tier_b_paired,2026-08-23T16:52:31.861867+00:00
5a4f1a2c-216b-44f0-bd80-7a683a6b9d68,ev_representativeness_v1,price_shock:top5:-0.25,price_shock,"{""cards"": [{""cardName"": ""Team Rocket's Mewtwo ex"", ""cardNumber"": ""231/182"", ""rarityKey"": ""special illustration rare""}, {""cardName"": ""Cynthia's Garchomp ex"", ""cardNumber"": ""232/182"", ""rarityKey"": ""special illustration rare""}, {""cardName"": ""Misty's Psyduck"", ""cardNumber"": ""193/182"", ""rarityKey"": ""illustration rare""}, {""cardName"": ""Ethan's Ho-Oh ex"", ""cardNumber"": ""230/182"", ""rarityKey"": ""special illustration rare""}, {""cardName"": ""Misty's Lapras"", ""cardNumber"": ""194/182"", ""rarityKey"": ""illustration rare""}], ""depth"": 5, ""factor"": -0.25}",4.144727917499999,1.8599999999999999,11.639999999999999,14.927630334504782,3.60159475643187,2.2847279174999993,0.4487628710552145,0.2707438913570133,0.47545721859799245,0.5699437320182066,"{""cv"": {""absolute"": -0.6967989552328206, ""relative"": -0.1621068245428274}, ""ev"": {""absolute"": -0.29921854250000024, ""relative"": -0.06733171634565559}, ""gap"": {""absolute"": -0.29921854250000024, ""relative"": -0.11579904890908625}, ""p50"": {""absolute"": 0.0, ""relative"": 0.0}, ""p95"": {""absolute"": 0.0, ""relative"": 0.0}, ""std_dev"": {""absolute"": -4.174201184133777, ""relative"": -0.2185236101606703}, ""top1"": {""absolute"": -0.04088568664649844, ""relative"": -0.13119963422097788}, ""top10"": {""absolute"": -0.028956426648421463, ""relative"": -0.04834933874936536}, ""top5"": {""absolute"": -0.035318365768521265, ""relative"": -0.06914654272741845}, ""typical_capture"": {""absolute"": 0.030215974340351726, ""relative"": 0.072192565701751}}",tier_b_paired,2026-08-23T16:52:31.861867+00:00
5a4f1a2c-216b-44f0-bd80-7a683a6b9d68,ev_representativeness_v1,price_shock:top5:-0.50,price_shock,"{""cards"": [{""cardName"": ""Team Rocket's Mewtwo ex"", ""cardNumber"": ""231/182"", ""rarityKey"": ""special illustration rare""}, {""cardName"": ""Cynthia's Garchomp ex"", ""cardNumber"": ""232/182"", ""rarityKey"": ""special illustration rare""}, {""cardName"": ""Misty's Psyduck"", ""cardNumber"": ""193/182"", ""rarityKey"": ""illustration rare""}, {""cardName"": ""Ethan's Ho-Oh ex"", ""cardNumber"": ""230/182"", ""rarityKey"": ""special illustration rare""}, {""cardName"": ""Misty's Lapras"", ""cardNumber"": ""194/182"", ""rarityKey"": ""illustration rare""}], ""depth"": 5, ""factor"": -0.5}",3.845509375,1.8599999999999999,11.639999999999999,11.029610197246868,2.8681792505698596,1.985509375,0.4836810468054053,0.2255527149768033,0.4346426187037965,0.5364811144167344,"{""cv"": {""absolute"": -1.430214461094831, ""relative"": -0.3327323081674933}, ""ev"": {""absolute"": -0.5984370849999996, ""relative"": -0.13466343269131098}, ""gap"": {""absolute"": -0.5984370849999996, ""relative"": -0.23159809781817217}, ""p50"": {""absolute"": 0.0, ""relative"": 0.0}, ""p95"": {""absolute"": 0.0, ""relative"": 0.0}, ""std_dev"": {""absolute"": -8.072221321391691, ""relative"": -0.42258886607366647}, ""top1"": {""absolute"": -0.08607686302670847, ""relative"": -0.2762153181292004}, ""top10"": {""absolute"": -0.06241904424989364, ""relative"": -0.10422278796663101}, ""top5"": {""absolute"": -0.07613296566271721, ""relative"": -0.14905365094367354}, ""typical_capture"": {""absolute"": 0.06513415009054252, ""relative"": 0.15561971812901887}}",tier_b_paired,2026-08-23T16:52:31.861867+00:00
5a4f1a2c-216b-44f0-bd80-7a683a6b9d68,ev_representativeness_v1,rarity_ablation:common,rarity_ablation,"{""rarityKey"": ""common""}",3.7014790499999997,1.12,10.93,19.116390245705677,5.164527473336822,2.5814790499999996,0.3025817476935335,0.37243642375876745,0.6046098248212428,0.7014704648942968,"{""cv"": {""absolute"": 0.8661337616721312, ""relative"": 0.20150172826692814}, ""ev"": {""absolute"": -0.7424674099999997, ""relative"": -0.1670738872943127}, ""gap"": {""absolute"": -0.0024674099999999477, ""relative"": -0.0009548998163065454}, ""p50"": {""absolute"": -0.7399999999999998, ""relative"": -0.3978494623655913}, ""p95"": {""absolute"": -0.7099999999999991, ""relative"": -0.06099656357388309}, ""std_dev"": {""absolute"": 0.014558727067118582, ""relative"": 0.0007621639345375309}, ""top1"": {""absolute"": 0.06080684575525569, ""relative"": 0.1951253990228439}, ""top10"": {""absolute"": 0.10257030622766872, ""relative"": 0.1712644499143696}, ""top5"": {""absolute"": 0.0938342404547291, ""relative"": 0.18370933013782648}, ""typical_capture"": {""absolute"": -0.11596514902132926, ""relative"": -0.2770660825143595}}",tier_b_paired,2026-08-23T16:52:31.861867+00:00
5a4f1a2c-216b-44f0-bd80-7a683a6b9d68,ev_representativeness_v1,rarity_ablation:double rare,rarity_ablation,"{""rarityKey"": ""double rare""}",4.297371060000001,1.73,11.549999999999999,19.10407139852326,4.445525213390174,2.5673710600000006,0.4025717062468419,0.3219581857564796,0.5267981210819621,0.6166987358080267,"{""cv"": {""absolute"": 0.14713150172548328, ""relative"": 0.034229414891941555}, ""ev"": {""absolute"": -0.1465753999999988, ""relative"": -0.03298316064770925}, ""gap"": {""absolute"": -0.016575399999998908, ""relative"": -0.006414761395636236}, ""p50"": {""absolute"": -0.1299999999999999, ""relative"": -0.06989247311827952}, ""p95"": {""absolute"": -0.08999999999999986, ""relative"": -0.007731958762886587}, ""std_dev"": {""absolute"": 0.0022398798847014234, ""relative"": 0.00011725995397435407}, ""top1"": {""absolute"": 0.010328607752967844, ""relative"": 0.03314386207862288}, ""top10"": {""absolute"": 0.017798577141398653, ""relative"": 0.029718771791653602}, ""top5"": {""absolute"": 0.0160225367154484, ""relative"": 0.03136903408435282}, ""typical_capture"": {""absolute"": -0.015975190468020872, ""relative"": -0.038168221036659726}}",tier_b_paired,2026-08-23T16:52:31.861867+00:00
5a4f1a2c-216b-44f0-bd80-7a683a6b9d68,ev_representativeness_v1,rarity_ablation:hyper rare,rarity_ablation,"{""rarityKey"": ""hyper rare""}",4.27795721,1.85,10.73,18.95756491984424,4.431452674545158,2.42795721,0.43244939329348736,0.32013009779497065,0.5059930742037506,0.5895499735491744,"{""cv"": {""absolute"": 0.13305896288046704, ""relative"": 0.030955508454095445}, ""ev"": {""absolute"": -0.1659892499999991, ""relative"": -0.03735176638469202}, ""gap"": {""absolute"": -0.1559892499999993, ""relative"": -0.06036860763748152}, ""p50"": {""absolute"": -0.009999999999999787, ""relative"": -0.005376344086021391}, ""p95"": {""absolute"": -0.9099999999999984, ""relative"": -0.07817869415807546}, ""std_dev"": {""absolute"": -0.14426659879431725, ""relative"": -0.007552500850693271}, ""top1"": {""absolute"": 0.008500519791458883, ""relative"": 0.027277641120969236}, ""top10"": {""absolute"": -0.009350185117453669, ""relative"": -0.015612260210901627}, ""top5"": {""absolute"": -0.004782510162763098, ""relative"": -0.009363231738444541}, ""typical_capture"": {""absolute"": 0.013902496578624579, ""relative"": 0.033216102395559575}}",tier_b_paired,2026-08-23T16:52:31.861867+00:00
5a4f1a2c-216b-44f0-bd80-7a683a6b9d68,ev_representativeness_v1,rarity_ablation:illustration rare,rarity_ablation,"{""rarityKey"": ""illustration rare""}",3.4450676399999995,1.8,3.98,18.506366997377548,5.371844309384169,1.6450676399999995,0.5224861129286855,0.3757334210134696,0.48755242146711525,0.5322547135823434,"{""cv"": {""absolute"": 1.0734505977194786, ""relative"": 0.24973296299183131}, ""ev"": {""absolute"": -0.9988788199999998, ""relative"": -0.22477291951892686}, ""gap"": {""absolute"": -0.93887882, ""relative"": -0.363350725153957}, ""p50"": {""absolute"": -0.05999999999999983, ""relative"": -0.03225806451612894}, ""p95"": {""absolute"": -7.659999999999998, ""relative"": -0.6580756013745703}, ""std_dev"": {""absolute"": -0.595464521261011, ""relative"": -0.03117316371888152}, ""top1"": {""absolute"": 0.06410384300995786, ""relative"": 0.20570525885458624}, ""top10"": {""absolute"": -0.0666454450842846, ""relative"": -0.11127972520939361}, ""top5"": {""absolute"": -0.023223162899398464, ""relative"": -0.04546647022723463}, ""typical_capture"": {""absolute"": 0.10393921621382274, ""relative"": 0.2483335010476302}}",tier_b_paired,2026-08-23T16:52:31.861867+00:00
5a4f1a2c-216b-44f0-bd80-7a683a6b9d68,ev_representativeness_v1,rarity_ablation:rare,rarity_ablation,"{""rarityKey"": ""rare""}",4.21632059,1.59,11.530000000000001,19.1075038281572,4.531795773185549,2.6263205899999997,0.37710604923426855,0.32795710868845485,0.5361331240706249,0.6271206004285362,"{""cv"": {""absolute"": 0.23340206152085852, ""relative"": 0.05429983318826002}, ""ev"": {""absolute"": -0.22762586999999979, ""relative"": -0.051221559946516504}, ""gap"": {""absolute"": 0.04237413000000023, ""relative"": 0.016398996904912744}, ""p50"": {""absolute"": -0.2699999999999998, ""relative"": -0.14516129032258054}, ""p95"": {""absolute"": -0.10999999999999766, ""relative"": -0.009450171821305642}, ""std_dev"": {""absolute"": 0.005672309518640617, ""relative"": 0.0002969510810052888}, ""top1"": {""absolute"": 0.01632753068494308, ""relative"": 0.05239403393460645}, ""top10"": {""absolute"": 0.028220441761908188, ""relative"": 0.04712044462425468}, ""top5"": {""absolute"": 0.025357539704111143, ""relative"": 0.04964516801553989}, ""typical_capture"": {""absolute"": -0.041440847480594234, ""relative"": -0.0990112405703154}}",tier_b_paired,2026-08-23T16:52:31.861867+00:00
5a4f1a2c-216b-44f0-bd80-7a683a6b9d68,ev_representativeness_v1,rarity_ablation:special illustration rare,rarity_ablation,"{""rarityKey"": ""special illustration rare""}",3.2058336,1.85,9.45,5.747240978479242,1.792744632310062,1.3558336,0.5770729959284225,0.14897167775644998,0.3515152190057525,0.4563829763341428,"{""cv"": {""absolute"": -2.5056490793546287, ""relative"": -0.5829268437079106}, ""ev"": {""absolute"": -1.2381128599999993, ""relative"": -0.27860661039557155}, ""gap"": {""absolute"": -1.2281128599999995, ""relative"": -0.4752857224448837}, ""p50"": {""absolute"": -0.009999999999999787, ""relative"": -0.005376344086021391}, ""p95"": {""absolute"": -2.1899999999999995, ""relative"": -0.1881443298969072}, ""std_dev"": {""absolute"": -13.354590540159316, ""relative"": -0.699126182069432}, ""top1"": {""absolute"": -0.16265790024706178, ""relative"": -0.5219591198279285}, ""top10"": {""absolute"": -0.14251718233248523, ""relative"": -0.237964843171491}, ""top5"": {""absolute"": -0.1592603653607612, ""relative"": -0.3118010536041634}, ""typical_capture"": {""absolute"": 0.15852609921355976, ""relative"": 0.3787534932353267}}",tier_b_paired,2026-08-23T16:52:31.861867+00:00
5a4f1a2c-216b-44f0-bd80-7a683a6b9d68,ev_representativeness_v1,rarity_ablation:ultra rare,rarity_ablation,"{""rarityKey"": ""ultra rare""}",4.19878183,1.81,10.31,19.072301529478864,4.542341636616748,2.3887818299999997,0.43107741084989887,0.32961871943701354,0.5309925879144809,0.6086892135569711,"{""cv"": {""absolute"": 0.24394792495205753, ""relative"": 0.05675327606450943}, ""ev"": {""absolute"": -0.24516462999999966, ""relative"": -0.05516822315631582}, ""gap"": {""absolute"": -0.19516462999999984, ""relative"": -0.07552967254592415}, ""p50"": {""absolute"": -0.04999999999999982, ""relative"": -0.026881720430107434}, ""p95"": {""absolute"": -1.3299999999999983, ""relative"": -0.1142611683848796}, ""std_dev"": {""absolute"": -0.029529989159694736, ""relative"": -0.0015459244905851532}, ""top1"": {""absolute"": 0.017989141433501776, ""relative"": 0.05772603983470098}, ""top10"": {""absolute"": 0.009789054890343096, ""relative"": 0.01634505309221679}, ""top5"": {""absolute"": 0.020217003547967183, ""relative"": 0.03958099049123735}, ""typical_capture"": {""absolute"": 0.012530514135036086, ""relative"": 0.029938136522781492}}",tier_b_paired,2026-08-23T16:52:31.861867+00:00
5a4f1a2c-216b-44f0-bd80-7a683a6b9d68,ev_representativeness_v1,rarity_ablation:uncommon,rarity_ablation,"{""rarityKey"": ""uncommon""}",3.76481424,1.19,11.0,19.11602151970156,5.077547071672137,2.5748142400000003,0.3160846522934953,0.3663459422104183,0.5952751788359151,0.6913091866120863,"{""cv"": {""absolute"": 0.7791533600074461, ""relative"": 0.18126616877672985}, ""ev"": {""absolute"": -0.6791322199999992, ""relative"": -0.15282187265595437}, ""gap"": {""absolute"": -0.009132219999999247, ""relative"": -0.003534214095132315}, ""p50"": {""absolute"": -0.6699999999999999, ""relative"": -0.3602150537634409}, ""p95"": {""absolute"": -0.6399999999999988, ""relative"": -0.05498281786941571}, ""std_dev"": {""absolute"": 0.014190001063003166, ""relative"": 0.0007428607591453894}, ""top1"": {""absolute"": 0.05471636420690651, ""relative"": 0.17558142124201673}, ""top10"": {""absolute"": 0.09240902794545824, ""relative"": 0.15429788522880794}, ""top5"": {""absolute"": 0.08449959446940136, ""relative"": 0.16543389515025755}, ""typical_capture"": {""absolute"": -0.10246224442136748, ""relative"": -0.24480469267741437}}",tier_b_paired,2026-08-23T16:52:31.861867+00:00
5a4f1a2c-216b-44f0-bd80-7a683a6b9d68,ev_representativeness_v1,top_card_ablation:1,top_card_ablation,"{""cards"": [{""cardName"": ""Team Rocket's Mewtwo ex"", ""cardNumber"": ""231/182"", ""evShare"": 0.10588292506116286, ""priceUsed"": 492.71, ""rarityKey"": ""special illustration rare""}], ""depth"": 1}",3.9734084100000002,1.8599999999999999,11.52,11.642112253162708,2.9300064458168062,2.1134084100000003,0.4681119603308032,0.24197751421178476,0.45524903894789914,0.5523726039528869,"{""cv"": {""absolute"": -1.3683872658478844, ""relative"": -0.3183485175251507}, ""ev"": {""absolute"": -0.47053804999999915, ""relative"": -0.10588292506116269}, ""gap"": {""absolute"": -0.47053804999999915, ""relative"": -0.18210054166524767}, ""p50"": {""absolute"": 0.0, ""relative"": 0.0}, ""p95"": {""absolute"": -0.11999999999999922, ""relative"": -0.010309278350515398}, ""std_dev"": {""absolute"": -7.459719265475851, ""relative"": -0.3905237703618656}, ""top1"": {""absolute"": -0.069652063791727, ""relative"": -0.22350915544654137}, ""top10"": {""absolute"": -0.04652755471374115, ""relative"": -0.07768833258840437}, ""top5"": {""absolute"": -0.05552654541861457, ""relative"": -0.10871025772988156}, ""typical_capture"": {""absolute"": 0.04956506361594043, ""relative"": 0.11842176827727595}}",tier_b_paired,2026-08-23T16:52:31.861867+00:00
5a4f1a2c-216b-44f0-bd80-7a683a6b9d68,ev_representativeness_v1,top_card_ablation:10,top_card_ablation,"{""cards"": [{""cardName"": ""Team Rocket's Mewtwo ex"", ""cardNumber"": ""231/182"", ""evShare"": 0.10588292506116286, ""priceUsed"": 492.71, ""rarityKey"": ""special illustration rare""}, {""cardName"": ""Cynthia's Garchomp ex"", ""cardNumber"": ""232/182"", ""evShare"": 0.05242453798599544, ""priceUsed"": 236.76, ""rarityKey"": ""special illustration rare""}, {""cardName"": ""Misty's Psyduck"", ""cardNumber"": ""193/182"", ""evShare"": 0.04945231495880803, ""priceUsed"": 62.01, ""rarityKey"": ""illustration rare""}, {""cardName"": ""Ethan's Ho-Oh ex"", ""cardNumber"": ""230/182"", ""evShare"": 0.034829413763909293, ""priceUsed"": 154.01, ""rarityKey"": ""special illustration rare""}, {""cardName"": ""Misty's Lapras"", ""cardNumber"": ""194/182"", ""evShare"": 0.02673767361274645, ""priceUsed"": 32.67, ""rarityKey"": ""illustration rare""}, {""cardName"": ""Team Rocket's Nidoking ex"", ""cardNumber"": ""233/182"", ""evShare"": 0.022985794477820957, ""priceUsed"": 104.02, ""rarityKey"": ""special illustration rare""}, {""cardName"": ""Team Rocket's Meowth"", ""cardNumber"": ""203/182"", ""evShare"": 0.02264464275296422, ""priceUsed"": 27.51, ""rarityKey"": ""illustration rare""}, {""cardName"": ""Ethan's Typhlosion"", ""cardNumber"": ""190/182"", ""evShare"": 0.02143675691358352, ""priceUsed"": 26.61, ""rarityKey"": ""illustration rare""}, {""cardName"": ""Team Rocket's Moltres ex"", ""cardNumber"": ""229/182"", ""evShare"": 0.019432592353959187, ""priceUsed"": 97.8, ""rarityKey"": ""special illustration rare""}, {""cardName"": ""Team Rocket's Mewtwo ex"", ""cardNumber"": ""240/182"", ""evShare"": 0.015497216408858356, ""priceUsed"": 61.49, ""rarityKey"": ""hyper rare""}], ""depth"": 10}",2.7938030700000005,1.84,7.77,3.810752433018783,1.3640018059751013,0.9538030700000004,0.6586004646347532,0.11178110345479718,0.2800248372552615,0.3869625749963829,"{""cv"": {""absolute"": -2.9343919056895893, ""relative"": -0.6826717379858515}, ""ev"": {""absolute"": -1.6501433899999989, ""relative"": -0.3713238682898081}, ""gap"": {""absolute"": -1.630143389999999, ""relative"": -0.6308735166285138}, ""p50"": {""absolute"": -0.019999999999999796, ""relative"": -0.010752688172042902}, ""p95"": {""absolute"": -3.869999999999999, ""relative"": -0.3324742268041237}, ""std_dev"": {""absolute"": -15.291079085619776, ""relative"": -0.8005032957546269}, ""top1"": {""absolute"": -0.19984847454871457, ""relative"": -0.6413013675693597}, ""top10"": {""absolute"": -0.21193758367024512, ""relative"": -0.3538779888489195}, ""top5"": {""absolute"": -0.2307507471112522, ""relative"": -0.45176542139820447}, ""typical_capture"": {""absolute"": 0.2400535679198904, ""relative"": 0.5735404319182615}}",tier_b_paired,2026-08-23T16:52:31.861867+00:00
5a4f1a2c-216b-44f0-bd80-7a683a6b9d68,ev_representativeness_v1,top_card_ablation:5,top_card_ablation,"{""cards"": [{""cardName"": ""Team Rocket's Mewtwo ex"", ""cardNumber"": ""231/182"", ""evShare"": 0.10588292506116286, ""priceUsed"": 492.71, ""rarityKey"": ""special illustration rare""}, {""cardName"": ""Cynthia's Garchomp ex"", ""cardNumber"": ""232/182"", ""evShare"": 0.05242453798599544, ""priceUsed"": 236.76, ""rarityKey"": ""special illustration rare""}, {""cardName"": ""Misty's Psyduck"", ""cardNumber"": ""193/182"", ""evShare"": 0.04945231495880803, ""priceUsed"": 62.01, ""rarityKey"": ""illustration rare""}, {""cardName"": ""Ethan's Ho-Oh ex"", ""cardNumber"": ""230/182"", ""evShare"": 0.034829413763909293, ""priceUsed"": 154.01, ""rarityKey"": ""special illustration rare""}, {""cardName"": ""Misty's Lapras"", ""cardNumber"": ""194/182"", ""evShare"": 0.02673767361274645, ""priceUsed"": 32.67, ""rarityKey"": ""illustration rare""}], ""depth"": 5}",3.24707229,1.85,9.5,6.4715167843106265,1.9930313237068789,1.39707229,0.5697440139221539,0.16014158095630204,0.35832306954890736,0.4625245593161709,"{""cv"": {""absolute"": -2.305362387957812, ""relative"": -0.5363311373040759}, ""ev"": {""absolute"": -1.1968741699999992, ""relative"": -0.26932686538262196}, ""gap"": {""absolute"": -1.1868741699999994, ""relative"": -0.4593261464093957}, ""p50"": {""absolute"": -0.009999999999999787, ""relative"": -0.005376344086021391}, ""p95"": {""absolute"": -2.139999999999999, ""relative"": -0.183848797250859}, ""std_dev"": {""absolute"": -12.630314734327932, ""relative"": -0.6612096186694945}, ""top1"": {""absolute"": -0.15148799704720972, ""relative"": -0.4861155928064781}, ""top10"": {""absolute"": -0.13637559935045712, ""relative"": -0.2277100738361455}, ""top5"": {""absolute"": -0.15245251481760635, ""relative"": -0.2984725963491083}, ""typical_capture"": {""absolute"": 0.15119711720729112, ""relative"": 0.3612429536427669}}",tier_b_paired,2026-08-23T16:52:31.861867+00:00
5a4f1a2c-216b-44f0-bd80-7a683a6b9d68,ev_representativeness_v1,winsorize_top:0.0100,winsorization,"{""quantile"": 0.01}",3.6876813000000004,1.8599999999999999,11.639999999999999,7.504400531743379,2.034991617020532,1.8276813000000005,0.5043819811652378,0.17045941578519816,0.4104460409851578,0.5166430949442404,"{""cv"": {""absolute"": -2.2634020946441584, ""relative"": -0.5265692829630498}, ""ev"": {""absolute"": -0.756265159999999, ""relative"": -0.17017872893095096}, ""gap"": {""absolute"": -0.756265159999999, ""relative"": -0.29267833978262814}, ""p50"": {""absolute"": 0.0, ""relative"": 0.0}, ""p95"": {""absolute"": 0.0, ""relative"": 0.0}, ""std_dev"": {""absolute"": -11.59743098689518, ""relative"": -0.6071371206252667}, ""top1"": {""absolute"": -0.1411701622183136, ""relative"": -0.45300630037346057}, ""top10"": {""absolute"": -0.08225706372238761, ""relative"": -0.13734687248292282}, ""top5"": {""absolute"": -0.10032954338135591, ""relative"": -0.19642587949028342}, ""typical_capture"": {""absolute"": 0.08583508445037502, ""relative"": 0.20507877402529306}}",tier_b_paired,2026-08-23T16:52:31.861867+00:00
75220055-ecfe-4bcc-81dd-a85bc6b268f4,ev_representativeness_v1,price_shock:top1:-0.10,price_shock,"{""cards"": [{""cardName"": ""Lillie's Clefairy ex"", ""cardNumber"": ""184/159"", ""rarityKey"": ""special illustration rare""}], ""depth"": 1, ""factor"": -0.1}",3.4168029399999997,1.8900000000000001,9.149999999999999,6.475378431950318,1.895157123679576,1.5268029399999996,0.5531486694400937,0.1607872884820217,0.3561920225929096,0.4530565962343734,"{""cv"": {""absolute"": -0.07533109694035711, ""relative"": -0.038229661132740636}, ""ev"": {""absolute"": -0.02023808000000038, ""relative"": -0.005888227659267325}, ""gap"": {""absolute"": -0.02023808000000038, ""relative"": -0.013081799214348162}, ""p50"": {""absolute"": 0.0, ""relative"": 0.0}, ""p95"": {""absolute"": 0.0, ""relative"": 0.0}, ""std_dev"": {""absolute"": -0.2972704117472018, ""relative"": -0.04389278384392175}, ""top1"": {""absolute"": -0.004941475499968789, ""relative"": -0.029816643660636803}, ""top10"": {""absolute"": -0.0032205272781064, ""relative"": -0.0070582703189552174}, ""top5"": {""absolute"": -0.0037908879398251827, ""relative"": -0.010530744179536436}, ""typical_capture"": {""absolute"": 0.0032570652950840717, ""relative"": 0.005923104245514475}}",tier_b_paired,2026-08-23T16:53:17.775851+00:00
75220055-ecfe-4bcc-81dd-a85bc6b268f4,ev_representativeness_v1,price_shock:top1:-0.25,price_shock,"{""cards"": [{""cardName"": ""Lillie's Clefairy ex"", ""cardNumber"": ""184/159"", ""rarityKey"": ""special illustration rare""}], ""depth"": 1, ""factor"": -0.25}",3.3864458200000005,1.8900000000000001,9.149999999999999,6.067399263061936,1.7916717365529666,1.4964458200000004,0.5581072606677641,0.15326433304637957,0.35042073403081936,0.4481536308766339,"{""cv"": {""absolute"": -0.17881648406696637, ""relative"": -0.09074729916969974}, ""ev"": {""absolute"": -0.05059519999999962, ""relative"": -0.014720569148167925}, ""gap"": {""absolute"": -0.05059519999999962, ""relative"": -0.03270449803586955}, ""p50"": {""absolute"": 0.0, ""relative"": 0.0}, ""p95"": {""absolute"": 0.0, ""relative"": 0.0}, ""std_dev"": {""absolute"": -0.7052495806355843, ""relative"": -0.10413201642543068}, ""top1"": {""absolute"": -0.01246443093561092, ""relative"": -0.07520982258074049}, ""top10"": {""absolute"": -0.008123492635845886, ""relative"": -0.017803856948404948}, ""top5"": {""absolute"": -0.009562176501915431, ""relative"": -0.026562862353005787}, ""typical_capture"": {""absolute"": 0.008215656522754466, ""relative"": 0.014940501838591356}}",tier_b_paired,2026-08-23T16:53:17.775851+00:00
75220055-ecfe-4bcc-81dd-a85bc6b268f4,ev_representativeness_v1,price_shock:top1:-0.50,price_shock,"{""cards"": [{""cardName"": ""Lillie's Clefairy ex"", ""cardNumber"": ""184/159"", ""rarityKey"": ""special illustration rare""}], ""depth"": 1, ""factor"": -0.5}",3.33585062,1.8900000000000001,9.149999999999999,5.512877756512076,1.6526152950194382,1.4458506199999999,0.566572132657427,0.1404218034199625,0.3405684964394478,0.43978371849276626,"{""cv"": {""absolute"": -0.31787292560049485, ""relative"": -0.1613168362409643}, ""ev"": {""absolute"": -0.10119040000000012, ""relative"": -0.029441138296336107}, ""gap"": {""absolute"": -0.10119040000000012, ""relative"": -0.06540899607173967}, ""p50"": {""absolute"": 0.0, ""relative"": 0.0}, ""p95"": {""absolute"": 0.0, ""relative"": 0.0}, ""std_dev"": {""absolute"": -1.2597710871854444, ""relative"": -0.1860086232520028}, ""top1"": {""absolute"": -0.025306960562027997, ""relative"": -0.15270107586621517}, ""top10"": {""absolute"": -0.016493405019713525, ""relative"": -0.03614777986839485}, ""top5"": {""absolute"": -0.01941441409328698, ""relative"": -0.05393148820469227}, ""typical_capture"": {""absolute"": 0.016680528512417414, ""relative"": 0.03033421202775568}}",tier_b_paired,2026-08-23T16:53:17.775851+00:00
75220055-ecfe-4bcc-81dd-a85bc6b268f4,ev_representativeness_v1,price_shock:top5:-0.10,price_shock,"{""cards"": [{""cardName"": ""Lillie's Clefairy ex"", ""cardNumber"": ""184/159"", ""rarityKey"": ""special illustration rare""}, {""cardName"": ""Articuno"", ""cardNumber"": ""161/159"", ""rarityKey"": ""illustration rare""}, {""cardName"": ""N's Reshiram"", ""cardNumber"": ""167/159"", ""rarityKey"": ""illustration rare""}, {""cardName"": ""Wailord"", ""cardNumber"": ""162/159"", ""rarityKey"": ""illustration rare""}, {""cardName"": ""Salamence ex"", ""cardNumber"": ""187/159"", ""rarityKey"": ""special illustration rare""}], ""depth"": 5, ""factor"": -0.1}",3.364652159,1.8900000000000001,9.149999999999999,6.275967921852344,1.8652650037136707,1.4746521589999997,0.5617222555813087,0.1595809520944896,0.346213252946246,0.44457918926293377,"{""cv"": {""absolute"": -0.10522321690626235, ""relative"": -0.053399566566887775}, ""ev"": {""absolute"": -0.0723888610000003, ""relative"": -0.021061389892867877}, ""gap"": {""absolute"": -0.0723888610000003, ""relative"": -0.046791817452907815}, ""p50"": {""absolute"": 0.0, ""relative"": 0.0}, ""p95"": {""absolute"": 0.0, ""relative"": 0.0}, ""std_dev"": {""absolute"": -0.49668092184517576, ""relative"": -0.07333628736818036}, ""top1"": {""absolute"": -0.006147811887500881, ""relative"": -0.03709562383611909}, ""top10"": {""absolute"": -0.011697934249546016, ""relative"": -0.025637783808869965}, ""top5"": {""absolute"": -0.013769657586488793, ""relative"": -0.03825086464830018}, ""typical_capture"": {""absolute"": 0.011830651436299133, ""relative"": 0.021514515492001077}}",tier_b_paired,2026-08-23T16:53:17.775851+00:00
75220055-ecfe-4bcc-81dd-a85bc6b268f4,ev_representativeness_v1,price_shock:top5:-0.25,price_shock,"{""cards"": [{""cardName"": ""Lillie's Clefairy ex"", ""cardNumber"": ""184/159"", ""rarityKey"": ""special illustration rare""}, {""cardName"": ""Articuno"", ""cardNumber"": ""161/159"", ""rarityKey"": ""illustration rare""}, {""cardName"": ""N's Reshiram"", ""cardNumber"": ""167/159"", ""rarityKey"": ""illustration rare""}, {""cardName"": ""Wailord"", ""cardNumber"": ""162/159"", ""rarityKey"": ""illustration rare""}, {""cardName"": ""Salamence ex"", ""cardNumber"": ""187/159"", ""rarityKey"": ""special illustration rare""}], ""depth"": 5, ""factor"": -0.25}",3.2560688675000002,1.8900000000000001,9.149999999999999,5.565429481991126,1.709248086716374,1.3660688675000001,0.5804545533003841,0.1500786346620477,0.32441079119773863,0.4260570319463612,"{""cv"": {""absolute"": -0.26124013390355905, ""relative"": -0.1325763489321294}, ""ev"": {""absolute"": -0.18097215249999987, ""relative"": -0.052653474732169435}, ""gap"": {""absolute"": -0.18097215249999987, ""relative"": -0.11697954363226896}, ""p50"": {""absolute"": 0.0, ""relative"": 0.0}, ""p95"": {""absolute"": 0.0, ""relative"": 0.0}, ""std_dev"": {""absolute"": -1.207219361706394, ""relative"": -0.1782492182257177}, ""top1"": {""absolute"": -0.01565012931994278, ""relative"": -0.09443218511931614}, ""top10"": {""absolute"": -0.0302200915661186, ""relative"": -0.06623187972581325}, ""top5"": {""absolute"": -0.035572119334996155, ""relative"": -0.0988161334724289}, ""typical_capture"": {""absolute"": 0.030562949155374497, ""relative"": 0.055579952348781214}}",tier_b_paired,2026-08-23T16:53:17.775851+00:00
75220055-ecfe-4bcc-81dd-a85bc6b268f4,ev_representativeness_v1,price_shock:top5:-0.50,price_shock,"{""cards"": [{""cardName"": ""Lillie's Clefairy ex"", ""cardNumber"": ""184/159"", ""rarityKey"": ""special illustration rare""}, {""cardName"": ""Articuno"", ""cardNumber"": ""161/159"", ""rarityKey"": ""illustration rare""}, {""cardName"": ""N's Reshiram"", ""cardNumber"": ""167/159"", ""rarityKey"": ""illustration rare""}, {""cardName"": ""Wailord"", ""cardNumber"": ""162/159"", ""rarityKey"": ""illustration rare""}, {""cardName"": ""Salamence ex"", ""cardNumber"": ""187/159"", ""rarityKey"": ""special illustration rare""}], ""depth"": 5, ""factor"": -0.5}",3.075096715,1.8900000000000001,8.935,4.520878215631473,1.4701580583072729,1.1850967149999998,0.6146148154563003,0.13302960294047203,0.28482802694548737,0.3922799823224421,"{""cv"": {""absolute"": -0.5003301623126601, ""relative"": -0.25391177530371223}, ""ev"": {""absolute"": -0.3619443050000002, ""relative"": -0.10530694946433901}, ""gap"": {""absolute"": -0.3619443050000002, ""relative"": -0.2339590872645382}, ""p50"": {""absolute"": 0.0, ""relative"": 0.0}, ""p95"": {""absolute"": -0.21499999999999808, ""relative"": -0.023497267759562634}, ""std_dev"": {""absolute"": -2.2517706280660468, ""relative"": -0.3324800502777426}, ""top1"": {""absolute"": -0.03269916104151846, ""relative"": -0.1973052851891892}, ""top10"": {""absolute"": -0.06399714119003769, ""relative"": -0.14025936846752143}, ""top5"": {""absolute"": -0.07515488358724742, ""relative"": -0.2087734761520388}, ""typical_capture"": {""absolute"": 0.06472321131129066, ""relative"": 0.11770176308097037}}",tier_b_paired,2026-08-23T16:53:17.775851+00:00
75220055-ecfe-4bcc-81dd-a85bc6b268f4,ev_representativeness_v1,rarity_ablation:common,rarity_ablation,"{""rarityKey"": ""common""}",2.49223547,1.04,8.26,6.7948249290599,2.7263976501626073,1.4522354699999998,0.4172960430580824,0.22533799745655655,0.4803823452524733,0.5962779672660706,"{""cv"": {""absolute"": 0.7559094295426743, ""relative"": 0.38361529981887355}, ""ev"": {""absolute"": -0.9448055500000003, ""relative"": -0.2748892272458245}, ""gap"": {""absolute"": -0.09480555000000024, ""relative"": -0.061281859223099484}, ""p50"": {""absolute"": -0.8500000000000001, ""relative"": -0.44973544973544977}, ""p95"": {""absolute"": -0.8899999999999988, ""relative"": -0.09726775956284141}, ""std_dev"": {""absolute"": 0.02217608536238025, ""relative"": 0.0032743592461636087}, ""top1"": {""absolute"": 0.059609233474566065, ""relative"": 0.35967946687301494}, ""top10"": {""absolute"": 0.14000084375359084, ""relative"": 0.3068329235440217}, ""top5"": {""absolute"": 0.12039943471973852, ""relative"": 0.3344587512267199}, ""typical_capture"": {""absolute"": -0.13259556108692722, ""relative"": -0.24113036112470085}}",tier_b_paired,2026-08-23T16:53:17.775851+00:00
75220055-ecfe-4bcc-81dd-a85bc6b268f4,ev_representativeness_v1,rarity_ablation:double rare,rarity_ablation,"{""rarityKey"": ""double rare""}",3.2494055700000004,1.75,9.12,6.768166154310411,2.082893627313629,1.4994055700000004,0.5385600419217598,0.17469774017775191,0.3782462218158874,0.47744796289002484,"{""cv"": {""absolute"": 0.11240540669369592, ""relative"": 0.057044444882970266}, ""ev"": {""absolute"": -0.1876354499999997, ""relative"": -0.054592147404746334}, ""gap"": {""absolute"": -0.04763544999999958, ""relative"": -0.03079132963132392}, ""p50"": {""absolute"": -0.14000000000000012, ""relative"": -0.07407407407407414}, ""p95"": {""absolute"": -0.02999999999999936, ""relative"": -0.0032786885245900945}, ""std_dev"": {""absolute"": -0.004482689387109495, ""relative"": -0.0006618812654491881}, ""top1"": {""absolute"": 0.008968976195761424, ""relative"": 0.05411840395271439}, ""top10"": {""absolute"": 0.021170839377545048, ""relative"": 0.0463990813621538}, ""top5"": {""absolute"": 0.018263311283152617, ""relative"": 0.05073382860348826}, ""typical_capture"": {""absolute"": -0.011331562223249825, ""relative"": -0.020606901683593675}}",tier_b_paired,2026-08-23T16:53:17.775851+00:00
75220055-ecfe-4bcc-81dd-a85bc6b268f4,ev_representativeness_v1,rarity_ablation:hyper rare,rarity_ablation,"{""rarityKey"": ""hyper rare""}",3.3557949000000002,1.8800000000000001,8.3304999999993,6.713932537755648,2.000698117085656,1.4757949000000001,0.5602249410415399,0.1697411722033429,0.3580067929658036,0.45039162852294684,"{""cv"": {""absolute"": 0.03020989646572314, ""relative"": 0.015331173335417779}, ""ev"": {""absolute"": -0.08124611999999987, ""relative"": -0.02363839114145919}, ""gap"": {""absolute"": -0.07124611999999986, ""relative"": -0.04605315507406511}, ""p50"": {""absolute"": -0.010000000000000009, ""relative"": -0.005291005291005295}, ""p95"": {""absolute"": -0.8195000000006978, ""relative"": -0.08956284153013092}, ""std_dev"": {""absolute"": -0.05871630594187227, ""relative"": -0.008669622078001636}, ""top1"": {""absolute"": 0.004012408221352404, ""relative"": 0.024210692971730764}, ""top10"": {""absolute"": -0.005885494989532947, ""relative"": -0.012898948218630055}, ""top5"": {""absolute"": -0.001976117566931168, ""relative"": -0.00548947605320134}, ""typical_capture"": {""absolute"": 0.010333336896530265, ""relative"": 0.018791588776113238}}",tier_b_paired,2026-08-23T16:53:17.775851+00:00
75220055-ecfe-4bcc-81dd-a85bc6b268f4,ev_representativeness_v1,rarity_ablation:illustration rare,rarity_ablation,"{""rarityKey"": ""illustration rare""}",2.7318862000000004,1.82,3.99,6.2201198755208535,2.27685907104068,0.9118862000000003,0.6662063741893787,0.2078906727520348,0.3162433925688412,0.38107217643253216,"{""cv"": {""absolute"": 0.30637085042074697, ""relative"": 0.15547966601107618}, ""ev"": {""absolute"": -0.7051548199999997, ""relative"": -0.20516334134411923}, ""gap"": {""absolute"": -0.6351548199999997, ""relative"": -0.41056107225909216}, ""p50"": {""absolute"": -0.07000000000000006, ""relative"": -0.03703703703703707}, ""p95"": {""absolute"": -5.159999999999998, ""relative"": -0.5639344262295081}, ""std_dev"": {""absolute"": -0.5525289681766665, ""relative"": -0.08158240312294325}, ""top1"": {""absolute"": 0.042161908770044304, ""relative"": 0.25440308463668976}, ""top10"": {""absolute"": -0.07520494707994763, ""relative"": -0.16482296219676829}, ""top5"": {""absolute"": -0.04373951796389358, ""relative"": -0.12150442891626145}, ""typical_capture"": {""absolute"": 0.11631477004436908, ""relative"": 0.2115230877642136}}",tier_b_paired,2026-08-23T16:53:17.775851+00:00
75220055-ecfe-4bcc-81dd-a85bc6b268f4,ev_representativeness_v1,rarity_ablation:rare,rarity_ablation,"{""rarityKey"": ""rare""}",3.18533193,1.6,9.05,6.787235715652026,2.1307781621527986,1.5853319299999997,0.5023024397962821,0.17815595123865163,0.3851886889539955,0.4862829946893478,"{""cv"": {""absolute"": 0.16028994153286558, ""relative"": 0.08134529293579687}, ""ev"": {""absolute"": -0.2517090900000003, ""relative"": -0.0732342408878205}, ""gap"": {""absolute"": 0.038290909999999734, ""relative"": 0.02475106316185445}, ""p50"": {""absolute"": -0.29000000000000004, ""relative"": -0.15343915343915346}, ""p95"": {""absolute"": -0.09999999999999787, ""relative"": -0.010928961748633649}, ""std_dev"": {""absolute"": 0.014586871954506364, ""relative"": 0.0021537912700258467}, ""top1"": {""absolute"": 0.012427187256661143, ""relative"": 0.07498509587636572}, ""top10"": {""absolute"": 0.030005871176868038, ""relative"": 0.06576238349597498}, ""top5"": {""absolute"": 0.025205778421260705, ""relative"": 0.07001937504188448}, ""typical_capture"": {""absolute"": -0.04758916434872751, ""relative"": -0.08654280951010478}}",tier_b_paired,2026-08-23T16:53:17.775851+00:00
75220055-ecfe-4bcc-81dd-a85bc6b268f4,ev_representativeness_v1,rarity_ablation:special illustration rare,rarity_ablation,"{""rarityKey"": ""special illustration rare""}",2.8590032,1.88,7.49,3.1313946499586662,1.0952749720457347,0.9790032000000002,0.6575718418223526,0.07699219434241976,0.2568982224294118,0.35890688055193504,"{""cv"": {""absolute"": -0.8752132485741984, ""relative"": -0.4441606092417282}, ""ev"": {""absolute"": -0.57803782, ""relative"": -0.16817891222025624}, ""gap"": {""absolute"": -0.5680378199999998, ""relative"": -0.36717696082809737}, ""p50"": {""absolute"": -0.010000000000000231, ""relative"": -0.005291005291005413}, ""p95"": {""absolute"": -1.6599999999999984, ""relative"": -0.18142076502732227}, ""std_dev"": {""absolute"": -3.641254193738854, ""relative"": -0.5376410733486243}, ""top1"": {""absolute"": -0.08873656963957073, ""relative"": -0.5354325194219973}, ""top10"": {""absolute"": -0.09737024296054475, ""relative"": -0.21340154468182876}, ""top5"": {""absolute"": -0.103084688103323, ""relative"": -0.2863599495619642}, ""typical_capture"": {""absolute"": 0.10768023767734303, ""relative"": 0.1958208433546971}}",tier_b_paired,2026-08-23T16:53:17.775851+00:00
75220055-ecfe-4bcc-81dd-a85bc6b268f4,ev_representativeness_v1,rarity_ablation:ultra rare,rarity_ablation,"{""rarityKey"": ""ultra rare""}",3.29538142,1.83,7.91,6.755027704200685,2.0498469959209413,1.46538142,0.5553226673226798,0.17272545950083068,0.3727433469598187,0.46353561706978375,"{""cv"": {""absolute"": 0.07935877530100832, ""relative"": 0.04027366135487039}, ""ev"": {""absolute"": -0.1416596000000001, ""relative"": -0.041215568617217174}, ""gap"": {""absolute"": -0.08165960000000005, ""relative"": -0.052784379304952146}, ""p50"": {""absolute"": -0.06000000000000005, ""relative"": -0.03174603174603177}, ""p95"": {""absolute"": -1.2399999999999984, ""relative"": -0.13551912568305996}, ""std_dev"": {""absolute"": -0.017621139496834637, ""relative"": -0.0026018091153851104}, ""top1"": {""absolute"": 0.00699669551884019, ""relative"": 0.04221774995920751}, ""top10"": {""absolute"": 0.007258493557303958, ""relative"": 0.015908081258659525}, ""top5"": {""absolute"": 0.01276043642708391, ""relative"": 0.03544733945341983}, ""typical_capture"": {""absolute"": 0.00543106317767017, ""relative"": 0.009876606838023239}}",tier_b_paired,2026-08-23T16:53:17.775851+00:00
75220055-ecfe-4bcc-81dd-a85bc6b268f4,ev_representativeness_v1,rarity_ablation:uncommon,rarity_ablation,"{""rarityKey"": ""uncommon""}",2.89024845,1.36,8.639999999999999,6.792677226511841,2.3502053003477403,1.53024845,0.4705477828385307,0.19551318503431772,0.4202199018565342,0.526545093381159,"{""cv"": {""absolute"": 0.3797170797278073, ""relative"": 0.19270202975805914}, ""ev"": {""absolute"": -0.54679257, ""relative"": -0.15908817113855686}, ""gap"": {""absolute"": -0.016792570000000007, ""relative"": -0.010854637842763864}, ""p50"": {""absolute"": -0.53, ""relative"": -0.2804232804232804}, ""p95"": {""absolute"": -0.5099999999999998, ""relative"": -0.055737704918032774}, ""std_dev"": {""absolute"": 0.020028382814320622, ""relative"": 0.0029572451306047855}, ""top1"": {""absolute"": 0.02978442105232723, ""relative"": 0.17971787357060034}, ""top10"": {""absolute"": 0.07026796986867917, ""relative"": 0.15400283347047367}, ""top5"": {""absolute"": 0.060236991323799394, ""relative"": 0.16733291931735128}, ""typical_capture"": {""absolute"": -0.07934382130647888, ""relative"": -0.1442899304306444}}",tier_b_paired,2026-08-23T16:53:17.775851+00:00
75220055-ecfe-4bcc-81dd-a85bc6b268f4,ev_representativeness_v1,top_card_ablation:1,top_card_ablation,"{""cards"": [{""cardName"": ""Lillie's Clefairy ex"", ""cardNumber"": ""184/159"", ""evShare"": 0.05888227659267214, ""priceUsed"": 104.32, ""rarityKey"": ""special illustration rare""}], ""depth"": 1}",3.2346602200000003,1.89,8.96,5.044856141690222,1.5596247514646906,1.3446602200000004,0.5842963005245725,0.1264149716473157,0.32439842475943265,0.4242725222001833,"{""cv"": {""absolute"": -0.4108634691552424, ""relative"": -0.2085084624489565}, ""ev"": {""absolute"": -0.2023807999999998, ""relative"": -0.05888227659267209}, ""gap"": {""absolute"": -0.20238079999999958, ""relative"": -0.1308179921434789}, ""p50"": {""absolute"": -2.220446049250313e-16, ""relative"": -1.17483917949752e-16}, ""p95"": {""absolute"": -0.18999999999999773, ""relative"": -0.020765027322404126}, ""std_dev"": {""absolute"": -1.7277927020072985, ""relative"": -0.2551132860837964}, ""top1"": {""absolute"": -0.0393137923346748, ""relative"": -0.23721767658236428}, ""top10"": {""absolute"": -0.03200460131229649, ""relative"": -0.07014290145848419}, ""top5"": {""absolute"": -0.035584485773302144, ""relative"": -0.09885048632070076}, ""typical_capture"": {""absolute"": 0.034404696379562894, ""relative"": 0.06256632419957839}}",tier_b_paired,2026-08-23T16:53:17.775851+00:00
75220055-ecfe-4bcc-81dd-a85bc6b268f4,ev_representativeness_v1,top_card_ablation:10,top_card_ablation,"{""cards"": [{""cardName"": ""Lillie's Clefairy ex"", ""cardNumber"": ""184/159"", ""evShare"": 0.05888227659267214, ""priceUsed"": 104.32, ""rarityKey"": ""special illustration rare""}, {""cardName"": ""Articuno"", ""cardNumber"": ""161/159"", ""evShare"": 0.04724566249139499, ""priceUsed"": 20.84, ""rarityKey"": ""illustration rare""}, {""cardName"": ""N's Reshiram"", ""cardNumber"": ""167/159"", ""evShare"": 0.037356891946549994, ""priceUsed"": 17.09, ""rarityKey"": ""illustration rare""}, {""cardName"": ""Wailord"", ""cardNumber"": ""162/159"", ""evShare"": 0.03357437671779663, ""priceUsed"": 15.13, ""rarityKey"": ""illustration rare""}, {""cardName"": ""Salamence ex"", ""cardNumber"": ""187/159"", ""evShare"": 0.03355469118026412, ""priceUsed"": 60.35, ""rarityKey"": ""special illustration rare""}, {""cardName"": ""N's Zoroark ex"", ""cardNumber"": ""185/159"", ""evShare"": 0.02660273458127072, ""priceUsed"": 46.39, ""rarityKey"": ""special illustration rare""}, {""cardName"": ""Dunsparce"", ""cardNumber"": ""120/159"", ""evShare"": 0.025325912461760487, ""priceUsed"": 1.85, ""rarityKey"": ""common""}, {""cardName"": ""Iono's Bellibolt ex"", ""cardNumber"": ""183/159"", ""evShare"": 0.020856428417022496, ""priceUsed"": 38.54, ""rarityKey"": ""special illustration rare""}, {""cardName"": ""Furret"", ""cardNumber"": ""168/159"", ""evShare"": 0.020102046963640832, ""priceUsed"": 9.06, ""rarityKey"": ""illustration rare""}, {""cardName"": ""Hop's Zacian ex"", ""cardNumber"": ""186/159"", ""evShare"": 0.017664758624265704, ""priceUsed"": 33.25, ""rarityKey"": ""special illustration rare""}], ""depth"": 10}",2.33318106,1.8299999999999998,5.48,1.7822362119700286,0.7638653692697251,0.50318106,0.7843369001118156,0.06421334056260511,0.18163469919475517,0.27314937572826,"{""cv"": {""absolute"": -1.206622851350208, ""relative"": -0.6123471527125363}, ""ev"": {""absolute"": -1.1038599600000003, ""relative"": -0.32116577997663825}, ""gap"": {""absolute"": -1.04385996, ""relative"": -0.6747461421546534}, ""p50"": {""absolute"": -0.060000000000000275, ""relative"": -0.03174603174603189}, ""p95"": {""absolute"": -3.669999999999998, ""relative"": -0.40109289617486327}, ""std_dev"": {""absolute"": -4.990412631727492, ""relative"": -0.7368479817717792}, ""top1"": {""absolute"": -0.10151542341938538, ""relative"": -0.6125395554776292}, ""top10"": {""absolute"": -0.1831277477842198, ""relative"": -0.40135202566036826}, ""top5"": {""absolute"": -0.17834821133797962, ""relative"": -0.4954352168386106}, ""typical_capture"": {""absolute"": 0.23444529596680597, ""relative"": 0.42634820062643}}",tier_b_paired,2026-08-23T16:53:17.775851+00:00
75220055-ecfe-4bcc-81dd-a85bc6b268f4,ev_representativeness_v1,top_card_ablation:5,top_card_ablation,"{""cards"": [{""cardName"": ""Lillie's Clefairy ex"", ""cardNumber"": ""184/159"", ""evShare"": 0.05888227659267214, ""priceUsed"": 104.32, ""rarityKey"": ""special illustration rare""}, {""cardName"": ""Articuno"", ""cardNumber"": ""161/159"", ""evShare"": 0.04724566249139499, ""priceUsed"": 20.84, ""rarityKey"": ""illustration rare""}, {""cardName"": ""N's Reshiram"", ""cardNumber"": ""167/159"", ""evShare"": 0.037356891946549994, ""priceUsed"": 17.09, ""rarityKey"": ""illustration rare""}, {""cardName"": ""Wailord"", ""cardNumber"": ""162/159"", ""evShare"": 0.03357437671779663, ""priceUsed"": 15.13, ""rarityKey"": ""illustration rare""}, {""cardName"": ""Salamence ex"", ""cardNumber"": ""187/159"", ""evShare"": 0.03355469118026412, ""priceUsed"": 60.35, ""rarityKey"": ""special illustration rare""}], ""depth"": 5}",2.71315241,1.8699999999999999,6.37,3.5276498651951265,1.300203354663414,0.8431524100000003,0.68923514694849,0.11600340210891434,0.24572438597358412,0.33839690929858224,"{""cv"": {""absolute"": -0.670284865956519, ""relative"": -0.34016182331992906}, ""ev"": {""absolute"": -0.7238886099999999, ""relative"": -0.21061389892867788}, ""gap"": {""absolute"": -0.7038886099999997, ""relative"": -0.45499026910094453}, ""p50"": {""absolute"": -0.02000000000000024, ""relative"": -0.010582010582010708}, ""p95"": {""absolute"": -2.7799999999999985, ""relative"": -0.30382513661202176}, ""std_dev"": {""absolute"": -3.2449989785023936, ""relative"": -0.47913291437250866}, ""top1"": {""absolute"": -0.04972536187307615, ""relative"": -0.3000406246828688}, ""top10"": {""absolute"": -0.11788021421389755, ""relative"": -0.25835223406871805}, ""top5"": {""absolute"": -0.11425852455915067, ""relative"": -0.3173998576489665}, ""typical_capture"": {""absolute"": 0.13934354280348038, ""relative"": 0.25340183729507293}}",tier_b_paired,2026-08-23T16:53:17.775851+00:00
75220055-ecfe-4bcc-81dd-a85bc6b268f4,ev_representativeness_v1,winsorize_top:0.0100,winsorization,"{""quantile"": 0.01}",3.10752446,1.8900000000000001,9.149999999999999,3.8172842230441404,1.2284003785586102,1.21752446,0.6082011660175316,0.07726407405333822,0.29211659688754305,0.3986216829327869,"{""cv"": {""absolute"": -0.7420878420613228, ""relative"": -0.3766010039013861}, ""ev"": {""absolute"": -0.32951656000000007, ""relative"": -0.09587216389986526}, ""gap"": {""absolute"": -0.32951656000000007, ""relative"": -0.21299794623416002}, ""p50"": {""absolute"": 0.0, ""relative"": 0.0}, ""p95"": {""absolute"": 0.0, ""relative"": 0.0}, ""std_dev"": {""absolute"": -2.9553646206533797, ""relative"": -0.436367614630364}, ""top1"": {""absolute"": -0.08846468992865227, ""relative"": -0.533792009323533}, ""top10"": {""absolute"": -0.05765544057969291, ""relative"": -0.1263605769578232}, ""top5"": {""absolute"": -0.06786631364519174, ""relative"": -0.18852648739562977}, ""typical_capture"": {""absolute"": 0.05830956187252201, ""relative"": 0.10603828360533658}}",tier_b_paired,2026-08-23T16:53:17.775851+00:00
ad120bac-9242-43cf-a0eb-c379c6b684bd,ev_representativeness_v1,price_shock:top1:-0.10,price_shock,"{""cards"": [{""cardName"": ""Squirtle"", ""cardNumber"": ""148/142"", ""rarityKey"": ""illustration rare""}], ""depth"": 1, ""factor"": -0.1}",4.424391942,1.7800000000000002,11.42,12.049052544690868,2.723323951097384,2.6443919419999995,0.40231517083799995,0.23864665830728973,0.46485245632878874,0.5634966080498299,"{""cv"": {""absolute"": -0.09277261240603973, ""relative"": -0.032943690073831855}, ""ev"": {""absolute"": -0.0690847080000001, ""relative"": -0.0153744446407661}, ""gap"": {""absolute"": -0.0690847080000001, ""relative"": -0.025459849820340306}, ""p50"": {""absolute"": 0.0, ""relative"": 0.0}, ""p95"": {""absolute"": 0.0, ""relative"": 0.0}, ""std_dev"": {""absolute"": -0.6050116075570084, ""relative"": -0.04781164377529521}, ""top1"": {""absolute"": -0.01170538480391689, ""relative"": -0.04675569912851619}, ""top10"": {""absolute"": -0.006710997235044647, ""relative"": -0.011769392713890313}, ""top5"": {""absolute"": -0.008227596284815064, ""relative"": -0.017391551893512394}, ""typical_capture"": {""absolute"": 0.0061853723221891865, ""relative"": 0.015614509045681676}}",tier_b_paired,2026-08-23T17:05:24.85067+00:00
ad120bac-9242-43cf-a0eb-c379c6b684bd,ev_representativeness_v1,price_shock:top1:-0.25,price_shock,"{""cards"": [{""cardName"": ""Squirtle"", ""cardNumber"": ""148/142"", ""rarityKey"": ""illustration rare""}], ""depth"": 1, ""factor"": -0.25}",4.32076488,1.7800000000000002,11.42,11.214362104496118,2.5954576136288443,2.5407648799999993,0.4119640965050615,0.22683230104388372,0.45201774552472296,0.553027729201502,"{""cv"": {""absolute"": -0.22063894987457955, ""relative"": -0.07834921313922881}, ""ev"": {""absolute"": -0.17271177000000026, ""relative"": -0.03843611160191525}, ""gap"": {""absolute"": -0.17271177000000026, ""relative"": -0.06364962455085077}, ""p50"": {""absolute"": 0.0, ""relative"": 0.0}, ""p95"": {""absolute"": 0.0, ""relative"": 0.0}, ""std_dev"": {""absolute"": -1.4397020477517586, ""relative"": -0.11377388564100245}, ""top1"": {""absolute"": -0.023519742067322907, ""relative"": -0.09394667515006225}, ""top10"": {""absolute"": -0.01717987608337257, ""relative"": -0.03012915984308827}, ""top5"": {""absolute"": -0.02106230708888085, ""relative"": -0.044521655420724}, ""typical_capture"": {""absolute"": 0.015834297989250734, ""relative"": 0.03997249903586523}}",tier_b_paired,2026-08-23T17:05:24.85067+00:00
ad120bac-9242-43cf-a0eb-c379c6b684bd,ev_representativeness_v1,price_shock:top1:-0.50,price_shock,"{""cards"": [{""cardName"": ""Squirtle"", ""cardNumber"": ""148/142"", ""rarityKey"": ""illustration rare""}], ""depth"": 1, ""factor"": -0.5}",4.14805311,1.7800000000000002,11.42,10.069807558316063,2.427598512188785,2.36805311,0.4291169743484794,0.21240862800814045,0.42920150316011746,0.5344172220591458,"{""cv"": {""absolute"": -0.388498051314639, ""relative"": -0.1379562250632911}, ""ev"": {""absolute"": -0.34542353999999964, ""relative"": -0.0768722232038303}, ""gap"": {""absolute"": -0.34542353999999964, ""relative"": -0.1272992491017012}, ""p50"": {""absolute"": 0.0, ""relative"": 0.0}, ""p95"": {""absolute"": 0.0, ""relative"": 0.0}, ""std_dev"": {""absolute"": -2.584256593931814, ""relative"": -0.20422344654169822}, ""top1"": {""absolute"": -0.037943415103066175, ""relative"": -0.15156023746213915}, ""top10"": {""absolute"": -0.035790383225728806, ""relative"": -0.06276728492221355}, ""top5"": {""absolute"": -0.04387854945348635, ""relative"": -0.09275079177630197}, ""typical_capture"": {""absolute"": 0.032987175832668636, ""relative"": 0.08327365413120269}}",tier_b_paired,2026-08-23T17:05:24.85067+00:00
ad120bac-9242-43cf-a0eb-c379c6b684bd,ev_representativeness_v1,price_shock:top5:-0.10,price_shock,"{""cards"": [{""cardName"": ""Squirtle"", ""cardNumber"": ""148/142"", ""rarityKey"": ""illustration rare""}, {""cardName"": ""Bulbasaur"", ""cardNumber"": ""143/142"", ""rarityKey"": ""illustration rare""}, {""cardName"": ""Slowpoke"", ""cardNumber"": ""057/142"", ""rarityKey"": ""common""}, {""cardName"": ""Dachsbun ex"", ""cardNumber"": ""169/142"", ""rarityKey"": ""special illustration rare""}, {""cardName"": ""Milcery"", ""cardNumber"": ""152/142"", ""rarityKey"": ""illustration rare""}], ""depth"": 5, ""factor"": -0.1}",4.322838397,1.7800000000000002,11.41,11.477423285229463,2.6550664704918563,2.5428383969999997,0.41176649148746797,0.23464685603420674,0.4558689023322285,0.5563918891044309,"{""cv"": {""absolute"": -0.16103009301156757, ""relative"": -0.05718202106366506}, ""ev"": {""absolute"": -0.1706382529999999, ""relative"": -0.037974661112348256}, ""gap"": {""absolute"": -0.1706382529999999, ""relative"": -0.06288546945852655}, ""p50"": {""absolute"": 0.0, ""relative"": 0.0}, ""p95"": {""absolute"": -0.009999999999999787, ""relative"": -0.000875656742556899}, ""std_dev"": {""absolute"": -1.1766408670184134, ""relative"": -0.0929852143044015}, ""top1"": {""absolute"": -0.015705187076999888, ""relative"": -0.06273241025647883}, ""top10"": {""absolute"": -0.013815716180443638, ""relative"": -0.024229273780979006}, ""top5"": {""absolute"": -0.01721115028137532, ""relative"": -0.03638105260682555}, ""typical_capture"": {""absolute"": 0.015636692971657207, ""relative"": 0.03947365997267458}}",tier_b_paired,2026-08-23T17:05:24.85067+00:00
ad120bac-9242-43cf-a0eb-c379c6b684bd,ev_representativeness_v1,price_shock:top5:-0.25,price_shock,"{""cards"": [{""cardName"": ""Squirtle"", ""cardNumber"": ""148/142"", ""rarityKey"": ""illustration rare""}, {""cardName"": ""Bulbasaur"", ""cardNumber"": ""143/142"", ""rarityKey"": ""illustration rare""}, {""cardName"": ""Slowpoke"", ""cardNumber"": ""057/142"", ""rarityKey"": ""common""}, {""cardName"": ""Dachsbun ex"", ""cardNumber"": ""169/142"", ""rarityKey"": ""special illustration rare""}, {""cardName"": ""Milcery"", ""cardNumber"": ""152/142"", ""rarityKey"": ""illustration rare""}], ""depth"": 5, ""factor"": -0.25}",4.0668810175,1.7800000000000002,11.377500000000001,9.73694026532357,2.394203376844567,2.2868810175,0.43768184816338807,0.20861798116275973,0.42737494409621,0.5336219877497315,"{""cv"": {""absolute"": -0.42189318665885667, ""relative"": -0.14981488636667759}, ""ev"": {""absolute"": -0.42659563249999977, ""relative"": -0.09493665278087064}, ""gap"": {""absolute"": -0.42659563249999977, ""relative"": -0.15721367364631636}, ""p50"": {""absolute"": 0.0, ""relative"": 0.0}, ""p95"": {""absolute"": -0.04249999999999865, ""relative"": -0.003721541155866782}, ""std_dev"": {""absolute"": -2.9171238869243066, ""relative"": -0.2305286152991493}, ""top1"": {""absolute"": -0.04173406194844689, ""relative"": -0.16670150333028672}, ""top10"": {""absolute"": -0.03658561753514311, ""relative"": -0.06416192487798371}, ""top5"": {""absolute"": -0.04570510851739379, ""relative"": -0.09661178539422421}, ""typical_capture"": {""absolute"": 0.041552049647577305, ""relative"": 0.10489503643316253}}",tier_b_paired,2026-08-23T17:05:24.85067+00:00
ad120bac-9242-43cf-a0eb-c379c6b684bd,ev_representativeness_v1,price_shock:top5:-0.50,price_shock,"{""cards"": [{""cardName"": ""Squirtle"", ""cardNumber"": ""148/142"", ""rarityKey"": ""illustration rare""}, {""cardName"": ""Bulbasaur"", ""cardNumber"": ""143/142"", ""rarityKey"": ""illustration rare""}, {""cardName"": ""Slowpoke"", ""cardNumber"": ""057/142"", ""rarityKey"": ""common""}, {""cardName"": ""Dachsbun ex"", ""cardNumber"": ""169/142"", ""rarityKey"": ""special illustration rare""}, {""cardName"": ""Milcery"", ""cardNumber"": ""152/142"", ""rarityKey"": ""illustration rare""}], ""depth"": 5, ""factor"": -0.5}",3.640285385,1.7800000000000002,10.98,6.955837711590201,1.9107946152387174,1.8602853849999996,0.48897265234604687,0.1571025055773203,0.3715124137169812,0.4889114923059803,"{""cv"": {""absolute"": -0.9053019482647064, ""relative"": -0.3214740431835358}, ""ev"": {""absolute"": -0.853191265, ""relative"": -0.18987330556174137}, ""gap"": {""absolute"": -0.853191265, ""relative"": -0.3144273472926329}, ""p50"": {""absolute"": 0.0, ""relative"": 0.0}, ""p95"": {""absolute"": -0.4399999999999995, ""relative"": -0.03852889667250434}, ""std_dev"": {""absolute"": -5.698226440657676, ""relative"": -0.45030800951372124}, ""top1"": {""absolute"": -0.09324953753388632, ""relative"": -0.3724736430150274}, ""top10"": {""absolute"": -0.08129611297889427, ""relative"": -0.14257283176410615}, ""top5"": {""absolute"": -0.10156763889662263, ""relative"": -0.2146944017941499}, ""typical_capture"": {""absolute"": 0.0928428538302361, ""relative"": 0.23437482910422974}}",tier_b_paired,2026-08-23T17:05:24.85067+00:00
ad120bac-9242-43cf-a0eb-c379c6b684bd,ev_representativeness_v1,rarity_ablation:common,rarity_ablation,"{""rarityKey"": ""common""}",3.44570805,0.9199999999999999,10.57,12.654314816182866,3.6724860703688655,2.52570805,0.26699882481337905,0.32382398444929195,0.6033998991876287,0.7130712626683507,"{""cv"": {""absolute"": 0.8563895068654417, ""relative"": 0.30410516385135333}, ""ev"": {""absolute"": -1.0477686, ""relative"": -0.23317548562314216}, ""gap"": {""absolute"": -0.18776859999999962, ""relative"": -0.0691985317065469}, ""p50"": {""absolute"": -0.8600000000000003, ""relative"": -0.48314606741573046}, ""p95"": {""absolute"": -0.8499999999999996, ""relative"": -0.07443082311733798}, ""std_dev"": {""absolute"": 0.00025066393498995865, ""relative"": 1.9808966666683963e-05}, ""top1"": {""absolute"": 0.07347194133808532, ""relative"": 0.2934745026444582}, ""top10"": {""absolute"": 0.14286365738347617, ""relative"": 0.25054674132608556}, ""top5"": {""absolute"": 0.1303198465740249, ""relative"": 0.27547102409846447}, ""typical_capture"": {""absolute"": -0.1291309737024317, ""relative"": -0.32598146917058474}}",tier_b_paired,2026-08-23T17:05:24.85067+00:00
ad120bac-9242-43cf-a0eb-c379c6b684bd,ev_representativeness_v1,rarity_ablation:double rare,rarity_ablation,"{""rarityKey"": ""double rare""}",4.30227142,1.66,11.34,12.650959035419062,2.9405301991428194,2.64227142,0.38584269515938624,0.26098216509083005,0.49202845737705686,0.5914779337655084,"{""cv"": {""absolute"": 0.12443363563939558, ""relative"": 0.04418656563558719}, ""ev"": {""absolute"": -0.19120522999999956, ""relative"": -0.042551735525319705}, ""gap"": {""absolute"": -0.07120522999999945, ""relative"": -0.026241327707758038}, ""p50"": {""absolute"": -0.12000000000000033, ""relative"": -0.06741573033707883}, ""p95"": {""absolute"": -0.08000000000000007, ""relative"": -0.007005253940455348}, ""std_dev"": {""absolute"": -0.003105116828814758, ""relative"": -0.0002453849444301389}, ""top1"": {""absolute"": 0.01063012197962343, ""relative"": 0.042460695936487804}, ""top10"": {""absolute"": 0.021270328480633816, ""relative"": 0.03730277934473919}, ""top5"": {""absolute"": 0.018948404763453053, ""relative"": 0.040053273560721206}, ""typical_capture"": {""absolute"": -0.01028710335642452, ""relative"": -0.0259690217574327}}",tier_b_paired,2026-08-23T17:05:24.85067+00:00
ad120bac-9242-43cf-a0eb-c379c6b684bd,ev_representativeness_v1,rarity_ablation:hyper rare,rarity_ablation,"{""rarityKey"": ""hyper rare""}",4.43052205,1.7799999999999998,10.899999999999999,12.643708859609344,2.853774051211266,2.6505220500000006,0.40175852414502705,0.253909369438755,0.47834008184204835,0.5714669561344357,"{""cv"": {""absolute"": 0.03767748770784207, ""relative"": 0.013379330878117547}, ""ev"": {""absolute"": -0.06295459999999942, ""relative"": -0.014010220794181587}, ""gap"": {""absolute"": -0.06295459999999897, ""relative"": -0.02320071558382453}, ""p50"": {""absolute"": -4.440892098500626e-16, ""relative"": -2.494883201404846e-16}, ""p95"": {""absolute"": -0.5200000000000014, ""relative"": -0.04553415061295984}, ""std_dev"": {""absolute"": -0.010355292638532632, ""relative"": -0.0008183372957448703}, ""top1"": {""absolute"": 0.003557326327548349, ""relative"": 0.014209296170865205}, ""top10"": {""absolute"": 0.0012593508495610806, ""relative"": 0.0022085830456994894}, ""top5"": {""absolute"": 0.0052600292284445405, ""relative"": 0.01111868741745651}, ""typical_capture"": {""absolute"": 0.005628725629216291, ""relative"": 0.014209296170865145}}",tier_b_paired,2026-08-23T17:05:24.85067+00:00
ad120bac-9242-43cf-a0eb-c379c6b684bd,ev_representativeness_v1,rarity_ablation:illustration rare,rarity_ablation,"{""rarityKey"": ""illustration rare""}",2.6069958,1.72,5.789999999999999,4.110166232378242,1.5765910449024285,0.8869958,0.659763241659231,0.13746025597739744,0.26206785603567145,0.354955838440553,"{""cv"": {""absolute"": -1.2395055186009953, ""relative"": -0.44015021880462885}, ""ev"": {""absolute"": -1.8864808499999999, ""relative"": -0.41982656124406476}, ""gap"": {""absolute"": -1.8264808499999996, ""relative"": -0.673114636899492}, ""p50"": {""absolute"": -0.060000000000000275, ""relative"": -0.03370786516853948}, ""p95"": {""absolute"": -5.630000000000001, ""relative"": -0.49299474605954474}, ""std_dev"": {""absolute"": -8.543897919869634, ""relative"": -0.6751900272571236}, ""top1"": {""absolute"": -0.11289178713380918, ""relative"": -0.4509321582954389}, ""top10"": {""absolute"": -0.21525176684432157, ""relative"": -0.3774971867251441}, ""top5"": {""absolute"": -0.21101219657793235, ""relative"": -0.44603909087302007}, ""typical_capture"": {""absolute"": 0.2636334431434202, ""relative"": 0.6655228769236298}}",tier_b_paired,2026-08-23T17:05:24.85067+00:00
ad120bac-9242-43cf-a0eb-c379c6b684bd,ev_representativeness_v1,rarity_ablation:rare,rarity_ablation,"{""rarityKey"": ""rare""}",4.29497058,1.5599999999999998,11.22,12.663049489405562,2.9483437088888187,2.7349705800000006,0.363215526379694,0.2615445645264467,0.4929563941273843,0.5929408764425111,"{""cv"": {""absolute"": 0.13224714538539484, ""relative"": 0.046961154350783345}, ""ev"": {""absolute"": -0.19850606999999965, ""relative"": -0.04417649972655353}, ""gap"": {""absolute"": 0.021493930000000994, ""relative"": 0.007921177431175241}, ""p50"": {""absolute"": -0.22000000000000042, ""relative"": -0.12359550561797775}, ""p95"": {""absolute"": -0.1999999999999993, ""relative"": -0.01751313485113829}, ""std_dev"": {""absolute"": 0.008985337157685791, ""relative"": 0.0007100752018939013}, ""top1"": {""absolute"": 0.011192521415240075, ""relative"": 0.04470713031196772}, ""top10"": {""absolute"": 0.02273327115763657, ""relative"": 0.039868410990904046}, ""top5"": {""absolute"": 0.019876341513780482, ""relative"": 0.04201475290274989}, ""typical_capture"": {""absolute"": -0.03291427213611675, ""relative"": -0.08308961421089113}}",tier_b_paired,2026-08-23T17:05:24.85067+00:00
ad120bac-9242-43cf-a0eb-c379c6b684bd,ev_representativeness_v1,rarity_ablation:special illustration rare,rarity_ablation,"{""rarityKey"": ""special illustration rare""}",4.1408391600000005,1.77,9.64,12.120318290532245,2.927019819463899,2.3708391600000005,0.4274495897107,0.27167224239639387,0.45182691906342953,0.5455466157251081,"{""cv"": {""absolute"": 0.11092325596047514, ""relative"": 0.03938901009221031}, ""ev"": {""absolute"": -0.35263748999999933, ""relative"": -0.07847765048473086}, ""gap"": {""absolute"": -0.3426374899999991, ""relative"": -0.1262725035794943}, ""p50"": {""absolute"": -0.010000000000000231, ""relative"": -0.005617977528090017}, ""p95"": {""absolute"": -1.7799999999999994, ""relative"": -0.1558669001751313}, ""std_dev"": {""absolute"": -0.5337458617156319, ""relative"": -0.04217979735947655}, ""top1"": {""absolute"": 0.021320199285187247, ""relative"": 0.08516087594187036}, ""top10"": {""absolute"": -0.024660989559766477, ""relative"": -0.04324914177082204}, ""top5"": {""absolute"": -0.021253133550174275, ""relative"": -0.044925025759928065}, ""typical_capture"": {""absolute"": 0.03131979119488926, ""relative"": 0.07906446652646655}}",tier_b_paired,2026-08-23T17:05:24.85067+00:00
ad120bac-9242-43cf-a0eb-c379c6b684bd,ev_representativeness_v1,rarity_ablation:ultra rare,rarity_ablation,"{""rarityKey"": ""ultra rare""}",4.2819285,1.7200000000000002,11.27,12.629069361805236,2.9493881931483057,2.5619285,0.40168816457350937,0.2621063312944156,0.49395203352881756,0.587442945392479,"{""cv"": {""absolute"": 0.13329162964488184, ""relative"": 0.04733205223582873}, ""ev"": {""absolute"": -0.2115481499999996, ""relative"": -0.047078947211175476}, ""gap"": {""absolute"": -0.15154814999999955, ""relative"": -0.05585017656223413}, ""p50"": {""absolute"": -0.06000000000000005, ""relative"": -0.03370786516853935}, ""p95"": {""absolute"": -0.15000000000000036, ""relative"": -0.013134851138353797}, ""std_dev"": {""absolute"": -0.024994790442640635, ""relative"": -0.001975238163953874}, ""top1"": {""absolute"": 0.01175428818320895, ""relative"": 0.046951037575466016}, ""top10"": {""absolute"": 0.017235340107604413, ""relative"": 0.030226429721142832}, ""top5"": {""absolute"": 0.02087198091521375, ""relative"": 0.044119342593083914}, ""typical_capture"": {""absolute"": 0.005558366057698605, ""relative"": 0.014031678703607432}}",tier_b_paired,2026-08-23T17:05:24.85067+00:00
ad120bac-9242-43cf-a0eb-c379c6b684bd,ev_representativeness_v1,rarity_ablation:uncommon,rarity_ablation,"{""rarityKey"": ""uncommon""}",3.9706626999999997,1.27,10.99,12.667362834056213,3.19023895785865,2.7006626999999996,0.3198458534390242,0.28217920399030616,0.5297052630534445,0.6336465472123834,"{""cv"": {""absolute"": 0.3741423943552262, ""relative"": 0.13285851032386709}, ""ev"": {""absolute"": -0.5228139500000002, ""relative"": -0.11634954195210967}, ""gap"": {""absolute"": -0.012813949999999963, ""relative"": -0.004722336564053339}, ""p50"": {""absolute"": -0.5100000000000002, ""relative"": -0.28651685393258436}, ""p95"": {""absolute"": -0.4299999999999997, ""relative"": -0.03765323992994744}, ""std_dev"": {""absolute"": 0.01329868180833671, ""relative"": 0.001050941551135911}, ""top1"": {""absolute"": 0.031827160879099536, ""relative"": 0.12712962308424972}, ""top10"": {""absolute"": 0.06343894192750887, ""relative"": 0.11125586775682325}, ""top5"": {""absolute"": 0.056625210439840645, ""relative"": 0.11969477496885765}, ""typical_capture"": {""absolute"": -0.07628394507678654, ""relative"": -0.19257310447888917}}",tier_b_paired,2026-08-23T17:05:24.85067+00:00
ad120bac-9242-43cf-a0eb-c379c6b684bd,ev_representativeness_v1,top_card_ablation:1,top_card_ablation,"{""cards"": [{""cardName"": ""Squirtle"", ""cardNumber"": ""148/142"", ""evShare"": 0.15374444640766075, ""priceUsed"": 116.52, ""rarityKey"": ""illustration rare""}], ""depth"": 1}",3.80262957,1.78,10.54,9.093229623772933,2.391300403150479,2.0226295700000003,0.46809713311096984,0.21989201540869519,0.39166782159115227,0.49896818374554425,"{""cv"": {""absolute"": -0.4247961603529449, ""relative"": -0.1508457365625518}, ""ev"": {""absolute"": -0.6908470799999997, ""relative"": -0.1537444464076607}, ""gap"": {""absolute"": -0.6908470799999993, ""relative"": -0.2545984982034024}, ""p50"": {""absolute"": -2.220446049250313e-16, ""relative"": -1.247441600702423e-16}, ""p95"": {""absolute"": -0.8800000000000008, ""relative"": -0.07705779334500883}, ""std_dev"": {""absolute"": -3.5608345284749436, ""relative"": -0.2813984887094471}, ""top1"": {""absolute"": -0.03046002770251144, ""relative"": -0.12166878018639163}, ""top10"": {""absolute"": -0.07123942153933033, ""relative"": -0.12493593715527392}, ""top5"": {""absolute"": -0.08141223102245154, ""relative"": -0.17208975642214694}, ""typical_capture"": {""absolute"": 0.07196733459515908, ""relative"": 0.18167614470004748}}",tier_b_paired,2026-08-23T17:05:24.85067+00:00
ad120bac-9242-43cf-a0eb-c379c6b684bd,ev_representativeness_v1,top_card_ablation:10,top_card_ablation,"{""cards"": [{""cardName"": ""Squirtle"", ""cardNumber"": ""148/142"", ""evShare"": 0.15374444640766075, ""priceUsed"": 116.52, ""rarityKey"": ""illustration rare""}, {""cardName"": ""Bulbasaur"", ""cardNumber"": ""143/142"", ""evShare"": 0.13647365898741234, ""priceUsed"": 101.53, ""rarityKey"": ""illustration rare""}, {""cardName"": ""Slowpoke"", ""cardNumber"": ""057/142"", ""evShare"": 0.03732298464263746, ""priceUsed"": 2.97, ""rarityKey"": ""common""}, {""cardName"": ""Dachsbun ex"", ""cardNumber"": ""169/142"", ""evShare"": 0.027035542735044594, ""priceUsed"": 66.97, ""rarityKey"": ""special illustration rare""}, {""cardName"": ""Milcery"", ""cardNumber"": ""152/142"", ""evShare"": 0.025169978350727606, ""priceUsed"": 18.91, ""rarityKey"": ""illustration rare""}, {""cardName"": ""Zeraora"", ""cardNumber"": ""151/142"", ""evShare"": 0.01857690303119746, ""priceUsed"": 14.24, ""rarityKey"": ""illustration rare""}, {""cardName"": ""Gulpin"", ""cardNumber"": ""154/142"", ""evShare"": 0.017034315734120932, ""priceUsed"": 13.1, ""rarityKey"": ""illustration rare""}, {""cardName"": ""Hydrapple ex"", ""cardNumber"": ""167/142"", ""evShare"": 0.016659677089898753, ""priceUsed"": 38.37, ""rarityKey"": ""special illustration rare""}, {""cardName"": ""Slowpoke"", ""cardNumber"": ""057/142"", ""evShare"": 0.016414839943588003, ""priceUsed"": 4.9, ""rarityKey"": ""common""}, {""cardName"": ""Terapagos ex"", ""cardNumber"": ""170/142"", ""evShare"": 0.014688633132209557, ""priceUsed"": 38.13, ""rarityKey"": ""special illustration rare""}], ""depth"": 10}",2.41245334,1.7000000000000002,7.57,2.2209732212529816,0.9206284674724452,0.7124533399999997,0.7046768415425603,0.0656014801927734,0.22189495694039,0.32954205033453626,"{""cv"": {""absolute"": -1.8954680960309787, ""relative"": -0.6730834874756148}, ""ev"": {""absolute"": -2.08102331, ""relative"": -0.4631209800544975}, ""gap"": {""absolute"": -2.00102331, ""relative"": -0.7374389272890924}, ""p50"": {""absolute"": -0.08000000000000007, ""relative"": -0.044943820224719135}, ""p95"": {""absolute"": -3.8499999999999996, ""relative"": -0.3371278458844133}, ""std_dev"": {""absolute"": -10.433090930994895, ""relative"": -0.8244853831519064}, ""top1"": {""absolute"": -0.18475056291843323, ""relative"": -0.7379630724098658}, ""top10"": {""absolute"": -0.2406655549503383, ""relative"": -0.42206654685025163}, ""top5"": {""absolute"": -0.2511850956732138, ""relative"": -0.5309568524090224}, ""typical_capture"": {""absolute"": 0.3085470430267495, ""relative"": 0.7789038950939573}}",tier_b_paired,2026-08-23T17:05:24.85067+00:00
ad120bac-9242-43cf-a0eb-c379c6b684bd,ev_representativeness_v1,top_card_ablation:5,top_card_ablation,"{""cards"": [{""cardName"": ""Squirtle"", ""cardNumber"": ""148/142"", ""evShare"": 0.15374444640766075, ""priceUsed"": 116.52, ""rarityKey"": ""illustration rare""}, {""cardName"": ""Bulbasaur"", ""cardNumber"": ""143/142"", ""evShare"": 0.13647365898741234, ""priceUsed"": 101.53, ""rarityKey"": ""illustration rare""}, {""cardName"": ""Slowpoke"", ""cardNumber"": ""057/142"", ""evShare"": 0.03732298464263746, ""priceUsed"": 2.97, ""rarityKey"": ""common""}, {""cardName"": ""Dachsbun ex"", ""cardNumber"": ""169/142"", ""evShare"": 0.027035542735044594, ""priceUsed"": 66.97, ""rarityKey"": ""special illustration rare""}, {""cardName"": ""Milcery"", ""cardNumber"": ""152/142"", ""evShare"": 0.025169978350727606, ""priceUsed"": 18.91, ""rarityKey"": ""illustration rare""}], ""depth"": 5}",2.78709412,1.73,9.11,3.4948594368960575,1.2539438161837382,1.05709412,0.6207181837117148,0.09518056390574997,0.26471201840862124,0.3880845437684752,"{""cv"": {""absolute"": -1.5621527473196857, ""relative"": -0.5547227206499825}, ""ev"": {""absolute"": -1.70638253, ""relative"": -0.37974661112348274}, ""gap"": {""absolute"": -1.6563825299999997, ""relative"": -0.6104281494369962}, ""p50"": {""absolute"": -0.050000000000000266, ""relative"": -0.028089887640449583}, ""p95"": {""absolute"": -2.3100000000000005, ""relative"": -0.20227670753064803}, ""std_dev"": {""absolute"": -9.15920471535182, ""relative"": -0.7238152584934361}, ""top1"": {""absolute"": -0.15517147920545665, ""relative"": -0.6198131130750522}, ""top10"": {""absolute"": -0.1821230615163994, ""relative"": -0.3193978120046489}, ""top5"": {""absolute"": -0.20836803420498257, ""relative"": -0.44044984153066946}, ""typical_capture"": {""absolute"": 0.22458838519590407, ""relative"": 0.5669565532241576}}",tier_b_paired,2026-08-23T17:05:24.85067+00:00
ad120bac-9242-43cf-a0eb-c379c6b684bd,ev_representativeness_v1,winsorize_top:0.0100,winsorization,"{""quantile"": 0.01}",4.39702559,1.7800000000000002,11.42,11.818505753731525,2.6878410215782993,2.61702559,0.40481911318601177,0.2339081224223669,0.4615217875045389,0.5607798839305823,"{""cv"": {""absolute"": -0.12825554192512456, ""relative"": -0.045543730136002714}, ""ev"": {""absolute"": -0.0964510599999997, ""relative"": -0.02146468481148104}, ""gap"": {""absolute"": -0.0964510599999997, ""relative"": -0.03554519623376885}, ""p50"": {""absolute"": 0.0, ""relative"": 0.0}, ""p95"": {""absolute"": 0.0, ""relative"": 0.0}, ""std_dev"": {""absolute"": -0.8355583985163513, ""relative"": -0.06603083313497522}, ""top1"": {""absolute"": -0.016443920688839736, ""relative"": -0.0656831894978198}, ""top10"": {""absolute"": -0.009427721354292262, ""relative"": -0.016533840073182104}, ""top5"": {""absolute"": -0.01155826510906488, ""relative"": -0.02443194348442607}, ""typical_capture"": {""absolute"": 0.00868931467020101, ""relative"": 0.021935523918567797}}",tier_b_paired,2026-08-23T17:05:24.85067+00:00
c6cd123b-c1cb-4d05-91a7-3aabf68501c6,ev_representativeness_v1,price_shock:top1:-0.10,price_shock,"{""cards"": [{""cardName"": ""Mega Darkrai ex"", ""cardNumber"": ""116/084"", ""rarityKey"": ""special illustration rare""}], ""depth"": 1, ""factor"": -0.1}",3.751825282,1.6600000000000001,9.930000000000001,12.242115056040506,3.2629757880181867,2.091825282,0.44245130709154384,0.27821394749053246,0.44195516245257827,0.5395194365023739,"{""cv"": {""absolute"": -0.1649973328459331, ""relative"": -0.04813262153127407}, ""ev"": {""absolute"": -0.04784076799999992, ""relative"": -0.012590782287301254}, ""gap"": {""absolute"": -0.04784076799999992, ""relative"": -0.022358988216876145}, ""p50"": {""absolute"": 0.0, ""relative"": 0.0}, ""p95"": {""absolute"": 0.0, ""relative"": 0.0}, ""std_dev"": {""absolute"": -0.7830380316194372, ""relative"": -0.06011737645995801}, ""top1"": {""absolute"": -0.009087851045157247, ""relative"": -0.031631723475021405}, ""top10"": {""absolute"": -0.005797810522532476, ""relative"": -0.010631995511170165}, ""top5"": {""absolute"": -0.007026221056111948, ""relative"": -0.015649248085084472}, ""typical_capture"": {""absolute"": 0.005570808080321454, ""relative"": 0.012751331526423553}}",tier_b_paired,2026-08-23T17:00:36.962912+00:00
c6cd123b-c1cb-4d05-91a7-3aabf68501c6,ev_representativeness_v1,price_shock:top1:-0.25,price_shock,"{""cards"": [{""cardName"": ""Mega Darkrai ex"", ""cardNumber"": ""116/084"", ""rarityKey"": ""special illustration rare""}], ""depth"": 1, ""factor"": -0.25}",3.6800641300000003,1.6600000000000001,9.930000000000001,11.141484829787606,3.0275246398457747,2.02006413,0.45107909573304095,0.264139138792671,0.4310733030622486,0.5305400778436978,"{""cv"": {""absolute"": -0.40044848101834507, ""relative"": -0.11681785909610647}, ""ev"": {""absolute"": -0.11960191999999958, ""relative"": -0.031476955718253076}, ""gap"": {""absolute"": -0.11960191999999958, ""relative"": -0.05589747054219026}, ""p50"": {""absolute"": 0.0, ""relative"": 0.0}, ""p95"": {""absolute"": 0.0, ""relative"": 0.0}, ""std_dev"": {""absolute"": -1.883668257872337, ""relative"": -0.14461774423649026}, ""top1"": {""absolute"": -0.023162659743018732, ""relative"": -0.08062135308958526}, ""top10"": {""absolute"": -0.014777169181208527, ""relative"": -0.02709829784740626}, ""top5"": {""absolute"": -0.0179080804464416, ""relative"": -0.03988602000932402}, ""typical_capture"": {""absolute"": 0.014198596721818557, ""relative"": 0.032499955374418826}}",tier_b_paired,2026-08-23T17:00:36.962912+00:00
c6cd123b-c1cb-4d05-91a7-3aabf68501c6,ev_representativeness_v1,price_shock:top1:-0.50,price_shock,"{""cards"": [{""cardName"": ""Mega Darkrai ex"", ""cardNumber"": ""116/084"", ""rarityKey"": ""special illustration rare""}], ""depth"": 1, ""factor"": -0.5}",3.56046221,1.6600000000000001,9.930000000000001,9.578513746028761,2.6902444629594204,1.9004622099999997,0.4662316019919223,0.23942033357517364,0.4119620974716089,0.5147701286794446,"{""cv"": {""absolute"": -0.7377286579046993, ""relative"": -0.21520841380422887}, ""ev"": {""absolute"": -0.23920384000000006, ""relative"": -0.06295391143650639}, ""gap"": {""absolute"": -0.23920384000000006, ""relative"": -0.11179494108438094}, ""p50"": {""absolute"": 0.0, ""relative"": 0.0}, ""p95"": {""absolute"": 0.0, ""relative"": 0.0}, ""std_dev"": {""absolute"": -3.4466393416311814, ""relative"": -0.26461411381771277}, ""top1"": {""absolute"": -0.04788146496051607, ""relative"": -0.16665912014667758}, ""top10"": {""absolute"": -0.030547118345461755, ""relative"": -0.05601715058916259}, ""top5"": {""absolute"": -0.03701928603708132, ""relative"": -0.08245171714645225}, ""typical_capture"": {""absolute"": 0.029351102980699928, ""relative"": 0.0671833671842285}}",tier_b_paired,2026-08-23T17:00:36.962912+00:00
c6cd123b-c1cb-4d05-91a7-3aabf68501c6,ev_representativeness_v1,price_shock:top5:-0.10,price_shock,"{""cards"": [{""cardName"": ""Mega Darkrai ex"", ""cardNumber"": ""116/084"", ""rarityKey"": ""special illustration rare""}, {""cardName"": ""Morpeko ex"", ""cardNumber"": ""117/084"", ""rarityKey"": ""special illustration rare""}, {""cardName"": ""Mega Darkrai ex"", ""cardNumber"": ""120/084"", ""rarityKey"": ""mega hyper rare""}, {""cardName"": ""Mega Zeraora ex"", ""cardNumber"": ""114/084"", ""rarityKey"": ""special illustration rare""}, {""cardName"": ""Slowbro"", ""cardNumber"": ""090/084"", ""rarityKey"": ""illustration rare""}], ""depth"": 5, ""factor"": -0.1}",3.6921630659999995,1.6600000000000001,9.930000000000001,11.831696130679466,3.2045432228153565,2.0321630659999994,0.44960094403371087,0.2699573925048305,0.4329376323380405,0.5320784621054979,"{""cv"": {""absolute"": -0.22342989804876323, ""relative"": -0.0651784276512767}, ""ev"": {""absolute"": -0.10750298400000036, ""relative"": -0.028292745358503377}, ""gap"": {""absolute"": -0.10750298400000036, ""relative"": -0.05024287972415152}, ""p50"": {""absolute"": 0.0, ""relative"": 0.0}, ""p95"": {""absolute"": 0.0, ""relative"": 0.0}, ""std_dev"": {""absolute"": -1.1934569569804765, ""relative"": -0.09162709635337493}, ""top1"": {""absolute"": -0.01734440603085924, ""relative"": -0.060369987655001234}, ""top10"": {""absolute"": -0.013238784919408442, ""relative"": -0.024277216595725577}, ""top5"": {""absolute"": -0.01604375117064971, ""relative"": -0.03573366682883674}, ""typical_capture"": {""absolute"": 0.01272044502248848, ""relative"": 0.02911653198363913}}",tier_b_paired,2026-08-23T17:00:36.962912+00:00
c6cd123b-c1cb-4d05-91a7-3aabf68501c6,ev_representativeness_v1,price_shock:top5:-0.25,price_shock,"{""cards"": [{""cardName"": ""Mega Darkrai ex"", ""cardNumber"": ""116/084"", ""rarityKey"": ""special illustration rare""}, {""cardName"": ""Morpeko ex"", ""cardNumber"": ""117/084"", ""rarityKey"": ""special illustration rare""}, {""cardName"": ""Mega Darkrai ex"", ""cardNumber"": ""120/084"", ""rarityKey"": ""mega hyper rare""}, {""cardName"": ""Mega Zeraora ex"", ""cardNumber"": ""114/084"", ""rarityKey"": ""special illustration rare""}, {""cardName"": ""Slowbro"", ""cardNumber"": ""090/084"", ""rarityKey"": ""illustration rare""}], ""depth"": 5, ""factor"": -0.25}",3.5309085899999997,1.6600000000000001,9.930000000000001,10.069728810618571,2.85188034579467,1.8709085899999995,0.4701339492903724,0.241960511925912,0.40704023436641845,0.5107087663235146,"{""cv"": {""absolute"": -0.5760927750694496, ""relative"": -0.16805638631268752}, ""ev"": {""absolute"": -0.2687574600000002, ""relative"": -0.07073186339625827}, ""gap"": {""absolute"": -0.2687574600000002, ""relative"": -0.12560719931037848}, ""p50"": {""absolute"": 0.0, ""relative"": 0.0}, ""p95"": {""absolute"": 0.0, ""relative"": 0.0}, ""std_dev"": {""absolute"": -2.955424277041372, ""relative"": -0.22690130834940797}, ""top1"": {""absolute"": -0.04534128660977771, ""relative"": -0.15781762189054047}, ""top10"": {""absolute"": -0.034608480701391775, ""relative"": -0.06346485626523948}, ""top5"": {""absolute"": -0.04194114914227176, ""relative"": -0.09341400486254231}, ""typical_capture"": {""absolute"": 0.03325345027915, ""relative"": 0.076115666307861}}",tier_b_paired,2026-08-23T17:00:36.962912+00:00
c6cd123b-c1cb-4d05-91a7-3aabf68501c6,ev_representativeness_v1,price_shock:top5:-0.50,price_shock,"{""cards"": [{""cardName"": ""Mega Darkrai ex"", ""cardNumber"": ""116/084"", ""rarityKey"": ""special illustration rare""}, {""cardName"": ""Morpeko ex"", ""cardNumber"": ""117/084"", ""rarityKey"": ""special illustration rare""}, {""cardName"": ""Mega Darkrai ex"", ""cardNumber"": ""120/084"", ""rarityKey"": ""mega hyper rare""}, {""cardName"": ""Mega Zeraora ex"", ""cardNumber"": ""114/084"", ""rarityKey"": ""special illustration rare""}, {""cardName"": ""Slowbro"", ""cardNumber"": ""090/084"", ""rarityKey"": ""illustration rare""}], ""depth"": 5, ""factor"": -0.5}",3.26215113,1.6600000000000001,9.600000000000001,7.269125013272899,2.228322577216985,1.6021511299999998,0.5088666753462155,0.1917244174398505,0.36373273116871196,0.4703977372133583,"{""cv"": {""absolute"": -1.199650543647135, ""relative"": -0.3499591453461363}, ""ev"": {""absolute"": -0.53751492, ""relative"": -0.14146372679251643}, ""gap"": {""absolute"": -0.53751492, ""relative"": -0.2512143986207568}, ""p50"": {""absolute"": 0.0, ""relative"": 0.0}, ""p95"": {""absolute"": -0.33000000000000007, ""relative"": -0.03323262839879154}, ""std_dev"": {""absolute"": -5.756028074387044, ""relative"": -0.4419163472128644}, ""top1"": {""absolute"": -0.09557738109583921, ""relative"": -0.33267240784072655}, ""top10"": {""absolute"": -0.07491950981154805, ""relative"": -0.13738701686089572}, ""top5"": {""absolute"": -0.08524865233997825, ""relative"": -0.18987124070441158}, ""typical_capture"": {""absolute"": 0.07198617633499316, ""relative"": 0.1647731507767391}}",tier_b_paired,2026-08-23T17:00:36.962912+00:00
c6cd123b-c1cb-4d05-91a7-3aabf68501c6,ev_representativeness_v1,rarity_ablation:common,rarity_ablation,"{""rarityKey"": ""common""}",3.1248547199999996,1.01,9.3,13.037961692998401,4.172341712256755,2.1148547199999994,0.32321502613727915,0.34748835299453545,0.5360388498317132,0.6431580665612513,"{""cv"": {""absolute"": 0.7443685913926354, ""relative"": 0.21714539908790062}, ""ev"": {""absolute"": -0.6748113300000003, ""relative"": -0.17759753649929322}, ""gap"": {""absolute"": -0.024811330000000353, ""relative"": -0.011595888993985934}, ""p50"": {""absolute"": -0.6500000000000001, ""relative"": -0.391566265060241}, ""p95"": {""absolute"": -0.6300000000000008, ""relative"": -0.06344410876132937}, ""std_dev"": {""absolute"": 0.012808605338458179, ""relative"": 0.000983374648440261}, ""top1"": {""absolute"": 0.06018655445884574, ""relative"": 0.20948895818126645}, ""top10"": {""absolute"": 0.09784081953634494, ""relative"": 0.17941999830398953}, ""top5"": {""absolute"": 0.08705746632302303, ""relative"": 0.19389994668083602}, ""typical_capture"": {""absolute"": -0.11366547287394324, ""relative"": -0.26017520381705905}}",tier_b_paired,2026-08-23T17:00:36.962912+00:00
c6cd123b-c1cb-4d05-91a7-3aabf68501c6,ev_representativeness_v1,rarity_ablation:double rare,rarity_ablation,"{""rarityKey"": ""double rare""}",3.66863727,1.55,9.860000000000001,13.030371806961877,3.5518288803084306,2.11863727,0.42250020536917243,0.2972192996338392,0.46406179316823,0.5628142571860204,"{""cv"": {""absolute"": 0.12385575944431082, ""relative"": 0.03613090157868257}, ""ev"": {""absolute"": -0.13102877999999984, ""relative"": -0.03448428842845277}, ""gap"": {""absolute"": -0.02102877999999997, ""relative"": -0.00982806639381878}, ""p50"": {""absolute"": -0.1100000000000001, ""relative"": -0.0662650602409639}, ""p95"": {""absolute"": -0.07000000000000028, ""relative"": -0.007049345417925506}, ""std_dev"": {""absolute"": 0.005218719301934627, ""relative"": 0.00040066471901039323}, ""top1"": {""absolute"": 0.009917501098149484, ""relative"": 0.03451945358050898}, ""top10"": {""absolute"": 0.017497010161114046, ""relative"": 0.032085928432619155}, ""top5"": {""absolute"": 0.015080409659539773, ""relative"": 0.033588051116261675}, ""typical_capture"": {""absolute"": -0.014380293642049957, ""relative"": -0.03291585153055908}}",tier_b_paired,2026-08-23T17:00:36.962912+00:00
c6cd123b-c1cb-4d05-91a7-3aabf68501c6,ev_representativeness_v1,rarity_ablation:illustration rare,rarity_ablation,"{""rarityKey"": ""illustration rare""}",3.29978458,1.6,6.46,12.960414561525193,3.92765474451826,1.6997845799999998,0.4848801372361102,0.330824895848201,0.4923629135814677,0.5565512855387669,"{""cv"": {""absolute"": 0.49968162365414015, ""relative"": 0.14576591065223432}, ""ev"": {""absolute"": -0.49988147000000005, ""relative"": -0.13155931690365263}, ""gap"": {""absolute"": -0.43988147, ""relative"": -0.20558417048305275}, ""p50"": {""absolute"": -0.06000000000000005, ""relative"": -0.03614457831325304}, ""p95"": {""absolute"": -3.4700000000000015, ""relative"": -0.34944612286002025}, ""std_dev"": {""absolute"": -0.06473852613475017, ""relative"": -0.004970269884665202}, ""top1"": {""absolute"": 0.043523097312511305, ""relative"": 0.15148912235961762}, ""top10"": {""absolute"": 0.011234038513860511, ""relative"": 0.02060092281172141}, ""top5"": {""absolute"": 0.04338153007277751, ""relative"": 0.09662211322385005}, ""typical_capture"": {""absolute"": 0.047999638224887786, ""relative"": 0.10986903359963154}}",tier_b_paired,2026-08-23T17:00:36.962912+00:00
c6cd123b-c1cb-4d05-91a7-3aabf68501c6,ev_representativeness_v1,rarity_ablation:mega hyper rare,rarity_ablation,"{""rarityKey"": ""mega hyper rare""}",3.64829565,1.6600000000000001,9.9,12.020338353619298,3.294781867149198,1.98829565,0.4550069838775265,0.2666736562317804,0.4282015631052269,0.5275050693876742,"{""cv"": {""absolute"": -0.13319125371492158, ""relative"": -0.03885422931243605}, ""ev"": {""absolute"": -0.1513703999999998, ""relative"": -0.039837816799715806}, ""gap"": {""absolute"": -0.1513703999999998, ""relative"": -0.07074487161209096}, ""p50"": {""absolute"": 0.0, ""relative"": 0.0}, ""p95"": {""absolute"": -0.030000000000001137, ""relative"": -0.0030211480362538905}, ""std_dev"": {""absolute"": -1.0048147340406448, ""relative"": -0.07714417844290893}, ""top1"": {""absolute"": -0.020628142303909303, ""relative"": -0.07179955854452055}, ""top10"": {""absolute"": -0.017812177637232196, ""relative"": -0.03266388095078654}, ""top5"": {""absolute"": -0.020779820403463323, ""relative"": -0.04628214257142161}, ""typical_capture"": {""absolute"": 0.018126484866304138, ""relative"": 0.04149071635682808}}",tier_b_paired,2026-08-23T17:00:36.962912+00:00
c6cd123b-c1cb-4d05-91a7-3aabf68501c6,ev_representativeness_v1,rarity_ablation:rare,rarity_ablation,"{""rarityKey"": ""rare""}",3.5659784500000002,1.4100000000000001,9.83,13.034202976370883,3.655154723767577,2.15597845,0.3954033990306363,0.30555667267142345,0.4763255874415056,0.576786819897916,"{""cv"": {""absolute"": 0.22718160290345724, ""relative"": 0.06627286588705501}, ""ev"": {""absolute"": -0.23368759999999966, ""relative"": -0.061502141747430586}, ""gap"": {""absolute"": 0.016312400000000338, ""relative"": 0.007623806528126359}, ""p50"": {""absolute"": -0.25, ""relative"": -0.1506024096385542}, ""p95"": {""absolute"": -0.10000000000000142, ""relative"": -0.010070493454179397}, ""std_dev"": {""absolute"": 0.009049888710940479, ""relative"": 0.0006948009478302687}, ""top1"": {""absolute"": 0.018254874135733734, ""relative"": 0.06353901795524626}, ""top10"": {""absolute"": 0.031469572873009666, ""relative"": 0.057708743020138425}, ""top5"": {""absolute"": 0.027344203932815392, ""relative"": 0.06090275663353007}, ""typical_capture"": {""absolute"": -0.041477099980586074, ""relative"": -0.09493923412571599}}",tier_b_paired,2026-08-23T17:00:36.962912+00:00
c6cd123b-c1cb-4d05-91a7-3aabf68501c6,ev_representativeness_v1,rarity_ablation:special illustration rare,rarity_ablation,"{""rarityKey"": ""special illustration rare""}",2.7539609,1.6599999999999997,8.6,5.695140156525666,2.0679814867835145,1.0939609000000003,0.6027681801873076,0.11399993006436655,0.2776704091913578,0.39066442809700025,"{""cv"": {""absolute"": -1.3599916340806053, ""relative"": -0.39673345914036223}, ""ev"": {""absolute"": -1.0457051499999999, ""relative"": -0.27520975165699096}, ""gap"": {""absolute"": -1.0457051499999994, ""relative"": -0.4887235323474892}, ""p50"": {""absolute"": -4.440892098500626e-16, ""relative"": -2.6752362039160396e-16}, ""p95"": {""absolute"": -1.3300000000000018, ""relative"": -0.13393756294058426}, ""std_dev"": {""absolute"": -7.330012931134277, ""relative"": -0.5627582940333152}, ""top1"": {""absolute"": -0.17330186847132317, ""relative"": -0.6032049550493676}, ""top10"": {""absolute"": -0.1546528189279061, ""relative"": -0.2836015544559562}, ""top5"": {""absolute"": -0.1713109743173324, ""relative"": -0.38155473836927273}, ""typical_capture"": {""absolute"": 0.1658876811760852, ""relative"": 0.37970951221565963}}",tier_b_paired,2026-08-23T17:00:36.962912+00:00
c6cd123b-c1cb-4d05-91a7-3aabf68501c6,ev_representativeness_v1,rarity_ablation:ultra rare,rarity_ablation,"{""rarityKey"": ""ultra rare""}",3.3052387000000003,1.6099999999999999,5.89,12.917426189726124,3.908167416085901,1.6952387000000004,0.48710551525370915,0.33027898711218645,0.47158545311719846,0.5410217361910956,"{""cv"": {""absolute"": 0.48019429522178125, ""relative"": 0.14008111449273394}, ""ev"": {""absolute"": -0.4944273499999996, ""relative"": -0.13012389601975669}, ""gap"": {""absolute"": -0.44442734999999933, ""relative"": -0.20770874501654096}, ""p50"": {""absolute"": -0.050000000000000266, ""relative"": -0.030120481927711003}, ""p95"": {""absolute"": -4.040000000000002, ""relative"": -0.406847935548842}, ""std_dev"": {""absolute"": -0.10772689793381929, ""relative"": -0.00827068190360695}, ""top1"": {""absolute"": 0.04297718857649674, ""relative"": 0.1495889994268795}, ""top10"": {""absolute"": -0.004295510833810745, ""relative"": -0.007877085966464133}, ""top5"": {""absolute"": 0.022604069608508248, ""relative"": 0.05034522685965829}, ""typical_capture"": {""absolute"": 0.050225016242486764, ""relative"": 0.11496282474534668}}",tier_b_paired,2026-08-23T17:00:36.962912+00:00
c6cd123b-c1cb-4d05-91a7-3aabf68501c6,ev_representativeness_v1,rarity_ablation:uncommon,rarity_ablation,"{""rarityKey"": ""uncommon""}",3.23091208,1.11,9.39,13.035077924573757,4.034488590780148,2.12091208,0.3435562381505597,0.33633940605403295,0.5198953912729188,0.6249674023936919,"{""cv"": {""absolute"": 0.6065154699160282, ""relative"": 0.17693122102519243}, ""ev"": {""absolute"": -0.5687539699999999, ""relative"": -0.14968525194470708}, ""gap"": {""absolute"": -0.018753969999999676, ""relative"": -0.008764905158914718}, ""p50"": {""absolute"": -0.55, ""relative"": -0.3313253012048193}, ""p95"": {""absolute"": -0.5400000000000009, ""relative"": -0.05438066465256806}, ""std_dev"": {""absolute"": 0.009924836913814516, ""relative"": 0.0007619746844447707}, ""top1"": {""absolute"": 0.04903760751834324, ""relative"": 0.1706832597925822}, ""top10"": {""absolute"": 0.0796501553687855, ""relative"": 0.14606205067478387}, ""top5"": {""absolute"": 0.07091400776422863, ""relative"": 0.1579442051918753}, ""typical_capture"": {""absolute"": -0.0933242608606627, ""relative"": -0.21361507568289384}}",tier_b_paired,2026-08-23T17:00:36.962912+00:00
c6cd123b-c1cb-4d05-91a7-3aabf68501c6,ev_representativeness_v1,top_card_ablation:1,top_card_ablation,"{""cards"": [{""cardName"": ""Mega Darkrai ex"", ""cardNumber"": ""116/084"", ""evShare"": 0.12590782287301275, ""priceUsed"": 220.16, ""rarityKey"": ""special illustration rare""}], ""depth"": 1}",3.3212583700000002,1.6600000000000001,9.850000000000001,8.148000900159802,2.453287276219887,1.66125837,0.4998105582493421,0.20751182329726428,0.3751625411786316,0.48258148010327784,"{""cv"": {""absolute"": -0.9746858446442328, ""relative"": -0.28433298928508954}, ""ev"": {""absolute"": -0.47840767999999967, ""relative"": -0.12590782287301266}, ""gap"": {""absolute"": -0.47840767999999967, ""relative"": -0.22358988216876166}, ""p50"": {""absolute"": 0.0, ""relative"": 0.0}, ""p95"": {""absolute"": -0.08000000000000007, ""relative"": -0.008056394763343409}, ""std_dev"": {""absolute"": -4.8771521875001405, ""relative"": -0.374441064506241}, ""top1"": {""absolute"": -0.07978997523842543, ""relative"": -0.27772180907010097}, ""top10"": {""absolute"": -0.06273576692162852, ""relative"": -0.11504453098429726}, ""top5"": {""absolute"": -0.07381884233005859, ""relative"": -0.1644140381794467}, ""typical_capture"": {""absolute"": 0.06293005923811973, ""relative"": 0.144044102175646}}",tier_b_paired,2026-08-23T17:00:36.962912+00:00
c6cd123b-c1cb-4d05-91a7-3aabf68501c6,ev_representativeness_v1,top_card_ablation:10,top_card_ablation,"{""cards"": [{""cardName"": ""Mega Darkrai ex"", ""cardNumber"": ""116/084"", ""evShare"": 0.12590782287301275, ""priceUsed"": 220.16, ""rarityKey"": ""special illustration rare""}, {""cardName"": ""Morpeko ex"", ""cardNumber"": ""117/084"", ""evShare"": 0.05014206445853314, ""priceUsed"": 93.9, ""rarityKey"": ""special illustration rare""}, {""cardName"": ""Mega Darkrai ex"", ""cardNumber"": ""120/084"", ""evShare"": 0.039837816799715854, ""priceUsed"": 171.04, ""rarityKey"": ""mega hyper rare""}, {""cardName"": ""Mega Zeraora ex"", ""cardNumber"": ""114/084"", ""evShare"": 0.033934713815178576, ""priceUsed"": 62.17, ""rarityKey"": ""special illustration rare""}, {""cardName"": ""Slowbro"", ""cardNumber"": ""090/084"", ""evShare"": 0.0331050356385925, ""priceUsed"": 12.72, ""rarityKey"": ""illustration rare""}, {""cardName"": ""Mega Chandelure ex"", ""cardNumber"": ""115/084"", ""evShare"": 0.026602890535603784, ""priceUsed"": 48.02, ""rarityKey"": ""special illustration rare""}, {""cardName"": ""Goldeen"", ""cardNumber"": ""087/084"", ""evShare"": 0.022314813692640174, ""priceUsed"": 8.38, ""rarityKey"": ""illustration rare""}, {""cardName"": ""Misty's Vitality"", ""cardNumber"": ""111/084"", ""evShare"": 0.02161645231954003, ""priceUsed"": 17.42, ""rarityKey"": ""ultra rare""}, {""cardName"": ""Gwynn"", ""cardNumber"": ""119/084"", ""evShare"": 0.02091100874509748, ""priceUsed"": 36.87, ""rarityKey"": ""special illustration rare""}, {""cardName"": ""Gladion's Final Battle"", ""cardNumber"": ""118/084"", ""evShare"": 0.01771125122956529, ""priceUsed"": 31.33, ""rarityKey"": ""special illustration rare""}], ""depth"": 10}",2.3098782800000004,1.64,6.16,1.8919028617728348,0.8190487257072414,0.6698782800000005,0.7099941214218438,0.05651685681030778,0.19564897592785713,0.30642467013456665,"{""cv"": {""absolute"": -2.6089243951568784, ""relative"": -0.7610690933595253}, ""ev"": {""absolute"": -1.4897877699999995, ""relative"": -0.39208387010747947}, ""gap"": {""absolute"": -1.4697877699999993, ""relative"": -0.6869239103924649}, ""p50"": {""absolute"": -0.02000000000000024, ""relative"": -0.01204819277108448}, ""p95"": {""absolute"": -3.7700000000000014, ""relative"": -0.379657603222558}, ""std_dev"": {""absolute"": -11.133250225887108, ""relative"": -0.8547500479234116}, ""top1"": {""absolute"": -0.23078494172538194, ""relative"": -0.803284013193231}, ""top10"": {""absolute"": -0.23889257689033971, ""relative"": -0.43807999507381934}, ""top5"": {""absolute"": -0.2533324075808331, ""relative"": -0.5642381107232027}, ""typical_capture"": {""absolute"": 0.2731136224106214, ""relative"": 0.6251449149796128}}",tier_b_paired,2026-08-23T17:00:36.962912+00:00
c6cd123b-c1cb-4d05-91a7-3aabf68501c6,ev_representativeness_v1,top_card_ablation:5,top_card_ablation,"{""cards"": [{""cardName"": ""Mega Darkrai ex"", ""cardNumber"": ""116/084"", ""evShare"": 0.12590782287301275, ""priceUsed"": 220.16, ""rarityKey"": ""special illustration rare""}, {""cardName"": ""Morpeko ex"", ""cardNumber"": ""117/084"", ""evShare"": 0.05014206445853314, ""priceUsed"": 93.9, ""rarityKey"": ""special illustration rare""}, {""cardName"": ""Mega Darkrai ex"", ""cardNumber"": ""120/084"", ""evShare"": 0.039837816799715854, ""priceUsed"": 171.04, ""rarityKey"": ""mega hyper rare""}, {""cardName"": ""Mega Zeraora ex"", ""cardNumber"": ""114/084"", ""evShare"": 0.033934713815178576, ""priceUsed"": 62.17, ""rarityKey"": ""special illustration rare""}, {""cardName"": ""Slowbro"", ""cardNumber"": ""090/084"", ""evShare"": 0.0331050356385925, ""priceUsed"": 12.72, ""rarityKey"": ""illustration rare""}], ""depth"": 5}",2.72463621,1.6500000000000001,8.030000000000001,3.8482987237553217,1.4124082729397924,1.0746362099999998,0.6055854333669008,0.11980032372835564,0.27961227161405156,0.3888788918356187,"{""cv"": {""absolute"": -2.0155648479243276, ""relative"": -0.5879756861734803}, ""ev"": {""absolute"": -1.07502984, ""relative"": -0.28292745358503285}, ""gap"": {""absolute"": -1.06502984, ""relative"": -0.4977551707192812}, ""p50"": {""absolute"": -0.010000000000000009, ""relative"": -0.006024096385542173}, ""p95"": {""absolute"": -1.9000000000000004, ""relative"": -0.19133937562940584}, ""std_dev"": {""absolute"": -9.17685436390462, ""relative"": -0.7045486760995379}, ""top1"": {""absolute"": -0.16750147480733407, ""relative"": -0.5830157543776268}, ""top10"": {""absolute"": -0.15643835518928767, ""relative"": -0.2868758617901235}, ""top5"": {""absolute"": -0.16936911189463866, ""relative"": -0.37722969841434517}, ""typical_capture"": {""absolute"": 0.16870493435567846, ""relative"": 0.38615807924021084}}",tier_b_paired,2026-08-23T17:00:36.962912+00:00
c6cd123b-c1cb-4d05-91a7-3aabf68501c6,ev_representativeness_v1,winsorize_top:0.0100,winsorization,"{""quantile"": 0.01}",3.09111516,1.6600000000000001,9.930000000000001,4.815292856765637,1.5577850088139829,1.43111516,0.5370230205205295,0.12393585491651496,0.3226759206214756,0.44109406134192686,"{""cv"": {""absolute"": -1.870188112050137, ""relative"": -0.5455667375766068}, ""ev"": {""absolute"": -0.7085508899999997, ""relative"": -0.18647714843255758}, ""gap"": {""absolute"": -0.7085508899999997, ""relative"": -0.3311502231855292}, ""p50"": {""absolute"": 0.0, ""relative"": 0.0}, ""p95"": {""absolute"": 0.0, ""relative"": 0.0}, ""std_dev"": {""absolute"": -8.209860230894307, ""relative"": -0.6303081565062253}, ""top1"": {""absolute"": -0.16336594361917475, ""relative"": -0.568621374637447}, ""top10"": {""absolute"": -0.1042231856829795, ""relative"": -0.1911239489519012}, ""top5"": {""absolute"": -0.12630546288721461, ""relative"": -0.28131559019254954}, ""typical_capture"": {""absolute"": 0.10014252150930714, ""relative"": 0.2292217705664512}}",tier_b_paired,2026-08-23T17:00:36.962912+00:00
528199b8-05af-4ba9-9bc5-8d5ed376685c,ev_representativeness_v1,price_shock:top1:-0.10,price_shock,"{""cards"": [{""cardName"": ""Charizard ex"", ""cardNumber"": ""223/197"", ""rarityKey"": ""special illustration rare""}], ""depth"": 1, ""factor"": -0.1}",4.306627680000001,1.8299999999999998,16.8,9.50417134710585,2.2068709099798123,2.476627680000001,0.42492644732177065,0.17110578966974924,0.43095380374279296,0.5572261682022162,"{""cv"": {""absolute"": -0.11002275560934871, ""relative"": -0.04748718391500765}, ""ev"": {""absolute"": -0.05856398999999879, ""relative"": -0.013416132538344826}, ""gap"": {""absolute"": -0.05856398999999879, ""relative"": -0.023100419070089008}, ""p50"": {""absolute"": 0.0, ""relative"": 0.0}, ""p95"": {""absolute"": 0.0, ""relative"": 0.0}, ""std_dev"": {""absolute"": -0.6095135821997211, ""relative"": -0.06026622210007601}, ""top1"": {""absolute"": -0.01112055458605754, ""relative"": -0.0610260532387494}, ""top10"": {""absolute"": -0.005940312411909954, ""relative"": -0.010548057486361966}, ""top5"": {""absolute"": -0.007634399189427876, ""relative"": -0.017406759092897198}, ""typical_capture"": {""absolute"": 0.005700869536316877, ""relative"": 0.013598572793271691}}",tier_b_paired,2026-08-23T16:54:53.348363+00:00
528199b8-05af-4ba9-9bc5-8d5ed376685c,ev_representativeness_v1,price_shock:top1:-0.25,price_shock,"{""cards"": [{""cardName"": ""Charizard ex"", ""cardNumber"": ""223/197"", ""rarityKey"": ""special illustration rare""}], ""depth"": 1, ""factor"": -0.25}",4.2187816950000006,1.8299999999999998,16.8,8.64884501577641,2.0500811942999597,2.3887816950000005,0.43377451887801455,0.15384606076423213,0.4191047849419476,0.5480064677771861,"{""cv"": {""absolute"": -0.26681247128920127, ""relative"": -0.11515956698917114}, ""ev"": {""absolute"": -0.1464099749999992, ""relative"": -0.033540331345862574}, ""gap"": {""absolute"": -0.1464099749999992, ""relative"": -0.05775104767522339}, ""p50"": {""absolute"": 0.0, ""relative"": 0.0}, ""p95"": {""absolute"": 0.0, ""relative"": 0.0}, ""std_dev"": {""absolute"": -1.4648399135291612, ""relative"": -0.14483740830057087}, ""top1"": {""absolute"": -0.028380283491574648, ""relative"": -0.1557419351602357}, ""top10"": {""absolute"": -0.015160012836940018, ""relative"": -0.02691923855341712}, ""top5"": {""absolute"": -0.019483417990273255, ""relative"": -0.04442303249384072}, ""typical_capture"": {""absolute"": 0.014548941092560774, ""relative"": 0.034704325936921854}}",tier_b_paired,2026-08-23T16:54:53.348363+00:00
528199b8-05af-4ba9-9bc5-8d5ed376685c,ev_representativeness_v1,price_shock:top1:-0.50,price_shock,"{""cards"": [{""cardName"": ""Charizard ex"", ""cardNumber"": ""223/197"", ""rarityKey"": ""special illustration rare""}], ""depth"": 1, ""factor"": -0.5}",4.07237172,1.8299999999999998,16.8,7.439712606975773,1.8268746368211626,2.2423717199999995,0.4493695875090695,0.12342512043571506,0.39822043062414736,0.5317563888789602,"{""cv"": {""absolute"": -0.4900190287679984, ""relative"": -0.21149828153351694}, ""ev"": {""absolute"": -0.29281995000000016, ""relative"": -0.06708066269172555}, ""gap"": {""absolute"": -0.29281995000000016, ""relative"": -0.11550209535044749}, ""p50"": {""absolute"": 0.0, ""relative"": 0.0}, ""p95"": {""absolute"": 0.0, ""relative"": 0.0}, ""std_dev"": {""absolute"": -2.6739723223297975, ""relative"": -0.264391499341813}, ""top1"": {""absolute"": -0.058801223820091716, ""relative"": -0.32268234354494535}, ""top10"": {""absolute"": -0.03141009173516596, ""relative"": -0.05577407892052389}, ""top5"": {""absolute"": -0.04036777230807348, ""relative"": -0.0920402601761541}, ""typical_capture"": {""absolute"": 0.03014400972361575, ""relative"": 0.0719040328666265}}",tier_b_paired,2026-08-23T16:54:53.348363+00:00
528199b8-05af-4ba9-9bc5-8d5ed376685c,ev_representativeness_v1,price_shock:top5:-0.10,price_shock,"{""cards"": [{""cardName"": ""Charizard ex"", ""cardNumber"": ""223/197"", ""rarityKey"": ""special illustration rare""}, {""cardName"": ""Ninetales"", ""cardNumber"": ""199/197"", ""rarityKey"": ""illustration rare""}, {""cardName"": ""Cleffa"", ""cardNumber"": ""202/197"", ""rarityKey"": ""illustration rare""}, {""cardName"": ""Charizard ex"", ""cardNumber"": ""228/197"", ""rarityKey"": ""hyper rare""}, {""cardName"": ""Gloom"", ""cardNumber"": ""198/197"", ""rarityKey"": ""illustration rare""}], ""depth"": 5, ""factor"": -0.1}",4.217556439,1.8299999999999998,16.8,9.200861346842405,2.1815621153902014,2.387556439,0.43390053612036555,0.1702617978884147,0.41893602718898904,0.5478751576701781,"{""cv"": {""absolute"": -0.1353315501989596, ""relative"": -0.05841077310060591}, ""ev"": {""absolute"": -0.14763523099999976, ""relative"": -0.033821019135226144}, ""gap"": {""absolute"": -0.14763523099999976, ""relative"": -0.05823434683342888}, ""p50"": {""absolute"": 0.0, ""relative"": 0.0}, ""p95"": {""absolute"": 0.0, ""relative"": 0.0}, ""std_dev"": {""absolute"": -0.9128235824631652, ""relative"": -0.09025628036109305}, ""top1"": {""absolute"": -0.011964546367392082, ""relative"": -0.06565761068331821}, ""top10"": {""absolute"": -0.015291322943947971, ""relative"": -0.02715240247834525}, ""top5"": {""absolute"": -0.019652175743231803, ""relative"": -0.04480780744179943}, ""typical_capture"": {""absolute"": 0.01467495833491178, ""relative"": 0.03500492124653223}}",tier_b_paired,2026-08-23T16:54:53.348363+00:00
528199b8-05af-4ba9-9bc5-8d5ed376685c,ev_representativeness_v1,price_shock:top5:-0.25,price_shock,"{""cards"": [{""cardName"": ""Charizard ex"", ""cardNumber"": ""223/197"", ""rarityKey"": ""special illustration rare""}, {""cardName"": ""Ninetales"", ""cardNumber"": ""199/197"", ""rarityKey"": ""illustration rare""}, {""cardName"": ""Cleffa"", ""cardNumber"": ""202/197"", ""rarityKey"": ""illustration rare""}, {""cardName"": ""Charizard ex"", ""cardNumber"": ""228/197"", ""rarityKey"": ""hyper rare""}, {""cardName"": ""Gloom"", ""cardNumber"": ""198/197"", ""rarityKey"": ""illustration rare""}], ""depth"": 5, ""factor"": -0.25}",3.9961035925000004,1.8299999999999998,16.8,7.858622803824462,1.9665713417874717,2.1661035925000007,0.45794608614115895,0.15082536239330485,0.3867350925037362,0.522819667743636,"{""cv"": {""absolute"": -0.35032232380168926, ""relative"": -0.1512034535743815}, ""ev"": {""absolute"": -0.3690880774999994, ""relative"": -0.08455254783806536}, ""gap"": {""absolute"": -0.36908807749999895, ""relative"": -0.14558586708357202}, ""p50"": {""absolute"": 0.0, ""relative"": 0.0}, ""p95"": {""absolute"": 0.0, ""relative"": 0.0}, ""std_dev"": {""absolute"": -2.2550621254811087, ""relative"": -0.22297136417081825}, ""top1"": {""absolute"": -0.031400981862501925, ""relative"": -0.1723185634368084}, ""top10"": {""absolute"": -0.040346812870490134, ""relative"": -0.07164278105915045}, ""top5"": {""absolute"": -0.05185311042848462, ""relative"": -0.11822732595591032}, ""typical_capture"": {""absolute"": 0.038720508355705174, ""relative"": 0.0923619893620162}}",tier_b_paired,2026-08-23T16:54:53.348363+00:00
528199b8-05af-4ba9-9bc5-8d5ed376685c,ev_representativeness_v1,price_shock:top5:-0.50,price_shock,"{""cards"": [{""cardName"": ""Charizard ex"", ""cardNumber"": ""223/197"", ""rarityKey"": ""special illustration rare""}, {""cardName"": ""Ninetales"", ""cardNumber"": ""199/197"", ""rarityKey"": ""illustration rare""}, {""cardName"": ""Cleffa"", ""cardNumber"": ""202/197"", ""rarityKey"": ""illustration rare""}, {""cardName"": ""Charizard ex"", ""cardNumber"": ""228/197"", ""rarityKey"": ""hyper rare""}, {""cardName"": ""Gloom"", ""cardNumber"": ""198/197"", ""rarityKey"": ""illustration rare""}], ""depth"": 5, ""factor"": -0.5}",3.627015515,1.8299999999999998,15.56,5.749506473322235,1.5851893794069516,1.7970155150000002,0.504547055956004,0.1153996704091849,0.32985450160116014,0.47426140524794536,"{""cv"": {""absolute"": -0.7317042861822094, ""relative"": -0.3158126318223348}, ""ev"": {""absolute"": -0.7381761549999997, ""relative"": -0.1691050956761309}, ""gap"": {""absolute"": -0.7381761549999994, ""relative"": -0.29117173416714465}, ""p50"": {""absolute"": 0.0, ""relative"": 0.0}, ""p95"": {""absolute"": -1.2400000000000002, ""relative"": -0.07380952380952382}, ""std_dev"": {""absolute"": -4.364178455983335, ""relative"": -0.43151220217841907}, ""top1"": {""absolute"": -0.06682667384662187, ""relative"": -0.36672345109887916}, ""top10"": {""absolute"": -0.08890507536618075, ""relative"": -0.15786641859300798}, ""top5"": {""absolute"": -0.1087337013310607, ""relative"": -0.24791752401024872}, ""typical_capture"": {""absolute"": 0.08532147817055025, ""relative"": 0.20352164250391958}}",tier_b_paired,2026-08-23T16:54:53.348363+00:00
528199b8-05af-4ba9-9bc5-8d5ed376685c,ev_representativeness_v1,rarity_ablation:common,rarity_ablation,"{""rarityKey"": ""common""}",3.57209082,1.05,16.12,10.139659587494629,2.838578328054556,2.52209082,0.293945493804662,0.2207861837062698,0.5262728706321078,0.6689074355617867,"{""cv"": {""absolute"": 0.521684662465395, ""relative"": 0.22516556120530298}, ""ev"": {""absolute"": -0.7931008499999996, ""relative"": -0.18168752026414448}, ""gap"": {""absolute"": -0.01310084999999983, ""relative"": -0.0051675974463894605}, ""p50"": {""absolute"": -0.7799999999999998, ""relative"": -0.42622950819672123}, ""p95"": {""absolute"": -0.6799999999999997, ""relative"": -0.04047619047619046}, ""std_dev"": {""absolute"": 0.02597465818905853, ""relative"": 0.0025682684768826404}, ""top1"": {""absolute"": 0.03855983945046301, ""relative"": 0.21160408835471808}, ""top10"": {""absolute"": 0.10574095494766056, ""relative"": 0.1877614499221462}, ""top5"": {""absolute"": 0.08768466769988698, ""relative"": 0.199924820397957}, ""typical_capture"": {""absolute"": -0.12528008398079177, ""relative"": -0.29883692842068454}}",tier_b_paired,2026-08-23T16:54:53.348363+00:00
528199b8-05af-4ba9-9bc5-8d5ed376685c,ev_representativeness_v1,rarity_ablation:double rare,rarity_ablation,"{""rarityKey"": ""double rare""}",4.1890929,1.74,16.71,10.105654373823082,2.412372944468021,2.4490929,0.4153643859270822,0.18932076679416682,0.4551315393363561,0.582667679678338,"{""cv"": {""absolute"": 0.0954792788788601, ""relative"": 0.04121003924216814}, ""ev"": {""absolute"": -0.1760987699999994, ""relative"": -0.040341589399211744}, ""gap"": {""absolute"": -0.08609876999999955, ""relative"": -0.0339614440276224}, ""p50"": {""absolute"": -0.08999999999999986, ""relative"": -0.04918032786885239}, ""p95"": {""absolute"": -0.08999999999999986, ""relative"": -0.0053571428571428485}, ""std_dev"": {""absolute"": -0.00803055548248821, ""relative"": -0.0007940286392765459}, ""top1"": {""absolute"": 0.00709442253836004, ""relative"": 0.0389319259371246}, ""top10"": {""absolute"": 0.019501199064211883, ""relative"": 0.034627769470487776}, ""top5"": {""absolute"": 0.016543336404135245, ""relative"": 0.03771951979905817}, ""typical_capture"": {""absolute"": -0.003861191858371582, ""relative"": -0.009210296467997514}}",tier_b_paired,2026-08-23T16:54:53.348363+00:00
528199b8-05af-4ba9-9bc5-8d5ed376685c,ev_representativeness_v1,rarity_ablation:hyper rare,rarity_ablation,"{""rarityKey"": ""hyper rare""}",4.09428563,1.81,15.51,9.745326098170112,2.3802262418536033,2.28428563,0.4420795624852388,0.1942836899730418,0.43325209824210525,0.5514206394046817,"{""cv"": {""absolute"": 0.06333257626444233, ""relative"": 0.02733512426792256}, ""ev"": {""absolute"": -0.27090603999999985, ""relative"": -0.06206051428664984}, ""gap"": {""absolute"": -0.25090603999999983, ""relative"": -0.0989692586044194}, ""p50"": {""absolute"": -0.019999999999999796, ""relative"": -0.010928961748633769}, ""p95"": {""absolute"": -1.290000000000001, ""relative"": -0.07678571428571433}, ""std_dev"": {""absolute"": -0.368358831135458, ""relative"": -0.036421821888884015}, ""top1"": {""absolute"": 0.012057345717235018, ""relative"": 0.06616686388829206}, ""top10"": {""absolute"": -0.011745841209444441, ""relative"": -0.020856783231551258}, ""top5"": {""absolute"": -0.005336104690115584, ""relative"": -0.01216654860855941}, ""typical_capture"": {""absolute"": 0.022853984699785, ""relative"": 0.05451476701519615}}",tier_b_paired,2026-08-23T16:54:53.348363+00:00
528199b8-05af-4ba9-9bc5-8d5ed376685c,ev_representativeness_v1,rarity_ablation:illustration rare,rarity_ablation,"{""rarityKey"": ""illustration rare""}",3.1446358800000005,1.7799999999999998,5.35,8.759488436639243,2.7855334515356485,1.3646358800000007,0.5660432774811434,0.2460853941538058,0.4028791816749225,0.470758550907331,"{""cv"": {""absolute"": 0.4686397859464875, ""relative"": 0.20227073555717864}, ""ev"": {""absolute"": -1.2205557899999993, ""relative"": -0.27961104168422446}, ""gap"": {""absolute"": -1.170555789999999, ""relative"": -0.4617227974719557}, ""p50"": {""absolute"": -0.050000000000000044, ""relative"": -0.027322404371584726}, ""p95"": {""absolute"": -11.450000000000001, ""relative"": -0.6815476190476191}, ""std_dev"": {""absolute"": -1.3541964926663272, ""relative"": -0.13389743719842276}, ""top1"": {""absolute"": 0.06385904989799901, ""relative"": 0.3504380783074624}, ""top10"": {""absolute"": -0.09240792970679512, ""relative"": -0.1640863454906361}, ""top5"": {""absolute"": -0.03570902125729836, ""relative"": -0.08141810705021815}, ""typical_capture"": {""absolute"": 0.14681769969568959, ""relative"": 0.35021169383616707}}",tier_b_paired,2026-08-23T16:54:53.348363+00:00
528199b8-05af-4ba9-9bc5-8d5ed376685c,ev_representativeness_v1,rarity_ablation:rare,rarity_ablation,"{""rarityKey"": ""rare""}",4.20806572,1.6400000000000001,16.62,10.120185997211756,2.4049496064457276,2.5680657199999994,0.38972775358651013,0.1887067747601622,0.4533720685331882,0.5810275629440501,"{""cv"": {""absolute"": 0.08805594085656665, ""relative"": 0.038006034616256325}, ""ev"": {""absolute"": -0.15712595000000018, ""relative"": -0.03599520064144175}, ""gap"": {""absolute"": 0.032874049999999766, ""relative"": 0.012967086626629603}, ""p50"": {""absolute"": -0.18999999999999972, ""relative"": -0.10382513661202171}, ""p95"": {""absolute"": -0.17999999999999972, ""relative"": -0.010714285714285697}, ""std_dev"": {""absolute"": 0.0065010679061856536, ""relative"": 0.0006427991332168217}, ""top1"": {""absolute"": 0.006480430504355428, ""relative"": 0.035562533676570335}, ""top10"": {""absolute"": 0.017861082329924005, ""relative"": 0.03171545705356383}, ""top5"": {""absolute"": 0.014783865600967339, ""relative"": 0.033707850558059874}, ""typical_capture"": {""absolute"": -0.029497824198943645, ""relative"": -0.07036265381221488}}",tier_b_paired,2026-08-23T16:54:53.348363+00:00
528199b8-05af-4ba9-9bc5-8d5ed376685c,ev_representativeness_v1,rarity_ablation:special illustration rare,rarity_ablation,"{""rarityKey"": ""special illustration rare""}",3.58545788,1.8,15.06,6.24487361693941,1.7417227662257213,1.7854578799999998,0.5020279306697643,0.11695480578341086,0.38525666908685036,0.505960616667459,"{""cv"": {""absolute"": -0.5751708993634397, ""relative"": -0.2482508834591595}, ""ev"": {""absolute"": -0.7797337899999999, ""relative"": -0.17862532712108833}, ""gap"": {""absolute"": -0.7497337899999998, ""relative"": -0.2957306143247149}, ""p50"": {""absolute"": -0.029999999999999805, ""relative"": -0.016393442622950713}, ""p95"": {""absolute"": -1.7400000000000002, ""relative"": -0.10357142857142858}, ""std_dev"": {""absolute"": -3.8688113123661605, ""relative"": -0.3825323153142563}, ""top1"": {""absolute"": -0.06527153847239592, ""relative"": -0.35818936465502843}, ""top10"": {""absolute"": -0.05720586394666716, ""relative"": -0.10157895740578322}, ""top5"": {""absolute"": -0.05333153384537048, ""relative"": -0.12159819504678357}, ""typical_capture"": {""absolute"": 0.08280235288431048, ""relative"": 0.19751264539179925}}",tier_b_paired,2026-08-23T16:54:53.348363+00:00
528199b8-05af-4ba9-9bc5-8d5ed376685c,ev_representativeness_v1,rarity_ablation:ultra rare,rarity_ablation,"{""rarityKey"": ""ultra rare""}",4.14221486,1.78,15.83,10.0030908266193,2.414913558254991,2.36221486,0.4297217938134672,0.19142116157634567,0.45111025940358873,0.5699097028491661,"{""cv"": {""absolute"": 0.09801989266583, ""relative"": 0.042306599617252874}, ""ev"": {""absolute"": -0.22297680999999958, ""relative"": -0.05108064590437551}, ""gap"": {""absolute"": -0.17297680999999976, ""relative"": -0.0682302691535744}, ""p50"": {""absolute"": -0.04999999999999982, ""relative"": -0.027322404371584605}, ""p95"": {""absolute"": -0.9700000000000006, ""relative"": -0.057738095238095276}, ""std_dev"": {""absolute"": -0.1105941026862709, ""relative"": -0.010935094721589725}, ""top1"": {""absolute"": 0.009194817320538895, ""relative"": 0.050458221933220256}, ""top10"": {""absolute"": 0.006743222235039981, ""relative"": 0.011973763473434321}, ""top5"": {""absolute"": 0.012522056471367893, ""relative"": 0.028550828288701244}, ""typical_capture"": {""absolute"": 0.010496216028013428, ""relative"": 0.025037155613117326}}",tier_b_paired,2026-08-23T16:54:53.348363+00:00
528199b8-05af-4ba9-9bc5-8d5ed376685c,ev_representativeness_v1,rarity_ablation:uncommon,rarity_ablation,"{""rarityKey"": ""uncommon""}",3.620498,1.1400000000000001,16.2,10.136697845659404,2.7998076081410357,2.480498,0.31487381017749494,0.21797520396365366,0.5200340339920089,0.6615051492916169,"{""cv"": {""absolute"": 0.4829139425518747, ""relative"": 0.20843163832858722}, ""ev"": {""absolute"": -0.7446936699999998, ""relative"": -0.17059816069886338}, ""gap"": {""absolute"": -0.054693669999999805, ""relative"": -0.021573781046700824}, ""p50"": {""absolute"": -0.6899999999999997, ""relative"": -0.3770491803278687}, ""p95"": {""absolute"": -0.6000000000000014, ""relative"": -0.035714285714285796}, ""std_dev"": {""absolute"": 0.02301291635383329, ""relative"": 0.002275423499416193}, ""top1"": {""absolute"": 0.035748859707846886, ""relative"": 0.1961783289559008}, ""top10"": {""absolute"": 0.09833866867749075, ""relative"": 0.1746174036676573}, ""top5"": {""absolute"": 0.08144583105978803, ""relative"": 0.18570000404770262}, ""typical_capture"": {""absolute"": -0.10435176760795883, ""relative"": -0.2489155555803485}}",tier_b_paired,2026-08-23T16:54:53.348363+00:00
528199b8-05af-4ba9-9bc5-8d5ed376685c,ev_representativeness_v1,top_card_ablation:1,top_card_ablation,"{""cards"": [{""cardName"": ""Charizard ex"", ""cardNumber"": ""223/197"", ""evShare"": 0.13416132538345105, ""priceUsed"": 110.29, ""rarityKey"": ""special illustration rare""}], ""depth"": 1}",3.7795517700000003,1.82,15.93,6.366761322587008,1.6845281424963807,1.9595517700000002,0.4815385820207987,0.1109487461789682,0.37252965316572445,0.5031659613965281,"{""cv"": {""absolute"": -0.6323655230927803, ""relative"": -0.2729367913964997}, ""ev"": {""absolute"": -0.5856398999999994, ""relative"": -0.1341613253834509}, ""gap"": {""absolute"": -0.5756398999999994, ""relative"": -0.2270597157650015}, ""p50"": {""absolute"": -0.009999999999999787, ""relative"": -0.005464480874316824}, ""p95"": {""absolute"": -0.870000000000001, ""relative"": -0.051785714285714345}, ""std_dev"": {""absolute"": -3.7469236067185623, ""relative"": -0.3704805551002897}, ""top1"": {""absolute"": -0.07127759807683857, ""relative"": -0.3911487022797323}, ""top10"": {""absolute"": -0.06000051921759797, ""relative"": -0.10654135372575467}, ""top5"": {""absolute"": -0.06605854976649639, ""relative"": -0.15061633971195765}, ""typical_capture"": {""absolute"": 0.062313004235344915, ""relative"": 0.14863836449224174}}",tier_b_paired,2026-08-23T16:54:53.348363+00:00
528199b8-05af-4ba9-9bc5-8d5ed376685c,ev_representativeness_v1,top_card_ablation:10,top_card_ablation,"{""cards"": [{""cardName"": ""Charizard ex"", ""cardNumber"": ""223/197"", ""evShare"": 0.13416132538345105, ""priceUsed"": 110.29, ""rarityKey"": ""special illustration rare""}, {""cardName"": ""Ninetales"", ""cardNumber"": ""199/197"", ""evShare"": 0.05902097536074517, ""priceUsed"": 40.49, ""rarityKey"": ""illustration rare""}, {""cardName"": ""Cleffa"", ""cardNumber"": ""202/197"", ""evShare"": 0.05719999690185426, ""priceUsed"": 38.85, ""rarityKey"": ""illustration rare""}, {""cardName"": ""Charizard ex"", ""cardNumber"": ""228/197"", ""evShare"": 0.05428671130951737, ""priceUsed"": 36.7, ""rarityKey"": ""hyper rare""}, {""cardName"": ""Gloom"", ""cardNumber"": ""198/197"", ""evShare"": 0.033541182396694166, ""priceUsed"": 23.09, ""rarityKey"": ""illustration rare""}, {""cardName"": ""Charizard ex"", ""cardNumber"": ""215/197"", ""evShare"": 0.026369206372099583, ""priceUsed"": 22.17, ""rarityKey"": ""ultra rare""}, {""cardName"": ""Pidgey"", ""cardNumber"": ""207/197"", ""evShare"": 0.022834163430903828, ""priceUsed"": 15.55, ""rarityKey"": ""illustration rare""}, {""cardName"": ""Pidgeot ex"", ""cardNumber"": ""225/197"", ""evShare"": 0.0223271158216977, ""priceUsed"": 18.91, ""rarityKey"": ""special illustration rare""}, {""cardName"": ""Scizor"", ""cardNumber"": ""205/197"", ""evShare"": 0.022270719672659874, ""priceUsed"": 15.24, ""rarityKey"": ""illustration rare""}, {""cardName"": ""Lechonk"", ""cardNumber"": ""209/197"", ""evShare"": 0.020601191608156807, ""priceUsed"": 13.91, ""rarityKey"": ""illustration rare""}], ""depth"": 10}",2.3894509700000004,1.7800000000000002,6.9399999999999995,1.8131140312914849,0.7587994288459848,0.6094509700000001,0.7449410020746314,0.05547182665145877,0.1895882885598611,0.29085043749610817,"{""cv"": {""absolute"": -1.5580942367431763, ""relative"": -0.6724927690399506}, ""ev"": {""absolute"": -1.9757406999999994, ""relative"": -0.4526125882577796}, ""gap"": {""absolute"": -1.9257406999999995, ""relative"": -0.7596035924179254}, ""p50"": {""absolute"": -0.0499999999999996, ""relative"": -0.027322404371584483}, ""p95"": {""absolute"": -9.860000000000001, ""relative"": -0.5869047619047619}, ""std_dev"": {""absolute"": -8.300570898014085, ""relative"": -0.8207266645179169}, ""top1"": {""absolute"": -0.126754517604348, ""relative"": -0.6955883251787777}, ""top10"": {""absolute"": -0.27231604311801794, ""relative"": -0.4835444801705184}, ""top5"": {""absolute"": -0.24899991437235974, ""relative"": -0.567730533351441}, ""typical_capture"": {""absolute"": 0.32571542428917766, ""relative"": 0.7769454955724776}}",tier_b_paired,2026-08-23T16:54:53.348363+00:00
528199b8-05af-4ba9-9bc5-8d5ed376685c,ev_representativeness_v1,top_card_ablation:5,top_card_ablation,"{""cards"": [{""cardName"": ""Charizard ex"", ""cardNumber"": ""223/197"", ""evShare"": 0.13416132538345105, ""priceUsed"": 110.29, ""rarityKey"": ""special illustration rare""}, {""cardName"": ""Ninetales"", ""cardNumber"": ""199/197"", ""evShare"": 0.05902097536074517, ""priceUsed"": 40.49, ""rarityKey"": ""illustration rare""}, {""cardName"": ""Cleffa"", ""cardNumber"": ""202/197"", ""evShare"": 0.05719999690185426, ""priceUsed"": 38.85, ""rarityKey"": ""illustration rare""}, {""cardName"": ""Charizard ex"", ""cardNumber"": ""228/197"", ""evShare"": 0.05428671130951737, ""priceUsed"": 36.7, ""rarityKey"": ""hyper rare""}, {""cardName"": ""Gloom"", ""cardNumber"": ""198/197"", ""evShare"": 0.033541182396694166, ""priceUsed"": 23.09, ""rarityKey"": ""illustration rare""}], ""depth"": 5}",2.8888393600000004,1.8,8.1,3.3372440255568354,1.155219660797212,1.0888393600000004,0.6230876056742732,0.07809250425056517,0.2718210056512107,0.38657394227694264,"{""cv"": {""absolute"": -1.161674004791949, ""relative"": -0.5013928874014802}, ""ev"": {""absolute"": -1.4763523099999993, ""relative"": -0.3382101913522618}, ""gap"": {""absolute"": -1.4463523099999993, ""relative"": -0.5705100435266102}, ""p50"": {""absolute"": -0.029999999999999805, ""relative"": -0.016393442622950713}, ""p95"": {""absolute"": -8.700000000000001, ""relative"": -0.5178571428571429}, ""std_dev"": {""absolute"": -6.776440903748735, ""relative"": -0.6700268943630244}, ""top1"": {""absolute"": -0.1041338400052416, ""relative"": -0.5714532683543274}, ""top10"": {""absolute"": -0.17659253833718347, ""relative"": -0.3135707546809453}, ""top5"": {""absolute"": -0.16676719728101014, ""relative"": -0.38023639524746233}, ""typical_capture"": {""absolute"": 0.20386202788881946, ""relative"": 0.4862824185626134}}",tier_b_paired,2026-08-23T16:54:53.348363+00:00
528199b8-05af-4ba9-9bc5-8d5ed376685c,ev_representativeness_v1,winsorize_top:0.0100,winsorization,"{""quantile"": 0.01}",3.98853875,1.8299999999999998,16.8,6.912380880669731,1.7330609814608748,2.15853875,0.45881464734421845,0.10500086027746379,0.3855719466182947,0.5219146260018158,"{""cv"": {""absolute"": -0.5838326841282862, ""relative"": -0.2519894170368944}, ""ev"": {""absolute"": -0.3766529199999997, ""relative"": -0.08628553989703727}, ""gap"": {""absolute"": -0.3766529199999997, ""relative"": -0.14856980024709524}, ""p50"": {""absolute"": 0.0, ""relative"": 0.0}, ""p95"": {""absolute"": 0.0, ""relative"": 0.0}, ""std_dev"": {""absolute"": -3.2013040486358397, ""relative"": -0.3165319140365636}, ""top1"": {""absolute"": -0.07722548397834299, ""relative"": -0.4237888011951496}, ""top10"": {""absolute"": -0.04125185461231029, ""relative"": -0.07324984002479276}, ""top5"": {""absolute"": -0.05301625631392615, ""relative"": -0.12087934869082478}, ""typical_capture"": {""absolute"": 0.03958906955876468, ""relative"": 0.0944338123830438}}",tier_b_paired,2026-08-23T16:54:53.348363+00:00
73be42a8-991a-46b5-9ae3-c810f48e7664,ev_representativeness_v1,price_shock:top1:-0.10,price_shock,"{""cards"": [{""cardName"": ""Groudon"", ""cardNumber"": ""199/182"", ""rarityKey"": ""illustration rare""}], ""depth"": 1, ""factor"": -0.1}",3.93821774,1.5699999999999998,16.63,8.825797827593226,2.2410639558982908,2.36821774,0.39865749017726987,0.16983858541046543,0.4484721863042545,0.5914536787394595,"{""cv"": {""absolute"": -0.07016642067280632, ""relative"": -0.030358903804693003}, ""ev"": {""absolute"": -0.027001380000000186, ""relative"": -0.0068095555839043235}, ""gap"": {""absolute"": -0.027001380000000186, ""relative"": -0.011273031254025805}, ""p50"": {""absolute"": 0.0, ""relative"": 0.0}, ""p95"": {""absolute"": 0.0, ""relative"": 0.0}, ""std_dev"": {""absolute"": -0.3387370523112878, ""relative"": -0.036961728745672814}, ""top1"": {""absolute"": -0.005653030296260048, ""relative"": -0.032212537752841504}, ""top10"": {""absolute"": -0.0027820188832232695, ""relative"": -0.004681675796915429}, ""top5"": {""absolute"": -0.003755659303430414, ""relative"": -0.008304794452415278}, ""typical_capture"": {""absolute"": 0.0027146803383019114, ""relative"": 0.006856243555492234}}",tier_b_paired,2026-08-23T16:57:41.14869+00:00
73be42a8-991a-46b5-9ae3-c810f48e7664,ev_representativeness_v1,price_shock:top1:-0.25,price_shock,"{""cards"": [{""cardName"": ""Groudon"", ""cardNumber"": ""199/182"", ""rarityKey"": ""illustration rare""}], ""depth"": 1, ""factor"": -0.25}",3.8977156699999997,1.5699999999999998,16.63,8.36535774068787,2.146220619701557,2.32771567,0.4028000328715614,0.16121218508480892,0.44274113252596486,0.5872083789015836,"{""cv"": {""absolute"": -0.1650097568695399, ""relative"": -0.0713947681469753}, ""ev"": {""absolute"": -0.06750345000000024, ""relative"": -0.01702388895976075}, ""gap"": {""absolute"": -0.06750345000000024, ""relative"": -0.028182578135064418}, ""p50"": {""absolute"": 0.0, ""relative"": 0.0}, ""p95"": {""absolute"": 0.0, ""relative"": 0.0}, ""std_dev"": {""absolute"": -0.7991771392166438, ""relative"": -0.08720324050149401}, ""top1"": {""absolute"": -0.014279430621916556, ""relative"": -0.08136816431036663}, ""top10"": {""absolute"": -0.007027318721099185, ""relative"": -0.01182581044729034}, ""top5"": {""absolute"": -0.009486713081720055, ""relative"": -0.020977728757441298}, ""typical_capture"": {""absolute"": 0.006857223032593451, ""relative"": 0.01731872094200251}}",tier_b_paired,2026-08-23T16:57:41.14869+00:00
73be42a8-991a-46b5-9ae3-c810f48e7664,ev_representativeness_v1,price_shock:top1:-0.50,price_shock,"{""cards"": [{""cardName"": ""Groudon"", ""cardNumber"": ""199/182"", ""rarityKey"": ""illustration rare""}], ""depth"": 1, ""factor"": -0.5}",3.8302122200000004,1.5699999999999998,16.63,7.749496209777941,2.0232550481962432,2.2602122200000005,0.4098989585490904,0.14642943465936728,0.4329200328226199,0.5799333620213868,"{""cv"": {""absolute"": -0.28797532837485385, ""relative"": -0.12459827946796427}, ""ev"": {""absolute"": -0.1350068999999996, ""relative"": -0.03404777791952128}, ""gap"": {""absolute"": -0.1350068999999996, ""relative"": -0.05636515627012847}, ""p50"": {""absolute"": 0.0, ""relative"": 0.0}, ""p95"": {""absolute"": 0.0, ""relative"": 0.0}, ""std_dev"": {""absolute"": -1.415038670126572, ""relative"": -0.1544037628390057}, ""top1"": {""absolute"": -0.029062181047358193, ""relative"": -0.1656043847469371}, ""top10"": {""absolute"": -0.014302335601296012, ""relative"": -0.024068455763452727}, ""top5"": {""absolute"": -0.019307812785064993, ""relative"": -0.04269487819601192}, ""typical_capture"": {""absolute"": 0.013956148710122462, ""relative"": 0.03524789025919804}}",tier_b_paired,2026-08-23T16:57:41.14869+00:00
73be42a8-991a-46b5-9ae3-c810f48e7664,ev_representativeness_v1,price_shock:top5:-0.10,price_shock,"{""cards"": [{""cardName"": ""Groudon"", ""cardNumber"": ""199/182"", ""rarityKey"": ""illustration rare""}, {""cardName"": ""Morpeko"", ""cardNumber"": ""206/182"", ""rarityKey"": ""illustration rare""}, {""cardName"": ""Minun"", ""cardNumber"": ""194/182"", ""rarityKey"": ""illustration rare""}, {""cardName"": ""Plusle"", ""cardNumber"": ""193/182"", ""rarityKey"": ""illustration rare""}, {""cardName"": ""Steelix"", ""cardNumber"": ""208/182"", ""rarityKey"": ""illustration rare""}], ""depth"": 5, ""factor"": -0.1}",3.8943509589999996,1.5699999999999998,16.63,8.601234439152021,2.2086438869291496,2.3243509589999998,0.4031480512488654,0.16341574493414837,0.44225966204192846,0.5868517278131634,"{""cv"": {""absolute"": -0.1025864896419475, ""relative"": -0.044386094385858284}, ""ev"": {""absolute"": -0.07086816100000037, ""relative"": -0.017872445092013068}, ""gap"": {""absolute"": -0.07086816100000037, ""relative"": -0.02958733938296233}, ""p50"": {""absolute"": 0.0, ""relative"": 0.0}, ""p95"": {""absolute"": 0.0, ""relative"": 0.0}, ""std_dev"": {""absolute"": -0.5633004407524922, ""relative"": -0.061465251443111026}, ""top1"": {""absolute"": -0.012075870772577102, ""relative"": -0.06881166786200095}, ""top10"": {""absolute"": -0.007383969809519386, ""relative"": -0.012425995003430319}, ""top5"": {""absolute"": -0.009968183565756461, ""relative"": -0.022042392264372025}, ""typical_capture"": {""absolute"": 0.007205241409897423, ""relative"": 0.01819768216735097}}",tier_b_paired,2026-08-23T16:57:41.14869+00:00
73be42a8-991a-46b5-9ae3-c810f48e7664,ev_representativeness_v1,price_shock:top5:-0.25,price_shock,"{""cards"": [{""cardName"": ""Groudon"", ""cardNumber"": ""199/182"", ""rarityKey"": ""illustration rare""}, {""cardName"": ""Morpeko"", ""cardNumber"": ""206/182"", ""rarityKey"": ""illustration rare""}, {""cardName"": ""Minun"", ""cardNumber"": ""194/182"", ""rarityKey"": ""illustration rare""}, {""cardName"": ""Plusle"", ""cardNumber"": ""193/182"", ""rarityKey"": ""illustration rare""}, {""cardName"": ""Steelix"", ""cardNumber"": ""208/182"", ""rarityKey"": ""illustration rare""}], ""depth"": 5, ""factor"": -0.25}",3.7880487175,1.5699999999999998,16.63,7.80978120249155,2.0616897471281135,2.2180487175000003,0.4144614066727614,0.14611391214241953,0.42660805549684705,0.5752577408608791,"{""cv"": {""absolute"": -0.2495406294429836, ""relative"": -0.10796873906321616}, ""ev"": {""absolute"": -0.17717040249999982, ""relative"": -0.04468111273003239}, ""gap"": {""absolute"": -0.17717040249999982, ""relative"": -0.07396834845740535}, ""p50"": {""absolute"": 0.0, ""relative"": 0.0}, ""p95"": {""absolute"": 0.0, ""relative"": 0.0}, ""std_dev"": {""absolute"": -1.3547536774129636, ""relative"": -0.14782568839184548}, ""top1"": {""absolute"": -0.02937770356430594, ""relative"": -0.1674023197404529}, ""top10"": {""absolute"": -0.018977956761803694, ""relative"": -0.03193674974042704}, ""top5"": {""absolute"": -0.02561979011083787, ""relative"": -0.05665239405240751}, ""typical_capture"": {""absolute"": 0.01851859683379342, ""relative"": 0.04677088805154723}}",tier_b_paired,2026-08-23T16:57:41.14869+00:00
73be42a8-991a-46b5-9ae3-c810f48e7664,ev_representativeness_v1,price_shock:top5:-0.50,price_shock,"{""cards"": [{""cardName"": ""Groudon"", ""cardNumber"": ""199/182"", ""rarityKey"": ""illustration rare""}, {""cardName"": ""Morpeko"", ""cardNumber"": ""206/182"", ""rarityKey"": ""illustration rare""}, {""cardName"": ""Minun"", ""cardNumber"": ""194/182"", ""rarityKey"": ""illustration rare""}, {""cardName"": ""Plusle"", ""cardNumber"": ""193/182"", ""rarityKey"": ""illustration rare""}, {""cardName"": ""Steelix"", ""cardNumber"": ""208/182"", ""rarityKey"": ""illustration rare""}], ""depth"": 5, ""factor"": -0.5}",3.6108783149999994,1.5699999999999998,16.63,6.688708563470063,1.852377172524592,2.0408783149999996,0.43479726067700514,0.1273305411844099,0.39847415766487837,0.554417449262618,"{""cv"": {""absolute"": -0.458853204046505, ""relative"": -0.19853200645763922}, ""ev"": {""absolute"": -0.35434080500000054, ""relative"": -0.089362225460065}, ""gap"": {""absolute"": -0.35434080500000054, ""relative"": -0.1479366969148111}, ""p50"": {""absolute"": 0.0, ""relative"": 0.0}, ""p95"": {""absolute"": 0.0, ""relative"": 0.0}, ""std_dev"": {""absolute"": -2.4758263164344507, ""relative"": -0.2701529699955975}, ""top1"": {""absolute"": -0.04816107452231558, ""relative"": -0.2744351878485205}, ""top10"": {""absolute"": -0.039818248360064756, ""relative"": -0.06700749975028905}, ""top5"": {""absolute"": -0.05375368794280655, ""relative"": -0.11886417093705184}, ""typical_capture"": {""absolute"": 0.03885445083803718, ""relative"": 0.09813147220387583}}",tier_b_paired,2026-08-23T16:57:41.14869+00:00
73be42a8-991a-46b5-9ae3-c810f48e7664,ev_representativeness_v1,rarity_ablation:common,rarity_ablation,"{""rarityKey"": ""common""}",3.3199958499999997,0.94,16.02,9.185032746075692,2.766579586560535,2.37999585,0.283132884036587,0.20789997373038885,0.5316186344028111,0.6926637302874942,"{""cv"": {""absolute"": 0.45534920998943784, ""relative"": 0.19701593342027043}, ""ev"": {""absolute"": -0.6452232700000002, ""relative"": -0.16272070987088355}, ""gap"": {""absolute"": -0.015223270000000344, ""relative"": -0.006355689912829496}, ""p50"": {""absolute"": -0.6299999999999999, ""relative"": -0.40127388535031844}, ""p95"": {""absolute"": -0.6099999999999994, ""relative"": -0.036680697534576034}, ""std_dev"": {""absolute"": 0.020497866171178103, ""relative"": 0.0022366510073658723}, ""top1"": {""absolute"": 0.032408358023663375, ""relative"": 0.18467183114789323}, ""top10"": {""absolute"": 0.09842803266481137, ""relative"": 0.16563803396293006}, ""top5"": {""absolute"": 0.07939078879512618, ""relative"": 0.17555484379438013}, ""typical_capture"": {""absolute"": -0.11280992580238097, ""relative"": -0.2849146972722181}}",tier_b_paired,2026-08-23T16:57:41.14869+00:00
73be42a8-991a-46b5-9ae3-c810f48e7664,ev_representativeness_v1,rarity_ablation:double rare,rarity_ablation,"{""rarityKey"": ""double rare""}",3.81420868,1.4699999999999998,16.580000000000002,9.163106185230676,2.4023610017139063,2.3442086800000004,0.3854010420845667,0.18202940065670448,0.46822892500994473,0.6139659353929215,"{""cv"": {""absolute"": 0.09113062514280923, ""relative"": 0.039429485726130475}, ""ev"": {""absolute"": -0.15101043999999986, ""relative"": -0.038083756642432375}, ""gap"": {""absolute"": -0.05101043999999977, ""relative"": -0.021296773883468234}, ""p50"": {""absolute"": -0.10000000000000009, ""relative"": -0.06369426751592364}, ""p95"": {""absolute"": -0.04999999999999716, ""relative"": -0.003006614552014261}, ""std_dev"": {""absolute"": -0.0014286946738373274, ""relative"": -0.00015589385523209588}, ""top1"": {""absolute"": 0.006537784949979003, ""relative"": 0.0372541156661563}, ""top10"": {""absolute"": 0.019730237770238745, ""relative"": 0.03320271375343509}, ""top5"": {""absolute"": 0.01600107940225981, ""relative"": 0.03538278228037512}, ""typical_capture"": {""absolute"": -0.010541767754401243, ""relative"": -0.02662447073780336}}",tier_b_paired,2026-08-23T16:57:41.14869+00:00
73be42a8-991a-46b5-9ae3-c810f48e7664,ev_representativeness_v1,rarity_ablation:hyper rare,rarity_ablation,"{""rarityKey"": ""hyper rare""}",3.89361602,1.5599999999999998,16.36,9.14583702661486,2.348931425090772,2.33361602,0.400655840736961,0.17871888404650646,0.45955223391545424,0.5996383973168469,"{""cv"": {""absolute"": 0.03770104851967471, ""relative"": 0.01631211189583245}, ""ev"": {""absolute"": -0.07160309999999992, ""relative"": -0.01805779146954177}, ""gap"": {""absolute"": -0.06160310000000013, ""relative"": -0.02571919182074671}, ""p50"": {""absolute"": -0.010000000000000009, ""relative"": -0.006369426751592363}, ""p95"": {""absolute"": -0.2699999999999996, ""relative"": -0.016235718580877908}, ""std_dev"": {""absolute"": -0.018697853289653565, ""relative"": -0.002040240288751935}, ""top1"": {""absolute"": 0.0032272683397809865, ""relative"": 0.018389871942225817}, ""top10"": {""absolute"": 0.00540269969416407, ""relative"": 0.009091846410066365}, ""top5"": {""absolute"": 0.007324388307769325, ""relative"": 0.016196234661152095}, ""typical_capture"": {""absolute"": 0.00471303089799302, ""relative"": 0.011903312248326556}}",tier_b_paired,2026-08-23T16:57:41.14869+00:00
73be42a8-991a-46b5-9ae3-c810f48e7664,ev_representativeness_v1,rarity_ablation:illustration rare,rarity_ablation,"{""rarityKey"": ""illustration rare""}",2.25725133,1.52,4.3500000000000005,3.8793754457532503,1.7186280473930435,0.7372513299999999,0.6733853602381088,0.15425624757523124,0.30226879520766525,0.3802164599898586,"{""cv"": {""absolute"": -0.5926023291780536, ""relative"": -0.25640123770665757}, ""ev"": {""absolute"": -1.70796779, ""relative"": -0.43073730311277225}, ""gap"": {""absolute"": -1.6579677900000003, ""relative"": -0.6921987955740768}, ""p50"": {""absolute"": -0.04999999999999982, ""relative"": -0.03184713375796167}, ""p95"": {""absolute"": -12.279999999999998, ""relative"": -0.7384245339747444}, ""std_dev"": {""absolute"": -5.285159434151263, ""relative"": -0.5766969631748872}, ""top1"": {""absolute"": -0.021235368131494237, ""relative"": -0.12100502947663283}, ""top10"": {""absolute"": -0.2140192376328242, ""relative"": -0.3601588367865411}, ""top5"": {""absolute"": -0.14995905040001967, ""relative"": -0.3316006562986208}, ""typical_capture"": {""absolute"": 0.27744255039914084, ""relative"": 0.700713697798877}}",tier_b_paired,2026-08-23T16:57:41.14869+00:00
73be42a8-991a-46b5-9ae3-c810f48e7664,ev_representativeness_v1,rarity_ablation:rare,rarity_ablation,"{""rarityKey"": ""rare""}",3.75658433,1.3299999999999998,16.49,9.177579685586961,2.4430649971824168,2.42658433,0.35404502685555306,0.18478086448281594,0.47506965190370154,0.6227076153512039,"{""cv"": {""absolute"": 0.13183462061131968, ""relative"": 0.057040882617208986}, ""ev"": {""absolute"": -0.20863479000000007, ""relative"": -0.05261620699539048}, ""gap"": {""absolute"": 0.0313652099999997, ""relative"": 0.013094923023159441}, ""p50"": {""absolute"": -0.24, ""relative"": -0.15286624203821658}, ""p95"": {""absolute"": -0.14000000000000057, ""relative"": -0.008418520745640444}, ""std_dev"": {""absolute"": 0.013044805682447702, ""relative"": 0.0014234007348317953}, ""top1"": {""absolute"": 0.00928924877609047, ""relative"": 0.052932721250992916}, ""top10"": {""absolute"": 0.02847191772852109, ""relative"": 0.04791350947515725}, ""top5"": {""absolute"": 0.02284180629601662, ""relative"": 0.05050950868653997}, ""typical_capture"": {""absolute"": -0.0418977829834149, ""relative"": -0.10581776444041237}}",tier_b_paired,2026-08-23T16:57:41.14869+00:00
73be42a8-991a-46b5-9ae3-c810f48e7664,ev_representativeness_v1,rarity_ablation:special illustration rare,rarity_ablation,"{""rarityKey"": ""special illustration rare""}",3.52746587,1.55,12.85,8.498552460112554,2.4092515061279824,1.9774658699999998,0.4394089289941167,0.19090762740675357,0.4511056431567968,0.5708680407445018,"{""cv"": {""absolute"": 0.09802112955688536, ""relative"": 0.042410800130754545}, ""ev"": {""absolute"": -0.4377532500000001, ""relative"": -0.11039824956760526}, ""gap"": {""absolute"": -0.4177532500000003, ""relative"": -0.17441128726460745}, ""p50"": {""absolute"": -0.019999999999999796, ""relative"": -0.012738853503184584}, ""p95"": {""absolute"": -3.7799999999999994, ""relative"": -0.227300060132291}, ""std_dev"": {""absolute"": -0.665982419791959, ""relative"": -0.07266952753404743}, ""top1"": {""absolute"": 0.015416011700028098, ""relative"": 0.08784471917901034}, ""top10"": {""absolute"": -0.023367656878180987, ""relative"": -0.03932388608033199}, ""top5"": {""absolute"": -0.0011222024508881212, ""relative"": -0.002481497903739546}, ""typical_capture"": {""absolute"": 0.04346611915514875, ""relative"": 0.10977878136700261}}",tier_b_paired,2026-08-23T16:57:41.14869+00:00
73be42a8-991a-46b5-9ae3-c810f48e7664,ev_representativeness_v1,rarity_ablation:ultra rare,rarity_ablation,"{""rarityKey"": ""ultra rare""}",3.7565834000000002,1.52,15.969999999999999,9.12127975820523,2.42807859881541,2.2365834,0.40462298800553714,0.18471202316445312,0.4747533436899072,0.6161447021248084,"{""cv"": {""absolute"": 0.1168482222443128, ""relative"": 0.050556717940712974}, ""ev"": {""absolute"": -0.20863571999999975, ""relative"": -0.05261644153476183}, ""gap"": {""absolute"": -0.15863571999999992, ""relative"": -0.06623014933180724}, ""p50"": {""absolute"": -0.04999999999999982, ""relative"": -0.03184713375796167}, ""p95"": {""absolute"": -0.6600000000000001, ""relative"": -0.03968731208659051}, ""std_dev"": {""absolute"": -0.043255121699283805, ""relative"": -0.004719838187765672}, ""top1"": {""absolute"": 0.009220407457727647, ""relative"": 0.05254044428616135}, ""top10"": {""absolute"": 0.02190900450212563, ""relative"": 0.0368692163560275}, ""top5"": {""absolute"": 0.02252549808222226, ""relative"": 0.04981006433151731}, ""typical_capture"": {""absolute"": 0.008680178166569186, ""relative"": 0.021922807917889607}}",tier_b_paired,2026-08-23T16:57:41.14869+00:00
73be42a8-991a-46b5-9ae3-c810f48e7664,ev_representativeness_v1,rarity_ablation:uncommon,rarity_ablation,"{""rarityKey"": ""uncommon""}",3.43082836,1.03,16.14,9.182239118876163,2.67639128378785,2.40082836,0.3002190409781969,0.20148643343964898,0.5159411064213075,0.6732758615764737,"{""cv"": {""absolute"": 0.36516090721675276, ""relative"": 0.15799416229484636}, ""ev"": {""absolute"": -0.53439076, ""relative"": -0.13476954080661246}, ""gap"": {""absolute"": 0.005609240000000071, ""relative"": 0.0023418483733546975}, ""p50"": {""absolute"": -0.5399999999999998, ""relative"": -0.3439490445859872}, ""p95"": {""absolute"": -0.48999999999999844, ""relative"": -0.02946482260974134}, ""std_dev"": {""absolute"": 0.017704238971649744, ""relative"": 0.0019318207856320808}, ""top1"": {""absolute"": 0.025994817732923503, ""relative"": 0.14812569608091702}, ""top10"": {""absolute"": 0.07904016395379088, ""relative"": 0.1330114704821695}, ""top5"": {""absolute"": 0.06371326081362261, ""relative"": 0.1408875225894314}, ""typical_capture"": {""absolute"": -0.09572376886077105, ""relative"": -0.24176160415617198}}",tier_b_paired,2026-08-23T16:57:41.14869+00:00
73be42a8-991a-46b5-9ae3-c810f48e7664,ev_representativeness_v1,top_card_ablation:1,top_card_ablation,"{""cards"": [{""cardName"": ""Groudon"", ""cardNumber"": ""199/182"", ""evShare"": 0.06809555583904274, ""priceUsed"": 121.3, ""rarityKey"": ""illustration rare""}], ""depth"": 1}",3.69520532,1.56,16.21,7.242966704993452,1.9600985812050769,2.13520532,0.42216869291582426,0.14083301871842943,0.4211857434758186,0.5680386306653186,"{""cv"": {""absolute"": -0.35113179536602024, ""relative"": -0.15192418675586702}, ""ev"": {""absolute"": -0.2700138000000001, ""relative"": -0.06809555583904278}, ""gap"": {""absolute"": -0.2600138000000003, ""relative"": -0.10855532916754618}, ""p50"": {""absolute"": -0.009999999999999787, ""relative"": -0.006369426751592222}, ""p95"": {""absolute"": -0.41999999999999815, ""relative"": -0.025255562236921117}, ""std_dev"": {""absolute"": -1.9215681749110614, ""relative"": -0.2096743806523744}, ""top1"": {""absolute"": -0.03465859698829604, ""relative"": -0.19749431816854485}, ""top10"": {""absolute"": -0.026197066957364235, ""relative"": -0.04408531339024062}, ""top5"": {""absolute"": -0.03104210213186631, ""relative"": -0.0686426155164179}, ""typical_capture"": {""absolute"": 0.026225883076856304, ""relative"": 0.06623654332180577}}",tier_b_paired,2026-08-23T16:57:41.14869+00:00
73be42a8-991a-46b5-9ae3-c810f48e7664,ev_representativeness_v1,top_card_ablation:10,top_card_ablation,"{""cards"": [{""cardName"": ""Groudon"", ""cardNumber"": ""199/182"", ""evShare"": 0.06809555583904274, ""priceUsed"": 121.3, ""rarityKey"": ""illustration rare""}, {""cardName"": ""Morpeko"", ""cardNumber"": ""206/182"", ""evShare"": 0.03312884257453091, ""priceUsed"": 58.28, ""rarityKey"": ""illustration rare""}, {""cardName"": ""Minun"", ""cardNumber"": ""194/182"", ""evShare"": 0.027040725053297934, ""priceUsed"": 46.72, ""rarityKey"": ""illustration rare""}, {""cardName"": ""Plusle"", ""cardNumber"": ""193/182"", ""evShare"": 0.02624443866799472, ""priceUsed"": 48.29, ""rarityKey"": ""illustration rare""}, {""cardName"": ""Steelix"", ""cardNumber"": ""208/182"", ""evShare"": 0.024214888785263393, ""priceUsed"": 41.62, ""rarityKey"": ""illustration rare""}, {""cardName"": ""Altaria ex"", ""cardNumber"": ""253/182"", ""evShare"": 0.021367172263609985, ""priceUsed"": 58.96, ""rarityKey"": ""special illustration rare""}, {""cardName"": ""Mantyke"", ""cardNumber"": ""189/182"", ""evShare"": 0.018620337934817585, ""priceUsed"": 34.68, ""rarityKey"": ""illustration rare""}, {""cardName"": ""Yveltal"", ""cardNumber"": ""205/182"", ""evShare"": 0.01851465651159273, ""priceUsed"": 32.47, ""rarityKey"": ""illustration rare""}, {""cardName"": ""Aipom"", ""cardNumber"": ""211/182"", ""evShare"": 0.016537335772758, ""priceUsed"": 29.17, ""rarityKey"": ""illustration rare""}, {""cardName"": ""Joltik"", ""cardNumber"": ""196/182"", ""evShare"": 0.015778658910532033, ""priceUsed"": 27.12, ""rarityKey"": ""illustration rare""}], ""depth"": 10}",2.8964235999999994,1.55,11.82,4.475726661600666,1.5452596994447452,1.3464235999999994,0.5351427187653078,0.1107849728886341,0.34090707243236107,0.47690639932639683,"{""cv"": {""absolute"": -0.7659706771263519, ""relative"": -0.33141251728559107}, ""ev"": {""absolute"": -1.0687955200000006, ""relative"": -0.26954261231344023}, ""gap"": {""absolute"": -1.0487955200000008, ""relative"": -0.43787038573740206}, ""p50"": {""absolute"": -0.019999999999999796, ""relative"": -0.012738853503184584}, ""p95"": {""absolute"": -4.809999999999999, ""relative"": -0.2892363199037883}, ""std_dev"": {""absolute"": -4.688808218303848, ""relative"": -0.5116253339364999}, ""top1"": {""absolute"": -0.06470664281809137, ""relative"": -0.3687164344433782}, ""top10"": {""absolute"": -0.11732929829628597, ""relative"": -0.1974457252663835}, ""top5"": {""absolute"": -0.11132077317532385, ""relative"": -0.2461608108756232}, ""typical_capture"": {""absolute"": 0.13919990892633988, ""relative"": 0.3515656945076316}}",tier_b_paired,2026-08-23T16:57:41.14869+00:00
73be42a8-991a-46b5-9ae3-c810f48e7664,ev_representativeness_v1,top_card_ablation:5,top_card_ablation,"{""cards"": [{""cardName"": ""Groudon"", ""cardNumber"": ""199/182"", ""evShare"": 0.06809555583904274, ""priceUsed"": 121.3, ""rarityKey"": ""illustration rare""}, {""cardName"": ""Morpeko"", ""cardNumber"": ""206/182"", ""evShare"": 0.03312884257453091, ""priceUsed"": 58.28, ""rarityKey"": ""illustration rare""}, {""cardName"": ""Minun"", ""cardNumber"": ""194/182"", ""evShare"": 0.027040725053297934, ""priceUsed"": 46.72, ""rarityKey"": ""illustration rare""}, {""cardName"": ""Plusle"", ""cardNumber"": ""193/182"", ""evShare"": 0.02624443866799472, ""priceUsed"": 48.29, ""rarityKey"": ""illustration rare""}, {""cardName"": ""Steelix"", ""cardNumber"": ""208/182"", ""evShare"": 0.024214888785263393, ""priceUsed"": 41.62, ""rarityKey"": ""illustration rare""}], ""depth"": 5}",3.2565375100000002,1.5599999999999998,13.09,5.697154792601567,1.7494516108311513,1.6965375100000004,0.47903639838621104,0.12155458022038872,0.3791394222264001,0.5231297458631146,"{""cv"": {""absolute"": -0.5617787657399458, ""relative"": -0.24306480714111736}, ""ev"": {""absolute"": -0.7086816099999997, ""relative"": -0.17872445092012967}, ""gap"": {""absolute"": -0.6986816099999997, ""relative"": -0.29169841045691036}, ""p50"": {""absolute"": -0.010000000000000009, ""relative"": -0.006369426751592363}, ""p95"": {""absolute"": -3.539999999999999, ""relative"": -0.21286831028262174}, ""std_dev"": {""absolute"": -3.4673800873029466, ""relative"": -0.3783476338669436}, ""top1"": {""absolute"": -0.05393703548633676, ""relative"": -0.30734821871190793}, ""top10"": {""absolute"": -0.07110595175956824, ""relative"": -0.11965950891882943}, ""top5"": {""absolute"": -0.0730884233812848, ""relative"": -0.16161858251579272}, ""typical_capture"": {""absolute"": 0.08309358854724308, ""relative"": 0.20986260258403905}}",tier_b_paired,2026-08-23T16:57:41.14869+00:00
73be42a8-991a-46b5-9ae3-c810f48e7664,ev_representativeness_v1,winsorize_top:0.0100,winsorization,"{""quantile"": 0.01}",3.7474564100000003,1.5699999999999998,16.63,7.192797588828002,1.9193812554121215,2.1774564100000005,0.41895083710927,0.12757986956811596,0.4203970954261214,0.5706569486154478,"{""cv"": {""absolute"": -0.39184912115897563, ""relative"": -0.1695413512781519}, ""ev"": {""absolute"": -0.2177627099999997, ""relative"": -0.05491820336022179}, ""gap"": {""absolute"": -0.2177627099999997, ""relative"": -0.09091556934465339}, ""p50"": {""absolute"": 0.0, ""relative"": 0.0}, ""p95"": {""absolute"": 0.0, ""relative"": 0.0}, ""std_dev"": {""absolute"": -1.9717372910765114, ""relative"": -0.2151486482309133}, ""top1"": {""absolute"": -0.04791174613860952, ""relative"": -0.27301444542329417}, ""top10"": {""absolute"": -0.023578749007235, ""relative"": -0.03967911907945762}, ""top5"": {""absolute"": -0.031830750181563505, ""relative"": -0.07038653300703028}, ""typical_capture"": {""absolute"": 0.023008027270302045, ""relative"": 0.058109471111900055}}",tier_b_paired,2026-08-23T16:57:41.14869+00:00
774a1fcb-ed7d-4b99-94d2-49f5dbc06f9c,ev_representativeness_v1,price_shock:top1:-0.10,price_shock,"{""cards"": [{""cardName"": ""Meowth ex"", ""cardNumber"": ""121/088"", ""rarityKey"": ""special illustration rare""}], ""depth"": 1, ""factor"": -0.1}",2.905773466,1.39,6.38,8.138097363934296,2.8006647659072184,1.515773466,0.4783580056271324,0.24740384768865534,0.4324584764447704,0.5257104945977918,"{""cv"": {""absolute"": -0.10738243541536585, ""relative"": -0.03692596026863944}, ""ev"": {""absolute"": -0.026906524000000154, ""relative"": -0.009174722128478857}, ""gap"": {""absolute"": -0.026906524000000154, ""relative"": -0.017441416349738323}, ""p50"": {""absolute"": 0.0, ""relative"": 0.0}, ""p95"": {""absolute"": 0.0, ""relative"": 0.0}, ""std_dev"": {""absolute"": -0.39027447335994836, ""relative"": -0.0457618969723263}, ""top1"": {""absolute"": -0.006904860572418875, ""relative"": -0.02715149087749807}, ""top10"": {""absolute"": -0.004351474420518975, ""relative"": -0.008209369233899243}, ""top5"": {""absolute"": -0.005207035774992763, ""relative"": -0.011897295148031166}, ""typical_capture"": {""absolute"": 0.004388801779562246, ""relative"": 0.00925967709280474}}",tier_b_paired,2026-08-23T16:58:25.177517+00:00
774a1fcb-ed7d-4b99-94d2-49f5dbc06f9c,ev_representativeness_v1,price_shock:top1:-0.25,price_shock,"{""cards"": [{""cardName"": ""Meowth ex"", ""cardNumber"": ""121/088"", ""rarityKey"": ""special illustration rare""}], ""depth"": 1, ""factor"": -0.25}",2.86541368,1.39,6.38,7.600781578771611,2.652594852821255,1.4754136800000002,0.48509575064218996,0.2368034168106575,0.4244645680619491,0.519030055025074,"{""cv"": {""absolute"": -0.25545234850132914, ""relative"": -0.08784326072326097}, ""ev"": {""absolute"": -0.06726630999999994, ""relative"": -0.02293680532119699}, ""gap"": {""absolute"": -0.06726630999999994, ""relative"": -0.043603540874345516}, ""p50"": {""absolute"": 0.0, ""relative"": 0.0}, ""p95"": {""absolute"": 0.0, ""relative"": 0.0}, ""std_dev"": {""absolute"": -0.9275902585226339, ""relative"": -0.10876522227446944}, ""top1"": {""absolute"": -0.01750529145041671, ""relative"": -0.06883480935480084}, ""top10"": {""absolute"": -0.011031913993236775, ""relative"": -0.020812498609677994}, ""top5"": {""absolute"": -0.013200944157814087, ""relative"": -0.030162175883727278}, ""typical_capture"": {""absolute"": 0.01112654679461983, ""relative"": 0.02347525262041742}}",tier_b_paired,2026-08-23T16:58:25.177517+00:00
774a1fcb-ed7d-4b99-94d2-49f5dbc06f9c,ev_representativeness_v1,price_shock:top1:-0.50,price_shock,"{""cards"": [{""cardName"": ""Meowth ex"", ""cardNumber"": ""121/088"", ""rarityKey"": ""special illustration rare""}], ""depth"": 1, ""factor"": -0.5}",2.79814737,1.39,6.38,6.866146091539422,2.4538186105399524,1.4081473700000002,0.49675725263891296,0.2184564853708902,0.410628933386021,0.5074677356968514,"{""cv"": {""absolute"": -0.4542285907826318, ""relative"": -0.15619711763139468}, ""ev"": {""absolute"": -0.13453261999999988, ""relative"": -0.04587361064239398}, ""gap"": {""absolute"": -0.13453261999999988, ""relative"": -0.08720708174869103}, ""p50"": {""absolute"": 0.0, ""relative"": 0.0}, ""p95"": {""absolute"": 0.0, ""relative"": 0.0}, ""std_dev"": {""absolute"": -1.6622257457548226, ""relative"": -0.19490540251610194}, ""top1"": {""absolute"": -0.035852222890184, ""relative"": -0.1409791396265439}, ""top10"": {""absolute"": -0.022594233321459378, ""relative"": -0.04262564500393136}, ""top5"": {""absolute"": -0.027036578833742164, ""relative"": -0.061774524331646215}, ""typical_capture"": {""absolute"": 0.02278804879134283, ""relative"": 0.048079176044255253}}",tier_b_paired,2026-08-23T16:58:25.177517+00:00
774a1fcb-ed7d-4b99-94d2-49f5dbc06f9c,ev_representativeness_v1,price_shock:top5:-0.10,price_shock,"{""cards"": [{""cardName"": ""Meowth ex"", ""cardNumber"": ""121/088"", ""rarityKey"": ""special illustration rare""}, {""cardName"": ""Clefairy"", ""cardNumber"": ""094/088"", ""rarityKey"": ""illustration rare""}, {""cardName"": ""Mega Zygarde ex"", ""cardNumber"": ""120/088"", ""rarityKey"": ""special illustration rare""}, {""cardName"": ""Mega Clefable ex"", ""cardNumber"": ""119/088"", ""rarityKey"": ""special illustration rare""}, {""cardName"": ""Rosa's Encouragement"", ""cardNumber"": ""123/088"", ""rarityKey"": ""special illustration rare""}], ""depth"": 5, ""factor"": -0.1}",2.8529554220000004,1.39,6.38,7.887941413874523,2.764831638464529,1.4629554220000005,0.4872140620499326,0.24022582081550656,0.42195132553318954,0.5169297601454076,"{""cv"": {""absolute"": -0.14321556285805537, ""relative"": -0.0492480186679641}, ""ev"": {""absolute"": -0.07972456799999961, ""relative"": -0.02718488490795056}, ""gap"": {""absolute"": -0.07972456799999961, ""relative"": -0.051679264991308795}, ""p50"": {""absolute"": 0.0, ""relative"": 0.0}, ""p95"": {""absolute"": 0.0, ""relative"": 0.0}, ""std_dev"": {""absolute"": -0.6404304234197218, ""relative"": -0.07509410185648144}, ""top1"": {""absolute"": -0.014082887445567654, ""relative"": -0.05537713412121976}, ""top10"": {""absolute"": -0.013132208872903228, ""relative"": -0.024774855847938752}, ""top5"": {""absolute"": -0.01571418668657365, ""relative"": -0.03590455781373779}, ""typical_capture"": {""absolute"": 0.013244858202362486, ""relative"": 0.027944554403205635}}",tier_b_paired,2026-08-23T16:58:25.177517+00:00
774a1fcb-ed7d-4b99-94d2-49f5dbc06f9c,ev_representativeness_v1,price_shock:top5:-0.25,price_shock,"{""cards"": [{""cardName"": ""Meowth ex"", ""cardNumber"": ""121/088"", ""rarityKey"": ""special illustration rare""}, {""cardName"": ""Clefairy"", ""cardNumber"": ""094/088"", ""rarityKey"": ""illustration rare""}, {""cardName"": ""Mega Zygarde ex"", ""cardNumber"": ""120/088"", ""rarityKey"": ""special illustration rare""}, {""cardName"": ""Mega Clefable ex"", ""cardNumber"": ""119/088"", ""rarityKey"": ""special illustration rare""}, {""cardName"": ""Rosa's Encouragement"", ""cardNumber"": ""123/088"", ""rarityKey"": ""special illustration rare""}], ""depth"": 5, ""factor"": -0.25}",2.73336857,1.39,6.38,6.968031542339355,2.5492469690391424,1.3433685700000002,0.5085300296695808,0.21844087239211946,0.39666127791906236,0.4957950877440579,"{""cv"": {""absolute"": -0.3588002322834418, ""relative"": -0.12338184611317826}, ""ev"": {""absolute"": -0.1993114199999999, ""relative"": -0.06796221226987671}, ""gap"": {""absolute"": -0.1993114199999999, ""relative"": -0.12919816247827257}, ""p50"": {""absolute"": 0.0, ""relative"": 0.0}, ""p95"": {""absolute"": 0.0, ""relative"": 0.0}, ""std_dev"": {""absolute"": -1.56034029495489, ""relative"": -0.18295875516726198}, ""top1"": {""absolute"": -0.035867835868954756, ""relative"": -0.14104053342967993}, ""top10"": {""absolute"": -0.034266881274252925, ""relative"": -0.06464693427773383}, ""top5"": {""absolute"": -0.041004234300700826, ""relative"": -0.09368852047019766}, ""typical_capture"": {""absolute"": 0.0345608258220107, ""relative"": 0.07291787217704035}}",tier_b_paired,2026-08-23T16:58:25.177517+00:00
774a1fcb-ed7d-4b99-94d2-49f5dbc06f9c,ev_representativeness_v1,price_shock:top5:-0.50,price_shock,"{""cards"": [{""cardName"": ""Meowth ex"", ""cardNumber"": ""121/088"", ""rarityKey"": ""special illustration rare""}, {""cardName"": ""Clefairy"", ""cardNumber"": ""094/088"", ""rarityKey"": ""illustration rare""}, {""cardName"": ""Mega Zygarde ex"", ""cardNumber"": ""120/088"", ""rarityKey"": ""special illustration rare""}, {""cardName"": ""Mega Clefable ex"", ""cardNumber"": ""119/088"", ""rarityKey"": ""special illustration rare""}, {""cardName"": ""Rosa's Encouragement"", ""cardNumber"": ""123/088"", ""rarityKey"": ""special illustration rare""}], ""depth"": 5, ""factor"": -0.5}",2.5340571499999998,1.39,6.38,5.602452969444177,2.2108629118503416,1.1440571499999999,0.5485274868406185,0.18031896794434965,0.3492068243212273,0.4561378144135384,"{""cv"": {""absolute"": -0.6971842894722426, ""relative"": -0.239743113232537}, ""ev"": {""absolute"": -0.39862284000000026, ""relative"": -0.13592442453975356}, ""gap"": {""absolute"": -0.39862284000000026, ""relative"": -0.2583963249565454}, ""p50"": {""absolute"": 0.0, ""relative"": 0.0}, ""p95"": {""absolute"": 0.0, ""relative"": 0.0}, ""std_dev"": {""absolute"": -2.9259188678500676, ""relative"": -0.3430805930687891}, ""top1"": {""absolute"": -0.07398974031672456, ""relative"": -0.2909445800053628}, ""top10"": {""absolute"": -0.07392415460477242, ""relative"": -0.139463230576006}, ""top5"": {""absolute"": -0.08845868789853589, ""relative"": -0.20211482382947846}, ""typical_capture"": {""absolute"": 0.07455828299304834, ""relative"": 0.15730617598738864}}",tier_b_paired,2026-08-23T16:58:25.177517+00:00
774a1fcb-ed7d-4b99-94d2-49f5dbc06f9c,ev_representativeness_v1,rarity_ablation:common,rarity_ablation,"{""rarityKey"": ""common""}",2.3869421600000003,0.8300000000000001,5.87,8.545239275281562,3.579994278236537,1.5569421600000002,0.3477252251474749,0.3106149962175874,0.5279985502455576,0.6310874328014717,"{""cv"": {""absolute"": 0.6719470769139528, ""relative"": 0.2310647078246702}, ""ev"": {""absolute"": -0.5457378299999998, ""relative"": -0.18608843510402912}, ""gap"": {""absolute"": 0.014262170000000074, ""relative"": 0.009245060603917}, ""p50"": {""absolute"": -0.5599999999999998, ""relative"": -0.4028776978417265}, ""p95"": {""absolute"": -0.5099999999999998, ""relative"": -0.07993730407523508}, ""std_dev"": {""absolute"": 0.016867437987317047, ""relative"": 0.0019778028337784693}, ""top1"": {""absolute"": 0.05630628795651321, ""relative"": 0.22140920120874893}, ""top10"": {""absolute"": 0.10102546378316091, ""relative"": 0.19059179810666818}, ""top5"": {""absolute"": 0.09033303802579445, ""relative"": 0.20639743252247825}, ""typical_capture"": {""absolute"": -0.12624397870009524, ""relative"": -0.2663548130875939}}",tier_b_paired,2026-08-23T16:58:25.177517+00:00
774a1fcb-ed7d-4b99-94d2-49f5dbc06f9c,ev_representativeness_v1,rarity_ablation:double rare,rarity_ablation,"{""rarityKey"": ""double rare""}",2.77272753,1.2100000000000002,6.339999999999999,8.529625100288998,3.076257947454721,1.5627275299999999,0.43639340213136635,0.26840090558771923,0.46088874805524066,0.5566457804817193,"{""cv"": {""absolute"": 0.1682107461321367, ""relative"": 0.05784319664950219}, ""ev"": {""absolute"": -0.15995245999999996, ""relative"": -0.05454139576953978}, ""gap"": {""absolute"": 0.020047539999999753, ""relative"": 0.012995268059450069}, ""p50"": {""absolute"": -0.17999999999999972, ""relative"": -0.12949640287769765}, ""p95"": {""absolute"": -0.040000000000000924, ""relative"": -0.006269592476489173}, ""std_dev"": {""absolute"": 0.001253262994753257, ""relative"": 0.00014695219892650385}, ""top1"": {""absolute"": 0.014092197326645017, ""relative"": 0.055413742702738744}, ""top10"": {""absolute"": 0.02658381146340849, ""relative"": 0.0501522708988959}, ""top5"": {""absolute"": 0.023223235835477474, ""relative"": 0.0530616079793294}, ""typical_capture"": {""absolute"": -0.03757580171620378, ""relative"": -0.07927899410166798}}",tier_b_paired,2026-08-23T16:58:25.177517+00:00
774a1fcb-ed7d-4b99-94d2-49f5dbc06f9c,ev_representativeness_v1,rarity_ablation:illustration rare,rarity_ablation,"{""rarityKey"": ""illustration rare""}",2.46116655,1.29,5.3500000000000005,8.321786770211137,3.381236743287908,1.1711665500000001,0.524141692076873,0.30302949631750853,0.4520799049540146,0.5180551393403263,"{""cv"": {""absolute"": 0.4731895419653238, ""relative"": 0.16271728387012305}, ""ev"": {""absolute"": -0.47151343999999984, ""relative"": -0.16077902860448126}, ""gap"": {""absolute"": -0.37151344, ""relative"": -0.24082339980309198}, ""p50"": {""absolute"": -0.09999999999999987, ""relative"": -0.07194244604316538}, ""p95"": {""absolute"": -1.0299999999999994, ""relative"": -0.16144200626959238}, ""std_dev"": {""absolute"": -0.20658506708310753, ""relative"": -0.024223271572156237}, ""top1"": {""absolute"": 0.04872078805643432, ""relative"": 0.19158128083611428}, ""top10"": {""absolute"": -0.012006829677984499, ""relative"": -0.022651747115948487}, ""top5"": {""absolute"": 0.014414392734251436, ""relative"": 0.03293472373718493}, ""typical_capture"": {""absolute"": 0.05017248822930287, ""relative"": 0.10585600883351587}}",tier_b_paired,2026-08-23T16:58:25.177517+00:00
774a1fcb-ed7d-4b99-94d2-49f5dbc06f9c,ev_representativeness_v1,rarity_ablation:mega hyper rare,rarity_ablation,"{""rarityKey"": ""mega hyper rare""}",2.8504700300000003,1.39,6.3500000000000005,7.867241692650087,2.7599804979005818,1.4604700300000004,0.48763887547345997,0.2416018736390643,0.4225905893843058,0.517134807412797,"{""cv"": {""absolute"": -0.14806670342200245, ""relative"": -0.05091619673664908}, ""ev"": {""absolute"": -0.0822099599999997, ""relative"": -0.028032366395352837}, ""gap"": {""absolute"": -0.0822099599999997, ""relative"": -0.053290352200652896}, ""p50"": {""absolute"": 0.0, ""relative"": 0.0}, ""p95"": {""absolute"": -0.02999999999999936, ""relative"": -0.004702194357366671}, ""std_dev"": {""absolute"": -0.6611301446441571, ""relative"": -0.0775212616496223}, ""top1"": {""absolute"": -0.012706834622009916, ""relative"": -0.049966179722658315}, ""top10"": {""absolute"": -0.01292716160551377, ""relative"": -0.02438801944130273}, ""top5"": {""absolute"": -0.01507492283545736, ""relative"": -0.03444393587011227}, ""typical_capture"": {""absolute"": 0.013669671625889834, ""relative"": 0.02884084348713517}}",tier_b_paired,2026-08-23T16:58:25.177517+00:00
774a1fcb-ed7d-4b99-94d2-49f5dbc06f9c,ev_representativeness_v1,rarity_ablation:rare,rarity_ablation,"{""rarityKey"": ""rare""}",2.70113733,1.08,6.239999999999999,8.538470234730603,3.161064837355235,1.6211373299999998,0.3998315776117907,0.27531293271934454,0.47222660833760716,0.5700513013161015,"{""cv"": {""absolute"": 0.2530176360326508, ""relative"": 0.08700602793433959}, ""ev"": {""absolute"": -0.23154266000000012, ""relative"": -0.07895258288989114}, ""gap"": {""absolute"": 0.07845733999999971, ""relative"": 0.050857819190355674}, ""p50"": {""absolute"": -0.30999999999999983, ""relative"": -0.22302158273381284}, ""p95"": {""absolute"": -0.14000000000000057, ""relative"": -0.02194357366771169}, ""std_dev"": {""absolute"": 0.010098397436358653, ""relative"": 0.0011840944120422548}, ""top1"": {""absolute"": 0.021004224458270326, ""relative"": 0.08259341412999242}, ""top10"": {""absolute"": 0.03998933229779067, ""relative"": 0.07544274940504032}, ""top5"": {""absolute"": 0.03456109611784397, ""relative"": 0.07896691686433348}, ""typical_capture"": {""absolute"": -0.07413762623577941, ""relative"": -0.15641865681134481}}",tier_b_paired,2026-08-23T16:58:25.177517+00:00
774a1fcb-ed7d-4b99-94d2-49f5dbc06f9c,ev_representativeness_v1,rarity_ablation:special illustration rare,rarity_ablation,"{""rarityKey"": ""special illustration rare""}",2.1946983700000002,1.37,5.8,4.139185157445767,1.8859927241144152,0.8246983700000001,0.6242315658164908,0.1260822916636148,0.27649140232422914,0.38647297578300016,"{""cv"": {""absolute"": -1.022054477208169, ""relative"": -0.35145732048067757}, ""ev"": {""absolute"": -0.7379816199999998, ""relative"": -0.2516406912845611}, ""gap"": {""absolute"": -0.71798162, ""relative"": -0.46541189660468724}, ""p50"": {""absolute"": -0.019999999999999796, ""relative"": -0.014388489208632947}, ""p95"": {""absolute"": -0.5800000000000001, ""relative"": -0.09090909090909093}, ""std_dev"": {""absolute"": -4.3891866798484775, ""relative"": -0.5146570486824615}, ""top1"": {""absolute"": -0.12822641659745942, ""relative"": -0.5042155947952114}, ""top10"": {""absolute"": -0.14358899323531066, ""relative"": -0.27089095545043795}, ""top5"": {""absolute"": -0.16117410989553405, ""relative"": -0.3682586482039379}, ""typical_capture"": {""absolute"": 0.15026236196892062, ""relative"": 0.3170298001412882}}",tier_b_paired,2026-08-23T16:58:25.177517+00:00
774a1fcb-ed7d-4b99-94d2-49f5dbc06f9c,ev_representativeness_v1,rarity_ablation:ultra rare,rarity_ablation,"{""rarityKey"": ""ultra rare""}",2.60596153,1.3,5.01,8.456664190179248,3.2451224213502674,1.30596153,0.49885617459594656,0.28619227544775,0.4604557036572983,0.5295563284850179,"{""cv"": {""absolute"": 0.3370752200276832, ""relative"": 0.11591119287004038}, ""ev"": {""absolute"": -0.32671845999999993, ""relative"": -0.11140610673993105}, ""gap"": {""absolute"": -0.23671846000000007, ""relative"": -0.15344625037886184}, ""p50"": {""absolute"": -0.08999999999999986, ""relative"": -0.06474820143884882}, ""p95"": {""absolute"": -1.37, ""relative"": -0.21473354231974923}, ""std_dev"": {""absolute"": -0.07170764711499622, ""relative"": -0.008408128595123094}, ""top1"": {""absolute"": 0.03188356718667579, ""relative"": 0.12537347778882982}, ""top10"": {""absolute"": -0.0005056405332929392, ""relative"": -0.0009539272063404195}, ""top5"": {""absolute"": 0.022790191437535134, ""relative"": 0.05207216653180475}, ""typical_capture"": {""absolute"": 0.024886970748376425, ""relative"": 0.05250756915502077}}",tier_b_paired,2026-08-23T16:58:25.177517+00:00
774a1fcb-ed7d-4b99-94d2-49f5dbc06f9c,ev_representativeness_v1,rarity_ablation:uncommon,rarity_ablation,"{""rarityKey"": ""uncommon""}",2.55565643,1.0,6.0,8.537773047914758,3.340735846842589,1.55565643,0.3912889026323464,0.290576570184749,0.4957333173301389,0.5948539413022743,"{""cv"": {""absolute"": 0.43268864552000474, ""relative"": 0.14879010399941833}, ""ev"": {""absolute"": -0.37702356000000004, ""relative"": -0.12855939321221338}, ""gap"": {""absolute"": 0.012976439999999867, ""relative"": 0.008411621388827287}, ""p50"": {""absolute"": -0.3899999999999999, ""relative"": -0.2805755395683453}, ""p95"": {""absolute"": -0.3799999999999999, ""relative"": -0.05956112852664575}, ""std_dev"": {""absolute"": 0.009401210620513467, ""relative"": 0.0011023453010576218}, ""top1"": {""absolute"": 0.03626786192367476, ""relative"": 0.1426135273607778}, ""top10"": {""absolute"": 0.0647919722839635, ""relative"": 0.1222347122996958}, ""top5"": {""absolute"": 0.058067805110375736, ""relative"": 0.13267621845702657}, ""typical_capture"": {""absolute"": -0.08268030121522374, ""relative"": -0.17444234887845997}}",tier_b_paired,2026-08-23T16:58:25.177517+00:00
774a1fcb-ed7d-4b99-94d2-49f5dbc06f9c,ev_representativeness_v1,top_card_ablation:1,top_card_ablation,"{""cards"": [{""cardName"": ""Meowth ex"", ""cardNumber"": ""121/088"", ""evShare"": 0.09174722128478804, ""priceUsed"": 129.11, ""rarityKey"": ""special illustration rare""}], ""depth"": 1}",2.66361475,1.3800000000000001,6.279999999999999,6.236032923428358,2.3411917671008386,1.2836147499999997,0.5180929411807771,0.20358177923440315,0.3849255978177775,0.484752031051037,"{""cv"": {""absolute"": -0.5668554342217456, ""relative"": -0.1949264901766171}, ""ev"": {""absolute"": -0.2690652400000002, ""relative"": -0.09174722128478811}, ""gap"": {""absolute"": -0.2590652400000004, ""relative"": -0.16793193771833417}, ""p50"": {""absolute"": -0.009999999999999787, ""relative"": -0.007194244604316394}, ""p95"": {""absolute"": -0.10000000000000053, ""relative"": -0.015673981191222656}, ""std_dev"": {""absolute"": -2.292338913865887, ""relative"": -0.26878974763290414}, ""top1"": {""absolute"": -0.05072692902667106, ""relative"": -0.1994698859253951}, ""top10"": {""absolute"": -0.04530993796727384, ""relative"": -0.08548045439137819}, ""top5"": {""absolute"": -0.052739914401985666, ""relative"": -0.12050278792701306}, ""typical_capture"": {""absolute"": 0.04412373733320696, ""relative"": 0.09309410184252663}}",tier_b_paired,2026-08-23T16:58:25.177517+00:00
774a1fcb-ed7d-4b99-94d2-49f5dbc06f9c,ev_representativeness_v1,top_card_ablation:10,top_card_ablation,"{""cards"": [{""cardName"": ""Meowth ex"", ""cardNumber"": ""121/088"", ""evShare"": 0.09174722128478804, ""priceUsed"": 129.11, ""rarityKey"": ""special illustration rare""}, {""cardName"": ""Clefairy"", ""cardNumber"": ""094/088"", ""evShare"": 0.06571486171595557, ""priceUsed"": 19.14, ""rarityKey"": ""illustration rare""}, {""cardName"": ""Mega Zygarde ex"", ""cardNumber"": ""120/088"", ""evShare"": 0.04090536997185294, ""priceUsed"": 58.69, ""rarityKey"": ""special illustration rare""}, {""cardName"": ""Mega Clefable ex"", ""cardNumber"": ""119/088"", ""evShare"": 0.038139340255804725, ""priceUsed"": 53.06, ""rarityKey"": ""special illustration rare""}, {""cardName"": ""Rosa's Encouragement"", ""cardNumber"": ""123/088"", ""evShare"": 0.03534205585110566, ""priceUsed"": 51.54, ""rarityKey"": ""special illustration rare""}, {""cardName"": ""Mega Starmie ex"", ""cardNumber"": ""118/088"", ""evShare"": 0.028273974754402024, ""priceUsed"": 41.48, ""rarityKey"": ""special illustration rare""}, {""cardName"": ""Mega Zygarde ex"", ""cardNumber"": ""124/088"", ""evShare"": 0.028032366395352937, ""priceUsed"": 135.66, ""rarityKey"": ""mega hyper rare""}, {""cardName"": ""Dedenne"", ""cardNumber"": ""093/088"", ""evShare"": 0.019352714988859043, ""priceUsed"": 5.64, ""rarityKey"": ""illustration rare""}, {""cardName"": ""Meowth ex"", ""cardNumber"": ""107/088"", ""evShare"": 0.0193398530331978, ""priceUsed"": 12.4, ""rarityKey"": ""ultra rare""}, {""cardName"": ""Jacinthe"", ""cardNumber"": ""122/088"", ""evShare"": 0.01723272916660777, ""priceUsed"": 24.02, ""rarityKey"": ""special illustration rare""}], ""depth"": 10}",1.8062948300000001,1.3499999999999999,5.23,1.3393368583053598,0.7414829716948034,0.45629483000000026,0.7473862946283247,0.05174731081968495,0.17881522696934254,0.28370113310903955,"{""cv"": {""absolute"": -2.166564229627781, ""relative"": -0.7450237494915571}, ""ev"": {""absolute"": -1.1263851599999999, ""relative"": -0.3840804874179265}, ""gap"": {""absolute"": -1.0863851599999998, ""relative"": -0.7042193890127529}, ""p50"": {""absolute"": -0.040000000000000036, ""relative"": -0.028776978417266216}, ""p95"": {""absolute"": -1.1499999999999995, ""relative"": -0.18025078369905947}, ""std_dev"": {""absolute"": -7.189034978988885, ""relative"": -0.8429551520668352}, ""top1"": {""absolute"": -0.20256139744138926, ""relative"": -0.7965177395083106}, ""top10"": {""absolute"": -0.24636083590927127, ""relative"": -0.4647774228464989}, ""top5"": {""absolute"": -0.25885028525042064, ""relative"": -0.5914340472877955}, ""typical_capture"": {""absolute"": 0.2734170907807546, ""relative"": 0.5768667849329011}}",tier_b_paired,2026-08-23T16:58:25.177517+00:00
774a1fcb-ed7d-4b99-94d2-49f5dbc06f9c,ev_representativeness_v1,top_card_ablation:5,top_card_ablation,"{""cards"": [{""cardName"": ""Meowth ex"", ""cardNumber"": ""121/088"", ""evShare"": 0.09174722128478804, ""priceUsed"": 129.11, ""rarityKey"": ""special illustration rare""}, {""cardName"": ""Clefairy"", ""cardNumber"": ""094/088"", ""evShare"": 0.06571486171595557, ""priceUsed"": 19.14, ""rarityKey"": ""illustration rare""}, {""cardName"": ""Mega Zygarde ex"", ""cardNumber"": ""120/088"", ""evShare"": 0.04090536997185294, ""priceUsed"": 58.69, ""rarityKey"": ""special illustration rare""}, {""cardName"": ""Mega Clefable ex"", ""cardNumber"": ""119/088"", ""evShare"": 0.038139340255804725, ""priceUsed"": 53.06, ""rarityKey"": ""special illustration rare""}, {""cardName"": ""Rosa's Encouragement"", ""cardNumber"": ""123/088"", ""evShare"": 0.03534205585110566, ""priceUsed"": 51.54, ""rarityKey"": ""special illustration rare""}], ""depth"": 5}",2.1354343099999995,1.3699999999999999,5.59,4.254003483093875,1.9921022450434807,0.7654343099999996,0.641555674920293,0.13720069431683896,0.26790767916433816,0.3752168897201993,"{""cv"": {""absolute"": -0.9159449562791036, ""relative"": -0.3149690816099995}, ""ev"": {""absolute"": -0.7972456800000005, ""relative"": -0.2718488490795071}, ""gap"": {""absolute"": -0.7772456800000005, ""relative"": -0.5038281983549942}, ""p50"": {""absolute"": -0.020000000000000018, ""relative"": -0.014388489208633108}, ""p95"": {""absolute"": -0.79, ""relative"": -0.12382445141065831}, ""std_dev"": {""absolute"": -4.274368354200369, ""relative"": -0.5011939483581989}, ""top1"": {""absolute"": -0.11710801394423526, ""relative"": -0.46049549284018915}, ""top10"": {""absolute"": -0.15484507929811153, ""relative"": -0.2921263707805501}, ""top5"": {""absolute"": -0.16975783305542502, ""relative"": -0.3878711671715756}, ""typical_capture"": {""absolute"": 0.16758647107272284, ""relative"": 0.3535809282803512}}",tier_b_paired,2026-08-23T16:58:25.177517+00:00
774a1fcb-ed7d-4b99-94d2-49f5dbc06f9c,ev_representativeness_v1,winsorize_top:0.0100,winsorization,"{""quantile"": 0.01}",2.6114739300000003,1.39,6.38,4.968159164381748,1.90243490747072,1.2214739300000004,0.5322664660872183,0.16259017374146248,0.3684994971402987,0.47226053296270115,"{""cv"": {""absolute"": -1.0056122938518641, ""relative"": -0.34580329143024574}, ""ev"": {""absolute"": -0.32120605999999974, ""relative"": -0.1095264608123847}, ""gap"": {""absolute"": -0.32120605999999974, ""relative"": -0.20821302025185387}, ""p50"": {""absolute"": 0.0, ""relative"": 0.0}, ""p95"": {""absolute"": 0.0, ""relative"": 0.0}, ""std_dev"": {""absolute"": -3.5602126729124963, ""relative"": -0.417455141595002}, ""top1"": {""absolute"": -0.09171853451961173, ""relative"": -0.3606582532968284}, ""top10"": {""absolute"": -0.05780143605560967, ""relative"": -0.1090465632964755}, ""top5"": {""absolute"": -0.06916601507946446, ""relative"": -0.15803396234870434}, ""typical_capture"": {""absolute"": 0.05829726223964815, ""relative"": 0.12299799600143793}}",tier_b_paired,2026-08-23T16:58:25.177517+00:00
bc40be6a-0eef-4545-b200-91a1ce4e027e,ev_representativeness_v1,price_shock:top1:-0.10,price_shock,"{""cards"": [{""cardName"": ""Mega Lucario ex"", ""cardNumber"": ""179/132"", ""rarityKey"": ""special illustration rare""}], ""depth"": 1, ""factor"": -0.1}",3.777636552,1.7,9.459999999999999,12.934126739141904,3.423867426392348,2.0776365520000004,0.45001682311125624,0.278261899346425,0.4611410303825331,0.5541772992670894,"{""cv"": {""absolute"": -0.056320183214658925, ""relative"": -0.016183088250526462}, ""ev"": {""absolute"": -0.019497348000000247, ""relative"": -0.005134753873177937}, ""gap"": {""absolute"": -0.019497347999999803, ""relative"": -0.009297140254134369}, ""p50"": {""absolute"": 0.0, ""relative"": 0.0}, ""p95"": {""absolute"": 0.0, ""relative"": 0.0}, ""std_dev"": {""absolute"": -0.2806116116568287, ""relative"": -0.021234745948629986}, ""top1"": {""absolute"": -0.0037059475077510506, ""relative"": -0.013143156388563828}, ""top10"": {""absolute"": -0.002289189839339123, ""relative"": -0.004113796399519213}, ""top5"": {""absolute"": -0.002766908181340122, ""relative"": -0.005964347559788869}, ""typical_capture"": {""absolute"": 0.0023107256254657482, ""relative"": 0.00516125565062041}}",tier_b_paired,2026-08-23T16:54:07.115002+00:00
bc40be6a-0eef-4545-b200-91a1ce4e027e,ev_representativeness_v1,price_shock:top1:-0.25,price_shock,"{""cards"": [{""cardName"": ""Mega Lucario ex"", ""cardNumber"": ""179/132"", ""rarityKey"": ""special illustration rare""}], ""depth"": 1, ""factor"": -0.25}",3.7483905300000004,1.7,9.459999999999999,12.559869070931088,3.350736528226979,2.0483905300000007,0.45352798391580607,0.2726306909114937,0.45693669757510574,0.5506988622127376,"{""cv"": {""absolute"": -0.12945108138002803, ""relative"": -0.037196581305754955}, ""ev"": {""absolute"": -0.04874336999999995, ""relative"": -0.012836884682944668}, ""gap"": {""absolute"": -0.04874336999999951, ""relative"": -0.023242850635335925}, ""p50"": {""absolute"": 0.0, ""relative"": 0.0}, ""p95"": {""absolute"": 0.0, ""relative"": 0.0}, ""std_dev"": {""absolute"": -0.6548692798676452, ""relative"": -0.0495559777638778}, ""top1"": {""absolute"": -0.009337155942682307, ""relative"": -0.033114257695882464}, ""top10"": {""absolute"": -0.005767626893690925, ""relative"": -0.010364733558264318}, ""top5"": {""absolute"": -0.006971240988767502, ""relative"": -0.015027207791158903}, ""typical_capture"": {""absolute"": 0.005821886430015577, ""relative"": 0.013003813132565958}}",tier_b_paired,2026-08-23T16:54:07.115002+00:00
bc40be6a-0eef-4545-b200-91a1ce4e027e,ev_representativeness_v1,price_shock:top1:-0.50,price_shock,"{""cards"": [{""cardName"": ""Mega Lucario ex"", ""cardNumber"": ""179/132"", ""rarityKey"": ""special illustration rare""}], ""depth"": 1, ""factor"": -0.5}",3.69964716,1.7,9.459999999999999,12.072915014183772,3.2632611954767525,1.99964716,0.4595032786856355,0.26304749829170193,0.4497817624316368,0.5447792567332285,"{""cv"": {""absolute"": -0.21692641413025449, ""relative"": -0.06233181611572672}, ""ev"": {""absolute"": -0.09748674000000035, ""relative"": -0.02567376936588945}, ""gap"": {""absolute"": -0.09748674000000013, ""relative"": -0.04648570127067238}, ""p50"": {""absolute"": 0.0, ""relative"": 0.0}, ""p95"": {""absolute"": 0.0, ""relative"": 0.0}, ""std_dev"": {""absolute"": -1.1418233366149604, ""relative"": -0.08640529281050394}, ""top1"": {""absolute"": -0.0189203485624741, ""relative"": -0.06710108536686825}, ""top10"": {""absolute"": -0.011687232373200018, ""relative"": -0.021002580751928703}, ""top5"": {""absolute"": -0.014126176132236434, ""relative"": -0.030450386721052995}, ""typical_capture"": {""absolute"": 0.01179718119984502, ""relative"": 0.026350280387278942}}",tier_b_paired,2026-08-23T16:54:07.115002+00:00
bc40be6a-0eef-4545-b200-91a1ce4e027e,ev_representativeness_v1,price_shock:top5:-0.10,price_shock,"{""cards"": [{""cardName"": ""Mega Lucario ex"", ""cardNumber"": ""179/132"", ""rarityKey"": ""special illustration rare""}, {""cardName"": ""Mega Gardevoir ex"", ""cardNumber"": ""178/132"", ""rarityKey"": ""special illustration rare""}, {""cardName"": ""Mega Venusaur ex"", ""cardNumber"": ""177/132"", ""rarityKey"": ""special illustration rare""}, {""cardName"": ""Mega Lucario ex"", ""cardNumber"": ""188/132"", ""rarityKey"": ""mega hyper rare""}, {""cardName"": ""Bulbasaur"", ""cardNumber"": ""133/132"", ""rarityKey"": ""illustration rare""}], ""depth"": 5, ""factor"": -0.1}",3.72052977,1.7,9.459999999999999,12.231448413180908,3.287555581951682,2.0205297700000004,0.45692417615032277,0.2699184492750343,0.4528700303881725,0.5473343222301378,"{""cv"": {""absolute"": -0.19263202765532483, ""relative"": -0.05535104691585216}, ""ev"": {""absolute"": -0.07660413000000021, ""relative"": -0.020174197702114274}, ""gap"": {""absolute"": -0.07660412999999977, ""relative"": -0.036528010920046525}, ""p50"": {""absolute"": 0.0, ""relative"": 0.0}, ""p95"": {""absolute"": 0.0, ""relative"": 0.0}, ""std_dev"": {""absolute"": -0.9832899376178244, ""relative"": -0.07440858165446702}, ""top1"": {""absolute"": -0.012049397579141752, ""relative"": -0.04273323257801547}, ""top10"": {""absolute"": -0.009132166876290704, ""relative"": -0.01641099159619674}, ""top5"": {""absolute"": -0.011037908175700772, ""relative"": -0.023793315996857026}, ""typical_capture"": {""absolute"": 0.009218078664532281, ""relative"": 0.020589575876448385}}",tier_b_paired,2026-08-23T16:54:07.115002+00:00
bc40be6a-0eef-4545-b200-91a1ce4e027e,ev_representativeness_v1,price_shock:top5:-0.25,price_shock,"{""cards"": [{""cardName"": ""Mega Lucario ex"", ""cardNumber"": ""179/132"", ""rarityKey"": ""special illustration rare""}, {""cardName"": ""Mega Gardevoir ex"", ""cardNumber"": ""178/132"", ""rarityKey"": ""special illustration rare""}, {""cardName"": ""Mega Venusaur ex"", ""cardNumber"": ""177/132"", ""rarityKey"": ""special illustration rare""}, {""cardName"": ""Mega Lucario ex"", ""cardNumber"": ""188/132"", ""rarityKey"": ""mega hyper rare""}, {""cardName"": ""Bulbasaur"", ""cardNumber"": ""133/132"", ""rarityKey"": ""illustration rare""}], ""depth"": 5, ""factor"": -0.25}",3.605623575,1.7,9.459999999999999,10.81957976010814,3.0007513360870286,1.9056235750000001,0.47148571242631726,0.25107728141033137,0.43543376127387334,0.5329084983587061,"{""cv"": {""absolute"": -0.4794362735199784, ""relative"": -0.13776161727502897}, ""ev"": {""absolute"": -0.19151032500000031, ""relative"": -0.05043549425528562}, ""gap"": {""absolute"": -0.1915103250000001, ""relative"": -0.09132002730011664}, ""p50"": {""absolute"": 0.0, ""relative"": 0.0}, ""p95"": {""absolute"": 0.0, ""relative"": 0.0}, ""std_dev"": {""absolute"": -2.3951585906905937, ""relative"": -0.18124903627364095}, ""top1"": {""absolute"": -0.030890565443844664, ""relative"": -0.10955350331068134}, ""top10"": {""absolute"": -0.023557990747722357, ""relative"": -0.04233496752976388}, ""top5"": {""absolute"": -0.028474177289999902, ""relative"": -0.061378939489907934}, ""typical_capture"": {""absolute"": 0.023779614940526772, ""relative"": 0.053114342364482765}}",tier_b_paired,2026-08-23T16:54:07.115002+00:00
bc40be6a-0eef-4545-b200-91a1ce4e027e,ev_representativeness_v1,price_shock:top5:-0.50,price_shock,"{""cards"": [{""cardName"": ""Mega Lucario ex"", ""cardNumber"": ""179/132"", ""rarityKey"": ""special illustration rare""}, {""cardName"": ""Mega Gardevoir ex"", ""cardNumber"": ""178/132"", ""rarityKey"": ""special illustration rare""}, {""cardName"": ""Mega Venusaur ex"", ""cardNumber"": ""177/132"", ""rarityKey"": ""special illustration rare""}, {""cardName"": ""Mega Lucario ex"", ""cardNumber"": ""188/132"", ""rarityKey"": ""mega hyper rare""}, {""cardName"": ""Bulbasaur"", ""cardNumber"": ""133/132"", ""rarityKey"": ""illustration rare""}], ""depth"": 5, ""factor"": -0.5}",3.41411325,1.7,9.459999999999999,8.724608071783193,2.5554536223375695,1.7141132500000003,0.4979331016626352,0.21704086705383893,0.40376513872233144,0.5067075967676233,"{""cv"": {""absolute"": -0.9247339872694376, ""relative"": -0.2657138324142994}, ""ev"": {""absolute"": -0.3830206500000002, ""relative"": -0.10087098851057114}, ""gap"": {""absolute"": -0.38302064999999996, ""relative"": -0.18264005460023316}, ""p50"": {""absolute"": 0.0, ""relative"": 0.0}, ""p95"": {""absolute"": 0.0, ""relative"": 0.0}, ""std_dev"": {""absolute"": -4.49013027901554, ""relative"": -0.3397820039883079}, ""top1"": {""absolute"": -0.0649269798003371, ""relative"": -0.23026377129416134}, ""top10"": {""absolute"": -0.04975889233880515, ""relative"": -0.08941938699436829}, ""top5"": {""absolute"": -0.060142799841541805, ""relative"": -0.12964382551358525}, ""typical_capture"": {""absolute"": 0.050227004176844725, ""relative"": 0.11218744720902278}}",tier_b_paired,2026-08-23T16:54:07.115002+00:00
bc40be6a-0eef-4545-b200-91a1ce4e027e,ev_representativeness_v1,rarity_ablation:common,rarity_ablation,"{""rarityKey"": ""common""}",3.09957079,1.0,8.870000000000001,13.230100606672604,4.268365365087404,2.09957079,0.32262531419713114,0.3435307086501483,0.5584751139043996,0.6615701201649277,"{""cv"": {""absolute"": 0.788177755480397, ""relative"": 0.22647565128519045}, ""ev"": {""absolute"": -0.6975631100000004, ""relative"": -0.18370779866361844}, ""gap"": {""absolute"": 0.002436889999999803, ""relative"": 0.0011620097314719879}, ""p50"": {""absolute"": -0.7, ""relative"": -0.4117647058823529}, ""p95"": {""absolute"": -0.5899999999999981, ""relative"": -0.06236786469344589}, ""std_dev"": {""absolute"": 0.015362255873871078, ""relative"": 0.0011625092730604494}, ""top1"": {""absolute"": 0.06156286179597226, ""relative"": 0.21833291448939718}, ""top10"": {""absolute"": 0.10510363105849918, ""relative"": 0.18887683825718624}, ""top5"": {""absolute"": 0.09456717534052639, ""relative"": 0.20384901287371673}, ""typical_capture"": {""absolute"": -0.12508078328865935, ""relative"": -0.27938146027289523}}",tier_b_paired,2026-08-23T16:54:07.115002+00:00
bc40be6a-0eef-4545-b200-91a1ce4e027e,ev_representativeness_v1,rarity_ablation:double rare,rarity_ablation,"{""rarityKey"": ""double rare""}",3.6509468700000003,1.55,9.33,13.219650639186241,3.6208827764141747,2.1009468700000005,0.424547399672239,0.29293115678782805,0.4808832701528741,0.5761462313473765,"{""cv"": {""absolute"": 0.14069516680716765, ""relative"": 0.04042746615693381}, ""ev"": {""absolute"": -0.1461870300000001, ""relative"": -0.03849930864961072}, ""gap"": {""absolute"": 0.0038129700000002487, ""relative"": 0.0018181814713882829}, ""p50"": {""absolute"": -0.1499999999999999, ""relative"": -0.08823529411764701}, ""p95"": {""absolute"": -0.129999999999999, ""relative"": -0.01374207188160666}, ""std_dev"": {""absolute"": 0.004912288387508568, ""relative"": 0.00037172800982560934}, ""top1"": {""absolute"": 0.010963309933652021, ""relative"": 0.03888141877155896}, ""top10"": {""absolute"": 0.01967974224094804, ""relative"": 0.035365547838378704}, ""top5"": {""absolute"": 0.01697533158900083, ""relative"": 0.03659202651619116}, ""typical_capture"": {""absolute"": -0.02315869781355151, ""relative"": -0.05172745679276019}}",tier_b_paired,2026-08-23T16:54:07.115002+00:00
bc40be6a-0eef-4545-b200-91a1ce4e027e,ev_representativeness_v1,rarity_ablation:illustration rare,rarity_ablation,"{""rarityKey"": ""illustration rare""}",3.05025588,1.61,4.18,12.953089698266025,4.2465583898049974,1.4402558799999998,0.5278245705734039,0.34901678478200326,0.47172994221061876,0.5229897237342593,"{""cv"": {""absolute"": 0.7663707801979904, ""relative"": 0.22020961688457114}, ""ev"": {""absolute"": -0.7468780200000005, ""relative"": -0.19669520213653788}, ""gap"": {""absolute"": -0.6568780200000004, ""relative"": -0.3132265517237599}, ""p50"": {""absolute"": -0.08999999999999986, ""relative"": -0.05294117647058815}, ""p95"": {""absolute"": -5.279999999999999, ""relative"": -0.5581395348837209}, ""std_dev"": {""absolute"": -0.26164865253270797, ""relative"": -0.019799760357487005}, ""top1"": {""absolute"": 0.06704893792782723, ""relative"": 0.23778930355311972}, ""top10"": {""absolute"": -0.03347676537216915, ""relative"": -0.0601595352595733}, ""top5"": {""absolute"": 0.007822003646745512, ""relative"": 0.0168611118640483}, ""typical_capture"": {""absolute"": 0.08011847308761344, ""relative"": 0.17895327657483218}}",tier_b_paired,2026-08-23T16:54:07.115002+00:00
bc40be6a-0eef-4545-b200-91a1ce4e027e,ev_representativeness_v1,rarity_ablation:mega hyper rare,rarity_ablation,"{""rarityKey"": ""mega hyper rare""}",3.60250633,1.7,9.41,11.305088597662998,3.138117622034268,1.9025063300000002,0.47189368852545494,0.24815942238746877,0.4367621305470406,0.5334289308521493,"{""cv"": {""absolute"": -0.3420699875727391, ""relative"": -0.09829067451089703}, ""ev"": {""absolute"": -0.1946275700000002, ""relative"": -0.051256441075201525}, ""gap"": {""absolute"": -0.19462756999999997, ""relative"": -0.0928064583763583}, ""p50"": {""absolute"": 0.0, ""relative"": 0.0}, ""p95"": {""absolute"": -0.049999999999998934, ""relative"": -0.005285412262156336}, ""std_dev"": {""absolute"": -1.909649753135735, ""relative"": -0.14450908541978896}, ""top1"": {""absolute"": -0.03380842446670726, ""relative"": -0.11990170100561785}, ""top10"": {""absolute"": -0.023037558254279222, ""relative"": -0.04139972254443001}, ""top5"": {""absolute"": -0.02714580801683264, ""relative"": -0.05851550654827836}, ""typical_capture"": {""absolute"": 0.024187591039664447, ""relative"": 0.05402560111532125}}",tier_b_paired,2026-08-23T16:54:07.115002+00:00
bc40be6a-0eef-4545-b200-91a1ce4e027e,ev_representativeness_v1,rarity_ablation:rare,rarity_ablation,"{""rarityKey"": ""rare""}",3.6102977000000003,1.4799999999999998,9.25,13.221352521779863,3.6621225229653116,2.1302977000000007,0.4099384934378125,0.2961039584076404,0.48607849707241596,0.5818321741168326,"{""cv"": {""absolute"": 0.18193491335830458, ""relative"": 0.05227732920376934}, ""ev"": {""absolute"": -0.18683620000000012, ""relative"": -0.04920453292416159}, ""gap"": {""absolute"": 0.03316380000000052, ""relative"": 0.015813868632804283}, ""p50"": {""absolute"": -0.2200000000000002, ""relative"": -0.12941176470588248}, ""p95"": {""absolute"": -0.20999999999999908, ""relative"": -0.022198731501056987}, ""std_dev"": {""absolute"": 0.006614170981130485, ""relative"": 0.0005005147136137362}, ""top1"": {""absolute"": 0.014136111553464392, ""relative"": 0.05013377131888055}, ""top10"": {""absolute"": 0.02536568501040415, ""relative"": 0.04558349066290812}, ""top5"": {""absolute"": 0.022170558508542715, ""relative"": 0.047790858197375205}, ""typical_capture"": {""absolute"": -0.037767604047977965, ""relative"": -0.08435802920726727}}",tier_b_paired,2026-08-23T16:54:07.115002+00:00
bc40be6a-0eef-4545-b200-91a1ce4e027e,ev_representativeness_v1,rarity_ablation:special illustration rare,rarity_ablation,"{""rarityKey"": ""special illustration rare""}",2.9328790099999997,1.69,7.929999999999999,7.681351697260153,2.6190482700001163,1.2428790099999998,0.5762256111615052,0.14050560510506704,0.3315873981450056,0.4379831849933693,"{""cv"": {""absolute"": -0.8611393396068907, ""relative"": -0.24744049350377784}, ""ev"": {""absolute"": -0.8642548900000007, ""relative"": -0.22760716707935966}, ""gap"": {""absolute"": -0.8542548900000004, ""relative"": -0.4073439898139076}, ""p50"": {""absolute"": -0.010000000000000009, ""relative"": -0.005882352941176476}, ""p95"": {""absolute"": -1.5300000000000002, ""relative"": -0.16173361522198737}, ""std_dev"": {""absolute"": -5.53338665353858, ""relative"": -0.4187284308360239}, ""top1"": {""absolute"": -0.14146224174910899, ""relative"": -0.5016963576782155}, ""top10"": {""absolute"": -0.11848330411305918, ""relative"": -0.21292082530130282}, ""top5"": {""absolute"": -0.13232054041886765, ""relative"": -0.2852301705129133}, ""typical_capture"": {""absolute"": 0.12851951367571468, ""relative"": 0.28706223658209995}}",tier_b_paired,2026-08-23T16:54:07.115002+00:00
bc40be6a-0eef-4545-b200-91a1ce4e027e,ev_representativeness_v1,rarity_ablation:ultra rare,rarity_ablation,"{""rarityKey"": ""ultra rare""}",3.40520441,1.62,6.739999999999999,13.121215290018549,3.8532827138029426,1.78520441,0.475742365199157,0.3129651503064981,0.4865178504805237,0.5589226551013423,"{""cv"": {""absolute"": 0.3730951041959356, ""relative"": 0.10720545730523608}, ""ev"": {""absolute"": -0.3919294900000003, ""relative"": -0.10321718968088017}, ""gap"": {""absolute"": -0.31192949000000025, ""relative"": -0.14874085531686854}, ""p50"": {""absolute"": -0.07999999999999985, ""relative"": -0.047058823529411674}, ""p95"": {""absolute"": -2.7199999999999998, ""relative"": -0.28752642706131076}, ""std_dev"": {""absolute"": -0.0935230607801838, ""relative"": -0.007077178397144051}, ""top1"": {""absolute"": 0.030997303452322045, ""relative"": 0.1099320500480779}, ""top10"": {""absolute"": 0.002456165994913828, ""relative"": 0.00441386146874348}, ""top5"": {""absolute"": 0.02260991191665046, ""relative"": 0.04873792844900284}, ""typical_capture"": {""absolute"": 0.028036267713366536, ""relative"": 0.06262203680229386}}",tier_b_paired,2026-08-23T16:54:07.115002+00:00
bc40be6a-0eef-4545-b200-91a1ce4e027e,ev_representativeness_v1,rarity_ablation:uncommon,rarity_ablation,"{""rarityKey"": ""uncommon""}",3.22827631,1.12,8.97,13.224722836384617,4.096527547973308,2.10827631,0.34693436758515883,0.33012387963779966,0.537700321568819,0.6384184351307898,"{""cv"": {""absolute"": 0.6163399383663006, ""relative"": 0.17709963010755606}, ""ev"": {""absolute"": -0.5688575900000004, ""relative"": -0.1498123597906306}, ""gap"": {""absolute"": 0.011142409999999714, ""relative"": 0.005313160976511663}, ""p50"": {""absolute"": -0.5799999999999998, ""relative"": -0.3411764705882352}, ""p95"": {""absolute"": -0.48999999999999844, ""relative"": -0.05179704016913303}, ""std_dev"": {""absolute"": 0.009984485585883718, ""relative"": 0.0007555568124646395}, ""top1"": {""absolute"": 0.048156032783623626, ""relative"": 0.17078554636950594}, ""top10"": {""absolute"": 0.08195194602436129, ""relative"": 0.14727202379420795}, ""top5"": {""absolute"": 0.07379238300494573, ""relative"": 0.15906686838208872}, ""typical_capture"": {""absolute"": -0.10077172990063166, ""relative"": -0.22508455986313655}}",tier_b_paired,2026-08-23T16:54:07.115002+00:00
bc40be6a-0eef-4545-b200-91a1ce4e027e,ev_representativeness_v1,top_card_ablation:1,top_card_ablation,"{""cards"": [{""cardName"": ""Mega Lucario ex"", ""cardNumber"": ""179/132"", ""evShare"": 0.05134753873177872, ""priceUsed"": 200.59, ""rarityKey"": ""special illustration rare""}], ""depth"": 1}",3.60216042,1.7,9.41,11.679773201864213,3.2424356053149386,1.9021604200000002,0.4719390037604155,0.24908662452073693,0.43705835288701544,0.5335488889748002,"{""cv"": {""absolute"": -0.23775200429206844, ""relative"": -0.06831585850020197}, ""ev"": {""absolute"": -0.19497348000000025, ""relative"": -0.05134753873177879}, ""gap"": {""absolute"": -0.19497348000000003, ""relative"": -0.09297140254134464}, ""p50"": {""absolute"": 0.0, ""relative"": 0.0}, ""p95"": {""absolute"": -0.049999999999998934, ""relative"": -0.005285412262156336}, ""std_dev"": {""absolute"": -1.5349651489345195, ""relative"": -0.11615554604164692}, ""top1"": {""absolute"": -0.0328812223334391, ""relative"": -0.11661337524928551}, ""top10"": {""absolute"": -0.022917600131628246, ""relative"": -0.04118415139145078}, ""top5"": {""absolute"": -0.0268495856768578, ""relative"": -0.05787696964181399}, ""typical_capture"": {""absolute"": 0.024232906274624988, ""relative"": 0.0541268175946478}}",tier_b_paired,2026-08-23T16:54:07.115002+00:00
bc40be6a-0eef-4545-b200-91a1ce4e027e,ev_representativeness_v1,top_card_ablation:10,top_card_ablation,"{""cards"": [{""cardName"": ""Mega Lucario ex"", ""cardNumber"": ""179/132"", ""evShare"": 0.05134753873177872, ""priceUsed"": 200.59, ""rarityKey"": ""special illustration rare""}, {""cardName"": ""Mega Gardevoir ex"", ""cardNumber"": ""178/132"", ""evShare"": 0.05134445746040191, ""priceUsed"": 192.27, ""rarityKey"": ""special illustration rare""}, {""cardName"": ""Mega Venusaur ex"", ""cardNumber"": ""177/132"", ""evShare"": 0.03967151118900494, ""priceUsed"": 155.94, ""rarityKey"": ""special illustration rare""}, {""cardName"": ""Mega Lucario ex"", ""cardNumber"": ""188/132"", ""evShare"": 0.030373740573120166, ""priceUsed"": 269.47, ""rarityKey"": ""mega hyper rare""}, {""cardName"": ""Bulbasaur"", ""cardNumber"": ""133/132"", ""evShare"": 0.029004729066836432, ""priceUsed"": 21.74, ""rarityKey"": ""illustration rare""}, {""cardName"": ""Vulpix"", ""cardNumber"": ""138/132"", ""evShare"": 0.026833022664805153, ""priceUsed"": 20.22, ""rarityKey"": ""illustration rare""}, {""cardName"": ""Ivysaur"", ""cardNumber"": ""134/132"", ""evShare"": 0.025955168449550852, ""priceUsed"": 19.85, ""rarityKey"": ""illustration rare""}, {""cardName"": ""Mega Latias ex"", ""cardNumber"": ""181/132"", ""evShare"": 0.022021609509214304, ""priceUsed"": 85.5, ""rarityKey"": ""special illustration rare""}, {""cardName"": ""Mega Gardevoir ex"", ""cardNumber"": ""187/132"", ""evShare"": 0.02088270050208132, ""priceUsed"": 210.33, ""rarityKey"": ""mega hyper rare""}, {""cardName"": ""Lillie's Determination"", ""cardNumber"": ""169/132"", ""evShare"": 0.02076492482922448, ""priceUsed"": 21.15, ""rarityKey"": ""ultra rare""}], ""depth"": 10}",2.5888881599999998,1.68,6.74,3.9557002633429916,1.527953321607756,0.9088881599999998,0.6489272213288658,0.12221875586931492,0.27132707038221376,0.3781975695697878,"{""cv"": {""absolute"": -1.952234287999251, ""relative"": -0.5609566227435948}, ""ev"": {""absolute"": -1.2082457400000006, ""relative"": -0.31819940297601845}, ""gap"": {""absolute"": -1.1882457400000004, ""relative"": -0.5666046121327781}, ""p50"": {""absolute"": -0.020000000000000018, ""relative"": -0.011764705882352951}, ""p95"": {""absolute"": -2.719999999999999, ""relative"": -0.2875264270613107}, ""std_dev"": {""absolute"": -9.25903808745574, ""relative"": -0.7006599632671577}, ""top1"": {""absolute"": -0.15974909098486112, ""relative"": -0.5665507353662128}, ""top10"": {""absolute"": -0.1782689195366407, ""relative"": -0.32035876917387096}, ""top5"": {""absolute"": -0.19258086818165948, ""relative"": -0.41512733922561224}, ""typical_capture"": {""absolute"": 0.20122112384307533, ""relative"": 0.44944914749449394}}",tier_b_paired,2026-08-23T16:54:07.115002+00:00
bc40be6a-0eef-4545-b200-91a1ce4e027e,ev_representativeness_v1,top_card_ablation:5,top_card_ablation,"{""cards"": [{""cardName"": ""Mega Lucario ex"", ""cardNumber"": ""179/132"", ""evShare"": 0.05134753873177872, ""priceUsed"": 200.59, ""rarityKey"": ""special illustration rare""}, {""cardName"": ""Mega Gardevoir ex"", ""cardNumber"": ""178/132"", ""evShare"": 0.05134445746040191, ""priceUsed"": 192.27, ""rarityKey"": ""special illustration rare""}, {""cardName"": ""Mega Venusaur ex"", ""cardNumber"": ""177/132"", ""evShare"": 0.03967151118900494, ""priceUsed"": 155.94, ""rarityKey"": ""special illustration rare""}, {""cardName"": ""Mega Lucario ex"", ""cardNumber"": ""188/132"", ""evShare"": 0.030373740573120166, ""priceUsed"": 269.47, ""rarityKey"": ""mega hyper rare""}, {""cardName"": ""Bulbasaur"", ""cardNumber"": ""133/132"", ""evShare"": 0.029004729066836432, ""priceUsed"": 21.74, ""rarityKey"": ""illustration rare""}], ""depth"": 5}",3.0310926,1.69,8.73,6.640346044810108,2.1907433790739708,1.3410926,0.557554724656053,0.15967881680685048,0.3497417004020267,0.454383943928338,"{""cv"": {""absolute"": -1.2894442305330363, ""relative"": -0.37050997681088926}, ""ev"": {""absolute"": -0.7660413000000004, ""relative"": -0.20174197702114227}, ""gap"": {""absolute"": -0.7560413000000001, ""relative"": -0.3605116964634447}, ""p50"": {""absolute"": -0.010000000000000009, ""relative"": -0.005882352941176476}, ""p95"": {""absolute"": -0.7299999999999986, ""relative"": -0.077167019027484}, ""std_dev"": {""absolute"": -6.574392305988625, ""relative"": -0.4975045386041451}, ""top1"": {""absolute"": -0.12228903004732555, ""relative"": -0.4336984922630884}, ""top10"": {""absolute"": -0.10208254517809051, ""relative"": -0.1834477855836642}, ""top5"": {""absolute"": -0.11416623816184657, ""relative"": -0.2460967547036869}, ""typical_capture"": {""absolute"": 0.10984862717026256, ""relative"": 0.2453587918215677}}",tier_b_paired,2026-08-23T16:54:07.115002+00:00
bc40be6a-0eef-4545-b200-91a1ce4e027e,ev_representativeness_v1,winsorize_top:0.0100,winsorization,"{""quantile"": 0.01}",2.9649642299999996,1.7,9.459999999999999,4.000205807095493,1.34915820117516,1.2649642299999997,0.573362734969656,0.0804394189942723,0.3134442164922846,0.4319809618748756,"{""cv"": {""absolute"": -2.1310294084318473, ""relative"": -0.6123317612387251}, ""ev"": {""absolute"": -0.8321696700000007, ""relative"": -0.2191573149421991}, ""gap"": {""absolute"": -0.8321696700000005, ""relative"": -0.396812845379115}, ""p50"": {""absolute"": 0.0, ""relative"": 0.0}, ""p95"": {""absolute"": 0.0, ""relative"": 0.0}, ""std_dev"": {""absolute"": -9.214532543703239, ""relative"": -0.6972920915340173}, ""top1"": {""absolute"": -0.2015284278599037, ""relative"": -0.714721306376919}, ""top10"": {""absolute"": -0.12448552723155287, ""relative"": -0.22370714080456344}, ""top5"": {""absolute"": -0.15046372207158865, ""relative"": -0.3243396147463685}, ""typical_capture"": {""absolute"": 0.12565663748386546, ""relative"": 0.2806676929117625}}",tier_b_paired,2026-08-23T16:54:07.115002+00:00
e6940d26-49f9-4b46-9625-2c97d5395035,ev_representativeness_v1,price_shock:top1:-0.10,price_shock,"{""cards"": [{""cardName"": ""Persian"", ""cardNumber"": ""078/064"", ""rarityKey"": ""illustration rare""}], ""depth"": 1, ""factor"": -0.1}",5.950590265000001,2.01,31.78,11.171601744088097,1.8773938796957474,3.940590265000001,0.3377816166947935,0.11047813842380223,0.3996422454067252,0.5951778608974685,"{""cv"": {""absolute"": -0.02843285115809846, ""relative"": -0.014918906686422649}, ""ev"": {""absolute"": -0.042119274999998346, ""relative"": -0.007028419234882249}, ""gap"": {""absolute"": -0.042119274999998346, ""relative"": -0.01057553270630887}, ""p50"": {""absolute"": 0.0, ""relative"": 0.0}, ""p95"": {""absolute"": 0.0, ""relative"": 0.0}, ""std_dev"": {""absolute"": -0.24946428748675586, ""relative"": -0.02184246959058665}, ""top1"": {""absolute"": -0.006251932561750648, ""relative"": -0.05355888597484378}, ""top10"": {""absolute"": -0.002845259709174597, ""relative"": -0.004757775428963892}, ""top5"": {""absolute"": -0.004219565990194296, ""relative"": -0.010448044036645157}, ""typical_capture"": {""absolute"": 0.0023740708119673326, ""relative"": 0.007078167563936408}}",tier_b_paired,2026-08-23T17:04:35.369221+00:00
e6940d26-49f9-4b46-9625-2c97d5395035,ev_representativeness_v1,price_shock:top1:-0.25,price_shock,"{""cards"": [{""cardName"": ""Persian"", ""cardNumber"": ""078/064"", ""rarityKey"": ""illustration rare""}], ""depth"": 1, ""factor"": -0.25}",5.8874113525,2.01,31.78,10.840584637648025,1.8413159856826948,3.8774113525000002,0.34140641440766384,0.10216290046466564,0.3931996940415928,0.5908336387983006,"{""cv"": {""absolute"": -0.06451074517115107, ""relative"": -0.033849218361130376}, ""ev"": {""absolute"": -0.10529818749999897, ""relative"": -0.01757104808720614}, ""gap"": {""absolute"": -0.10529818749999897, ""relative"": -0.026438831765772955}, ""p50"": {""absolute"": 0.0, ""relative"": 0.0}, ""p95"": {""absolute"": 0.0, ""relative"": 0.0}, ""std_dev"": {""absolute"": -0.5804813939268278, ""relative"": -0.050825500204798764}, ""top1"": {""absolute"": -0.01456717052088724, ""relative"": -0.12479364055805423}, ""top10"": {""absolute"": -0.007189481808342446, ""relative"": -0.012022080017657736}, ""top5"": {""absolute"": -0.010662117355326739, ""relative"": -0.02640040987893233}, ""typical_capture"": {""absolute"": 0.005998868524837664, ""relative"": 0.0178853117601992}}",tier_b_paired,2026-08-23T17:04:35.369221+00:00
e6940d26-49f9-4b46-9625-2c97d5395035,ev_representativeness_v1,price_shock:top1:-0.50,price_shock,"{""cards"": [{""cardName"": ""Persian"", ""cardNumber"": ""078/064"", ""rarityKey"": ""illustration rare""}], ""depth"": 1, ""factor"": -0.5}",5.782113165000001,2.01,31.78,10.4157614209504,1.8013762656875287,3.7721131650000013,0.34762377398056327,0.10301862364189822,0.38214924058823746,0.5833823013735498,"{""cv"": {""absolute"": -0.10445046516631717, ""relative"": -0.054805855892010404}, ""ev"": {""absolute"": -0.21059637499999795, ""relative"": -0.03514209617441228}, ""gap"": {""absolute"": -0.21059637499999795, ""relative"": -0.05287766353154591}, ""p50"": {""absolute"": 0.0, ""relative"": 0.0}, ""p95"": {""absolute"": 0.0, ""relative"": 0.0}, ""std_dev"": {""absolute"": -1.005304610624453, ""relative"": -0.08802195940774465}, ""top1"": {""absolute"": -0.013711447343654662, ""relative"": -0.11746285449746417}, ""top10"": {""absolute"": -0.014640819233093239, ""relative"": -0.024482028752067956}, ""top5"": {""absolute"": -0.021712570808682052, ""relative"": -0.05376237662476761}, ""typical_capture"": {""absolute"": 0.012216228097737092, ""relative"": 0.03642204311648016}}",tier_b_paired,2026-08-23T17:04:35.369221+00:00
e6940d26-49f9-4b46-9625-2c97d5395035,ev_representativeness_v1,price_shock:top5:-0.10,price_shock,"{""cards"": [{""cardName"": ""Persian"", ""cardNumber"": ""078/064"", ""rarityKey"": ""illustration rare""}, {""cardName"": ""Houndoom"", ""cardNumber"": ""066/064"", ""rarityKey"": ""illustration rare""}, {""cardName"": ""Duskull"", ""cardNumber"": ""068/064"", ""rarityKey"": ""illustration rare""}, {""cardName"": ""Horsea"", ""cardNumber"": ""067/064"", ""rarityKey"": ""illustration rare""}, {""cardName"": ""Dusclops"", ""cardNumber"": ""069/064"", ""rarityKey"": ""illustration rare""}], ""depth"": 5, ""factor"": -0.1}",5.841066710000001,2.01,31.45,10.72642943752821,1.836381943586501,3.831066710000001,0.34411522754205964,0.10967521273181965,0.3884010793980472,0.5875871994620654,"{""cv"": {""absolute"": -0.06944478726734493, ""relative"": -0.036438143165424264}, ""ev"": {""absolute"": -0.15164282999999834, ""relative"": -0.02530455197065973}, ""gap"": {""absolute"": -0.15164282999999834, ""relative"": -0.03807529232975357}, ""p50"": {""absolute"": 0.0, ""relative"": 0.0}, ""p95"": {""absolute"": -0.33000000000000185, ""relative"": -0.010383889238514847}, ""std_dev"": {""absolute"": -0.6946365940466421, ""relative"": -0.06082064424864012}, ""top1"": {""absolute"": -0.007054858253733226, ""relative"": -0.06043736797355646}, ""top10"": {""absolute"": -0.010435921144577698, ""relative"": -0.01745069845124274}, ""top5"": {""absolute"": -0.015460731998872324, ""relative"": -0.03828223308709265}, ""typical_capture"": {""absolute"": 0.008707681659233468, ""relative"": 0.02596149599530917}}",tier_b_paired,2026-08-23T17:04:35.369221+00:00
e6940d26-49f9-4b46-9625-2c97d5395035,ev_representativeness_v1,price_shock:top5:-0.25,price_shock,"{""cards"": [{""cardName"": ""Persian"", ""cardNumber"": ""078/064"", ""rarityKey"": ""illustration rare""}, {""cardName"": ""Houndoom"", ""cardNumber"": ""066/064"", ""rarityKey"": ""illustration rare""}, {""cardName"": ""Duskull"", ""cardNumber"": ""068/064"", ""rarityKey"": ""illustration rare""}, {""cardName"": ""Horsea"", ""cardNumber"": ""067/064"", ""rarityKey"": ""illustration rare""}, {""cardName"": ""Dusclops"", ""cardNumber"": ""069/064"", ""rarityKey"": ""illustration rare""}], ""depth"": 5, ""factor"": -0.25}",5.613602465,2.01,30.162874999999477,9.7543194356966,1.737622052240673,3.603602465,0.35805884234447655,0.09861259030211718,0.3671707843316262,0.5708761539458247,"{""cv"": {""absolute"": -0.168204678613173, ""relative"": -0.08825811701036126}, ""ev"": {""absolute"": -0.3791070749999994, ""relative"": -0.06326137992664992}, ""gap"": {""absolute"": -0.3791070749999994, ""relative"": -0.09518823082438482}, ""p50"": {""absolute"": 0.0, ""relative"": 0.0}, ""p95"": {""absolute"": -1.6171250000005237, ""relative"": -0.05088499056011717}, ""std_dev"": {""absolute"": -1.6667465958782532, ""relative"": -0.14593616666520798}, ""top1"": {""absolute"": -0.018117480683435702, ""relative"": -0.15520834117952362}, ""top10"": {""absolute"": -0.027146966660818395, ""relative"": -0.045394510221076614}, ""top5"": {""absolute"": -0.036691027065293313, ""relative"": -0.090850449410858}, ""typical_capture"": {""absolute"": 0.022651296461650372, ""relative"": 0.06753365193985096}}",tier_b_paired,2026-08-23T17:04:35.369221+00:00
e6940d26-49f9-4b46-9625-2c97d5395035,ev_representativeness_v1,price_shock:top5:-0.50,price_shock,"{""cards"": [{""cardName"": ""Persian"", ""cardNumber"": ""078/064"", ""rarityKey"": ""illustration rare""}, {""cardName"": ""Houndoom"", ""cardNumber"": ""066/064"", ""rarityKey"": ""illustration rare""}, {""cardName"": ""Duskull"", ""cardNumber"": ""068/064"", ""rarityKey"": ""illustration rare""}, {""cardName"": ""Horsea"", ""cardNumber"": ""067/064"", ""rarityKey"": ""illustration rare""}, {""cardName"": ""Dusclops"", ""cardNumber"": ""069/064"", ""rarityKey"": ""illustration rare""}], ""depth"": 5, ""factor"": -0.5}",5.23449539,2.01,28.84,8.391061555251442,1.603031606691594,3.2244953900000004,0.3839911682489799,0.08656341370853704,0.33306093330994413,0.5397969621671592,"{""cv"": {""absolute"": -0.30279512416225196, ""relative"": -0.15887862168172764}, ""ev"": {""absolute"": -0.7582141499999988, ""relative"": -0.12652275985329983}, ""gap"": {""absolute"": -0.7582141499999988, ""relative"": -0.19037646164876965}, ""p50"": {""absolute"": 0.0, ""relative"": 0.0}, ""p95"": {""absolute"": -2.9400000000000013, ""relative"": -0.09251101321585907}, ""std_dev"": {""absolute"": -3.030004476323411, ""relative"": -0.26529961983816697}, ""top1"": {""absolute"": -0.03016665727701584, ""relative"": -0.258430899787163}, ""top10"": {""absolute"": -0.058226158439483866, ""relative"": -0.09736439350441572}, ""top5"": {""absolute"": -0.07080087808697538, ""relative"": -0.17530966308025484}, ""typical_capture"": {""absolute"": 0.04858362236615371, ""relative"": 0.14484952101562523}}",tier_b_paired,2026-08-23T17:04:35.369221+00:00
e6940d26-49f9-4b46-9625-2c97d5395035,ev_representativeness_v1,rarity_ablation:ace spec rare,rarity_ablation,"{""rarityKey"": ""ace spec rare""}",5.9530338,1.9699999999999998,31.759999999999998,11.423827218163689,1.9189925006244193,3.9830338000000003,0.33092370481753347,0.11746435237777415,0.4063087681444039,0.601510547445573,"{""cv"": {""absolute"": 0.013165769770573377, ""relative"": 0.006908167231275461}, ""ev"": {""absolute"": -0.03967573999999896, ""relative"": -0.0066206679524799675}, ""gap"": {""absolute"": 0.00032426000000107535, ""relative"": 8.141693406069361e-05}, ""p50"": {""absolute"": -0.040000000000000036, ""relative"": -0.01990049751243783}, ""p95"": {""absolute"": -0.020000000000003126, ""relative"": -0.0006293266205161462}, ""std_dev"": {""absolute"": 0.002761186588836395, ""relative"": 0.0002417625973970185}, ""top1"": {""absolute"": 0.0007342813922212726, ""relative"": 0.006290421876914228}, ""top10"": {""absolute"": 0.0034874268389298857, ""relative"": 0.005831591988269936}, ""top5"": {""absolute"": 0.002446956747484408, ""relative"": 0.00605889608383773}, ""typical_capture"": {""absolute"": -0.004483841065292704, ""relative"": -0.013368336879514104}}",tier_b_paired,2026-08-23T17:04:35.369221+00:00
e6940d26-49f9-4b46-9625-2c97d5395035,ev_representativeness_v1,rarity_ablation:common,rarity_ablation,"{""rarityKey"": ""common""}",5.1205218,1.08,30.97,11.456972281799617,2.237461869960131,4.0405218,0.21091600469311547,0.13512911711458778,0.46532729535493816,0.6851926184554081,"{""cv"": {""absolute"": 0.3316351391062853, ""relative"": 0.1740111699229376}, ""ev"": {""absolute"": -0.8721877399999993, ""relative"": -0.14554146737437226}, ""gap"": {""absolute"": 0.05781226000000039, ""relative"": 0.014515811263504897}, ""p50"": {""absolute"": -0.9299999999999997, ""relative"": -0.462686567164179}, ""p95"": {""absolute"": -0.8100000000000023, ""relative"": -0.025487728130900007}, ""std_dev"": {""absolute"": 0.035906250224764236, ""relative"": 0.0031438615384498498}, ""top1"": {""absolute"": 0.018399046129034896, ""relative"": 0.15762044838739162}, ""top10"": {""absolute"": 0.08716949784876504, ""relative"": 0.14576275539370295}, ""top5"": {""absolute"": 0.06146548395801865, ""relative"": 0.1521943452524402}, ""typical_capture"": {""absolute"": -0.1244915411897107, ""relative"": -0.37116499827705585}}",tier_b_paired,2026-08-23T17:04:35.369221+00:00
e6940d26-49f9-4b46-9625-2c97d5395035,ev_representativeness_v1,rarity_ablation:double rare,rarity_ablation,"{""rarityKey"": ""double rare""}",5.6523314000000004,1.8599999999999999,31.099999999999998,11.392919503427295,2.0156142124694414,3.7923314000000006,0.3290677542367738,0.12310942702333412,0.42505462790097553,0.6282801535663673,"{""cv"": {""absolute"": 0.10978748161559548, ""relative"": 0.05760622402772609}, ""ev"": {""absolute"": -0.34037813999999855, ""relative"": -0.0567987047808759}, ""gap"": {""absolute"": -0.19037813999999864, ""relative"": -0.04780116101562322}, ""p50"": {""absolute"": -0.1499999999999999, ""relative"": -0.07462686567164176}, ""p95"": {""absolute"": -0.6800000000000033, ""relative"": -0.021397105097545728}, ""std_dev"": {""absolute"": -0.028146528147557248, ""relative"": -0.0024644396652416622}, ""top1"": {""absolute"": 0.006379356037781239, ""relative"": 0.05465049394659223}, ""top10"": {""absolute"": 0.03025703295972426, ""relative"": 0.0505950889140057}, ""top5"": {""absolute"": 0.021192816504056022, ""relative"": 0.05247541586254984}, ""typical_capture"": {""absolute"": -0.006339791646052362, ""relative"": -0.018901756158661836}}",tier_b_paired,2026-08-23T17:04:35.369221+00:00
e6940d26-49f9-4b46-9625-2c97d5395035,ev_representativeness_v1,rarity_ablation:hyper rare,rarity_ablation,"{""rarityKey"": ""hyper rare""}",5.777067929999999,2.0,30.82,11.136386870554807,1.927688406211074,3.7770679299999994,0.3461963792418138,0.12077554365887469,0.41070837468930366,0.5984052467252189,"{""cv"": {""absolute"": 0.02186167535722805, ""relative"": 0.011470966905492826}, ""ev"": {""absolute"": -0.2156416099999996, ""relative"": -0.03598399164195094}, ""gap"": {""absolute"": -0.2056416099999998, ""relative"": -0.051633594650741174}, ""p50"": {""absolute"": -0.009999999999999787, ""relative"": -0.004975124378109347}, ""p95"": {""absolute"": -0.9600000000000009, ""relative"": -0.03020767778477032}, ""std_dev"": {""absolute"": -0.28467916102004587, ""relative"": -0.024925795913710466}, ""top1"": {""absolute"": 0.004045472673321809, ""relative"": 0.03465664536280885}, ""top10"": {""absolute"": 0.0003821261185757985, ""relative"": 0.0006389821821406577}, ""top5"": {""absolute"": 0.006846563292384145, ""relative"": 0.01695273754332586}, ""typical_capture"": {""absolute"": 0.010788833358987615, ""relative"": 0.032166340594962844}}",tier_b_paired,2026-08-23T17:04:35.369221+00:00
e6940d26-49f9-4b46-9625-2c97d5395035,ev_representativeness_v1,rarity_ablation:illustration rare,rarity_ablation,"{""rarityKey"": ""illustration rare""}",3.22450067,1.9299999999999997,8.81,5.043797895462263,1.5642105279706031,1.2945006700000001,0.5985422853083171,0.132640298071329,0.3084543505460025,0.41813263136955714,"{""cv"": {""absolute"": -0.3416162028832428, ""relative"": -0.17924830067326863}, ""ev"": {""absolute"": -2.768208869999999, ""relative"": -0.4619294246655578}, ""gap"": {""absolute"": -2.688208869999999, ""relative"": -0.6749698523081348}, ""p50"": {""absolute"": -0.08000000000000007, ""relative"": -0.03980099502487566}, ""p95"": {""absolute"": -22.97, ""relative"": -0.7227816236626808}, ""std_dev"": {""absolute"": -6.37726813611259, ""relative"": -0.5583776609365445}, ""top1"": {""absolute"": 0.015910227085776107, ""relative"": 0.13629930104081955}, ""top10"": {""absolute"": -0.17989048923708595, ""relative"": -0.3008085858864495}, ""top5"": {""absolute"": -0.095407460850917, ""relative"": -0.23623788671900345}, ""typical_capture"": {""absolute"": 0.2631347394254909, ""relative"": 0.7845224195326137}}",tier_b_paired,2026-08-23T17:04:35.369221+00:00
e6940d26-49f9-4b46-9625-2c97d5395035,ev_representativeness_v1,rarity_ablation:rare,rarity_ablation,"{""rarityKey"": ""rare""}",5.82763109,1.82,31.71,11.433718400737593,1.9619839046362137,4.007631089999999,0.31230528698411486,0.11980865453169923,0.41406197179169757,0.6124167942140619,"{""cv"": {""absolute"": 0.05615717378236784, ""relative"": 0.029466043724346535}, ""ev"": {""absolute"": -0.16507844999999932, ""relative"": -0.027546546165492836}, ""gap"": {""absolute"": 0.02492155000000018, ""relative"": 0.006257435986657512}, ""p50"": {""absolute"": -0.18999999999999972, ""relative"": -0.09452736318407948}, ""p95"": {""absolute"": -0.07000000000000028, ""relative"": -0.0022026431718061763}, ""std_dev"": {""absolute"": 0.012652369162740484, ""relative"": 0.0011078098250865158}, ""top1"": {""absolute"": 0.0030785835461463462, ""relative"": 0.026373525863163123}, ""top10"": {""absolute"": 0.014393673607418833, ""relative"": 0.024068757731001582}, ""top5"": {""absolute"": 0.010200160394778057, ""relative"": 0.0252565608010737}, ""typical_capture"": {""absolute"": -0.023102258898711314, ""relative"": -0.06887817278500358}}",tier_b_paired,2026-08-23T17:04:35.369221+00:00
e6940d26-49f9-4b46-9625-2c97d5395035,ev_representativeness_v1,rarity_ablation:special illustration rare,rarity_ablation,"{""rarityKey"": ""special illustration rare""}",5.546086359999999,1.99,29.71,10.91198977446469,1.967511694943151,3.5560863599999992,0.3588115782603862,0.12613027720686265,0.42260201480165915,0.5957802485426859,"{""cv"": {""absolute"": 0.06168496408930513, ""relative"": 0.03236651217588343}, ""ev"": {""absolute"": -0.44662317999999956, ""relative"": -0.07452775360108636}, ""gap"": {""absolute"": -0.42662318, ""relative"": -0.10711882845466056}, ""p50"": {""absolute"": -0.019999999999999796, ""relative"": -0.009950248756218805}, ""p95"": {""absolute"": -2.0700000000000003, ""relative"": -0.06513530522341096}, ""std_dev"": {""absolute"": -0.5090762571101628, ""relative"": -0.04457344486957372}, ""top1"": {""absolute"": 0.00940020622130977, ""relative"": 0.08052943120777498}, ""top10"": {""absolute"": -0.0022428720639572353, ""relative"": -0.003750477174999579}, ""top5"": {""absolute"": 0.01874020340473964, ""relative"": 0.046402514117190395}, ""typical_capture"": {""absolute"": 0.023404032377560002, ""relative"": 0.06977789457884213}}",tier_b_paired,2026-08-23T17:04:35.369221+00:00
e6940d26-49f9-4b46-9625-2c97d5395035,ev_representativeness_v1,rarity_ablation:ultra rare,rarity_ablation,"{""rarityKey"": ""ultra rare""}",5.599408060000001,1.9300000000000002,31.189999999999998,11.341852733147572,2.025544952540496,3.6694080600000007,0.3446792909749106,0.12397940149409292,0.42865082778053504,0.6340832498640936,"{""cv"": {""absolute"": 0.11971822168664992, ""relative"": 0.06281694959384578}, ""ev"": {""absolute"": -0.3933014799999981, ""relative"": -0.06562999213874766}, ""gap"": {""absolute"": -0.31330147999999847, ""relative"": -0.07866541028246778}, ""p50"": {""absolute"": -0.07999999999999963, ""relative"": -0.03980099502487544}, ""p95"": {""absolute"": -0.5900000000000034, ""relative"": -0.018565135305223517}, ""std_dev"": {""absolute"": -0.07921329842728042, ""relative"": -0.006935718452926035}, ""top1"": {""absolute"": 0.007249330508540042, ""relative"": 0.06210336760128636}, ""top10"": {""absolute"": 0.0360601292574505, ""relative"": 0.060298888144777074}, ""top5"": {""absolute"": 0.024789016383615525, ""relative"": 0.06137994651653911}, ""typical_capture"": {""absolute"": 0.009271745092084449, ""relative"": 0.027643221525265}}",tier_b_paired,2026-08-23T17:04:35.369221+00:00
e6940d26-49f9-4b46-9625-2c97d5395035,ev_representativeness_v1,rarity_ablation:uncommon,rarity_ablation,"{""rarityKey"": ""uncommon""}",5.24109521,1.31,30.97,11.443624622802648,2.1834414686778123,3.93109521,0.24994775853346882,0.13221267926556138,0.45566715625454174,0.6716158300814383,"{""cv"": {""absolute"": 0.2776147378239664, ""relative"": 0.14566630498439373}, ""ev"": {""absolute"": -0.7516143299999989, ""relative"": -0.12542145167943497}, ""gap"": {""absolute"": -0.05161432999999915, ""relative"": -0.012959601869434637}, ""p50"": {""absolute"": -0.6999999999999997, ""relative"": -0.3482587064676616}, ""p95"": {""absolute"": -0.8100000000000023, ""relative"": -0.025487728130900007}, ""std_dev"": {""absolute"": 0.022558591227795688, ""relative"": 0.0019751738730368834}, ""top1"": {""absolute"": 0.015482608280008497, ""relative"": 0.132635987876035}, ""top10"": {""absolute"": 0.07359270947479524, ""relative"": 0.12305997366814472}, ""top5"": {""absolute"": 0.051805344857622226, ""relative"": 0.12827492819494984}, ""typical_capture"": {""absolute"": -0.08545978734935736, ""relative"": -0.2547938721068981}}",tier_b_paired,2026-08-23T17:04:35.369221+00:00
e6940d26-49f9-4b46-9625-2c97d5395035,ev_representativeness_v1,top_card_ablation:1,top_card_ablation,"{""cards"": [{""cardName"": ""Persian"", ""cardNumber"": ""078/064"", ""evShare"": 0.07028419234882523, ""priceUsed"": 74.35, ""rarityKey"": ""illustration rare""}], ""depth"": 1}",5.57151679,2.0,29.85,10.104680176712577,1.8136318273057876,3.5715167900000004,0.35896867502754126,0.10691259892981494,0.38783729304708786,0.5801289490505153,"{""cv"": {""absolute"": -0.09219490354805826, ""relative"": -0.04837528095051601}, ""ev"": {""absolute"": -0.42119274999999856, ""relative"": -0.070284192348825}, ""gap"": {""absolute"": -0.4111927499999988, ""relative"": -0.10324447361029468}, ""p50"": {""absolute"": -0.009999999999999787, ""relative"": -0.004975124378109347}, ""p95"": {""absolute"": -1.9299999999999997, ""relative"": -0.060730018879798606}, ""std_dev"": {""absolute"": -1.3163858548622756, ""relative"": -0.11525945574808649}, ""top1"": {""absolute"": -0.009817472055737936, ""relative"": -0.08410405281902893}, ""top10"": {""absolute"": -0.017894171556127825, ""relative"": -0.029922206917310696}, ""top5"": {""absolute"": -0.01602451834983165, ""relative"": -0.03967822135597414}, ""typical_capture"": {""absolute"": 0.023561129144715087, ""relative"": 0.07024627034761499}}",tier_b_paired,2026-08-23T17:04:35.369221+00:00
e6940d26-49f9-4b46-9625-2c97d5395035,ev_representativeness_v1,top_card_ablation:10,top_card_ablation,"{""cards"": [{""cardName"": ""Persian"", ""cardNumber"": ""078/064"", ""evShare"": 0.07028419234882523, ""priceUsed"": 74.35, ""rarityKey"": ""illustration rare""}, {""cardName"": ""Houndoom"", ""cardNumber"": ""066/064"", ""evShare"": 0.05417427589857793, ""priceUsed"": 57.87, ""rarityKey"": ""illustration rare""}, {""cardName"": ""Duskull"", ""cardNumber"": ""068/064"", ""evShare"": 0.05068320397854623, ""priceUsed"": 54.51, ""rarityKey"": ""illustration rare""}, {""cardName"": ""Horsea"", ""cardNumber"": ""067/064"", ""evShare"": 0.04574920879612664, ""priceUsed"": 49.64, ""rarityKey"": ""illustration rare""}, {""cardName"": ""Dusclops"", ""cardNumber"": ""069/064"", ""evShare"": 0.032154638684524, ""priceUsed"": 33.67, ""rarityKey"": ""illustration rare""}, {""cardName"": ""Munkidori"", ""cardNumber"": ""072/064"", ""evShare"": 0.029159581126636747, ""priceUsed"": 31.35, ""rarityKey"": ""illustration rare""}, {""cardName"": ""Dusknoir"", ""cardNumber"": ""070/064"", ""evShare"": 0.028537049703229903, ""priceUsed"": 31.35, ""rarityKey"": ""illustration rare""}, {""cardName"": ""Zorua"", ""cardNumber"": ""075/064"", ""evShare"": 0.02737143839612824, ""priceUsed"": 29.27, ""rarityKey"": ""illustration rare""}, {""cardName"": ""Pecharunt ex"", ""cardNumber"": ""039/064"", ""evShare"": 0.02606121303853482, ""priceUsed"": 5.68, ""rarityKey"": ""double rare""}, {""cardName"": ""Bewear"", ""cardNumber"": ""079/064"", ""evShare"": 0.025833609816503806, ""priceUsed"": 27.42, ""rarityKey"": ""illustration rare""}], ""depth"": 10}",3.65550241,1.93,15.11,5.8833643193316005,1.6094543675411228,1.72550241,0.5279712016384637,0.1184837380533966,0.35164679046128705,0.48296499960452766,"{""cv"": {""absolute"": -0.2963723633127231, ""relative"": -0.15550855621588577}, ""ev"": {""absolute"": -2.337207129999999, ""relative"": -0.39000841178763346}, ""gap"": {""absolute"": -2.2572071299999994, ""relative"": -0.5667516316040461}, ""p50"": {""absolute"": -0.07999999999999985, ""relative"": -0.03980099502487555}, ""p95"": {""absolute"": -16.67, ""relative"": -0.5245437382001259}, ""std_dev"": {""absolute"": -5.537701712243252, ""relative"": -0.4848673229743737}, ""top1"": {""absolute"": 0.0017536670678437172, ""relative"": 0.015023267381211137}, ""top10"": {""absolute"": -0.11505812100211543, ""relative"": -0.19239744591379485}, ""top5"": {""absolute"": -0.05221502093563246, ""relative"": -0.1292893248683892}, ""typical_capture"": {""absolute"": 0.1925636557556375, ""relative"": 0.5741184362706889}}",tier_b_paired,2026-08-23T17:04:35.369221+00:00
e6940d26-49f9-4b46-9625-2c97d5395035,ev_representativeness_v1,top_card_ablation:5,top_card_ablation,"{""cards"": [{""cardName"": ""Persian"", ""cardNumber"": ""078/064"", ""evShare"": 0.07028419234882523, ""priceUsed"": 74.35, ""rarityKey"": ""illustration rare""}, {""cardName"": ""Houndoom"", ""cardNumber"": ""066/064"", ""evShare"": 0.05417427589857793, ""priceUsed"": 57.87, ""rarityKey"": ""illustration rare""}, {""cardName"": ""Duskull"", ""cardNumber"": ""068/064"", ""evShare"": 0.05068320397854623, ""priceUsed"": 54.51, ""rarityKey"": ""illustration rare""}, {""cardName"": ""Horsea"", ""cardNumber"": ""067/064"", ""evShare"": 0.04574920879612664, ""priceUsed"": 49.64, ""rarityKey"": ""illustration rare""}, {""cardName"": ""Dusclops"", ""cardNumber"": ""069/064"", ""evShare"": 0.032154638684524, ""priceUsed"": 33.67, ""rarityKey"": ""illustration rare""}], ""depth"": 5}",4.4762812400000005,1.98,21.26,7.253120074011188,1.620345033104128,2.4962812400000005,0.44233145636756277,0.09919010808177012,0.35752540874755223,0.5189743350442386,"{""cv"": {""absolute"": -0.2854816977497179, ""relative"": -0.1497941513401991}, ""ev"": {""absolute"": -1.5164282999999985, ""relative"": -0.25304551970659983}, ""gap"": {""absolute"": -1.4864282999999987, ""relative"": -0.37322036293914596}, ""p50"": {""absolute"": -0.029999999999999805, ""relative"": -0.014925373134328263}, ""p95"": {""absolute"": -10.52, ""relative"": -0.33102580239144114}, ""std_dev"": {""absolute"": -4.167945957563664, ""relative"": -0.36493493217190914}, ""top1"": {""absolute"": -0.017539962903782763, ""relative"": -0.15026087755873635}, ""top10"": {""absolute"": -0.07904878556240447, ""relative"": -0.13218349397965795}, ""top5"": {""absolute"": -0.04633640264936728, ""relative"": -0.11473331060714574}, ""typical_capture"": {""absolute"": 0.1069239104847366, ""relative"": 0.3187880290626801}}",tier_b_paired,2026-08-23T17:04:35.369221+00:00
e6940d26-49f9-4b46-9625-2c97d5395035,ev_representativeness_v1,winsorize_top:0.0100,winsorization,"{""quantile"": 0.01}",5.88938013,2.01,31.78,10.847425832328202,1.8418620623709345,3.8793801300000004,0.34129228469414485,0.10123306474360654,0.3934025430279027,0.590970420175612,"{""cv"": {""absolute"": -0.06396466848291138, ""relative"": -0.03356268827977558}, ""ev"": {""absolute"": -0.10332940999999884, ""relative"": -0.017242519316228843}, ""gap"": {""absolute"": -0.10332940999999884, ""relative"": -0.025944500587406348}, ""p50"": {""absolute"": 0.0, ""relative"": 0.0}, ""p95"": {""absolute"": 0.0, ""relative"": 0.0}, ""std_dev"": {""absolute"": -0.5736401992466504, ""relative"": -0.05022650229503586}, ""top1"": {""absolute"": -0.015497006241946346, ""relative"": -0.1327593319451021}, ""top10"": {""absolute"": -0.0070527004310311225, ""relative"": -0.011793357460622532}, ""top5"": {""absolute"": -0.010459268369016839, ""relative"": -0.025898136624602427}, ""typical_capture"": {""absolute"": 0.005884738811318679, ""relative"": 0.017545040007461547}}",tier_b_paired,2026-08-23T17:04:35.369221+00:00
25bf50bf-bd10-40b0-bf34-df74cba05dc3,ev_representativeness_v1,price_shock:top1:-0.10,price_shock,"{""cards"": [{""cardName"": ""Umbreon ex"", ""cardNumber"": ""161/131"", ""rarityKey"": ""special illustration rare""}], ""depth"": 1, ""factor"": -0.1}",8.35616844,1.7799999999999998,10.1,95.15839637523062,11.387802562681543,6.57616844,0.21301629003543637,0.6320333425447322,0.7554125165528618,0.7957657552915486,"{""cv"": {""absolute"": -0.2743633223146489, ""relative"": -0.02352593206272494}, ""ev"": {""absolute"": -0.19258161000000307, ""relative"": -0.022527458268592496}, ""gap"": {""absolute"": -0.19258161000000218, ""relative"": -0.028451576521133636}, ""p50"": {""absolute"": -2.220446049250313e-16, ""relative"": -1.2474416007024232e-16}, ""p95"": {""absolute"": 0.0, ""relative"": 0.0}, ""std_dev"": {""absolute"": -4.5385448172389005, ""relative"": -0.04552341087854472}, ""top1"": {""absolute"": -0.008289353520056775, ""relative"": -0.012945587546717294}, ""top10"": {""absolute"": -0.004600878424686816, ""relative"": -0.005748463555163679}, ""top5"": {""absolute"": -0.005509934326375143, ""relative"": -0.007241124663897719}, ""typical_capture"": {""absolute"": 0.00479871558430367, ""relative"": 0.023046640500703253}}",tier_b_paired,2026-08-23T17:56:15.369486+00:00
25bf50bf-bd10-40b0-bf34-df74cba05dc3,ev_representativeness_v1,price_shock:top1:-0.25,price_shock,"{""cards"": [{""cardName"": ""Umbreon ex"", ""cardNumber"": ""161/131"", ""rarityKey"": ""special illustration rare""}], ""depth"": 1, ""factor"": -0.25}",8.067296024999996,1.7799999999999998,10.1,88.50608883718712,10.970973243440286,6.287296024999996,0.2206439424664599,0.618857252731097,0.746654367998105,0.7884525689014864,"{""cv"": {""absolute"": -0.6911926415559062, ""relative"": -0.059267948027145724}, ""ev"": {""absolute"": -0.4814540250000068, ""relative"": -0.056318645671481135}, ""gap"": {""absolute"": -0.4814540250000059, ""relative"": -0.07112894130283415}, ""p50"": {""absolute"": -2.220446049250313e-16, ""relative"": -1.2474416007024232e-16}, ""p95"": {""absolute"": 0.0, ""relative"": 0.0}, ""std_dev"": {""absolute"": -11.190852355282402, ""relative"": -0.11224870313401038}, ""top1"": {""absolute"": -0.021465443333691936, ""relative"": -0.03352285256420151}, ""top10"": {""absolute"": -0.011914064814748992, ""relative"": -0.014885758992013458}, ""top5"": {""absolute"": -0.014268082881131905, ""relative"": -0.01875103417522417}, ""typical_capture"": {""absolute"": 0.012426368015327205, ""relative"": 0.05967972707435218}}",tier_b_paired,2026-08-23T17:56:15.369486+00:00
25bf50bf-bd10-40b0-bf34-df74cba05dc3,ev_representativeness_v1,price_shock:top1:-0.50,price_shock,"{""cards"": [{""cardName"": ""Umbreon ex"", ""cardNumber"": ""161/131"", ""rarityKey"": ""special illustration rare""}], ""depth"": 1, ""factor"": -0.5}",7.585841999999998,1.7799999999999998,10.1,77.95082886041291,10.275830799061321,5.805841999999998,0.23464765018833775,0.594667095623663,0.7305751675291944,0.7750261935326362,"{""cv"": {""absolute"": -1.3863350859348706, ""relative"": -0.11887458124038881}, ""ev"": {""absolute"": -0.9629080500000047, ""relative"": -0.11263729134296123}, ""gap"": {""absolute"": -0.9629080500000038, ""relative"": -0.14225788260566713}, ""p50"": {""absolute"": -2.220446049250313e-16, ""relative"": -1.2474416007024232e-16}, ""p95"": {""absolute"": 0.0, ""relative"": 0.0}, ""std_dev"": {""absolute"": -21.74611233205661, ""relative"": -0.21812216174290386}, ""top1"": {""absolute"": -0.04565560044112593, ""relative"": -0.07130092486446306}, ""top10"": {""absolute"": -0.025340440183599156, ""relative"": -0.03166104022345269}, ""top5"": {""absolute"": -0.030347283350042553, ""relative"": -0.039882228885449005}, ""typical_capture"": {""absolute"": 0.026430075737205044, ""relative"": 0.12693489397749186}}",tier_b_paired,2026-08-23T17:56:15.369486+00:00
25bf50bf-bd10-40b0-bf34-df74cba05dc3,ev_representativeness_v1,price_shock:top5:-0.10,price_shock,"{""cards"": [{""cardName"": ""Umbreon ex"", ""cardNumber"": ""161/131"", ""rarityKey"": ""special illustration rare""}, {""cardName"": ""Sylveon ex"", ""cardNumber"": ""156/131"", ""rarityKey"": ""special illustration rare""}, {""cardName"": ""Leafeon ex"", ""cardNumber"": ""144/131"", ""rarityKey"": ""special illustration rare""}, {""cardName"": ""Espeon ex"", ""cardNumber"": ""155/131"", ""rarityKey"": ""special illustration rare""}, {""cardName"": ""Vaporeon ex"", ""cardNumber"": ""149/131"", ""rarityKey"": ""special illustration rare""}], ""depth"": 5, ""factor"": -0.1}",8.160501654,1.7799999999999998,10.1,91.78991593445298,11.248072707571927,6.3805016540000015,0.218123845257418,0.6232104960737503,0.7495479693949708,0.790868769793892,"{""cv"": {""absolute"": -0.4140931774242649, ""relative"": -0.03550739901213471}, ""ev"": {""absolute"": -0.3882483960000016, ""relative"": -0.0454158085953164}, ""gap"": {""absolute"": -0.3882483960000007, ""relative"": -0.05735895004721006}, ""p50"": {""absolute"": -2.220446049250313e-16, ""relative"": -1.2474416007024232e-16}, ""p95"": {""absolute"": 0.0, ""relative"": 0.0}, ""std_dev"": {""absolute"": -7.907025258016546, ""relative"": -0.07931061037019853}, ""top1"": {""absolute"": -0.017112199991038635, ""relative"": -0.02672433773815069}, ""top10"": {""absolute"": -0.00949786392234342, ""relative"": -0.011866891399811681}, ""top5"": {""absolute"": -0.011374481484266119, ""relative"": -0.014948279514059599}, ""typical_capture"": {""absolute"": 0.009906270806285283, ""relative"": 0.04757653542165443}}",tier_b_paired,2026-08-23T17:56:15.369486+00:00
25bf50bf-bd10-40b0-bf34-df74cba05dc3,ev_representativeness_v1,price_shock:top5:-0.25,price_shock,"{""cards"": [{""cardName"": ""Umbreon ex"", ""cardNumber"": ""161/131"", ""rarityKey"": ""special illustration rare""}, {""cardName"": ""Sylveon ex"", ""cardNumber"": ""156/131"", ""rarityKey"": ""special illustration rare""}, {""cardName"": ""Leafeon ex"", ""cardNumber"": ""144/131"", ""rarityKey"": ""special illustration rare""}, {""cardName"": ""Espeon ex"", ""cardNumber"": ""155/131"", ""rarityKey"": ""special illustration rare""}, {""cardName"": ""Vaporeon ex"", ""cardNumber"": ""149/131"", ""rarityKey"": ""special illustration rare""}], ""depth"": 5, ""factor"": -0.25}",7.57812906,1.7799999999999998,10.1,79.99543735630184,10.556093294655744,5.798129060000001,0.2348864720971115,0.5942545520595819,0.7303009497703119,0.7747972175601877,"{""cv"": {""absolute"": -1.1060725903404478, ""relative"": -0.09484281061063032}, ""ev"": {""absolute"": -0.9706209900000022, ""relative"": -0.11353952148829079}, ""gap"": {""absolute"": -0.9706209900000013, ""relative"": -0.14339737511802508}, ""p50"": {""absolute"": -2.220446049250313e-16, ""relative"": -1.2474416007024232e-16}, ""p95"": {""absolute"": 0.0, ""relative"": 0.0}, ""std_dev"": {""absolute"": -19.70150383616769, ""relative"": -0.19761392476558565}, ""top1"": {""absolute"": -0.04606814400520709, ""relative"": -0.07194519933203466}, ""top10"": {""absolute"": -0.025569416156047686, ""relative"": -0.031947129076739036}, ""top5"": {""absolute"": -0.03062150110892503, ""relative"": -0.04024260431998326}, ""typical_capture"": {""absolute"": 0.026668897645978795, ""relative"": 0.12808187645196978}}",tier_b_paired,2026-08-23T17:56:15.369486+00:00
25bf50bf-bd10-40b0-bf34-df74cba05dc3,ev_representativeness_v1,price_shock:top5:-0.50,price_shock,"{""cards"": [{""cardName"": ""Umbreon ex"", ""cardNumber"": ""161/131"", ""rarityKey"": ""special illustration rare""}, {""cardName"": ""Sylveon ex"", ""cardNumber"": ""156/131"", ""rarityKey"": ""special illustration rare""}, {""cardName"": ""Leafeon ex"", ""cardNumber"": ""144/131"", ""rarityKey"": ""special illustration rare""}, {""cardName"": ""Espeon ex"", ""cardNumber"": ""155/131"", ""rarityKey"": ""special illustration rare""}, {""cardName"": ""Vaporeon ex"", ""cardNumber"": ""149/131"", ""rarityKey"": ""special illustration rare""}], ""depth"": 5, ""factor"": -0.5}",6.60750807,1.7799999999999998,10.1,60.62827800480634,9.175664617055299,4.82750807,0.2693905147209302,0.5346518933574302,0.6906830550416566,0.7417156767846369,"{""cv"": {""absolute"": -2.486501267940893, ""relative"": -0.2132109328971104}, ""ev"": {""absolute"": -1.9412419800000027, ""relative"": -0.22707904297658138}, ""gap"": {""absolute"": -1.9412419800000018, ""relative"": -0.28679475023605006}, ""p50"": {""absolute"": -2.220446049250313e-16, ""relative"": -1.2474416007024232e-16}, ""p95"": {""absolute"": 0.0, ""relative"": 0.0}, ""std_dev"": {""absolute"": -39.068663187663184, ""relative"": -0.3918742412792719}, ""top1"": {""absolute"": -0.10567080270735874, ""relative"": -0.16502742032537104}, ""top10"": {""absolute"": -0.0586509569315985, ""relative"": -0.07328011246454934}, ""top5"": {""absolute"": -0.07023939583758032, ""relative"": -0.09230821847406333}, ""typical_capture"": {""absolute"": 0.06117294026979747, ""relative"": 0.29379335741015633}}",tier_b_paired,2026-08-23T17:56:15.369486+00:00
25bf50bf-bd10-40b0-bf34-df74cba05dc3,ev_representativeness_v1,rarity_ablation:common,rarity_ablation,"{""rarityKey"": ""common""}",7.831433079999999,1.16,8.14,99.33471041304284,12.684103841316723,6.671433079999999,0.14812103840386773,0.6970891718326475,0.8234853064721586,0.8588415723268876,"{""cv"": {""absolute"": 1.0219379563205315, ""relative"": 0.08762848740089459}, ""ev"": {""absolute"": -0.7173169700000033, ""relative"": -0.0839089885427172}, ""gap"": {""absolute"": -0.09731697000000317, ""relative"": -0.014377391583546971}, ""p50"": {""absolute"": -0.6200000000000001, ""relative"": -0.3483146067415731}, ""p95"": {""absolute"": -1.959999999999999, ""relative"": -0.19405940594059398}, ""std_dev"": {""absolute"": -0.3622307794266817, ""relative"": -0.003633318887160024}, ""top1"": {""absolute"": 0.05676647576785854, ""relative"": 0.088652918468651}, ""top10"": {""absolute"": 0.05847493861065223, ""relative"": 0.07306019035194329}, ""top5"": {""absolute"": 0.06256285559292163, ""relative"": 0.08221975251305963}, ""typical_capture"": {""absolute"": -0.060096536047264976, ""relative"": -0.288623744684766}}",tier_b_paired,2026-08-23T17:56:15.369486+00:00
25bf50bf-bd10-40b0-bf34-df74cba05dc3,ev_representativeness_v1,rarity_ablation:double rare,rarity_ablation,"{""rarityKey"": ""double rare""}",8.14426608,1.64,7.97,99.70125042645031,12.241895027384754,6.50426608,0.20136866648148607,0.6717116823373727,0.7954719819271916,0.820434245930236,"{""cv"": {""absolute"": 0.5797291423885618, ""relative"": 0.04971024663046551}, ""ev"": {""absolute"": -0.4044839700000029, ""relative"": -0.04731498378526142}, ""gap"": {""absolute"": -0.26448397000000234, ""relative"": -0.03907427044081828}, ""p50"": {""absolute"": -0.14000000000000012, ""relative"": -0.0786516853932585}, ""p95"": {""absolute"": -2.13, ""relative"": -0.21089108910891088}, ""std_dev"": {""absolute"": 0.004309233980791305, ""relative"": 4.3223331922211446e-05}, ""top1"": {""absolute"": 0.031388986272583685, ""relative"": 0.049020574259650625}, ""top10"": {""absolute"": 0.020067612214000552, ""relative"": 0.0250730244973148}, ""top5"": {""absolute"": 0.03454953104795466, ""relative"": 0.045404799146132546}, ""typical_capture"": {""absolute"": -0.006848907969646628, ""relative"": -0.03289303502694496}}",tier_b_paired,2026-08-23T17:56:15.369486+00:00
25bf50bf-bd10-40b0-bf34-df74cba05dc3,ev_representativeness_v1,rarity_ablation:hyper rare,rarity_ablation,"{""rarityKey"": ""hyper rare""}",8.447036370000001,1.77,9.5,99.68235807246633,11.800867630509126,6.6770363700000015,0.20954094696291686,0.6480330426232082,0.7628704894519116,0.8002017848539226,"{""cv"": {""absolute"": 0.13870174551293424, ""relative"": 0.011893309260107435}, ""ev"": {""absolute"": -0.10171368000000136, ""relative"": -0.011898076257358973}, ""gap"": {""absolute"": -0.09171368000000069, ""relative"": -0.01354957404580195}, ""p50"": {""absolute"": -0.010000000000000009, ""relative"": -0.005617977528089893}, ""p95"": {""absolute"": -0.5999999999999996, ""relative"": -0.059405940594059375}, ""std_dev"": {""absolute"": -0.01458312000319495, ""relative"": -0.0001462744977806447}, ""top1"": {""absolute"": 0.007710346558419179, ""relative"": 0.01204134509959496}, ""top10"": {""absolute"": -0.00016484886231282747, ""relative"": -0.00020596668497711702}, ""top5"": {""absolute"": 0.0019480385726746707, ""relative"": 0.002560101322314429}, ""typical_capture"": {""absolute"": 0.00132337251178416, ""relative"": 0.00635571956532779}}",tier_b_paired,2026-08-23T17:56:15.369486+00:00
25bf50bf-bd10-40b0-bf34-df74cba05dc3,ev_representativeness_v1,rarity_ablation:rare,rarity_ablation,"{""rarityKey"": ""rare""}",7.834975300000001,1.3399999999999999,7.03,99.67410224440745,12.721686850041179,6.494975300000001,0.1710279801392609,0.6982985945086515,0.8001051554048934,0.8339736259283421,"{""cv"": {""absolute"": 1.059520965044987, ""relative"": 0.09085113138444549}, ""ev"": {""absolute"": -0.7137747500000016, ""relative"": -0.08349463323003593}, ""gap"": {""absolute"": -0.2737747500000012, ""relative"": -0.04044686950731784}, ""p50"": {""absolute"": -0.44000000000000017, ""relative"": -0.24719101123595516}, ""p95"": {""absolute"": -3.0699999999999994, ""relative"": -0.3039603960396039}, ""std_dev"": {""absolute"": -0.022838948062073428, ""relative"": -0.0002290837390686018}, ""top1"": {""absolute"": 0.05797589844386253, ""relative"": 0.09054168905797527}, ""top10"": {""absolute"": 0.03360699221210672, ""relative"": 0.041989496808561184}, ""top5"": {""absolute"": 0.03918270452565642, ""relative"": 0.05149368963996432}, ""typical_capture"": {""absolute"": -0.0371895943118718, ""relative"": -0.17860929563656958}}",tier_b_paired,2026-08-23T17:56:15.369486+00:00
25bf50bf-bd10-40b0-bf34-df74cba05dc3,ev_representativeness_v1,rarity_ablation:special illustration rare,rarity_ablation,"{""rarityKey"": ""special illustration rare""}",2.6391494399999997,1.7599999999999998,6.63,4.227002248538281,1.6016532389080178,0.87914944,0.6668815237685063,0.13853983956285548,0.28071472148238785,0.3784488232693636,"{""cv"": {""absolute"": -10.060512646088174, ""relative"": -0.8626624544100677}, ""ev"": {""absolute"": -5.909600610000003, ""relative"": -0.6912824185332218}, ""gap"": {""absolute"": -5.889600610000002, ""relative"": -0.8701164271828888}, ""p50"": {""absolute"": -0.02000000000000024, ""relative"": -0.01123595505617991}, ""p95"": {""absolute"": -3.4699999999999998, ""relative"": -0.34356435643564354}, ""std_dev"": {""absolute"": -95.46993894393124, ""relative"": -0.9576014850808927}, ""top1"": {""absolute"": -0.5017828565019335, ""relative"": -0.7836405918230365}, ""top10"": {""absolute"": -0.4219178104468718, ""relative"": -0.5271556717548772}, ""top5"": {""absolute"": -0.4802077293968491, ""relative"": -0.6310862938029687}, ""typical_capture"": {""absolute"": 0.4586639493173736, ""relative"": 2.2028109323933123}}",tier_b_paired,2026-08-23T17:56:15.369486+00:00
25bf50bf-bd10-40b0-bf34-df74cba05dc3,ev_representativeness_v1,rarity_ablation:ultra rare,rarity_ablation,"{""rarityKey"": ""ultra rare""}",8.500250059999999,1.72,10.08,99.70000645645048,11.72906746892226,6.780250059999999,0.20234698836612816,0.6439761938015269,0.7651615651410615,0.8047584214246047,"{""cv"": {""absolute"": 0.06690158392606804, ""relative"": 0.005736634565637538}, ""ev"": {""absolute"": -0.04849999000000338, ""relative"": -0.005673342853204998}, ""gap"": {""absolute"": 0.011500009999997118, ""relative"": 0.0016989857676894295}, ""p50"": {""absolute"": -0.06000000000000005, ""relative"": -0.03370786516853935}, ""p95"": {""absolute"": -0.019999999999999574, ""relative"": -0.001980198019801938}, ""std_dev"": {""absolute"": 0.003065263980957411, ""relative"": 3.074581771811613e-05}, ""top1"": {""absolute"": 0.003653497736737954, ""relative"": 0.005705713321097534}, ""top10"": {""absolute"": 0.0043917877083693435, ""relative"": 0.005487219885688566}, ""top5"": {""absolute"": 0.00423911426182455, ""relative"": 0.005571020091372391}, ""typical_capture"": {""absolute"": -0.005870586085004542, ""relative"": -0.028194479262759496}}",tier_b_paired,2026-08-23T17:56:15.369486+00:00
25bf50bf-bd10-40b0-bf34-df74cba05dc3,ev_representativeness_v1,rarity_ablation:uncommon,rarity_ablation,"{""rarityKey"": ""uncommon""}",7.9304828300000025,1.2,9.05,99.71326846483258,12.573417104899343,6.730482830000002,0.1513148727162681,0.6896611501774098,0.8163062122158331,0.8531222177805284,"{""cv"": {""absolute"": 0.9112512199031517, ""relative"": 0.07813739136359826}, ""ev"": {""absolute"": -0.6182672199999999, ""relative"": -0.07232252860171058}, ""gap"": {""absolute"": -0.038267219999999824, ""relative"": -0.005653513531645301}, ""p50"": {""absolute"": -0.5800000000000001, ""relative"": -0.3258426966292135}, ""p95"": {""absolute"": -1.049999999999999, ""relative"": -0.10396039603960386}, ""std_dev"": {""absolute"": 0.016327272363056977, ""relative"": 0.00016376904013069396}, ""top1"": {""absolute"": 0.04933845411262083, ""relative"": 0.07705248371772329}, ""top10"": {""absolute"": 0.05275558406429304, ""relative"": 0.06591427208720595}, ""top5"": {""absolute"": 0.05538376133659617, ""relative"": 0.07278502726868012}, ""typical_capture"": {""absolute"": -0.056902701734864614, ""relative"": -0.2732848170230669}}",tier_b_paired,2026-08-23T17:56:15.369486+00:00
25bf50bf-bd10-40b0-bf34-df74cba05dc3,ev_representativeness_v1,top_card_ablation:1,top_card_ablation,"{""cards"": [{""cardName"": ""Umbreon ex"", ""cardNumber"": ""161/131"", ""evShare"": 0.2252745826859214, ""priceUsed"": 1452.35, ""rarityKey"": ""special illustration rare""}], ""depth"": 1}",6.622933949999998,1.7799999999999998,10.01,60.081681730025146,9.071762180268333,4.842933949999999,0.2687630608183855,0.5444514813559329,0.6922411071304736,0.7426448092540618,"{""cv"": {""absolute"": -2.5904037047278585, ""relative"": -0.2221202931147214}, ""ev"": {""absolute"": -1.925816100000004, ""relative"": -0.22527458268592185}, ""gap"": {""absolute"": -1.9258161000000031, ""relative"": -0.2845157652113336}, ""p50"": {""absolute"": -2.220446049250313e-16, ""relative"": -1.2474416007024232e-16}, ""p95"": {""absolute"": -0.08999999999999986, ""relative"": -0.008910891089108898}, ""std_dev"": {""absolute"": -39.61525946244438, ""relative"": -0.3973568194631498}, ""top1"": {""absolute"": -0.09587121470885607, ""relative"": -0.14972328061780218}, ""top10"": {""absolute"": -0.057721824462173554, ""relative"": -0.07211922890158667}, ""top5"": {""absolute"": -0.06868134374876333, ""relative"": -0.09026063519272279}, ""typical_capture"": {""absolute"": 0.06054548636725282, ""relative"": 0.29077990427490286}}",tier_b_paired,2026-08-23T17:56:15.369486+00:00
25bf50bf-bd10-40b0-bf34-df74cba05dc3,ev_representativeness_v1,top_card_ablation:10,top_card_ablation,"{""cards"": [{""cardName"": ""Umbreon ex"", ""cardNumber"": ""161/131"", ""evShare"": 0.2252745826859214, ""priceUsed"": 1452.35, ""rarityKey"": ""special illustration rare""}, {""cardName"": ""Sylveon ex"", ""cardNumber"": ""156/131"", ""evShare"": 0.07980268179673823, ""priceUsed"": 517.22, ""rarityKey"": ""special illustration rare""}, {""cardName"": ""Leafeon ex"", ""cardNumber"": ""144/131"", ""evShare"": 0.052100217855825595, ""priceUsed"": 337.93, ""rarityKey"": ""special illustration rare""}, {""cardName"": ""Espeon ex"", ""cardNumber"": ""155/131"", ""evShare"": 0.04901859775394884, ""priceUsed"": 318.91, ""rarityKey"": ""special illustration rare""}, {""cardName"": ""Vaporeon ex"", ""cardNumber"": ""149/131"", ""evShare"": 0.04796200586072814, ""priceUsed"": 295.4, ""rarityKey"": ""special illustration rare""}, {""cardName"": ""Glaceon ex"", ""cardNumber"": ""150/131"", ""evShare"": 0.043435893882521455, ""priceUsed"": 279.4, ""rarityKey"": ""special illustration rare""}, {""cardName"": ""Flareon ex"", ""cardNumber"": ""146/131"", ""evShare"": 0.03468647442791944, ""priceUsed"": 219.0, ""rarityKey"": ""special illustration rare""}, {""cardName"": ""Jolteon ex"", ""cardNumber"": ""153/131"", ""evShare"": 0.03050186617633065, ""priceUsed"": 197.99, ""rarityKey"": ""special illustration rare""}, {""cardName"": ""Eevee ex"", ""cardNumber"": ""167/131"", ""evShare"": 0.029732609856805908, ""priceUsed"": 186.21, ""rarityKey"": ""special illustration rare""}, {""cardName"": ""Roaring Moon ex"", ""cardNumber"": ""162/131"", ""evShare"": 0.016576734513369, ""priceUsed"": 169.51, ""rarityKey"": ""special illustration rare""}], ""depth"": 10}",3.341777650000001,1.77,8.1704999999993,7.837387645782266,2.345275020252249,1.571777650000001,0.52965821948088,0.2000256450335647,0.4037945881887145,0.4956452862745072,"{""cv"": {""absolute"": -9.316890864743943, ""relative"": -0.7988988457736198}, ""ev"": {""absolute"": -5.2069724000000015, ""relative"": -0.6090916648101087}, ""gap"": {""absolute"": -5.196972400000002, ""relative"": -0.7677890838944481}, ""p50"": {""absolute"": -0.010000000000000009, ""relative"": -0.005617977528089893}, ""p95"": {""absolute"": -1.929500000000699, ""relative"": -0.19103960396046527}, ""std_dev"": {""absolute"": -91.85955354668725, ""relative"": -0.9213878825966001}, ""top1"": {""absolute"": -0.4402970510312243, ""relative"": -0.6876174368597958}, ""top10"": {""absolute"": -0.3047213474417282, ""relative"": -0.38072720001689264}, ""top5"": {""absolute"": -0.35712786269052244, ""relative"": -0.46933542607116585}, ""typical_capture"": {""absolute"": 0.3214406450297473, ""relative"": 1.5437728821742052}}",tier_b_paired,2026-08-23T17:56:15.369486+00:00
25bf50bf-bd10-40b0-bf34-df74cba05dc3,ev_representativeness_v1,top_card_ablation:5,top_card_ablation,"{""cards"": [{""cardName"": ""Umbreon ex"", ""cardNumber"": ""161/131"", ""evShare"": 0.2252745826859214, ""priceUsed"": 1452.35, ""rarityKey"": ""special illustration rare""}, {""cardName"": ""Sylveon ex"", ""cardNumber"": ""156/131"", ""evShare"": 0.07980268179673823, ""priceUsed"": 517.22, ""rarityKey"": ""special illustration rare""}, {""cardName"": ""Leafeon ex"", ""cardNumber"": ""144/131"", ""evShare"": 0.052100217855825595, ""priceUsed"": 337.93, ""rarityKey"": ""special illustration rare""}, {""cardName"": ""Espeon ex"", ""cardNumber"": ""155/131"", ""evShare"": 0.04901859775394884, ""priceUsed"": 318.91, ""rarityKey"": ""special illustration rare""}, {""cardName"": ""Vaporeon ex"", ""cardNumber"": ""149/131"", ""evShare"": 0.04796200586072814, ""priceUsed"": 295.4, ""rarityKey"": ""special illustration rare""}], ""depth"": 5}",4.666266090000001,1.7700000000000002,9.28,26.057797868672942,5.584293172760951,2.89626609,0.37931827415354274,0.39281887801644844,0.5678511445539961,0.6365900170943746,"{""cv"": {""absolute"": -6.077872712235241, ""relative"": -0.5211615725732944}, ""ev"": {""absolute"": -3.882483960000002, ""relative"": -0.4541580859531623}, ""gap"": {""absolute"": -3.872483960000002, ""relative"": -0.5721121228283501}, ""p50"": {""absolute"": -0.009999999999999787, ""relative"": -0.005617977528089768}, ""p95"": {""absolute"": -0.8200000000000003, ""relative"": -0.08118811881188122}, ""std_dev"": {""absolute"": -73.63914332379659, ""relative"": -0.7386299162542294}, ""top1"": {""absolute"": -0.24750381804834054, ""relative"": -0.3865298224932787}, ""top10"": {""absolute"": -0.16377661662186083, ""relative"": -0.2046269918342532}, ""top5"": {""absolute"": -0.19307130632524083, ""relative"": -0.2537332235395988}, ""typical_capture"": {""absolute"": 0.17110069970241004, ""relative"": 0.821739952323603}}",tier_b_paired,2026-08-23T17:56:15.369486+00:00
25bf50bf-bd10-40b0-bf34-df74cba05dc3,ev_representativeness_v1,winsorize_top:0.0100,winsorization,"{""quantile"": 0.01}",4.11669137,1.78,10.1,11.709788371907818,2.8444659362229086,2.3366913699999996,0.43238606930108536,0.2530915986543826,0.5035298917732568,0.5854399573315597,"{""cv"": {""absolute"": -8.817699948773283, ""relative"": -0.7560945398759574}, ""ev"": {""absolute"": -4.432058680000003, ""relative"": -0.5184452293116233}, ""gap"": {""absolute"": -4.432058680000003, ""relative"": -0.6547824409619027}, ""p50"": {""absolute"": 0.0, ""relative"": 0.0}, ""p95"": {""absolute"": 0.0, ""relative"": 0.0}, ""std_dev"": {""absolute"": -87.9871528205617, ""relative"": -0.8825461620803237}, ""top1"": {""absolute"": -0.3872310974104064, ""relative"": -0.6047436703246666}, ""top10"": {""absolute"": -0.21492667638467566, ""relative"": -0.26853527787226134}, ""top5"": {""absolute"": -0.25739255910598013, ""relative"": -0.3382638517349121}, ""typical_capture"": {""absolute"": 0.22416849484995266, ""relative"": 1.076606984020763}}",tier_b_paired,2026-08-23T17:56:15.369486+00:00
a1c0ed85-ff61-4dfb-9969-3cc315f561fd,ev_representativeness_v1,price_shock:top1:-0.10,price_shock,"{""cards"": [{""cardName"": ""Mega Charizard X ex"", ""cardNumber"": ""125/094"", ""rarityKey"": ""special illustration rare""}], ""depth"": 1, ""factor"": -0.1}",4.4360118150000005,1.54,7.470000000000001,31.87543876814836,7.185607274616412,2.8960118150000005,0.34715867861140937,0.4437721194392265,0.576070930730828,0.6445168124512761,"{""cv"": {""absolute"": -0.4433444145489487, ""relative"": -0.05811341225015051}, ""ev"": {""absolute"": -0.17242928499999888, ""relative"": -0.037415968059133685}, ""gap"": {""absolute"": -0.17242928499999888, ""relative"": -0.05619442556678012}, ""p50"": {""absolute"": 0.0, ""relative"": 0.0}, ""p95"": {""absolute"": 0.0, ""relative"": 0.0}, ""std_dev"": {""absolute"": -3.28213574611571, ""relative"": -0.09335501073272524}, ""top1"": {""absolute"": -0.020811804612661577, ""relative"": -0.04479665252114312}, ""top10"": {""absolute"": -0.013300747590882178, ""relative"": -0.020219508263096167}, ""top5"": {""absolute"": -0.0158617165151137, ""relative"": -0.026796488737211556}, ""typical_capture"": {""absolute"": 0.012989278030375528, ""relative"": 0.03887033943799326}}",tier_b_paired,2026-08-23T16:59:50.702641+00:00
a1c0ed85-ff61-4dfb-9969-3cc315f561fd,ev_representativeness_v1,price_shock:top1:-0.25,price_shock,"{""cards"": [{""cardName"": ""Mega Charizard X ex"", ""cardNumber"": ""125/094"", ""rarityKey"": ""special illustration rare""}], ""depth"": 1, ""factor"": -0.25}",4.1773678875,1.54,7.470000000000001,27.010232976321262,6.465849717747959,2.6373678875,0.368653190591177,0.40933297797799,0.549823139679124,0.6225068841270447,"{""cv"": {""absolute"": -1.1631019714174018, ""relative"": -0.15245895095511477}, ""ev"": {""absolute"": -0.4310732124999994, ""relative"": -0.09353992014783469}, ""gap"": {""absolute"": -0.4310732124999994, ""relative"": -0.140486063916951}, ""p50"": {""absolute"": 0.0, ""relative"": 0.0}, ""p95"": {""absolute"": 0.0, ""relative"": 0.0}, ""std_dev"": {""absolute"": -8.147341537942808, ""relative"": -0.23173787300478543}, ""top1"": {""absolute"": -0.05525094607389808, ""relative"": -0.11892565199420731}, ""top10"": {""absolute"": -0.03531067591511361, ""relative"": -0.053678524350810296}, ""top5"": {""absolute"": -0.04210950756681775, ""relative"": -0.07113901853992807}, ""typical_capture"": {""absolute"": 0.03448379001014318, ""relative"": 0.10319254231591768}}",tier_b_paired,2026-08-23T16:59:50.702641+00:00
a1c0ed85-ff61-4dfb-9969-3cc315f561fd,ev_representativeness_v1,price_shock:top1:-0.50,price_shock,"{""cards"": [{""cardName"": ""Mega Charizard X ex"", ""cardNumber"": ""125/094"", ""rarityKey"": ""special illustration rare""}], ""depth"": 1, ""factor"": -0.5}",3.746294675,1.54,7.470000000000001,19.18691914756357,5.121572330015276,2.206294675,0.41107284226113366,0.34136696014175666,0.49802284039495637,0.5790700527315032,"{""cv"": {""absolute"": -2.507379359150085, ""relative"": -0.32866630453448353}, ""ev"": {""absolute"": -0.8621464249999993, ""relative"": -0.1870798402956695}, ""gap"": {""absolute"": -0.8621464249999993, ""relative"": -0.2809721278339022}, ""p50"": {""absolute"": 0.0, ""relative"": 0.0}, ""p95"": {""absolute"": 0.0, ""relative"": 0.0}, ""std_dev"": {""absolute"": -15.970655366700498, ""relative"": -0.45425930506727397}, ""top1"": {""absolute"": -0.12321696391013143, ""relative"": -0.26522003352050916}, ""top10"": {""absolute"": -0.07874750731065505, ""relative"": -0.11971025417078904}, ""top5"": {""absolute"": -0.09390980685098538, ""relative"": -0.15864948028785925}, ""typical_capture"": {""absolute"": 0.07690344168009983, ""relative"": 0.23013310478573054}}",tier_b_paired,2026-08-23T16:59:50.702641+00:00
a1c0ed85-ff61-4dfb-9969-3cc315f561fd,ev_representativeness_v1,price_shock:top5:-0.10,price_shock,"{""cards"": [{""cardName"": ""Mega Charizard X ex"", ""cardNumber"": ""125/094"", ""rarityKey"": ""special illustration rare""}, {""cardName"": ""Mega Charizard X ex"", ""cardNumber"": ""130/094"", ""rarityKey"": ""mega hyper rare""}, {""cardName"": ""Meowth"", ""cardNumber"": ""106/094"", ""rarityKey"": ""illustration rare""}, {""cardName"": ""Mega Charizard X ex"", ""cardNumber"": ""109/094"", ""rarityKey"": ""ultra rare""}, {""cardName"": ""Piplup"", ""cardNumber"": ""098/094"", ""rarityKey"": ""illustration rare""}], ""depth"": 5, ""factor"": -0.1}",4.371130567,1.54,7.470000000000001,31.65158264409123,7.241051750557611,2.8311305669999998,0.3523115991149482,0.44195961808706136,0.5697784975362418,0.6392403302008253,"{""cv"": {""absolute"": -0.38789993860774974, ""relative"": -0.05084577205524126}, ""ev"": {""absolute"": -0.2373105329999996, ""relative"": -0.051494752314399685}, ""gap"": {""absolute"": -0.2373105329999996, ""relative"": -0.07733911952880557}, ""p50"": {""absolute"": 0.0, ""relative"": 0.0}, ""p95"": {""absolute"": 0.0, ""relative"": 0.0}, ""std_dev"": {""absolute"": -3.5059918701728385, ""relative"": -0.0997222339314219}, ""top1"": {""absolute"": -0.02262430596482673, ""relative"": -0.048697995762547915}, ""top10"": {""absolute"": -0.01857722984133303, ""relative"": -0.028240702239907448}, ""top5"": {""absolute"": -0.022154149709699977, ""relative"": -0.03742680829107093}, ""typical_capture"": {""absolute"": 0.018142198533914355, ""relative"": 0.054290424264967954}}",tier_b_paired,2026-08-23T16:59:50.702641+00:00
a1c0ed85-ff61-4dfb-9969-3cc315f561fd,ev_representativeness_v1,price_shock:top5:-0.25,price_shock,"{""cards"": [{""cardName"": ""Mega Charizard X ex"", ""cardNumber"": ""125/094"", ""rarityKey"": ""special illustration rare""}, {""cardName"": ""Mega Charizard X ex"", ""cardNumber"": ""130/094"", ""rarityKey"": ""mega hyper rare""}, {""cardName"": ""Meowth"", ""cardNumber"": ""106/094"", ""rarityKey"": ""illustration rare""}, {""cardName"": ""Mega Charizard X ex"", ""cardNumber"": ""109/094"", ""rarityKey"": ""ultra rare""}, {""cardName"": ""Piplup"", ""cardNumber"": ""098/094"", ""rarityKey"": ""illustration rare""}], ""depth"": 5, ""factor"": -0.25}",4.0151647675,1.54,7.470000000000001,26.3966852783933,6.5742470874561185,2.4751647675,0.38354590388549975,0.4039421366037378,0.5316370637584301,0.6072570588474611,"{""cv"": {""absolute"": -1.0547046017092425, ""relative"": -0.13825026618101857}, ""ev"": {""absolute"": -0.5932763324999994, ""relative"": -0.12873688078599932}, ""gap"": {""absolute"": -0.5932763324999994, ""relative"": -0.19334779882201408}, ""p50"": {""absolute"": 0.0, ""relative"": 0.0}, ""p95"": {""absolute"": 0.0, ""relative"": 0.0}, ""std_dev"": {""absolute"": -8.76088923587077, ""relative"": -0.2491892389310394}, ""top1"": {""absolute"": -0.0606417874481503, ""relative"": -0.13052924199197513}, ""top10"": {""absolute"": -0.05056050119469724, ""relative"": -0.07686097828014338}, ""top5"": {""absolute"": -0.06029558348751163, ""relative"": -0.10186223680691742}, ""typical_capture"": {""absolute"": 0.04937650330446591, ""relative"": 0.14775890078090032}}",tier_b_paired,2026-08-23T16:59:50.702641+00:00
a1c0ed85-ff61-4dfb-9969-3cc315f561fd,ev_representativeness_v1,price_shock:top5:-0.50,price_shock,"{""cards"": [{""cardName"": ""Mega Charizard X ex"", ""cardNumber"": ""125/094"", ""rarityKey"": ""special illustration rare""}, {""cardName"": ""Mega Charizard X ex"", ""cardNumber"": ""130/094"", ""rarityKey"": ""mega hyper rare""}, {""cardName"": ""Meowth"", ""cardNumber"": ""106/094"", ""rarityKey"": ""illustration rare""}, {""cardName"": ""Mega Charizard X ex"", ""cardNumber"": ""109/094"", ""rarityKey"": ""ultra rare""}, {""cardName"": ""Piplup"", ""cardNumber"": ""098/094"", ""rarityKey"": ""illustration rare""}], ""depth"": 5, ""factor"": -0.5}",3.4218884349999996,1.54,7.470000000000001,17.66025057205838,5.16096620550938,1.8818884349999996,0.4500438951335946,0.329462558880883,0.4504337602695689,0.5391645139944489,"{""cv"": {""absolute"": -2.4679854836559807, ""relative"": -0.3235025707609362}, ""ev"": {""absolute"": -1.1865526649999998, ""relative"": -0.2574737615719988}, ""gap"": {""absolute"": -1.1865526649999998, ""relative"": -0.38669559764402844}, ""p50"": {""absolute"": 0.0, ""relative"": 0.0}, ""p95"": {""absolute"": 0.0, ""relative"": 0.0}, ""std_dev"": {""absolute"": -17.49732394220569, ""relative"": -0.497682908560905}, ""top1"": {""absolute"": -0.1351213651710051, ""relative"": -0.2908438242816033}, ""top10"": {""absolute"": -0.11865304604770943, ""relative"": -0.18037378941374746}, ""top5"": {""absolute"": -0.14149888697637286, ""relative"": -0.23904558674828688}, ""typical_capture"": {""absolute"": 0.11587449455256077, ""relative"": 0.34675375528425134}}",tier_b_paired,2026-08-23T16:59:50.702641+00:00
a1c0ed85-ff61-4dfb-9969-3cc315f561fd,ev_representativeness_v1,rarity_ablation:common,rarity_ablation,"{""rarityKey"": ""common""}",3.94984337,0.9,6.91,35.165643478917985,8.903047585635779,3.04984337,0.2278571365223528,0.5405156129013795,0.6834491313006166,0.7528813781798137,"{""cv"": {""absolute"": 1.2740958964704179, ""relative"": 0.16700799118703152}, ""ev"": {""absolute"": -0.6585977299999994, ""relative"": -0.14291117445333076}, ""gap"": {""absolute"": -0.018597729999999313, ""relative"": -0.006060970177983641}, ""p50"": {""absolute"": -0.64, ""relative"": -0.41558441558441556}, ""p95"": {""absolute"": -0.5600000000000005, ""relative"": -0.07496653279785816}, ""std_dev"": {""absolute"": 0.0080689646539156, ""relative"": 0.0002295085700704943}, ""top1"": {""absolute"": 0.07593168884949142, ""relative"": 0.16344019867766846}, ""top10"": {""absolute"": 0.09506381813765541, ""relative"": 0.1445139563187747}, ""top5"": {""absolute"": 0.09151648405467483, ""relative"": 0.1546062452890028}, ""typical_capture"": {""absolute"": -0.10631226405868105, ""relative"": -0.31813883579355745}}",tier_b_paired,2026-08-23T16:59:50.702641+00:00
a1c0ed85-ff61-4dfb-9969-3cc315f561fd,ev_representativeness_v1,rarity_ablation:double rare,rarity_ablation,"{""rarityKey"": ""double rare""}",4.37289475,1.42,7.34,35.154549077471074,8.039193963557222,2.9528947500000005,0.3247276875346702,0.48926285042648243,0.6208560885212249,0.6855355048277801,"{""cv"": {""absolute"": 0.41024227439186145, ""relative"": 0.05377439668080316}, ""ev"": {""absolute"": -0.23554634999999902, ""relative"": -0.051111936745811735}, ""gap"": {""absolute"": -0.11554634999999891, ""relative"": -0.03765636889689652}, ""p50"": {""absolute"": -0.1200000000000001, ""relative"": -0.07792207792207799}, ""p95"": {""absolute"": -0.13000000000000078, ""relative"": -0.01740294511378859}, ""std_dev"": {""absolute"": -0.003025436792995606, ""relative"": -8.605362670192539e-05}, ""top1"": {""absolute"": 0.024678926374594345, ""relative"": 0.053120491469778076}, ""top10"": {""absolute"": 0.02771794478562184, ""relative"": 0.042136219020734944}, ""top5"": {""absolute"": 0.028923441275283124, ""relative"": 0.04886272350385455}, ""typical_capture"": {""absolute"": -0.009441713046363653, ""relative"": -0.028254271725499}}",tier_b_paired,2026-08-23T16:59:50.702641+00:00
a1c0ed85-ff61-4dfb-9969-3cc315f561fd,ev_representativeness_v1,rarity_ablation:illustration rare,rarity_ablation,"{""rarityKey"": ""illustration rare""}",3.961033,1.47,3.75,35.11441973524425,8.864965208632254,2.491033,0.37111531259648683,0.5396547011852716,0.6216291305828554,0.6614081452994711,"{""cv"": {""absolute"": 1.2360135194668933, ""relative"": 0.1620161681220606}, ""ev"": {""absolute"": -0.6474080999999994, ""relative"": -0.14048310175864012}, ""gap"": {""absolute"": -0.5774080999999995, ""relative"": -0.188176367472069}, ""p50"": {""absolute"": -0.07000000000000006, ""relative"": -0.04545454545454549}, ""p95"": {""absolute"": -3.7200000000000006, ""relative"": -0.497991967871486}, ""std_dev"": {""absolute"": -0.04315477901982234, ""relative"": -0.0012274674694158342}, ""top1"": {""absolute"": 0.0750707771333835, ""relative"": 0.16158711751937216}, ""top10"": {""absolute"": 0.003590585257312817, ""relative"": 0.0054583299008963875}, ""top5"": {""absolute"": 0.02969648333691366, ""relative"": 0.05016868637856206}, ""typical_capture"": {""absolute"": 0.036945912015453, ""relative"": 0.11056042818766065}}",tier_b_paired,2026-08-23T16:59:50.702641+00:00
a1c0ed85-ff61-4dfb-9969-3cc315f561fd,ev_representativeness_v1,rarity_ablation:mega hyper rare,rarity_ablation,"{""rarityKey"": ""mega hyper rare""}",4.372722769999999,1.54,7.449999999999999,34.189840872443725,7.8188905793457675,2.8327227699999993,0.35218331483658183,0.43972959438267795,0.571101089950873,0.640148524668533,"{""cv"": {""absolute"": 0.18993889018040644, ""relative"": 0.024897115346812024}, ""ev"": {""absolute"": -0.2357183300000001, ""relative"": -0.05114925522211841}, ""gap"": {""absolute"": -0.2357183300000001, ""relative"": -0.07682022314197269}, ""p50"": {""absolute"": 0.0, ""relative"": 0.0}, ""p95"": {""absolute"": -0.02000000000000135, ""relative"": -0.0026773761713522553}, ""std_dev"": {""absolute"": -0.9677336418203453, ""relative"": -0.02752560878247497}, ""top1"": {""absolute"": -0.02485432966921014, ""relative"": -0.053498040682170116}, ""top10"": {""absolute"": -0.017669035373625297, ""relative"": -0.02686008469049218}, ""top5"": {""absolute"": -0.020831557295068692, ""relative"": -0.03519244527564198}, ""typical_capture"": {""absolute"": 0.01801391425554799, ""relative"": 0.053906534303339776}}",tier_b_paired,2026-08-23T16:59:50.702641+00:00
a1c0ed85-ff61-4dfb-9969-3cc315f561fd,ev_representativeness_v1,rarity_ablation:rare,rarity_ablation,"{""rarityKey"": ""rare""}",4.4239396,1.32,7.29,35.16064167102403,7.947812323437696,3.1039395999999995,0.2983765872391206,0.483701940686532,0.6150588900445204,0.6822601059019883,"{""cv"": {""absolute"": 0.318860634272335, ""relative"": 0.04179612707800745}, ""ev"": {""absolute"": -0.18450149999999965, ""relative"": -0.04003555562422175}, ""gap"": {""absolute"": 0.0354985000000001, ""relative"": 0.011568903831981689}, ""p50"": {""absolute"": -0.21999999999999997, ""relative"": -0.14285714285714285}, ""p95"": {""absolute"": -0.1800000000000006, ""relative"": -0.024096385542168752}, ""std_dev"": {""absolute"": 0.003067156759961165, ""relative"": 8.72402832771289e-05}, ""top1"": {""absolute"": 0.01911801663464391, ""relative"": 0.04115083550008646}, ""top10"": {""absolute"": 0.024442545859829967, ""relative"": 0.037157028550991386}, ""top5"": {""absolute"": 0.023126242798578667, ""relative"": 0.039069044267413006}, ""typical_capture"": {""absolute"": -0.035792813341913254, ""relative"": -0.10710978707110479}}",tier_b_paired,2026-08-23T16:59:50.702641+00:00
a1c0ed85-ff61-4dfb-9969-3cc315f561fd,ev_representativeness_v1,rarity_ablation:special illustration rare,rarity_ablation,"{""rarityKey"": ""special illustration rare""}",2.69984317,1.53,6.41,8.811028576749955,3.263533480261357,1.1698431699999998,0.5666995835169196,0.1711497857114419,0.32965725190622835,0.43374281995794595,"{""cv"": {""absolute"": -4.3654182089040034, ""relative"": -0.5722173093721082}, ""ev"": {""absolute"": -1.9085979299999996, ""relative"": -0.4141526144274687}, ""gap"": {""absolute"": -1.8985979299999995, ""relative"": -0.6187499997963135}, ""p50"": {""absolute"": -0.010000000000000009, ""relative"": -0.006493506493506499}, ""p95"": {""absolute"": -1.0600000000000005, ""relative"": -0.14190093708166002}, ""std_dev"": {""absolute"": -26.346545937514115, ""relative"": -0.7493846291024667}, ""top1"": {""absolute"": -0.2934341383404462, ""relative"": -0.6316063108280805}, ""top10"": {""absolute"": -0.22407474008421235, ""relative"": -0.34063356422083324}, ""top5"": {""absolute"": -0.2622753953397134, ""relative"": -0.44308317265484554}, ""typical_capture"": {""absolute"": 0.2325301829358858, ""relative"": 0.6958452285923731}}",tier_b_paired,2026-08-23T16:59:50.702641+00:00
a1c0ed85-ff61-4dfb-9969-3cc315f561fd,ev_representativeness_v1,rarity_ablation:ultra rare,rarity_ablation,"{""rarityKey"": ""ultra rare""}",4.35539166,1.48,6.850499999999302,35.12544752715049,8.064819485637369,2.8753916600000005,0.33980870505684896,0.48446011856485943,0.6022580802756096,0.6673560604650651,"{""cv"": {""absolute"": 0.43586779647200746, ""relative"": 0.05713338008038864}, ""ev"": {""absolute"": -0.25304943999999896, ""relative"": -0.05490998680660126}, ""gap"": {""absolute"": -0.1930494399999989, ""relative"": -0.06291450078673465}, ""p50"": {""absolute"": -0.06000000000000005, ""relative"": -0.038961038961038995}, ""p95"": {""absolute"": -0.6195000000006985, ""relative"": -0.08293172690772402}, ""std_dev"": {""absolute"": -0.03212698711357831, ""relative"": -0.0009137998726431996}, ""top1"": {""absolute"": 0.019876194512971346, ""relative"": 0.04278278580890248}, ""top10"": {""absolute"": 0.009538500422906826, ""relative"": 0.014500221645490158}, ""top5"": {""absolute"": 0.010325433029667819, ""relative"": 0.017443594432083605}, ""typical_capture"": {""absolute"": 0.005639304475815121, ""relative"": 0.01687558605309114}}",tier_b_paired,2026-08-23T16:59:50.702641+00:00
a1c0ed85-ff61-4dfb-9969-3cc315f561fd,ev_representativeness_v1,rarity_ablation:uncommon,rarity_ablation,"{""rarityKey"": ""uncommon""}",4.12341938,1.07,7.07,35.16389181784122,8.527847540417104,3.0534193799999994,0.259493372221576,0.5181513455466175,0.6565377907303717,0.7249449557565981,"{""cv"": {""absolute"": 0.8988958512517433, ""relative"": 0.11782691618408797}, ""ev"": {""absolute"": -0.48502171999999977, ""relative"": -0.10524637496180646}, ""gap"": {""absolute"": -0.015021720000000016, ""relative"": -0.004895554293025217}, ""p50"": {""absolute"": -0.47, ""relative"": -0.3051948051948052}, ""p95"": {""absolute"": -0.40000000000000036, ""relative"": -0.05354752342704154}, ""std_dev"": {""absolute"": 0.0063173035771484365, ""relative"": 0.00017968542097764428}, ""top1"": {""absolute"": 0.05356742149472937, ""relative"": 0.11530192656590196}, ""top10"": {""absolute"": 0.06712739571443982, ""relative"": 0.10204561232773682}, ""top5"": {""absolute"": 0.06460514348442992, ""relative"": 0.10914272727651592}, ""typical_capture"": {""absolute"": -0.07467602835945786, ""relative"": -0.2234675832964228}}",tier_b_paired,2026-08-23T16:59:50.702641+00:00
a1c0ed85-ff61-4dfb-9969-3cc315f561fd,ev_representativeness_v1,top_card_ablation:1,top_card_ablation,"{""cards"": [{""cardName"": ""Mega Charizard X ex"", ""cardNumber"": ""125/094"", ""evShare"": 0.37415968059133925, ""priceUsed"": 674.87, ""rarityKey"": ""special illustration rare""}], ""depth"": 1}",2.88414825,1.54,7.380000000000001,8.976126778723769,3.112227944150849,1.34414825,0.5339531350373546,0.16283471211994732,0.35333419493952845,0.456759408952019,"{""cv"": {""absolute"": -4.516723745014512, ""relative"": -0.5920503797958458}, ""ev"": {""absolute"": -1.7242928499999994, ""relative"": -0.37415968059133914}, ""gap"": {""absolute"": -1.7242928499999994, ""relative"": -0.5619442556678047}, ""p50"": {""absolute"": 0.0, ""relative"": 0.0}, ""p95"": {""absolute"": -0.08999999999999986, ""relative"": -0.012048192771084317}, ""std_dev"": {""absolute"": -26.181447735540303, ""relative"": -0.7446886793887904}, ""top1"": {""absolute"": -0.30174921193194076, ""relative"": -0.649504204321627}, ""top10"": {""absolute"": -0.2010581510901393, ""relative"": -0.30564424439696297}, ""top5"": {""absolute"": -0.2385984523064133, ""relative"": -0.40308378565792835}, ""typical_capture"": {""absolute"": 0.1997837344563208, ""relative"": 0.5978516707662304}}",tier_b_paired,2026-08-23T16:59:50.702641+00:00
a1c0ed85-ff61-4dfb-9969-3cc315f561fd,ev_representativeness_v1,top_card_ablation:10,top_card_ablation,"{""cards"": [{""cardName"": ""Mega Charizard X ex"", ""cardNumber"": ""125/094"", ""evShare"": 0.37415968059133925, ""priceUsed"": 674.87, ""rarityKey"": ""special illustration rare""}, {""cardName"": ""Mega Charizard X ex"", ""cardNumber"": ""130/094"", ""evShare"": 0.051149255222118384, ""priceUsed"": 291.37, ""rarityKey"": ""mega hyper rare""}, {""cardName"": ""Meowth"", ""cardNumber"": ""106/094"", ""evShare"": 0.03544859887652681, ""priceUsed"": 19.02, ""rarityKey"": ""illustration rare""}, {""cardName"": ""Mega Charizard X ex"", ""cardNumber"": ""109/094"", ""evShare"": 0.027627220840470323, ""priceUsed"": 25.82, ""rarityKey"": ""ultra rare""}, {""cardName"": ""Piplup"", ""cardNumber"": ""098/094"", ""evShare"": 0.026562767613542895, ""priceUsed"": 14.41, ""rarityKey"": ""illustration rare""}, {""cardName"": ""Mega Charizard X ex"", ""cardNumber"": ""013/094"", ""evShare"": 0.01821966217600134, ""priceUsed"": 4.21, ""rarityKey"": ""double rare""}, {""cardName"": ""Wigglytuff"", ""cardNumber"": ""105/094"", ""evShare"": 0.012260636248557022, ""priceUsed"": 6.42, ""rarityKey"": ""illustration rare""}, {""cardName"": ""Flygon"", ""cardNumber"": ""101/094"", ""evShare"": 0.011634875836863793, ""priceUsed"": 6.28, ""rarityKey"": ""illustration rare""}, {""cardName"": ""Dawn"", ""cardNumber"": ""129/094"", ""evShare"": 0.01159011015677297, ""priceUsed"": 21.73, ""rarityKey"": ""special illustration rare""}, {""cardName"": ""Mega Sharpedo ex"", ""cardNumber"": ""127/094"", ""evShare"": 0.010688586211940517, ""priceUsed"": 19.83, ""rarityKey"": ""special illustration rare""}], ""depth"": 10}",1.9385804100000001,1.49,4.25,1.5397588935493218,0.7942713573327205,0.44858041000000015,0.7686036608612999,0.06391997946579889,0.18122644187867346,0.2767400089429357,"{""cv"": {""absolute"": -6.83468033183264, ""relative"": -0.8958872215089859}, ""ev"": {""absolute"": -2.6698606899999993, ""relative"": -0.5793413937741332}, ""gap"": {""absolute"": -2.6198606899999994, ""relative"": -0.8538083686859754}, ""p50"": {""absolute"": -0.050000000000000044, ""relative"": -0.03246753246753249}, ""p95"": {""absolute"": -3.2200000000000006, ""relative"": -0.4310575635876841}, ""std_dev"": {""absolute"": -33.61781562071475, ""relative"": -0.9562040637096677}, ""top1"": {""absolute"": -0.4006639445860892, ""relative"": -0.8624145689150884}, ""top10"": {""absolute"": -0.3810775510992226, ""relative"": -0.5793058353060688}, ""top5"": {""absolute"": -0.4107062053672683, ""relative"": -0.6938394212215571}, ""typical_capture"": {""absolute"": 0.4344342602802661, ""relative"": 1.300042013197192}}",tier_b_paired,2026-08-23T16:59:50.702641+00:00
a1c0ed85-ff61-4dfb-9969-3cc315f561fd,ev_representativeness_v1,top_card_ablation:5,top_card_ablation,"{""cards"": [{""cardName"": ""Mega Charizard X ex"", ""cardNumber"": ""125/094"", ""evShare"": 0.37415968059133925, ""priceUsed"": 674.87, ""rarityKey"": ""special illustration rare""}, {""cardName"": ""Mega Charizard X ex"", ""cardNumber"": ""130/094"", ""evShare"": 0.051149255222118384, ""priceUsed"": 291.37, ""rarityKey"": ""mega hyper rare""}, {""cardName"": ""Meowth"", ""cardNumber"": ""106/094"", ""evShare"": 0.03544859887652681, ""priceUsed"": 19.02, ""rarityKey"": ""illustration rare""}, {""cardName"": ""Mega Charizard X ex"", ""cardNumber"": ""109/094"", ""evShare"": 0.027627220840470323, ""priceUsed"": 25.82, ""rarityKey"": ""ultra rare""}, {""cardName"": ""Piplup"", ""cardNumber"": ""098/094"", ""evShare"": 0.026562767613542895, ""priceUsed"": 14.41, ""rarityKey"": ""illustration rare""}], ""depth"": 5}",2.23533577,1.52,5.87,2.278571766054014,1.0193420588684152,0.7153357699999998,0.6799873291518974,0.08817778189985302,0.2160242038268819,0.33096844775136397,"{""cv"": {""absolute"": -6.609609630296946, ""relative"": -0.866385042086964}, ""ev"": {""absolute"": -2.3731053299999996, ""relative"": -0.5149475231439976}, ""gap"": {""absolute"": -2.3531053299999996, ""relative"": -0.7668732275812626}, ""p50"": {""absolute"": -0.020000000000000018, ""relative"": -0.012987012987012998}, ""p95"": {""absolute"": -1.6000000000000005, ""relative"": -0.21419009370816605}, ""std_dev"": {""absolute"": -32.879002748210056, ""relative"": -0.9351897337192713}, ""top1"": {""absolute"": -0.37640614215203505, ""relative"": -0.8102005314114039}, ""top10"": {""absolute"": -0.32684911229079433, ""relative"": -0.4968689377490123}, ""top5"": {""absolute"": -0.3759084434190598, ""relative"": -0.6350527296779997}, ""typical_capture"": {""absolute"": 0.3458179285708636, ""relative"": 1.0348581526901506}}",tier_b_paired,2026-08-23T16:59:50.702641+00:00
a1c0ed85-ff61-4dfb-9969-3cc315f561fd,ev_representativeness_v1,winsorize_top:0.0100,winsorization,"{""quantile"": 0.01}",2.69653345,1.54,7.470000000000001,3.5892670942869516,1.331067150042938,1.15653345,0.5711036145314645,0.08496093382412889,0.30260299200071117,0.41520190672954566,"{""cv"": {""absolute"": -6.297884539122423, ""relative"": -0.8255242392040154}, ""ev"": {""absolute"": -1.9119076499999994, ""relative"": -0.4148708008875278}, ""gap"": {""absolute"": -1.9119076499999994, ""relative"": -0.623087616053637}, ""p50"": {""absolute"": 0.0, ""relative"": 0.0}, ""p95"": {""absolute"": 0.0, ""relative"": 0.0}, ""std_dev"": {""absolute"": -31.568307419977117, ""relative"": -0.8979091378209062}, ""top1"": {""absolute"": -0.3796229902277592, ""relative"": -0.8171246799003751}, ""top10"": {""absolute"": -0.24261565331261264, ""relative"": -0.36881905873273413}, ""top5"": {""absolute"": -0.2893296552452306, ""relative"": -0.48878813593300113}, ""typical_capture"": {""absolute"": 0.23693421395043068, ""relative"": 0.7090242659515311}}",tier_b_paired,2026-08-23T16:59:50.702641+00:00
b0caac26-e38e-4201-96b7-44ddc8126bd9,ev_representativeness_v1,price_shock:top1:-0.10,price_shock,"{""cards"": [{""cardName"": ""Gardevoir ex"", ""cardNumber"": ""245/198"", ""rarityKey"": ""special illustration rare""}], ""depth"": 1, ""factor"": -0.1}",4.01741117,1.74,16.64,7.690614257698096,1.9143209226697342,2.2774111699999997,0.433114741401986,0.14184236461910368,0.4052136565349372,0.5423212282251907,"{""cv"": {""absolute"": -0.03717240689469259, ""relative"": -0.0190481854749611}, ""ev"": {""absolute"": -0.022926309999999894, ""relative"": -0.005674355202625276}, ""gap"": {""absolute"": -0.022926309999999894, ""relative"": -0.00996649848090981}, ""p50"": {""absolute"": 0.0, ""relative"": 0.0}, ""p95"": {""absolute"": 0.0, ""relative"": 0.0}, ""std_dev"": {""absolute"": -0.19407738371104966, ""relative"": -0.02461445450723604}, ""top1"": {""absolute"": -0.004869491242996182, ""relative"": -0.03319085028529122}, ""top10"": {""absolute"": -0.002597031919751358, ""relative"": -0.004765910980961763}, ""top5"": {""absolute"": -0.0033750289824914237, ""relative"": -0.00826021155778544}, ""typical_capture"": {""absolute"": 0.002457646886208087, ""relative"": 0.005706737256868867}}",tier_b_paired,2026-08-23T16:47:40.723235+00:00
b0caac26-e38e-4201-96b7-44ddc8126bd9,ev_representativeness_v1,price_shock:top1:-0.25,price_shock,"{""cards"": [{""cardName"": ""Gardevoir ex"", ""cardNumber"": ""245/198"", ""rarityKey"": ""special illustration rare""}], ""depth"": 1, ""factor"": -0.25}",3.983021705,1.74,16.64,7.431607828127531,1.8658215743083757,2.2430217050000003,0.43685426012510264,0.13443301961619614,0.40007826294283266,0.5383696233209454,"{""cv"": {""absolute"": -0.08567175525605109, ""relative"": -0.04390061393403431}, ""ev"": {""absolute"": -0.057315774999999736, ""relative"": -0.014185888006563188}, ""gap"": {""absolute"": -0.05731577499999929, ""relative"": -0.02491624620227433}, ""p50"": {""absolute"": 0.0, ""relative"": 0.0}, ""p95"": {""absolute"": 0.0, ""relative"": 0.0}, ""std_dev"": {""absolute"": -0.45308381328161484, ""relative"": -0.05746373274790999}, ""top1"": {""absolute"": -0.01227883624590373, ""relative"": -0.08369355137491466}, ""top10"": {""absolute"": -0.006548636823996645, ""relative"": -0.012017649807247757}, ""top5"": {""absolute"": -0.008510422574595944, ""relative"": -0.0208288258491997}, ""typical_capture"": {""absolute"": 0.006197165609324706, ""relative"": 0.01439002326501244}}",tier_b_paired,2026-08-23T16:47:40.723235+00:00
b0caac26-e38e-4201-96b7-44ddc8126bd9,ev_representativeness_v1,price_shock:top1:-0.50,price_shock,"{""cards"": [{""cardName"": ""Gardevoir ex"", ""cardNumber"": ""245/198"", ""rarityKey"": ""special illustration rare""}], ""depth"": 1, ""factor"": -0.5}",3.92570593,1.74,16.64,7.095594276754614,1.8074696381434292,2.18570593,0.4432323844491327,0.12674069043169517,0.3913193339981021,0.5316297647388988,"{""cv"": {""absolute"": -0.14402369142099758, ""relative"": -0.07380178514529878}, ""ev"": {""absolute"": -0.11463154999999992, ""relative"": -0.028371776013126487}, ""gap"": {""absolute"": -0.11463154999999947, ""relative"": -0.049832492404549046}, ""p50"": {""absolute"": 0.0, ""relative"": 0.0}, ""p95"": {""absolute"": 0.0, ""relative"": 0.0}, ""std_dev"": {""absolute"": -0.7890973646545314, ""relative"": -0.100079673440914}, ""top1"": {""absolute"": -0.019971165430404697, ""relative"": -0.1361250957739664}, ""top10"": {""absolute"": -0.013288495406043266, ""relative"": -0.024386217856800535}, ""top5"": {""absolute"": -0.017269351519326515, ""relative"": -0.042265858383858455}, ""typical_capture"": {""absolute"": 0.012575289933354772, ""relative"": 0.029200238643448267}}",tier_b_paired,2026-08-23T16:47:40.723235+00:00
b0caac26-e38e-4201-96b7-44ddc8126bd9,ev_representativeness_v1,price_shock:top5:-0.10,price_shock,"{""cards"": [{""cardName"": ""Gardevoir ex"", ""cardNumber"": ""245/198"", ""rarityKey"": ""special illustration rare""}, {""cardName"": ""Drowzee"", ""cardNumber"": ""210/198"", ""rarityKey"": ""illustration rare""}, {""cardName"": ""Ralts"", ""cardNumber"": ""211/198"", ""rarityKey"": ""illustration rare""}, {""cardName"": ""Kirlia"", ""cardNumber"": ""212/198"", ""rarityKey"": ""illustration rare""}, {""cardName"": ""Slowpoke"", ""cardNumber"": ""204/198"", ""rarityKey"": ""illustration rare""}], ""depth"": 5, ""factor"": -0.1}",3.957957513,1.74,16.64,7.354221764433124,1.8580850704632421,2.217957513,0.43962068675192467,0.13525841175445685,0.3962791939651627,0.5354462992690542,"{""cv"": {""absolute"": -0.09340825910118467, ""relative"": -0.047865015824590795}, ""ev"": {""absolute"": -0.08237996699999961, ""relative"": -0.020389377720991666}, ""gap"": {""absolute"": -0.08237996699999961, ""relative"": -0.035812122228256534}, ""p50"": {""absolute"": 0.0, ""relative"": 0.0}, ""p95"": {""absolute"": 0.0, ""relative"": 0.0}, ""std_dev"": {""absolute"": -0.5304698769760217, ""relative"": -0.06727845565831367}, ""top1"": {""absolute"": -0.011453444107643013, ""relative"": -0.07806761110300825}, ""top10"": {""absolute"": -0.009471960875887864, ""relative"": -0.017382351755598043}, ""top5"": {""absolute"": -0.012309491552265905, ""relative"": -0.030126853700506682}, ""typical_capture"": {""absolute"": 0.008963592236146734, ""relative"": 0.020813757279965896}}",tier_b_paired,2026-08-23T16:47:40.723235+00:00
b0caac26-e38e-4201-96b7-44ddc8126bd9,ev_representativeness_v1,price_shock:top5:-0.25,price_shock,"{""cards"": [{""cardName"": ""Gardevoir ex"", ""cardNumber"": ""245/198"", ""rarityKey"": ""special illustration rare""}, {""cardName"": ""Drowzee"", ""cardNumber"": ""210/198"", ""rarityKey"": ""illustration rare""}, {""cardName"": ""Ralts"", ""cardNumber"": ""211/198"", ""rarityKey"": ""illustration rare""}, {""cardName"": ""Kirlia"", ""cardNumber"": ""212/198"", ""rarityKey"": ""illustration rare""}, {""cardName"": ""Slowpoke"", ""cardNumber"": ""204/198"", ""rarityKey"": ""illustration rare""}], ""depth"": 5, ""factor"": -0.25}",3.8343875625,1.74,16.64,6.6034449564953634,1.7221641915064927,2.0943875624999997,0.4537882443123536,0.11781732157650143,0.3768232185579962,0.5204752310428453,"{""cv"": {""absolute"": -0.2293291380579341, ""relative"": -0.11751469225319891}, ""ev"": {""absolute"": -0.2059499174999999, ""relative"": -0.05097344430247939}, ""gap"": {""absolute"": -0.2059499174999999, ""relative"": -0.08953030557064172}, ""p50"": {""absolute"": 0.0, ""relative"": 0.0}, ""p95"": {""absolute"": 0.0, ""relative"": 0.0}, ""std_dev"": {""absolute"": -1.281246684913782, ""relative"": -0.16249800793538688}, ""top1"": {""absolute"": -0.028894534285598433, ""relative"": -0.19694750717868037}, ""top10"": {""absolute"": -0.024443029102096725, ""relative"": -0.04485632229610943}, ""top5"": {""absolute"": -0.03176546695943239, ""relative"": -0.077744362693757}, ""typical_capture"": {""absolute"": 0.023131149796575656, ""relative"": 0.05371129395321782}}",tier_b_paired,2026-08-23T16:47:40.723235+00:00
b0caac26-e38e-4201-96b7-44ddc8126bd9,ev_representativeness_v1,price_shock:top5:-0.50,price_shock,"{""cards"": [{""cardName"": ""Gardevoir ex"", ""cardNumber"": ""245/198"", ""rarityKey"": ""special illustration rare""}, {""cardName"": ""Drowzee"", ""cardNumber"": ""210/198"", ""rarityKey"": ""illustration rare""}, {""cardName"": ""Ralts"", ""cardNumber"": ""211/198"", ""rarityKey"": ""illustration rare""}, {""cardName"": ""Kirlia"", ""cardNumber"": ""212/198"", ""rarityKey"": ""illustration rare""}, {""cardName"": ""Slowpoke"", ""cardNumber"": ""204/198"", ""rarityKey"": ""illustration rare""}], ""depth"": 5, ""factor"": -0.5}",3.628437645,1.74,16.64,5.525506554309917,1.5228335429503894,1.888437645,0.4795452396426672,0.09500665264980736,0.3414517393477215,0.49325743201520567,"{""cv"": {""absolute"": -0.42865978661403736, ""relative"": -0.21965731582065628}, ""ev"": {""absolute"": -0.4118998349999998, ""relative"": -0.10194688860495878}, ""gap"": {""absolute"": -0.4118998349999996, ""relative"": -0.17906061114128335}, ""p50"": {""absolute"": 0.0, ""relative"": 0.0}, ""p95"": {""absolute"": 0.0, ""relative"": 0.0}, ""std_dev"": {""absolute"": -2.3591850870992284, ""relative"": -0.2992108245183824}, ""top1"": {""absolute"": -0.05170520321229251, ""relative"": -0.35242689084985895}, ""top10"": {""absolute"": -0.05166082812973638, ""relative"": -0.09480472927443317}, ""top5"": {""absolute"": -0.06713694616970711, ""relative"": -0.16431425673152505}, ""typical_capture"": {""absolute"": 0.04888814512688927, ""relative"": 0.11351988797922417}}",tier_b_paired,2026-08-23T16:47:40.723235+00:00
b0caac26-e38e-4201-96b7-44ddc8126bd9,ev_representativeness_v1,rarity_ablation:common,rarity_ablation,"{""rarityKey"": ""common""}",3.2355819800000005,0.95,15.969999999999999,7.914429800263521,2.4460606620956393,2.285581980000001,0.2936102394784631,0.1810571185094806,0.499488731854045,0.6587787647401845,"{""cv"": {""absolute"": 0.49456733253121254, ""relative"": 0.25343019370791287}, ""ev"": {""absolute"": -0.8047554999999993, ""relative"": -0.1991802674859723}, ""gap"": {""absolute"": -0.014755499999998811, ""relative"": -0.006414493581176104}, ""p50"": {""absolute"": -0.79, ""relative"": -0.4540229885057471}, ""p95"": {""absolute"": -0.6700000000000017, ""relative"": -0.04026442307692318}, ""std_dev"": {""absolute"": 0.029738158854375918, ""relative"": 0.003771632450176725}, ""top1"": {""absolute"": 0.03434526264738075, ""relative"": 0.23410011716887547}, ""top10"": {""absolute"": 0.11386050459524244, ""relative"": 0.2089496956203245}, ""top5"": {""absolute"": 0.09090004633661641, ""relative"": 0.22247323422943638}, ""typical_capture"": {""absolute"": -0.13704685503731484, ""relative"": -0.3182273246686149}}",tier_b_paired,2026-08-23T16:47:40.723235+00:00
b0caac26-e38e-4201-96b7-44ddc8126bd9,ev_representativeness_v1,rarity_ablation:double rare,rarity_ablation,"{""rarityKey"": ""double rare""}",3.9286772599999997,1.65,16.56,7.884437748917731,2.006893727105935,2.27867726,0.4199886859629696,0.15059100578803972,0.418730669670738,0.5576836311568134,"{""cv"": {""absolute"": 0.05540039754150805, ""relative"": 0.02838871991116332}, ""ev"": {""absolute"": -0.11166022000000009, ""relative"": -0.027636359723099194}, ""gap"": {""absolute"": -0.021660219999999786, ""relative"": -0.009416105327293015}, ""p50"": {""absolute"": -0.09000000000000008, ""relative"": -0.05172413793103453}, ""p95"": {""absolute"": -0.08000000000000185, ""relative"": -0.004807692307692419}, ""std_dev"": {""absolute"": -0.00025389249141483106, ""relative"": -3.2200687479194256e-05}, ""top1"": {""absolute"": 0.003879149925939851, ""relative"": 0.026440602929772856}, ""top10"": {""absolute"": 0.012765371011871363, ""relative"": 0.023426212600172216}, ""top5"": {""absolute"": 0.010141984153309413, ""relative"": 0.02482198972413004}, ""typical_capture"": {""absolute"": -0.010668408552808317, ""relative"": -0.02477239708497931}}",tier_b_paired,2026-08-23T16:47:40.723235+00:00
b0caac26-e38e-4201-96b7-44ddc8126bd9,ev_representativeness_v1,rarity_ablation:hyper rare,rarity_ablation,"{""rarityKey"": ""hyper rare""}",3.9429685099999996,1.72,16.64,7.881684526752411,1.99892149956643,2.2229685099999994,0.4362195629099762,0.15033480701067023,0.4186785098113807,0.5569002375826735,"{""cv"": {""absolute"": 0.04742817000200317, ""relative"": 0.024303526578073997}, ""ev"": {""absolute"": -0.09736897000000022, ""relative"": -0.02409921707827244}, ""gap"": {""absolute"": -0.0773689700000002, ""relative"": -0.0336337475142996}, ""p50"": {""absolute"": -0.020000000000000018, ""relative"": -0.011494252873563229}, ""p95"": {""absolute"": 0.0, ""relative"": 0.0}, ""std_dev"": {""absolute"": -0.003007114656734089, ""relative"": -0.00038138646297100593}, ""top1"": {""absolute"": 0.0036229511485703636, ""relative"": 0.02469433112464827}, ""top10"": {""absolute"": 0.01198197743773144, ""relative"": 0.021988577579588487}, ""top5"": {""absolute"": 0.01008982429395211, ""relative"": 0.024694331124648146}, ""typical_capture"": {""absolute"": 0.005562468394198272, ""relative"": 0.012916235364594651}}",tier_b_paired,2026-08-23T16:47:40.723235+00:00
b0caac26-e38e-4201-96b7-44ddc8126bd9,ev_representativeness_v1,rarity_ablation:illustration rare,rarity_ablation,"{""rarityKey"": ""illustration rare""}",2.5968965699999997,1.69,6.57,4.8853498128815955,1.881226179478375,0.9068965699999998,0.6507767846911208,0.1576360663451452,0.31483960487498347,0.3958677761278725,"{""cv"": {""absolute"": -0.07026715008605189, ""relative"": -0.03600686152575039}, ""ev"": {""absolute"": -1.44344091, ""relative"": -0.35725751057805205}, ""gap"": {""absolute"": -1.3934409099999998, ""relative"": -0.6057549912198101}, ""p50"": {""absolute"": -0.050000000000000044, ""relative"": -0.028735632183908073}, ""p95"": {""absolute"": -10.07, ""relative"": -0.6051682692307693}, ""std_dev"": {""absolute"": -2.99934182852755, ""relative"": -0.38040065039138427}, ""top1"": {""absolute"": 0.010924210483045343, ""relative"": 0.07446031146462649}, ""top10"": {""absolute"": -0.14905048401706955, ""relative"": -0.27352815076783044}, ""top5"": {""absolute"": -0.09374908064244514, ""relative"": -0.229446100602916}, ""typical_capture"": {""absolute"": 0.22011969017534283, ""relative"": 0.5111251921272559}}",tier_b_paired,2026-08-23T16:47:40.723235+00:00
b0caac26-e38e-4201-96b7-44ddc8126bd9,ev_representativeness_v1,rarity_ablation:rare,rarity_ablation,"{""rarityKey"": ""rare""}",3.83831322,1.51,16.43,7.896636705127901,2.0573195183711195,2.32831322,0.3934019746309292,0.1539888399206774,0.4278147159652593,0.5692080856288221,"{""cv"": {""absolute"": 0.1058261888066927, ""relative"": 0.054228311828415574}, ""ev"": {""absolute"": -0.20202425999999996, ""relative"": -0.05000182806511499}, ""gap"": {""absolute"": 0.02797574000000047, ""relative"": 0.012161580743361393}, ""p50"": {""absolute"": -0.22999999999999998, ""relative"": -0.132183908045977}, ""p95"": {""absolute"": -0.21000000000000085, ""relative"": -0.012620192307692358}, ""std_dev"": {""absolute"": 0.011945063718755478, ""relative"": 0.0015149690389947407}, ""top1"": {""absolute"": 0.007276984058577546, ""relative"": 0.0496005180754953}, ""top10"": {""absolute"": 0.024289825483880034, ""relative"": 0.044575172572523476}, ""top5"": {""absolute"": 0.019226030447830667, ""relative"": 0.047054730415462195}, ""typical_capture"": {""absolute"": -0.03725511988484875, ""relative"": -0.0865076190762343}}",tier_b_paired,2026-08-23T16:47:40.723235+00:00
b0caac26-e38e-4201-96b7-44ddc8126bd9,ev_representativeness_v1,rarity_ablation:special illustration rare,rarity_ablation,"{""rarityKey"": ""special illustration rare""}",3.44783955,1.7100000000000002,11.41,6.458311749130403,1.8731474175271303,1.7378395499999997,0.49596275441529764,0.1443067964111033,0.3942113431583555,0.5149249535118303,"{""cv"": {""absolute"": -0.07834591203729646, ""relative"": -0.040146646083993154}, ""ev"": {""absolute"": -0.59249793, ""relative"": -0.14664565347150157}, ""gap"": {""absolute"": -0.5624979299999999, ""relative"": -0.2445284376273346}, ""p50"": {""absolute"": -0.029999999999999805, ""relative"": -0.017241379310344716}, ""p95"": {""absolute"": -5.23, ""relative"": -0.31430288461538464}, ""std_dev"": {""absolute"": -1.4263798922787423, ""relative"": -0.18090496840581846}, ""top1"": {""absolute"": -0.0024050594509965606, ""relative"": -0.016393081778320415}, ""top10"": {""absolute"": -0.029993306633111727, ""relative"": -0.05504184540472887}, ""top5"": {""absolute"": -0.01437734235907312, ""relative"": -0.035187813242713605}, ""typical_capture"": {""absolute"": 0.0653056598995197, ""relative"": 0.15164189962538072}}",tier_b_paired,2026-08-23T16:47:40.723235+00:00
b0caac26-e38e-4201-96b7-44ddc8126bd9,ev_representativeness_v1,rarity_ablation:ultra rare,rarity_ablation,"{""rarityKey"": ""ultra rare""}",3.83570901,1.69,16.55,7.82995035585187,2.0413306471994,2.14570901,0.44059650917054316,0.1539838914944176,0.4279266220979573,0.5613850618975916,"{""cv"": {""absolute"": 0.08983731763497338, ""relative"": 0.046035165108673504}, ""ev"": {""absolute"": -0.20462846999999984, ""relative"": -0.05064638065828101}, ""gap"": {""absolute"": -0.15462846999999957, ""relative"": -0.0672199063591311}, ""p50"": {""absolute"": -0.050000000000000044, ""relative"": -0.028735632183908073}, ""p95"": {""absolute"": -0.08999999999999986, ""relative"": -0.005408653846153837}, ""std_dev"": {""absolute"": -0.05474128555727553, ""relative"": -0.0069427300453682944}, ""top1"": {""absolute"": 0.007272035632317736, ""relative"": 0.04956678919768422}, ""top10"": {""absolute"": 0.016466801752649585, ""relative"": 0.030218847407076435}, ""top5"": {""absolute"": 0.01933793658052868, ""relative"": 0.047328614976304355}, ""typical_capture"": {""absolute"": 0.009939414654765222, ""relative"": 0.023079649171786887}}",tier_b_paired,2026-08-23T16:47:40.723235+00:00
b0caac26-e38e-4201-96b7-44ddc8126bd9,ev_representativeness_v1,rarity_ablation:uncommon,rarity_ablation,"{""rarityKey"": ""uncommon""}",3.4563762600000003,1.17,16.14,7.905219006498708,2.287140754316692,2.2863762600000004,0.33850481313050096,0.17003542895529547,0.4703277588187115,0.622210230665107,"{""cv"": {""absolute"": 0.3356474247522654, ""relative"": 0.1719951688623921}, ""ev"": {""absolute"": -0.5839612199999995, ""relative"": -0.1445327829397062}, ""gap"": {""absolute"": -0.01396121999999922, ""relative"": -0.0060692051150682555}, ""p50"": {""absolute"": -0.5700000000000001, ""relative"": -0.32758620689655177}, ""p95"": {""absolute"": -0.5, ""relative"": -0.03004807692307692}, ""std_dev"": {""absolute"": 0.020527365089562544, ""relative"": 0.00260344551481964}, ""top1"": {""absolute"": 0.023323573093195604, ""relative"": 0.15897538038860562}, ""top10"": {""absolute"": 0.0772919705201649, ""relative"": 0.14184140296492562}, ""top5"": {""absolute"": 0.06173907330128292, ""relative"": 0.1511032377783486}, ""typical_capture"": {""absolute"": -0.09215228138527698, ""relative"": -0.21398064157956373}}",tier_b_paired,2026-08-23T16:47:40.723235+00:00
b0caac26-e38e-4201-96b7-44ddc8126bd9,ev_representativeness_v1,top_card_ablation:1,top_card_ablation,"{""cards"": [{""cardName"": ""Gardevoir ex"", ""cardNumber"": ""245/198"", ""evShare"": 0.056743552026252995, ""priceUsed"": 72.05, ""rarityKey"": ""special illustration rare""}], ""depth"": 1}",3.81107438,1.7300000000000002,15.85,6.838090112999946,1.7942683430387274,2.0810743799999996,0.45394023508929787,0.13055286525265875,0.3853415923097255,0.522369447956038,"{""cv"": {""absolute"": -0.15722498652569938, ""relative"": -0.08056649958459863}, ""ev"": {""absolute"": -0.22926309999999983, ""relative"": -0.056743552026252975}, ""gap"": {""absolute"": -0.21926310000000004, ""relative"": -0.09531779658695996}, ""p50"": {""absolute"": -0.009999999999999787, ""relative"": -0.005747126436781487}, ""p95"": {""absolute"": -0.7900000000000009, ""relative"": -0.04747596153846159}, ""std_dev"": {""absolute"": -1.0466015284091998, ""relative"": -0.13273842225009982}, ""top1"": {""absolute"": -0.01615899060944112, ""relative"": -0.11014100063344287}, ""top10"": {""absolute"": -0.022548812188904033, ""relative"": -0.04138017357485195}, ""top5"": {""absolute"": -0.02324709320770313, ""relative"": -0.05689607674344548}, ""typical_capture"": {""absolute"": 0.023283140573519934, ""relative"": 0.054064221558219126}}",tier_b_paired,2026-08-23T16:47:40.723235+00:00
b0caac26-e38e-4201-96b7-44ddc8126bd9,ev_representativeness_v1,top_card_ablation:10,top_card_ablation,"{""cards"": [{""cardName"": ""Gardevoir ex"", ""cardNumber"": ""245/198"", ""evShare"": 0.056743552026252995, ""priceUsed"": 72.05, ""rarityKey"": ""special illustration rare""}, {""cardName"": ""Drowzee"", ""cardNumber"": ""210/198"", ""evShare"": 0.04691324200967489, ""priceUsed"": 59.03, ""rarityKey"": ""illustration rare""}, {""cardName"": ""Ralts"", ""cardNumber"": ""211/198"", ""evShare"": 0.03567783649597507, ""priceUsed"": 43.55, ""rarityKey"": ""illustration rare""}, {""cardName"": ""Kirlia"", ""cardNumber"": ""212/198"", ""evShare"": 0.033778722860546784, ""priceUsed"": 42.24, ""rarityKey"": ""illustration rare""}, {""cardName"": ""Slowpoke"", ""cardNumber"": ""204/198"", ""evShare"": 0.03078042381746783, ""priceUsed"": 38.9, ""rarityKey"": ""illustration rare""}, {""cardName"": ""Riolu"", ""cardNumber"": ""215/198"", ""evShare"": 0.026754319542633846, ""priceUsed"": 33.24, ""rarityKey"": ""illustration rare""}, {""cardName"": ""Fidough"", ""cardNumber"": ""213/198"", ""evShare"": 0.020658254517887446, ""priceUsed"": 26.38, ""rarityKey"": ""illustration rare""}, {""cardName"": ""Miraidon ex"", ""cardNumber"": ""244/198"", ""evShare"": 0.019801019196049926, ""priceUsed"": 25.04, ""rarityKey"": ""special illustration rare""}, {""cardName"": ""Miriam"", ""cardNumber"": ""251/198"", ""evShare"": 0.018499736809114268, ""priceUsed"": 23.49, ""rarityKey"": ""special illustration rare""}, {""cardName"": ""Koraidon ex"", ""cardNumber"": ""247/198"", ""evShare"": 0.01780525521843289, ""priceUsed"": 22.78, ""rarityKey"": ""special illustration rare""}], ""depth"": 10}",2.79828779,1.7100000000000002,9.719999999999999,3.2913779143752113,1.1762113697302061,1.0882877899999996,0.6110879681892906,0.07839013584803585,0.2711194011964009,0.4023056827904038,"{""cv"": {""absolute"": -0.7752819598342207, ""relative"": -0.3972762540814134}, ""ev"": {""absolute"": -1.24204969, ""relative"": -0.30741236249403603}, ""gap"": {""absolute"": -1.21204969, ""relative"": -0.5269008137014749}, ""p50"": {""absolute"": -0.029999999999999805, ""relative"": -0.017241379310344716}, ""p95"": {""absolute"": -6.920000000000002, ""relative"": -0.4158653846153847}, ""std_dev"": {""absolute"": -4.593313727033934, ""relative"": -0.5825609847455011}, ""top1"": {""absolute"": -0.06832172001406402, ""relative"": -0.4656864274028558}, ""top10"": {""absolute"": -0.14261257735453825, ""relative"": -0.26171370604575617}, ""top5"": {""absolute"": -0.13746928432102773, ""relative"": -0.336449072609388}, ""typical_capture"": {""absolute"": 0.18043087367351263, ""relative"": 0.4189664491104818}}",tier_b_paired,2026-08-23T16:47:40.723235+00:00
b0caac26-e38e-4201-96b7-44ddc8126bd9,ev_representativeness_v1,top_card_ablation:5,top_card_ablation,"{""cards"": [{""cardName"": ""Gardevoir ex"", ""cardNumber"": ""245/198"", ""evShare"": 0.056743552026252995, ""priceUsed"": 72.05, ""rarityKey"": ""special illustration rare""}, {""cardName"": ""Drowzee"", ""cardNumber"": ""210/198"", ""evShare"": 0.04691324200967489, ""priceUsed"": 59.03, ""rarityKey"": ""illustration rare""}, {""cardName"": ""Ralts"", ""cardNumber"": ""211/198"", ""evShare"": 0.03567783649597507, ""priceUsed"": 43.55, ""rarityKey"": ""illustration rare""}, {""cardName"": ""Kirlia"", ""cardNumber"": ""212/198"", ""evShare"": 0.033778722860546784, ""priceUsed"": 42.24, ""rarityKey"": ""illustration rare""}, {""cardName"": ""Slowpoke"", ""cardNumber"": ""204/198"", ""evShare"": 0.03078042381746783, ""priceUsed"": 38.9, ""rarityKey"": ""illustration rare""}], ""depth"": 5}",3.21653781,1.7299999999999998,11.379999999999999,4.566020212717023,1.4195450146805588,1.4865378100000004,0.5378453797811876,0.09272505644819391,0.32172734509220646,0.45588339283348883,"{""cv"": {""absolute"": -0.531948314883868, ""relative"": -0.2725852591064704}, ""ev"": {""absolute"": -0.8237996699999997, ""relative"": -0.20389377720991755}, ""gap"": {""absolute"": -0.8137996699999992, ""relative"": -0.3537740340604281}, ""p50"": {""absolute"": -0.010000000000000231, ""relative"": -0.005747126436781742}, ""p95"": {""absolute"": -5.260000000000002, ""relative"": -0.31610576923076933}, ""std_dev"": {""absolute"": -3.318671428692123, ""relative"": -0.4209005982254257}, ""top1"": {""absolute"": -0.05398679941390595, ""relative"": -0.36797843702999866}, ""top10"": {""absolute"": -0.08903486731145321, ""relative"": -0.1633912346555811}, ""top5"": {""absolute"": -0.08686134042522214, ""relative"": -0.2125887071865993}, ""typical_capture"": {""absolute"": 0.10718828526540969, ""relative"": 0.24889473929584283}}",tier_b_paired,2026-08-23T16:47:40.723235+00:00
b0caac26-e38e-4201-96b7-44ddc8126bd9,ev_representativeness_v1,winsorize_top:0.0100,winsorization,"{""quantile"": 0.01}",3.8939720700000002,1.74,16.64,6.8376569047123095,1.7559594115713082,2.15397207,0.4468444993237971,0.11463872672307068,0.3863589011309986,0.5278127893711368,"{""cv"": {""absolute"": -0.1955339179931186, ""relative"": -0.10019707217588171}, ""ev"": {""absolute"": -0.14636540999999959, ""relative"": -0.03622603575184506}, ""gap"": {""absolute"": -0.14636540999999959, ""relative"": -0.06362779864804864}, ""p50"": {""absolute"": 0.0, ""relative"": 0.0}, ""p95"": {""absolute"": 0.0, ""relative"": 0.0}, ""std_dev"": {""absolute"": -1.047034736696836, ""relative"": -0.1327933652088531}, ""top1"": {""absolute"": -0.03207312913902918, ""relative"": -0.21861306947937428}, ""top10"": {""absolute"": -0.017105470773805198, ""relative"": -0.03139089295567988}, ""top5"": {""absolute"": -0.02222978438643003, ""relative"": -0.054406265210889704}, ""typical_capture"": {""absolute"": 0.016187404808019168, ""relative"": 0.03758768870676554}}",tier_b_paired,2026-08-23T16:47:40.723235+00:00
b572193b-a72a-48d9-9c06-797f70ca2971,ev_representativeness_v1,price_shock:top1:-0.10,price_shock,"{""cards"": [{""cardName"": ""Victini"", ""cardNumber"": ""172/086"", ""rarityKey"": ""black white rare""}], ""depth"": 1, ""factor"": -0.1}",5.503616983999999,1.74,20.29,22.220244559256198,4.037389343018315,3.7636169839999987,0.3161557217841452,0.28065291579890944,0.505962079500698,0.6515711239399722,"{""cv"": {""absolute"": -0.13075931245069405, ""relative"": -0.031371077007804254}, ""ev"": {""absolute"": -0.03715860600000109, ""relative"": -0.0067063907202928414}, ""gap"": {""absolute"": -0.03715860600000109, ""relative"": -0.0097765850995694}, ""p50"": {""absolute"": 0.0, ""relative"": 0.0}, ""p95"": {""absolute"": 0.0, ""relative"": 0.0}, ""std_dev"": {""absolute"": -0.8745317664578103, ""relative"": -0.037867081028366396}, ""top1"": {""absolute"": -0.004824222610155748, ""relative"": -0.016898805407118224}, ""top10"": {""absolute"": -0.0023367001810910004, ""relative"": -0.003573439703419711}, ""top5"": {""absolute"": -0.0033132113255092133, ""relative"": -0.0065057374374753695}, ""typical_capture"": {""absolute"": 0.0021202637987406403, ""relative"": 0.00675167005771426}}",tier_b_paired,2026-08-23T17:08:00.745048+00:00
b572193b-a72a-48d9-9c06-797f70ca2971,ev_representativeness_v1,price_shock:top1:-0.25,price_shock,"{""cards"": [{""cardName"": ""Victini"", ""cardNumber"": ""172/086"", ""rarityKey"": ""black white rare""}], ""depth"": 1, ""factor"": -0.25}",5.447879075,1.74,20.29,21.027862805485064,3.8598255423804653,3.707879075,0.3193903491699657,0.27329318887277243,0.5009075178490447,0.6480063060136848,"{""cv"": {""absolute"": -0.308323113088544, ""relative"": -0.07397123725037844}, ""ev"": {""absolute"": -0.09289651499999962, ""relative"": -0.016765976800731542}, ""gap"": {""absolute"": -0.09289651499999962, ""relative"": -0.02444146274892268}, ""p50"": {""absolute"": 0.0, ""relative"": 0.0}, ""p95"": {""absolute"": 0.0, ""relative"": 0.0}, ""std_dev"": {""absolute"": -2.066913520228944, ""relative"": -0.08949701400344878}, ""top1"": {""absolute"": -0.01218394953629276, ""relative"": -0.04267924781715503}, ""top10"": {""absolute"": -0.0059015181073783785, ""relative"": -0.009024999991873141}, ""top5"": {""absolute"": -0.008367772977162513, ""relative"": -0.016430746057966628}, ""typical_capture"": {""absolute"": 0.005354891184561172, ""relative"": 0.01705186802443835}}",tier_b_paired,2026-08-23T17:08:00.745048+00:00
b572193b-a72a-48d9-9c06-797f70ca2971,ev_representativeness_v1,price_shock:top1:-0.50,price_shock,"{""cards"": [{""cardName"": ""Victini"", ""cardNumber"": ""172/086"", ""rarityKey"": ""black white rare""}], ""depth"": 1, ""factor"": -0.5}",5.354982560000001,1.74,20.29,19.42231399060616,3.6269612035125203,3.6149825600000005,0.3249310302142235,0.2606865128613976,0.49224942200371974,0.6419000326305451,"{""cv"": {""absolute"": -0.541187451956489, ""relative"": -0.12983880775135007}, ""ev"": {""absolute"": -0.18579302999999925, ""relative"": -0.033531953601463084}, ""gap"": {""absolute"": -0.18579302999999925, ""relative"": -0.04888292549784536}, ""p50"": {""absolute"": 0.0, ""relative"": 0.0}, ""p95"": {""absolute"": 0.0, ""relative"": 0.0}, ""std_dev"": {""absolute"": -3.6724623351078485, ""relative"": -0.15901701247562566}, ""top1"": {""absolute"": -0.02479062554766759, ""relative"": -0.08683926736068324}, ""top10"": {""absolute"": -0.012007791490518116, ""relative"": -0.018363125577612018}, ""top5"": {""absolute"": -0.017025868822487522, ""relative"": -0.03343156271113433}, ""typical_capture"": {""absolute"": 0.010895572228818928, ""relative"": 0.03469535669225391}}",tier_b_paired,2026-08-23T17:08:00.745048+00:00
b572193b-a72a-48d9-9c06-797f70ca2971,ev_representativeness_v1,price_shock:top5:-0.10,price_shock,"{""cards"": [{""cardName"": ""Victini"", ""cardNumber"": ""172/086"", ""rarityKey"": ""black white rare""}, {""cardName"": ""Reshiram ex"", ""cardNumber"": ""173/086"", ""rarityKey"": ""black white rare""}, {""cardName"": ""Reshiram ex"", ""cardNumber"": ""166/086"", ""rarityKey"": ""special illustration rare""}, {""cardName"": ""Oshawott"", ""cardNumber"": ""105/086"", ""rarityKey"": ""illustration rare""}, {""cardName"": ""Hilda"", ""cardNumber"": ""084/086"", ""rarityKey"": ""uncommon""}], ""depth"": 5, ""factor"": -0.1}",5.427046901000001,1.74,20.289999999999996,21.243286317088074,3.9143362319521757,3.6870469010000004,0.32061635577156766,0.27246971289810124,0.5008648341511726,0.648424427721746,"{""cv"": {""absolute"": -0.25381242351683353, ""relative"": -0.060893323270466225}, ""ev"": {""absolute"": -0.11372868899999933, ""relative"": -0.020525770652985303}, ""gap"": {""absolute"": -0.11372868899999933, ""relative"": -0.029922495108425838}, ""p50"": {""absolute"": 0.0, ""relative"": 0.0}, ""p95"": {""absolute"": -3.552713678800501e-15, ""relative"": -1.7509678062102026e-16}, ""std_dev"": {""absolute"": -1.8514900086259338, ""relative"": -0.08016921153570394}, ""top1"": {""absolute"": -0.013007425510963955, ""relative"": -0.045563807958329004}, ""top10"": {""absolute"": -0.005483396399317164, ""relative"": -0.00838558004209165}, ""top5"": {""absolute"": -0.008410456675034705, ""relative"": -0.0165145586808075}, ""typical_capture"": {""absolute"": 0.006580897786163109, ""relative"": 0.02095590678957333}}",tier_b_paired,2026-08-23T17:08:00.745048+00:00
b572193b-a72a-48d9-9c06-797f70ca2971,ev_representativeness_v1,price_shock:top5:-0.25,price_shock,"{""cards"": [{""cardName"": ""Victini"", ""cardNumber"": ""172/086"", ""rarityKey"": ""black white rare""}, {""cardName"": ""Reshiram ex"", ""cardNumber"": ""173/086"", ""rarityKey"": ""black white rare""}, {""cardName"": ""Reshiram ex"", ""cardNumber"": ""166/086"", ""rarityKey"": ""special illustration rare""}, {""cardName"": ""Oshawott"", ""cardNumber"": ""105/086"", ""rarityKey"": ""illustration rare""}, {""cardName"": ""Hilda"", ""cardNumber"": ""084/086"", ""rarityKey"": ""uncommon""}], ""depth"": 5, ""factor"": -0.25}",5.256453867499999,1.74,20.279999999999998,18.555127313831967,3.529970543174746,3.516453867499999,0.33102164384209737,0.251903245681819,0.48756833734354094,0.6397573263777911,"{""cv"": {""absolute"": -0.6381781122942631, ""relative"": -0.15310828980557412}, ""ev"": {""absolute"": -0.28432172250000054, ""relative"": -0.05131442663246366}, ""gap"": {""absolute"": -0.28432172250000054, ""relative"": -0.07480623777106518}, ""p50"": {""absolute"": 0.0, ""relative"": 0.0}, ""p95"": {""absolute"": -0.010000000000001563, ""relative"": -0.0004928536224742023}, ""std_dev"": {""absolute"": -4.539649011882041, ""relative"": -0.19656605233398775}, ""top1"": {""absolute"": -0.0335738927272462, ""relative"": -0.11760623955511836}, ""top10"": {""absolute"": -0.014150497743272039, ""relative"": -0.021639896666310946}, ""top5"": {""absolute"": -0.021706953482666325, ""relative"": -0.04262322141616317}, ""typical_capture"": {""absolute"": 0.016986185856692815, ""relative"": 0.05409002526549815}}",tier_b_paired,2026-08-23T17:08:00.745048+00:00
b572193b-a72a-48d9-9c06-797f70ca2971,ev_representativeness_v1,price_shock:top5:-0.50,price_shock,"{""cards"": [{""cardName"": ""Victini"", ""cardNumber"": ""172/086"", ""rarityKey"": ""black white rare""}, {""cardName"": ""Reshiram ex"", ""cardNumber"": ""173/086"", ""rarityKey"": ""black white rare""}, {""cardName"": ""Reshiram ex"", ""cardNumber"": ""166/086"", ""rarityKey"": ""special illustration rare""}, {""cardName"": ""Oshawott"", ""cardNumber"": ""105/086"", ""rarityKey"": ""illustration rare""}, {""cardName"": ""Hilda"", ""cardNumber"": ""084/086"", ""rarityKey"": ""uncommon""}], ""depth"": 5, ""factor"": -0.5}",4.972132145,1.74,20.25,14.458883979440898,2.9079846548287787,3.2321321449999996,0.3499504738122764,0.21521179522070003,0.4633885721072283,0.6240006861281843,"{""cv"": {""absolute"": -1.2601640006402306, ""relative"": -0.30233182758171906}, ""ev"": {""absolute"": -0.5686434450000002, ""relative"": -0.10262885326492716}, ""gap"": {""absolute"": -0.5686434450000002, ""relative"": -0.14961247554213014}, ""p50"": {""absolute"": 0.0, ""relative"": 0.0}, ""p95"": {""absolute"": -0.03999999999999915, ""relative"": -0.001971414489896459}, ""std_dev"": {""absolute"": -8.63589234627311, ""relative"": -0.3739327120764448}, ""top1"": {""absolute"": -0.07026534318836516, ""relative"": -0.24613299537730662}, ""top10"": {""absolute"": -0.02990713799287892, ""relative"": -0.04573601490864249}, ""top5"": {""absolute"": -0.04588671871897898, ""relative"": -0.09010199305867768}, ""typical_capture"": {""absolute"": 0.03591501582687184, ""relative"": 0.11436611667126159}}",tier_b_paired,2026-08-23T17:08:00.745048+00:00
b572193b-a72a-48d9-9c06-797f70ca2971,ev_representativeness_v1,rarity_ablation:black white rare,rarity_ablation,"{""rarityKey"": ""black white rare""}",4.816027470000001,1.74,20.13,12.530302629757408,2.6017921840793417,3.0760274700000005,0.3612936202791218,0.19210539096032192,0.44080930667947377,0.6050121740688493,"{""cv"": {""absolute"": -1.5663564713896676, ""relative"": -0.37579189248311917}, ""ev"": {""absolute"": -0.7247481199999992, ""relative"": -0.1308026481541728}, ""gap"": {""absolute"": -0.7247481199999992, ""relative"": -0.19068427031231255}, ""p50"": {""absolute"": 0.0, ""relative"": 0.0}, ""p95"": {""absolute"": -0.16000000000000014, ""relative"": -0.00788565795958601}, ""std_dev"": {""absolute"": -10.5644736959566, ""relative"": -0.45743996594563185}, ""top1"": {""absolute"": -0.09337174744874327, ""relative"": -0.3270725914134296}, ""top10"": {""absolute"": -0.04889565005221386, ""relative"": -0.07477452975568222}, ""top5"": {""absolute"": -0.0684659841467335, ""relative"": -0.13443806400985955}, ""typical_capture"": {""absolute"": 0.047258162293717265, ""relative"": 0.1504867080834983}}",tier_b_paired,2026-08-23T17:08:00.745048+00:00
b572193b-a72a-48d9-9c06-797f70ca2971,ev_representativeness_v1,rarity_ablation:common,rarity_ablation,"{""rarityKey"": ""common""}",4.68308298,1.04,19.41,23.0821040884672,4.928826627041146,3.64308298,0.22207592828090353,0.33619442933723115,0.593771204113919,0.7519774697650137,"{""cv"": {""absolute"": 0.7606779715721368, ""relative"": 0.1824978028492469}, ""ev"": {""absolute"": -0.85769261, ""relative"": -0.15479648942071664}, ""gap"": {""absolute"": -0.1576926099999998, ""relative"": -0.04148958712924164}, ""p50"": {""absolute"": -0.7, ""relative"": -0.4022988505747126}, ""p95"": {""absolute"": -0.879999999999999, ""relative"": -0.04337111877772297}, ""std_dev"": {""absolute"": -0.012672237246807327, ""relative"": -0.0005487057795272043}, ""top1"": {""absolute"": 0.05071729092816596, ""relative"": 0.17765797713543094}, ""top10"": {""absolute"": 0.09806964564395049, ""relative"": 0.14997472430578238}, ""top5"": {""absolute"": 0.08449591328771178, ""relative"": 0.16591402490906718}, ""typical_capture"": {""absolute"": -0.09195952970450103, ""relative"": -0.292831676698034}}",tier_b_paired,2026-08-23T17:08:00.745048+00:00
b572193b-a72a-48d9-9c06-797f70ca2971,ev_representativeness_v1,rarity_ablation:double rare,rarity_ablation,"{""rarityKey"": ""double rare""}",5.4843060999999995,1.68,20.23,23.096837602648176,4.211442100696782,3.8043061,0.3063286347200788,0.2883347284353803,0.5140270252238472,0.6596261831556046,"{""cv"": {""absolute"": 0.04329344522777312, ""relative"": 0.010386732529553135}, ""ev"": {""absolute"": -0.056469490000000455, ""relative"": -0.010191621927788715}, ""gap"": {""absolute"": 0.0035305100000000422, ""relative"": 0.0009288919896478399}, ""p50"": {""absolute"": -0.06000000000000005, ""relative"": -0.03448275862068969}, ""p95"": {""absolute"": -0.05999999999999872, ""relative"": -0.002957121734844688}, ""std_dev"": {""absolute"": 0.0020612769341674664, ""relative"": 8.925295075806451e-05}, ""top1"": {""absolute"": 0.0028575900263151377, ""relative"": 0.010009873442897017}, ""top10"": {""absolute"": 0.0057183590345414315, ""relative"": 0.008744900769810557}, ""top5"": {""absolute"": 0.004751734397639984, ""relative"": 0.009330384731470385}, ""typical_capture"": {""absolute"": -0.007706823265325735, ""relative"": -0.02454125185342582}}",tier_b_paired,2026-08-23T17:08:00.745048+00:00
b572193b-a72a-48d9-9c06-797f70ca2971,ev_representativeness_v1,rarity_ablation:illustration rare,rarity_ablation,"{""rarityKey"": ""illustration rare""}",3.5173452,1.6800000000000002,4.8999999999999995,20.997767960810428,5.969777422133724,1.8373451999999997,0.477632960222386,0.35565531640169984,0.5029038435010587,0.5567916450168154,"{""cv"": {""absolute"": 1.8016287666647148, ""relative"": 0.4322371670455673}, ""ev"": {""absolute"": -2.02343039, ""relative"": -0.3651890167961125}, ""gap"": {""absolute"": -1.96343039, ""relative"": -0.5165867711753012}, ""p50"": {""absolute"": -0.05999999999999983, ""relative"": -0.03448275862068956}, ""p95"": {""absolute"": -15.39, ""relative"": -0.7585017249876788}, ""std_dev"": {""absolute"": -2.09700836490358, ""relative"": -0.090800115806653}, ""top1"": {""absolute"": 0.07017817799263465, ""relative"": 0.24582766376225584}, ""top10"": {""absolute"": -0.09711617910424775, ""relative"": -0.14851661889010806}, ""top5"": {""absolute"": -0.006371447325148605, ""relative"": -0.012510811814199902}, ""typical_capture"": {""absolute"": 0.16359750223698144, ""relative"": 0.5209523258503661}}",tier_b_paired,2026-08-23T17:08:00.745048+00:00
b572193b-a72a-48d9-9c06-797f70ca2971,ev_representativeness_v1,rarity_ablation:rare,rarity_ablation,"{""rarityKey"": ""rare""}",5.21296332,1.4999999999999998,19.919999999999998,23.08195267334925,4.427798788607101,3.71296332,0.28774420764579633,0.3028898311910624,0.5374600736688093,0.6861301279979083,"{""cv"": {""absolute"": 0.2596501331380914, ""relative"": 0.06229387543493815}, ""ev"": {""absolute"": -0.3278122699999999, ""relative"": -0.05916360709349716}, ""gap"": {""absolute"": -0.08781226999999969, ""relative"": -0.023103776563667022}, ""p50"": {""absolute"": -0.2400000000000002, ""relative"": -0.13793103448275876}, ""p95"": {""absolute"": -0.370000000000001, ""relative"": -0.01823558403154268}, ""std_dev"": {""absolute"": -0.012823652364758686, ""relative"": -0.0005552620291230391}, ""top1"": {""absolute"": 0.017412692781997197, ""relative"": 0.06099505157938862}, ""top10"": {""absolute"": 0.032222303876845104, ""relative"": 0.049276522910788004}, ""top5"": {""absolute"": 0.028184782842602063, ""relative"": 0.055342922286446175}, ""typical_capture"": {""absolute"": -0.02629125033960822, ""relative"": -0.0837206425932646}}",tier_b_paired,2026-08-23T17:08:00.745048+00:00
b572193b-a72a-48d9-9c06-797f70ca2971,ev_representativeness_v1,rarity_ablation:special illustration rare,rarity_ablation,"{""rarityKey"": ""special illustration rare""}",5.0773773,1.7399999999999998,19.64,21.60123303031206,4.254407690031635,3.3373773000000004,0.3426966122844563,0.2659098940707046,0.48621312818332413,0.634945825278732,"{""cv"": {""absolute"": 0.08625903456262574, ""relative"": 0.02069480762147138}, ""ev"": {""absolute"": -0.46339828999999977, ""relative"": -0.08363419208609381}, ""gap"": {""absolute"": -0.4633982899999993, ""relative"": -0.12192203381310375}, ""p50"": {""absolute"": -2.220446049250313e-16, ""relative"": -1.2761184191093753e-16}, ""p95"": {""absolute"": -0.6499999999999986, ""relative"": -0.03203548546081807}, ""std_dev"": {""absolute"": -1.493543295401949, ""relative"": -0.06467017798042146}, ""top1"": {""absolute"": -0.0195672443383606, ""relative"": -0.06854224631578854}, ""top10"": {""absolute"": -0.018961998842331185, ""relative"": -0.02899796904528336}, ""top5"": {""absolute"": -0.023062162642883133, ""relative"": -0.045284275633064655}, ""typical_capture"": {""absolute"": 0.02866115429905175, ""relative"": 0.09126725524218936}}",tier_b_paired,2026-08-23T17:08:00.745048+00:00
b572193b-a72a-48d9-9c06-797f70ca2971,ev_representativeness_v1,rarity_ablation:ultra rare,rarity_ablation,"{""rarityKey"": ""ultra rare""}",5.465196730000001,1.72,20.23,23.089152228423142,4.224761407339702,3.745196730000001,0.3147187713405515,0.28934555847178073,0.5154579092343121,0.6614270590036014,"{""cv"": {""absolute"": 0.056612751870693145, ""relative"": 0.013582229558058542}, ""ev"": {""absolute"": -0.07557885999999936, ""relative"": -0.013640483858686535}, ""gap"": {""absolute"": -0.0555788599999989, ""relative"": -0.014623031190325788}, ""p50"": {""absolute"": -0.020000000000000018, ""relative"": -0.011494252873563229}, ""p95"": {""absolute"": -0.05999999999999872, ""relative"": -0.002957121734844688}, ""std_dev"": {""absolute"": -0.0056240972908661035, ""relative"": -0.0002435224836797473}, ""top1"": {""absolute"": 0.0038684200627155385, ""relative"": 0.013550717526012229}, ""top10"": {""absolute"": 0.0075192348825382505, ""relative"": 0.011498921721337523}, ""top5"": {""absolute"": 0.006182618408104856, ""relative"": 0.012140032158392515}, ""typical_capture"": {""absolute"": 0.0006833133551469306, ""relative"": 0.002175911470413284}}",tier_b_paired,2026-08-23T17:08:00.745048+00:00
b572193b-a72a-48d9-9c06-797f70ca2971,ev_representativeness_v1,rarity_ablation:uncommon,rarity_ablation,"{""rarityKey"": ""uncommon""}",4.52913003,1.03,19.509999999999998,23.059560841886217,5.091388564502357,3.49913003,0.22741674298982315,0.3472878057334114,0.6122568046473156,0.7712990721973156,"{""cv"": {""absolute"": 0.9232399090333478, ""relative"": 0.221498796071481}, ""ev"": {""absolute"": -1.0116455599999998, ""relative"": -0.1825819406629316}, ""gap"": {""absolute"": -0.30164555999999987, ""relative"": -0.07936421208177669}, ""p50"": {""absolute"": -0.71, ""relative"": -0.40804597701149425}, ""p95"": {""absolute"": -0.7800000000000011, ""relative"": -0.03844258255298182}, ""std_dev"": {""absolute"": -0.03521548382779116, ""relative"": -0.0015248246326846563}, ""top1"": {""absolute"": 0.0618106673243462, ""relative"": 0.21651704815597744}, ""top10"": {""absolute"": 0.11739124807625245, ""relative"": 0.179522623443207}, ""top5"": {""absolute"": 0.10298151382110832, ""relative"": 0.2022118796575412}, ""typical_capture"": {""absolute"": -0.08661871499558141, ""relative"": -0.27582463315211747}}",tier_b_paired,2026-08-23T17:08:00.745048+00:00
b572193b-a72a-48d9-9c06-797f70ca2971,ev_representativeness_v1,top_card_ablation:1,top_card_ablation,"{""cards"": [{""cardName"": ""Victini"", ""cardNumber"": ""172/086"", ""evShare"": 0.06706390720292645, ""priceUsed"": 565.58, ""rarityKey"": ""black white rare""}], ""depth"": 1}",5.16918953,1.74,20.21,18.058118721839172,3.493413932113875,3.4291895299999995,0.33660982827224756,0.24051748398554074,0.4763869878843463,0.6304439431146182,"{""cv"": {""absolute"": -0.6747347233551344, ""relative"": -0.16187875700398016}, ""ev"": {""absolute"": -0.3715860600000003, ""relative"": -0.06706390720292649}, ""gap"": {""absolute"": -0.3715860600000003, ""relative"": -0.0977658509956912}, ""p50"": {""absolute"": 0.0, ""relative"": 0.0}, ""p95"": {""absolute"": -0.0799999999999983, ""relative"": -0.003942828979792918}, ""std_dev"": {""absolute"": -5.036657603874836, ""relative"": -0.2180864422690667}, ""top1"": {""absolute"": -0.04495965442352445, ""relative"": -0.15748950922683336}, ""top10"": {""absolute"": -0.02346388100644503, ""relative"": -0.035882551241810764}, ""top5"": {""absolute"": -0.03288830294186096, ""relative"": -0.06457863464867031}, ""typical_capture"": {""absolute"": 0.022574370286843004, ""relative"": 0.07188478152009253}}",tier_b_paired,2026-08-23T17:08:00.745048+00:00
b572193b-a72a-48d9-9c06-797f70ca2971,ev_representativeness_v1,top_card_ablation:10,top_card_ablation,"{""cards"": [{""cardName"": ""Victini"", ""cardNumber"": ""172/086"", ""evShare"": 0.06706390720292645, ""priceUsed"": 565.58, ""rarityKey"": ""black white rare""}, {""cardName"": ""Reshiram ex"", ""cardNumber"": ""173/086"", ""evShare"": 0.0637387409512465, ""priceUsed"": 485.78, ""rarityKey"": ""black white rare""}, {""cardName"": ""Reshiram ex"", ""cardNumber"": ""166/086"", ""evShare"": 0.034416936203691295, ""priceUsed"": 204.61, ""rarityKey"": ""special illustration rare""}, {""cardName"": ""Oshawott"", ""cardNumber"": ""105/086"", ""evShare"": 0.020597540569225616, ""priceUsed"": 92.41, ""rarityKey"": ""illustration rare""}, {""cardName"": ""Hilda"", ""cardNumber"": ""084/086"", ""evShare"": 0.019440581602764385, ""priceUsed"": 1.15, ""rarityKey"": ""uncommon""}, {""cardName"": ""Zoroark"", ""cardNumber"": ""143/086"", ""evShare"": 0.01680063711080564, ""priceUsed"": 78.16, ""rarityKey"": ""illustration rare""}, {""cardName"": ""Chandelure"", ""cardNumber"": ""103/086"", ""evShare"": 0.016061018634396632, ""priceUsed"": 72.35, ""rarityKey"": ""illustration rare""}, {""cardName"": ""Hydreigon ex"", ""cardNumber"": ""169/086"", ""evShare"": 0.013938635258823035, ""priceUsed"": 80.87, ""rarityKey"": ""special illustration rare""}, {""cardName"": ""Keldeo ex"", ""cardNumber"": ""167/086"", ""evShare"": 0.013711149055939295, ""priceUsed"": 77.6, ""rarityKey"": ""special illustration rare""}, {""cardName"": ""Samurott"", ""cardNumber"": ""107/086"", ""evShare"": 0.01158685800519851, ""priceUsed"": 52.58, ""rarityKey"": ""illustration rare""}], ""depth"": 10}",4.00400821,1.68,18.89,8.019640586357509,2.0029031324981994,2.3240082100000006,0.4195795592537009,0.1322621963355065,0.3851550094598832,0.567611283694146,"{""cv"": {""absolute"": -2.16524552297081, ""relative"": -0.5194741603396992}, ""ev"": {""absolute"": -1.5367673799999997, ""relative"": -0.2773560045950173}, ""gap"": {""absolute"": -1.4767673799999992, ""relative"": -0.3885436919468322}, ""p50"": {""absolute"": -0.06000000000000005, ""relative"": -0.03448275862068969}, ""p95"": {""absolute"": -1.3999999999999986, ""relative"": -0.06899950714637745}, ""std_dev"": {""absolute"": -15.075135739356499, ""relative"": -0.6527508873325462}, ""top1"": {""absolute"": -0.15321494207355868, ""relative"": -0.536697764757661}, ""top10"": {""absolute"": -0.08629654042691715, ""relative"": -0.13197049682485582}, ""top5"": {""absolute"": -0.12412028136632408, ""relative"": -0.24371942562726992}, ""typical_capture"": {""absolute"": 0.10554410126829633, ""relative"": 0.33608975860681856}}",tier_b_paired,2026-08-23T17:08:00.745048+00:00
b572193b-a72a-48d9-9c06-797f70ca2971,ev_representativeness_v1,top_card_ablation:5,top_card_ablation,"{""cards"": [{""cardName"": ""Victini"", ""cardNumber"": ""172/086"", ""evShare"": 0.06706390720292645, ""priceUsed"": 565.58, ""rarityKey"": ""black white rare""}, {""cardName"": ""Reshiram ex"", ""cardNumber"": ""173/086"", ""evShare"": 0.0637387409512465, ""priceUsed"": 485.78, ""rarityKey"": ""black white rare""}, {""cardName"": ""Reshiram ex"", ""cardNumber"": ""166/086"", ""evShare"": 0.034416936203691295, ""priceUsed"": 204.61, ""rarityKey"": ""special illustration rare""}, {""cardName"": ""Oshawott"", ""cardNumber"": ""105/086"", ""evShare"": 0.020597540569225616, ""priceUsed"": 92.41, ""rarityKey"": ""illustration rare""}, {""cardName"": ""Hilda"", ""cardNumber"": ""084/086"", ""evShare"": 0.019440581602764385, ""priceUsed"": 1.15, ""rarityKey"": ""uncommon""}], ""depth"": 5}",4.4034887000000005,1.68,19.86,10.006000156394776,2.2722892774528467,2.7234887000000008,0.381515683235431,0.16190616771651986,0.4199192108747775,0.5947612968780867,"{""cv"": {""absolute"": -1.8958593780161626, ""relative"": -0.45484447286413693}, ""ev"": {""absolute"": -1.1372868899999995, ""relative"": -0.20525770652985414}, ""gap"": {""absolute"": -1.077286889999999, ""relative"": -0.2834386994155577}, ""p50"": {""absolute"": -0.06000000000000005, ""relative"": -0.03448275862068969}, ""p95"": {""absolute"": -0.4299999999999997, ""relative"": -0.02119270576638737}, ""std_dev"": {""absolute"": -13.088776169319232, ""relative"": -0.5667418460661179}, ""top1"": {""absolute"": -0.12357097069254533, ""relative"": -0.4328576760338627}, ""top10"": {""absolute"": -0.05914652724297653, ""relative"": -0.09045086334985687}, ""top5"": {""absolute"": -0.08935607995142975, ""relative"": -0.17545732447860493}, ""typical_capture"": {""absolute"": 0.06748022525002645, ""relative"": 0.2148809108465794}}",tier_b_paired,2026-08-23T17:08:00.745048+00:00
b572193b-a72a-48d9-9c06-797f70ca2971,ev_representativeness_v1,winsorize_top:0.0100,winsorization,"{""quantile"": 0.01}",4.49611083,1.74,20.29,8.364083177232082,1.860292927261333,2.75611083,0.38700113626869825,0.11945879901719413,0.39525612405777816,0.5734938144307266,"{""cv"": {""absolute"": -2.3078557282076764, ""relative"": -0.5536884403533807}, ""ev"": {""absolute"": -1.0446647599999999, ""relative"": -0.18854125077460498}, ""gap"": {""absolute"": -1.0446647599999999, ""relative"": -0.27485568017973927}, ""p50"": {""absolute"": 0.0, ""relative"": 0.0}, ""p95"": {""absolute"": 0.0, ""relative"": 0.0}, ""std_dev"": {""absolute"": -14.730693148481926, ""relative"": -0.637836580044319}, ""top1"": {""absolute"": -0.16601833939187105, ""relative"": -0.5815468808363228}, ""top10"": {""absolute"": -0.08041400969033663, ""relative"": -0.12297453360253562}, ""top5"": {""absolute"": -0.1140191667684291, ""relative"": -0.22388513407641195}, ""typical_capture"": {""absolute"": 0.0729656782832937, ""relative"": 0.2323485339884292}}",tier_b_paired,2026-08-23T17:08:00.745048+00:00
c5c81ccc-460f-43e7-b0bb-cc19d880e4ae,ev_representativeness_v1,price_shock:top1:-0.10,price_shock,"{""cards"": [{""cardName"": ""Pikachu ex"", ""cardNumber"": ""238/191"", ""rarityKey"": ""special illustration rare""}], ""depth"": 1, ""factor"": -0.1}",3.54829288,1.6300000000000001,10.2,12.07343160229689,3.4026028883773796,1.9182928799999999,0.45937583371077306,0.25398923383122757,0.43281343224407104,0.5418234246773901,"{""cv"": {""absolute"": -0.16208004394533182, ""relative"": -0.04546829185722897}, ""ev"": {""absolute"": -0.03084819999999988, ""relative"": -0.008618883500395542}, ""gap"": {""absolute"": -0.03084819999999988, ""relative"": -0.015826560897274754}, ""p50"": {""absolute"": 0.0, ""relative"": 0.0}, ""p95"": {""absolute"": 0.0, ""relative"": 0.0}, ""std_dev"": {""absolute"": -0.6850715179541851, ""relative"": -0.05369528944714507}, ""top1"": {""absolute"": -0.006429779883649511, ""relative"": -0.024690132229320375}, ""top10"": {""absolute"": -0.0039489705253158425, ""relative"": -0.007235562956329353}, ""top5"": {""absolute"": -0.004888514950477596, ""relative"": -0.011168593107274347}, ""typical_capture"": {""absolute"": 0.003959306793650197, ""relative"": 0.00869381447452546}}",tier_b_paired,2026-08-23T17:06:11.641971+00:00
c5c81ccc-460f-43e7-b0bb-cc19d880e4ae,ev_representativeness_v1,price_shock:top1:-0.25,price_shock,"{""cards"": [{""cardName"": ""Pikachu ex"", ""cardNumber"": ""238/191"", ""rarityKey"": ""special illustration rare""}], ""depth"": 1, ""factor"": -0.25}",3.50202058,1.6300000000000001,10.2,11.118867317368998,3.1749862867364986,1.8720205799999998,0.46544557999142316,0.24413217183321062,0.4253191795920285,0.5357695242327788,"{""cv"": {""absolute"": -0.38969664558621275, ""relative"": -0.10932154499707225}, ""ev"": {""absolute"": -0.07712049999999993, ""relative"": -0.02154720875098892}, ""gap"": {""absolute"": -0.07712049999999993, ""relative"": -0.039566402243187}, ""p50"": {""absolute"": 0.0, ""relative"": 0.0}, ""p95"": {""absolute"": 0.0, ""relative"": 0.0}, ""std_dev"": {""absolute"": -1.6396358028820774, ""relative"": -0.12851317959702868}, ""top1"": {""absolute"": -0.01628684188166646, ""relative"": -0.06254090916532809}, ""top10"": {""absolute"": -0.010002870969927136, ""relative"": -0.018327916651431148}, ""top5"": {""absolute"": -0.012382767602520162, ""relative"": -0.028290410133853715}, ""typical_capture"": {""absolute"": 0.010029053074300298, ""relative"": 0.022021715246459194}}",tier_b_paired,2026-08-23T17:06:11.641971+00:00
c5c81ccc-460f-43e7-b0bb-cc19d880e4ae,ev_representativeness_v1,price_shock:top1:-0.50,price_shock,"{""cards"": [{""cardName"": ""Pikachu ex"", ""cardNumber"": ""238/191"", ""rarityKey"": ""special illustration rare""}], ""depth"": 1, ""factor"": -0.5}",3.42490008,1.6300000000000001,10.2,9.784791307432979,2.856956722495968,1.79490008,0.4759262933007961,0.22711184905575402,0.41237875179120553,0.5253161721436264,"{""cv"": {""absolute"": -0.7077262098267432, ""relative"": -0.1985383337770229}, ""ev"": {""absolute"": -0.15424099999999985, ""relative"": -0.04309441750197784}, ""gap"": {""absolute"": -0.15424099999999985, ""relative"": -0.079132804486374}, ""p50"": {""absolute"": 0.0, ""relative"": 0.0}, ""p95"": {""absolute"": 0.0, ""relative"": 0.0}, ""std_dev"": {""absolute"": -2.973711812818097, ""relative"": -0.23307685743306672}, ""top1"": {""absolute"": -0.03330716465912306, ""relative"": -0.1278983595859472}, ""top10"": {""absolute"": -0.02045622305907957, ""relative"": -0.03748123437331766}, ""top5"": {""absolute"": -0.0253231954033431, ""relative"": -0.05785488404987039}, ""typical_capture"": {""absolute"": 0.020509766383673245, ""relative"": 0.045035182457060084}}",tier_b_paired,2026-08-23T17:06:11.641971+00:00
c5c81ccc-460f-43e7-b0bb-cc19d880e4ae,ev_representativeness_v1,price_shock:top5:-0.10,price_shock,"{""cards"": [{""cardName"": ""Pikachu ex"", ""cardNumber"": ""238/191"", ""rarityKey"": ""special illustration rare""}, {""cardName"": ""Latias ex"", ""cardNumber"": ""239/191"", ""rarityKey"": ""special illustration rare""}, {""cardName"": ""Milotic ex"", ""cardNumber"": ""237/191"", ""rarityKey"": ""special illustration rare""}, {""cardName"": ""Latios"", ""cardNumber"": ""203/191"", ""rarityKey"": ""illustration rare""}, {""cardName"": ""Pikachu ex"", ""cardNumber"": ""219/191"", ""rarityKey"": ""ultra rare""}], ""depth"": 5, ""factor"": -0.1}",3.4962796270000003,1.6300000000000001,10.2,11.638437720818363,3.3288063205644627,1.8662796270000002,0.4662098498679379,0.24583130261165462,0.42437554351827583,0.5350072495788963,"{""cv"": {""absolute"": -0.2358766117582487, ""relative"": -0.06617043261251679}, ""ev"": {""absolute"": -0.08286145299999959, ""relative"": -0.023151211742678663}, ""gap"": {""absolute"": -0.08286145299999959, ""relative"": -0.04251177805969776}, ""p50"": {""absolute"": 0.0, ""relative"": 0.0}, ""p95"": {""absolute"": 0.0, ""relative"": 0.0}, ""std_dev"": {""absolute"": -1.120065399432713, ""relative"": -0.08778971865867845}, ""top1"": {""absolute"": -0.014587711103222462, ""relative"": -0.05601630578016855}, ""top10"": {""absolute"": -0.010765145623809591, ""relative"": -0.01972460629821942}, ""top5"": {""absolute"": -0.013326403676272802, ""relative"": -0.03044629744438746}, ""typical_capture"": {""absolute"": 0.010793322950815032, ""relative"": 0.0236998929834165}}",tier_b_paired,2026-08-23T17:06:11.641971+00:00
c5c81ccc-460f-43e7-b0bb-cc19d880e4ae,ev_representativeness_v1,price_shock:top5:-0.25,price_shock,"{""cards"": [{""cardName"": ""Pikachu ex"", ""cardNumber"": ""238/191"", ""rarityKey"": ""special illustration rare""}, {""cardName"": ""Latias ex"", ""cardNumber"": ""239/191"", ""rarityKey"": ""special illustration rare""}, {""cardName"": ""Milotic ex"", ""cardNumber"": ""237/191"", ""rarityKey"": ""special illustration rare""}, {""cardName"": ""Latios"", ""cardNumber"": ""203/191"", ""rarityKey"": ""illustration rare""}, {""cardName"": ""Pikachu ex"", ""cardNumber"": ""219/191"", ""rarityKey"": ""ultra rare""}], ""depth"": 5, ""factor"": -0.25}",3.3719874474999996,1.6300000000000001,10.2,9.99481691335545,2.9640729892887454,1.7419874474999995,0.483394444783146,0.22339075225753785,0.4031579027697433,0.5178675172099673,"{""cv"": {""absolute"": -0.600609943033966, ""relative"": -0.16848902256858356}, ""ev"": {""absolute"": -0.2071536325000003, ""relative"": -0.05787802935669703}, ""gap"": {""absolute"": -0.2071536325000003, ""relative"": -0.10627944514924509}, ""p50"": {""absolute"": 0.0, ""relative"": 0.0}, ""p95"": {""absolute"": 0.0, ""relative"": 0.0}, ""std_dev"": {""absolute"": -2.763686206895626, ""relative"": -0.21661523933077495}, ""top1"": {""absolute"": -0.03702826145733923, ""relative"": -0.14218724251018042}, ""top10"": {""absolute"": -0.027904877992738664, ""relative"": -0.05112914877707306}, ""top5"": {""absolute"": -0.034544044424805354, ""relative"": -0.07892138622232656}, ""typical_capture"": {""absolute"": 0.02797791786602316, ""relative"": 0.06143369028659473}}",tier_b_paired,2026-08-23T17:06:11.641971+00:00
c5c81ccc-460f-43e7-b0bb-cc19d880e4ae,ev_representativeness_v1,price_shock:top5:-0.50,price_shock,"{""cards"": [{""cardName"": ""Pikachu ex"", ""cardNumber"": ""238/191"", ""rarityKey"": ""special illustration rare""}, {""cardName"": ""Latias ex"", ""cardNumber"": ""239/191"", ""rarityKey"": ""special illustration rare""}, {""cardName"": ""Milotic ex"", ""cardNumber"": ""237/191"", ""rarityKey"": ""special illustration rare""}, {""cardName"": ""Latios"", ""cardNumber"": ""203/191"", ""rarityKey"": ""illustration rare""}, {""cardName"": ""Pikachu ex"", ""cardNumber"": ""219/191"", ""rarityKey"": ""ultra rare""}], ""depth"": 5, ""factor"": -0.5}",3.164833815,1.6300000000000001,10.2,7.424370904959392,2.3458959739910994,1.534833815,0.5150349418899899,0.18784055964720536,0.3640917098201568,0.48630962160014707,"{""cv"": {""absolute"": -1.218786958331612, ""relative"": -0.34190613344044674}, ""ev"": {""absolute"": -0.4143072649999997, ""relative"": -0.11575605871339381}, ""gap"": {""absolute"": -0.4143072649999997, ""relative"": -0.2125588902984897}, ""p50"": {""absolute"": 0.0, ""relative"": 0.0}, ""p95"": {""absolute"": 0.0, ""relative"": 0.0}, ""std_dev"": {""absolute"": -5.334132215291684, ""relative"": -0.4180844856968388}, ""top1"": {""absolute"": -0.07257845406767172, ""relative"": -0.2786987518013378}, ""top10"": {""absolute"": -0.05946277360255886, ""relative"": -0.10895159616945031}, ""top5"": {""absolute"": -0.07361023737439182, ""relative"": -0.16817434294317574}, ""typical_capture"": {""absolute"": 0.05961841497286702, ""relative"": 0.13090964303918737}}",tier_b_paired,2026-08-23T17:06:11.641971+00:00
c5c81ccc-460f-43e7-b0bb-cc19d880e4ae,ev_representativeness_v1,rarity_ablation:ace spec rare,rarity_ablation,"{""rarityKey"": ""ace spec rare""}",3.51513919,1.6,10.15,12.755196873346414,3.6286463163771367,1.91513919,0.4551740097665948,0.2650099269610999,0.4448327179897534,0.5539177753015238,"{""cv"": {""absolute"": 0.06396338405442537, ""relative"": 0.017943639103056908}, ""ev"": {""absolute"": -0.06400188999999967, ""relative"": -0.017881913165602198}, ""gap"": {""absolute"": -0.034001889999999646, ""relative"": -0.017444550499135573}, ""p50"": {""absolute"": -0.030000000000000027, ""relative"": -0.018404907975460138}, ""p95"": {""absolute"": -0.049999999999998934, ""relative"": -0.004901960784313621}, ""std_dev"": {""absolute"": -0.003306246904662302, ""relative"": -0.0002591406588610246}, ""top1"": {""absolute"": 0.004590913246222794, ""relative"": 0.01762894798169081}, ""top10"": {""absolute"": 0.008145380098817823, ""relative"": 0.014924499975475194}, ""top5"": {""absolute"": 0.007130770795204744, ""relative"": 0.01629138467605509}, ""typical_capture"": {""absolute"": -0.00024251715052808764, ""relative"": -0.0005325172368463939}}",tier_b_paired,2026-08-23T17:06:11.641971+00:00
c5c81ccc-460f-43e7-b0bb-cc19d880e4ae,ev_representativeness_v1,rarity_ablation:common,rarity_ablation,"{""rarityKey"": ""common""}",2.92090011,0.98,9.66,12.77455397476178,4.373499090580602,1.9409001099999998,0.3355130141715117,0.31725337570684675,0.5269610811853475,0.6491999926693831,"{""cv"": {""absolute"": 0.808816158257891, ""relative"": 0.22689708274583473}, ""ev"": {""absolute"": -0.65824097, ""relative"": -0.18391031682942213}, ""gap"": {""absolute"": -0.008240969999999903, ""relative"": -0.004228000776629213}, ""p50"": {""absolute"": -0.6500000000000001, ""relative"": -0.39877300613496935}, ""p95"": {""absolute"": -0.5399999999999991, ""relative"": -0.05294117647058816}, ""std_dev"": {""absolute"": 0.01605085451070387, ""relative"": 0.001258051540954438}, ""top1"": {""absolute"": 0.05683436199196967, ""relative"": 0.21824198310725293}, ""top10"": {""absolute"": 0.10342759746667718, ""relative"": 0.1895068317412115}, ""top5"": {""absolute"": 0.08925913399079882, ""relative"": 0.20392674641478153}, ""typical_capture"": {""absolute"": -0.11990351274561117, ""relative"": -0.2632831828859635}}",tier_b_paired,2026-08-23T17:06:11.641971+00:00
c5c81ccc-460f-43e7-b0bb-cc19d880e4ae,ev_representativeness_v1,rarity_ablation:double rare,rarity_ablation,"{""rarityKey"": ""double rare""}",3.3671341500000005,1.53,10.040000000000001,12.742821367585899,3.784470947671003,1.8371341500000005,0.45439235024241603,0.2762059480166538,0.4619561148165124,0.5674499128583872,"{""cv"": {""absolute"": 0.2197880153482914, ""relative"": 0.06165710093185756}, ""ev"": {""absolute"": -0.21200692999999937, ""relative"": -0.05923402438218484}, ""gap"": {""absolute"": -0.11200692999999928, ""relative"": -0.057464762889302655}, ""p50"": {""absolute"": -0.10000000000000009, ""relative"": -0.06134969325153379}, ""p95"": {""absolute"": -0.15999999999999837, ""relative"": -0.015686274509803762}, ""std_dev"": {""absolute"": -0.01568175266517713, ""relative"": -0.0012291216702597417}, ""top1"": {""absolute"": 0.015786934301776745, ""relative"": 0.06062128135951418}, ""top10"": {""absolute"": 0.021677517655681267, ""relative"": 0.03971897048334589}, ""top5"": {""absolute"": 0.02425416762196375, ""relative"": 0.055412519358026345}, ""typical_capture"": {""absolute"": -0.0010241766747068337, ""relative"": -0.0022488790243073774}}",tier_b_paired,2026-08-23T17:06:11.641971+00:00
c5c81ccc-460f-43e7-b0bb-cc19d880e4ae,ev_representativeness_v1,rarity_ablation:hyper rare,rarity_ablation,"{""rarityKey"": ""hyper rare""}",3.46005845,1.6200000000000003,9.96,12.455488290985768,3.5997912957180733,1.8400584499999997,0.4682001831500853,0.25357453137821995,0.4293353859383503,0.5364480446854879,"{""cv"": {""absolute"": 0.03510836339536194, ""relative"": 0.009848944229237714}, ""ev"": {""absolute"": -0.11908262999999986, ""relative"": -0.033271286975924366}, ""gap"": {""absolute"": -0.10908263000000007, ""relative"": -0.05596446102300614}, ""p50"": {""absolute"": -0.009999999999999787, ""relative"": -0.006134969325153243}, ""p95"": {""absolute"": -0.23999999999999844, ""relative"": -0.02352941176470573}, ""std_dev"": {""absolute"": -0.3030148292653081, ""relative"": -0.023750029796547563}, ""top1"": {""absolute"": -0.006844482336657132, ""relative"": -0.026282575296713535}, ""top10"": {""absolute"": -0.009324350517218027, ""relative"": -0.0170846869485857}, ""top5"": {""absolute"": -0.008366561256198335, ""relative"": -0.019114745341719003}, ""typical_capture"": {""absolute"": 0.01278365623296246, ""relative"": 0.028070251028217166}}",tier_b_paired,2026-08-23T17:06:11.641971+00:00
c5c81ccc-460f-43e7-b0bb-cc19d880e4ae,ev_representativeness_v1,rarity_ablation:illustration rare,rarity_ablation,"{""rarityKey"": ""illustration rare""}",2.87446522,1.58,4.93,12.432561087218126,4.3251736012370765,1.2944652199999997,0.549667461274762,0.3196022528322676,0.4372387292269968,0.5006742088881492,"{""cv"": {""absolute"": 0.7604906689143651, ""relative"": 0.21334034003939786}, ""ev"": {""absolute"": -0.70467586, ""relative"": -0.19688406918008386}, ""gap"": {""absolute"": -0.65467586, ""relative"": -0.33587915555091585}, ""p50"": {""absolute"": -0.050000000000000044, ""relative"": -0.030674846625766895}, ""p95"": {""absolute"": -5.27, ""relative"": -0.5166666666666666}, ""std_dev"": {""absolute"": -0.3259420330329501, ""relative"": -0.02554704340790535}, ""top1"": {""absolute"": 0.05918323911739054, ""relative"": 0.22726158997817275}, ""top10"": {""absolute"": -0.045098186314556754, ""relative"": -0.08263185663284928}, ""top5"": {""absolute"": -0.0004632179675518322, ""relative"": -0.0010582954234515714}, ""typical_capture"": {""absolute"": 0.0942509343576391, ""relative"": 0.20695545459374812}}",tier_b_paired,2026-08-23T17:06:11.641971+00:00
c5c81ccc-460f-43e7-b0bb-cc19d880e4ae,ev_representativeness_v1,rarity_ablation:rare,rarity_ablation,"{""rarityKey"": ""rare""}",3.37994873,1.4000000000000001,10.01,12.76565516372236,3.776878344460083,1.97994873,0.4142074663955036,0.27523603294420385,0.46109911850645136,0.5737635878281502,"{""cv"": {""absolute"": 0.2121954121373717, ""relative"": 0.05952714902447363}, ""ev"": {""absolute"": -0.19919234999999968, ""relative"": -0.0556536737579508}, ""gap"": {""absolute"": 0.030807650000000297, ""relative"": 0.01580575686188929}, ""p50"": {""absolute"": -0.22999999999999998, ""relative"": -0.1411042944785276}, ""p95"": {""absolute"": -0.1899999999999995, ""relative"": -0.018627450980392108}, ""std_dev"": {""absolute"": 0.007152043471284841, ""relative"": 0.0005605707349738137}, ""top1"": {""absolute"": 0.014817019229326767, ""relative"": 0.056896841048439575}, ""top10"": {""absolute"": 0.02799119262544425, ""relative"": 0.051287300111703175}, ""top5"": {""absolute"": 0.02339717131190272, ""relative"": 0.05345457442414166}, ""typical_capture"": {""absolute"": -0.04120906052161927, ""relative"": -0.09048652845468327}}",tier_b_paired,2026-08-23T17:06:11.641971+00:00
c5c81ccc-460f-43e7-b0bb-cc19d880e4ae,ev_representativeness_v1,rarity_ablation:special illustration rare,rarity_ablation,"{""rarityKey"": ""special illustration rare""}",2.7677186400000005,1.62,9.39,4.614760596476978,1.6673517783863236,1.1477186400000003,0.5853196118229705,0.13625625616337936,0.3074471363172956,0.4287642872542853,"{""cv"": {""absolute"": -1.8973311539363877, ""relative"": -0.5322580408855904}, ""ev"": {""absolute"": -0.8114224399999994, ""relative"": -0.22670870520700442}, ""gap"": {""absolute"": -0.8014224399999994, ""relative"": -0.41116697412174985}, ""p50"": {""absolute"": -0.010000000000000009, ""relative"": -0.00613496932515338}, ""p95"": {""absolute"": -0.8099999999999987, ""relative"": -0.07941176470588224}, ""std_dev"": {""absolute"": -8.143742523774097, ""relative"": -0.6382992148074057}, ""top1"": {""absolute"": -0.12416275755149772, ""relative"": -0.47678069193303535}, ""top10"": {""absolute"": -0.11700810794842065, ""relative"": -0.2143899342966266}, ""top5"": {""absolute"": -0.13025481087725305, ""relative"": -0.2975879173307806}, ""typical_capture"": {""absolute"": 0.12990308490584768, ""relative"": 0.2852401641749983}}",tier_b_paired,2026-08-23T17:06:11.641971+00:00
c5c81ccc-460f-43e7-b0bb-cc19d880e4ae,ev_representativeness_v1,rarity_ablation:ultra rare,rarity_ablation,"{""rarityKey"": ""ultra rare""}",3.3390951799999997,1.5800000000000003,9.94,12.649166221111207,3.7882017550368863,1.7590951799999994,0.4731820792242288,0.2785451207174034,0.4462778266775851,0.5513562359728841,"{""cv"": {""absolute"": 0.2235188227141749, ""relative"": 0.06270370379576291}, ""ev"": {""absolute"": -0.24004590000000015, ""relative"": -0.06706801845318715}, ""gap"": {""absolute"": -0.19004590000000032, ""relative"": -0.09750238294705704}, ""p50"": {""absolute"": -0.04999999999999982, ""relative"": -0.03067484662576676}, ""p95"": {""absolute"": -0.2599999999999998, ""relative"": -0.025490196078431355}, ""std_dev"": {""absolute"": -0.1093368991398691, ""relative"": -0.008569727820681636}, ""top1"": {""absolute"": 0.018126107002526315, ""relative"": 0.06960362357555007}, ""top10"": {""absolute"": 0.00558384077017815, ""relative"": 0.01023107951090903}, ""top5"": {""absolute"": 0.008575879483036453, ""relative"": 0.019592966259354264}, ""typical_capture"": {""absolute"": 0.017765552307105914, ""relative"": 0.039009458939418123}}",tier_b_paired,2026-08-23T17:06:11.641971+00:00
c5c81ccc-460f-43e7-b0bb-cc19d880e4ae,ev_representativeness_v1,rarity_ablation:uncommon,rarity_ablation,"{""rarityKey"": ""uncommon""}",3.0086689699999996,1.07,9.73,12.772178999483963,4.245126043056828,1.9386689699999995,0.3556389920822696,0.3082334511529861,0.5128021079700237,0.6328110267311993,"{""cv"": {""absolute"": 0.6804431107341169, ""relative"": 0.19088460983842595}, ""ev"": {""absolute"": -0.5704721100000003, ""relative"": -0.15938799204863988}, ""gap"": {""absolute"": -0.010472110000000256, ""relative"": -0.005372679334222568}, ""p50"": {""absolute"": -0.56, ""relative"": -0.34355828220858897}, ""p95"": {""absolute"": -0.46999999999999886, ""relative"": -0.04607843137254891}, ""std_dev"": {""absolute"": 0.0136758792328866, ""relative"": 0.0010719031146513896}, ""top1"": {""absolute"": 0.047814437438109036, ""relative"": 0.18360578498488306}, ""top10"": {""absolute"": 0.08703863152849334, ""relative"": 0.15947789278746174}, ""top5"": {""absolute"": 0.07510016077547504, ""relative"": 0.17157831089587253}, ""typical_capture"": {""absolute"": -0.09977753483485324, ""relative"": -0.21909072011567743}}",tier_b_paired,2026-08-23T17:06:11.641971+00:00
c5c81ccc-460f-43e7-b0bb-cc19d880e4ae,ev_representativeness_v1,top_card_ablation:1,top_card_ablation,"{""cards"": [{""cardName"": ""Pikachu ex"", ""cardNumber"": ""238/191"", ""evShare"": 0.08618883500395576, ""priceUsed"": 292.4, ""rarityKey"": ""special illustration rare""}], ""depth"": 1}",3.27065908,1.6300000000000001,10.12,8.588210978918342,2.6258349674642156,1.64065908,0.4983704996853417,0.2010648599914608,0.3874548459511103,0.5042601382960403,"{""cv"": {""absolute"": -0.9388479648584958, ""relative"": -0.263374887103003}, ""ev"": {""absolute"": -0.3084819999999997, ""relative"": -0.08618883500395567}, ""gap"": {""absolute"": -0.3084819999999997, ""relative"": -0.158265608972748}, ""p50"": {""absolute"": 0.0, ""relative"": 0.0}, ""p95"": {""absolute"": -0.08000000000000007, ""relative"": -0.007843137254901968}, ""std_dev"": {""absolute"": -4.170292141332734, ""relative"": -0.32686374741825247}, ""top1"": {""absolute"": -0.05935415372341629, ""relative"": -0.22791789615024388}, ""top10"": {""absolute"": -0.0415122569066656, ""relative"": -0.07606148143723444}, ""top5"": {""absolute"": -0.05024710124343834, ""relative"": -0.11479752732538025}, ""typical_capture"": {""absolute"": 0.04295397276821883, ""relative"": 0.09431799293492842}}",tier_b_paired,2026-08-23T17:06:11.641971+00:00
c5c81ccc-460f-43e7-b0bb-cc19d880e4ae,ev_representativeness_v1,top_card_ablation:10,top_card_ablation,"{""cards"": [{""cardName"": ""Pikachu ex"", ""cardNumber"": ""238/191"", ""evShare"": 0.08618883500395576, ""priceUsed"": 292.4, ""rarityKey"": ""special illustration rare""}, {""cardName"": ""Latias ex"", ""cardNumber"": ""239/191"", ""evShare"": 0.05071958772857314, ""priceUsed"": 179.38, ""rarityKey"": ""special illustration rare""}, {""cardName"": ""Milotic ex"", ""cardNumber"": ""237/191"", ""evShare"": 0.035882799009420444, ""priceUsed"": 123.49, ""rarityKey"": ""special illustration rare""}, {""cardName"": ""Latios"", ""cardNumber"": ""203/191"", ""evShare"": 0.03215599704720217, ""priceUsed"": 34.51, ""rarityKey"": ""illustration rare""}, {""cardName"": ""Pikachu ex"", ""cardNumber"": ""219/191"", ""evShare"": 0.02656489863763627, ""priceUsed"": 30.88, ""rarityKey"": ""ultra rare""}, {""cardName"": ""Pikachu ex"", ""cardNumber"": ""247/191"", ""evShare"": 0.02355840357094837, ""priceUsed"": 93.17, ""rarityKey"": ""hyper rare""}, {""cardName"": ""Ceruledge"", ""cardNumber"": ""197/191"", ""evShare"": 0.023136338621220262, ""priceUsed"": 24.42, ""rarityKey"": ""illustration rare""}, {""cardName"": ""Latias ex"", ""cardNumber"": ""076/191"", ""evShare"": 0.015330354063606793, ""priceUsed"": 6.1, ""rarityKey"": ""double rare""}, {""cardName"": ""Mesprit"", ""cardNumber"": ""204/191"", ""evShare"": 0.012844757714887285, ""priceUsed"": 13.65, ""rarityKey"": ""illustration rare""}, {""cardName"": ""Slakoth"", ""cardNumber"": ""212/191"", ""evShare"": 0.011787917563730125, ""priceUsed"": 12.82, ""rarityKey"": ""illustration rare""}], ""depth"": 10}",2.44036616,1.61,7.7299999999999995,3.026932290542168,1.2403598853961195,0.8303661599999999,0.6597370617530609,0.09577010771203284,0.26100779892801007,0.3739939829357411,"{""cv"": {""absolute"": -2.324323046926592, ""relative"": -0.6520420163742549}, ""ev"": {""absolute"": -1.13877492, ""relative"": -0.3181698889611806}, ""gap"": {""absolute"": -1.11877492, ""relative"": -0.5739835517704034}, ""p50"": {""absolute"": -0.020000000000000018, ""relative"": -0.01226993865030676}, ""p95"": {""absolute"": -2.4699999999999998, ""relative"": -0.24215686274509804}, ""std_dev"": {""absolute"": -9.731570829708907, ""relative"": -0.7627517693876144}, ""top1"": {""absolute"": -0.16464890600284424, ""relative"": -0.6322461008285366}, ""top10"": {""absolute"": -0.17177841226696483, ""relative"": -0.314743680290324}, ""top5"": {""absolute"": -0.17669414826653856, ""relative"": -0.40368600002595373}, ""typical_capture"": {""absolute"": 0.20432053483593804, ""relative"": 0.44864541087047655}}",tier_b_paired,2026-08-23T17:06:11.641971+00:00
c5c81ccc-460f-43e7-b0bb-cc19d880e4ae,ev_representativeness_v1,top_card_ablation:5,top_card_ablation,"{""cards"": [{""cardName"": ""Pikachu ex"", ""cardNumber"": ""238/191"", ""evShare"": 0.08618883500395576, ""priceUsed"": 292.4, ""rarityKey"": ""special illustration rare""}, {""cardName"": ""Latias ex"", ""cardNumber"": ""239/191"", ""evShare"": 0.05071958772857314, ""priceUsed"": 179.38, ""rarityKey"": ""special illustration rare""}, {""cardName"": ""Milotic ex"", ""cardNumber"": ""237/191"", ""evShare"": 0.035882799009420444, ""priceUsed"": 123.49, ""rarityKey"": ""special illustration rare""}, {""cardName"": ""Latios"", ""cardNumber"": ""203/191"", ""evShare"": 0.03215599704720217, ""priceUsed"": 34.51, ""rarityKey"": ""illustration rare""}, {""cardName"": ""Pikachu ex"", ""cardNumber"": ""219/191"", ""evShare"": 0.02656489863763627, ""priceUsed"": 30.88, ""rarityKey"": ""ultra rare""}], ""depth"": 5}",2.75052655,1.62,9.55,4.460379419157646,1.6216456515053985,1.13052655,0.5889781358409356,0.12818793187071764,0.2968279400902347,0.42225667663524274,"{""cv"": {""absolute"": -1.9430372808173129, ""relative"": -0.5450799742100062}, ""ev"": {""absolute"": -0.8286145299999998, ""relative"": -0.23151211742678773}, ""gap"": {""absolute"": -0.8186145299999998, ""relative"": -0.419987315643668}, ""p50"": {""absolute"": -0.010000000000000009, ""relative"": -0.00613496932515338}, ""p95"": {""absolute"": -0.6499999999999986, ""relative"": -0.0637254901960783}, ""std_dev"": {""absolute"": -8.29812370109343, ""relative"": -0.6503994726404967}, ""top1"": {""absolute"": -0.13223108184415944, ""relative"": -0.5077627779856898}, ""top10"": {""absolute"": -0.12351571856746318, ""relative"": -0.2263136055490459}, ""top5"": {""absolute"": -0.14087400710431391, ""relative"": -0.3218491670124981}, ""typical_capture"": {""absolute"": 0.13356160892381275, ""relative"": 0.2932735222147931}}",tier_b_paired,2026-08-23T17:06:11.641971+00:00
c5c81ccc-460f-43e7-b0bb-cc19d880e4ae,ev_representativeness_v1,winsorize_top:0.0100,winsorization,"{""quantile"": 0.01}",2.9910646900000004,1.6300000000000001,10.2,4.64230154000526,1.552056548802112,1.3610646900000003,0.5449564516105467,0.11500921432762459,0.3271479327316053,0.4564662257438504,"{""cv"": {""absolute"": -2.0126263835205993, ""relative"": -0.5646017953717954}, ""ev"": {""absolute"": -0.5880763899999994, ""relative"": -0.1643065687704044}, ""gap"": {""absolute"": -0.5880763899999994, ""relative"": -0.30171053087650257}, ""p50"": {""absolute"": 0.0, ""relative"": 0.0}, ""p95"": {""absolute"": 0.0, ""relative"": 0.0}, ""std_dev"": {""absolute"": -8.116201580245816, ""relative"": -0.6361405804230502}, ""top1"": {""absolute"": -0.1454097993872525, ""relative"": -0.5583685972578645}, ""top10"": {""absolute"": -0.08930616945885556, ""relative"": -0.16363262459561784}, ""top5"": {""absolute"": -0.11055401446294333, ""relative"": -0.2525783016766077}, ""typical_capture"": {""absolute"": 0.08953992469342387, ""relative"": 0.19661105691431885}}",tier_b_paired,2026-08-23T17:06:11.641971+00:00
6d902b21-a0da-4d63-8a2f-064880697869,ev_representativeness_v1,price_shock:top1:-0.10,price_shock,"{""cards"": [{""cardName"": ""Charizard ex"", ""cardNumber"": ""199/165"", ""rarityKey"": ""special illustration rare""}], ""depth"": 1, ""factor"": -0.1}",12.636562613999997,3.74,68.0,31.559270961861284,2.497456937133908,8.896562613999997,0.2959665626043327,0.188440972180348,0.4753352108068777,0.6524048379158373,"{""cv"": {""absolute"": -0.11059248899556007, ""relative"": -0.042404291838781305}, ""ev"": {""absolute"": -0.17033275599999875, ""relative"": -0.013300081798044611}, ""gap"": {""absolute"": -0.17033275599999875, ""relative"": -0.018786227153738386}, ""p50"": {""absolute"": 0.0, ""relative"": 0.0}, ""p95"": {""absolute"": 0.0, ""relative"": 0.0}, ""std_dev"": {""absolute"": -1.841745158367349, ""relative"": -0.055140393086782}, ""top1"": {""absolute"": -0.010793801453943014, ""relative"": -0.054176292908364336}, ""top10"": {""absolute"": -0.004623044088324035, ""relative"": -0.007036298176908656}, ""top5"": {""absolute"": -0.006978084612822455, ""relative"": -0.01446794993853581}, ""typical_capture"": {""absolute"": 0.0039363794921237205, ""relative"": 0.013479358366909682}}",tier_b_paired,2026-08-23T17:57:06.236449+00:00
6d902b21-a0da-4d63-8a2f-064880697869,ev_representativeness_v1,price_shock:top1:-0.25,price_shock,"{""cards"": [{""cardName"": ""Charizard ex"", ""cardNumber"": ""199/165"", ""rarityKey"": ""special illustration rare""}], ""depth"": 1, ""factor"": -0.25}",12.381063479999998,3.74,68.0,28.988542850053882,2.3413612971842936,8.641063479999998,0.3020742124488324,0.17169341013668718,0.4645080795595758,0.6452317656641237,"{""cv"": {""absolute"": -0.26668812894517435, ""relative"": -0.10225578022919551}, ""ev"": {""absolute"": -0.42583188999999777, ""relative"": -0.033250204495111596}, ""gap"": {""absolute"": -0.42583188999999777, ""relative"": -0.04696556788434606}, ""p50"": {""absolute"": 0.0, ""relative"": 0.0}, ""p95"": {""absolute"": 0.0, ""relative"": 0.0}, ""std_dev"": {""absolute"": -4.41247327017475, ""relative"": -0.1321059591208792}, ""top1"": {""absolute"": -0.027541363497603832, ""relative"": -0.13823572559757002}, ""top10"": {""absolute"": -0.011796116340037632, ""relative"": -0.017953753049346117}, ""top5"": {""absolute"": -0.017805215860124346, ""relative"": -0.03691628663197139}, ""typical_capture"": {""absolute"": 0.010044029336623461, ""relative"": 0.034393805563461805}}",tier_b_paired,2026-08-23T17:57:06.236449+00:00
6d902b21-a0da-4d63-8a2f-064880697869,ev_representativeness_v1,price_shock:top1:-0.50,price_shock,"{""cards"": [{""cardName"": ""Charizard ex"", ""cardNumber"": ""199/165"", ""rarityKey"": ""special illustration rare""}], ""depth"": 1, ""factor"": -0.5}",11.955231589999999,3.74,68.0,25.38513218645446,2.1233492630697306,8.215231589999998,0.31283375582019995,0.14219006191581438,0.44543446021190786,0.6325953205562285,"{""cv"": {""absolute"": -0.4847001630597374, ""relative"": -0.18584776737880582}, ""ev"": {""absolute"": -0.8516637799999973, ""relative"": -0.06650040899022333}, ""gap"": {""absolute"": -0.8516637799999973, ""relative"": -0.09393113576869232}, ""p50"": {""absolute"": 0.0, ""relative"": 0.0}, ""p95"": {""absolute"": 0.0, ""relative"": 0.0}, ""std_dev"": {""absolute"": -8.015883933774173, ""relative"": -0.23998922382841878}, ""top1"": {""absolute"": -0.05704471171847664, ""relative"": -0.28631905303431665}, ""top10"": {""absolute"": -0.02443256144793282, ""relative"": -0.03718649104114896}, ""top5"": {""absolute"": -0.03687883520779228, ""relative"": -0.07646240640267028}, ""typical_capture"": {""absolute"": 0.02080357270799099, ""relative"": 0.07123774839396474}}",tier_b_paired,2026-08-23T17:57:06.236449+00:00
6d902b21-a0da-4d63-8a2f-064880697869,ev_representativeness_v1,price_shock:top5:-0.10,price_shock,"{""cards"": [{""cardName"": ""Charizard ex"", ""cardNumber"": ""199/165"", ""rarityKey"": ""special illustration rare""}, {""cardName"": ""Blastoise ex"", ""cardNumber"": ""200/165"", ""rarityKey"": ""special illustration rare""}, {""cardName"": ""Venusaur ex"", ""cardNumber"": ""198/165"", ""rarityKey"": ""special illustration rare""}, {""cardName"": ""Squirtle"", ""cardNumber"": ""170/165"", ""rarityKey"": ""illustration rare""}, {""cardName"": ""Charmander"", ""cardNumber"": ""168/165"", ""rarityKey"": ""illustration rare""}], ""depth"": 5, ""factor"": -0.1}",12.413919564999997,3.74,68.0,30.809028495984172,2.481813123942549,8.673919564999997,0.30127470863792416,0.1857508201923008,0.46592537310354326,0.6461707354392706,"{""cv"": {""absolute"": -0.12623630218691906, ""relative"": -0.04840257278952829}, ""ev"": {""absolute"": -0.39297580499999896, ""relative"": -0.03068470489112765}, ""gap"": {""absolute"": -0.39297580499999896, ""relative"": -0.04334182638748142}, ""p50"": {""absolute"": 0.0, ""relative"": 0.0}, ""p95"": {""absolute"": 0.0, ""relative"": 0.0}, ""std_dev"": {""absolute"": -2.59198762424446, ""relative"": -0.07760205901863795}, ""top1"": {""absolute"": -0.013483953441990215, ""relative"": -0.06767871489512634}, ""top10"": {""absolute"": -0.010857146564890674, ""relative"": -0.01652463595878555}, ""top5"": {""absolute"": -0.016387922316156878, ""relative"": -0.03397775361323268}, ""typical_capture"": {""absolute"": 0.009244525525715197, ""relative"": 0.031656061805649394}}",tier_b_paired,2026-08-23T17:57:06.236449+00:00
6d902b21-a0da-4d63-8a2f-064880697869,ev_representativeness_v1,price_shock:top5:-0.25,price_shock,"{""cards"": [{""cardName"": ""Charizard ex"", ""cardNumber"": ""199/165"", ""rarityKey"": ""special illustration rare""}, {""cardName"": ""Blastoise ex"", ""cardNumber"": ""200/165"", ""rarityKey"": ""special illustration rare""}, {""cardName"": ""Venusaur ex"", ""cardNumber"": ""198/165"", ""rarityKey"": ""special illustration rare""}, {""cardName"": ""Squirtle"", ""cardNumber"": ""170/165"", ""rarityKey"": ""illustration rare""}, {""cardName"": ""Charmander"", ""cardNumber"": ""168/165"", ""rarityKey"": ""illustration rare""}], ""depth"": 5, ""factor"": -0.25}",11.824455857499997,3.74,68.0,27.072380271683308,2.2895244058534736,8.084455857499997,0.3162936244231314,0.164138190872349,0.4393010942829341,0.6285319102262122,"{""cv"": {""absolute"": -0.3185250202759944, ""relative"": -0.12213151218867363}, ""ev"": {""absolute"": -0.9824395124999992, ""relative"": -0.07671176222781927}, ""gap"": {""absolute"": -0.9824395124999992, ""relative"": -0.10835456596870376}, ""p50"": {""absolute"": 0.0, ""relative"": 0.0}, ""p95"": {""absolute"": 0.0, ""relative"": 0.0}, ""std_dev"": {""absolute"": -6.328635848545325, ""relative"": -0.18947435089295137}, ""top1"": {""absolute"": -0.035096582761942025, ""relative"": -0.17615691338282238}, ""top10"": {""absolute"": -0.028495971777949047, ""relative"": -0.04337102360256999}, ""top5"": {""absolute"": -0.043012201136766015, ""relative"": -0.08917896633833738}, ""typical_capture"": {""absolute"": 0.02426344131092245, ""relative"": 0.08308538881955063}}",tier_b_paired,2026-08-23T17:57:06.236449+00:00
6d902b21-a0da-4d63-8a2f-064880697869,ev_representativeness_v1,price_shock:top5:-0.50,price_shock,"{""cards"": [{""cardName"": ""Charizard ex"", ""cardNumber"": ""199/165"", ""rarityKey"": ""special illustration rare""}, {""cardName"": ""Blastoise ex"", ""cardNumber"": ""200/165"", ""rarityKey"": ""special illustration rare""}, {""cardName"": ""Venusaur ex"", ""cardNumber"": ""198/165"", ""rarityKey"": ""special illustration rare""}, {""cardName"": ""Squirtle"", ""cardNumber"": ""170/165"", ""rarityKey"": ""illustration rare""}, {""cardName"": ""Charmander"", ""cardNumber"": ""168/165"", ""rarityKey"": ""illustration rare""}], ""depth"": 5, ""factor"": -0.5}",10.842016345000005,3.74,59.700249999999656,21.48060357547543,1.9812369666258258,7.1020163450000044,0.34495428534608047,0.13477414703159626,0.4012265414086128,0.5948716649900974,"{""cv"": {""absolute"": -0.6268124595036422, ""relative"": -0.24033764591412546}, ""ev"": {""absolute"": -1.9648790249999912, ""relative"": -0.15342352445563798}, ""gap"": {""absolute"": -1.9648790249999912, ""relative"": -0.21670913193740673}, ""p50"": {""absolute"": 0.0, ""relative"": 0.0}, ""p95"": {""absolute"": -8.299750000000344, ""relative"": -0.12205514705882858}, ""std_dev"": {""absolute"": -11.920412544753201, ""relative"": -0.35688772167424726}, ""top1"": {""absolute"": -0.06446062660269475, ""relative"": -0.32354104369860964}, ""top10"": {""absolute"": -0.06215621701406393, ""relative"": -0.09460209941846923}, ""top5"": {""absolute"": -0.08108675401108734, ""relative"": -0.16812050337639384}, ""typical_capture"": {""absolute"": 0.052924102233871506, ""relative"": 0.18122819247603622}}",tier_b_paired,2026-08-23T17:57:06.236449+00:00
6d902b21-a0da-4d63-8a2f-064880697869,ev_representativeness_v1,rarity_ablation:common,rarity_ablation,"{""rarityKey"": ""common""}",11.667945950000002,2.52,67.14999999999999,33.45668749394026,2.867401652125433,9.147945950000002,0.21597631757970215,0.21791335689209293,0.5254872242530401,0.7129954917214885,"{""cv"": {""absolute"": 0.25935222599596486, ""relative"": 0.09944298731365}, ""ev"": {""absolute"": -1.138949419999994, ""relative"": -0.08893251542196323}, ""gap"": {""absolute"": 0.08105058000000653, ""relative"": 0.008939176718436817}, ""p50"": {""absolute"": -1.2200000000000002, ""relative"": -0.32620320855614976}, ""p95"": {""absolute"": -0.8500000000000085, ""relative"": -0.012500000000000126}, ""std_dev"": {""absolute"": 0.05567137371162545, ""relative"": 0.0016667568888094166}, ""top1"": {""absolute"": 0.018678583257801917, ""relative"": 0.09375162235528085}, ""top10"": {""absolute"": 0.05596760971732717, ""relative"": 0.08518300554705029}, ""top5"": {""absolute"": 0.043173928833339925, ""relative"": 0.08951428302587174}, ""typical_capture"": {""absolute"": -0.07605386553250681, ""relative"": -0.26043152362536465}}",tier_b_paired,2026-08-23T17:57:06.236449+00:00
6d902b21-a0da-4d63-8a2f-064880697869,ev_representativeness_v1,rarity_ablation:double rare,rarity_ablation,"{""rarityKey"": ""double rare""}",12.26469546,3.4,67.44,33.30458934972259,2.715484412828836,8.86469546,0.2772184609955248,0.20747358287851042,0.5010637704003782,0.6783675964180851,"{""cv"": {""absolute"": 0.10743498669936802, ""relative"": 0.04119361604998768}, ""ev"": {""absolute"": -0.5421999099999955, ""relative"": -0.04233656123013954}, ""gap"": {""absolute"": -0.2021999099999956, ""relative"": -0.022300898129807765}, ""p50"": {""absolute"": -0.3400000000000003, ""relative"": -0.09090909090909098}, ""p95"": {""absolute"": -0.5600000000000023, ""relative"": -0.008235294117647092}, ""std_dev"": {""absolute"": -0.0964267705060422, ""relative"": -0.00288694122834315}, ""top1"": {""absolute"": 0.008238809244219408, ""relative"": 0.04135226544007977}, ""top10"": {""absolute"": 0.021339714413923794, ""relative"": 0.032479161080394815}, ""top5"": {""absolute"": 0.018750474980678056, ""relative"": 0.0388761312589605}, ""typical_capture"": {""absolute"": -0.01481172211668419, ""relative"": -0.05071983299408805}}",tier_b_paired,2026-08-23T17:57:06.236449+00:00
6d902b21-a0da-4d63-8a2f-064880697869,ev_representativeness_v1,rarity_ablation:hyper rare,rarity_ablation,"{""rarityKey"": ""hyper rare""}",12.557214520000002,3.64,68.0,33.378699170175906,2.658129246499159,8.917214520000002,0.2898732035040522,0.20319624992756757,0.4919033516678348,0.6658106729548809,"{""cv"": {""absolute"": 0.05007982036969105, ""relative"": 0.019202021199426843}, ""ev"": {""absolute"": -0.24968084999999363, ""relative"": -0.019495813996018747}, ""gap"": {""absolute"": -0.14968084999999398, ""relative"": -0.016508500858546254}, ""p50"": {""absolute"": -0.10000000000000009, ""relative"": -0.026737967914438526}, ""p95"": {""absolute"": 0.0, ""relative"": 0.0}, ""std_dev"": {""absolute"": -0.02231695005272627, ""relative"": -0.0006681518302435857}, ""top1"": {""absolute"": 0.003961476293276561, ""relative"": 0.019883458198658235}, ""top10"": {""absolute"": 0.008782790950719654, ""relative"": 0.01336745546312147}, ""top5"": {""absolute"": 0.009590056248134637, ""relative"": 0.01988345819865809}, ""typical_capture"": {""absolute"": -0.0021569796081567505, ""relative"": -0.007386152983124891}}",tier_b_paired,2026-08-23T17:57:06.236449+00:00
6d902b21-a0da-4d63-8a2f-064880697869,ev_representativeness_v1,rarity_ablation:illustration rare,rarity_ablation,"{""rarityKey"": ""illustration rare""}",8.59599117,3.4099999999999997,21.580000000000002,29.339399703320147,3.4131491206871667,5.185991169999999,0.3966965452338872,0.2885351637698344,0.5354977766921091,0.617375189788614,"{""cv"": {""absolute"": 0.8050996945576987, ""relative"": 0.3086980202489967}, ""ev"": {""absolute"": -4.210904199999996, ""relative"": -0.3287997659342162}, ""gap"": {""absolute"": -3.8809041999999963, ""relative"": -0.4280301075096666}, ""p50"": {""absolute"": -0.3300000000000005, ""relative"": -0.08823529411764719}, ""p95"": {""absolute"": -46.42, ""relative"": -0.6826470588235294}, ""std_dev"": {""absolute"": -4.061616416908485, ""relative"": -0.1216015824874457}, ""top1"": {""absolute"": 0.08930039013554339, ""relative"": 0.44821688757736805}, ""top10"": {""absolute"": -0.039652692215547236, ""relative"": -0.060351612620445985}, ""top5"": {""absolute"": 0.053184481272408934, ""relative"": 0.11026957327835796}, ""typical_capture"": {""absolute"": 0.10466636212167824, ""relative"": 0.35840939798151444}}",tier_b_paired,2026-08-23T17:57:06.236449+00:00
6d902b21-a0da-4d63-8a2f-064880697869,ev_representativeness_v1,rarity_ablation:rare,rarity_ablation,"{""rarityKey"": ""rare""}",11.820336449999997,2.59,67.53,33.462423846223395,2.8309197447779417,9.230336449999998,0.21911389840345877,0.21525400150517712,0.5195167959876472,0.705866383354934,"{""cv"": {""absolute"": 0.22287031864847373, ""relative"": 0.08545479100801752}, ""ev"": {""absolute"": -0.9865589199999985, ""relative"": -0.07703341766272263}, ""gap"": {""absolute"": 0.1634410800000019, ""relative"": 0.01802613500325437}, ""p50"": {""absolute"": -1.1500000000000004, ""relative"": -0.30748663101604284}, ""p95"": {""absolute"": -0.46999999999999886, ""relative"": -0.006911764705882336}, ""std_dev"": {""absolute"": 0.061407725994762075, ""relative"": 0.0018384987382935264}, ""top1"": {""absolute"": 0.01601922787088611, ""relative"": 0.08040377479631389}, ""top10"": {""absolute"": 0.04883850135077272, ""relative"": 0.07433246394627649}, ""top5"": {""absolute"": 0.03720350056794708, ""relative"": 0.0771355484521182}, ""typical_capture"": {""absolute"": -0.0729162847087502, ""relative"": -0.2496874943941429}}",tier_b_paired,2026-08-23T17:57:06.236449+00:00
6d902b21-a0da-4d63-8a2f-064880697869,ev_representativeness_v1,rarity_ablation:special illustration rare,rarity_ablation,"{""rarityKey"": ""special illustration rare""}",9.02132737,3.5900000000000003,45.42,16.919899420687727,1.8755443325284988,5.43132737,0.39794587345742233,0.11237423146523062,0.41313015559039623,0.5773609466075722,"{""cv"": {""absolute"": -0.7325050936009692, ""relative"": -0.28086319463970405}, ""ev"": {""absolute"": -3.785567999999996, ""relative"": -0.2955882663699779}, ""gap"": {""absolute"": -3.6355679999999957, ""relative"": -0.4009716503434182}, ""p50"": {""absolute"": -0.1499999999999999, ""relative"": -0.04010695187165773}, ""p95"": {""absolute"": -22.58, ""relative"": -0.33205882352941174}, ""std_dev"": {""absolute"": -16.481116699540905, ""relative"": -0.49343159621899824}, ""top1"": {""absolute"": -0.08686054216906039, ""relative"": -0.4359707925710741}, ""top10"": {""absolute"": -0.07966693539658909, ""relative"": -0.12125350777135592}, ""top5"": {""absolute"": -0.06918313982930391, ""relative"": -0.14344025032339616}, ""typical_capture"": {""absolute"": 0.10591569034521336, ""relative"": 0.36268747708354715}}",tier_b_paired,2026-08-23T17:57:06.236449+00:00
6d902b21-a0da-4d63-8a2f-064880697869,ev_representativeness_v1,rarity_ablation:ultra rare,rarity_ablation,"{""rarityKey"": ""ultra rare""}",12.06168244,3.5000000000000004,67.11,33.27625681328048,2.7588404004840044,8.56168244,0.29017510761127285,0.21146338354436062,0.5096885372817027,0.6841831470071434,"{""cv"": {""absolute"": 0.15079097435453637, ""relative"": 0.05781752939334473}, ""ev"": {""absolute"": -0.7452129299999957, ""relative"": -0.05818841401216163}, ""gap"": {""absolute"": -0.5052129299999955, ""relative"": -0.055720608806363196}, ""p50"": {""absolute"": -0.23999999999999977, ""relative"": -0.06417112299465234}, ""p95"": {""absolute"": -0.8900000000000006, ""relative"": -0.013088235294117656}, ""std_dev"": {""absolute"": -0.12475930694814963, ""relative"": -0.0037351949563172644}, ""top1"": {""absolute"": 0.012228609910069604, ""relative"": 0.06137788944672906}, ""top10"": {""absolute"": 0.027155265002982154, ""relative"": 0.04133046061934122}, ""top5"": {""absolute"": 0.027375241862002575, ""relative"": 0.05675821529692882}, ""typical_capture"": {""absolute"": -0.0018550755009361097, ""relative"": -0.00635234166950243}}",tier_b_paired,2026-08-23T17:57:06.236449+00:00
6d902b21-a0da-4d63-8a2f-064880697869,ev_representativeness_v1,rarity_ablation:uncommon,rarity_ablation,"{""rarityKey"": ""uncommon""}",11.65907423,2.52,67.21,33.466778285079215,2.870449027502179,9.13907423,0.21614066008052168,0.21811548497191446,0.5260654138574774,0.7138542019557929,"{""cv"": {""absolute"": 0.262399601372711, ""relative"": 0.10061143732315334}, ""ev"": {""absolute"": -1.147821139999996, ""relative"": -0.08962524537279767}, ""gap"": {""absolute"": 0.07217886000000462, ""relative"": 0.007960702870667918}, ""p50"": {""absolute"": -1.2200000000000002, ""relative"": -0.32620320855614976}, ""p95"": {""absolute"": -0.7900000000000063, ""relative"": -0.011617647058823621}, ""std_dev"": {""absolute"": 0.0657621648505824, ""relative"": 0.001968867192958088}, ""top1"": {""absolute"": 0.01888071133762345, ""relative"": 0.09476614444966461}, ""top10"": {""absolute"": 0.056826319951631565, ""relative"": 0.08648996718113655}, ""top5"": {""absolute"": 0.043752118437777265, ""relative"": 0.09071306732215412}, ""typical_capture"": {""absolute"": -0.07588952303168728, ""relative"": -0.2598687650123058}}",tier_b_paired,2026-08-23T17:57:06.236449+00:00
6d902b21-a0da-4d63-8a2f-064880697869,ev_representativeness_v1,top_card_ablation:1,top_card_ablation,"{""cards"": [{""cardName"": ""Charizard ex"", ""cardNumber"": ""199/165"", ""evShare"": 0.13300081798044708, ""priceUsed"": 374.44, ""rarityKey"": ""special illustration rare""}], ""depth"": 1}",11.103567810000007,3.7199999999999998,64.73,22.150131326442104,1.9948661282091176,7.383567810000007,0.3350274491636574,0.12260688665979334,0.4277845825124924,0.613506939982384,"{""cv"": {""absolute"": -0.6131832979203504, ""relative"": -0.23511183943716832}, ""ev"": {""absolute"": -1.7033275599999893, ""relative"": -0.13300081798044625}, ""gap"": {""absolute"": -1.6833275599999888, ""relative"": -0.18565644482561064}, ""p50"": {""absolute"": -0.020000000000000462, ""relative"": -0.005347593582887823}, ""p95"": {""absolute"": -3.269999999999996, ""relative"": -0.04808823529411759}, ""std_dev"": {""absolute"": -11.250884793786529, ""relative"": -0.3368425904555839}, ""top1"": {""absolute"": -0.07662788697449767, ""relative"": -0.38461100728908587}, ""top10"": {""absolute"": -0.043520942021777254, ""relative"": -0.0662391098061522}, ""top5"": {""absolute"": -0.05452871290720773, ""relative"": -0.11305662403471141}, ""typical_capture"": {""absolute"": 0.042997266051448435, ""relative"": 0.14723569184945268}}",tier_b_paired,2026-08-23T17:57:06.236449+00:00
6d902b21-a0da-4d63-8a2f-064880697869,ev_representativeness_v1,top_card_ablation:10,top_card_ablation,"{""cards"": [{""cardName"": ""Charizard ex"", ""cardNumber"": ""199/165"", ""evShare"": 0.13300081798044708, ""priceUsed"": 374.44, ""rarityKey"": ""special illustration rare""}, {""cardName"": ""Blastoise ex"", ""cardNumber"": ""200/165"", ""evShare"": 0.05096626318420528, ""priceUsed"": 139.47, ""rarityKey"": ""special illustration rare""}, {""cardName"": ""Venusaur ex"", ""cardNumber"": ""198/165"", ""evShare"": 0.042640376470882355, ""priceUsed"": 117.54, ""rarityKey"": ""special illustration rare""}, {""cardName"": ""Squirtle"", ""cardNumber"": ""170/165"", ""evShare"": 0.04019508281498517, ""priceUsed"": 93.29, ""rarityKey"": ""illustration rare""}, {""cardName"": ""Charmander"", ""cardNumber"": ""168/165"", ""evShare"": 0.04004450846075742, ""priceUsed"": 95.13, ""rarityKey"": ""illustration rare""}, {""cardName"": ""Pikachu"", ""cardNumber"": ""173/165"", ""evShare"": 0.034721059800459676, ""priceUsed"": 87.43, ""rarityKey"": ""illustration rare""}, {""cardName"": ""Zapdos ex"", ""cardNumber"": ""202/165"", ""evShare"": 0.033984391019507496, ""priceUsed"": 97.63, ""rarityKey"": ""special illustration rare""}, {""cardName"": ""Bulbasaur"", ""cardNumber"": ""166/165"", ""evShare"": 0.03329556365384752, ""priceUsed"": 79.2, ""rarityKey"": ""illustration rare""}, {""cardName"": ""Psyduck"", ""cardNumber"": ""175/165"", ""evShare"": 0.02744160156279937, ""priceUsed"": 66.41, ""rarityKey"": ""illustration rare""}, {""cardName"": ""Wartortle"", ""cardNumber"": ""171/165"", ""evShare"": 0.026695951682472446, ""priceUsed"": 63.01, ""rarityKey"": ""illustration rare""}], ""depth"": 10}",6.877487020000001,3.53,28.400000000000002,10.373403761597809,1.508313099164207,3.3474870200000013,0.5132688712802542,0.09838543759258161,0.33376410210949414,0.4806784382706113,"{""cv"": {""absolute"": -1.099736326965261, ""relative"": -0.421670048100794}, ""ev"": {""absolute"": -5.929408349999995, ""relative"": -0.4629856166303635}, ""gap"": {""absolute"": -5.719408349999995, ""relative"": -0.6308011856984733}, ""p50"": {""absolute"": -0.2100000000000004, ""relative"": -0.05614973262032096}, ""p95"": {""absolute"": -39.599999999999994, ""relative"": -0.5823529411764705}, ""std_dev"": {""absolute"": -23.027612358630826, ""relative"": -0.6894284974966564}, ""top1"": {""absolute"": -0.1008493360417094, ""relative"": -0.5061834046441371}, ""top10"": {""absolute"": -0.17634944373355, ""relative"": -0.2684048098470699}, ""top5"": {""absolute"": -0.148549193310206, ""relative"": -0.3079931544929551}, ""typical_capture"": {""absolute"": 0.22123868816804526, ""relative"": 0.75758843079257}}",tier_b_paired,2026-08-23T17:57:06.236449+00:00
6d902b21-a0da-4d63-8a2f-064880697869,ev_representativeness_v1,top_card_ablation:5,top_card_ablation,"{""cards"": [{""cardName"": ""Charizard ex"", ""cardNumber"": ""199/165"", ""evShare"": 0.13300081798044708, ""priceUsed"": 374.44, ""rarityKey"": ""special illustration rare""}, {""cardName"": ""Blastoise ex"", ""cardNumber"": ""200/165"", ""evShare"": 0.05096626318420528, ""priceUsed"": 139.47, ""rarityKey"": ""special illustration rare""}, {""cardName"": ""Venusaur ex"", ""cardNumber"": ""198/165"", ""evShare"": 0.042640376470882355, ""priceUsed"": 117.54, ""rarityKey"": ""special illustration rare""}, {""cardName"": ""Squirtle"", ""cardNumber"": ""170/165"", ""evShare"": 0.04019508281498517, ""priceUsed"": 93.29, ""rarityKey"": ""illustration rare""}, {""cardName"": ""Charmander"", ""cardNumber"": ""168/165"", ""evShare"": 0.04004450846075742, ""priceUsed"": 95.13, ""rarityKey"": ""illustration rare""}], ""depth"": 5}",8.877137319999997,3.63,44.470000000000006,15.87675737657609,1.788499693567441,5.2471373199999976,0.40891560749225864,0.10880570224185743,0.394751198914652,0.5577487315471651,"{""cv"": {""absolute"": -0.8195497325620269, ""relative"": -0.31423857398987154}, ""ev"": {""absolute"": -3.9297580499999984, ""relative"": -0.30684704891127723}, ""gap"": {""absolute"": -3.819758049999998, ""relative"": -0.4212862169600618}, ""p50"": {""absolute"": -0.11000000000000032, ""relative"": -0.029411764705882436}, ""p95"": {""absolute"": -23.529999999999994, ""relative"": -0.3460294117647058}, ""std_dev"": {""absolute"": -17.524258743652542, ""relative"": -0.5246624438182687}, ""top1"": {""absolute"": -0.09042907139243359, ""relative"": -0.4538819692109687}, ""top10"": {""absolute"": -0.0992791504569962, ""relative"": -0.1511034054660825}, ""top5"": {""absolute"": -0.08756209650504815, ""relative"": -0.18154609739475092}, ""typical_capture"": {""absolute"": 0.11688542438004967, ""relative"": 0.40025117655436976}}",tier_b_paired,2026-08-23T17:57:06.236449+00:00
6d902b21-a0da-4d63-8a2f-064880697869,ev_representativeness_v1,winsorize_top:0.0100,winsorization,"{""quantile"": 0.01}",11.479816469999998,3.74,68.0,22.40393505965451,1.9515934874222354,7.739816469999997,0.32578918049549627,0.10666546831998264,0.4224681659915072,0.6173799431830115,"{""cv"": {""absolute"": -0.6564559387072326, ""relative"": -0.2517037952311587}, ""ev"": {""absolute"": -1.3270788999999983, ""relative"": -0.10362221769287389}, ""gap"": {""absolute"": -1.3270788999999983, ""relative"": -0.14636530431253877}, ""p50"": {""absolute"": 0.0, ""relative"": 0.0}, ""p95"": {""absolute"": 0.0, ""relative"": 0.0}, ""std_dev"": {""absolute"": -10.997081060574121, ""relative"": -0.32924390746046694}, ""top1"": {""absolute"": -0.09256930531430838, ""relative"": -0.46462424016515125}, ""top10"": {""absolute"": -0.03964793882114981, ""relative"": -0.060344377928391625}, ""top5"": {""absolute"": -0.05984512942819292, ""relative"": -0.12407936914970755}, ""typical_capture"": {""absolute"": 0.033758997383287304, ""relative"": 0.11560105542349308}}",tier_b_paired,2026-08-23T17:57:06.236449+00:00
cb69a4d0-34c6-49b4-9269-b0745cdcbf89,ev_representativeness_v1,price_shock:top1:-0.10,price_shock,"{""cards"": [{""cardName"": ""Greninja ex"", ""cardNumber"": ""214/167"", ""rarityKey"": ""special illustration rare""}], ""depth"": 1, ""factor"": -0.1}",4.704785015,1.9800000000000002,15.15,14.659108480312044,3.115787104740225,2.7247850149999993,0.4208481351830696,0.24206288733046388,0.4317977226425934,0.5400275032545775,"{""cv"": {""absolute"": -0.17195484440617026, ""relative"": -0.052301806852820466}, ""ev"": {""absolute"": -0.04083058499999925, ""relative"": -0.008603854260762137}, ""gap"": {""absolute"": -0.04083058499999925, ""relative"": -0.01476365153566507}, ""p50"": {""absolute"": 0.0, ""relative"": 0.0}, ""p95"": {""absolute"": 0.0, ""relative"": 0.0}, ""std_dev"": {""absolute"": -0.9432510023314915, ""relative"": -0.06045566398984641}, ""top1"": {""absolute"": -0.006521180456231707, ""relative"": -0.026233300123752842}, ""top10"": {""absolute"": -0.003957536325956634, ""relative"": -0.0072750830225189345}, ""top5"": {""absolute"": -0.004888729585016405, ""relative"": -0.011195056682153034}, ""typical_capture"": {""absolute"": 0.003620916021028653, ""relative"": 0.008678523007920958}}",tier_b_paired,2026-08-23T17:51:55.121741+00:00
cb69a4d0-34c6-49b4-9269-b0745cdcbf89,ev_representativeness_v1,price_shock:top1:-0.25,price_shock,"{""cards"": [{""cardName"": ""Greninja ex"", ""cardNumber"": ""214/167"", ""rarityKey"": ""special illustration rare""}], ""depth"": 1, ""factor"": -0.25}",4.6435391375,1.9800000000000002,15.15,13.332112664939384,2.8711102179096004,2.6635391375,0.4263989042344967,0.23206608915977933,0.42430342873361854,0.5339607041268315,"{""cv"": {""absolute"": -0.41663173123679487, ""relative"": -0.12672275917061132}, ""ev"": {""absolute"": -0.10207646249999858, ""relative"": -0.021509635651905435}, ""gap"": {""absolute"": -0.10207646249999858, ""relative"": -0.036909128839162836}, ""p50"": {""absolute"": 0.0, ""relative"": 0.0}, ""p95"": {""absolute"": 0.0, ""relative"": 0.0}, ""std_dev"": {""absolute"": -2.2702468177041517, ""relative"": -0.14550663444395268}, ""top1"": {""absolute"": -0.016517978626916258, ""relative"": -0.06644825943185532}, ""top10"": {""absolute"": -0.010024335453702626, ""relative"": -0.01842759400411521}, ""top5"": {""absolute"": -0.012383023493991285, ""relative"": -0.028356784211700257}, ""typical_capture"": {""absolute"": 0.009171685072455749, ""relative"": 0.021982470584915717}}",tier_b_paired,2026-08-23T17:51:55.121741+00:00
cb69a4d0-34c6-49b4-9269-b0745cdcbf89,ev_representativeness_v1,price_shock:top1:-0.50,price_shock,"{""cards"": [{""cardName"": ""Greninja ex"", ""cardNumber"": ""214/167"", ""rarityKey"": ""special illustration rare""}], ""depth"": 1, ""factor"": -0.5}",4.541462674999998,1.9800000000000002,15.15,11.443929554410358,2.519877487358269,2.561462674999998,0.4359828851835716,0.2148055758269553,0.4113637496756482,0.5234857435000277,"{""cv"": {""absolute"": -0.7678644617881263, ""relative"": -0.2335537501620189}, ""ev"": {""absolute"": -0.2041529250000007, ""relative"": -0.04301927130381162}, ""gap"": {""absolute"": -0.2041529250000007, ""relative"": -0.07381825767832696}, ""p50"": {""absolute"": 0.0, ""relative"": 0.0}, ""p95"": {""absolute"": 0.0, ""relative"": 0.0}, ""std_dev"": {""absolute"": -4.158429928233177, ""relative"": -0.266525709323588}, ""top1"": {""absolute"": -0.03377849195974028, ""relative"": -0.13588357556657593}, ""top10"": {""absolute"": -0.02049929608050638, ""relative"": -0.037683565886873195}, ""top5"": {""absolute"": -0.025322702551961618, ""relative"": -0.05798829439930257}, ""typical_capture"": {""absolute"": 0.018755666021530615, ""relative"": 0.044953121848568485}}",tier_b_paired,2026-08-23T17:51:55.121741+00:00
cb69a4d0-34c6-49b4-9269-b0745cdcbf89,ev_representativeness_v1,price_shock:top5:-0.10,price_shock,"{""cards"": [{""cardName"": ""Greninja ex"", ""cardNumber"": ""214/167"", ""rarityKey"": ""special illustration rare""}, {""cardName"": ""Eevee"", ""cardNumber"": ""188/167"", ""rarityKey"": ""illustration rare""}, {""cardName"": ""Chansey"", ""cardNumber"": ""187/167"", ""rarityKey"": ""illustration rare""}, {""cardName"": ""Perrin"", ""cardNumber"": ""220/167"", ""rarityKey"": ""special illustration rare""}, {""cardName"": ""Hisuian Growlithe"", ""cardNumber"": ""181/167"", ""rarityKey"": ""illustration rare""}], ""depth"": 5, ""factor"": -0.1}",4.620570002000001,1.9800000000000002,15.15,14.170628942891625,3.0668573220961717,2.6405700020000005,0.4285185592130327,0.23157424809857904,0.4214416059397686,0.5316439943419777,"{""cv"": {""absolute"": -0.2208846270502236, ""relative"": -0.06718429562501778}, ""ev"": {""absolute"": -0.12504559799999804, ""relative"": -0.02634971066767356}, ""gap"": {""absolute"": -0.12504559799999804, ""relative"": -0.04521438120322944}, ""p50"": {""absolute"": 0.0, ""relative"": 0.0}, ""p95"": {""absolute"": 0.0, ""relative"": 0.0}, ""std_dev"": {""absolute"": -1.4317305397519107, ""relative"": -0.09176371954156065}, ""top1"": {""absolute"": -0.017009819688116545, ""relative"": -0.06842682976252641}, ""top10"": {""absolute"": -0.012341045238556392, ""relative"": -0.022686368816452286}, ""top5"": {""absolute"": -0.01524484628784123, ""relative"": -0.0349102799275653}, ""typical_capture"": {""absolute"": 0.01129134005099175, ""relative"": 0.027062807823682436}}",tier_b_paired,2026-08-23T17:51:55.121741+00:00
cb69a4d0-34c6-49b4-9269-b0745cdcbf89,ev_representativeness_v1,price_shock:top5:-0.25,price_shock,"{""cards"": [{""cardName"": ""Greninja ex"", ""cardNumber"": ""214/167"", ""rarityKey"": ""special illustration rare""}, {""cardName"": ""Eevee"", ""cardNumber"": ""188/167"", ""rarityKey"": ""illustration rare""}, {""cardName"": ""Chansey"", ""cardNumber"": ""187/167"", ""rarityKey"": ""illustration rare""}, {""cardName"": ""Perrin"", ""cardNumber"": ""220/167"", ""rarityKey"": ""special illustration rare""}, {""cardName"": ""Hisuian Growlithe"", ""cardNumber"": ""181/167"", ""rarityKey"": ""illustration rare""}], ""depth"": 5, ""factor"": -0.25}",4.433001604999999,1.9800000000000002,15.15,12.056066796179524,2.71961706095063,2.453001604999999,0.4466499623566007,0.205463754281677,0.39696174326108763,0.5118269960563209,"{""cv"": {""absolute"": -0.5681248881957655, ""relative"": -0.17280093662559776}, ""ev"": {""absolute"": -0.31261399499999953, ""relative"": -0.06587427666918484}, ""gap"": {""absolute"": -0.31261399499999953, ""relative"": -0.1130359530080752}, ""p50"": {""absolute"": 0.0, ""relative"": 0.0}, ""p95"": {""absolute"": 0.0, ""relative"": 0.0}, ""std_dev"": {""absolute"": -3.546292686464012, ""relative"": -0.2272920765868136}, ""top1"": {""absolute"": -0.043120313505018576, ""relative"": -0.17346370541341027}, ""top10"": {""absolute"": -0.03215804352421325, ""relative"": -0.059115676322661855}, ""top5"": {""absolute"": -0.03972470896652219, ""relative"": -0.09096849413092593}, ""typical_capture"": {""absolute"": 0.02942274319455973, ""relative"": 0.07051971166610932}}",tier_b_paired,2026-08-23T17:51:55.121741+00:00
cb69a4d0-34c6-49b4-9269-b0745cdcbf89,ev_representativeness_v1,price_shock:top5:-0.50,price_shock,"{""cards"": [{""cardName"": ""Greninja ex"", ""cardNumber"": ""214/167"", ""rarityKey"": ""special illustration rare""}, {""cardName"": ""Eevee"", ""cardNumber"": ""188/167"", ""rarityKey"": ""illustration rare""}, {""cardName"": ""Chansey"", ""cardNumber"": ""187/167"", ""rarityKey"": ""illustration rare""}, {""cardName"": ""Perrin"", ""cardNumber"": ""220/167"", ""rarityKey"": ""special illustration rare""}, {""cardName"": ""Hisuian Growlithe"", ""cardNumber"": ""181/167"", ""rarityKey"": ""illustration rare""}], ""depth"": 5, ""factor"": -0.5}",4.120387610000001,1.9800000000000002,15.15,8.69128465154942,2.1093366630013284,2.1403876100000003,0.4805373152745695,0.1622426645924217,0.351209203349682,0.47478928808836024,"{""cv"": {""absolute"": -1.178405286145067, ""relative"": -0.3584238983388034}, ""ev"": {""absolute"": -0.6252279899999982, ""relative"": -0.1317485533383695}, ""gap"": {""absolute"": -0.6252279899999982, ""relative"": -0.22607190601615007}, ""p50"": {""absolute"": 0.0, ""relative"": 0.0}, ""p95"": {""absolute"": 0.0, ""relative"": 0.0}, ""std_dev"": {""absolute"": -6.9110748310941155, ""relative"": -0.44295062158913673}, ""top1"": {""absolute"": -0.08634140319427389, ""relative"": -0.3473328116440733}, ""top10"": {""absolute"": -0.06919575149217388, ""relative"": -0.12720157073718535}, ""top5"": {""absolute"": -0.08547724887792785, ""relative"": -0.19574055581961441}, ""typical_capture"": {""absolute"": 0.06331009611252852, ""relative"": 0.15174009078238113}}",tier_b_paired,2026-08-23T17:51:55.121741+00:00
cb69a4d0-34c6-49b4-9269-b0745cdcbf89,ev_representativeness_v1,rarity_ablation:ace spec rare,rarity_ablation,"{""rarityKey"": ""ace spec rare""}",4.531714100000001,1.9500000000000002,13.71,15.547826692295654,3.4308931122322237,2.581714100000001,0.43030075529257233,0.25992942273211816,0.45325920715077783,0.5482793497498001,"{""cv"": {""absolute"": 0.14315116308582843, ""relative"": 0.04354087556141537}, ""ev"": {""absolute"": -0.21390149999999775, ""relative"": -0.0450734989997921}, ""gap"": {""absolute"": -0.1839014999999975, ""relative"": -0.06649568363730578}, ""p50"": {""absolute"": -0.030000000000000027, ""relative"": -0.015151515151515164}, ""p95"": {""absolute"": -1.4399999999999995, ""relative"": -0.09504950495049501}, ""std_dev"": {""absolute"": -0.05453279034788139, ""relative"": -0.0034951630494442242}, ""top1"": {""absolute"": 0.011345354945422575, ""relative"": 0.04563991186739196}, ""top10"": {""absolute"": 0.004294310169265958, ""relative"": 0.007894169612784375}, ""top5"": {""absolute"": 0.01657275492316801, ""relative"": 0.037951154286164926}, ""typical_capture"": {""absolute"": 0.01307353613053136, ""relative"": 0.03133433182232992}}",tier_b_paired,2026-08-23T17:51:55.121741+00:00
cb69a4d0-34c6-49b4-9269-b0745cdcbf89,ev_representativeness_v1,rarity_ablation:common,rarity_ablation,"{""rarityKey"": ""common""}",3.844922099999999,1.1500000000000001,14.41,15.619217490288412,4.062297514503198,2.6949220999999985,0.299095786622049,0.30481469052389915,0.5288174473027686,0.6507086996639023,"{""cv"": {""absolute"": 0.774555565356803, ""relative"": 0.23558891705533727}, ""ev"": {""absolute"": -0.9006935, ""relative"": -0.1897948708698615}, ""gap"": {""absolute"": -0.07069349999999996, ""relative"": -0.02556157840590717}, ""p50"": {""absolute"": -0.8300000000000001, ""relative"": -0.41919191919191917}, ""p95"": {""absolute"": -0.7400000000000002, ""relative"": -0.048844884488448856}, ""std_dev"": {""absolute"": 0.016858007644875883, ""relative"": 0.001080478094587499}, ""top1"": {""absolute"": 0.056230622737203556, ""relative"": 0.22620364707143578}, ""top10"": {""absolute"": 0.1067236600833682, ""relative"": 0.1961885940202742}, ""top5"": {""absolute"": 0.09213099507515876, ""relative"": 0.21097745214027894}, ""typical_capture"": {""absolute"": -0.11813143253999198, ""relative"": -0.2831345298546128}}",tier_b_paired,2026-08-23T17:51:55.121741+00:00
cb69a4d0-34c6-49b4-9269-b0745cdcbf89,ev_representativeness_v1,rarity_ablation:double rare,rarity_ablation,"{""rarityKey"": ""double rare""}",4.53843194,1.86,15.07,15.595939680204836,3.4364159001147954,2.6784319399999994,0.4098331812815508,0.2594654091033918,0.45434552445882886,0.5644101407412534,"{""cv"": {""absolute"": 0.14867395096840008, ""relative"": 0.04522068741039748}, ""ev"": {""absolute"": -0.20718365999999921, ""relative"": -0.043657910261420935}, ""gap"": {""absolute"": -0.08718365999999911, ""relative"": -0.031524142400700644}, ""p50"": {""absolute"": -0.1200000000000001, ""relative"": -0.060606060606060656}, ""p95"": {""absolute"": -0.08000000000000007, ""relative"": -0.005280528052805285}, ""std_dev"": {""absolute"": -0.006419802438699662, ""relative"": -0.0004114635639462874}, ""top1"": {""absolute"": 0.010881341316696186, ""relative"": 0.04377328528565725}, ""top10"": {""absolute"": 0.020425101160719272, ""relative"": 0.037547174415805684}, ""top5"": {""absolute"": 0.017659072231219042, ""relative"": 0.04043879113065495}, ""typical_capture"": {""absolute"": -0.007394037880490201, ""relative"": -0.01772184924881072}}",tier_b_paired,2026-08-23T17:51:55.121741+00:00
cb69a4d0-34c6-49b4-9269-b0745cdcbf89,ev_representativeness_v1,rarity_ablation:hyper rare,rarity_ablation,"{""rarityKey"": ""hyper rare""}",4.696703539999999,1.98,15.15,15.599128941833627,3.3212930748091525,2.716703539999999,0.4215722757753623,0.25117285346053586,0.44122950327837807,0.5468750088492917,"{""cv"": {""absolute"": 0.0335511256627572, ""relative"": 0.010204914552818892}, ""ev"": {""absolute"": -0.048912060000000146, ""relative"": -0.010306789281458058}, ""gap"": {""absolute"": -0.0489120599999997, ""relative"": -0.017685776721826318}, ""p50"": {""absolute"": -2.220446049250313e-16, ""relative"": -1.121437398611269e-16}, ""p95"": {""absolute"": 0.0, ""relative"": 0.0}, ""std_dev"": {""absolute"": -0.0032305408099091437, ""relative"": -0.00020705463257034168}, ""top1"": {""absolute"": 0.0025887856738402715, ""relative"": 0.01041412547831364}, ""top10"": {""absolute"": 0.0028899692687576195, ""relative"": 0.005312589609056288}, ""top5"": {""absolute"": 0.004543051050768243, ""relative"": 0.010403462318543175}, ""typical_capture"": {""absolute"": 0.004345056613321352, ""relative"": 0.010414125478313621}}",tier_b_paired,2026-08-23T17:51:55.121741+00:00
cb69a4d0-34c6-49b4-9269-b0745cdcbf89,ev_representativeness_v1,rarity_ablation:illustration rare,rarity_ablation,"{""rarityKey"": ""illustration rare""}",3.4614608800000024,1.9200000000000002,6.98,13.897032039073295,4.014788125836998,1.5414608800000023,0.5546790983811433,0.24918978717448345,0.38197777638902575,0.46242939483978807,"{""cv"": {""absolute"": 0.7270461766906027, ""relative"": 0.22113845549203381}, ""ev"": {""absolute"": -1.2841547199999965, ""relative"": -0.2705981327269737}, ""gap"": {""absolute"": -1.2241547199999963, ""relative"": -0.44263371959573733}, ""p50"": {""absolute"": -0.06000000000000005, ""relative"": -0.030303030303030328}, ""p95"": {""absolute"": -8.17, ""relative"": -0.5392739273927393}, ""std_dev"": {""absolute"": -1.7053274435702406, ""relative"": -0.10929933036521114}, ""top1"": {""absolute"": 0.0006057193877878619, ""relative"": 0.0024366782359825897}, ""top10"": {""absolute"": -0.08155564474074606, ""relative"": -0.14992258758372007}, ""top5"": {""absolute"": -0.054708675838584075, ""relative"": -0.12528136735066103}, ""typical_capture"": {""absolute"": 0.1374518792191023, ""relative"": 0.32944130417751893}}",tier_b_paired,2026-08-23T17:51:55.121741+00:00
cb69a4d0-34c6-49b4-9269-b0745cdcbf89,ev_representativeness_v1,rarity_ablation:rare,rarity_ablation,"{""rarityKey"": ""rare""}",4.502933279999999,1.7000000000000002,14.930000000000001,15.611845385196093,3.4670390197733725,2.8029332799999986,0.3775316875225832,0.2615133928877578,0.45803916064241584,0.5691404359426797,"{""cv"": {""absolute"": 0.1792970706269772, ""relative"": 0.0545350192929614}, ""ev"": {""absolute"": -0.24268232000000012, ""relative"": -0.05113821692595586}, ""gap"": {""absolute"": 0.03731768000000013, ""relative"": 0.013493444280542874}, ""p50"": {""absolute"": -0.28, ""relative"": -0.1414141414141414}, ""p95"": {""absolute"": -0.21999999999999886, ""relative"": -0.014521452145214445}, ""std_dev"": {""absolute"": 0.00948590255255688, ""relative"": 0.0006079787203409357}, ""top1"": {""absolute"": 0.012929325101062233, ""relative"": 0.05201188159877003}, ""top10"": {""absolute"": 0.025155396362145588, ""relative"": 0.04624280914332289}, ""top5"": {""absolute"": 0.02135270841480602, ""relative"": 0.04889711669753509}, ""typical_capture"": {""absolute"": -0.03969553163945777, ""relative"": -0.09514127989823451}}",tier_b_paired,2026-08-23T17:51:55.121741+00:00
cb69a4d0-34c6-49b4-9269-b0745cdcbf89,ev_representativeness_v1,rarity_ablation:special illustration rare,rarity_ablation,"{""rarityKey"": ""special illustration rare""}",3.8853884999999986,1.9700000000000002,12.330000000000002,7.561026087011455,1.946015459460864,1.9153884999999984,0.5070278042980775,0.16910319264083884,0.34858087936380105,0.45890552514890076,"{""cv"": {""absolute"": -1.3417264896855312, ""relative"": -0.40809969591253564}, ""ev"": {""absolute"": -0.8602271000000004, ""relative"": -0.18126775797011468}, ""gap"": {""absolute"": -0.8502271000000001, ""relative"": -0.307427792929719}, ""p50"": {""absolute"": -0.010000000000000009, ""relative"": -0.005050505050505054}, ""p95"": {""absolute"": -2.8199999999999985, ""relative"": -0.18613861386138603}, ""std_dev"": {""absolute"": -8.04133339563208, ""relative"": -0.5153921369762994}, ""top1"": {""absolute"": -0.07948087514585675, ""relative"": -0.31973438947043664}, ""top10"": {""absolute"": -0.08507951443163336, ""relative"": -0.15640046736806956}, ""top5"": {""absolute"": -0.08810557286380877, ""relative"": -0.20175934566865464}, ""typical_capture"": {""absolute"": 0.0898005851360365, ""relative"": 0.2152318473286378}}",tier_b_paired,2026-08-23T17:51:55.121741+00:00
cb69a4d0-34c6-49b4-9269-b0745cdcbf89,ev_representativeness_v1,rarity_ablation:ultra rare,rarity_ablation,"{""rarityKey"": ""ultra rare""}",4.463465190000003,1.93,14.110000000000001,15.5613516332534,3.4863835542208834,2.533465190000003,0.4323994739163629,0.26385473838544715,0.459558722356699,0.5594924063919944,"{""cv"": {""absolute"": 0.19864160507448814, ""relative"": 0.060418855295520366}, ""ev"": {""absolute"": -0.2821504099999963, ""relative"": -0.05945496512612534}, ""gap"": {""absolute"": -0.2321504099999956, ""relative"": -0.08394167649328986}, ""p50"": {""absolute"": -0.050000000000000266, ""relative"": -0.025252525252525384}, ""p95"": {""absolute"": -1.0399999999999991, ""relative"": -0.06864686468646859}, ""std_dev"": {""absolute"": -0.041007849390135576, ""relative"": -0.002628310765160472}, ""top1"": {""absolute"": 0.015270670598751562, ""relative"": 0.061430608706005176}, ""top10"": {""absolute"": 0.015507366811460255, ""relative"": 0.028506972955392226}, ""top5"": {""absolute"": 0.022872270129089156, ""relative"": 0.05237687135108938}, ""typical_capture"": {""absolute"": 0.015172254754321934, ""relative"": 0.03636448931782036}}",tier_b_paired,2026-08-23T17:51:55.121741+00:00
cb69a4d0-34c6-49b4-9269-b0745cdcbf89,ev_representativeness_v1,rarity_ablation:uncommon,rarity_ablation,"{""rarityKey"": ""uncommon""}",4.039905270000002,1.31,14.57,15.617729463021385,3.8658652664450663,2.729905270000002,0.3242650291153979,0.2905470479014474,0.5055572751090769,0.6238856313578857,"{""cv"": {""absolute"": 0.5781233172986711, ""relative"": 0.17584206006458952}, ""ev"": {""absolute"": -0.7057103299999969, ""relative"": -0.14870785783829543}, ""gap"": {""absolute"": -0.03571032999999657, ""relative"": -0.01291225360458503}, ""p50"": {""absolute"": -0.6700000000000002, ""relative"": -0.3383838383838384}, ""p95"": {""absolute"": -0.5800000000000001, ""relative"": -0.03828382838283829}, ""std_dev"": {""absolute"": 0.015369980377849757, ""relative"": 0.0009851061562161619}, ""top1"": {""absolute"": 0.04196298011475183, ""relative"": 0.16880800321748424}, ""top10"": {""absolute"": 0.07990059177735154, ""relative"": 0.14688012714276616}, ""top5"": {""absolute"": 0.06887082288146706, ""relative"": 0.15771229569899778}, ""typical_capture"": {""absolute"": -0.09296219004664308, ""relative"": -0.22280950469470404}}",tier_b_paired,2026-08-23T17:51:55.121741+00:00
cb69a4d0-34c6-49b4-9269-b0745cdcbf89,ev_representativeness_v1,top_card_ablation:1,top_card_ablation,"{""cards"": [{""cardName"": ""Greninja ex"", ""cardNumber"": ""214/167"", ""evShare"": 0.08603854260762293, ""priceUsed"": 370.85, ""rarityKey"": ""special illustration rare""}], ""depth"": 1}",4.337309749999998,1.9800000000000002,15.09,9.701555610810823,2.23676798983767,2.357309749999998,0.45650417289196393,0.19070886740334836,0.3869978089528883,0.5024658683876567,"{""cv"": {""absolute"": -1.0509739593087253, ""relative"": -0.31966437012539634}, ""ev"": {""absolute"": -0.4083058500000005, ""relative"": -0.08603854260762304}, ""gap"": {""absolute"": -0.4083058500000005, ""relative"": -0.1476365153566536}, ""p50"": {""absolute"": 0.0, ""relative"": 0.0}, ""p95"": {""absolute"": -0.0600000000000005, ""relative"": -0.003960396039603993}, ""std_dev"": {""absolute"": -5.9008038718327125, ""relative"": -0.3781994562038465}, ""top1"": {""absolute"": -0.05787520038334723, ""relative"": -0.23281942764332203}, ""top10"": {""absolute"": -0.0415191711928774, ""relative"": -0.07632410484099482}, ""top5"": {""absolute"": -0.0496886432747215, ""relative"": -0.11378563044777669}, ""typical_capture"": {""absolute"": 0.03927695372992296, ""relative"": 0.09413804259656593}}",tier_b_paired,2026-08-23T17:51:55.121741+00:00
cb69a4d0-34c6-49b4-9269-b0745cdcbf89,ev_representativeness_v1,top_card_ablation:10,top_card_ablation,"{""cards"": [{""cardName"": ""Greninja ex"", ""cardNumber"": ""214/167"", ""evShare"": 0.08603854260762293, ""priceUsed"": 370.85, ""rarityKey"": ""special illustration rare""}, {""cardName"": ""Eevee"", ""cardNumber"": ""188/167"", ""evShare"": 0.0732590056388048, ""priceUsed"": 94.37, ""rarityKey"": ""illustration rare""}, {""cardName"": ""Chansey"", ""cardNumber"": ""187/167"", ""evShare"": 0.0430285841103523, ""priceUsed"": 55.01, ""rarityKey"": ""illustration rare""}, {""cardName"": ""Perrin"", ""cardNumber"": ""220/167"", ""evShare"": 0.03577133596745594, ""priceUsed"": 167.91, ""rarityKey"": ""special illustration rare""}, {""cardName"": ""Hisuian Growlithe"", ""cardNumber"": ""181/167"", ""evShare"": 0.02539963835250373, ""priceUsed"": 31.48, ""rarityKey"": ""illustration rare""}, {""cardName"": ""Unfair Stamp"", ""cardNumber"": ""165/167"", ""evShare"": 0.023655013271618546, ""priceUsed"": 13.65, ""rarityKey"": ""ace spec rare""}, {""cardName"": ""Tatsugiri"", ""cardNumber"": ""186/167"", ""evShare"": 0.017943539295513105, ""priceUsed"": 22.21, ""rarityKey"": ""illustration rare""}, {""cardName"": ""Carmine"", ""cardNumber"": ""217/167"", ""evShare"": 0.012656381186879107, ""priceUsed"": 55.82, ""rarityKey"": ""special illustration rare""}, {""cardName"": ""Pinsir"", ""cardNumber"": ""168/167"", ""evShare"": 0.012365923611680643, ""priceUsed"": 16.54, ""rarityKey"": ""illustration rare""}, {""cardName"": ""Secret Box"", ""cardNumber"": ""163/167"", ""evShare"": 0.012173931660204423, ""priceUsed"": 7.2, ""rarityKey"": ""ace spec rare""}], ""depth"": 10}",3.1212298400000007,1.9500000000000002,8.51,3.6452584360637004,1.1678917038880097,1.1712298400000005,0.6247537348931662,0.08793420993309484,0.24941844077717773,0.3620813358621485,"{""cv"": {""absolute"": -2.1198502452583856, ""relative"": -0.6447739141476014}, ""ev"": {""absolute"": -1.6243857599999982, ""relative"": -0.3422918957026352}, ""gap"": {""absolute"": -1.594385759999998, ""relative"": -0.5765030252215814}, ""p50"": {""absolute"": -0.030000000000000027, ""relative"": -0.015151515151515164}, ""p95"": {""absolute"": -6.640000000000001, ""relative"": -0.4382838283828383}, ""std_dev"": {""absolute"": -11.957101046579835, ""relative"": -0.766364924477046}, ""top1"": {""absolute"": -0.16064985785360075, ""relative"": -0.6462596709594872}, ""top10"": {""absolute"": -0.1819037037183856, ""relative"": -0.3343910043163158}, ""top5"": {""absolute"": -0.1872680114504321, ""relative"": -0.4288386106212982}, ""typical_capture"": {""absolute"": 0.20752651573112524, ""relative"": 0.4973944800339763}}",tier_b_paired,2026-08-23T17:51:55.121741+00:00
cb69a4d0-34c6-49b4-9269-b0745cdcbf89,ev_representativeness_v1,top_card_ablation:5,top_card_ablation,"{""cards"": [{""cardName"": ""Greninja ex"", ""cardNumber"": ""214/167"", ""evShare"": 0.08603854260762293, ""priceUsed"": 370.85, ""rarityKey"": ""special illustration rare""}, {""cardName"": ""Eevee"", ""cardNumber"": ""188/167"", ""evShare"": 0.0732590056388048, ""priceUsed"": 94.37, ""rarityKey"": ""illustration rare""}, {""cardName"": ""Chansey"", ""cardNumber"": ""187/167"", ""evShare"": 0.0430285841103523, ""priceUsed"": 55.01, ""rarityKey"": ""illustration rare""}, {""cardName"": ""Perrin"", ""cardNumber"": ""220/167"", ""evShare"": 0.03577133596745594, ""priceUsed"": 167.91, ""rarityKey"": ""special illustration rare""}, {""cardName"": ""Hisuian Growlithe"", ""cardNumber"": ""181/167"", ""evShare"": 0.02539963835250373, ""priceUsed"": 31.48, ""rarityKey"": ""illustration rare""}], ""depth"": 5}",3.4951596199999995,1.9700000000000002,11.01,4.554279843281643,1.3030248510600622,1.5251596199999993,0.5636366329958917,0.09805929263968778,0.2800260378380086,0.4004663712611785,"{""cv"": {""absolute"": -1.9847170980863331, ""relative"": -0.6036717993033578}, ""ev"": {""absolute"": -1.2504559799999995, ""relative"": -0.26349710667673965}, ""gap"": {""absolute"": -1.2404559799999992, ""relative"": -0.4485279805335202}, ""p50"": {""absolute"": -0.010000000000000009, ""relative"": -0.005050505050505054}, ""p95"": {""absolute"": -4.140000000000001, ""relative"": -0.2732673267326733}, ""std_dev"": {""absolute"": -11.048079639361893, ""relative"": -0.7081031334813211}, ""top1"": {""absolute"": -0.1505247751470078, ""relative"": -0.605528650678328}, ""top10"": {""absolute"": -0.1435186683193556, ""relative"": -0.26382833695210184}, ""top5"": {""absolute"": -0.1566604143896012, ""relative"": -0.3587480527285665}, ""typical_capture"": {""absolute"": 0.14640941383385075, ""relative"": 0.35091050418019076}}",tier_b_paired,2026-08-23T17:51:55.121741+00:00
cb69a4d0-34c6-49b4-9269-b0745cdcbf89,ev_representativeness_v1,winsorize_top:0.0100,winsorization,"{""quantile"": 0.01}",4.1300311700000005,1.9800000000000002,15.15,7.0868493691857495,1.7159312066852388,2.15003117,0.47941526794820777,0.1365849255805979,0.3527241199973799,0.4760156471167745,"{""cv"": {""absolute"": -1.5718107424611565, ""relative"": -0.4780821508419326}, ""ev"": {""absolute"": -0.6155844299999984, ""relative"": -0.12971645448906535}, ""gap"": {""absolute"": -0.6155844299999984, ""relative"": -0.22258495721531174}, ""p50"": {""absolute"": 0.0, ""relative"": 0.0}, ""p95"": {""absolute"": 0.0, ""relative"": 0.0}, ""std_dev"": {""absolute"": -8.515510113457786, ""relative"": -0.5457834837692759}, ""top1"": {""absolute"": -0.11199914220609769, ""relative"": -0.4505483525283754}, ""top10"": {""absolute"": -0.0679693924637596, ""relative"": -0.12494717229019879}, ""top5"": {""absolute"": -0.08396233223022992, ""relative"": -0.1922714382411549}, ""typical_capture"": {""absolute"": 0.062188048786166794, ""relative"": 0.14905079517838088}}",tier_b_paired,2026-08-23T17:51:55.121741+00:00
