set_id,set_name,card_id,card_variant_id,card_name,card_number,rarity,treatment,printing_type,market_price,pack_price,value_in_packs,image_url,human_label,labeler_id,label_confidence,notes
0f7e51e2-5a78-4500-9c9c-f690e934a069,Phantasmal Flames,c155b3a4-c0fa-4abc-8f0c-b4f4ac615f6f,10672867-df6e-43d2-9a91-df01cb89e9d6,Mega Charizard X ex,125/094,special illustration rare,,holo,703.07,11.08,63.5,,,,,
0f7e51e2-5a78-4500-9c9c-f690e934a069,Phantasmal Flames,c155b3a4-c0fa-4abc-8f0c-b4f4ac615f6f,10672867-df6e-43d2-9a91-df01cb89e9d6,Mega Charizard X ex,125/094,special illustration rare,,holo,703.07,11.08,63.5,,,,,
0f7e51e2-5a78-4500-9c9c-f690e934a069,Phantasmal Flames,777bb212-dc79-4a3d-8bb4-0ac912c43ff3,96052c74-6699-4df3-9f86-4bbd92c5a724,Mega Charizard X ex,130/094,mega hyper rare,,holo,275.30,11.08,24.8,,,,,
0f7e51e2-5a78-4500-9c9c-f690e934a069,Phantasmal Flames,777bb212-dc79-4a3d-8bb4-0ac912c43ff3,96052c74-6699-4df3-9f86-4bbd92c5a724,Mega Charizard X ex,130/094,mega hyper rare,,holo,275.30,11.08,24.8,,,,,
0f7e51e2-5a78-4500-9c9c-f690e934a069,Phantasmal Flames,80af65aa-826d-4602-bf6f-5d6a5ff2e8ab,fc544377-14f9-4e27-a25f-023b75a60303,Mega Charizard X ex,109/094,ultra rare,,holo,27.09,11.08,2.4,,,,,
0f7e51e2-5a78-4500-9c9c-f690e934a069,Phantasmal Flames,80af65aa-826d-4602-bf6f-5d6a5ff2e8ab,fc544377-14f9-4e27-a25f-023b75a60303,Mega Charizard X ex,109/094,ultra rare,,holo,27.09,11.08,2.4,,,,,
0f7e51e2-5a78-4500-9c9c-f690e934a069,Phantasmal Flames,0870b954-d97a-41ff-8180-dbac15b977ff,81bb14e8-db6b-41ba-b9ff-37b4468f9ba4,Dawn,129/094,special illustration rare,,holo,21.54,11.08,1.9,,,,,
0f7e51e2-5a78-4500-9c9c-f690e934a069,Phantasmal Flames,0870b954-d97a-41ff-8180-dbac15b977ff,81bb14e8-db6b-41ba-b9ff-37b4468f9ba4,Dawn,129/094,special illustration rare,,holo,21.54,11.08,1.9,,,,,
0f7e51e2-5a78-4500-9c9c-f690e934a069,Phantasmal Flames,4571472f-09be-4deb-8b02-de67be87fafd,7c3e24f9-be0e-4de8-86fc-9fb913792294,Meowth,106/094,illustration rare,,holo,20.89,11.08,1.9,,,,,
0f7e51e2-5a78-4500-9c9c-f690e934a069,Phantasmal Flames,4571472f-09be-4deb-8b02-de67be87fafd,7c3e24f9-be0e-4de8-86fc-9fb913792294,Meowth,106/094,illustration rare,,holo,20.89,11.08,1.9,,,,,
0f7e51e2-5a78-4500-9c9c-f690e934a069,Phantasmal Flames,80c1f799-148f-4af8-8b8d-e4ab1ec05c38,033154d1-b462-4ac3-a1c7-6e89c3e65aa8,Mega Sharpedo ex,127/094,special illustration rare,,holo,19.91,11.08,1.8,,,,,
0f7e51e2-5a78-4500-9c9c-f690e934a069,Phantasmal Flames,80c1f799-148f-4af8-8b8d-e4ab1ec05c38,033154d1-b462-4ac3-a1c7-6e89c3e65aa8,Mega Sharpedo ex,127/094,special illustration rare,,holo,19.91,11.08,1.8,,,,,
0f7e51e2-5a78-4500-9c9c-f690e934a069,Phantasmal Flames,1ad3ee6a-4d08-4ee7-b477-37b713f9f9e7,6a8f11de-0d9e-4e5a-8cd2-6a4fa8202ebe,Rotom ex,126/094,special illustration rare,,holo,19.01,11.08,1.7,,,,,
0f7e51e2-5a78-4500-9c9c-f690e934a069,Phantasmal Flames,1ad3ee6a-4d08-4ee7-b477-37b713f9f9e7,6a8f11de-0d9e-4e5a-8cd2-6a4fa8202ebe,Rotom ex,126/094,special illustration rare,,holo,19.01,11.08,1.7,,,,,
0f7e51e2-5a78-4500-9c9c-f690e934a069,Phantasmal Flames,397ac9df-4da1-41d8-85db-57cb51232347,e2db93bc-f913-40d0-af49-93a4d97da1f1,Mega Lopunny ex,128/094,special illustration rare,,holo,14.70,11.08,1.3,,,,,
0f7e51e2-5a78-4500-9c9c-f690e934a069,Phantasmal Flames,397ac9df-4da1-41d8-85db-57cb51232347,e2db93bc-f913-40d0-af49-93a4d97da1f1,Mega Lopunny ex,128/094,special illustration rare,,holo,14.70,11.08,1.3,,,,,
0f7e51e2-5a78-4500-9c9c-f690e934a069,Phantasmal Flames,ac13377f-347e-43b5-9f88-c52d2d351359,ada2b77d-f37d-478d-bbaa-51af6d6ccfed,Piplup,098/094,illustration rare,,holo,14.34,11.08,1.3,,,,,
0f7e51e2-5a78-4500-9c9c-f690e934a069,Phantasmal Flames,ac13377f-347e-43b5-9f88-c52d2d351359,ada2b77d-f37d-478d-bbaa-51af6d6ccfed,Piplup,098/094,illustration rare,,holo,14.34,11.08,1.3,,,,,
0f7e51e2-5a78-4500-9c9c-f690e934a069,Phantasmal Flames,0dd5b360-904f-4264-b3b0-e4969f0a0cd5,7f9e6ebe-1d3e-4d07-8dff-3b1ff45d88d2,Wigglytuff,105/094,illustration rare,,holo,6.39,11.08,0.6,,,,,
0f7e51e2-5a78-4500-9c9c-f690e934a069,Phantasmal Flames,0dd5b360-904f-4264-b3b0-e4969f0a0cd5,7f9e6ebe-1d3e-4d07-8dff-3b1ff45d88d2,Wigglytuff,105/094,illustration rare,,holo,6.39,11.08,0.6,,,,,
0f7e51e2-5a78-4500-9c9c-f690e934a069,Phantasmal Flames,4f3fa670-7dfd-4e73-8f9b-12eb66676bb1,efa5a795-c408-4074-902e-312c1df161a8,Flygon,101/094,illustration rare,,holo,5.52,11.08,0.5,,,,,
0f7e51e2-5a78-4500-9c9c-f690e934a069,Phantasmal Flames,4f3fa670-7dfd-4e73-8f9b-12eb66676bb1,efa5a795-c408-4074-902e-312c1df161a8,Flygon,101/094,illustration rare,,holo,5.52,11.08,0.5,,,,,
0f7e51e2-5a78-4500-9c9c-f690e934a069,Phantasmal Flames,3e70bf81-6014-4b50-bb56-69af86d205cb,47585bb2-0af8-4e18-b3ee-ff5f463143cf,Dawn,118/094,ultra rare,,holo,5.39,11.08,0.5,,,,,
0f7e51e2-5a78-4500-9c9c-f690e934a069,Phantasmal Flames,3e70bf81-6014-4b50-bb56-69af86d205cb,47585bb2-0af8-4e18-b3ee-ff5f463143cf,Dawn,118/094,ultra rare,,holo,5.39,11.08,0.5,,,,,
0f7e51e2-5a78-4500-9c9c-f690e934a069,Phantasmal Flames,7f59566e-f386-4124-8156-02c0e929bd88,4d416304-c166-4535-ab72-c814b800b3f3,Dewgong,097/094,illustration rare,,holo,4.86,11.08,0.4,,,,,
0f7e51e2-5a78-4500-9c9c-f690e934a069,Phantasmal Flames,7f59566e-f386-4124-8156-02c0e929bd88,4d416304-c166-4535-ab72-c814b800b3f3,Dewgong,097/094,illustration rare,,holo,4.86,11.08,0.4,,,,,
0f7e51e2-5a78-4500-9c9c-f690e934a069,Phantasmal Flames,56fc8c48-ffc9-432f-9664-a25f594d2de1,d1d43925-39d8-4164-89c8-1f2d75d4a984,Mega Charizard X ex,013/094,double rare,,holo,4.86,11.08,0.4,,,,,
0f7e51e2-5a78-4500-9c9c-f690e934a069,Phantasmal Flames,56fc8c48-ffc9-432f-9664-a25f594d2de1,d1d43925-39d8-4164-89c8-1f2d75d4a984,Mega Charizard X ex,013/094,double rare,,holo,4.86,11.08,0.4,,,,,
0f7e51e2-5a78-4500-9c9c-f690e934a069,Phantasmal Flames,ca7326e0-ca33-4ff4-a497-d9eed2a90a46,a32175cb-d239-4137-a8b8-a38377dfe87f,Zacian,100/094,illustration rare,,holo,4.71,11.08,0.4,,,,,
0f7e51e2-5a78-4500-9c9c-f690e934a069,Phantasmal Flames,ca7326e0-ca33-4ff4-a497-d9eed2a90a46,a32175cb-d239-4137-a8b8-a38377dfe87f,Zacian,100/094,illustration rare,,holo,4.71,11.08,0.4,,,,,
fd1538dd-36b9-4d02-98dc-fd65a5230d27,Paldean Fates,c000fd99-145d-45c1-8a68-f3b38c6918ab,b0753c05-a01f-419a-a0a4-7b0b1e1592b1,Mew ex,232/091,special illustration rare,,holo,964.98,23.11,41.8,,,,,
fd1538dd-36b9-4d02-98dc-fd65a5230d27,Paldean Fates,c000fd99-145d-45c1-8a68-f3b38c6918ab,b0753c05-a01f-419a-a0a4-7b0b1e1592b1,Mew ex,232/091,special illustration rare,,holo,964.98,23.11,41.8,,,,,
fd1538dd-36b9-4d02-98dc-fd65a5230d27,Paldean Fates,3f4944fd-9c1b-4711-b6ea-e438e8e7d3b8,c2d7a5e7-cfdd-4f37-9748-a2259857c6e3,Charizard ex,234/091,special illustration rare,,holo,281.55,23.11,12.2,,,,,
fd1538dd-36b9-4d02-98dc-fd65a5230d27,Paldean Fates,3f4944fd-9c1b-4711-b6ea-e438e8e7d3b8,c2d7a5e7-cfdd-4f37-9748-a2259857c6e3,Charizard ex,234/091,special illustration rare,,holo,281.55,23.11,12.2,,,,,
fd1538dd-36b9-4d02-98dc-fd65a5230d27,Paldean Fates,81f1c9f8-0ee1-4eb0-879f-86fa21990e5c,aa526ad7-a005-487c-9df2-7539fed26c08,Gardevoir ex,233/091,special illustration rare,,holo,176.19,23.11,7.6,,,,,
fd1538dd-36b9-4d02-98dc-fd65a5230d27,Paldean Fates,81f1c9f8-0ee1-4eb0-879f-86fa21990e5c,aa526ad7-a005-487c-9df2-7539fed26c08,Gardevoir ex,233/091,special illustration rare,,holo,176.19,23.11,7.6,,,,,
fd1538dd-36b9-4d02-98dc-fd65a5230d27,Paldean Fates,645b3904-b3b2-40fe-9edb-28a61bfc2e11,1905f132-0a7f-4dc5-8cab-ea59012cbaaa,Pikachu,131/091,shiny rare,,holo,78.23,23.11,3.4,,,,,
fd1538dd-36b9-4d02-98dc-fd65a5230d27,Paldean Fates,645b3904-b3b2-40fe-9edb-28a61bfc2e11,1905f132-0a7f-4dc5-8cab-ea59012cbaaa,Pikachu,131/091,shiny rare,,holo,78.23,23.11,3.4,,,,,
fd1538dd-36b9-4d02-98dc-fd65a5230d27,Paldean Fates,9130592e-3583-4c06-8167-09994f0b08b2,8a8d4485-8531-4317-b8ff-1b1e2dcac8b2,Snorlax,202/091,shiny rare,,holo,51.45,23.11,2.2,,,,,
fd1538dd-36b9-4d02-98dc-fd65a5230d27,Paldean Fates,9130592e-3583-4c06-8167-09994f0b08b2,8a8d4485-8531-4317-b8ff-1b1e2dcac8b2,Snorlax,202/091,shiny rare,,holo,51.45,23.11,2.2,,,,,
fd1538dd-36b9-4d02-98dc-fd65a5230d27,Paldean Fates,ef26c07f-8dde-4682-b906-389974e986de,474b2928-a21d-4287-b701-8115d06040ac,Mimikyu,160/091,shiny rare,,holo,50.24,23.11,2.2,,,,,
fd1538dd-36b9-4d02-98dc-fd65a5230d27,Paldean Fates,ef26c07f-8dde-4682-b906-389974e986de,474b2928-a21d-4287-b701-8115d06040ac,Mimikyu,160/091,shiny rare,,holo,50.24,23.11,2.2,,,,,
fd1538dd-36b9-4d02-98dc-fd65a5230d27,Paldean Fates,14731479-65c3-44c1-a79f-ba7c5d0329f1,e542c144-d2bc-4629-8ad6-5ed122cd0e1a,Charmander,109/091,shiny rare,,holo,47.62,23.11,2.1,,,,,
fd1538dd-36b9-4d02-98dc-fd65a5230d27,Paldean Fates,14731479-65c3-44c1-a79f-ba7c5d0329f1,e542c144-d2bc-4629-8ad6-5ed122cd0e1a,Charmander,109/091,shiny rare,,holo,47.62,23.11,2.1,,,,,
fd1538dd-36b9-4d02-98dc-fd65a5230d27,Paldean Fates,81482afe-74bc-4a77-b275-18f3e5bf0260,b7b83ebb-3ca9-4753-98f1-7301024607f6,Ditto,201/091,shiny rare,,holo,39.73,23.11,1.7,,,,,
fd1538dd-36b9-4d02-98dc-fd65a5230d27,Paldean Fates,81482afe-74bc-4a77-b275-18f3e5bf0260,b7b83ebb-3ca9-4753-98f1-7301024607f6,Ditto,201/091,shiny rare,,holo,39.73,23.11,1.7,,,,,
fd1538dd-36b9-4d02-98dc-fd65a5230d27,Paldean Fates,10ac8163-a5e7-46de-9753-58b93cd4cafe,d4dd387c-fc26-4d69-8219-3ce0c419fd57,Mew ex,216/091,shiny ultra rare,,holo,35.89,23.11,1.6,,,,,
fd1538dd-36b9-4d02-98dc-fd65a5230d27,Paldean Fates,10ac8163-a5e7-46de-9753-58b93cd4cafe,d4dd387c-fc26-4d69-8219-3ce0c419fd57,Mew ex,216/091,shiny ultra rare,,holo,35.89,23.11,1.6,,,,,
fd1538dd-36b9-4d02-98dc-fd65a5230d27,Paldean Fates,2c16a081-584c-4ab1-b802-6615133559e9,10313a46-1127-45dc-8d5b-3067d2075c87,Maushold,210/091,shiny rare,,holo,30.89,23.11,1.3,,,,,
fd1538dd-36b9-4d02-98dc-fd65a5230d27,Paldean Fates,2c16a081-584c-4ab1-b802-6615133559e9,10313a46-1127-45dc-8d5b-3067d2075c87,Maushold,210/091,shiny rare,,holo,30.89,23.11,1.3,,,,,
fd1538dd-36b9-4d02-98dc-fd65a5230d27,Paldean Fates,86d48b75-0754-433c-830e-c69ccf3cea59,8e878a99-0a45-48bd-9d92-20fd5e5c53f1,Tandemaus,209/091,shiny rare,,holo,28.66,23.11,1.2,,,,,
fd1538dd-36b9-4d02-98dc-fd65a5230d27,Paldean Fates,86d48b75-0754-433c-830e-c69ccf3cea59,8e878a99-0a45-48bd-9d92-20fd5e5c53f1,Tandemaus,209/091,shiny rare,,holo,28.66,23.11,1.2,,,,,
fd1538dd-36b9-4d02-98dc-fd65a5230d27,Paldean Fates,a65246a7-a71a-4ec7-b1b2-a336a65bf00d,8e5bac70-16e6-4042-931c-29806f45f37d,Iono,237/091,special illustration rare,,holo,25.68,23.11,1.1,,,,,
fd1538dd-36b9-4d02-98dc-fd65a5230d27,Paldean Fates,a65246a7-a71a-4ec7-b1b2-a336a65bf00d,8e5bac70-16e6-4042-931c-29806f45f37d,Iono,237/091,special illustration rare,,holo,25.68,23.11,1.1,,,,,
fd1538dd-36b9-4d02-98dc-fd65a5230d27,Paldean Fates,b6619ecf-a8f0-418d-9d8c-4efe14cac703,2a838729-5549-406c-8c31-14320d1ac92f,Lucario,174/091,shiny rare,,holo,25.62,23.11,1.1,,,,,
fd1538dd-36b9-4d02-98dc-fd65a5230d27,Paldean Fates,b6619ecf-a8f0-418d-9d8c-4efe14cac703,2a838729-5549-406c-8c31-14320d1ac92f,Lucario,174/091,shiny rare,,holo,25.62,23.11,1.1,,,,,
fd1538dd-36b9-4d02-98dc-fd65a5230d27,Paldean Fates,28da5f9f-c735-4c98-9343-4a4a2c0b73af,8d0b45b2-6ae9-4b39-9f15-fba2db209b50,Clive,236/091,special illustration rare,,holo,24.72,23.11,1.1,,,,,
fd1538dd-36b9-4d02-98dc-fd65a5230d27,Paldean Fates,28da5f9f-c735-4c98-9343-4a4a2c0b73af,8d0b45b2-6ae9-4b39-9f15-fba2db209b50,Clive,236/091,special illustration rare,,holo,24.72,23.11,1.1,,,,,
fd1538dd-36b9-4d02-98dc-fd65a5230d27,Paldean Fates,ceeaadd2-f460-40fd-a259-fbb8dca30368,8340c44b-138f-4125-a1ca-07db89fdea17,Jigglypuff,198/091,shiny rare,,holo,24.53,23.11,1.1,,,,,
fd1538dd-36b9-4d02-98dc-fd65a5230d27,Paldean Fates,ceeaadd2-f460-40fd-a259-fbb8dca30368,8340c44b-138f-4125-a1ca-07db89fdea17,Jigglypuff,198/091,shiny rare,,holo,24.53,23.11,1.1,,,,,
fd1538dd-36b9-4d02-98dc-fd65a5230d27,Paldean Fates,e04a9509-1156-40d3-82f6-d4809246dd64,1483f315-e463-4553-91d2-a98c663b000a,Slowpoke,116/091,shiny rare,,holo,19.50,23.11,0.8,,,,,
fd1538dd-36b9-4d02-98dc-fd65a5230d27,Paldean Fates,e04a9509-1156-40d3-82f6-d4809246dd64,1483f315-e463-4553-91d2-a98c663b000a,Slowpoke,116/091,shiny rare,,holo,19.50,23.11,0.8,,,,,
fd1538dd-36b9-4d02-98dc-fd65a5230d27,Paldean Fates,f113d8db-79a9-4190-840b-307b7c6104bd,742e447c-e25c-44b7-959f-b6d6aeb79d64,Slowbro,117/091,shiny rare,,holo,18.56,23.11,0.8,,,,,
fd1538dd-36b9-4d02-98dc-fd65a5230d27,Paldean Fates,f113d8db-79a9-4190-840b-307b7c6104bd,742e447c-e25c-44b7-959f-b6d6aeb79d64,Slowbro,117/091,shiny rare,,holo,18.56,23.11,0.8,,,,,
fd1538dd-36b9-4d02-98dc-fd65a5230d27,Paldean Fates,c0303d78-1487-4011-8041-69c87b2e5d68,aa8c2dc7-afee-4362-ab23-fb03e6763490,Raichu,132/091,shiny rare,,holo,18.46,23.11,0.8,,,,,
fd1538dd-36b9-4d02-98dc-fd65a5230d27,Paldean Fates,c0303d78-1487-4011-8041-69c87b2e5d68,aa8c2dc7-afee-4362-ab23-fb03e6763490,Raichu,132/091,shiny rare,,holo,18.46,23.11,0.8,,,,,
fd1538dd-36b9-4d02-98dc-fd65a5230d27,Paldean Fates,5d3e3c76-a8b0-4554-9fdc-33d8ed6250a3,7ef1da5c-0f90-4937-96c8-560216961663,Lechonk,207/091,shiny rare,,holo,17.50,23.11,0.8,,,,,
fd1538dd-36b9-4d02-98dc-fd65a5230d27,Paldean Fates,5d3e3c76-a8b0-4554-9fdc-33d8ed6250a3,7ef1da5c-0f90-4937-96c8-560216961663,Lechonk,207/091,shiny rare,,holo,17.50,23.11,0.8,,,,,
fd1538dd-36b9-4d02-98dc-fd65a5230d27,Paldean Fates,de16cd44-5396-43b7-b26b-d133155a5036,e7f5e594-b475-4d15-bb2e-677a00d1dfaa,Shinx,135/091,shiny rare,,holo,15.88,23.11,0.7,,,,,
fd1538dd-36b9-4d02-98dc-fd65a5230d27,Paldean Fates,de16cd44-5396-43b7-b26b-d133155a5036,e7f5e594-b475-4d15-bb2e-677a00d1dfaa,Shinx,135/091,shiny rare,,holo,15.88,23.11,0.7,,,,,
fd1538dd-36b9-4d02-98dc-fd65a5230d27,Paldean Fates,0aafe86f-09bf-43b7-a4fa-f9b4745f555d,974658a6-9cff-4bc0-96df-580acd12e291,Miraidon ex,243/091,hyper rare,,holo,15.71,23.11,0.7,,,,,
fd1538dd-36b9-4d02-98dc-fd65a5230d27,Paldean Fates,0aafe86f-09bf-43b7-a4fa-f9b4745f555d,974658a6-9cff-4bc0-96df-580acd12e291,Miraidon ex,243/091,hyper rare,,holo,15.71,23.11,0.7,,,,,
fd1538dd-36b9-4d02-98dc-fd65a5230d27,Paldean Fates,12c7495d-c3a9-4fee-8722-ea8b45b0f959,8090c8d3-2d40-453e-91e2-a0fa550a724c,Abra,148/091,shiny rare,,holo,15.40,23.11,0.7,,,,,
fd1538dd-36b9-4d02-98dc-fd65a5230d27,Paldean Fates,12c7495d-c3a9-4fee-8722-ea8b45b0f959,8090c8d3-2d40-453e-91e2-a0fa550a724c,Abra,148/091,shiny rare,,holo,15.40,23.11,0.7,,,,,
fd1538dd-36b9-4d02-98dc-fd65a5230d27,Paldean Fates,2a5631a9-62c6-4002-8f73-692910fe0a53,21ca79bb-abb5-413a-a7d3-e1e88b24bfcf,Penny,239/091,special illustration rare,,holo,14.70,23.11,0.6,,,,,
fd1538dd-36b9-4d02-98dc-fd65a5230d27,Paldean Fates,2a5631a9-62c6-4002-8f73-692910fe0a53,21ca79bb-abb5-413a-a7d3-e1e88b24bfcf,Penny,239/091,special illustration rare,,holo,14.70,23.11,0.6,,,,,
fd1538dd-36b9-4d02-98dc-fd65a5230d27,Paldean Fates,1039bedd-599f-420f-b393-d1c9877424ae,426acee7-0a7c-4819-8fd0-cf7156e0645e,Charmeleon,110/091,shiny rare,,holo,14.26,23.11,0.6,,,,,
fd1538dd-36b9-4d02-98dc-fd65a5230d27,Paldean Fates,1039bedd-599f-420f-b393-d1c9877424ae,426acee7-0a7c-4819-8fd0-cf7156e0645e,Charmeleon,110/091,shiny rare,,holo,14.26,23.11,0.6,,,,,
fd1538dd-36b9-4d02-98dc-fd65a5230d27,Paldean Fates,d27bd2dc-506f-461e-a334-c27c4cfe2add,ab2b6af9-a17a-46a6-a28a-a404f54e3c34,Riolu,173/091,shiny rare,,holo,13.22,23.11,0.6,,,,,
fd1538dd-36b9-4d02-98dc-fd65a5230d27,Paldean Fates,d27bd2dc-506f-461e-a334-c27c4cfe2add,ab2b6af9-a17a-46a6-a28a-a404f54e3c34,Riolu,173/091,shiny rare,,holo,13.22,23.11,0.6,,,,,
fd1538dd-36b9-4d02-98dc-fd65a5230d27,Paldean Fates,427e91d6-c010-49fb-9c47-3b3c26d3c19e,b789c8c7-0394-49e0-afc4-bd3e9d90be99,Koraidon ex,245/091,hyper rare,,holo,13.05,23.11,0.6,,,,,
fd1538dd-36b9-4d02-98dc-fd65a5230d27,Paldean Fates,427e91d6-c010-49fb-9c47-3b3c26d3c19e,b789c8c7-0394-49e0-afc4-bd3e9d90be99,Koraidon ex,245/091,hyper rare,,holo,13.05,23.11,0.6,,,,,
fd1538dd-36b9-4d02-98dc-fd65a5230d27,Paldean Fates,d8cdf559-7400-44f8-9f74-0a62840c8792,59a1b464-2348-4de1-bb4b-be884d62024b,Entei,112/091,shiny rare,,holo,12.37,23.11,0.5,,,,,
fd1538dd-36b9-4d02-98dc-fd65a5230d27,Paldean Fates,d8cdf559-7400-44f8-9f74-0a62840c8792,59a1b464-2348-4de1-bb4b-be884d62024b,Entei,112/091,shiny rare,,holo,12.37,23.11,0.5,,,,,
fd1538dd-36b9-4d02-98dc-fd65a5230d27,Paldean Fates,4596a130-58ff-4868-bbed-a86ba4607eaa,80bbebe3-b021-42a4-b230-5f96e4f16a5f,Paldean Wooper,180/091,shiny rare,,holo,12.18,23.11,0.5,,,,,
fd1538dd-36b9-4d02-98dc-fd65a5230d27,Paldean Fates,4596a130-58ff-4868-bbed-a86ba4607eaa,80bbebe3-b021-42a4-b230-5f96e4f16a5f,Paldean Wooper,180/091,shiny rare,,holo,12.18,23.11,0.5,,,,,
fd1538dd-36b9-4d02-98dc-fd65a5230d27,Paldean Fates,fc2df32f-c7f1-48f8-af3e-65671eac76e5,eba0d854-903e-4bf3-b130-7809897a46fa,Chi-Yu ex,241/091,hyper rare,,holo,12.02,23.11,0.5,,,,,
fd1538dd-36b9-4d02-98dc-fd65a5230d27,Paldean Fates,fc2df32f-c7f1-48f8-af3e-65671eac76e5,eba0d854-903e-4bf3-b130-7809897a46fa,Chi-Yu ex,241/091,hyper rare,,holo,12.02,23.11,0.5,,,,,
fd1538dd-36b9-4d02-98dc-fd65a5230d27,Paldean Fates,cd3ffc54-3278-4af0-8ba3-8dc295a10c9e,04b672b0-fa24-4809-9d2b-855b461bb8fd,Oddish,092/091,shiny rare,,holo,11.66,23.11,0.5,,,,,
fd1538dd-36b9-4d02-98dc-fd65a5230d27,Paldean Fates,cd3ffc54-3278-4af0-8ba3-8dc295a10c9e,04b672b0-fa24-4809-9d2b-855b461bb8fd,Oddish,092/091,shiny rare,,holo,11.66,23.11,0.5,,,,,
fd1538dd-36b9-4d02-98dc-fd65a5230d27,Paldean Fates,a4ea224d-a363-4c2c-be4c-be6451e56f16,32f9bf56-8cb8-4e4a-abaa-9325a279b6f7,Ceruledge,162/091,shiny rare,,holo,11.52,23.11,0.5,,,,,
fd1538dd-36b9-4d02-98dc-fd65a5230d27,Paldean Fates,a4ea224d-a363-4c2c-be4c-be6451e56f16,32f9bf56-8cb8-4e4a-abaa-9325a279b6f7,Ceruledge,162/091,shiny rare,,holo,11.52,23.11,0.5,,,,,
fd1538dd-36b9-4d02-98dc-fd65a5230d27,Paldean Fates,76146285-412d-4250-b6e2-3369028dbde8,9f0bba91-38f9-44ba-a246-dce8a2720029,Luxray,137/091,shiny rare,,holo,11.23,23.11,0.5,,,,,
fd1538dd-36b9-4d02-98dc-fd65a5230d27,Paldean Fates,76146285-412d-4250-b6e2-3369028dbde8,9f0bba91-38f9-44ba-a246-dce8a2720029,Luxray,137/091,shiny rare,,holo,11.23,23.11,0.5,,,,,
fd1538dd-36b9-4d02-98dc-fd65a5230d27,Paldean Fates,34a25599-a3c0-40cd-855e-bb0abb2b86bc,055bd0d2-9fcb-4c7d-bd0b-01c036d13c44,Dachsbun,161/091,shiny rare,,holo,10.61,23.11,0.5,,,,,
fd1538dd-36b9-4d02-98dc-fd65a5230d27,Paldean Fates,34a25599-a3c0-40cd-855e-bb0abb2b86bc,055bd0d2-9fcb-4c7d-bd0b-01c036d13c44,Dachsbun,161/091,shiny rare,,holo,10.61,23.11,0.5,,,,,
fd1538dd-36b9-4d02-98dc-fd65a5230d27,Paldean Fates,deb6969e-f866-4c43-be6c-10ed6be6ccf5,d0142473-256b-4325-9d24-ce486850720e,Chien-Pao ex,242/091,hyper rare,,holo,10.59,23.11,0.5,,,,,
fd1538dd-36b9-4d02-98dc-fd65a5230d27,Paldean Fates,deb6969e-f866-4c43-be6c-10ed6be6ccf5,d0142473-256b-4325-9d24-ce486850720e,Chien-Pao ex,242/091,hyper rare,,holo,10.59,23.11,0.5,,,,,
fd1538dd-36b9-4d02-98dc-fd65a5230d27,Paldean Fates,5a64b626-42a9-4ff4-8577-1f59c3f2d01c,a239d9c5-a35f-42ee-9580-09d78f1c857d,Tinkaton,167/091,shiny rare,,holo,10.48,23.11,0.5,,,,,
fd1538dd-36b9-4d02-98dc-fd65a5230d27,Paldean Fates,5a64b626-42a9-4ff4-8577-1f59c3f2d01c,a239d9c5-a35f-42ee-9580-09d78f1c857d,Tinkaton,167/091,shiny rare,,holo,10.48,23.11,0.5,,,,,
fd1538dd-36b9-4d02-98dc-fd65a5230d27,Paldean Fates,361aef85-0c99-4101-8e80-c11ab4b03db7,9326d67b-4017-4430-ac3c-bae6eb088be7,Pachirisu,138/091,shiny rare,,holo,10.46,23.11,0.5,,,,,
fd1538dd-36b9-4d02-98dc-fd65a5230d27,Paldean Fates,361aef85-0c99-4101-8e80-c11ab4b03db7,9326d67b-4017-4430-ac3c-bae6eb088be7,Pachirisu,138/091,shiny rare,,holo,10.46,23.11,0.5,,,,,
fd1538dd-36b9-4d02-98dc-fd65a5230d27,Paldean Fates,6c007011-af2d-4ed5-bf38-74a06f426d6e,dc493696-c153-4c01-a732-52e6b495c353,Scyther,095/091,shiny rare,,holo,10.15,23.11,0.4,,,,,
fd1538dd-36b9-4d02-98dc-fd65a5230d27,Paldean Fates,6c007011-af2d-4ed5-bf38-74a06f426d6e,dc493696-c153-4c01-a732-52e6b495c353,Scyther,095/091,shiny rare,,holo,10.15,23.11,0.4,,,,,
fd1538dd-36b9-4d02-98dc-fd65a5230d27,Paldean Fates,367b03af-6fd3-436e-a0db-d80516111b61,e32bd486-b2c4-4d65-9781-5baa6c8ea899,Scizor,191/091,shiny rare,,holo,9.80,23.11,0.4,,,,,
fd1538dd-36b9-4d02-98dc-fd65a5230d27,Paldean Fates,367b03af-6fd3-436e-a0db-d80516111b61,e32bd486-b2c4-4d65-9781-5baa6c8ea899,Scizor,191/091,shiny rare,,holo,9.80,23.11,0.4,,,,,
fd1538dd-36b9-4d02-98dc-fd65a5230d27,Paldean Fates,aa766a7a-72d5-4b02-8a0f-b542d1651c30,6787efaa-7377-4f85-a9e0-c7704388b9f1,Ralts,153/091,shiny rare,,holo,9.78,23.11,0.4,,,,,
fd1538dd-36b9-4d02-98dc-fd65a5230d27,Paldean Fates,aa766a7a-72d5-4b02-8a0f-b542d1651c30,6787efaa-7377-4f85-a9e0-c7704388b9f1,Ralts,153/091,shiny rare,,holo,9.78,23.11,0.4,,,,,
fd1538dd-36b9-4d02-98dc-fd65a5230d27,Paldean Fates,824a3b6d-259c-44f0-952b-3e4a56c114b2,7194bcf8-cb63-4720-b4fc-f26bd35c58c4,Arven,235/091,special illustration rare,,holo,9.67,23.11,0.4,,,,,
fd1538dd-36b9-4d02-98dc-fd65a5230d27,Paldean Fates,824a3b6d-259c-44f0-952b-3e4a56c114b2,7194bcf8-cb63-4720-b4fc-f26bd35c58c4,Arven,235/091,special illustration rare,,holo,9.67,23.11,0.4,,,,,
fd1538dd-36b9-4d02-98dc-fd65a5230d27,Paldean Fates,c12fdbcc-0a24-41bb-838c-34839814572e,8adf356c-b5e3-4dbf-bb19-4ebb76092ae9,Sableye,184/091,shiny rare,,holo,9.42,23.11,0.4,,,,,
fd1538dd-36b9-4d02-98dc-fd65a5230d27,Paldean Fates,c12fdbcc-0a24-41bb-838c-34839814572e,8adf356c-b5e3-4dbf-bb19-4ebb76092ae9,Sableye,184/091,shiny rare,,holo,9.42,23.11,0.4,,,,,
fd1538dd-36b9-4d02-98dc-fd65a5230d27,Paldean Fates,667149ef-4a1b-421d-8592-e0995e6a7fea,9f656df4-ace5-4eec-b302-b7752f59898c,Vileplume,094/091,shiny rare,,holo,9.23,23.11,0.4,,,,,
fd1538dd-36b9-4d02-98dc-fd65a5230d27,Paldean Fates,667149ef-4a1b-421d-8592-e0995e6a7fea,9f656df4-ace5-4eec-b302-b7752f59898c,Vileplume,094/091,shiny rare,,holo,9.23,23.11,0.4,,,,,
d001d563-988b-4f8e-904f-acb926748e22,Scarlet and Violet 151,6efa3905-d880-4d89-8a3b-98db8e19e192,2c689e3c-cb36-4d93-aff6-41fb99ff4cfa,Charizard ex,199/165,special illustration rare,,holo,373.61,29.81,12.5,,,,,
d001d563-988b-4f8e-904f-acb926748e22,Scarlet and Violet 151,6efa3905-d880-4d89-8a3b-98db8e19e192,2c689e3c-cb36-4d93-aff6-41fb99ff4cfa,Charizard ex,199/165,special illustration rare,,holo,373.61,29.81,12.5,,,,,
d001d563-988b-4f8e-904f-acb926748e22,Scarlet and Violet 151,fb2eacbe-ce99-4590-9e1b-3e8a159e4178,29569426-12a8-4942-afb9-67e199eabf06,Blastoise ex,200/165,special illustration rare,,holo,135.64,29.81,4.5,,,,,
d001d563-988b-4f8e-904f-acb926748e22,Scarlet and Violet 151,fb2eacbe-ce99-4590-9e1b-3e8a159e4178,29569426-12a8-4942-afb9-67e199eabf06,Blastoise ex,200/165,special illustration rare,,holo,135.64,29.81,4.5,,,,,
d001d563-988b-4f8e-904f-acb926748e22,Scarlet and Violet 151,51aa295b-6889-465f-9394-e9e56ec9e4ee,11b6f224-6a4e-4b69-b754-761021acd5bd,Venusaur ex,198/165,special illustration rare,,holo,119.26,29.81,4.0,,,,,
d001d563-988b-4f8e-904f-acb926748e22,Scarlet and Violet 151,51aa295b-6889-465f-9394-e9e56ec9e4ee,11b6f224-6a4e-4b69-b754-761021acd5bd,Venusaur ex,198/165,special illustration rare,,holo,119.26,29.81,4.0,,,,,
d001d563-988b-4f8e-904f-acb926748e22,Scarlet and Violet 151,3d241ada-c2c7-4276-b62a-14e2a9d85539,1672c745-d003-4ada-b5c0-a5cbe6e00e72,Charmander,168/165,illustration rare,,holo,94.96,29.81,3.2,,,,,
d001d563-988b-4f8e-904f-acb926748e22,Scarlet and Violet 151,3d241ada-c2c7-4276-b62a-14e2a9d85539,1672c745-d003-4ada-b5c0-a5cbe6e00e72,Charmander,168/165,illustration rare,,holo,94.96,29.81,3.2,,,,,
d001d563-988b-4f8e-904f-acb926748e22,Scarlet and Violet 151,d73505b5-6aaa-4ec5-92f0-ef4539e22b90,7fd12301-cf3f-484d-bb3a-ffb4680c086f,Squirtle,170/165,illustration rare,,holo,94.55,29.81,3.2,,,,,
d001d563-988b-4f8e-904f-acb926748e22,Scarlet and Violet 151,d73505b5-6aaa-4ec5-92f0-ef4539e22b90,7fd12301-cf3f-484d-bb3a-ffb4680c086f,Squirtle,170/165,illustration rare,,holo,94.55,29.81,3.2,,,,,
d001d563-988b-4f8e-904f-acb926748e22,Scarlet and Violet 151,72e68ed1-7baf-4832-bfc2-d1af7bc56166,d06ed684-a9b9-4aee-b0a5-77f5768576f2,Zapdos ex,202/165,special illustration rare,,holo,93.19,29.81,3.1,,,,,
d001d563-988b-4f8e-904f-acb926748e22,Scarlet and Violet 151,72e68ed1-7baf-4832-bfc2-d1af7bc56166,d06ed684-a9b9-4aee-b0a5-77f5768576f2,Zapdos ex,202/165,special illustration rare,,holo,93.19,29.81,3.1,,,,,
d001d563-988b-4f8e-904f-acb926748e22,Scarlet and Violet 151,7de93443-5362-42b2-8d79-c7089cf3c675,a2ae517b-ca47-4ef8-9874-efba84eca51e,Pikachu,173/165,illustration rare,,holo,87.80,29.81,2.9,,,,,
d001d563-988b-4f8e-904f-acb926748e22,Scarlet and Violet 151,7de93443-5362-42b2-8d79-c7089cf3c675,a2ae517b-ca47-4ef8-9874-efba84eca51e,Pikachu,173/165,illustration rare,,holo,87.80,29.81,2.9,,,,,
d001d563-988b-4f8e-904f-acb926748e22,Scarlet and Violet 151,de34080a-192f-430e-a076-55f112a69cc9,06f2eb51-a2ea-4b63-b428-39e2dee5c87d,Bulbasaur,166/165,illustration rare,,holo,80.82,29.81,2.7,,,,,
d001d563-988b-4f8e-904f-acb926748e22,Scarlet and Violet 151,de34080a-192f-430e-a076-55f112a69cc9,06f2eb51-a2ea-4b63-b428-39e2dee5c87d,Bulbasaur,166/165,illustration rare,,holo,80.82,29.81,2.7,,,,,
d001d563-988b-4f8e-904f-acb926748e22,Scarlet and Violet 151,fbb05582-376a-43f4-a1d3-edb6c21d4df0,f88b0f6a-0242-4319-b2c9-b43c4939d6be,Alakazam ex,201/165,special illustration rare,,holo,71.43,29.81,2.4,,,,,
d001d563-988b-4f8e-904f-acb926748e22,Scarlet and Violet 151,fbb05582-376a-43f4-a1d3-edb6c21d4df0,f88b0f6a-0242-4319-b2c9-b43c4939d6be,Alakazam ex,201/165,special illustration rare,,holo,71.43,29.81,2.4,,,,,
d001d563-988b-4f8e-904f-acb926748e22,Scarlet and Violet 151,7dee5195-862b-454e-94d8-23ab07435d1a,8ea13a30-5d45-4b57-b4f6-98d8eab228b5,Psyduck,175/165,illustration rare,,holo,68.31,29.81,2.3,,,,,
d001d563-988b-4f8e-904f-acb926748e22,Scarlet and Violet 151,7dee5195-862b-454e-94d8-23ab07435d1a,8ea13a30-5d45-4b57-b4f6-98d8eab228b5,Psyduck,175/165,illustration rare,,holo,68.31,29.81,2.3,,,,,
d001d563-988b-4f8e-904f-acb926748e22,Scarlet and Violet 151,8e3fca7d-3f60-4d63-905a-a74c7f78e060,ba2461b5-01f1-4a36-9cde-6a9565376a72,Wartortle,171/165,illustration rare,,holo,60.09,29.81,2.0,,,,,
d001d563-988b-4f8e-904f-acb926748e22,Scarlet and Violet 151,8e3fca7d-3f60-4d63-905a-a74c7f78e060,ba2461b5-01f1-4a36-9cde-6a9565376a72,Wartortle,171/165,illustration rare,,holo,60.09,29.81,2.0,,,,,
d001d563-988b-4f8e-904f-acb926748e22,Scarlet and Violet 151,1009580a-5251-431b-9dd4-70e627fa17c3,cc3dbe5e-2b16-4595-96a8-1aeeb0b4c4f6,Charmeleon,169/165,illustration rare,,holo,57.95,29.81,1.9,,,,,
d001d563-988b-4f8e-904f-acb926748e22,Scarlet and Violet 151,1009580a-5251-431b-9dd4-70e627fa17c3,cc3dbe5e-2b16-4595-96a8-1aeeb0b4c4f6,Charmeleon,169/165,illustration rare,,holo,57.95,29.81,1.9,,,,,
d001d563-988b-4f8e-904f-acb926748e22,Scarlet and Violet 151,ed7c5519-bb46-43d3-bc17-2059c423db06,09177b87-4091-452c-85b8-567092f8e2ab,Dragonair,181/165,illustration rare,,holo,51.44,29.81,1.7,,,,,
d001d563-988b-4f8e-904f-acb926748e22,Scarlet and Violet 151,ed7c5519-bb46-43d3-bc17-2059c423db06,09177b87-4091-452c-85b8-567092f8e2ab,Dragonair,181/165,illustration rare,,holo,51.44,29.81,1.7,,,,,
d001d563-988b-4f8e-904f-acb926748e22,Scarlet and Violet 151,a40cb8ee-7229-439a-9c04-6f8462814df2,604831fc-3d47-41b7-a639-6ae1b2992c58,Ivysaur,167/165,illustration rare,,holo,45.08,29.81,1.5,,,,,
d001d563-988b-4f8e-904f-acb926748e22,Scarlet and Violet 151,a40cb8ee-7229-439a-9c04-6f8462814df2,604831fc-3d47-41b7-a639-6ae1b2992c58,Ivysaur,167/165,illustration rare,,holo,45.08,29.81,1.5,,,,,
d001d563-988b-4f8e-904f-acb926748e22,Scarlet and Violet 151,5f560bba-d1db-441c-bba2-67a4dc008ba3,3a686e70-cf3a-4bfa-be06-be0fe0b085ce,Poliwhirl,176/165,illustration rare,,holo,45.05,29.81,1.5,,,,,
d001d563-988b-4f8e-904f-acb926748e22,Scarlet and Violet 151,5f560bba-d1db-441c-bba2-67a4dc008ba3,3a686e70-cf3a-4bfa-be06-be0fe0b085ce,Poliwhirl,176/165,illustration rare,,holo,45.05,29.81,1.5,,,,,
d001d563-988b-4f8e-904f-acb926748e22,Scarlet and Violet 151,9e1ef7af-fb28-4d09-aec8-698399c449ab,897d907a-8e5f-457f-806c-c9bacde77d41,Charizard ex,183/165,ultra rare,,holo,42.15,29.81,1.4,,,,,
d001d563-988b-4f8e-904f-acb926748e22,Scarlet and Violet 151,9e1ef7af-fb28-4d09-aec8-698399c449ab,897d907a-8e5f-457f-806c-c9bacde77d41,Charizard ex,183/165,ultra rare,,holo,42.15,29.81,1.4,,,,,
d001d563-988b-4f8e-904f-acb926748e22,Scarlet and Violet 151,c8750c43-a60e-4a51-a150-88c52a4285fc,2075a2ad-fcd6-4031-b9c4-ca5fef0ca43d,Mew ex,193/165,ultra rare,,holo,32.03,29.81,1.1,,,,,
d001d563-988b-4f8e-904f-acb926748e22,Scarlet and Violet 151,c8750c43-a60e-4a51-a150-88c52a4285fc,2075a2ad-fcd6-4031-b9c4-ca5fef0ca43d,Mew ex,193/165,ultra rare,,holo,32.03,29.81,1.1,,,,,
d001d563-988b-4f8e-904f-acb926748e22,Scarlet and Violet 151,294b4bbf-0232-4cf2-94d6-d09571de7e13,f688b463-5963-4740-b45f-f3da75a7325a,Mew ex,205/165,hyper rare,,holo,29.66,29.81,1.0,,,,,
d001d563-988b-4f8e-904f-acb926748e22,Scarlet and Violet 151,294b4bbf-0232-4cf2-94d6-d09571de7e13,f688b463-5963-4740-b45f-f3da75a7325a,Mew ex,205/165,hyper rare,,holo,29.66,29.81,1.0,,,,,
d001d563-988b-4f8e-904f-acb926748e22,Scarlet and Violet 151,72b9ad29-508e-499c-923c-a121de92c1be,3faa7cde-076c-4f5b-bcfd-e32a5f8471f0,Mew ex(151 Metal Card),205/165,double rare,,non-holo,24.09,29.81,0.8,,,,,
d001d563-988b-4f8e-904f-acb926748e22,Scarlet and Violet 151,72b9ad29-508e-499c-923c-a121de92c1be,3faa7cde-076c-4f5b-bcfd-e32a5f8471f0,Mew ex(151 Metal Card),205/165,double rare,,non-holo,24.09,29.81,0.8,,,,,
d001d563-988b-4f8e-904f-acb926748e22,Scarlet and Violet 151,f604186f-ce15-4d6b-bb3e-202e04f5e21e,18c269b1-2172-4827-8968-2f00641b6307,Machoke,177/165,illustration rare,,holo,22.94,29.81,0.8,,,,,
d001d563-988b-4f8e-904f-acb926748e22,Scarlet and Violet 151,f604186f-ce15-4d6b-bb3e-202e04f5e21e,18c269b1-2172-4827-8968-2f00641b6307,Machoke,177/165,illustration rare,,holo,22.94,29.81,0.8,,,,,
d001d563-988b-4f8e-904f-acb926748e22,Scarlet and Violet 151,ddbc55d3-f2a2-4b58-9c62-8a6f4567123d,03dea36d-f29c-4811-8015-73c3d763e526,Blastoise ex,184/165,ultra rare,,holo,19.93,29.81,0.7,,,,,
d001d563-988b-4f8e-904f-acb926748e22,Scarlet and Violet 151,ddbc55d3-f2a2-4b58-9c62-8a6f4567123d,03dea36d-f29c-4811-8015-73c3d763e526,Blastoise ex,184/165,ultra rare,,holo,19.93,29.81,0.7,,,,,
d001d563-988b-4f8e-904f-acb926748e22,Scarlet and Violet 151,2f4fa58a-9d71-4b09-95fb-1d94151e9371,eecc934d-6fd6-42cb-bcfd-6f7684f2d7f1,Nidoking,174/165,illustration rare,,holo,19.90,29.81,0.7,,,,,
d001d563-988b-4f8e-904f-acb926748e22,Scarlet and Violet 151,2f4fa58a-9d71-4b09-95fb-1d94151e9371,eecc934d-6fd6-42cb-bcfd-6f7684f2d7f1,Nidoking,174/165,illustration rare,,holo,19.90,29.81,0.7,,,,,
d001d563-988b-4f8e-904f-acb926748e22,Scarlet and Violet 151,bd718e9d-860e-4292-9462-d4bcdba2a905,6138d350-2f06-4b82-9670-8e3f75ca111c,Caterpie,172/165,illustration rare,,holo,19.70,29.81,0.7,,,,,
d001d563-988b-4f8e-904f-acb926748e22,Scarlet and Violet 151,bd718e9d-860e-4292-9462-d4bcdba2a905,6138d350-2f06-4b82-9670-8e3f75ca111c,Caterpie,172/165,illustration rare,,holo,19.70,29.81,0.7,,,,,
d001d563-988b-4f8e-904f-acb926748e22,Scarlet and Violet 151,b07fa2a6-9cc7-464d-b822-96512d809cd8,8792ce84-ee37-40c0-a30a-98c101d62094,Erika's Invitation,203/165,special illustration rare,,holo,16.69,29.81,0.6,,,,,
d001d563-988b-4f8e-904f-acb926748e22,Scarlet and Violet 151,b07fa2a6-9cc7-464d-b822-96512d809cd8,8792ce84-ee37-40c0-a30a-98c101d62094,Erika's Invitation,203/165,special illustration rare,,holo,16.69,29.81,0.6,,,,,
d001d563-988b-4f8e-904f-acb926748e22,Scarlet and Violet 151,b5e7f286-4053-41af-bc00-0d8486b5bef5,9c93b704-1f06-47de-8b18-4ae575568155,Tangela,178/165,illustration rare,,holo,16.52,29.81,0.6,,,,,
d001d563-988b-4f8e-904f-acb926748e22,Scarlet and Violet 151,b5e7f286-4053-41af-bc00-0d8486b5bef5,9c93b704-1f06-47de-8b18-4ae575568155,Tangela,178/165,illustration rare,,holo,16.52,29.81,0.6,,,,,
d001d563-988b-4f8e-904f-acb926748e22,Scarlet and Violet 151,de1ff452-c766-4e60-a4eb-95d427ccec83,20ddd5ca-77ef-4e3c-a018-ea4c7a44913a,Giovanni's Charisma,204/165,special illustration rare,,holo,15.67,29.81,0.5,,,,,
d001d563-988b-4f8e-904f-acb926748e22,Scarlet and Violet 151,de1ff452-c766-4e60-a4eb-95d427ccec83,20ddd5ca-77ef-4e3c-a018-ea4c7a44913a,Giovanni's Charisma,204/165,special illustration rare,,holo,15.67,29.81,0.5,,,,,
d001d563-988b-4f8e-904f-acb926748e22,Scarlet and Violet 151,a70d294f-6054-4a4f-93f2-e45796559aa8,ff094f39-d88e-42e8-b9b6-8d3410f848cf,Ninetales ex,186/165,ultra rare,,holo,15.55,29.81,0.5,,,,,
d001d563-988b-4f8e-904f-acb926748e22,Scarlet and Violet 151,a70d294f-6054-4a4f-93f2-e45796559aa8,ff094f39-d88e-42e8-b9b6-8d3410f848cf,Ninetales ex,186/165,ultra rare,,holo,15.55,29.81,0.5,,,,,
d001d563-988b-4f8e-904f-acb926748e22,Scarlet and Violet 151,e342eb52-576d-4d6d-bb64-50a54bd0fb99,034148ad-574c-48a0-8e63-d03da9111d57,Venusaur ex,182/165,ultra rare,,holo,14.56,29.81,0.5,,,,,
d001d563-988b-4f8e-904f-acb926748e22,Scarlet and Violet 151,e342eb52-576d-4d6d-bb64-50a54bd0fb99,034148ad-574c-48a0-8e63-d03da9111d57,Venusaur ex,182/165,ultra rare,,holo,14.56,29.81,0.5,,,,,
d001d563-988b-4f8e-904f-acb926748e22,Scarlet and Violet 151,62f50da1-4df1-4abb-81d2-037dfb966606,6bc1cbb6-6a94-401a-8aba-106950857a4b,Omanyte,180/165,illustration rare,,holo,14.01,29.81,0.5,,,,,
d001d563-988b-4f8e-904f-acb926748e22,Scarlet and Violet 151,62f50da1-4df1-4abb-81d2-037dfb966606,6bc1cbb6-6a94-401a-8aba-106950857a4b,Omanyte,180/165,illustration rare,,holo,14.01,29.81,0.5,,,,,
d001d563-988b-4f8e-904f-acb926748e22,Scarlet and Violet 151,69abc5ce-2620-493e-970e-5a30326a4f40,ce36a980-efb4-4aaa-950d-52f4d1b103ea,Mr. Mime,179/165,illustration rare,,holo,13.61,29.81,0.5,,,,,
d001d563-988b-4f8e-904f-acb926748e22,Scarlet and Violet 151,69abc5ce-2620-493e-970e-5a30326a4f40,ce36a980-efb4-4aaa-950d-52f4d1b103ea,Mr. Mime,179/165,illustration rare,,holo,13.61,29.81,0.5,,,,,
d001d563-988b-4f8e-904f-acb926748e22,Scarlet and Violet 151,e2cb7c30-5d32-4eb1-999b-7f71a6d460f7,ea3cae10-217f-4ee5-bee4-e437434df342,Alakazam ex,188/165,ultra rare,,holo,12.13,29.81,0.4,,,,,
d001d563-988b-4f8e-904f-acb926748e22,Scarlet and Violet 151,e2cb7c30-5d32-4eb1-999b-7f71a6d460f7,ea3cae10-217f-4ee5-bee4-e437434df342,Alakazam ex,188/165,ultra rare,,holo,12.13,29.81,0.4,,,,,
d001d563-988b-4f8e-904f-acb926748e22,Scarlet and Violet 151,b268321d-3f19-4115-a043-3580d9cd7c62,8bb53fdf-2a98-40c2-be03-d4aa3e1f66a9,Zapdos ex,192/165,ultra rare,,holo,10.12,29.81,0.3,,,,,
d001d563-988b-4f8e-904f-acb926748e22,Scarlet and Violet 151,b268321d-3f19-4115-a043-3580d9cd7c62,8bb53fdf-2a98-40c2-be03-d4aa3e1f66a9,Zapdos ex,192/165,ultra rare,,holo,10.12,29.81,0.3,,,,,
d001d563-988b-4f8e-904f-acb926748e22,Scarlet and Violet 151,cba816d7-1cf0-47df-9cdd-59b0175fd224,649d2ce7-b8b4-431c-a2c9-bca8c8c154be,Mew ex,151/165,double rare,,holo,9.42,29.81,0.3,,,,,
d001d563-988b-4f8e-904f-acb926748e22,Scarlet and Violet 151,cba816d7-1cf0-47df-9cdd-59b0175fd224,649d2ce7-b8b4-431c-a2c9-bca8c8c154be,Mew ex,151/165,double rare,,holo,9.42,29.81,0.3,,,,,
d001d563-988b-4f8e-904f-acb926748e22,Scarlet and Violet 151,f2fc6c68-d5b7-48b3-a8ed-9eb7efe678e2,87579162-a47b-4086-9f58-d06ac1ada207,Charizard ex,006/165,double rare,,holo,9.25,29.81,0.3,,,,,
d001d563-988b-4f8e-904f-acb926748e22,Scarlet and Violet 151,f2fc6c68-d5b7-48b3-a8ed-9eb7efe678e2,87579162-a47b-4086-9f58-d06ac1ada207,Charizard ex,006/165,double rare,,holo,9.25,29.81,0.3,,,,,
d001d563-988b-4f8e-904f-acb926748e22,Scarlet and Violet 151,d66e178d-1b67-4130-91b4-72c7a707d938,4fe3c3ee-0288-413d-80c2-eb567659ab74,Wigglytuff ex,187/165,ultra rare,,holo,9.06,29.81,0.3,,,,,
d001d563-988b-4f8e-904f-acb926748e22,Scarlet and Violet 151,d66e178d-1b67-4130-91b4-72c7a707d938,4fe3c3ee-0288-413d-80c2-eb567659ab74,Wigglytuff ex,187/165,ultra rare,,holo,9.06,29.81,0.3,,,,,
75cd439d-aaa2-41cb-86f3-2fefa5b26e29,Ascended Heroes,ee862448-edd9-4418-b1be-8a2aac56e91b,af28bc66-9c8b-4dbb-bf83-fa6215bd26f0,Pikachu ex,276/217,special illustration rare,,holo,1052.30,13.79,76.3,,,,,
75cd439d-aaa2-41cb-86f3-2fefa5b26e29,Ascended Heroes,ee862448-edd9-4418-b1be-8a2aac56e91b,af28bc66-9c8b-4dbb-bf83-fa6215bd26f0,Pikachu ex,276/217,special illustration rare,,holo,1052.30,13.79,76.3,,,,,
75cd439d-aaa2-41cb-86f3-2fefa5b26e29,Ascended Heroes,607acf3f-44b6-4c8f-b91d-cedc3c2adfd7,06c45a41-2b44-401a-9703-5c9952f2580f,Mega Gengar ex,284/217,special illustration rare,,holo,992.86,13.79,72.0,,,,,
75cd439d-aaa2-41cb-86f3-2fefa5b26e29,Ascended Heroes,607acf3f-44b6-4c8f-b91d-cedc3c2adfd7,06c45a41-2b44-401a-9703-5c9952f2580f,Mega Gengar ex,284/217,special illustration rare,,holo,992.86,13.79,72.0,,,,,
75cd439d-aaa2-41cb-86f3-2fefa5b26e29,Ascended Heroes,05428c85-6463-476f-bf91-31c51bad0735,9d5ddc90-8f9d-4759-b73d-fff0cd877d73,Mega Dragonite ex,290/217,special illustration rare,,holo,658.58,13.79,47.8,,,,,
75cd439d-aaa2-41cb-86f3-2fefa5b26e29,Ascended Heroes,05428c85-6463-476f-bf91-31c51bad0735,9d5ddc90-8f9d-4759-b73d-fff0cd877d73,Mega Dragonite ex,290/217,special illustration rare,,holo,658.58,13.79,47.8,,,,,
75cd439d-aaa2-41cb-86f3-2fefa5b26e29,Ascended Heroes,a6d85c9a-4d43-4649-9d5c-f876a50e996a,ecf458ed-ed92-4f04-bf27-1912d59bdbc0,Mega Charizard Y ex,294/217,mega hyper rare,,holo,398.87,13.79,28.9,,,,,
75cd439d-aaa2-41cb-86f3-2fefa5b26e29,Ascended Heroes,a6d85c9a-4d43-4649-9d5c-f876a50e996a,ecf458ed-ed92-4f04-bf27-1912d59bdbc0,Mega Charizard Y ex,294/217,mega hyper rare,,holo,398.87,13.79,28.9,,,,,
75cd439d-aaa2-41cb-86f3-2fefa5b26e29,Ascended Heroes,7e9e8d7c-1197-4ae5-b6a3-491883939152,4411dcaa-280b-4355-bc49-f27c3f6580f2,Pikachu ex,277/217,special illustration rare,,holo,349.37,13.79,25.3,,,,,
75cd439d-aaa2-41cb-86f3-2fefa5b26e29,Ascended Heroes,7e9e8d7c-1197-4ae5-b6a3-491883939152,4411dcaa-280b-4355-bc49-f27c3f6580f2,Pikachu ex,277/217,special illustration rare,,holo,349.37,13.79,25.3,,,,,
75cd439d-aaa2-41cb-86f3-2fefa5b26e29,Ascended Heroes,9c72296a-3950-46b8-ac87-ac285daafc89,dbc944f9-49bc-4dfc-bf14-e9a47d8d14ca,Team Rocket's Mewtwo ex,281/217,special illustration rare,,holo,315.02,13.79,22.8,,,,,
75cd439d-aaa2-41cb-86f3-2fefa5b26e29,Ascended Heroes,9c72296a-3950-46b8-ac87-ac285daafc89,dbc944f9-49bc-4dfc-bf14-e9a47d8d14ca,Team Rocket's Mewtwo ex,281/217,special illustration rare,,holo,315.02,13.79,22.8,,,,,
75cd439d-aaa2-41cb-86f3-2fefa5b26e29,Ascended Heroes,ad703825-6140-4a97-9e7a-729a417a313f,dcc4e00d-fb87-4e35-aee6-c60056476af1,Mega Dragonite ex,295/217,mega hyper rare,,holo,234.58,13.79,17.0,,,,,
75cd439d-aaa2-41cb-86f3-2fefa5b26e29,Ascended Heroes,ad703825-6140-4a97-9e7a-729a417a313f,dcc4e00d-fb87-4e35-aee6-c60056476af1,Mega Dragonite ex,295/217,mega hyper rare,,holo,234.58,13.79,17.0,,,,,
75cd439d-aaa2-41cb-86f3-2fefa5b26e29,Ascended Heroes,49a18f7e-d51a-4660-9286-96bc447d23ff,e5839f4e-c62d-4392-8166-fb41e3215b29,Lillie's Clefairy ex,280/217,special illustration rare,,holo,159.03,13.79,11.5,,,,,
75cd439d-aaa2-41cb-86f3-2fefa5b26e29,Ascended Heroes,49a18f7e-d51a-4660-9286-96bc447d23ff,e5839f4e-c62d-4392-8166-fb41e3215b29,Lillie's Clefairy ex,280/217,special illustration rare,,holo,159.03,13.79,11.5,,,,,
75cd439d-aaa2-41cb-86f3-2fefa5b26e29,Ascended Heroes,fe982034-7094-4134-984a-d3ce02f2496d,508e51e7-a404-4d1a-94b5-e2f0ad95324c,N's Zoroark ex,286/217,special illustration rare,,holo,150.32,13.79,10.9,,,,,
75cd439d-aaa2-41cb-86f3-2fefa5b26e29,Ascended Heroes,fe982034-7094-4134-984a-d3ce02f2496d,508e51e7-a404-4d1a-94b5-e2f0ad95324c,N's Zoroark ex,286/217,special illustration rare,,holo,150.32,13.79,10.9,,,,,
75cd439d-aaa2-41cb-86f3-2fefa5b26e29,Ascended Heroes,04e2a085-bd65-4922-a2ff-ddae2aa1e262,0f3466bf-92b1-4d3d-913b-181fcec68996,Mega Feraligatr ex,274/217,special illustration rare,,holo,131.46,13.79,9.5,,,,,
75cd439d-aaa2-41cb-86f3-2fefa5b26e29,Ascended Heroes,04e2a085-bd65-4922-a2ff-ddae2aa1e262,0f3466bf-92b1-4d3d-913b-181fcec68996,Mega Feraligatr ex,274/217,special illustration rare,,holo,131.46,13.79,9.5,,,,,
75cd439d-aaa2-41cb-86f3-2fefa5b26e29,Ascended Heroes,661c0b5d-4061-4c9d-aec0-9126be193c72,756e914d-f9d2-424b-897a-3d5356062857,Steven's Metagross ex,289/217,special illustration rare,,holo,86.51,13.79,6.3,,,,,
75cd439d-aaa2-41cb-86f3-2fefa5b26e29,Ascended Heroes,661c0b5d-4061-4c9d-aec0-9126be193c72,756e914d-f9d2-424b-897a-3d5356062857,Steven's Metagross ex,289/217,special illustration rare,,holo,86.51,13.79,6.3,,,,,
75cd439d-aaa2-41cb-86f3-2fefa5b26e29,Ascended Heroes,ec31263b-8439-42a3-8ca4-f5825f87a14f,9053f73f-6647-4a85-99da-5c8136bd0432,Mega Meganium ex,272/217,special illustration rare,,holo,83.38,13.79,6.0,,,,,
75cd439d-aaa2-41cb-86f3-2fefa5b26e29,Ascended Heroes,ec31263b-8439-42a3-8ca4-f5825f87a14f,9053f73f-6647-4a85-99da-5c8136bd0432,Mega Meganium ex,272/217,special illustration rare,,holo,83.38,13.79,6.0,,,,,
75cd439d-aaa2-41cb-86f3-2fefa5b26e29,Ascended Heroes,f20ec68d-7d0a-439f-adf1-09c50dd4a47a,5f273229-4e1a-4a4e-872c-ca7fb1e72ad9,Mega Froslass ex,275/217,special illustration rare,,holo,78.58,13.79,5.7,,,,,
75cd439d-aaa2-41cb-86f3-2fefa5b26e29,Ascended Heroes,f20ec68d-7d0a-439f-adf1-09c50dd4a47a,5f273229-4e1a-4a4e-872c-ca7fb1e72ad9,Mega Froslass ex,275/217,special illustration rare,,holo,78.58,13.79,5.7,,,,,
75cd439d-aaa2-41cb-86f3-2fefa5b26e29,Ascended Heroes,b4d3031b-3e12-4a1e-a4c5-59e8dfb27e5c,92dfaf1d-ab39-48e4-9121-2407059830bc,Psyduck,226/217,illustration rare,,holo,71.60,13.79,5.2,,,,,
75cd439d-aaa2-41cb-86f3-2fefa5b26e29,Ascended Heroes,b4d3031b-3e12-4a1e-a4c5-59e8dfb27e5c,92dfaf1d-ab39-48e4-9121-2407059830bc,Psyduck,226/217,illustration rare,,holo,71.60,13.79,5.2,,,,,
75cd439d-aaa2-41cb-86f3-2fefa5b26e29,Ascended Heroes,5b27e583-973b-464b-a280-dd6dc9fc5493,8481a247-5d12-4704-b0cb-0566c88c6431,Marnie's Grimmsnarl ex,287/217,special illustration rare,,holo,65.80,13.79,4.8,,,,,
75cd439d-aaa2-41cb-86f3-2fefa5b26e29,Ascended Heroes,5b27e583-973b-464b-a280-dd6dc9fc5493,8481a247-5d12-4704-b0cb-0566c88c6431,Marnie's Grimmsnarl ex,287/217,special illustration rare,,holo,65.80,13.79,4.8,,,,,
75cd439d-aaa2-41cb-86f3-2fefa5b26e29,Ascended Heroes,949fc2e2-4ee2-491f-9ff0-a1cb561fcbb1,b638a88e-c062-4915-8cc8-d42dfe7bb400,Mega Diancie ex,282/217,special illustration rare,,holo,60.07,13.79,4.4,,,,,
75cd439d-aaa2-41cb-86f3-2fefa5b26e29,Ascended Heroes,949fc2e2-4ee2-491f-9ff0-a1cb561fcbb1,b638a88e-c062-4915-8cc8-d42dfe7bb400,Mega Diancie ex,282/217,special illustration rare,,holo,60.07,13.79,4.4,,,,,
75cd439d-aaa2-41cb-86f3-2fefa5b26e29,Ascended Heroes,cd095ad3-46a0-4091-b843-fd140bb2df1b,7364448a-8757-4c76-afe4-3ad4b88b1b20,Iono's Bellibolt ex,279/217,special illustration rare,,holo,60.04,13.79,4.4,,,,,
75cd439d-aaa2-41cb-86f3-2fefa5b26e29,Ascended Heroes,cd095ad3-46a0-4091-b843-fd140bb2df1b,7364448a-8757-4c76-afe4-3ad4b88b1b20,Iono's Bellibolt ex,279/217,special illustration rare,,holo,60.04,13.79,4.4,,,,,
75cd439d-aaa2-41cb-86f3-2fefa5b26e29,Ascended Heroes,86a825eb-47a2-4a6e-901e-70cb8754d5c8,3a848178-ba4a-4003-87cb-c7ce1fc85612,Mega Scrafty ex,285/217,special illustration rare,,holo,58.53,13.79,4.2,,,,,
75cd439d-aaa2-41cb-86f3-2fefa5b26e29,Ascended Heroes,86a825eb-47a2-4a6e-901e-70cb8754d5c8,3a848178-ba4a-4003-87cb-c7ce1fc85612,Mega Scrafty ex,285/217,special illustration rare,,holo,58.53,13.79,4.2,,,,,
75cd439d-aaa2-41cb-86f3-2fefa5b26e29,Ascended Heroes,4595d224-1b68-41ab-824e-fbf51ae6427c,f2eeee25-443d-4b90-8b1e-c48e101606df,Mega Gengar ex,269/217,mega attack rare,,holo,58.22,13.79,4.2,,,,,
75cd439d-aaa2-41cb-86f3-2fefa5b26e29,Ascended Heroes,4595d224-1b68-41ab-824e-fbf51ae6427c,f2eeee25-443d-4b90-8b1e-c48e101606df,Mega Gengar ex,269/217,mega attack rare,,holo,58.22,13.79,4.2,,,,,
75cd439d-aaa2-41cb-86f3-2fefa5b26e29,Ascended Heroes,d9e2af7b-9cca-4ed8-a8f0-fc7a3eaaa781,c9ae78da-4fad-4106-9e5c-963d53c1040e,Mega Hawlucha ex,283/217,special illustration rare,,holo,56.96,13.79,4.1,,,,,
75cd439d-aaa2-41cb-86f3-2fefa5b26e29,Ascended Heroes,d9e2af7b-9cca-4ed8-a8f0-fc7a3eaaa781,c9ae78da-4fad-4106-9e5c-963d53c1040e,Mega Hawlucha ex,283/217,special illustration rare,,holo,56.96,13.79,4.1,,,,,
75cd439d-aaa2-41cb-86f3-2fefa5b26e29,Ascended Heroes,b6a0e835-8f4d-4e3b-84e1-2f6231f47464,c59c80d6-b132-47c5-a631-19a573c12b2c,Fezandipiti ex,288/217,special illustration rare,,holo,55.43,13.79,4.0,,,,,
75cd439d-aaa2-41cb-86f3-2fefa5b26e29,Ascended Heroes,b6a0e835-8f4d-4e3b-84e1-2f6231f47464,c59c80d6-b132-47c5-a631-19a573c12b2c,Fezandipiti ex,288/217,special illustration rare,,holo,55.43,13.79,4.0,,,,,
75cd439d-aaa2-41cb-86f3-2fefa5b26e29,Ascended Heroes,64f142ec-8cc8-4f98-8844-f6d1ee11982d,d3c8f04e-a9e1-4d74-936d-75d4c7a1af1f,Mega Emboar ex,273/217,special illustration rare,,holo,49.90,13.79,3.6,,,,,
75cd439d-aaa2-41cb-86f3-2fefa5b26e29,Ascended Heroes,64f142ec-8cc8-4f98-8844-f6d1ee11982d,d3c8f04e-a9e1-4d74-936d-75d4c7a1af1f,Mega Emboar ex,273/217,special illustration rare,,holo,49.90,13.79,3.6,,,,,
75cd439d-aaa2-41cb-86f3-2fefa5b26e29,Ascended Heroes,642f03a8-acc4-44c4-adc3-2a10d12d5f2b,754f0669-40c0-4e66-823e-8a2e6c4315e4,Mega Eelektross ex,278/217,special illustration rare,,holo,40.83,13.79,3.0,,,,,
75cd439d-aaa2-41cb-86f3-2fefa5b26e29,Ascended Heroes,642f03a8-acc4-44c4-adc3-2a10d12d5f2b,754f0669-40c0-4e66-823e-8a2e6c4315e4,Mega Eelektross ex,278/217,special illustration rare,,holo,40.83,13.79,3.0,,,,,
75cd439d-aaa2-41cb-86f3-2fefa5b26e29,Ascended Heroes,696dfaad-c1ea-4193-9e6a-6d78253c6af9,ccf05d3e-022c-467b-a4ed-94750ea0fd8d,Mega Dragonite ex,271/217,mega attack rare,,holo,39.68,13.79,2.9,,,,,
75cd439d-aaa2-41cb-86f3-2fefa5b26e29,Ascended Heroes,696dfaad-c1ea-4193-9e6a-6d78253c6af9,ccf05d3e-022c-467b-a4ed-94750ea0fd8d,Mega Dragonite ex,271/217,mega attack rare,,holo,39.68,13.79,2.9,,,,,
75cd439d-aaa2-41cb-86f3-2fefa5b26e29,Ascended Heroes,1c4561ce-934a-47bb-9275-dc1488ebf225,3805ddb2-e4cd-40b3-8a52-82398effa130,Canari,291/217,special illustration rare,,holo,39.17,13.79,2.8,,,,,
75cd439d-aaa2-41cb-86f3-2fefa5b26e29,Ascended Heroes,1c4561ce-934a-47bb-9275-dc1488ebf225,3805ddb2-e4cd-40b3-8a52-82398effa130,Canari,291/217,special illustration rare,,holo,39.17,13.79,2.8,,,,,
75cd439d-aaa2-41cb-86f3-2fefa5b26e29,Ascended Heroes,7bf1bfde-34b3-4031-a93d-997b1f55796c,b76af497-1775-448d-a793-0c692dc243f1,Iris's Fighting Spirit,292/217,special illustration rare,,holo,32.19,13.79,2.3,,,,,
75cd439d-aaa2-41cb-86f3-2fefa5b26e29,Ascended Heroes,7bf1bfde-34b3-4031-a93d-997b1f55796c,b76af497-1775-448d-a793-0c692dc243f1,Iris's Fighting Spirit,292/217,special illustration rare,,holo,32.19,13.79,2.3,,,,,
75cd439d-aaa2-41cb-86f3-2fefa5b26e29,Ascended Heroes,94daf77f-11aa-493f-855f-c065a76ff17b,d09487ae-77e0-4262-b6e1-6cfa350d3ee9,Team Rocket's Mimikyu,238/217,illustration rare,,holo,21.35,13.79,1.5,,,,,
75cd439d-aaa2-41cb-86f3-2fefa5b26e29,Ascended Heroes,94daf77f-11aa-493f-855f-c065a76ff17b,d09487ae-77e0-4262-b6e1-6cfa350d3ee9,Team Rocket's Mimikyu,238/217,illustration rare,,holo,21.35,13.79,1.5,,,,,
75cd439d-aaa2-41cb-86f3-2fefa5b26e29,Ascended Heroes,66999f5d-4050-4ea5-bf8d-dbe7a08940b6,441ffead-a0d2-4186-8e9f-5a1d179a21af,Surfer,293/217,special illustration rare,,holo,19.39,13.79,1.4,,,,,
75cd439d-aaa2-41cb-86f3-2fefa5b26e29,Ascended Heroes,66999f5d-4050-4ea5-bf8d-dbe7a08940b6,441ffead-a0d2-4186-8e9f-5a1d179a21af,Surfer,293/217,special illustration rare,,holo,19.39,13.79,1.4,,,,,
75cd439d-aaa2-41cb-86f3-2fefa5b26e29,Ascended Heroes,0a47e16e-9d5f-476c-a61e-05d98822e6c9,237fa6d2-e1db-4ca3-81d5-24857f078da4,Erika's Tangela,218/217,illustration rare,,holo,17.76,13.79,1.3,,,,,
75cd439d-aaa2-41cb-86f3-2fefa5b26e29,Ascended Heroes,0a47e16e-9d5f-476c-a61e-05d98822e6c9,237fa6d2-e1db-4ca3-81d5-24857f078da4,Erika's Tangela,218/217,illustration rare,,holo,17.76,13.79,1.3,,,,,
75cd439d-aaa2-41cb-86f3-2fefa5b26e29,Ascended Heroes,bf5520f2-b1e9-4f70-b06d-cd43855d89cf,f66c0639-8d5a-4b61-a47b-43e36d55cc82,Marill,232/217,illustration rare,,holo,13.79,13.79,1.0,,,,,
75cd439d-aaa2-41cb-86f3-2fefa5b26e29,Ascended Heroes,bf5520f2-b1e9-4f70-b06d-cd43855d89cf,f66c0639-8d5a-4b61-a47b-43e36d55cc82,Marill,232/217,illustration rare,,holo,13.79,13.79,1.0,,,,,
75cd439d-aaa2-41cb-86f3-2fefa5b26e29,Ascended Heroes,a8772866-f848-4c25-83e5-364cb6f32c98,aa9e8e1d-2e6b-4712-8885-5f3b982dc915,Banette,234/217,illustration rare,,holo,10.94,13.79,0.8,,,,,
75cd439d-aaa2-41cb-86f3-2fefa5b26e29,Ascended Heroes,a8772866-f848-4c25-83e5-364cb6f32c98,aa9e8e1d-2e6b-4712-8885-5f3b982dc915,Banette,234/217,illustration rare,,holo,10.94,13.79,0.8,,,,,
7a3dd188-4375-41af-94de-c5247fe0b1a6,Prismatic Evolutions,4a5b3653-6b56-4d6e-9aea-b424fd336a35,9874f528-8009-43af-bd45-74095b43410f,Umbreon ex,161/131,special illustration rare,,holo,1472.79,14.86,99.1,,,,,
7a3dd188-4375-41af-94de-c5247fe0b1a6,Prismatic Evolutions,4a5b3653-6b56-4d6e-9aea-b424fd336a35,9874f528-8009-43af-bd45-74095b43410f,Umbreon ex,161/131,special illustration rare,,holo,1472.79,14.86,99.1,,,,,
7a3dd188-4375-41af-94de-c5247fe0b1a6,Prismatic Evolutions,4854ed46-b0bd-4d7c-8ff0-501cc8d555a3,39e1da89-16b4-4987-8d62-c0aa8ad88866,Sylveon ex,156/131,special illustration rare,,holo,542.64,14.86,36.5,,,,,
7a3dd188-4375-41af-94de-c5247fe0b1a6,Prismatic Evolutions,4854ed46-b0bd-4d7c-8ff0-501cc8d555a3,39e1da89-16b4-4987-8d62-c0aa8ad88866,Sylveon ex,156/131,special illustration rare,,holo,542.64,14.86,36.5,,,,,
7a3dd188-4375-41af-94de-c5247fe0b1a6,Prismatic Evolutions,74e0c04d-b1bc-4241-a77f-3ec1a6cb8f41,9d636c4c-055f-4e85-b5ef-64675007d904,Leafeon ex,144/131,special illustration rare,,holo,342.61,14.86,23.1,,,,,
7a3dd188-4375-41af-94de-c5247fe0b1a6,Prismatic Evolutions,74e0c04d-b1bc-4241-a77f-3ec1a6cb8f41,9d636c4c-055f-4e85-b5ef-64675007d904,Leafeon ex,144/131,special illustration rare,,holo,342.61,14.86,23.1,,,,,
7a3dd188-4375-41af-94de-c5247fe0b1a6,Prismatic Evolutions,f32e4b5a-8021-4151-9b70-9f9d1f14e574,d313dc8b-f99c-47b8-b814-77c527f1c053,Espeon ex,155/131,special illustration rare,,holo,320.25,14.86,21.6,,,,,
7a3dd188-4375-41af-94de-c5247fe0b1a6,Prismatic Evolutions,f32e4b5a-8021-4151-9b70-9f9d1f14e574,d313dc8b-f99c-47b8-b814-77c527f1c053,Espeon ex,155/131,special illustration rare,,holo,320.25,14.86,21.6,,,,,
7a3dd188-4375-41af-94de-c5247fe0b1a6,Prismatic Evolutions,6c8d3501-5073-49d6-bb0f-3267eb86dc3a,f2e08fe1-32d6-4cbb-8163-5f495f02dcac,Vaporeon ex,149/131,special illustration rare,,holo,296.46,14.86,20.0,,,,,
7a3dd188-4375-41af-94de-c5247fe0b1a6,Prismatic Evolutions,6c8d3501-5073-49d6-bb0f-3267eb86dc3a,f2e08fe1-32d6-4cbb-8163-5f495f02dcac,Vaporeon ex,149/131,special illustration rare,,holo,296.46,14.86,20.0,,,,,
7a3dd188-4375-41af-94de-c5247fe0b1a6,Prismatic Evolutions,0b7ea531-8cc5-433a-ac6f-3481c6653323,57f39605-5dbb-46f2-8909-3e99f0c68ccc,Glaceon ex,150/131,special illustration rare,,holo,294.45,14.86,19.8,,,,,
7a3dd188-4375-41af-94de-c5247fe0b1a6,Prismatic Evolutions,0b7ea531-8cc5-433a-ac6f-3481c6653323,57f39605-5dbb-46f2-8909-3e99f0c68ccc,Glaceon ex,150/131,special illustration rare,,holo,294.45,14.86,19.8,,,,,
7a3dd188-4375-41af-94de-c5247fe0b1a6,Prismatic Evolutions,5d235e3b-7040-45b1-8012-3e38a82d5b4c,834e3ffd-5d74-4b8c-b1bb-b9a3cf729b13,Flareon ex,146/131,special illustration rare,,holo,213.21,14.86,14.3,,,,,
7a3dd188-4375-41af-94de-c5247fe0b1a6,Prismatic Evolutions,5d235e3b-7040-45b1-8012-3e38a82d5b4c,834e3ffd-5d74-4b8c-b1bb-b9a3cf729b13,Flareon ex,146/131,special illustration rare,,holo,213.21,14.86,14.3,,,,,
7a3dd188-4375-41af-94de-c5247fe0b1a6,Prismatic Evolutions,9d188fab-f9d2-4036-a90e-f241c00194a8,cd7798fe-711e-4cad-a015-7139b3d49bf6,Jolteon ex,153/131,special illustration rare,,holo,196.68,14.86,13.2,,,,,
7a3dd188-4375-41af-94de-c5247fe0b1a6,Prismatic Evolutions,9d188fab-f9d2-4036-a90e-f241c00194a8,cd7798fe-711e-4cad-a015-7139b3d49bf6,Jolteon ex,153/131,special illustration rare,,holo,196.68,14.86,13.2,,,,,
7a3dd188-4375-41af-94de-c5247fe0b1a6,Prismatic Evolutions,067cb474-5ae4-4d07-bb9d-0c430688855a,22b18882-1d65-40f8-bfa4-d6dabb5436ea,Eevee ex,167/131,special illustration rare,,holo,183.95,14.86,12.4,,,,,
7a3dd188-4375-41af-94de-c5247fe0b1a6,Prismatic Evolutions,067cb474-5ae4-4d07-bb9d-0c430688855a,22b18882-1d65-40f8-bfa4-d6dabb5436ea,Eevee ex,167/131,special illustration rare,,holo,183.95,14.86,12.4,,,,,
7a3dd188-4375-41af-94de-c5247fe0b1a6,Prismatic Evolutions,2221a563-80bd-4998-afc5-945213112493,efae0727-f8c2-48c5-a33e-c308be0d288d,Roaring Moon ex,162/131,special illustration rare,,holo,167.88,14.86,11.3,,,,,
7a3dd188-4375-41af-94de-c5247fe0b1a6,Prismatic Evolutions,2221a563-80bd-4998-afc5-945213112493,efae0727-f8c2-48c5-a33e-c308be0d288d,Roaring Moon ex,162/131,special illustration rare,,holo,167.88,14.86,11.3,,,,,
7a3dd188-4375-41af-94de-c5247fe0b1a6,Prismatic Evolutions,86093a45-220e-4227-984e-7bee3711b055,bb6ebfa8-886c-4b5c-822a-7431870bb339,Dragapult ex,165/131,special illustration rare,,holo,105.94,14.86,7.1,,,,,
7a3dd188-4375-41af-94de-c5247fe0b1a6,Prismatic Evolutions,86093a45-220e-4227-984e-7bee3711b055,bb6ebfa8-886c-4b5c-822a-7431870bb339,Dragapult ex,165/131,special illustration rare,,holo,105.94,14.86,7.1,,,,,
7a3dd188-4375-41af-94de-c5247fe0b1a6,Prismatic Evolutions,c34b9f8b-77aa-4aa2-9c42-915d5541f364,556f46c4-690f-4301-90c0-a3dc44d62f1c,Ceruledge ex,147/131,special illustration rare,,holo,102.84,14.86,6.9,,,,,
7a3dd188-4375-41af-94de-c5247fe0b1a6,Prismatic Evolutions,c34b9f8b-77aa-4aa2-9c42-915d5541f364,556f46c4-690f-4301-90c0-a3dc44d62f1c,Ceruledge ex,147/131,special illustration rare,,holo,102.84,14.86,6.9,,,,,
7a3dd188-4375-41af-94de-c5247fe0b1a6,Prismatic Evolutions,de5fc7fd-b6f8-400e-9880-397328bf83c2,33cbee8f-04ae-408d-9da1-15177b869837,Umbreon,059/131,rare,master ball,holo,78.97,14.86,5.3,,,,,
7a3dd188-4375-41af-94de-c5247fe0b1a6,Prismatic Evolutions,de5fc7fd-b6f8-400e-9880-397328bf83c2,33cbee8f-04ae-408d-9da1-15177b869837,Umbreon,059/131,rare,master ball,holo,78.97,14.86,5.3,,,,,
7a3dd188-4375-41af-94de-c5247fe0b1a6,Prismatic Evolutions,7ea4e5fd-396b-417d-a05c-c7a38cc4040e,7506d762-349f-4927-880b-ba349581c551,Raging Bolt ex,166/131,special illustration rare,,holo,69.03,14.86,4.6,,,,,
7a3dd188-4375-41af-94de-c5247fe0b1a6,Prismatic Evolutions,7ea4e5fd-396b-417d-a05c-c7a38cc4040e,7506d762-349f-4927-880b-ba349581c551,Raging Bolt ex,166/131,special illustration rare,,holo,69.03,14.86,4.6,,,,,
7a3dd188-4375-41af-94de-c5247fe0b1a6,Prismatic Evolutions,d4725518-5dbf-48fe-9542-503c4c882aa3,5857bd2f-19e4-453f-91c9-cd422927c951,Bloodmoon Ursaluna ex,168/131,special illustration rare,,holo,63.95,14.86,4.3,,,,,
7a3dd188-4375-41af-94de-c5247fe0b1a6,Prismatic Evolutions,d4725518-5dbf-48fe-9542-503c4c882aa3,5857bd2f-19e4-453f-91c9-cd422927c951,Bloodmoon Ursaluna ex,168/131,special illustration rare,,holo,63.95,14.86,4.3,,,,,
7a3dd188-4375-41af-94de-c5247fe0b1a6,Prismatic Evolutions,262dc69b-c282-4332-9c26-b4d82d28af45,fa7fa489-af02-4865-852b-5b2c80a4c952,Pikachu ex,179/131,hyper rare,,holo,60.65,14.86,4.1,,,,,
7a3dd188-4375-41af-94de-c5247fe0b1a6,Prismatic Evolutions,262dc69b-c282-4332-9c26-b4d82d28af45,fa7fa489-af02-4865-852b-5b2c80a4c952,Pikachu ex,179/131,hyper rare,,holo,60.65,14.86,4.1,,,,,
7a3dd188-4375-41af-94de-c5247fe0b1a6,Prismatic Evolutions,79293b36-668c-43d4-b0a8-405d74f530c4,02727a2d-a6d3-4bc1-b857-ac25eb5ad81a,Gholdengo ex,164/131,special illustration rare,,holo,50.38,14.86,3.4,,,,,
7a3dd188-4375-41af-94de-c5247fe0b1a6,Prismatic Evolutions,79293b36-668c-43d4-b0a8-405d74f530c4,02727a2d-a6d3-4bc1-b857-ac25eb5ad81a,Gholdengo ex,164/131,special illustration rare,,holo,50.38,14.86,3.4,,,,,
7a3dd188-4375-41af-94de-c5247fe0b1a6,Prismatic Evolutions,f2235b32-d3c2-4ed4-b915-30e9def24973,f1b5fc9f-46a0-4d5e-b06a-3b70c797873a,Iron Valiant ex,157/131,special illustration rare,,holo,47.43,14.86,3.2,,,,,
7a3dd188-4375-41af-94de-c5247fe0b1a6,Prismatic Evolutions,f2235b32-d3c2-4ed4-b915-30e9def24973,f1b5fc9f-46a0-4d5e-b06a-3b70c797873a,Iron Valiant ex,157/131,special illustration rare,,holo,47.43,14.86,3.2,,,,,
7a3dd188-4375-41af-94de-c5247fe0b1a6,Prismatic Evolutions,0d0303cc-a3a5-4eb3-9e22-2719c49845de,9966439c-b0ce-4a4c-8adb-afb64dfabb1f,Palafin ex,151/131,special illustration rare,,holo,42.60,14.86,2.9,,,,,
7a3dd188-4375-41af-94de-c5247fe0b1a6,Prismatic Evolutions,0d0303cc-a3a5-4eb3-9e22-2719c49845de,9966439c-b0ce-4a4c-8adb-afb64dfabb1f,Palafin ex,151/131,special illustration rare,,holo,42.60,14.86,2.9,,,,,
7a3dd188-4375-41af-94de-c5247fe0b1a6,Prismatic Evolutions,523b2fd0-23fe-40da-8882-f528816a7d7e,f7172bb8-7454-4aa6-a387-b07acc67ad9c,Vaporeon,022/131,rare,master ball,holo,37.71,14.86,2.5,,,,,
7a3dd188-4375-41af-94de-c5247fe0b1a6,Prismatic Evolutions,523b2fd0-23fe-40da-8882-f528816a7d7e,f7172bb8-7454-4aa6-a387-b07acc67ad9c,Vaporeon,022/131,rare,master ball,holo,37.71,14.86,2.5,,,,,
7a3dd188-4375-41af-94de-c5247fe0b1a6,Prismatic Evolutions,9ef1b311-cee4-4d70-ab3b-59f6fbb06ecd,89c41dd4-0131-4b07-88ca-cd0a5d12714b,Iron Crown ex,158/131,special illustration rare,,holo,35.75,14.86,2.4,,,,,
7a3dd188-4375-41af-94de-c5247fe0b1a6,Prismatic Evolutions,9ef1b311-cee4-4d70-ab3b-59f6fbb06ecd,89c41dd4-0131-4b07-88ca-cd0a5d12714b,Iron Crown ex,158/131,special illustration rare,,holo,35.75,14.86,2.4,,,,,
7a3dd188-4375-41af-94de-c5247fe0b1a6,Prismatic Evolutions,75dde62f-a6e0-41a4-894f-2f0c459c4573,a5ebdf50-577f-4cae-85ba-133287e47475,Leafeon,005/131,rare,master ball,holo,33.74,14.86,2.3,,,,,
7a3dd188-4375-41af-94de-c5247fe0b1a6,Prismatic Evolutions,75dde62f-a6e0-41a4-894f-2f0c459c4573,a5ebdf50-577f-4cae-85ba-133287e47475,Leafeon,005/131,rare,master ball,holo,33.74,14.86,2.3,,,,,
7a3dd188-4375-41af-94de-c5247fe0b1a6,Prismatic Evolutions,f73ddf8d-8a56-4465-9b70-6d2516c39759,a31cd746-f305-408f-bea4-69d80598493d,Sylveon,040/131,rare,master ball,holo,32.66,14.86,2.2,,,,,
7a3dd188-4375-41af-94de-c5247fe0b1a6,Prismatic Evolutions,f73ddf8d-8a56-4465-9b70-6d2516c39759,a31cd746-f305-408f-bea4-69d80598493d,Sylveon,040/131,rare,master ball,holo,32.66,14.86,2.2,,,,,
7a3dd188-4375-41af-94de-c5247fe0b1a6,Prismatic Evolutions,03ce34bd-ede8-4cbf-81df-6a89a482c84e,ff11f9f0-5811-467e-830f-222253916634,Terapagos ex,169/131,special illustration rare,,holo,32.13,14.86,2.2,,,,,
7a3dd188-4375-41af-94de-c5247fe0b1a6,Prismatic Evolutions,03ce34bd-ede8-4cbf-81df-6a89a482c84e,ff11f9f0-5811-467e-830f-222253916634,Terapagos ex,169/131,special illustration rare,,holo,32.13,14.86,2.2,,,,,
7a3dd188-4375-41af-94de-c5247fe0b1a6,Prismatic Evolutions,309c4ffd-6e32-4c6f-bb4d-264d2a2b5ae2,2dc0c998-c3c8-415d-a43f-3a8516cb91fe,Jolteon,029/131,rare,master ball,holo,30.94,14.86,2.1,,,,,
7a3dd188-4375-41af-94de-c5247fe0b1a6,Prismatic Evolutions,309c4ffd-6e32-4c6f-bb4d-264d2a2b5ae2,2dc0c998-c3c8-415d-a43f-3a8516cb91fe,Jolteon,029/131,rare,master ball,holo,30.94,14.86,2.1,,,,,
7a3dd188-4375-41af-94de-c5247fe0b1a6,Prismatic Evolutions,e977e3d8-0048-4b74-afb1-4682dda8e917,5f1d1a9b-3b1b-484b-af7d-34b5ddc4e08d,Flareon,013/131,rare,master ball,holo,29.84,14.86,2.0,,,,,
7a3dd188-4375-41af-94de-c5247fe0b1a6,Prismatic Evolutions,e977e3d8-0048-4b74-afb1-4682dda8e917,5f1d1a9b-3b1b-484b-af7d-34b5ddc4e08d,Flareon,013/131,rare,master ball,holo,29.84,14.86,2.0,,,,,
7a3dd188-4375-41af-94de-c5247fe0b1a6,Prismatic Evolutions,2fe32743-d21d-4eef-a211-73649ac0507b,7742ce08-cc50-4dda-a049-02da842fae62,Iron Hands ex,154/131,special illustration rare,,holo,29.79,14.86,2.0,,,,,
7a3dd188-4375-41af-94de-c5247fe0b1a6,Prismatic Evolutions,2fe32743-d21d-4eef-a211-73649ac0507b,7742ce08-cc50-4dda-a049-02da842fae62,Iron Hands ex,154/131,special illustration rare,,holo,29.79,14.86,2.0,,,,,
7a3dd188-4375-41af-94de-c5247fe0b1a6,Prismatic Evolutions,4fc344c2-cd9b-40b7-9fdc-a438de209feb,e1b65cc8-2512-4010-a8e5-bc8785a37da1,Pecharunt ex,163/131,special illustration rare,,holo,29.26,14.86,2.0,,,,,
7a3dd188-4375-41af-94de-c5247fe0b1a6,Prismatic Evolutions,4fc344c2-cd9b-40b7-9fdc-a438de209feb,e1b65cc8-2512-4010-a8e5-bc8785a37da1,Pecharunt ex,163/131,special illustration rare,,holo,29.26,14.86,2.0,,,,,
7a3dd188-4375-41af-94de-c5247fe0b1a6,Prismatic Evolutions,2f242b67-0eb2-4bd1-a886-876e49d4a17f,feec56e3-b748-41a9-b896-2e09ce5f0530,Crispin,171/131,special illustration rare,,holo,28.87,14.86,1.9,,,,,
7a3dd188-4375-41af-94de-c5247fe0b1a6,Prismatic Evolutions,2f242b67-0eb2-4bd1-a886-876e49d4a17f,feec56e3-b748-41a9-b896-2e09ce5f0530,Crispin,171/131,special illustration rare,,holo,28.87,14.86,1.9,,,,,
7a3dd188-4375-41af-94de-c5247fe0b1a6,Prismatic Evolutions,47d82b5d-f3a6-44aa-a2c7-8c70ae0d0bda,d6fc97a3-3933-4c76-aacb-def5f3fb62a6,Glaceon,025/131,rare,master ball,holo,28.38,14.86,1.9,,,,,
7a3dd188-4375-41af-94de-c5247fe0b1a6,Prismatic Evolutions,47d82b5d-f3a6-44aa-a2c7-8c70ae0d0bda,d6fc97a3-3933-4c76-aacb-def5f3fb62a6,Glaceon,025/131,rare,master ball,holo,28.38,14.86,1.9,,,,,
7a3dd188-4375-41af-94de-c5247fe0b1a6,Prismatic Evolutions,e49e39a2-ece8-4525-9448-b43612273c91,766e3d02-42fb-4d42-a5e9-4e19d2347e41,Espeon,033/131,rare,master ball,holo,27.59,14.86,1.9,,,,,
7a3dd188-4375-41af-94de-c5247fe0b1a6,Prismatic Evolutions,e49e39a2-ece8-4525-9448-b43612273c91,766e3d02-42fb-4d42-a5e9-4e19d2347e41,Espeon,033/131,rare,master ball,holo,27.59,14.86,1.9,,,,,
7a3dd188-4375-41af-94de-c5247fe0b1a6,Prismatic Evolutions,99bb62a2-cceb-4948-97bb-a2baf89b4745,49ba85d6-3584-41f7-8724-1e9576320d42,Janine's Secret Art,173/131,special illustration rare,,holo,26.13,14.86,1.8,,,,,
7a3dd188-4375-41af-94de-c5247fe0b1a6,Prismatic Evolutions,99bb62a2-cceb-4948-97bb-a2baf89b4745,49ba85d6-3584-41f7-8724-1e9576320d42,Janine's Secret Art,173/131,special illustration rare,,holo,26.13,14.86,1.8,,,,,
7a3dd188-4375-41af-94de-c5247fe0b1a6,Prismatic Evolutions,6556ee3c-1959-4e8c-bd11-32ac1fd91372,dc357571-0074-4f0c-82a1-f8ce18538562,Lacey,175/131,special illustration rare,,holo,25.73,14.86,1.7,,,,,
7a3dd188-4375-41af-94de-c5247fe0b1a6,Prismatic Evolutions,6556ee3c-1959-4e8c-bd11-32ac1fd91372,dc357571-0074-4f0c-82a1-f8ce18538562,Lacey,175/131,special illustration rare,,holo,25.73,14.86,1.7,,,,,
7a3dd188-4375-41af-94de-c5247fe0b1a6,Prismatic Evolutions,a1080114-a464-46f3-8682-6051f3388496,5c1dfc2b-1f6d-4c22-8d33-4eda9853de33,Sandy Shocks ex,159/131,special illustration rare,,holo,25.48,14.86,1.7,,,,,
7a3dd188-4375-41af-94de-c5247fe0b1a6,Prismatic Evolutions,a1080114-a464-46f3-8682-6051f3388496,5c1dfc2b-1f6d-4c22-8d33-4eda9853de33,Sandy Shocks ex,159/131,special illustration rare,,holo,25.48,14.86,1.7,,,,,
7a3dd188-4375-41af-94de-c5247fe0b1a6,Prismatic Evolutions,fde9ceb3-e847-4d97-b0cd-3b1263804ef8,51980b9d-b86f-4969-b605-b20d408463d3,Dudunsparce,080/131,rare,master ball,holo,19.66,14.86,1.3,,,,,
7a3dd188-4375-41af-94de-c5247fe0b1a6,Prismatic Evolutions,fde9ceb3-e847-4d97-b0cd-3b1263804ef8,51980b9d-b86f-4969-b605-b20d408463d3,Dudunsparce,080/131,rare,master ball,holo,19.66,14.86,1.3,,,,,
7a3dd188-4375-41af-94de-c5247fe0b1a6,Prismatic Evolutions,a22a175b-fb51-41f1-a1d6-e843846dc1ee,77c10d10-97d3-4bae-9bed-d3c013b5c899,Teal Mask Ogerpon ex,145/131,special illustration rare,,holo,19.54,14.86,1.3,,,,,
7a3dd188-4375-41af-94de-c5247fe0b1a6,Prismatic Evolutions,a22a175b-fb51-41f1-a1d6-e843846dc1ee,77c10d10-97d3-4bae-9bed-d3c013b5c899,Teal Mask Ogerpon ex,145/131,special illustration rare,,holo,19.54,14.86,1.3,,,,,
7a3dd188-4375-41af-94de-c5247fe0b1a6,Prismatic Evolutions,7c20f2eb-b753-46d3-9a9a-52ae93c228ca,b32c5693-6986-4406-b5f5-8ed731a65d7b,Kieran,174/131,special illustration rare,,holo,18.85,14.86,1.3,,,,,
7a3dd188-4375-41af-94de-c5247fe0b1a6,Prismatic Evolutions,7c20f2eb-b753-46d3-9a9a-52ae93c228ca,b32c5693-6986-4406-b5f5-8ed731a65d7b,Kieran,174/131,special illustration rare,,holo,18.85,14.86,1.3,,,,,
7a3dd188-4375-41af-94de-c5247fe0b1a6,Prismatic Evolutions,fa682c70-f9d2-4ca4-8062-49b25aa33c66,c9da330f-463d-463b-9790-bcc4e270c5f8,Eevee,074/131,common,master ball,holo,18.67,14.86,1.3,,,,,
7a3dd188-4375-41af-94de-c5247fe0b1a6,Prismatic Evolutions,fa682c70-f9d2-4ca4-8062-49b25aa33c66,c9da330f-463d-463b-9790-bcc4e270c5f8,Eevee,074/131,common,master ball,holo,18.67,14.86,1.3,,,,,
7a3dd188-4375-41af-94de-c5247fe0b1a6,Prismatic Evolutions,e1f4e5f9-7ed8-46bc-a2fd-722c39e4e8fd,4c43f8fb-0024-457b-a2aa-17dc0ef76896,Hearthflame Mask Ogerpon ex,148/131,special illustration rare,,holo,17.58,14.86,1.2,,,,,
7a3dd188-4375-41af-94de-c5247fe0b1a6,Prismatic Evolutions,e1f4e5f9-7ed8-46bc-a2fd-722c39e4e8fd,4c43f8fb-0024-457b-a2aa-17dc0ef76896,Hearthflame Mask Ogerpon ex,148/131,special illustration rare,,holo,17.58,14.86,1.2,,,,,
7a3dd188-4375-41af-94de-c5247fe0b1a6,Prismatic Evolutions,47cdf3e8-e3da-45e3-8fc7-409775b0b918,08a516b5-d179-4294-8c07-a5a52bdd059e,Wellspring Mask Ogerpon ex,152/131,special illustration rare,,holo,17.26,14.86,1.2,,,,,
7a3dd188-4375-41af-94de-c5247fe0b1a6,Prismatic Evolutions,47cdf3e8-e3da-45e3-8fc7-409775b0b918,08a516b5-d179-4294-8c07-a5a52bdd059e,Wellspring Mask Ogerpon ex,152/131,special illustration rare,,holo,17.26,14.86,1.2,,,,,
7a3dd188-4375-41af-94de-c5247fe0b1a6,Prismatic Evolutions,8cc3b39c-dd05-4dc9-89ab-d973dc95a055,b95b96fb-8653-419f-9da8-64dde9b745d3,Drayton,172/131,special illustration rare,,holo,14.87,14.86,1.0,,,,,
7a3dd188-4375-41af-94de-c5247fe0b1a6,Prismatic Evolutions,8cc3b39c-dd05-4dc9-89ab-d973dc95a055,b95b96fb-8653-419f-9da8-64dde9b745d3,Drayton,172/131,special illustration rare,,holo,14.87,14.86,1.0,,,,,
7a3dd188-4375-41af-94de-c5247fe0b1a6,Prismatic Evolutions,a71ed3d3-ef37-4114-81b3-6e2aed72aa67,57fa3d2c-94a2-45f2-8d2b-dafed73ace1c,Riolu,050/131,common,master ball,holo,13.36,14.86,0.9,,,,,
7a3dd188-4375-41af-94de-c5247fe0b1a6,Prismatic Evolutions,a71ed3d3-ef37-4114-81b3-6e2aed72aa67,57fa3d2c-94a2-45f2-8d2b-dafed73ace1c,Riolu,050/131,common,master ball,holo,13.36,14.86,0.9,,,,,
7a3dd188-4375-41af-94de-c5247fe0b1a6,Prismatic Evolutions,72fe35f4-4951-467f-94e2-785fa5ea5b14,a40540ed-3671-4085-acd7-3e643aceb469,Amarys,170/131,special illustration rare,,holo,12.92,14.86,0.9,,,,,
7a3dd188-4375-41af-94de-c5247fe0b1a6,Prismatic Evolutions,72fe35f4-4951-467f-94e2-785fa5ea5b14,a40540ed-3671-4085-acd7-3e643aceb469,Amarys,170/131,special illustration rare,,holo,12.92,14.86,0.9,,,,,
7a3dd188-4375-41af-94de-c5247fe0b1a6,Prismatic Evolutions,30ab63c9-5b14-43a3-ac29-a1bc8dc875b1,f156642b-232d-4412-b9cd-698ee50d40cd,Suicune,024/131,uncommon,master ball,holo,12.83,14.86,0.9,,,,,
7a3dd188-4375-41af-94de-c5247fe0b1a6,Prismatic Evolutions,30ab63c9-5b14-43a3-ac29-a1bc8dc875b1,f156642b-232d-4412-b9cd-698ee50d40cd,Suicune,024/131,uncommon,master ball,holo,12.83,14.86,0.9,,,,,
7a3dd188-4375-41af-94de-c5247fe0b1a6,Prismatic Evolutions,b3285fbd-8733-4527-b81c-732bde78e55e,b7410801-e051-40ac-8666-2dfeebe47e30,Cornerstone Mask Ogerpon ex,160/131,special illustration rare,,holo,12.79,14.86,0.9,,,,,
7a3dd188-4375-41af-94de-c5247fe0b1a6,Prismatic Evolutions,b3285fbd-8733-4527-b81c-732bde78e55e,b7410801-e051-40ac-8666-2dfeebe47e30,Cornerstone Mask Ogerpon ex,160/131,special illustration rare,,holo,12.79,14.86,0.9,,,,,
7a3dd188-4375-41af-94de-c5247fe0b1a6,Prismatic Evolutions,951e12cf-5833-43ae-b7df-9bf824a08621,10dfaa44-42f3-4e74-b919-0092dc399d7d,Flutter Mane,043/131,rare,master ball,holo,11.97,14.86,0.8,,,,,
7a3dd188-4375-41af-94de-c5247fe0b1a6,Prismatic Evolutions,951e12cf-5833-43ae-b7df-9bf824a08621,10dfaa44-42f3-4e74-b919-0092dc399d7d,Flutter Mane,043/131,rare,master ball,holo,11.97,14.86,0.8,,,,,
7a3dd188-4375-41af-94de-c5247fe0b1a6,Prismatic Evolutions,0a39d8d1-c81f-4450-afdc-393bbe3b1ca4,c298fbae-b7f9-4e49-96a7-1c626afbdf95,Munkidori,044/131,rare,master ball,holo,11.59,14.86,0.8,,,,,
7a3dd188-4375-41af-94de-c5247fe0b1a6,Prismatic Evolutions,0a39d8d1-c81f-4450-afdc-393bbe3b1ca4,c298fbae-b7f9-4e49-96a7-1c626afbdf95,Munkidori,044/131,rare,master ball,holo,11.59,14.86,0.8,,,,,
7a3dd188-4375-41af-94de-c5247fe0b1a6,Prismatic Evolutions,5e712dee-abc8-4c55-8fb4-42fadd690d65,5f6b0973-1905-426a-9203-0c44c68df862,Whimsicott,008/131,rare,master ball,holo,11.44,14.86,0.8,,,,,
7a3dd188-4375-41af-94de-c5247fe0b1a6,Prismatic Evolutions,5e712dee-abc8-4c55-8fb4-42fadd690d65,5f6b0973-1905-426a-9203-0c44c68df862,Whimsicott,008/131,rare,master ball,holo,11.44,14.86,0.8,,,,,
7a3dd188-4375-41af-94de-c5247fe0b1a6,Prismatic Evolutions,f3fc1f40-45bc-418c-a7d1-35289fff9cb1,6526814e-b28d-4a62-bf96-41fd96c9e50f,Terapagos ex,180/131,hyper rare,,holo,10.61,14.86,0.7,,,,,
7a3dd188-4375-41af-94de-c5247fe0b1a6,Prismatic Evolutions,f3fc1f40-45bc-418c-a7d1-35289fff9cb1,6526814e-b28d-4a62-bf96-41fd96c9e50f,Terapagos ex,180/131,hyper rare,,holo,10.61,14.86,0.7,,,,,
7a3dd188-4375-41af-94de-c5247fe0b1a6,Prismatic Evolutions,9f3e53ca-984f-4507-acf2-af1753123ef4,b7ab720f-c869-4c7a-899a-73b9b2840708,Exeggutor,002/131,uncommon,master ball,holo,10.59,14.86,0.7,,,,,
7a3dd188-4375-41af-94de-c5247fe0b1a6,Prismatic Evolutions,9f3e53ca-984f-4507-acf2-af1753123ef4,b7ab720f-c869-4c7a-899a-73b9b2840708,Exeggutor,002/131,uncommon,master ball,holo,10.59,14.86,0.7,,,,,
7a3dd188-4375-41af-94de-c5247fe0b1a6,Prismatic Evolutions,fc85cbfa-ad6f-4630-984a-da3a35c6814b,7b6133e7-18b3-4587-af58-c3c969c06253,Groudon,049/131,rare,master ball,holo,10.49,14.86,0.7,,,,,
7a3dd188-4375-41af-94de-c5247fe0b1a6,Prismatic Evolutions,fc85cbfa-ad6f-4630-984a-da3a35c6814b,7b6133e7-18b3-4587-af58-c3c969c06253,Groudon,049/131,rare,master ball,holo,10.49,14.86,0.7,,,,,
7a3dd188-4375-41af-94de-c5247fe0b1a6,Prismatic Evolutions,bff6839d-377e-4368-b2ce-9d545e2b076c,ee59b7fb-001f-430a-81e2-fa4fc0f95f8a,Houndoom,063/131,common,master ball,holo,10.14,14.86,0.7,,,,,
7a3dd188-4375-41af-94de-c5247fe0b1a6,Prismatic Evolutions,bff6839d-377e-4368-b2ce-9d545e2b076c,ee59b7fb-001f-430a-81e2-fa4fc0f95f8a,Houndoom,063/131,common,master ball,holo,10.14,14.86,0.7,,,,,
5d3d5c23-7098-4393-ad63-6ad9372aee30,Paradox Rift,16cb6c38-a585-4b18-bd31-6135415be595,c64f812d-c515-48bf-8161-29374516055c,Groudon,199/182,illustration rare,,holo,120.02,7.56,15.9,,,,,
5d3d5c23-7098-4393-ad63-6ad9372aee30,Paradox Rift,16cb6c38-a585-4b18-bd31-6135415be595,c64f812d-c515-48bf-8161-29374516055c,Groudon,199/182,illustration rare,,holo,120.02,7.56,15.9,,,,,
5d3d5c23-7098-4393-ad63-6ad9372aee30,Paradox Rift,db69d706-215e-4587-802d-3774d0d16d3b,e01ac6f0-52ed-486a-a943-2c88f815842e,Morpeko,206/182,illustration rare,,holo,57.41,7.56,7.6,,,,,
5d3d5c23-7098-4393-ad63-6ad9372aee30,Paradox Rift,db69d706-215e-4587-802d-3774d0d16d3b,e01ac6f0-52ed-486a-a943-2c88f815842e,Morpeko,206/182,illustration rare,,holo,57.41,7.56,7.6,,,,,
5d3d5c23-7098-4393-ad63-6ad9372aee30,Paradox Rift,6ff22cfa-827d-4787-929e-1fd2a46d11c3,528bb480-8882-4124-9b17-842592cdd359,Altaria ex,253/182,special illustration rare,,holo,56.07,7.56,7.4,,,,,
5d3d5c23-7098-4393-ad63-6ad9372aee30,Paradox Rift,6ff22cfa-827d-4787-929e-1fd2a46d11c3,528bb480-8882-4124-9b17-842592cdd359,Altaria ex,253/182,special illustration rare,,holo,56.07,7.56,7.4,,,,,
5d3d5c23-7098-4393-ad63-6ad9372aee30,Paradox Rift,c128d780-b5df-4f76-9562-806036cb5fbc,dd51a192-4380-40d0-8105-bd9d439fb3c4,Plusle,193/182,illustration rare,,holo,50.14,7.56,6.6,,,,,
5d3d5c23-7098-4393-ad63-6ad9372aee30,Paradox Rift,c128d780-b5df-4f76-9562-806036cb5fbc,dd51a192-4380-40d0-8105-bd9d439fb3c4,Plusle,193/182,illustration rare,,holo,50.14,7.56,6.6,,,,,
5d3d5c23-7098-4393-ad63-6ad9372aee30,Paradox Rift,0c0f8ba1-913d-4ac9-888c-d0b88db84ff0,8fe3bd13-948d-4eaa-a7a2-e1e349e2fbf5,Minun,194/182,illustration rare,,holo,46.26,7.56,6.1,,,,,
5d3d5c23-7098-4393-ad63-6ad9372aee30,Paradox Rift,0c0f8ba1-913d-4ac9-888c-d0b88db84ff0,8fe3bd13-948d-4eaa-a7a2-e1e349e2fbf5,Minun,194/182,illustration rare,,holo,46.26,7.56,6.1,,,,,
5d3d5c23-7098-4393-ad63-6ad9372aee30,Paradox Rift,1f0e91ca-0cc7-4766-96be-6cee4d0e5424,1a61bce8-e064-432f-820f-c0a9c44d1d23,Steelix,208/182,illustration rare,,holo,41.32,7.56,5.5,,,,,
5d3d5c23-7098-4393-ad63-6ad9372aee30,Paradox Rift,1f0e91ca-0cc7-4766-96be-6cee4d0e5424,1a61bce8-e064-432f-820f-c0a9c44d1d23,Steelix,208/182,illustration rare,,holo,41.32,7.56,5.5,,,,,
5d3d5c23-7098-4393-ad63-6ad9372aee30,Paradox Rift,ad467098-9d43-4f54-adce-9994b6237087,e4728a61-c9a7-4e89-9687-589cf2924221,Roaring Moon ex,251/182,special illustration rare,,holo,39.22,7.56,5.2,,,,,
5d3d5c23-7098-4393-ad63-6ad9372aee30,Paradox Rift,ad467098-9d43-4f54-adce-9994b6237087,e4728a61-c9a7-4e89-9687-589cf2924221,Roaring Moon ex,251/182,special illustration rare,,holo,39.22,7.56,5.2,,,,,
5d3d5c23-7098-4393-ad63-6ad9372aee30,Paradox Rift,72ffd9de-60df-4b52-b00e-a47a154efc13,7020fe0e-1d50-4396-b215-f1add3c55013,Garchomp ex,245/182,special illustration rare,,holo,36.39,7.56,4.8,,,,,
5d3d5c23-7098-4393-ad63-6ad9372aee30,Paradox Rift,72ffd9de-60df-4b52-b00e-a47a154efc13,7020fe0e-1d50-4396-b215-f1add3c55013,Garchomp ex,245/182,special illustration rare,,holo,36.39,7.56,4.8,,,,,
5d3d5c23-7098-4393-ad63-6ad9372aee30,Paradox Rift,d28ce6f8-c78b-4832-b3df-479e0ed96cbe,72262d31-e4df-4152-b29b-2d139b49cec0,Mantyke,189/182,illustration rare,,holo,34.21,7.56,4.5,,,,,
5d3d5c23-7098-4393-ad63-6ad9372aee30,Paradox Rift,d28ce6f8-c78b-4832-b3df-479e0ed96cbe,72262d31-e4df-4152-b29b-2d139b49cec0,Mantyke,189/182,illustration rare,,holo,34.21,7.56,4.5,,,,,
5d3d5c23-7098-4393-ad63-6ad9372aee30,Paradox Rift,3fbfe8bf-e55d-4974-b4d6-bbfdb1d4957b,c920a7fd-4b48-425a-a8a7-185747c019e0,Gholdengo ex,252/182,special illustration rare,,holo,31.84,7.56,4.2,,,,,
5d3d5c23-7098-4393-ad63-6ad9372aee30,Paradox Rift,3fbfe8bf-e55d-4974-b4d6-bbfdb1d4957b,c920a7fd-4b48-425a-a8a7-185747c019e0,Gholdengo ex,252/182,special illustration rare,,holo,31.84,7.56,4.2,,,,,
5d3d5c23-7098-4393-ad63-6ad9372aee30,Paradox Rift,a82e5b7c-1bc1-4961-a685-5d1bd2fabd9b,a285b5e2-10f5-45ec-929e-54a87bb251b6,Yveltal,205/182,illustration rare,,holo,31.33,7.56,4.1,,,,,
5d3d5c23-7098-4393-ad63-6ad9372aee30,Paradox Rift,a82e5b7c-1bc1-4961-a685-5d1bd2fabd9b,a285b5e2-10f5-45ec-929e-54a87bb251b6,Yveltal,205/182,illustration rare,,holo,31.33,7.56,4.1,,,,,
5d3d5c23-7098-4393-ad63-6ad9372aee30,Paradox Rift,3eac3d7e-12f7-488c-baf0-2b21cd06663e,6cf6bfa3-694d-4d92-a126-00ac2c426ab6,Aipom,211/182,illustration rare,,holo,28.86,7.56,3.8,,,,,
5d3d5c23-7098-4393-ad63-6ad9372aee30,Paradox Rift,3eac3d7e-12f7-488c-baf0-2b21cd06663e,6cf6bfa3-694d-4d92-a126-00ac2c426ab6,Aipom,211/182,illustration rare,,holo,28.86,7.56,3.8,,,,,
5d3d5c23-7098-4393-ad63-6ad9372aee30,Paradox Rift,b16b7d21-4d53-4087-b10b-3681a0a9fde7,49f5800f-04f2-4739-9945-dbe0e646b4c2,Joltik,196/182,illustration rare,,holo,27.33,7.56,3.6,,,,,
5d3d5c23-7098-4393-ad63-6ad9372aee30,Paradox Rift,b16b7d21-4d53-4087-b10b-3681a0a9fde7,49f5800f-04f2-4739-9945-dbe0e646b4c2,Joltik,196/182,illustration rare,,holo,27.33,7.56,3.6,,,,,
5d3d5c23-7098-4393-ad63-6ad9372aee30,Paradox Rift,3d7ef320-af44-4721-b0a8-24eb1601a6ff,3e9046d0-02e4-4e8b-9ea4-80a8f404290c,Minior,201/182,illustration rare,,holo,26.78,7.56,3.5,,,,,
5d3d5c23-7098-4393-ad63-6ad9372aee30,Paradox Rift,3d7ef320-af44-4721-b0a8-24eb1601a6ff,3e9046d0-02e4-4e8b-9ea4-80a8f404290c,Minior,201/182,illustration rare,,holo,26.78,7.56,3.5,,,,,
5d3d5c23-7098-4393-ad63-6ad9372aee30,Paradox Rift,8cb1d99a-5aa6-4660-a325-408fd767d234,33136b14-8fb3-498c-a2ff-00debd5832c3,Golisopod ex,246/182,special illustration rare,,holo,25.84,7.56,3.4,,,,,
5d3d5c23-7098-4393-ad63-6ad9372aee30,Paradox Rift,8cb1d99a-5aa6-4660-a325-408fd767d234,33136b14-8fb3-498c-a2ff-00debd5832c3,Golisopod ex,246/182,special illustration rare,,holo,25.84,7.56,3.4,,,,,
5d3d5c23-7098-4393-ad63-6ad9372aee30,Paradox Rift,5eaf93ca-47b5-434f-a1c8-420d57339b78,9a86c5a0-8df5-4f8c-a8cb-268270ed2af8,Swablu,213/182,illustration rare,,holo,23.92,7.56,3.2,,,,,
5d3d5c23-7098-4393-ad63-6ad9372aee30,Paradox Rift,5eaf93ca-47b5-434f-a1c8-420d57339b78,9a86c5a0-8df5-4f8c-a8cb-268270ed2af8,Swablu,213/182,illustration rare,,holo,23.92,7.56,3.2,,,,,
5d3d5c23-7098-4393-ad63-6ad9372aee30,Paradox Rift,725211cf-1c0e-4ef1-82cd-26fe0d076c79,90bd8f99-fb7f-4be9-9b7c-4f80e14450dc,Magby,186/182,illustration rare,,holo,23.40,7.56,3.1,,,,,
5d3d5c23-7098-4393-ad63-6ad9372aee30,Paradox Rift,725211cf-1c0e-4ef1-82cd-26fe0d076c79,90bd8f99-fb7f-4be9-9b7c-4f80e14450dc,Magby,186/182,illustration rare,,holo,23.40,7.56,3.1,,,,,
5d3d5c23-7098-4393-ad63-6ad9372aee30,Paradox Rift,0e15b472-e3a5-473f-98a2-1f2d44936019,212e547f-4b2c-4f1e-85fe-aea5f94bf1a1,Iron Valiant ex,249/182,special illustration rare,,holo,22.07,7.56,2.9,,,,,
5d3d5c23-7098-4393-ad63-6ad9372aee30,Paradox Rift,0e15b472-e3a5-473f-98a2-1f2d44936019,212e547f-4b2c-4f1e-85fe-aea5f94bf1a1,Iron Valiant ex,249/182,special illustration rare,,holo,22.07,7.56,2.9,,,,,
5d3d5c23-7098-4393-ad63-6ad9372aee30,Paradox Rift,90fbe296-3512-42c1-9074-f7d03fbaa3f8,9d5b747a-3dee-44e4-b491-c72a7e244565,Garbodor,204/182,illustration rare,,holo,21.00,7.56,2.8,,,,,
5d3d5c23-7098-4393-ad63-6ad9372aee30,Paradox Rift,90fbe296-3512-42c1-9074-f7d03fbaa3f8,9d5b747a-3dee-44e4-b491-c72a7e244565,Garbodor,204/182,illustration rare,,holo,21.00,7.56,2.8,,,,,
5d3d5c23-7098-4393-ad63-6ad9372aee30,Paradox Rift,fe42a2d6-9c85-473c-970c-833bf7d3326b,764475a4-88b3-495d-9bf9-857e241274fb,Brute Bonnet,207/182,illustration rare,,holo,18.89,7.56,2.5,,,,,
5d3d5c23-7098-4393-ad63-6ad9372aee30,Paradox Rift,fe42a2d6-9c85-473c-970c-833bf7d3326b,764475a4-88b3-495d-9bf9-857e241274fb,Brute Bonnet,207/182,illustration rare,,holo,18.89,7.56,2.5,,,,,
5d3d5c23-7098-4393-ad63-6ad9372aee30,Paradox Rift,d24777a6-5a0c-4c63-b69a-b608dea766ed,c15a73e2-2a54-47d7-9ca8-8399a61e202d,Garchomp ex,260/182,hyper rare,,holo,17.49,7.56,2.3,,,,,
5d3d5c23-7098-4393-ad63-6ad9372aee30,Paradox Rift,d24777a6-5a0c-4c63-b69a-b608dea766ed,c15a73e2-2a54-47d7-9ca8-8399a61e202d,Garchomp ex,260/182,hyper rare,,holo,17.49,7.56,2.3,,,,,
5d3d5c23-7098-4393-ad63-6ad9372aee30,Paradox Rift,0011a3b5-70f9-4aac-91d9-09d9b5aed168,46dd542e-c2fb-451d-84dd-403e7a599dd8,Tapu Koko ex,247/182,special illustration rare,,holo,17.25,7.56,2.3,,,,,
5d3d5c23-7098-4393-ad63-6ad9372aee30,Paradox Rift,0011a3b5-70f9-4aac-91d9-09d9b5aed168,46dd542e-c2fb-451d-84dd-403e7a599dd8,Tapu Koko ex,247/182,special illustration rare,,holo,17.25,7.56,2.3,,,,,
5d3d5c23-7098-4393-ad63-6ad9372aee30,Paradox Rift,54617ba3-53c0-4e36-afce-53b142b199ce,74afc66f-418b-496d-adfc-c3d4347bd3b4,Loudred,212/182,illustration rare,,holo,16.94,7.56,2.2,,,,,
5d3d5c23-7098-4393-ad63-6ad9372aee30,Paradox Rift,54617ba3-53c0-4e36-afce-53b142b199ce,74afc66f-418b-496d-adfc-c3d4347bd3b4,Loudred,212/182,illustration rare,,holo,16.94,7.56,2.2,,,,,
5d3d5c23-7098-4393-ad63-6ad9372aee30,Paradox Rift,47011024-3b16-4700-bec5-6998fefd6d7f,7a36ea04-f4de-452a-8b03-6a33934f84dc,Parasol Lady,255/182,special illustration rare,,holo,15.74,7.56,2.1,,,,,
5d3d5c23-7098-4393-ad63-6ad9372aee30,Paradox Rift,47011024-3b16-4700-bec5-6998fefd6d7f,7a36ea04-f4de-452a-8b03-6a33934f84dc,Parasol Lady,255/182,special illustration rare,,holo,15.74,7.56,2.1,,,,,
5d3d5c23-7098-4393-ad63-6ad9372aee30,Paradox Rift,a7d74325-db67-41b6-87d7-faeae656ff2c,e6a308f1-9f37-4ec2-8055-d9e69f3c4bae,Porygon-Z,214/182,illustration rare,,holo,15.60,7.56,2.1,,,,,
5d3d5c23-7098-4393-ad63-6ad9372aee30,Paradox Rift,a7d74325-db67-41b6-87d7-faeae656ff2c,e6a308f1-9f37-4ec2-8055-d9e69f3c4bae,Porygon-Z,214/182,illustration rare,,holo,15.60,7.56,2.1,,,,,
5d3d5c23-7098-4393-ad63-6ad9372aee30,Paradox Rift,d19aa558-f06c-4c64-a7d3-1c479ea7b330,d5e9046c-14e0-4321-b57b-0522a5704487,Gimmighoul,198/182,illustration rare,,holo,15.47,7.56,2.0,,,,,
5d3d5c23-7098-4393-ad63-6ad9372aee30,Paradox Rift,d19aa558-f06c-4c64-a7d3-1c479ea7b330,d5e9046c-14e0-4321-b57b-0522a5704487,Gimmighoul,198/182,illustration rare,,holo,15.47,7.56,2.0,,,,,
5d3d5c23-7098-4393-ad63-6ad9372aee30,Paradox Rift,2a0b47d5-94a0-4f39-9b12-3baf8cb81bcc,c096be9f-4901-4d5b-8ffa-0afa8db866e0,Maushold ex,233/182,ultra rare,,holo,15.16,7.56,2.0,,,,,
5d3d5c23-7098-4393-ad63-6ad9372aee30,Paradox Rift,2a0b47d5-94a0-4f39-9b12-3baf8cb81bcc,c096be9f-4901-4d5b-8ffa-0afa8db866e0,Maushold ex,233/182,ultra rare,,holo,15.16,7.56,2.0,,,,,
5d3d5c23-7098-4393-ad63-6ad9372aee30,Paradox Rift,3035bb6e-3a3b-467b-8732-ad49f0816b12,bbd18c57-0c5c-4304-8a31-003788e9a32d,Wimpod,191/182,illustration rare,,holo,13.71,7.56,1.8,,,,,
5d3d5c23-7098-4393-ad63-6ad9372aee30,Paradox Rift,3035bb6e-3a3b-467b-8732-ad49f0816b12,bbd18c57-0c5c-4304-8a31-003788e9a32d,Wimpod,191/182,illustration rare,,holo,13.71,7.56,1.8,,,,,
5d3d5c23-7098-4393-ad63-6ad9372aee30,Paradox Rift,dd8b1fca-030e-426d-bc25-a194d6b5fb45,13bd5055-321d-4334-91b1-d881364ac8c4,Iron Hands ex,248/182,special illustration rare,,holo,12.62,7.56,1.7,,,,,
5d3d5c23-7098-4393-ad63-6ad9372aee30,Paradox Rift,dd8b1fca-030e-426d-bc25-a194d6b5fb45,13bd5055-321d-4334-91b1-d881364ac8c4,Iron Hands ex,248/182,special illustration rare,,holo,12.62,7.56,1.7,,,,,
5d3d5c23-7098-4393-ad63-6ad9372aee30,Paradox Rift,42e449c8-6a5a-48e6-8bc4-46782ad92660,98ab7334-59cd-47fa-b778-f6526e5e1276,Veluza,192/182,illustration rare,,holo,11.51,7.56,1.5,,,,,
5d3d5c23-7098-4393-ad63-6ad9372aee30,Paradox Rift,42e449c8-6a5a-48e6-8bc4-46782ad92660,98ab7334-59cd-47fa-b778-f6526e5e1276,Veluza,192/182,illustration rare,,holo,11.51,7.56,1.5,,,,,
5d3d5c23-7098-4393-ad63-6ad9372aee30,Paradox Rift,557086a8-906d-493b-acb1-927da8f19cd4,4598a8fa-a68c-4f8c-861c-a1928c9b00de,Iron Jugulis,216/182,illustration rare,,holo,11.26,7.56,1.5,,,,,
5d3d5c23-7098-4393-ad63-6ad9372aee30,Paradox Rift,557086a8-906d-493b-acb1-927da8f19cd4,4598a8fa-a68c-4f8c-861c-a1928c9b00de,Iron Jugulis,216/182,illustration rare,,holo,11.26,7.56,1.5,,,,,
5d3d5c23-7098-4393-ad63-6ad9372aee30,Paradox Rift,1dc24d40-9ca3-4469-9fa2-c2735ed6459e,031573d6-f42c-41b0-a639-457a0d924e56,Snorunt,188/182,illustration rare,,holo,11.09,7.56,1.5,,,,,
5d3d5c23-7098-4393-ad63-6ad9372aee30,Paradox Rift,1dc24d40-9ca3-4469-9fa2-c2735ed6459e,031573d6-f42c-41b0-a639-457a0d924e56,Snorunt,188/182,illustration rare,,holo,11.09,7.56,1.5,,,,,
5d3d5c23-7098-4393-ad63-6ad9372aee30,Paradox Rift,c1ad1268-0b3b-458a-97c5-de7c919a1e75,27793923-fdca-46de-a8c6-2708d3e8741a,Aegislash,210/182,illustration rare,,holo,11.08,7.56,1.5,,,,,
5d3d5c23-7098-4393-ad63-6ad9372aee30,Paradox Rift,c1ad1268-0b3b-458a-97c5-de7c919a1e75,27793923-fdca-46de-a8c6-2708d3e8741a,Aegislash,210/182,illustration rare,,holo,11.08,7.56,1.5,,,,,
5d3d5c23-7098-4393-ad63-6ad9372aee30,Paradox Rift,677a957e-625c-4381-b051-9e592239d06f,a47654ac-02f8-4f0e-98b6-bc23ecc212de,Blitzle,195/182,illustration rare,,holo,10.84,7.56,1.4,,,,,
5d3d5c23-7098-4393-ad63-6ad9372aee30,Paradox Rift,677a957e-625c-4381-b051-9e592239d06f,a47654ac-02f8-4f0e-98b6-bc23ecc212de,Blitzle,195/182,illustration rare,,holo,10.84,7.56,1.4,,,,,
5d3d5c23-7098-4393-ad63-6ad9372aee30,Paradox Rift,a961bcb7-3709-4886-87c0-82ef67cdfa66,8ab6ff90-6200-473a-b0d3-5006a5951132,Vanillish,190/182,illustration rare,,holo,10.75,7.56,1.4,,,,,
5d3d5c23-7098-4393-ad63-6ad9372aee30,Paradox Rift,a961bcb7-3709-4886-87c0-82ef67cdfa66,8ab6ff90-6200-473a-b0d3-5006a5951132,Vanillish,190/182,illustration rare,,holo,10.75,7.56,1.4,,,,,
5d3d5c23-7098-4393-ad63-6ad9372aee30,Paradox Rift,4a0e1638-8fd5-470d-8cdd-3394e02d2ad5,efb11f53-6e39-4c76-9ba0-6b73e12c3017,Mienshao,200/182,illustration rare,,holo,9.71,7.56,1.3,,,,,
5d3d5c23-7098-4393-ad63-6ad9372aee30,Paradox Rift,4a0e1638-8fd5-470d-8cdd-3394e02d2ad5,efb11f53-6e39-4c76-9ba0-6b73e12c3017,Mienshao,200/182,illustration rare,,holo,9.71,7.56,1.3,,,,,
5d3d5c23-7098-4393-ad63-6ad9372aee30,Paradox Rift,451fad31-b0d8-4d8a-b317-4b25c0a7a901,b533a99f-f5a6-40a8-987d-338fcd96f9f6,Espathra,197/182,illustration rare,,holo,9.64,7.56,1.3,,,,,
5d3d5c23-7098-4393-ad63-6ad9372aee30,Paradox Rift,451fad31-b0d8-4d8a-b317-4b25c0a7a901,b533a99f-f5a6-40a8-987d-338fcd96f9f6,Espathra,197/182,illustration rare,,holo,9.64,7.56,1.3,,,,,
5d3d5c23-7098-4393-ad63-6ad9372aee30,Paradox Rift,26ad89eb-0f2d-457b-ad9f-3c9386ec07f5,123e2e37-78b2-49f0-afcd-977d83d45cc7,Rika,258/182,special illustration rare,,holo,9.40,7.56,1.2,,,,,
5d3d5c23-7098-4393-ad63-6ad9372aee30,Paradox Rift,26ad89eb-0f2d-457b-ad9f-3c9386ec07f5,123e2e37-78b2-49f0-afcd-977d83d45cc7,Rika,258/182,special illustration rare,,holo,9.40,7.56,1.2,,,,,
5d3d5c23-7098-4393-ad63-6ad9372aee30,Paradox Rift,d81bef68-0355-4d49-a02a-35654aeb019c,7796a038-5948-4b17-b7a4-748226c2fe2d,Sandy Shocks ex,250/182,special illustration rare,,holo,8.93,7.56,1.2,,,,,
5d3d5c23-7098-4393-ad63-6ad9372aee30,Paradox Rift,d81bef68-0355-4d49-a02a-35654aeb019c,7796a038-5948-4b17-b7a4-748226c2fe2d,Sandy Shocks ex,250/182,special illustration rare,,holo,8.93,7.56,1.2,,,,,
5d3d5c23-7098-4393-ad63-6ad9372aee30,Paradox Rift,fcdf2f04-0d46-4a05-afaa-2283f8f156e8,ff032c11-8d70-436c-ae96-9a45815433cd,Professor Sada's Vitality,256/182,special illustration rare,,holo,8.88,7.56,1.2,,,,,
5d3d5c23-7098-4393-ad63-6ad9372aee30,Paradox Rift,fcdf2f04-0d46-4a05-afaa-2283f8f156e8,ff032c11-8d70-436c-ae96-9a45815433cd,Professor Sada's Vitality,256/182,special illustration rare,,holo,8.88,7.56,1.2,,,,,
5d3d5c23-7098-4393-ad63-6ad9372aee30,Paradox Rift,fbbdfb0d-365d-4121-b3f2-b5eb8840a262,089bc92c-4b81-4b96-9026-94db4b172123,Mela,254/182,special illustration rare,,holo,8.80,7.56,1.2,,,,,
5d3d5c23-7098-4393-ad63-6ad9372aee30,Paradox Rift,fbbdfb0d-365d-4121-b3f2-b5eb8840a262,089bc92c-4b81-4b96-9026-94db4b172123,Mela,254/182,special illustration rare,,holo,8.80,7.56,1.2,,,,,
5d3d5c23-7098-4393-ad63-6ad9372aee30,Paradox Rift,07e3ba6e-42c7-48cf-81fa-a57552a97252,62b3569f-73b4-49fb-a740-34d6b40781f7,Iron Moth,187/182,illustration rare,,holo,8.46,7.56,1.1,,,,,
5d3d5c23-7098-4393-ad63-6ad9372aee30,Paradox Rift,07e3ba6e-42c7-48cf-81fa-a57552a97252,62b3569f-73b4-49fb-a740-34d6b40781f7,Iron Moth,187/182,illustration rare,,holo,8.46,7.56,1.1,,,,,
5d3d5c23-7098-4393-ad63-6ad9372aee30,Paradox Rift,dcd8aa5d-a0b8-418a-b560-1c94775f6074,3a161156-5b71-48d4-9dfe-b0c7b87f5845,Cyclizar,215/182,illustration rare,,holo,8.44,7.56,1.1,,,,,
5d3d5c23-7098-4393-ad63-6ad9372aee30,Paradox Rift,dcd8aa5d-a0b8-418a-b560-1c94775f6074,3a161156-5b71-48d4-9dfe-b0c7b87f5845,Cyclizar,215/182,illustration rare,,holo,8.44,7.56,1.1,,,,,
5d3d5c23-7098-4393-ad63-6ad9372aee30,Paradox Rift,c6b604c3-86d0-4461-ad86-3aa6c6ccf507,c37eb303-62e4-44f9-98e5-b368ba7c7795,Tulip,259/182,special illustration rare,,holo,8.10,7.56,1.1,,,,,
5d3d5c23-7098-4393-ad63-6ad9372aee30,Paradox Rift,c6b604c3-86d0-4461-ad86-3aa6c6ccf507,c37eb303-62e4-44f9-98e5-b368ba7c7795,Tulip,259/182,special illustration rare,,holo,8.10,7.56,1.1,,,,,
5d3d5c23-7098-4393-ad63-6ad9372aee30,Paradox Rift,e5987489-f081-4fad-bbe0-cdbb2f72355a,b3fb7899-7123-4ef0-9a20-08577de99c2e,Garchomp ex,219/182,ultra rare,,holo,7.86,7.56,1.0,,,,,
5d3d5c23-7098-4393-ad63-6ad9372aee30,Paradox Rift,e5987489-f081-4fad-bbe0-cdbb2f72355a,b3fb7899-7123-4ef0-9a20-08577de99c2e,Garchomp ex,219/182,ultra rare,,holo,7.86,7.56,1.0,,,,,
c38df164-ea0d-4e9e-bae6-4c3a517beb8f,White Flare,cf6b0d69-a024-494e-968c-2ace69cb08c4,7b8020f3-496d-42cf-9cf6-bcd18c925e20,Victini,172/086,black white rare,,holo,567.98,13.53,42.0,,,,,
c38df164-ea0d-4e9e-bae6-4c3a517beb8f,White Flare,cf6b0d69-a024-494e-968c-2ace69cb08c4,7b8020f3-496d-42cf-9cf6-bcd18c925e20,Victini,172/086,black white rare,,holo,567.98,13.53,42.0,,,,,
c38df164-ea0d-4e9e-bae6-4c3a517beb8f,White Flare,75292669-a7dd-485b-a538-6f9ae20cc9ac,fee828eb-ea4c-4c61-a65d-1924cb06969b,Reshiram ex,173/086,black white rare,,holo,487.96,13.53,36.1,,,,,
c38df164-ea0d-4e9e-bae6-4c3a517beb8f,White Flare,75292669-a7dd-485b-a538-6f9ae20cc9ac,fee828eb-ea4c-4c61-a65d-1924cb06969b,Reshiram ex,173/086,black white rare,,holo,487.96,13.53,36.1,,,,,
c38df164-ea0d-4e9e-bae6-4c3a517beb8f,White Flare,c968a419-bbd0-400b-bcad-f1932f1c24f1,3d276bff-a869-4634-840f-d5eb4f33aa1d,Reshiram ex,166/086,special illustration rare,,holo,204.45,13.53,15.1,,,,,
c38df164-ea0d-4e9e-bae6-4c3a517beb8f,White Flare,c968a419-bbd0-400b-bcad-f1932f1c24f1,3d276bff-a869-4634-840f-d5eb4f33aa1d,Reshiram ex,166/086,special illustration rare,,holo,204.45,13.53,15.1,,,,,
c38df164-ea0d-4e9e-bae6-4c3a517beb8f,White Flare,7f0bc8b3-1852-48b1-a19f-dab73e1e8de9,eb38e2d2-2e6a-41e2-939d-335c8a5e50d1,Oshawott,105/086,illustration rare,,holo,90.44,13.53,6.7,,,,,
c38df164-ea0d-4e9e-bae6-4c3a517beb8f,White Flare,7f0bc8b3-1852-48b1-a19f-dab73e1e8de9,eb38e2d2-2e6a-41e2-939d-335c8a5e50d1,Oshawott,105/086,illustration rare,,holo,90.44,13.53,6.7,,,,,
c38df164-ea0d-4e9e-bae6-4c3a517beb8f,White Flare,c2ff58cf-52fc-4fe7-b144-27cdf7f0b3c9,5217a5ea-30d4-4f89-8d13-fce651697faa,Hydreigon ex,169/086,special illustration rare,,holo,80.68,13.53,6.0,,,,,
c38df164-ea0d-4e9e-bae6-4c3a517beb8f,White Flare,c2ff58cf-52fc-4fe7-b144-27cdf7f0b3c9,5217a5ea-30d4-4f89-8d13-fce651697faa,Hydreigon ex,169/086,special illustration rare,,holo,80.68,13.53,6.0,,,,,
c38df164-ea0d-4e9e-bae6-4c3a517beb8f,White Flare,86d837cd-7f9e-4573-a29d-9300eff4b23b,27cffe5c-dfac-48f4-ba84-fe817d1ffe89,Keldeo ex,167/086,special illustration rare,,holo,78.27,13.53,5.8,,,,,
c38df164-ea0d-4e9e-bae6-4c3a517beb8f,White Flare,86d837cd-7f9e-4573-a29d-9300eff4b23b,27cffe5c-dfac-48f4-ba84-fe817d1ffe89,Keldeo ex,167/086,special illustration rare,,holo,78.27,13.53,5.8,,,,,
c38df164-ea0d-4e9e-bae6-4c3a517beb8f,White Flare,c6f626ca-1092-4abe-816e-e9016090aa11,feb81e94-fe36-46a7-ba66-51453f174a35,Zoroark,143/086,illustration rare,,holo,77.81,13.53,5.8,,,,,
c38df164-ea0d-4e9e-bae6-4c3a517beb8f,White Flare,c6f626ca-1092-4abe-816e-e9016090aa11,feb81e94-fe36-46a7-ba66-51453f174a35,Zoroark,143/086,illustration rare,,holo,77.81,13.53,5.8,,,,,
c38df164-ea0d-4e9e-bae6-4c3a517beb8f,White Flare,818335ad-fe6b-4066-be06-99ffbb0f88dc,1c6d4296-8383-410c-a0b0-9267249ed86a,Chandelure,103/086,illustration rare,,holo,72.25,13.53,5.3,,,,,
c38df164-ea0d-4e9e-bae6-4c3a517beb8f,White Flare,818335ad-fe6b-4066-be06-99ffbb0f88dc,1c6d4296-8383-410c-a0b0-9267249ed86a,Chandelure,103/086,illustration rare,,holo,72.25,13.53,5.3,,,,,
c38df164-ea0d-4e9e-bae6-4c3a517beb8f,White Flare,6be50a03-08cd-4bdc-bc57-d4296c688dbd,d4e61dde-8f2e-48c6-a813-9b60a4ae614d,Samurott,107/086,illustration rare,,holo,53.35,13.53,3.9,,,,,
c38df164-ea0d-4e9e-bae6-4c3a517beb8f,White Flare,6be50a03-08cd-4bdc-bc57-d4296c688dbd,d4e61dde-8f2e-48c6-a813-9b60a4ae614d,Samurott,107/086,illustration rare,,holo,53.35,13.53,3.9,,,,,
c38df164-ea0d-4e9e-bae6-4c3a517beb8f,White Flare,61986f1f-3575-4f37-9c05-dff253031a3f,62fcb388-cd4b-412b-9438-71d4f3ff8db0,Hilda,171/086,special illustration rare,,holo,51.85,13.53,3.8,,,,,
c38df164-ea0d-4e9e-bae6-4c3a517beb8f,White Flare,61986f1f-3575-4f37-9c05-dff253031a3f,62fcb388-cd4b-412b-9438-71d4f3ff8db0,Hilda,171/086,special illustration rare,,holo,51.85,13.53,3.8,,,,,
c38df164-ea0d-4e9e-bae6-4c3a517beb8f,White Flare,c59d5069-5190-4c95-baf5-4100be5dfa63,d101475e-ee22-4adc-9394-6b0ccee6450d,Liepard,137/086,illustration rare,,holo,47.14,13.53,3.5,,,,,
c38df164-ea0d-4e9e-bae6-4c3a517beb8f,White Flare,c59d5069-5190-4c95-baf5-4100be5dfa63,d101475e-ee22-4adc-9394-6b0ccee6450d,Liepard,137/086,illustration rare,,holo,47.14,13.53,3.5,,,,,
c38df164-ea0d-4e9e-bae6-4c3a517beb8f,White Flare,11c0f96f-f5dd-4cf1-b6c3-fd2bde4f06c5,ba5af504-c21a-4c23-b33f-8d32546a5a15,Zorua,142/086,illustration rare,,holo,46.51,13.53,3.4,,,,,
c38df164-ea0d-4e9e-bae6-4c3a517beb8f,White Flare,11c0f96f-f5dd-4cf1-b6c3-fd2bde4f06c5,ba5af504-c21a-4c23-b33f-8d32546a5a15,Zorua,142/086,illustration rare,,holo,46.51,13.53,3.4,,,,,
c38df164-ea0d-4e9e-bae6-4c3a517beb8f,White Flare,544e78e7-084a-4fdc-a60b-8c89b0e96070,bd1bb49f-f0e6-4441-a2cd-648e3ccf4a4c,Emboar,098/086,illustration rare,,holo,45.40,13.53,3.4,,,,,
c38df164-ea0d-4e9e-bae6-4c3a517beb8f,White Flare,544e78e7-084a-4fdc-a60b-8c89b0e96070,bd1bb49f-f0e6-4441-a2cd-648e3ccf4a4c,Emboar,098/086,illustration rare,,holo,45.40,13.53,3.4,,,,,
c38df164-ea0d-4e9e-bae6-4c3a517beb8f,White Flare,9c8aa268-c95b-48be-b1c9-2f04d155831a,4d5ce2c0-91ba-4b86-b046-9b72500eacef,Vanilluxe,113/086,illustration rare,,holo,42.22,13.53,3.1,,,,,
c38df164-ea0d-4e9e-bae6-4c3a517beb8f,White Flare,9c8aa268-c95b-48be-b1c9-2f04d155831a,4d5ce2c0-91ba-4b86-b046-9b72500eacef,Vanilluxe,113/086,illustration rare,,holo,42.22,13.53,3.1,,,,,
c38df164-ea0d-4e9e-bae6-4c3a517beb8f,White Flare,10d7634a-030f-4ad4-b96d-4f039f26d1b9,0260cb32-065d-4a66-a0e1-597992a55ab1,Sawsbuck,092/086,illustration rare,,holo,40.43,13.53,3.0,,,,,
c38df164-ea0d-4e9e-bae6-4c3a517beb8f,White Flare,10d7634a-030f-4ad4-b96d-4f039f26d1b9,0260cb32-065d-4a66-a0e1-597992a55ab1,Sawsbuck,092/086,illustration rare,,holo,40.43,13.53,3.0,,,,,
c38df164-ea0d-4e9e-bae6-4c3a517beb8f,White Flare,8c4fe826-9d8b-4f3c-8340-510a05369bd0,9cc8f6b0-2c28-442b-bdd1-11cbd9a4068e,Leavanny,089/086,illustration rare,,holo,40.38,13.53,3.0,,,,,
c38df164-ea0d-4e9e-bae6-4c3a517beb8f,White Flare,8c4fe826-9d8b-4f3c-8340-510a05369bd0,9cc8f6b0-2c28-442b-bdd1-11cbd9a4068e,Leavanny,089/086,illustration rare,,holo,40.38,13.53,3.0,,,,,
c38df164-ea0d-4e9e-bae6-4c3a517beb8f,White Flare,ed1949e6-2cbb-465e-9d29-3f5c5aa4e9fd,8a7a058b-bd23-4128-a761-9767a6996520,Tepig,096/086,illustration rare,,holo,40.36,13.53,3.0,,,,,
c38df164-ea0d-4e9e-bae6-4c3a517beb8f,White Flare,ed1949e6-2cbb-465e-9d29-3f5c5aa4e9fd,8a7a058b-bd23-4128-a761-9767a6996520,Tepig,096/086,illustration rare,,holo,40.36,13.53,3.0,,,,,
c38df164-ea0d-4e9e-bae6-4c3a517beb8f,White Flare,d32bf6e5-ecf1-426f-ac0c-1e1de8803ec9,08da2bac-57cb-49b5-8f80-9371823c0c64,Lillipup,154/086,illustration rare,,holo,36.26,13.53,2.7,,,,,
c38df164-ea0d-4e9e-bae6-4c3a517beb8f,White Flare,d32bf6e5-ecf1-426f-ac0c-1e1de8803ec9,08da2bac-57cb-49b5-8f80-9371823c0c64,Lillipup,154/086,illustration rare,,holo,36.26,13.53,2.7,,,,,
c38df164-ea0d-4e9e-bae6-4c3a517beb8f,White Flare,7ff772bc-f7e9-43fe-ad1f-ed05a7ea364e,22d600ca-c078-4dd2-bca5-99c14c7aea32,Ducklett,109/086,illustration rare,,holo,33.77,13.53,2.5,,,,,
c38df164-ea0d-4e9e-bae6-4c3a517beb8f,White Flare,7ff772bc-f7e9-43fe-ad1f-ed05a7ea364e,22d600ca-c078-4dd2-bca5-99c14c7aea32,Ducklett,109/086,illustration rare,,holo,33.77,13.53,2.5,,,,,
c38df164-ea0d-4e9e-bae6-4c3a517beb8f,White Flare,531a4e84-c529-4105-a810-bf2a8d02ca4e,518b53ab-6522-4f95-af1a-e87e0800835a,Litwick,101/086,illustration rare,,holo,31.85,13.53,2.4,,,,,
c38df164-ea0d-4e9e-bae6-4c3a517beb8f,White Flare,531a4e84-c529-4105-a810-bf2a8d02ca4e,518b53ab-6522-4f95-af1a-e87e0800835a,Litwick,101/086,illustration rare,,holo,31.85,13.53,2.4,,,,,
c38df164-ea0d-4e9e-bae6-4c3a517beb8f,White Flare,cc7f5e2e-e124-4aca-90e3-7b4bf7a2f3ee,254008cc-ee35-4a63-ace6-5ecd9efbc31c,Joltik,116/086,illustration rare,,holo,31.67,13.53,2.3,,,,,
c38df164-ea0d-4e9e-bae6-4c3a517beb8f,White Flare,cc7f5e2e-e124-4aca-90e3-7b4bf7a2f3ee,254008cc-ee35-4a63-ace6-5ecd9efbc31c,Joltik,116/086,illustration rare,,holo,31.67,13.53,2.3,,,,,
c38df164-ea0d-4e9e-bae6-4c3a517beb8f,White Flare,280970af-6d15-4f9d-be37-07cf18081c53,9d86b0e0-5caa-4cf2-984d-6719b4225c44,Virizion,095/086,illustration rare,,holo,31.50,13.53,2.3,,,,,
c38df164-ea0d-4e9e-bae6-4c3a517beb8f,White Flare,280970af-6d15-4f9d-be37-07cf18081c53,9d86b0e0-5caa-4cf2-984d-6719b4225c44,Virizion,095/086,illustration rare,,holo,31.50,13.53,2.3,,,,,
c38df164-ea0d-4e9e-bae6-4c3a517beb8f,White Flare,14ad0fb2-ace9-4023-853c-e7936e39a12d,bd05b12f-42f9-4789-83bf-4fd5c771ccb1,Cofagrigus,123/086,illustration rare,,holo,29.17,13.53,2.2,,,,,
c38df164-ea0d-4e9e-bae6-4c3a517beb8f,White Flare,14ad0fb2-ace9-4023-853c-e7936e39a12d,bd05b12f-42f9-4789-83bf-4fd5c771ccb1,Cofagrigus,123/086,illustration rare,,holo,29.17,13.53,2.2,,,,,
c38df164-ea0d-4e9e-bae6-4c3a517beb8f,White Flare,ef2521c4-5589-4037-b0f9-6475336da5ca,859b88fd-bd28-4048-8e20-2c07c8b09a78,Whimsicott ex,165/086,special illustration rare,,holo,28.90,13.53,2.1,,,,,
c38df164-ea0d-4e9e-bae6-4c3a517beb8f,White Flare,ef2521c4-5589-4037-b0f9-6475336da5ca,859b88fd-bd28-4048-8e20-2c07c8b09a78,Whimsicott ex,165/086,special illustration rare,,holo,28.90,13.53,2.1,,,,,
c38df164-ea0d-4e9e-bae6-4c3a517beb8f,White Flare,048dae8b-c746-4c2a-9f7a-4b783a059457,dba884cb-65a7-419b-8b5e-2993be4c8e4c,Zebstrika,115/086,illustration rare,,holo,28.75,13.53,2.1,,,,,
c38df164-ea0d-4e9e-bae6-4c3a517beb8f,White Flare,048dae8b-c746-4c2a-9f7a-4b783a059457,dba884cb-65a7-419b-8b5e-2993be4c8e4c,Zebstrika,115/086,illustration rare,,holo,28.75,13.53,2.1,,,,,
c38df164-ea0d-4e9e-bae6-4c3a517beb8f,White Flare,6fe6d8d3-930e-468a-841a-4227e07cf040,7da0a219-3559-4450-84f1-4d0b409a7df8,Jellicent ex,168/086,special illustration rare,,holo,26.42,13.53,2.0,,,,,
c38df164-ea0d-4e9e-bae6-4c3a517beb8f,White Flare,6fe6d8d3-930e-468a-841a-4227e07cf040,7da0a219-3559-4450-84f1-4d0b409a7df8,Jellicent ex,168/086,special illustration rare,,holo,26.42,13.53,2.0,,,,,
c38df164-ea0d-4e9e-bae6-4c3a517beb8f,White Flare,817ec2b2-abca-44a3-beb0-438242fcffcd,5566c69f-02b4-4040-995c-4e45bbe5fb28,Terrakion,135/086,illustration rare,,holo,26.32,13.53,1.9,,,,,
c38df164-ea0d-4e9e-bae6-4c3a517beb8f,White Flare,817ec2b2-abca-44a3-beb0-438242fcffcd,5566c69f-02b4-4040-995c-4e45bbe5fb28,Terrakion,135/086,illustration rare,,holo,26.32,13.53,1.9,,,,,
c38df164-ea0d-4e9e-bae6-4c3a517beb8f,White Flare,ded31e56-3b0c-4180-aba7-ce99df5faea1,0a309f68-3b0a-44dd-9155-85772a3b99c1,Scrafty,139/086,illustration rare,,holo,25.57,13.53,1.9,,,,,
c38df164-ea0d-4e9e-bae6-4c3a517beb8f,White Flare,ded31e56-3b0c-4180-aba7-ce99df5faea1,0a309f68-3b0a-44dd-9155-85772a3b99c1,Scrafty,139/086,illustration rare,,holo,25.57,13.53,1.9,,,,,
c38df164-ea0d-4e9e-bae6-4c3a517beb8f,White Flare,4840c367-59d0-457c-b428-a41e5d56943a,0f6dcfcf-24f5-4afc-b9f2-defe4a5777bf,Gothita,124/086,illustration rare,,holo,24.57,13.53,1.8,,,,,
c38df164-ea0d-4e9e-bae6-4c3a517beb8f,White Flare,4840c367-59d0-457c-b428-a41e5d56943a,0f6dcfcf-24f5-4afc-b9f2-defe4a5777bf,Gothita,124/086,illustration rare,,holo,24.57,13.53,1.8,,,,,
c38df164-ea0d-4e9e-bae6-4c3a517beb8f,White Flare,a2b280e5-fc12-431d-a0e6-c2008bdefea3,0f8b2edd-7120-415c-acbf-2a62a8ce5d12,Stoutland,156/086,illustration rare,,holo,24.17,13.53,1.8,,,,,
c38df164-ea0d-4e9e-bae6-4c3a517beb8f,White Flare,a2b280e5-fc12-431d-a0e6-c2008bdefea3,0f8b2edd-7120-415c-acbf-2a62a8ce5d12,Stoutland,156/086,illustration rare,,holo,24.17,13.53,1.8,,,,,
c38df164-ea0d-4e9e-bae6-4c3a517beb8f,White Flare,09c22cb7-3e4a-4503-8eaf-599060a5c487,918efd54-b2e2-42c1-8958-245d40756a4e,Emboar,013/086,rare,master ball,holo,23.86,13.53,1.8,,,,,
c38df164-ea0d-4e9e-bae6-4c3a517beb8f,White Flare,09c22cb7-3e4a-4503-8eaf-599060a5c487,918efd54-b2e2-42c1-8958-245d40756a4e,Emboar,013/086,rare,master ball,holo,23.86,13.53,1.8,,,,,
c38df164-ea0d-4e9e-bae6-4c3a517beb8f,White Flare,52fc0129-748c-4562-82df-0301e049f983,39270ad1-6754-4419-91ec-3487d9457c20,Druddigon,151/086,illustration rare,,holo,23.62,13.53,1.7,,,,,
c38df164-ea0d-4e9e-bae6-4c3a517beb8f,White Flare,52fc0129-748c-4562-82df-0301e049f983,39270ad1-6754-4419-91ec-3487d9457c20,Druddigon,151/086,illustration rare,,holo,23.62,13.53,1.7,,,,,
c38df164-ea0d-4e9e-bae6-4c3a517beb8f,White Flare,8667ce45-5e47-424b-ab48-f6ca50fa2bd1,817f1465-6f85-40e1-aa69-7b60fcc0545c,Dewott,106/086,illustration rare,,holo,23.09,13.53,1.7,,,,,
c38df164-ea0d-4e9e-bae6-4c3a517beb8f,White Flare,8667ce45-5e47-424b-ab48-f6ca50fa2bd1,817f1465-6f85-40e1-aa69-7b60fcc0545c,Dewott,106/086,illustration rare,,holo,23.09,13.53,1.7,,,,,
c38df164-ea0d-4e9e-bae6-4c3a517beb8f,White Flare,8e496a37-07a1-451f-8e05-558b4c9ce494,22a11220-1fff-403c-a852-51a383a2011d,Deerling,091/086,illustration rare,,holo,22.84,13.53,1.7,,,,,
c38df164-ea0d-4e9e-bae6-4c3a517beb8f,White Flare,8e496a37-07a1-451f-8e05-558b4c9ce494,22a11220-1fff-403c-a852-51a383a2011d,Deerling,091/086,illustration rare,,holo,22.84,13.53,1.7,,,,,
c38df164-ea0d-4e9e-bae6-4c3a517beb8f,White Flare,17674ce8-772b-42d2-a132-1d1325f5062e,755d09b7-dddc-4c9c-8a44-2e272f9d8011,Durant,070/086,uncommon,master ball,holo,21.41,13.53,1.6,,,,,
c38df164-ea0d-4e9e-bae6-4c3a517beb8f,White Flare,17674ce8-772b-42d2-a132-1d1325f5062e,755d09b7-dddc-4c9c-8a44-2e272f9d8011,Durant,070/086,uncommon,master ball,holo,21.41,13.53,1.6,,,,,
c38df164-ea0d-4e9e-bae6-4c3a517beb8f,White Flare,28381176-6847-429d-a84a-d6065c7fceb8,6e0095b3-5c6b-4090-bdcb-fc229bdc27bb,Purrloin,136/086,illustration rare,,holo,20.51,13.53,1.5,,,,,
c38df164-ea0d-4e9e-bae6-4c3a517beb8f,White Flare,28381176-6847-429d-a84a-d6065c7fceb8,6e0095b3-5c6b-4090-bdcb-fc229bdc27bb,Purrloin,136/086,illustration rare,,holo,20.51,13.53,1.5,,,,,
c38df164-ea0d-4e9e-bae6-4c3a517beb8f,White Flare,79a29090-06d1-4dd7-97db-021724158e78,a5a53ff5-88e2-48b9-994f-b3d59ac4c8d2,Galvantula,117/086,illustration rare,,holo,20.44,13.53,1.5,,,,,
c38df164-ea0d-4e9e-bae6-4c3a517beb8f,White Flare,79a29090-06d1-4dd7-97db-021724158e78,a5a53ff5-88e2-48b9-994f-b3d59ac4c8d2,Galvantula,117/086,illustration rare,,holo,20.44,13.53,1.5,,,,,
c38df164-ea0d-4e9e-bae6-4c3a517beb8f,White Flare,edacc9be-6009-40c4-bf62-bee58d19ba73,4fbc4e65-f74b-407c-bcbb-f89ecfa4583b,Garbodor,141/086,illustration rare,,holo,20.41,13.53,1.5,,,,,
c38df164-ea0d-4e9e-bae6-4c3a517beb8f,White Flare,edacc9be-6009-40c4-bf62-bee58d19ba73,4fbc4e65-f74b-407c-bcbb-f89ecfa4583b,Garbodor,141/086,illustration rare,,holo,20.41,13.53,1.5,,,,,
c38df164-ea0d-4e9e-bae6-4c3a517beb8f,White Flare,1d5f1827-8aae-4524-975f-2c0c5c5918d8,6d58b461-0259-49b5-b311-0354aa58008b,Swadloon,002/086,common,master ball,holo,20.26,13.53,1.5,,,,,
c38df164-ea0d-4e9e-bae6-4c3a517beb8f,White Flare,1d5f1827-8aae-4524-975f-2c0c5c5918d8,6d58b461-0259-49b5-b311-0354aa58008b,Swadloon,002/086,common,master ball,holo,20.26,13.53,1.5,,,,,
c38df164-ea0d-4e9e-bae6-4c3a517beb8f,White Flare,71581fcf-3903-4a11-be99-c51fba8fc01b,5c09fb28-8450-406b-ad36-4e81f0ab4fa7,Dewott,022/086,common,master ball,holo,19.14,13.53,1.4,,,,,
c38df164-ea0d-4e9e-bae6-4c3a517beb8f,White Flare,71581fcf-3903-4a11-be99-c51fba8fc01b,5c09fb28-8450-406b-ad36-4e81f0ab4fa7,Dewott,022/086,common,master ball,holo,19.14,13.53,1.4,,,,,
c38df164-ea0d-4e9e-bae6-4c3a517beb8f,White Flare,56a65913-ba25-4de8-aafa-ed5bb82ad2e0,39dac532-a6dc-44d2-b2d9-18cf2780a858,Zoroark,062/086,rare,master ball,holo,19.07,13.53,1.4,,,,,
c38df164-ea0d-4e9e-bae6-4c3a517beb8f,White Flare,56a65913-ba25-4de8-aafa-ed5bb82ad2e0,39dac532-a6dc-44d2-b2d9-18cf2780a858,Zoroark,062/086,rare,master ball,holo,19.07,13.53,1.4,,,,,
c38df164-ea0d-4e9e-bae6-4c3a517beb8f,White Flare,07908802-3e27-467d-8022-f7d1f9e02aff,f789a2c0-e9bc-4f00-ad98-6ede4b219292,Herdier,075/086,common,master ball,holo,18.85,13.53,1.4,,,,,
c38df164-ea0d-4e9e-bae6-4c3a517beb8f,White Flare,07908802-3e27-467d-8022-f7d1f9e02aff,f789a2c0-e9bc-4f00-ad98-6ede4b219292,Herdier,075/086,common,master ball,holo,18.85,13.53,1.4,,,,,
c38df164-ea0d-4e9e-bae6-4c3a517beb8f,White Flare,6f5697e7-c77b-4d0a-bd7a-104070948b4f,0aaf7455-5193-45d9-9e5e-a21d2f936e9b,Ferrothorn,149/086,illustration rare,,holo,18.80,13.53,1.4,,,,,
c38df164-ea0d-4e9e-bae6-4c3a517beb8f,White Flare,6f5697e7-c77b-4d0a-bd7a-104070948b4f,0aaf7455-5193-45d9-9e5e-a21d2f936e9b,Ferrothorn,149/086,illustration rare,,holo,18.80,13.53,1.4,,,,,
c38df164-ea0d-4e9e-bae6-4c3a517beb8f,White Flare,28da7ec7-472f-4b63-ac41-37c2c1b9b4d7,21901a53-8151-48f7-91b0-7b4dc15c4102,Sewaddle,087/086,illustration rare,,holo,18.77,13.53,1.4,,,,,
c38df164-ea0d-4e9e-bae6-4c3a517beb8f,White Flare,28da7ec7-472f-4b63-ac41-37c2c1b9b4d7,21901a53-8151-48f7-91b0-7b4dc15c4102,Sewaddle,087/086,illustration rare,,holo,18.77,13.53,1.4,,,,,
c38df164-ea0d-4e9e-bae6-4c3a517beb8f,White Flare,2d531156-1d12-4046-aafd-3c2b1e1243b1,cdaea09d-c908-4265-a5b9-221f5b67e6de,Gothorita,125/086,illustration rare,,holo,18.63,13.53,1.4,,,,,
c38df164-ea0d-4e9e-bae6-4c3a517beb8f,White Flare,2d531156-1d12-4046-aafd-3c2b1e1243b1,cdaea09d-c908-4265-a5b9-221f5b67e6de,Gothorita,125/086,illustration rare,,holo,18.63,13.53,1.4,,,,,
c38df164-ea0d-4e9e-bae6-4c3a517beb8f,White Flare,f36b7aa6-c207-4cb5-901b-fd3be44a9d3f,419d1375-8e5e-4309-9c3a-d5c3a85c7bc3,Bouffalant ex,170/086,special illustration rare,,holo,18.62,13.53,1.4,,,,,
c38df164-ea0d-4e9e-bae6-4c3a517beb8f,White Flare,f36b7aa6-c207-4cb5-901b-fd3be44a9d3f,419d1375-8e5e-4309-9c3a-d5c3a85c7bc3,Bouffalant ex,170/086,special illustration rare,,holo,18.62,13.53,1.4,,,,,
c38df164-ea0d-4e9e-bae6-4c3a517beb8f,White Flare,40e30f64-12fa-46e3-81f1-b8afa14853a0,aef0a52f-b1bf-49cd-bc3b-bc0cb232f056,Scraggy,138/086,illustration rare,,holo,18.40,13.53,1.4,,,,,
c38df164-ea0d-4e9e-bae6-4c3a517beb8f,White Flare,40e30f64-12fa-46e3-81f1-b8afa14853a0,aef0a52f-b1bf-49cd-bc3b-bc0cb232f056,Scraggy,138/086,illustration rare,,holo,18.40,13.53,1.4,,,,,
c38df164-ea0d-4e9e-bae6-4c3a517beb8f,White Flare,90976dc9-c430-45f9-8543-9961a583a037,6dff9f63-28ae-440d-867e-593436e5fb30,Deino,146/086,illustration rare,,holo,18.36,13.53,1.4,,,,,
c38df164-ea0d-4e9e-bae6-4c3a517beb8f,White Flare,90976dc9-c430-45f9-8543-9961a583a037,6dff9f63-28ae-440d-867e-593436e5fb30,Deino,146/086,illustration rare,,holo,18.36,13.53,1.4,,,,,
c38df164-ea0d-4e9e-bae6-4c3a517beb8f,White Flare,dcfe7783-eadf-442e-b83d-a0abfe9c11b2,6efa640b-fdab-4d34-892d-c046cfb8061e,Accelgor,094/086,illustration rare,,holo,18.29,13.53,1.4,,,,,
c38df164-ea0d-4e9e-bae6-4c3a517beb8f,White Flare,dcfe7783-eadf-442e-b83d-a0abfe9c11b2,6efa640b-fdab-4d34-892d-c046cfb8061e,Accelgor,094/086,illustration rare,,holo,18.29,13.53,1.4,,,,,
c38df164-ea0d-4e9e-bae6-4c3a517beb8f,White Flare,58212555-a5a9-4bdb-8bd4-00bff8607641,9929d72c-0b08-42fa-8f9c-c63c61f567a4,Lampent,102/086,illustration rare,,holo,18.10,13.53,1.3,,,,,
c38df164-ea0d-4e9e-bae6-4c3a517beb8f,White Flare,58212555-a5a9-4bdb-8bd4-00bff8607641,9929d72c-0b08-42fa-8f9c-c63c61f567a4,Lampent,102/086,illustration rare,,holo,18.10,13.53,1.3,,,,,
c38df164-ea0d-4e9e-bae6-4c3a517beb8f,White Flare,b90b84eb-7ed9-436c-b0b2-75b1e32e8db2,edd5272d-b32b-4dee-8b68-33712ce9080a,Gigalith,129/086,illustration rare,,holo,18.09,13.53,1.3,,,,,
c38df164-ea0d-4e9e-bae6-4c3a517beb8f,White Flare,b90b84eb-7ed9-436c-b0b2-75b1e32e8db2,edd5272d-b32b-4dee-8b68-33712ce9080a,Gigalith,129/086,illustration rare,,holo,18.09,13.53,1.3,,,,,
c38df164-ea0d-4e9e-bae6-4c3a517beb8f,White Flare,5f6332bf-87e1-4cdf-98d4-20fa475499d6,e0b374d0-52d2-4631-bc7a-0005d8292733,Herdier,155/086,illustration rare,,holo,17.81,13.53,1.3,,,,,
c38df164-ea0d-4e9e-bae6-4c3a517beb8f,White Flare,5f6332bf-87e1-4cdf-98d4-20fa475499d6,e0b374d0-52d2-4631-bc7a-0005d8292733,Herdier,155/086,illustration rare,,holo,17.81,13.53,1.3,,,,,
c38df164-ea0d-4e9e-bae6-4c3a517beb8f,White Flare,4b575fb7-8ffb-4fe1-8e8e-a51b4fb6c9ee,f13887fb-0058-47da-93a2-dbb60a850043,Lampent,017/086,common,master ball,holo,17.63,13.53,1.3,,,,,
c38df164-ea0d-4e9e-bae6-4c3a517beb8f,White Flare,4b575fb7-8ffb-4fe1-8e8e-a51b4fb6c9ee,f13887fb-0058-47da-93a2-dbb60a850043,Lampent,017/086,common,master ball,holo,17.63,13.53,1.3,,,,,
c38df164-ea0d-4e9e-bae6-4c3a517beb8f,White Flare,213362ae-6c1b-483b-93ef-c6467f270e86,720c16f5-5c19-43bc-a711-0ea9e8545aab,Trubbish,140/086,illustration rare,,holo,17.62,13.53,1.3,,,,,
c38df164-ea0d-4e9e-bae6-4c3a517beb8f,White Flare,213362ae-6c1b-483b-93ef-c6467f270e86,720c16f5-5c19-43bc-a711-0ea9e8545aab,Trubbish,140/086,illustration rare,,holo,17.62,13.53,1.3,,,,,
c38df164-ea0d-4e9e-bae6-4c3a517beb8f,White Flare,831dbed5-4a2e-41ae-8fd5-ec2c704f98cf,bb826b47-5402-4140-9557-a253946f9309,Accelgor,009/086,uncommon,master ball,holo,17.32,13.53,1.3,,,,,
c38df164-ea0d-4e9e-bae6-4c3a517beb8f,White Flare,831dbed5-4a2e-41ae-8fd5-ec2c704f98cf,bb826b47-5402-4140-9557-a253946f9309,Accelgor,009/086,uncommon,master ball,holo,17.32,13.53,1.3,,,,,
c38df164-ea0d-4e9e-bae6-4c3a517beb8f,White Flare,adec2586-af9e-42ae-9637-191b2d90bbb8,87e47bf0-6597-45ad-a28b-33b3b7ccb837,Swoobat,037/086,uncommon,master ball,holo,16.72,13.53,1.2,,,,,
c38df164-ea0d-4e9e-bae6-4c3a517beb8f,White Flare,adec2586-af9e-42ae-9637-191b2d90bbb8,87e47bf0-6597-45ad-a28b-33b3b7ccb837,Swoobat,037/086,uncommon,master ball,holo,16.72,13.53,1.2,,,,,
c38df164-ea0d-4e9e-bae6-4c3a517beb8f,White Flare,78a14b84-2c10-431c-b765-1c120b58ab5c,98b7d50b-d702-4ff4-a468-2b6a2bab52fd,Vanillite,111/086,illustration rare,,holo,16.56,13.53,1.2,,,,,
c38df164-ea0d-4e9e-bae6-4c3a517beb8f,White Flare,78a14b84-2c10-431c-b765-1c120b58ab5c,98b7d50b-d702-4ff4-a468-2b6a2bab52fd,Vanillite,111/086,illustration rare,,holo,16.56,13.53,1.2,,,,,
c38df164-ea0d-4e9e-bae6-4c3a517beb8f,White Flare,9d663307-ddb1-4794-a1f7-b3f98832b711,4f5e93dc-84dc-450d-baf3-5b42c6bc03ed,Simisear,100/086,illustration rare,,holo,16.31,13.53,1.2,,,,,
c38df164-ea0d-4e9e-bae6-4c3a517beb8f,White Flare,9d663307-ddb1-4794-a1f7-b3f98832b711,4f5e93dc-84dc-450d-baf3-5b42c6bc03ed,Simisear,100/086,illustration rare,,holo,16.31,13.53,1.2,,,,,
c38df164-ea0d-4e9e-bae6-4c3a517beb8f,White Flare,5e028109-e251-4b4d-996f-6a525d288348,7db907e7-4fa5-4f17-8bfe-61db5539d4a3,Stunfisk,035/086,uncommon,master ball,holo,15.98,13.53,1.2,,,,,
c38df164-ea0d-4e9e-bae6-4c3a517beb8f,White Flare,5e028109-e251-4b4d-996f-6a525d288348,7db907e7-4fa5-4f17-8bfe-61db5539d4a3,Stunfisk,035/086,uncommon,master ball,holo,15.98,13.53,1.2,,,,,
c38df164-ea0d-4e9e-bae6-4c3a517beb8f,White Flare,26740814-015f-4a3b-aac4-8b3db069dd53,36a5856f-5bef-48b1-bb3c-ed89a4644db3,Boldore,047/086,common,master ball,holo,15.73,13.53,1.2,,,,,
c38df164-ea0d-4e9e-bae6-4c3a517beb8f,White Flare,26740814-015f-4a3b-aac4-8b3db069dd53,36a5856f-5bef-48b1-bb3c-ed89a4644db3,Boldore,047/086,common,master ball,holo,15.73,13.53,1.2,,,,,
c38df164-ea0d-4e9e-bae6-4c3a517beb8f,White Flare,f638bef8-045d-4d75-b3aa-16030157f587,d09d0a37-856a-4b17-b9ba-2992a36c766c,Archen,050/086,uncommon,master ball,holo,15.52,13.53,1.1,,,,,
c38df164-ea0d-4e9e-bae6-4c3a517beb8f,White Flare,f638bef8-045d-4d75-b3aa-16030157f587,d09d0a37-856a-4b17-b9ba-2992a36c766c,Archen,050/086,uncommon,master ball,holo,15.52,13.53,1.1,,,,,
c38df164-ea0d-4e9e-bae6-4c3a517beb8f,White Flare,52cb2e45-8cb9-45b6-8101-e34c7ea7de93,fe1c0736-bae1-45aa-a494-aa789ac6c223,Woobat,119/086,illustration rare,,holo,15.39,13.53,1.1,,,,,
c38df164-ea0d-4e9e-bae6-4c3a517beb8f,White Flare,52cb2e45-8cb9-45b6-8101-e34c7ea7de93,fe1c0736-bae1-45aa-a494-aa789ac6c223,Woobat,119/086,illustration rare,,holo,15.39,13.53,1.1,,,,,
c38df164-ea0d-4e9e-bae6-4c3a517beb8f,White Flare,9ca05d30-2029-406c-9328-5313c6b6d7ee,9de6a15f-187e-4a93-8f6c-2cee53de7de9,Swoobat,120/086,illustration rare,,holo,15.38,13.53,1.1,,,,,
c38df164-ea0d-4e9e-bae6-4c3a517beb8f,White Flare,9ca05d30-2029-406c-9328-5313c6b6d7ee,9de6a15f-187e-4a93-8f6c-2cee53de7de9,Swoobat,120/086,illustration rare,,holo,15.38,13.53,1.1,,,,,
c38df164-ea0d-4e9e-bae6-4c3a517beb8f,White Flare,8e2cce6c-e52b-4eb0-832e-3692839b0545,bd822902-92be-4f20-a510-e3730b7134d6,Leavanny,003/086,uncommon,master ball,holo,15.37,13.53,1.1,,,,,
c38df164-ea0d-4e9e-bae6-4c3a517beb8f,White Flare,8e2cce6c-e52b-4eb0-832e-3692839b0545,bd822902-92be-4f20-a510-e3730b7134d6,Leavanny,003/086,uncommon,master ball,holo,15.37,13.53,1.1,,,,,
c38df164-ea0d-4e9e-bae6-4c3a517beb8f,White Flare,fb032d97-6385-4813-b8c6-b79e276a0f08,e9d46b15-21b5-4ef9-8216-05ddc181c560,Sawk,049/086,uncommon,master ball,holo,15.09,13.53,1.1,,,,,
c38df164-ea0d-4e9e-bae6-4c3a517beb8f,White Flare,fb032d97-6385-4813-b8c6-b79e276a0f08,e9d46b15-21b5-4ef9-8216-05ddc181c560,Sawk,049/086,uncommon,master ball,holo,15.09,13.53,1.1,,,,,
c38df164-ea0d-4e9e-bae6-4c3a517beb8f,White Flare,8655940f-41d5-4344-b100-b0e42780c572,d4a8fc77-4a2d-450e-b9f8-e477b8412bdf,Swanna,110/086,illustration rare,,holo,15.00,13.53,1.1,,,,,
c38df164-ea0d-4e9e-bae6-4c3a517beb8f,White Flare,8655940f-41d5-4344-b100-b0e42780c572,d4a8fc77-4a2d-450e-b9f8-e477b8412bdf,Swanna,110/086,illustration rare,,holo,15.00,13.53,1.1,,,,,
c38df164-ea0d-4e9e-bae6-4c3a517beb8f,White Flare,d2f49315-e1d8-4252-9663-17459406e048,f235d805-7827-4c59-8fc7-a909ae36efa3,Chandelure,018/086,rare,master ball,holo,14.67,13.53,1.1,,,,,
c38df164-ea0d-4e9e-bae6-4c3a517beb8f,White Flare,d2f49315-e1d8-4252-9663-17459406e048,f235d805-7827-4c59-8fc7-a909ae36efa3,Chandelure,018/086,rare,master ball,holo,14.67,13.53,1.1,,,,,
c38df164-ea0d-4e9e-bae6-4c3a517beb8f,White Flare,799258c6-7852-45e8-98f8-c04f3df5c24b,646a8fe4-fa6f-49c1-9fdc-f8ce6b37f679,Vanillish,112/086,illustration rare,,holo,14.56,13.53,1.1,,,,,
c38df164-ea0d-4e9e-bae6-4c3a517beb8f,White Flare,799258c6-7852-45e8-98f8-c04f3df5c24b,646a8fe4-fa6f-49c1-9fdc-f8ce6b37f679,Vanillish,112/086,illustration rare,,holo,14.56,13.53,1.1,,,,,
c38df164-ea0d-4e9e-bae6-4c3a517beb8f,White Flare,e22beae4-fdbe-416a-943f-9f41e61ed4b7,ac8a5452-5a58-4aff-bb8b-a00ff13aa01b,Stoutland,076/086,uncommon,master ball,holo,14.34,13.53,1.1,,,,,
c38df164-ea0d-4e9e-bae6-4c3a517beb8f,White Flare,e22beae4-fdbe-416a-943f-9f41e61ed4b7,ac8a5452-5a58-4aff-bb8b-a00ff13aa01b,Stoutland,076/086,uncommon,master ball,holo,14.34,13.53,1.1,,,,,
c38df164-ea0d-4e9e-bae6-4c3a517beb8f,White Flare,e0cdf3d2-1d07-4d7d-8ad4-ef04eecf3e7e,96a60c8f-a933-417e-be0a-e0b60db3f3ab,Pignite,097/086,illustration rare,,holo,14.23,13.53,1.1,,,,,
c38df164-ea0d-4e9e-bae6-4c3a517beb8f,White Flare,e0cdf3d2-1d07-4d7d-8ad4-ef04eecf3e7e,96a60c8f-a933-417e-be0a-e0b60db3f3ab,Pignite,097/086,illustration rare,,holo,14.23,13.53,1.1,,,,,
c38df164-ea0d-4e9e-bae6-4c3a517beb8f,White Flare,c1da5097-e1d7-4291-b2cb-0377181a3f80,c2263945-04f8-4261-ad84-331c493a6462,Vanilluxe,029/086,uncommon,master ball,holo,14.12,13.53,1.0,,,,,
c38df164-ea0d-4e9e-bae6-4c3a517beb8f,White Flare,c1da5097-e1d7-4291-b2cb-0377181a3f80,c2263945-04f8-4261-ad84-331c493a6462,Vanilluxe,029/086,uncommon,master ball,holo,14.12,13.53,1.0,,,,,
c38df164-ea0d-4e9e-bae6-4c3a517beb8f,White Flare,724e68aa-8c76-4987-9dc6-6c6fcb2a05e7,a5f23f7e-f93a-49e7-a19b-5514f6c8c307,Frillish,126/086,illustration rare,,holo,13.86,13.53,1.0,,,,,
c38df164-ea0d-4e9e-bae6-4c3a517beb8f,White Flare,724e68aa-8c76-4987-9dc6-6c6fcb2a05e7,a5f23f7e-f93a-49e7-a19b-5514f6c8c307,Frillish,126/086,illustration rare,,holo,13.86,13.53,1.0,,,,,
c38df164-ea0d-4e9e-bae6-4c3a517beb8f,White Flare,86425f27-aff8-4399-abe4-fac2d31e5362,5851cd5b-042b-4add-bf1c-82408722b460,Mienfoo,133/086,illustration rare,,holo,13.81,13.53,1.0,,,,,
c38df164-ea0d-4e9e-bae6-4c3a517beb8f,White Flare,86425f27-aff8-4399-abe4-fac2d31e5362,5851cd5b-042b-4add-bf1c-82408722b460,Mienfoo,133/086,illustration rare,,holo,13.81,13.53,1.0,,,,,
c38df164-ea0d-4e9e-bae6-4c3a517beb8f,White Flare,81760318-a758-4301-ac52-1c3b19155910,6573422a-7f01-482a-a0d9-fa0027ccda0d,Gothorita,042/086,common,master ball,holo,13.79,13.53,1.0,,,,,
c38df164-ea0d-4e9e-bae6-4c3a517beb8f,White Flare,81760318-a758-4301-ac52-1c3b19155910,6573422a-7f01-482a-a0d9-fa0027ccda0d,Gothorita,042/086,common,master ball,holo,13.79,13.53,1.0,,,,,
c38df164-ea0d-4e9e-bae6-4c3a517beb8f,White Flare,f17e32b0-9827-4abe-9fff-6a96465c0bdd,b70cd4ec-81c4-4e81-a677-901a43af62d9,Archeops,132/086,illustration rare,,holo,13.68,13.53,1.0,,,,,
c38df164-ea0d-4e9e-bae6-4c3a517beb8f,White Flare,f17e32b0-9827-4abe-9fff-6a96465c0bdd,b70cd4ec-81c4-4e81-a677-901a43af62d9,Archeops,132/086,illustration rare,,holo,13.68,13.53,1.0,,,,,
c38df164-ea0d-4e9e-bae6-4c3a517beb8f,White Flare,f8d252b1-5a1a-49f4-8d54-0a42f4601a4e,8af678f4-09f0-486c-9617-b56896ebeea0,Zweilous,147/086,illustration rare,,holo,13.56,13.53,1.0,,,,,
c38df164-ea0d-4e9e-bae6-4c3a517beb8f,White Flare,f8d252b1-5a1a-49f4-8d54-0a42f4601a4e,8af678f4-09f0-486c-9617-b56896ebeea0,Zweilous,147/086,illustration rare,,holo,13.56,13.53,1.0,,,,,
c38df164-ea0d-4e9e-bae6-4c3a517beb8f,White Flare,2a37d2c4-f5cf-4ced-803f-367b5154dd31,9672c0de-9961-427a-9892-1417a3acbcae,Liepard,056/086,uncommon,master ball,holo,13.30,13.53,1.0,,,,,
c38df164-ea0d-4e9e-bae6-4c3a517beb8f,White Flare,2a37d2c4-f5cf-4ced-803f-367b5154dd31,9672c0de-9961-427a-9892-1417a3acbcae,Liepard,056/086,uncommon,master ball,holo,13.30,13.53,1.0,,,,,
c38df164-ea0d-4e9e-bae6-4c3a517beb8f,White Flare,38b69754-2c8d-4198-9d7f-8a87088af6ca,cece842a-f6bf-4a24-bfab-019c197e5120,Gothitelle,043/086,rare,master ball,holo,13.29,13.53,1.0,,,,,
c38df164-ea0d-4e9e-bae6-4c3a517beb8f,White Flare,38b69754-2c8d-4198-9d7f-8a87088af6ca,cece842a-f6bf-4a24-bfab-019c197e5120,Gothitelle,043/086,rare,master ball,holo,13.29,13.53,1.0,,,,,
c38df164-ea0d-4e9e-bae6-4c3a517beb8f,White Flare,a61ae486-1ccb-493d-a1e7-6cb8ca912bf0,75603da7-2e98-4dc1-826b-da25fea086ac,Pansear,099/086,illustration rare,,holo,13.22,13.53,1.0,,,,,
c38df164-ea0d-4e9e-bae6-4c3a517beb8f,White Flare,a61ae486-1ccb-493d-a1e7-6cb8ca912bf0,75603da7-2e98-4dc1-826b-da25fea086ac,Pansear,099/086,illustration rare,,holo,13.22,13.53,1.0,,,,,
c38df164-ea0d-4e9e-bae6-4c3a517beb8f,White Flare,ebc55a04-fa33-47a3-9224-eb7e8aee8124,08854681-98f1-4c2e-8e79-42860bd6f937,Mandibuzz,064/086,uncommon,master ball,holo,13.16,13.53,1.0,,,,,
c38df164-ea0d-4e9e-bae6-4c3a517beb8f,White Flare,ebc55a04-fa33-47a3-9224-eb7e8aee8124,08854681-98f1-4c2e-8e79-42860bd6f937,Mandibuzz,064/086,uncommon,master ball,holo,13.16,13.53,1.0,,,,,
c38df164-ea0d-4e9e-bae6-4c3a517beb8f,White Flare,52495e82-375a-4749-89d5-9306d9b86b1c,2feeb5b1-63a9-47bd-adbf-785e1a79337a,Simisear,015/086,uncommon,master ball,holo,13.14,13.53,1.0,,,,,
c38df164-ea0d-4e9e-bae6-4c3a517beb8f,White Flare,52495e82-375a-4749-89d5-9306d9b86b1c,2feeb5b1-63a9-47bd-adbf-785e1a79337a,Simisear,015/086,uncommon,master ball,holo,13.14,13.53,1.0,,,,,
c38df164-ea0d-4e9e-bae6-4c3a517beb8f,White Flare,5cf24684-cf81-4333-ad07-47a398864554,34d5e421-a675-4a13-9ce6-d4209d8d77f0,Sawk,130/086,illustration rare,,holo,12.88,13.53,1.0,,,,,
c38df164-ea0d-4e9e-bae6-4c3a517beb8f,White Flare,5cf24684-cf81-4333-ad07-47a398864554,34d5e421-a675-4a13-9ce6-d4209d8d77f0,Sawk,130/086,illustration rare,,holo,12.88,13.53,1.0,,,,,
c38df164-ea0d-4e9e-bae6-4c3a517beb8f,White Flare,616e4aeb-0058-488d-b436-5e8195d101ae,2818dd38-3ecb-4920-a403-af91386fc422,Pignite,012/086,common,master ball,holo,12.46,13.53,0.9,,,,,
c38df164-ea0d-4e9e-bae6-4c3a517beb8f,White Flare,616e4aeb-0058-488d-b436-5e8195d101ae,2818dd38-3ecb-4920-a403-af91386fc422,Pignite,012/086,common,master ball,holo,12.46,13.53,0.9,,,,,
c38df164-ea0d-4e9e-bae6-4c3a517beb8f,White Flare,c24df676-d429-447e-96ee-89e26663a053,64c14d8c-139e-4461-90a7-12f22a0982fb,Sigilyph,121/086,illustration rare,,holo,12.42,13.53,0.9,,,,,
c38df164-ea0d-4e9e-bae6-4c3a517beb8f,White Flare,c24df676-d429-447e-96ee-89e26663a053,64c14d8c-139e-4461-90a7-12f22a0982fb,Sigilyph,121/086,illustration rare,,holo,12.42,13.53,0.9,,,,,
c38df164-ea0d-4e9e-bae6-4c3a517beb8f,White Flare,b9ad93d2-c931-49b5-a1a0-28d2628a918a,2050ec81-cb15-4d00-b043-269304ea7f53,Durant,150/086,illustration rare,,holo,12.38,13.53,0.9,,,,,
c38df164-ea0d-4e9e-bae6-4c3a517beb8f,White Flare,b9ad93d2-c931-49b5-a1a0-28d2628a918a,2050ec81-cb15-4d00-b043-269304ea7f53,Durant,150/086,illustration rare,,holo,12.38,13.53,0.9,,,,,
c38df164-ea0d-4e9e-bae6-4c3a517beb8f,White Flare,e5d4c583-6995-4333-bd1b-c4777a5e25f4,f61d58c0-0bdc-4556-8ac3-8da461fb6d67,Virizion,010/086,rare,master ball,holo,12.23,13.53,0.9,,,,,
c38df164-ea0d-4e9e-bae6-4c3a517beb8f,White Flare,e5d4c583-6995-4333-bd1b-c4777a5e25f4,f61d58c0-0bdc-4556-8ac3-8da461fb6d67,Virizion,010/086,rare,master ball,holo,12.23,13.53,0.9,,,,,
c38df164-ea0d-4e9e-bae6-4c3a517beb8f,White Flare,7b0217e8-8bfa-4c19-89b6-f745f5b7b204,5904c5a5-5a74-4591-8d46-f7cbe7a4b4af,Sawsbuck,007/086,uncommon,master ball,holo,12.19,13.53,0.9,,,,,
c38df164-ea0d-4e9e-bae6-4c3a517beb8f,White Flare,7b0217e8-8bfa-4c19-89b6-f745f5b7b204,5904c5a5-5a74-4591-8d46-f7cbe7a4b4af,Sawsbuck,007/086,uncommon,master ball,holo,12.19,13.53,0.9,,,,,
c38df164-ea0d-4e9e-bae6-4c3a517beb8f,White Flare,a49153a7-2256-4432-bbe0-dfe124c9da62,b1bb87a3-ec74-4139-923f-fe68956b2d0b,Scrafty,058/086,uncommon,master ball,holo,12.04,13.53,0.9,,,,,
c38df164-ea0d-4e9e-bae6-4c3a517beb8f,White Flare,a49153a7-2256-4432-bbe0-dfe124c9da62,b1bb87a3-ec74-4139-923f-fe68956b2d0b,Scrafty,058/086,uncommon,master ball,holo,12.04,13.53,0.9,,,,,
c38df164-ea0d-4e9e-bae6-4c3a517beb8f,White Flare,b55c9d32-892a-436b-b3bf-ca2dcf461cf5,0839259d-ceaa-441d-88d9-02d3a7f3dbc7,Zebstrika,032/086,uncommon,master ball,holo,11.91,13.53,0.9,,,,,
c38df164-ea0d-4e9e-bae6-4c3a517beb8f,White Flare,b55c9d32-892a-436b-b3bf-ca2dcf461cf5,0839259d-ceaa-441d-88d9-02d3a7f3dbc7,Zebstrika,032/086,uncommon,master ball,holo,11.91,13.53,0.9,,,,,
c38df164-ea0d-4e9e-bae6-4c3a517beb8f,White Flare,61840cb6-37bf-4e4f-aa57-bc4968f0e0bf,06ef0f95-5a79-435b-852a-dc5868df31d4,Oshawott,021/086,common,master ball,holo,11.89,13.53,0.9,,,,,
c38df164-ea0d-4e9e-bae6-4c3a517beb8f,White Flare,61840cb6-37bf-4e4f-aa57-bc4968f0e0bf,06ef0f95-5a79-435b-852a-dc5868df31d4,Oshawott,021/086,common,master ball,holo,11.89,13.53,0.9,,,,,
c38df164-ea0d-4e9e-bae6-4c3a517beb8f,White Flare,f44f1fb9-cb11-4113-8f75-b7f93e81504c,c2f03e5b-2f8e-472c-86b6-63dec1adc41d,Heatmor,019/086,uncommon,master ball,holo,11.77,13.53,0.9,,,,,
c38df164-ea0d-4e9e-bae6-4c3a517beb8f,White Flare,f44f1fb9-cb11-4113-8f75-b7f93e81504c,c2f03e5b-2f8e-472c-86b6-63dec1adc41d,Heatmor,019/086,uncommon,master ball,holo,11.77,13.53,0.9,,,,,
c38df164-ea0d-4e9e-bae6-4c3a517beb8f,White Flare,855ab26e-95cf-4708-94a5-8f4e3109ef93,35024c0b-01ee-47a6-ac6d-0daf274d26d6,Archen,131/086,illustration rare,,holo,11.60,13.53,0.9,,,,,
c38df164-ea0d-4e9e-bae6-4c3a517beb8f,White Flare,855ab26e-95cf-4708-94a5-8f4e3109ef93,35024c0b-01ee-47a6-ac6d-0daf274d26d6,Archen,131/086,illustration rare,,holo,11.60,13.53,0.9,,,,,
c38df164-ea0d-4e9e-bae6-4c3a517beb8f,White Flare,9202765f-a892-489e-9b34-2815c670c6e6,0a873e8e-df28-4f65-8af9-54bd5a055c07,Cofagrigus,040/086,rare,master ball,holo,11.53,13.53,0.9,,,,,
c38df164-ea0d-4e9e-bae6-4c3a517beb8f,White Flare,9202765f-a892-489e-9b34-2815c670c6e6,0a873e8e-df28-4f65-8af9-54bd5a055c07,Cofagrigus,040/086,rare,master ball,holo,11.53,13.53,0.9,,,,,
c38df164-ea0d-4e9e-bae6-4c3a517beb8f,White Flare,2baced2f-fe40-492b-8d00-23fbc533ac63,12eb9045-d955-4a81-9620-95ff4861263a,Druddigon,071/086,uncommon,master ball,holo,11.51,13.53,0.9,,,,,
c38df164-ea0d-4e9e-bae6-4c3a517beb8f,White Flare,2baced2f-fe40-492b-8d00-23fbc533ac63,12eb9045-d955-4a81-9620-95ff4861263a,Druddigon,071/086,uncommon,master ball,holo,11.51,13.53,0.9,,,,,
c38df164-ea0d-4e9e-bae6-4c3a517beb8f,White Flare,ef9f99e4-781b-4e61-9937-70ce145d3dc6,3d7d0a1f-e05d-467b-a108-e7022e42e7b2,Mienshao,053/086,uncommon,master ball,holo,11.39,13.53,0.8,,,,,
c38df164-ea0d-4e9e-bae6-4c3a517beb8f,White Flare,ef9f99e4-781b-4e61-9937-70ce145d3dc6,3d7d0a1f-e05d-467b-a108-e7022e42e7b2,Mienshao,053/086,uncommon,master ball,holo,11.39,13.53,0.8,,,,,
c38df164-ea0d-4e9e-bae6-4c3a517beb8f,White Flare,0e3d2e01-8ca2-4e62-92ce-4adbbc506f76,b83533b4-6c6e-41ed-8244-e0dfa53695ff,Blitzle,114/086,illustration rare,,holo,11.29,13.53,0.8,,,,,
c38df164-ea0d-4e9e-bae6-4c3a517beb8f,White Flare,0e3d2e01-8ca2-4e62-92ce-4adbbc506f76,b83533b4-6c6e-41ed-8244-e0dfa53695ff,Blitzle,114/086,illustration rare,,holo,11.29,13.53,0.8,,,,,
c38df164-ea0d-4e9e-bae6-4c3a517beb8f,White Flare,2c097424-25ad-4e89-8617-dac2fe925844,62a0891a-8af6-4e98-9db1-e50fb1498bc2,Swadloon,088/086,illustration rare,,holo,11.27,13.53,0.8,,,,,
c38df164-ea0d-4e9e-bae6-4c3a517beb8f,White Flare,2c097424-25ad-4e89-8617-dac2fe925844,62a0891a-8af6-4e98-9db1-e50fb1498bc2,Swadloon,088/086,illustration rare,,holo,11.27,13.53,0.8,,,,,
c38df164-ea0d-4e9e-bae6-4c3a517beb8f,White Flare,a08b070e-f373-446a-b227-ec24cabde322,b0123c3e-7e65-4d94-9f28-0dea1058b704,Archeops,051/086,rare,master ball,holo,11.19,13.53,0.8,,,,,
c38df164-ea0d-4e9e-bae6-4c3a517beb8f,White Flare,a08b070e-f373-446a-b227-ec24cabde322,b0123c3e-7e65-4d94-9f28-0dea1058b704,Archeops,051/086,rare,master ball,holo,11.19,13.53,0.8,,,,,
c38df164-ea0d-4e9e-bae6-4c3a517beb8f,White Flare,0cd7dbc2-c4e9-4699-b517-dc4e658e7bc1,2723b553-d67f-4ad4-88a8-c42de8283586,Yamask,122/086,illustration rare,,holo,11.09,13.53,0.8,,,,,
c38df164-ea0d-4e9e-bae6-4c3a517beb8f,White Flare,0cd7dbc2-c4e9-4699-b517-dc4e658e7bc1,2723b553-d67f-4ad4-88a8-c42de8283586,Yamask,122/086,illustration rare,,holo,11.09,13.53,0.8,,,,,
c38df164-ea0d-4e9e-bae6-4c3a517beb8f,White Flare,27e37a1e-3510-4774-a9fd-0e56fb0fd259,09826328-ae23-45d1-afb0-6e89d8380e7f,Garbodor,060/086,uncommon,master ball,holo,11.06,13.53,0.8,,,,,
c38df164-ea0d-4e9e-bae6-4c3a517beb8f,White Flare,27e37a1e-3510-4774-a9fd-0e56fb0fd259,09826328-ae23-45d1-afb0-6e89d8380e7f,Garbodor,060/086,uncommon,master ball,holo,11.06,13.53,0.8,,,,,
c38df164-ea0d-4e9e-bae6-4c3a517beb8f,White Flare,0672481c-89b6-4db0-9c00-0d011f6e6843,97c6f2e5-18aa-476b-93da-c4057c5b9abb,Zweilous,066/086,common,master ball,holo,10.85,13.53,0.8,,,,,
c38df164-ea0d-4e9e-bae6-4c3a517beb8f,White Flare,0672481c-89b6-4db0-9c00-0d011f6e6843,97c6f2e5-18aa-476b-93da-c4057c5b9abb,Zweilous,066/086,common,master ball,holo,10.85,13.53,0.8,,,,,
c38df164-ea0d-4e9e-bae6-4c3a517beb8f,White Flare,9d362607-d6f0-4802-8bec-96bcd7c0e382,0177b7fc-6628-4ef1-906c-9217899c1877,Samurott,023/086,rare,master ball,holo,10.79,13.53,0.8,,,,,
c38df164-ea0d-4e9e-bae6-4c3a517beb8f,White Flare,9d362607-d6f0-4802-8bec-96bcd7c0e382,0177b7fc-6628-4ef1-906c-9217899c1877,Samurott,023/086,rare,master ball,holo,10.79,13.53,0.8,,,,,
c38df164-ea0d-4e9e-bae6-4c3a517beb8f,White Flare,a4af6c78-0865-4ff0-a0ac-956256ec4209,f97ce099-32a1-445d-b2b7-f801d4773ff8,Patrat,152/086,illustration rare,,holo,10.73,13.53,0.8,,,,,
c38df164-ea0d-4e9e-bae6-4c3a517beb8f,White Flare,a4af6c78-0865-4ff0-a0ac-956256ec4209,f97ce099-32a1-445d-b2b7-f801d4773ff8,Patrat,152/086,illustration rare,,holo,10.73,13.53,0.8,,,,,
c38df164-ea0d-4e9e-bae6-4c3a517beb8f,White Flare,8516d170-7ab7-4461-8ced-601c29a9a895,ebf0fc52-88a6-4d08-89e3-5c7424dd96c6,Cottonee,090/086,illustration rare,,holo,10.61,13.53,0.8,,,,,
c38df164-ea0d-4e9e-bae6-4c3a517beb8f,White Flare,8516d170-7ab7-4461-8ced-601c29a9a895,ebf0fc52-88a6-4d08-89e3-5c7424dd96c6,Cottonee,090/086,illustration rare,,holo,10.61,13.53,0.8,,,,,
c38df164-ea0d-4e9e-bae6-4c3a517beb8f,White Flare,ea78e346-153a-423c-92e6-4e88a30c9e52,b7560fd5-b928-43ee-a2c6-0798572f02b3,Roggenrola,127/086,illustration rare,,holo,10.41,13.53,0.8,,,,,
c38df164-ea0d-4e9e-bae6-4c3a517beb8f,White Flare,ea78e346-153a-423c-92e6-4e88a30c9e52,b7560fd5-b928-43ee-a2c6-0798572f02b3,Roggenrola,127/086,illustration rare,,holo,10.41,13.53,0.8,,,,,
c38df164-ea0d-4e9e-bae6-4c3a517beb8f,White Flare,82f89009-fd86-494a-88a1-390f5f6f665d,9e5be135-fdd0-4821-aecf-7a1d592e07a0,Ferrothorn,069/086,uncommon,master ball,holo,10.35,13.53,0.8,,,,,
c38df164-ea0d-4e9e-bae6-4c3a517beb8f,White Flare,82f89009-fd86-494a-88a1-390f5f6f665d,9e5be135-fdd0-4821-aecf-7a1d592e07a0,Ferrothorn,069/086,uncommon,master ball,holo,10.35,13.53,0.8,,,,,
c38df164-ea0d-4e9e-bae6-4c3a517beb8f,White Flare,4ea0cd25-fc35-47e1-882d-4564b2d0f596,f87131bf-d746-4d51-8261-68d2ba3a6299,Tornadus,078/086,rare,master ball,holo,10.33,13.53,0.8,,,,,
c38df164-ea0d-4e9e-bae6-4c3a517beb8f,White Flare,4ea0cd25-fc35-47e1-882d-4564b2d0f596,f87131bf-d746-4d51-8261-68d2ba3a6299,Tornadus,078/086,rare,master ball,holo,10.33,13.53,0.8,,,,,
c38df164-ea0d-4e9e-bae6-4c3a517beb8f,White Flare,8e29bfbc-f324-4ac3-b0e4-eb91320dab9c,f2fdba8f-66f5-4f1e-9365-171ec0dee804,Hilda,164/086,ultra rare,,holo,10.23,13.53,0.8,,,,,
c38df164-ea0d-4e9e-bae6-4c3a517beb8f,White Flare,8e29bfbc-f324-4ac3-b0e4-eb91320dab9c,f2fdba8f-66f5-4f1e-9365-171ec0dee804,Hilda,164/086,ultra rare,,holo,10.23,13.53,0.8,,,,,
c38df164-ea0d-4e9e-bae6-4c3a517beb8f,White Flare,10036478-4937-453f-af56-8682795aca31,b2888dc2-b62c-4b1a-a595-c7db14985c17,Mandibuzz,145/086,illustration rare,,holo,10.19,13.53,0.8,,,,,
c38df164-ea0d-4e9e-bae6-4c3a517beb8f,White Flare,10036478-4937-453f-af56-8682795aca31,b2888dc2-b62c-4b1a-a595-c7db14985c17,Mandibuzz,145/086,illustration rare,,holo,10.19,13.53,0.8,,,,,
c38df164-ea0d-4e9e-bae6-4c3a517beb8f,White Flare,4c6c9d41-8455-4705-a66e-3d1f050bdc52,9d551822-0c44-4702-bc8a-9c4cb5717762,Gigalith,048/086,uncommon,master ball,holo,10.13,13.53,0.7,,,,,
c38df164-ea0d-4e9e-bae6-4c3a517beb8f,White Flare,4c6c9d41-8455-4705-a66e-3d1f050bdc52,9d551822-0c44-4702-bc8a-9c4cb5717762,Gigalith,048/086,uncommon,master ball,holo,10.13,13.53,0.7,,,,,
c38df164-ea0d-4e9e-bae6-4c3a517beb8f,White Flare,4fa4a97a-2b16-4a5a-ba3f-a312ab2e0366,0470d57c-aca7-45cd-b0e1-434c21018829,Vullaby,144/086,illustration rare,,holo,9.90,13.53,0.7,,,,,
c38df164-ea0d-4e9e-bae6-4c3a517beb8f,White Flare,4fa4a97a-2b16-4a5a-ba3f-a312ab2e0366,0470d57c-aca7-45cd-b0e1-434c21018829,Vullaby,144/086,illustration rare,,holo,9.90,13.53,0.7,,,,,
c38df164-ea0d-4e9e-bae6-4c3a517beb8f,White Flare,40957b99-057a-43f6-ba91-560ad50933ac,3678bc77-5575-4393-be85-f7dfbd279685,Vanillish,028/086,common,master ball,holo,9.79,13.53,0.7,,,,,
c38df164-ea0d-4e9e-bae6-4c3a517beb8f,White Flare,40957b99-057a-43f6-ba91-560ad50933ac,3678bc77-5575-4393-be85-f7dfbd279685,Vanillish,028/086,common,master ball,holo,9.79,13.53,0.7,,,,,
c38df164-ea0d-4e9e-bae6-4c3a517beb8f,White Flare,2438973c-b6ac-40d5-ba59-96704896f30b,a94b405d-d2e1-486c-9d3a-2d766c56dc6c,Watchog,153/086,illustration rare,,holo,9.79,13.53,0.7,,,,,
c38df164-ea0d-4e9e-bae6-4c3a517beb8f,White Flare,2438973c-b6ac-40d5-ba59-96704896f30b,a94b405d-d2e1-486c-9d3a-2d766c56dc6c,Watchog,153/086,illustration rare,,holo,9.79,13.53,0.7,,,,,
c38df164-ea0d-4e9e-bae6-4c3a517beb8f,White Flare,13369f0d-8b12-41d0-99f0-9c3e213b13d6,2467cfd4-be9e-4154-bd8c-cd6fd6f9cf4d,Mienshao,134/086,illustration rare,,holo,9.54,13.53,0.7,,,,,
c38df164-ea0d-4e9e-bae6-4c3a517beb8f,White Flare,13369f0d-8b12-41d0-99f0-9c3e213b13d6,2467cfd4-be9e-4154-bd8c-cd6fd6f9cf4d,Mienshao,134/086,illustration rare,,holo,9.54,13.53,0.7,,,,,
c38df164-ea0d-4e9e-bae6-4c3a517beb8f,White Flare,41ca2daa-bac9-4195-bd1d-dd381ce8f598,b5c239e9-6b88-423a-9bc7-5c8b135be86d,Sigilyph,038/086,uncommon,master ball,holo,9.50,13.53,0.7,,,,,
c38df164-ea0d-4e9e-bae6-4c3a517beb8f,White Flare,41ca2daa-bac9-4195-bd1d-dd381ce8f598,b5c239e9-6b88-423a-9bc7-5c8b135be86d,Sigilyph,038/086,uncommon,master ball,holo,9.50,13.53,0.7,,,,,
c38df164-ea0d-4e9e-bae6-4c3a517beb8f,White Flare,3b4a8abf-fb46-4ce8-8769-6ceae60a5471,17f12513-c8bd-4feb-be19-d1733f698bc1,Galvantula,034/086,uncommon,master ball,holo,9.39,13.53,0.7,,,,,
c38df164-ea0d-4e9e-bae6-4c3a517beb8f,White Flare,3b4a8abf-fb46-4ce8-8769-6ceae60a5471,17f12513-c8bd-4feb-be19-d1733f698bc1,Galvantula,034/086,uncommon,master ball,holo,9.39,13.53,0.7,,,,,
c38df164-ea0d-4e9e-bae6-4c3a517beb8f,White Flare,b5f79f2c-f9aa-4a40-8e91-009d0de15a34,f62d9942-536f-4437-871b-f1d85b5e980c,Watchog,073/086,uncommon,master ball,holo,9.34,13.53,0.7,,,,,
c38df164-ea0d-4e9e-bae6-4c3a517beb8f,White Flare,b5f79f2c-f9aa-4a40-8e91-009d0de15a34,f62d9942-536f-4437-871b-f1d85b5e980c,Watchog,073/086,uncommon,master ball,holo,9.34,13.53,0.7,,,,,
c38df164-ea0d-4e9e-bae6-4c3a517beb8f,White Flare,79d6222b-4c88-46f4-afb1-4791d28aee30,1adc4579-92c9-4097-a2f1-4daa3b714f0c,Basculin,108/086,illustration rare,,holo,9.12,13.53,0.7,,,,,
c38df164-ea0d-4e9e-bae6-4c3a517beb8f,White Flare,79d6222b-4c88-46f4-afb1-4791d28aee30,1adc4579-92c9-4097-a2f1-4daa3b714f0c,Basculin,108/086,illustration rare,,holo,9.12,13.53,0.7,,,,,
c38df164-ea0d-4e9e-bae6-4c3a517beb8f,White Flare,c71bbc07-5403-4545-a625-9dda15ad7143,4f7350db-5c8a-43d8-85ae-96b342649e57,Swanna,026/086,uncommon,master ball,holo,8.64,13.53,0.6,,,,,
c38df164-ea0d-4e9e-bae6-4c3a517beb8f,White Flare,c71bbc07-5403-4545-a625-9dda15ad7143,4f7350db-5c8a-43d8-85ae-96b342649e57,Swanna,026/086,uncommon,master ball,holo,8.64,13.53,0.6,,,,,
c38df164-ea0d-4e9e-bae6-4c3a517beb8f,White Flare,0a092d89-5833-48c7-baf1-b46fbd515b05,3c91a40b-a15b-41e4-8dfb-f0a0641f9da8,Shelmet,093/086,illustration rare,,holo,8.12,13.53,0.6,,,,,
c38df164-ea0d-4e9e-bae6-4c3a517beb8f,White Flare,0a092d89-5833-48c7-baf1-b46fbd515b05,3c91a40b-a15b-41e4-8dfb-f0a0641f9da8,Shelmet,093/086,illustration rare,,holo,8.12,13.53,0.6,,,,,
c38df164-ea0d-4e9e-bae6-4c3a517beb8f,White Flare,76850920-b933-47bd-848c-7bcdc0efddbb,a8d5b32d-5481-43a6-9169-dea28e75f0f5,Terrakion,054/086,rare,master ball,holo,8.04,13.53,0.6,,,,,
c38df164-ea0d-4e9e-bae6-4c3a517beb8f,White Flare,76850920-b933-47bd-848c-7bcdc0efddbb,a8d5b32d-5481-43a6-9169-dea28e75f0f5,Terrakion,054/086,rare,master ball,holo,8.04,13.53,0.6,,,,,
c38df164-ea0d-4e9e-bae6-4c3a517beb8f,White Flare,48688c08-aec8-4099-855e-460ec3c1c8ce,816e8100-7f8b-4db0-8a3f-d892570dcdab,Heatmor,104/086,illustration rare,,holo,7.85,13.53,0.6,,,,,
c38df164-ea0d-4e9e-bae6-4c3a517beb8f,White Flare,48688c08-aec8-4099-855e-460ec3c1c8ce,816e8100-7f8b-4db0-8a3f-d892570dcdab,Heatmor,104/086,illustration rare,,holo,7.85,13.53,0.6,,,,,
c38df164-ea0d-4e9e-bae6-4c3a517beb8f,White Flare,f8bf2bad-0ffe-4cd7-9e58-4c325fb817e1,a348699e-2633-4e4b-8cd5-1af6338e1d7a,Zorua,061/086,common,master ball,holo,7.57,13.53,0.6,,,,,
c38df164-ea0d-4e9e-bae6-4c3a517beb8f,White Flare,f8bf2bad-0ffe-4cd7-9e58-4c325fb817e1,a348699e-2633-4e4b-8cd5-1af6338e1d7a,Zorua,061/086,common,master ball,holo,7.57,13.53,0.6,,,,,
3b753fb6-a465-4e68-8ad9-4e34e114d4b7,Shrouded Fable,d46e1ae4-7504-4f7e-ad0e-a84e293817ad,1fbf0807-8baa-4ac6-bedf-1967e0f9234c,Persian,078/064,illustration rare,,holo,74.80,8.91,8.4,,,,,
3b753fb6-a465-4e68-8ad9-4e34e114d4b7,Shrouded Fable,d46e1ae4-7504-4f7e-ad0e-a84e293817ad,1fbf0807-8baa-4ac6-bedf-1967e0f9234c,Persian,078/064,illustration rare,,holo,74.80,8.91,8.4,,,,,
3b753fb6-a465-4e68-8ad9-4e34e114d4b7,Shrouded Fable,a449306f-25e6-4538-a873-0e4d72dbfd5e,6fc1f475-a6fd-4983-9def-a0160297f02a,Basic Darkness Energy,098/064,hyper rare,,holo,59.30,8.91,6.7,,,,,
3b753fb6-a465-4e68-8ad9-4e34e114d4b7,Shrouded Fable,a449306f-25e6-4538-a873-0e4d72dbfd5e,6fc1f475-a6fd-4983-9def-a0160297f02a,Basic Darkness Energy,098/064,hyper rare,,holo,59.30,8.91,6.7,,,,,
3b753fb6-a465-4e68-8ad9-4e34e114d4b7,Shrouded Fable,ebb0167b-1704-4e15-a2fb-4c57443122f0,f34d5d69-8230-4007-ae88-6d7752cfa5c2,Houndoom,066/064,illustration rare,,holo,58.33,8.91,6.5,,,,,
3b753fb6-a465-4e68-8ad9-4e34e114d4b7,Shrouded Fable,ebb0167b-1704-4e15-a2fb-4c57443122f0,f34d5d69-8230-4007-ae88-6d7752cfa5c2,Houndoom,066/064,illustration rare,,holo,58.33,8.91,6.5,,,,,
3b753fb6-a465-4e68-8ad9-4e34e114d4b7,Shrouded Fable,2c812226-3135-41c2-874e-617a37614158,a09f3a49-1476-46a7-920e-bb507479cc34,Duskull,068/064,illustration rare,,holo,53.95,8.91,6.1,,,,,
3b753fb6-a465-4e68-8ad9-4e34e114d4b7,Shrouded Fable,2c812226-3135-41c2-874e-617a37614158,a09f3a49-1476-46a7-920e-bb507479cc34,Duskull,068/064,illustration rare,,holo,53.95,8.91,6.1,,,,,
3b753fb6-a465-4e68-8ad9-4e34e114d4b7,Shrouded Fable,ee4a6c49-622c-4bba-9f64-ed9fa4af5b02,e9a9104d-460e-4d32-8241-54be49f98a1c,Horsea,067/064,illustration rare,,holo,49.08,8.91,5.5,,,,,
3b753fb6-a465-4e68-8ad9-4e34e114d4b7,Shrouded Fable,ee4a6c49-622c-4bba-9f64-ed9fa4af5b02,e9a9104d-460e-4d32-8241-54be49f98a1c,Horsea,067/064,illustration rare,,holo,49.08,8.91,5.5,,,,,
3b753fb6-a465-4e68-8ad9-4e34e114d4b7,Shrouded Fable,2b04a9fc-827d-4a2e-b4c9-1348d42d387c,a39f830b-5387-4f68-89dc-13d9954f0e68,Cassiopeia,094/064,special illustration rare,,holo,42.59,8.91,4.8,,,,,
3b753fb6-a465-4e68-8ad9-4e34e114d4b7,Shrouded Fable,2b04a9fc-827d-4a2e-b4c9-1348d42d387c,a39f830b-5387-4f68-89dc-13d9954f0e68,Cassiopeia,094/064,special illustration rare,,holo,42.59,8.91,4.8,,,,,
3b753fb6-a465-4e68-8ad9-4e34e114d4b7,Shrouded Fable,dd8438b9-7239-496a-a89f-0a0a414ad569,47c1dcd0-274b-4087-aa50-16f9cad73e26,Fezandipiti ex,092/064,special illustration rare,,holo,38.99,8.91,4.4,,,,,
3b753fb6-a465-4e68-8ad9-4e34e114d4b7,Shrouded Fable,dd8438b9-7239-496a-a89f-0a0a414ad569,47c1dcd0-274b-4087-aa50-16f9cad73e26,Fezandipiti ex,092/064,special illustration rare,,holo,38.99,8.91,4.4,,,,,
3b753fb6-a465-4e68-8ad9-4e34e114d4b7,Shrouded Fable,13884931-14e4-4022-a21f-d6cc54dafaab,4f996de2-b9ff-4916-8888-a656c0fe9a51,Basic Metal Energy,099/064,hyper rare,,holo,33.83,8.91,3.8,,,,,
3b753fb6-a465-4e68-8ad9-4e34e114d4b7,Shrouded Fable,13884931-14e4-4022-a21f-d6cc54dafaab,4f996de2-b9ff-4916-8888-a656c0fe9a51,Basic Metal Energy,099/064,hyper rare,,holo,33.83,8.91,3.8,,,,,
3b753fb6-a465-4e68-8ad9-4e34e114d4b7,Shrouded Fable,b0b5bc92-52f1-41b4-9e89-b6003c632450,e470a603-0d17-4d3e-8023-4672b306f742,Dusknoir,070/064,illustration rare,,holo,32.23,8.91,3.6,,,,,
3b753fb6-a465-4e68-8ad9-4e34e114d4b7,Shrouded Fable,b0b5bc92-52f1-41b4-9e89-b6003c632450,e470a603-0d17-4d3e-8023-4672b306f742,Dusknoir,070/064,illustration rare,,holo,32.23,8.91,3.6,,,,,
3b753fb6-a465-4e68-8ad9-4e34e114d4b7,Shrouded Fable,a971da5f-07ee-4cd5-8798-721852c849d9,446a0965-47c8-4614-b49c-4ce4a0dca747,Munkidori,072/064,illustration rare,,holo,31.26,8.91,3.5,,,,,
3b753fb6-a465-4e68-8ad9-4e34e114d4b7,Shrouded Fable,a971da5f-07ee-4cd5-8798-721852c849d9,446a0965-47c8-4614-b49c-4ce4a0dca747,Munkidori,072/064,illustration rare,,holo,31.26,8.91,3.5,,,,,
3b753fb6-a465-4e68-8ad9-4e34e114d4b7,Shrouded Fable,085bd3be-4e93-43c6-950a-1605fe52333a,9a49baf5-c632-421d-929f-ac9f671dfead,Dusclops,069/064,illustration rare,,holo,31.06,8.91,3.5,,,,,
3b753fb6-a465-4e68-8ad9-4e34e114d4b7,Shrouded Fable,085bd3be-4e93-43c6-950a-1605fe52333a,9a49baf5-c632-421d-929f-ac9f671dfead,Dusclops,069/064,illustration rare,,holo,31.06,8.91,3.5,,,,,
3b753fb6-a465-4e68-8ad9-4e34e114d4b7,Shrouded Fable,e226e67e-1bb0-4e8a-9706-d5c3bf168991,73d384a1-24ef-41f9-812d-96e822b6b459,Zorua,075/064,illustration rare,,holo,29.19,8.91,3.3,,,,,
3b753fb6-a465-4e68-8ad9-4e34e114d4b7,Shrouded Fable,e226e67e-1bb0-4e8a-9706-d5c3bf168991,73d384a1-24ef-41f9-812d-96e822b6b459,Zorua,075/064,illustration rare,,holo,29.19,8.91,3.3,,,,,
3b753fb6-a465-4e68-8ad9-4e34e114d4b7,Shrouded Fable,565eb333-88f3-40a5-849e-dacd4320e90e,94d01e3d-09de-4d04-a0d8-1f36a5cfe684,Cresselia,071/064,illustration rare,,holo,27.34,8.91,3.1,,,,,
3b753fb6-a465-4e68-8ad9-4e34e114d4b7,Shrouded Fable,565eb333-88f3-40a5-849e-dacd4320e90e,94d01e3d-09de-4d04-a0d8-1f36a5cfe684,Cresselia,071/064,illustration rare,,holo,27.34,8.91,3.1,,,,,
3b753fb6-a465-4e68-8ad9-4e34e114d4b7,Shrouded Fable,dd0c1eb1-f0a3-492e-8f94-2a7d1a24d1bc,4d206c06-c346-48a7-af7f-51dc5891de2b,Bewear,079/064,illustration rare,,holo,26.54,8.91,3.0,,,,,
3b753fb6-a465-4e68-8ad9-4e34e114d4b7,Shrouded Fable,dd0c1eb1-f0a3-492e-8f94-2a7d1a24d1bc,4d206c06-c346-48a7-af7f-51dc5891de2b,Bewear,079/064,illustration rare,,holo,26.54,8.91,3.0,,,,,
3b753fb6-a465-4e68-8ad9-4e34e114d4b7,Shrouded Fable,81469ea1-3839-4482-a4ff-ecfaf53ecbc6,c79d38c0-0768-4f3e-80fe-8490d79b00b1,Pecharunt ex,093/064,special illustration rare,,holo,23.48,8.91,2.6,,,,,
3b753fb6-a465-4e68-8ad9-4e34e114d4b7,Shrouded Fable,81469ea1-3839-4482-a4ff-ecfaf53ecbc6,c79d38c0-0768-4f3e-80fe-8490d79b00b1,Pecharunt ex,093/064,special illustration rare,,holo,23.48,8.91,2.6,,,,,
3b753fb6-a465-4e68-8ad9-4e34e114d4b7,Shrouded Fable,2a20f811-e9bb-4211-a4b4-915bb8a22269,b1b19131-4782-440f-8972-05407930a62e,Okidogi ex,090/064,special illustration rare,,holo,23.17,8.91,2.6,,,,,
3b753fb6-a465-4e68-8ad9-4e34e114d4b7,Shrouded Fable,2a20f811-e9bb-4211-a4b4-915bb8a22269,b1b19131-4782-440f-8972-05407930a62e,Okidogi ex,090/064,special illustration rare,,holo,23.17,8.91,2.6,,,,,
3b753fb6-a465-4e68-8ad9-4e34e114d4b7,Shrouded Fable,75044c08-9f85-44d9-9dff-a0ccb021c358,b06aa405-09dd-4651-8bbd-91a4997f97bb,Powerglass,097/064,hyper rare,,holo,21.78,8.91,2.4,,,,,
3b753fb6-a465-4e68-8ad9-4e34e114d4b7,Shrouded Fable,75044c08-9f85-44d9-9dff-a0ccb021c358,b06aa405-09dd-4651-8bbd-91a4997f97bb,Powerglass,097/064,hyper rare,,holo,21.78,8.91,2.4,,,,,
3b753fb6-a465-4e68-8ad9-4e34e114d4b7,Shrouded Fable,074e6160-0ef4-472d-bcc0-9fd6a8f5e50f,c9ea586e-339d-4544-b630-79ae4d6fb5cd,Pecharunt ex,095/064,hyper rare,,holo,21.32,8.91,2.4,,,,,
3b753fb6-a465-4e68-8ad9-4e34e114d4b7,Shrouded Fable,074e6160-0ef4-472d-bcc0-9fd6a8f5e50f,c9ea586e-339d-4544-b630-79ae4d6fb5cd,Pecharunt ex,095/064,hyper rare,,holo,21.32,8.91,2.4,,,,,
3b753fb6-a465-4e68-8ad9-4e34e114d4b7,Shrouded Fable,5a7d44ae-b9bb-425c-b3e4-09e991dbe3d0,d0683c5f-1d2f-4b01-a661-454c136a0ea5,Munkidori ex,091/064,special illustration rare,,holo,19.69,8.91,2.2,,,,,
3b753fb6-a465-4e68-8ad9-4e34e114d4b7,Shrouded Fable,5a7d44ae-b9bb-425c-b3e4-09e991dbe3d0,d0683c5f-1d2f-4b01-a661-454c136a0ea5,Munkidori ex,091/064,special illustration rare,,holo,19.69,8.91,2.2,,,,,
3b753fb6-a465-4e68-8ad9-4e34e114d4b7,Shrouded Fable,5be10fc5-ff0d-4434-ac8a-7551dfcca6ea,5797617d-fe78-4fe8-b61e-ae5c87317c04,Fraxure,077/064,illustration rare,,holo,19.01,8.91,2.1,,,,,
3b753fb6-a465-4e68-8ad9-4e34e114d4b7,Shrouded Fable,5be10fc5-ff0d-4434-ac8a-7551dfcca6ea,5797617d-fe78-4fe8-b61e-ae5c87317c04,Fraxure,077/064,illustration rare,,holo,19.01,8.91,2.1,,,,,
3b753fb6-a465-4e68-8ad9-4e34e114d4b7,Shrouded Fable,c5e9be13-3bc9-4d00-a7b3-f9f29b04da41,0d06520b-944c-4409-be29-de93afbfc5db,Earthen Vessel,096/064,hyper rare,,holo,17.02,8.91,1.9,,,,,
3b753fb6-a465-4e68-8ad9-4e34e114d4b7,Shrouded Fable,c5e9be13-3bc9-4d00-a7b3-f9f29b04da41,0d06520b-944c-4409-be29-de93afbfc5db,Earthen Vessel,096/064,hyper rare,,holo,17.02,8.91,1.9,,,,,
3b753fb6-a465-4e68-8ad9-4e34e114d4b7,Shrouded Fable,ff51a01d-d2e6-422b-89a9-43c0198c501b,32b1bfff-aa5a-47cc-9431-02c7b0f8dd15,Okidogi,074/064,illustration rare,,holo,16.64,8.91,1.9,,,,,
3b753fb6-a465-4e68-8ad9-4e34e114d4b7,Shrouded Fable,ff51a01d-d2e6-422b-89a9-43c0198c501b,32b1bfff-aa5a-47cc-9431-02c7b0f8dd15,Okidogi,074/064,illustration rare,,holo,16.64,8.91,1.9,,,,,
3b753fb6-a465-4e68-8ad9-4e34e114d4b7,Shrouded Fable,1ef4e741-0bf4-4990-8b3a-cd0688d8e84f,49990673-bede-4f3b-900f-7199b047064c,Cufant,076/064,illustration rare,,holo,16.55,8.91,1.9,,,,,
3b753fb6-a465-4e68-8ad9-4e34e114d4b7,Shrouded Fable,1ef4e741-0bf4-4990-8b3a-cd0688d8e84f,49990673-bede-4f3b-900f-7199b047064c,Cufant,076/064,illustration rare,,holo,16.55,8.91,1.9,,,,,
3b753fb6-a465-4e68-8ad9-4e34e114d4b7,Shrouded Fable,70d51bfb-ff89-4486-8a46-02e9ebab4c78,5815214e-3106-4a7b-90a6-a3e64a608f2c,Fezandipiti,073/064,illustration rare,,holo,13.39,8.91,1.5,,,,,
3b753fb6-a465-4e68-8ad9-4e34e114d4b7,Shrouded Fable,70d51bfb-ff89-4486-8a46-02e9ebab4c78,5815214e-3106-4a7b-90a6-a3e64a608f2c,Fezandipiti,073/064,illustration rare,,holo,13.39,8.91,1.5,,,,,
3b753fb6-a465-4e68-8ad9-4e34e114d4b7,Shrouded Fable,3d8bc08d-9ad3-4d02-9505-d23305aff7bd,d7bd676b-afb5-4942-9663-dfac635a0670,Tapu Bulu,065/064,illustration rare,,holo,13.05,8.91,1.5,,,,,
3b753fb6-a465-4e68-8ad9-4e34e114d4b7,Shrouded Fable,3d8bc08d-9ad3-4d02-9505-d23305aff7bd,d7bd676b-afb5-4942-9663-dfac635a0670,Tapu Bulu,065/064,illustration rare,,holo,13.05,8.91,1.5,,,,,
3b753fb6-a465-4e68-8ad9-4e34e114d4b7,Shrouded Fable,f7cc36d2-0221-4820-8633-ea0087c217a0,d6629fe3-263a-447e-ad9c-251fb8f975d2,Fezandipiti ex,084/064,ultra rare,,holo,11.54,8.91,1.3,,,,,
3b753fb6-a465-4e68-8ad9-4e34e114d4b7,Shrouded Fable,f7cc36d2-0221-4820-8633-ea0087c217a0,d6629fe3-263a-447e-ad9c-251fb8f975d2,Fezandipiti ex,084/064,ultra rare,,holo,11.54,8.91,1.3,,,,,
472f851c-2e41-4c80-b6fc-8478d1d92730,Pitch Black,fb68f614-8a93-4196-a823-11078846d2ee,9ad0c133-f133-45ab-9b3f-494199354e20,Mega Darkrai ex,116/084,special illustration rare,,holo,212.90,4.75,44.8,,,,,
472f851c-2e41-4c80-b6fc-8478d1d92730,Pitch Black,fb68f614-8a93-4196-a823-11078846d2ee,9ad0c133-f133-45ab-9b3f-494199354e20,Mega Darkrai ex,116/084,special illustration rare,,holo,212.90,4.75,44.8,,,,,
472f851c-2e41-4c80-b6fc-8478d1d92730,Pitch Black,277c666b-3d31-4d49-928a-b8915a5d7ab4,1ce35d0d-7b3c-4f71-95c4-22cfef670ec1,Mega Darkrai ex,120/084,mega hyper rare,,holo,166.73,4.75,35.1,,,,,
472f851c-2e41-4c80-b6fc-8478d1d92730,Pitch Black,277c666b-3d31-4d49-928a-b8915a5d7ab4,1ce35d0d-7b3c-4f71-95c4-22cfef670ec1,Mega Darkrai ex,120/084,mega hyper rare,,holo,166.73,4.75,35.1,,,,,
472f851c-2e41-4c80-b6fc-8478d1d92730,Pitch Black,8cdd2b41-0fd7-445e-a645-537fc56a60b0,096cf29a-502e-4d79-84fe-cf9cb35d7d08,Morpeko ex,117/084,special illustration rare,,holo,90.37,4.75,19.0,,,,,
472f851c-2e41-4c80-b6fc-8478d1d92730,Pitch Black,8cdd2b41-0fd7-445e-a645-537fc56a60b0,096cf29a-502e-4d79-84fe-cf9cb35d7d08,Morpeko ex,117/084,special illustration rare,,holo,90.37,4.75,19.0,,,,,
472f851c-2e41-4c80-b6fc-8478d1d92730,Pitch Black,06a431fe-696b-4bdf-93af-392c97869a9a,d2c37770-2984-4cff-92c6-c62f5701b80f,Mega Zeraora ex,114/084,special illustration rare,,holo,59.38,4.75,12.5,,,,,
472f851c-2e41-4c80-b6fc-8478d1d92730,Pitch Black,06a431fe-696b-4bdf-93af-392c97869a9a,d2c37770-2984-4cff-92c6-c62f5701b80f,Mega Zeraora ex,114/084,special illustration rare,,holo,59.38,4.75,12.5,,,,,
472f851c-2e41-4c80-b6fc-8478d1d92730,Pitch Black,0328858b-713e-458a-8047-35a89da1d5e7,af80a982-b432-4ff6-a571-8030ddefb030,Mega Chandelure ex,115/084,special illustration rare,,holo,47.19,4.75,9.9,,,,,
472f851c-2e41-4c80-b6fc-8478d1d92730,Pitch Black,0328858b-713e-458a-8047-35a89da1d5e7,af80a982-b432-4ff6-a571-8030ddefb030,Mega Chandelure ex,115/084,special illustration rare,,holo,47.19,4.75,9.9,,,,,
472f851c-2e41-4c80-b6fc-8478d1d92730,Pitch Black,e3227839-7d1a-4c70-add8-f8e8c73b1e37,7c0a8fdb-4b06-455e-b417-91ab7c4b2923,Gwynn,119/084,special illustration rare,,holo,35.25,4.75,7.4,,,,,
472f851c-2e41-4c80-b6fc-8478d1d92730,Pitch Black,e3227839-7d1a-4c70-add8-f8e8c73b1e37,7c0a8fdb-4b06-455e-b417-91ab7c4b2923,Gwynn,119/084,special illustration rare,,holo,35.25,4.75,7.4,,,,,
472f851c-2e41-4c80-b6fc-8478d1d92730,Pitch Black,0f85b9bb-5c3a-47a2-8a6d-d9d6f7783a71,71b456b1-4b15-43a6-b56e-705a636d44c8,Gladion's Final Battle,118/084,special illustration rare,,holo,30.51,4.75,6.4,,,,,
472f851c-2e41-4c80-b6fc-8478d1d92730,Pitch Black,0f85b9bb-5c3a-47a2-8a6d-d9d6f7783a71,71b456b1-4b15-43a6-b56e-705a636d44c8,Gladion's Final Battle,118/084,special illustration rare,,holo,30.51,4.75,6.4,,,,,
472f851c-2e41-4c80-b6fc-8478d1d92730,Pitch Black,837eae4c-f1b1-4b5f-9cf0-99836496c255,401c9fec-3499-4d67-9469-de914a1190be,Misty's Vitality,111/084,ultra rare,,holo,15.90,4.75,3.3,,,,,
472f851c-2e41-4c80-b6fc-8478d1d92730,Pitch Black,837eae4c-f1b1-4b5f-9cf0-99836496c255,401c9fec-3499-4d67-9469-de914a1190be,Misty's Vitality,111/084,ultra rare,,holo,15.90,4.75,3.3,,,,,
472f851c-2e41-4c80-b6fc-8478d1d92730,Pitch Black,78556401-2af4-47b5-833a-4d4a2216e13c,2136744d-cf9e-49d3-8be8-60d3a4fc28c3,Slowbro,090/084,illustration rare,,holo,12.26,4.75,2.6,,,,,
472f851c-2e41-4c80-b6fc-8478d1d92730,Pitch Black,78556401-2af4-47b5-833a-4d4a2216e13c,2136744d-cf9e-49d3-8be8-60d3a4fc28c3,Slowbro,090/084,illustration rare,,holo,12.26,4.75,2.6,,,,,
472f851c-2e41-4c80-b6fc-8478d1d92730,Pitch Black,fe01deb3-13d3-4f77-9997-7a2853567688,ebfe9102-ac12-40e0-9d59-620eb6a3e8a9,Mega Darkrai ex,101/084,ultra rare,,holo,11.23,4.75,2.4,,,,,
472f851c-2e41-4c80-b6fc-8478d1d92730,Pitch Black,fe01deb3-13d3-4f77-9997-7a2853567688,ebfe9102-ac12-40e0-9d59-620eb6a3e8a9,Mega Darkrai ex,101/084,ultra rare,,holo,11.23,4.75,2.4,,,,,
472f851c-2e41-4c80-b6fc-8478d1d92730,Pitch Black,648d23be-44fa-460d-901e-a6a721ef45e5,d17ff891-6a18-4734-bbdd-3453462a3b61,Gwynn,109/084,ultra rare,,holo,8.84,4.75,1.9,,,,,
472f851c-2e41-4c80-b6fc-8478d1d92730,Pitch Black,648d23be-44fa-460d-901e-a6a721ef45e5,d17ff891-6a18-4734-bbdd-3453462a3b61,Gwynn,109/084,ultra rare,,holo,8.84,4.75,1.9,,,,,
472f851c-2e41-4c80-b6fc-8478d1d92730,Pitch Black,377793da-3496-411f-8e89-e78e9f43dbc4,e49eab35-c597-4810-9f01-663906104dfa,Mega Excadrill ex,103/084,ultra rare,,holo,8.54,4.75,1.8,,,,,
472f851c-2e41-4c80-b6fc-8478d1d92730,Pitch Black,377793da-3496-411f-8e89-e78e9f43dbc4,e49eab35-c597-4810-9f01-663906104dfa,Mega Excadrill ex,103/084,ultra rare,,holo,8.54,4.75,1.8,,,,,
472f851c-2e41-4c80-b6fc-8478d1d92730,Pitch Black,dbd75bd6-05a2-43eb-83a3-55a45ea6eead,7f6e0b10-81c8-419f-8d36-4ca8c1bbd30f,Mega Chandelure ex,099/084,ultra rare,,holo,8.47,4.75,1.8,,,,,
472f851c-2e41-4c80-b6fc-8478d1d92730,Pitch Black,dbd75bd6-05a2-43eb-83a3-55a45ea6eead,7f6e0b10-81c8-419f-8d36-4ca8c1bbd30f,Mega Chandelure ex,099/084,ultra rare,,holo,8.47,4.75,1.8,,,,,
472f851c-2e41-4c80-b6fc-8478d1d92730,Pitch Black,14fd1195-183d-452c-8470-9c03b0e8762d,7693dd68-e327-4129-9b9c-7f434c22e8ff,Goldeen,087/084,illustration rare,,holo,8.39,4.75,1.8,,,,,
472f851c-2e41-4c80-b6fc-8478d1d92730,Pitch Black,14fd1195-183d-452c-8470-9c03b0e8762d,7693dd68-e327-4129-9b9c-7f434c22e8ff,Goldeen,087/084,illustration rare,,holo,8.39,4.75,1.8,,,,,
472f851c-2e41-4c80-b6fc-8478d1d92730,Pitch Black,de92ed42-7e79-4794-baa6-0f40e7fbebfc,c43b32e8-e70f-4a1a-8a5b-2798193206b3,Mega Zeraora ex,098/084,ultra rare,,holo,7.46,4.75,1.6,,,,,
472f851c-2e41-4c80-b6fc-8478d1d92730,Pitch Black,de92ed42-7e79-4794-baa6-0f40e7fbebfc,c43b32e8-e70f-4a1a-8a5b-2798193206b3,Mega Zeraora ex,098/084,ultra rare,,holo,7.46,4.75,1.6,,,,,
472f851c-2e41-4c80-b6fc-8478d1d92730,Pitch Black,1b35269c-d365-4e6c-8f81-e46fb1e68233,7ff0e446-f6c2-4699-a34b-1b0321429225,Morpeko ex,102/084,ultra rare,,holo,5.55,4.75,1.2,,,,,
472f851c-2e41-4c80-b6fc-8478d1d92730,Pitch Black,1b35269c-d365-4e6c-8f81-e46fb1e68233,7ff0e446-f6c2-4699-a34b-1b0321429225,Morpeko ex,102/084,ultra rare,,holo,5.55,4.75,1.2,,,,,
472f851c-2e41-4c80-b6fc-8478d1d92730,Pitch Black,af3fc364-0990-4266-b589-116cb4819bfe,e0db6d8a-e81b-4639-9b02-cb982a2d5b87,Crushing Hammer,105/084,ultra rare,,holo,4.88,4.75,1.0,,,,,
472f851c-2e41-4c80-b6fc-8478d1d92730,Pitch Black,af3fc364-0990-4266-b589-116cb4819bfe,e0db6d8a-e81b-4639-9b02-cb982a2d5b87,Crushing Hammer,105/084,ultra rare,,holo,4.88,4.75,1.0,,,,,
472f851c-2e41-4c80-b6fc-8478d1d92730,Pitch Black,078099a5-9c0e-4b80-b767-f6e5a188f1a7,3bee1435-c213-4c1f-b6fc-2e802a3cbfbe,Wailord ex,097/084,ultra rare,,holo,4.80,4.75,1.0,,,,,
472f851c-2e41-4c80-b6fc-8478d1d92730,Pitch Black,078099a5-9c0e-4b80-b767-f6e5a188f1a7,3bee1435-c213-4c1f-b6fc-2e802a3cbfbe,Wailord ex,097/084,ultra rare,,holo,4.80,4.75,1.0,,,,,
5e99f658-39f0-4845-9228-db8db3965f32,Perfect Order,bb33a768-3f76-4ee2-a9b8-c714be4acc5a,4780ef25-92fd-438f-90eb-0252e3fb331d,Mega Zygarde ex,124/088,mega hyper rare,,holo,130.45,4.74,27.5,,,,,
5e99f658-39f0-4845-9228-db8db3965f32,Perfect Order,bb33a768-3f76-4ee2-a9b8-c714be4acc5a,4780ef25-92fd-438f-90eb-0252e3fb331d,Mega Zygarde ex,124/088,mega hyper rare,,holo,130.45,4.74,27.5,,,,,
5e99f658-39f0-4845-9228-db8db3965f32,Perfect Order,4e6d60e0-bc4d-46c0-976c-165c676f0a30,8e01c85f-29b7-47c1-9042-b5a7bbf74a5c,Meowth ex,121/088,special illustration rare,,holo,125.96,4.74,26.6,,,,,
5e99f658-39f0-4845-9228-db8db3965f32,Perfect Order,4e6d60e0-bc4d-46c0-976c-165c676f0a30,8e01c85f-29b7-47c1-9042-b5a7bbf74a5c,Meowth ex,121/088,special illustration rare,,holo,125.96,4.74,26.6,,,,,
5e99f658-39f0-4845-9228-db8db3965f32,Perfect Order,e6600c9d-527f-4e1f-8a85-e20432c6e2bf,430e6ff1-ed23-4600-86f9-15aadff9912e,Mega Zygarde ex,120/088,special illustration rare,,holo,58.10,4.74,12.3,,,,,
5e99f658-39f0-4845-9228-db8db3965f32,Perfect Order,e6600c9d-527f-4e1f-8a85-e20432c6e2bf,430e6ff1-ed23-4600-86f9-15aadff9912e,Mega Zygarde ex,120/088,special illustration rare,,holo,58.10,4.74,12.3,,,,,
5e99f658-39f0-4845-9228-db8db3965f32,Perfect Order,0698714a-dd74-4d5f-a67d-e07e88c04f51,bc10d998-2974-4fd1-b57c-e4829193cab6,Mega Clefable ex,119/088,special illustration rare,,holo,50.05,4.74,10.6,,,,,
5e99f658-39f0-4845-9228-db8db3965f32,Perfect Order,0698714a-dd74-4d5f-a67d-e07e88c04f51,bc10d998-2974-4fd1-b57c-e4829193cab6,Mega Clefable ex,119/088,special illustration rare,,holo,50.05,4.74,10.6,,,,,
5e99f658-39f0-4845-9228-db8db3965f32,Perfect Order,9b78d9b8-b55e-4df7-a5e7-8d2787ada636,404f0927-859f-4e27-a6bf-403b720eff11,Rosa's Encouragement,123/088,special illustration rare,,holo,49.63,4.74,10.5,,,,,
5e99f658-39f0-4845-9228-db8db3965f32,Perfect Order,9b78d9b8-b55e-4df7-a5e7-8d2787ada636,404f0927-859f-4e27-a6bf-403b720eff11,Rosa's Encouragement,123/088,special illustration rare,,holo,49.63,4.74,10.5,,,,,
5e99f658-39f0-4845-9228-db8db3965f32,Perfect Order,bff1d732-1ec5-4f8e-9213-161d3689b0f2,579c2df6-b588-4132-8ed0-2fff16bb5e20,Mega Starmie ex,118/088,special illustration rare,,holo,41.96,4.74,8.9,,,,,
5e99f658-39f0-4845-9228-db8db3965f32,Perfect Order,bff1d732-1ec5-4f8e-9213-161d3689b0f2,579c2df6-b588-4132-8ed0-2fff16bb5e20,Mega Starmie ex,118/088,special illustration rare,,holo,41.96,4.74,8.9,,,,,
5e99f658-39f0-4845-9228-db8db3965f32,Perfect Order,363a5fff-2038-4db6-bb47-48e2f95492ac,ba011e43-8ed3-4421-bac8-5e1931fa90c8,Jacinthe,122/088,special illustration rare,,holo,24.44,4.74,5.2,,,,,
5e99f658-39f0-4845-9228-db8db3965f32,Perfect Order,363a5fff-2038-4db6-bb47-48e2f95492ac,ba011e43-8ed3-4421-bac8-5e1931fa90c8,Jacinthe,122/088,special illustration rare,,holo,24.44,4.74,5.2,,,,,
5e99f658-39f0-4845-9228-db8db3965f32,Perfect Order,55d47e33-8662-452a-9d50-f76ebb2ba016,dc633d66-ec62-4d98-9e5e-02f922133406,Clefairy,094/088,illustration rare,,holo,19.46,4.74,4.1,,,,,
5e99f658-39f0-4845-9228-db8db3965f32,Perfect Order,55d47e33-8662-452a-9d50-f76ebb2ba016,dc633d66-ec62-4d98-9e5e-02f922133406,Clefairy,094/088,illustration rare,,holo,19.46,4.74,4.1,,,,,
5e99f658-39f0-4845-9228-db8db3965f32,Perfect Order,10bb91a1-7b04-44ca-9fcf-3b3200f73663,b84aa66a-5827-4383-b522-056d22c2afa1,Meowth ex,107/088,ultra rare,,holo,11.81,4.74,2.5,,,,,
5e99f658-39f0-4845-9228-db8db3965f32,Perfect Order,10bb91a1-7b04-44ca-9fcf-3b3200f73663,b84aa66a-5827-4383-b522-056d22c2afa1,Meowth ex,107/088,ultra rare,,holo,11.81,4.74,2.5,,,,,
5e99f658-39f0-4845-9228-db8db3965f32,Perfect Order,fe150dda-284c-4356-8950-8a630fb6b306,f087a8b1-93d5-4ff8-b03f-2b34770b09fe,Poke Pad,113/088,ultra rare,,holo,10.26,4.74,2.2,,,,,
5e99f658-39f0-4845-9228-db8db3965f32,Perfect Order,fe150dda-284c-4356-8950-8a630fb6b306,f087a8b1-93d5-4ff8-b03f-2b34770b09fe,Poke Pad,113/088,ultra rare,,holo,10.26,4.74,2.2,,,,,
5e99f658-39f0-4845-9228-db8db3965f32,Perfect Order,40b1ec70-db0c-405d-b40c-095ff92fbb36,51db7a6b-d4a5-4da0-88c6-45d9f4d95145,Mega Starmie ex,102/088,ultra rare,,holo,6.22,4.74,1.3,,,,,
5e99f658-39f0-4845-9228-db8db3965f32,Perfect Order,40b1ec70-db0c-405d-b40c-095ff92fbb36,51db7a6b-d4a5-4da0-88c6-45d9f4d95145,Mega Starmie ex,102/088,ultra rare,,holo,6.22,4.74,1.3,,,,,
5e99f658-39f0-4845-9228-db8db3965f32,Perfect Order,b461dbf3-653e-4268-96cf-23cc9a80e5ce,1005e78a-7756-4626-b779-20659c5a24ad,Dedenne,093/088,illustration rare,,holo,5.72,4.74,1.2,,,,,
5e99f658-39f0-4845-9228-db8db3965f32,Perfect Order,b461dbf3-653e-4268-96cf-23cc9a80e5ce,1005e78a-7756-4626-b779-20659c5a24ad,Dedenne,093/088,illustration rare,,holo,5.72,4.74,1.2,,,,,
5e99f658-39f0-4845-9228-db8db3965f32,Perfect Order,468a9c18-7b8e-4d3a-bfae-27b4e4a60967,092ba607-4750-450a-90ab-167496cd0f3a,Mega Zygarde ex,104/088,ultra rare,,holo,5.41,4.74,1.1,,,,,
5e99f658-39f0-4845-9228-db8db3965f32,Perfect Order,468a9c18-7b8e-4d3a-bfae-27b4e4a60967,092ba607-4750-450a-90ab-167496cd0f3a,Mega Zygarde ex,104/088,ultra rare,,holo,5.41,4.74,1.1,,,,,
5e99f658-39f0-4845-9228-db8db3965f32,Perfect Order,abd6dd66-5f9b-412e-a1cf-8faa3f203ff7,a4857bcd-82f5-4f89-9c62-80e2bb24d970,Rowlet,090/088,illustration rare,,holo,5.01,4.74,1.1,,,,,
5e99f658-39f0-4845-9228-db8db3965f32,Perfect Order,abd6dd66-5f9b-412e-a1cf-8faa3f203ff7,a4857bcd-82f5-4f89-9c62-80e2bb24d970,Rowlet,090/088,illustration rare,,holo,5.01,4.74,1.1,,,,,
5e99f658-39f0-4845-9228-db8db3965f32,Perfect Order,4338faa3-1dde-49a5-a10c-e70e63ba7a21,f7f5ae17-a4a7-438a-8adc-be53d41f8fe0,Yveltal ex,105/088,ultra rare,,holo,4.98,4.74,1.1,,,,,
5e99f658-39f0-4845-9228-db8db3965f32,Perfect Order,4338faa3-1dde-49a5-a10c-e70e63ba7a21,f7f5ae17-a4a7-438a-8adc-be53d41f8fe0,Yveltal ex,105/088,ultra rare,,holo,4.98,4.74,1.1,,,,,
5e99f658-39f0-4845-9228-db8db3965f32,Perfect Order,a709d40b-d018-488b-8452-c88970d17dc8,57ad07cb-6c64-45ad-a6ce-b82d84e2c145,Mega Clefable ex,103/088,ultra rare,,holo,4.81,4.74,1.0,,,,,
5e99f658-39f0-4845-9228-db8db3965f32,Perfect Order,a709d40b-d018-488b-8452-c88970d17dc8,57ad07cb-6c64-45ad-a6ce-b82d84e2c145,Mega Clefable ex,103/088,ultra rare,,holo,4.81,4.74,1.0,,,,,
