benchmark_row_id,listing_item_id,item_url,listing_title,condition,condition_id,category_id,buying_options_json,seller_id,image_url,canonical_card_id,card_variant_id,target_card_name,target_set_name,target_card_number,target_treatment,exact_match_yes_no_uncertain,single_card_or_lot,raw_or_graded,card_or_sealed_nonshcard,collector_number_consistency,set_consistency,language,variant_treatment,reviewer_id,label_timestamp,review_note,adjudicated_result
E9B-0000,v1|257728064250|0,https://www.ebay.com/itm/257728064250?_skw=Penny+252+Scarlet+and+Violet+Base+Set+Pokemon+card&hash=item3c01ca2afa:g:jeIAAeSwhPJqndi8,Penny 183/198 Pokemon SV01: Scarlet & Violet Base Set,Ungraded,4000,,"[""FIXED_PRICE"", ""BEST_OFFER""]",nm_cleeetis_llc,https://i.ebayimg.com/images/g/jeIAAeSwhPJqndi8/s-l225.jpg,018c983e-b1d0-41df-880e-ebf3f2e2fb12,4eb8f140-a9c3-41c4-85aa-c2f6b7131746,Penny,Scarlet and Violet Base Set,252,special_illustration_rare,NO,SINGLE_CARD,RAW,CARD,INCONSISTENT,,,,Donny,2026-09-15T03:44:38.580192+00:00,,
E9B-0001,v1|366544525053|0,https://www.ebay.com/itm/366544525053?_skw=Penny+252+Scarlet+and+Violet+Base+Set+Pokemon+card&hash=item5557c196fd:g:UbwAAeSwzWtn4Zfz,Penny #183/198 Pokemon SV01: Scarlet & Violet Base Set Near Mint or Better,Ungraded,4000,,"[""FIXED_PRICE""]",focusedongaming,https://i.ebayimg.com/images/g/UbwAAeSwzWtn4Zfz/s-l225.jpg,018c983e-b1d0-41df-880e-ebf3f2e2fb12,4eb8f140-a9c3-41c4-85aa-c2f6b7131746,Penny,Scarlet and Violet Base Set,252,special_illustration_rare,NO,SINGLE_CARD,RAW,CARD,INCONSISTENT,,,,Donny,2026-09-15T03:44:41.787905+00:00,,
E9B-0002,v1|318576545816|0,https://www.ebay.com/itm/318576545816?_skw=Penny+252+Scarlet+and+Violet+Base+Set+Pokemon+card&hash=item4a2ca45018:g:P3IAAeSwvqJqVRCX&amdata=enc%3AAQALAAABEACCtXRWQnOEpyOqnQQ8KGZT%2F0B0HqTrnr%2FWtNaA%2BhIxhUbjP8f2Vn--cUBzWjZto%2F3Cm2EbU0PhtDm6totogSBBxYbBYGY%2B%2Brfwezj9TBaDHNGDYVuWs%2BIn8Ecy7x8MG5tgqo7yl97FJyqm253rooARV%2FapRY0Cw9s2f%2BH%2BSZoOSyPfg9tQZosk8EQP9b3NHl9YC6JiUgNIgvVnmCuYEfiQjkZDADK8lS0N5F%2Bi8Jdzi2Q%2Fk4TrhaXpfAEyshD5w1hXo8ko1VkI0whyPZHp2TQ3OgDqKBZFfXm2%2BSAPRIeBcUCO5kDGehSmd0EvgOfeSarNSqJBXmSkzfudbztOWoQ5iaZhPFz%2FBQg1bT9AcaJ8,Scarlet & Violet Holo Illustration Rare Penny Base Set 252/198 SV01,Ungraded,4000,,"[""FIXED_PRICE"", ""BEST_OFFER""]",johnber-86,https://i.ebayimg.com/images/g/P3IAAeSwvqJqVRCX/s-l225.jpg,018c983e-b1d0-41df-880e-ebf3f2e2fb12,4eb8f140-a9c3-41c4-85aa-c2f6b7131746,Penny,Scarlet and Violet Base Set,252,special_illustration_rare,YES,SINGLE_CARD,RAW,CARD,,,,,Donny,2026-09-15T22:17:50.973587+00:00,,
E9B-0003,v1|127461213930|0,https://www.ebay.com/itm/127461213930?_skw=Penny+252+Scarlet+and+Violet+Base+Set+Pokemon+card&hash=item1dad47c6ea:g:XqUAAeSwvKFpA44I,Penny 252/198 SV01: Scarlet & Violet Base Set Holo NM PK000524,Ungraded,4000,,"[""FIXED_PRICE"", ""BEST_OFFER""]",camaroboysam,https://i.ebayimg.com/images/g/XqUAAeSwvKFpA44I/s-l225.jpg,018c983e-b1d0-41df-880e-ebf3f2e2fb12,4eb8f140-a9c3-41c4-85aa-c2f6b7131746,Penny,Scarlet and Violet Base Set,252,special_illustration_rare,YES,SINGLE_CARD,RAW,CARD,,,,,Donny,2026-09-15T22:16:58.120084+00:00,,
E9B-0004,v1|188753284157|0,https://www.ebay.com/itm/188753284157?_skw=Penny+252+Scarlet+and+Violet+Base+Set+Pokemon+card&hash=item2bf2928c3d:g:mtwAAOSwqUVoK46K,Pokemon Card - Penny Scarlet & Violet Base Set 252/198 Illustration Rare,Ungraded,4000,,"[""FIXED_PRICE"", ""BEST_OFFER""]",popsblockshop,https://i.ebayimg.com/images/g/mtwAAOSwqUVoK46K/s-l225.jpg,018c983e-b1d0-41df-880e-ebf3f2e2fb12,4eb8f140-a9c3-41c4-85aa-c2f6b7131746,Penny,Scarlet and Violet Base Set,252,special_illustration_rare,YES,SINGLE_CARD,RAW,CARD,,,,,Donny,2026-09-15T22:17:40.184060+00:00,,
E9B-0005,v1|227447576465|0,https://www.ebay.com/itm/227447576465?_skw=Penny+252+Scarlet+and+Violet+Base+Set+Pokemon+card&hash=item34f4ee9791:g:hoEAAeSw2AdqZSTd&amdata=enc%3AAQALAAABEACCtXRWQnOEpyOqnQQ8KGYhDT8fs0HuTYFYD0Rakwisxv8cpdZ6kL0QgosFTGCjY8w%2FZROkir4zKqYQV5GUbaNuRfGZatkg762dvLpC7hBSyBW4jbjj90%2F6VRoJYjikX45McCocjGRFefYK97ewKtkumHKGvMq0PhqAdMytxz0UeUU7tked9GmIos9Wz4LqFr%2B19Uhr8ozQwUHiGPphmDlbdN44x8orbjFDuIPLTe27xdTwCCEXZnZsofKwjFf%2Bw%2BD5v7gfrSdrUXG8yrspVCbTeFa6ASSb0BFwtQ7qTEdSvDwtDaNpwBEG%2BzRjD1PEDvtXi4Zm8d93m%2FzOG9D1B6jQAoIvgQo6Y%2B4A%2FHfhqlk3,Pokemon Penny 239/198 SIR Special Illustration Rare Scarlet & Violet Fresh Pull,Ungraded,4000,,"[""FIXED_PRICE"", ""BEST_OFFER""]",linklogicllc,https://i.ebayimg.com/images/g/hoEAAeSw2AdqZSTd/s-l225.jpg,018c983e-b1d0-41df-880e-ebf3f2e2fb12,4eb8f140-a9c3-41c4-85aa-c2f6b7131746,Penny,Scarlet and Violet Base Set,252,special_illustration_rare,NO,SINGLE_CARD,RAW,CARD,INCONSISTENT,,,,Donny,2026-09-15T03:44:50.078495+00:00,,
E9B-0006,v1|158290132985|0,https://www.ebay.com/itm/158290132985?_skw=Trubbish+140+White+Flare&hash=item24dad3bff9:g:MOYAAeSwxfNqp468,Trubbish 140/086 Pokémon Sv: White Flare Holo Illustration Rare English NM,Ungraded,4000,,"[""FIXED_PRICE""]",dcr_green,https://i.ebayimg.com/images/g/MOYAAeSwxfNqp468/s-l225.jpg,0331d96e-d8af-44d3-9552-85f784d9b4ca,720c16f5-5c19-43bc-a711-0ea9e8545aab,Trubbish,White Flare,140,illustration_rare,YES,SINGLE_CARD,RAW,CARD,,,,,Donny,2026-09-15T22:19:36.621345+00:00,,
E9B-0007,v1|257716402982|0,https://www.ebay.com/itm/257716402982?_skw=Trubbish+140+White+Flare&hash=item3c01183b26:g:Gx0AAeSwzf9qluhW,Trubbish 140/086 Sv: White Flare Holo,Ungraded,4000,,"[""FIXED_PRICE""]",robbidownin_0,https://i.ebayimg.com/images/g/Gx0AAeSwzf9qluhW/s-l225.jpg,0331d96e-d8af-44d3-9552-85f784d9b4ca,720c16f5-5c19-43bc-a711-0ea9e8545aab,Trubbish,White Flare,140,illustration_rare,YES,SINGLE_CARD,RAW,CARD,,,,,Donny,2026-09-15T22:20:02.762849+00:00,,
E9B-0008,v1|287536452607|0,https://www.ebay.com/itm/287536452607?_skw=Trubbish+140+White+Flare&hash=item42f28213ff:g:QqAAAeSwXm5qhxcF,Pokémon TCG Trubbish White Flare Full Art English Illustration Rare Card 140/086,Graded,2750,,"[""FIXED_PRICE"", ""BEST_OFFER""]",mitchybaby89,https://i.ebayimg.com/images/g/QqAAAeSwXm5qhxcF/s-l225.jpg,0331d96e-d8af-44d3-9552-85f784d9b4ca,720c16f5-5c19-43bc-a711-0ea9e8545aab,Trubbish,White Flare,140,illustration_rare,NO,SINGLE_CARD,GRADED,CARD,,,,,Donny,2026-09-15T03:44:55.439328+00:00,,
E9B-0009,v1|336744208749|0,https://www.ebay.com/itm/336744208749?_skw=Trubbish+140+White+Flare&hash=item4e6784d96d:g:CaEAAeSwPd5qgKUs,Trubbish 140/086 Sv: White Flare Holo - Near Mint - Free Shipping,Ungraded,4000,,"[""FIXED_PRICE""]",nabztx,https://i.ebayimg.com/images/g/CaEAAeSwPd5qgKUs/s-l225.jpg,0331d96e-d8af-44d3-9552-85f784d9b4ca,720c16f5-5c19-43bc-a711-0ea9e8545aab,Trubbish,White Flare,140,illustration_rare,NO,SINGLE_CARD,GRADED,CARD,,,,,Donny,2026-09-15T03:44:58.429717+00:00,,
E9B-0010,v1|178455015203|0,https://www.ebay.com/itm/178455015203?_skw=Trubbish+140+White+Flare&hash=item298cbf6f23:g:SGYAAeSwptdqlQp4,Pokemon TCG Trubbish 140/086 SV White Flare Illustration Rare Holo EN 70 HP,Ungraded,4000,,"[""FIXED_PRICE"", ""BEST_OFFER""]",sorbbs,https://i.ebayimg.com/images/g/SGYAAeSwptdqlQp4/s-l225.jpg,0331d96e-d8af-44d3-9552-85f784d9b4ca,720c16f5-5c19-43bc-a711-0ea9e8545aab,Trubbish,White Flare,140,illustration_rare,YES,SINGLE_CARD,RAW,CARD,,,,,Donny,2026-09-15T22:18:53.645259+00:00,,
E9B-0011,v1|117408083748|0,https://www.ebay.com/itm/117408083748?_skw=Trubbish+140+White+Flare&hash=item1b56112f24:g:5WwAAeSwkFdqpJlQ,2025 POKEMON WHT EN-WHITE FLARE ILLUSTRATION RARE #140 TRUBBISH PSA 7,Graded,2750,,"[""AUCTION""]",psa,https://i.ebayimg.com/images/g/5WwAAeSwkFdqpJlQ/s-l225.jpg,0331d96e-d8af-44d3-9552-85f784d9b4ca,720c16f5-5c19-43bc-a711-0ea9e8545aab,Trubbish,White Flare,140,illustration_rare,NO,SINGLE_CARD,GRADED,CARD,,,,,Donny,2026-09-15T03:45:03.030076+00:00,,
E9B-0012,v1|407186525922|0,https://www.ebay.com/itm/407186525922?_skw=Haxorus+147+Black+Bolt&hash=item5ece354ee2:g:hjYAAeSw9XJql5hS,Haxorus - 147/086 147 - SV Black Bolt Holofoil - NM,Ungraded,4000,,"[""FIXED_PRICE""]",bananagameshobby,https://i.ebayimg.com/images/g/hjYAAeSw9XJql5hS/s-l225.jpg,0b81872e-b089-49e9-aec3-16a535b12efb,0057b67c-a140-400c-b308-2a6d046cb043,Haxorus,Black Bolt,147,illustration_rare,YES,SINGLE_CARD,RAW,CARD,,,,,Donny,2026-09-15T22:19:17.769398+00:00,,
E9B-0013,v1|307114830003|0,https://www.ebay.com/itm/307114830003?_skw=Haxorus+147+Black+Bolt+Pokemon+card&hash=item47817868b3:g:4dsAAeSwtGBqd3hm,2025 POKEMON BLK EN-BLACK BOLT ILLUSTRATION RARE #147 HAXORUS PSA 10,Graded,2750,,"[""FIXED_PRICE"", ""BEST_OFFER""]",psa,https://i.ebayimg.com/images/g/4dsAAeSwtGBqd3hm/s-l225.jpg,0b81872e-b089-49e9-aec3-16a535b12efb,0057b67c-a140-400c-b308-2a6d046cb043,Haxorus,Black Bolt,147,illustration_rare,NO,SINGLE_CARD,GRADED,CARD,,,,,Donny,2026-09-15T03:45:06.202509+00:00,,
E9B-0014,v1|298665081831|0,https://www.ebay.com/itm/298665081831?_skw=Haxorus+147+Black+Bolt&hash=item4589d37be7:g:ZHQAAeSwICxqpG7A,Haxorus 147/086 Holofoil NM,Ungraded,4000,,"[""FIXED_PRICE""]",nebniab,https://i.ebayimg.com/images/g/ZHQAAeSwICxqpG7A/s-l225.jpg,0b81872e-b089-49e9-aec3-16a535b12efb,0057b67c-a140-400c-b308-2a6d046cb043,Haxorus,Black Bolt,147,illustration_rare,YES,SINGLE_CARD,RAW,CARD,,,,,Donny,2026-09-15T22:18:50.807756+00:00,,
E9B-0015,v1|227515898381|0,https://www.ebay.com/itm/227515898381?_skw=Haxorus+147+Black+Bolt&hash=item34f9011a0d:g:6EsAAeSwogFqURT~,POP 1 2025 POKEMON BLK ES-BLACK BOLT ILLUSTRATION RARE #147 HAXORUS PSA 10,Clasificada,2750,,"[""FIXED_PRICE""]",lemaaes2014,https://i.ebayimg.com/images/g/6EsAAeSwogFqURT~/s-l225.jpg,0b81872e-b089-49e9-aec3-16a535b12efb,0057b67c-a140-400c-b308-2a6d046cb043,Haxorus,Black Bolt,147,illustration_rare,NO,SINGLE_CARD,GRADED,CARD,,,,,Donny,2026-09-15T03:45:10.230331+00:00,,
E9B-0016,v1|267769246370|0,https://www.ebay.com/itm/267769246370?_skw=Haxorus+147+Black+Bolt&hash=item3e584a72a2:g:JdMAAeSwOCtqkMbf,Haxorus 147/086 Sv: Black Bolt Holo,Ungraded,4000,,"[""FIXED_PRICE"", ""BEST_OFFER""]",bbs_collectibles805,https://i.ebayimg.com/images/g/JdMAAeSwOCtqkMbf/s-l225.jpg,0b81872e-b089-49e9-aec3-16a535b12efb,0057b67c-a140-400c-b308-2a6d046cb043,Haxorus,Black Bolt,147,illustration_rare,YES,SINGLE_CARD,RAW,CARD,,,,,Donny,2026-09-15T22:18:47.979397+00:00,,
E9B-0017,v1|800662522226|0,https://www.ebay.com/itm/800662522226?_skw=Haxorus+147+Black+Bolt+Pokemon+card&hash=itemba6b348972:g:sjoAAeSwAetqqGH6,Pokemon Co. Haxorus 147/086 Sv: Black Bolt IR Holo ENG PSA 10,Graded,2750,,"[""AUCTION""]",rlun7467_6,https://i.ebayimg.com/images/g/sjoAAeSwAetqqGH6/s-l225.jpg,0b81872e-b089-49e9-aec3-16a535b12efb,0057b67c-a140-400c-b308-2a6d046cb043,Haxorus,Black Bolt,147,illustration_rare,NO,SINGLE_CARD,GRADED,CARD,,,,,Donny,2026-09-15T03:45:13.334523+00:00,,
E9B-0018,v1|407212653186|0,https://www.ebay.com/itm/407212653186?_skw=Tinkatuff+166+Paldean+Fates&hash=item5ecfc3fa82:g:MN4AAeSwNtZqf0SY,Tinkatuff [PAF - 166/091] Near Mint EN,Ungraded,4000,,"[""FIXED_PRICE""]",boons_world,https://i.ebayimg.com/images/g/MN4AAeSwNtZqf0SY/s-l225.jpg,0dde3317-5162-49d1-b5c9-6b206a086d2c,7a7c3304-cc14-4aab-9f7b-b88270d4228c,Tinkatuff,Paldean Fates,166,shiny_rare,YES,SINGLE_CARD,RAW,CARD,,,,,Donny,2026-09-15T22:18:10.855447+00:00,,
E9B-0019,v1|398388635290|0,https://www.ebay.com/itm/398388635290?_skw=Tinkatuff+166+Paldean+Fates+Pokemon+card&hash=item5cc1d0269a:g:MlIAAeSwWIxqmzbV,Tinkatuff 166/091 Shiny Rare Paldean Fates Pokemon Holo Near Mint,Ungraded,4000,,"[""FIXED_PRICE""]",tcgcardex,https://i.ebayimg.com/images/g/MlIAAeSwWIxqmzbV/s-l225.jpg,0dde3317-5162-49d1-b5c9-6b206a086d2c,7a7c3304-cc14-4aab-9f7b-b88270d4228c,Tinkatuff,Paldean Fates,166,shiny_rare,YES,SINGLE_CARD,RAW,CARD,,,,,Donny,2026-09-15T22:17:03.173393+00:00,,
E9B-0020,v1|128079751645|0,https://www.ebay.com/itm/128079751645?_skw=Tinkatuff+166+Paldean+Fates+Pokemon+card&hash=item1dd225e9dd:g:EsoAAeSw-KZqqFDG,Tinkatuff - #166/091 (Baby Shiny),Ungraded,4000,,"[""FIXED_PRICE"", ""BEST_OFFER""]",happybugzcards,https://i.ebayimg.com/images/g/EsoAAeSw-KZqqFDG/s-l225.jpg,0dde3317-5162-49d1-b5c9-6b206a086d2c,7a7c3304-cc14-4aab-9f7b-b88270d4228c,Tinkatuff,Paldean Fates,166,shiny_rare,YES,SINGLE_CARD,RAW,CARD,,,,,Donny,2026-09-15T22:19:47.623440+00:00,,
E9B-0021,v1|287571343064|0,https://www.ebay.com/itm/287571343064?_skw=Tinkatuff+166+Paldean+Fates&hash=item42f49676d8:g:TpAAAeSwSyZqns-n,"Tinkatink, Tinkatuff & Tinkaton 165/091 166/091 167/091 Paldean Fates Shiny Holo",Ungraded,4000,,"[""FIXED_PRICE"", ""BEST_OFFER""]",the_holo_hub,https://i.ebayimg.com/images/g/TpAAAeSwSyZqns-n/s-l225.jpg,0dde3317-5162-49d1-b5c9-6b206a086d2c,7a7c3304-cc14-4aab-9f7b-b88270d4228c,Tinkatuff,Paldean Fates,166,shiny_rare,NO,LOT_OR_BUNDLE,RAW,CARD,,,,,Donny,2026-09-15T03:45:19.502609+00:00,,
E9B-0022,v1|128059628851|429472104068,https://www.ebay.com/itm/128059628851?_skw=Tinkatuff+166+Paldean+Fates&hash=item1dd0f2dd33:g:j5QAAeSwJMFqpiPE,Tinkatuff (166/091) [Scarlet & Violet: Paldean Fates],Ungraded,4000,,"[""FIXED_PRICE""]",nutmeggamesllc,https://i.ebayimg.com/images/g/j5QAAeSwJMFqpiPE/s-l225.jpg,0dde3317-5162-49d1-b5c9-6b206a086d2c,7a7c3304-cc14-4aab-9f7b-b88270d4228c,Tinkatuff,Paldean Fates,166,shiny_rare,YES,SINGLE_CARD,RAW,CARD,,,,,Donny,2026-09-15T22:19:19.350278+00:00,,
E9B-0023,v1|198637600995|0,https://www.ebay.com/itm/198637600995?_skw=Tinkatuff+166+Paldean+Fates&hash=item2e3fb940e3:g:zVUAAeSwGNVqNcdd,Tinkatuff 166/091 SV: Paldean Fates Holo NM,Ungraded,4000,,"[""AUCTION"", ""BEST_OFFER""]",pokemanzco,https://i.ebayimg.com/images/g/zVUAAeSwGNVqNcdd/s-l225.jpg,0dde3317-5162-49d1-b5c9-6b206a086d2c,7a7c3304-cc14-4aab-9f7b-b88270d4228c,Tinkatuff,Paldean Fates,166,shiny_rare,YES,SINGLE_CARD,RAW,CARD,,,,,Donny,2026-09-15T22:19:44.635730+00:00,,
E9B-0024,v1|287457391501|0,https://www.ebay.com/itm/287457391501?_skw=Lt.+Surge%27s+Bargain+185+Mega+Evolution+Pokemon+card&hash=item42edcbb38d:g:0P0AAeSwINxqVECN&amdata=enc%3AAQALAAABEACCtXRWQnOEpyOqnQQ8KGb9J6nGUs2aAXvEs1RS4c74wcAvxqMQlNhUBJZS3bAHXSQ8urUFniC6D3JWLxUznTFdBjrLy1h00oS7N0KWfImJ4OwDeye2Vfus3N%2BY56%2F3q19Nz4FuECYHM5a5INVlm1DpJ2vsB6uSCCuEuU%2BasrnRurGVUHXGCGnVPLwLBhX3l7c%2FzyAZqs0Dul7XmOSYPnSHkEl3HGRGU93ncHeoI47GxRdDSxGbxbfMsa3dAmUuYHyvuZAqQ3T9BV%2FQR71wFhBnnt5rwZPZ5sJBBgx%2BHQIKt6714wzRhzUdh1rssowFcxtABcCbHvowPuhiXjAUrmBWID9%2F6B%2Be73kGK8u8eF7k,Lt. Surge's Bargain 185/132 Me01: Mega Evolution Holo,Ungraded,4000,,"[""FIXED_PRICE"", ""BEST_OFFER""]",jm24_nb25,https://i.ebayimg.com/images/g/0P0AAeSwINxqVECN/s-l225.jpg,10a47631-ea19-4b62-8a93-4b1b3e6b3013,780a248c-87ff-4879-955c-3d6bea287aca,Lt. Surge's Bargain,Mega Evolution,185,special_illustration_rare,YES,SINGLE_CARD,RAW,CARD,,,,,Donny,2026-09-15T22:16:44.406437+00:00,,
E9B-0025,v1|406861532816|0,https://www.ebay.com/itm/406861532816?_skw=Lt.+Surge%27s+Bargain+185+Mega+Evolution+Pokemon+card&hash=item5ebad64e90:g:hAAAAeSwhPFp4M89, Lt. Surge's Bargain 185/132 Me01 Mega Evolution SIR,Ungraded,4000,,"[""FIXED_PRICE"", ""BEST_OFFER""]",dil748,https://i.ebayimg.com/images/g/hAAAAeSwhPFp4M89/s-l225.jpg,10a47631-ea19-4b62-8a93-4b1b3e6b3013,780a248c-87ff-4879-955c-3d6bea287aca,Lt. Surge's Bargain,Mega Evolution,185,special_illustration_rare,YES,SINGLE_CARD,RAW,CARD,,,,,Donny,2026-09-15T22:19:06.285362+00:00,,
E9B-0026,v1|267751479513|0,https://www.ebay.com/itm/267751479513?_skw=Lt.+Surge%27s+Bargain+185+Mega+Evolution+Pokemon+card&hash=item3e573b58d9:g:tV0AAeSwls1qd6Wl,Lt. Surge's Bargain Meg 185/132 ME01 Near Mint NM,Ungraded,4000,,"[""FIXED_PRICE"", ""BEST_OFFER""]",mrluchini,https://i.ebayimg.com/images/g/tV0AAeSwls1qd6Wl/s-l225.jpg,10a47631-ea19-4b62-8a93-4b1b3e6b3013,780a248c-87ff-4879-955c-3d6bea287aca,Lt. Surge's Bargain,Mega Evolution,185,special_illustration_rare,YES,SINGLE_CARD,RAW,CARD,,,,,Donny,2026-09-15T22:20:08.622960+00:00,,
E9B-0027,v1|287503399685|0,https://www.ebay.com/itm/287503399685?_skw=Lt.+Surge%27s+Bargain+185+Mega+Evolution+Pokemon+card&hash=item42f089bb05:g:a6QAAeSw0sdqciYS,Lt. Surge's Bargain Pokemon ME01: Mega Evolution #185/132 Holo Near Mint,Ungraded,4000,,"[""FIXED_PRICE"", ""BEST_OFFER""]",myflyisbreeezy,https://i.ebayimg.com/images/g/a6QAAeSw0sdqciYS/s-l225.jpg,10a47631-ea19-4b62-8a93-4b1b3e6b3013,780a248c-87ff-4879-955c-3d6bea287aca,Lt. Surge's Bargain,Mega Evolution,185,special_illustration_rare,YES,SINGLE_CARD,RAW,CARD,,,,,Donny,2026-09-15T22:19:50.364415+00:00,,
E9B-0028,v1|128070876793|0,https://www.ebay.com/itm/128070876793?_skw=Lt.+Surge%27s+Bargain+185+Mega+Evolution+Pokemon+card&hash=item1dd19e7e79:g:wdAAAeSwF6ZqoZMM&amdata=enc%3AAQALAAABEACCtXRWQnOEpyOqnQQ8KGZlyLL8uWZJ9rO66%2B4qyHgjIEgD2zNp6tGeaK5Y79MN8gBbWOchUItQmnrAFIb6YU%2BEPMshf9eBIyUVjxzH52xK05eerr2FCQP6BYwYca9J1qOMDLPtgUUDVWimC4tm370RrpL%2F1l17pyBxkgonbWSOCJoHnHAcgM7bB0XFdB%2FBgFepMuz8DFxnhi39pU1KXL0s6xVLuTAei2aI%2F8DdtXJpUnb6%2Bt9cXmRoM69DNL27KJ0srveqJf2dAvUB4pM1pfUtam6EJ8jooPfcmX%2BaXvwd3fJWheF%2FyXFSbKy6YKSomwmjGiaTbZd8XJA8SkxxPKKonAMJFHtfOFxL7P2lWCHn,Pokemon TCG Lt. Surge's Bargain 185/132 ME01 Special Illus Rare Full Art Holo,Graded,2750,,"[""FIXED_PRICE"", ""BEST_OFFER""]",ditto_king,https://i.ebayimg.com/images/g/wdAAAeSwF6ZqoZMM/s-l225.jpg,10a47631-ea19-4b62-8a93-4b1b3e6b3013,780a248c-87ff-4879-955c-3d6bea287aca,Lt. Surge's Bargain,Mega Evolution,185,special_illustration_rare,NO,SINGLE_CARD,GRADED,CARD,,,,,Donny,2026-09-15T03:45:33.196383+00:00,,
E9B-0029,v1|297659467069|0,https://www.ebay.com/itm/297659467069?_skw=Lt.+Surge%27s+Bargain+185+Mega+Evolution+Pokemon+card&hash=item454de3053d:g:1kYAAeSwXHVo4Zgj,Lt. Surge's Bargain 185/132 Me01: Mega Evolution Holo,Ungraded,4000,,"[""FIXED_PRICE"", ""BEST_OFFER""]",kyjen6500,https://i.ebayimg.com/images/g/1kYAAeSwXHVo4Zgj/s-l225.jpg,10a47631-ea19-4b62-8a93-4b1b3e6b3013,780a248c-87ff-4879-955c-3d6bea287aca,Lt. Surge's Bargain,Mega Evolution,185,special_illustration_rare,YES,SINGLE_CARD,RAW,CARD,,,,,Donny,2026-09-15T22:19:46.950545+00:00,,
E9B-0030,v1|188930454824|0,https://www.ebay.com/itm/188930454824?_skw=Carmine+217+Twilight+Masquerade+Pokemon+card&hash=item2bfd21f528:g:JKEAAeSwUatqqDf-,Carmine 217/167 Holofoil SIR Twilight Masquerade NM Pokemon,Ungraded,4000,,"[""FIXED_PRICE""]",royscardsus,https://i.ebayimg.com/images/g/JKEAAeSwUatqqDf-/s-l225.jpg,147a436d-4ccc-43d1-b19a-20b74d2ff723,a86eb8d9-0e89-4e02-879a-d587dbfe0252,Carmine,Twilight Masquerade,217,special_illustration_rare,YES,SINGLE_CARD,RAW,CARD,,,,,Donny,2026-09-15T22:19:00.680380+00:00,,
E9B-0031,v1|147573311124|0,https://www.ebay.com/itm/147573311124?_skw=Carmine+217+Twilight+Masquerade+Pokemon+card&hash=item225c0e0694:g:rBMAAeSw4VJqbk-a,Pokémon TCG Carmine 217/167 Special Illustration Rare Twilight Masquerade PSA 9,Graded,2750,,"[""FIXED_PRICE""]",vilibee,https://i.ebayimg.com/images/g/rBMAAeSw4VJqbk-a/s-l225.jpg,147a436d-4ccc-43d1-b19a-20b74d2ff723,a86eb8d9-0e89-4e02-879a-d587dbfe0252,Carmine,Twilight Masquerade,217,special_illustration_rare,NO,SINGLE_CARD,GRADED,CARD,,,,,Donny,2026-09-15T03:45:39.340687+00:00,,
E9B-0032,v1|407214496842|0,https://www.ebay.com/itm/407214496842?_skw=Carmine+217+Twilight+Masquerade+Pokemon+card&hash=item5ecfe01c4a:g:6AQAAeSwSg9qpx88&amdata=enc%3AAQALAAABEACCtXRWQnOEpyOqnQQ8KGapSfHlnBMSU83eenGBTq7tkagMK3yA02xRwa%2F31XcbFFWtDRE8MnfCOpVkGtgwrXLVkd7aXr4rppPJhtOals3NOHYPtCS8evbkcEmVJA3o4j1476PdY7koFlCyRTAmhVn1RHZSDMBdghyrsc0ln6cWcJ9D4r4IkeraMKqagKnZ0cTJZdmGAi3jKcWjKLy6tUGn1Dth1ihKhJ8neOMjQR3%2BSIiKeaDMIjP0ATdSDjWUO8IeeADF30OloKxa7YhYRv--Brvw0A57b8rVgK4lBmgzHisjM3htX7L8FGGsNp0B%2FQsvco0j3D15yw7mxZwZijDLnSu2LXdkFD1%2FbdkiydZq,Carmine 217/167 Twilight Masquerade FA Special Illustration Rare Holo Pokémon NM,Ungraded,4000,,"[""FIXED_PRICE""]",pokefamilygaming,https://i.ebayimg.com/images/g/6AQAAeSwSg9qpx88/s-l225.jpg,147a436d-4ccc-43d1-b19a-20b74d2ff723,a86eb8d9-0e89-4e02-879a-d587dbfe0252,Carmine,Twilight Masquerade,217,special_illustration_rare,YES,SINGLE_CARD,RAW,CARD,,,,,Donny,2026-09-15T22:19:04.833700+00:00,,
E9B-0033,v1|366668637315|0,https://www.ebay.com/itm/366668637315?_skw=Carmine+217+Twilight+Masquerade+Pokemon+card&hash=item555f276483:g:77oAAeSwPOlqqAjQ,Carmine 217/167 Sv06: Twilight Masquerade Holo,Ungraded,4000,,"[""FIXED_PRICE"", ""BEST_OFFER""]",dusko_80,https://i.ebayimg.com/images/g/77oAAeSwPOlqqAjQ/s-l225.jpg,147a436d-4ccc-43d1-b19a-20b74d2ff723,a86eb8d9-0e89-4e02-879a-d587dbfe0252,Carmine,Twilight Masquerade,217,special_illustration_rare,YES,SINGLE_CARD,RAW,CARD,,,,,Donny,2026-09-15T22:17:50.056454+00:00,,
E9B-0034,v1|178496363133|0,https://www.ebay.com/itm/178496363133?_skw=Carmine+217+Twilight+Masquerade+Pokemon+card&hash=item298f365a7d:g:JCsAAeSwjBpqqCBd,2024 Pokemon Scarlet Violet Twilight Masquerade Carmine #217 PSA 10,Graded,2750,,"[""FIXED_PRICE""]",monmouthcards,https://i.ebayimg.com/images/g/JCsAAeSwjBpqqCBd/s-l225.jpg,147a436d-4ccc-43d1-b19a-20b74d2ff723,a86eb8d9-0e89-4e02-879a-d587dbfe0252,Carmine,Twilight Masquerade,217,special_illustration_rare,NO,SINGLE_CARD,GRADED,CARD,,,,,Donny,2026-09-15T03:45:43.091968+00:00,,
E9B-0035,v1|326818416160|0,https://www.ebay.com/itm/326818416160?_skw=Carmine+217+Twilight+Masquerade+Pokemon+card&hash=item4c17e54620:g:edAAAeSwS3Jo7ws5,Carmine 217 Twilight Masquerade Holo NM Special Illustration Rare,Ungraded,4000,,"[""FIXED_PRICE"", ""BEST_OFFER""]",spiceynoodles44,https://i.ebayimg.com/images/g/edAAAeSwS3Jo7ws5/s-l225.jpg,147a436d-4ccc-43d1-b19a-20b74d2ff723,a86eb8d9-0e89-4e02-879a-d587dbfe0252,Carmine,Twilight Masquerade,217,special_illustration_rare,YES,SINGLE_CARD,RAW,CARD,,,,,Donny,2026-09-15T22:17:27.778368+00:00,,
E9B-0036,v1|356928482780|0,https://www.ebay.com/itm/356928482780?_skw=Giovanni%27s+Charisma+204+Scarlet+and+Violet+151+Pokemon+card&hash=item531a986ddc:g:E78AAeSwWV9oK5Fs,Giovanni's Charisma 204/165 Sv: Scarlet & Violet 151 Holo,Graded,2750,,"[""FIXED_PRICE"", ""BEST_OFFER""]",rics_treasure,https://i.ebayimg.com/images/g/E78AAeSwWV9oK5Fs/s-l225.jpg,152906c9-3b9f-4f16-bb22-cb4241c7386b,20ddd5ca-77ef-4e3c-a018-ea4c7a44913a,Giovanni's Charisma,Scarlet and Violet 151,204,special_illustration_rare,NO,SINGLE_CARD,GRADED,CARD,,,,,Donny,2026-09-15T03:45:45.922809+00:00,,
E9B-0037,v1|287257045306|0,https://www.ebay.com/itm/287257045306?_skw=Giovanni%27s+Charisma+204+Scarlet+and+Violet+151+Pokemon+card&hash=item42e1daa93a:g:T9oAAeSwrzpp0-Ss,Giovanni's Charisma #204/165 - Illustration Rare - Scarlet & Violet 151 [NM],Ungraded,4000,,"[""FIXED_PRICE""]",seaux_southern,https://i.ebayimg.com/images/g/T9oAAeSwrzpp0-Ss/s-l225.jpg,152906c9-3b9f-4f16-bb22-cb4241c7386b,20ddd5ca-77ef-4e3c-a018-ea4c7a44913a,Giovanni's Charisma,Scarlet and Violet 151,204,special_illustration_rare,YES,SINGLE_CARD,RAW,CARD,,,,,Donny,2026-09-15T22:16:50.069583+00:00,,
E9B-0038,v1|407212768845|0,https://www.ebay.com/itm/407212768845?_skw=Giovanni%27s+Charisma+204+Scarlet+and+Violet+151+Pokemon+card&hash=item5ecfc5be4d:g:1OEAAeSwdo1qpgkO,Giovanni's Charisma 161/165 Sv: Scarlet & Violet 151 Regular NM,Ungraded,4000,,"[""FIXED_PRICE""]",hantoncardcollections,https://i.ebayimg.com/images/g/1OEAAeSwdo1qpgkO/s-l225.jpg,152906c9-3b9f-4f16-bb22-cb4241c7386b,20ddd5ca-77ef-4e3c-a018-ea4c7a44913a,Giovanni's Charisma,Scarlet and Violet 151,204,special_illustration_rare,NO,SINGLE_CARD,RAW,CARD,INCONSISTENT,,,,Donny,2026-09-15T03:45:48.578731+00:00,,
E9B-0039,v1|366318905689|0,https://www.ebay.com/itm/366318905689?_skw=Giovanni%27s+Charisma+204+Scarlet+and+Violet+151+Pokemon+card&hash=item554a4ee959:g:UTQAAeSwyElpzKsz,SV: Scarlet & Violet 151 #161/165 Giovanni's Charisma Base,Ungraded,4000,,"[""FIXED_PRICE"", ""BEST_OFFER""]",goldencards-4,https://i.ebayimg.com/images/g/UTQAAeSwyElpzKsz/s-l225.jpg,152906c9-3b9f-4f16-bb22-cb4241c7386b,20ddd5ca-77ef-4e3c-a018-ea4c7a44913a,Giovanni's Charisma,Scarlet and Violet 151,204,special_illustration_rare,NO,SINGLE_CARD,RAW,CARD,INCONSISTENT,,,,Donny,2026-09-15T03:45:52.915368+00:00,,
E9B-0040,v1|318634076506|0,https://www.ebay.com/itm/318634076506?_skw=Giovanni%27s+Charisma+204+Scarlet+and+Violet+151+Pokemon+card&hash=item4a3012295a:g:wXQAAeSwPGtqZKh1,Giovanni's Charisma 161/165 Sv: Scarlet & Violet 151 Regular,Ungraded,4000,,"[""FIXED_PRICE"", ""BEST_OFFER""]",mi2183376,https://i.ebayimg.com/images/g/wXQAAeSwPGtqZKh1/s-l225.jpg,152906c9-3b9f-4f16-bb22-cb4241c7386b,20ddd5ca-77ef-4e3c-a018-ea4c7a44913a,Giovanni's Charisma,Scarlet and Violet 151,204,special_illustration_rare,NO,SINGLE_CARD,RAW,CARD,INCONSISTENT,,,,Donny,2026-09-15T03:45:54.548425+00:00,,
E9B-0041,v1|336713203893|0,https://www.ebay.com/itm/336713203893?_skw=Giovanni%27s+Charisma+204+Scarlet+and+Violet+151+Pokemon+card&hash=item4e65abc0b5:g:2mMAAeSw3QFqaL29,Giovanni's Charisma Reverse Holo 161/165 SV: Scarlet & Violet 151 Uncommon NM,Ungraded,4000,,"[""FIXED_PRICE"", ""BEST_OFFER""]",kountrycardboard,https://i.ebayimg.com/images/g/2mMAAeSw3QFqaL29/s-l225.jpg,152906c9-3b9f-4f16-bb22-cb4241c7386b,20ddd5ca-77ef-4e3c-a018-ea4c7a44913a,Giovanni's Charisma,Scarlet and Violet 151,204,special_illustration_rare,NO,SINGLE_CARD,RAW,CARD,INCONSISTENT,,,,Donny,2026-09-15T03:45:56.148244+00:00,,
E9B-0042,v1|168688272313|0,https://www.ebay.com/itm/168688272313?_skw=Veluza+192+Paradox+Rift&hash=item27469ac3b9:g:gyMAAeSwId5qqAHs,1x Veluza - 192/182 - Illustration Rare NM-Mint Pokemon SV04 - Paradox Rift,Ungraded,4000,,"[""FIXED_PRICE""]",thewastelandgaming,https://i.ebayimg.com/images/g/gyMAAeSwId5qqAHs/s-l225.jpg,15faf94c-4a3b-4f09-a867-f2ded1174419,98ab7334-59cd-47fa-b778-f6526e5e1276,Veluza,Paradox Rift,192,illustration_rare,YES,SINGLE_CARD,RAW,CARD,,,,,Donny,2026-09-15T22:18:41.815287+00:00,,
E9B-0043,v1|407216880926|0,https://www.ebay.com/itm/407216880926?_skw=Veluza+192+Paradox+Rift+Pokemon+card&hash=item5ed0047d1e:g:OUkAAeSwYD5qqGkd,2023 POKEMON PAR EN-PARADOX RIFT #192 VELUZA ILLUSTRATION RARE PSA 9,Graded,2750,,"[""FIXED_PRICE""]",bearons_tcg_den,https://i.ebayimg.com/images/g/OUkAAeSwYD5qqGkd/s-l225.jpg,15faf94c-4a3b-4f09-a867-f2ded1174419,98ab7334-59cd-47fa-b778-f6526e5e1276,Veluza,Paradox Rift,192,illustration_rare,NO,SINGLE_CARD,GRADED,CARD,,,,,Donny,2026-09-15T03:45:59.027216+00:00,,
E9B-0044,v1|128077672662|0,https://www.ebay.com/itm/128077672662?_skw=Veluza+192+Paradox+Rift+Pokemon+card&hash=item1dd20630d6:g:vmYAAeSwR-dqYDXo,Veluza NM 192/182 Holo Paradox Rift Pokemon Illustration Rare,Ungraded,4000,,"[""FIXED_PRICE""]",shadetreebg,https://i.ebayimg.com/images/g/vmYAAeSwR-dqYDXo/s-l225.jpg,15faf94c-4a3b-4f09-a867-f2ded1174419,98ab7334-59cd-47fa-b778-f6526e5e1276,Veluza,Paradox Rift,192,illustration_rare,YES,SINGLE_CARD,RAW,CARD,,,,,Donny,2026-09-15T22:17:28.507015+00:00,,
E9B-0045,v1|407120480766|0,https://www.ebay.com/itm/407120480766?_skw=Veluza+192+Paradox+Rift&hash=item5eca4589fe:g:cIcAAeSwObdqck1J,Pokemon TCG - Veluza 192/182 Illustration Rare - S&V Paradox Rift - NM,Ungraded,4000,,"[""FIXED_PRICE"", ""BEST_OFFER""]",mythicalbunker,https://i.ebayimg.com/images/g/cIcAAeSwObdqck1J/s-l225.jpg,15faf94c-4a3b-4f09-a867-f2ded1174419,98ab7334-59cd-47fa-b778-f6526e5e1276,Veluza,Paradox Rift,192,illustration_rare,YES,SINGLE_CARD,RAW,CARD,,,,,Donny,2026-09-15T22:19:40.720930+00:00,,
E9B-0046,v1|237066335177|0,https://www.ebay.com/itm/237066335177?_skw=Veluza+192+Paradox+Rift+Pokemon+card&hash=item37324133c9:g:3LcAAeSwHAJqptRj,Veluza 192/182 Paradox Rift Illustration Rare Near Mint,Ungraded,4000,,"[""FIXED_PRICE""]",pokeboah,https://i.ebayimg.com/images/g/3LcAAeSwHAJqptRj/s-l225.jpg,15faf94c-4a3b-4f09-a867-f2ded1174419,98ab7334-59cd-47fa-b778-f6526e5e1276,Veluza,Paradox Rift,192,illustration_rare,YES,SINGLE_CARD,RAW,CARD,,,,,Donny,2026-09-15T22:20:11.593828+00:00,,
E9B-0047,v1|336791473847|0,https://www.ebay.com/itm/336791473847?_skw=Veluza+192+Paradox+Rift+Pokemon+card&hash=item4e6a560eb7:g:om0AAeSwpr5qpeze,Veluza 192/182 Illustration Rare Paradox Rift Pokemon Holo Near Mint,Ungraded,4000,,"[""AUCTION""]",orionsource,https://i.ebayimg.com/images/g/om0AAeSwpr5qpeze/s-l225.jpg,15faf94c-4a3b-4f09-a867-f2ded1174419,98ab7334-59cd-47fa-b778-f6526e5e1276,Veluza,Paradox Rift,192,illustration_rare,YES,SINGLE_CARD,RAW,CARD,,,,,Donny,2026-09-15T22:18:31.489852+00:00,,
E9B-0048,v1|398389111392|0,https://www.ebay.com/itm/398389111392?_skw=Oshawott+105+White+Flare&hash=item5cc1d76a60:g:IRMAAeSwHYBqpfRb&amdata=enc%3AAQALAAABAACCtXRWQnOEpyOqnQQ8KGa2W1mI3KeTUFEwHuRxHcj16DsC%2FyUDA859OqOdHUM901Uh9wGzfpNBBcMXpsjpmgXpVLyO4DP1YiNMHDZmgUseDxhvudzaXAQnc5HCVRdSEcmEgXxUv5h6HDnUdh1M8qfNkE%2FV4qY%2BSVJBb2i9MORNMgMRymkzgWL2ikPOtFH53VIdWwNxVEsmkzTYgWCJUHlAtFlkdNhHz1SxW%2Bwrso2SaZv7Vfhuifa1lyIzgMuOfqF5nVmfomLx2fce5WDBXphB23d71MxbO3b%2Bl%2BAnawuQyMpd%2FFG9ZGVE4vW5W6iQcmi%2B%2B5TK09qLjqmw5VT6u8Y%3D,😴 Sleepy boi Oshawott 105/086 Pokémon: White Flare IR ENGLISH - low pop: 65 ‼️,Graded,2750,,"[""FIXED_PRICE"", ""BEST_OFFER""]",bandyc00t_tcg,https://i.ebayimg.com/images/g/IRMAAeSwHYBqpfRb/s-l225.jpg,209f02db-d953-4dde-bbd6-0822671fe1d1,eb38e2d2-2e6a-41e2-939d-335c8a5e50d1,Oshawott,White Flare,105,illustration_rare,NO,SINGLE_CARD,GRADED,CARD,,,,,Donny,2026-09-15T03:46:09.959786+00:00,,
E9B-0049,v1|327356535825|0,https://www.ebay.com/itm/327356535825?_skw=Oshawott+105+White+Flare+Pokemon+card&hash=item4c37f85411:g:SjEAAeSwXfFqpuOi,OSHAWOTT 2025 Pokemon Scarlet & Violet White Flare Illustration Rare #105/086,Ungraded,4000,,"[""FIXED_PRICE"", ""BEST_OFFER""]",franks_card_shop,https://i.ebayimg.com/images/g/SjEAAeSwXfFqpuOi/s-l225.jpg,209f02db-d953-4dde-bbd6-0822671fe1d1,eb38e2d2-2e6a-41e2-939d-335c8a5e50d1,Oshawott,White Flare,105,illustration_rare,YES,SINGLE_CARD,RAW,CARD,,,,,Donny,2026-09-15T22:17:52.456203+00:00,,
E9B-0050,v1|327358502298|0,https://www.ebay.com/itm/327358502298?_skw=Oshawott+105+White+Flare&hash=item4c3816559a:g:owEAAeSwh9BqqJz4,Oshawott Holo 105/086 Illustration Rare White Flare Pokemon NM,Ungraded,4000,,"[""FIXED_PRICE"", ""BEST_OFFER""]",thesportstash,https://i.ebayimg.com/images/g/owEAAeSwh9BqqJz4/s-l225.jpg,209f02db-d953-4dde-bbd6-0822671fe1d1,eb38e2d2-2e6a-41e2-939d-335c8a5e50d1,Oshawott,White Flare,105,illustration_rare,YES,SINGLE_CARD,RAW,CARD,,,,,Donny,2026-09-15T22:20:00.276594+00:00,,
E9B-0051,v1|227419773063|0,https://www.ebay.com/itm/227419773063?_skw=Oshawott+105+White+Flare&hash=item34f3465887:g:qeIAAeSw505qS-5W,Pokémon TCG White Flare Oshawott 105/086 Holo Rare English 2025 NM,Ungraded,4000,,"[""FIXED_PRICE"", ""BEST_OFFER""]",daviescollects-4,https://i.ebayimg.com/images/g/qeIAAeSw505qS-5W/s-l225.jpg,209f02db-d953-4dde-bbd6-0822671fe1d1,eb38e2d2-2e6a-41e2-939d-335c8a5e50d1,Oshawott,White Flare,105,illustration_rare,YES,SINGLE_CARD,RAW,CARD,,,,,Donny,2026-09-15T22:17:45.093738+00:00,,
E9B-0052,v1|178234711779|0,https://www.ebay.com/itm/178234711779?_skw=Oshawott+105+White+Flare&hash=item297f9ddee3:g:mWEAAeSw5oRqNHmK,2025 Pokemon White Flare Oshawott IR 105/086 PSA 10 Gem Mint Illustration Rare,Graded,2750,,"[""FIXED_PRICE"", ""BEST_OFFER""]",amccarthy91,https://i.ebayimg.com/images/g/mWEAAeSw5oRqNHmK/s-l225.jpg,209f02db-d953-4dde-bbd6-0822671fe1d1,eb38e2d2-2e6a-41e2-939d-335c8a5e50d1,Oshawott,White Flare,105,illustration_rare,NO,SINGLE_CARD,GRADED,CARD,,,,,Donny,2026-09-15T03:46:15.490403+00:00,,
E9B-0053,v1|227480533534|0,https://www.ebay.com/itm/227480533534?_skw=Oshawott+105+White+Flare&hash=item34f6e57a1e:g:oxQAAeSwHO1qg-E6,2025 Pokemon SV: White Flare Oshawott - 105/086 Illustration Rare #105/086,Ungraded,4000,,"[""FIXED_PRICE""]",apexpro3d,https://i.ebayimg.com/images/g/oxQAAeSwHO1qg-E6/s-l225.jpg,209f02db-d953-4dde-bbd6-0822671fe1d1,eb38e2d2-2e6a-41e2-939d-335c8a5e50d1,Oshawott,White Flare,105,illustration_rare,YES,SINGLE_CARD,RAW,CARD,,,,,Donny,2026-09-15T22:18:36.453435+00:00,,
E9B-0054,v1|407211916190|0,https://www.ebay.com/itm/407211916190?_skw=Kyurem+ex+165+Black+Bolt&hash=item5ecfb8bb9e:g:onsAAeSwd3NqpX8w,Pokemon 2025 Kyurem ex 165/086 SIR Black Bolt GEM MINT PSA 10,Graded,2750,,"[""FIXED_PRICE""]",arizona_tcg,https://i.ebayimg.com/images/g/onsAAeSwd3NqpX8w/s-l225.jpg,21e9ddc5-2751-4886-9e08-a1c6e2cc14e4,53abbd65-a601-4185-b08c-3721e963fa3d,Kyurem ex,Black Bolt,165,special_illustration_rare,NO,SINGLE_CARD,GRADED,CARD,,,,,Donny,2026-09-15T03:46:18.746580+00:00,,
E9B-0055,v1|317795241066|0,https://www.ebay.com/itm/317795241066?_skw=Kyurem+ex+165+Black+Bolt&hash=item49fe128c6a:g:QBgAAeSw0RhpdABz,Kyurem ex 165/086 Sv: Black Bolt Holo,Ungraded,4000,,"[""FIXED_PRICE"", ""BEST_OFFER""]",hanscollection,https://i.ebayimg.com/images/g/QBgAAeSw0RhpdABz/s-l225.jpg,21e9ddc5-2751-4886-9e08-a1c6e2cc14e4,53abbd65-a601-4185-b08c-3721e963fa3d,Kyurem ex,Black Bolt,165,special_illustration_rare,YES,SINGLE_CARD,RAW,CARD,,,,,Donny,2026-09-15T22:19:06.769572+00:00,,
E9B-0056,v1|227506757116|0,https://www.ebay.com/itm/227506757116?_skw=Kyurem+ex+165+Black+Bolt&hash=item34f8759dfc:g:B64AAeSwT3JqRTyZ&amdata=enc%3AAQALAAABAACCtXRWQnOEpyOqnQQ8KGZ1%2FqrJz1tnF6M4ouwGltZsCNgHAfzL8mNtcESOBGhlPv%2FPGyPBhO7lucSvOYnkMucu8%2BLeoTSzILOzapvaS6KUKWhDBXl%2BDtTou2eq%2BK0DoZBDD%2FLwMjB95SgfOTKNpKGYsifPgL4VO7a3Lh7PnZes1beWtMv1OTb8%2FbTnqbINCTWW%2FPdl6BuvpRrKsgiQSzUtFYafP9n3l0%2Bl5ggp1rYTlED1oyU5kwZTxJy0jYjMR%2Fljbox2pD5vaDQ91Dr8ZI%2FXMxJsl4%2BP5qJyxPmOSAtHTWuf0VrwqkesOK%2FxTjHgTKFMuajV0zM5I3l34CXEIac%3D,Kyurem ex 165 Holo SV: Black Bolt NM,Ungraded,4000,,"[""FIXED_PRICE"", ""BEST_OFFER""]",sirlinderoth,https://i.ebayimg.com/images/g/B64AAeSwT3JqRTyZ/s-l225.jpg,21e9ddc5-2751-4886-9e08-a1c6e2cc14e4,53abbd65-a601-4185-b08c-3721e963fa3d,Kyurem ex,Black Bolt,165,special_illustration_rare,YES,SINGLE_CARD,RAW,CARD,,,,,Donny,2026-09-15T22:16:53.403098+00:00,,
E9B-0057,v1|287519490296|0,https://www.ebay.com/itm/287519490296?_skw=Kyurem+ex+165+Black+Bolt&hash=item42f17f40f8:g:y84AAeSwB7tqe5n4,Kyurem ex 165/086 Sv: Black Bolt Holo,Ungraded,4000,,"[""FIXED_PRICE""]",electrodesemporium,https://i.ebayimg.com/images/g/y84AAeSwB7tqe5n4/s-l225.jpg,21e9ddc5-2751-4886-9e08-a1c6e2cc14e4,53abbd65-a601-4185-b08c-3721e963fa3d,Kyurem ex,Black Bolt,165,special_illustration_rare,YES,SINGLE_CARD,RAW,CARD,,,,,Donny,2026-09-15T22:16:58.739514+00:00,,
E9B-0058,v1|377429547807|0,https://www.ebay.com/itm/377429547807?_skw=Kyurem+ex+165+Black+Bolt&hash=item57e08ddb1f:g:Q2EAAeSwy-ZqhIYX,The Pokémon Company Kyurem ex 165/086 Sv: Black Bolt SIR Holo English 230HP,Ungraded,4000,,"[""FIXED_PRICE"", ""BEST_OFFER""]",maqui_70,https://i.ebayimg.com/images/g/Q2EAAeSwy-ZqhIYX/s-l225.jpg,21e9ddc5-2751-4886-9e08-a1c6e2cc14e4,53abbd65-a601-4185-b08c-3721e963fa3d,Kyurem ex,Black Bolt,165,special_illustration_rare,YES,SINGLE_CARD,RAW,CARD,,,,,Donny,2026-09-15T22:18:52.431730+00:00,,
E9B-0059,v1|307172986645|0,https://www.ebay.com/itm/307172986645?_skw=Kyurem+ex+165+Black+Bolt&hash=item4784efcf15:g:DMkAAeSwnqRqo297,Kyurem ex 165/086 Sv: Black Bolt Holo,Ungraded,4000,,"[""FIXED_PRICE"", ""BEST_OFFER""]",chocop-66,https://i.ebayimg.com/images/g/DMkAAeSwnqRqo297/s-l225.jpg,21e9ddc5-2751-4886-9e08-a1c6e2cc14e4,53abbd65-a601-4185-b08c-3721e963fa3d,Kyurem ex,Black Bolt,165,special_illustration_rare,YES,SINGLE_CARD,RAW,CARD,,,,,Donny,2026-09-15T22:17:38.431984+00:00,,
E9B-0060,v1|407214678566|0,https://www.ebay.com/itm/407214678566?_skw=Pachirisu+138+Paldean+Fates&hash=item5ecfe2e226:g:KV4AAeSwd3Nqp0HZ,Pachirisu 138/091 SV: Paldean Fates Baby Shiny LP,Ungraded,4000,,"[""FIXED_PRICE""]",pokeballiver,https://i.ebayimg.com/images/g/KV4AAeSwd3Nqp0HZ/s-l225.jpg,23d6bd35-bbf0-49b2-911e-4949e66ff8bb,9326d67b-4017-4430-ac3c-bae6eb088be7,Pachirisu,Paldean Fates,138,shiny_rare,YES,SINGLE_CARD,RAW,CARD,,,,,Donny,2026-09-15T22:17:42.317718+00:00,,
E9B-0061,v1|396238927030|664919368659,https://www.ebay.com/itm/396238927030?_skw=Pachirisu+138+Paldean+Fates&hash=item5c41ae34b6:g:0nAAAOSwxt1nu0pX,Pokemon Paldean Fates illustration Rare SIR ex gold full art playset etc.,Ungraded,4000,,"[""FIXED_PRICE""]",ldstarseeker7,https://i.ebayimg.com/images/g/0nAAAOSwxt1nu0pX/s-l225.jpg,23d6bd35-bbf0-49b2-911e-4949e66ff8bb,9326d67b-4017-4430-ac3c-bae6eb088be7,Pachirisu,Paldean Fates,138,shiny_rare,NO,LOT_OR_BUNDLE,RAW,CARD,,,,,Donny,2026-09-15T03:46:27.500251+00:00,,
E9B-0062,v1|800641900726|0,https://www.ebay.com/itm/800641900726?_skw=Pachirisu+138+Paldean+Fates&hash=itemba69f9e0b6:g:7u4AAeSwf25qot8N,Pachirisu Shiny Rare SV: Paldean Fates 138/091 NM,Ungraded,4000,,"[""FIXED_PRICE""]",pokenims89,https://i.ebayimg.com/images/g/7u4AAeSwf25qot8N/s-l225.jpg,23d6bd35-bbf0-49b2-911e-4949e66ff8bb,9326d67b-4017-4430-ac3c-bae6eb088be7,Pachirisu,Paldean Fates,138,shiny_rare,YES,SINGLE_CARD,RAW,CARD,,,,,Donny,2026-09-15T22:18:20.792705+00:00,,
E9B-0063,v1|800288507924|0,https://www.ebay.com/itm/800288507924?_skw=Pachirisu+138+Paldean+Fates&hash=itemba54e98814:g:WA0AAeSwts9qSWcf,Pokemon English - Paldean Fates - Pachirisu 138/091 - Baby Shiny - NM/M,Ungraded,4000,,"[""FIXED_PRICE""]",sirsal25,https://i.ebayimg.com/images/g/WA0AAeSwts9qSWcf/s-l225.jpg,23d6bd35-bbf0-49b2-911e-4949e66ff8bb,9326d67b-4017-4430-ac3c-bae6eb088be7,Pachirisu,Paldean Fates,138,shiny_rare,YES,SINGLE_CARD,RAW,CARD,,,,,Donny,2026-09-15T22:18:19.373474+00:00,,
E9B-0064,v1|298482354688|0,https://www.ebay.com/itm/298482354688?_skw=Pachirisu+138+Paldean+Fates&hash=item457eef4a00:g:6XAAAeSwlslqbqFn,Pachirisu - SV: Paldean Fates [PAF 138/091],Ungraded,4000,,"[""FIXED_PRICE""]",cubhousecollects,https://i.ebayimg.com/images/g/6XAAAeSwlslqbqFn/s-l225.jpg,23d6bd35-bbf0-49b2-911e-4949e66ff8bb,9326d67b-4017-4430-ac3c-bae6eb088be7,Pachirisu,Paldean Fates,138,shiny_rare,YES,SINGLE_CARD,RAW,CARD,,,,,Donny,2026-09-15T22:18:24.976043+00:00,,
E9B-0065,v1|326485306070|0,https://www.ebay.com/itm/326485306070?_skw=Pachirisu+138+Paldean+Fates&hash=item4c040a6ad6:g:Go0AAOSwpeNn01Hf&amdata=enc%3AAQALAAAA8ACCtXRWQnOEpyOqnQQ8KGZb8nX0T%2Bcko7chaizVuIuXNoDhDXUx%2FhhkoAUJHM51Flu7k9pacAazbnz7Rwm%2BM6ynPL0wIdIRHmyqDFzXQHIiwDL7u%2B3YSN1HQKojrRZR3l%2BzAMhiwdUl0t%2F04UDIsVxwzHlFji6nwinjHw5irFHxPZcSn8ASRqNCCWQp8kePV15tsCYr3eT9%2F6Cw0l3WO2I9jD2EjP%2Fplml%2Fp2mffzMOxAPAPwci3BwyTZj6vAMv%2BLrSxK%2Bt0JX2jOXuIzqS3ktaMSsRwQzNCgaEDm9YRP4xtCxC3ihFX1VL%2BZdTNIcmKw%3D%3D,Pokemon Pachirisu Shiny Holo #138 Paldean Fates 2024 - CGC 9 Mint,Graded,2750,,"[""FIXED_PRICE"", ""BEST_OFFER""]",sonicty28,https://i.ebayimg.com/images/g/Go0AAOSwpeNn01Hf/s-l225.jpg,23d6bd35-bbf0-49b2-911e-4949e66ff8bb,9326d67b-4017-4430-ac3c-bae6eb088be7,Pachirisu,Paldean Fates,138,shiny_rare,NO,SINGLE_CARD,GRADED,CARD,,,,,Donny,2026-09-15T03:46:31.773447+00:00,,
E9B-0066,v1|800549171709|0,https://www.ebay.com/itm/800549171709?_skw=Emboar+98+White+Flare+Pokemon+card&hash=itemba6472f1fd:g:UX0AAeSw9Idqifj9,EMBOAR 013/086 HOLO R WHITE FLARE POKEMON NEAR MINT EMBOAR,Ungraded,4000,,"[""FIXED_PRICE""]",nascent_card_collections,https://i.ebayimg.com/images/g/UX0AAeSw9Idqifj9/s-l225.jpg,24f40ecd-605f-4d62-b748-afed33706583,bd1bb49f-f0e6-4441-a2cd-648e3ccf4a4c,Emboar,White Flare,98,illustration_rare,NO,SINGLE_CARD,RAW,CARD,INCONSISTENT,,,,Donny,2026-09-15T03:46:34.339843+00:00,,
E9B-0067,v1|358892052037|0,https://www.ebay.com/itm/358892052037?_skw=Emboar+98+White+Flare+Pokemon+card&hash=item538fa21e45:g:bRAAAeSwtH5qdKff,Emboar 013/086 - Holo White Flare - Rare NM,Ungraded,4000,,"[""FIXED_PRICE""]",jrscardco,https://i.ebayimg.com/images/g/bRAAAeSwtH5qdKff/s-l225.jpg,24f40ecd-605f-4d62-b748-afed33706583,bd1bb49f-f0e6-4441-a2cd-648e3ccf4a4c,Emboar,White Flare,98,illustration_rare,NO,SINGLE_CARD,RAW,CARD,INCONSISTENT,,,,Donny,2026-09-15T03:46:35.720266+00:00,,
E9B-0068,v1|188202850599|0,https://www.ebay.com/itm/188202850599?_skw=Emboar+98+White+Flare+Pokemon+card&hash=item2bd1c39927:g:7XEAAeSwucRpwnGq,EMBOAR 013/086 R WHITE FLARE POKEMON HOLO NM,Ungraded,4000,,"[""FIXED_PRICE""]",lavaridgecollectibles,https://i.ebayimg.com/images/g/7XEAAeSwucRpwnGq/s-l225.jpg,24f40ecd-605f-4d62-b748-afed33706583,bd1bb49f-f0e6-4441-a2cd-648e3ccf4a4c,Emboar,White Flare,98,illustration_rare,NO,SINGLE_CARD,RAW,CARD,INCONSISTENT,,,,Donny,2026-09-15T03:46:37.115657+00:00,,
E9B-0069,v1|178497407103|0,https://www.ebay.com/itm/178497407103?_skw=Emboar+98+White+Flare+Pokemon+card&hash=item298f46487f:g:ngkAAeSwJs5qqKWN,Emboar 013/086 White Flare HOLO Pokemon NM,Ungraded,4000,,"[""FIXED_PRICE""]",leafandloomtcg,https://i.ebayimg.com/images/g/ngkAAeSwJs5qqKWN/s-l225.jpg,24f40ecd-605f-4d62-b748-afed33706583,bd1bb49f-f0e6-4441-a2cd-648e3ccf4a4c,Emboar,White Flare,98,illustration_rare,NO,SINGLE_CARD,RAW,CARD,INCONSISTENT,,,,Donny,2026-09-15T03:46:38.377687+00:00,,
E9B-0070,v1|398376048227|0,https://www.ebay.com/itm/398376048227?_skw=Emboar+98+White+Flare+Pokemon+card&hash=item5cc1101663:g:lnQAAeSw9J9qoOzt,EMBOAR 013/086 WHITE FLARE RARE POKEMON REVERSE HOLO LP,Ungraded,4000,,"[""FIXED_PRICE"", ""BEST_OFFER""]",pokecard-19,https://i.ebayimg.com/images/g/lnQAAeSw9J9qoOzt/s-l225.jpg,24f40ecd-605f-4d62-b748-afed33706583,bd1bb49f-f0e6-4441-a2cd-648e3ccf4a4c,Emboar,White Flare,98,illustration_rare,NO,SINGLE_CARD,RAW,CARD,INCONSISTENT,,,,Donny,2026-09-15T03:46:39.996555+00:00,,
E9B-0071,v1|820107883763|0,https://www.ebay.com/itm/820107883763?_skw=Emboar+98+White+Flare+Pokemon+card&hash=itembef23d34f3:g:WHEAAeSwSaNqpwb2,Emboar 013/086 Holo Rare White Flare Pokemon Near Mint,Ungraded,4000,,"[""FIXED_PRICE""]",newlifecollectibles_tcg,https://i.ebayimg.com/images/g/WHEAAeSwSaNqpwb2/s-l225.jpg,24f40ecd-605f-4d62-b748-afed33706583,bd1bb49f-f0e6-4441-a2cd-648e3ccf4a4c,Emboar,White Flare,98,illustration_rare,NO,SINGLE_CARD,RAW,CARD,INCONSISTENT,,,,Donny,2026-09-15T03:46:42.073939+00:00,,
E9B-0072,v1|297731516182|0,https://www.ebay.com/itm/297731516182?_skw=Clemont%27s+Quick+Wit+243+Surging+Sparks+Pokemon+card&hash=item45522e6716:g:tw4AAeSwmr1pB-sp,Pokemon SV Surging Sparks- Clemont's Quick Wit Special Illustration SIR #243/191,Ungraded,4000,,"[""FIXED_PRICE""]",savvyhypeshop,https://i.ebayimg.com/images/g/tw4AAeSwmr1pB-sp/s-l225.jpg,25638dbd-2434-4a4f-ba0d-dcf3e3e114ca,b3f17a3e-c2cb-447e-8873-c5970a4372c9,Clemont's Quick Wit,Surging Sparks,243,special_illustration_rare,YES,SINGLE_CARD,RAW,CARD,,,,,Donny,2026-09-15T22:20:20.691816+00:00,,
E9B-0073,v1|318838101247|0,https://www.ebay.com/itm/318838101247?_skw=Clemont%27s+Quick+Wit+243+Surging+Sparks+Pokemon+card&hash=item4a3c3b54ff:g:puwAAeSwpolqnpQx,Clemont's Quick Wit Holofoil [SSP - 243/191],Ungraded,4000,,"[""FIXED_PRICE""]",forgeandfoiltcg,https://i.ebayimg.com/images/g/puwAAeSwpolqnpQx/s-l225.jpg,25638dbd-2434-4a4f-ba0d-dcf3e3e114ca,b3f17a3e-c2cb-447e-8873-c5970a4372c9,Clemont's Quick Wit,Surging Sparks,243,special_illustration_rare,YES,SINGLE_CARD,RAW,CARD,,,,,Donny,2026-09-15T22:19:55.937269+00:00,,
E9B-0074,v1|278341402915|0,https://www.ebay.com/itm/278341402915?_skw=Clemont%27s+Quick+Wit+243+Surging+Sparks+Pokemon+card&hash=item40ce70c123:g:7bAAAeSwpfhqmlcV,Clemont's Quick Wit 243/191 Sv08: Surging Sparks Holo,Ungraded,4000,,"[""FIXED_PRICE""]",bigguygamerz95,https://i.ebayimg.com/images/g/7bAAAeSwpfhqmlcV/s-l225.jpg,25638dbd-2434-4a4f-ba0d-dcf3e3e114ca,b3f17a3e-c2cb-447e-8873-c5970a4372c9,Clemont's Quick Wit,Surging Sparks,243,special_illustration_rare,YES,SINGLE_CARD,RAW,CARD,,,,,Donny,2026-09-15T22:18:56.233440+00:00,,
E9B-0075,v1|317165460348|0,https://www.ebay.com/itm/317165460348?_skw=Clemont%27s+Quick+Wit+243+Surging+Sparks+Pokemon+card&hash=item49d888db7c:g:etkAAeSwEy9omQ~E,Clemont’s Quick Wit 243/191 - Pokémon TCG Surging Sparks Special Illustration,Ungraded,4000,,"[""FIXED_PRICE"", ""BEST_OFFER""]",albisc_99,https://i.ebayimg.com/images/g/etkAAeSwEy9omQ~E/s-l225.jpg,25638dbd-2434-4a4f-ba0d-dcf3e3e114ca,b3f17a3e-c2cb-447e-8873-c5970a4372c9,Clemont's Quick Wit,Surging Sparks,243,special_illustration_rare,YES,SINGLE_CARD,RAW,CARD,,,,,Donny,2026-09-15T22:18:46.925390+00:00,,
E9B-0076,v1|168417262223|0,https://www.ebay.com/itm/168417262223?_skw=Clemont%27s+Quick+Wit+243+Surging+Sparks+Pokemon+card&hash=item2736737a8f:g:DC8AAeSw-BlqG8JL,Clemont's Quick Wit - SV08: Surging Sparks 243/191 NM Holo,Ungraded,4000,,"[""FIXED_PRICE""]",glowhoo,https://i.ebayimg.com/images/g/DC8AAeSw-BlqG8JL/s-l225.jpg,25638dbd-2434-4a4f-ba0d-dcf3e3e114ca,b3f17a3e-c2cb-447e-8873-c5970a4372c9,Clemont's Quick Wit,Surging Sparks,243,special_illustration_rare,YES,SINGLE_CARD,RAW,CARD,,,,,Donny,2026-09-15T22:19:24.869706+00:00,,
E9B-0077,v1|297594870590|0,https://www.ebay.com/itm/297594870590?_skw=Clemont%27s+Quick+Wit+243+Surging+Sparks+Pokemon+card&hash=item454a095b3e:g:fucAAeSwCgFovZtp,2024 POKEMON SSP EN-SURGING SPARKS #243 CLEMONT'S QUICK WIT PSA 9,Graded,2750,,"[""FIXED_PRICE""]",psa,https://i.ebayimg.com/images/g/fucAAeSwCgFovZtp/s-l225.jpg,25638dbd-2434-4a4f-ba0d-dcf3e3e114ca,b3f17a3e-c2cb-447e-8873-c5970a4372c9,Clemont's Quick Wit,Surging Sparks,243,special_illustration_rare,NO,SINGLE_CARD,GRADED,CARD,,,,,Donny,2026-09-15T03:46:49.116815+00:00,,
E9B-0078,v1|206353044565|0,https://www.ebay.com/itm/206353044565?_skw=Grubbin+18+Temporal+Forces&hash=item300b999455:g:mI8AAeSwcg9p4Pha,Grubbin - Temporal Forces (NM) Reverse Holo 18/162 Grass Basic Himeno,Ungraded,4000,,"[""FIXED_PRICE""]",theotrades1,https://i.ebayimg.com/images/g/mI8AAeSwcg9p4Pha/s-l225.jpg,2a67a99c-dbba-4c41-846c-39ed4659c916,dfda2049-d87b-4be0-ad51-dcc005688d93,Grubbin,Temporal Forces,18,common,NO,SINGLE_CARD,RAW,CARD,,,,INCONSISTENT,Donny,2026-09-15T03:46:51.206926+00:00,,
E9B-0079,v1|315941072420|0,https://www.ebay.com/itm/315941072420?_skw=Grubbin+18+Temporal+Forces&hash=item498f8e2e24:g:U4wAAOSwC2xnJaX6,Grubbin Reverse Holo Pokemon Temporal Forces 18/162,Ungraded,4000,,"[""FIXED_PRICE"", ""BEST_OFFER""]",base_card_bangers,https://i.ebayimg.com/images/g/U4wAAOSwC2xnJaX6/s-l225.jpg,2a67a99c-dbba-4c41-846c-39ed4659c916,dfda2049-d87b-4be0-ad51-dcc005688d93,Grubbin,Temporal Forces,18,common,NO,SINGLE_CARD,RAW,CARD,,,,INCONSISTENT,Donny,2026-09-15T03:46:52.977580+00:00,,
E9B-0080,v1|375381920948|644345061154,https://www.ebay.com/itm/375381920948?_skw=Grubbin+18+Temporal+Forces&hash=item5766818cb4:g:IwAAAOSwzxlmIPcM,"Temporal Forces You Pick Holo, Reverse Holo,EX",Ungraded,4000,,"[""FIXED_PRICE""]",jrsunique_17,https://i.ebayimg.com/images/g/IwAAAOSwzxlmIPcM/s-l225.jpg,2a67a99c-dbba-4c41-846c-39ed4659c916,dfda2049-d87b-4be0-ad51-dcc005688d93,Grubbin,Temporal Forces,18,common,NO,SINGLE_CARD,RAW,CARD,,,,INCONSISTENT,Donny,2026-09-15T03:47:00.408831+00:00,,
E9B-0081,v1|407212014195|0,https://www.ebay.com/itm/407212014195?_skw=Grubbin+18+Temporal+Forces&hash=item5ecfba3a73:g:lDEAAeSwmZNpggfd,#18 2024 Temporal Forces [ Grubbin Reverse Holo,Ungraded,4000,,"[""FIXED_PRICE""]",strikingcards901,https://i.ebayimg.com/images/g/lDEAAeSwmZNpggfd/s-l225.jpg,2a67a99c-dbba-4c41-846c-39ed4659c916,dfda2049-d87b-4be0-ad51-dcc005688d93,Grubbin,Temporal Forces,18,common,NO,SINGLE_CARD,RAW,CARD,,,,INCONSISTENT,Donny,2026-09-15T03:47:02.473322+00:00,,
E9B-0082,v1|137505699508|435667916210,https://www.ebay.com/itm/137505699508?_skw=Grubbin+18+Temporal+Forces&hash=item2003fa76b4:g:H1sAAeSwHg9qUxfS,Pokemon TCG Pick Your Own Reverse Foil And Holo Cards from S&V Temporal Forces!!,Ungraded,4000,,"[""FIXED_PRICE""]",bigkatz1990-collectibles,https://i.ebayimg.com/images/g/H1sAAeSwHg9qUxfS/s-l225.jpg,2a67a99c-dbba-4c41-846c-39ed4659c916,dfda2049-d87b-4be0-ad51-dcc005688d93,Grubbin,Temporal Forces,18,common,NO,SINGLE_CARD,RAW,CARD,,,,,Donny,2026-09-15T03:47:14.375336+00:00,,
E9B-0083,v1|236309705742|0,https://www.ebay.com/itm/236309705742?_skw=Grubbin+18+Temporal+Forces&hash=item370527f40e:g:EvgAAeSwr3RouYik,GRUBBIN Temporal Forces REVERSE HOLO #18 TEF(NM+)(PKM),Ungraded,4000,,"[""FIXED_PRICE""]",jon_jons_toys,https://i.ebayimg.com/images/g/EvgAAeSwr3RouYik/s-l225.jpg,2a67a99c-dbba-4c41-846c-39ed4659c916,dfda2049-d87b-4be0-ad51-dcc005688d93,Grubbin,Temporal Forces,18,common,NO,SINGLE_CARD,RAW,CARD,,,,INCONSISTENT,Donny,2026-09-15T03:47:19.108098+00:00,,
E9B-0084,v1|800411451872|0,https://www.ebay.com/itm/800411451872?_skw=Dhelmise+18+Mega+Evolution&hash=itemba5c3d81e0:g:bmEAAeSwlOZqZk~2,Dhelmise  - Mega Evolutions - 18/132 - Holo,Ungraded,4000,,"[""FIXED_PRICE""]",lifejackettradingcards,https://i.ebayimg.com/images/g/bmEAAeSwlOZqZk~2/s-l225.jpg,2bf67447-75e1-4e97-ac08-c7f3e7f2c88c,ea7d59b7-a934-43b2-a230-9520fb6e6048,Dhelmise,Mega Evolution,18,common,YES,SINGLE_CARD,RAW,CARD,,,,,Donny,2026-09-15T22:19:21.702792+00:00,,
E9B-0085,v1|187607253194|695441465942,https://www.ebay.com/itm/187607253194?_skw=Dhelmise+18+Mega+Evolution+Pokemon+card&hash=item2bae4380ca:g:MFsAAeSwwfdo2jPo,Pokémon Mega Evolution  #1-132 *Pick Your Card / Set Builder* English Cards,Ungraded,4000,,"[""FIXED_PRICE""]",lakerking14,https://i.ebayimg.com/images/g/MFsAAeSwwfdo2jPo/s-l225.jpg,2bf67447-75e1-4e97-ac08-c7f3e7f2c88c,ea7d59b7-a934-43b2-a230-9520fb6e6048,Dhelmise,Mega Evolution,18,common,NO,SINGLE_CARD,RAW,CARD,,,,,Donny,2026-09-15T03:47:36.044945+00:00,,
E9B-0086,v1|336676784260|546071807895,https://www.ebay.com/itm/336676784260?_skw=Dhelmise+18+Mega+Evolution&hash=item4e63800884:g:bskAAeSwhnRqSZi1,Pokemon TCG Mega Evolution (MEG) Choose Your Card NM Holo / Reverse / Rare,Ungraded,4000,,"[""FIXED_PRICE""]",depperoni,https://i.ebayimg.com/images/g/bskAAeSwhnRqSZi1/s-l225.jpg,2bf67447-75e1-4e97-ac08-c7f3e7f2c88c,ea7d59b7-a934-43b2-a230-9520fb6e6048,Dhelmise,Mega Evolution,18,common,NO,SINGLE_CARD,RAW,CARD,,,,,Donny,2026-09-15T03:47:37.669322+00:00,,
E9B-0087,v1|206523919559|0,https://www.ebay.com/itm/206523919559?_skw=Dhelmise+18+Mega+Evolution&hash=item3015c8ecc7:g:OkYAAeSw8NRqk44P,Dhelmise 018/132 18 Common Mega Evolution NM,Ungraded,4000,,"[""FIXED_PRICE""]",leisurebeamgames,https://i.ebayimg.com/images/g/OkYAAeSw8NRqk44P/s-l225.jpg,2bf67447-75e1-4e97-ac08-c7f3e7f2c88c,ea7d59b7-a934-43b2-a230-9520fb6e6048,Dhelmise,Mega Evolution,18,common,YES,SINGLE_CARD,RAW,CARD,,,,,Donny,2026-09-15T22:18:48.505279+00:00,,
E9B-0088,v1|206525407018|0,https://www.ebay.com/itm/206525407018?_skw=Dhelmise+18+Mega+Evolution&hash=item3015df9f2a:g:LXwAAeSw0FZqlKAP,Dhelmise 018/132 18 Common Mega Evolution NM,Ungraded,4000,,"[""FIXED_PRICE""]",leisurebeamgames,https://i.ebayimg.com/images/g/LXwAAeSw0FZqlKAP/s-l225.jpg,2bf67447-75e1-4e97-ac08-c7f3e7f2c88c,ea7d59b7-a934-43b2-a230-9520fb6e6048,Dhelmise,Mega Evolution,18,common,YES,SINGLE_CARD,RAW,CARD,,,,,Donny,2026-09-15T22:19:04.344834+00:00,,
E9B-0089,v1|188858256553|0,https://www.ebay.com/itm/188858256553?_skw=Dhelmise+18+Mega+Evolution+Pokemon+card&hash=item2bf8d44ca9:g:2ekAAeSw1Pxqkw~s,Dhelmise 18/132 Mega Evolution Common Pokemon TCG Card Single Trading Near Mint,Ungraded,4000,,"[""FIXED_PRICE""]",wexfordpawn,https://i.ebayimg.com/images/g/2ekAAeSw1Pxqkw~s/s-l225.jpg,2bf67447-75e1-4e97-ac08-c7f3e7f2c88c,ea7d59b7-a934-43b2-a230-9520fb6e6048,Dhelmise,Mega Evolution,18,common,YES,SINGLE_CARD,RAW,CARD,,,,,Donny,2026-09-15T22:19:42.225298+00:00,,
E9B-0090,v1|257742802056|0,https://www.ebay.com/itm/257742802056?_skw=Pikachu+ex+277+Ascended+Heroes+Pokemon+card&hash=item3c02ab0c88:g:JMgAAeSwdo1qqE1q,2026 POKEMON ASCENDED HEROES SPECIAL ILLUSTRATION RARE #277 PIKACHU EX PSA 9,Graded,2750,,"[""FIXED_PRICE""]",hobbystopnow,https://i.ebayimg.com/images/g/JMgAAeSwdo1qqE1q/s-l225.jpg,2c445258-b198-43de-b710-0921ebe3f0ab,4411dcaa-280b-4355-bc49-f27c3f6580f2,Pikachu ex,Ascended Heroes,277,special_illustration_rare,NO,SINGLE_CARD,GRADED,CARD,,,,,Donny,2026-09-15T03:47:46.073041+00:00,,
E9B-0091,v1|407216651360|0,https://www.ebay.com/itm/407216651360?_skw=Pikachu+ex+277+Ascended+Heroes+Pokemon+card&hash=item5ed000fc60:g:P2UAAeSwzU1qqDx2,Pokemon TCG: Pikachu ex 057/217 Me: Ascended Heroes Holo-NM*,Ungraded,4000,,"[""FIXED_PRICE""]",nostalgia-cards-88,https://i.ebayimg.com/images/g/P2UAAeSwzU1qqDx2/s-l225.jpg,2c445258-b198-43de-b710-0921ebe3f0ab,4411dcaa-280b-4355-bc49-f27c3f6580f2,Pikachu ex,Ascended Heroes,277,special_illustration_rare,NO,SINGLE_CARD,RAW,CARD,INCONSISTENT,,,,Donny,2026-09-15T03:47:48.303203+00:00,,
E9B-0092,v1|366584323296|0,https://www.ebay.com/itm/366584323296?_skw=Pikachu+ex+277+Ascended+Heroes+Pokemon+card&hash=item555a20dce0:g:f2wAAeSwtNZqcSmN,Pikachu ex 277/217 Special Illustration Rare (SIR) | Ascended Heroes  ,Ungraded,4000,,"[""FIXED_PRICE"", ""BEST_OFFER""]",undrdwgtcg,https://i.ebayimg.com/images/g/f2wAAeSwtNZqcSmN/s-l225.jpg,2c445258-b198-43de-b710-0921ebe3f0ab,4411dcaa-280b-4355-bc49-f27c3f6580f2,Pikachu ex,Ascended Heroes,277,special_illustration_rare,YES,SINGLE_CARD,RAW,CARD,,,,,Donny,2026-09-15T22:19:51.372076+00:00,,
E9B-0093,v1|168682723628|0,https://www.ebay.com/itm/168682723628?_skw=Pikachu+ex+277+Ascended+Heroes+Pokemon+card&hash=item274646192c:g:LM8AAeSwOZRqpQNz,PSA 10 - Pikachu ex 277/217 Special Illustration Rare Pokemon Ascended Heroes EN,Graded,2750,,"[""FIXED_PRICE""]",moztcg,https://i.ebayimg.com/images/g/LM8AAeSwOZRqpQNz/s-l225.jpg,2c445258-b198-43de-b710-0921ebe3f0ab,4411dcaa-280b-4355-bc49-f27c3f6580f2,Pikachu ex,Ascended Heroes,277,special_illustration_rare,NO,SINGLE_CARD,GRADED,CARD,,,,,Donny,2026-09-15T03:47:51.399219+00:00,,
E9B-0094,v1|278372375625|0,https://www.ebay.com/itm/278372375625?_skw=Pikachu+ex+277+Ascended+Heroes+Pokemon+card&hash=item40d0495c49:g:XAgAAeSwQR5qpyXZ,2026 Mega Evolution Ascended Heroes #277 Pikachu Ex SIR.,Graded,2750,,"[""AUCTION""]",soylebeave,https://i.ebayimg.com/images/g/XAgAAeSwQR5qpyXZ/s-l225.jpg,2c445258-b198-43de-b710-0921ebe3f0ab,4411dcaa-280b-4355-bc49-f27c3f6580f2,Pikachu ex,Ascended Heroes,277,special_illustration_rare,NO,SINGLE_CARD,GRADED,CARD,,,,,Donny,2026-09-15T03:47:53.144650+00:00,,
E9B-0095,v1|307179481583|0,https://www.ebay.com/itm/307179481583?_skw=Pikachu+ex+277+Ascended+Heroes+Pokemon+card&hash=item478552e9ef:g:aIgAAeSw61RqlhwP&amdata=enc%3AAQALAAABEACCtXRWQnOEpyOqnQQ8KGaqrbCXYQhckXW6xjXIg%2Fr%2BcfMXsd3HlBahr%2FPMGouJXoEv0vFXCHGBJa9l3XNStsZ1tAfUU2ixRGJXCXBwGNanDHiMhQFItdzeV6Ac4kVuDqtISv5YrQo2Wy%2Byb%2FtFuUSOAfRa7g87dWewZYIucchacluyGMlOx8GbS0kwuBvEkDiAeSdPGPGcYsO00K4ZTMaTCDg8ViW35WdsJFlJLnyXLvIYdsO4iGbUQEru4%2Fj34SdTH9%2B%2B64vAsKhHmLmURL2KsTg2d4KXrR8fyp3%2Bdw1phR9m%2BdQk2ah0idQ8nCyj3%2BSp5D9%2FFZJzd2f6Jy4kUUPYwefh82IeGOEvwU9DQkBi,2026 Pokemon Pikachu ex 277/217 SIR Special Illustration CGC 10 GEM MINT,Graded,2750,,"[""FIXED_PRICE""]",firecardsandslabs,https://i.ebayimg.com/images/g/aIgAAeSw61RqlhwP/s-l225.jpg,2c445258-b198-43de-b710-0921ebe3f0ab,4411dcaa-280b-4355-bc49-f27c3f6580f2,Pikachu ex,Ascended Heroes,277,special_illustration_rare,NO,SINGLE_CARD,GRADED,CARD,,,,,Donny,2026-09-15T03:47:54.690758+00:00,,
E9B-0096,v1|287586702829|0,https://www.ebay.com/itm/287586702829?_skw=Reshiram+ex+166+White+Flare+Pokemon+card&hash=item42f580d5ed:g:C0sAAeSwj~ZqqEa5,BGS 9 - RESHIRAM EX 166/086 - SPECIAL ILLUSTRATION RARE - WHITE FLARE 2025,Graded,2750,,"[""AUCTION""]",thepokehive,https://i.ebayimg.com/images/g/C0sAAeSwj~ZqqEa5/s-l225.jpg,2cef0dfb-a5fd-4aed-b8ae-34a82f414587,3d276bff-a869-4634-840f-d5eb4f33aa1d,Reshiram ex,White Flare,166,special_illustration_rare,NO,SINGLE_CARD,GRADED,CARD,,,,,Donny,2026-09-15T03:47:56.651765+00:00,,
E9B-0097,v1|307179563572|0,https://www.ebay.com/itm/307179563572?_skw=Reshiram+ex+166+White+Flare&hash=item4785542a34:g:OYoAAeSwRMlqqIVH,The Pokémon Company Reshiram ex 166/086 Sv White Flare SIR Holo Eng 230HP,Ungraded,4000,,"[""AUCTION"", ""BEST_OFFER""]",wdwyh-25,https://i.ebayimg.com/images/g/OYoAAeSwRMlqqIVH/s-l225.jpg,2cef0dfb-a5fd-4aed-b8ae-34a82f414587,3d276bff-a869-4634-840f-d5eb4f33aa1d,Reshiram ex,White Flare,166,special_illustration_rare,YES,SINGLE_CARD,RAW,CARD,,,,,Donny,2026-09-15T22:20:13.837274+00:00,,
E9B-0098,v1|820127039230|0,https://www.ebay.com/itm/820127039230?_skw=Reshiram+ex+166+White+Flare+Pokemon+card&hash=itembef3617efe:g:WisAAeSwJYxqqEDU,Reshiram ex 166/086 Sv: White Flare SIR PSA 10,Graded,2750,,"[""FIXED_PRICE"", ""BEST_OFFER""]",didwellcollectibles,https://i.ebayimg.com/images/g/WisAAeSwJYxqqEDU/s-l225.jpg,2cef0dfb-a5fd-4aed-b8ae-34a82f414587,3d276bff-a869-4634-840f-d5eb4f33aa1d,Reshiram ex,White Flare,166,special_illustration_rare,NO,SINGLE_CARD,GRADED,CARD,,,,,Donny,2026-09-15T03:47:59.666969+00:00,,
E9B-0099,v1|366667277917|0,https://www.ebay.com/itm/366667277917?_skw=Reshiram+ex+166+White+Flare&hash=item555f12a65d:g:YFYAAeSwG7ZqnbFR,Reshiram ex 166/086 Sv: White Flare Holo,Ungraded,4000,,"[""FIXED_PRICE"", ""BEST_OFFER""]",hackman_12,https://i.ebayimg.com/images/g/YFYAAeSwG7ZqnbFR/s-l225.jpg,2cef0dfb-a5fd-4aed-b8ae-34a82f414587,3d276bff-a869-4634-840f-d5eb4f33aa1d,Reshiram ex,White Flare,166,special_illustration_rare,YES,SINGLE_CARD,RAW,CARD,,,,,Donny,2026-09-15T22:18:26.575539+00:00,,
E9B-0100,v1|178496193395|0,https://www.ebay.com/itm/178496193395?_skw=Reshiram+ex+166+White+Flare+Pokemon+card&hash=item298f33c373:g:IMgAAeSwdAJqqAwH,Reshiram ex 166/086 Sv: White Flare Holo,Ungraded,4000,,"[""FIXED_PRICE""]",lambcollects,https://i.ebayimg.com/images/g/IMgAAeSwdAJqqAwH/s-l225.jpg,2cef0dfb-a5fd-4aed-b8ae-34a82f414587,3d276bff-a869-4634-840f-d5eb4f33aa1d,Reshiram ex,White Flare,166,special_illustration_rare,YES,SINGLE_CARD,RAW,CARD,,,,,Donny,2026-09-15T22:19:26.934624+00:00,,
E9B-0101,v1|318866058404|0,https://www.ebay.com/itm/318866058404?_skw=Reshiram+ex+166+White+Flare+Pokemon+card&hash=item4a3de5eca4:g:OJ0AAeSwUiNqdgEB,2025 Pokemon White Flare #166 Reshiram Ex Special Illustration Rare PSA 9,Graded,2750,,"[""FIXED_PRICE""]",fc_cards2020,https://i.ebayimg.com/images/g/OJ0AAeSwUiNqdgEB/s-l225.jpg,2cef0dfb-a5fd-4aed-b8ae-34a82f414587,3d276bff-a869-4634-840f-d5eb4f33aa1d,Reshiram ex,White Flare,166,special_illustration_rare,NO,SINGLE_CARD,GRADED,CARD,,,,,Donny,2026-09-15T03:48:06.129837+00:00,,
E9B-0102,v1|307169653513|0,https://www.ebay.com/itm/307169653513?_skw=Dachsbun+ex+169+Stellar+Crown&hash=item4784bcf309:g:foQAAeSwk2FqoK4~,Dachsbun ex 169/142 Sv07: Stellar Crown Holo,Ungraded,4000,,"[""FIXED_PRICE""]",vaultforge,https://i.ebayimg.com/images/g/foQAAeSwk2FqoK4~/s-l225.jpg,2e5780f8-1769-4d26-9e3e-87e4a27d4dfe,09b7c446-d89f-4a64-b721-bc1293308747,Dachsbun ex,Stellar Crown,169,special_illustration_rare,YES,SINGLE_CARD,RAW,CARD,,,,,Donny,2026-09-15T22:18:53.105948+00:00,,
E9B-0103,v1|236989825619|0,https://www.ebay.com/itm/236989825619?_skw=Dachsbun+ex+169+Stellar+Crown&hash=item372db1c253:g:dXEAAeSwTHhqdMSp,Pokemon TCG | Badger Bun ex | Stellar Crown | #169,Non gradata,4000,,"[""FIXED_PRICE""]",gameblast,https://i.ebayimg.com/images/g/dXEAAeSwTHhqdMSp/s-l225.jpg,2e5780f8-1769-4d26-9e3e-87e4a27d4dfe,09b7c446-d89f-4a64-b721-bc1293308747,Dachsbun ex,Stellar Crown,169,special_illustration_rare,YES,SINGLE_CARD,RAW,CARD,,,,,Donny,2026-09-15T22:18:14.208743+00:00,,
E9B-0104,v1|117337943506|0,https://www.ebay.com/itm/117337943506?_skw=Dachsbun+ex+169+Stellar+Crown&hash=item1b51e2edd2:g:7K4AAeSw0z9pzINI,2024 POKEMON SCR EN-STELLAR CROWN SPECIAL ILLUSTRATION RARE DACHSBUN EX PSA 8,Graded,2750,,"[""FIXED_PRICE""]",psa,https://i.ebayimg.com/images/g/7K4AAeSw0z9pzINI/s-l225.jpg,2e5780f8-1769-4d26-9e3e-87e4a27d4dfe,09b7c446-d89f-4a64-b721-bc1293308747,Dachsbun ex,Stellar Crown,169,special_illustration_rare,NO,SINGLE_CARD,GRADED,CARD,,,,,Donny,2026-09-15T03:48:10.115303+00:00,,
E9B-0105,v1|377334802784|0,https://www.ebay.com/itm/377334802784?_skw=Dachsbun+ex+169+Stellar+Crown&hash=item57dae82960:g:ZdYAAeSwNMBqp5ay&amdata=enc%3AAQALAAABAACCtXRWQnOEpyOqnQQ8KGZrezQkyk%2Fa9ARlxSj5eIwoLyr3cG5ewLssBpmgzoNC35zT0S2AElHYPbv95a%2FqJ01usZosljGwhIRXaIRGhNAEHDdoHeTLt9ztvbuU0B5lPvNpihtKmZYQTNoDlJWD%2FkWitHa0k1CHlx8nHslw6q6BoiQbqK%2FGY3sZPZEZJoEjU8Pw9wYA%2FIi6yizbQ3CHHyR7SNZN7WbTr7nI9NqzApPrQjAoUKFS1yvQGI0GHXv3qLfX0XjWJmNnT8gHQjTU6riDtRiKnf0%2BlHsI01yhSIWDn4A2s7ZLYo3hxorgb5s5IhONz39QAVcASQ3yQ3QdjLA%3D,Dachsbun ex [SCR - 169/142] NM Holofoil Special Illustration Rare EN,Ungraded,4000,,"[""FIXED_PRICE"", ""BEST_OFFER""]",gsgcatches_em,https://i.ebayimg.com/images/g/ZdYAAeSwNMBqp5ay/s-l225.jpg,2e5780f8-1769-4d26-9e3e-87e4a27d4dfe,09b7c446-d89f-4a64-b721-bc1293308747,Dachsbun ex,Stellar Crown,169,special_illustration_rare,YES,SINGLE_CARD,RAW,CARD,,,,,Donny,2026-09-15T22:16:46.159900+00:00,,
E9B-0106,v1|128049383138|429463201233,https://www.ebay.com/itm/128049383138?_skw=Dachsbun+ex+169+Stellar+Crown&hash=item1dd05686e2:g:FJgAAeSwfUpqp3hH,Dachsbun ex (169/142) [Scarlet & Violet: Stellar Crown],Ungraded,4000,,"[""FIXED_PRICE""]",nutmeggamesllc,https://i.ebayimg.com/images/g/FJgAAeSwfUpqp3hH/s-l225.jpg,2e5780f8-1769-4d26-9e3e-87e4a27d4dfe,09b7c446-d89f-4a64-b721-bc1293308747,Dachsbun ex,Stellar Crown,169,special_illustration_rare,YES,SINGLE_CARD,RAW,CARD,,,,,Donny,2026-09-15T22:19:30.877194+00:00,,
E9B-0107,v1|398388851595|0,https://www.ebay.com/itm/398388851595?_skw=Dachsbun+ex+169+Stellar+Crown&hash=item5cc1d3738b:g:FxcAAeSwVXhqpd6B,Dachsbun ex 169/142 Sv07: Stellar Crown Holo Graded PSA 10,Graded,2750,,"[""FIXED_PRICE""]",ellcollects,https://i.ebayimg.com/images/g/FxcAAeSwVXhqpd6B/s-l225.jpg,2e5780f8-1769-4d26-9e3e-87e4a27d4dfe,09b7c446-d89f-4a64-b721-bc1293308747,Dachsbun ex,Stellar Crown,169,special_illustration_rare,NO,SINGLE_CARD,GRADED,CARD,,,,,Donny,2026-09-15T03:48:13.565081+00:00,,
E9B-0108,v1|820041777748|0,https://www.ebay.com/itm/820041777748?_skw=Pikachu+ex+276+Ascended+Heroes+Pokemon+card&hash=itembeee4c8254:g:fRIAAeSw8NRqjEzz,2026 Pokémon Ascended Heroes Pikachu Ex Special Illustration Rare PSA 9,Graded,2750,,"[""FIXED_PRICE"", ""BEST_OFFER""]",mandlcardworld,https://i.ebayimg.com/images/g/fRIAAeSw8NRqjEzz/s-l225.jpg,301185dd-2bde-4699-80bd-8b2a3cfd8f7f,af28bc66-9c8b-4dbb-bf83-fa6215bd26f0,Pikachu ex,Ascended Heroes,276,special_illustration_rare,NO,SINGLE_CARD,GRADED,CARD,,,,,Donny,2026-09-15T03:48:15.768737+00:00,,
E9B-0109,v1|377400177815|0,https://www.ebay.com/itm/377400177815?_skw=Pikachu+ex+276+Ascended+Heroes+Pokemon+card&hash=item57decdb497:g:qUYAAeSw-V9qdR8G,PSA Pokemon Pikachu Ascended Heroes SIR Holo 276/217 PSA 10,Graded,2750,,"[""FIXED_PRICE"", ""BEST_OFFER""]",rrh8785,https://i.ebayimg.com/images/g/qUYAAeSw-V9qdR8G/s-l225.jpg,301185dd-2bde-4699-80bd-8b2a3cfd8f7f,af28bc66-9c8b-4dbb-bf83-fa6215bd26f0,Pikachu ex,Ascended Heroes,276,special_illustration_rare,NO,SINGLE_CARD,GRADED,CARD,,,,,Donny,2026-09-15T03:48:17.621620+00:00,,
E9B-0110,v1|336636068119|0,https://www.ebay.com/itm/336636068119?_skw=Pikachu+ex+276+Ascended+Heroes+Pokemon+card&hash=item4e6112c117:g:z0oAAeSwYRRqLEPw,PSA 9 Pikachu Ex Treekachu SIR #276 2026 Pokemon Ascended Heroes 158757270,Graded,2750,,"[""FIXED_PRICE"", ""BEST_OFFER""]",kb3777,https://i.ebayimg.com/images/g/z0oAAeSwYRRqLEPw/s-l225.jpg,301185dd-2bde-4699-80bd-8b2a3cfd8f7f,af28bc66-9c8b-4dbb-bf83-fa6215bd26f0,Pikachu ex,Ascended Heroes,276,special_illustration_rare,NO,SINGLE_CARD,GRADED,CARD,,,,,Donny,2026-09-15T03:48:19.078857+00:00,,
E9B-0111,v1|318871249131|0,https://www.ebay.com/itm/318871249131?_skw=Pikachu+ex+276+Ascended+Heroes+Pokemon+card&hash=item4a3e3520eb:g:F7gAAeSw80BqqFno,Pikachu EX 276/217 Ascended Heroes Near Mint Pokemon TCG,Ungraded,4000,,"[""FIXED_PRICE""]",toppscollecyts,https://i.ebayimg.com/images/g/F7gAAeSw80BqqFno/s-l225.jpg,301185dd-2bde-4699-80bd-8b2a3cfd8f7f,af28bc66-9c8b-4dbb-bf83-fa6215bd26f0,Pikachu ex,Ascended Heroes,276,special_illustration_rare,YES,SINGLE_CARD,RAW,CARD,,,,,Donny,2026-09-15T22:18:49.641745+00:00,,
E9B-0112,v1|820115867239|0,https://www.ebay.com/itm/820115867239?_skw=Pikachu+ex+276+Ascended+Heroes+Pokemon+card&hash=itembef2b70667:g:A2YAAeSwSbhqpIIy,Pikachu ex 276/217 Me: Ascended Heroes Holo PSA 10,Graded,2750,,"[""FIXED_PRICE"", ""BEST_OFFER""]",cygar-4776,https://i.ebayimg.com/images/g/A2YAAeSwSbhqpIIy/s-l225.jpg,301185dd-2bde-4699-80bd-8b2a3cfd8f7f,af28bc66-9c8b-4dbb-bf83-fa6215bd26f0,Pikachu ex,Ascended Heroes,276,special_illustration_rare,NO,SINGLE_CARD,GRADED,CARD,,,,,Donny,2026-09-15T03:48:21.728007+00:00,,
E9B-0113,v1|820127371374|0,https://www.ebay.com/itm/820127371374?_skw=Pikachu+ex+276+Ascended+Heroes+Pokemon+card&hash=itembef366906e:g:oE8AAeSwTbZqqF2Z&amdata=enc%3AAQALAAABEACCtXRWQnOEpyOqnQQ8KGbwgpUPbt%2BijSegpH5nlJXh8UBC0bnf2jUAqUOpnJjJ5oHMyxefXV64xAEn2NNVRNLnYkibxU622pGf5ROc79wzi30eqbk2VshSZNr2SaB4V1ttPrDYBbnQ4SQgT6LVeiNzzpImkcJoWDwXGgt4STaSrHXR0iw%2BQDFR9aRxHJci2DBps7ybkE9y7yBcluHZuXGSX4JDsT0Ywu4XwGF9gZcAJqbtRVM7LWPKnI7Nd%2FQ%2Bu%2BaX1l3nyS2PCDxKS1xjLxKhthGFbppb%2B4aRix5WuMQ2Wx1s3%2Fny7sM0QOB4fHQTdR42bUu2QU%2FlnIASJflT5gc8dgjfDCzL%2FXAQTxa0g6AV,Pikachu ex 276/217 Ascended Heroes SIR Special Illustration Rare Pokémon Card,Ungraded,4000,,"[""FIXED_PRICE"", ""BEST_OFFER""]",primefindsdepot,https://i.ebayimg.com/images/g/oE8AAeSwTbZqqF2Z/s-l225.jpg,301185dd-2bde-4699-80bd-8b2a3cfd8f7f,af28bc66-9c8b-4dbb-bf83-fa6215bd26f0,Pikachu ex,Ascended Heroes,276,special_illustration_rare,YES,SINGLE_CARD,RAW,CARD,,,,,Donny,2026-09-15T22:18:25.504545+00:00,,
E9B-0114,v1|336792915759|0,https://www.ebay.com/itm/336792915759?_skw=Mega+Greninja+ex+122+Chaos+Rising+Pokemon+card&hash=item4e6a6c0f2f:g:TA8AAeSwuXtqp3hi,Mega Greninja ex 122/086 Me04: Chaos Rising Holo,Ungraded,4000,,"[""FIXED_PRICE"", ""BEST_OFFER""]",wzwmk54,https://i.ebayimg.com/images/g/TA8AAeSwuXtqp3hi/s-l225.jpg,31566cbb-0eeb-499e-aa6d-b9b0bd85fc8b,fc81462a-2c3e-4b7a-a7be-ad7f88d98ace,Mega Greninja ex,Chaos Rising,122,mega_hyper_rare,YES,SINGLE_CARD,RAW,CARD,,,,,Donny,2026-09-15T22:18:39.846723+00:00,,
E9B-0115,v1|398392210856|0,https://www.ebay.com/itm/398392210856?_skw=Mega+Greninja+ex+122+Chaos+Rising+Pokemon+card&hash=item5cc206b5a8:g:tJ8AAeSwnyhqp03u,Mega Greninja ex 122/086 Mega Hyper Rare Chaos Rising Pokemon Holo Near Mint,Ungraded,4000,,"[""FIXED_PRICE"", ""BEST_OFFER""]",drphil_collectibles,https://i.ebayimg.com/images/g/tJ8AAeSwnyhqp03u/s-l225.jpg,31566cbb-0eeb-499e-aa6d-b9b0bd85fc8b,fc81462a-2c3e-4b7a-a7be-ad7f88d98ace,Mega Greninja ex,Chaos Rising,122,mega_hyper_rare,YES,SINGLE_CARD,RAW,CARD,,,,,Donny,2026-09-15T22:16:56.639862+00:00,,
E9B-0116,v1|336598924257|0,https://www.ebay.com/itm/336598924257?_skw=Mega+Greninja+ex+122+Chaos+Rising+Pokemon+card&hash=item4e5edbfbe1:g:RxAAAeSw6SNqEl95,Mega Greninja EX 122/086 Evolutions Secret Rare Full Art Holo English,Ungraded,4000,,"[""FIXED_PRICE"", ""BEST_OFFER""]",gi674653,https://i.ebayimg.com/images/g/RxAAAeSw6SNqEl95/s-l225.jpg,31566cbb-0eeb-499e-aa6d-b9b0bd85fc8b,fc81462a-2c3e-4b7a-a7be-ad7f88d98ace,Mega Greninja ex,Chaos Rising,122,mega_hyper_rare,YES,SINGLE_CARD,RAW,CARD,,,,,Donny,2026-09-15T22:19:58.927253+00:00,,
E9B-0117,v1|398233024546|0,https://www.ebay.com/itm/398233024546?_skw=Mega+Greninja+ex+122+Chaos+Rising+Pokemon+card&hash=item5cb889b822:g:D5wAAeSwvqJqa~ox&amdata=enc%3AAQALAAABEACCtXRWQnOEpyOqnQQ8KGYz%2BcvLsZYtglblN%2FsLUlLcYCjCKpB6wh4uST55lXkm79bfUJ9mvhD%2BlbD9kJTyjSqd%2BUpOe5TUNkN7br9WogZaiLBMkaGBL0rfcGa6%2FZva7Z3%2B%2Fus3GhoFOSxOW2XKa26Td%2FviH--6mXotieflMrO2zeSpq%2FP2X2AkwGt7ZDIy%2Fp2I7M6gU3LA9unsF3seyrfHrwnYXilo3Mclm8KPoH0BBs774rMqspTOsNI8G8YaglEBO6SyUqs05UkBBUpxRR3GSJ3mJkO9%2FvZ7zEMUCy%2BWFkyjwzbLK2x76WhZfbwMgyFf66liUJ7uw7b5J%2FCVpMPujU8teE3Rx25docVSf34t,"Mega Greninja ex 122/086 ChaosRising -JUST PULLED, PERFECT CONDITION & CENTERIN",Ungraded,4000,,"[""FIXED_PRICE"", ""BEST_OFFER""]",np_cards12,https://i.ebayimg.com/images/g/D5wAAeSwvqJqa~ox/s-l225.jpg,31566cbb-0eeb-499e-aa6d-b9b0bd85fc8b,fc81462a-2c3e-4b7a-a7be-ad7f88d98ace,Mega Greninja ex,Chaos Rising,122,mega_hyper_rare,YES,SINGLE_CARD,RAW,CARD,,,,,Donny,2026-09-15T22:19:03.345357+00:00,,
E9B-0118,v1|147323022306|445740873838,https://www.ebay.com/itm/147323022306?_skw=Mega+Greninja+ex+122+Chaos+Rising+Pokemon+card&hash=item224d22ebe2:g:8DcAAeSwLSlqDkEE,Pokémon TCG - Chaos Rising Holo/Reverse Holo EX SIR Illustration Rare Card | NM,Ungraded,4000,,"[""FIXED_PRICE""]",evcards,https://i.ebayimg.com/images/g/8DcAAeSwLSlqDkEE/s-l225.jpg,31566cbb-0eeb-499e-aa6d-b9b0bd85fc8b,fc81462a-2c3e-4b7a-a7be-ad7f88d98ace,Mega Greninja ex,Chaos Rising,122,mega_hyper_rare,NO,SINGLE_CARD,RAW,CARD,,,,,Donny,2026-09-15T03:48:30.609404+00:00,,
E9B-0119,v1|198637567975|0,https://www.ebay.com/itm/198637567975?_skw=Mega+Greninja+ex+122+Chaos+Rising+Pokemon+card&hash=item2e3fb8bfe7:g:xFcAAeSw1GpqpfRh,Pokemon ME04 Chaos Rising Mega Greninja ex 122/086 Gold Mega Hyper Rare NM,Ungraded,4000,,"[""FIXED_PRICE"", ""BEST_OFFER""]",evrytng4sell,https://i.ebayimg.com/images/g/xFcAAeSw1GpqpfRh/s-l225.jpg,31566cbb-0eeb-499e-aa6d-b9b0bd85fc8b,fc81462a-2c3e-4b7a-a7be-ad7f88d98ace,Mega Greninja ex,Chaos Rising,122,mega_hyper_rare,YES,SINGLE_CARD,RAW,CARD,,,,,Donny,2026-09-15T22:19:14.394352+00:00,,
E9B-0120,v1|287449771397|0,https://www.ebay.com/itm/287449771397?_skw=Charizard+ex+234+Paldean+Fates+Pokemon+card&hash=item42ed576d85:g:RMkAAeSw7B1qT6hU,Pokemon Charizard ex Paldean Fates 234/091 Special Illustration Rare PSA 10,Graded,2750,,"[""FIXED_PRICE""]",zandgemporium,https://i.ebayimg.com/images/g/RMkAAeSw7B1qT6hU/s-l225.jpg,33dca102-b449-4da6-bfa6-7b72de711596,c2d7a5e7-cfdd-4f37-9748-a2259857c6e3,Charizard ex,Paldean Fates,234,special_illustration_rare,NO,SINGLE_CARD,GRADED,CARD,,,,,Donny,2026-09-15T03:48:34.262105+00:00,,
E9B-0121,v1|256666653586|0,https://www.ebay.com/itm/256666653586?_skw=Charizard+ex+234+Paldean+Fates+Pokemon+card&hash=item3bc2865392:g:ArkAAOSwzqpnAfjv,2024 PSA 10 CHARIZARD EX 234/091 POKEMON PALDEAN FATES  SECRET ILLUSTRATION RARE,Graded,2750,,"[""FIXED_PRICE"", ""BEST_OFFER""]",ikes777,https://i.ebayimg.com/images/g/ArkAAOSwzqpnAfjv/s-l225.jpg,33dca102-b449-4da6-bfa6-7b72de711596,c2d7a5e7-cfdd-4f37-9748-a2259857c6e3,Charizard ex,Paldean Fates,234,special_illustration_rare,NO,SINGLE_CARD,GRADED,CARD,,,,,Donny,2026-09-15T03:48:35.547797+00:00,,
E9B-0122,v1|267639302964|0,https://www.ebay.com/itm/267639302964?_skw=Charizard+ex+234+Paldean+Fates+Pokemon+card&hash=item3e508bab34:g:RmsAAeSw5vBp3pkM,Pokémon Charizard ex 234/091 Special Illustration Rare Holo Sv: Paldean Fates,Ungraded,4000,,"[""FIXED_PRICE"", ""BEST_OFFER""]",dadlifeyadigg,https://i.ebayimg.com/images/g/RmsAAeSw5vBp3pkM/s-l225.jpg,33dca102-b449-4da6-bfa6-7b72de711596,c2d7a5e7-cfdd-4f37-9748-a2259857c6e3,Charizard ex,Paldean Fates,234,special_illustration_rare,YES,SINGLE_CARD,RAW,CARD,,,,,Donny,2026-09-15T22:18:10.044449+00:00,,
E9B-0123,v1|116890397629|0,https://www.ebay.com/itm/116890397629?_skw=Charizard+ex+234+Paldean+Fates+Pokemon+card&hash=item1b3735ebbd:g:4s4AAeSwh-VpH4ZQ,Charizard EX 234/091 Special Illustration Rare - Paldean Fates - CGC 10 - MINT,Graded,2750,,"[""FIXED_PRICE"", ""BEST_OFFER""]",cscheetz14,https://i.ebayimg.com/images/g/4s4AAeSwh-VpH4ZQ/s-l225.jpg,33dca102-b449-4da6-bfa6-7b72de711596,c2d7a5e7-cfdd-4f37-9748-a2259857c6e3,Charizard ex,Paldean Fates,234,special_illustration_rare,NO,SINGLE_CARD,GRADED,CARD,,,,,Donny,2026-09-15T03:48:50.360176+00:00,,
E9B-0124,v1|206553430230|0,https://www.ebay.com/itm/206553430230?_skw=Charizard+ex+234+Paldean+Fates+Pokemon+card&hash=item30178b38d6:g:fDIAAeSwfUpqpiEv,RARE Charizard ex 234/091 SIR HOLO Pokemon TCG Scarlet & Violet Paldean Fates NM,Ungraded,4000,,"[""FIXED_PRICE"", ""BEST_OFFER""]",trajoh_77,https://i.ebayimg.com/images/g/fDIAAeSwfUpqpiEv/s-l225.jpg,33dca102-b449-4da6-bfa6-7b72de711596,c2d7a5e7-cfdd-4f37-9748-a2259857c6e3,Charizard ex,Paldean Fates,234,special_illustration_rare,YES,SINGLE_CARD,RAW,CARD,,,,,Donny,2026-09-15T22:19:51.966634+00:00,,
E9B-0125,v1|318774809434|0,https://www.ebay.com/itm/318774809434?_skw=Charizard+ex+234+Paldean+Fates+Pokemon+card&hash=item4a3875935a:g:tskAAeSw04tqjN42,Charizard ex Holo Special Illustration Rare SV: Paldean Fates 234/091 NM,Ungraded,4000,,"[""FIXED_PRICE"", ""BEST_OFFER""]",dragonkyu_tcg,https://i.ebayimg.com/images/g/tskAAeSw04tqjN42/s-l225.jpg,33dca102-b449-4da6-bfa6-7b72de711596,c2d7a5e7-cfdd-4f37-9748-a2259857c6e3,Charizard ex,Paldean Fates,234,special_illustration_rare,YES,SINGLE_CARD,RAW,CARD,,,,,Donny,2026-09-15T22:17:53.905474+00:00,,
E9B-0126,v1|407147968746|0,https://www.ebay.com/itm/407147968746?_skw=Secret+Box+163+Twilight+Masquerade+Pokemon+card&hash=item5ecbe8f8ea:g:6OIAAeSwdJpqWq~i,2024 Pokemon Twilight Masquerade SECRET BOX 163/167 Ace Spec,Ungraded,4000,,"[""FIXED_PRICE"", ""BEST_OFFER""]",mayel_28,https://i.ebayimg.com/images/g/6OIAAeSwdJpqWq~i/s-l225.jpg,3755e7ef-e482-4186-8377-e717f80b3759,aa88bdd2-2ebe-4f9b-b53b-ab077c63f98c,Secret Box,Twilight Masquerade,163,ace_spec,YES,SINGLE_CARD,RAW,CARD,,,,,Donny,2026-09-15T22:18:23.216022+00:00,,
E9B-0127,v1|178408369889|0,https://www.ebay.com/itm/178408369889?_skw=Secret+Box+163+Twilight+Masquerade+Pokemon+card&hash=item2989f7aee1:g:zskAAeSwv-Jqf-c~,SECRET BOX 163/167 ACE SPEC RARE TWILIGHT MASQUERADE POKEMON HOLO NM/M HOLO,Ungraded,4000,,"[""FIXED_PRICE"", ""BEST_OFFER""]",2sick_tcg,https://i.ebayimg.com/images/g/zskAAeSwv-Jqf-c~/s-l225.jpg,3755e7ef-e482-4186-8377-e717f80b3759,aa88bdd2-2ebe-4f9b-b53b-ab077c63f98c,Secret Box,Twilight Masquerade,163,ace_spec,YES,SINGLE_CARD,RAW,CARD,,,,,Donny,2026-09-15T22:19:01.429055+00:00,,
E9B-0128,v1|398167242883|0,https://www.ebay.com/itm/398167242883?_skw=Secret+Box+163+Twilight+Masquerade+Pokemon+card&hash=item5cb49df883:g:5jMAAeSwVktqU-AQ,Secret Box 163/167 Sv06: Twilight Masquerade Holo,Ungraded,4000,,"[""FIXED_PRICE""]",96sonics,https://i.ebayimg.com/images/g/5jMAAeSwVktqU-AQ/s-l225.jpg,3755e7ef-e482-4186-8377-e717f80b3759,aa88bdd2-2ebe-4f9b-b53b-ab077c63f98c,Secret Box,Twilight Masquerade,163,ace_spec,YES,SINGLE_CARD,RAW,CARD,,,,,Donny,2026-09-15T22:16:52.631158+00:00,,
E9B-0129,v1|800467557043|0,https://www.ebay.com/itm/800467557043?_skw=Secret+Box+163+Twilight+Masquerade+Pokemon+card&hash=itemba5f959ab3:g:4dIAAeSwmkxqc6dz&amdata=enc%3AAQALAAABEACCtXRWQnOEpyOqnQQ8KGY3teu8c6gsWAR%2FReChWGbJTKEWVbnb519tH1yJsTBeLPv%2FVonvFQGG2VV%2BCYZKByKhbw3L0V7YjCMzvUPauzvuACnERW%2FXnLBGHIQ6OGkudzrRDnNEO%2B5uWOIexNTVbU4bo9I7UEsCSC%2FXBApD3ol%2FlYd8stP9cGL0Eq2HJGyQN%2Fietydro5Rk0wnXPSEkCpyCJ9FJZdE8izDciyIW8DwVCXAqZcY8BBnG4fM7zosQmIS69rJ2ALg3HfmpTDrNHVF9EwMek3BKoP5bAGnazwpVqKNstDvrsv7dHUWDzVsE%2FlekeBvieyZWGr4IlQBHVkYSemU0wdv3I2SV%2BittMNrU,Pokemon Twilight Masquerade Secret Box 163/167 ACE SPEC Holo EN,Ungraded,4000,,"[""FIXED_PRICE"", ""BEST_OFFER""]",shimmysvault,https://i.ebayimg.com/images/g/4dIAAeSwmkxqc6dz/s-l225.jpg,3755e7ef-e482-4186-8377-e717f80b3759,aa88bdd2-2ebe-4f9b-b53b-ab077c63f98c,Secret Box,Twilight Masquerade,163,ace_spec,YES,SINGLE_CARD,RAW,CARD,,,,,Donny,2026-09-15T22:19:40.231298+00:00,,
E9B-0130,v1|198571245754|0,https://www.ebay.com/itm/198571245754?_skw=Secret+Box+163+Twilight+Masquerade+Pokemon+card&hash=item2e3bc4c0ba:g:gB4AAeSwBKJp-qBM,Secret Box 163/167 Sv06: Twilight Masquerade Holo-Ace Spec Trainer Card,Ungraded,4000,,"[""FIXED_PRICE""]",geekstreetcollect,https://i.ebayimg.com/images/g/gB4AAeSwBKJp-qBM/s-l225.jpg,3755e7ef-e482-4186-8377-e717f80b3759,aa88bdd2-2ebe-4f9b-b53b-ab077c63f98c,Secret Box,Twilight Masquerade,163,ace_spec,YES,SINGLE_CARD,RAW,CARD,,,,,Donny,2026-09-15T22:17:41.653903+00:00,,
E9B-0131,v1|137571402106|0,https://www.ebay.com/itm/137571402106?_skw=Secret+Box+163+Twilight+Masquerade+Pokemon+card&hash=item2007e5017a:g:TxYAAeSwgvZqbNSl,Secret Box 163/167 Holo SV06: Twilight Masquerade LP Pokémon TCG,Ungraded,4000,,"[""FIXED_PRICE""]",thetradingpostcc,https://i.ebayimg.com/images/g/TxYAAeSwgvZqbNSl/s-l225.jpg,3755e7ef-e482-4186-8377-e717f80b3759,aa88bdd2-2ebe-4f9b-b53b-ab077c63f98c,Secret Box,Twilight Masquerade,163,ace_spec,YES,SINGLE_CARD,RAW,CARD,,,,,Donny,2026-09-15T22:17:55.411769+00:00,,
E9B-0132,v1|206392398170|0,https://www.ebay.com/itm/206392398170?_skw=Sunflora+169+Twilight+Masquerade+Pokemon+card&hash=item300df2115a:g:hkkAAeSwmbxqSIJy,2024 Pokemon Sunflora 169 Twilight Masquerade Illustration Rare,Ungraded,4000,,"[""FIXED_PRICE""]",krown-jewel-cards,https://i.ebayimg.com/images/g/hkkAAeSwmbxqSIJy/s-l225.jpg,3b5294d0-4738-4296-952e-f32b2788e3c4,10ab9aee-5f8c-4938-aec5-aa4a4314f745,Sunflora,Twilight Masquerade,169,illustration_rare,YES,SINGLE_CARD,RAW,CARD,,,,,Donny,2026-09-15T22:18:19.952489+00:00,,
E9B-0133,v1|267773627812|0,https://www.ebay.com/itm/267773627812?_skw=Sunflora+169+Twilight+Masquerade+Pokemon+card&hash=item3e588d4da4:g:TAcAAeSwZPBql1uV,Sunflora Twilight Masquerade 169/167 IR Holo Pokémon — English NM,Ungraded,4000,,"[""FIXED_PRICE"", ""BEST_OFFER""]",cardpulsetcg,https://i.ebayimg.com/images/g/TAcAAeSwZPBql1uV/s-l225.jpg,3b5294d0-4738-4296-952e-f32b2788e3c4,10ab9aee-5f8c-4938-aec5-aa4a4314f745,Sunflora,Twilight Masquerade,169,illustration_rare,YES,SINGLE_CARD,RAW,CARD,,,,,Donny,2026-09-15T22:18:44.662397+00:00,,
E9B-0134,v1|358916440958|0,https://www.ebay.com/itm/358916440958?_skw=Sunflora+169+Twilight+Masquerade+Pokemon+card&hash=item539116437e:g:Wc0AAeSw-wlqfCFi,SV06: Twilight Masquerade #169/167 Sunflora,Ungraded,4000,,"[""FIXED_PRICE""]",hiddengemantiques,https://i.ebayimg.com/images/g/Wc0AAeSw-wlqfCFi/s-l225.jpg,3b5294d0-4738-4296-952e-f32b2788e3c4,10ab9aee-5f8c-4938-aec5-aa4a4314f745,Sunflora,Twilight Masquerade,169,illustration_rare,YES,SINGLE_CARD,RAW,CARD,,,,,Donny,2026-09-15T22:18:55.718641+00:00,,
E9B-0135,v1|206553039580|0,https://www.ebay.com/itm/206553039580?_skw=Sunflora+169+Twilight+Masquerade+Pokemon+card&hash=item30178542dc:g:X~MAAeSw9RRqpeLg,Sunflora 169/167 Sv06: Twilight Masquerade Holo,Ungraded,4000,,"[""FIXED_PRICE"", ""BEST_OFFER""]",mar_mader,https://i.ebayimg.com/images/g/X~MAAeSw9RRqpeLg/s-l225.jpg,3b5294d0-4738-4296-952e-f32b2788e3c4,10ab9aee-5f8c-4938-aec5-aa4a4314f745,Sunflora,Twilight Masquerade,169,illustration_rare,YES,SINGLE_CARD,RAW,CARD,,,,,Donny,2026-09-15T22:20:15.805273+00:00,,
E9B-0136,v1|800663167769|0,https://www.ebay.com/itm/800663167769?_skw=Sunflora+169+Twilight+Masquerade+Pokemon+card&hash=itemba6b3e6319:g:o5kAAeSwOZRqqJEi,Sunflora 169/167 Illustration Rare Twilight Masquerade Pokemon Holo Near Mint,Ungraded,4000,,"[""FIXED_PRICE""]",nekonekocards,https://i.ebayimg.com/images/g/o5kAAeSwOZRqqJEi/s-l225.jpg,3b5294d0-4738-4296-952e-f32b2788e3c4,10ab9aee-5f8c-4938-aec5-aa4a4314f745,Sunflora,Twilight Masquerade,169,illustration_rare,YES,SINGLE_CARD,RAW,CARD,,,,,Donny,2026-09-15T22:20:03.896225+00:00,,
E9B-0137,v1|188927691617|0,https://www.ebay.com/itm/188927691617?_skw=Sunflora+169+Twilight+Masquerade+Pokemon+card&hash=item2bfcf7cb61:g:C7sAAeSwpr5qp3c1&amdata=enc%3AAQALAAABEACCtXRWQnOEpyOqnQQ8KGYYw5Bvggl4jwK%2FKSBky5PQsxNGZtG7dKKwN3wN2KTLInVL1pnFm5MJrbtuLTm9qPw%2BrDKLfLNkToiPJwPQp53c2YkISWHSxcz9025EAkwzoQEcCykWBBTs8gv43q9LdqO%2FVGgjfM345aeTCp%2FVEUppZKP1y9Yf4sRDneTy2x%2B0q3HaT6OEUVBItH7TvtUhvw38kycx9MVz39c4rjskmfeg8A8E4Z%2FhxtiK%2F1gqAM9un%2B014989Mmo98g7BNovnpIbODHNHWJ%2BGt5qfi9w%2FLQfO9uLP%2B0epXdQdBtnGlYiZ01pRKgQQTpQ0rFEd2WhohIZMe8ml8BnOe5OqAyVICzLz,Sunflora 169/167 Sv06 Twilight Masquerade Illustration Rare Holo English,Ungraded,4000,,"[""FIXED_PRICE""]",pokemoncollectrr,https://i.ebayimg.com/images/g/C7sAAeSwpr5qp3c1/s-l225.jpg,3b5294d0-4738-4296-952e-f32b2788e3c4,10ab9aee-5f8c-4938-aec5-aa4a4314f745,Sunflora,Twilight Masquerade,169,illustration_rare,YES,SINGLE_CARD,RAW,CARD,,,,,Donny,2026-09-15T22:19:55.314226+00:00,,
E9B-0138,v1|820126975976|0,https://www.ebay.com/itm/820126975976?_skw=Mega+Gardevoir+ex+187+Mega+Evolution+Pokemon+card&hash=itembef36087e8:g:Kq4AAeSwbUdqqDw1,Mega Gardevoir EX 187/132 Evolutions Secret Rare Holo Full Art English 2016,Ungraded,4000,,"[""FIXED_PRICE"", ""BEST_OFFER""]",vali-1663,https://i.ebayimg.com/images/g/Kq4AAeSwbUdqqDw1/s-l225.jpg,3baf2f12-759f-427a-b8d0-2511e639310f,886acc91-d523-4628-bb4a-6ef8db1d8543,Mega Gardevoir ex,Mega Evolution,187,mega_hyper_rare,YES,SINGLE_CARD,RAW,CARD,,,,,Donny,2026-09-15T22:18:50.217338+00:00,,
E9B-0139,v1|820126944608|0,https://www.ebay.com/itm/820126944608?_skw=Mega+Gardevoir+ex+187+Mega+Evolution+Pokemon+card&hash=itembef3600d60:g:8gUAAeSwcBxqqDlY,Mega Gardevoir EX 187/132 ME01 Mega Evolution Mega Hyper Rare Holo Full Art,Ungraded,4000,,"[""FIXED_PRICE"", ""BEST_OFFER""]",vali-1663,https://i.ebayimg.com/images/g/8gUAAeSwcBxqqDlY/s-l225.jpg,3baf2f12-759f-427a-b8d0-2511e639310f,886acc91-d523-4628-bb4a-6ef8db1d8543,Mega Gardevoir ex,Mega Evolution,187,mega_hyper_rare,YES,SINGLE_CARD,RAW,CARD,,,,,Donny,2026-09-15T22:18:45.214209+00:00,,
E9B-0140,v1|227305843604|526658945742,https://www.ebay.com/itm/227305843604?_skw=Mega+Gardevoir+ex+187+Mega+Evolution+Pokemon+card&hash=item34ec7beb94:g:yt0AAeSwHPhp4u~Y,Pokemon TCG EXTENDED ART CASE Mega Gardevoir ex 187 HR Evolution CCG Card Game,Ungraded,4000,,"[""FIXED_PRICE""]",buiq22,https://i.ebayimg.com/images/g/yt0AAeSwHPhp4u~Y/s-l225.jpg,3baf2f12-759f-427a-b8d0-2511e639310f,886acc91-d523-4628-bb4a-6ef8db1d8543,Mega Gardevoir ex,Mega Evolution,187,mega_hyper_rare,NO,SINGLE_CARD,RAW,SEALED_OR_NON_CARD,,,,,Donny,2026-09-15T03:49:16.320964+00:00,,
E9B-0141,v1|398174021167|0,https://www.ebay.com/itm/398174021167?_skw=Mega+Gardevoir+ex+187+Mega+Evolution+Pokemon+card&hash=item5cb505662f:g:GmQAAeSwW3hqVnE~,2025 Pokemon Mega Gardevoir ex 187/132 Hyper Rare TAG 10 Gold ME01,Graded,2750,,"[""FIXED_PRICE"", ""BEST_OFFER""]",darrelhelmi_0,https://i.ebayimg.com/images/g/GmQAAeSwW3hqVnE~/s-l225.jpg,3baf2f12-759f-427a-b8d0-2511e639310f,886acc91-d523-4628-bb4a-6ef8db1d8543,Mega Gardevoir ex,Mega Evolution,187,mega_hyper_rare,NO,SINGLE_CARD,GRADED,CARD,,,,,Donny,2026-09-15T03:49:18.365937+00:00,,
E9B-0142,v1|377493517228|0,https://www.ebay.com/itm/377493517228?_skw=Mega+Gardevoir+ex+187+Mega+Evolution+Pokemon+card&hash=item57e45df3ac:g:dlUAAeSwHAJqpz2z,The Pokémon Company Mega Gardevoir EX 187/132 ME01 Holo Card,Ungraded,4000,,"[""FIXED_PRICE"", ""BEST_OFFER""]",pha-83971,https://i.ebayimg.com/images/g/dlUAAeSwHAJqpz2z/s-l225.jpg,3baf2f12-759f-427a-b8d0-2511e639310f,886acc91-d523-4628-bb4a-6ef8db1d8543,Mega Gardevoir ex,Mega Evolution,187,mega_hyper_rare,YES,SINGLE_CARD,RAW,CARD,,,,,Donny,2026-09-15T22:18:22.597500+00:00,,
E9B-0143,v1|287586614657|0,https://www.ebay.com/itm/287586614657?_skw=Mega+Gardevoir+ex+187+Mega+Evolution+Pokemon+card&hash=item42f57f7d81:g:OjsAAeSwzmBqqGQx,Mega Gardevoir EX Evolutions 187/132 Secret Rare Full Art Foil Eng 2016 ,Ungraded,4000,,"[""FIXED_PRICE"", ""BEST_OFFER""]",n1c0d3mu5,https://i.ebayimg.com/images/g/OjsAAeSwzmBqqGQx/s-l225.jpg,3baf2f12-759f-427a-b8d0-2511e639310f,886acc91-d523-4628-bb4a-6ef8db1d8543,Mega Gardevoir ex,Mega Evolution,187,mega_hyper_rare,YES,SINGLE_CARD,RAW,CARD,,,,,Donny,2026-09-15T22:18:46.241732+00:00,,
E9B-0144,v1|178494127625|0,https://www.ebay.com/itm/178494127625?_skw=Mega+Charizard+Y+ex+294+Ascended+Heroes+Pokemon+card&hash=item298f143e09:g:UhAAAeSwQR5qpySz,Mega Charizard Y ex 294/217 Mega Hyper Rare Ascended Heroes Pokemon English NM,Ungraded,4000,,"[""AUCTION""]",beauzoe,https://i.ebayimg.com/images/g/UhAAAeSwQR5qpySz/s-l225.jpg,3c75f577-62ee-4bdf-865c-ab2384f4379b,ecf458ed-ed92-4f04-bf27-1912d59bdbc0,Mega Charizard Y ex,Ascended Heroes,294,mega_hyper_rare,YES,SINGLE_CARD,RAW,CARD,,,,,Donny,2026-09-15T22:20:18.234236+00:00,,
E9B-0145,v1|407216615607|0,https://www.ebay.com/itm/407216615607?_skw=Mega+Charizard+Y+ex+294+Ascended+Heroes+Pokemon+card&hash=item5ed00070b7:g:WwAAAeSwqR1qqD6V,Mega Charizard Y ex 294/217 Mega Hyper Rare Ascended Heroes 10 Contender,Ungraded,4000,,"[""FIXED_PRICE"", ""BEST_OFFER""]",amilarosacollects,https://i.ebayimg.com/images/g/WwAAAeSwqR1qqD6V/s-l225.jpg,3c75f577-62ee-4bdf-865c-ab2384f4379b,ecf458ed-ed92-4f04-bf27-1912d59bdbc0,Mega Charizard Y ex,Ascended Heroes,294,mega_hyper_rare,YES,SINGLE_CARD,RAW,CARD,,,,,Donny,2026-09-15T22:18:45.712926+00:00,,
E9B-0146,v1|178482923132|0,https://www.ebay.com/itm/178482923132?_skw=Mega+Charizard+Y+ex+294+Ascended+Heroes+Pokemon+card&hash=item298e69467c:g:DJMAAeSwKCpqoar9,2026 Pokemon Mega Evolution Ascended Heroes Hyper Rare Charizard Y Ex #294 PSA 9,Graded,2750,,"[""FIXED_PRICE""]",monmouthcards,https://i.ebayimg.com/images/g/DJMAAeSwKCpqoar9/s-l225.jpg,3c75f577-62ee-4bdf-865c-ab2384f4379b,ecf458ed-ed92-4f04-bf27-1912d59bdbc0,Mega Charizard Y ex,Ascended Heroes,294,mega_hyper_rare,NO,SINGLE_CARD,GRADED,CARD,,,,,Donny,2026-09-15T03:49:26.258983+00:00,,
E9B-0147,v1|178465718515|0,https://www.ebay.com/itm/178465718515?_skw=Mega+Charizard+Y+ex+294+Ascended+Heroes+Pokemon+card&hash=item298d62c0f3:g:Im0AAeSwq2Jqmg69,2026 Pokemon Mega Evolution Ascended Heroes Hyper Rare Charizard Y Ex #294 PSA 9,Graded,2750,,"[""FIXED_PRICE""]",monmouthcards,https://i.ebayimg.com/images/g/Im0AAeSwq2Jqmg69/s-l225.jpg,3c75f577-62ee-4bdf-865c-ab2384f4379b,ecf458ed-ed92-4f04-bf27-1912d59bdbc0,Mega Charizard Y ex,Ascended Heroes,294,mega_hyper_rare,NO,SINGLE_CARD,GRADED,CARD,,,,,Donny,2026-09-15T03:49:27.792754+00:00,,
E9B-0148,v1|227480425247|526658803556,https://www.ebay.com/itm/227480425247?_skw=Mega+Charizard+Y+ex+294+Ascended+Heroes+Pokemon+card&hash=item34f6e3d31f:g:RgoAAeSwG9Fqg8BZ,Pokemon TCG Extended Art Case Mega Charizard Y Ex MHR 294/217 ME Ascended Heroes,Ungraded,4000,,"[""FIXED_PRICE""]",buiq22,https://i.ebayimg.com/images/g/RgoAAeSwG9Fqg8BZ/s-l225.jpg,3c75f577-62ee-4bdf-865c-ab2384f4379b,ecf458ed-ed92-4f04-bf27-1912d59bdbc0,Mega Charizard Y ex,Ascended Heroes,294,mega_hyper_rare,NO,SINGLE_CARD,RAW,SEALED_OR_NON_CARD,,,,,Donny,2026-09-15T03:49:32.225492+00:00,,
E9B-0149,v1|366666989002|0,https://www.ebay.com/itm/366666989002?_skw=Mega+Charizard+Y+ex+294+Ascended+Heroes+Pokemon+card&hash=item555f0e3dca:g:RyAAAeSw3qdqpwUr,Mega Charizard Y ex 294/217 Mega Hyper Rare Ascended Heroes Pokemon Holo NM,Ungraded,4000,,"[""FIXED_PRICE"", ""BEST_OFFER""]",bronx_bomberz,https://i.ebayimg.com/images/g/RyAAAeSw3qdqpwUr/s-l225.jpg,3c75f577-62ee-4bdf-865c-ab2384f4379b,ecf458ed-ed92-4f04-bf27-1912d59bdbc0,Mega Charizard Y ex,Ascended Heroes,294,mega_hyper_rare,YES,SINGLE_CARD,RAW,CARD,,,,,Donny,2026-09-15T22:18:16.529927+00:00,,
E9B-0150,v1|298674574402|0,https://www.ebay.com/itm/298674574402?_skw=Mega+Dragonite+ex+290+Ascended+Heroes+Pokemon+card&hash=item458a645442:g:tcUAAeSw97tqqE-r,Pokemon TCG Mega Dragonite ex 290/217 Me: Ascended Heroes SIR Holo PSA 10,Graded,2750,,"[""FIXED_PRICE"", ""BEST_OFFER""]",z_legacy,https://i.ebayimg.com/images/g/tcUAAeSw97tqqE-r/s-l225.jpg,4206e794-1ec6-4d55-94d4-63267ac9a183,9d5ddc90-8f9d-4759-b73d-fff0cd877d73,Mega Dragonite ex,Ascended Heroes,290,special_illustration_rare,NO,SINGLE_CARD,GRADED,CARD,,,,,Donny,2026-09-15T03:49:35.561562+00:00,,
E9B-0151,v1|188901480858|0,https://www.ebay.com/itm/188901480858?_skw=Mega+Dragonite+ex+290+Ascended+Heroes+Pokemon+card&hash=item2bfb67d99a:g:JLwAAeSwezVqn26a,CGC 10 Mega Dragonite EX 290/217 Special Illustration Rare Pokemon,Graded,2750,,"[""FIXED_PRICE""]",pokebb,https://i.ebayimg.com/images/g/JLwAAeSwezVqn26a/s-l225.jpg,4206e794-1ec6-4d55-94d4-63267ac9a183,9d5ddc90-8f9d-4759-b73d-fff0cd877d73,Mega Dragonite ex,Ascended Heroes,290,special_illustration_rare,NO,SINGLE_CARD,GRADED,CARD,,,,,Donny,2026-09-15T03:49:37.026069+00:00,,
E9B-0152,v1|377495587344|0,https://www.ebay.com/itm/377495587344?_skw=Mega+Dragonite+ex+290+Ascended+Heroes+Pokemon+card&hash=item57e47d8a10:g:kxQAAeSwM-NqqG7Y,Mega Dragonite ex SIR Ascended Heroes 290/217 HP 370 English Pokémon TCG NM,Ungraded,4000,,"[""FIXED_PRICE"", ""BEST_OFFER""]",jozierpokemonandcollectibles,https://i.ebayimg.com/images/g/kxQAAeSwM-NqqG7Y/s-l225.jpg,4206e794-1ec6-4d55-94d4-63267ac9a183,9d5ddc90-8f9d-4759-b73d-fff0cd877d73,Mega Dragonite ex,Ascended Heroes,290,special_illustration_rare,YES,SINGLE_CARD,RAW,CARD,,,,,Donny,2026-09-15T22:18:26.039947+00:00,,
E9B-0153,v1|307179573533|0,https://www.ebay.com/itm/307179573533?_skw=Mega+Dragonite+ex+290+Ascended+Heroes+Pokemon+card&hash=item478554511d:g:VAMAAeSwEu1qqIYU,PSA 10 Pokemon TCG Mega Dragonite ex 290/217 SIR Holo Ascended Heroes EN,Graded,2750,,"[""FIXED_PRICE"", ""BEST_OFFER""]",miguesebastia_0,https://i.ebayimg.com/images/g/VAMAAeSwEu1qqIYU/s-l225.jpg,4206e794-1ec6-4d55-94d4-63267ac9a183,9d5ddc90-8f9d-4759-b73d-fff0cd877d73,Mega Dragonite ex,Ascended Heroes,290,special_illustration_rare,NO,SINGLE_CARD,GRADED,CARD,,,,,Donny,2026-09-15T03:49:43.563577+00:00,,
E9B-0154,v1|178494618036|0,https://www.ebay.com/itm/178494618036?_skw=Mega+Dragonite+ex+290+Ascended+Heroes+Pokemon+card&hash=item298f1bb9b4:g:IUMAAeSwzmBqp1l3,2026 Pokemon TCG Mega Dragonite ex 290/217 SIR Ascended Heroes PSA 9 MINT!!!,Graded,2750,,"[""FIXED_PRICE"", ""BEST_OFFER""]",tymoney420,https://i.ebayimg.com/images/g/IUMAAeSwzmBqp1l3/s-l225.jpg,4206e794-1ec6-4d55-94d4-63267ac9a183,9d5ddc90-8f9d-4759-b73d-fff0cd877d73,Mega Dragonite ex,Ascended Heroes,290,special_illustration_rare,NO,SINGLE_CARD,GRADED,CARD,,,,,Donny,2026-09-15T03:49:46.299467+00:00,,
E9B-0155,v1|407216615606|0,https://www.ebay.com/itm/407216615606?_skw=Mega+Dragonite+ex+290+Ascended+Heroes+Pokemon+card&hash=item5ed00070b6:g:MdoAAeSwwlhqqDpi&amdata=enc%3AAQALAAABEACCtXRWQnOEpyOqnQQ8KGY9AssEZk0oU8FZWdN1MGqaJ%2FoohvxCFlmuKWFmOfOoH1gS3IUPqJS8woyFK5cfJI3Z9BpfXodqJV2u%2BJ%2BCHQ1cgtYvk1QDA%2FulovGZwCFXzJTjgOwKpj31JhJA%2FWdokpPy0IJH3sG8LI%2BBmdhBJQr35M6Wo9r97uFiCZyuiSc6V0uE0CQgAifjxlkTLIV6s5yuO7WJiSxHYdzUIj6WSoGU%2BLtiJRl3zKQF%2Ba4lpa5PA5Whw4ccuWZz%2BZYwskUiwcVijNJ7AJHLuwgoHttFaOAz7XJ6b1DNt%2FqQH9HYf9JcMV3wGQZW1gEC6OH3AxvpHYVjl8kAWzN2UVaGzaLG06pa,Mega Dragonite ex 290/217 Special Illustration Rare Ascended Heroes 10 Contender,Ungraded,4000,,"[""FIXED_PRICE"", ""BEST_OFFER""]",amilarosacollects,https://i.ebayimg.com/images/g/MdoAAeSwwlhqqDpi/s-l225.jpg,4206e794-1ec6-4d55-94d4-63267ac9a183,9d5ddc90-8f9d-4759-b73d-fff0cd877d73,Mega Dragonite ex,Ascended Heroes,290,special_illustration_rare,YES,SINGLE_CARD,RAW,CARD,,,,,Donny,2026-09-15T22:20:06.408534+00:00,,
E9B-0156,v1|198641706635|0,https://www.ebay.com/itm/198641706635?_skw=Durant+ex+236+Surging+Sparks+Pokemon+card&hash=item2e3ff7e68b:g:-rsAAeSwRrRqqFu~,Pokemon TCG Durant ex 236/191 SV08 Surging Sparks SIR Holo English 2024,Ungraded,4000,,"[""FIXED_PRICE"", ""BEST_OFFER""]",tommros2,https://i.ebayimg.com/images/g/-rsAAeSwRrRqqFu~/s-l225.jpg,4299cd6b-98e3-4e65-865f-26a39b19fe5b,041717c6-a2b6-40d1-867a-b1abb1d65ec8,Durant ex,Surging Sparks,236,special_illustration_rare,YES,SINGLE_CARD,RAW,CARD,,,,,Donny,2026-09-15T22:20:02.092304+00:00,,
E9B-0157,v1|336792285051|0,https://www.ebay.com/itm/336792285051?_skw=Durant+ex+236+Surging+Sparks+Pokemon+card&hash=item4e6a626f7b:g:~eAAAeSwwlhqptAQ,2024 Pokemon TCG Durant ex 236/191 SV08 Surging Sparks Graded Holo English,Graded,2750,,"[""FIXED_PRICE"", ""BEST_OFFER""]",love.life.again,https://i.ebayimg.com/images/g/~eAAAeSwwlhqptAQ/s-l225.jpg,4299cd6b-98e3-4e65-865f-26a39b19fe5b,041717c6-a2b6-40d1-867a-b1abb1d65ec8,Durant ex,Surging Sparks,236,special_illustration_rare,NO,SINGLE_CARD,GRADED,CARD,,,,,Donny,2026-09-15T03:49:49.746349+00:00,,
E9B-0158,v1|366669120668|0,https://www.ebay.com/itm/366669120668?_skw=Durant+ex+236+Surging+Sparks+Pokemon+card&hash=item555f2ec49c:g:1jEAAeSwzhpqqF8t&amdata=enc%3AAQALAAABEACCtXRWQnOEpyOqnQQ8KGbjcN%2FjSySi3Y4bCS4QTdPuhziA95o1uIwcabaZc80Lar2jzEBEqzuswXRcKAeq%2Br3kS%2Fnz416dsWso97lrmmz%2BoTMHEbrq6NrVEVcPcnrAJ2thWlYGNp7nJYDSkjIZzrkGfPiUB02s5JVodplahfJkt8SieNTV%2FHIMQj6OweBReXOU1PNjZeg3sRFUytmt%2FAHviZYHu%2Fsw%2Foxco2btatn6Qnm2NRvrnc1JoD6PIrlySszE%2FspcTaul4nQNBQbGkiTjlVIJq5OgY%2BB9QTA27Ad%2B%2BkC9Ci6NcU9dgkrjb%2BAkr6v4CVNiCbkdkkrKAgvyafkvBuoDKbE4OZaaWV24mPZ2,The Pokémon Company Pokemon TCG Durant ex 236/191 Surging Sparks SIR Holo EN,Ungraded,4000,,"[""FIXED_PRICE"", ""BEST_OFFER""]",paigebrahic,https://i.ebayimg.com/images/g/1jEAAeSwzhpqqF8t/s-l225.jpg,4299cd6b-98e3-4e65-865f-26a39b19fe5b,041717c6-a2b6-40d1-867a-b1abb1d65ec8,Durant ex,Surging Sparks,236,special_illustration_rare,YES,SINGLE_CARD,RAW,CARD,,,,,Donny,2026-09-15T22:18:55.143380+00:00,,
E9B-0159,v1|298664742507|0,https://www.ebay.com/itm/298664742507?_skw=Durant+ex+236+Surging+Sparks&hash=item4589ce4e6b:g:GLgAAeSwyahqpEbZ,2024 POKEMON SURGING SPARKS SPECIAL ILLUSTRATION RARE #236 DURANT EX PSA 10,Graded,2750,,"[""AUCTION""]",psa,https://i.ebayimg.com/images/g/GLgAAeSwyahqpEbZ/s-l225.jpg,4299cd6b-98e3-4e65-865f-26a39b19fe5b,041717c6-a2b6-40d1-867a-b1abb1d65ec8,Durant ex,Surging Sparks,236,special_illustration_rare,NO,SINGLE_CARD,GRADED,CARD,,,,,Donny,2026-09-15T03:49:52.745801+00:00,,
E9B-0160,v1|377427017093|0,https://www.ebay.com/itm/377427017093?_skw=Durant+ex+236+Surging+Sparks&hash=item57e0673d85:g:dSQAAeSw0yNqg3AP,1x Durant ex - 236/191 - Special Illustration Rare SSP Surging Sparks Pokemon Ne,Ungraded,4000,,"[""FIXED_PRICE""]",gamesandcards.com,https://i.ebayimg.com/images/g/dSQAAeSw0yNqg3AP/s-l225.jpg,4299cd6b-98e3-4e65-865f-26a39b19fe5b,041717c6-a2b6-40d1-867a-b1abb1d65ec8,Durant ex,Surging Sparks,236,special_illustration_rare,YES,SINGLE_CARD,RAW,CARD,,,,,Donny,2026-09-15T22:20:16.317592+00:00,,
E9B-0161,v1|298669201417|0,https://www.ebay.com/itm/298669201417?_skw=Durant+ex+236+Surging+Sparks+Pokemon+card&hash=item458a125809:g:xaQAAeSwnJNqpi0X,Pokemon Durant ex 236/191 Ultra Rare Surging Sparks - CGC 10 PRISTINE,Graded,2750,,"[""FIXED_PRICE"", ""BEST_OFFER""]",pokemondaily,https://i.ebayimg.com/images/g/xaQAAeSwnJNqpi0X/s-l225.jpg,4299cd6b-98e3-4e65-865f-26a39b19fe5b,041717c6-a2b6-40d1-867a-b1abb1d65ec8,Durant ex,Surging Sparks,236,special_illustration_rare,NO,SINGLE_CARD,GRADED,CARD,,,,,Donny,2026-09-15T03:49:55.914822+00:00,,
E9B-0162,v1|117379731159|417265202047,https://www.ebay.com/itm/117379731159?_skw=Lt.+Surge%27s+Bargain+120+Mega+Evolution+Pokemon+card&hash=item1b54608ed7:g:N50AAeSwOa9qj0O~,Mega Evolution Pokémon Cards! Holo/Reverse Holo EX SIR Illustration Rare Card!,Ungraded,4000,,"[""FIXED_PRICE""]",ewoks_adventure,https://i.ebayimg.com/images/g/N50AAeSwOa9qj0O~/s-l225.jpg,50f67b41-059d-4c14-842f-8b48fba46bc2,304de4f2-c09c-4d1c-a57e-5b83867aee55,Lt. Surge's Bargain,Mega Evolution,120,uncommon,NO,SINGLE_CARD,RAW,CARD,,,,,Donny,2026-09-15T03:49:59.391562+00:00,,
E9B-0163,v1|117194228695|0,https://www.ebay.com/itm/117194228695?_skw=Lt.+Surge%27s+Bargain+120+Mega+Evolution+Pokemon+card&hash=item1b495203d7:g:lwoAAeSwv2hqBUEe,Lt. Surge's Bargain 120/132 Reverse Holo UC Mega Evolution NM Pokemon,Ungraded,4000,,"[""FIXED_PRICE""]",bwise12241224,https://i.ebayimg.com/images/g/lwoAAeSwv2hqBUEe/s-l225.jpg,50f67b41-059d-4c14-842f-8b48fba46bc2,304de4f2-c09c-4d1c-a57e-5b83867aee55,Lt. Surge's Bargain,Mega Evolution,120,uncommon,NO,SINGLE_CARD,RAW,CARD,,,,INCONSISTENT,Donny,2026-09-15T03:50:02.825771+00:00,,
E9B-0164,v1|377487708106|0,https://www.ebay.com/itm/377487708106?_skw=Lt.+Surge%27s+Bargain+120+Mega+Evolution+Pokemon+card&hash=item57e4054fca:g:9zAAAeSw23lqo3UN,Lt. Surge's Bargain 120/132 Uncommon Mega Evolution Pokemon Near Mint,Ungraded,4000,,"[""FIXED_PRICE""]",pokistash,https://i.ebayimg.com/images/g/9zAAAeSw23lqo3UN/s-l225.jpg,50f67b41-059d-4c14-842f-8b48fba46bc2,304de4f2-c09c-4d1c-a57e-5b83867aee55,Lt. Surge's Bargain,Mega Evolution,120,uncommon,YES,SINGLE_CARD,RAW,CARD,,,,,Donny,2026-09-15T22:20:23.320241+00:00,,
E9B-0165,v1|407109398895|0,https://www.ebay.com/itm/407109398895?_skw=Lt.+Surge%27s+Bargain+120+Mega+Evolution+Pokemon+card&hash=item5ec99c716f:g:6tkAAeSw3xtqePee,Lt. Surge's Bargain 120/132 Mega Evolution Reverse Holofoil Pokemon (MP-NM),Ungraded,4000,,"[""FIXED_PRICE""]",roguedeckhouse,https://i.ebayimg.com/images/g/6tkAAeSw3xtqePee/s-l225.jpg,50f67b41-059d-4c14-842f-8b48fba46bc2,304de4f2-c09c-4d1c-a57e-5b83867aee55,Lt. Surge's Bargain,Mega Evolution,120,uncommon,NO,SINGLE_CARD,RAW,CARD,,,,INCONSISTENT,Donny,2026-09-15T03:50:08.205474+00:00,,
E9B-0166,v1|307135429387|0,https://www.ebay.com/itm/307135429387?_skw=Lt.+Surge%27s+Bargain+120+Mega+Evolution+Pokemon+card&hash=item4782b2bb0b:g:ugEAAeSwhYZqhcPl,Lt. Surge's Bargain 120/132 Uncommon Mega Evolution Pokemon Reverse Holo NM,Ungraded,4000,,"[""FIXED_PRICE""]",desirablecardboard,https://i.ebayimg.com/images/g/ugEAAeSwhYZqhcPl/s-l225.jpg,50f67b41-059d-4c14-842f-8b48fba46bc2,304de4f2-c09c-4d1c-a57e-5b83867aee55,Lt. Surge's Bargain,Mega Evolution,120,uncommon,NO,SINGLE_CARD,RAW,CARD,,,,INCONSISTENT,Donny,2026-09-15T03:50:11.695023+00:00,,
E9B-0167,v1|158292750744|0,https://www.ebay.com/itm/158292750744?_skw=Lt.+Surge%27s+Bargain+120+Mega+Evolution+Pokemon+card&hash=item24dafbb198:g:-kIAAeSwCvBqqHyx,Lt. Surge's Bargain 120/132 Uncommon Mega Evolution Pokemon Near Mint,Ungraded,4000,,"[""FIXED_PRICE""]",rockytopresell,https://i.ebayimg.com/images/g/-kIAAeSwCvBqqHyx/s-l225.jpg,50f67b41-059d-4c14-842f-8b48fba46bc2,304de4f2-c09c-4d1c-a57e-5b83867aee55,Lt. Surge's Bargain,Mega Evolution,120,uncommon,YES,SINGLE_CARD,RAW,CARD,,,,,Donny,2026-09-15T22:18:51.900390+00:00,,
E9B-0168,v1|198639789609|0,https://www.ebay.com/itm/198639789609?_skw=Perrin+220+Twilight+Masquerade+Pokemon+card&hash=item2e3fdaa629:g:8g8AAeSwbUdqpz6y,Pokémon TCG Twilight Masquerade Perrin 220/167 Holo English PSA 9,Graded,2750,,"[""FIXED_PRICE"", ""BEST_OFFER""]",juntha_1,https://i.ebayimg.com/images/g/8g8AAeSwbUdqpz6y/s-l225.jpg,53466d2d-94fd-4230-9505-694297a9030d,3451abaf-acc7-41aa-a60c-25f24b7ac07f,Perrin,Twilight Masquerade,220,special_illustration_rare,NO,SINGLE_CARD,GRADED,CARD,,,,,Donny,2026-09-15T03:50:16.166271+00:00,,
E9B-0169,v1|188927446053|0,https://www.ebay.com/itm/188927446053?_skw=Perrin+220+Twilight+Masquerade+Pokemon+card&hash=item2bfcf40c25:g:VCMAAeSw0l5qp0wI,The Pokemon Company Perrin 220/167 SIR Full Art Holo Sv06 Twilight Masquerade,Ungraded,4000,,"[""FIXED_PRICE"", ""BEST_OFFER""]",resteasyrips,https://i.ebayimg.com/images/g/VCMAAeSw0l5qp0wI/s-l225.jpg,53466d2d-94fd-4230-9505-694297a9030d,3451abaf-acc7-41aa-a60c-25f24b7ac07f,Perrin,Twilight Masquerade,220,special_illustration_rare,YES,SINGLE_CARD,RAW,CARD,,,,,Donny,2026-09-15T22:18:08.092357+00:00,,
E9B-0170,v1|117410701479|0,https://www.ebay.com/itm/117410701479?_skw=Perrin+220+Twilight+Masquerade+Pokemon+card&hash=item1b563920a7:g:A7cAAeSwVXhqpr2Y,Pokémon TCG Perrin 220/167 SV06 Twilight Masquerade SIR PSA 9,Graded,2750,,"[""FIXED_PRICE"", ""BEST_OFFER""]",ariellespokecollective,https://i.ebayimg.com/images/g/A7cAAeSwVXhqpr2Y/s-l225.jpg,53466d2d-94fd-4230-9505-694297a9030d,3451abaf-acc7-41aa-a60c-25f24b7ac07f,Perrin,Twilight Masquerade,220,special_illustration_rare,NO,SINGLE_CARD,GRADED,CARD,,,,,Donny,2026-09-15T03:50:19.541654+00:00,,
E9B-0171,v1|278373269312|0,https://www.ebay.com/itm/278373269312?_skw=Perrin+220+Twilight+Masquerade&hash=item40d056ff40:g:h5cAAeSwNSNqeazc,Pokémon TCG Perrin 220/167 Full Art Twilight Masquerade Card,Ungraded,4000,,"[""AUCTION"", ""BEST_OFFER""]",tinny5gotya,https://i.ebayimg.com/images/g/h5cAAeSwNSNqeazc/s-l225.jpg,53466d2d-94fd-4230-9505-694297a9030d,3451abaf-acc7-41aa-a60c-25f24b7ac07f,Perrin,Twilight Masquerade,220,special_illustration_rare,YES,SINGLE_CARD,RAW,CARD,,,,,Donny,2026-09-15T22:18:28.005704+00:00,,
E9B-0172,v1|366669115182|0,https://www.ebay.com/itm/366669115182?_skw=Perrin+220+Twilight+Masquerade&hash=item555f2eaf2e:g:5MEAAeSwx6lqqF2d,2024 POKEMON SPANISH TWM ES-TWILIGHT MASQUERADE #220 PERRIN SIR PSA 10,Graded,2750,,"[""AUCTION""]",probstein123,https://i.ebayimg.com/images/g/5MEAAeSwx6lqqF2d/s-l225.jpg,53466d2d-94fd-4230-9505-694297a9030d,3451abaf-acc7-41aa-a60c-25f24b7ac07f,Perrin,Twilight Masquerade,220,special_illustration_rare,NO,SINGLE_CARD,GRADED,CARD,,,,,Donny,2026-09-15T03:50:22.157748+00:00,,
E9B-0173,v1|298638073152|0,https://www.ebay.com/itm/298638073152?_skw=Perrin+220+Twilight+Masquerade&hash=item4588375d40:g:kuIAAeSwOa9ql7f-,2024 POKEMON TWM EN-TWILIGHT MASQUERADE SPECIAL ILLUSTRATION RARE PERRIN PSA 10,Graded,2750,,"[""FIXED_PRICE"", ""BEST_OFFER""]",psa,https://i.ebayimg.com/images/g/kuIAAeSwOa9ql7f-/s-l225.jpg,53466d2d-94fd-4230-9505-694297a9030d,3451abaf-acc7-41aa-a60c-25f24b7ac07f,Perrin,Twilight Masquerade,220,special_illustration_rare,NO,SINGLE_CARD,GRADED,CARD,,,,,Donny,2026-09-15T03:50:23.731085+00:00,,
E9B-0174,v1|406993911063|0,https://www.ebay.com/itm/406993911063?_skw=Victini+171+Black+Bolt+Pokemon+card&hash=item5ec2ba3d17:g:EZMAAeSwX5NqKzlw,Victini - Holo - 12/86 Black Bolt - Pokémon TCG - 2025,Ungraded,4000,,"[""FIXED_PRICE""]",castlerock-tcg,https://i.ebayimg.com/images/g/EZMAAeSwX5NqKzlw/s-l225.jpg,55096ab6-1773-47c4-bbff-20c1db011223,9f4a2888-2f11-47aa-a5c5-2ccac8ca7c71,Victini,Black Bolt,171,rare,NO,SINGLE_CARD,RAW,CARD,INCONSISTENT,,,,Donny,2026-09-15T03:50:25.402597+00:00,,
E9B-0175,v1|227520619594|0,https://www.ebay.com/itm/227520619594?_skw=Victini+171+Black+Bolt+Pokemon+card&hash=item34f949244a:g:PuQAAeSw~n5qp4BS,Red Victini 171/086 BWR Holo Rare Pokemon Black Bolt. 171 NM,Ungraded,4000,,"[""FIXED_PRICE"", ""BEST_OFFER""]",rabbanadee_0,https://i.ebayimg.com/images/g/PuQAAeSw~n5qp4BS/s-l225.jpg,55096ab6-1773-47c4-bbff-20c1db011223,9f4a2888-2f11-47aa-a5c5-2ccac8ca7c71,Victini,Black Bolt,171,rare,YES,SINGLE_CARD,RAW,CARD,,,,,Donny,2026-09-15T22:16:45.323723+00:00,,
E9B-0176,v1|317208622351|615756595854,https://www.ebay.com/itm/317208622351?_skw=Victini+171+Black+Bolt+Pokemon+card&var=615756595854&hash=item49db1b750f:g:Jh8AAeSwtC5oq8g~,"2025 Pokemon Black Bolt TCG (Holo Rare, Reverse, Pokeball/Masterball Holo)",Ungraded,4000,,"[""FIXED_PRICE""]",starry_2623,https://i.ebayimg.com/images/g/Jh8AAeSwtC5oq8g~/s-l225.jpg,55096ab6-1773-47c4-bbff-20c1db011223,9f4a2888-2f11-47aa-a5c5-2ccac8ca7c71,Victini,Black Bolt,171,rare,NO,SINGLE_CARD,RAW,CARD,INCONSISTENT,,,,Donny,2026-09-15T03:50:28.106892+00:00,,
E9B-0177,v1|157297703555|0,https://www.ebay.com/itm/157297703555?_skw=Victini+171+Black+Bolt+Pokemon+card&hash=item249fac7a83:g:jYoAAeSwotFoul2i,Sv: Black Bolt Pokémon TCG Victini Holo,Ungraded,4000,,"[""FIXED_PRICE"", ""BEST_OFFER""]",samd991,https://i.ebayimg.com/images/g/jYoAAeSwotFoul2i/s-l225.jpg,55096ab6-1773-47c4-bbff-20c1db011223,9f4a2888-2f11-47aa-a5c5-2ccac8ca7c71,Victini,Black Bolt,171,rare,NO,SINGLE_CARD,RAW,CARD,INCONSISTENT,,,,Donny,2026-09-15T03:50:29.755917+00:00,,
E9B-0178,v1|800660887775|0,https://www.ebay.com/itm/800660887775?_skw=Victini+171+Black+Bolt&hash=itemba6b1b98df:g:JzEAAeSwSmdqqAX7&amdata=enc%3AAQALAAAA8ACCtXRWQnOEpyOqnQQ8KGblasUU4roPiEpQegfiDI95x12SuBL0zwjNh33p6Wefq1jGWHg1Wnop5y%2BTGIj1PDHGlStzBSHzD0lHjb3YkJJrJdckZ2VneJMqjR5kzFTenoVcNMJD4VAMiFxl467rSR2hf59qduyPDBM7D6bu8re6tBg9qxayls8P4qVw%2BLdXopNZhM4ptnM5pmECrGYin%2F9Nwa0G2xGyJa7P13sL9V2A6V0QRZxsJKC%2BKPRIaqhEtocv5b2cmOYm%2FWwaPiA3lsgMj2ix4Z5MVsuCHo2qFhr2vz4lPONnsnvVu3ZEmFa%2BAw%3D%3D,2025 POKEMON BLK EN-BLACK BOLT BLACK WHITE RARE #171 VICTINI PSA 10 GEM MINT,Graded,2750,,"[""FIXED_PRICE""]",freaktcg,https://i.ebayimg.com/images/g/JzEAAeSwSmdqqAX7/s-l225.jpg,55096ab6-1773-47c4-bbff-20c1db011223,9f4a2888-2f11-47aa-a5c5-2ccac8ca7c71,Victini,Black Bolt,171,rare,NO,SINGLE_CARD,GRADED,CARD,,,,,Donny,2026-09-15T03:50:31.395530+00:00,,
E9B-0179,v1|389152141463|0,https://www.ebay.com/itm/389152141463?_skw=Victini+171+Black+Bolt+Pokemon+card&hash=item5a9b467097:g:~m0AAeSwWHlo~6lF,Red Victini Black Bolt Error Card 171/086 Unique Collectible,Graded,2750,,"[""FIXED_PRICE"", ""BEST_OFFER""]",ama_7352,https://i.ebayimg.com/images/g/~m0AAeSwWHlo~6lF/s-l225.jpg,55096ab6-1773-47c4-bbff-20c1db011223,9f4a2888-2f11-47aa-a5c5-2ccac8ca7c71,Victini,Black Bolt,171,rare,NO,SINGLE_CARD,GRADED,CARD,,,,,Donny,2026-09-15T03:50:33.160241+00:00,,
E9B-0180,v1|398392916508|0,https://www.ebay.com/itm/398392916508?_skw=Gulpin+154+Stellar+Crown+Pokemon+card&hash=item5cc2117a1c:g:dK0AAeSwZXtqp5mH,Gulpin Holo Illustration Rare SV07: Stellar Crown 154/142 NM,Ungraded,4000,,"[""FIXED_PRICE"", ""BEST_OFFER""]",meridiancardco,https://i.ebayimg.com/images/g/dK0AAeSwZXtqp5mH/s-l225.jpg,5576e4b9-4873-40fa-84c4-da9f28cec096,8614b6c4-8840-4b33-9908-4ded064f570f,Gulpin,Stellar Crown,154,illustration_rare,YES,SINGLE_CARD,RAW,CARD,,,,,Donny,2026-09-15T22:20:17.797857+00:00,,
E9B-0181,v1|358697586493|0,https://www.ebay.com/itm/358697586493?_skw=Gulpin+154+Stellar+Crown&hash=item53840acf3d:g:Hd8AAeSw9tRqNK6A&amdata=enc%3AAQALAAAA8ACCtXRWQnOEpyOqnQQ8KGZLTfn6H%2FbaObd6zxvJo0sUdxZpasvQKLmK8VmojrLqJbZFEaVGWAzfO4rUXgd%2B%2F8GQbhB8QiCg9RAxJoJgEUk07%2Ff3WNht8i5WMtAvbWJH3iu9WKDrifS44z3%2BPwhXTfVPUft3%2BN%2FLgj8EZVTnd%2Bh4Ln0rL3wDuYT%2Fxieke3Aq9q6lEeymwTcomtr8Hmx%2BbR1w1a5YbKX6Igg2pFAZtMFtn2UkmHt0%2Bb%2FqmHJHDUhbb0tvcYeJpTrCycn5kY4t1bTpuF4ctUFR%2F9YzBathPrXphrKwuHxRyDU0NnysWQKUZA%3D%3D,Gulpin 154/142 Sv07: Stellar Crown Holo,Ungraded,4000,,"[""FIXED_PRICE""]",blkwidow995,https://i.ebayimg.com/images/g/Hd8AAeSw9tRqNK6A/s-l225.jpg,5576e4b9-4873-40fa-84c4-da9f28cec096,8614b6c4-8840-4b33-9908-4ded064f570f,Gulpin,Stellar Crown,154,illustration_rare,YES,SINGLE_CARD,RAW,CARD,,,,,Donny,2026-09-15T22:17:43.306514+00:00,,
E9B-0182,v1|227344698647|0,https://www.ebay.com/itm/227344698647?_skw=Gulpin+154+Stellar+Crown&hash=item34eecccd17:g:uKcAAeSwUvhqBnnT,POKEMON 2024 Stellar Crown Illustration Rare GULPIN #154 PSA 9 Mint RARE 2,Graded,2750,,"[""FIXED_PRICE""]",sandstorm2852,https://i.ebayimg.com/images/g/uKcAAeSwUvhqBnnT/s-l225.jpg,5576e4b9-4873-40fa-84c4-da9f28cec096,8614b6c4-8840-4b33-9908-4ded064f570f,Gulpin,Stellar Crown,154,illustration_rare,NO,SINGLE_CARD,GRADED,CARD,,,,,Donny,2026-09-15T03:50:37.411393+00:00,,
E9B-0183,v1|278355867666|0,https://www.ebay.com/itm/278355867666?_skw=Gulpin+154+Stellar+Crown&hash=item40cf4d7812:g:9vgAAeSwY5JqoAz9,GULPIN 2024 POKEMON STELLAR CROWN 154/142 ILLUSTRATION RARE HOLO Q8008,Ungraded,4000,,"[""AUCTION""]",quickconsign,https://i.ebayimg.com/images/g/9vgAAeSwY5JqoAz9/s-l225.jpg,5576e4b9-4873-40fa-84c4-da9f28cec096,8614b6c4-8840-4b33-9908-4ded064f570f,Gulpin,Stellar Crown,154,illustration_rare,YES,SINGLE_CARD,RAW,CARD,,,,,Donny,2026-09-15T22:20:15.330240+00:00,,
E9B-0184,v1|178496947643|0,https://www.ebay.com/itm/178496947643?_skw=Gulpin+154+Stellar+Crown+Pokemon+card&hash=item298f3f45bb:g:RGoAAeSwNyZqqGrc,SV07: Stellar Crown Gulpin #154/142,Ungraded,4000,,"[""FIXED_PRICE""]",orbsportscards,https://i.ebayimg.com/images/g/RGoAAeSwNyZqqGrc/s-l225.jpg,5576e4b9-4873-40fa-84c4-da9f28cec096,8614b6c4-8840-4b33-9908-4ded064f570f,Gulpin,Stellar Crown,154,illustration_rare,YES,SINGLE_CARD,RAW,CARD,,,,,Donny,2026-09-15T22:17:54.627792+00:00,,
E9B-0185,v1|278355874410|0,https://www.ebay.com/itm/278355874410?_skw=Gulpin+154+Stellar+Crown&hash=item40cf4d926a:g:98sAAeSwSCRqoA5R,GULPIN 2024 POKEMON STELLAR CROWN 154/142 ILLUSTRATION RARE HOLO A Q8008,Ungraded,4000,,"[""AUCTION""]",quickconsign,https://i.ebayimg.com/images/g/98sAAeSwSCRqoA5R/s-l225.jpg,5576e4b9-4873-40fa-84c4-da9f28cec096,8614b6c4-8840-4b33-9908-4ded064f570f,Gulpin,Stellar Crown,154,illustration_rare,YES,SINGLE_CARD,RAW,CARD,,,,,Donny,2026-09-15T22:20:09.286376+00:00,,
E9B-0186,v1|178497319533|0,https://www.ebay.com/itm/178497319533?_skw=Krookodile+137+Black+Bolt+Pokemon+card&hash=item298f44f26d:g:xb0AAeSwZXtqqJxf,Krookodile 137/086 SV: Black Bolt Illustration Rare Holo EN Pokemon TCG,Ungraded,4000,,"[""FIXED_PRICE"", ""BEST_OFFER""]",mythic_depot,https://i.ebayimg.com/images/g/xb0AAeSwZXtqqJxf/s-l225.jpg,605a2c1a-6a14-463e-b1e2-b55cd9c16244,14ea6011-0e3d-4eff-ac53-6b13e2976a71,Krookodile,Black Bolt,137,illustration_rare,YES,SINGLE_CARD,RAW,CARD,,,,,Donny,2026-09-15T22:20:05.899270+00:00,,
E9B-0187,v1|287556668851|0,https://www.ebay.com/itm/287556668851?_skw=Krookodile+137+Black+Bolt&hash=item42f3b68db3:g:2LoAAeSwOCtqldQE,Pokemon TCG Krookodile 137/086 Sv: Black Bolt Illustration Rare Holo ENG,Ungraded,4000,,"[""FIXED_PRICE"", ""BEST_OFFER""]",justbringlt,https://i.ebayimg.com/images/g/2LoAAeSwOCtqldQE/s-l225.jpg,605a2c1a-6a14-463e-b1e2-b55cd9c16244,14ea6011-0e3d-4eff-ac53-6b13e2976a71,Krookodile,Black Bolt,137,illustration_rare,YES,SINGLE_CARD,RAW,CARD,,,,,Donny,2026-09-15T22:19:46.486358+00:00,,
E9B-0188,v1|327356371019|0,https://www.ebay.com/itm/327356371019?_skw=Krookodile+137+Black+Bolt+Pokemon+card&hash=item4c37f5d04b:g:jVwAAeSwsKFqpsB~,Krookodile 137/086 Holo Illustration Rare Black Bolt Pokemon NM,Ungraded,4000,,"[""FIXED_PRICE""]",shiningmanacollectibles,https://i.ebayimg.com/images/g/jVwAAeSwsKFqpsB~/s-l225.jpg,605a2c1a-6a14-463e-b1e2-b55cd9c16244,14ea6011-0e3d-4eff-ac53-6b13e2976a71,Krookodile,Black Bolt,137,illustration_rare,YES,SINGLE_CARD,RAW,CARD,,,,,Donny,2026-09-15T22:16:50.864982+00:00,,
E9B-0189,v1|377407081794|0,https://www.ebay.com/itm/377407081794?_skw=Krookodile+137+Black+Bolt&hash=item57df370d42:g:yYIAAeSwF~xqeV4g,Krookodile 137/086 SV: Black Bolt Holofoil Pokemon,Ungraded,4000,,"[""FIXED_PRICE""]",chooseyourcard,https://i.ebayimg.com/images/g/yYIAAeSwF~xqeV4g/s-l225.jpg,605a2c1a-6a14-463e-b1e2-b55cd9c16244,14ea6011-0e3d-4eff-ac53-6b13e2976a71,Krookodile,Black Bolt,137,illustration_rare,YES,SINGLE_CARD,RAW,CARD,,,,,Donny,2026-09-15T22:17:40.972619+00:00,,
E9B-0190,v1|298487038673|0,https://www.ebay.com/itm/298487038673?_skw=Krookodile+137+Black+Bolt&hash=item457f36c2d1:g:1z4AAeSwSGtqTONh,2025 POKEMON BLK EN-BLACK BOLT ILLUSTRATION RARE #137 KROOKODILE PSA 10,Graded,2750,,"[""FIXED_PRICE""]",psa,https://i.ebayimg.com/images/g/1z4AAeSwSGtqTONh/s-l225.jpg,605a2c1a-6a14-463e-b1e2-b55cd9c16244,14ea6011-0e3d-4eff-ac53-6b13e2976a71,Krookodile,Black Bolt,137,illustration_rare,NO,SINGLE_CARD,GRADED,CARD,,,,,Donny,2026-09-15T03:50:46.190114+00:00,,
E9B-0191,v1|117347690476|0,https://www.ebay.com/itm/117347690476?_skw=Krookodile+137+Black+Bolt&hash=item1b5277a7ec:g:OvgAAeSw8Chqd3RF,2025 POKEMON BLK EN-BLACK BOLT ILLUSTRATION RARE #137 KROOKODILE PSA 10,Graded,2750,,"[""FIXED_PRICE"", ""BEST_OFFER""]",psa,https://i.ebayimg.com/images/g/OvgAAeSw8Chqd3RF/s-l225.jpg,605a2c1a-6a14-463e-b1e2-b55cd9c16244,14ea6011-0e3d-4eff-ac53-6b13e2976a71,Krookodile,Black Bolt,137,illustration_rare,NO,LOT_OR_BUNDLE,RAW,CARD,,,,,Donny,2026-09-15T03:50:47.702662+00:00,,
E9B-0192,v1|198512406439|0,https://www.ebay.com/itm/198512406439?_skw=Mega+Audino+ex+253+Ascended+Heroes+Pokemon+card&hash=item2e3842efa7:g:~aoAAeSwYelqXsuP,Mega Audino ex 253/217 Ascended Heroes Full Art Ultra Rare Holo Pokemon Card NM,Ungraded,4000,,"[""FIXED_PRICE"", ""BEST_OFFER""]",statlinetcg,https://i.ebayimg.com/images/g/~aoAAeSwYelqXsuP/s-l225.jpg,64c0404b-826f-493d-9c10-738b2b56eca4,9f6c24f7-6a76-471f-ad81-d3901c5e9088,Mega Audino ex,Ascended Heroes,253,ultra_rare,YES,SINGLE_CARD,RAW,CARD,,,,,Donny,2026-09-15T22:18:12.633117+00:00,,
E9B-0193,v1|198521424224|0,https://www.ebay.com/itm/198521424224?_skw=Mega+Audino+ex+253+Ascended+Heroes+Pokemon+card&hash=item2e38cc8960:g:WQ0AAeSw5D5p749n,Mega Audino ex 253/217 Ascended Heroes Full Art Ultra Rare Holo Pokemon Card NM,Ungraded,4000,,"[""FIXED_PRICE"", ""BEST_OFFER""]",statlinetcg,https://i.ebayimg.com/images/g/WQ0AAeSw5D5p749n/s-l225.jpg,64c0404b-826f-493d-9c10-738b2b56eca4,9f6c24f7-6a76-471f-ad81-d3901c5e9088,Mega Audino ex,Ascended Heroes,253,ultra_rare,YES,SINGLE_CARD,RAW,CARD,,,,,Donny,2026-09-15T22:20:11.051592+00:00,,
E9B-0194,v1|206521195350|0,https://www.ebay.com/itm/206521195350?_skw=Mega+Audino+ex+253+Ascended+Heroes+Pokemon+card&hash=item30159f5b56:g:M4AAAeSwGGJqkZjk,Mega Audino ex 253/217 Ultra Rare Ascended Heroes Pokemon Holo NM,Ungraded,4000,,"[""FIXED_PRICE"", ""BEST_OFFER""]",notcgproblem,https://i.ebayimg.com/images/g/M4AAAeSwGGJqkZjk/s-l225.jpg,64c0404b-826f-493d-9c10-738b2b56eca4,9f6c24f7-6a76-471f-ad81-d3901c5e9088,Mega Audino ex,Ascended Heroes,253,ultra_rare,YES,SINGLE_CARD,RAW,CARD,,,,,Donny,2026-09-15T22:17:45.926121+00:00,,
E9B-0195,v1|128078104177|0,https://www.ebay.com/itm/128078104177?_skw=Mega+Audino+ex+253+Ascended+Heroes+Pokemon+card&hash=item1dd20cc671:g:5hcAAeSwkOJqp0LV,Mega Audino ex 253/217 Ultra Rare ME: Ascended Heroes Pokemon Near Mint,Ungraded,4000,,"[""FIXED_PRICE""]",kevi-sabat,https://i.ebayimg.com/images/g/5hcAAeSwkOJqp0LV/s-l225.jpg,64c0404b-826f-493d-9c10-738b2b56eca4,9f6c24f7-6a76-471f-ad81-d3901c5e9088,Mega Audino ex,Ascended Heroes,253,ultra_rare,YES,SINGLE_CARD,RAW,CARD,,,,,Donny,2026-09-15T22:19:32.452070+00:00,,
E9B-0196,v1|227514334375|0,https://www.ebay.com/itm/227514334375?_skw=Mega+Audino+ex+253+Ascended+Heroes+Pokemon+card&hash=item34f8e93ca7:g:EosAAeSwhGJqJNPQ,Mega Audino ex 253/217 Ultra Rare ME: Ascended Heroes Pokemon Near Mint,Ungraded,4000,,"[""FIXED_PRICE""]",huggyscards,https://i.ebayimg.com/images/g/EosAAeSwhGJqJNPQ/s-l225.jpg,64c0404b-826f-493d-9c10-738b2b56eca4,9f6c24f7-6a76-471f-ad81-d3901c5e9088,Mega Audino ex,Ascended Heroes,253,ultra_rare,YES,SINGLE_CARD,RAW,CARD,,,,,Donny,2026-09-15T22:17:33.568677+00:00,,
E9B-0197,v1|820093804017|0,https://www.ebay.com/itm/820093804017?_skw=Mega+Audino+ex+253+Ascended+Heroes+Pokemon+card&hash=itembef1665df1:g:dOoAAeSwhFRqnS7n,Mega Audino ex 253/217 Ultra Rare Ascended Heroes Pokemon Holo Near Mint,Ungraded,4000,,"[""FIXED_PRICE"", ""BEST_OFFER""]",mimikyu.collects,https://i.ebayimg.com/images/g/dOoAAeSwhFRqnS7n/s-l225.jpg,64c0404b-826f-493d-9c10-738b2b56eca4,9f6c24f7-6a76-471f-ad81-d3901c5e9088,Mega Audino ex,Ascended Heroes,253,ultra_rare,YES,SINGLE_CARD,RAW,CARD,,,,,Donny,2026-09-15T22:19:03.899385+00:00,,
E9B-0198,v1|377489368115|0,https://www.ebay.com/itm/377489368115?_skw=Lillie%27s+Determination+184+Mega+Evolution+Pokemon+card&hash=item57e41ea433:g:7a0AAeSwSmdqpH3w,Pokemon Company Lillie's Determination 184/132 ME01 Trainer Holo English SIR,Ungraded,4000,,"[""FIXED_PRICE"", ""BEST_OFFER""]",bighum-67,https://i.ebayimg.com/images/g/7a0AAeSwSmdqpH3w/s-l225.jpg,67611b34-a7e9-497f-9708-651cc015ca6c,f02f5725-b24c-4ee9-a9b5-55edd91d7697,Lillie's Determination,Mega Evolution,184,special_illustration_rare,YES,SINGLE_CARD,RAW,CARD,,,,,Donny,2026-09-15T22:16:51.825151+00:00,,
E9B-0199,v1|406683177869|0,https://www.ebay.com/itm/406683177869?_skw=Lillie%27s+Determination+184+Mega+Evolution+Pokemon+card&hash=item5eb034d38d:g:STIAAeSwTgppiYgi,Lillie's Determination 184/132 Me01: Mega Evolution Holo,Ungraded,4000,,"[""FIXED_PRICE"", ""BEST_OFFER""]",pkpowercards,https://i.ebayimg.com/images/g/STIAAeSwTgppiYgi/s-l225.jpg,67611b34-a7e9-497f-9708-651cc015ca6c,f02f5725-b24c-4ee9-a9b5-55edd91d7697,Lillie's Determination,Mega Evolution,184,special_illustration_rare,YES,SINGLE_CARD,RAW,CARD,,,,,Donny,2026-09-15T22:16:40.538153+00:00,,
E9B-0200,v1|336640768195|0,https://www.ebay.com/itm/336640768195?_skw=Lillie%27s+Determination+184+Mega+Evolution+Pokemon+card&hash=item4e615a78c3:g:8ogAAeSwI3ppkLs-,Lillie's Determination Special Illustration Rare Holo MEG 184/132 NM Pokemon TCG,Ungraded,4000,,"[""FIXED_PRICE"", ""BEST_OFFER""]",starthreecollectibles,https://i.ebayimg.com/images/g/8ogAAeSwI3ppkLs-/s-l225.jpg,67611b34-a7e9-497f-9708-651cc015ca6c,f02f5725-b24c-4ee9-a9b5-55edd91d7697,Lillie's Determination,Mega Evolution,184,special_illustration_rare,YES,SINGLE_CARD,RAW,CARD,,,,,Donny,2026-09-15T22:19:39.035305+00:00,,
E9B-0201,v1|198592091687|0,https://www.ebay.com/itm/198592091687?_skw=Lillie%27s+Determination+184+Mega+Evolution+Pokemon+card&hash=item2e3d02d627:g:AtkAAeSwrj5qjHOh,Pokémon TCG Lillie's Determination 184/132 ME01 PSA 10 SIR Holo English,Graded,2750,,"[""FIXED_PRICE"", ""BEST_OFFER""]",zac-3466,https://i.ebayimg.com/images/g/AtkAAeSwrj5qjHOh/s-l225.jpg,67611b34-a7e9-497f-9708-651cc015ca6c,f02f5725-b24c-4ee9-a9b5-55edd91d7697,Lillie's Determination,Mega Evolution,184,special_illustration_rare,NO,SINGLE_CARD,GRADED,CARD,,,,,Donny,2026-09-15T03:50:56.839594+00:00,,
E9B-0202,v1|198297786534|0,https://www.ebay.com/itm/198297786534?_skw=Lillie%27s+Determination+184+Mega+Evolution+Pokemon+card&hash=item2e2b7818a6:g:Z6UAAeSw8K9p5qYd,Lillie's Determination 184/132 Me01: Mega Evolution Holo,Ungraded,4000,,"[""FIXED_PRICE""]",shoppingwithstan,https://i.ebayimg.com/images/g/Z6UAAeSw8K9p5qYd/s-l225.jpg,67611b34-a7e9-497f-9708-651cc015ca6c,f02f5725-b24c-4ee9-a9b5-55edd91d7697,Lillie's Determination,Mega Evolution,184,special_illustration_rare,YES,SINGLE_CARD,RAW,CARD,,,,,Donny,2026-09-15T22:19:18.360228+00:00,,
E9B-0203,v1|227476005610|0,https://www.ebay.com/itm/227476005610?_skw=Lillie%27s+Determination+184+Mega+Evolution+Pokemon+card&hash=item34f6a062ea:g:VjoAAeSwlC5qf1p4,POKEMON UNGRADED LILLIE'S DETERMINATION 184/132 MEGA EVOLUTION HOLO NM PKM-450,Ungraded,4000,,"[""FIXED_PRICE"", ""BEST_OFFER""]",calebdann1,https://i.ebayimg.com/images/g/VjoAAeSwlC5qf1p4/s-l225.jpg,67611b34-a7e9-497f-9708-651cc015ca6c,f02f5725-b24c-4ee9-a9b5-55edd91d7697,Lillie's Determination,Mega Evolution,184,special_illustration_rare,YES,SINGLE_CARD,RAW,CARD,,,,,Donny,2026-09-15T22:19:59.578125+00:00,,
E9B-0204,v1|128079960507|0,https://www.ebay.com/itm/128079960507?_skw=Gouging+Fire+ex+204+Temporal+Forces+Pokemon+card&hash=item1dd22919bb:g:P8YAAeSwmXNqqH9s,2024 Pokemon Gouging Fire EX 204/162 Special Illustration Rare CGC 9 Mint,Graded,2750,,"[""FIXED_PRICE"", ""BEST_OFFER""]",bw0713_v8r2okhi,https://i.ebayimg.com/images/g/P8YAAeSwmXNqqH9s/s-l225.jpg,6a1e2c02-b24d-4001-96f1-8bc2a24d8ccd,de749ceb-28f9-4977-b425-a83f69a3cf55,Gouging Fire ex,Temporal Forces,204,special_illustration_rare,NO,SINGLE_CARD,GRADED,CARD,,,,,Donny,2026-09-15T03:51:01.777249+00:00,,
E9B-0205,v1|820124157386|0,https://www.ebay.com/itm/820124157386?_skw=Gouging+Fire+ex+204+Temporal+Forces+Pokemon+card&hash=itembef33585ca:g:w1EAAeSwHAJqp2U9,Gouging Fire EX 204/162 Special Illustration Rare Temporal Forces Pokemon PSA 10,Graded,2750,,"[""FIXED_PRICE"", ""BEST_OFFER""]",pokecowboytcg,https://i.ebayimg.com/images/g/w1EAAeSwHAJqp2U9/s-l225.jpg,6a1e2c02-b24d-4001-96f1-8bc2a24d8ccd,de749ceb-28f9-4977-b425-a83f69a3cf55,Gouging Fire ex,Temporal Forces,204,special_illustration_rare,NO,SINGLE_CARD,GRADED,CARD,,,,,Donny,2026-09-15T03:51:03.161314+00:00,,
E9B-0206,v1|278290962928|0,https://www.ebay.com/itm/278290962928?_skw=Gouging+Fire+ex+204+Temporal+Forces&hash=item40cb6f19f0:g:3QwAAeSw2DJqg6Wh,Pokémon Gouging Fire ex 204/162 SV05: Temporal Forces SIR CGC 10 English,Graded,2750,,"[""FIXED_PRICE"", ""BEST_OFFER""]",gentilgiantcards,https://i.ebayimg.com/images/g/3QwAAeSw2DJqg6Wh/s-l225.jpg,6a1e2c02-b24d-4001-96f1-8bc2a24d8ccd,de749ceb-28f9-4977-b425-a83f69a3cf55,Gouging Fire ex,Temporal Forces,204,special_illustration_rare,NO,SINGLE_CARD,GRADED,CARD,,,,,Donny,2026-09-15T03:51:04.643811+00:00,,
E9B-0207,v1|128078037648|0,https://www.ebay.com/itm/128078037648?_skw=Gouging+Fire+ex+204+Temporal+Forces+Pokemon+card&hash=item1dd20bc290:g:-5AAAeSwOCtqiicp,Gouging Fire ex 204/162 SIR Temporal Forces Pokemon Holo NM,Ungraded,4000,,"[""FIXED_PRICE""]",tinyspace40cards,https://i.ebayimg.com/images/g/-5AAAeSwOCtqiicp/s-l225.jpg,6a1e2c02-b24d-4001-96f1-8bc2a24d8ccd,de749ceb-28f9-4977-b425-a83f69a3cf55,Gouging Fire ex,Temporal Forces,204,special_illustration_rare,YES,SINGLE_CARD,RAW,CARD,,,,,Donny,2026-09-15T22:17:31.551716+00:00,,
E9B-0208,v1|298546066581|0,https://www.ebay.com/itm/298546066581?_skw=Gouging+Fire+ex+204+Temporal+Forces&hash=item4582bb7495:g:Jm0AAeSw~oJqa9ae,Lightly Played Gouging Fire ex - 204/162 - Special Illustration Rare Pokemon Tem,Ungraded,4000,,"[""FIXED_PRICE""]",capefeargames,https://i.ebayimg.com/images/g/Jm0AAeSw~oJqa9ae/s-l225.jpg,6a1e2c02-b24d-4001-96f1-8bc2a24d8ccd,de749ceb-28f9-4977-b425-a83f69a3cf55,Gouging Fire ex,Temporal Forces,204,special_illustration_rare,YES,SINGLE_CARD,RAW,CARD,,,,,Donny,2026-09-15T22:18:43.370048+00:00,,
E9B-0209,v1|366596290483|0,https://www.ebay.com/itm/366596290483?_skw=Gouging+Fire+ex+204+Temporal+Forces&hash=item555ad777b3:g:zAAAAeSwgsZqeXSn,Gouging Fire ex 204/162 (NM) - Temporal Forces - Special Illustration Rare - ...,Ungraded,4000,,"[""FIXED_PRICE""]",teescardvault,https://i.ebayimg.com/images/g/zAAAAeSwgsZqeXSn/s-l225.jpg,6a1e2c02-b24d-4001-96f1-8bc2a24d8ccd,de749ceb-28f9-4977-b425-a83f69a3cf55,Gouging Fire ex,Temporal Forces,204,special_illustration_rare,YES,SINGLE_CARD,RAW,CARD,,,,,Donny,2026-09-15T22:17:53.200804+00:00,,
E9B-0210,v1|128079788471|0,https://www.ebay.com/itm/128079788471?_skw=Marill+204+Paldea+Evolved+Pokemon+card&hash=item1dd22679b7:g:uwcAAeSwS2xqqFpG,Marill 204 193 Holo Illustration Rare SV02: Paldea Evolved 204/193 NM Pokemon,Ungraded,4000,,"[""FIXED_PRICE"", ""BEST_OFFER""]",uniquefindsbykelley,https://i.ebayimg.com/images/g/uwcAAeSwS2xqqFpG/s-l225.jpg,6a2b87e5-f90b-48f4-be30-a77258bee660,36134e45-4899-474f-88f0-b540ba618b49,Marill,Paldea Evolved,204,illustration_rare,YES,SINGLE_CARD,RAW,CARD,,,,,Donny,2026-09-15T22:18:49.162862+00:00,,
E9B-0211,v1|137524179545|0,https://www.ebay.com/itm/137524179545?_skw=Marill+204+Paldea+Evolved+Pokemon+card&hash=item2005147259:g:dDQAAeSw7EhqWwOX,Marill 204/193 SV02: Paldea Evolved NM Pokemon,Ungraded,4000,,"[""FIXED_PRICE"", ""BEST_OFFER""]",galaxy8455,https://i.ebayimg.com/images/g/dDQAAeSw7EhqWwOX/s-l225.jpg,6a2b87e5-f90b-48f4-be30-a77258bee660,36134e45-4899-474f-88f0-b540ba618b49,Marill,Paldea Evolved,204,illustration_rare,YES,SINGLE_CARD,RAW,CARD,,,,,Donny,2026-09-15T22:18:37.927526+00:00,,
E9B-0212,v1|158289771186|0,https://www.ebay.com/itm/158289771186?_skw=Marill+204+Paldea+Evolved+Pokemon+card&hash=item24dace3ab2:g:ZpcAAeSw3Txqp2Zd,Marill 204/193 Sv02: Paldea Evolved Holo,Ungraded,4000,,"[""FIXED_PRICE"", ""BEST_OFFER""]",ohfudge04,https://i.ebayimg.com/images/g/ZpcAAeSw3Txqp2Zd/s-l225.jpg,6a2b87e5-f90b-48f4-be30-a77258bee660,36134e45-4899-474f-88f0-b540ba618b49,Marill,Paldea Evolved,204,illustration_rare,YES,SINGLE_CARD,RAW,CARD,,,,,Donny,2026-09-15T22:18:51.343388+00:00,,
E9B-0213,v1|137737460077|0,https://www.ebay.com/itm/137737460077?_skw=Marill+204+Paldea+Evolved+Pokemon+card&hash=item2011cad96d:g:Z58AAeSwtMVqqGfn,The Pokémon Company Marill 204/193 Sv02 Paldea Evolved IR Holo (ENG) 2023,Ungraded,4000,,"[""FIXED_PRICE"", ""BEST_OFFER""]",robbtcgcollectibles,https://i.ebayimg.com/images/g/Z58AAeSwtMVqqGfn/s-l225.jpg,6a2b87e5-f90b-48f4-be30-a77258bee660,36134e45-4899-474f-88f0-b540ba618b49,Marill,Paldea Evolved,204,illustration_rare,YES,SINGLE_CARD,RAW,CARD,,,,,Donny,2026-09-15T22:19:16.760639+00:00,,
E9B-0214,v1|187951405874|0,https://www.ebay.com/itm/187951405874?_skw=Marill+204+Paldea+Evolved+Pokemon+card&hash=item2bc2c6db32:g:EAkAAeSwv5xpZ3gT,PSA 8 MARILL 2023 POKEMON PAL EN-PALDEA EVOLVED ILLUSTRATION RARE #204,Graded,2750,,"[""FIXED_PRICE"", ""BEST_OFFER""]",poke_mart2023,https://i.ebayimg.com/images/g/EAkAAeSwv5xpZ3gT/s-l225.jpg,6a2b87e5-f90b-48f4-be30-a77258bee660,36134e45-4899-474f-88f0-b540ba618b49,Marill,Paldea Evolved,204,illustration_rare,NO,SINGLE_CARD,GRADED,CARD,,,,,Donny,2026-09-15T03:51:12.434174+00:00,,
E9B-0215,v1|178491737632|0,https://www.ebay.com/itm/178491737632?_skw=Marill+204+Paldea+Evolved+Pokemon+card&hash=item298eefc620:g:--IAAeSwsKFqpimY,Mudkip First Partner illustrations Holo Promo ENG,Ungraded,4000,,"[""FIXED_PRICE"", ""BEST_OFFER""]",1leggin-it-bro,https://i.ebayimg.com/images/g/--IAAeSwsKFqpimY/s-l225.jpg,6a2b87e5-f90b-48f4-be30-a77258bee660,36134e45-4899-474f-88f0-b540ba618b49,Marill,Paldea Evolved,204,illustration_rare,NO,SINGLE_CARD,RAW,CARD,,,,,Donny,2026-09-15T03:51:15.673143+00:00,,
E9B-0216,v1|257743148915|0,https://www.ebay.com/itm/257743148915?_skw=Team+Rocket%27s+Mewtwo+ex+231+Destined+Rivals+Pokemon+card&hash=item3c02b05773:g:rfAAAeSwnnJqqJG0,Pokémon TCG Team Rockets Mewtwo EX Special Illustration Destined Rivals NM,Ungraded,4000,,"[""AUCTION""]",tex0809,https://i.ebayimg.com/images/g/rfAAAeSwnnJqqJG0/s-l225.jpg,6a980108-6683-4461-ac9a-c81a27326dee,129a7668-0ba7-4f77-8585-3847e6c3d342,Team Rocket's Mewtwo ex,Destined Rivals,231,special_illustration_rare,YES,SINGLE_CARD,RAW,CARD,,,,,Donny,2026-09-15T22:17:26.247128+00:00,,
E9B-0217,v1|307091631692|0,https://www.ebay.com/itm/307091631692?_skw=Team+Rocket%27s+Mewtwo+ex+231+Destined+Rivals+Pokemon+card&hash=item4780166e4c:g:VQsAAeSwn2JqaKpe,2025 Pokemon Destined Rivals DRI EN #231 Rocket's Mewtwo ex PSA 10 GEM MINT,Graded,2750,,"[""FIXED_PRICE"", ""BEST_OFFER""]",zeroha90,https://i.ebayimg.com/images/g/VQsAAeSwn2JqaKpe/s-l225.jpg,6a980108-6683-4461-ac9a-c81a27326dee,129a7668-0ba7-4f77-8585-3847e6c3d342,Team Rocket's Mewtwo ex,Destined Rivals,231,special_illustration_rare,NO,SINGLE_CARD,GRADED,CARD,,,,,Donny,2026-09-15T03:51:19.741717+00:00,,
E9B-0218,v1|398392430644|0,https://www.ebay.com/itm/398392430644?_skw=Team+Rocket%27s+Mewtwo+ex+231+Destined+Rivals+Pokemon+card&hash=item5cc20a1034:g:vZsAAeSw5hJqpD8V,Pokemon Team Rocket's Mewtwo ex 231/182 Sv10 Destined Rivals SIR Full Art Holo,Graded,2750,,"[""FIXED_PRICE"", ""BEST_OFFER""]",jef-906232,https://i.ebayimg.com/images/g/vZsAAeSw5hJqpD8V/s-l225.jpg,6a980108-6683-4461-ac9a-c81a27326dee,129a7668-0ba7-4f77-8585-3847e6c3d342,Team Rocket's Mewtwo ex,Destined Rivals,231,special_illustration_rare,NO,SINGLE_CARD,GRADED,CARD,,,,,Donny,2026-09-15T03:51:22.998516+00:00,,
E9B-0219,v1|318869536841|0,https://www.ebay.com/itm/318869536841?_skw=Team+Rocket%27s+Mewtwo+ex+231+Destined+Rivals+Pokemon+card&hash=item4a3e1b0049:g:2NUAAeSwW2dqp9Tc,Team Rocket's Mewtwo ex 231/182 Sv10: Destined Rivals Holo,Ungraded,4000,,"[""FIXED_PRICE"", ""AUCTION""]",bearteam23,https://i.ebayimg.com/images/g/2NUAAeSwW2dqp9Tc/s-l225.jpg,6a980108-6683-4461-ac9a-c81a27326dee,129a7668-0ba7-4f77-8585-3847e6c3d342,Team Rocket's Mewtwo ex,Destined Rivals,231,special_illustration_rare,YES,SINGLE_CARD,RAW,CARD,,,,,Donny,2026-09-15T22:19:18.857211+00:00,,
E9B-0220,v1|307113213879|0,https://www.ebay.com/itm/307113213879?_skw=Team+Rocket%27s+Mewtwo+ex+231+Destined+Rivals+Pokemon+card&hash=item47815fbfb7:g:CS8AAeSwA9Fqdim2,Team Rocket's Mewtwo ex 231/182 Sv10 Destined Rivals SIR Full Art Holo EN,Ungraded,4000,,"[""FIXED_PRICE"", ""BEST_OFFER""]",kelsiebeth621,https://i.ebayimg.com/images/g/CS8AAeSwA9Fqdim2/s-l225.jpg,6a980108-6683-4461-ac9a-c81a27326dee,129a7668-0ba7-4f77-8585-3847e6c3d342,Team Rocket's Mewtwo ex,Destined Rivals,231,special_illustration_rare,YES,SINGLE_CARD,RAW,CARD,,,,,Donny,2026-09-15T22:18:11.762465+00:00,,
E9B-0221,v1|800662693433|0,https://www.ebay.com/itm/800662693433?_skw=Team+Rocket%27s+Mewtwo+ex+231+Destined+Rivals+Pokemon+card&hash=itemba6b372639:g:ZgAAAeSwlotqnydE,Team Rockets Mewtwo EX Special Illustration Card 231/182 Sv10: Destined Rivals,Ungraded,4000,,"[""FIXED_PRICE"", ""AUCTION""]",epictcg34,https://i.ebayimg.com/images/g/ZgAAAeSwlotqnydE/s-l225.jpg,6a980108-6683-4461-ac9a-c81a27326dee,129a7668-0ba7-4f77-8585-3847e6c3d342,Team Rocket's Mewtwo ex,Destined Rivals,231,special_illustration_rare,YES,SINGLE_CARD,RAW,CARD,,,,,Donny,2026-09-15T22:19:02.813694+00:00,,
E9B-0222,v1|336073180862|0,https://www.ebay.com/itm/336073180862?_skw=Arbok+101+Temporal+Forces+Pokemon+card&hash=item4e3f85c6be:g:3CkAAeSwRShoeZyU&amdata=enc%3AAQALAAABAACCtXRWQnOEpyOqnQQ8KGYjv1lP3ICQsiFIsVnKn51KofD8lVkiikSzufC9RE4vpVyUU%2ByU%2BpRRUkmL2UB0gyS56gCNanFx%2FEXKvZtki3xetiqnoUV5xjlI7H5oK6XGhbLfUUy6C5pza6o0RkRTMZq8Fk2xio20JYvPDYE4ia%2BTo7%2BHDJkoA%2FlLIG%2Fae%2BJD%2Bl%2BL69vyXt8ov7l3FmmzztQlaArl5aIBloyQZnQYoEIJfkkpHA%2FJJSBFfb%2FKtPj0vdJNnsUHRJskzMc2szB1MEeQOxgUpNfS1DiR69Uw5BMPhF%2FoWNz%2FvtuA4fx%2Fw9EJWCrjNQcIRKM%2BkofAEca0hNU%3D,Arbok - 101/162 - Reverse Holo Common - Temporal Forces - Pokemon - NM/M,Ungraded,4000,,"[""FIXED_PRICE"", ""BEST_OFFER""]",brcum6181,https://i.ebayimg.com/images/g/3CkAAeSwRShoeZyU/s-l225.jpg,740ad74c-8c0c-411f-9ec7-2c734210b8f1,e8c344f6-9bee-4ad6-8356-63ee4e2988cf,Arbok,Temporal Forces,101,common,NO,SINGLE_CARD,RAW,CARD,,,,INCONSISTENT,Donny,2026-09-15T03:51:29.346928+00:00,,
E9B-0223,v1|326351728832|0,https://www.ebay.com/itm/326351728832?_skw=Arbok+101+Temporal+Forces+Pokemon+card&hash=item4bfc1430c0:g:usQAAOSwIkJnRPi6,Arbok SV05: Temporal Forces 101/162 Near Mint NM Reverse Holo,Ungraded,4000,,"[""FIXED_PRICE"", ""BEST_OFFER""]",pokemysterybox,https://i.ebayimg.com/images/g/usQAAOSwIkJnRPi6/s-l225.jpg,740ad74c-8c0c-411f-9ec7-2c734210b8f1,e8c344f6-9bee-4ad6-8356-63ee4e2988cf,Arbok,Temporal Forces,101,common,NO,SINGLE_CARD,RAW,CARD,,,,INCONSISTENT,Donny,2026-09-15T03:51:30.881318+00:00,,
E9B-0224,v1|406862566879|0,https://www.ebay.com/itm/406862566879?_skw=Arbok+101+Temporal+Forces+Pokemon+card&hash=item5ebae615df:g:V7UAAeSwgIRp4WK8,Arbok 101/162 Reverse Holo Pokemon TCG SV05: Temporal Forces NM,Ungraded,4000,,"[""FIXED_PRICE""]",twocorgisgames,https://i.ebayimg.com/images/g/V7UAAeSwgIRp4WK8/s-l225.jpg,740ad74c-8c0c-411f-9ec7-2c734210b8f1,e8c344f6-9bee-4ad6-8356-63ee4e2988cf,Arbok,Temporal Forces,101,common,NO,SINGLE_CARD,RAW,CARD,,,,INCONSISTENT,Donny,2026-09-15T03:51:32.488056+00:00,,
E9B-0225,v1|128080143995|0,https://www.ebay.com/itm/128080143995?_skw=Arbok+101+Temporal+Forces+Pokemon+card&hash=item1dd22be67b:g:e6kAAeSw4ptqqKOy,"Arbok #101/162 Common, Reverse Holo SV05: Temporal Forces Pokemon",Ungraded,4000,,"[""FIXED_PRICE"", ""BEST_OFFER""]",tcg_coastal_sales,https://i.ebayimg.com/images/g/e6kAAeSw4ptqqKOy/s-l225.jpg,740ad74c-8c0c-411f-9ec7-2c734210b8f1,e8c344f6-9bee-4ad6-8356-63ee4e2988cf,Arbok,Temporal Forces,101,common,NO,SINGLE_CARD,RAW,CARD,,,,INCONSISTENT,Donny,2026-09-15T03:51:35.541028+00:00,,
E9B-0226,v1|307112031279|0,https://www.ebay.com/itm/307112031279?_skw=Arbok+101+Temporal+Forces+Pokemon+card&hash=item47814db42f:g:yc0AAeSwdUJqdV-a,ARBOK 101/162 Common Temporal Forces Pokemon REVERSE HOLO Near Mint,Ungraded,4000,,"[""FIXED_PRICE""]",bulkcards-unlimited,https://i.ebayimg.com/images/g/yc0AAeSwdUJqdV-a/s-l225.jpg,740ad74c-8c0c-411f-9ec7-2c734210b8f1,e8c344f6-9bee-4ad6-8356-63ee4e2988cf,Arbok,Temporal Forces,101,common,NO,SINGLE_CARD,RAW,CARD,,,,INCONSISTENT,Donny,2026-09-15T03:51:37.109826+00:00,,
E9B-0227,v1|358906372158|0,https://www.ebay.com/itm/358906372158?_skw=Arbok+101+Temporal+Forces+Pokemon+card&hash=item53907ca03e:g:OZsAAeSw1cJqeTbI,Arbok 101/162 - Temporal Forces - Reverse Holo Common NM,Ungraded,4000,,"[""FIXED_PRICE""]",jrscardco,https://i.ebayimg.com/images/g/OZsAAeSw1cJqeTbI/s-l225.jpg,740ad74c-8c0c-411f-9ec7-2c734210b8f1,e8c344f6-9bee-4ad6-8356-63ee4e2988cf,Arbok,Temporal Forces,101,common,NO,SINGLE_CARD,RAW,CARD,,,,INCONSISTENT,Donny,2026-09-15T03:51:38.600332+00:00,,
E9B-0228,v1|800651712485|0,https://www.ebay.com/itm/800651712485?_skw=Mega+Darkrai+ex+116+Pitch+Black+Pokemon+card&hash=itemba6a8f97e5:g:dQYAAeSw1Xpqpayg,2026 Pokémon Mega Darkrai ex 116/084 Pitch Black SIR CGC 10 GEM MINT POP 54,Graded,2750,,"[""FIXED_PRICE"", ""AUCTION""]",ggalessiere1979,https://i.ebayimg.com/images/g/dQYAAeSw1Xpqpayg/s-l225.jpg,75720435-3807-46b6-b3da-5e1c53b77822,9ad0c133-f133-45ab-9b3f-494199354e20,Mega Darkrai ex,Pitch Black,116,special_illustration_rare,NO,SINGLE_CARD,GRADED,CARD,,,,,Donny,2026-09-15T03:51:40.379325+00:00,,
E9B-0229,v1|128033164820|0,https://www.ebay.com/itm/128033164820?_skw=Mega+Darkrai+ex+116+Pitch+Black+Pokemon+card&hash=item1dcf5f0e14:g:sIsAAeSwmX1qhKaN,Mega Darkrai EX 116/084,Ungraded,4000,,"[""FIXED_PRICE""]",el_9218293,https://i.ebayimg.com/images/g/sIsAAeSwmX1qhKaN/s-l225.jpg,75720435-3807-46b6-b3da-5e1c53b77822,9ad0c133-f133-45ab-9b3f-494199354e20,Mega Darkrai ex,Pitch Black,116,special_illustration_rare,YES,SINGLE_CARD,RAW,CARD,,,,,Donny,2026-09-15T22:20:08.102469+00:00,,
E9B-0230,v1|237068457448|0,https://www.ebay.com/itm/237068457448?_skw=Mega+Darkrai+ex+116+Pitch+Black+Pokemon+card&hash=item37326195e8:g:AHEAAeSwr9JqqJon,Mega Darkrai ex SIR 116/084 NM Pitch Black Pokemon TCG,Ungraded,4000,,"[""FIXED_PRICE"", ""BEST_OFFER""]",amplifier74,https://i.ebayimg.com/images/g/AHEAAeSwr9JqqJon/s-l225.jpg,75720435-3807-46b6-b3da-5e1c53b77822,9ad0c133-f133-45ab-9b3f-494199354e20,Mega Darkrai ex,Pitch Black,116,special_illustration_rare,YES,SINGLE_CARD,RAW,CARD,,,,,Donny,2026-09-15T22:18:35.812360+00:00,,
E9B-0231,v1|227520774468|0,https://www.ebay.com/itm/227520774468?_skw=Mega+Darkrai+ex+116+Pitch+Black+Pokemon+card&hash=item34f94b8144:g:61AAAeSwK7pqp59y,Mega Darkrai EX 116/084 Evolutions Full Art Holo Rare Pokémon TCG Card,Ungraded,4000,,"[""FIXED_PRICE"", ""BEST_OFFER""]",coco0692,https://i.ebayimg.com/images/g/61AAAeSwK7pqp59y/s-l225.jpg,75720435-3807-46b6-b3da-5e1c53b77822,9ad0c133-f133-45ab-9b3f-494199354e20,Mega Darkrai ex,Pitch Black,116,special_illustration_rare,YES,SINGLE_CARD,RAW,CARD,,,,,Donny,2026-09-15T22:16:42.168589+00:00,,
E9B-0232,v1|206551243244|0,https://www.ebay.com/itm/206551243244?_skw=Mega+Darkrai+ex+116+Pitch+Black+Pokemon+card&hash=item301769d9ec:g:dW0AAeSwRrFqpLhd,2026 POKEMON PITCH BLACK #116/084 MEGA DARKRAI EX SPECIAL ILLUSTRATION RARE,Ungraded,4000,,"[""AUCTION""]",slabsharksinc,https://i.ebayimg.com/images/g/dW0AAeSwRrFqpLhd/s-l225.jpg,75720435-3807-46b6-b3da-5e1c53b77822,9ad0c133-f133-45ab-9b3f-494199354e20,Mega Darkrai ex,Pitch Black,116,special_illustration_rare,YES,SINGLE_CARD,RAW,CARD,,,,,Donny,2026-09-15T22:16:42.926354+00:00,,
E9B-0233,v1|377493590408|0,https://www.ebay.com/itm/377493590408?_skw=Mega+Darkrai+ex+116+Pitch+Black+Pokemon+card&hash=item57e45f1188:g:hAcAAeSwzmBqp0j1,Mega Darkrai EX 116/084 Pitch Black Special Illustration Rare Pokemon Card NM,Ungraded,4000,,"[""FIXED_PRICE"", ""BEST_OFFER""]",dboy90746,https://i.ebayimg.com/images/g/hAcAAeSwzmBqp0j1/s-l225.jpg,75720435-3807-46b6-b3da-5e1c53b77822,9ad0c133-f133-45ab-9b3f-494199354e20,Mega Darkrai ex,Pitch Black,116,special_illustration_rare,YES,SINGLE_CARD,RAW,CARD,,,,,Donny,2026-09-15T22:19:17.273362+00:00,,
E9B-0234,v1|376171727320|0,https://www.ebay.com/itm/376171727320?_skw=Crustle+183+Paradox+Rift+Pokemon+card&hash=item57959509d8:g:RegAAeSwTR1n~wUe&amdata=enc%3AAQALAAABAACCtXRWQnOEpyOqnQQ8KGaLOnoONcOhq0BAUvnfj2GXJz%2BaC%2FSdX%2B36CnJOjGBlHKbD6s9RN%2B7XJAgRR5rhSRCwB0dZGJQSY0NP6E%2BYzNOoUnSmUjRMei5mrrcvHKjEidwDczHSprnHzlANx1MYr0g107UZuP%2BSo9Khq2%2BKlf%2BvLxzovd2oWvJYWJv1S0FrZFTP0WEkqBSdGnDBqoGlABm4MATj4bxiYw6Haj%2BLxQyMCad6saAKbK093m0mgghuHuh6QxQo61ufKV1iLy8Z2lzA%2B3YP8%2BsbvpwAysq4cj%2Bf%2BF12XFzWryKTZyyEp9wGIdC6%2FyMPaHL2jOUjbFNR2gw%3D,Crustle 183/182 Sv04: Paradox Rift Holo,Ungraded,4000,,"[""FIXED_PRICE"", ""BEST_OFFER""]",kenpuc-71,https://i.ebayimg.com/images/g/RegAAeSwTR1n~wUe/s-l225.jpg,77b44a76-26f7-4fa0-a548-c29870a7bb68,63f84d31-df83-456f-bd4c-e59b7e2ba541,Crustle,Paradox Rift,183,illustration_rare,YES,SINGLE_CARD,RAW,CARD,,,,,Donny,2026-09-15T22:19:49.324777+00:00,,
E9B-0235,v1|366653000814|0,https://www.ebay.com/itm/366653000814?_skw=Crustle+183+Paradox+Rift+Pokemon+card&hash=item555e38cc6e:g:aVoAAeSw0FZqnc9d,Pokemon TCG: Crustle 183/182 Paradox Rift Illustration Rare Holo English,Ungraded,4000,,"[""FIXED_PRICE"", ""BEST_OFFER""]",mondou_2533,https://i.ebayimg.com/images/g/aVoAAeSw0FZqnc9d/s-l225.jpg,77b44a76-26f7-4fa0-a548-c29870a7bb68,63f84d31-df83-456f-bd4c-e59b7e2ba541,Crustle,Paradox Rift,183,illustration_rare,YES,SINGLE_CARD,RAW,CARD,,,,,Donny,2026-09-15T22:19:23.988275+00:00,,
E9B-0236,v1|398395068105|0,https://www.ebay.com/itm/398395068105?_skw=Crustle+183+Paradox+Rift+Pokemon+card&hash=item5cc2324ec9:g:reoAAeSwguFqqHKC,💎 Pokémon TCG Crustle 130/086 Black Bolt Illustration Rare Holo English💎,Ungraded,4000,,"[""FIXED_PRICE""]",casey_tcg,https://i.ebayimg.com/images/g/reoAAeSwguFqqHKC/s-l225.jpg,77b44a76-26f7-4fa0-a548-c29870a7bb68,63f84d31-df83-456f-bd4c-e59b7e2ba541,Crustle,Paradox Rift,183,illustration_rare,NO,SINGLE_CARD,RAW,CARD,,INCONSISTENT,,,Donny,2026-09-15T03:52:05.687027+00:00,,
E9B-0237,v1|318867076009|0,https://www.ebay.com/itm/318867076009?_skw=Crustle+183+Paradox+Rift+Pokemon+card&hash=item4a3df573a9:g:gL0AAeSwfjZqeEbL,The Pokémon TCG: Crustle 183/182 SV04 Paradox Rift Illustration Rare Holo EN,Ungraded,4000,,"[""FIXED_PRICE""]",gg_hobbyz,https://i.ebayimg.com/images/g/gL0AAeSwfjZqeEbL/s-l225.jpg,77b44a76-26f7-4fa0-a548-c29870a7bb68,63f84d31-df83-456f-bd4c-e59b7e2ba541,Crustle,Paradox Rift,183,illustration_rare,YES,SINGLE_CARD,RAW,CARD,,,,,Donny,2026-09-15T22:20:24.262792+00:00,,
E9B-0238,v1|820127474222|0,https://www.ebay.com/itm/820127474222?_skw=Crustle+183+Paradox+Rift+Pokemon+card&hash=itembef368222e:g:T80AAeSwDaxqqGdI,Pokemon Card - Crustle 183/182 SV04: Paradox Rift Illustration Rare,Ungraded,4000,,"[""FIXED_PRICE"", ""BEST_OFFER""]",bryn5003,https://i.ebayimg.com/images/g/T80AAeSwDaxqqGdI/s-l225.jpg,77b44a76-26f7-4fa0-a548-c29870a7bb68,63f84d31-df83-456f-bd4c-e59b7e2ba541,Crustle,Paradox Rift,183,illustration_rare,YES,SINGLE_CARD,RAW,CARD,,,,,Donny,2026-09-15T22:17:32.417894+00:00,,
E9B-0239,v1|188483834663|0,https://www.ebay.com/itm/188483834663?_skw=Crustle+183+Paradox+Rift+Pokemon+card&hash=item2be2831327:g:mf8AAeSwQ4NqJvDt,Crustle 183/182 Holofoil Illustration Rare Paradox Rift Pokemon Near Mint,Ungraded,4000,,"[""FIXED_PRICE""]",pokebrokercards,https://i.ebayimg.com/images/g/mf8AAeSwQ4NqJvDt/s-l225.jpg,77b44a76-26f7-4fa0-a548-c29870a7bb68,63f84d31-df83-456f-bd4c-e59b7e2ba541,Crustle,Paradox Rift,183,illustration_rare,YES,SINGLE_CARD,RAW,CARD,,,,,Donny,2026-09-15T22:19:15.899362+00:00,,
E9B-0240,v1|398356942432|0,https://www.ebay.com/itm/398356942432?_skw=Cresselia+71+Shrouded+Fable+Pokemon+card&hash=item5cbfec8e60:g:wjMAAeSwddFqmiol,Cresselia 021/064 Shrouded Fable Holo Pokemon TCG Near Mint,Ungraded,4000,,"[""FIXED_PRICE""]",theqfcgymleader,https://i.ebayimg.com/images/g/wjMAAeSwddFqmiol/s-l225.jpg,7b00ea04-5c2a-4172-8025-afba48ddacb3,94d01e3d-09de-4d04-a0d8-1f36a5cfe684,Cresselia,Shrouded Fable,71,illustration_rare,NO,SINGLE_CARD,RAW,CARD,INCONSISTENT,,,,Donny,2026-09-15T03:52:12.355211+00:00,,
E9B-0241,v1|377399994259|0,https://www.ebay.com/itm/377399994259?_skw=Cresselia+71+Shrouded+Fable+Pokemon+card&hash=item57decae793:g:xLUAAeSwawdqdP1L,Cresselia 021/064 Rare Shrouded Fable Pokemon Reverse Holo Near Mint,Ungraded,4000,,"[""FIXED_PRICE""]",prizepicktcg,https://i.ebayimg.com/images/g/xLUAAeSwawdqdP1L/s-l225.jpg,7b00ea04-5c2a-4172-8025-afba48ddacb3,94d01e3d-09de-4d04-a0d8-1f36a5cfe684,Cresselia,Shrouded Fable,71,illustration_rare,NO,SINGLE_CARD,RAW,CARD,INCONSISTENT,,,,Donny,2026-09-15T03:52:14.067643+00:00,,
E9B-0242,v1|366640806613|0,https://www.ebay.com/itm/366640806613?_skw=Cresselia+71+Shrouded+Fable+Pokemon+card&hash=item555d7ebad5:g:jToAAeSwhVlqliwm,Cresselia Holo Rare SV: Shrouded Fable 021/064 NM,Ungraded,4000,,"[""FIXED_PRICE"", ""BEST_OFFER""]",cashhmoney,https://i.ebayimg.com/images/g/jToAAeSwhVlqliwm/s-l225.jpg,7b00ea04-5c2a-4172-8025-afba48ddacb3,94d01e3d-09de-4d04-a0d8-1f36a5cfe684,Cresselia,Shrouded Fable,71,illustration_rare,NO,SINGLE_CARD,RAW,CARD,INCONSISTENT,,,,Donny,2026-09-15T03:52:15.288347+00:00,,
E9B-0243,v1|377491896562|0,https://www.ebay.com/itm/377491896562?_skw=Cresselia+71+Shrouded+Fable+Pokemon+card&hash=item57e44538f2:g:08YAAeSwUuBqphro,CRESSELIA 021/064 R SHROUDED FABLE POKEMON HOLO NM,Ungraded,4000,,"[""FIXED_PRICE""]",thetcgmeta,https://i.ebayimg.com/images/g/08YAAeSwUuBqphro/s-l225.jpg,7b00ea04-5c2a-4172-8025-afba48ddacb3,94d01e3d-09de-4d04-a0d8-1f36a5cfe684,Cresselia,Shrouded Fable,71,illustration_rare,NO,SINGLE_CARD,RAW,CARD,INCONSISTENT,,,,Donny,2026-09-15T03:52:16.569365+00:00,,
E9B-0244,v1|800617298392|0,https://www.ebay.com/itm/800617298392?_skw=Cresselia+71+Shrouded+Fable+Pokemon+card&hash=itemba688279d8:g:94AAAeSwLrNqnEpi,Cresselia Reverse Holofoil SFA SV: Shrouded Fable 021/064 NM,Ungraded,4000,,"[""FIXED_PRICE""]",quack-a-packtcg,https://i.ebayimg.com/images/g/94AAAeSwLrNqnEpi/s-l225.jpg,7b00ea04-5c2a-4172-8025-afba48ddacb3,94d01e3d-09de-4d04-a0d8-1f36a5cfe684,Cresselia,Shrouded Fable,71,illustration_rare,NO,SINGLE_CARD,RAW,CARD,INCONSISTENT,,,,Donny,2026-09-15T03:52:17.875827+00:00,,
E9B-0245,v1|366641122626|0,https://www.ebay.com/itm/366641122626?_skw=Cresselia+71+Shrouded+Fable+Pokemon+card&hash=item555d838d42:g:MrAAAeSwAnRqllyR,Cresselia Holo Rare SV: Shrouded Fable 021/064 NM,Ungraded,4000,,"[""FIXED_PRICE"", ""BEST_OFFER""]",cashhmoney,https://i.ebayimg.com/images/g/MrAAAeSwAnRqllyR/s-l225.jpg,7b00ea04-5c2a-4172-8025-afba48ddacb3,94d01e3d-09de-4d04-a0d8-1f36a5cfe684,Cresselia,Shrouded Fable,71,illustration_rare,NO,SINGLE_CARD,RAW,CARD,INCONSISTENT,,,,Donny,2026-09-15T03:52:20.261450+00:00,,
E9B-0246,v1|307179110105|0,https://www.ebay.com/itm/307179110105?_skw=Canari+291+Ascended+Heroes+Pokemon+card&hash=item47854d3ed9:g:81oAAeSwfEhqqCVd,POKEMON - Canari 291/217 SIR | Ascended Heroes | NEAR MINT,Ungraded,4000,,"[""FIXED_PRICE"", ""BEST_OFFER""]",jamocards1012,https://i.ebayimg.com/images/g/81oAAeSwfEhqqCVd/s-l225.jpg,7f065a2b-5cab-45c8-8fd8-96d4c07c4ee8,3805ddb2-e4cd-40b3-8a52-82398effa130,Canari,Ascended Heroes,291,special_illustration_rare,YES,SINGLE_CARD,RAW,CARD,,,,,Donny,2026-09-15T22:16:54.691601+00:00,,
E9B-0247,v1|287586261997|0,https://www.ebay.com/itm/287586261997?_skw=Canari+291+Ascended+Heroes+Pokemon+card&hash=item42f57a1bed:g:ZikAAeSwJMFqqCzo,Canari 291/217 Me: Ascended Heroes Holo,Ungraded,4000,,"[""FIXED_PRICE"", ""BEST_OFFER""]",bryansbuysandsells,https://i.ebayimg.com/images/g/ZikAAeSwJMFqqCzo/s-l225.jpg,7f065a2b-5cab-45c8-8fd8-96d4c07c4ee8,3805ddb2-e4cd-40b3-8a52-82398effa130,Canari,Ascended Heroes,291,special_illustration_rare,YES,SINGLE_CARD,RAW,CARD,,,,,Donny,2026-09-15T22:19:50.797197+00:00,,
E9B-0248,v1|267784403220|0,https://www.ebay.com/itm/267784403220?_skw=Canari+291+Ascended+Heroes+Pokemon+card&hash=item3e5931b914:g:39EAAeSwHahqpwHf,Pokemon Ascended Heroes Canari 291/217 PSA 9,Graded,2750,,"[""FIXED_PRICE""]",jax_n_you_cards,https://i.ebayimg.com/images/g/39EAAeSwHahqpwHf/s-l225.jpg,7f065a2b-5cab-45c8-8fd8-96d4c07c4ee8,3805ddb2-e4cd-40b3-8a52-82398effa130,Canari,Ascended Heroes,291,special_illustration_rare,NO,SINGLE_CARD,GRADED,CARD,,,,,Donny,2026-09-15T03:52:23.874998+00:00,,
E9B-0249,v1|366666639789|0,https://www.ebay.com/itm/366666639789?_skw=Canari+291+Ascended+Heroes+Pokemon+card&hash=item555f08e9ad:g:KpMAAeSwUERqpsBI,Pokemon ME: Ascended Heroes Canari 291/217 Special Illustration Rare SIR,Ungraded,4000,,"[""FIXED_PRICE"", ""BEST_OFFER""]",booked_cards,https://i.ebayimg.com/images/g/KpMAAeSwUERqpsBI/s-l225.jpg,7f065a2b-5cab-45c8-8fd8-96d4c07c4ee8,3805ddb2-e4cd-40b3-8a52-82398effa130,Canari,Ascended Heroes,291,special_illustration_rare,YES,SINGLE_CARD,RAW,CARD,,,,,Donny,2026-09-15T22:18:00.442004+00:00,,
E9B-0250,v1|377301114069|0,https://www.ebay.com/itm/377301114069?_skw=Canari+291+Ascended+Heroes+Pokemon+card&hash=item57d8e61cd5:g:Fp0AAeSw7~BqQKam,Canari 291/217 Special Illustration Rare Ascended Heroes Pokemon Holo Near Mint,Ungraded,4000,,"[""FIXED_PRICE""]",j-vegastcg,https://i.ebayimg.com/images/g/Fp0AAeSw7~BqQKam/s-l225.jpg,7f065a2b-5cab-45c8-8fd8-96d4c07c4ee8,3805ddb2-e4cd-40b3-8a52-82398effa130,Canari,Ascended Heroes,291,special_illustration_rare,YES,SINGLE_CARD,RAW,CARD,,,,,Donny,2026-09-15T22:19:28.100327+00:00,,
E9B-0251,v1|366667313720|0,https://www.ebay.com/itm/366667313720?_skw=Canari+291+Ascended+Heroes+Pokemon+card&hash=item555f133238:g:qfIAAeSw~cFqd5Iz&amdata=enc%3AAQALAAABAACCtXRWQnOEpyOqnQQ8KGbrt8xXu6XdgUJHoANLh8Fayw%2BHudF%2FpKScifxzesr30xQY7SH%2BMQDZpi9dUBx%2Fgd6DIdaRThyUtHrxAhdUhzY78SCMslDyuh7Cng4Ifd9OlPIDlUha%2Bu7DQmihaGco6kXvau7hGwd%2BnqqXs3YIHrkU9NKf4EviZhynJTTwRkE8rW9ms3cHhc7xnoi0hi3hUblA0ZeElBmfqlp7B44I5Nme0RKFZbJBPQQvS2tpXmLOtskbSMsi9IWFqv7YfFvFBrGTgrhUTWqqyut5gql%2FPOAhZhg%2B0bFOvMsUOfC8UFgKhfVWr1HGvca4GLuWOqqAs1k%3D,Canari 291/217 PSA 10 2026 Pokemon Ascended Heroes Gem Mint,Graded,2750,,"[""FIXED_PRICE"", ""BEST_OFFER""]",signaturecardcompany,https://i.ebayimg.com/images/g/qfIAAeSw~cFqd5Iz/s-l225.jpg,7f065a2b-5cab-45c8-8fd8-96d4c07c4ee8,3805ddb2-e4cd-40b3-8a52-82398effa130,Canari,Ascended Heroes,291,special_illustration_rare,NO,SINGLE_CARD,GRADED,CARD,,,,,Donny,2026-09-15T03:52:27.513830+00:00,,
E9B-0252,v1|358850100762|0,https://www.ebay.com/itm/358850100762?_skw=Mega+Gengar+ex+284+Ascended+Heroes+Pokemon+card&hash=item538d21fe1a:g:1R8AAeSwbG9qZ2M2,Pokemon 2026 Mega Gengar ex 284/217 SIR Ascended Heroes GEM MINT CGC 10,Graded,2750,,"[""FIXED_PRICE"", ""BEST_OFFER""]",chaseh,https://i.ebayimg.com/images/g/1R8AAeSwbG9qZ2M2/s-l225.jpg,828c0d0d-2ede-4bab-bed4-407cd3cf8662,06c45a41-2b44-401a-9703-5c9952f2580f,Mega Gengar ex,Ascended Heroes,284,special_illustration_rare,NO,SINGLE_CARD,GRADED,CARD,,,,,Donny,2026-09-15T03:52:28.982574+00:00,,
E9B-0253,v1|366608273561|0,https://www.ebay.com/itm/366608273561?_skw=Mega+Gengar+ex+284+Ascended+Heroes+Pokemon+card&hash=item555b8e5099:g:RNAAAeSwbspqgRNw,PSA 9 2026 Pokemon TCG Mega Gengar ex 284/217 Me: Ascended Heroes SIR Holo,Graded,2750,,"[""FIXED_PRICE"", ""BEST_OFFER""]",absolutebangerz,https://i.ebayimg.com/images/g/RNAAAeSwbspqgRNw/s-l225.jpg,828c0d0d-2ede-4bab-bed4-407cd3cf8662,06c45a41-2b44-401a-9703-5c9952f2580f,Mega Gengar ex,Ascended Heroes,284,special_illustration_rare,NO,SINGLE_CARD,GRADED,CARD,,,,,Donny,2026-09-15T03:52:30.462827+00:00,,
E9B-0254,v1|188930153456|0,https://www.ebay.com/itm/188930153456?_skw=Mega+Gengar+ex+284+Ascended+Heroes+Pokemon+card&hash=item2bfd1d5bf0:g:xJoAAeSwYD5qpwlu,Mega Gengar EX 284/217 Ascended Heroes Full Art Holo Rare Pokemon Card ,Ungraded,4000,,"[""FIXED_PRICE"", ""BEST_OFFER""]",meg-5151,https://i.ebayimg.com/images/g/xJoAAeSwYD5qpwlu/s-l225.jpg,828c0d0d-2ede-4bab-bed4-407cd3cf8662,06c45a41-2b44-401a-9703-5c9952f2580f,Mega Gengar ex,Ascended Heroes,284,special_illustration_rare,YES,SINGLE_CARD,RAW,CARD,,,,,Donny,2026-09-15T22:18:54.176934+00:00,,
E9B-0255,v1|206407994491|0,https://www.ebay.com/itm/206407994491?_skw=Mega+Gengar+ex+284+Ascended+Heroes+Pokemon+card&hash=item300ee00c7b:g:II0AAeSw9h1qUTUc,2026 POKEMON ASCENDED HEROES SPECIAL ILLUSTRATION RARE MEGA GENGAR 284 EX PSA 9,Graded,2750,,"[""FIXED_PRICE""]",ds.establishments,https://i.ebayimg.com/images/g/II0AAeSw9h1qUTUc/s-l225.jpg,828c0d0d-2ede-4bab-bed4-407cd3cf8662,06c45a41-2b44-401a-9703-5c9952f2580f,Mega Gengar ex,Ascended Heroes,284,special_illustration_rare,NO,SINGLE_CARD,GRADED,CARD,,,,,Donny,2026-09-15T03:52:33.373093+00:00,,
E9B-0256,v1|820112249779|0,https://www.ebay.com/itm/820112249779?_skw=Mega+Gengar+ex+284+Ascended+Heroes+Pokemon+card&hash=itembef27fd3b3:g:QqIAAeSwZrdqozk3,TAG Graded 10 Mega Gengar ex 284/217 Ascended Heroes SIR Holo Mega Evolution 982,Graded,2750,,"[""FIXED_PRICE"", ""BEST_OFFER""]",tepe_93,https://i.ebayimg.com/images/g/QqIAAeSwZrdqozk3/s-l225.jpg,828c0d0d-2ede-4bab-bed4-407cd3cf8662,06c45a41-2b44-401a-9703-5c9952f2580f,Mega Gengar ex,Ascended Heroes,284,special_illustration_rare,NO,SINGLE_CARD,GRADED,CARD,,,,,Donny,2026-09-15T03:52:35.156350+00:00,,
E9B-0257,v1|128079830604|0,https://www.ebay.com/itm/128079830604?_skw=Mega+Gengar+ex+284+Ascended+Heroes+Pokemon+card&hash=item1dd2271e4c:g:M80AAeSwQR5qqGOb,Mega Gengar ex 284/217 SIR:  Pokémon TCG Ascended Heroes NM,Ungraded,4000,,"[""FIXED_PRICE""]",dmvsneakerstuff,https://i.ebayimg.com/images/g/M80AAeSwQR5qqGOb/s-l225.jpg,828c0d0d-2ede-4bab-bed4-407cd3cf8662,06c45a41-2b44-401a-9703-5c9952f2580f,Mega Gengar ex,Ascended Heroes,284,special_illustration_rare,YES,SINGLE_CARD,RAW,CARD,,,,,Donny,2026-09-15T22:18:54.649568+00:00,,
E9B-0258,v1|178494985637|0,https://www.ebay.com/itm/178494985637?_skw=Houndour+204+Obsidian+Flames+Pokemon+card&hash=item298f2155a5:g:bkwAAeSwHWVqp4O2,Houndour 204/197 Illustration Rare Obsidian Flames Pokemon Holo NM,Ungraded,4000,,"[""FIXED_PRICE""]",all-starsupply,https://i.ebayimg.com/images/g/bkwAAeSwHWVqp4O2/s-l225.jpg,829b12ba-c7f5-4796-9a57-a2a2463c8461,0fc5990b-19e3-4716-b616-b221acc480a6,Houndour,Obsidian Flames,204,illustration_rare,YES,SINGLE_CARD,RAW,CARD,,,,,Donny,2026-09-15T22:19:38.440232+00:00,,
E9B-0259,v1|396741351507|0,https://www.ebay.com/itm/396741351507?_skw=Houndour+204+Obsidian+Flames+Pokemon+card&hash=item5c5fa09853:g:qOwAAeSw9IRoTM8W,Houndour 204/197 Sv03: Obsidian Flames Near Mint Pokemon TCG,Ungraded,4000,,"[""FIXED_PRICE"", ""BEST_OFFER""]",prairiepineapplecards,https://i.ebayimg.com/images/g/qOwAAeSw9IRoTM8W/s-l225.jpg,829b12ba-c7f5-4796-9a57-a2a2463c8461,0fc5990b-19e3-4716-b616-b221acc480a6,Houndour,Obsidian Flames,204,illustration_rare,YES,SINGLE_CARD,RAW,CARD,,,,,Donny,2026-09-15T22:20:22.845679+00:00,,
E9B-0260,v1|306335597004|0,https://www.ebay.com/itm/306335597004?_skw=Houndour+204+Obsidian+Flames+Pokemon+card&hash=item47530641cc:g:u94AAeSwfh9oQESr,Pokemon TCG Obsidian Flames Houndour Illustration Rare IR Holo Card 204/197,Ungraded,4000,,"[""FIXED_PRICE"", ""BEST_OFFER""]",the_kuj421,https://i.ebayimg.com/images/g/u94AAeSwfh9oQESr/s-l225.jpg,829b12ba-c7f5-4796-9a57-a2a2463c8461,0fc5990b-19e3-4716-b616-b221acc480a6,Houndour,Obsidian Flames,204,illustration_rare,YES,SINGLE_CARD,RAW,CARD,,,,,Donny,2026-09-15T22:19:48.149295+00:00,,
E9B-0261,v1|137736527175|0,https://www.ebay.com/itm/137736527175?_skw=Houndour+204+Obsidian+Flames+Pokemon+card&hash=item2011bc9d47:g:RXcAAeSwd3NqqBcA,Houndour 204/197 Holo SV03: Obsidian Flames LP Pokémon TCG,Ungraded,4000,,"[""FIXED_PRICE""]",thetradingpostcc,https://i.ebayimg.com/images/g/RXcAAeSwd3NqqBcA/s-l225.jpg,829b12ba-c7f5-4796-9a57-a2a2463c8461,0fc5990b-19e3-4716-b616-b221acc480a6,Houndour,Obsidian Flames,204,illustration_rare,YES,SINGLE_CARD,RAW,CARD,,,,,Donny,2026-09-15T22:18:44.160396+00:00,,
E9B-0262,v1|298634567574|0,https://www.ebay.com/itm/298634567574?_skw=Houndour+204+Obsidian+Flames+Pokemon+card&hash=item458801df96:g:CWQAAeSwKVhqlmRb,Houndour 204/197 Illustration Rare Obsidian Flames Pokemon Holo NM KYUPIYAMA,Ungraded,4000,,"[""FIXED_PRICE""]",907manaandmint,https://i.ebayimg.com/images/g/CWQAAeSwKVhqlmRb/s-l225.jpg,829b12ba-c7f5-4796-9a57-a2a2463c8461,0fc5990b-19e3-4716-b616-b221acc480a6,Houndour,Obsidian Flames,204,illustration_rare,YES,SINGLE_CARD,RAW,CARD,,,,,Donny,2026-09-15T22:20:22.384616+00:00,,
E9B-0263,v1|188376897126|0,https://www.ebay.com/itm/188376897126?_skw=Houndour+204+Obsidian+Flames+Pokemon+card&hash=item2bdc235666:g:ZSMAAeSw~7lqA9MF,Houndour Obsidian Flames Holo Card 204/197 SV03 PSA 10,Graded,2750,,"[""FIXED_PRICE"", ""BEST_OFFER""]",sergeant_poke,https://i.ebayimg.com/images/g/ZSMAAeSw~7lqA9MF/s-l225.jpg,829b12ba-c7f5-4796-9a57-a2a2463c8461,0fc5990b-19e3-4716-b616-b221acc480a6,Houndour,Obsidian Flames,204,illustration_rare,NO,SINGLE_CARD,GRADED,CARD,,,,,Donny,2026-09-15T03:52:42.919824+00:00,,
E9B-0264,v1|406829239355|0,https://www.ebay.com/itm/406829239355?_skw=Bronzor+68+Temporal+Forces+Pokemon+card&hash=item5eb8e98c3b:g:2J8AAeSws-5nsOJG,Bronzor - 68/162 Temporal Forces - Pokémon TCG,Ungraded,4000,,"[""FIXED_PRICE""]",castlerock-tcg,https://i.ebayimg.com/images/g/2J8AAeSws-5nsOJG/s-l225.jpg,8a2827bc-48b7-4dfd-b240-501fe24100b9,4db4cc1d-2bfd-45e2-a457-7cb450d1f79a,Bronzor,Temporal Forces,68,common,YES,SINGLE_CARD,RAW,CARD,,,,,Donny,2026-09-15T22:17:21.966545+00:00,,
E9B-0265,v1|355571131678|624702143101,https://www.ebay.com/itm/355571131678?_skw=Bronzor+68+Temporal+Forces&hash=item52c9b0e51e:g:hcUAAOSwHLRl~uxB,POKEMON TCG TEMPORAL FORCES NON HOLO YOU PICK #1 - #162 ****FREE SHIPPING****,Ungraded,4000,,"[""FIXED_PRICE""]",cards.are.my.thang,https://i.ebayimg.com/images/g/hcUAAOSwHLRl~uxB/s-l225.jpg,8a2827bc-48b7-4dfd-b240-501fe24100b9,4db4cc1d-2bfd-45e2-a457-7cb450d1f79a,Bronzor,Temporal Forces,68,common,NO,SINGLE_CARD,RAW,CARD,,,,,Donny,2026-09-15T03:52:49.930795+00:00,,
E9B-0266,v1|168486434235|0,https://www.ebay.com/itm/168486434235?_skw=Bronzor+68+Temporal+Forces+Pokemon+card&hash=item273a92f5bb:g:ddMAAeSwvw1pI8KE,2024 Scarlet & Violet Series - Temporal Forces Bronzor Common #68,Ungraded,4000,,"[""FIXED_PRICE""]",threadrebornitems1,https://i.ebayimg.com/images/g/ddMAAeSwvw1pI8KE/s-l225.jpg,8a2827bc-48b7-4dfd-b240-501fe24100b9,4db4cc1d-2bfd-45e2-a457-7cb450d1f79a,Bronzor,Temporal Forces,68,common,YES,SINGLE_CARD,RAW,CARD,,,,,Donny,2026-09-15T22:19:00.117281+00:00,,
E9B-0267,v1|358453602360|626661210985,https://www.ebay.com/itm/358453602360?_skw=Bronzor+68+Temporal+Forces+Pokemon+card&hash=item53757fe838:g:XCwAAeSw0Ulp~hNX,Temporal Forces - Choose Your Card,Ungraded,4000,,"[""FIXED_PRICE""]",etxpokecenter,https://i.ebayimg.com/images/g/XCwAAeSw0Ulp~hNX/s-l225.jpg,8a2827bc-48b7-4dfd-b240-501fe24100b9,4db4cc1d-2bfd-45e2-a457-7cb450d1f79a,Bronzor,Temporal Forces,68,common,NO,SINGLE_CARD,RAW,CARD,,,,,Donny,2026-09-15T03:52:58.315366+00:00,,
E9B-0268,v1|256838777093|557398371948,https://www.ebay.com/itm/256838777093?_skw=Bronzor+68+Temporal+Forces&hash=item3bccc8b905:g:cnkAAOSwi1Bnw7m0,Scarlett & Violet- Temporal Forces Pokemon pick your cards,Ungraded,4000,,"[""FIXED_PRICE""]",us2015_muzar,https://i.ebayimg.com/images/g/cnkAAOSwi1Bnw7m0/s-l225.jpg,8a2827bc-48b7-4dfd-b240-501fe24100b9,4db4cc1d-2bfd-45e2-a457-7cb450d1f79a,Bronzor,Temporal Forces,68,common,NO,SINGLE_CARD,RAW,CARD,,,,,Donny,2026-09-15T03:52:59.886373+00:00,,
E9B-0269,v1|235597179400|535836347946,https://www.ebay.com/itm/235597179400?_skw=Bronzor+68+Temporal+Forces+Pokemon+card&hash=item36daafaa08:g:JjIAAOSww71mYfRt,"TEMPORAL FORCES Pokemon Card TCG Reverse Holo, ACE, EX CHOOSE PICK YOUR CARD NM",Ungraded,4000,,"[""FIXED_PRICE""]",droder1,https://i.ebayimg.com/images/g/JjIAAOSww71mYfRt/s-l225.jpg,8a2827bc-48b7-4dfd-b240-501fe24100b9,4db4cc1d-2bfd-45e2-a457-7cb450d1f79a,Bronzor,Temporal Forces,68,common,NO,SINGLE_CARD,RAW,CARD,,,,,Donny,2026-09-15T03:53:01.959290+00:00,,
E9B-0270,v1|307177969273|0,https://www.ebay.com/itm/307177969273?_skw=Leavanny+89+White+Flare+Pokemon+card&hash=item47853bd679:g:rVgAAeSwbLhqp0yl,Leavanny 003/086 Uncommon White Flare Pokemon Reverse Holo NM,Ungraded,4000,,"[""FIXED_PRICE""]",desirablecardboard,https://i.ebayimg.com/images/g/rVgAAeSwbLhqp0yl/s-l225.jpg,8a2cce32-ad4f-4468-8a28-8a9ea9653365,9cc8f6b0-2c28-442b-bdd1-11cbd9a4068e,Leavanny,White Flare,89,illustration_rare,NO,SINGLE_CARD,RAW,CARD,INCONSISTENT,,,,Donny,2026-09-15T03:53:04.499855+00:00,,
E9B-0271,v1|188590657284|0,https://www.ebay.com/itm/188590657284?_skw=Leavanny+89+White+Flare+Pokemon+card&hash=item2be8e10f04:g:c50AAeSwBOlqRp5L,Leavanny 003/086 Uncommon White Flare Pokemon Reverse Holo Near Mint,Ungraded,4000,,"[""FIXED_PRICE""]",zenn_den_tcg,https://i.ebayimg.com/images/g/c50AAeSwBOlqRp5L/s-l225.jpg,8a2cce32-ad4f-4468-8a28-8a9ea9653365,9cc8f6b0-2c28-442b-bdd1-11cbd9a4068e,Leavanny,White Flare,89,illustration_rare,NO,SINGLE_CARD,RAW,CARD,INCONSISTENT,,,,Donny,2026-09-15T03:53:06.399757+00:00,,
E9B-0272,v1|336437246785|545930823148,https://www.ebay.com/itm/336437246785?_skw=Leavanny+89+White+Flare+Pokemon+card&var=545930823148&hash=item4e5538fb41:g:p2IAAeSwnbhpkoR4,Pokemon TCG White Flare (WHT) - Mix & Match cards to save up to 50%!,Ungraded,4000,,"[""FIXED_PRICE""]",sigglecow,https://i.ebayimg.com/images/g/p2IAAeSwnbhpkoR4/s-l225.jpg,8a2cce32-ad4f-4468-8a28-8a9ea9653365,9cc8f6b0-2c28-442b-bdd1-11cbd9a4068e,Leavanny,White Flare,89,illustration_rare,NO,SINGLE_CARD,RAW,CARD,INCONSISTENT,,,,Donny,2026-09-15T03:53:07.932329+00:00,,
E9B-0273,v1|117273705294|0,https://www.ebay.com/itm/117273705294?_skw=Leavanny+89+White+Flare+Pokemon+card&hash=item1b4e0ebb4e:g:SnwAAeSw95xqQWDY,Leavanny 003/086 Uncommon White Flare Pokemon Reverse Holo Near Mint,Ungraded,4000,,"[""FIXED_PRICE""]",ewoks_adventure,https://i.ebayimg.com/images/g/SnwAAeSw95xqQWDY/s-l225.jpg,8a2cce32-ad4f-4468-8a28-8a9ea9653365,9cc8f6b0-2c28-442b-bdd1-11cbd9a4068e,Leavanny,White Flare,89,illustration_rare,NO,SINGLE_CARD,RAW,CARD,INCONSISTENT,,,,Donny,2026-09-15T03:53:10.214601+00:00,,
E9B-0274,v1|800656498663|0,https://www.ebay.com/itm/800656498663?_skw=Leavanny+89+White+Flare+Pokemon+card&hash=itemba6ad89fe7:g:M4MAAeSw6Blqpub-,Leavanny 003/086 Uncommon White Flare Pokemon Reverse Holo Near Mint,Ungraded,4000,,"[""FIXED_PRICE""]",retro_lodge,https://i.ebayimg.com/images/g/M4MAAeSw6Blqpub-/s-l225.jpg,8a2cce32-ad4f-4468-8a28-8a9ea9653365,9cc8f6b0-2c28-442b-bdd1-11cbd9a4068e,Leavanny,White Flare,89,illustration_rare,NO,SINGLE_CARD,RAW,CARD,INCONSISTENT,,,,Donny,2026-09-15T03:53:11.499081+00:00,,
E9B-0275,v1|147308698908|0,https://www.ebay.com/itm/147308698908?_skw=Leavanny+89+White+Flare&hash=item224c485d1c:g:6KkAAeSw4ABqBGfX,Pokemon Leavanny (89/330) White Flare LP HOLO,Ungraded,4000,,"[""FIXED_PRICE""]",ninetyfive,https://i.ebayimg.com/images/g/6KkAAeSw4ABqBGfX/s-l225.jpg,8a2cce32-ad4f-4468-8a28-8a9ea9653365,9cc8f6b0-2c28-442b-bdd1-11cbd9a4068e,Leavanny,White Flare,89,illustration_rare,YES,SINGLE_CARD,RAW,CARD,,,,,Donny,2026-09-15T22:20:01.226766+00:00,,
E9B-0276,v1|158236862948|0,https://www.ebay.com/itm/158236862948?_skw=Leafeon+ex+144+Prismatic+Evolutions+Pokemon+card&hash=item24d7a6e9e4:g:mboAAeSweY5qkx3f,Ace 10 Leafeon Ex Prismatic Evolutions Sir 144/131 Pokemon card,Graded,2750,,"[""FIXED_PRICE"", ""BEST_OFFER""]",bigpoplittlepop,https://i.ebayimg.com/images/g/mboAAeSweY5qkx3f/s-l225.jpg,966bcb61-bf43-4cd7-8287-42f4bb9fa76d,9d636c4c-055f-4e85-b5ef-64675007d904,Leafeon ex,Prismatic Evolutions,144,special_illustration_rare,NO,SINGLE_CARD,GRADED,CARD,,,,,Donny,2026-09-15T03:53:23.696181+00:00,,
E9B-0277,v1|227331753760|526663839538,https://www.ebay.com/itm/227331753760?_skw=Leafeon+ex+144+Prismatic+Evolutions+Pokemon+card&hash=item34ee074720:g:kc8AAeSwIkpp-rI5,Pokemon TCG EXTENDED ART CASE Leafeon ex 144 Prismatic Evolutions CCG Card Game,Ungraded,4000,,"[""FIXED_PRICE""]",buiq22,https://i.ebayimg.com/images/g/kc8AAeSwIkpp-rI5/s-l225.jpg,966bcb61-bf43-4cd7-8287-42f4bb9fa76d,9d636c4c-055f-4e85-b5ef-64675007d904,Leafeon ex,Prismatic Evolutions,144,special_illustration_rare,NO,SINGLE_CARD,GRADED,CARD,,,,,Donny,2026-09-15T03:53:25.606863+00:00,,
E9B-0278,v1|168685400652|0,https://www.ebay.com/itm/168685400652?_skw=Leafeon+ex+144+Prismatic+Evolutions+Pokemon+card&hash=item27466ef24c:g:RBAAAeSwHYBqo8Gj,Pokemon TCG Leafeon ex 144/131 Scarlet & Violet Prismatic Evolutions SIR PSA 8,Graded,2750,,"[""FIXED_PRICE""]",pokeant92,https://i.ebayimg.com/images/g/RBAAAeSwHYBqo8Gj/s-l225.jpg,966bcb61-bf43-4cd7-8287-42f4bb9fa76d,9d636c4c-055f-4e85-b5ef-64675007d904,Leafeon ex,Prismatic Evolutions,144,special_illustration_rare,NO,SINGLE_CARD,GRADED,CARD,,,,,Donny,2026-09-15T03:53:27.448475+00:00,,
E9B-0279,v1|158288016420|0,https://www.ebay.com/itm/158288016420?_skw=Leafeon+ex+144+Prismatic+Evolutions&hash=item24dab37424:g:DvoAAeSwYHhqprxG,Leafeon ex 144/131 Sv: Prismatic Evolutions Holo,Ungraded,4000,,"[""FIXED_PRICE"", ""AUCTION""]",mmastrobuoni,https://i.ebayimg.com/images/g/DvoAAeSwYHhqprxG/s-l225.jpg,966bcb61-bf43-4cd7-8287-42f4bb9fa76d,9d636c4c-055f-4e85-b5ef-64675007d904,Leafeon ex,Prismatic Evolutions,144,special_illustration_rare,YES,SINGLE_CARD,RAW,CARD,,,,,Donny,2026-09-15T22:19:02.050564+00:00,,
E9B-0280,v1|117391227949|0,https://www.ebay.com/itm/117391227949?_skw=Leafeon+ex+144+Prismatic+Evolutions&hash=item1b550ffc2d:g:RjAAAeSwNoNql7QO,2025 POKEMON PRE EN-PRISMATIC EVOLUTIONS #144 LEAFEON EX PSA 9,Graded,2750,,"[""FIXED_PRICE"", ""BEST_OFFER""]",psa,https://i.ebayimg.com/images/g/RjAAAeSwNoNql7QO/s-l225.jpg,966bcb61-bf43-4cd7-8287-42f4bb9fa76d,9d636c4c-055f-4e85-b5ef-64675007d904,Leafeon ex,Prismatic Evolutions,144,special_illustration_rare,NO,SINGLE_CARD,GRADED,CARD,,,,,Donny,2026-09-15T03:53:30.306337+00:00,,
E9B-0281,v1|117404934462|0,https://www.ebay.com/itm/117404934462?_skw=Leafeon+ex+144+Prismatic+Evolutions&hash=item1b55e1213e:g:q7oAAeSwDw1qodAy,2025 Pokemon 144/131 Leafeon ex Prismatic Evolutions,Ungraded,4000,,"[""FIXED_PRICE"", ""BEST_OFFER""]",tntcards.mi,https://i.ebayimg.com/images/g/q7oAAeSwDw1qodAy/s-l225.jpg,966bcb61-bf43-4cd7-8287-42f4bb9fa76d,9d636c4c-055f-4e85-b5ef-64675007d904,Leafeon ex,Prismatic Evolutions,144,special_illustration_rare,YES,SINGLE_CARD,RAW,CARD,,,,,Donny,2026-09-15T22:19:53.805573+00:00,,
E9B-0282,v1|137570954895|0,https://www.ebay.com/itm/137570954895?_skw=Furret+168+Journey+Together+Pokemon+card&hash=item2007de2e8f:g:ehUAAeSw4NdqbLGj,Furret 168/159 - SV09: Journey Together - (NM),Ungraded,4000,,"[""FIXED_PRICE"", ""BEST_OFFER""]",myferrouswheel,https://i.ebayimg.com/images/g/ehUAAeSw4NdqbLGj/s-l225.jpg,97165c7e-1d85-4962-807e-5661c2115d7d,b592d276-ceb3-4a5e-90d5-d759808b7da3,Furret,Journey Together,168,illustration_rare,YES,SINGLE_CARD,RAW,CARD,,,,,Donny,2026-09-15T22:18:37.212942+00:00,,
E9B-0283,v1|377495848155|0,https://www.ebay.com/itm/377495848155?_skw=Furret+168+Journey+Together+Pokemon+card&hash=item57e48184db:g:BHgAAeSw32NqqJZB,Pokemon TCG Furret 168/159 Sv09: Journey Together Illustration Rare Full Art NM,Ungraded,4000,,"[""FIXED_PRICE"", ""BEST_OFFER""]",ribbit_rares,https://i.ebayimg.com/images/g/BHgAAeSw32NqqJZB/s-l225.jpg,97165c7e-1d85-4962-807e-5661c2115d7d,b592d276-ceb3-4a5e-90d5-d759808b7da3,Furret,Journey Together,168,illustration_rare,YES,SINGLE_CARD,RAW,CARD,,,,,Donny,2026-09-15T22:19:35.996464+00:00,,
E9B-0284,v1|800658931636|0,https://www.ebay.com/itm/800658931636?_skw=Furret+168+Journey+Together+Pokemon+card&hash=itemba6afdbfb4:g:dHMAAeSwwTVqp4D4,The Pokémon Company Pokémon TCG Furret 168/159 Sv09 Journey Together IR FA Holo,Ungraded,4000,,"[""FIXED_PRICE"", ""BEST_OFFER""]",thecollectorconnection,https://i.ebayimg.com/images/g/dHMAAeSwwTVqp4D4/s-l225.jpg,97165c7e-1d85-4962-807e-5661c2115d7d,b592d276-ceb3-4a5e-90d5-d759808b7da3,Furret,Journey Together,168,illustration_rare,YES,SINGLE_CARD,RAW,CARD,,,,,Donny,2026-09-15T22:17:56.673234+00:00,,
E9B-0285,v1|800552599894|0,https://www.ebay.com/itm/800552599894?_skw=Furret+168+Journey+Together+Pokemon+card&hash=itemba64a74156:g:43kAAeSw69pqi2mY,Furret Holo Illustration Rare SV09: Journey Together 168/159 NM,Ungraded,4000,,"[""FIXED_PRICE"", ""BEST_OFFER""]",ngu-8656,https://i.ebayimg.com/images/g/43kAAeSw69pqi2mY/s-l225.jpg,97165c7e-1d85-4962-807e-5661c2115d7d,b592d276-ceb3-4a5e-90d5-d759808b7da3,Furret,Journey Together,168,illustration_rare,YES,SINGLE_CARD,RAW,CARD,,,,,Donny,2026-09-15T22:20:26.780777+00:00,,
E9B-0286,v1|298674142720|0,https://www.ebay.com/itm/298674142720?_skw=Furret+168+Journey+Together+Pokemon+card&hash=item458a5dbe00:g:jqEAAeSwNMBqqB5h,Furret 168/159 SV09: Journey Together Holo Pokemon Card NM,Ungraded,4000,,"[""FIXED_PRICE"", ""BEST_OFFER""]",emswizz_collectibles,https://i.ebayimg.com/images/g/jqEAAeSwNMBqqB5h/s-l225.jpg,97165c7e-1d85-4962-807e-5661c2115d7d,b592d276-ceb3-4a5e-90d5-d759808b7da3,Furret,Journey Together,168,illustration_rare,YES,SINGLE_CARD,RAW,CARD,,,,,Donny,2026-09-15T22:17:29.340392+00:00,,
E9B-0287,v1|158289587442|0,https://www.ebay.com/itm/158289587442?_skw=Furret+168+Journey+Together+Pokemon+card&hash=item24dacb6cf2:g:lyAAAeSwYntqp1TD,Furret 168/159 Illustration Rare Journey Together Pokemon Holo Near Mint,Ungraded,4000,,"[""FIXED_PRICE""]",retrodepoz,https://i.ebayimg.com/images/g/lyAAAeSwYntqp1TD/s-l225.jpg,97165c7e-1d85-4962-807e-5661c2115d7d,b592d276-ceb3-4a5e-90d5-d759808b7da3,Furret,Journey Together,168,illustration_rare,YES,SINGLE_CARD,RAW,CARD,,,,,Donny,2026-09-15T22:16:39.368598+00:00,,
E9B-0288,v1|178456577207|0,https://www.ebay.com/itm/178456577207?_skw=Mega+Feraligatr+ex+274+Ascended+Heroes+Pokemon+card&hash=item298cd744b7:g:S4UAAeSwo89qoLjj&amdata=enc%3AAQALAAABEACCtXRWQnOEpyOqnQQ8KGbVdRrecToOiy%2Fs8NqsHMsSBFpVH3CbkwDyeFJx0oHSOl06J5jofW7b3InvZU2fWz8vpBpMmUEkjbqUq%2FmGztpECLqcBDQaDhoT6Opva5phIvzuB3yr2lMQC4ld1wPAuWZUDhpZfoeZUtmAiV3%2BI1oykIEtO98JerXUFyaHlUbs9pFE6qMq1fhNS7TLOv%2FHppGEZBypaUXb69r%2BFaUO8uB6OIE1o4VehzOPNL0wNgaluIQAhaCU3sR4a0V1ADlxhNlQMEYLO6jHezwVVF0Q8FNq0rmgJa%2FtVAJrI5KPj9OD9%2BHKYtc2hXUA09lvnXHJrlvIASX9ZsvBgxIcmSyhqPOl,Mega Feraligatr ex 274/217 Double Rare ⭐️⭐️ Ascended Heroes Pokemon Slightly OC,Ungraded,4000,,"[""FIXED_PRICE""]",penpayp_0,https://i.ebayimg.com/images/g/S4UAAeSwo89qoLjj/s-l225.jpg,9f323989-e972-4a9e-9e7b-3166e85d0690,0f3466bf-92b1-4d3d-913b-181fcec68996,Mega Feraligatr ex,Ascended Heroes,274,special_illustration_rare,YES,SINGLE_CARD,RAW,CARD,,,,,Donny,2026-09-15T22:18:23.753618+00:00,,
E9B-0289,v1|158292466918|0,https://www.ebay.com/itm/158292466918?_skw=Mega+Feraligatr+ex+274+Ascended+Heroes+Pokemon+card&hash=item24daf75ce6:g:HMAAAeSwd2xqDOz6,Mega Feraligatr ex Ascended Heroes Special Illustration Rare 274 CGC 10 Pokémon ,Graded,2750,,"[""AUCTION""]",tnahomesupplies,https://i.ebayimg.com/images/g/HMAAAeSwd2xqDOz6/s-l225.jpg,9f323989-e972-4a9e-9e7b-3166e85d0690,0f3466bf-92b1-4d3d-913b-181fcec68996,Mega Feraligatr ex,Ascended Heroes,274,special_illustration_rare,NO,SINGLE_CARD,GRADED,CARD,,,,,Donny,2026-09-15T03:53:39.371255+00:00,,
E9B-0290,v1|128075976332|0,https://www.ebay.com/itm/128075976332?_skw=Mega+Feraligatr+ex+274+Ascended+Heroes+Pokemon+card&hash=item1dd1ec4e8c:g:hnUAAeSwZ6VqpYKm,Nintendo Pokemon TCG Mega Feraligatr EX Astral Radiance 274/217 Secret Rare,Ungraded,4000,,"[""FIXED_PRICE"", ""BEST_OFFER""]",dozer1010,https://i.ebayimg.com/images/g/hnUAAeSwZ6VqpYKm/s-l225.jpg,9f323989-e972-4a9e-9e7b-3166e85d0690,0f3466bf-92b1-4d3d-913b-181fcec68996,Mega Feraligatr ex,Ascended Heroes,274,special_illustration_rare,YES,SINGLE_CARD,RAW,CARD,,,,,Donny,2026-09-15T22:20:17.314203+00:00,,
E9B-0291,v1|407217235826|0,https://www.ebay.com/itm/407217235826?_skw=Mega+Feraligatr+ex+274+Ascended+Heroes+Pokemon+card&hash=item5ed009e772:g:2-sAAeSwCMlqqJr3,2026 POKEMON ASC EN-ASCENDED HEROES #274 MEGA FERALIGATR EX PSA 10,Graded,2750,,"[""FIXED_PRICE"", ""BEST_OFFER""]",gengar_tcg1992,https://i.ebayimg.com/images/g/2-sAAeSwCMlqqJr3/s-l225.jpg,9f323989-e972-4a9e-9e7b-3166e85d0690,0f3466bf-92b1-4d3d-913b-181fcec68996,Mega Feraligatr ex,Ascended Heroes,274,special_illustration_rare,NO,SINGLE_CARD,GRADED,CARD,,,,,Donny,2026-09-15T03:53:42.191940+00:00,,
E9B-0292,v1|227519066366|0,https://www.ebay.com/itm/227519066366?_skw=Mega+Feraligatr+ex+274+Ascended+Heroes+Pokemon+card&hash=item34f93170fe:g:TioAAeSwyXtqph3J,Pokemon Ascended Heroes Mega Feraligatr SIR 274/217,Ungraded,4000,,"[""FIXED_PRICE"", ""BEST_OFFER""]",e-collectictastes,https://i.ebayimg.com/images/g/TioAAeSwyXtqph3J/s-l225.jpg,9f323989-e972-4a9e-9e7b-3166e85d0690,0f3466bf-92b1-4d3d-913b-181fcec68996,Mega Feraligatr ex,Ascended Heroes,274,special_illustration_rare,YES,SINGLE_CARD,RAW,CARD,,,,,Donny,2026-09-15T22:19:49.853417+00:00,,
E9B-0293,v1|307005537421|0,https://www.ebay.com/itm/307005537421?_skw=Mega+Feraligatr+ex+274+Ascended+Heroes+Pokemon+card&hash=item477af4bc8d:g:rWMAAeSwwfFqMUHy,"Mega Feraligatr ex 274/217 SIR, Ascended Heroes, Full Art Holo, Pokemon TCG, NM",Ungraded,4000,,"[""FIXED_PRICE""]",backstreetcollectibles,https://i.ebayimg.com/images/g/rWMAAeSwwfFqMUHy/s-l225.jpg,9f323989-e972-4a9e-9e7b-3166e85d0690,0f3466bf-92b1-4d3d-913b-181fcec68996,Mega Feraligatr ex,Ascended Heroes,274,special_illustration_rare,YES,SINGLE_CARD,RAW,CARD,,,,,Donny,2026-09-15T22:18:21.567675+00:00,,
E9B-0294,v1|406890166194|0,https://www.ebay.com/itm/406890166194?_skw=Pikachu+ex+247+Surging+Sparks+Pokemon+card&hash=item5ebc8b37b2:g:E8AAAeSwK8Np8IgV,Pikachu ex 247/191 Sv08: Surging Sparks Holo,Ungraded,4000,,"[""FIXED_PRICE"", ""BEST_OFFER""]",l8rlr_hw3swx,https://i.ebayimg.com/images/g/E8AAAeSwK8Np8IgV/s-l225.jpg,a3d56338-1f3f-4b99-8920-5d71b8b85737,66f1f173-3a34-44b4-95a3-d0031fa9d3ee,Pikachu ex,Surging Sparks,247,hyper_rare_gold,YES,SINGLE_CARD,RAW,CARD,,,,,Donny,2026-09-15T22:18:39.257515+00:00,,
E9B-0295,v1|327358104531|0,https://www.ebay.com/itm/327358104531?_skw=Pikachu+ex+247+Surging+Sparks+Pokemon+card&hash=item4c381043d3:g:3gMAAeSwCJxqqDkf,2024 Pokemon Surging Sparks Pikachu ex 247/191 Hyper Rare Gold  PSA 10 Gem Mint,Graded,2750,,"[""FIXED_PRICE"", ""BEST_OFFER""]",walla.skyle,https://i.ebayimg.com/images/g/3gMAAeSwCJxqqDkf/s-l225.jpg,a3d56338-1f3f-4b99-8920-5d71b8b85737,66f1f173-3a34-44b4-95a3-d0031fa9d3ee,Pikachu ex,Surging Sparks,247,hyper_rare_gold,NO,SINGLE_CARD,GRADED,CARD,,,,,Donny,2026-09-15T03:53:48.553818+00:00,,
E9B-0296,v1|227520072044|0,https://www.ebay.com/itm/227520072044?_skw=Pikachu+ex+247+Surging+Sparks+Pokemon+card&hash=item34f940c96c:g:tJ4AAeSweGhqpwHI,Pokemon Surging Sparks English Pikachu ex 247/191 Hyper Rare Holo PSA 9,Graded,2750,,"[""FIXED_PRICE"", ""BEST_OFFER""]",kapwa_collectibles,https://i.ebayimg.com/images/g/tJ4AAeSweGhqpwHI/s-l225.jpg,a3d56338-1f3f-4b99-8920-5d71b8b85737,66f1f173-3a34-44b4-95a3-d0031fa9d3ee,Pikachu ex,Surging Sparks,247,hyper_rare_gold,NO,SINGLE_CARD,GRADED,CARD,,,,,Donny,2026-09-15T03:53:50.466500+00:00,,
E9B-0297,v1|257740110843|0,https://www.ebay.com/itm/257740110843?_skw=Pikachu+ex+247+Surging+Sparks+Pokemon+card&hash=item3c0281fbfb:g:tl0AAeSwx6lqpnbe&amdata=enc%3AAQALAAABEACCtXRWQnOEpyOqnQQ8KGadKttGADavBk7UV81xTH%2BxG667wT6ZS0fBDLnU7JO%2F2MWzbjz0RaTEi3ubaVTu%2FeF13BWI1NozKQB92NjMD9Izvew02Wa5Tl8EGXImSZ2HJml6tU2%2FaftS4WKb0ucRFaoTwCQK3QEGG1bbEtlvK9WxIIiqpdmYjTrCfwNJP31oOrlmujRz4GvX5INRP0E2QuUZVz%2BKINQzWM1N8aHMrstn4KIzfZhw6A%2BA5EgEVtJPpelubL6K1MzLBTV7%2B3ExwHq8%2FMbX55YBFwJve%2FhbOiMPEhNggx7o0F8vwRZ0Y3d66W5AtrC7ZNjlD3H7k24YoAavRIoxd6gW54Zpd0DiphiE,Pokémon TCG Pikachu ex 247/191 SV08 Full Art Tera Hyper Rare Holo Mint PSA!!,Ungraded,4000,,"[""FIXED_PRICE"", ""BEST_OFFER""]",lookitstommy,https://i.ebayimg.com/images/g/tl0AAeSwx6lqpnbe/s-l225.jpg,a3d56338-1f3f-4b99-8920-5d71b8b85737,66f1f173-3a34-44b4-95a3-d0031fa9d3ee,Pikachu ex,Surging Sparks,247,hyper_rare_gold,YES,SINGLE_CARD,RAW,CARD,,,,,Donny,2026-09-15T22:18:15.662521+00:00,,
E9B-0298,v1|398395371605|0,https://www.ebay.com/itm/398395371605?_skw=Pikachu+ex+247+Surging+Sparks+Pokemon+card&hash=item5cc236f055:g:w28AAeSwyahqqJNr,Pikachu ex 247/191 Hyper Rare Surging Sparks Pokemon Holo Near Mint,Ungraded,4000,,"[""FIXED_PRICE"", ""BEST_OFFER""]",drphil_collectibles,https://i.ebayimg.com/images/g/w28AAeSwyahqqJNr/s-l225.jpg,a3d56338-1f3f-4b99-8920-5d71b8b85737,66f1f173-3a34-44b4-95a3-d0031fa9d3ee,Pikachu ex,Surging Sparks,247,hyper_rare_gold,YES,SINGLE_CARD,RAW,CARD,,,,,Donny,2026-09-15T22:19:45.877566+00:00,,
E9B-0299,v1|318868448464|0,https://www.ebay.com/itm/318868448464?_skw=Pikachu+ex+247+Surging+Sparks+Pokemon+card&hash=item4a3e0a64d0:g:GJIAAeSw1qtqp5QX,2025 Pokemon PRE EN Hyper Rare #179 Pikachu ex PSA 9 MINT,Graded,2750,,"[""FIXED_PRICE"", ""BEST_OFFER""]",tannerrustyy,https://i.ebayimg.com/images/g/GJIAAeSw1qtqp5QX/s-l225.jpg,a3d56338-1f3f-4b99-8920-5d71b8b85737,66f1f173-3a34-44b4-95a3-d0031fa9d3ee,Pikachu ex,Surging Sparks,247,hyper_rare_gold,NO,SINGLE_CARD,GRADED,CARD,,,,,Donny,2026-09-15T03:53:54.292707+00:00,,
E9B-0300,v1|178471413966|0,https://www.ebay.com/itm/178471413966?_skw=Dragapult+ex+165+Prismatic+Evolutions&hash=item298db9a8ce:g:S5MAAeSwHUpqnLCM,Dragapult ex 165/131 Special Illustration Rare Sv: Prismatic Evolutions Holo,Ungraded,4000,,"[""FIXED_PRICE"", ""BEST_OFFER""]",collectors_dungeon,https://i.ebayimg.com/images/g/S5MAAeSwHUpqnLCM/s-l225.jpg,a6969678-b361-4b27-bee3-e3cdc127a5e4,bb6ebfa8-886c-4b5c-822a-7431870bb339,Dragapult ex,Prismatic Evolutions,165,special_illustration_rare,YES,SINGLE_CARD,RAW,CARD,,,,,Donny,2026-09-15T22:20:12.640536+00:00,,
E9B-0301,v1|307112056576|0,https://www.ebay.com/itm/307112056576?_skw=Dragapult+ex+165+Prismatic+Evolutions&hash=item47814e1700:g:DAoAAeSwwtVqm5EK,Dragapult ex 165/131 - NM SIR Holofoil - SV: Prismatic Evolutions,Ungraded,4000,,"[""FIXED_PRICE""]",arcanelabgames,https://i.ebayimg.com/images/g/DAoAAeSwwtVqm5EK/s-l225.jpg,a6969678-b361-4b27-bee3-e3cdc127a5e4,bb6ebfa8-886c-4b5c-822a-7431870bb339,Dragapult ex,Prismatic Evolutions,165,special_illustration_rare,YES,SINGLE_CARD,RAW,CARD,,,,,Donny,2026-09-15T22:20:03.299289+00:00,,
E9B-0302,v1|327306779179|0,https://www.ebay.com/itm/327306779179?_skw=Dragapult+ex+165+Prismatic+Evolutions+Pokemon+card&hash=item4c35011a2b:g:DU8AAeSwgW9qj1Za,DRAGAPULT EX Pokemon S&V Prismatic Evolutions #165 Special Illustration Rare,Ungraded,4000,,"[""FIXED_PRICE"", ""BEST_OFFER""]",franks_card_shop,https://i.ebayimg.com/images/g/DU8AAeSwgW9qj1Za/s-l225.jpg,a6969678-b361-4b27-bee3-e3cdc127a5e4,bb6ebfa8-886c-4b5c-822a-7431870bb339,Dragapult ex,Prismatic Evolutions,165,special_illustration_rare,YES,SINGLE_CARD,RAW,CARD,,,,,Donny,2026-09-15T22:19:05.295304+00:00,,
E9B-0303,v1|227518546717|0,https://www.ebay.com/itm/227518546717?_skw=Dragapult+ex+165+Prismatic+Evolutions&hash=item34f929831d:g:RyYAAeSwPn5qpYie,Dragapult ex 165/131 Sv: Prismatic Evolutions Holo,Ungraded,4000,,"[""FIXED_PRICE"", ""BEST_OFFER""]",razr945,https://i.ebayimg.com/images/g/RyYAAeSwPn5qpYie/s-l225.jpg,a6969678-b361-4b27-bee3-e3cdc127a5e4,bb6ebfa8-886c-4b5c-822a-7431870bb339,Dragapult ex,Prismatic Evolutions,165,special_illustration_rare,YES,SINGLE_CARD,RAW,CARD,,,,,Donny,2026-09-15T22:20:07.022521+00:00,,
E9B-0304,v1|298626911196|0,https://www.ebay.com/itm/298626911196?_skw=Dragapult+ex+165+Prismatic+Evolutions&hash=item45878d0bdc:g:U~4AAeSwrd5qkvwh,2025 POKEMON PRE EN-PRISMATIC EVOLUTIONS #165 DRAGAPULT EX PSA 10,Graded,2750,,"[""FIXED_PRICE""]",psa,https://i.ebayimg.com/images/g/U~4AAeSwrd5qkvwh/s-l225.jpg,a6969678-b361-4b27-bee3-e3cdc127a5e4,bb6ebfa8-886c-4b5c-822a-7431870bb339,Dragapult ex,Prismatic Evolutions,165,special_illustration_rare,NO,SINGLE_CARD,GRADED,CARD,,,,,Donny,2026-09-15T03:54:00.983437+00:00,,
E9B-0305,v1|157414422979|0,https://www.ebay.com/itm/157414422979?_skw=Dragapult+ex+165+Prismatic+Evolutions&hash=item24a6a179c3:g:MlwAAeSwekhpKyqc,Dragapult EX SIR 165/131 Prismatic Evolutions Pokemon Extended Artwork Case,Ungraded,4000,,"[""FIXED_PRICE""]",outback_originals,https://i.ebayimg.com/images/g/MlwAAeSwekhpKyqc/s-l225.jpg,a6969678-b361-4b27-bee3-e3cdc127a5e4,bb6ebfa8-886c-4b5c-822a-7431870bb339,Dragapult ex,Prismatic Evolutions,165,special_illustration_rare,NO,SINGLE_CARD,RAW,SEALED_OR_NON_CARD,,,,,Donny,2026-09-15T03:54:02.941565+00:00,,
E9B-0306,v1|336787285532|0,https://www.ebay.com/itm/336787285532?_skw=Spidops+ex+243+Scarlet+and+Violet+Base+Set+Pokemon+card&hash=item4e6a16261c:g:mmUAAeSwBJhqofXd,Spidops ex 019/198 Scarlet & Violet Holo Double Rare NM/M Pokemon takuyoa,Ungraded,4000,,"[""FIXED_PRICE""]",mandoex,https://i.ebayimg.com/images/g/mmUAAeSwBJhqofXd/s-l225.jpg,a922341e-4646-470b-95cf-2a59055b18ce,2bf9f356-230d-42e8-99e7-0b10161b9392,Spidops ex,Scarlet and Violet Base Set,243,special_illustration_rare,NO,SINGLE_CARD,RAW,CARD,INCONSISTENT,,,,Donny,2026-09-15T03:54:04.839653+00:00,,
E9B-0307,v1|800628506175|0,https://www.ebay.com/itm/800628506175?_skw=Spidops+ex+243+Scarlet+and+Violet+Base+Set+Pokemon+card&hash=itemba692d7e3f:g:BqkAAeSwUrdqfvl0,Spidops ex 223/198 Ultra Rare Scarlet & Violet Pokemon Holo Near Mint,Ungraded,4000,,"[""FIXED_PRICE""]",endicards,https://i.ebayimg.com/images/g/BqkAAeSwUrdqfvl0/s-l225.jpg,a922341e-4646-470b-95cf-2a59055b18ce,2bf9f356-230d-42e8-99e7-0b10161b9392,Spidops ex,Scarlet and Violet Base Set,243,special_illustration_rare,NO,SINGLE_CARD,RAW,CARD,INCONSISTENT,,,,Donny,2026-09-15T03:54:06.041759+00:00,,
E9B-0308,v1|257337840097|558013661788,https://www.ebay.com/itm/257337840097?_skw=Spidops+ex+243+Scarlet+and+Violet+Base+Set+Pokemon+card&var=558013661788&hash=item3bea87d1e1:g:OQgAAeSwfVVpk-rf,Scarlet & Violet Choose Your ex Card,Ungraded,4000,,"[""FIXED_PRICE""]",commandercurtis,https://i.ebayimg.com/images/g/OQgAAeSwfVVpk-rf/s-l225.jpg,a922341e-4646-470b-95cf-2a59055b18ce,2bf9f356-230d-42e8-99e7-0b10161b9392,Spidops ex,Scarlet and Violet Base Set,243,special_illustration_rare,NO,SINGLE_CARD,RAW,CARD,INCONSISTENT,,,,Donny,2026-09-15T03:54:07.408836+00:00,,
E9B-0309,v1|147257460331|0,https://www.ebay.com/itm/147257460331?_skw=Spidops+ex+243+Scarlet+and+Violet+Base+Set+Pokemon+card&hash=item22493a866b:g:v1cAAeSwto1p3UEk,Spidops EX 223/198 Scarlet & Violet Base Set Holo NM,Ungraded,4000,,"[""FIXED_PRICE""]",raremixfinds,https://i.ebayimg.com/images/g/v1cAAeSwto1p3UEk/s-l225.jpg,a922341e-4646-470b-95cf-2a59055b18ce,2bf9f356-230d-42e8-99e7-0b10161b9392,Spidops ex,Scarlet and Violet Base Set,243,special_illustration_rare,NO,SINGLE_CARD,RAW,CARD,INCONSISTENT,,,,Donny,2026-09-15T03:54:08.774655+00:00,,
E9B-0310,v1|315821809461|0,https://www.ebay.com/itm/315821809461?_skw=Spidops+ex+243+Scarlet+and+Violet+Base+Set+Pokemon+card&hash=item4988725f35:g:hGcAAeSwtwJoc0-3,Spidops ex Pokemon Scarlet & Violet Base Set 223/198 Full Art Ultra Rare NM,Ungraded,4000,,"[""FIXED_PRICE""]",popoffgaming,https://i.ebayimg.com/images/g/hGcAAeSwtwJoc0-3/s-l225.jpg,a922341e-4646-470b-95cf-2a59055b18ce,2bf9f356-230d-42e8-99e7-0b10161b9392,Spidops ex,Scarlet and Violet Base Set,243,special_illustration_rare,NO,SINGLE_CARD,RAW,CARD,INCONSISTENT,,,,Donny,2026-09-15T03:54:10.226935+00:00,,
E9B-0311,v1|306788403280|0,https://www.ebay.com/itm/306788403280?_skw=Spidops+ex+243+Scarlet+and+Violet+Base+Set+Pokemon+card&hash=item476e038850:g:xR4AAOSwoCtmkIgq&amdata=enc%3AAQALAAABEACCtXRWQnOEpyOqnQQ8KGbvBz95VlA23CXsEiBdVaoPYWj41%2FXv6rnQkNfTgQ1%2FKcSbl%2BwLqPbJiYGZMEvGuqhfkgP7DZFqo4W%2FImoDS0FrtOv5eLVsyvKQmS%2FHzLIKcVVj1A06LQqPv28x3wOIQpEqPeZJMzqQ0tfjdC5AIHmXtyEbbXEHPbMYlXkeMdFw5BVniZRJ4%2Fq%2FMvHmaCcy0aLh8RCy053hgfOJ5S5OO7xJF3E5COCKcInTHf0CoHqNb2Nu%2FZniW0z1Uh391K3iPS4aDSksCh51zDySVO3UHdaNYdt8%2Bits9q8vIFWl2IF39uFXrcXL0Xg6rqyIN2S5qzHYLD%2B18Nm%2FN9cK0Y%2BUpZfe,Spidops ex - 019/198  Double Rare Scarlet & Violet Base Set Pokemon TCG,Ungraded,4000,,"[""FIXED_PRICE"", ""BEST_OFFER""]",pickemupcollectables,https://i.ebayimg.com/images/g/xR4AAOSwoCtmkIgq/s-l225.jpg,a922341e-4646-470b-95cf-2a59055b18ce,2bf9f356-230d-42e8-99e7-0b10161b9392,Spidops ex,Scarlet and Violet Base Set,243,special_illustration_rare,NO,SINGLE_CARD,RAW,CARD,INCONSISTENT,,,,Donny,2026-09-15T03:54:11.552162+00:00,,
E9B-0312,v1|318872201924|0,https://www.ebay.com/itm/318872201924?_skw=Jolteon+ex+153+Prismatic+Evolutions+Pokemon+card&hash=item4a3e43aac4:g:W2MAAeSwR25qqKeE&amdata=enc%3AAQALAAABEACCtXRWQnOEpyOqnQQ8KGa4xlE1nE2vqf3u8pKWbH4NK2bKlTKab1bpBhbkEVtP62XxgWD8v809F3pduBOHOn%2BNx3YRir4mYkE%2BtFMCFbuPqsMIYZSUI324H1yKaxGEkOhOaU8JI7C1h7Qk1dgoDjePG8f7cNUvRUYnkiF6O4iorJ3bKiIlMM6xerCb3GnuF2vXvpGy9x8uuGxNN1uQSFEloVbh4WGS%2FyBleHtd8%2F8juui1aBqraP6nqqvvdn1u3aYMyJd3MlK5RkHXPGhauYUREjHnZMXg0nqaw%2FqQid1TLma4CwvLYcH1mETnj9McJouL2OI46hi%2FMrjoI0dsxEJ9xDeSwDR89h%2BFRzm1ZxXC,Jolteon EX PRE 153/131 Prismatic Evolutions SIR Holo EN 260HP EN NM,Ungraded,4000,,"[""FIXED_PRICE""]",huntinggrails,https://i.ebayimg.com/images/g/W2MAAeSwR25qqKeE/s-l225.jpg,ae4a6acb-3a88-4547-a165-7a617bfb2ce8,cd7798fe-711e-4cad-a015-7139b3d49bf6,Jolteon ex,Prismatic Evolutions,153,special_illustration_rare,YES,SINGLE_CARD,RAW,CARD,,,,,Donny,2026-09-15T22:19:43.993352+00:00,,
E9B-0313,v1|157830866567|0,https://www.ebay.com/itm/157830866567?_skw=Jolteon+ex+153+Prismatic+Evolutions+Pokemon+card&hash=item24bf73e687:g:90oAAeSw5Jpp3Quf&amdata=enc%3AAQALAAABEACCtXRWQnOEpyOqnQQ8KGanHsfSybOxMLsFdQHgLoDO%2FXDcfRDK6xHWTbqSKS1bQShdsrCAwk4L4iM2hlzM1iNBas1BK2Hi3V93zQPE42S%2Fi40%2B0KXzL8Exw3pd6asgTIAupm4bS%2F2uhqU8tEbYzkrHA2pbJe62pqOpz3HPTT2xFmABoaqEsFgYKmsEud4yAzSUBZb9Fg0O%2FsqrOUFFj%2F%2BjGbOYU3hAXube4zIlHmDWLG1TJkIXxZTHWx2Yi7gElcqZ6exkIZySt03wvdy6YPibw4kndS9%2BDsSNcq3%2BqZ3rAuS3RlceLi57H1ho0A3IYWZodt6vcXiSKMPWicDYbfnE3C0TdDTK3FfE5aCkzIHR,Jolteon EX 153 Prismatic Evolution Magnetic 🧲 Extended Artwork Case,Ungraded,4000,,"[""FIXED_PRICE""]",outback_originals,https://i.ebayimg.com/images/g/90oAAeSw5Jpp3Quf/s-l225.jpg,ae4a6acb-3a88-4547-a165-7a617bfb2ce8,cd7798fe-711e-4cad-a015-7139b3d49bf6,Jolteon ex,Prismatic Evolutions,153,special_illustration_rare,NO,SINGLE_CARD,RAW,SEALED_OR_NON_CARD,,,,,Donny,2026-09-15T03:54:15.518671+00:00,,
E9B-0314,v1|158198529452|0,https://www.ebay.com/itm/158198529452?_skw=Jolteon+ex+153+Prismatic+Evolutions&hash=item24d55dfdac:g:7a0AAeSwSGdqgxdz,2025 POKEMON PRISMATIC EVOLUTIONS SPECIAL ILLUSTRATION RARE JOLTEON EX PSA 9,Graded,2750,,"[""FIXED_PRICE"", ""BEST_OFFER""]",tl49242,https://i.ebayimg.com/images/g/7a0AAeSwSGdqgxdz/s-l225.jpg,ae4a6acb-3a88-4547-a165-7a617bfb2ce8,cd7798fe-711e-4cad-a015-7139b3d49bf6,Jolteon ex,Prismatic Evolutions,153,special_illustration_rare,NO,SINGLE_CARD,GRADED,CARD,,,,,Donny,2026-09-15T03:54:17.348682+00:00,,
E9B-0315,v1|168666159526|0,https://www.ebay.com/itm/168666159526?_skw=Jolteon+ex+153+Prismatic+Evolutions&hash=item27454959a6:g:CJsAAeSw2YpqnBmc,2025 Pokemon Prismatic Evolutions Jolteon ex Special Illustration Rare #153/131,Ungraded,4000,,"[""FIXED_PRICE""]",mike48932,https://i.ebayimg.com/images/g/CJsAAeSw2YpqnBmc/s-l225.jpg,ae4a6acb-3a88-4547-a165-7a617bfb2ce8,cd7798fe-711e-4cad-a015-7139b3d49bf6,Jolteon ex,Prismatic Evolutions,153,special_illustration_rare,YES,SINGLE_CARD,RAW,CARD,,,,,Donny,2026-09-15T22:19:54.821024+00:00,,
E9B-0316,v1|157830856257|0,https://www.ebay.com/itm/157830856257?_skw=Jolteon+ex+153+Prismatic+Evolutions+Pokemon+card&hash=item24bf73be41:g:sgIAAeSwrkRp3QrN,Jolteon EX 153 Prismatic Evolution Pokemon Extended Artwork Case,Ungraded,4000,,"[""FIXED_PRICE""]",outback_originals,https://i.ebayimg.com/images/g/sgIAAeSwrkRp3QrN/s-l225.jpg,ae4a6acb-3a88-4547-a165-7a617bfb2ce8,cd7798fe-711e-4cad-a015-7139b3d49bf6,Jolteon ex,Prismatic Evolutions,153,special_illustration_rare,NO,SINGLE_CARD,RAW,SEALED_OR_NON_CARD,,,,,Donny,2026-09-15T03:54:21.916382+00:00,,
E9B-0317,v1|298353824180|0,https://www.ebay.com/itm/298353824180?_skw=Jolteon+ex+153+Prismatic+Evolutions+Pokemon+card&hash=item45774611b4:g:XLAAAeSwysJqFPjt,Jolteon ex 153/131 Holo Prismatic Evolutions Pokemon NM,Ungraded,4000,,"[""FIXED_PRICE"", ""BEST_OFFER""]",holospot,https://i.ebayimg.com/images/g/XLAAAeSwysJqFPjt/s-l225.jpg,ae4a6acb-3a88-4547-a165-7a617bfb2ce8,cd7798fe-711e-4cad-a015-7139b3d49bf6,Jolteon ex,Prismatic Evolutions,153,special_illustration_rare,YES,SINGLE_CARD,RAW,CARD,,,,,Donny,2026-09-15T22:17:00.922670+00:00,,
E9B-0318,v1|177546480494|0,https://www.ebay.com/itm/177546480494?_skw=Archeops+132+White+Flare&hash=item2956984b6e:g:oDkAAeSw7QlpCYH~,Pokemon TCG Archeops 132/086 Illustration Rare White Flare Extended Art Case,Ungraded,4000,,"[""FIXED_PRICE""]",ironwood-slabs,https://i.ebayimg.com/images/g/oDkAAeSw7QlpCYH~/s-l225.jpg,b3020b76-9ff0-449a-85b8-924878fa0e8b,b70cd4ec-81c4-4e81-a677-901a43af62d9,Archeops,White Flare,132,illustration_rare,NO,SINGLE_CARD,RAW,SEALED_OR_NON_CARD,,,,,Donny,2026-09-15T03:54:25.515667+00:00,,
E9B-0319,v1|366667478819|0,https://www.ebay.com/itm/366667478819?_skw=Archeops+132+White+Flare+Pokemon+card&hash=item555f15b723:g:GbcAAeSw4NdqVG7-,Pokémon Archeops 132/086 Sv: White Flare Illustration Rare Holo EN NM,Ungraded,4000,,"[""FIXED_PRICE""]",chillioilgames,https://i.ebayimg.com/images/g/GbcAAeSw4NdqVG7-/s-l225.jpg,b3020b76-9ff0-449a-85b8-924878fa0e8b,b70cd4ec-81c4-4e81-a677-901a43af62d9,Archeops,White Flare,132,illustration_rare,YES,SINGLE_CARD,RAW,CARD,,,,,Donny,2026-09-15T22:18:47.456386+00:00,,
E9B-0320,v1|188931629869|0,https://www.ebay.com/itm/188931629869?_skw=Archeops+132+White+Flare+Pokemon+card&hash=item2bfd33e32d:g:X1UAAeSwy4NqqJpi,Archeops 132/086 Illustration Rare White Flare Pokemon Holo Near Mint,Ungraded,4000,,"[""FIXED_PRICE"", ""BEST_OFFER""]",bajoboy,https://i.ebayimg.com/images/g/X1UAAeSwy4NqqJpi/s-l225.jpg,b3020b76-9ff0-449a-85b8-924878fa0e8b,b70cd4ec-81c4-4e81-a677-901a43af62d9,Archeops,White Flare,132,illustration_rare,YES,SINGLE_CARD,RAW,CARD,,,,,Donny,2026-09-15T22:19:54.328871+00:00,,
E9B-0321,v1|227229821231|0,https://www.ebay.com/itm/227229821231?_skw=Archeops+132+White+Flare&hash=item34e7f3e92f:g:XOgAAeSwROFpnPg2,Pokemon 2025 White Flare Illustration Rare ARCHEOPS #132 PSA 8 RARE,Graded,2750,,"[""FIXED_PRICE""]",sandstorm2852,https://i.ebayimg.com/images/g/XOgAAeSwROFpnPg2/s-l225.jpg,b3020b76-9ff0-449a-85b8-924878fa0e8b,b70cd4ec-81c4-4e81-a677-901a43af62d9,Archeops,White Flare,132,illustration_rare,NO,SINGLE_CARD,GRADED,CARD,,,,,Donny,2026-09-15T03:54:29.416702+00:00,,
E9B-0322,v1|237066335126|0,https://www.ebay.com/itm/237066335126?_skw=Archeops+132+White+Flare+Pokemon+card&hash=item3732413396:g:HPAAAeSwHWVqptRl,Archeops 132/086 White Flare Illustration Rare Near Mint,Ungraded,4000,,"[""FIXED_PRICE""]",pokeboah,https://i.ebayimg.com/images/g/HPAAAeSwHWVqptRl/s-l225.jpg,b3020b76-9ff0-449a-85b8-924878fa0e8b,b70cd4ec-81c4-4e81-a677-901a43af62d9,Archeops,White Flare,132,illustration_rare,YES,SINGLE_CARD,RAW,CARD,,,,,Donny,2026-09-15T22:17:01.613412+00:00,,
E9B-0323,v1|318701191284|0,https://www.ebay.com/itm/318701191284?_skw=Archeops+132+White+Flare&hash=item4a34124074:g:5UcAAeSwvr5qmLZ2,Archeops 132/086 SV: White Flare NM Pokemon,Ungraded,4000,,"[""FIXED_PRICE""]",thewolfpackstcg,https://i.ebayimg.com/images/g/5UcAAeSwvr5qmLZ2/s-l225.jpg,b3020b76-9ff0-449a-85b8-924878fa0e8b,b70cd4ec-81c4-4e81-a677-901a43af62d9,Archeops,White Flare,132,illustration_rare,YES,SINGLE_CARD,RAW,CARD,,,,,Donny,2026-09-15T22:20:14.846770+00:00,,
E9B-0324,v1|820034888015|0,https://www.ebay.com/itm/820034888015?_skw=Team+Rocket%27s+Giovanni+225+Destined+Rivals+Pokemon+card&hash=itembeede3614f:g:qbwAAeSwVzdqicMN,Team Rocket's Giovanni 225/182 Ultra Rare Destined Rivals Pokemon Holo Near Mint,Ungraded,4000,,"[""FIXED_PRICE"", ""BEST_OFFER""]",estephens14,https://i.ebayimg.com/images/g/qbwAAeSwVzdqicMN/s-l225.jpg,b547c5c3-7082-4a7f-9290-3d569b91b462,2c272732-fdb3-4639-aa6b-ea9fa3ad9c24,Team Rocket's Giovanni,Destined Rivals,225,ultra_rare,YES,SINGLE_CARD,RAW,CARD,,,,,Donny,2026-09-15T22:18:40.703829+00:00,,
E9B-0325,v1|307166325309|0,https://www.ebay.com/itm/307166325309?_skw=Team+Rocket%27s+Giovanni+225+Destined+Rivals+Pokemon+card&hash=item47848a2a3d:g:dOwAAeSwjh5qncuN,Pokémon TCG Team Rocket's Giovanni 225/182 Ultra Rare Full Art Holo,Ungraded,4000,,"[""FIXED_PRICE""]",completeyoursettcg,https://i.ebayimg.com/images/g/dOwAAeSwjh5qncuN/s-l225.jpg,b547c5c3-7082-4a7f-9290-3d569b91b462,2c272732-fdb3-4639-aa6b-ea9fa3ad9c24,Team Rocket's Giovanni,Destined Rivals,225,ultra_rare,YES,SINGLE_CARD,RAW,CARD,,,,,Donny,2026-09-15T22:19:45.101297+00:00,,
E9B-0326,v1|307170788356|0,https://www.ebay.com/itm/307170788356?_skw=Team+Rocket%27s+Giovanni+225+Destined+Rivals+Pokemon+card&hash=item4784ce4404:g:NdgAAeSwtrBqoYdA,TEAM ROCKET'S GIOVANNI 225/182 UR DESTINED RIVALS POKEMON HOLO NM,Ungraded,4000,,"[""FIXED_PRICE""]",derpydrampatcg,https://i.ebayimg.com/images/g/NdgAAeSwtrBqoYdA/s-l225.jpg,b547c5c3-7082-4a7f-9290-3d569b91b462,2c272732-fdb3-4639-aa6b-ea9fa3ad9c24,Team Rocket's Giovanni,Destined Rivals,225,ultra_rare,YES,SINGLE_CARD,RAW,CARD,,,,,Donny,2026-09-15T22:20:23.773277+00:00,,
E9B-0327,v1|406981495556|0,https://www.ebay.com/itm/406981495556?_skw=Team+Rocket%27s+Giovanni+225+Destined+Rivals+Pokemon+card&hash=item5ec1fccb04:g:~RsAAeSwVXNqJXp6,Team Rocket's Giovanni 225/182 SV10: Destined Rivals Ultra Rare Pokemon Card,Ungraded,4000,,"[""FIXED_PRICE""]",dw3078,https://i.ebayimg.com/images/g/~RsAAeSwVXNqJXp6/s-l225.jpg,b547c5c3-7082-4a7f-9290-3d569b91b462,2c272732-fdb3-4639-aa6b-ea9fa3ad9c24,Team Rocket's Giovanni,Destined Rivals,225,ultra_rare,YES,SINGLE_CARD,RAW,CARD,,,,,Donny,2026-09-15T22:17:36.609464+00:00,,
E9B-0328,v1|227426174722|0,https://www.ebay.com/itm/227426174722?_skw=Team+Rocket%27s+Giovanni+225+Destined+Rivals+Pokemon+card&hash=item34f3a80702:g:Vu0AAeSwiBtqUaaK,Team Rocket's Giovanni 225/182 Sv10: Destined Rivals Holo NM,Ungraded,4000,,"[""FIXED_PRICE""]",dflipvault,https://i.ebayimg.com/images/g/Vu0AAeSwiBtqUaaK/s-l225.jpg,b547c5c3-7082-4a7f-9290-3d569b91b462,2c272732-fdb3-4639-aa6b-ea9fa3ad9c24,Team Rocket's Giovanni,Destined Rivals,225,ultra_rare,YES,SINGLE_CARD,RAW,CARD,,,,,Donny,2026-09-15T22:19:10.190976+00:00,,
E9B-0329,v1|407135252263|0,https://www.ebay.com/itm/407135252263?_skw=Team+Rocket%27s+Giovanni+225+Destined+Rivals+Pokemon+card&hash=item5ecb26ef27:g:cKwAAeSwT0pqeo75,Team Rocket's Giovanni 225/182 Ultra Rare Destined Rivals Pokemon Holo Near Mint,Ungraded,4000,,"[""FIXED_PRICE""]",pokepawn115,https://i.ebayimg.com/images/g/cKwAAeSwT0pqeo75/s-l225.jpg,b547c5c3-7082-4a7f-9290-3d569b91b462,2c272732-fdb3-4639-aa6b-ea9fa3ad9c24,Team Rocket's Giovanni,Destined Rivals,225,ultra_rare,YES,SINGLE_CARD,RAW,CARD,,,,,Donny,2026-09-15T22:19:29.851491+00:00,,
E9B-0330,v1|117195829492|0,https://www.ebay.com/itm/117195829492?_skw=Zweilous+147+White+Flare+Pokemon+card&hash=item1b496a70f4:g:fa8AAeSwrclqBoPL,Pokemon White Flare Zweilous 147/086 Holo Illustration Rare Near Mint,Ungraded,4000,,"[""FIXED_PRICE""]",graybeardgames,https://i.ebayimg.com/images/g/fa8AAeSwrclqBoPL/s-l225.jpg,b620ec1c-c0ac-4e7e-919d-a7df98bcb84b,8af678f4-09f0-486c-9617-b56896ebeea0,Zweilous,White Flare,147,illustration_rare,YES,SINGLE_CARD,RAW,CARD,,,,,Donny,2026-09-15T22:18:18.773432+00:00,,
E9B-0331,v1|237066335197|0,https://www.ebay.com/itm/237066335197?_skw=Zweilous+147+White+Flare+Pokemon+card&hash=item37324133dd:g:iW4AAeSwzU1qptRi,Zweilous 147/086 Holo White Flare Illustration Rare Near Mint,Ungraded,4000,,"[""FIXED_PRICE""]",pokeboah,https://i.ebayimg.com/images/g/iW4AAeSwzU1qptRi/s-l225.jpg,b620ec1c-c0ac-4e7e-919d-a7df98bcb84b,8af678f4-09f0-486c-9617-b56896ebeea0,Zweilous,White Flare,147,illustration_rare,YES,SINGLE_CARD,RAW,CARD,,,,,Donny,2026-09-15T22:19:10.610791+00:00,,
E9B-0332,v1|366657481220|0,https://www.ebay.com/itm/366657481220?_skw=Zweilous+147+White+Flare&hash=item555e7d2a04:g:N3IAAeSwXVhqoM4X,Zweilous 147/086 Sv: White Flare Holo,Ungraded,4000,,"[""FIXED_PRICE""]",pricepointllc,https://i.ebayimg.com/images/g/N3IAAeSwXVhqoM4X/s-l225.jpg,b620ec1c-c0ac-4e7e-919d-a7df98bcb84b,8af678f4-09f0-486c-9617-b56896ebeea0,Zweilous,White Flare,147,illustration_rare,YES,SINGLE_CARD,RAW,CARD,,,,,Donny,2026-09-15T22:20:21.861703+00:00,,
E9B-0333,v1|278244553003|0,https://www.ebay.com/itm/278244553003?_skw=Zweilous+147+White+Flare&hash=item40c8aaf12b:g:4UsAAeSw4VJqcSBL,Zweilous 147/086 Sv: White Flare Holo Illustration Rare,Ungraded,4000,,"[""FIXED_PRICE"", ""BEST_OFFER""]",eiscards,https://i.ebayimg.com/images/g/4UsAAeSw4VJqcSBL/s-l225.jpg,b620ec1c-c0ac-4e7e-919d-a7df98bcb84b,8af678f4-09f0-486c-9617-b56896ebeea0,Zweilous,White Flare,147,illustration_rare,YES,SINGLE_CARD,RAW,CARD,,,,,Donny,2026-09-15T22:20:04.703287+00:00,,
E9B-0334,v1|198156092716|0,https://www.ebay.com/itm/198156092716?_skw=Zweilous+147+White+Flare&hash=item2e2306052c:g:lI4AAeSwT2ppWtK3&amdata=enc%3AAQALAAAA8ACCtXRWQnOEpyOqnQQ8KGbHEA67rhWiwtaCbR7Y5Q9p4RDIkGwuR3P7DmuW00lewDgesfi7scUwhTwQxzrud1%2BRZviLjllLYTno2W%2FbnLGg2TzJm3JCi8qLHcgniOmNZIltWytx79mTi77KKV%2BreTsV08loq6zPBVmoASTZC6ToJR1ZEP%2FWB%2BWbvJi%2FyDVD4xQuJLCoQfo8X6O9o9UsmDVjUzTB%2FTY1OOvrfgsmTOnYLd9NKz%2F32RRbF7bmaG29qLw%2BjMOxhxi2O%2FTsaO4o88a1fC4%2B2bH%2BGFNi8fu6Sttn%2FbtzS%2F2YIbJsSKxVvV6CSA%3D%3D, Zweilous 147/086 Illustration Black Bolt White Flare PSA 8,Graded,2750,,"[""FIXED_PRICE"", ""BEST_OFFER""]",roc-shipping160,https://i.ebayimg.com/images/g/lI4AAeSwT2ppWtK3/s-l225.jpg,b620ec1c-c0ac-4e7e-919d-a7df98bcb84b,8af678f4-09f0-486c-9617-b56896ebeea0,Zweilous,White Flare,147,illustration_rare,NO,SINGLE_CARD,GRADED,CARD,,,,,Donny,2026-09-15T03:54:50.122143+00:00,,
E9B-0335,v1|336079587749|545672373543,https://www.ebay.com/itm/336079587749?_skw=Zweilous+147+White+Flare&var=545672373543&hash=item4e3fe789a5:g:HPkAAeSwbvlonV11,Pokemon SV10.5 White Flare NM YouPICK! 1-173 Reverse Holo RH ex IR FA SIR HR,Ungraded,4000,,"[""FIXED_PRICE""]",biggyfish,https://i.ebayimg.com/images/g/HPkAAeSwbvlonV11/s-l225.jpg,b620ec1c-c0ac-4e7e-919d-a7df98bcb84b,8af678f4-09f0-486c-9617-b56896ebeea0,Zweilous,White Flare,147,illustration_rare,YES,SINGLE_CARD,RAW,CARD,,,,,Donny,2026-09-15T22:19:52.627950+00:00,,
E9B-0336,v1|128079853480|0,https://www.ebay.com/itm/128079853480?_skw=Bianca%27s+Devotion+209+Temporal+Forces&hash=item1dd22777a8:g:MvEAAeSwSkFqqGjM,2024 Pokemon Tef En Bianca’s Devotion #209/162 PSA 10,Graded,2750,,"[""AUCTION""]",kaptainfishcollectibles,https://i.ebayimg.com/images/g/MvEAAeSwSkFqqGjM/s-l225.jpg,b801a524-e703-4f4c-ad99-1ec742cf30ec,586dac04-6254-4241-b628-b6d3dac61063,Bianca's Devotion,Temporal Forces,209,special_illustration_rare,NO,SINGLE_CARD,GRADED,CARD,,,,,Donny,2026-09-15T03:54:52.810081+00:00,,
E9B-0337,v1|407216277734|0,https://www.ebay.com/itm/407216277734?_skw=Bianca%27s+Devotion+209+Temporal+Forces+Pokemon+card&hash=item5ecffb48e6:g:IPcAAeSwk71qf0JG,Pokémon Bianca’s Devotion 209/162 Temporal Forces Special Illustration Rare NM,Ungraded,4000,,"[""FIXED_PRICE"", ""BEST_OFFER""]",etjepp-82,https://i.ebayimg.com/images/g/IPcAAeSwk71qf0JG/s-l225.jpg,b801a524-e703-4f4c-ad99-1ec742cf30ec,586dac04-6254-4241-b628-b6d3dac61063,Bianca's Devotion,Temporal Forces,209,special_illustration_rare,YES,SINGLE_CARD,RAW,CARD,,,,,Donny,2026-09-15T22:18:17.972960+00:00,,
E9B-0338,v1|178453353507|0,https://www.ebay.com/itm/178453353507?_skw=Bianca%27s+Devotion+209+Temporal+Forces&hash=item298ca61423:g:Pl8AAeSw0BpqlFZk,Pokémon TCG Bianca's Devotion Temporal Forces Holo Rare SIR 209/162,Ungraded,4000,,"[""FIXED_PRICE""]",g30rgiadvn,https://i.ebayimg.com/images/g/Pl8AAeSw0BpqlFZk/s-l225.jpg,b801a524-e703-4f4c-ad99-1ec742cf30ec,586dac04-6254-4241-b628-b6d3dac61063,Bianca's Devotion,Temporal Forces,209,special_illustration_rare,YES,SINGLE_CARD,RAW,CARD,,,,,Donny,2026-09-15T22:16:54.055977+00:00,,
E9B-0339,v1|298607079443|0,https://www.ebay.com/itm/298607079443?_skw=Bianca%27s+Devotion+209+Temporal+Forces&hash=item45865e7013:g:do8AAeSwoAJqiGlI,2024 POKEMON TEF EN-TEMPORAL FORCES #209 BIANCA'S DEVOTION PSA 9,Graded,2750,,"[""FIXED_PRICE"", ""BEST_OFFER""]",psa,https://i.ebayimg.com/images/g/do8AAeSwoAJqiGlI/s-l225.jpg,b801a524-e703-4f4c-ad99-1ec742cf30ec,586dac04-6254-4241-b628-b6d3dac61063,Bianca's Devotion,Temporal Forces,209,special_illustration_rare,NO,SINGLE_CARD,GRADED,CARD,,,,,Donny,2026-09-15T03:54:56.062111+00:00,,
E9B-0340,v1|168680969108|0,https://www.ebay.com/itm/168680969108?_skw=Bianca%27s+Devotion+209+Temporal+Forces&hash=item27462b5394:g:D9cAAeSwDbVqpBDN,1x Bianca's Devotion - 209/162 - Special Illustration Rare NM-Mint Pokemon SV05 ,Ungraded,4000,,"[""FIXED_PRICE""]",thewastelandgaming,https://i.ebayimg.com/images/g/D9cAAeSwDbVqpBDN/s-l225.jpg,b801a524-e703-4f4c-ad99-1ec742cf30ec,586dac04-6254-4241-b628-b6d3dac61063,Bianca's Devotion,Temporal Forces,209,special_illustration_rare,YES,SINGLE_CARD,RAW,CARD,,,,,Donny,2026-09-15T22:19:37.277301+00:00,,
E9B-0341,v1|406975992408|0,https://www.ebay.com/itm/406975992408?_skw=Bianca%27s+Devotion+209+Temporal+Forces&hash=item5ec1a8d258:g:FPUAAeSw84pqIrls,Pokemon Bianca's Devotion (209/282) Temporal Forces NM HOLO,Ungraded,4000,,"[""FIXED_PRICE""]",ninetyfive,https://i.ebayimg.com/images/g/FPUAAeSw84pqIrls/s-l225.jpg,b801a524-e703-4f4c-ad99-1ec742cf30ec,586dac04-6254-4241-b628-b6d3dac61063,Bianca's Devotion,Temporal Forces,209,special_illustration_rare,YES,SINGLE_CARD,RAW,CARD,,,,,Donny,2026-09-15T22:19:05.780517+00:00,,
E9B-0342,v1|800120198301|0,https://www.ebay.com/itm/800120198301?_skw=Fidough+213+Scarlet+and+Violet+Base+Set+Pokemon+card&hash=itemba4ae1549d:g:TxYAAeSwlAJqIPK1,"Fidough 213/198 SV01: Scarlet & Violet Base Set Holo Pokémon, NM",Ungraded,4000,,"[""FIXED_PRICE"", ""BEST_OFFER""]",bobbymacavelli33,https://i.ebayimg.com/images/g/TxYAAeSwlAJqIPK1/s-l225.jpg,bf928dd7-24bc-4e16-bb5e-afb8122c3241,311abf3f-15cb-4cb8-995f-1937555c4bdd,Fidough,Scarlet and Violet Base Set,213,illustration_rare,YES,SINGLE_CARD,RAW,CARD,,,,,Donny,2026-09-15T22:20:13.209107+00:00,,
E9B-0343,v1|820007877200|626880521852,https://www.ebay.com/itm/820007877200?_skw=Fidough+213+Scarlet+and+Violet+Base+Set+Pokemon+card&var=626880521852&hash=itembeec473a50:g:pZIAAeSwRT9qfon9,Scarlet and violet Base Set Common/uncommon/Holo Choose your cards!,Ungraded,4000,,"[""FIXED_PRICE""]",andflan9229,https://i.ebayimg.com/images/g/pZIAAeSwRT9qfon9/s-l225.jpg,bf928dd7-24bc-4e16-bb5e-afb8122c3241,311abf3f-15cb-4cb8-995f-1937555c4bdd,Fidough,Scarlet and Violet Base Set,213,illustration_rare,NO,SINGLE_CARD,RAW,CARD,,,,,Donny,2026-09-15T03:55:01.285872+00:00,,
E9B-0344,v1|394700731192|663269325708,https://www.ebay.com/itm/394700731192?_skw=Fidough+213+Scarlet+and+Violet+Base+Set+Pokemon+card&var=663269325708&hash=item5be5ff3338:g:FO0AAOSwoZ5koctm,Pokemon Scarlet And Violet Base Set Reverse Holos Choose Your Card! Ultra Rares,Ungraded,4000,,"[""FIXED_PRICE""]",gemtcgstore,https://i.ebayimg.com/images/g/FO0AAOSwoZ5koctm/s-l225.jpg,bf928dd7-24bc-4e16-bb5e-afb8122c3241,311abf3f-15cb-4cb8-995f-1937555c4bdd,Fidough,Scarlet and Violet Base Set,213,illustration_rare,NO,SINGLE_CARD,RAW,CARD,,,,,Donny,2026-09-15T03:55:03.832520+00:00,,
E9B-0345,v1|366669106350|0,https://www.ebay.com/itm/366669106350?_skw=Fidough+213+Scarlet+and+Violet+Base+Set+Pokemon+card&hash=item555f2e8cae:g:iKcAAeSwnsxqqFwr,Fidough Illustration Rare (213) 2023 Pokemon Svi EN-Scarlet & Violet,Ungraded,4000,,"[""FIXED_PRICE""]",thepullboys,https://i.ebayimg.com/images/g/iKcAAeSwnsxqqFwr/s-l225.jpg,bf928dd7-24bc-4e16-bb5e-afb8122c3241,311abf3f-15cb-4cb8-995f-1937555c4bdd,Fidough,Scarlet and Violet Base Set,213,illustration_rare,YES,SINGLE_CARD,RAW,CARD,,,,,Donny,2026-09-15T22:19:53.310316+00:00,,
E9B-0346,v1|158284895445|0,https://www.ebay.com/itm/158284895445?_skw=Fidough+213+Scarlet+and+Violet+Base+Set+Pokemon+card&hash=item24da83d4d5:g:YbUAAeSwmuBqpYjE,Fidough 213/198 Scarlet & Violet - Holo Pokemon LP (Illustration Rare),Ungraded,4000,,"[""FIXED_PRICE"", ""BEST_OFFER""]",vibeyvault,https://i.ebayimg.com/images/g/YbUAAeSwmuBqpYjE/s-l225.jpg,bf928dd7-24bc-4e16-bb5e-afb8122c3241,311abf3f-15cb-4cb8-995f-1937555c4bdd,Fidough,Scarlet and Violet Base Set,213,illustration_rare,YES,SINGLE_CARD,RAW,CARD,,,,,Donny,2026-09-15T22:17:17.282558+00:00,,
E9B-0347,v1|278375055264|0,https://www.ebay.com/itm/278375055264?_skw=Fidough+213+Scarlet+and+Violet+Base+Set+Pokemon+card&hash=item40d0723fa0:g:RFEAAeSw8HxqqDpq,Fidough Reverse Holo SV01 Scarlet & Violet Base Set 098/198 NM,Ungraded,4000,,"[""FIXED_PRICE""]",suntreasurecollectables,https://i.ebayimg.com/images/g/RFEAAeSw8HxqqDpq/s-l225.jpg,bf928dd7-24bc-4e16-bb5e-afb8122c3241,311abf3f-15cb-4cb8-995f-1937555c4bdd,Fidough,Scarlet and Violet Base Set,213,illustration_rare,NO,SINGLE_CARD,RAW,CARD,INCONSISTENT,,,,Donny,2026-09-15T03:55:07.327513+00:00,,
E9B-0348,v1|306590121630|0,https://www.ebay.com/itm/306590121630?_skw=Mega+Lucario+ex+179+Mega+Evolution+Pokemon+card&hash=item476231fe9e:g:H~AAAeSwwjppDqcv,2025 POKEMON MEG SPECIAL ILLUSTRATION RARE #179 MEGA LUCARIO EX PSA 10,Graded,2750,,"[""FIXED_PRICE""]",pkgu_trading_cards,https://i.ebayimg.com/images/g/H~AAAeSwwjppDqcv/s-l225.jpg,c7e36a14-236f-4b93-a4a8-a4be2ddc7193,590cc9ca-0f7d-413e-ae31-68433716e01b,Mega Lucario ex,Mega Evolution,179,special_illustration_rare,NO,SINGLE_CARD,GRADED,CARD,,,,,Donny,2026-09-15T03:55:09.076215+00:00,,
E9B-0349,v1|377336160219|0,https://www.ebay.com/itm/377336160219?_skw=Mega+Lucario+ex+179+Mega+Evolution+Pokemon+card&hash=item57dafcdfdb:g:oJcAAeSwyWFqUmsg,Pokémon TCG Mega Lucario EX 179/132 Mega Evolution,Ungraded,4000,,"[""FIXED_PRICE"", ""BEST_OFFER""]",av_7046,https://i.ebayimg.com/images/g/oJcAAeSwyWFqUmsg/s-l225.jpg,c7e36a14-236f-4b93-a4a8-a4be2ddc7193,590cc9ca-0f7d-413e-ae31-68433716e01b,Mega Lucario ex,Mega Evolution,179,special_illustration_rare,YES,SINGLE_CARD,RAW,CARD,,,,,Donny,2026-09-15T22:18:38.645401+00:00,,
E9B-0350,v1|168565989041|0,https://www.ebay.com/itm/168565989041?_skw=Mega+Lucario+ex+179+Mega+Evolution+Pokemon+card&hash=item273f50deb1:g:FtAAAeSwpfRqZrRv,Pokémon Mega Lucario 179 & Mega Latias 181 PSA 10 Sequential,Graded,2750,,"[""FIXED_PRICE""]",pokeradtcg,https://i.ebayimg.com/images/g/FtAAAeSwpfRqZrRv/s-l225.jpg,c7e36a14-236f-4b93-a4a8-a4be2ddc7193,590cc9ca-0f7d-413e-ae31-68433716e01b,Mega Lucario ex,Mega Evolution,179,special_illustration_rare,NO,SINGLE_CARD,GRADED,CARD,,,,,Donny,2026-09-15T03:55:12.379035+00:00,,
E9B-0351,v1|318866593011|0,https://www.ebay.com/itm/318866593011?_skw=Mega+Lucario+ex+179+Mega+Evolution+Pokemon+card&hash=item4a3dee14f3:g:26cAAeSwx6lqpv4~,The Pokémon Company Pokémon TCG Mega Lucario EX 179/132 Evolutions Full Art Holo,Ungraded,4000,,"[""FIXED_PRICE"", ""BEST_OFFER""]",pomp-88,https://i.ebayimg.com/images/g/26cAAeSwx6lqpv4~/s-l225.jpg,c7e36a14-236f-4b93-a4a8-a4be2ddc7193,590cc9ca-0f7d-413e-ae31-68433716e01b,Mega Lucario ex,Mega Evolution,179,special_illustration_rare,YES,SINGLE_CARD,RAW,CARD,,,,,Donny,2026-09-15T22:20:19.483206+00:00,,
E9B-0352,v1|377487515852|0,https://www.ebay.com/itm/377487515852?_skw=Mega+Lucario+ex+179+Mega+Evolution+Pokemon+card&hash=item57e40260cc:g:rnkAAeSwMtBqo1SK,ME01: Mega Evolution #179/132 Mega Lucario ex PSA 10,Graded,2750,,"[""FIXED_PRICE""]",gametime-cc,https://i.ebayimg.com/images/g/rnkAAeSwMtBqo1SK/s-l225.jpg,c7e36a14-236f-4b93-a4a8-a4be2ddc7193,590cc9ca-0f7d-413e-ae31-68433716e01b,Mega Lucario ex,Mega Evolution,179,special_illustration_rare,NO,SINGLE_CARD,GRADED,CARD,,,,,Donny,2026-09-15T03:55:16.737052+00:00,,
E9B-0353,v1|157413787135|0,https://www.ebay.com/itm/157413787135?_skw=Mega+Lucario+ex+179+Mega+Evolution+Pokemon+card&hash=item24a697c5ff:g:jN8AAeSwhSppKyKi,Mega Lucario EX 179/132 Special Illustration Rare Extended Art Display Case,Ungraded,4000,,"[""FIXED_PRICE""]",outback_originals,https://i.ebayimg.com/images/g/jN8AAeSwhSppKyKi/s-l225.jpg,c7e36a14-236f-4b93-a4a8-a4be2ddc7193,590cc9ca-0f7d-413e-ae31-68433716e01b,Mega Lucario ex,Mega Evolution,179,special_illustration_rare,NO,SINGLE_CARD,RAW,SEALED_OR_NON_CARD,,,,,Donny,2026-09-15T03:55:18.728727+00:00,,
E9B-0354,v1|267781998857|0,https://www.ebay.com/itm/267781998857?_skw=Team+Rocket%27s+Giovanni+238+Destined+Rivals+Pokemon+card&hash=item3e590d0909:g:sX0AAeSw7N1qo2If,Team Rocket's Giovanni Destined Rivals 238/182 SIR Holo Pokémon — English NM,Ungraded,4000,,"[""FIXED_PRICE""]",cardpulsetcg,https://i.ebayimg.com/images/g/sX0AAeSw7N1qo2If/s-l225.jpg,cc59d868-d0e5-4557-9423-3f9b7c9d2591,04f90621-b7cb-49bf-b962-8ba0790d6e62,Team Rocket's Giovanni,Destined Rivals,238,special_illustration_rare,YES,SINGLE_CARD,RAW,CARD,,,,,Donny,2026-09-15T22:19:43.503681+00:00,,
E9B-0355,v1|800265412192|0,https://www.ebay.com/itm/800265412192?_skw=Team+Rocket%27s+Giovanni+238+Destined+Rivals+Pokemon+card&hash=itemba53891e60:g:Xf4AAeSw6sVqQ2J0,Team Rocket's Giovanni 238/182 SIR Special Illustration Rare NM/M,Ungraded,4000,,"[""FIXED_PRICE""]",gengensblackmarket,https://i.ebayimg.com/images/g/Xf4AAeSw6sVqQ2J0/s-l225.jpg,cc59d868-d0e5-4557-9423-3f9b7c9d2591,04f90621-b7cb-49bf-b962-8ba0790d6e62,Team Rocket's Giovanni,Destined Rivals,238,special_illustration_rare,NO,SINGLE_CARD,RAW,CARD,INCONSISTENT,,,,Donny,2026-09-15T03:55:26.959446+00:00,,
E9B-0356,v1|327316505210|0,https://www.ebay.com/itm/327316505210?_skw=Team+Rocket%27s+Giovanni+238+Destined+Rivals+Pokemon+card&hash=item4c3595827a:g:ZtoAAeSwcZxqhKJf,Pokémon TCG Team Rocket's Giovanni 238/182 Destined Rivals SIR EN,Ungraded,4000,,"[""FIXED_PRICE"", ""BEST_OFFER""]",enjoihsu69,https://i.ebayimg.com/images/g/ZtoAAeSwcZxqhKJf/s-l225.jpg,cc59d868-d0e5-4557-9423-3f9b7c9d2591,04f90621-b7cb-49bf-b962-8ba0790d6e62,Team Rocket's Giovanni,Destined Rivals,238,special_illustration_rare,YES,SINGLE_CARD,RAW,CARD,,,,,Donny,2026-09-15T22:19:41.276325+00:00,,
E9B-0357,v1|376984316737|0,https://www.ebay.com/itm/376984316737?_skw=Team+Rocket%27s+Giovanni+238+Destined+Rivals+Pokemon+card&hash=item57c6042b41:g:60YAAeSwY~Fpm3xy,Team Rocket's Giovanni 238/182 Sv10: Destined Rivals Holo,Ungraded,4000,,"[""FIXED_PRICE"", ""BEST_OFFER""]",ohci-44,https://i.ebayimg.com/images/g/60YAAeSwY~Fpm3xy/s-l225.jpg,cc59d868-d0e5-4557-9423-3f9b7c9d2591,04f90621-b7cb-49bf-b962-8ba0790d6e62,Team Rocket's Giovanni,Destined Rivals,238,special_illustration_rare,YES,SINGLE_CARD,RAW,CARD,,,,,Donny,2026-09-15T22:18:29.012931+00:00,,
E9B-0358,v1|398034033062|0,https://www.ebay.com/itm/398034033062?_skw=Team+Rocket%27s+Giovanni+238+Destined+Rivals+Pokemon+card&hash=item5cacad59a6:g:j4EAAeSwlWhqJD9T,Team Rocket's Giovanni Holo SIR SV10: Destined Rivals 238/182 NM 5ban Graphics,Ungraded,4000,,"[""FIXED_PRICE"", ""BEST_OFFER""]",gemtcgstore,https://i.ebayimg.com/images/g/j4EAAeSwlWhqJD9T/s-l225.jpg,cc59d868-d0e5-4557-9423-3f9b7c9d2591,04f90621-b7cb-49bf-b962-8ba0790d6e62,Team Rocket's Giovanni,Destined Rivals,238,special_illustration_rare,YES,SINGLE_CARD,RAW,CARD,,,,,Donny,2026-09-15T22:20:16.802786+00:00,,
E9B-0359,v1|227245514830|0,https://www.ebay.com/itm/227245514830?_skw=Team+Rocket%27s+Giovanni+238+Destined+Rivals+Pokemon+card&hash=item34e8e3604e:g:3ZsAAeSwkixpq4mQ,Team Rockets Giovanni 238/182 Sir Destined Rivals PSA 10,Graded,2750,,"[""FIXED_PRICE""]",fern21x,https://i.ebayimg.com/images/g/3ZsAAeSwkixpq4mQ/s-l225.jpg,cc59d868-d0e5-4557-9423-3f9b7c9d2591,04f90621-b7cb-49bf-b962-8ba0790d6e62,Team Rocket's Giovanni,Destined Rivals,238,special_illustration_rare,NO,SINGLE_CARD,GRADED,CARD,,,,,Donny,2026-09-15T03:55:32.110084+00:00,,
E9B-0360,v1|356194765162|625198880467,https://www.ebay.com/itm/356194765162?_skw=Flareon+136+Scarlet+and+Violet+151&var=625198880467&hash=item52eedcc96a:g:ybIAAOSwdO5nHagG,pokemon scarlet and violet 151 cards,Ungraded,4000,,"[""FIXED_PRICE""]",meet_hobbies,https://i.ebayimg.com/images/g/ybIAAOSwdO5nHagG/s-l225.jpg,cdfc0223-40ef-4e4b-a9f2-3a809ae1c3df,f6e9d756-3a7b-4c8e-b87c-06cacb0d3c7e,Flareon,Scarlet and Violet 151,136,rare,YES,SINGLE_CARD,RAW,CARD,,,,,Donny,2026-09-15T22:18:27.342527+00:00,,
E9B-0361,v1|176254097326|475722051047,https://www.ebay.com/itm/176254097326?_skw=Flareon+136+Scarlet+and+Violet+151&var=475722051047&hash=item29099017ae:g:vSoAAOSwLr5l2L11,POKEMON 151 SCARLET AND VIOLET - HOLO & REVERSE - UP TO 35% OFF MULTIBUY,Ungraded,4000,,"[""FIXED_PRICE""]",hoctcg,https://i.ebayimg.com/images/g/vSoAAOSwLr5l2L11/s-l225.jpg,cdfc0223-40ef-4e4b-a9f2-3a809ae1c3df,f6e9d756-3a7b-4c8e-b87c-06cacb0d3c7e,Flareon,Scarlet and Violet 151,136,rare,NO,SINGLE_CARD,RAW,CARD,,,,,Donny,2026-09-15T03:55:37.261556+00:00,,
E9B-0362,v1|365364258871|0,https://www.ebay.com/itm/365364258871?_skw=Flareon+136+Scarlet+and+Violet+151&hash=item5511682837:g:6D8AAOSwbqdnlcMJ,Flareon Holo Rare #136/165 - Scarlet and Violet - 151,Ungraded,4000,,"[""FIXED_PRICE"", ""BEST_OFFER""]",cardcrazer,https://i.ebayimg.com/images/g/6D8AAOSwbqdnlcMJ/s-l225.jpg,cdfc0223-40ef-4e4b-a9f2-3a809ae1c3df,f6e9d756-3a7b-4c8e-b87c-06cacb0d3c7e,Flareon,Scarlet and Violet 151,136,rare,YES,SINGLE_CARD,RAW,CARD,,,,,Donny,2026-09-15T22:20:05.361501+00:00,,
E9B-0363,v1|137452440444|0,https://www.ebay.com/itm/137452440444?_skw=Flareon+136+Scarlet+and+Violet+151+Pokemon+card&hash=item2000cdcb7c:g:L5oAAeSwN6FpTzTO,FLAREON 136/165 SCARLET AND VIOLET 151 POKEMON TCG,Ungraded,4000,,"[""FIXED_PRICE""]",lugiasden,https://i.ebayimg.com/images/g/L5oAAeSwN6FpTzTO/s-l225.jpg,cdfc0223-40ef-4e4b-a9f2-3a809ae1c3df,f6e9d756-3a7b-4c8e-b87c-06cacb0d3c7e,Flareon,Scarlet and Violet 151,136,rare,YES,SINGLE_CARD,RAW,CARD,,,,,Donny,2026-09-15T22:17:39.290883+00:00,,
E9B-0364,v1|188591517653|695989567843,https://www.ebay.com/itm/188591517653?_skw=Flareon+136+Scarlet+and+Violet+151&var=695989567843&hash=item2be8ee2fd5:g:k44AAeSwiYpqRuBv,Pokemon TCG Scarlet and Violet 151 Holos and Full Arts,Ungraded,4000,,"[""FIXED_PRICE""]",no_clops_niknaks,https://i.ebayimg.com/images/g/k44AAeSwiYpqRuBv/s-l225.jpg,cdfc0223-40ef-4e4b-a9f2-3a809ae1c3df,f6e9d756-3a7b-4c8e-b87c-06cacb0d3c7e,Flareon,Scarlet and Violet 151,136,rare,NO,SINGLE_CARD,RAW,CARD,,,,,Donny,2026-09-15T03:55:42.262378+00:00,,
E9B-0365,v1|137511077078|0,https://www.ebay.com/itm/137511077078?_skw=Flareon+136+Scarlet+and+Violet+151+Pokemon+card&hash=item20044c84d6:g:afoAAeSw6~ppbCoU,FLAREON 136/165 SCARLET AND VIOLET 151 POKEMON TCG,Ungraded,4000,,"[""FIXED_PRICE""]",lugiasden,https://i.ebayimg.com/images/g/afoAAeSw6~ppbCoU/s-l225.jpg,cdfc0223-40ef-4e4b-a9f2-3a809ae1c3df,f6e9d756-3a7b-4c8e-b87c-06cacb0d3c7e,Flareon,Scarlet and Violet 151,136,rare,YES,SINGLE_CARD,RAW,CARD,,,,,Donny,2026-09-15T22:17:00.122596+00:00,,
E9B-0366,v1|407174972083|0,https://www.ebay.com/itm/407174972083?_skw=Roaring+Moon+ex+162+Prismatic+Evolutions&hash=item5ecd8502b3:g:WDcAAeSwFfJqkMMr,Roaring Moon ex 162/131,Graded,2750,,"[""FIXED_PRICE"", ""BEST_OFFER""]",migbus71,https://i.ebayimg.com/images/g/WDcAAeSwFfJqkMMr/s-l225.jpg,d09b2fb5-41b6-4d1e-88cf-629402434501,efae0727-f8c2-48c5-a33e-c308be0d288d,Roaring Moon ex,Prismatic Evolutions,162,special_illustration_rare,NO,SINGLE_CARD,GRADED,CARD,,,,,Donny,2026-09-15T03:55:45.547541+00:00,,
E9B-0367,v1|800613680484|0,https://www.ebay.com/itm/800613680484?_skw=Roaring+Moon+ex+162+Prismatic+Evolutions&hash=itemba684b4564:g:oXwAAeSwQe1qmzi7,Roaring Moon ex 162/131 Sv: Prismatic Evolutions Holo NM,Ungraded,4000,,"[""FIXED_PRICE"", ""BEST_OFFER""]",paperboxcollections,https://i.ebayimg.com/images/g/oXwAAeSwQe1qmzi7/s-l225.jpg,d09b2fb5-41b6-4d1e-88cf-629402434501,efae0727-f8c2-48c5-a33e-c308be0d288d,Roaring Moon ex,Prismatic Evolutions,162,special_illustration_rare,YES,SINGLE_CARD,RAW,CARD,,,,,Donny,2026-09-15T22:19:28.602664+00:00,,
E9B-0368,v1|407212750100|0,https://www.ebay.com/itm/407212750100?_skw=Roaring+Moon+ex+162+Prismatic+Evolutions&hash=item5ecfc57514:g:bKQAAeSwnnJqpgUL,Pokemon Roaring Moon ex 162/131 SV Prismatic Evolutions SIR Holo EN 230HP,Ungraded,4000,,"[""FIXED_PRICE"", ""BEST_OFFER""]",chvo_5835,https://i.ebayimg.com/images/g/bKQAAeSwnnJqpgUL/s-l225.jpg,d09b2fb5-41b6-4d1e-88cf-629402434501,efae0727-f8c2-48c5-a33e-c308be0d288d,Roaring Moon ex,Prismatic Evolutions,162,special_illustration_rare,YES,SINGLE_CARD,RAW,CARD,,,,,Donny,2026-09-15T22:16:55.440227+00:00,,
E9B-0369,v1|267639637801|0,https://www.ebay.com/itm/267639637801?_skw=Roaring+Moon+ex+162+Prismatic+Evolutions&hash=item3e5090c729:g:REcAAeSwrkRp3vRC,2025 POKEMON PRE EN-PRISMATIC EVOLUTIONS #162 ROARING MOON EX PSA 9,Graded,2750,,"[""FIXED_PRICE"", ""BEST_OFFER""]",dadlifeyadigg,https://i.ebayimg.com/images/g/REcAAeSwrkRp3vRC/s-l225.jpg,d09b2fb5-41b6-4d1e-88cf-629402434501,efae0727-f8c2-48c5-a33e-c308be0d288d,Roaring Moon ex,Prismatic Evolutions,162,special_illustration_rare,NO,SINGLE_CARD,GRADED,CARD,,,,,Donny,2026-09-15T03:55:49.612128+00:00,,
E9B-0370,v1|117406574955|0,https://www.ebay.com/itm/117406574955?_skw=Roaring+Moon+ex+162+Prismatic+Evolutions&hash=item1b55fa296b:g:x3wAAeSwdV1qozo6,2025 POKEMON PRE EN-PRISMATIC EVOLUTIONS #162 ROARING MOON EX PSA 10,Graded,2750,,"[""FIXED_PRICE""]",psa,https://i.ebayimg.com/images/g/x3wAAeSwdV1qozo6/s-l225.jpg,d09b2fb5-41b6-4d1e-88cf-629402434501,efae0727-f8c2-48c5-a33e-c308be0d288d,Roaring Moon ex,Prismatic Evolutions,162,special_illustration_rare,NO,SINGLE_CARD,GRADED,CARD,,,,,Donny,2026-09-15T03:55:51.206805+00:00,,
E9B-0371,v1|306707402324|0,https://www.ebay.com/itm/306707402324?_skw=Roaring+Moon+ex+162+Prismatic+Evolutions&hash=item47692f8e54:g:WJYAAeSwMsFpZWGD,2025 POKEMON PRE EN-PRISMATIC EVOLUTIONS #162 ROARING MOON EX PSA 9,Graded,2750,,"[""FIXED_PRICE"", ""BEST_OFFER""]",psa,https://i.ebayimg.com/images/g/WJYAAeSwMsFpZWGD/s-l225.jpg,d09b2fb5-41b6-4d1e-88cf-629402434501,efae0727-f8c2-48c5-a33e-c308be0d288d,Roaring Moon ex,Prismatic Evolutions,162,special_illustration_rare,NO,SINGLE_CARD,GRADED,CARD,,,,,Donny,2026-09-15T03:55:52.729271+00:00,,
E9B-0372,v1|298668581012|0,https://www.ebay.com/itm/298668581012?_skw=Grafaiai+223+Paldea+Evolved+Pokemon+card&hash=item458a08e094:g:gIQAAeSwMXRqpgDv&amdata=enc%3AAQALAAABEACCtXRWQnOEpyOqnQQ8KGZMN0eodAkJnA3qp0glIEX3J3kYrPEbf0Pg69fbv%2BpexPnGLmfdFsf3J49auIIDO9zwj%2BM4Zz1%2FCgHHlS2rk0J%2FduuZDi05boq4QKioG7BwsBjdmrGJWUCbPmno6pCPi5irk%2F6kkrp14pJ0DiLe5hLL%2B3UlKKWGXot6rZvuw%2F6gJSWZZw7gdGy%2BzYrGCsWjGLJm%2FUc8F2A%2Bf607niK0UpT1lpp5ZFG%2FH%2BLknC511xKSz3OfJACgG1OS37MPMeE3mEzrWdufSL1tah4wS%2Fk5eHHjkoThON0kJ2K3pnBtP3a%2B%2BT8dOLruHpuA6QkIlxS5pj6CzIL66oSU8H4sKMxE5%2BDu,Grafaiai 223/193 Illustration Rare Paldea Evolved Near Mint,Ungraded,4000,,"[""FIXED_PRICE"", ""BEST_OFFER""]",unlimitedtcgsllc,https://i.ebayimg.com/images/g/gIQAAeSwMXRqpgDv/s-l225.jpg,d12a209b-06a3-4b46-82d3-a374e6bbe7b4,d0d523dc-3f95-4bbc-beb6-75b3d2a15cae,Grafaiai,Paldea Evolved,223,illustration_rare,YES,SINGLE_CARD,RAW,CARD,,,,,Donny,2026-09-15T22:16:59.434545+00:00,,
E9B-0373,v1|178369287659|0,https://www.ebay.com/itm/178369287659?_skw=Grafaiai+223+Paldea+Evolved+Pokemon+card&hash=item2987a355eb:g:3pYAAeSwxLNqcDv5,Grafaiai 223/193 Illustration Rare Paldea Evolved Pokemon Holo NM,Ungraded,4000,,"[""FIXED_PRICE""]",pcamart,https://i.ebayimg.com/images/g/3pYAAeSwxLNqcDv5/s-l225.jpg,d12a209b-06a3-4b46-82d3-a374e6bbe7b4,d0d523dc-3f95-4bbc-beb6-75b3d2a15cae,Grafaiai,Paldea Evolved,223,illustration_rare,YES,SINGLE_CARD,RAW,CARD,,,,,Donny,2026-09-15T22:20:10.507651+00:00,,
E9B-0374,v1|137733736432|0,https://www.ebay.com/itm/137733736432?_skw=Grafaiai+223+Paldea+Evolved+Pokemon+card&hash=item20119207f0:g:qwQAAeSw6N9qpx8y,Grafaiai 223/193 Paldea Evolved Pokemon Card,Ungraded,4000,,"[""FIXED_PRICE"", ""AUCTION""]",lightspeed-games,https://i.ebayimg.com/images/g/qwQAAeSw6N9qpx8y/s-l225.jpg,d12a209b-06a3-4b46-82d3-a374e6bbe7b4,d0d523dc-3f95-4bbc-beb6-75b3d2a15cae,Grafaiai,Paldea Evolved,223,illustration_rare,YES,SINGLE_CARD,RAW,CARD,,,,,Donny,2026-09-15T22:20:18.722993+00:00,,
E9B-0375,v1|820123665041|0,https://www.ebay.com/itm/820123665041?_skw=Grafaiai+223+Paldea+Evolved+Pokemon+card&hash=itembef32e0291:g:pU8AAeSwjsRqpzrz,Pokémon Grafaiai 223/193 Illustration Paldea Evolved + Shroodle 149/132 Mega NM!,Ungraded,4000,,"[""FIXED_PRICE""]",chrisande78,https://i.ebayimg.com/images/g/pU8AAeSwjsRqpzrz/s-l225.jpg,d12a209b-06a3-4b46-82d3-a374e6bbe7b4,d0d523dc-3f95-4bbc-beb6-75b3d2a15cae,Grafaiai,Paldea Evolved,223,illustration_rare,NO,LOT_OR_BUNDLE,RAW,CARD,,,,,Donny,2026-09-15T03:55:59.079152+00:00,,
E9B-0376,v1|407217141690|0,https://www.ebay.com/itm/407217141690?_skw=Grafaiai+223+Paldea+Evolved&hash=item5ed00877ba:g:cN4AAeSwXfFqqI22,Pokémon TCG Card Grafaiai 223/193 Paldea Evolved Illustration Rare - NM,Ungraded,4000,,"[""FIXED_PRICE""]",aytee_cg,https://i.ebayimg.com/images/g/cN4AAeSwXfFqqI22/s-l225.jpg,d12a209b-06a3-4b46-82d3-a374e6bbe7b4,d0d523dc-3f95-4bbc-beb6-75b3d2a15cae,Grafaiai,Paldea Evolved,223,illustration_rare,YES,SINGLE_CARD,RAW,CARD,,,,,Donny,2026-09-15T22:17:37.654145+00:00,,
E9B-0377,v1|147572730437|0,https://www.ebay.com/itm/147572730437?_skw=Grafaiai+223+Paldea+Evolved+Pokemon+card&hash=item225c052a45:g:8O8AAeSwUuBqqAME,Grafaiai Holo Illustration Rare SV02: Paldea Evolved 223/193 NM,Ungraded,4000,,"[""FIXED_PRICE""]",totaltortugatrades,https://i.ebayimg.com/images/g/8O8AAeSwUuBqqAME/s-l225.jpg,d12a209b-06a3-4b46-82d3-a374e6bbe7b4,d0d523dc-3f95-4bbc-beb6-75b3d2a15cae,Grafaiai,Paldea Evolved,223,illustration_rare,YES,SINGLE_CARD,RAW,CARD,,,,,Donny,2026-09-15T22:17:51.806480+00:00,,
E9B-0378,v1|407203101449|0,https://www.ebay.com/itm/407203101449?_skw=Zekrom+ex+166+Black+Bolt&hash=item5ecf323b09:g:0rsAAeSwGEZqhNuQ,Zekrom ex 166/086 Sv: Black Bolt Holo,Ungraded,4000,,"[""AUCTION"", ""BEST_OFFER""]",ja3641485,https://i.ebayimg.com/images/g/0rsAAeSwGEZqhNuQ/s-l225.jpg,d4ff3ebb-7e40-4a36-88e6-f07af2977641,1424e3da-f59e-47f2-8310-dfad3baf354b,Zekrom ex,Black Bolt,166,special_illustration_rare,YES,SINGLE_CARD,RAW,CARD,,,,,Donny,2026-09-15T22:18:42.587241+00:00,,
E9B-0379,v1|318835528945|0,https://www.ebay.com/itm/318835528945?_skw=Zekrom+ex+166+Black+Bolt&hash=item4a3c1414f1:g:OQ8AAeSwc59qndb-,Zekrom ex 166/086 Sv: Black Bolt Special Illustration Rare,Ungraded,4000,,"[""FIXED_PRICE"", ""BEST_OFFER""]",holobomb.tcg,https://i.ebayimg.com/images/g/OQ8AAeSwc59qndb-/s-l225.jpg,d4ff3ebb-7e40-4a36-88e6-f07af2977641,1424e3da-f59e-47f2-8310-dfad3baf354b,Zekrom ex,Black Bolt,166,special_illustration_rare,YES,SINGLE_CARD,RAW,CARD,,,,,Donny,2026-09-15T22:18:29.652486+00:00,,
E9B-0380,v1|398388016444|0,https://www.ebay.com/itm/398388016444?_skw=Zekrom+ex+166+Black+Bolt&hash=item5cc1c6b53c:g:8nMAAeSwyb9qpYcF,Pokemon Zekrom ex 166/086 SV Black Bolt Special Illustration Rare Holo,Ungraded,4000,,"[""FIXED_PRICE"", ""BEST_OFFER""]",jh0bby,https://i.ebayimg.com/images/g/8nMAAeSwyb9qpYcF/s-l225.jpg,d4ff3ebb-7e40-4a36-88e6-f07af2977641,1424e3da-f59e-47f2-8310-dfad3baf354b,Zekrom ex,Black Bolt,166,special_illustration_rare,YES,SINGLE_CARD,RAW,CARD,,,,,Donny,2026-09-15T22:19:39.644613+00:00,,
E9B-0381,v1|407212216165|0,https://www.ebay.com/itm/407212216165?_skw=Zekrom+ex+166+Black+Bolt+Pokemon+card&hash=item5ecfbd4f65:g:j0oAAeSwUERqpa91,Zekrom ex 166/086 Sv: Black Bolt Holo,Ungraded,4000,,"[""AUCTION"", ""BEST_OFFER""]",jo4q-47,https://i.ebayimg.com/images/g/j0oAAeSwUERqpa91/s-l225.jpg,d4ff3ebb-7e40-4a36-88e6-f07af2977641,1424e3da-f59e-47f2-8310-dfad3baf354b,Zekrom ex,Black Bolt,166,special_illustration_rare,YES,SINGLE_CARD,RAW,CARD,,,,,Donny,2026-09-15T22:18:06.638409+00:00,,
E9B-0382,v1|227492049932|0,https://www.ebay.com/itm/227492049932?_skw=Zekrom+ex+166+Black+Bolt&hash=item34f795340c:g:vqcAAeSwehZqjpcO,Pokemon 2025 SV Black Bolt Zekrom EX 166/086 Special Illustration Rare PSA 10,Graded,2750,,"[""FIXED_PRICE""]",raider939064,https://i.ebayimg.com/images/g/vqcAAeSwehZqjpcO/s-l225.jpg,d4ff3ebb-7e40-4a36-88e6-f07af2977641,1424e3da-f59e-47f2-8310-dfad3baf354b,Zekrom ex,Black Bolt,166,special_illustration_rare,NO,SINGLE_CARD,GRADED,CARD,,,,,Donny,2026-09-15T03:56:08.538229+00:00,,
E9B-0383,v1|377436270251|0,https://www.ebay.com/itm/377436270251?_skw=Zekrom+ex+166+Black+Bolt&hash=item57e0f46eab:g:r2MAAeSw0KVqh0Ko,Pokemon Zekrom ex 166/086 Sv: Black Bolt SIR PSA 10 Gem Mint,Graded,2750,,"[""FIXED_PRICE""]",cardjoy,https://i.ebayimg.com/images/g/r2MAAeSw0KVqh0Ko/s-l225.jpg,d4ff3ebb-7e40-4a36-88e6-f07af2977641,1424e3da-f59e-47f2-8310-dfad3baf354b,Zekrom ex,Black Bolt,166,special_illustration_rare,NO,SINGLE_CARD,GRADED,CARD,,,,,Donny,2026-09-15T03:56:10.229408+00:00,,
E9B-0384,v1|800456657895|0,https://www.ebay.com/itm/800456657895?_skw=Jamming+Tower+261+Ascended+Heroes+Pokemon+card&hash=itemba5eef4be7:g:K04AAeSwRPNqGbVe,Jamming Tower 261/217 Pokemon TCG Ascended Heroes Ultra Rare Holo Full Art ,Ungraded,4000,,"[""FIXED_PRICE""]",md_108,https://i.ebayimg.com/images/g/K04AAeSwRPNqGbVe/s-l225.jpg,e26de7b7-434e-4bec-8fc2-fb15b971b1a7,44b0372c-396d-43e9-84bb-afad2d04128f,Jamming Tower,Ascended Heroes,261,ultra_rare,YES,SINGLE_CARD,RAW,CARD,,,,,Donny,2026-09-15T22:18:09.010474+00:00,,
E9B-0385,v1|198369527282|0,https://www.ebay.com/itm/198369527282?_skw=Jamming+Tower+261+Ascended+Heroes+Pokemon+card&hash=item2e2fbec5f2:g:Xj0AAeSw9cNqDmHX,JAMMING TOWER 261/217 HOLO ULTRA RARE POKEMON ASCENDED HEROES NM/M,Ungraded,4000,,"[""FIXED_PRICE""]",lunchpail-61,https://i.ebayimg.com/images/g/Xj0AAeSw9cNqDmHX/s-l225.jpg,e26de7b7-434e-4bec-8fc2-fb15b971b1a7,44b0372c-396d-43e9-84bb-afad2d04128f,Jamming Tower,Ascended Heroes,261,ultra_rare,YES,SINGLE_CARD,RAW,CARD,,,,,Donny,2026-09-15T22:20:07.558510+00:00,,
E9B-0386,v1|407167392595|0,https://www.ebay.com/itm/407167392595?_skw=Jamming+Tower+261+Ascended+Heroes+Pokemon+card&hash=item5ecd115b53:g:M1UAAeSwmOBqjIyC,Pokemon - Ascended Heroes - Jamming Tower 261/217,Ungraded,4000,,"[""FIXED_PRICE"", ""BEST_OFFER""]",key_kollectibles,https://i.ebayimg.com/images/g/M1UAAeSwmOBqjIyC/s-l225.jpg,e26de7b7-434e-4bec-8fc2-fb15b971b1a7,44b0372c-396d-43e9-84bb-afad2d04128f,Jamming Tower,Ascended Heroes,261,ultra_rare,YES,SINGLE_CARD,RAW,CARD,,,,,Donny,2026-09-15T22:17:30.489058+00:00,,
E9B-0387,v1|137734990234|0,https://www.ebay.com/itm/137734990234?_skw=Jamming+Tower+261+Ascended+Heroes+Pokemon+card&hash=item2011a5299a:g:XOMAAeSwfEhqp5Vh,Jamming Tower 261/217 Ultra Rare Ascended Heroes Pokemon Holo Near Mint,Ungraded,4000,,"[""FIXED_PRICE"", ""BEST_OFFER""]",embers_key_items,https://i.ebayimg.com/images/g/XOMAAeSwfEhqp5Vh/s-l225.jpg,e26de7b7-434e-4bec-8fc2-fb15b971b1a7,44b0372c-396d-43e9-84bb-afad2d04128f,Jamming Tower,Ascended Heroes,261,ultra_rare,YES,SINGLE_CARD,RAW,CARD,,,,,Donny,2026-09-15T22:19:27.365334+00:00,,
E9B-0388,v1|398389161092|0,https://www.ebay.com/itm/398389161092?_skw=Jamming+Tower+261+Ascended+Heroes+Pokemon+card&hash=item5cc1d82c84:g:KksAAeSw~n5qpfqY,Jamming Tower 261/217 Ultra Rare Ascended Heroes Pokemon Holo Near Mint,Ungraded,4000,,"[""FIXED_PRICE""]",j-m-a_trading,https://i.ebayimg.com/images/g/KksAAeSw~n5qpfqY/s-l225.jpg,e26de7b7-434e-4bec-8fc2-fb15b971b1a7,44b0372c-396d-43e9-84bb-afad2d04128f,Jamming Tower,Ascended Heroes,261,ultra_rare,YES,SINGLE_CARD,RAW,CARD,,,,,Donny,2026-09-15T22:17:02.294615+00:00,,
E9B-0389,v1|188641010149|0,https://www.ebay.com/itm/188641010149?_skw=Jamming+Tower+261+Ascended+Heroes+Pokemon+card&hash=item2bebe161e5:g:bYAAAeSwhINqVo7R,Pokémon TCG Jamming Tower 261/217 Ascended Heroes Ultra Rare Card (NM),Ungraded,4000,,"[""FIXED_PRICE""]",dirk_diglett,https://i.ebayimg.com/images/g/bYAAAeSwhINqVo7R/s-l225.jpg,e26de7b7-434e-4bec-8fc2-fb15b971b1a7,44b0372c-396d-43e9-84bb-afad2d04128f,Jamming Tower,Ascended Heroes,261,ultra_rare,YES,SINGLE_CARD,RAW,CARD,,,,,Donny,2026-09-15T22:18:24.384036+00:00,,
E9B-0390,v1|168501955739|0,https://www.ebay.com/itm/168501955739?_skw=Team+Rocket%27s+Giovanni+204+Ascended+Heroes+Pokemon+card&hash=item273b7fcc9b:g:Sx0AAeSwG7dqQvq~,TEAM ROCKET'S GIOVANNI 204/217 UNCOMMON ASCENDED HEROES POKEMON REVERSE HOLO NM,Ungraded,4000,,"[""FIXED_PRICE""]",mimikyuscabin,https://i.ebayimg.com/images/g/Sx0AAeSwG7dqQvq~/s-l225.jpg,ec8fec81-b57d-442a-baf0-91882c40de6e,67ea57e5-8821-4372-ac63-4c6e3f81f261,Team Rocket's Giovanni,Ascended Heroes,204,uncommon,NO,SINGLE_CARD,RAW,CARD,,,,INCONSISTENT,Donny,2026-09-15T03:56:18.403577+00:00,,
E9B-0391,v1|318548273459|0,https://www.ebay.com/itm/318548273459?_skw=Team+Rocket%27s+Giovanni+204+Ascended+Heroes+Pokemon+card&hash=item4a2af4e933:g:QfsAAeSwmbxqSzxM,Team Rocket's Giovanni 204/217 Uncommon Ascended Heroes Pokemon Near Mint,Ungraded,4000,,"[""FIXED_PRICE""]",briannarips,https://i.ebayimg.com/images/g/QfsAAeSwmbxqSzxM/s-l225.jpg,ec8fec81-b57d-442a-baf0-91882c40de6e,67ea57e5-8821-4372-ac63-4c6e3f81f261,Team Rocket's Giovanni,Ascended Heroes,204,uncommon,YES,SINGLE_CARD,RAW,CARD,,,,,Donny,2026-09-15T22:20:09.935987+00:00,,
E9B-0392,v1|128009258337|0,https://www.ebay.com/itm/128009258337?_skw=Team+Rocket%27s+Giovanni+204+Ascended+Heroes+Pokemon+card&hash=item1dcdf24561:g:MeUAAeSwWIxqkcB0,Team Rocket's Giovanni 204/217 Uncommon Ascended Heroes Pokemon Reverse Holo NM,Ungraded,4000,,"[""FIXED_PRICE"", ""BEST_OFFER""]",hoffshobbyhaus,https://i.ebayimg.com/images/g/MeUAAeSwWIxqkcB0/s-l225.jpg,ec8fec81-b57d-442a-baf0-91882c40de6e,67ea57e5-8821-4372-ac63-4c6e3f81f261,Team Rocket's Giovanni,Ascended Heroes,204,uncommon,NO,SINGLE_CARD,RAW,CARD,,,,INCONSISTENT,Donny,2026-09-15T03:56:20.986730+00:00,,
E9B-0393,v1|407117560530|0,https://www.ebay.com/itm/407117560530?_skw=Team+Rocket%27s+Giovanni+204+Ascended+Heroes+Pokemon+card&hash=item5eca18fad2:g:cfEAAeSw3jFqZkkk,Team Rocket's Giovanni 204/217 Uncommon Ascended Heroes Pokemon Near Mint,Ungraded,4000,,"[""FIXED_PRICE""]",the_tcg_doctor,https://i.ebayimg.com/images/g/cfEAAeSw3jFqZkkk/s-l225.jpg,ec8fec81-b57d-442a-baf0-91882c40de6e,67ea57e5-8821-4372-ac63-4c6e3f81f261,Team Rocket's Giovanni,Ascended Heroes,204,uncommon,YES,SINGLE_CARD,RAW,CARD,,,,,Donny,2026-09-15T22:17:48.931143+00:00,,
E9B-0394,v1|366667412008|0,https://www.ebay.com/itm/366667412008?_skw=Team+Rocket%27s+Giovanni+204+Ascended+Heroes+Pokemon+card&hash=item555f14b228:g:kzEAAeSwLB5qp1Bd,Team Rocket's Giovanni 204/217 Uncommon Ascended Heroes Pokemon Near Mint,Ungraded,4000,,"[""FIXED_PRICE""]",dittos-den,https://i.ebayimg.com/images/g/kzEAAeSwLB5qp1Bd/s-l225.jpg,ec8fec81-b57d-442a-baf0-91882c40de6e,67ea57e5-8821-4372-ac63-4c6e3f81f261,Team Rocket's Giovanni,Ascended Heroes,204,uncommon,YES,SINGLE_CARD,RAW,CARD,,,,,Donny,2026-09-15T22:19:35.247637+00:00,,
E9B-0395,v1|358635507045|0,https://www.ebay.com/itm/358635507045?_skw=Team+Rocket%27s+Giovanni+204+Ascended+Heroes+Pokemon+card&hash=item5380578d65:g:SAkAAeSwbJxqIMsS,Team Rocket's Giovanni 204/217 - Ascended Heroes - Reverse Holo Uncommon NM,Ungraded,4000,,"[""FIXED_PRICE""]",jrscardco,https://i.ebayimg.com/images/g/SAkAAeSwbJxqIMsS/s-l225.jpg,ec8fec81-b57d-442a-baf0-91882c40de6e,67ea57e5-8821-4372-ac63-4c6e3f81f261,Team Rocket's Giovanni,Ascended Heroes,204,uncommon,NO,SINGLE_CARD,RAW,CARD,,,,INCONSISTENT,Donny,2026-09-15T03:56:31.494835+00:00,,
E9B-0396,v1|318508233280|0,https://www.ebay.com/itm/318508233280?_skw=Coalossal+95+Temporal+Forces+Pokemon+card&hash=item4a2891f240:g:ZtoAAeSwX61qPsB2,Coalossal 095/162 Uncommon Temporal Forces Pokemon Near Mint,Ungraded,4000,,"[""FIXED_PRICE"", ""BEST_OFFER""]",psychiclabstcg,https://i.ebayimg.com/images/g/ZtoAAeSwX61qPsB2/s-l225.jpg,ecfe51fb-3435-4e1c-8542-8809cd6f95ff,db1498a4-579d-4bbe-b887-8368299e735f,Coalossal,Temporal Forces,95,uncommon,YES,SINGLE_CARD,RAW,CARD,,,,,Donny,2026-09-15T22:19:42.979313+00:00,,
E9B-0397,v1|406829239253|0,https://www.ebay.com/itm/406829239253?_skw=Coalossal+95+Temporal+Forces+Pokemon+card&hash=item5eb8e98bd5:g:zW8AAeSwt-pnsOJl,Coalossal - 95/162 Temporal Forces - Pokémon TCG,Ungraded,4000,,"[""FIXED_PRICE""]",castlerock-tcg,https://i.ebayimg.com/images/g/zW8AAeSwt-pnsOJl/s-l225.jpg,ecfe51fb-3435-4e1c-8542-8809cd6f95ff,db1498a4-579d-4bbe-b887-8368299e735f,Coalossal,Temporal Forces,95,uncommon,YES,SINGLE_CARD,RAW,CARD,,,,,Donny,2026-09-15T22:19:15.026490+00:00,,
E9B-0398,v1|178493819121|477821832670,https://www.ebay.com/itm/178493819121?_skw=Coalossal+95+Temporal+Forces+Pokemon+card&hash=item298f0f88f1:g:tOwAAeSw8nNpihvj,"Pokemon TCG: S&V: Temporal Forces - Pick Your Card! Holo, Reverse, ex, ACE!",Ungraded,4000,,"[""FIXED_PRICE""]",sleepyboytcg,https://i.ebayimg.com/images/g/tOwAAeSw8nNpihvj/s-l225.jpg,ecfe51fb-3435-4e1c-8542-8809cd6f95ff,db1498a4-579d-4bbe-b887-8368299e735f,Coalossal,Temporal Forces,95,uncommon,NO,SINGLE_CARD,RAW,CARD,,,,,Donny,2026-09-15T03:56:36.970186+00:00,,
E9B-0399,v1|318433071219|0,https://www.ebay.com/itm/318433071219?_skw=Coalossal+95+Temporal+Forces+Pokemon+card&hash=item4a24171073:g:avMAAeSwqAlqKIj2,Coalossal 095/162 Uncommon Temporal Forces Pokemon Near Mint,Ungraded,4000,,"[""FIXED_PRICE""]",lonestarpoke,https://i.ebayimg.com/images/g/avMAAeSwqAlqKIj2/s-l225.jpg,ecfe51fb-3435-4e1c-8542-8809cd6f95ff,db1498a4-579d-4bbe-b887-8368299e735f,Coalossal,Temporal Forces,95,uncommon,YES,SINGLE_CARD,RAW,CARD,,,,,Donny,2026-09-15T22:18:30.400742+00:00,,
E9B-0400,v1|127668439147|428874963400,https://www.ebay.com/itm/127668439147?_skw=Coalossal+95+Temporal+Forces+Pokemon+card&hash=item1db9a1c86b:g:wMkAAeSwV2dphWiW,Temporal Forces - Pick Your Card - Pokemon TCG,Ungraded,4000,,"[""FIXED_PRICE""]",tcgrowze,https://i.ebayimg.com/images/g/wMkAAeSwV2dphWiW/s-l225.jpg,ecfe51fb-3435-4e1c-8542-8809cd6f95ff,db1498a4-579d-4bbe-b887-8368299e735f,Coalossal,Temporal Forces,95,uncommon,NO,SINGLE_CARD,RAW,CARD,,,,,Donny,2026-09-15T03:56:39.806558+00:00,,
E9B-0401,v1|285902885871|587953624161,https://www.ebay.com/itm/285902885871?_skw=Coalossal+95+Temporal+Forces+Pokemon+card&hash=item429123d3ef:g:1YEAAOSwimZmfKJU,POKEMON - TEMPORAL FORCES - REVERSE HOLO'S - UP TO 50% OFF WITH MULTI BUY,Ungraded,4000,,"[""FIXED_PRICE""]",godwin_hawkins,https://i.ebayimg.com/images/g/1YEAAOSwimZmfKJU/s-l225.jpg,ecfe51fb-3435-4e1c-8542-8809cd6f95ff,db1498a4-579d-4bbe-b887-8368299e735f,Coalossal,Temporal Forces,95,uncommon,NO,SINGLE_CARD,RAW,CARD,,,,,Donny,2026-09-15T03:56:41.230238+00:00,,
E9B-0402,v1|158188732325|0,https://www.ebay.com/itm/158188732325?_skw=Meowth+106+Phantasmal+Flames+Pokemon+card&hash=item24d4c87fa5:g:2SsAAeSwQQxqf23l,Pokemon 2025 Meowth 106/094 Illustration Rare Phantasmal Flames PCG 9.5 Gem Mint,Graded,2750,,"[""FIXED_PRICE""]",smgcards,https://i.ebayimg.com/images/g/2SsAAeSwQQxqf23l/s-l225.jpg,f01e01fe-17e4-48b7-8ba3-9a88f876acd4,7c3e24f9-be0e-4de8-86fc-9fb913792294,Meowth,Phantasmal Flames,106,illustration_rare,NO,SINGLE_CARD,GRADED,CARD,,,,,Donny,2026-09-15T03:56:43.095903+00:00,,
E9B-0403,v1|377474088479|0,https://www.ebay.com/itm/377474088479?_skw=Meowth+106+Phantasmal+Flames+Pokemon+card&hash=item57e3357e1f:g:o0QAAeSwJm1qnJqU,2025 Pokemon Me:02 Phantasmal Flames Meowth #106 IR BGS 9.5,Graded,2750,,"[""FIXED_PRICE""]",brmcc_store,https://i.ebayimg.com/images/g/o0QAAeSwJm1qnJqU/s-l225.jpg,f01e01fe-17e4-48b7-8ba3-9a88f876acd4,7c3e24f9-be0e-4de8-86fc-9fb913792294,Meowth,Phantasmal Flames,106,illustration_rare,NO,SINGLE_CARD,GRADED,CARD,,,,,Donny,2026-09-15T03:56:44.658559+00:00,,
E9B-0404,v1|407195194457|0,https://www.ebay.com/itm/407195194457?_skw=Meowth+106+Phantasmal+Flames+Pokemon+card&hash=item5eceb99459:g:ZEoAAeSwcztqnCQk&amdata=enc%3AAQALAAABEACCtXRWQnOEpyOqnQQ8KGb6fgi8Ai0olO8BHP4QqaK8HiL85oPXu6iSv241KqNSjPFhBG%2BlSK058LRwNseQdSZyqA0NzZS%2FCeRALK9OjzfNTp5a5CYvDWBupYupNrfXsNgJZZwhMgT3TNLGXvO7GydVjQgownDZMF3fxMoxFdMW9Sqoqq1r98Qx%2FKlZCDgZCebi7L0imASmKt%2Fjrv0UHKAmIUd6mItNjBv4s%2FUSB%2Fk%2BmLnj7gI9Hb0x5fSi4GPCJnHrGMEIqpg9jRYyM6YIW7fpEAiN1PAm0VzUxUZTeCh943oej%2BUoSmpKsxUFYJPE68pF8CMJv0AkxqHlxIxOmgs4rDo9hH77mmI8O4DvN7W5,Meowth 106/094 Me02: Phantasmal Flames Holo Illustration Rare PSA 10,Graded,2750,,"[""FIXED_PRICE"", ""BEST_OFFER""]",therarerealm,https://i.ebayimg.com/images/g/ZEoAAeSwcztqnCQk/s-l225.jpg,f01e01fe-17e4-48b7-8ba3-9a88f876acd4,7c3e24f9-be0e-4de8-86fc-9fb913792294,Meowth,Phantasmal Flames,106,illustration_rare,NO,SINGLE_CARD,GRADED,CARD,,,,,Donny,2026-09-15T03:56:46.544098+00:00,,
E9B-0405,v1|206557731257|0,https://www.ebay.com/itm/206557731257?_skw=Meowth+106+Phantasmal+Flames+Pokemon+card&hash=item3017ccd9b9:g:zhUAAeSwYjtqqKkY,Meowth 106/094 Illustration Rare Phantasmal Flames Pokemon Holo Near Mint,Ungraded,4000,,"[""FIXED_PRICE""]",kentonsforgecollectables,https://i.ebayimg.com/images/g/zhUAAeSwYjtqqKkY/s-l225.jpg,f01e01fe-17e4-48b7-8ba3-9a88f876acd4,7c3e24f9-be0e-4de8-86fc-9fb913792294,Meowth,Phantasmal Flames,106,illustration_rare,YES,SINGLE_CARD,RAW,CARD,,,,,Donny,2026-09-15T22:17:23.877556+00:00,,
E9B-0406,v1|800663167836|0,https://www.ebay.com/itm/800663167836?_skw=Meowth+106+Phantasmal+Flames+Pokemon+card&hash=itemba6b3e635c:g:yUsAAeSwaw5qqJEj,Meowth 106/094 Illustration Rare Phantasmal Flames Pokemon Holo Near Mint,Ungraded,4000,,"[""FIXED_PRICE""]",nekonekocards,https://i.ebayimg.com/images/g/yUsAAeSwaw5qqJEj/s-l225.jpg,f01e01fe-17e4-48b7-8ba3-9a88f876acd4,7c3e24f9-be0e-4de8-86fc-9fb913792294,Meowth,Phantasmal Flames,106,illustration_rare,YES,SINGLE_CARD,RAW,CARD,,,,,Donny,2026-09-15T22:19:22.298340+00:00,,
E9B-0407,v1|158174259264|0,https://www.ebay.com/itm/158174259264?_skw=Meowth+106+Phantasmal+Flames+Pokemon+card&hash=item24d3eba840:g:xvMAAeSwPd5qej3E,Pokemon TCG Meowth 106/094 Me02: Phantasmal Flames Illustration Rare Holo ENG,Ungraded,4000,,"[""FIXED_PRICE"", ""BEST_OFFER""]",keabar-65,https://i.ebayimg.com/images/g/xvMAAeSwPd5qej3E/s-l225.jpg,f01e01fe-17e4-48b7-8ba3-9a88f876acd4,7c3e24f9-be0e-4de8-86fc-9fb913792294,Meowth,Phantasmal Flames,106,illustration_rare,YES,SINGLE_CARD,RAW,CARD,,,,,Donny,2026-09-15T22:19:31.622785+00:00,,
E9B-0408,v1|158291427679|0,https://www.ebay.com/itm/158291427679?_skw=Team+Rocket%27s+Nidoking+ex+233+Destined+Rivals+Pokemon+card&hash=item24dae7815f:g:-FsAAeSwLB5qqAF0,Pokemon 2025 Team Rocket's Nidoking ex 233/182 SIR Destined Rivals PSA 9,Graded,2750,,"[""AUCTION""]",dutchestreasures,https://i.ebayimg.com/images/g/-FsAAeSwLB5qqAF0/s-l225.jpg,fd225f1d-3765-4209-a5ec-42caf35933b0,92fdb409-1454-43ef-87ee-19095f700462,Team Rocket's Nidoking ex,Destined Rivals,233,special_illustration_rare,NO,SINGLE_CARD,GRADED,CARD,,,,,Donny,2026-09-15T03:56:51.637079+00:00,,
E9B-0409,v1|178494621479|0,https://www.ebay.com/itm/178494621479?_skw=Team+Rocket%27s+Nidoking+ex+233+Destined+Rivals+Pokemon+card&hash=item298f1bc727:g:hZUAAeSwf8pqp1nI,Team Rocket's Nidoking ex 233/182 Sv10 Destined Rivals SIR Full Art Holo EN,Ungraded,4000,,"[""FIXED_PRICE"", ""BEST_OFFER""]",thelegacycove,https://i.ebayimg.com/images/g/hZUAAeSwf8pqp1nI/s-l225.jpg,fd225f1d-3765-4209-a5ec-42caf35933b0,92fdb409-1454-43ef-87ee-19095f700462,Team Rocket's Nidoking ex,Destined Rivals,233,special_illustration_rare,YES,SINGLE_CARD,RAW,CARD,,,,,Donny,2026-09-15T22:20:12.120111+00:00,,
E9B-0410,v1|117411257931|0,https://www.ebay.com/itm/117411257931?_skw=Team+Rocket%27s+Nidoking+ex+233+Destined+Rivals+Pokemon+card&hash=item1b56419e4b:g:wpgAAeSwc8Fqiia0,Team Rocket's Nidoking ex 233/182 SIR Destined Rivals Pokemon Holo NM,Ungraded,4000,,"[""FIXED_PRICE""]",tinyspace40cards,https://i.ebayimg.com/images/g/wpgAAeSwc8Fqiia0/s-l225.jpg,fd225f1d-3765-4209-a5ec-42caf35933b0,92fdb409-1454-43ef-87ee-19095f700462,Team Rocket's Nidoking ex,Destined Rivals,233,special_illustration_rare,YES,SINGLE_CARD,RAW,CARD,,,,,Donny,2026-09-15T22:19:23.275343+00:00,,
E9B-0411,v1|178338580959|0,https://www.ebay.com/itm/178338580959?_skw=Team+Rocket%27s+Nidoking+ex+233+Destined+Rivals+Pokemon+card&hash=item2985cec9df:g:86IAAeSwwnlqYo5z,Pokemon Team Rocket's Nidoking ex 233/182 Destined Rivals NM,Ungraded,4000,,"[""FIXED_PRICE"", ""BEST_OFFER""]",cxmafia_14,https://i.ebayimg.com/images/g/86IAAeSwwnlqYo5z/s-l225.jpg,fd225f1d-3765-4209-a5ec-42caf35933b0,92fdb409-1454-43ef-87ee-19095f700462,Team Rocket's Nidoking ex,Destined Rivals,233,special_illustration_rare,YES,SINGLE_CARD,RAW,CARD,,,,,Donny,2026-09-15T22:17:34.827699+00:00,,
E9B-0412,v1|398395238195|0,https://www.ebay.com/itm/398395238195?_skw=Team+Rocket%27s+Nidoking+ex+233+Destined+Rivals+Pokemon+card&hash=item5cc234e733:g:j4UAAeSwjsRqqIbN,Pokemon TCG Team Rocket's Nidoking ex 233/182 SV10 Holo Full Art Ultra Rare ENG,Ungraded,4000,,"[""FIXED_PRICE"", ""BEST_OFFER""]",vincent_finds,https://i.ebayimg.com/images/g/j4UAAeSwjsRqqIbN/s-l225.jpg,fd225f1d-3765-4209-a5ec-42caf35933b0,92fdb409-1454-43ef-87ee-19095f700462,Team Rocket's Nidoking ex,Destined Rivals,233,special_illustration_rare,YES,SINGLE_CARD,RAW,CARD,,,,,Donny,2026-09-15T22:20:24.785158+00:00,,
E9B-0413,v1|407115707709|0,https://www.ebay.com/itm/407115707709?_skw=Team+Rocket%27s+Nidoking+ex+233+Destined+Rivals+Pokemon+card&hash=item5ec9fcb53d:g:fjwAAeSwYlFqb~4v,Pokemon Team Rocket's Nidoking ex 233/182 Special Illustration Rare,Ungraded,4000,,"[""FIXED_PRICE""]",bl4z3dripp3r,https://i.ebayimg.com/images/g/fjwAAeSwYlFqb~4v/s-l225.jpg,fd225f1d-3765-4209-a5ec-42caf35933b0,92fdb409-1454-43ef-87ee-19095f700462,Team Rocket's Nidoking ex,Destined Rivals,233,special_illustration_rare,YES,SINGLE_CARD,RAW,CARD,,,,,Donny,2026-09-15T22:19:48.678287+00:00,,
