benchmark_row_id,canonical_card_id,target_card_name,target_set_name,target_card_number,target_treatment,listing_title,human_gold_label,matcher_identity_state,matcher_confidence_state,product_object_state,condition_state,identity_evidence,rejection_or_ambiguity_reason,matcher_version,matcher_fingerprint,gold_fingerprint,code_commit,evaluation_timestamp
D2-0002,018c983e-b1d0-41df-880e-ebf3f2e2fb12,Penny,Scarlet and Violet Base Set,252,special_illustration_rare,Penny #252/198 SIR NM/M | Scarlet & Violet Base Set - 2023 Pokemon Card,EXACT_TARGET_MATCH,HIGH_CONFIDENCE,HIGH_CONFIDENCE,SINGLE_RAW_CARD,RAW_CONDITION_STATED_NM,"{""language"":""COMPATIBLE"",""name"":""MATCH"",""number"":{""observed"":[""252""],""state"":""MATCH"",""target"":""252""},""product_object"":{""reason"":""NO_NON_CARD_OBJECT_EVIDENCE"",""state"":""SINGLE_RAW_CARD""},""raw"":""COMPATIBLE"",""set"":{""conflicts"":[],""matched"":[""scarlet violet base set"",""scarlet violet base""],""state"":""ALIAS""},""variant"":{""conflicting_treatments"":[],""matched"":[""sir""],""parallel_terms"":[],""state"":""MATCH""}}",THREE_FACTOR_IDENTITY,index_fair_value_ebay_d2m_v2,a2ac052891df2745f2a2dde8b615a5ccbf1ef23a777eb2a0310e35aef94f6d5e,40da9c4ccbe030124d608c59673902f662e14835cc0d8c4b4fffb89231b97a7a,ece085640a013d2803b0364ddf358ef6b1390854,2026-09-12T23:20:59.787335+00:00
D2-0003,018c983e-b1d0-41df-880e-ebf3f2e2fb12,Penny,Scarlet and Violet Base Set,252,special_illustration_rare,Penny 252/198 SV01: Scarlet & Violet Base Set Holo,EXACT_TARGET_MATCH,HIGH_CONFIDENCE,HIGH_CONFIDENCE,SINGLE_RAW_CARD,RAW_CONDITION_UNGRADED_UNSPECIFIED,"{""language"":""COMPATIBLE"",""name"":""MATCH"",""number"":{""observed"":[""252""],""state"":""MATCH"",""target"":""252""},""product_object"":{""reason"":""NO_NON_CARD_OBJECT_EVIDENCE"",""state"":""SINGLE_RAW_CARD""},""raw"":""COMPATIBLE"",""set"":{""conflicts"":[],""matched"":[""scarlet violet base set"",""scarlet violet base"",""sv01""],""state"":""ALIAS""},""variant"":{""conflicting_treatments"":[],""matched"":[],""parallel_terms"":[],""state"":""ABSENT""}}",THREE_FACTOR_IDENTITY,index_fair_value_ebay_d2m_v2,a2ac052891df2745f2a2dde8b615a5ccbf1ef23a777eb2a0310e35aef94f6d5e,40da9c4ccbe030124d608c59673902f662e14835cc0d8c4b4fffb89231b97a7a,ece085640a013d2803b0364ddf358ef6b1390854,2026-09-12T23:20:59.787335+00:00
D2-0007,018c983e-b1d0-41df-880e-ebf3f2e2fb12,Penny,Scarlet and Violet Base Set,252,special_illustration_rare,Pokemon SV01: Scarlet & Violet Base Set #239/198 Penny,WRONG_CARD_NUMBER,REJECTED,REJECTED,SINGLE_RAW_CARD,RAW_CONDITION_UNGRADED_UNSPECIFIED,"{""language"":""COMPATIBLE"",""name"":""MATCH"",""number"":{""observed"":[""239""],""state"":""CONFLICT"",""target"":""252""},""product_object"":{""reason"":""NO_NON_CARD_OBJECT_EVIDENCE"",""state"":""SINGLE_RAW_CARD""},""raw"":""COMPATIBLE"",""set"":{""conflicts"":[],""matched"":[""scarlet violet base set"",""scarlet violet base"",""sv01""],""state"":""ALIAS""},""variant"":{""conflicting_treatments"":[],""matched"":[],""parallel_terms"":[],""state"":""ABSENT""}}",WRONG_CARD_NUMBER,index_fair_value_ebay_d2m_v2,a2ac052891df2745f2a2dde8b615a5ccbf1ef23a777eb2a0310e35aef94f6d5e,40da9c4ccbe030124d608c59673902f662e14835cc0d8c4b4fffb89231b97a7a,ece085640a013d2803b0364ddf358ef6b1390854,2026-09-12T23:20:59.787335+00:00
D2-0011,018c983e-b1d0-41df-880e-ebf3f2e2fb12,Penny,Scarlet and Violet Base Set,252,special_illustration_rare,(2 Card Minimum) - 15% off 4+ | Pokemon: Scarlet & Violet Base Set,WRONG_CARD_NUMBER,REJECTED,REJECTED,SINGLE_RAW_CARD,RAW_CONDITION_UNGRADED_UNSPECIFIED,"{""language"":""COMPATIBLE"",""name"":""CONFLICT"",""number"":{""observed"":[],""state"":""ABSENT"",""target"":""252""},""product_object"":{""reason"":""NO_NON_CARD_OBJECT_EVIDENCE"",""state"":""SINGLE_RAW_CARD""},""raw"":""COMPATIBLE"",""set"":{""conflicts"":[],""matched"":[""scarlet violet base set"",""scarlet violet base""],""state"":""ALIAS""},""variant"":{""conflicting_treatments"":[],""matched"":[],""parallel_terms"":[],""state"":""ABSENT""}}",NAME_CONFLICT,index_fair_value_ebay_d2m_v2,a2ac052891df2745f2a2dde8b615a5ccbf1ef23a777eb2a0310e35aef94f6d5e,40da9c4ccbe030124d608c59673902f662e14835cc0d8c4b4fffb89231b97a7a,ece085640a013d2803b0364ddf358ef6b1390854,2026-09-12T23:20:59.787335+00:00
D2-0013,018c983e-b1d0-41df-880e-ebf3f2e2fb12,Penny,Scarlet and Violet Base Set,252,special_illustration_rare,Penny 183/198 Uncommon Scarlet and Violet Base Set Lightly Played Pokemon Card,WRONG_CARD_NUMBER,REJECTED,REJECTED,SINGLE_RAW_CARD,RAW_CONDITION_UNGRADED_UNSPECIFIED,"{""language"":""COMPATIBLE"",""name"":""MATCH"",""number"":{""observed"":[""183""],""state"":""CONFLICT"",""target"":""252""},""product_object"":{""reason"":""NO_NON_CARD_OBJECT_EVIDENCE"",""state"":""SINGLE_RAW_CARD""},""raw"":""COMPATIBLE"",""set"":{""conflicts"":[],""matched"":[],""state"":""ABSENT""},""variant"":{""conflicting_treatments"":[],""matched"":[],""parallel_terms"":[],""state"":""ABSENT""}}",WRONG_CARD_NUMBER,index_fair_value_ebay_d2m_v2,a2ac052891df2745f2a2dde8b615a5ccbf1ef23a777eb2a0310e35aef94f6d5e,40da9c4ccbe030124d608c59673902f662e14835cc0d8c4b4fffb89231b97a7a,ece085640a013d2803b0364ddf358ef6b1390854,2026-09-12T23:20:59.787335+00:00
D2-0016,0331d96e-d8af-44d3-9552-85f784d9b4ca,Trubbish,White Flare,140,illustration_rare,Trubbish 140/086 Illustration Rare White Flare Pokemon Holo Pokemon NM,EXACT_TARGET_MATCH,HIGH_CONFIDENCE,HIGH_CONFIDENCE,SINGLE_RAW_CARD,RAW_CONDITION_STATED_NM,"{""language"":""COMPATIBLE"",""name"":""MATCH"",""number"":{""observed"":[""140""],""state"":""MATCH"",""target"":""140""},""product_object"":{""reason"":""NO_NON_CARD_OBJECT_EVIDENCE"",""state"":""SINGLE_RAW_CARD""},""raw"":""COMPATIBLE"",""set"":{""conflicts"":[],""matched"":[""white flare""],""state"":""EXACT""},""variant"":{""conflicting_treatments"":[],""matched"":[""illustration rare""],""parallel_terms"":[],""state"":""MATCH""}}",THREE_FACTOR_IDENTITY,index_fair_value_ebay_d2m_v2,a2ac052891df2745f2a2dde8b615a5ccbf1ef23a777eb2a0310e35aef94f6d5e,40da9c4ccbe030124d608c59673902f662e14835cc0d8c4b4fffb89231b97a7a,ece085640a013d2803b0364ddf358ef6b1390854,2026-09-12T23:20:59.787335+00:00
D2-0020,0331d96e-d8af-44d3-9552-85f784d9b4ca,Trubbish,White Flare,140,illustration_rare,POKEMON TRUBBISH 140/086 HOLO WHT,EXACT_TARGET_MATCH,HIGH_CONFIDENCE,HIGH_CONFIDENCE,SINGLE_RAW_CARD,RAW_CONDITION_UNGRADED_UNSPECIFIED,"{""language"":""COMPATIBLE"",""name"":""MATCH"",""number"":{""observed"":[""140""],""state"":""MATCH"",""target"":""140""},""product_object"":{""reason"":""NO_NON_CARD_OBJECT_EVIDENCE"",""state"":""SINGLE_RAW_CARD""},""raw"":""COMPATIBLE"",""set"":{""conflicts"":[],""matched"":[""wht""],""state"":""ALIAS""},""variant"":{""conflicting_treatments"":[],""matched"":[],""parallel_terms"":[],""state"":""ABSENT""}}",THREE_FACTOR_IDENTITY,index_fair_value_ebay_d2m_v2,a2ac052891df2745f2a2dde8b615a5ccbf1ef23a777eb2a0310e35aef94f6d5e,40da9c4ccbe030124d608c59673902f662e14835cc0d8c4b4fffb89231b97a7a,ece085640a013d2803b0364ddf358ef6b1390854,2026-09-12T23:20:59.787335+00:00
D2-0023,0331d96e-d8af-44d3-9552-85f784d9b4ca,Trubbish,White Flare,140,illustration_rare,White Flare Pokemon Cards! Holo/Reverse Holo Rare Illustration Full Art SIR Card,EXACT_TARGET_MATCH,REJECTED,REJECTED,SINGLE_RAW_CARD,RAW_CONDITION_UNGRADED_UNSPECIFIED,"{""language"":""COMPATIBLE"",""name"":""CONFLICT"",""number"":{""observed"":[],""state"":""ABSENT"",""target"":""140""},""product_object"":{""reason"":""NO_NON_CARD_OBJECT_EVIDENCE"",""state"":""SINGLE_RAW_CARD""},""raw"":""COMPATIBLE"",""set"":{""conflicts"":[],""matched"":[""white flare""],""state"":""EXACT""},""variant"":{""conflicting_treatments"":[""special_illustration_rare"",""ultra_rare""],""matched"":[],""parallel_terms"":[""reverse holo""],""state"":""CONFLICT""}}",NAME_CONFLICT,index_fair_value_ebay_d2m_v2,a2ac052891df2745f2a2dde8b615a5ccbf1ef23a777eb2a0310e35aef94f6d5e,40da9c4ccbe030124d608c59673902f662e14835cc0d8c4b4fffb89231b97a7a,ece085640a013d2803b0364ddf358ef6b1390854,2026-09-12T23:20:59.787335+00:00
D2-0024,0331d96e-d8af-44d3-9552-85f784d9b4ca,Trubbish,White Flare,140,illustration_rare,Pokemon White Flare Holo and Non Holo Pick Your Card SV11 TCG,WRONG_CARD_NUMBER,REJECTED,REJECTED,MULTI_CARD_OFFER,NOT_APPLICABLE_NON_SINGLE_CARD,"{""product_object"":{""reason"":""SELECTABLE_OR_MULTI_CARD_CONTEXT"",""state"":""MULTI_CARD_OFFER""}}",MULTI_CARD_OFFER,index_fair_value_ebay_d2m_v2,a2ac052891df2745f2a2dde8b615a5ccbf1ef23a777eb2a0310e35aef94f6d5e,40da9c4ccbe030124d608c59673902f662e14835cc0d8c4b4fffb89231b97a7a,ece085640a013d2803b0364ddf358ef6b1390854,2026-09-12T23:20:59.787335+00:00
D2-0028,0331d96e-d8af-44d3-9552-85f784d9b4ca,Trubbish,White Flare,140,illustration_rare,Trubbish 140/086 NM White Flare Pokemon Card illustration Rare IR AR 86 Art Bolt,EXACT_TARGET_MATCH,HIGH_CONFIDENCE,HIGH_CONFIDENCE,SINGLE_RAW_CARD,RAW_CONDITION_STATED_NM,"{""language"":""COMPATIBLE"",""name"":""MATCH"",""number"":{""observed"":[""140""],""state"":""MATCH"",""target"":""140""},""product_object"":{""reason"":""NO_NON_CARD_OBJECT_EVIDENCE"",""state"":""SINGLE_RAW_CARD""},""raw"":""COMPATIBLE"",""set"":{""conflicts"":[],""matched"":[""white flare""],""state"":""EXACT""},""variant"":{""conflicting_treatments"":[],""matched"":[""illustration rare"",""ir""],""parallel_terms"":[],""state"":""MATCH""}}",THREE_FACTOR_IDENTITY,index_fair_value_ebay_d2m_v2,a2ac052891df2745f2a2dde8b615a5ccbf1ef23a777eb2a0310e35aef94f6d5e,40da9c4ccbe030124d608c59673902f662e14835cc0d8c4b4fffb89231b97a7a,ece085640a013d2803b0364ddf358ef6b1390854,2026-09-12T23:20:59.787335+00:00
D2-0032,0b81872e-b089-49e9-aec3-16a535b12efb,Haxorus,Black Bolt,147,illustration_rare,Haxorus 147/086 Black Bolt Holo Illustration Rare Near Mint,EXACT_TARGET_MATCH,HIGH_CONFIDENCE,HIGH_CONFIDENCE,SINGLE_RAW_CARD,RAW_CONDITION_STATED_NM,"{""language"":""COMPATIBLE"",""name"":""MATCH"",""number"":{""observed"":[""147""],""state"":""MATCH"",""target"":""147""},""product_object"":{""reason"":""NO_NON_CARD_OBJECT_EVIDENCE"",""state"":""SINGLE_RAW_CARD""},""raw"":""COMPATIBLE"",""set"":{""conflicts"":[],""matched"":[""black bolt""],""state"":""EXACT""},""variant"":{""conflicting_treatments"":[],""matched"":[""illustration rare""],""parallel_terms"":[],""state"":""MATCH""}}",THREE_FACTOR_IDENTITY,index_fair_value_ebay_d2m_v2,a2ac052891df2745f2a2dde8b615a5ccbf1ef23a777eb2a0310e35aef94f6d5e,40da9c4ccbe030124d608c59673902f662e14835cc0d8c4b4fffb89231b97a7a,ece085640a013d2803b0364ddf358ef6b1390854,2026-09-12T23:20:59.787335+00:00
D2-0037,0b81872e-b089-49e9-aec3-16a535b12efb,Haxorus,Black Bolt,147,illustration_rare,Haxorus 147/086 Pokemon TCG Sv: Black Bolt Extended Art Case,SEALED_OR_ACCESSORY,REJECTED,REJECTED,CARD_ACCESSORY,NOT_APPLICABLE_NON_SINGLE_CARD,"{""product_object"":{""ontology_matches"":[""ART_CASE""],""reason"":""ACCESSORY_PRODUCT_CONTEXT"",""state"":""CARD_ACCESSORY""}}",CARD_ACCESSORY,index_fair_value_ebay_d2m_v2,a2ac052891df2745f2a2dde8b615a5ccbf1ef23a777eb2a0310e35aef94f6d5e,40da9c4ccbe030124d608c59673902f662e14835cc0d8c4b4fffb89231b97a7a,ece085640a013d2803b0364ddf358ef6b1390854,2026-09-12T23:20:59.787335+00:00
D2-0038,0b81872e-b089-49e9-aec3-16a535b12efb,Haxorus,Black Bolt,147,illustration_rare,2025 POKEMON BLK EN-BLACK BOLT ILLUSTRATION RARE #147 HAXORUS PSA 10,GRADED,REJECTED,REJECTED,GRADED_CARD,GRADED,"{""product_object"":{""reason"":""GRADE_OR_SLAB_EVIDENCE"",""state"":""GRADED_CARD""}}",GRADED_CARD,index_fair_value_ebay_d2m_v2,a2ac052891df2745f2a2dde8b615a5ccbf1ef23a777eb2a0310e35aef94f6d5e,40da9c4ccbe030124d608c59673902f662e14835cc0d8c4b4fffb89231b97a7a,ece085640a013d2803b0364ddf358ef6b1390854,2026-09-12T23:20:59.787335+00:00
D2-0040,0b81872e-b089-49e9-aec3-16a535b12efb,Haxorus,Black Bolt,147,illustration_rare,2025 POKEMON BLK EN-BLACK BOLT ILLUSTRATION RARE #147 HAXORUS PSA 9,GRADED,REJECTED,REJECTED,GRADED_CARD,GRADED,"{""product_object"":{""reason"":""GRADE_OR_SLAB_EVIDENCE"",""state"":""GRADED_CARD""}}",GRADED_CARD,index_fair_value_ebay_d2m_v2,a2ac052891df2745f2a2dde8b615a5ccbf1ef23a777eb2a0310e35aef94f6d5e,40da9c4ccbe030124d608c59673902f662e14835cc0d8c4b4fffb89231b97a7a,ece085640a013d2803b0364ddf358ef6b1390854,2026-09-12T23:20:59.787335+00:00
D2-0042,0b81872e-b089-49e9-aec3-16a535b12efb,Haxorus,Black Bolt,147,illustration_rare,Haxorus 147/086 Pokemon TCG Sv: Black Bolt Magnetic 🧲 Extended Art Case,SEALED_OR_ACCESSORY,REJECTED,REJECTED,CARD_ACCESSORY,NOT_APPLICABLE_NON_SINGLE_CARD,"{""product_object"":{""ontology_matches"":[""ART_CASE""],""reason"":""ACCESSORY_PRODUCT_CONTEXT"",""state"":""CARD_ACCESSORY""}}",CARD_ACCESSORY,index_fair_value_ebay_d2m_v2,a2ac052891df2745f2a2dde8b615a5ccbf1ef23a777eb2a0310e35aef94f6d5e,40da9c4ccbe030124d608c59673902f662e14835cc0d8c4b4fffb89231b97a7a,ece085640a013d2803b0364ddf358ef6b1390854,2026-09-12T23:20:59.787335+00:00
D2-0051,0dde3317-5162-49d1-b5c9-6b206a086d2c,Tinkatuff,Paldean Fates,166,shiny_rare,Tinkatuff 166/091 - Shiny Rare PAF - Pokemon Holo NM,EXACT_TARGET_MATCH,HIGH_CONFIDENCE,HIGH_CONFIDENCE,SINGLE_RAW_CARD,RAW_CONDITION_STATED_NM,"{""language"":""COMPATIBLE"",""name"":""MATCH"",""number"":{""observed"":[""166""],""state"":""MATCH"",""target"":""166""},""product_object"":{""reason"":""NO_NON_CARD_OBJECT_EVIDENCE"",""state"":""SINGLE_RAW_CARD""},""raw"":""COMPATIBLE"",""set"":{""conflicts"":[],""matched"":[""paf""],""state"":""ALIAS""},""variant"":{""conflicting_treatments"":[],""matched"":[""shiny rare"",""shiny""],""parallel_terms"":[],""state"":""MATCH""}}",THREE_FACTOR_IDENTITY,index_fair_value_ebay_d2m_v2,a2ac052891df2745f2a2dde8b615a5ccbf1ef23a777eb2a0310e35aef94f6d5e,40da9c4ccbe030124d608c59673902f662e14835cc0d8c4b4fffb89231b97a7a,ece085640a013d2803b0364ddf358ef6b1390854,2026-09-12T23:20:59.787335+00:00
D2-0055,0dde3317-5162-49d1-b5c9-6b206a086d2c,Tinkatuff,Paldean Fates,166,shiny_rare,Pokemon TCG Paldean Fates Shiny! Complete your Collection! Choose your own! NM,AMBIGUOUS,REJECTED,REJECTED,MULTI_CARD_OFFER,NOT_APPLICABLE_NON_SINGLE_CARD,"{""product_object"":{""reason"":""SELECTABLE_OR_MULTI_CARD_CONTEXT"",""state"":""MULTI_CARD_OFFER""}}",MULTI_CARD_OFFER,index_fair_value_ebay_d2m_v2,a2ac052891df2745f2a2dde8b615a5ccbf1ef23a777eb2a0310e35aef94f6d5e,40da9c4ccbe030124d608c59673902f662e14835cc0d8c4b4fffb89231b97a7a,ece085640a013d2803b0364ddf358ef6b1390854,2026-09-12T23:20:59.787335+00:00
D2-0057,0dde3317-5162-49d1-b5c9-6b206a086d2c,Tinkatuff,Paldean Fates,166,shiny_rare,Tinkatuff 166/091 SV: Paldean Fates Holo,EXACT_TARGET_MATCH,HIGH_CONFIDENCE,HIGH_CONFIDENCE,SINGLE_RAW_CARD,RAW_CONDITION_UNGRADED_UNSPECIFIED,"{""language"":""COMPATIBLE"",""name"":""MATCH"",""number"":{""observed"":[""166""],""state"":""MATCH"",""target"":""166""},""product_object"":{""reason"":""NO_NON_CARD_OBJECT_EVIDENCE"",""state"":""SINGLE_RAW_CARD""},""raw"":""COMPATIBLE"",""set"":{""conflicts"":[],""matched"":[""paldean fates""],""state"":""EXACT""},""variant"":{""conflicting_treatments"":[],""matched"":[],""parallel_terms"":[],""state"":""ABSENT""}}",THREE_FACTOR_IDENTITY,index_fair_value_ebay_d2m_v2,a2ac052891df2745f2a2dde8b615a5ccbf1ef23a777eb2a0310e35aef94f6d5e,40da9c4ccbe030124d608c59673902f662e14835cc0d8c4b4fffb89231b97a7a,ece085640a013d2803b0364ddf358ef6b1390854,2026-09-12T23:20:59.787335+00:00
D2-0058,0dde3317-5162-49d1-b5c9-6b206a086d2c,Tinkatuff,Paldean Fates,166,shiny_rare,Tinkatuff 166/091 SV: Paldean Fates Shiny Rare Holo NM,EXACT_TARGET_MATCH,HIGH_CONFIDENCE,HIGH_CONFIDENCE,SINGLE_RAW_CARD,RAW_CONDITION_STATED_NM,"{""language"":""COMPATIBLE"",""name"":""MATCH"",""number"":{""observed"":[""166""],""state"":""MATCH"",""target"":""166""},""product_object"":{""reason"":""NO_NON_CARD_OBJECT_EVIDENCE"",""state"":""SINGLE_RAW_CARD""},""raw"":""COMPATIBLE"",""set"":{""conflicts"":[],""matched"":[""paldean fates""],""state"":""EXACT""},""variant"":{""conflicting_treatments"":[],""matched"":[""shiny rare"",""shiny""],""parallel_terms"":[],""state"":""MATCH""}}",THREE_FACTOR_IDENTITY,index_fair_value_ebay_d2m_v2,a2ac052891df2745f2a2dde8b615a5ccbf1ef23a777eb2a0310e35aef94f6d5e,40da9c4ccbe030124d608c59673902f662e14835cc0d8c4b4fffb89231b97a7a,ece085640a013d2803b0364ddf358ef6b1390854,2026-09-12T23:20:59.787335+00:00
D2-0060,0dde3317-5162-49d1-b5c9-6b206a086d2c,Tinkatuff,Paldean Fates,166,shiny_rare,SV: Paldean Fates #166/091 Tinkatuff,EXACT_TARGET_MATCH,HIGH_CONFIDENCE,HIGH_CONFIDENCE,SINGLE_RAW_CARD,RAW_CONDITION_UNGRADED_UNSPECIFIED,"{""language"":""COMPATIBLE"",""name"":""MATCH"",""number"":{""observed"":[""166""],""state"":""MATCH"",""target"":""166""},""product_object"":{""reason"":""NO_NON_CARD_OBJECT_EVIDENCE"",""state"":""SINGLE_RAW_CARD""},""raw"":""COMPATIBLE"",""set"":{""conflicts"":[],""matched"":[""paldean fates""],""state"":""EXACT""},""variant"":{""conflicting_treatments"":[],""matched"":[],""parallel_terms"":[],""state"":""ABSENT""}}",THREE_FACTOR_IDENTITY,index_fair_value_ebay_d2m_v2,a2ac052891df2745f2a2dde8b615a5ccbf1ef23a777eb2a0310e35aef94f6d5e,40da9c4ccbe030124d608c59673902f662e14835cc0d8c4b4fffb89231b97a7a,ece085640a013d2803b0364ddf358ef6b1390854,2026-09-12T23:20:59.787335+00:00
D2-0061,10a47631-ea19-4b62-8a93-4b1b3e6b3013,Lt. Surge's Bargain,Mega Evolution,185,special_illustration_rare,Lt. Surge's Bargain Holofoil 185/132 Mega Evolution Special Illustration Rare,EXACT_TARGET_MATCH,HIGH_CONFIDENCE,HIGH_CONFIDENCE,SINGLE_RAW_CARD,RAW_CONDITION_UNGRADED_UNSPECIFIED,"{""language"":""COMPATIBLE"",""name"":""MATCH"",""number"":{""observed"":[""185""],""state"":""MATCH"",""target"":""185""},""product_object"":{""reason"":""NO_NON_CARD_OBJECT_EVIDENCE"",""state"":""SINGLE_RAW_CARD""},""raw"":""COMPATIBLE"",""set"":{""conflicts"":[],""matched"":[""mega evolution""],""state"":""EXACT""},""variant"":{""conflicting_treatments"":[""illustration_rare""],""matched"":[""special illustration rare""],""parallel_terms"":[],""state"":""MATCH""}}",THREE_FACTOR_IDENTITY,index_fair_value_ebay_d2m_v2,a2ac052891df2745f2a2dde8b615a5ccbf1ef23a777eb2a0310e35aef94f6d5e,40da9c4ccbe030124d608c59673902f662e14835cc0d8c4b4fffb89231b97a7a,ece085640a013d2803b0364ddf358ef6b1390854,2026-09-12T23:20:59.787335+00:00
D2-0066,10a47631-ea19-4b62-8a93-4b1b3e6b3013,Lt. Surge's Bargain,Mega Evolution,185,special_illustration_rare,Pokémon TCG Lt. Surge's Bargain 185/132 ME01 Special illustration Rare Holo MINT,EXACT_TARGET_MATCH,HIGH_CONFIDENCE,HIGH_CONFIDENCE,SINGLE_RAW_CARD,RAW_CONDITION_UNGRADED_UNSPECIFIED,"{""language"":""COMPATIBLE"",""name"":""MATCH"",""number"":{""observed"":[""185""],""state"":""MATCH"",""target"":""185""},""product_object"":{""reason"":""NO_NON_CARD_OBJECT_EVIDENCE"",""state"":""SINGLE_RAW_CARD""},""raw"":""COMPATIBLE"",""set"":{""conflicts"":[],""matched"":[""me01""],""state"":""ALIAS""},""variant"":{""conflicting_treatments"":[""illustration_rare""],""matched"":[""special illustration rare""],""parallel_terms"":[],""state"":""MATCH""}}",THREE_FACTOR_IDENTITY,index_fair_value_ebay_d2m_v2,a2ac052891df2745f2a2dde8b615a5ccbf1ef23a777eb2a0310e35aef94f6d5e,40da9c4ccbe030124d608c59673902f662e14835cc0d8c4b4fffb89231b97a7a,ece085640a013d2803b0364ddf358ef6b1390854,2026-09-12T23:20:59.787335+00:00
D2-0067,10a47631-ea19-4b62-8a93-4b1b3e6b3013,Lt. Surge's Bargain,Mega Evolution,185,special_illustration_rare,Mega Evolution Pokémon Cards! Holo/Reverse Holo EX SIR Illustration Rare Card!,EXACT_TARGET_MATCH,REJECTED,REJECTED,SINGLE_RAW_CARD,RAW_CONDITION_UNGRADED_UNSPECIFIED,"{""language"":""COMPATIBLE"",""name"":""CONFLICT"",""number"":{""observed"":[],""state"":""ABSENT"",""target"":""185""},""product_object"":{""reason"":""NO_NON_CARD_OBJECT_EVIDENCE"",""state"":""SINGLE_RAW_CARD""},""raw"":""COMPATIBLE"",""set"":{""conflicts"":[],""matched"":[""mega evolution""],""state"":""EXACT""},""variant"":{""conflicting_treatments"":[""illustration_rare""],""matched"":[""sir""],""parallel_terms"":[""reverse holo""],""state"":""CONFLICT""}}",NAME_CONFLICT,index_fair_value_ebay_d2m_v2,a2ac052891df2745f2a2dde8b615a5ccbf1ef23a777eb2a0310e35aef94f6d5e,40da9c4ccbe030124d608c59673902f662e14835cc0d8c4b4fffb89231b97a7a,ece085640a013d2803b0364ddf358ef6b1390854,2026-09-12T23:20:59.787335+00:00
D2-0070,10a47631-ea19-4b62-8a93-4b1b3e6b3013,Lt. Surge's Bargain,Mega Evolution,185,special_illustration_rare,2025 Pokemon Mega Evolution #185 Lt. Surge's Bargain Special Illstrn Rare PSA 9,GRADED,REJECTED,REJECTED,GRADED_CARD,GRADED,"{""product_object"":{""reason"":""GRADE_OR_SLAB_EVIDENCE"",""state"":""GRADED_CARD""}}",GRADED_CARD,index_fair_value_ebay_d2m_v2,a2ac052891df2745f2a2dde8b615a5ccbf1ef23a777eb2a0310e35aef94f6d5e,40da9c4ccbe030124d608c59673902f662e14835cc0d8c4b4fffb89231b97a7a,ece085640a013d2803b0364ddf358ef6b1390854,2026-09-12T23:20:59.787335+00:00
D2-0073,10a47631-ea19-4b62-8a93-4b1b3e6b3013,Lt. Surge's Bargain,Mega Evolution,185,special_illustration_rare,The Pokémon Company Lt. Surge's Bargain 185/132 Mega Evolution SIR Holo PSA 10,GRADED,REJECTED,REJECTED,GRADED_CARD,GRADED,"{""product_object"":{""reason"":""GRADE_OR_SLAB_EVIDENCE"",""state"":""GRADED_CARD""}}",GRADED_CARD,index_fair_value_ebay_d2m_v2,a2ac052891df2745f2a2dde8b615a5ccbf1ef23a777eb2a0310e35aef94f6d5e,40da9c4ccbe030124d608c59673902f662e14835cc0d8c4b4fffb89231b97a7a,ece085640a013d2803b0364ddf358ef6b1390854,2026-09-12T23:20:59.787335+00:00
D2-0078,147a436d-4ccc-43d1-b19a-20b74d2ff723,Carmine,Twilight Masquerade,217,special_illustration_rare,Carmine SV06: Twilight Masquerade #217/167,EXACT_TARGET_MATCH,HIGH_CONFIDENCE,HIGH_CONFIDENCE,SINGLE_RAW_CARD,RAW_CONDITION_UNGRADED_UNSPECIFIED,"{""language"":""COMPATIBLE"",""name"":""MATCH"",""number"":{""observed"":[""217""],""state"":""MATCH"",""target"":""217""},""product_object"":{""reason"":""NO_NON_CARD_OBJECT_EVIDENCE"",""state"":""SINGLE_RAW_CARD""},""raw"":""COMPATIBLE"",""set"":{""conflicts"":[],""matched"":[""twilight masquerade"",""sv06""],""state"":""EXACT""},""variant"":{""conflicting_treatments"":[],""matched"":[],""parallel_terms"":[],""state"":""ABSENT""}}",THREE_FACTOR_IDENTITY,index_fair_value_ebay_d2m_v2,a2ac052891df2745f2a2dde8b615a5ccbf1ef23a777eb2a0310e35aef94f6d5e,40da9c4ccbe030124d608c59673902f662e14835cc0d8c4b4fffb89231b97a7a,ece085640a013d2803b0364ddf358ef6b1390854,2026-09-12T23:20:59.787335+00:00
D2-0083,147a436d-4ccc-43d1-b19a-20b74d2ff723,Carmine,Twilight Masquerade,217,special_illustration_rare,Carmine 217/167 Pokemon SV06: Twilight Masquerade Special Illustration Rare PSA9,GRADED,REJECTED,REJECTED,GRADED_CARD,GRADED,"{""product_object"":{""reason"":""GRADE_OR_SLAB_EVIDENCE"",""state"":""GRADED_CARD""}}",GRADED_CARD,index_fair_value_ebay_d2m_v2,a2ac052891df2745f2a2dde8b615a5ccbf1ef23a777eb2a0310e35aef94f6d5e,40da9c4ccbe030124d608c59673902f662e14835cc0d8c4b4fffb89231b97a7a,ece085640a013d2803b0364ddf358ef6b1390854,2026-09-12T23:20:59.787335+00:00
D2-0084,147a436d-4ccc-43d1-b19a-20b74d2ff723,Carmine,Twilight Masquerade,217,special_illustration_rare,Carmine 217 SIR Twilight Masquerade Magnetic 🧲 Extended Art Case,SEALED_OR_ACCESSORY,REJECTED,REJECTED,CARD_ACCESSORY,NOT_APPLICABLE_NON_SINGLE_CARD,"{""product_object"":{""ontology_matches"":[""ART_CASE""],""reason"":""ACCESSORY_PRODUCT_CONTEXT"",""state"":""CARD_ACCESSORY""}}",CARD_ACCESSORY,index_fair_value_ebay_d2m_v2,a2ac052891df2745f2a2dde8b615a5ccbf1ef23a777eb2a0310e35aef94f6d5e,40da9c4ccbe030124d608c59673902f662e14835cc0d8c4b4fffb89231b97a7a,ece085640a013d2803b0364ddf358ef6b1390854,2026-09-12T23:20:59.787335+00:00
D2-0088,147a436d-4ccc-43d1-b19a-20b74d2ff723,Carmine,Twilight Masquerade,217,special_illustration_rare,CGC 10 Carmine 217/167 SIR Twilight Masquerade TWM Pokemon Card,GRADED,REJECTED,REJECTED,GRADED_CARD,GRADED,"{""product_object"":{""reason"":""GRADE_OR_SLAB_EVIDENCE"",""state"":""GRADED_CARD""}}",GRADED_CARD,index_fair_value_ebay_d2m_v2,a2ac052891df2745f2a2dde8b615a5ccbf1ef23a777eb2a0310e35aef94f6d5e,40da9c4ccbe030124d608c59673902f662e14835cc0d8c4b4fffb89231b97a7a,ece085640a013d2803b0364ddf358ef6b1390854,2026-09-12T23:20:59.787335+00:00
D2-0089,147a436d-4ccc-43d1-b19a-20b74d2ff723,Carmine,Twilight Masquerade,217,special_illustration_rare,Carmine 217 Twilight Masquerade Pokemon TCG NM,EXACT_TARGET_MATCH,HIGH_CONFIDENCE,HIGH_CONFIDENCE,SINGLE_RAW_CARD,RAW_CONDITION_STATED_NM,"{""language"":""COMPATIBLE"",""name"":""MATCH"",""number"":{""observed"":[""217""],""state"":""MATCH"",""target"":""217""},""product_object"":{""reason"":""NO_NON_CARD_OBJECT_EVIDENCE"",""state"":""SINGLE_RAW_CARD""},""raw"":""COMPATIBLE"",""set"":{""conflicts"":[],""matched"":[""twilight masquerade""],""state"":""EXACT""},""variant"":{""conflicting_treatments"":[],""matched"":[],""parallel_terms"":[],""state"":""ABSENT""}}",THREE_FACTOR_IDENTITY,index_fair_value_ebay_d2m_v2,a2ac052891df2745f2a2dde8b615a5ccbf1ef23a777eb2a0310e35aef94f6d5e,40da9c4ccbe030124d608c59673902f662e14835cc0d8c4b4fffb89231b97a7a,ece085640a013d2803b0364ddf358ef6b1390854,2026-09-12T23:20:59.787335+00:00
D2-0093,152906c9-3b9f-4f16-bb22-cb4241c7386b,Giovanni's Charisma,Scarlet and Violet 151,204,special_illustration_rare,Giovanni's Charisma 204/165 - 151 Scarlet and Violet - Pokemon TCG,EXACT_TARGET_MATCH,AMBIGUOUS,AMBIGUOUS,SINGLE_RAW_CARD,RAW_CONDITION_UNGRADED_UNSPECIFIED,"{""language"":""COMPATIBLE"",""name"":""MATCH"",""number"":{""observed"":[""204""],""state"":""MATCH"",""target"":""204""},""product_object"":{""reason"":""NO_NON_CARD_OBJECT_EVIDENCE"",""state"":""SINGLE_RAW_CARD""},""raw"":""COMPATIBLE"",""set"":{""conflicts"":[],""matched"":[],""state"":""ABSENT""},""variant"":{""conflicting_treatments"":[],""matched"":[],""parallel_terms"":[],""state"":""ABSENT""}}",INSUFFICIENT_INDEPENDENT_EVIDENCE,index_fair_value_ebay_d2m_v2,a2ac052891df2745f2a2dde8b615a5ccbf1ef23a777eb2a0310e35aef94f6d5e,40da9c4ccbe030124d608c59673902f662e14835cc0d8c4b4fffb89231b97a7a,ece085640a013d2803b0364ddf358ef6b1390854,2026-09-12T23:20:59.787335+00:00
D2-0099,152906c9-3b9f-4f16-bb22-cb4241c7386b,Giovanni's Charisma,Scarlet and Violet 151,204,special_illustration_rare,Giovannis Charisma 204/165 Scarlet & Violet 151 Special Illustration Rare SIR NM,EXACT_TARGET_MATCH,REJECTED,REJECTED,SINGLE_RAW_CARD,RAW_CONDITION_STATED_NM,"{""language"":""COMPATIBLE"",""name"":""CONFLICT"",""number"":{""observed"":[""204""],""state"":""MATCH"",""target"":""204""},""product_object"":{""reason"":""NO_NON_CARD_OBJECT_EVIDENCE"",""state"":""SINGLE_RAW_CARD""},""raw"":""COMPATIBLE"",""set"":{""conflicts"":[],""matched"":[""scarlet violet 151""],""state"":""ALIAS""},""variant"":{""conflicting_treatments"":[""illustration_rare""],""matched"":[""special illustration rare"",""sir""],""parallel_terms"":[],""state"":""MATCH""}}",NAME_CONFLICT,index_fair_value_ebay_d2m_v2,a2ac052891df2745f2a2dde8b615a5ccbf1ef23a777eb2a0310e35aef94f6d5e,40da9c4ccbe030124d608c59673902f662e14835cc0d8c4b4fffb89231b97a7a,ece085640a013d2803b0364ddf358ef6b1390854,2026-09-12T23:20:59.787335+00:00
D2-0101,152906c9-3b9f-4f16-bb22-cb4241c7386b,Giovanni's Charisma,Scarlet and Violet 151,204,special_illustration_rare,Giovanni's Charisma Holo Ultra Rare SV: Scarlet & Violet 151 197/165 NM,WRONG_CARD_NUMBER,REJECTED,REJECTED,SINGLE_RAW_CARD,RAW_CONDITION_STATED_NM,"{""language"":""COMPATIBLE"",""name"":""MATCH"",""number"":{""observed"":[""197""],""state"":""CONFLICT"",""target"":""204""},""product_object"":{""reason"":""NO_NON_CARD_OBJECT_EVIDENCE"",""state"":""SINGLE_RAW_CARD""},""raw"":""COMPATIBLE"",""set"":{""conflicts"":[],""matched"":[""scarlet violet 151""],""state"":""ALIAS""},""variant"":{""conflicting_treatments"":[""ultra_rare""],""matched"":[],""parallel_terms"":[],""state"":""CONFLICT""}}",WRONG_CARD_NUMBER,index_fair_value_ebay_d2m_v2,a2ac052891df2745f2a2dde8b615a5ccbf1ef23a777eb2a0310e35aef94f6d5e,40da9c4ccbe030124d608c59673902f662e14835cc0d8c4b4fffb89231b97a7a,ece085640a013d2803b0364ddf358ef6b1390854,2026-09-12T23:20:59.787335+00:00
D2-0103,152906c9-3b9f-4f16-bb22-cb4241c7386b,Giovanni's Charisma,Scarlet and Violet 151,204,special_illustration_rare,SV: Scarlet & Violet 151 #204/165 Giovanni's Charisma,EXACT_TARGET_MATCH,HIGH_CONFIDENCE,HIGH_CONFIDENCE,SINGLE_RAW_CARD,RAW_CONDITION_UNGRADED_UNSPECIFIED,"{""language"":""COMPATIBLE"",""name"":""MATCH"",""number"":{""observed"":[""204""],""state"":""MATCH"",""target"":""204""},""product_object"":{""reason"":""NO_NON_CARD_OBJECT_EVIDENCE"",""state"":""SINGLE_RAW_CARD""},""raw"":""COMPATIBLE"",""set"":{""conflicts"":[],""matched"":[""scarlet violet 151""],""state"":""ALIAS""},""variant"":{""conflicting_treatments"":[],""matched"":[],""parallel_terms"":[],""state"":""ABSENT""}}",THREE_FACTOR_IDENTITY,index_fair_value_ebay_d2m_v2,a2ac052891df2745f2a2dde8b615a5ccbf1ef23a777eb2a0310e35aef94f6d5e,40da9c4ccbe030124d608c59673902f662e14835cc0d8c4b4fffb89231b97a7a,ece085640a013d2803b0364ddf358ef6b1390854,2026-09-12T23:20:59.787335+00:00
D2-0105,152906c9-3b9f-4f16-bb22-cb4241c7386b,Giovanni's Charisma,Scarlet and Violet 151,204,special_illustration_rare,Giovanni's Charisma Ultra Rare SV: Scarlet & Violet 151 197/165 NM,WRONG_CARD_NUMBER,REJECTED,REJECTED,SINGLE_RAW_CARD,RAW_CONDITION_STATED_NM,"{""language"":""COMPATIBLE"",""name"":""MATCH"",""number"":{""observed"":[""197""],""state"":""CONFLICT"",""target"":""204""},""product_object"":{""reason"":""NO_NON_CARD_OBJECT_EVIDENCE"",""state"":""SINGLE_RAW_CARD""},""raw"":""COMPATIBLE"",""set"":{""conflicts"":[],""matched"":[""scarlet violet 151""],""state"":""ALIAS""},""variant"":{""conflicting_treatments"":[""ultra_rare""],""matched"":[],""parallel_terms"":[],""state"":""CONFLICT""}}",WRONG_CARD_NUMBER,index_fair_value_ebay_d2m_v2,a2ac052891df2745f2a2dde8b615a5ccbf1ef23a777eb2a0310e35aef94f6d5e,40da9c4ccbe030124d608c59673902f662e14835cc0d8c4b4fffb89231b97a7a,ece085640a013d2803b0364ddf358ef6b1390854,2026-09-12T23:20:59.787335+00:00
D2-0112,15faf94c-4a3b-4f09-a867-f2ded1174419,Veluza,Paradox Rift,192,illustration_rare,Pokemon Paradox Rift - Choose Your Card! - Holo/Reverse Holo - NM,EXACT_TARGET_MATCH,REJECTED,REJECTED,MULTI_CARD_OFFER,NOT_APPLICABLE_NON_SINGLE_CARD,"{""product_object"":{""reason"":""SELECTABLE_OR_MULTI_CARD_CONTEXT"",""state"":""MULTI_CARD_OFFER""}}",MULTI_CARD_OFFER,index_fair_value_ebay_d2m_v2,a2ac052891df2745f2a2dde8b615a5ccbf1ef23a777eb2a0310e35aef94f6d5e,40da9c4ccbe030124d608c59673902f662e14835cc0d8c4b4fffb89231b97a7a,ece085640a013d2803b0364ddf358ef6b1390854,2026-09-12T23:20:59.787335+00:00
D2-0115,15faf94c-4a3b-4f09-a867-f2ded1174419,Veluza,Paradox Rift,192,illustration_rare,2023 Paradox Rift #192/182 Veluza CGC 9.5,GRADED,REJECTED,REJECTED,GRADED_CARD,GRADED,"{""product_object"":{""reason"":""GRADE_OR_SLAB_EVIDENCE"",""state"":""GRADED_CARD""}}",GRADED_CARD,index_fair_value_ebay_d2m_v2,a2ac052891df2745f2a2dde8b615a5ccbf1ef23a777eb2a0310e35aef94f6d5e,40da9c4ccbe030124d608c59673902f662e14835cc0d8c4b4fffb89231b97a7a,ece085640a013d2803b0364ddf358ef6b1390854,2026-09-12T23:20:59.787335+00:00
D2-0118,15faf94c-4a3b-4f09-a867-f2ded1174419,Veluza,Paradox Rift,192,illustration_rare,Veluza Holo Illustration Rare SV04: Paradox Rift 192/182 NM,EXACT_TARGET_MATCH,HIGH_CONFIDENCE,HIGH_CONFIDENCE,SINGLE_RAW_CARD,RAW_CONDITION_STATED_NM,"{""language"":""COMPATIBLE"",""name"":""MATCH"",""number"":{""observed"":[""192""],""state"":""MATCH"",""target"":""192""},""product_object"":{""reason"":""NO_NON_CARD_OBJECT_EVIDENCE"",""state"":""SINGLE_RAW_CARD""},""raw"":""COMPATIBLE"",""set"":{""conflicts"":[],""matched"":[""paradox rift""],""state"":""EXACT""},""variant"":{""conflicting_treatments"":[],""matched"":[""illustration rare""],""parallel_terms"":[],""state"":""MATCH""}}",THREE_FACTOR_IDENTITY,index_fair_value_ebay_d2m_v2,a2ac052891df2745f2a2dde8b615a5ccbf1ef23a777eb2a0310e35aef94f6d5e,40da9c4ccbe030124d608c59673902f662e14835cc0d8c4b4fffb89231b97a7a,ece085640a013d2803b0364ddf358ef6b1390854,2026-09-12T23:20:59.787335+00:00
D2-0119,15faf94c-4a3b-4f09-a867-f2ded1174419,Veluza,Paradox Rift,192,illustration_rare,Pokémon TCG Veluza Card 192/182 Paradox Rift Illustration,EXACT_TARGET_MATCH,HIGH_CONFIDENCE,HIGH_CONFIDENCE,SINGLE_RAW_CARD,RAW_CONDITION_UNGRADED_UNSPECIFIED,"{""language"":""COMPATIBLE"",""name"":""MATCH"",""number"":{""observed"":[""192""],""state"":""MATCH"",""target"":""192""},""product_object"":{""reason"":""NO_NON_CARD_OBJECT_EVIDENCE"",""state"":""SINGLE_RAW_CARD""},""raw"":""COMPATIBLE"",""set"":{""conflicts"":[],""matched"":[""paradox rift""],""state"":""EXACT""},""variant"":{""conflicting_treatments"":[],""matched"":[],""parallel_terms"":[],""state"":""ABSENT""}}",THREE_FACTOR_IDENTITY,index_fair_value_ebay_d2m_v2,a2ac052891df2745f2a2dde8b615a5ccbf1ef23a777eb2a0310e35aef94f6d5e,40da9c4ccbe030124d608c59673902f662e14835cc0d8c4b4fffb89231b97a7a,ece085640a013d2803b0364ddf358ef6b1390854,2026-09-12T23:20:59.787335+00:00
D2-0120,15faf94c-4a3b-4f09-a867-f2ded1174419,Veluza,Paradox Rift,192,illustration_rare,Veluza 192/182 Illustration Rare Pokemon Card SV04: Paradox Rift,EXACT_TARGET_MATCH,HIGH_CONFIDENCE,HIGH_CONFIDENCE,SINGLE_RAW_CARD,RAW_CONDITION_UNGRADED_UNSPECIFIED,"{""language"":""COMPATIBLE"",""name"":""MATCH"",""number"":{""observed"":[""192""],""state"":""MATCH"",""target"":""192""},""product_object"":{""reason"":""NO_NON_CARD_OBJECT_EVIDENCE"",""state"":""SINGLE_RAW_CARD""},""raw"":""COMPATIBLE"",""set"":{""conflicts"":[],""matched"":[""paradox rift""],""state"":""EXACT""},""variant"":{""conflicting_treatments"":[],""matched"":[""illustration rare""],""parallel_terms"":[],""state"":""MATCH""}}",THREE_FACTOR_IDENTITY,index_fair_value_ebay_d2m_v2,a2ac052891df2745f2a2dde8b615a5ccbf1ef23a777eb2a0310e35aef94f6d5e,40da9c4ccbe030124d608c59673902f662e14835cc0d8c4b4fffb89231b97a7a,ece085640a013d2803b0364ddf358ef6b1390854,2026-09-12T23:20:59.787335+00:00
D2-0121,209f02db-d953-4dde-bbd6-0822671fe1d1,Oshawott,White Flare,105,illustration_rare,Oshawott - Holo 105/086 NM SV: White Flare Pokemon Card,EXACT_TARGET_MATCH,HIGH_CONFIDENCE,HIGH_CONFIDENCE,SINGLE_RAW_CARD,RAW_CONDITION_STATED_NM,"{""language"":""COMPATIBLE"",""name"":""MATCH"",""number"":{""observed"":[""105""],""state"":""MATCH"",""target"":""105""},""product_object"":{""reason"":""NO_NON_CARD_OBJECT_EVIDENCE"",""state"":""SINGLE_RAW_CARD""},""raw"":""COMPATIBLE"",""set"":{""conflicts"":[],""matched"":[""white flare""],""state"":""EXACT""},""variant"":{""conflicting_treatments"":[],""matched"":[],""parallel_terms"":[],""state"":""ABSENT""}}",THREE_FACTOR_IDENTITY,index_fair_value_ebay_d2m_v2,a2ac052891df2745f2a2dde8b615a5ccbf1ef23a777eb2a0310e35aef94f6d5e,40da9c4ccbe030124d608c59673902f662e14835cc0d8c4b4fffb89231b97a7a,ece085640a013d2803b0364ddf358ef6b1390854,2026-09-12T23:20:59.787335+00:00
D2-0125,209f02db-d953-4dde-bbd6-0822671fe1d1,Oshawott,White Flare,105,illustration_rare,Pokemon,EXACT_TARGET_MATCH,REJECTED,REJECTED,SINGLE_RAW_CARD,RAW_CONDITION_UNGRADED_UNSPECIFIED,"{""language"":""COMPATIBLE"",""name"":""CONFLICT"",""number"":{""observed"":[],""state"":""ABSENT"",""target"":""105""},""product_object"":{""reason"":""NO_NON_CARD_OBJECT_EVIDENCE"",""state"":""SINGLE_RAW_CARD""},""raw"":""COMPATIBLE"",""set"":{""conflicts"":[],""matched"":[],""state"":""ABSENT""},""variant"":{""conflicting_treatments"":[],""matched"":[],""parallel_terms"":[],""state"":""ABSENT""}}",NAME_CONFLICT,index_fair_value_ebay_d2m_v2,a2ac052891df2745f2a2dde8b615a5ccbf1ef23a777eb2a0310e35aef94f6d5e,40da9c4ccbe030124d608c59673902f662e14835cc0d8c4b4fffb89231b97a7a,ece085640a013d2803b0364ddf358ef6b1390854,2026-09-12T23:20:59.787335+00:00
D2-0129,209f02db-d953-4dde-bbd6-0822671fe1d1,Oshawott,White Flare,105,illustration_rare,Oshawott 105/086 - Pokemon White Flare - Illustration Rare (NM),EXACT_TARGET_MATCH,HIGH_CONFIDENCE,HIGH_CONFIDENCE,SINGLE_RAW_CARD,RAW_CONDITION_STATED_NM,"{""language"":""COMPATIBLE"",""name"":""MATCH"",""number"":{""observed"":[""105""],""state"":""MATCH"",""target"":""105""},""product_object"":{""reason"":""NO_NON_CARD_OBJECT_EVIDENCE"",""state"":""SINGLE_RAW_CARD""},""raw"":""COMPATIBLE"",""set"":{""conflicts"":[],""matched"":[""white flare""],""state"":""EXACT""},""variant"":{""conflicting_treatments"":[],""matched"":[""illustration rare""],""parallel_terms"":[],""state"":""MATCH""}}",THREE_FACTOR_IDENTITY,index_fair_value_ebay_d2m_v2,a2ac052891df2745f2a2dde8b615a5ccbf1ef23a777eb2a0310e35aef94f6d5e,40da9c4ccbe030124d608c59673902f662e14835cc0d8c4b4fffb89231b97a7a,ece085640a013d2803b0364ddf358ef6b1390854,2026-09-12T23:20:59.787335+00:00
D2-0134,209f02db-d953-4dde-bbd6-0822671fe1d1,Oshawott,White Flare,105,illustration_rare,Oshawott Illustration Rare Water Holo SV White Flare #105/086 Pokémon TCG,EXACT_TARGET_MATCH,HIGH_CONFIDENCE,HIGH_CONFIDENCE,SINGLE_RAW_CARD,RAW_CONDITION_UNGRADED_UNSPECIFIED,"{""language"":""COMPATIBLE"",""name"":""MATCH"",""number"":{""observed"":[""105""],""state"":""MATCH"",""target"":""105""},""product_object"":{""reason"":""NO_NON_CARD_OBJECT_EVIDENCE"",""state"":""SINGLE_RAW_CARD""},""raw"":""COMPATIBLE"",""set"":{""conflicts"":[],""matched"":[""white flare""],""state"":""EXACT""},""variant"":{""conflicting_treatments"":[],""matched"":[""illustration rare""],""parallel_terms"":[],""state"":""MATCH""}}",THREE_FACTOR_IDENTITY,index_fair_value_ebay_d2m_v2,a2ac052891df2745f2a2dde8b615a5ccbf1ef23a777eb2a0310e35aef94f6d5e,40da9c4ccbe030124d608c59673902f662e14835cc0d8c4b4fffb89231b97a7a,ece085640a013d2803b0364ddf358ef6b1390854,2026-09-12T23:20:59.787335+00:00
D2-0135,209f02db-d953-4dde-bbd6-0822671fe1d1,Oshawott,White Flare,105,illustration_rare,Oshawott - Illustration Rare SV: White Flare 105/086 Holo NM,EXACT_TARGET_MATCH,HIGH_CONFIDENCE,HIGH_CONFIDENCE,SINGLE_RAW_CARD,RAW_CONDITION_STATED_NM,"{""language"":""COMPATIBLE"",""name"":""MATCH"",""number"":{""observed"":[""105""],""state"":""MATCH"",""target"":""105""},""product_object"":{""reason"":""NO_NON_CARD_OBJECT_EVIDENCE"",""state"":""SINGLE_RAW_CARD""},""raw"":""COMPATIBLE"",""set"":{""conflicts"":[],""matched"":[""white flare""],""state"":""EXACT""},""variant"":{""conflicting_treatments"":[],""matched"":[""illustration rare""],""parallel_terms"":[],""state"":""MATCH""}}",THREE_FACTOR_IDENTITY,index_fair_value_ebay_d2m_v2,a2ac052891df2745f2a2dde8b615a5ccbf1ef23a777eb2a0310e35aef94f6d5e,40da9c4ccbe030124d608c59673902f662e14835cc0d8c4b4fffb89231b97a7a,ece085640a013d2803b0364ddf358ef6b1390854,2026-09-12T23:20:59.787335+00:00
D2-0137,21e9ddc5-2751-4886-9e08-a1c6e2cc14e4,Kyurem ex,Black Bolt,165,special_illustration_rare,Pokémon TCG Kyurem ex 165/086 Sv: Black Bolt SIR English,EXACT_TARGET_MATCH,HIGH_CONFIDENCE,HIGH_CONFIDENCE,SINGLE_RAW_CARD,RAW_CONDITION_UNGRADED_UNSPECIFIED,"{""language"":""COMPATIBLE"",""name"":""MATCH"",""number"":{""observed"":[""165""],""state"":""MATCH"",""target"":""165""},""product_object"":{""reason"":""NO_NON_CARD_OBJECT_EVIDENCE"",""state"":""SINGLE_RAW_CARD""},""raw"":""COMPATIBLE"",""set"":{""conflicts"":[],""matched"":[""black bolt""],""state"":""EXACT""},""variant"":{""conflicting_treatments"":[],""matched"":[""sir""],""parallel_terms"":[],""state"":""MATCH""}}",THREE_FACTOR_IDENTITY,index_fair_value_ebay_d2m_v2,a2ac052891df2745f2a2dde8b615a5ccbf1ef23a777eb2a0310e35aef94f6d5e,40da9c4ccbe030124d608c59673902f662e14835cc0d8c4b4fffb89231b97a7a,ece085640a013d2803b0364ddf358ef6b1390854,2026-09-12T23:20:59.787335+00:00
D2-0142,21e9ddc5-2751-4886-9e08-a1c6e2cc14e4,Kyurem ex,Black Bolt,165,special_illustration_rare,2025 POKEMON BLK EN-BLACK BOLT SPECIAL ILLUSTRATION RARE #165 KYUREM EX PSA 9,GRADED,REJECTED,REJECTED,GRADED_CARD,GRADED,"{""product_object"":{""reason"":""GRADE_OR_SLAB_EVIDENCE"",""state"":""GRADED_CARD""}}",GRADED_CARD,index_fair_value_ebay_d2m_v2,a2ac052891df2745f2a2dde8b615a5ccbf1ef23a777eb2a0310e35aef94f6d5e,40da9c4ccbe030124d608c59673902f662e14835cc0d8c4b4fffb89231b97a7a,ece085640a013d2803b0364ddf358ef6b1390854,2026-09-12T23:20:59.787335+00:00
D2-0147,21e9ddc5-2751-4886-9e08-a1c6e2cc14e4,Kyurem ex,Black Bolt,165,special_illustration_rare,Pokémon Kyurem EX Black Bolt Special Illustration Rare Card 165/086 NM,EXACT_TARGET_MATCH,HIGH_CONFIDENCE,HIGH_CONFIDENCE,SINGLE_RAW_CARD,RAW_CONDITION_STATED_NM,"{""language"":""COMPATIBLE"",""name"":""MATCH"",""number"":{""observed"":[""165""],""state"":""MATCH"",""target"":""165""},""product_object"":{""reason"":""NO_NON_CARD_OBJECT_EVIDENCE"",""state"":""SINGLE_RAW_CARD""},""raw"":""COMPATIBLE"",""set"":{""conflicts"":[],""matched"":[""black bolt""],""state"":""EXACT""},""variant"":{""conflicting_treatments"":[""illustration_rare""],""matched"":[""special illustration rare""],""parallel_terms"":[],""state"":""MATCH""}}",THREE_FACTOR_IDENTITY,index_fair_value_ebay_d2m_v2,a2ac052891df2745f2a2dde8b615a5ccbf1ef23a777eb2a0310e35aef94f6d5e,40da9c4ccbe030124d608c59673902f662e14835cc0d8c4b4fffb89231b97a7a,ece085640a013d2803b0364ddf358ef6b1390854,2026-09-12T23:20:59.787335+00:00
D2-0149,21e9ddc5-2751-4886-9e08-a1c6e2cc14e4,Kyurem ex,Black Bolt,165,special_illustration_rare,2025 Pokémon BLK EN Kyurem Ex Special Illustration Rare PSA 10 Gem,GRADED,REJECTED,REJECTED,GRADED_CARD,GRADED,"{""product_object"":{""reason"":""GRADE_OR_SLAB_EVIDENCE"",""state"":""GRADED_CARD""}}",GRADED_CARD,index_fair_value_ebay_d2m_v2,a2ac052891df2745f2a2dde8b615a5ccbf1ef23a777eb2a0310e35aef94f6d5e,40da9c4ccbe030124d608c59673902f662e14835cc0d8c4b4fffb89231b97a7a,ece085640a013d2803b0364ddf358ef6b1390854,2026-09-12T23:20:59.787335+00:00
D2-0150,21e9ddc5-2751-4886-9e08-a1c6e2cc14e4,Kyurem ex,Black Bolt,165,special_illustration_rare,Kyurem ex 165/086 Holo Special Illustration Rare Black Bolt Pokemon Near Mint,EXACT_TARGET_MATCH,HIGH_CONFIDENCE,HIGH_CONFIDENCE,SINGLE_RAW_CARD,RAW_CONDITION_STATED_NM,"{""language"":""COMPATIBLE"",""name"":""MATCH"",""number"":{""observed"":[""165""],""state"":""MATCH"",""target"":""165""},""product_object"":{""reason"":""NO_NON_CARD_OBJECT_EVIDENCE"",""state"":""SINGLE_RAW_CARD""},""raw"":""COMPATIBLE"",""set"":{""conflicts"":[],""matched"":[""black bolt""],""state"":""EXACT""},""variant"":{""conflicting_treatments"":[""illustration_rare""],""matched"":[""special illustration rare""],""parallel_terms"":[],""state"":""MATCH""}}",THREE_FACTOR_IDENTITY,index_fair_value_ebay_d2m_v2,a2ac052891df2745f2a2dde8b615a5ccbf1ef23a777eb2a0310e35aef94f6d5e,40da9c4ccbe030124d608c59673902f662e14835cc0d8c4b4fffb89231b97a7a,ece085640a013d2803b0364ddf358ef6b1390854,2026-09-12T23:20:59.787335+00:00
D2-0153,23d6bd35-bbf0-49b2-911e-4949e66ff8bb,Pachirisu,Paldean Fates,138,shiny_rare,Pokémon TCG Pachirisu Paldean Fates Baby Shiny Holo Rare 138/091 NM!,EXACT_TARGET_MATCH,HIGH_CONFIDENCE,HIGH_CONFIDENCE,SINGLE_RAW_CARD,RAW_CONDITION_STATED_NM,"{""language"":""COMPATIBLE"",""name"":""MATCH"",""number"":{""observed"":[""138""],""state"":""MATCH"",""target"":""138""},""product_object"":{""reason"":""NO_NON_CARD_OBJECT_EVIDENCE"",""state"":""SINGLE_RAW_CARD""},""raw"":""COMPATIBLE"",""set"":{""conflicts"":[],""matched"":[""paldean fates""],""state"":""EXACT""},""variant"":{""conflicting_treatments"":[],""matched"":[""baby shiny"",""shiny""],""parallel_terms"":[],""state"":""MATCH""}}",THREE_FACTOR_IDENTITY,index_fair_value_ebay_d2m_v2,a2ac052891df2745f2a2dde8b615a5ccbf1ef23a777eb2a0310e35aef94f6d5e,40da9c4ccbe030124d608c59673902f662e14835cc0d8c4b4fffb89231b97a7a,ece085640a013d2803b0364ddf358ef6b1390854,2026-09-12T23:20:59.787335+00:00
D2-0156,23d6bd35-bbf0-49b2-911e-4949e66ff8bb,Pachirisu,Paldean Fates,138,shiny_rare,Shiny Pokémon Cards! Holo Rare Fates Shining EX V VMAX Promo - Choose Your Card!,EXACT_TARGET_MATCH,REJECTED,REJECTED,MULTI_CARD_OFFER,NOT_APPLICABLE_NON_SINGLE_CARD,"{""product_object"":{""reason"":""SELECTABLE_OR_MULTI_CARD_CONTEXT"",""state"":""MULTI_CARD_OFFER""}}",MULTI_CARD_OFFER,index_fair_value_ebay_d2m_v2,a2ac052891df2745f2a2dde8b615a5ccbf1ef23a777eb2a0310e35aef94f6d5e,40da9c4ccbe030124d608c59673902f662e14835cc0d8c4b4fffb89231b97a7a,ece085640a013d2803b0364ddf358ef6b1390854,2026-09-12T23:20:59.787335+00:00
D2-0160,23d6bd35-bbf0-49b2-911e-4949e66ff8bb,Pachirisu,Paldean Fates,138,shiny_rare,Pachirisu 138/091 Shiny Rare Paldean Fates Pokemon Lightly Played,EXACT_TARGET_MATCH,HIGH_CONFIDENCE,HIGH_CONFIDENCE,SINGLE_RAW_CARD,RAW_CONDITION_UNGRADED_UNSPECIFIED,"{""language"":""COMPATIBLE"",""name"":""MATCH"",""number"":{""observed"":[""138""],""state"":""MATCH"",""target"":""138""},""product_object"":{""reason"":""NO_NON_CARD_OBJECT_EVIDENCE"",""state"":""SINGLE_RAW_CARD""},""raw"":""COMPATIBLE"",""set"":{""conflicts"":[],""matched"":[""paldean fates""],""state"":""EXACT""},""variant"":{""conflicting_treatments"":[],""matched"":[""shiny rare"",""shiny""],""parallel_terms"":[],""state"":""MATCH""}}",THREE_FACTOR_IDENTITY,index_fair_value_ebay_d2m_v2,a2ac052891df2745f2a2dde8b615a5ccbf1ef23a777eb2a0310e35aef94f6d5e,40da9c4ccbe030124d608c59673902f662e14835cc0d8c4b4fffb89231b97a7a,ece085640a013d2803b0364ddf358ef6b1390854,2026-09-12T23:20:59.787335+00:00
D2-0163,23d6bd35-bbf0-49b2-911e-4949e66ff8bb,Pachirisu,Paldean Fates,138,shiny_rare,Pachirisu 138/091 - Shiny Holo Rare - Paldean Fates Pokemon Card,EXACT_TARGET_MATCH,HIGH_CONFIDENCE,HIGH_CONFIDENCE,SINGLE_RAW_CARD,RAW_CONDITION_UNGRADED_UNSPECIFIED,"{""language"":""COMPATIBLE"",""name"":""MATCH"",""number"":{""observed"":[""138""],""state"":""MATCH"",""target"":""138""},""product_object"":{""reason"":""NO_NON_CARD_OBJECT_EVIDENCE"",""state"":""SINGLE_RAW_CARD""},""raw"":""COMPATIBLE"",""set"":{""conflicts"":[],""matched"":[""paldean fates""],""state"":""EXACT""},""variant"":{""conflicting_treatments"":[],""matched"":[""shiny""],""parallel_terms"":[],""state"":""MATCH""}}",THREE_FACTOR_IDENTITY,index_fair_value_ebay_d2m_v2,a2ac052891df2745f2a2dde8b615a5ccbf1ef23a777eb2a0310e35aef94f6d5e,40da9c4ccbe030124d608c59673902f662e14835cc0d8c4b4fffb89231b97a7a,ece085640a013d2803b0364ddf358ef6b1390854,2026-09-12T23:20:59.787335+00:00
D2-0164,23d6bd35-bbf0-49b2-911e-4949e66ff8bb,Pachirisu,Paldean Fates,138,shiny_rare,Pachirisu 138/091 Pokemon Paldean Fates Shiny Rare Near Mint (NM) 2024,EXACT_TARGET_MATCH,HIGH_CONFIDENCE,HIGH_CONFIDENCE,SINGLE_RAW_CARD,RAW_CONDITION_STATED_NM,"{""language"":""COMPATIBLE"",""name"":""MATCH"",""number"":{""observed"":[""138""],""state"":""MATCH"",""target"":""138""},""product_object"":{""reason"":""NO_NON_CARD_OBJECT_EVIDENCE"",""state"":""SINGLE_RAW_CARD""},""raw"":""COMPATIBLE"",""set"":{""conflicts"":[],""matched"":[""paldean fates""],""state"":""EXACT""},""variant"":{""conflicting_treatments"":[],""matched"":[""shiny rare"",""shiny""],""parallel_terms"":[],""state"":""MATCH""}}",THREE_FACTOR_IDENTITY,index_fair_value_ebay_d2m_v2,a2ac052891df2745f2a2dde8b615a5ccbf1ef23a777eb2a0310e35aef94f6d5e,40da9c4ccbe030124d608c59673902f662e14835cc0d8c4b4fffb89231b97a7a,ece085640a013d2803b0364ddf358ef6b1390854,2026-09-12T23:20:59.787335+00:00
D2-0168,24f40ecd-605f-4d62-b748-afed33706583,Emboar,White Flare,98,illustration_rare,Emboar #013/086 Sv White Flare Rare Reverse Holo Pokemon TCG NM,WRONG_CARD_NUMBER,REJECTED,REJECTED,SINGLE_RAW_CARD,RAW_CONDITION_STATED_NM,"{""language"":""COMPATIBLE"",""name"":""MATCH"",""number"":{""observed"":[""13""],""state"":""CONFLICT"",""target"":""98""},""product_object"":{""reason"":""NO_NON_CARD_OBJECT_EVIDENCE"",""state"":""SINGLE_RAW_CARD""},""raw"":""COMPATIBLE"",""set"":{""conflicts"":[],""matched"":[""white flare""],""state"":""EXACT""},""variant"":{""conflicting_treatments"":[],""matched"":[],""parallel_terms"":[""reverse holo""],""state"":""CONFLICT""}}",WRONG_CARD_NUMBER,index_fair_value_ebay_d2m_v2,a2ac052891df2745f2a2dde8b615a5ccbf1ef23a777eb2a0310e35aef94f6d5e,40da9c4ccbe030124d608c59673902f662e14835cc0d8c4b4fffb89231b97a7a,ece085640a013d2803b0364ddf358ef6b1390854,2026-09-12T23:20:59.787335+00:00
D2-0175,24f40ecd-605f-4d62-b748-afed33706583,Emboar,White Flare,98,illustration_rare,Emboar 013/086 White Flare Pokemon Reverse Holo Lightly Played,WRONG_CARD_NUMBER,REJECTED,REJECTED,SINGLE_RAW_CARD,RAW_CONDITION_UNGRADED_UNSPECIFIED,"{""language"":""COMPATIBLE"",""name"":""MATCH"",""number"":{""observed"":[""13""],""state"":""CONFLICT"",""target"":""98""},""product_object"":{""reason"":""NO_NON_CARD_OBJECT_EVIDENCE"",""state"":""SINGLE_RAW_CARD""},""raw"":""COMPATIBLE"",""set"":{""conflicts"":[],""matched"":[""white flare""],""state"":""EXACT""},""variant"":{""conflicting_treatments"":[],""matched"":[],""parallel_terms"":[""reverse holo""],""state"":""CONFLICT""}}",WRONG_CARD_NUMBER,index_fair_value_ebay_d2m_v2,a2ac052891df2745f2a2dde8b615a5ccbf1ef23a777eb2a0310e35aef94f6d5e,40da9c4ccbe030124d608c59673902f662e14835cc0d8c4b4fffb89231b97a7a,ece085640a013d2803b0364ddf358ef6b1390854,2026-09-12T23:20:59.787335+00:00
D2-0176,24f40ecd-605f-4d62-b748-afed33706583,Emboar,White Flare,98,illustration_rare,Emboar 013/086 Holo R White Flare NM Pokemon,WRONG_CARD_NUMBER,REJECTED,REJECTED,SINGLE_RAW_CARD,RAW_CONDITION_STATED_NM,"{""language"":""COMPATIBLE"",""name"":""MATCH"",""number"":{""observed"":[""13""],""state"":""CONFLICT"",""target"":""98""},""product_object"":{""reason"":""NO_NON_CARD_OBJECT_EVIDENCE"",""state"":""SINGLE_RAW_CARD""},""raw"":""COMPATIBLE"",""set"":{""conflicts"":[],""matched"":[""white flare""],""state"":""EXACT""},""variant"":{""conflicting_treatments"":[],""matched"":[],""parallel_terms"":[],""state"":""ABSENT""}}",WRONG_CARD_NUMBER,index_fair_value_ebay_d2m_v2,a2ac052891df2745f2a2dde8b615a5ccbf1ef23a777eb2a0310e35aef94f6d5e,40da9c4ccbe030124d608c59673902f662e14835cc0d8c4b4fffb89231b97a7a,ece085640a013d2803b0364ddf358ef6b1390854,2026-09-12T23:20:59.787335+00:00
D2-0179,24f40ecd-605f-4d62-b748-afed33706583,Emboar,White Flare,98,illustration_rare,Emboar Holofoil SV: White Flare 013/086 NM Pokemon,WRONG_CARD_NUMBER,REJECTED,REJECTED,SINGLE_RAW_CARD,RAW_CONDITION_STATED_NM,"{""language"":""COMPATIBLE"",""name"":""MATCH"",""number"":{""observed"":[""13""],""state"":""CONFLICT"",""target"":""98""},""product_object"":{""reason"":""NO_NON_CARD_OBJECT_EVIDENCE"",""state"":""SINGLE_RAW_CARD""},""raw"":""COMPATIBLE"",""set"":{""conflicts"":[],""matched"":[""white flare""],""state"":""EXACT""},""variant"":{""conflicting_treatments"":[],""matched"":[],""parallel_terms"":[],""state"":""ABSENT""}}",WRONG_CARD_NUMBER,index_fair_value_ebay_d2m_v2,a2ac052891df2745f2a2dde8b615a5ccbf1ef23a777eb2a0310e35aef94f6d5e,40da9c4ccbe030124d608c59673902f662e14835cc0d8c4b4fffb89231b97a7a,ece085640a013d2803b0364ddf358ef6b1390854,2026-09-12T23:20:59.787335+00:00
D2-0180,24f40ecd-605f-4d62-b748-afed33706583,Emboar,White Flare,98,illustration_rare,Emboar 13/86 White Flare Rare Holo Near Mint Pokemon,WRONG_CARD_NUMBER,REJECTED,REJECTED,SINGLE_RAW_CARD,RAW_CONDITION_STATED_NM,"{""language"":""COMPATIBLE"",""name"":""MATCH"",""number"":{""observed"":[""13""],""state"":""CONFLICT"",""target"":""98""},""product_object"":{""reason"":""NO_NON_CARD_OBJECT_EVIDENCE"",""state"":""SINGLE_RAW_CARD""},""raw"":""COMPATIBLE"",""set"":{""conflicts"":[],""matched"":[""white flare""],""state"":""EXACT""},""variant"":{""conflicting_treatments"":[],""matched"":[],""parallel_terms"":[],""state"":""ABSENT""}}",WRONG_CARD_NUMBER,index_fair_value_ebay_d2m_v2,a2ac052891df2745f2a2dde8b615a5ccbf1ef23a777eb2a0310e35aef94f6d5e,40da9c4ccbe030124d608c59673902f662e14835cc0d8c4b4fffb89231b97a7a,ece085640a013d2803b0364ddf358ef6b1390854,2026-09-12T23:20:59.787335+00:00
D2-0181,25638dbd-2434-4a4f-ba0d-dcf3e3e114ca,Clemont's Quick Wit,Surging Sparks,243,special_illustration_rare,Pokemon SV08: Surging Sparks #243/191 Clemont's Quick Wit,EXACT_TARGET_MATCH,HIGH_CONFIDENCE,HIGH_CONFIDENCE,SINGLE_RAW_CARD,RAW_CONDITION_UNGRADED_UNSPECIFIED,"{""language"":""COMPATIBLE"",""name"":""MATCH"",""number"":{""observed"":[""243""],""state"":""MATCH"",""target"":""243""},""product_object"":{""reason"":""NO_NON_CARD_OBJECT_EVIDENCE"",""state"":""SINGLE_RAW_CARD""},""raw"":""COMPATIBLE"",""set"":{""conflicts"":[],""matched"":[""surging sparks""],""state"":""EXACT""},""variant"":{""conflicting_treatments"":[],""matched"":[],""parallel_terms"":[],""state"":""ABSENT""}}",THREE_FACTOR_IDENTITY,index_fair_value_ebay_d2m_v2,a2ac052891df2745f2a2dde8b615a5ccbf1ef23a777eb2a0310e35aef94f6d5e,40da9c4ccbe030124d608c59673902f662e14835cc0d8c4b4fffb89231b97a7a,ece085640a013d2803b0364ddf358ef6b1390854,2026-09-12T23:20:59.787335+00:00
D2-0182,25638dbd-2434-4a4f-ba0d-dcf3e3e114ca,Clemont's Quick Wit,Surging Sparks,243,special_illustration_rare,2024 Pokemon Surging Sparks Clemont's Quick Wit #243/191,EXACT_TARGET_MATCH,HIGH_CONFIDENCE,HIGH_CONFIDENCE,SINGLE_RAW_CARD,RAW_CONDITION_UNGRADED_UNSPECIFIED,"{""language"":""COMPATIBLE"",""name"":""MATCH"",""number"":{""observed"":[""243""],""state"":""MATCH"",""target"":""243""},""product_object"":{""reason"":""NO_NON_CARD_OBJECT_EVIDENCE"",""state"":""SINGLE_RAW_CARD""},""raw"":""COMPATIBLE"",""set"":{""conflicts"":[],""matched"":[""surging sparks""],""state"":""EXACT""},""variant"":{""conflicting_treatments"":[],""matched"":[],""parallel_terms"":[],""state"":""ABSENT""}}",THREE_FACTOR_IDENTITY,index_fair_value_ebay_d2m_v2,a2ac052891df2745f2a2dde8b615a5ccbf1ef23a777eb2a0310e35aef94f6d5e,40da9c4ccbe030124d608c59673902f662e14835cc0d8c4b4fffb89231b97a7a,ece085640a013d2803b0364ddf358ef6b1390854,2026-09-12T23:20:59.787335+00:00
D2-0186,25638dbd-2434-4a4f-ba0d-dcf3e3e114ca,Clemont's Quick Wit,Surging Sparks,243,special_illustration_rare,Pokemon Surging Sparks: Choose Your Card! Holos/EX/Full Arts! NM,EXACT_TARGET_MATCH,REJECTED,REJECTED,MULTI_CARD_OFFER,NOT_APPLICABLE_NON_SINGLE_CARD,"{""product_object"":{""reason"":""SELECTABLE_OR_MULTI_CARD_CONTEXT"",""state"":""MULTI_CARD_OFFER""}}",MULTI_CARD_OFFER,index_fair_value_ebay_d2m_v2,a2ac052891df2745f2a2dde8b615a5ccbf1ef23a777eb2a0310e35aef94f6d5e,40da9c4ccbe030124d608c59673902f662e14835cc0d8c4b4fffb89231b97a7a,ece085640a013d2803b0364ddf358ef6b1390854,2026-09-12T23:20:59.787335+00:00
D2-0188,25638dbd-2434-4a4f-ba0d-dcf3e3e114ca,Clemont's Quick Wit,Surging Sparks,243,special_illustration_rare,Clemonts Quick Wit 243/191 - Pokemon TCG Surging Sparks  Special Illustration NM,EXACT_TARGET_MATCH,REJECTED,REJECTED,SINGLE_RAW_CARD,RAW_CONDITION_STATED_NM,"{""language"":""COMPATIBLE"",""name"":""CONFLICT"",""number"":{""observed"":[""243""],""state"":""MATCH"",""target"":""243""},""product_object"":{""reason"":""NO_NON_CARD_OBJECT_EVIDENCE"",""state"":""SINGLE_RAW_CARD""},""raw"":""COMPATIBLE"",""set"":{""conflicts"":[],""matched"":[""surging sparks""],""state"":""EXACT""},""variant"":{""conflicting_treatments"":[],""matched"":[],""parallel_terms"":[],""state"":""ABSENT""}}",NAME_CONFLICT,index_fair_value_ebay_d2m_v2,a2ac052891df2745f2a2dde8b615a5ccbf1ef23a777eb2a0310e35aef94f6d5e,40da9c4ccbe030124d608c59673902f662e14835cc0d8c4b4fffb89231b97a7a,ece085640a013d2803b0364ddf358ef6b1390854,2026-09-12T23:20:59.787335+00:00
D2-0189,25638dbd-2434-4a4f-ba0d-dcf3e3e114ca,Clemont's Quick Wit,Surging Sparks,243,special_illustration_rare,Pokemon TCG SV08 Surging Sparks Clemont's Quick Wit 243/191 SIR Holo PSA 9 EN,GRADED,REJECTED,REJECTED,GRADED_CARD,GRADED,"{""product_object"":{""reason"":""GRADE_OR_SLAB_EVIDENCE"",""state"":""GRADED_CARD""}}",GRADED_CARD,index_fair_value_ebay_d2m_v2,a2ac052891df2745f2a2dde8b615a5ccbf1ef23a777eb2a0310e35aef94f6d5e,40da9c4ccbe030124d608c59673902f662e14835cc0d8c4b4fffb89231b97a7a,ece085640a013d2803b0364ddf358ef6b1390854,2026-09-12T23:20:59.787335+00:00
D2-0197,2a67a99c-dbba-4c41-846c-39ed4659c916,Grubbin,Temporal Forces,18,common,Pokemon Temporal Forces Grubbin Reverse Holo Card 18/162 (MINT-NEAR MINT),RELATED_BUT_WRONG_VARIANT,REJECTED,REJECTED,SINGLE_RAW_CARD,RAW_CONDITION_STATED_NM,"{""language"":""COMPATIBLE"",""name"":""MATCH"",""number"":{""observed"":[""18""],""state"":""MATCH"",""target"":""18""},""product_object"":{""reason"":""NO_NON_CARD_OBJECT_EVIDENCE"",""state"":""SINGLE_RAW_CARD""},""raw"":""COMPATIBLE"",""set"":{""conflicts"":[],""matched"":[""temporal forces""],""state"":""EXACT""},""variant"":{""conflicting_treatments"":[],""matched"":[],""parallel_terms"":[""reverse holo""],""state"":""CONFLICT""}}",WRONG_VARIANT,index_fair_value_ebay_d2m_v2,a2ac052891df2745f2a2dde8b615a5ccbf1ef23a777eb2a0310e35aef94f6d5e,40da9c4ccbe030124d608c59673902f662e14835cc0d8c4b4fffb89231b97a7a,ece085640a013d2803b0364ddf358ef6b1390854,2026-09-12T23:20:59.787335+00:00
D2-0203,2a67a99c-dbba-4c41-846c-39ed4659c916,Grubbin,Temporal Forces,18,common,Pokemon TCG Temporal Forces Choose Your Card! - NM- BULK SAVINGS!,AMBIGUOUS,REJECTED,REJECTED,MULTI_CARD_OFFER,NOT_APPLICABLE_NON_SINGLE_CARD,"{""product_object"":{""reason"":""SELECTABLE_OR_MULTI_CARD_CONTEXT"",""state"":""MULTI_CARD_OFFER""}}",MULTI_CARD_OFFER,index_fair_value_ebay_d2m_v2,a2ac052891df2745f2a2dde8b615a5ccbf1ef23a777eb2a0310e35aef94f6d5e,40da9c4ccbe030124d608c59673902f662e14835cc0d8c4b4fffb89231b97a7a,ece085640a013d2803b0364ddf358ef6b1390854,2026-09-12T23:20:59.787335+00:00
D2-0204,2a67a99c-dbba-4c41-846c-39ed4659c916,Grubbin,Temporal Forces,18,common,Temporal Forces Singles - Complete your Master Set Combined Shipping Pokemon NM,AMBIGUOUS,REJECTED,REJECTED,MULTI_CARD_OFFER,NOT_APPLICABLE_NON_SINGLE_CARD,"{""product_object"":{""reason"":""SELECTABLE_OR_MULTI_CARD_CONTEXT"",""state"":""MULTI_CARD_OFFER""}}",MULTI_CARD_OFFER,index_fair_value_ebay_d2m_v2,a2ac052891df2745f2a2dde8b615a5ccbf1ef23a777eb2a0310e35aef94f6d5e,40da9c4ccbe030124d608c59673902f662e14835cc0d8c4b4fffb89231b97a7a,ece085640a013d2803b0364ddf358ef6b1390854,2026-09-12T23:20:59.787335+00:00
D2-0205,2a67a99c-dbba-4c41-846c-39ed4659c916,Grubbin,Temporal Forces,18,common,YOU PICK: Pokemon Temporal Forces Single Cards (Complete Your Set),AMBIGUOUS,REJECTED,REJECTED,MULTI_CARD_OFFER,NOT_APPLICABLE_NON_SINGLE_CARD,"{""product_object"":{""reason"":""SELECTABLE_OR_MULTI_CARD_CONTEXT"",""state"":""MULTI_CARD_OFFER""}}",MULTI_CARD_OFFER,index_fair_value_ebay_d2m_v2,a2ac052891df2745f2a2dde8b615a5ccbf1ef23a777eb2a0310e35aef94f6d5e,40da9c4ccbe030124d608c59673902f662e14835cc0d8c4b4fffb89231b97a7a,ece085640a013d2803b0364ddf358ef6b1390854,2026-09-12T23:20:59.787335+00:00
D2-0210,2a67a99c-dbba-4c41-846c-39ed4659c916,Grubbin,Temporal Forces,18,common,Pokemon Pick Your Temporal Forces Reverse Holo Pokémon Card! Near Mint,AMBIGUOUS,REJECTED,REJECTED,SINGLE_RAW_CARD,RAW_CONDITION_STATED_NM,"{""language"":""COMPATIBLE"",""name"":""CONFLICT"",""number"":{""observed"":[],""state"":""ABSENT"",""target"":""18""},""product_object"":{""reason"":""NO_NON_CARD_OBJECT_EVIDENCE"",""state"":""SINGLE_RAW_CARD""},""raw"":""COMPATIBLE"",""set"":{""conflicts"":[],""matched"":[""temporal forces""],""state"":""EXACT""},""variant"":{""conflicting_treatments"":[],""matched"":[],""parallel_terms"":[""reverse holo""],""state"":""CONFLICT""}}",NAME_CONFLICT,index_fair_value_ebay_d2m_v2,a2ac052891df2745f2a2dde8b615a5ccbf1ef23a777eb2a0310e35aef94f6d5e,40da9c4ccbe030124d608c59673902f662e14835cc0d8c4b4fffb89231b97a7a,ece085640a013d2803b0364ddf358ef6b1390854,2026-09-12T23:20:59.787335+00:00
D2-0212,2bf67447-75e1-4e97-ac08-c7f3e7f2c88c,Dhelmise,Mega Evolution,18,common,Pokemon - Dhelmise 18/132 Mega Evolution Common Reverse Holo 2025 NM,EXACT_TARGET_MATCH,REJECTED,REJECTED,SINGLE_RAW_CARD,RAW_CONDITION_STATED_NM,"{""language"":""COMPATIBLE"",""name"":""MATCH"",""number"":{""observed"":[""18""],""state"":""MATCH"",""target"":""18""},""product_object"":{""reason"":""NO_NON_CARD_OBJECT_EVIDENCE"",""state"":""SINGLE_RAW_CARD""},""raw"":""COMPATIBLE"",""set"":{""conflicts"":[],""matched"":[""mega evolution""],""state"":""EXACT""},""variant"":{""conflicting_treatments"":[],""matched"":[],""parallel_terms"":[""reverse holo""],""state"":""CONFLICT""}}",WRONG_VARIANT,index_fair_value_ebay_d2m_v2,a2ac052891df2745f2a2dde8b615a5ccbf1ef23a777eb2a0310e35aef94f6d5e,40da9c4ccbe030124d608c59673902f662e14835cc0d8c4b4fffb89231b97a7a,ece085640a013d2803b0364ddf358ef6b1390854,2026-09-12T23:20:59.787335+00:00
D2-0215,2bf67447-75e1-4e97-ac08-c7f3e7f2c88c,Dhelmise,Mega Evolution,18,common,Pokémon TCG Dhelmise 18/132,EXACT_TARGET_MATCH,AMBIGUOUS,AMBIGUOUS,SINGLE_RAW_CARD,RAW_CONDITION_UNGRADED_UNSPECIFIED,"{""language"":""COMPATIBLE"",""name"":""MATCH"",""number"":{""observed"":[""18""],""state"":""MATCH"",""target"":""18""},""product_object"":{""reason"":""NO_NON_CARD_OBJECT_EVIDENCE"",""state"":""SINGLE_RAW_CARD""},""raw"":""COMPATIBLE"",""set"":{""conflicts"":[],""matched"":[],""state"":""ABSENT""},""variant"":{""conflicting_treatments"":[],""matched"":[],""parallel_terms"":[],""state"":""UNRESOLVED""}}",INSUFFICIENT_INDEPENDENT_EVIDENCE,index_fair_value_ebay_d2m_v2,a2ac052891df2745f2a2dde8b615a5ccbf1ef23a777eb2a0310e35aef94f6d5e,40da9c4ccbe030124d608c59673902f662e14835cc0d8c4b4fffb89231b97a7a,ece085640a013d2803b0364ddf358ef6b1390854,2026-09-12T23:20:59.787335+00:00
D2-0217,2bf67447-75e1-4e97-ac08-c7f3e7f2c88c,Dhelmise,Mega Evolution,18,common,Dhelmise 018 - Reverse Holofoil ME01 Mega Evolution - Common,RELATED_BUT_WRONG_VARIANT,AMBIGUOUS,AMBIGUOUS,SINGLE_RAW_CARD,RAW_CONDITION_UNGRADED_UNSPECIFIED,"{""language"":""COMPATIBLE"",""name"":""MATCH"",""number"":{""observed"":[],""state"":""ABSENT"",""target"":""18""},""product_object"":{""reason"":""NO_NON_CARD_OBJECT_EVIDENCE"",""state"":""SINGLE_RAW_CARD""},""raw"":""COMPATIBLE"",""set"":{""conflicts"":[],""matched"":[""mega evolution"",""me01""],""state"":""EXACT""},""variant"":{""conflicting_treatments"":[],""matched"":[],""parallel_terms"":[],""state"":""UNRESOLVED""}}",INSUFFICIENT_INDEPENDENT_EVIDENCE,index_fair_value_ebay_d2m_v2,a2ac052891df2745f2a2dde8b615a5ccbf1ef23a777eb2a0310e35aef94f6d5e,40da9c4ccbe030124d608c59673902f662e14835cc0d8c4b4fffb89231b97a7a,ece085640a013d2803b0364ddf358ef6b1390854,2026-09-12T23:20:59.787335+00:00
D2-0221,2bf67447-75e1-4e97-ac08-c7f3e7f2c88c,Dhelmise,Mega Evolution,18,common,Pokemon Mega Evolution (Reverse Holo/Holo) | Complete Your Set | Pick Your Card,AMBIGUOUS,REJECTED,REJECTED,MULTI_CARD_OFFER,NOT_APPLICABLE_NON_SINGLE_CARD,"{""product_object"":{""reason"":""SELECTABLE_OR_MULTI_CARD_CONTEXT"",""state"":""MULTI_CARD_OFFER""}}",MULTI_CARD_OFFER,index_fair_value_ebay_d2m_v2,a2ac052891df2745f2a2dde8b615a5ccbf1ef23a777eb2a0310e35aef94f6d5e,40da9c4ccbe030124d608c59673902f662e14835cc0d8c4b4fffb89231b97a7a,ece085640a013d2803b0364ddf358ef6b1390854,2026-09-12T23:20:59.787335+00:00
D2-0222,2bf67447-75e1-4e97-ac08-c7f3e7f2c88c,Dhelmise,Mega Evolution,18,common,Mega Evolution Common/Uncommon/Rare Pokemon Card Singles,AMBIGUOUS,REJECTED,REJECTED,MULTI_CARD_OFFER,NOT_APPLICABLE_NON_SINGLE_CARD,"{""product_object"":{""reason"":""SELECTABLE_OR_MULTI_CARD_CONTEXT"",""state"":""MULTI_CARD_OFFER""}}",MULTI_CARD_OFFER,index_fair_value_ebay_d2m_v2,a2ac052891df2745f2a2dde8b615a5ccbf1ef23a777eb2a0310e35aef94f6d5e,40da9c4ccbe030124d608c59673902f662e14835cc0d8c4b4fffb89231b97a7a,ece085640a013d2803b0364ddf358ef6b1390854,2026-09-12T23:20:59.787335+00:00
D2-0226,2c445258-b198-43de-b710-0921ebe3f0ab,Pikachu ex,Ascended Heroes,277,special_illustration_rare,Pikachu ex 277/217 Special Illustration Rare Ascended Heroes,EXACT_TARGET_MATCH,HIGH_CONFIDENCE,HIGH_CONFIDENCE,SINGLE_RAW_CARD,RAW_CONDITION_UNGRADED_UNSPECIFIED,"{""language"":""COMPATIBLE"",""name"":""MATCH"",""number"":{""observed"":[""277""],""state"":""MATCH"",""target"":""277""},""product_object"":{""reason"":""NO_NON_CARD_OBJECT_EVIDENCE"",""state"":""SINGLE_RAW_CARD""},""raw"":""COMPATIBLE"",""set"":{""conflicts"":[],""matched"":[""ascended heroes""],""state"":""EXACT""},""variant"":{""conflicting_treatments"":[""illustration_rare""],""matched"":[""special illustration rare""],""parallel_terms"":[],""state"":""MATCH""}}",THREE_FACTOR_IDENTITY,index_fair_value_ebay_d2m_v2,a2ac052891df2745f2a2dde8b615a5ccbf1ef23a777eb2a0310e35aef94f6d5e,40da9c4ccbe030124d608c59673902f662e14835cc0d8c4b4fffb89231b97a7a,ece085640a013d2803b0364ddf358ef6b1390854,2026-09-12T23:20:59.787335+00:00
D2-0233,2c445258-b198-43de-b710-0921ebe3f0ab,Pikachu ex,Ascended Heroes,277,special_illustration_rare,2026 Pokemon 277/217 Pikachu ex Special Illustration Rare Ascended Heroes PSA 10,GRADED,REJECTED,REJECTED,GRADED_CARD,GRADED,"{""product_object"":{""reason"":""GRADE_OR_SLAB_EVIDENCE"",""state"":""GRADED_CARD""}}",GRADED_CARD,index_fair_value_ebay_d2m_v2,a2ac052891df2745f2a2dde8b615a5ccbf1ef23a777eb2a0310e35aef94f6d5e,40da9c4ccbe030124d608c59673902f662e14835cc0d8c4b4fffb89231b97a7a,ece085640a013d2803b0364ddf358ef6b1390854,2026-09-12T23:20:59.787335+00:00
D2-0234,2c445258-b198-43de-b710-0921ebe3f0ab,Pikachu ex,Ascended Heroes,277,special_illustration_rare,Pokemon Pikachu EX 277/217 Ultra Rare Ascended Heroes Extended Artwork Case,SEALED_OR_ACCESSORY,REJECTED,REJECTED,CARD_ACCESSORY,NOT_APPLICABLE_NON_SINGLE_CARD,"{""product_object"":{""ontology_matches"":[""ART_CASE""],""reason"":""ACCESSORY_PRODUCT_CONTEXT"",""state"":""CARD_ACCESSORY""}}",CARD_ACCESSORY,index_fair_value_ebay_d2m_v2,a2ac052891df2745f2a2dde8b615a5ccbf1ef23a777eb2a0310e35aef94f6d5e,40da9c4ccbe030124d608c59673902f662e14835cc0d8c4b4fffb89231b97a7a,ece085640a013d2803b0364ddf358ef6b1390854,2026-09-12T23:20:59.787335+00:00
D2-0237,2c445258-b198-43de-b710-0921ebe3f0ab,Pikachu ex,Ascended Heroes,277,special_illustration_rare,Pikachu ex 277/217 Me: Ascended Heroes Holo,EXACT_TARGET_MATCH,HIGH_CONFIDENCE,HIGH_CONFIDENCE,SINGLE_RAW_CARD,RAW_CONDITION_UNGRADED_UNSPECIFIED,"{""language"":""COMPATIBLE"",""name"":""MATCH"",""number"":{""observed"":[""277""],""state"":""MATCH"",""target"":""277""},""product_object"":{""reason"":""NO_NON_CARD_OBJECT_EVIDENCE"",""state"":""SINGLE_RAW_CARD""},""raw"":""COMPATIBLE"",""set"":{""conflicts"":[],""matched"":[""ascended heroes""],""state"":""EXACT""},""variant"":{""conflicting_treatments"":[],""matched"":[],""parallel_terms"":[],""state"":""ABSENT""}}",THREE_FACTOR_IDENTITY,index_fair_value_ebay_d2m_v2,a2ac052891df2745f2a2dde8b615a5ccbf1ef23a777eb2a0310e35aef94f6d5e,40da9c4ccbe030124d608c59673902f662e14835cc0d8c4b4fffb89231b97a7a,ece085640a013d2803b0364ddf358ef6b1390854,2026-09-12T23:20:59.787335+00:00
D2-0240,2c445258-b198-43de-b710-0921ebe3f0ab,Pikachu ex,Ascended Heroes,277,special_illustration_rare,Pikachu ex 277/217 Me: Ascended Heroes Holo,EXACT_TARGET_MATCH,HIGH_CONFIDENCE,HIGH_CONFIDENCE,SINGLE_RAW_CARD,RAW_CONDITION_UNGRADED_UNSPECIFIED,"{""language"":""COMPATIBLE"",""name"":""MATCH"",""number"":{""observed"":[""277""],""state"":""MATCH"",""target"":""277""},""product_object"":{""reason"":""NO_NON_CARD_OBJECT_EVIDENCE"",""state"":""SINGLE_RAW_CARD""},""raw"":""COMPATIBLE"",""set"":{""conflicts"":[],""matched"":[""ascended heroes""],""state"":""EXACT""},""variant"":{""conflicting_treatments"":[],""matched"":[],""parallel_terms"":[],""state"":""ABSENT""}}",THREE_FACTOR_IDENTITY,index_fair_value_ebay_d2m_v2,a2ac052891df2745f2a2dde8b615a5ccbf1ef23a777eb2a0310e35aef94f6d5e,40da9c4ccbe030124d608c59673902f662e14835cc0d8c4b4fffb89231b97a7a,ece085640a013d2803b0364ddf358ef6b1390854,2026-09-12T23:20:59.787335+00:00
D2-0243,2cef0dfb-a5fd-4aed-b8ae-34a82f414587,Reshiram ex,White Flare,166,special_illustration_rare,Pokémon TCG Reshiram ex Sv: White Flare 166/086 SIR Holo 230 HP,EXACT_TARGET_MATCH,HIGH_CONFIDENCE,HIGH_CONFIDENCE,SINGLE_RAW_CARD,RAW_CONDITION_INELIGIBLE,"{""language"":""COMPATIBLE"",""name"":""MATCH"",""number"":{""observed"":[""166""],""state"":""MATCH"",""target"":""166""},""product_object"":{""reason"":""NO_NON_CARD_OBJECT_EVIDENCE"",""state"":""SINGLE_RAW_CARD""},""raw"":""COMPATIBLE"",""set"":{""conflicts"":[],""matched"":[""white flare""],""state"":""EXACT""},""variant"":{""conflicting_treatments"":[],""matched"":[""sir""],""parallel_terms"":[],""state"":""MATCH""}}",THREE_FACTOR_IDENTITY,index_fair_value_ebay_d2m_v2,a2ac052891df2745f2a2dde8b615a5ccbf1ef23a777eb2a0310e35aef94f6d5e,40da9c4ccbe030124d608c59673902f662e14835cc0d8c4b4fffb89231b97a7a,ece085640a013d2803b0364ddf358ef6b1390854,2026-09-12T23:20:59.787335+00:00
D2-0245,2cef0dfb-a5fd-4aed-b8ae-34a82f414587,Reshiram ex,White Flare,166,special_illustration_rare,Pokémon Reshiram EX 166/086 Full Art Holo Special Illustration Rare TCG,EXACT_TARGET_MATCH,HIGH_CONFIDENCE,HIGH_CONFIDENCE,SINGLE_RAW_CARD,RAW_CONDITION_UNGRADED_UNSPECIFIED,"{""language"":""COMPATIBLE"",""name"":""MATCH"",""number"":{""observed"":[""166""],""state"":""MATCH"",""target"":""166""},""product_object"":{""reason"":""NO_NON_CARD_OBJECT_EVIDENCE"",""state"":""SINGLE_RAW_CARD""},""raw"":""COMPATIBLE"",""set"":{""conflicts"":[],""matched"":[],""state"":""ABSENT""},""variant"":{""conflicting_treatments"":[""illustration_rare"",""ultra_rare""],""matched"":[""special illustration rare""],""parallel_terms"":[],""state"":""MATCH""}}",NAME_NUMBER_VARIANT_IDENTITY,index_fair_value_ebay_d2m_v2,a2ac052891df2745f2a2dde8b615a5ccbf1ef23a777eb2a0310e35aef94f6d5e,40da9c4ccbe030124d608c59673902f662e14835cc0d8c4b4fffb89231b97a7a,ece085640a013d2803b0364ddf358ef6b1390854,2026-09-12T23:20:59.787335+00:00
D2-0250,2cef0dfb-a5fd-4aed-b8ae-34a82f414587,Reshiram ex,White Flare,166,special_illustration_rare,2025 Pokemon 166/086 Reshiram ex Special Illustration Rare White Flare PSA 10,GRADED,REJECTED,REJECTED,GRADED_CARD,GRADED,"{""product_object"":{""reason"":""GRADE_OR_SLAB_EVIDENCE"",""state"":""GRADED_CARD""}}",GRADED_CARD,index_fair_value_ebay_d2m_v2,a2ac052891df2745f2a2dde8b615a5ccbf1ef23a777eb2a0310e35aef94f6d5e,40da9c4ccbe030124d608c59673902f662e14835cc0d8c4b4fffb89231b97a7a,ece085640a013d2803b0364ddf358ef6b1390854,2026-09-12T23:20:59.787335+00:00
D2-0253,2cef0dfb-a5fd-4aed-b8ae-34a82f414587,Reshiram ex,White Flare,166,special_illustration_rare,RESHIRAM EX POKEMON WHITE FLARE 166/086 SPECIAL ILLUSTRATION RARE HOLO,EXACT_TARGET_MATCH,HIGH_CONFIDENCE,HIGH_CONFIDENCE,SINGLE_RAW_CARD,RAW_CONDITION_UNGRADED_UNSPECIFIED,"{""language"":""COMPATIBLE"",""name"":""MATCH"",""number"":{""observed"":[""166""],""state"":""MATCH"",""target"":""166""},""product_object"":{""reason"":""NO_NON_CARD_OBJECT_EVIDENCE"",""state"":""SINGLE_RAW_CARD""},""raw"":""COMPATIBLE"",""set"":{""conflicts"":[],""matched"":[""white flare""],""state"":""EXACT""},""variant"":{""conflicting_treatments"":[""illustration_rare""],""matched"":[""special illustration rare""],""parallel_terms"":[],""state"":""MATCH""}}",THREE_FACTOR_IDENTITY,index_fair_value_ebay_d2m_v2,a2ac052891df2745f2a2dde8b615a5ccbf1ef23a777eb2a0310e35aef94f6d5e,40da9c4ccbe030124d608c59673902f662e14835cc0d8c4b4fffb89231b97a7a,ece085640a013d2803b0364ddf358ef6b1390854,2026-09-12T23:20:59.787335+00:00
D2-0255,2cef0dfb-a5fd-4aed-b8ae-34a82f414587,Reshiram ex,White Flare,166,special_illustration_rare,PSA 9  Reshiram ex White Flare 166/086 Special Illustration Rare - Pokemon Card,GRADED,REJECTED,REJECTED,GRADED_CARD,GRADED,"{""product_object"":{""reason"":""GRADE_OR_SLAB_EVIDENCE"",""state"":""GRADED_CARD""}}",GRADED_CARD,index_fair_value_ebay_d2m_v2,a2ac052891df2745f2a2dde8b615a5ccbf1ef23a777eb2a0310e35aef94f6d5e,40da9c4ccbe030124d608c59673902f662e14835cc0d8c4b4fffb89231b97a7a,ece085640a013d2803b0364ddf358ef6b1390854,2026-09-12T23:20:59.787335+00:00
D2-0257,2e5780f8-1769-4d26-9e3e-87e4a27d4dfe,Dachsbun ex,Stellar Crown,169,special_illustration_rare,Dachsbun ex 169/142 Sv07: Stellar Crown Holo. Pk001813,EXACT_TARGET_MATCH,HIGH_CONFIDENCE,HIGH_CONFIDENCE,SINGLE_RAW_CARD,RAW_CONDITION_UNGRADED_UNSPECIFIED,"{""language"":""COMPATIBLE"",""name"":""MATCH"",""number"":{""observed"":[""169""],""state"":""MATCH"",""target"":""169""},""product_object"":{""reason"":""NO_NON_CARD_OBJECT_EVIDENCE"",""state"":""SINGLE_RAW_CARD""},""raw"":""COMPATIBLE"",""set"":{""conflicts"":[],""matched"":[""stellar crown""],""state"":""EXACT""},""variant"":{""conflicting_treatments"":[],""matched"":[],""parallel_terms"":[],""state"":""ABSENT""}}",THREE_FACTOR_IDENTITY,index_fair_value_ebay_d2m_v2,a2ac052891df2745f2a2dde8b615a5ccbf1ef23a777eb2a0310e35aef94f6d5e,40da9c4ccbe030124d608c59673902f662e14835cc0d8c4b4fffb89231b97a7a,ece085640a013d2803b0364ddf358ef6b1390854,2026-09-12T23:20:59.787335+00:00
D2-0258,2e5780f8-1769-4d26-9e3e-87e4a27d4dfe,Dachsbun ex,Stellar Crown,169,special_illustration_rare,Dachsbun ex 169/142 Sv07: Stellar Crown Holo,GRADED,REJECTED,REJECTED,GRADED_CARD,GRADED,"{""product_object"":{""reason"":""GRADE_OR_SLAB_EVIDENCE"",""state"":""GRADED_CARD""}}",GRADED_CARD,index_fair_value_ebay_d2m_v2,a2ac052891df2745f2a2dde8b615a5ccbf1ef23a777eb2a0310e35aef94f6d5e,40da9c4ccbe030124d608c59673902f662e14835cc0d8c4b4fffb89231b97a7a,ece085640a013d2803b0364ddf358ef6b1390854,2026-09-12T23:20:59.787335+00:00
D2-0260,2e5780f8-1769-4d26-9e3e-87e4a27d4dfe,Dachsbun ex,Stellar Crown,169,special_illustration_rare,Pokémon Dachsbun EX 169/142,EXACT_TARGET_MATCH,AMBIGUOUS,AMBIGUOUS,SINGLE_RAW_CARD,RAW_CONDITION_UNGRADED_UNSPECIFIED,"{""language"":""COMPATIBLE"",""name"":""MATCH"",""number"":{""observed"":[""169""],""state"":""MATCH"",""target"":""169""},""product_object"":{""reason"":""NO_NON_CARD_OBJECT_EVIDENCE"",""state"":""SINGLE_RAW_CARD""},""raw"":""COMPATIBLE"",""set"":{""conflicts"":[],""matched"":[],""state"":""ABSENT""},""variant"":{""conflicting_treatments"":[],""matched"":[],""parallel_terms"":[],""state"":""ABSENT""}}",INSUFFICIENT_INDEPENDENT_EVIDENCE,index_fair_value_ebay_d2m_v2,a2ac052891df2745f2a2dde8b615a5ccbf1ef23a777eb2a0310e35aef94f6d5e,40da9c4ccbe030124d608c59673902f662e14835cc0d8c4b4fffb89231b97a7a,ece085640a013d2803b0364ddf358ef6b1390854,2026-09-12T23:20:59.787335+00:00
D2-0268,2e5780f8-1769-4d26-9e3e-87e4a27d4dfe,Dachsbun ex,Stellar Crown,169,special_illustration_rare,Dachsbun ex 169/142 Sv07: Stellar Crown Holo CGC 9.5,GRADED,REJECTED,REJECTED,GRADED_CARD,GRADED,"{""product_object"":{""reason"":""GRADE_OR_SLAB_EVIDENCE"",""state"":""GRADED_CARD""}}",GRADED_CARD,index_fair_value_ebay_d2m_v2,a2ac052891df2745f2a2dde8b615a5ccbf1ef23a777eb2a0310e35aef94f6d5e,40da9c4ccbe030124d608c59673902f662e14835cc0d8c4b4fffb89231b97a7a,ece085640a013d2803b0364ddf358ef6b1390854,2026-09-12T23:20:59.787335+00:00
D2-0270,2e5780f8-1769-4d26-9e3e-87e4a27d4dfe,Dachsbun ex,Stellar Crown,169,special_illustration_rare,Dachsbun ex 169/142 Sv07: Stellar Crown Holo,GRADED,REJECTED,REJECTED,GRADED_CARD,GRADED,"{""product_object"":{""reason"":""GRADE_OR_SLAB_EVIDENCE"",""state"":""GRADED_CARD""}}",GRADED_CARD,index_fair_value_ebay_d2m_v2,a2ac052891df2745f2a2dde8b615a5ccbf1ef23a777eb2a0310e35aef94f6d5e,40da9c4ccbe030124d608c59673902f662e14835cc0d8c4b4fffb89231b97a7a,ece085640a013d2803b0364ddf358ef6b1390854,2026-09-12T23:20:59.787335+00:00
D2-0276,301185dd-2bde-4699-80bd-8b2a3cfd8f7f,Pikachu ex,Ascended Heroes,276,special_illustration_rare,DEFECTIVE PokmonPikachu ex 276217 SIR  Ascended Heroes Special Illustrat G3D,EXACT_TARGET_MATCH,REJECTED,REJECTED,SINGLE_RAW_CARD,RAW_CONDITION_UNGRADED_UNSPECIFIED,"{""language"":""COMPATIBLE"",""name"":""CONFLICT"",""number"":{""observed"":[],""state"":""ABSENT"",""target"":""276""},""product_object"":{""reason"":""NO_NON_CARD_OBJECT_EVIDENCE"",""state"":""SINGLE_RAW_CARD""},""raw"":""COMPATIBLE"",""set"":{""conflicts"":[],""matched"":[""ascended heroes""],""state"":""EXACT""},""variant"":{""conflicting_treatments"":[],""matched"":[""sir""],""parallel_terms"":[],""state"":""MATCH""}}",NAME_CONFLICT,index_fair_value_ebay_d2m_v2,a2ac052891df2745f2a2dde8b615a5ccbf1ef23a777eb2a0310e35aef94f6d5e,40da9c4ccbe030124d608c59673902f662e14835cc0d8c4b4fffb89231b97a7a,ece085640a013d2803b0364ddf358ef6b1390854,2026-09-12T23:20:59.787335+00:00
D2-0279,301185dd-2bde-4699-80bd-8b2a3cfd8f7f,Pikachu ex,Ascended Heroes,276,special_illustration_rare,2026 POKEMON ASCENDED HEROES #276/217 PIKACHU EX SIR CGC 9.5,GRADED,REJECTED,REJECTED,GRADED_CARD,GRADED,"{""product_object"":{""reason"":""GRADE_OR_SLAB_EVIDENCE"",""state"":""GRADED_CARD""}}",GRADED_CARD,index_fair_value_ebay_d2m_v2,a2ac052891df2745f2a2dde8b615a5ccbf1ef23a777eb2a0310e35aef94f6d5e,40da9c4ccbe030124d608c59673902f662e14835cc0d8c4b4fffb89231b97a7a,ece085640a013d2803b0364ddf358ef6b1390854,2026-09-12T23:20:59.787335+00:00
D2-0280,301185dd-2bde-4699-80bd-8b2a3cfd8f7f,Pikachu ex,Ascended Heroes,276,special_illustration_rare,Pikachu ex #276 Pokemon Ascended Heroes (Spanish),EXACT_TARGET_MATCH,REJECTED,REJECTED,SINGLE_RAW_CARD,RAW_CONDITION_UNGRADED_UNSPECIFIED,"{""language"":""CONFLICT"",""name"":""MATCH"",""number"":{""observed"":[""276""],""state"":""MATCH"",""target"":""276""},""product_object"":{""reason"":""NO_NON_CARD_OBJECT_EVIDENCE"",""state"":""SINGLE_RAW_CARD""},""raw"":""COMPATIBLE"",""set"":{""conflicts"":[],""matched"":[""ascended heroes""],""state"":""EXACT""},""variant"":{""conflicting_treatments"":[],""matched"":[],""parallel_terms"":[],""state"":""ABSENT""}}",WRONG_LANGUAGE,index_fair_value_ebay_d2m_v2,a2ac052891df2745f2a2dde8b615a5ccbf1ef23a777eb2a0310e35aef94f6d5e,40da9c4ccbe030124d608c59673902f662e14835cc0d8c4b4fffb89231b97a7a,ece085640a013d2803b0364ddf358ef6b1390854,2026-09-12T23:20:59.787335+00:00
D2-0283,301185dd-2bde-4699-80bd-8b2a3cfd8f7f,Pikachu ex,Ascended Heroes,276,special_illustration_rare,Pikachu ex 276/217 Ascended Heroes Special Illustration Rare Pokemon Card - NM,EXACT_TARGET_MATCH,HIGH_CONFIDENCE,HIGH_CONFIDENCE,SINGLE_RAW_CARD,RAW_CONDITION_STATED_NM,"{""language"":""COMPATIBLE"",""name"":""MATCH"",""number"":{""observed"":[""276""],""state"":""MATCH"",""target"":""276""},""product_object"":{""reason"":""NO_NON_CARD_OBJECT_EVIDENCE"",""state"":""SINGLE_RAW_CARD""},""raw"":""COMPATIBLE"",""set"":{""conflicts"":[],""matched"":[""ascended heroes""],""state"":""EXACT""},""variant"":{""conflicting_treatments"":[""illustration_rare""],""matched"":[""special illustration rare""],""parallel_terms"":[],""state"":""MATCH""}}",THREE_FACTOR_IDENTITY,index_fair_value_ebay_d2m_v2,a2ac052891df2745f2a2dde8b615a5ccbf1ef23a777eb2a0310e35aef94f6d5e,40da9c4ccbe030124d608c59673902f662e14835cc0d8c4b4fffb89231b97a7a,ece085640a013d2803b0364ddf358ef6b1390854,2026-09-12T23:20:59.787335+00:00
D2-0285,301185dd-2bde-4699-80bd-8b2a3cfd8f7f,Pikachu ex,Ascended Heroes,276,special_illustration_rare,Pokemon Ascended Heroes Pikachu ex Special Illustration Rare #276/217,EXACT_TARGET_MATCH,HIGH_CONFIDENCE,HIGH_CONFIDENCE,SINGLE_RAW_CARD,RAW_CONDITION_UNGRADED_UNSPECIFIED,"{""language"":""COMPATIBLE"",""name"":""MATCH"",""number"":{""observed"":[""276""],""state"":""MATCH"",""target"":""276""},""product_object"":{""reason"":""NO_NON_CARD_OBJECT_EVIDENCE"",""state"":""SINGLE_RAW_CARD""},""raw"":""COMPATIBLE"",""set"":{""conflicts"":[],""matched"":[""ascended heroes""],""state"":""EXACT""},""variant"":{""conflicting_treatments"":[""illustration_rare""],""matched"":[""special illustration rare""],""parallel_terms"":[],""state"":""MATCH""}}",THREE_FACTOR_IDENTITY,index_fair_value_ebay_d2m_v2,a2ac052891df2745f2a2dde8b615a5ccbf1ef23a777eb2a0310e35aef94f6d5e,40da9c4ccbe030124d608c59673902f662e14835cc0d8c4b4fffb89231b97a7a,ece085640a013d2803b0364ddf358ef6b1390854,2026-09-12T23:20:59.787335+00:00
D2-0286,31566cbb-0eeb-499e-aa6d-b9b0bd85fc8b,Mega Greninja ex,Chaos Rising,122,mega_hyper_rare,Pokemon TCG Chaos Rising Mega Greninja EX 122/086 Mega Hyper Rare Gold,EXACT_TARGET_MATCH,HIGH_CONFIDENCE,HIGH_CONFIDENCE,SINGLE_RAW_CARD,RAW_CONDITION_UNGRADED_UNSPECIFIED,"{""language"":""COMPATIBLE"",""name"":""MATCH"",""number"":{""observed"":[""122""],""state"":""MATCH"",""target"":""122""},""product_object"":{""reason"":""NO_NON_CARD_OBJECT_EVIDENCE"",""state"":""SINGLE_RAW_CARD""},""raw"":""COMPATIBLE"",""set"":{""conflicts"":[],""matched"":[""chaos rising""],""state"":""EXACT""},""variant"":{""conflicting_treatments"":[""hyper_rare_gold""],""matched"":[""mega hyper rare""],""parallel_terms"":[],""state"":""MATCH""}}",THREE_FACTOR_IDENTITY,index_fair_value_ebay_d2m_v2,a2ac052891df2745f2a2dde8b615a5ccbf1ef23a777eb2a0310e35aef94f6d5e,40da9c4ccbe030124d608c59673902f662e14835cc0d8c4b4fffb89231b97a7a,ece085640a013d2803b0364ddf358ef6b1390854,2026-09-12T23:20:59.787335+00:00
D2-0288,31566cbb-0eeb-499e-aa6d-b9b0bd85fc8b,Mega Greninja ex,Chaos Rising,122,mega_hyper_rare,Pokémon Mega Greninja ex 122/086 Gold Hyper Rare Holo Card 2025 Chaos Rising,EXACT_TARGET_MATCH,REJECTED,REJECTED,SINGLE_RAW_CARD,RAW_CONDITION_UNGRADED_UNSPECIFIED,"{""language"":""COMPATIBLE"",""name"":""MATCH"",""number"":{""observed"":[""122""],""state"":""MATCH"",""target"":""122""},""product_object"":{""reason"":""NO_NON_CARD_OBJECT_EVIDENCE"",""state"":""SINGLE_RAW_CARD""},""raw"":""COMPATIBLE"",""set"":{""conflicts"":[],""matched"":[""chaos rising""],""state"":""EXACT""},""variant"":{""conflicting_treatments"":[""hyper_rare_gold""],""matched"":[],""parallel_terms"":[],""state"":""CONFLICT""}}",WRONG_VARIANT,index_fair_value_ebay_d2m_v2,a2ac052891df2745f2a2dde8b615a5ccbf1ef23a777eb2a0310e35aef94f6d5e,40da9c4ccbe030124d608c59673902f662e14835cc0d8c4b4fffb89231b97a7a,ece085640a013d2803b0364ddf358ef6b1390854,2026-09-12T23:20:59.787335+00:00
D2-0295,31566cbb-0eeb-499e-aa6d-b9b0bd85fc8b,Mega Greninja ex,Chaos Rising,122,mega_hyper_rare,2026 Pokemon Me04: Chaos Rising Mega Greninja ex 122/086 Gold Holo English Mint,EXACT_TARGET_MATCH,REJECTED,REJECTED,SINGLE_RAW_CARD,RAW_CONDITION_UNGRADED_UNSPECIFIED,"{""language"":""COMPATIBLE"",""name"":""MATCH"",""number"":{""observed"":[""122""],""state"":""MATCH"",""target"":""122""},""product_object"":{""reason"":""NO_NON_CARD_OBJECT_EVIDENCE"",""state"":""SINGLE_RAW_CARD""},""raw"":""COMPATIBLE"",""set"":{""conflicts"":[],""matched"":[""chaos rising""],""state"":""EXACT""},""variant"":{""conflicting_treatments"":[""hyper_rare_gold""],""matched"":[],""parallel_terms"":[],""state"":""CONFLICT""}}",WRONG_VARIANT,index_fair_value_ebay_d2m_v2,a2ac052891df2745f2a2dde8b615a5ccbf1ef23a777eb2a0310e35aef94f6d5e,40da9c4ccbe030124d608c59673902f662e14835cc0d8c4b4fffb89231b97a7a,ece085640a013d2803b0364ddf358ef6b1390854,2026-09-12T23:20:59.787335+00:00
D2-0298,31566cbb-0eeb-499e-aa6d-b9b0bd85fc8b,Mega Greninja ex,Chaos Rising,122,mega_hyper_rare,2026 Pokemon Mega Greninja ex #122/086 Chaos Rising Mega Hyper Rare PSA 10,GRADED,REJECTED,REJECTED,GRADED_CARD,GRADED,"{""product_object"":{""reason"":""GRADE_OR_SLAB_EVIDENCE"",""state"":""GRADED_CARD""}}",GRADED_CARD,index_fair_value_ebay_d2m_v2,a2ac052891df2745f2a2dde8b615a5ccbf1ef23a777eb2a0310e35aef94f6d5e,40da9c4ccbe030124d608c59673902f662e14835cc0d8c4b4fffb89231b97a7a,ece085640a013d2803b0364ddf358ef6b1390854,2026-09-12T23:20:59.787335+00:00
D2-0299,31566cbb-0eeb-499e-aa6d-b9b0bd85fc8b,Mega Greninja ex,Chaos Rising,122,mega_hyper_rare,MEGA GRENINJA EX 122/086 MEGA HYPER RARE CHAOS RISING POKEMON HOLO NEAR MINT,EXACT_TARGET_MATCH,HIGH_CONFIDENCE,HIGH_CONFIDENCE,SINGLE_RAW_CARD,RAW_CONDITION_STATED_NM,"{""language"":""COMPATIBLE"",""name"":""MATCH"",""number"":{""observed"":[""122""],""state"":""MATCH"",""target"":""122""},""product_object"":{""reason"":""NO_NON_CARD_OBJECT_EVIDENCE"",""state"":""SINGLE_RAW_CARD""},""raw"":""COMPATIBLE"",""set"":{""conflicts"":[],""matched"":[""chaos rising""],""state"":""EXACT""},""variant"":{""conflicting_treatments"":[""hyper_rare_gold""],""matched"":[""mega hyper rare""],""parallel_terms"":[],""state"":""MATCH""}}",THREE_FACTOR_IDENTITY,index_fair_value_ebay_d2m_v2,a2ac052891df2745f2a2dde8b615a5ccbf1ef23a777eb2a0310e35aef94f6d5e,40da9c4ccbe030124d608c59673902f662e14835cc0d8c4b4fffb89231b97a7a,ece085640a013d2803b0364ddf358ef6b1390854,2026-09-12T23:20:59.787335+00:00
D2-0301,33dca102-b449-4da6-bfa6-7b72de711596,Charizard ex,Paldean Fates,234,special_illustration_rare,2024 Pokemon 234/091 Charizard EX Paldean Fates,EXACT_TARGET_MATCH,HIGH_CONFIDENCE,HIGH_CONFIDENCE,SINGLE_RAW_CARD,RAW_CONDITION_UNGRADED_UNSPECIFIED,"{""language"":""COMPATIBLE"",""name"":""MATCH"",""number"":{""observed"":[""234""],""state"":""MATCH"",""target"":""234""},""product_object"":{""reason"":""NO_NON_CARD_OBJECT_EVIDENCE"",""state"":""SINGLE_RAW_CARD""},""raw"":""COMPATIBLE"",""set"":{""conflicts"":[],""matched"":[""paldean fates""],""state"":""EXACT""},""variant"":{""conflicting_treatments"":[],""matched"":[],""parallel_terms"":[],""state"":""ABSENT""}}",THREE_FACTOR_IDENTITY,index_fair_value_ebay_d2m_v2,a2ac052891df2745f2a2dde8b615a5ccbf1ef23a777eb2a0310e35aef94f6d5e,40da9c4ccbe030124d608c59673902f662e14835cc0d8c4b4fffb89231b97a7a,ece085640a013d2803b0364ddf358ef6b1390854,2026-09-12T23:20:59.787335+00:00
D2-0307,33dca102-b449-4da6-bfa6-7b72de711596,Charizard ex,Paldean Fates,234,special_illustration_rare,Pokemon Charizard ex Paldean Fates 234 Special Ill Rare SIR PSA 10 with Case,GRADED,REJECTED,REJECTED,GRADED_CARD,GRADED,"{""product_object"":{""reason"":""GRADE_OR_SLAB_EVIDENCE"",""state"":""GRADED_CARD""}}",GRADED_CARD,index_fair_value_ebay_d2m_v2,a2ac052891df2745f2a2dde8b615a5ccbf1ef23a777eb2a0310e35aef94f6d5e,40da9c4ccbe030124d608c59673902f662e14835cc0d8c4b4fffb89231b97a7a,ece085640a013d2803b0364ddf358ef6b1390854,2026-09-12T23:20:59.787335+00:00
D2-0310,33dca102-b449-4da6-bfa6-7b72de711596,Charizard ex,Paldean Fates,234,special_illustration_rare,Charizard EX #234/091 NM Paldean Fates Pokemon Card,GRADED,HIGH_CONFIDENCE,HIGH_CONFIDENCE,SINGLE_RAW_CARD,RAW_CONDITION_STATED_NM,"{""language"":""COMPATIBLE"",""name"":""MATCH"",""number"":{""observed"":[""234""],""state"":""MATCH"",""target"":""234""},""product_object"":{""reason"":""NO_NON_CARD_OBJECT_EVIDENCE"",""state"":""SINGLE_RAW_CARD""},""raw"":""COMPATIBLE"",""set"":{""conflicts"":[],""matched"":[""paldean fates""],""state"":""EXACT""},""variant"":{""conflicting_treatments"":[],""matched"":[],""parallel_terms"":[],""state"":""ABSENT""}}",THREE_FACTOR_IDENTITY,index_fair_value_ebay_d2m_v2,a2ac052891df2745f2a2dde8b615a5ccbf1ef23a777eb2a0310e35aef94f6d5e,40da9c4ccbe030124d608c59673902f662e14835cc0d8c4b4fffb89231b97a7a,ece085640a013d2803b0364ddf358ef6b1390854,2026-09-12T23:20:59.787335+00:00
D2-0314,33dca102-b449-4da6-bfa6-7b72de711596,Charizard ex,Paldean Fates,234,special_illustration_rare,2024 Pokemon Paldean Fates 234 Charizard ex PSA 10 125420170,GRADED,REJECTED,REJECTED,GRADED_CARD,GRADED,"{""product_object"":{""reason"":""GRADE_OR_SLAB_EVIDENCE"",""state"":""GRADED_CARD""}}",GRADED_CARD,index_fair_value_ebay_d2m_v2,a2ac052891df2745f2a2dde8b615a5ccbf1ef23a777eb2a0310e35aef94f6d5e,40da9c4ccbe030124d608c59673902f662e14835cc0d8c4b4fffb89231b97a7a,ece085640a013d2803b0364ddf358ef6b1390854,2026-09-12T23:20:59.787335+00:00
D2-0315,33dca102-b449-4da6-bfa6-7b72de711596,Charizard ex,Paldean Fates,234,special_illustration_rare,Charizard ex 234/091 SV Paldean Fates SIR Holo 2024 English TAG Graded,GRADED,REJECTED,REJECTED,GRADED_CARD,GRADED,"{""product_object"":{""reason"":""GRADE_OR_SLAB_EVIDENCE"",""state"":""GRADED_CARD""}}",GRADED_CARD,index_fair_value_ebay_d2m_v2,a2ac052891df2745f2a2dde8b615a5ccbf1ef23a777eb2a0310e35aef94f6d5e,40da9c4ccbe030124d608c59673902f662e14835cc0d8c4b4fffb89231b97a7a,ece085640a013d2803b0364ddf358ef6b1390854,2026-09-12T23:20:59.787335+00:00
D2-0318,3755e7ef-e482-4186-8377-e717f80b3759,Secret Box,Twilight Masquerade,163,ace_spec,Secret Box 163/167 Sv06: Twilight Masquerade Holo,EXACT_TARGET_MATCH,HIGH_CONFIDENCE,HIGH_CONFIDENCE,SINGLE_RAW_CARD,RAW_CONDITION_UNGRADED_UNSPECIFIED,"{""language"":""COMPATIBLE"",""name"":""MATCH"",""number"":{""observed"":[""163""],""state"":""MATCH"",""target"":""163""},""product_object"":{""reason"":""NO_NON_CARD_OBJECT_EVIDENCE"",""state"":""SINGLE_RAW_CARD""},""raw"":""COMPATIBLE"",""set"":{""conflicts"":[],""matched"":[""twilight masquerade"",""sv06""],""state"":""EXACT""},""variant"":{""conflicting_treatments"":[],""matched"":[],""parallel_terms"":[],""state"":""ABSENT""}}",THREE_FACTOR_IDENTITY,index_fair_value_ebay_d2m_v2,a2ac052891df2745f2a2dde8b615a5ccbf1ef23a777eb2a0310e35aef94f6d5e,40da9c4ccbe030124d608c59673902f662e14835cc0d8c4b4fffb89231b97a7a,ece085640a013d2803b0364ddf358ef6b1390854,2026-09-12T23:20:59.787335+00:00
D2-0320,3755e7ef-e482-4186-8377-e717f80b3759,Secret Box,Twilight Masquerade,163,ace_spec,Pokemon TCG - Twilight Masquerade: Choose Your Card! - All Holos/Reverse Holos!,EXACT_TARGET_MATCH,REJECTED,REJECTED,MULTI_CARD_OFFER,NOT_APPLICABLE_NON_SINGLE_CARD,"{""product_object"":{""reason"":""SELECTABLE_OR_MULTI_CARD_CONTEXT"",""state"":""MULTI_CARD_OFFER""}}",MULTI_CARD_OFFER,index_fair_value_ebay_d2m_v2,a2ac052891df2745f2a2dde8b615a5ccbf1ef23a777eb2a0310e35aef94f6d5e,40da9c4ccbe030124d608c59673902f662e14835cc0d8c4b4fffb89231b97a7a,ece085640a013d2803b0364ddf358ef6b1390854,2026-09-12T23:20:59.787335+00:00
D2-0326,3755e7ef-e482-4186-8377-e717f80b3759,Secret Box,Twilight Masquerade,163,ace_spec,Pokemon Twilight Masquerade Secret Box 163/167 - NM,EXACT_TARGET_MATCH,HIGH_CONFIDENCE,HIGH_CONFIDENCE,SINGLE_RAW_CARD,RAW_CONDITION_STATED_NM,"{""language"":""COMPATIBLE"",""name"":""MATCH"",""number"":{""observed"":[""163""],""state"":""MATCH"",""target"":""163""},""product_object"":{""reason"":""NO_NON_CARD_OBJECT_EVIDENCE"",""state"":""SINGLE_RAW_CARD""},""raw"":""COMPATIBLE"",""set"":{""conflicts"":[],""matched"":[""twilight masquerade""],""state"":""EXACT""},""variant"":{""conflicting_treatments"":[],""matched"":[],""parallel_terms"":[],""state"":""ABSENT""}}",THREE_FACTOR_IDENTITY,index_fair_value_ebay_d2m_v2,a2ac052891df2745f2a2dde8b615a5ccbf1ef23a777eb2a0310e35aef94f6d5e,40da9c4ccbe030124d608c59673902f662e14835cc0d8c4b4fffb89231b97a7a,ece085640a013d2803b0364ddf358ef6b1390854,2026-09-12T23:20:59.787335+00:00
D2-0329,3755e7ef-e482-4186-8377-e717f80b3759,Secret Box,Twilight Masquerade,163,ace_spec,Secret Box 163/167 NM Twilight Masquerade ACE SPEC Rare Pokemon TCG Card,EXACT_TARGET_MATCH,HIGH_CONFIDENCE,HIGH_CONFIDENCE,SINGLE_RAW_CARD,RAW_CONDITION_STATED_NM,"{""language"":""COMPATIBLE"",""name"":""MATCH"",""number"":{""observed"":[""163""],""state"":""MATCH"",""target"":""163""},""product_object"":{""reason"":""NO_NON_CARD_OBJECT_EVIDENCE"",""state"":""SINGLE_RAW_CARD""},""raw"":""COMPATIBLE"",""set"":{""conflicts"":[],""matched"":[""twilight masquerade""],""state"":""EXACT""},""variant"":{""conflicting_treatments"":[],""matched"":[""ace spec""],""parallel_terms"":[],""state"":""MATCH""}}",THREE_FACTOR_IDENTITY,index_fair_value_ebay_d2m_v2,a2ac052891df2745f2a2dde8b615a5ccbf1ef23a777eb2a0310e35aef94f6d5e,40da9c4ccbe030124d608c59673902f662e14835cc0d8c4b4fffb89231b97a7a,ece085640a013d2803b0364ddf358ef6b1390854,2026-09-12T23:20:59.787335+00:00
D2-0330,3755e7ef-e482-4186-8377-e717f80b3759,Secret Box,Twilight Masquerade,163,ace_spec,Secret Box 163/167 Twilight Masquerade Holo ACE Spec Pokemon Card,EXACT_TARGET_MATCH,HIGH_CONFIDENCE,HIGH_CONFIDENCE,SINGLE_RAW_CARD,RAW_CONDITION_UNGRADED_UNSPECIFIED,"{""language"":""COMPATIBLE"",""name"":""MATCH"",""number"":{""observed"":[""163""],""state"":""MATCH"",""target"":""163""},""product_object"":{""reason"":""NO_NON_CARD_OBJECT_EVIDENCE"",""state"":""SINGLE_RAW_CARD""},""raw"":""COMPATIBLE"",""set"":{""conflicts"":[],""matched"":[""twilight masquerade""],""state"":""EXACT""},""variant"":{""conflicting_treatments"":[],""matched"":[""ace spec""],""parallel_terms"":[],""state"":""MATCH""}}",THREE_FACTOR_IDENTITY,index_fair_value_ebay_d2m_v2,a2ac052891df2745f2a2dde8b615a5ccbf1ef23a777eb2a0310e35aef94f6d5e,40da9c4ccbe030124d608c59673902f662e14835cc0d8c4b4fffb89231b97a7a,ece085640a013d2803b0364ddf358ef6b1390854,2026-09-12T23:20:59.787335+00:00
D2-0333,3b5294d0-4738-4296-952e-f32b2788e3c4,Sunflora,Twilight Masquerade,169,illustration_rare,Sunflora 169/167 Illustration Rare Twilight Masquerade Pokemon Holo Near Mint,EXACT_TARGET_MATCH,HIGH_CONFIDENCE,HIGH_CONFIDENCE,SINGLE_RAW_CARD,RAW_CONDITION_STATED_NM,"{""language"":""COMPATIBLE"",""name"":""MATCH"",""number"":{""observed"":[""169""],""state"":""MATCH"",""target"":""169""},""product_object"":{""reason"":""NO_NON_CARD_OBJECT_EVIDENCE"",""state"":""SINGLE_RAW_CARD""},""raw"":""COMPATIBLE"",""set"":{""conflicts"":[],""matched"":[""twilight masquerade""],""state"":""EXACT""},""variant"":{""conflicting_treatments"":[],""matched"":[""illustration rare""],""parallel_terms"":[],""state"":""MATCH""}}",THREE_FACTOR_IDENTITY,index_fair_value_ebay_d2m_v2,a2ac052891df2745f2a2dde8b615a5ccbf1ef23a777eb2a0310e35aef94f6d5e,40da9c4ccbe030124d608c59673902f662e14835cc0d8c4b4fffb89231b97a7a,ece085640a013d2803b0364ddf358ef6b1390854,2026-09-12T23:20:59.787335+00:00
D2-0335,3b5294d0-4738-4296-952e-f32b2788e3c4,Sunflora,Twilight Masquerade,169,illustration_rare,Sv06: Twilight Masquerade Pokémon TCG Sunflora NM,EXACT_TARGET_MATCH,AMBIGUOUS,AMBIGUOUS,SINGLE_RAW_CARD,RAW_CONDITION_STATED_NM,"{""language"":""COMPATIBLE"",""name"":""MATCH"",""number"":{""observed"":[],""state"":""ABSENT"",""target"":""169""},""product_object"":{""reason"":""NO_NON_CARD_OBJECT_EVIDENCE"",""state"":""SINGLE_RAW_CARD""},""raw"":""COMPATIBLE"",""set"":{""conflicts"":[],""matched"":[""twilight masquerade"",""sv06""],""state"":""EXACT""},""variant"":{""conflicting_treatments"":[],""matched"":[],""parallel_terms"":[],""state"":""ABSENT""}}",INSUFFICIENT_INDEPENDENT_EVIDENCE,index_fair_value_ebay_d2m_v2,a2ac052891df2745f2a2dde8b615a5ccbf1ef23a777eb2a0310e35aef94f6d5e,40da9c4ccbe030124d608c59673902f662e14835cc0d8c4b4fffb89231b97a7a,ece085640a013d2803b0364ddf358ef6b1390854,2026-09-12T23:20:59.787335+00:00
D2-0336,3b5294d0-4738-4296-952e-f32b2788e3c4,Sunflora,Twilight Masquerade,169,illustration_rare,Pokemon TCG - Twilight Masquerade: Choose Your Card! - All Holos/Reverse Holos!,EXACT_TARGET_MATCH,REJECTED,REJECTED,MULTI_CARD_OFFER,NOT_APPLICABLE_NON_SINGLE_CARD,"{""product_object"":{""reason"":""SELECTABLE_OR_MULTI_CARD_CONTEXT"",""state"":""MULTI_CARD_OFFER""}}",MULTI_CARD_OFFER,index_fair_value_ebay_d2m_v2,a2ac052891df2745f2a2dde8b615a5ccbf1ef23a777eb2a0310e35aef94f6d5e,40da9c4ccbe030124d608c59673902f662e14835cc0d8c4b4fffb89231b97a7a,ece085640a013d2803b0364ddf358ef6b1390854,2026-09-12T23:20:59.787335+00:00
D2-0339,3b5294d0-4738-4296-952e-f32b2788e3c4,Sunflora,Twilight Masquerade,169,illustration_rare,Sunflora Illustration Rare Twilight Masquerade 169/167 Moderately Played,EXACT_TARGET_MATCH,HIGH_CONFIDENCE,HIGH_CONFIDENCE,SINGLE_RAW_CARD,RAW_CONDITION_INELIGIBLE,"{""language"":""COMPATIBLE"",""name"":""MATCH"",""number"":{""observed"":[""169""],""state"":""MATCH"",""target"":""169""},""product_object"":{""reason"":""NO_NON_CARD_OBJECT_EVIDENCE"",""state"":""SINGLE_RAW_CARD""},""raw"":""COMPATIBLE"",""set"":{""conflicts"":[],""matched"":[""twilight masquerade""],""state"":""EXACT""},""variant"":{""conflicting_treatments"":[],""matched"":[""illustration rare""],""parallel_terms"":[],""state"":""MATCH""}}",THREE_FACTOR_IDENTITY,index_fair_value_ebay_d2m_v2,a2ac052891df2745f2a2dde8b615a5ccbf1ef23a777eb2a0310e35aef94f6d5e,40da9c4ccbe030124d608c59673902f662e14835cc0d8c4b4fffb89231b97a7a,ece085640a013d2803b0364ddf358ef6b1390854,2026-09-12T23:20:59.787335+00:00
D2-0344,3b5294d0-4738-4296-952e-f32b2788e3c4,Sunflora,Twilight Masquerade,169,illustration_rare,Pokemon - Sunflora - 169/167 SV06: Twilight Masquerade - Illustration Rare - NM,EXACT_TARGET_MATCH,HIGH_CONFIDENCE,HIGH_CONFIDENCE,SINGLE_RAW_CARD,RAW_CONDITION_STATED_NM,"{""language"":""COMPATIBLE"",""name"":""MATCH"",""number"":{""observed"":[""169""],""state"":""MATCH"",""target"":""169""},""product_object"":{""reason"":""NO_NON_CARD_OBJECT_EVIDENCE"",""state"":""SINGLE_RAW_CARD""},""raw"":""COMPATIBLE"",""set"":{""conflicts"":[],""matched"":[""twilight masquerade"",""sv06""],""state"":""EXACT""},""variant"":{""conflicting_treatments"":[],""matched"":[""illustration rare""],""parallel_terms"":[],""state"":""MATCH""}}",THREE_FACTOR_IDENTITY,index_fair_value_ebay_d2m_v2,a2ac052891df2745f2a2dde8b615a5ccbf1ef23a777eb2a0310e35aef94f6d5e,40da9c4ccbe030124d608c59673902f662e14835cc0d8c4b4fffb89231b97a7a,ece085640a013d2803b0364ddf358ef6b1390854,2026-09-12T23:20:59.787335+00:00
D2-0352,3baf2f12-759f-427a-b8d0-2511e639310f,Mega Gardevoir ex,Mega Evolution,187,mega_hyper_rare,Mega Gardevoir EX 2025 Pokemon Mega Evolution,EXACT_TARGET_MATCH,AMBIGUOUS,AMBIGUOUS,SINGLE_RAW_CARD,RAW_CONDITION_UNGRADED_UNSPECIFIED,"{""language"":""COMPATIBLE"",""name"":""MATCH"",""number"":{""observed"":[],""state"":""ABSENT"",""target"":""187""},""product_object"":{""reason"":""NO_NON_CARD_OBJECT_EVIDENCE"",""state"":""SINGLE_RAW_CARD""},""raw"":""COMPATIBLE"",""set"":{""conflicts"":[],""matched"":[""mega evolution""],""state"":""EXACT""},""variant"":{""conflicting_treatments"":[],""matched"":[],""parallel_terms"":[],""state"":""ABSENT""}}",INSUFFICIENT_INDEPENDENT_EVIDENCE,index_fair_value_ebay_d2m_v2,a2ac052891df2745f2a2dde8b615a5ccbf1ef23a777eb2a0310e35aef94f6d5e,40da9c4ccbe030124d608c59673902f662e14835cc0d8c4b4fffb89231b97a7a,ece085640a013d2803b0364ddf358ef6b1390854,2026-09-12T23:20:59.787335+00:00
D2-0354,3baf2f12-759f-427a-b8d0-2511e639310f,Mega Gardevoir ex,Mega Evolution,187,mega_hyper_rare,Pokemon 2025 Mega Gardevoir ex187 Mega Evolution Mega Hyper Rare,EXACT_TARGET_MATCH,HIGH_CONFIDENCE,HIGH_CONFIDENCE,SINGLE_RAW_CARD,RAW_CONDITION_UNGRADED_UNSPECIFIED,"{""language"":""COMPATIBLE"",""name"":""MATCH"",""number"":{""observed"":[""187""],""state"":""MATCH"",""target"":""187""},""product_object"":{""reason"":""NO_NON_CARD_OBJECT_EVIDENCE"",""state"":""SINGLE_RAW_CARD""},""raw"":""COMPATIBLE"",""set"":{""conflicts"":[],""matched"":[""mega evolution""],""state"":""EXACT""},""variant"":{""conflicting_treatments"":[""hyper_rare_gold""],""matched"":[""mega hyper rare""],""parallel_terms"":[],""state"":""MATCH""}}",THREE_FACTOR_IDENTITY,index_fair_value_ebay_d2m_v2,a2ac052891df2745f2a2dde8b615a5ccbf1ef23a777eb2a0310e35aef94f6d5e,40da9c4ccbe030124d608c59673902f662e14835cc0d8c4b4fffb89231b97a7a,ece085640a013d2803b0364ddf358ef6b1390854,2026-09-12T23:20:59.787335+00:00
D2-0355,3baf2f12-759f-427a-b8d0-2511e639310f,Mega Gardevoir ex,Mega Evolution,187,mega_hyper_rare,2025 POKEMON MEG EN-MEGA EVOLUTION MEGA HYPER RARE #187 MEGA GARDEVOIR EX PSA 9,GRADED,REJECTED,REJECTED,GRADED_CARD,GRADED,"{""product_object"":{""reason"":""GRADE_OR_SLAB_EVIDENCE"",""state"":""GRADED_CARD""}}",GRADED_CARD,index_fair_value_ebay_d2m_v2,a2ac052891df2745f2a2dde8b615a5ccbf1ef23a777eb2a0310e35aef94f6d5e,40da9c4ccbe030124d608c59673902f662e14835cc0d8c4b4fffb89231b97a7a,ece085640a013d2803b0364ddf358ef6b1390854,2026-09-12T23:20:59.787335+00:00
D2-0356,3baf2f12-759f-427a-b8d0-2511e639310f,Mega Gardevoir ex,Mega Evolution,187,mega_hyper_rare,Mega Gardevoir EX - 187/132 - Gold Secret Rare - Extended Art Case,SEALED_OR_ACCESSORY,REJECTED,REJECTED,CARD_ACCESSORY,NOT_APPLICABLE_NON_SINGLE_CARD,"{""product_object"":{""ontology_matches"":[""ART_CASE""],""reason"":""ACCESSORY_PRODUCT_CONTEXT"",""state"":""CARD_ACCESSORY""}}",CARD_ACCESSORY,index_fair_value_ebay_d2m_v2,a2ac052891df2745f2a2dde8b615a5ccbf1ef23a777eb2a0310e35aef94f6d5e,40da9c4ccbe030124d608c59673902f662e14835cc0d8c4b4fffb89231b97a7a,ece085640a013d2803b0364ddf358ef6b1390854,2026-09-12T23:20:59.787335+00:00
D2-0360,3baf2f12-759f-427a-b8d0-2511e639310f,Mega Gardevoir ex,Mega Evolution,187,mega_hyper_rare,2025 Pokémon Mega Gardevoir ex #187 Mega Hyper Rare – PSA 10 Gem Mint (English),GRADED,REJECTED,REJECTED,GRADED_CARD,GRADED,"{""product_object"":{""reason"":""GRADE_OR_SLAB_EVIDENCE"",""state"":""GRADED_CARD""}}",GRADED_CARD,index_fair_value_ebay_d2m_v2,a2ac052891df2745f2a2dde8b615a5ccbf1ef23a777eb2a0310e35aef94f6d5e,40da9c4ccbe030124d608c59673902f662e14835cc0d8c4b4fffb89231b97a7a,ece085640a013d2803b0364ddf358ef6b1390854,2026-09-12T23:20:59.787335+00:00
D2-0366,3c75f577-62ee-4bdf-865c-ab2384f4379b,Mega Charizard Y ex,Ascended Heroes,294,mega_hyper_rare,2026 Pokemon Ascending Heroes Mega Charizard Y ex 294/217 Gold Holo,EXACT_TARGET_MATCH,REJECTED,REJECTED,SINGLE_RAW_CARD,RAW_CONDITION_UNGRADED_UNSPECIFIED,"{""language"":""COMPATIBLE"",""name"":""MATCH"",""number"":{""observed"":[""294""],""state"":""MATCH"",""target"":""294""},""product_object"":{""reason"":""NO_NON_CARD_OBJECT_EVIDENCE"",""state"":""SINGLE_RAW_CARD""},""raw"":""COMPATIBLE"",""set"":{""conflicts"":[],""matched"":[],""state"":""ABSENT""},""variant"":{""conflicting_treatments"":[""hyper_rare_gold""],""matched"":[],""parallel_terms"":[],""state"":""CONFLICT""}}",WRONG_VARIANT,index_fair_value_ebay_d2m_v2,a2ac052891df2745f2a2dde8b615a5ccbf1ef23a777eb2a0310e35aef94f6d5e,40da9c4ccbe030124d608c59673902f662e14835cc0d8c4b4fffb89231b97a7a,ece085640a013d2803b0364ddf358ef6b1390854,2026-09-12T23:20:59.787335+00:00
D2-0369,3c75f577-62ee-4bdf-865c-ab2384f4379b,Mega Charizard Y ex,Ascended Heroes,294,mega_hyper_rare,Mega Charizard Y EX ascended hero’s hyper rare,EXACT_TARGET_MATCH,REJECTED,REJECTED,SINGLE_RAW_CARD,RAW_CONDITION_UNGRADED_UNSPECIFIED,"{""language"":""COMPATIBLE"",""name"":""MATCH"",""number"":{""observed"":[],""state"":""ABSENT"",""target"":""294""},""product_object"":{""reason"":""NO_NON_CARD_OBJECT_EVIDENCE"",""state"":""SINGLE_RAW_CARD""},""raw"":""COMPATIBLE"",""set"":{""conflicts"":[],""matched"":[],""state"":""ABSENT""},""variant"":{""conflicting_treatments"":[""hyper_rare_gold""],""matched"":[],""parallel_terms"":[],""state"":""CONFLICT""}}",WRONG_VARIANT,index_fair_value_ebay_d2m_v2,a2ac052891df2745f2a2dde8b615a5ccbf1ef23a777eb2a0310e35aef94f6d5e,40da9c4ccbe030124d608c59673902f662e14835cc0d8c4b4fffb89231b97a7a,ece085640a013d2803b0364ddf358ef6b1390854,2026-09-12T23:20:59.787335+00:00
D2-0371,3c75f577-62ee-4bdf-865c-ab2384f4379b,Mega Charizard Y ex,Ascended Heroes,294,mega_hyper_rare,Pokemon Mega Charizard Y ex 294/217 Gold HyperRare Ascended Heroes - Portuguese,EXACT_TARGET_MATCH,REJECTED,REJECTED,SINGLE_RAW_CARD,RAW_CONDITION_UNGRADED_UNSPECIFIED,"{""language"":""CONFLICT"",""name"":""MATCH"",""number"":{""observed"":[""294""],""state"":""MATCH"",""target"":""294""},""product_object"":{""reason"":""NO_NON_CARD_OBJECT_EVIDENCE"",""state"":""SINGLE_RAW_CARD""},""raw"":""COMPATIBLE"",""set"":{""conflicts"":[],""matched"":[""ascended heroes""],""state"":""EXACT""},""variant"":{""conflicting_treatments"":[""hyper_rare_gold""],""matched"":[],""parallel_terms"":[],""state"":""CONFLICT""}}",WRONG_LANGUAGE,index_fair_value_ebay_d2m_v2,a2ac052891df2745f2a2dde8b615a5ccbf1ef23a777eb2a0310e35aef94f6d5e,40da9c4ccbe030124d608c59673902f662e14835cc0d8c4b4fffb89231b97a7a,ece085640a013d2803b0364ddf358ef6b1390854,2026-09-12T23:20:59.787335+00:00
D2-0373,3c75f577-62ee-4bdf-865c-ab2384f4379b,Mega Charizard Y ex,Ascended Heroes,294,mega_hyper_rare,Mega Charizard Y EX 294/217 Ascended Heroes Gold Hyper Rare Pokemon TCG Mint,EXACT_TARGET_MATCH,REJECTED,REJECTED,SINGLE_RAW_CARD,RAW_CONDITION_UNGRADED_UNSPECIFIED,"{""language"":""COMPATIBLE"",""name"":""MATCH"",""number"":{""observed"":[""294""],""state"":""MATCH"",""target"":""294""},""product_object"":{""reason"":""NO_NON_CARD_OBJECT_EVIDENCE"",""state"":""SINGLE_RAW_CARD""},""raw"":""COMPATIBLE"",""set"":{""conflicts"":[],""matched"":[""ascended heroes""],""state"":""EXACT""},""variant"":{""conflicting_treatments"":[""hyper_rare_gold""],""matched"":[],""parallel_terms"":[],""state"":""CONFLICT""}}",WRONG_VARIANT,index_fair_value_ebay_d2m_v2,a2ac052891df2745f2a2dde8b615a5ccbf1ef23a777eb2a0310e35aef94f6d5e,40da9c4ccbe030124d608c59673902f662e14835cc0d8c4b4fffb89231b97a7a,ece085640a013d2803b0364ddf358ef6b1390854,2026-09-12T23:20:59.787335+00:00
D2-0375,3c75f577-62ee-4bdf-865c-ab2384f4379b,Mega Charizard Y ex,Ascended Heroes,294,mega_hyper_rare,2026 POKEMON EN-ASCENDED HEROES 294 MEGA CHARIZARD Y EX MEGA HYPER RARE - PSA 10,GRADED,REJECTED,REJECTED,GRADED_CARD,GRADED,"{""product_object"":{""reason"":""GRADE_OR_SLAB_EVIDENCE"",""state"":""GRADED_CARD""}}",GRADED_CARD,index_fair_value_ebay_d2m_v2,a2ac052891df2745f2a2dde8b615a5ccbf1ef23a777eb2a0310e35aef94f6d5e,40da9c4ccbe030124d608c59673902f662e14835cc0d8c4b4fffb89231b97a7a,ece085640a013d2803b0364ddf358ef6b1390854,2026-09-12T23:20:59.787335+00:00
D2-0377,4206e794-1ec6-4d55-94d4-63267ac9a183,Mega Dragonite ex,Ascended Heroes,290,special_illustration_rare,2026 Pokemon 290/217 Mega Dragonite ex Ascended Heroes,EXACT_TARGET_MATCH,HIGH_CONFIDENCE,HIGH_CONFIDENCE,SINGLE_RAW_CARD,RAW_CONDITION_UNGRADED_UNSPECIFIED,"{""language"":""COMPATIBLE"",""name"":""MATCH"",""number"":{""observed"":[""290""],""state"":""MATCH"",""target"":""290""},""product_object"":{""reason"":""NO_NON_CARD_OBJECT_EVIDENCE"",""state"":""SINGLE_RAW_CARD""},""raw"":""COMPATIBLE"",""set"":{""conflicts"":[],""matched"":[""ascended heroes""],""state"":""EXACT""},""variant"":{""conflicting_treatments"":[],""matched"":[],""parallel_terms"":[],""state"":""ABSENT""}}",THREE_FACTOR_IDENTITY,index_fair_value_ebay_d2m_v2,a2ac052891df2745f2a2dde8b615a5ccbf1ef23a777eb2a0310e35aef94f6d5e,40da9c4ccbe030124d608c59673902f662e14835cc0d8c4b4fffb89231b97a7a,ece085640a013d2803b0364ddf358ef6b1390854,2026-09-12T23:20:59.787335+00:00
D2-0379,4206e794-1ec6-4d55-94d4-63267ac9a183,Mega Dragonite ex,Ascended Heroes,290,special_illustration_rare,Mega Dragonite EX 290/217 Evolutions Secret Rare Full Art Holo Pokemon ,EXACT_TARGET_MATCH,REJECTED,REJECTED,SINGLE_RAW_CARD,RAW_CONDITION_UNGRADED_UNSPECIFIED,"{""language"":""COMPATIBLE"",""name"":""MATCH"",""number"":{""observed"":[""290""],""state"":""MATCH"",""target"":""290""},""product_object"":{""reason"":""NO_NON_CARD_OBJECT_EVIDENCE"",""state"":""SINGLE_RAW_CARD""},""raw"":""COMPATIBLE"",""set"":{""conflicts"":[],""matched"":[],""state"":""ABSENT""},""variant"":{""conflicting_treatments"":[""ultra_rare""],""matched"":[],""parallel_terms"":[],""state"":""CONFLICT""}}",WRONG_VARIANT,index_fair_value_ebay_d2m_v2,a2ac052891df2745f2a2dde8b615a5ccbf1ef23a777eb2a0310e35aef94f6d5e,40da9c4ccbe030124d608c59673902f662e14835cc0d8c4b4fffb89231b97a7a,ece085640a013d2803b0364ddf358ef6b1390854,2026-09-12T23:20:59.787335+00:00
D2-0380,4206e794-1ec6-4d55-94d4-63267ac9a183,Mega Dragonite ex,Ascended Heroes,290,special_illustration_rare,2026 Pokemon Mega Dragonite ex Special Illustration Rare #290/217 NM,EXACT_TARGET_MATCH,HIGH_CONFIDENCE,HIGH_CONFIDENCE,SINGLE_RAW_CARD,RAW_CONDITION_STATED_NM,"{""language"":""COMPATIBLE"",""name"":""MATCH"",""number"":{""observed"":[""290""],""state"":""MATCH"",""target"":""290""},""product_object"":{""reason"":""NO_NON_CARD_OBJECT_EVIDENCE"",""state"":""SINGLE_RAW_CARD""},""raw"":""COMPATIBLE"",""set"":{""conflicts"":[],""matched"":[],""state"":""ABSENT""},""variant"":{""conflicting_treatments"":[""illustration_rare""],""matched"":[""special illustration rare""],""parallel_terms"":[],""state"":""MATCH""}}",NAME_NUMBER_VARIANT_IDENTITY,index_fair_value_ebay_d2m_v2,a2ac052891df2745f2a2dde8b615a5ccbf1ef23a777eb2a0310e35aef94f6d5e,40da9c4ccbe030124d608c59673902f662e14835cc0d8c4b4fffb89231b97a7a,ece085640a013d2803b0364ddf358ef6b1390854,2026-09-12T23:20:59.787335+00:00
D2-0388,4206e794-1ec6-4d55-94d4-63267ac9a183,Mega Dragonite ex,Ascended Heroes,290,special_illustration_rare,Mega Dragonite ex SIR Ascended Heroes 290/217 English Pokémon TCG NM,EXACT_TARGET_MATCH,HIGH_CONFIDENCE,HIGH_CONFIDENCE,SINGLE_RAW_CARD,RAW_CONDITION_STATED_NM,"{""language"":""COMPATIBLE"",""name"":""MATCH"",""number"":{""observed"":[""290""],""state"":""MATCH"",""target"":""290""},""product_object"":{""reason"":""NO_NON_CARD_OBJECT_EVIDENCE"",""state"":""SINGLE_RAW_CARD""},""raw"":""COMPATIBLE"",""set"":{""conflicts"":[],""matched"":[""ascended heroes""],""state"":""EXACT""},""variant"":{""conflicting_treatments"":[],""matched"":[""sir""],""parallel_terms"":[],""state"":""MATCH""}}",THREE_FACTOR_IDENTITY,index_fair_value_ebay_d2m_v2,a2ac052891df2745f2a2dde8b615a5ccbf1ef23a777eb2a0310e35aef94f6d5e,40da9c4ccbe030124d608c59673902f662e14835cc0d8c4b4fffb89231b97a7a,ece085640a013d2803b0364ddf358ef6b1390854,2026-09-12T23:20:59.787335+00:00
D2-0390,4206e794-1ec6-4d55-94d4-63267ac9a183,Mega Dragonite ex,Ascended Heroes,290,special_illustration_rare,POKEMON TCG MEGA DRAGONITE EX 290/217 ASCENDED HEROES SIR HOLO ENG,EXACT_TARGET_MATCH,HIGH_CONFIDENCE,HIGH_CONFIDENCE,SINGLE_RAW_CARD,RAW_CONDITION_UNGRADED_UNSPECIFIED,"{""language"":""COMPATIBLE"",""name"":""MATCH"",""number"":{""observed"":[""290""],""state"":""MATCH"",""target"":""290""},""product_object"":{""reason"":""NO_NON_CARD_OBJECT_EVIDENCE"",""state"":""SINGLE_RAW_CARD""},""raw"":""COMPATIBLE"",""set"":{""conflicts"":[],""matched"":[""ascended heroes""],""state"":""EXACT""},""variant"":{""conflicting_treatments"":[],""matched"":[""sir""],""parallel_terms"":[],""state"":""MATCH""}}",THREE_FACTOR_IDENTITY,index_fair_value_ebay_d2m_v2,a2ac052891df2745f2a2dde8b615a5ccbf1ef23a777eb2a0310e35aef94f6d5e,40da9c4ccbe030124d608c59673902f662e14835cc0d8c4b4fffb89231b97a7a,ece085640a013d2803b0364ddf358ef6b1390854,2026-09-12T23:20:59.787335+00:00
D2-0391,4299cd6b-98e3-4e65-865f-26a39b19fe5b,Durant ex,Surging Sparks,236,special_illustration_rare,Pokemon - Durant ex 236/191 Special Illustration Rare Ungraded Surging Sparks,EXACT_TARGET_MATCH,HIGH_CONFIDENCE,HIGH_CONFIDENCE,SINGLE_RAW_CARD,RAW_CONDITION_UNGRADED_UNSPECIFIED,"{""language"":""COMPATIBLE"",""name"":""MATCH"",""number"":{""observed"":[""236""],""state"":""MATCH"",""target"":""236""},""product_object"":{""reason"":""NO_NON_CARD_OBJECT_EVIDENCE"",""state"":""SINGLE_RAW_CARD""},""raw"":""COMPATIBLE"",""set"":{""conflicts"":[],""matched"":[""surging sparks""],""state"":""EXACT""},""variant"":{""conflicting_treatments"":[""illustration_rare""],""matched"":[""special illustration rare""],""parallel_terms"":[],""state"":""MATCH""}}",THREE_FACTOR_IDENTITY,index_fair_value_ebay_d2m_v2,a2ac052891df2745f2a2dde8b615a5ccbf1ef23a777eb2a0310e35aef94f6d5e,40da9c4ccbe030124d608c59673902f662e14835cc0d8c4b4fffb89231b97a7a,ece085640a013d2803b0364ddf358ef6b1390854,2026-09-12T23:20:59.787335+00:00
D2-0392,4299cd6b-98e3-4e65-865f-26a39b19fe5b,Durant ex,Surging Sparks,236,special_illustration_rare,Durant ex Special Illustration Rare SSP SV08: Surging Sparks 236/191,EXACT_TARGET_MATCH,HIGH_CONFIDENCE,HIGH_CONFIDENCE,SINGLE_RAW_CARD,RAW_CONDITION_UNGRADED_UNSPECIFIED,"{""language"":""COMPATIBLE"",""name"":""MATCH"",""number"":{""observed"":[""236""],""state"":""MATCH"",""target"":""236""},""product_object"":{""reason"":""NO_NON_CARD_OBJECT_EVIDENCE"",""state"":""SINGLE_RAW_CARD""},""raw"":""COMPATIBLE"",""set"":{""conflicts"":[],""matched"":[""surging sparks"",""ssp""],""state"":""EXACT""},""variant"":{""conflicting_treatments"":[""illustration_rare""],""matched"":[""special illustration rare""],""parallel_terms"":[],""state"":""MATCH""}}",THREE_FACTOR_IDENTITY,index_fair_value_ebay_d2m_v2,a2ac052891df2745f2a2dde8b615a5ccbf1ef23a777eb2a0310e35aef94f6d5e,40da9c4ccbe030124d608c59673902f662e14835cc0d8c4b4fffb89231b97a7a,ece085640a013d2803b0364ddf358ef6b1390854,2026-09-12T23:20:59.787335+00:00
D2-0394,4299cd6b-98e3-4e65-865f-26a39b19fe5b,Durant ex,Surging Sparks,236,special_illustration_rare,Pokemon TCG Durant ex 236/191 SV08 Ultra Rare Holo Full Art EN,EXACT_TARGET_MATCH,REJECTED,REJECTED,SINGLE_RAW_CARD,RAW_CONDITION_UNGRADED_UNSPECIFIED,"{""language"":""COMPATIBLE"",""name"":""MATCH"",""number"":{""observed"":[""236""],""state"":""MATCH"",""target"":""236""},""product_object"":{""reason"":""NO_NON_CARD_OBJECT_EVIDENCE"",""state"":""SINGLE_RAW_CARD""},""raw"":""COMPATIBLE"",""set"":{""conflicts"":[],""matched"":[],""state"":""ABSENT""},""variant"":{""conflicting_treatments"":[""ultra_rare""],""matched"":[],""parallel_terms"":[],""state"":""CONFLICT""}}",WRONG_VARIANT,index_fair_value_ebay_d2m_v2,a2ac052891df2745f2a2dde8b615a5ccbf1ef23a777eb2a0310e35aef94f6d5e,40da9c4ccbe030124d608c59673902f662e14835cc0d8c4b4fffb89231b97a7a,ece085640a013d2803b0364ddf358ef6b1390854,2026-09-12T23:20:59.787335+00:00
D2-0398,4299cd6b-98e3-4e65-865f-26a39b19fe5b,Durant ex,Surging Sparks,236,special_illustration_rare,2024 POKEMON SSP EN-SURGING SPARKS SPECIAL ILLUSTRATION RARE DURANT EX,EXACT_TARGET_MATCH,AMBIGUOUS,AMBIGUOUS,SINGLE_RAW_CARD,RAW_CONDITION_UNGRADED_UNSPECIFIED,"{""language"":""COMPATIBLE"",""name"":""MATCH"",""number"":{""observed"":[],""state"":""ABSENT"",""target"":""236""},""product_object"":{""reason"":""NO_NON_CARD_OBJECT_EVIDENCE"",""state"":""SINGLE_RAW_CARD""},""raw"":""COMPATIBLE"",""set"":{""conflicts"":[],""matched"":[""surging sparks"",""ssp""],""state"":""EXACT""},""variant"":{""conflicting_treatments"":[""illustration_rare""],""matched"":[""special illustration rare""],""parallel_terms"":[],""state"":""MATCH""}}",INSUFFICIENT_INDEPENDENT_EVIDENCE,index_fair_value_ebay_d2m_v2,a2ac052891df2745f2a2dde8b615a5ccbf1ef23a777eb2a0310e35aef94f6d5e,40da9c4ccbe030124d608c59673902f662e14835cc0d8c4b4fffb89231b97a7a,ece085640a013d2803b0364ddf358ef6b1390854,2026-09-12T23:20:59.787335+00:00
D2-0403,4299cd6b-98e3-4e65-865f-26a39b19fe5b,Durant ex,Surging Sparks,236,special_illustration_rare,Durant ex 236/191 Special Illustration Rare - Surging Sparks - Pokemon TCG NM/M,EXACT_TARGET_MATCH,HIGH_CONFIDENCE,HIGH_CONFIDENCE,SINGLE_RAW_CARD,RAW_CONDITION_STATED_NM,"{""language"":""COMPATIBLE"",""name"":""MATCH"",""number"":{""observed"":[""236""],""state"":""MATCH"",""target"":""236""},""product_object"":{""reason"":""NO_NON_CARD_OBJECT_EVIDENCE"",""state"":""SINGLE_RAW_CARD""},""raw"":""COMPATIBLE"",""set"":{""conflicts"":[],""matched"":[""surging sparks""],""state"":""EXACT""},""variant"":{""conflicting_treatments"":[""illustration_rare""],""matched"":[""special illustration rare""],""parallel_terms"":[],""state"":""MATCH""}}",THREE_FACTOR_IDENTITY,index_fair_value_ebay_d2m_v2,a2ac052891df2745f2a2dde8b615a5ccbf1ef23a777eb2a0310e35aef94f6d5e,40da9c4ccbe030124d608c59673902f662e14835cc0d8c4b4fffb89231b97a7a,ece085640a013d2803b0364ddf358ef6b1390854,2026-09-12T23:20:59.787335+00:00
D2-0411,50f67b41-059d-4c14-842f-8b48fba46bc2,Lt. Surge's Bargain,Mega Evolution,120,uncommon,Mega Evolution Pokémon Cards! Holo/Reverse Holo EX SIR Illustration Rare Card!,RELATED_BUT_WRONG_VARIANT,REJECTED,REJECTED,SINGLE_RAW_CARD,RAW_CONDITION_UNGRADED_UNSPECIFIED,"{""language"":""COMPATIBLE"",""name"":""CONFLICT"",""number"":{""observed"":[],""state"":""ABSENT"",""target"":""120""},""product_object"":{""reason"":""NO_NON_CARD_OBJECT_EVIDENCE"",""state"":""SINGLE_RAW_CARD""},""raw"":""COMPATIBLE"",""set"":{""conflicts"":[],""matched"":[""mega evolution""],""state"":""EXACT""},""variant"":{""conflicting_treatments"":[""illustration_rare"",""special_illustration_rare""],""matched"":[],""parallel_terms"":[""reverse holo""],""state"":""CONFLICT""}}",NAME_CONFLICT,index_fair_value_ebay_d2m_v2,a2ac052891df2745f2a2dde8b615a5ccbf1ef23a777eb2a0310e35aef94f6d5e,40da9c4ccbe030124d608c59673902f662e14835cc0d8c4b4fffb89231b97a7a,ece085640a013d2803b0364ddf358ef6b1390854,2026-09-12T23:20:59.787335+00:00
D2-0412,50f67b41-059d-4c14-842f-8b48fba46bc2,Lt. Surge's Bargain,Mega Evolution,120,uncommon,Lt. Surge's Bargain 120/132 Mega Evolution Pokemon TCG 2x Playset Reverse & Reg,LOT_OR_BUNDLE,REJECTED,REJECTED,MULTI_CARD_OFFER,NOT_APPLICABLE_NON_SINGLE_CARD,"{""product_object"":{""reason"":""SELECTABLE_OR_MULTI_CARD_CONTEXT"",""state"":""MULTI_CARD_OFFER""}}",MULTI_CARD_OFFER,index_fair_value_ebay_d2m_v2,a2ac052891df2745f2a2dde8b615a5ccbf1ef23a777eb2a0310e35aef94f6d5e,40da9c4ccbe030124d608c59673902f662e14835cc0d8c4b4fffb89231b97a7a,ece085640a013d2803b0364ddf358ef6b1390854,2026-09-12T23:20:59.787335+00:00
D2-0416,50f67b41-059d-4c14-842f-8b48fba46bc2,Lt. Surge's Bargain,Mega Evolution,120,uncommon,Lt. Surge's Bargain 120/132 ME01: Mega Evolution Uncommon Reverse Holo NM,RELATED_BUT_WRONG_VARIANT,REJECTED,REJECTED,SINGLE_RAW_CARD,RAW_CONDITION_STATED_NM,"{""language"":""COMPATIBLE"",""name"":""MATCH"",""number"":{""observed"":[""120""],""state"":""MATCH"",""target"":""120""},""product_object"":{""reason"":""NO_NON_CARD_OBJECT_EVIDENCE"",""state"":""SINGLE_RAW_CARD""},""raw"":""COMPATIBLE"",""set"":{""conflicts"":[],""matched"":[""mega evolution"",""me01""],""state"":""EXACT""},""variant"":{""conflicting_treatments"":[],""matched"":[],""parallel_terms"":[""reverse holo""],""state"":""CONFLICT""}}",WRONG_VARIANT,index_fair_value_ebay_d2m_v2,a2ac052891df2745f2a2dde8b615a5ccbf1ef23a777eb2a0310e35aef94f6d5e,40da9c4ccbe030124d608c59673902f662e14835cc0d8c4b4fffb89231b97a7a,ece085640a013d2803b0364ddf358ef6b1390854,2026-09-12T23:20:59.787335+00:00
D2-0418,50f67b41-059d-4c14-842f-8b48fba46bc2,Lt. Surge's Bargain,Mega Evolution,120,uncommon,Pokemon - Lt. Surge's Bargain - 120/132  - Reverse Holo - Mega Evolution - NM/M,RELATED_BUT_WRONG_VARIANT,REJECTED,REJECTED,SINGLE_RAW_CARD,RAW_CONDITION_STATED_NM,"{""language"":""COMPATIBLE"",""name"":""MATCH"",""number"":{""observed"":[""120""],""state"":""MATCH"",""target"":""120""},""product_object"":{""reason"":""NO_NON_CARD_OBJECT_EVIDENCE"",""state"":""SINGLE_RAW_CARD""},""raw"":""COMPATIBLE"",""set"":{""conflicts"":[],""matched"":[""mega evolution""],""state"":""EXACT""},""variant"":{""conflicting_treatments"":[],""matched"":[],""parallel_terms"":[""reverse holo""],""state"":""CONFLICT""}}",WRONG_VARIANT,index_fair_value_ebay_d2m_v2,a2ac052891df2745f2a2dde8b615a5ccbf1ef23a777eb2a0310e35aef94f6d5e,40da9c4ccbe030124d608c59673902f662e14835cc0d8c4b4fffb89231b97a7a,ece085640a013d2803b0364ddf358ef6b1390854,2026-09-12T23:20:59.787335+00:00
D2-0420,50f67b41-059d-4c14-842f-8b48fba46bc2,Lt. Surge's Bargain,Mega Evolution,120,uncommon,Pokemon Mega Evolution Reverse Holo Pick Your Card ME01 TCG NM,LOT_OR_BUNDLE,REJECTED,REJECTED,MULTI_CARD_OFFER,NOT_APPLICABLE_NON_SINGLE_CARD,"{""product_object"":{""reason"":""SELECTABLE_OR_MULTI_CARD_CONTEXT"",""state"":""MULTI_CARD_OFFER""}}",MULTI_CARD_OFFER,index_fair_value_ebay_d2m_v2,a2ac052891df2745f2a2dde8b615a5ccbf1ef23a777eb2a0310e35aef94f6d5e,40da9c4ccbe030124d608c59673902f662e14835cc0d8c4b4fffb89231b97a7a,ece085640a013d2803b0364ddf358ef6b1390854,2026-09-12T23:20:59.787335+00:00
D2-0422,53466d2d-94fd-4230-9505-694297a9030d,Perrin,Twilight Masquerade,220,special_illustration_rare,Pokemon TCG Perrin 220/167 Twilight Masquerade Trainer Rare Full Art Holo NM,EXACT_TARGET_MATCH,REJECTED,REJECTED,SINGLE_RAW_CARD,RAW_CONDITION_STATED_NM,"{""language"":""COMPATIBLE"",""name"":""MATCH"",""number"":{""observed"":[""220""],""state"":""MATCH"",""target"":""220""},""product_object"":{""reason"":""NO_NON_CARD_OBJECT_EVIDENCE"",""state"":""SINGLE_RAW_CARD""},""raw"":""COMPATIBLE"",""set"":{""conflicts"":[],""matched"":[""twilight masquerade""],""state"":""EXACT""},""variant"":{""conflicting_treatments"":[""ultra_rare""],""matched"":[],""parallel_terms"":[],""state"":""CONFLICT""}}",WRONG_VARIANT,index_fair_value_ebay_d2m_v2,a2ac052891df2745f2a2dde8b615a5ccbf1ef23a777eb2a0310e35aef94f6d5e,40da9c4ccbe030124d608c59673902f662e14835cc0d8c4b4fffb89231b97a7a,ece085640a013d2803b0364ddf358ef6b1390854,2026-09-12T23:20:59.787335+00:00
D2-0424,53466d2d-94fd-4230-9505-694297a9030d,Perrin,Twilight Masquerade,220,special_illustration_rare,Perrin 220/167 Special Illustration Rare TWM Pokemon Holofoil Near Mint,EXACT_TARGET_MATCH,HIGH_CONFIDENCE,HIGH_CONFIDENCE,SINGLE_RAW_CARD,RAW_CONDITION_STATED_NM,"{""language"":""COMPATIBLE"",""name"":""MATCH"",""number"":{""observed"":[""220""],""state"":""MATCH"",""target"":""220""},""product_object"":{""reason"":""NO_NON_CARD_OBJECT_EVIDENCE"",""state"":""SINGLE_RAW_CARD""},""raw"":""COMPATIBLE"",""set"":{""conflicts"":[],""matched"":[""twm""],""state"":""ALIAS""},""variant"":{""conflicting_treatments"":[""illustration_rare""],""matched"":[""special illustration rare""],""parallel_terms"":[],""state"":""MATCH""}}",THREE_FACTOR_IDENTITY,index_fair_value_ebay_d2m_v2,a2ac052891df2745f2a2dde8b615a5ccbf1ef23a777eb2a0310e35aef94f6d5e,40da9c4ccbe030124d608c59673902f662e14835cc0d8c4b4fffb89231b97a7a,ece085640a013d2803b0364ddf358ef6b1390854,2026-09-12T23:20:59.787335+00:00
D2-0428,53466d2d-94fd-4230-9505-694297a9030d,Perrin,Twilight Masquerade,220,special_illustration_rare,Perrin 220/167 TCG Sv06 Twilight Masquerade Extended Art Case,SEALED_OR_ACCESSORY,REJECTED,REJECTED,CARD_ACCESSORY,NOT_APPLICABLE_NON_SINGLE_CARD,"{""product_object"":{""ontology_matches"":[""ART_CASE""],""reason"":""ACCESSORY_PRODUCT_CONTEXT"",""state"":""CARD_ACCESSORY""}}",CARD_ACCESSORY,index_fair_value_ebay_d2m_v2,a2ac052891df2745f2a2dde8b615a5ccbf1ef23a777eb2a0310e35aef94f6d5e,40da9c4ccbe030124d608c59673902f662e14835cc0d8c4b4fffb89231b97a7a,ece085640a013d2803b0364ddf358ef6b1390854,2026-09-12T23:20:59.787335+00:00
D2-0432,53466d2d-94fd-4230-9505-694297a9030d,Perrin,Twilight Masquerade,220,special_illustration_rare,Pokemon TCG Twilight Masquerade Perrin 220/167 Special Illustration Rare SIR,EXACT_TARGET_MATCH,HIGH_CONFIDENCE,HIGH_CONFIDENCE,SINGLE_RAW_CARD,RAW_CONDITION_UNGRADED_UNSPECIFIED,"{""language"":""COMPATIBLE"",""name"":""MATCH"",""number"":{""observed"":[""220""],""state"":""MATCH"",""target"":""220""},""product_object"":{""reason"":""NO_NON_CARD_OBJECT_EVIDENCE"",""state"":""SINGLE_RAW_CARD""},""raw"":""COMPATIBLE"",""set"":{""conflicts"":[],""matched"":[""twilight masquerade""],""state"":""EXACT""},""variant"":{""conflicting_treatments"":[""illustration_rare""],""matched"":[""special illustration rare"",""sir""],""parallel_terms"":[],""state"":""MATCH""}}",THREE_FACTOR_IDENTITY,index_fair_value_ebay_d2m_v2,a2ac052891df2745f2a2dde8b615a5ccbf1ef23a777eb2a0310e35aef94f6d5e,40da9c4ccbe030124d608c59673902f662e14835cc0d8c4b4fffb89231b97a7a,ece085640a013d2803b0364ddf358ef6b1390854,2026-09-12T23:20:59.787335+00:00
D2-0434,53466d2d-94fd-4230-9505-694297a9030d,Perrin,Twilight Masquerade,220,special_illustration_rare,Perrin 220/167 - Twilight Masquerade Pokemon TCG - NM,EXACT_TARGET_MATCH,HIGH_CONFIDENCE,HIGH_CONFIDENCE,SINGLE_RAW_CARD,RAW_CONDITION_STATED_NM,"{""language"":""COMPATIBLE"",""name"":""MATCH"",""number"":{""observed"":[""220""],""state"":""MATCH"",""target"":""220""},""product_object"":{""reason"":""NO_NON_CARD_OBJECT_EVIDENCE"",""state"":""SINGLE_RAW_CARD""},""raw"":""COMPATIBLE"",""set"":{""conflicts"":[],""matched"":[""twilight masquerade""],""state"":""EXACT""},""variant"":{""conflicting_treatments"":[],""matched"":[],""parallel_terms"":[],""state"":""ABSENT""}}",THREE_FACTOR_IDENTITY,index_fair_value_ebay_d2m_v2,a2ac052891df2745f2a2dde8b615a5ccbf1ef23a777eb2a0310e35aef94f6d5e,40da9c4ccbe030124d608c59673902f662e14835cc0d8c4b4fffb89231b97a7a,ece085640a013d2803b0364ddf358ef6b1390854,2026-09-12T23:20:59.787335+00:00
D2-0437,55096ab6-1773-47c4-bbff-20c1db011223,Victini,Black Bolt,171,rare,Victini 171/086 Black Bolt & White Flare Red,EXACT_TARGET_MATCH,MEDIUM_CONFIDENCE,MEDIUM_CONFIDENCE,SINGLE_RAW_CARD,RAW_CONDITION_UNGRADED_UNSPECIFIED,"{""language"":""COMPATIBLE"",""name"":""MATCH"",""number"":{""observed"":[""171""],""state"":""MATCH"",""target"":""171""},""product_object"":{""reason"":""NO_NON_CARD_OBJECT_EVIDENCE"",""state"":""SINGLE_RAW_CARD""},""raw"":""COMPATIBLE"",""set"":{""conflicts"":[""White Flare""],""matched"":[""black bolt""],""state"":""EXACT""},""variant"":{""conflicting_treatments"":[],""matched"":[],""parallel_terms"":[],""state"":""UNRESOLVED""}}",BASE_PARALLEL_NOT_EXPLICIT,index_fair_value_ebay_d2m_v2,a2ac052891df2745f2a2dde8b615a5ccbf1ef23a777eb2a0310e35aef94f6d5e,40da9c4ccbe030124d608c59673902f662e14835cc0d8c4b4fffb89231b97a7a,ece085640a013d2803b0364ddf358ef6b1390854,2026-09-12T23:20:59.787335+00:00
D2-0441,55096ab6-1773-47c4-bbff-20c1db011223,Victini,Black Bolt,171,rare,Victini 12/86 Black Bolt Rare Holo Near Mint Pokemon,WRONG_CARD_NUMBER,REJECTED,REJECTED,SINGLE_RAW_CARD,RAW_CONDITION_STATED_NM,"{""language"":""COMPATIBLE"",""name"":""MATCH"",""number"":{""observed"":[""12""],""state"":""CONFLICT"",""target"":""171""},""product_object"":{""reason"":""NO_NON_CARD_OBJECT_EVIDENCE"",""state"":""SINGLE_RAW_CARD""},""raw"":""COMPATIBLE"",""set"":{""conflicts"":[],""matched"":[""black bolt""],""state"":""EXACT""},""variant"":{""conflicting_treatments"":[],""matched"":[],""parallel_terms"":[],""state"":""UNRESOLVED""}}",WRONG_CARD_NUMBER,index_fair_value_ebay_d2m_v2,a2ac052891df2745f2a2dde8b615a5ccbf1ef23a777eb2a0310e35aef94f6d5e,40da9c4ccbe030124d608c59673902f662e14835cc0d8c4b4fffb89231b97a7a,ece085640a013d2803b0364ddf358ef6b1390854,2026-09-12T23:20:59.787335+00:00
D2-0442,55096ab6-1773-47c4-bbff-20c1db011223,Victini,Black Bolt,171,rare,Victini 12/86 Holo Rare Black Bolt NM Pokemon TCG,WRONG_CARD_NUMBER,REJECTED,REJECTED,SINGLE_RAW_CARD,RAW_CONDITION_STATED_NM,"{""language"":""COMPATIBLE"",""name"":""MATCH"",""number"":{""observed"":[""12""],""state"":""CONFLICT"",""target"":""171""},""product_object"":{""reason"":""NO_NON_CARD_OBJECT_EVIDENCE"",""state"":""SINGLE_RAW_CARD""},""raw"":""COMPATIBLE"",""set"":{""conflicts"":[],""matched"":[""black bolt""],""state"":""EXACT""},""variant"":{""conflicting_treatments"":[],""matched"":[],""parallel_terms"":[],""state"":""UNRESOLVED""}}",WRONG_CARD_NUMBER,index_fair_value_ebay_d2m_v2,a2ac052891df2745f2a2dde8b615a5ccbf1ef23a777eb2a0310e35aef94f6d5e,40da9c4ccbe030124d608c59673902f662e14835cc0d8c4b4fffb89231b97a7a,ece085640a013d2803b0364ddf358ef6b1390854,2026-09-12T23:20:59.787335+00:00
D2-0445,55096ab6-1773-47c4-bbff-20c1db011223,Victini,Black Bolt,171,rare,WHT Victini 172/086 BGS Beckett Gem Mint 9.5,GRADED,REJECTED,REJECTED,GRADED_CARD,GRADED,"{""product_object"":{""reason"":""GRADE_OR_SLAB_EVIDENCE"",""state"":""GRADED_CARD""}}",GRADED_CARD,index_fair_value_ebay_d2m_v2,a2ac052891df2745f2a2dde8b615a5ccbf1ef23a777eb2a0310e35aef94f6d5e,40da9c4ccbe030124d608c59673902f662e14835cc0d8c4b4fffb89231b97a7a,ece085640a013d2803b0364ddf358ef6b1390854,2026-09-12T23:20:59.787335+00:00
D2-0448,55096ab6-1773-47c4-bbff-20c1db011223,Victini,Black Bolt,171,rare,Victini 171/086 Sv: Black Bolt Pokemon Extended Artwork Case,SEALED_OR_ACCESSORY,REJECTED,REJECTED,CARD_ACCESSORY,NOT_APPLICABLE_NON_SINGLE_CARD,"{""product_object"":{""ontology_matches"":[""ART_CASE""],""reason"":""ACCESSORY_PRODUCT_CONTEXT"",""state"":""CARD_ACCESSORY""}}",CARD_ACCESSORY,index_fair_value_ebay_d2m_v2,a2ac052891df2745f2a2dde8b615a5ccbf1ef23a777eb2a0310e35aef94f6d5e,40da9c4ccbe030124d608c59673902f662e14835cc0d8c4b4fffb89231b97a7a,ece085640a013d2803b0364ddf358ef6b1390854,2026-09-12T23:20:59.787335+00:00
D2-0452,5576e4b9-4873-40fa-84c4-da9f28cec096,Gulpin,Stellar Crown,154,illustration_rare,CGC Gem Mint 10 Gulpin 154/142 Pokémon Stellar Crown SCR EN,GRADED,REJECTED,REJECTED,GRADED_CARD,GRADED,"{""product_object"":{""reason"":""GRADE_OR_SLAB_EVIDENCE"",""state"":""GRADED_CARD""}}",GRADED_CARD,index_fair_value_ebay_d2m_v2,a2ac052891df2745f2a2dde8b615a5ccbf1ef23a777eb2a0310e35aef94f6d5e,40da9c4ccbe030124d608c59673902f662e14835cc0d8c4b4fffb89231b97a7a,ece085640a013d2803b0364ddf358ef6b1390854,2026-09-12T23:20:59.787335+00:00
D2-0454,5576e4b9-4873-40fa-84c4-da9f28cec096,Gulpin,Stellar Crown,154,illustration_rare,Pokemon SCR Gulpin 154/142 NM,EXACT_TARGET_MATCH,HIGH_CONFIDENCE,HIGH_CONFIDENCE,SINGLE_RAW_CARD,RAW_CONDITION_STATED_NM,"{""language"":""COMPATIBLE"",""name"":""MATCH"",""number"":{""observed"":[""154""],""state"":""MATCH"",""target"":""154""},""product_object"":{""reason"":""NO_NON_CARD_OBJECT_EVIDENCE"",""state"":""SINGLE_RAW_CARD""},""raw"":""COMPATIBLE"",""set"":{""conflicts"":[],""matched"":[""scr""],""state"":""ALIAS""},""variant"":{""conflicting_treatments"":[],""matched"":[],""parallel_terms"":[],""state"":""ABSENT""}}",THREE_FACTOR_IDENTITY,index_fair_value_ebay_d2m_v2,a2ac052891df2745f2a2dde8b615a5ccbf1ef23a777eb2a0310e35aef94f6d5e,40da9c4ccbe030124d608c59673902f662e14835cc0d8c4b4fffb89231b97a7a,ece085640a013d2803b0364ddf358ef6b1390854,2026-09-12T23:20:59.787335+00:00
D2-0457,5576e4b9-4873-40fa-84c4-da9f28cec096,Gulpin,Stellar Crown,154,illustration_rare,Gulpin 154/142 Sv07: Stellar Crown Holo,EXACT_TARGET_MATCH,HIGH_CONFIDENCE,HIGH_CONFIDENCE,SINGLE_RAW_CARD,RAW_CONDITION_UNGRADED_UNSPECIFIED,"{""language"":""COMPATIBLE"",""name"":""MATCH"",""number"":{""observed"":[""154""],""state"":""MATCH"",""target"":""154""},""product_object"":{""reason"":""NO_NON_CARD_OBJECT_EVIDENCE"",""state"":""SINGLE_RAW_CARD""},""raw"":""COMPATIBLE"",""set"":{""conflicts"":[],""matched"":[""stellar crown""],""state"":""EXACT""},""variant"":{""conflicting_treatments"":[],""matched"":[],""parallel_terms"":[],""state"":""ABSENT""}}",THREE_FACTOR_IDENTITY,index_fair_value_ebay_d2m_v2,a2ac052891df2745f2a2dde8b615a5ccbf1ef23a777eb2a0310e35aef94f6d5e,40da9c4ccbe030124d608c59673902f662e14835cc0d8c4b4fffb89231b97a7a,ece085640a013d2803b0364ddf358ef6b1390854,2026-09-12T23:20:59.787335+00:00
D2-0459,5576e4b9-4873-40fa-84c4-da9f28cec096,Gulpin,Stellar Crown,154,illustration_rare,Gulpin 154/142 Illustration Rare Stellar Crown Pokemon Holo Near Mint,EXACT_TARGET_MATCH,HIGH_CONFIDENCE,HIGH_CONFIDENCE,SINGLE_RAW_CARD,RAW_CONDITION_STATED_NM,"{""language"":""COMPATIBLE"",""name"":""MATCH"",""number"":{""observed"":[""154""],""state"":""MATCH"",""target"":""154""},""product_object"":{""reason"":""NO_NON_CARD_OBJECT_EVIDENCE"",""state"":""SINGLE_RAW_CARD""},""raw"":""COMPATIBLE"",""set"":{""conflicts"":[],""matched"":[""stellar crown""],""state"":""EXACT""},""variant"":{""conflicting_treatments"":[],""matched"":[""illustration rare""],""parallel_terms"":[],""state"":""MATCH""}}",THREE_FACTOR_IDENTITY,index_fair_value_ebay_d2m_v2,a2ac052891df2745f2a2dde8b615a5ccbf1ef23a777eb2a0310e35aef94f6d5e,40da9c4ccbe030124d608c59673902f662e14835cc0d8c4b4fffb89231b97a7a,ece085640a013d2803b0364ddf358ef6b1390854,2026-09-12T23:20:59.787335+00:00
D2-0463,5576e4b9-4873-40fa-84c4-da9f28cec096,Gulpin,Stellar Crown,154,illustration_rare,Gulpin 154/142 Illustration Rare Pokemon Card SV07: Stellar Crown,EXACT_TARGET_MATCH,HIGH_CONFIDENCE,HIGH_CONFIDENCE,SINGLE_RAW_CARD,RAW_CONDITION_UNGRADED_UNSPECIFIED,"{""language"":""COMPATIBLE"",""name"":""MATCH"",""number"":{""observed"":[""154""],""state"":""MATCH"",""target"":""154""},""product_object"":{""reason"":""NO_NON_CARD_OBJECT_EVIDENCE"",""state"":""SINGLE_RAW_CARD""},""raw"":""COMPATIBLE"",""set"":{""conflicts"":[],""matched"":[""stellar crown""],""state"":""EXACT""},""variant"":{""conflicting_treatments"":[],""matched"":[""illustration rare""],""parallel_terms"":[],""state"":""MATCH""}}",THREE_FACTOR_IDENTITY,index_fair_value_ebay_d2m_v2,a2ac052891df2745f2a2dde8b615a5ccbf1ef23a777eb2a0310e35aef94f6d5e,40da9c4ccbe030124d608c59673902f662e14835cc0d8c4b4fffb89231b97a7a,ece085640a013d2803b0364ddf358ef6b1390854,2026-09-12T23:20:59.787335+00:00
D2-0468,605a2c1a-6a14-463e-b1e2-b55cd9c16244,Krookodile,Black Bolt,137,illustration_rare,Krookodile 137/086 Holo Illustration Rare Black Bolt Pokemon Near Mint,EXACT_TARGET_MATCH,HIGH_CONFIDENCE,HIGH_CONFIDENCE,SINGLE_RAW_CARD,RAW_CONDITION_STATED_NM,"{""language"":""COMPATIBLE"",""name"":""MATCH"",""number"":{""observed"":[""137""],""state"":""MATCH"",""target"":""137""},""product_object"":{""reason"":""NO_NON_CARD_OBJECT_EVIDENCE"",""state"":""SINGLE_RAW_CARD""},""raw"":""COMPATIBLE"",""set"":{""conflicts"":[],""matched"":[""black bolt""],""state"":""EXACT""},""variant"":{""conflicting_treatments"":[],""matched"":[""illustration rare""],""parallel_terms"":[],""state"":""MATCH""}}",THREE_FACTOR_IDENTITY,index_fair_value_ebay_d2m_v2,a2ac052891df2745f2a2dde8b615a5ccbf1ef23a777eb2a0310e35aef94f6d5e,40da9c4ccbe030124d608c59673902f662e14835cc0d8c4b4fffb89231b97a7a,ece085640a013d2803b0364ddf358ef6b1390854,2026-09-12T23:20:59.787335+00:00
D2-0470,605a2c1a-6a14-463e-b1e2-b55cd9c16244,Krookodile,Black Bolt,137,illustration_rare,Krookodile 137/086 Sv: Black Bolt Holo PSA 9,GRADED,REJECTED,REJECTED,GRADED_CARD,GRADED,"{""product_object"":{""reason"":""GRADE_OR_SLAB_EVIDENCE"",""state"":""GRADED_CARD""}}",GRADED_CARD,index_fair_value_ebay_d2m_v2,a2ac052891df2745f2a2dde8b615a5ccbf1ef23a777eb2a0310e35aef94f6d5e,40da9c4ccbe030124d608c59673902f662e14835cc0d8c4b4fffb89231b97a7a,ece085640a013d2803b0364ddf358ef6b1390854,2026-09-12T23:20:59.787335+00:00
D2-0474,605a2c1a-6a14-463e-b1e2-b55cd9c16244,Krookodile,Black Bolt,137,illustration_rare,Pokemon Krookodile 137/086 Sv: Black Bolt EN Illustration Rare Full Art Holo,EXACT_TARGET_MATCH,HIGH_CONFIDENCE,HIGH_CONFIDENCE,SINGLE_RAW_CARD,RAW_CONDITION_UNGRADED_UNSPECIFIED,"{""language"":""COMPATIBLE"",""name"":""MATCH"",""number"":{""observed"":[""137""],""state"":""MATCH"",""target"":""137""},""product_object"":{""reason"":""NO_NON_CARD_OBJECT_EVIDENCE"",""state"":""SINGLE_RAW_CARD""},""raw"":""COMPATIBLE"",""set"":{""conflicts"":[],""matched"":[""black bolt""],""state"":""EXACT""},""variant"":{""conflicting_treatments"":[""ultra_rare""],""matched"":[""illustration rare""],""parallel_terms"":[],""state"":""MATCH""}}",THREE_FACTOR_IDENTITY,index_fair_value_ebay_d2m_v2,a2ac052891df2745f2a2dde8b615a5ccbf1ef23a777eb2a0310e35aef94f6d5e,40da9c4ccbe030124d608c59673902f662e14835cc0d8c4b4fffb89231b97a7a,ece085640a013d2803b0364ddf358ef6b1390854,2026-09-12T23:20:59.787335+00:00
D2-0475,605a2c1a-6a14-463e-b1e2-b55cd9c16244,Krookodile,Black Bolt,137,illustration_rare,Krookodile 137/086 Illustration Rare Black Bolt Pokemon Near Mint,EXACT_TARGET_MATCH,HIGH_CONFIDENCE,HIGH_CONFIDENCE,SINGLE_RAW_CARD,RAW_CONDITION_STATED_NM,"{""language"":""COMPATIBLE"",""name"":""MATCH"",""number"":{""observed"":[""137""],""state"":""MATCH"",""target"":""137""},""product_object"":{""reason"":""NO_NON_CARD_OBJECT_EVIDENCE"",""state"":""SINGLE_RAW_CARD""},""raw"":""COMPATIBLE"",""set"":{""conflicts"":[],""matched"":[""black bolt""],""state"":""EXACT""},""variant"":{""conflicting_treatments"":[],""matched"":[""illustration rare""],""parallel_terms"":[],""state"":""MATCH""}}",THREE_FACTOR_IDENTITY,index_fair_value_ebay_d2m_v2,a2ac052891df2745f2a2dde8b615a5ccbf1ef23a777eb2a0310e35aef94f6d5e,40da9c4ccbe030124d608c59673902f662e14835cc0d8c4b4fffb89231b97a7a,ece085640a013d2803b0364ddf358ef6b1390854,2026-09-12T23:20:59.787335+00:00
D2-0478,605a2c1a-6a14-463e-b1e2-b55cd9c16244,Krookodile,Black Bolt,137,illustration_rare,2025 Pokemon Scarlet & Violet Black Bolt Krookodile Secret Rare #137/86,EXACT_TARGET_MATCH,HIGH_CONFIDENCE,HIGH_CONFIDENCE,SINGLE_RAW_CARD,RAW_CONDITION_UNGRADED_UNSPECIFIED,"{""language"":""COMPATIBLE"",""name"":""MATCH"",""number"":{""observed"":[""137""],""state"":""MATCH"",""target"":""137""},""product_object"":{""reason"":""NO_NON_CARD_OBJECT_EVIDENCE"",""state"":""SINGLE_RAW_CARD""},""raw"":""COMPATIBLE"",""set"":{""conflicts"":[],""matched"":[""black bolt""],""state"":""EXACT""},""variant"":{""conflicting_treatments"":[],""matched"":[],""parallel_terms"":[],""state"":""ABSENT""}}",THREE_FACTOR_IDENTITY,index_fair_value_ebay_d2m_v2,a2ac052891df2745f2a2dde8b615a5ccbf1ef23a777eb2a0310e35aef94f6d5e,40da9c4ccbe030124d608c59673902f662e14835cc0d8c4b4fffb89231b97a7a,ece085640a013d2803b0364ddf358ef6b1390854,2026-09-12T23:20:59.787335+00:00
D2-0481,640cd931-d97f-4173-ad9d-3ab86f91d92c,Pecharunt ex,Shrouded Fable,93,special_illustration_rare,Pecharunt Ex Shrouded Fable 93,EXACT_TARGET_MATCH,AMBIGUOUS,AMBIGUOUS,SINGLE_RAW_CARD,RAW_CONDITION_UNGRADED_UNSPECIFIED,"{""language"":""COMPATIBLE"",""name"":""MATCH"",""number"":{""observed"":[],""state"":""ABSENT"",""target"":""93""},""product_object"":{""reason"":""NO_NON_CARD_OBJECT_EVIDENCE"",""state"":""SINGLE_RAW_CARD""},""raw"":""COMPATIBLE"",""set"":{""conflicts"":[],""matched"":[""shrouded fable""],""state"":""EXACT""},""variant"":{""conflicting_treatments"":[],""matched"":[],""parallel_terms"":[],""state"":""ABSENT""}}",INSUFFICIENT_INDEPENDENT_EVIDENCE,index_fair_value_ebay_d2m_v2,a2ac052891df2745f2a2dde8b615a5ccbf1ef23a777eb2a0310e35aef94f6d5e,40da9c4ccbe030124d608c59673902f662e14835cc0d8c4b4fffb89231b97a7a,ece085640a013d2803b0364ddf358ef6b1390854,2026-09-12T23:20:59.787335+00:00
D2-0482,640cd931-d97f-4173-ad9d-3ab86f91d92c,Pecharunt ex,Shrouded Fable,93,special_illustration_rare,Pecharunt ex - Holo SV6PT5 Shrouded Fable 93/64 NM Pokemon,EXACT_TARGET_MATCH,HIGH_CONFIDENCE,HIGH_CONFIDENCE,SINGLE_RAW_CARD,RAW_CONDITION_STATED_NM,"{""language"":""COMPATIBLE"",""name"":""MATCH"",""number"":{""observed"":[""93""],""state"":""MATCH"",""target"":""93""},""product_object"":{""reason"":""NO_NON_CARD_OBJECT_EVIDENCE"",""state"":""SINGLE_RAW_CARD""},""raw"":""COMPATIBLE"",""set"":{""conflicts"":[],""matched"":[""shrouded fable""],""state"":""EXACT""},""variant"":{""conflicting_treatments"":[],""matched"":[],""parallel_terms"":[],""state"":""ABSENT""}}",THREE_FACTOR_IDENTITY,index_fair_value_ebay_d2m_v2,a2ac052891df2745f2a2dde8b615a5ccbf1ef23a777eb2a0310e35aef94f6d5e,40da9c4ccbe030124d608c59673902f662e14835cc0d8c4b4fffb89231b97a7a,ece085640a013d2803b0364ddf358ef6b1390854,2026-09-12T23:20:59.787335+00:00
D2-0483,640cd931-d97f-4173-ad9d-3ab86f91d92c,Pecharunt ex,Shrouded Fable,93,special_illustration_rare,Pecharunt Ex 93/64,EXACT_TARGET_MATCH,AMBIGUOUS,AMBIGUOUS,SINGLE_RAW_CARD,RAW_CONDITION_UNGRADED_UNSPECIFIED,"{""language"":""COMPATIBLE"",""name"":""MATCH"",""number"":{""observed"":[""93""],""state"":""MATCH"",""target"":""93""},""product_object"":{""reason"":""NO_NON_CARD_OBJECT_EVIDENCE"",""state"":""SINGLE_RAW_CARD""},""raw"":""COMPATIBLE"",""set"":{""conflicts"":[],""matched"":[],""state"":""ABSENT""},""variant"":{""conflicting_treatments"":[],""matched"":[],""parallel_terms"":[],""state"":""ABSENT""}}",INSUFFICIENT_INDEPENDENT_EVIDENCE,index_fair_value_ebay_d2m_v2,a2ac052891df2745f2a2dde8b615a5ccbf1ef23a777eb2a0310e35aef94f6d5e,40da9c4ccbe030124d608c59673902f662e14835cc0d8c4b4fffb89231b97a7a,ece085640a013d2803b0364ddf358ef6b1390854,2026-09-12T23:20:59.787335+00:00
D2-0486,640cd931-d97f-4173-ad9d-3ab86f91d92c,Pecharunt ex,Shrouded Fable,93,special_illustration_rare,CGC Gem Mint 10 Pecharunt ex 093/064 Pokémon Shrouded Fable SFA EN,GRADED,REJECTED,REJECTED,GRADED_CARD,GRADED,"{""product_object"":{""reason"":""GRADE_OR_SLAB_EVIDENCE"",""state"":""GRADED_CARD""}}",GRADED_CARD,index_fair_value_ebay_d2m_v2,a2ac052891df2745f2a2dde8b615a5ccbf1ef23a777eb2a0310e35aef94f6d5e,40da9c4ccbe030124d608c59673902f662e14835cc0d8c4b4fffb89231b97a7a,ece085640a013d2803b0364ddf358ef6b1390854,2026-09-12T23:20:59.787335+00:00
D2-0490,640cd931-d97f-4173-ad9d-3ab86f91d92c,Pecharunt ex,Shrouded Fable,93,special_illustration_rare,Pokémon TCG Pecharunt EX Shrouded Fable Ultra Rare Holo Card 085/064 FA,WRONG_CARD_NUMBER,REJECTED,REJECTED,SINGLE_RAW_CARD,RAW_CONDITION_UNGRADED_UNSPECIFIED,"{""language"":""COMPATIBLE"",""name"":""MATCH"",""number"":{""observed"":[""85""],""state"":""CONFLICT"",""target"":""93""},""product_object"":{""reason"":""NO_NON_CARD_OBJECT_EVIDENCE"",""state"":""SINGLE_RAW_CARD""},""raw"":""COMPATIBLE"",""set"":{""conflicts"":[],""matched"":[""shrouded fable""],""state"":""EXACT""},""variant"":{""conflicting_treatments"":[""ultra_rare""],""matched"":[],""parallel_terms"":[],""state"":""CONFLICT""}}",WRONG_CARD_NUMBER,index_fair_value_ebay_d2m_v2,a2ac052891df2745f2a2dde8b615a5ccbf1ef23a777eb2a0310e35aef94f6d5e,40da9c4ccbe030124d608c59673902f662e14835cc0d8c4b4fffb89231b97a7a,ece085640a013d2803b0364ddf358ef6b1390854,2026-09-12T23:20:59.787335+00:00
D2-0497,64c0404b-826f-493d-9c10-738b2b56eca4,Mega Audino ex,Ascended Heroes,253,ultra_rare,Mega Audino ex 253/217 Ultra Rare ME: Ascended Heroes Pokemon Near Mint,EXACT_TARGET_MATCH,HIGH_CONFIDENCE,HIGH_CONFIDENCE,SINGLE_RAW_CARD,RAW_CONDITION_STATED_NM,"{""language"":""COMPATIBLE"",""name"":""MATCH"",""number"":{""observed"":[""253""],""state"":""MATCH"",""target"":""253""},""product_object"":{""reason"":""NO_NON_CARD_OBJECT_EVIDENCE"",""state"":""SINGLE_RAW_CARD""},""raw"":""COMPATIBLE"",""set"":{""conflicts"":[],""matched"":[""ascended heroes""],""state"":""EXACT""},""variant"":{""conflicting_treatments"":[],""matched"":[""ultra rare""],""parallel_terms"":[],""state"":""MATCH""}}",THREE_FACTOR_IDENTITY,index_fair_value_ebay_d2m_v2,a2ac052891df2745f2a2dde8b615a5ccbf1ef23a777eb2a0310e35aef94f6d5e,40da9c4ccbe030124d608c59673902f662e14835cc0d8c4b4fffb89231b97a7a,ece085640a013d2803b0364ddf358ef6b1390854,2026-09-12T23:20:59.787335+00:00
D2-0502,64c0404b-826f-493d-9c10-738b2b56eca4,Mega Audino ex,Ascended Heroes,253,ultra_rare,MEGA AUDINO EX POKEMON ASCENDED HEROES 253/217 ULTRA RARE LIGHTLY PLAYED,EXACT_TARGET_MATCH,HIGH_CONFIDENCE,HIGH_CONFIDENCE,SINGLE_RAW_CARD,RAW_CONDITION_UNGRADED_UNSPECIFIED,"{""language"":""COMPATIBLE"",""name"":""MATCH"",""number"":{""observed"":[""253""],""state"":""MATCH"",""target"":""253""},""product_object"":{""reason"":""NO_NON_CARD_OBJECT_EVIDENCE"",""state"":""SINGLE_RAW_CARD""},""raw"":""COMPATIBLE"",""set"":{""conflicts"":[],""matched"":[""ascended heroes""],""state"":""EXACT""},""variant"":{""conflicting_treatments"":[],""matched"":[""ultra rare""],""parallel_terms"":[],""state"":""MATCH""}}",THREE_FACTOR_IDENTITY,index_fair_value_ebay_d2m_v2,a2ac052891df2745f2a2dde8b615a5ccbf1ef23a777eb2a0310e35aef94f6d5e,40da9c4ccbe030124d608c59673902f662e14835cc0d8c4b4fffb89231b97a7a,ece085640a013d2803b0364ddf358ef6b1390854,2026-09-12T23:20:59.787335+00:00
D2-0503,64c0404b-826f-493d-9c10-738b2b56eca4,Mega Audino ex,Ascended Heroes,253,ultra_rare,Mega Audino ex 253/217 Ultra Rare Ascended Heroes Pokemon TCG NM,EXACT_TARGET_MATCH,HIGH_CONFIDENCE,HIGH_CONFIDENCE,SINGLE_RAW_CARD,RAW_CONDITION_STATED_NM,"{""language"":""COMPATIBLE"",""name"":""MATCH"",""number"":{""observed"":[""253""],""state"":""MATCH"",""target"":""253""},""product_object"":{""reason"":""NO_NON_CARD_OBJECT_EVIDENCE"",""state"":""SINGLE_RAW_CARD""},""raw"":""COMPATIBLE"",""set"":{""conflicts"":[],""matched"":[""ascended heroes""],""state"":""EXACT""},""variant"":{""conflicting_treatments"":[],""matched"":[""ultra rare""],""parallel_terms"":[],""state"":""MATCH""}}",THREE_FACTOR_IDENTITY,index_fair_value_ebay_d2m_v2,a2ac052891df2745f2a2dde8b615a5ccbf1ef23a777eb2a0310e35aef94f6d5e,40da9c4ccbe030124d608c59673902f662e14835cc0d8c4b4fffb89231b97a7a,ece085640a013d2803b0364ddf358ef6b1390854,2026-09-12T23:20:59.787335+00:00
D2-0504,64c0404b-826f-493d-9c10-738b2b56eca4,Mega Audino ex,Ascended Heroes,253,ultra_rare,Mega Audino ex - 253/217 - Ultra Rare - Ascended Heroes - Pokemon Holo - - NM,EXACT_TARGET_MATCH,HIGH_CONFIDENCE,HIGH_CONFIDENCE,SINGLE_RAW_CARD,RAW_CONDITION_STATED_NM,"{""language"":""COMPATIBLE"",""name"":""MATCH"",""number"":{""observed"":[""253""],""state"":""MATCH"",""target"":""253""},""product_object"":{""reason"":""NO_NON_CARD_OBJECT_EVIDENCE"",""state"":""SINGLE_RAW_CARD""},""raw"":""COMPATIBLE"",""set"":{""conflicts"":[],""matched"":[""ascended heroes""],""state"":""EXACT""},""variant"":{""conflicting_treatments"":[],""matched"":[""ultra rare""],""parallel_terms"":[],""state"":""MATCH""}}",THREE_FACTOR_IDENTITY,index_fair_value_ebay_d2m_v2,a2ac052891df2745f2a2dde8b615a5ccbf1ef23a777eb2a0310e35aef94f6d5e,40da9c4ccbe030124d608c59673902f662e14835cc0d8c4b4fffb89231b97a7a,ece085640a013d2803b0364ddf358ef6b1390854,2026-09-12T23:20:59.787335+00:00
D2-0507,64c0404b-826f-493d-9c10-738b2b56eca4,Mega Audino ex,Ascended Heroes,253,ultra_rare,Mega Audino ex Holo Ultra Rare ME: Ascended Heroes 253/217 NM,EXACT_TARGET_MATCH,HIGH_CONFIDENCE,HIGH_CONFIDENCE,SINGLE_RAW_CARD,RAW_CONDITION_STATED_NM,"{""language"":""COMPATIBLE"",""name"":""MATCH"",""number"":{""observed"":[""253""],""state"":""MATCH"",""target"":""253""},""product_object"":{""reason"":""NO_NON_CARD_OBJECT_EVIDENCE"",""state"":""SINGLE_RAW_CARD""},""raw"":""COMPATIBLE"",""set"":{""conflicts"":[],""matched"":[""ascended heroes""],""state"":""EXACT""},""variant"":{""conflicting_treatments"":[],""matched"":[""ultra rare""],""parallel_terms"":[],""state"":""MATCH""}}",THREE_FACTOR_IDENTITY,index_fair_value_ebay_d2m_v2,a2ac052891df2745f2a2dde8b615a5ccbf1ef23a777eb2a0310e35aef94f6d5e,40da9c4ccbe030124d608c59673902f662e14835cc0d8c4b4fffb89231b97a7a,ece085640a013d2803b0364ddf358ef6b1390854,2026-09-12T23:20:59.787335+00:00
D2-0511,67611b34-a7e9-497f-9708-651cc015ca6c,Lillie's Determination,Mega Evolution,184,special_illustration_rare,Lillie's Determination 184/132 Me01: Mega Evolution Holo,EXACT_TARGET_MATCH,HIGH_CONFIDENCE,HIGH_CONFIDENCE,SINGLE_RAW_CARD,RAW_CONDITION_UNGRADED_UNSPECIFIED,"{""language"":""COMPATIBLE"",""name"":""MATCH"",""number"":{""observed"":[""184""],""state"":""MATCH"",""target"":""184""},""product_object"":{""reason"":""NO_NON_CARD_OBJECT_EVIDENCE"",""state"":""SINGLE_RAW_CARD""},""raw"":""COMPATIBLE"",""set"":{""conflicts"":[],""matched"":[""mega evolution"",""me01""],""state"":""EXACT""},""variant"":{""conflicting_treatments"":[],""matched"":[],""parallel_terms"":[],""state"":""ABSENT""}}",THREE_FACTOR_IDENTITY,index_fair_value_ebay_d2m_v2,a2ac052891df2745f2a2dde8b615a5ccbf1ef23a777eb2a0310e35aef94f6d5e,40da9c4ccbe030124d608c59673902f662e14835cc0d8c4b4fffb89231b97a7a,ece085640a013d2803b0364ddf358ef6b1390854,2026-09-12T23:20:59.787335+00:00
D2-0512,67611b34-a7e9-497f-9708-651cc015ca6c,Lillie's Determination,Mega Evolution,184,special_illustration_rare,Pokemon TCG Lillie's Determination SIR 184/132 Mega Evolution English Holo,EXACT_TARGET_MATCH,HIGH_CONFIDENCE,HIGH_CONFIDENCE,SINGLE_RAW_CARD,RAW_CONDITION_UNGRADED_UNSPECIFIED,"{""language"":""COMPATIBLE"",""name"":""MATCH"",""number"":{""observed"":[""184""],""state"":""MATCH"",""target"":""184""},""product_object"":{""reason"":""NO_NON_CARD_OBJECT_EVIDENCE"",""state"":""SINGLE_RAW_CARD""},""raw"":""COMPATIBLE"",""set"":{""conflicts"":[],""matched"":[""mega evolution""],""state"":""EXACT""},""variant"":{""conflicting_treatments"":[],""matched"":[""sir""],""parallel_terms"":[],""state"":""MATCH""}}",THREE_FACTOR_IDENTITY,index_fair_value_ebay_d2m_v2,a2ac052891df2745f2a2dde8b615a5ccbf1ef23a777eb2a0310e35aef94f6d5e,40da9c4ccbe030124d608c59673902f662e14835cc0d8c4b4fffb89231b97a7a,ece085640a013d2803b0364ddf358ef6b1390854,2026-09-12T23:20:59.787335+00:00
D2-0513,67611b34-a7e9-497f-9708-651cc015ca6c,Lillie's Determination,Mega Evolution,184,special_illustration_rare,LILLIE’S DETERMINATION TAG 10 GEM MINT 184/132 MEGA EVOLUTION ENGLISH POKEMON,GRADED,REJECTED,REJECTED,GRADED_CARD,GRADED,"{""product_object"":{""reason"":""GRADE_OR_SLAB_EVIDENCE"",""state"":""GRADED_CARD""}}",GRADED_CARD,index_fair_value_ebay_d2m_v2,a2ac052891df2745f2a2dde8b615a5ccbf1ef23a777eb2a0310e35aef94f6d5e,40da9c4ccbe030124d608c59673902f662e14835cc0d8c4b4fffb89231b97a7a,ece085640a013d2803b0364ddf358ef6b1390854,2026-09-12T23:20:59.787335+00:00
D2-0515,67611b34-a7e9-497f-9708-651cc015ca6c,Lillie's Determination,Mega Evolution,184,special_illustration_rare,Lillie's Determination 184/132 ME Special Illustration Rare Pokemon Card - NM,EXACT_TARGET_MATCH,HIGH_CONFIDENCE,HIGH_CONFIDENCE,SINGLE_RAW_CARD,RAW_CONDITION_STATED_NM,"{""language"":""COMPATIBLE"",""name"":""MATCH"",""number"":{""observed"":[""184""],""state"":""MATCH"",""target"":""184""},""product_object"":{""reason"":""NO_NON_CARD_OBJECT_EVIDENCE"",""state"":""SINGLE_RAW_CARD""},""raw"":""COMPATIBLE"",""set"":{""conflicts"":[],""matched"":[],""state"":""ABSENT""},""variant"":{""conflicting_treatments"":[""illustration_rare""],""matched"":[""special illustration rare""],""parallel_terms"":[],""state"":""MATCH""}}",NAME_NUMBER_VARIANT_IDENTITY,index_fair_value_ebay_d2m_v2,a2ac052891df2745f2a2dde8b615a5ccbf1ef23a777eb2a0310e35aef94f6d5e,40da9c4ccbe030124d608c59673902f662e14835cc0d8c4b4fffb89231b97a7a,ece085640a013d2803b0364ddf358ef6b1390854,2026-09-12T23:20:59.787335+00:00
D2-0516,67611b34-a7e9-497f-9708-651cc015ca6c,Lillie's Determination,Mega Evolution,184,special_illustration_rare,Pokemon Co. Lillie's Determination 184/132 Guardians Rising Full Art Holo UR,EXACT_TARGET_MATCH,REJECTED,REJECTED,SINGLE_RAW_CARD,RAW_CONDITION_UNGRADED_UNSPECIFIED,"{""language"":""COMPATIBLE"",""name"":""MATCH"",""number"":{""observed"":[""184""],""state"":""MATCH"",""target"":""184""},""product_object"":{""reason"":""NO_NON_CARD_OBJECT_EVIDENCE"",""state"":""SINGLE_RAW_CARD""},""raw"":""COMPATIBLE"",""set"":{""conflicts"":[],""matched"":[],""state"":""ABSENT""},""variant"":{""conflicting_treatments"":[""ultra_rare""],""matched"":[],""parallel_terms"":[],""state"":""CONFLICT""}}",WRONG_VARIANT,index_fair_value_ebay_d2m_v2,a2ac052891df2745f2a2dde8b615a5ccbf1ef23a777eb2a0310e35aef94f6d5e,40da9c4ccbe030124d608c59673902f662e14835cc0d8c4b4fffb89231b97a7a,ece085640a013d2803b0364ddf358ef6b1390854,2026-09-12T23:20:59.787335+00:00
D2-0530,6a1e2c02-b24d-4001-96f1-8bc2a24d8ccd,Gouging Fire ex,Temporal Forces,204,special_illustration_rare,The Pokémon Company Gouging Fire ex 204/162 SV05 SIR Full Art ENG 230 HP Holo,EXACT_TARGET_MATCH,HIGH_CONFIDENCE,HIGH_CONFIDENCE,SINGLE_RAW_CARD,RAW_CONDITION_INELIGIBLE,"{""language"":""COMPATIBLE"",""name"":""MATCH"",""number"":{""observed"":[""204""],""state"":""MATCH"",""target"":""204""},""product_object"":{""reason"":""NO_NON_CARD_OBJECT_EVIDENCE"",""state"":""SINGLE_RAW_CARD""},""raw"":""COMPATIBLE"",""set"":{""conflicts"":[],""matched"":[""sv05""],""state"":""ALIAS""},""variant"":{""conflicting_treatments"":[""ultra_rare""],""matched"":[""sir""],""parallel_terms"":[],""state"":""MATCH""}}",THREE_FACTOR_IDENTITY,index_fair_value_ebay_d2m_v2,a2ac052891df2745f2a2dde8b615a5ccbf1ef23a777eb2a0310e35aef94f6d5e,40da9c4ccbe030124d608c59673902f662e14835cc0d8c4b4fffb89231b97a7a,ece085640a013d2803b0364ddf358ef6b1390854,2026-09-12T23:20:59.787335+00:00
D2-0531,6a1e2c02-b24d-4001-96f1-8bc2a24d8ccd,Gouging Fire ex,Temporal Forces,204,special_illustration_rare,Pokemon TCG Gouging Fire ex 204/162 SV05 Secret Rare Full Art Holo,EXACT_TARGET_MATCH,REJECTED,REJECTED,SINGLE_RAW_CARD,RAW_CONDITION_UNGRADED_UNSPECIFIED,"{""language"":""COMPATIBLE"",""name"":""MATCH"",""number"":{""observed"":[""204""],""state"":""MATCH"",""target"":""204""},""product_object"":{""reason"":""NO_NON_CARD_OBJECT_EVIDENCE"",""state"":""SINGLE_RAW_CARD""},""raw"":""COMPATIBLE"",""set"":{""conflicts"":[],""matched"":[""sv05""],""state"":""ALIAS""},""variant"":{""conflicting_treatments"":[""ultra_rare""],""matched"":[],""parallel_terms"":[],""state"":""CONFLICT""}}",WRONG_VARIANT,index_fair_value_ebay_d2m_v2,a2ac052891df2745f2a2dde8b615a5ccbf1ef23a777eb2a0310e35aef94f6d5e,40da9c4ccbe030124d608c59673902f662e14835cc0d8c4b4fffb89231b97a7a,ece085640a013d2803b0364ddf358ef6b1390854,2026-09-12T23:20:59.787335+00:00
D2-0532,6a1e2c02-b24d-4001-96f1-8bc2a24d8ccd,Gouging Fire ex,Temporal Forces,204,special_illustration_rare,Pokemon TCG Temporal Forces Gouging Fire 204/162 Special Illustration Rare IR NM,EXACT_TARGET_MATCH,HIGH_CONFIDENCE,HIGH_CONFIDENCE,SINGLE_RAW_CARD,RAW_CONDITION_STATED_NM,"{""language"":""COMPATIBLE"",""name"":""MATCH"",""number"":{""observed"":[""204""],""state"":""MATCH"",""target"":""204""},""product_object"":{""reason"":""NO_NON_CARD_OBJECT_EVIDENCE"",""state"":""SINGLE_RAW_CARD""},""raw"":""COMPATIBLE"",""set"":{""conflicts"":[],""matched"":[""temporal forces""],""state"":""EXACT""},""variant"":{""conflicting_treatments"":[""illustration_rare""],""matched"":[""special illustration rare""],""parallel_terms"":[],""state"":""MATCH""}}",THREE_FACTOR_IDENTITY,index_fair_value_ebay_d2m_v2,a2ac052891df2745f2a2dde8b615a5ccbf1ef23a777eb2a0310e35aef94f6d5e,40da9c4ccbe030124d608c59673902f662e14835cc0d8c4b4fffb89231b97a7a,ece085640a013d2803b0364ddf358ef6b1390854,2026-09-12T23:20:59.787335+00:00
D2-0537,6a1e2c02-b24d-4001-96f1-8bc2a24d8ccd,Gouging Fire ex,Temporal Forces,204,special_illustration_rare,Gouging Fire ex 204/162 SV CGC 10,GRADED,REJECTED,REJECTED,GRADED_CARD,GRADED,"{""product_object"":{""reason"":""GRADE_OR_SLAB_EVIDENCE"",""state"":""GRADED_CARD""}}",GRADED_CARD,index_fair_value_ebay_d2m_v2,a2ac052891df2745f2a2dde8b615a5ccbf1ef23a777eb2a0310e35aef94f6d5e,40da9c4ccbe030124d608c59673902f662e14835cc0d8c4b4fffb89231b97a7a,ece085640a013d2803b0364ddf358ef6b1390854,2026-09-12T23:20:59.787335+00:00
D2-0540,6a1e2c02-b24d-4001-96f1-8bc2a24d8ccd,Gouging Fire ex,Temporal Forces,204,special_illustration_rare,🚀 CGC 10 ENGLISH Gouging Fire ex 204/162 Sv05 SIR Temporal Forces Holo Pokemon,GRADED,REJECTED,REJECTED,GRADED_CARD,GRADED,"{""product_object"":{""reason"":""GRADE_OR_SLAB_EVIDENCE"",""state"":""GRADED_CARD""}}",GRADED_CARD,index_fair_value_ebay_d2m_v2,a2ac052891df2745f2a2dde8b615a5ccbf1ef23a777eb2a0310e35aef94f6d5e,40da9c4ccbe030124d608c59673902f662e14835cc0d8c4b4fffb89231b97a7a,ece085640a013d2803b0364ddf358ef6b1390854,2026-09-12T23:20:59.787335+00:00
D2-0543,6a2b87e5-f90b-48f4-be30-a77258bee660,Marill,Paldea Evolved,204,illustration_rare,Marill - 204/193 Paldea Evolved Illustration Rare Pokemon - NM,EXACT_TARGET_MATCH,HIGH_CONFIDENCE,HIGH_CONFIDENCE,SINGLE_RAW_CARD,RAW_CONDITION_STATED_NM,"{""language"":""COMPATIBLE"",""name"":""MATCH"",""number"":{""observed"":[""204""],""state"":""MATCH"",""target"":""204""},""product_object"":{""reason"":""NO_NON_CARD_OBJECT_EVIDENCE"",""state"":""SINGLE_RAW_CARD""},""raw"":""COMPATIBLE"",""set"":{""conflicts"":[],""matched"":[""paldea evolved""],""state"":""EXACT""},""variant"":{""conflicting_treatments"":[],""matched"":[""illustration rare""],""parallel_terms"":[],""state"":""MATCH""}}",THREE_FACTOR_IDENTITY,index_fair_value_ebay_d2m_v2,a2ac052891df2745f2a2dde8b615a5ccbf1ef23a777eb2a0310e35aef94f6d5e,40da9c4ccbe030124d608c59673902f662e14835cc0d8c4b4fffb89231b97a7a,ece085640a013d2803b0364ddf358ef6b1390854,2026-09-12T23:20:59.787335+00:00
D2-0544,6a2b87e5-f90b-48f4-be30-a77258bee660,Marill,Paldea Evolved,204,illustration_rare,Pokemon TCG Marill Illustration Rare Full Art Holo SV02 204/193 ENG,EXACT_TARGET_MATCH,HIGH_CONFIDENCE,HIGH_CONFIDENCE,SINGLE_RAW_CARD,RAW_CONDITION_UNGRADED_UNSPECIFIED,"{""language"":""COMPATIBLE"",""name"":""MATCH"",""number"":{""observed"":[""204""],""state"":""MATCH"",""target"":""204""},""product_object"":{""reason"":""NO_NON_CARD_OBJECT_EVIDENCE"",""state"":""SINGLE_RAW_CARD""},""raw"":""COMPATIBLE"",""set"":{""conflicts"":[],""matched"":[],""state"":""ABSENT""},""variant"":{""conflicting_treatments"":[""ultra_rare""],""matched"":[""illustration rare""],""parallel_terms"":[],""state"":""MATCH""}}",NAME_NUMBER_VARIANT_IDENTITY,index_fair_value_ebay_d2m_v2,a2ac052891df2745f2a2dde8b615a5ccbf1ef23a777eb2a0310e35aef94f6d5e,40da9c4ccbe030124d608c59673902f662e14835cc0d8c4b4fffb89231b97a7a,ece085640a013d2803b0364ddf358ef6b1390854,2026-09-12T23:20:59.787335+00:00
D2-0551,6a2b87e5-f90b-48f4-be30-a77258bee660,Marill,Paldea Evolved,204,illustration_rare,Marill 204/193 Sv02: Paldea Evolved Magnetic 🧲 Extended Art Case,SEALED_OR_ACCESSORY,REJECTED,REJECTED,CARD_ACCESSORY,NOT_APPLICABLE_NON_SINGLE_CARD,"{""product_object"":{""ontology_matches"":[""ART_CASE""],""reason"":""ACCESSORY_PRODUCT_CONTEXT"",""state"":""CARD_ACCESSORY""}}",CARD_ACCESSORY,index_fair_value_ebay_d2m_v2,a2ac052891df2745f2a2dde8b615a5ccbf1ef23a777eb2a0310e35aef94f6d5e,40da9c4ccbe030124d608c59673902f662e14835cc0d8c4b4fffb89231b97a7a,ece085640a013d2803b0364ddf358ef6b1390854,2026-09-12T23:20:59.787335+00:00
D2-0552,6a2b87e5-f90b-48f4-be30-a77258bee660,Marill,Paldea Evolved,204,illustration_rare,Marill 204/193 Sv02: Paldea Evolved Illustration Rare Holo 2023 *DAMAGED*,EXACT_TARGET_MATCH,HIGH_CONFIDENCE,HIGH_CONFIDENCE,SINGLE_RAW_CARD,RAW_CONDITION_INELIGIBLE,"{""language"":""COMPATIBLE"",""name"":""MATCH"",""number"":{""observed"":[""204""],""state"":""MATCH"",""target"":""204""},""product_object"":{""reason"":""NO_NON_CARD_OBJECT_EVIDENCE"",""state"":""SINGLE_RAW_CARD""},""raw"":""COMPATIBLE"",""set"":{""conflicts"":[],""matched"":[""paldea evolved""],""state"":""EXACT""},""variant"":{""conflicting_treatments"":[],""matched"":[""illustration rare""],""parallel_terms"":[],""state"":""MATCH""}}",THREE_FACTOR_IDENTITY,index_fair_value_ebay_d2m_v2,a2ac052891df2745f2a2dde8b615a5ccbf1ef23a777eb2a0310e35aef94f6d5e,40da9c4ccbe030124d608c59673902f662e14835cc0d8c4b4fffb89231b97a7a,ece085640a013d2803b0364ddf358ef6b1390854,2026-09-12T23:20:59.787335+00:00
D2-0554,6a2b87e5-f90b-48f4-be30-a77258bee660,Marill,Paldea Evolved,204,illustration_rare,Pokemon TCG Marill 204/193 SV02 Paldea Evolved Illustration Rare Holo PSA 9,GRADED,REJECTED,REJECTED,GRADED_CARD,GRADED,"{""product_object"":{""reason"":""GRADE_OR_SLAB_EVIDENCE"",""state"":""GRADED_CARD""}}",GRADED_CARD,index_fair_value_ebay_d2m_v2,a2ac052891df2745f2a2dde8b615a5ccbf1ef23a777eb2a0310e35aef94f6d5e,40da9c4ccbe030124d608c59673902f662e14835cc0d8c4b4fffb89231b97a7a,ece085640a013d2803b0364ddf358ef6b1390854,2026-09-12T23:20:59.787335+00:00
D2-0563,6a980108-6683-4461-ac9a-c81a27326dee,Team Rocket's Mewtwo ex,Destined Rivals,231,special_illustration_rare,Team Rocket's Mewtwo ex 231/182 Destined Rivals Holo BGS 9,GRADED,REJECTED,REJECTED,GRADED_CARD,GRADED,"{""product_object"":{""reason"":""GRADE_OR_SLAB_EVIDENCE"",""state"":""GRADED_CARD""}}",GRADED_CARD,index_fair_value_ebay_d2m_v2,a2ac052891df2745f2a2dde8b615a5ccbf1ef23a777eb2a0310e35aef94f6d5e,40da9c4ccbe030124d608c59673902f662e14835cc0d8c4b4fffb89231b97a7a,ece085640a013d2803b0364ddf358ef6b1390854,2026-09-12T23:20:59.787335+00:00
D2-0565,6a980108-6683-4461-ac9a-c81a27326dee,Team Rocket's Mewtwo ex,Destined Rivals,231,special_illustration_rare,Team Rocket's Mewtwo ex 231/182 SV Destined Rivals SIR Pokemon Card - NM,EXACT_TARGET_MATCH,HIGH_CONFIDENCE,HIGH_CONFIDENCE,SINGLE_RAW_CARD,RAW_CONDITION_STATED_NM,"{""language"":""COMPATIBLE"",""name"":""MATCH"",""number"":{""observed"":[""231""],""state"":""MATCH"",""target"":""231""},""product_object"":{""reason"":""NO_NON_CARD_OBJECT_EVIDENCE"",""state"":""SINGLE_RAW_CARD""},""raw"":""COMPATIBLE"",""set"":{""conflicts"":[],""matched"":[""destined rivals""],""state"":""EXACT""},""variant"":{""conflicting_treatments"":[],""matched"":[""sir""],""parallel_terms"":[],""state"":""MATCH""}}",THREE_FACTOR_IDENTITY,index_fair_value_ebay_d2m_v2,a2ac052891df2745f2a2dde8b615a5ccbf1ef23a777eb2a0310e35aef94f6d5e,40da9c4ccbe030124d608c59673902f662e14835cc0d8c4b4fffb89231b97a7a,ece085640a013d2803b0364ddf358ef6b1390854,2026-09-12T23:20:59.787335+00:00
D2-0566,6a980108-6683-4461-ac9a-c81a27326dee,Team Rocket's Mewtwo ex,Destined Rivals,231,special_illustration_rare,Pokemon Team Rocket’s Mewtwo ex 231/182 (SIR) - Destined Rivals - Near Mint,EXACT_TARGET_MATCH,HIGH_CONFIDENCE,HIGH_CONFIDENCE,SINGLE_RAW_CARD,RAW_CONDITION_STATED_NM,"{""language"":""COMPATIBLE"",""name"":""MATCH"",""number"":{""observed"":[""231""],""state"":""MATCH"",""target"":""231""},""product_object"":{""reason"":""NO_NON_CARD_OBJECT_EVIDENCE"",""state"":""SINGLE_RAW_CARD""},""raw"":""COMPATIBLE"",""set"":{""conflicts"":[],""matched"":[""destined rivals""],""state"":""EXACT""},""variant"":{""conflicting_treatments"":[],""matched"":[""sir""],""parallel_terms"":[],""state"":""MATCH""}}",THREE_FACTOR_IDENTITY,index_fair_value_ebay_d2m_v2,a2ac052891df2745f2a2dde8b615a5ccbf1ef23a777eb2a0310e35aef94f6d5e,40da9c4ccbe030124d608c59673902f662e14835cc0d8c4b4fffb89231b97a7a,ece085640a013d2803b0364ddf358ef6b1390854,2026-09-12T23:20:59.787335+00:00
D2-0568,6a980108-6683-4461-ac9a-c81a27326dee,Team Rocket's Mewtwo ex,Destined Rivals,231,special_illustration_rare,Team Rocket's Mewtwo ex #231 2025 Pokemon Destined Rivals,EXACT_TARGET_MATCH,HIGH_CONFIDENCE,HIGH_CONFIDENCE,SINGLE_RAW_CARD,RAW_CONDITION_UNGRADED_UNSPECIFIED,"{""language"":""COMPATIBLE"",""name"":""MATCH"",""number"":{""observed"":[""231""],""state"":""MATCH"",""target"":""231""},""product_object"":{""reason"":""NO_NON_CARD_OBJECT_EVIDENCE"",""state"":""SINGLE_RAW_CARD""},""raw"":""COMPATIBLE"",""set"":{""conflicts"":[],""matched"":[""destined rivals""],""state"":""EXACT""},""variant"":{""conflicting_treatments"":[],""matched"":[],""parallel_terms"":[],""state"":""ABSENT""}}",THREE_FACTOR_IDENTITY,index_fair_value_ebay_d2m_v2,a2ac052891df2745f2a2dde8b615a5ccbf1ef23a777eb2a0310e35aef94f6d5e,40da9c4ccbe030124d608c59673902f662e14835cc0d8c4b4fffb89231b97a7a,ece085640a013d2803b0364ddf358ef6b1390854,2026-09-12T23:20:59.787335+00:00
D2-0570,6a980108-6683-4461-ac9a-c81a27326dee,Team Rocket's Mewtwo ex,Destined Rivals,231,special_illustration_rare,Pokemon 2025 Team Rocket's Mewtwo ex 231/182 SIR Destined Rivals GEM MINT PSA 10,GRADED,REJECTED,REJECTED,GRADED_CARD,GRADED,"{""product_object"":{""reason"":""GRADE_OR_SLAB_EVIDENCE"",""state"":""GRADED_CARD""}}",GRADED_CARD,index_fair_value_ebay_d2m_v2,a2ac052891df2745f2a2dde8b615a5ccbf1ef23a777eb2a0310e35aef94f6d5e,40da9c4ccbe030124d608c59673902f662e14835cc0d8c4b4fffb89231b97a7a,ece085640a013d2803b0364ddf358ef6b1390854,2026-09-12T23:20:59.787335+00:00
D2-0576,740ad74c-8c0c-411f-9ec7-2c734210b8f1,Arbok,Temporal Forces,101,common,Pokemon TCG - Temporal Forces: Choose Your Card! - All Holos/Reverse Holos! NM,AMBIGUOUS,REJECTED,REJECTED,MULTI_CARD_OFFER,NOT_APPLICABLE_NON_SINGLE_CARD,"{""product_object"":{""reason"":""SELECTABLE_OR_MULTI_CARD_CONTEXT"",""state"":""MULTI_CARD_OFFER""}}",MULTI_CARD_OFFER,index_fair_value_ebay_d2m_v2,a2ac052891df2745f2a2dde8b615a5ccbf1ef23a777eb2a0310e35aef94f6d5e,40da9c4ccbe030124d608c59673902f662e14835cc0d8c4b4fffb89231b97a7a,ece085640a013d2803b0364ddf358ef6b1390854,2026-09-12T23:20:59.787335+00:00
D2-0577,740ad74c-8c0c-411f-9ec7-2c734210b8f1,Arbok,Temporal Forces,101,common,2X - Arbok 101/162 Common Temporal Forces Pokemon Near Mint TWO TOTAL - PLAYSET,LOT_OR_BUNDLE,REJECTED,REJECTED,MULTI_CARD_OFFER,NOT_APPLICABLE_NON_SINGLE_CARD,"{""product_object"":{""reason"":""SELECTABLE_OR_MULTI_CARD_CONTEXT"",""state"":""MULTI_CARD_OFFER""}}",MULTI_CARD_OFFER,index_fair_value_ebay_d2m_v2,a2ac052891df2745f2a2dde8b615a5ccbf1ef23a777eb2a0310e35aef94f6d5e,40da9c4ccbe030124d608c59673902f662e14835cc0d8c4b4fffb89231b97a7a,ece085640a013d2803b0364ddf358ef6b1390854,2026-09-12T23:20:59.787335+00:00
D2-0579,740ad74c-8c0c-411f-9ec7-2c734210b8f1,Arbok,Temporal Forces,101,common,Arbok 101/162 Common Temporal Forces Pokemon Reverse Holo Near Mint,RELATED_BUT_WRONG_VARIANT,REJECTED,REJECTED,SINGLE_RAW_CARD,RAW_CONDITION_STATED_NM,"{""language"":""COMPATIBLE"",""name"":""MATCH"",""number"":{""observed"":[""101""],""state"":""MATCH"",""target"":""101""},""product_object"":{""reason"":""NO_NON_CARD_OBJECT_EVIDENCE"",""state"":""SINGLE_RAW_CARD""},""raw"":""COMPATIBLE"",""set"":{""conflicts"":[],""matched"":[""temporal forces""],""state"":""EXACT""},""variant"":{""conflicting_treatments"":[],""matched"":[],""parallel_terms"":[""reverse holo""],""state"":""CONFLICT""}}",WRONG_VARIANT,index_fair_value_ebay_d2m_v2,a2ac052891df2745f2a2dde8b615a5ccbf1ef23a777eb2a0310e35aef94f6d5e,40da9c4ccbe030124d608c59673902f662e14835cc0d8c4b4fffb89231b97a7a,ece085640a013d2803b0364ddf358ef6b1390854,2026-09-12T23:20:59.787335+00:00
D2-0582,740ad74c-8c0c-411f-9ec7-2c734210b8f1,Arbok,Temporal Forces,101,common,Arbok 101/162 Common Temporal Forces Pokemon Reverse Holo Near Mint,RELATED_BUT_WRONG_VARIANT,REJECTED,REJECTED,SINGLE_RAW_CARD,RAW_CONDITION_STATED_NM,"{""language"":""COMPATIBLE"",""name"":""MATCH"",""number"":{""observed"":[""101""],""state"":""MATCH"",""target"":""101""},""product_object"":{""reason"":""NO_NON_CARD_OBJECT_EVIDENCE"",""state"":""SINGLE_RAW_CARD""},""raw"":""COMPATIBLE"",""set"":{""conflicts"":[],""matched"":[""temporal forces""],""state"":""EXACT""},""variant"":{""conflicting_treatments"":[],""matched"":[],""parallel_terms"":[""reverse holo""],""state"":""CONFLICT""}}",WRONG_VARIANT,index_fair_value_ebay_d2m_v2,a2ac052891df2745f2a2dde8b615a5ccbf1ef23a777eb2a0310e35aef94f6d5e,40da9c4ccbe030124d608c59673902f662e14835cc0d8c4b4fffb89231b97a7a,ece085640a013d2803b0364ddf358ef6b1390854,2026-09-12T23:20:59.787335+00:00
D2-0583,740ad74c-8c0c-411f-9ec7-2c734210b8f1,Arbok,Temporal Forces,101,common,SV05: Temporal Forces 101/162 Arbok Reverse Holo NM,RELATED_BUT_WRONG_VARIANT,REJECTED,REJECTED,SINGLE_RAW_CARD,RAW_CONDITION_STATED_NM,"{""language"":""COMPATIBLE"",""name"":""MATCH"",""number"":{""observed"":[""101""],""state"":""MATCH"",""target"":""101""},""product_object"":{""reason"":""NO_NON_CARD_OBJECT_EVIDENCE"",""state"":""SINGLE_RAW_CARD""},""raw"":""COMPATIBLE"",""set"":{""conflicts"":[],""matched"":[""temporal forces"",""sv05""],""state"":""EXACT""},""variant"":{""conflicting_treatments"":[],""matched"":[],""parallel_terms"":[""reverse holo""],""state"":""CONFLICT""}}",WRONG_VARIANT,index_fair_value_ebay_d2m_v2,a2ac052891df2745f2a2dde8b615a5ccbf1ef23a777eb2a0310e35aef94f6d5e,40da9c4ccbe030124d608c59673902f662e14835cc0d8c4b4fffb89231b97a7a,ece085640a013d2803b0364ddf358ef6b1390854,2026-09-12T23:20:59.787335+00:00
D2-0588,75720435-3807-46b6-b3da-5e1c53b77822,Mega Darkrai ex,Pitch Black,116,special_illustration_rare,2026 Pokemon Mega Darkrai EX SIR 116/084 Me05: Pitch Black NM/M+,EXACT_TARGET_MATCH,HIGH_CONFIDENCE,HIGH_CONFIDENCE,SINGLE_RAW_CARD,RAW_CONDITION_STATED_NM,"{""language"":""COMPATIBLE"",""name"":""MATCH"",""number"":{""observed"":[""116""],""state"":""MATCH"",""target"":""116""},""product_object"":{""reason"":""NO_NON_CARD_OBJECT_EVIDENCE"",""state"":""SINGLE_RAW_CARD""},""raw"":""COMPATIBLE"",""set"":{""conflicts"":[],""matched"":[""pitch black""],""state"":""EXACT""},""variant"":{""conflicting_treatments"":[],""matched"":[""sir""],""parallel_terms"":[],""state"":""MATCH""}}",THREE_FACTOR_IDENTITY,index_fair_value_ebay_d2m_v2,a2ac052891df2745f2a2dde8b615a5ccbf1ef23a777eb2a0310e35aef94f6d5e,40da9c4ccbe030124d608c59673902f662e14835cc0d8c4b4fffb89231b97a7a,ece085640a013d2803b0364ddf358ef6b1390854,2026-09-12T23:20:59.787335+00:00
D2-0589,75720435-3807-46b6-b3da-5e1c53b77822,Mega Darkrai ex,Pitch Black,116,special_illustration_rare,2026 pokemon mega darkrai ex #116/084,EXACT_TARGET_MATCH,AMBIGUOUS,AMBIGUOUS,SINGLE_RAW_CARD,RAW_CONDITION_UNGRADED_UNSPECIFIED,"{""language"":""COMPATIBLE"",""name"":""MATCH"",""number"":{""observed"":[""116""],""state"":""MATCH"",""target"":""116""},""product_object"":{""reason"":""NO_NON_CARD_OBJECT_EVIDENCE"",""state"":""SINGLE_RAW_CARD""},""raw"":""COMPATIBLE"",""set"":{""conflicts"":[],""matched"":[],""state"":""ABSENT""},""variant"":{""conflicting_treatments"":[],""matched"":[],""parallel_terms"":[],""state"":""ABSENT""}}",INSUFFICIENT_INDEPENDENT_EVIDENCE,index_fair_value_ebay_d2m_v2,a2ac052891df2745f2a2dde8b615a5ccbf1ef23a777eb2a0310e35aef94f6d5e,40da9c4ccbe030124d608c59673902f662e14835cc0d8c4b4fffb89231b97a7a,ece085640a013d2803b0364ddf358ef6b1390854,2026-09-12T23:20:59.787335+00:00
D2-0593,75720435-3807-46b6-b3da-5e1c53b77822,Mega Darkrai ex,Pitch Black,116,special_illustration_rare,Mega Darkrai EX SIR Pitch Black Chase Card,EXACT_TARGET_MATCH,AMBIGUOUS,AMBIGUOUS,SINGLE_RAW_CARD,RAW_CONDITION_UNGRADED_UNSPECIFIED,"{""language"":""COMPATIBLE"",""name"":""MATCH"",""number"":{""observed"":[],""state"":""ABSENT"",""target"":""116""},""product_object"":{""reason"":""NO_NON_CARD_OBJECT_EVIDENCE"",""state"":""SINGLE_RAW_CARD""},""raw"":""COMPATIBLE"",""set"":{""conflicts"":[],""matched"":[""pitch black""],""state"":""EXACT""},""variant"":{""conflicting_treatments"":[],""matched"":[""sir""],""parallel_terms"":[],""state"":""MATCH""}}",INSUFFICIENT_INDEPENDENT_EVIDENCE,index_fair_value_ebay_d2m_v2,a2ac052891df2745f2a2dde8b615a5ccbf1ef23a777eb2a0310e35aef94f6d5e,40da9c4ccbe030124d608c59673902f662e14835cc0d8c4b4fffb89231b97a7a,ece085640a013d2803b0364ddf358ef6b1390854,2026-09-12T23:20:59.787335+00:00
D2-0594,75720435-3807-46b6-b3da-5e1c53b77822,Mega Darkrai ex,Pitch Black,116,special_illustration_rare,Mega Darkest EX 116/084 Pitch Black SIR Art English,EXACT_TARGET_MATCH,REJECTED,REJECTED,SINGLE_RAW_CARD,RAW_CONDITION_UNGRADED_UNSPECIFIED,"{""language"":""COMPATIBLE"",""name"":""CONFLICT"",""number"":{""observed"":[""116""],""state"":""MATCH"",""target"":""116""},""product_object"":{""reason"":""NO_NON_CARD_OBJECT_EVIDENCE"",""state"":""SINGLE_RAW_CARD""},""raw"":""COMPATIBLE"",""set"":{""conflicts"":[],""matched"":[""pitch black""],""state"":""EXACT""},""variant"":{""conflicting_treatments"":[],""matched"":[""sir""],""parallel_terms"":[],""state"":""MATCH""}}",NAME_CONFLICT,index_fair_value_ebay_d2m_v2,a2ac052891df2745f2a2dde8b615a5ccbf1ef23a777eb2a0310e35aef94f6d5e,40da9c4ccbe030124d608c59673902f662e14835cc0d8c4b4fffb89231b97a7a,ece085640a013d2803b0364ddf358ef6b1390854,2026-09-12T23:20:59.787335+00:00
D2-0595,75720435-3807-46b6-b3da-5e1c53b77822,Mega Darkrai ex,Pitch Black,116,special_illustration_rare,Mega Darkai Ex 116/084 SIR Pitch Black,EXACT_TARGET_MATCH,REJECTED,REJECTED,SINGLE_RAW_CARD,RAW_CONDITION_UNGRADED_UNSPECIFIED,"{""language"":""COMPATIBLE"",""name"":""CONFLICT"",""number"":{""observed"":[""116""],""state"":""MATCH"",""target"":""116""},""product_object"":{""reason"":""NO_NON_CARD_OBJECT_EVIDENCE"",""state"":""SINGLE_RAW_CARD""},""raw"":""COMPATIBLE"",""set"":{""conflicts"":[],""matched"":[""pitch black""],""state"":""EXACT""},""variant"":{""conflicting_treatments"":[],""matched"":[""sir""],""parallel_terms"":[],""state"":""MATCH""}}",NAME_CONFLICT,index_fair_value_ebay_d2m_v2,a2ac052891df2745f2a2dde8b615a5ccbf1ef23a777eb2a0310e35aef94f6d5e,40da9c4ccbe030124d608c59673902f662e14835cc0d8c4b4fffb89231b97a7a,ece085640a013d2803b0364ddf358ef6b1390854,2026-09-12T23:20:59.787335+00:00
D2-0603,77b44a76-26f7-4fa0-a548-c29870a7bb68,Crustle,Paradox Rift,183,illustration_rare,Crustle - Holo 183/182 NM SV04: Paradox Rift Pokemon Card,EXACT_TARGET_MATCH,HIGH_CONFIDENCE,HIGH_CONFIDENCE,SINGLE_RAW_CARD,RAW_CONDITION_STATED_NM,"{""language"":""COMPATIBLE"",""name"":""MATCH"",""number"":{""observed"":[""183""],""state"":""MATCH"",""target"":""183""},""product_object"":{""reason"":""NO_NON_CARD_OBJECT_EVIDENCE"",""state"":""SINGLE_RAW_CARD""},""raw"":""COMPATIBLE"",""set"":{""conflicts"":[],""matched"":[""paradox rift""],""state"":""EXACT""},""variant"":{""conflicting_treatments"":[],""matched"":[],""parallel_terms"":[],""state"":""ABSENT""}}",THREE_FACTOR_IDENTITY,index_fair_value_ebay_d2m_v2,a2ac052891df2745f2a2dde8b615a5ccbf1ef23a777eb2a0310e35aef94f6d5e,40da9c4ccbe030124d608c59673902f662e14835cc0d8c4b4fffb89231b97a7a,ece085640a013d2803b0364ddf358ef6b1390854,2026-09-12T23:20:59.787335+00:00
D2-0604,77b44a76-26f7-4fa0-a548-c29870a7bb68,Crustle,Paradox Rift,183,illustration_rare,Pokemon Paradox Rift - Choose Your Card! - Holo/Reverse Holo - NM,EXACT_TARGET_MATCH,REJECTED,REJECTED,MULTI_CARD_OFFER,NOT_APPLICABLE_NON_SINGLE_CARD,"{""product_object"":{""reason"":""SELECTABLE_OR_MULTI_CARD_CONTEXT"",""state"":""MULTI_CARD_OFFER""}}",MULTI_CARD_OFFER,index_fair_value_ebay_d2m_v2,a2ac052891df2745f2a2dde8b615a5ccbf1ef23a777eb2a0310e35aef94f6d5e,40da9c4ccbe030124d608c59673902f662e14835cc0d8c4b4fffb89231b97a7a,ece085640a013d2803b0364ddf358ef6b1390854,2026-09-12T23:20:59.787335+00:00
D2-0608,77b44a76-26f7-4fa0-a548-c29870a7bb68,Crustle,Paradox Rift,183,illustration_rare,Crustle 183/182 Illustration Rare Paradox Rift Pokemon Holo Lightly Played,EXACT_TARGET_MATCH,HIGH_CONFIDENCE,HIGH_CONFIDENCE,SINGLE_RAW_CARD,RAW_CONDITION_UNGRADED_UNSPECIFIED,"{""language"":""COMPATIBLE"",""name"":""MATCH"",""number"":{""observed"":[""183""],""state"":""MATCH"",""target"":""183""},""product_object"":{""reason"":""NO_NON_CARD_OBJECT_EVIDENCE"",""state"":""SINGLE_RAW_CARD""},""raw"":""COMPATIBLE"",""set"":{""conflicts"":[],""matched"":[""paradox rift""],""state"":""EXACT""},""variant"":{""conflicting_treatments"":[],""matched"":[""illustration rare""],""parallel_terms"":[],""state"":""MATCH""}}",THREE_FACTOR_IDENTITY,index_fair_value_ebay_d2m_v2,a2ac052891df2745f2a2dde8b615a5ccbf1ef23a777eb2a0310e35aef94f6d5e,40da9c4ccbe030124d608c59673902f662e14835cc0d8c4b4fffb89231b97a7a,ece085640a013d2803b0364ddf358ef6b1390854,2026-09-12T23:20:59.787335+00:00
D2-0611,77b44a76-26f7-4fa0-a548-c29870a7bb68,Crustle,Paradox Rift,183,illustration_rare,Pokemon - Crustle - 183/182 SV04: Paradox Rift - Illustration Rare - NM,EXACT_TARGET_MATCH,HIGH_CONFIDENCE,HIGH_CONFIDENCE,SINGLE_RAW_CARD,RAW_CONDITION_STATED_NM,"{""language"":""COMPATIBLE"",""name"":""MATCH"",""number"":{""observed"":[""183""],""state"":""MATCH"",""target"":""183""},""product_object"":{""reason"":""NO_NON_CARD_OBJECT_EVIDENCE"",""state"":""SINGLE_RAW_CARD""},""raw"":""COMPATIBLE"",""set"":{""conflicts"":[],""matched"":[""paradox rift""],""state"":""EXACT""},""variant"":{""conflicting_treatments"":[],""matched"":[""illustration rare""],""parallel_terms"":[],""state"":""MATCH""}}",THREE_FACTOR_IDENTITY,index_fair_value_ebay_d2m_v2,a2ac052891df2745f2a2dde8b615a5ccbf1ef23a777eb2a0310e35aef94f6d5e,40da9c4ccbe030124d608c59673902f662e14835cc0d8c4b4fffb89231b97a7a,ece085640a013d2803b0364ddf358ef6b1390854,2026-09-12T23:20:59.787335+00:00
D2-0615,77b44a76-26f7-4fa0-a548-c29870a7bb68,Crustle,Paradox Rift,183,illustration_rare,Crustle 183 182 Illustration Rare SV04: Paradox Rift 183/182 Holo NM,EXACT_TARGET_MATCH,HIGH_CONFIDENCE,HIGH_CONFIDENCE,SINGLE_RAW_CARD,RAW_CONDITION_STATED_NM,"{""language"":""COMPATIBLE"",""name"":""MATCH"",""number"":{""observed"":[""183""],""state"":""MATCH"",""target"":""183""},""product_object"":{""reason"":""NO_NON_CARD_OBJECT_EVIDENCE"",""state"":""SINGLE_RAW_CARD""},""raw"":""COMPATIBLE"",""set"":{""conflicts"":[],""matched"":[""paradox rift""],""state"":""EXACT""},""variant"":{""conflicting_treatments"":[],""matched"":[""illustration rare""],""parallel_terms"":[],""state"":""MATCH""}}",THREE_FACTOR_IDENTITY,index_fair_value_ebay_d2m_v2,a2ac052891df2745f2a2dde8b615a5ccbf1ef23a777eb2a0310e35aef94f6d5e,40da9c4ccbe030124d608c59673902f662e14835cc0d8c4b4fffb89231b97a7a,ece085640a013d2803b0364ddf358ef6b1390854,2026-09-12T23:20:59.787335+00:00
D2-0618,7b00ea04-5c2a-4172-8025-afba48ddacb3,Cresselia,Shrouded Fable,71,illustration_rare,Cresselia #021/064 Sv Shrouded Fable Holo Rare Pokemon TCG NM,WRONG_CARD_NUMBER,REJECTED,REJECTED,SINGLE_RAW_CARD,RAW_CONDITION_STATED_NM,"{""language"":""COMPATIBLE"",""name"":""MATCH"",""number"":{""observed"":[""21""],""state"":""CONFLICT"",""target"":""71""},""product_object"":{""reason"":""NO_NON_CARD_OBJECT_EVIDENCE"",""state"":""SINGLE_RAW_CARD""},""raw"":""COMPATIBLE"",""set"":{""conflicts"":[],""matched"":[""shrouded fable""],""state"":""EXACT""},""variant"":{""conflicting_treatments"":[],""matched"":[],""parallel_terms"":[],""state"":""ABSENT""}}",WRONG_CARD_NUMBER,index_fair_value_ebay_d2m_v2,a2ac052891df2745f2a2dde8b615a5ccbf1ef23a777eb2a0310e35aef94f6d5e,40da9c4ccbe030124d608c59673902f662e14835cc0d8c4b4fffb89231b97a7a,ece085640a013d2803b0364ddf358ef6b1390854,2026-09-12T23:20:59.787335+00:00
D2-0622,7b00ea04-5c2a-4172-8025-afba48ddacb3,Cresselia,Shrouded Fable,71,illustration_rare,Pokemon Cresselia (21/99) Shrouded Fable LP HOLO,WRONG_CARD_NUMBER,REJECTED,REJECTED,SINGLE_RAW_CARD,RAW_CONDITION_UNGRADED_UNSPECIFIED,"{""language"":""COMPATIBLE"",""name"":""MATCH"",""number"":{""observed"":[""21""],""state"":""CONFLICT"",""target"":""71""},""product_object"":{""reason"":""NO_NON_CARD_OBJECT_EVIDENCE"",""state"":""SINGLE_RAW_CARD""},""raw"":""COMPATIBLE"",""set"":{""conflicts"":[],""matched"":[""shrouded fable""],""state"":""EXACT""},""variant"":{""conflicting_treatments"":[],""matched"":[],""parallel_terms"":[],""state"":""ABSENT""}}",WRONG_CARD_NUMBER,index_fair_value_ebay_d2m_v2,a2ac052891df2745f2a2dde8b615a5ccbf1ef23a777eb2a0310e35aef94f6d5e,40da9c4ccbe030124d608c59673902f662e14835cc0d8c4b4fffb89231b97a7a,ece085640a013d2803b0364ddf358ef6b1390854,2026-09-12T23:20:59.787335+00:00
D2-0623,7b00ea04-5c2a-4172-8025-afba48ddacb3,Cresselia,Shrouded Fable,71,illustration_rare,Cresselia Holo Rare - 021/064 - Shrouded Fable Pokemon 2024,WRONG_CARD_NUMBER,REJECTED,REJECTED,SINGLE_RAW_CARD,RAW_CONDITION_UNGRADED_UNSPECIFIED,"{""language"":""COMPATIBLE"",""name"":""MATCH"",""number"":{""observed"":[""21""],""state"":""CONFLICT"",""target"":""71""},""product_object"":{""reason"":""NO_NON_CARD_OBJECT_EVIDENCE"",""state"":""SINGLE_RAW_CARD""},""raw"":""COMPATIBLE"",""set"":{""conflicts"":[],""matched"":[""shrouded fable""],""state"":""EXACT""},""variant"":{""conflicting_treatments"":[],""matched"":[],""parallel_terms"":[],""state"":""ABSENT""}}",WRONG_CARD_NUMBER,index_fair_value_ebay_d2m_v2,a2ac052891df2745f2a2dde8b615a5ccbf1ef23a777eb2a0310e35aef94f6d5e,40da9c4ccbe030124d608c59673902f662e14835cc0d8c4b4fffb89231b97a7a,ece085640a013d2803b0364ddf358ef6b1390854,2026-09-12T23:20:59.787335+00:00
D2-0625,7b00ea04-5c2a-4172-8025-afba48ddacb3,Cresselia,Shrouded Fable,71,illustration_rare,Cresselia 021/064 Rare Shrouded Fable Pokemon Holo Near Mint,WRONG_CARD_NUMBER,REJECTED,REJECTED,SINGLE_RAW_CARD,RAW_CONDITION_STATED_NM,"{""language"":""COMPATIBLE"",""name"":""MATCH"",""number"":{""observed"":[""21""],""state"":""CONFLICT"",""target"":""71""},""product_object"":{""reason"":""NO_NON_CARD_OBJECT_EVIDENCE"",""state"":""SINGLE_RAW_CARD""},""raw"":""COMPATIBLE"",""set"":{""conflicts"":[],""matched"":[""shrouded fable""],""state"":""EXACT""},""variant"":{""conflicting_treatments"":[],""matched"":[],""parallel_terms"":[],""state"":""ABSENT""}}",WRONG_CARD_NUMBER,index_fair_value_ebay_d2m_v2,a2ac052891df2745f2a2dde8b615a5ccbf1ef23a777eb2a0310e35aef94f6d5e,40da9c4ccbe030124d608c59673902f662e14835cc0d8c4b4fffb89231b97a7a,ece085640a013d2803b0364ddf358ef6b1390854,2026-09-12T23:20:59.787335+00:00
D2-0627,7b00ea04-5c2a-4172-8025-afba48ddacb3,Cresselia,Shrouded Fable,71,illustration_rare,Pokemon TCG Cresselia 071/064 SV Shrouded Fable Illustration Rare Holo ENG,EXACT_TARGET_MATCH,HIGH_CONFIDENCE,HIGH_CONFIDENCE,SINGLE_RAW_CARD,RAW_CONDITION_UNGRADED_UNSPECIFIED,"{""language"":""COMPATIBLE"",""name"":""MATCH"",""number"":{""observed"":[""71""],""state"":""MATCH"",""target"":""71""},""product_object"":{""reason"":""NO_NON_CARD_OBJECT_EVIDENCE"",""state"":""SINGLE_RAW_CARD""},""raw"":""COMPATIBLE"",""set"":{""conflicts"":[],""matched"":[""shrouded fable""],""state"":""EXACT""},""variant"":{""conflicting_treatments"":[],""matched"":[""illustration rare""],""parallel_terms"":[],""state"":""MATCH""}}",THREE_FACTOR_IDENTITY,index_fair_value_ebay_d2m_v2,a2ac052891df2745f2a2dde8b615a5ccbf1ef23a777eb2a0310e35aef94f6d5e,40da9c4ccbe030124d608c59673902f662e14835cc0d8c4b4fffb89231b97a7a,ece085640a013d2803b0364ddf358ef6b1390854,2026-09-12T23:20:59.787335+00:00
D2-0633,7f065a2b-5cab-45c8-8fd8-96d4c07c4ee8,Canari,Ascended Heroes,291,special_illustration_rare,Pokemon TCG Canari 291/217 Ascended Heroes Special Illustration Rare MINT,EXACT_TARGET_MATCH,HIGH_CONFIDENCE,HIGH_CONFIDENCE,SINGLE_RAW_CARD,RAW_CONDITION_UNGRADED_UNSPECIFIED,"{""language"":""COMPATIBLE"",""name"":""MATCH"",""number"":{""observed"":[""291""],""state"":""MATCH"",""target"":""291""},""product_object"":{""reason"":""NO_NON_CARD_OBJECT_EVIDENCE"",""state"":""SINGLE_RAW_CARD""},""raw"":""COMPATIBLE"",""set"":{""conflicts"":[],""matched"":[""ascended heroes""],""state"":""EXACT""},""variant"":{""conflicting_treatments"":[""illustration_rare""],""matched"":[""special illustration rare""],""parallel_terms"":[],""state"":""MATCH""}}",THREE_FACTOR_IDENTITY,index_fair_value_ebay_d2m_v2,a2ac052891df2745f2a2dde8b615a5ccbf1ef23a777eb2a0310e35aef94f6d5e,40da9c4ccbe030124d608c59673902f662e14835cc0d8c4b4fffb89231b97a7a,ece085640a013d2803b0364ddf358ef6b1390854,2026-09-12T23:20:59.787335+00:00
D2-0637,7f065a2b-5cab-45c8-8fd8-96d4c07c4ee8,Canari,Ascended Heroes,291,special_illustration_rare,Ascended Heroes Pokémon Cards! Poké Ball Reverse Holo EX Rare - Choose Your Card,EXACT_TARGET_MATCH,REJECTED,REJECTED,MULTI_CARD_OFFER,NOT_APPLICABLE_NON_SINGLE_CARD,"{""product_object"":{""reason"":""SELECTABLE_OR_MULTI_CARD_CONTEXT"",""state"":""MULTI_CARD_OFFER""}}",MULTI_CARD_OFFER,index_fair_value_ebay_d2m_v2,a2ac052891df2745f2a2dde8b615a5ccbf1ef23a777eb2a0310e35aef94f6d5e,40da9c4ccbe030124d608c59673902f662e14835cc0d8c4b4fffb89231b97a7a,ece085640a013d2803b0364ddf358ef6b1390854,2026-09-12T23:20:59.787335+00:00
D2-0638,7f065a2b-5cab-45c8-8fd8-96d4c07c4ee8,Canari,Ascended Heroes,291,special_illustration_rare,2026 POKEMON ASC EN-ASCENDED HEROES SPECIAL ILLUSTRATION RARE #291 CANARI PSA 10,GRADED,REJECTED,REJECTED,GRADED_CARD,GRADED,"{""product_object"":{""reason"":""GRADE_OR_SLAB_EVIDENCE"",""state"":""GRADED_CARD""}}",GRADED_CARD,index_fair_value_ebay_d2m_v2,a2ac052891df2745f2a2dde8b615a5ccbf1ef23a777eb2a0310e35aef94f6d5e,40da9c4ccbe030124d608c59673902f662e14835cc0d8c4b4fffb89231b97a7a,ece085640a013d2803b0364ddf358ef6b1390854,2026-09-12T23:20:59.787335+00:00
D2-0641,7f065a2b-5cab-45c8-8fd8-96d4c07c4ee8,Canari,Ascended Heroes,291,special_illustration_rare,Canari 291/217 ME Ascended Heroes Special Illustration Rare Pokemon Card - NM,EXACT_TARGET_MATCH,HIGH_CONFIDENCE,HIGH_CONFIDENCE,SINGLE_RAW_CARD,RAW_CONDITION_STATED_NM,"{""language"":""COMPATIBLE"",""name"":""MATCH"",""number"":{""observed"":[""291""],""state"":""MATCH"",""target"":""291""},""product_object"":{""reason"":""NO_NON_CARD_OBJECT_EVIDENCE"",""state"":""SINGLE_RAW_CARD""},""raw"":""COMPATIBLE"",""set"":{""conflicts"":[],""matched"":[""ascended heroes""],""state"":""EXACT""},""variant"":{""conflicting_treatments"":[""illustration_rare""],""matched"":[""special illustration rare""],""parallel_terms"":[],""state"":""MATCH""}}",THREE_FACTOR_IDENTITY,index_fair_value_ebay_d2m_v2,a2ac052891df2745f2a2dde8b615a5ccbf1ef23a777eb2a0310e35aef94f6d5e,40da9c4ccbe030124d608c59673902f662e14835cc0d8c4b4fffb89231b97a7a,ece085640a013d2803b0364ddf358ef6b1390854,2026-09-12T23:20:59.787335+00:00
D2-0644,7f065a2b-5cab-45c8-8fd8-96d4c07c4ee8,Canari,Ascended Heroes,291,special_illustration_rare,Canari 291/217 Special Illustration Rare Ascended Heroes Pokemon Holo Near Mint,EXACT_TARGET_MATCH,HIGH_CONFIDENCE,HIGH_CONFIDENCE,SINGLE_RAW_CARD,RAW_CONDITION_STATED_NM,"{""language"":""COMPATIBLE"",""name"":""MATCH"",""number"":{""observed"":[""291""],""state"":""MATCH"",""target"":""291""},""product_object"":{""reason"":""NO_NON_CARD_OBJECT_EVIDENCE"",""state"":""SINGLE_RAW_CARD""},""raw"":""COMPATIBLE"",""set"":{""conflicts"":[],""matched"":[""ascended heroes""],""state"":""EXACT""},""variant"":{""conflicting_treatments"":[""illustration_rare""],""matched"":[""special illustration rare""],""parallel_terms"":[],""state"":""MATCH""}}",THREE_FACTOR_IDENTITY,index_fair_value_ebay_d2m_v2,a2ac052891df2745f2a2dde8b615a5ccbf1ef23a777eb2a0310e35aef94f6d5e,40da9c4ccbe030124d608c59673902f662e14835cc0d8c4b4fffb89231b97a7a,ece085640a013d2803b0364ddf358ef6b1390854,2026-09-12T23:20:59.787335+00:00
D2-0648,828c0d0d-2ede-4bab-bed4-407cd3cf8662,Mega Gengar ex,Ascended Heroes,284,special_illustration_rare,Pokemon Ascended Heroes MEGA GENGAR EX 284/217 SIR Tag 9,GRADED,REJECTED,REJECTED,GRADED_CARD,GRADED,"{""product_object"":{""reason"":""GRADE_OR_SLAB_EVIDENCE"",""state"":""GRADED_CARD""}}",GRADED_CARD,index_fair_value_ebay_d2m_v2,a2ac052891df2745f2a2dde8b615a5ccbf1ef23a777eb2a0310e35aef94f6d5e,40da9c4ccbe030124d608c59673902f662e14835cc0d8c4b4fffb89231b97a7a,ece085640a013d2803b0364ddf358ef6b1390854,2026-09-12T23:20:59.787335+00:00
D2-0652,828c0d0d-2ede-4bab-bed4-407cd3cf8662,Mega Gengar ex,Ascended Heroes,284,special_illustration_rare,DEFECTIVE Pokmon TCG Mega Gengar EX 284217 SIR Ascended Heroes English F G3D,EXACT_TARGET_MATCH,AMBIGUOUS,AMBIGUOUS,SINGLE_RAW_CARD,RAW_CONDITION_UNGRADED_UNSPECIFIED,"{""language"":""COMPATIBLE"",""name"":""MATCH"",""number"":{""observed"":[],""state"":""ABSENT"",""target"":""284""},""product_object"":{""reason"":""NO_NON_CARD_OBJECT_EVIDENCE"",""state"":""SINGLE_RAW_CARD""},""raw"":""COMPATIBLE"",""set"":{""conflicts"":[],""matched"":[""ascended heroes""],""state"":""EXACT""},""variant"":{""conflicting_treatments"":[],""matched"":[""sir""],""parallel_terms"":[],""state"":""MATCH""}}",INSUFFICIENT_INDEPENDENT_EVIDENCE,index_fair_value_ebay_d2m_v2,a2ac052891df2745f2a2dde8b615a5ccbf1ef23a777eb2a0310e35aef94f6d5e,40da9c4ccbe030124d608c59673902f662e14835cc0d8c4b4fffb89231b97a7a,ece085640a013d2803b0364ddf358ef6b1390854,2026-09-12T23:20:59.787335+00:00
D2-0653,828c0d0d-2ede-4bab-bed4-407cd3cf8662,Mega Gengar ex,Ascended Heroes,284,special_illustration_rare,Mega Gengar EX special illustration rare Holo ascended heroes NM,EXACT_TARGET_MATCH,AMBIGUOUS,AMBIGUOUS,SINGLE_RAW_CARD,RAW_CONDITION_STATED_NM,"{""language"":""COMPATIBLE"",""name"":""MATCH"",""number"":{""observed"":[],""state"":""ABSENT"",""target"":""284""},""product_object"":{""reason"":""NO_NON_CARD_OBJECT_EVIDENCE"",""state"":""SINGLE_RAW_CARD""},""raw"":""COMPATIBLE"",""set"":{""conflicts"":[],""matched"":[""ascended heroes""],""state"":""EXACT""},""variant"":{""conflicting_treatments"":[""illustration_rare""],""matched"":[""special illustration rare""],""parallel_terms"":[],""state"":""MATCH""}}",INSUFFICIENT_INDEPENDENT_EVIDENCE,index_fair_value_ebay_d2m_v2,a2ac052891df2745f2a2dde8b615a5ccbf1ef23a777eb2a0310e35aef94f6d5e,40da9c4ccbe030124d608c59673902f662e14835cc0d8c4b4fffb89231b97a7a,ece085640a013d2803b0364ddf358ef6b1390854,2026-09-12T23:20:59.787335+00:00
D2-0658,828c0d0d-2ede-4bab-bed4-407cd3cf8662,Mega Gengar ex,Ascended Heroes,284,special_illustration_rare,Pokemon TCG Mega Gengar EX 284/217 SIR Full Art EN ASCENDED HEROES Pack Fresh,EXACT_TARGET_MATCH,HIGH_CONFIDENCE,HIGH_CONFIDENCE,SINGLE_RAW_CARD,RAW_CONDITION_UNGRADED_UNSPECIFIED,"{""language"":""COMPATIBLE"",""name"":""MATCH"",""number"":{""observed"":[""284""],""state"":""MATCH"",""target"":""284""},""product_object"":{""reason"":""NO_NON_CARD_OBJECT_EVIDENCE"",""state"":""SINGLE_RAW_CARD""},""raw"":""COMPATIBLE"",""set"":{""conflicts"":[],""matched"":[""ascended heroes""],""state"":""EXACT""},""variant"":{""conflicting_treatments"":[""ultra_rare""],""matched"":[""sir""],""parallel_terms"":[],""state"":""MATCH""}}",THREE_FACTOR_IDENTITY,index_fair_value_ebay_d2m_v2,a2ac052891df2745f2a2dde8b615a5ccbf1ef23a777eb2a0310e35aef94f6d5e,40da9c4ccbe030124d608c59673902f662e14835cc0d8c4b4fffb89231b97a7a,ece085640a013d2803b0364ddf358ef6b1390854,2026-09-12T23:20:59.787335+00:00
D2-0659,828c0d0d-2ede-4bab-bed4-407cd3cf8662,Mega Gengar ex,Ascended Heroes,284,special_illustration_rare,MEGA GENGAR EX POKEMON ASCENDED HEROES 284 SPECIAL ILLUSTRATION RARE PSA 10,GRADED,REJECTED,REJECTED,GRADED_CARD,GRADED,"{""product_object"":{""reason"":""GRADE_OR_SLAB_EVIDENCE"",""state"":""GRADED_CARD""}}",GRADED_CARD,index_fair_value_ebay_d2m_v2,a2ac052891df2745f2a2dde8b615a5ccbf1ef23a777eb2a0310e35aef94f6d5e,40da9c4ccbe030124d608c59673902f662e14835cc0d8c4b4fffb89231b97a7a,ece085640a013d2803b0364ddf358ef6b1390854,2026-09-12T23:20:59.787335+00:00
D2-0661,829b12ba-c7f5-4796-9a57-a2a2463c8461,Houndour,Obsidian Flames,204,illustration_rare,Houndour 204/197 Sv03: Obsidian Flames Holo,EXACT_TARGET_MATCH,HIGH_CONFIDENCE,HIGH_CONFIDENCE,SINGLE_RAW_CARD,RAW_CONDITION_UNGRADED_UNSPECIFIED,"{""language"":""COMPATIBLE"",""name"":""MATCH"",""number"":{""observed"":[""204""],""state"":""MATCH"",""target"":""204""},""product_object"":{""reason"":""NO_NON_CARD_OBJECT_EVIDENCE"",""state"":""SINGLE_RAW_CARD""},""raw"":""COMPATIBLE"",""set"":{""conflicts"":[],""matched"":[""obsidian flames""],""state"":""EXACT""},""variant"":{""conflicting_treatments"":[],""matched"":[],""parallel_terms"":[],""state"":""ABSENT""}}",THREE_FACTOR_IDENTITY,index_fair_value_ebay_d2m_v2,a2ac052891df2745f2a2dde8b615a5ccbf1ef23a777eb2a0310e35aef94f6d5e,40da9c4ccbe030124d608c59673902f662e14835cc0d8c4b4fffb89231b97a7a,ece085640a013d2803b0364ddf358ef6b1390854,2026-09-12T23:20:59.787335+00:00
D2-0669,829b12ba-c7f5-4796-9a57-a2a2463c8461,Houndour,Obsidian Flames,204,illustration_rare,Houndour Holofoil Obsidian Flames 204/197 LP Pokemon,EXACT_TARGET_MATCH,HIGH_CONFIDENCE,HIGH_CONFIDENCE,SINGLE_RAW_CARD,RAW_CONDITION_UNGRADED_UNSPECIFIED,"{""language"":""COMPATIBLE"",""name"":""MATCH"",""number"":{""observed"":[""204""],""state"":""MATCH"",""target"":""204""},""product_object"":{""reason"":""NO_NON_CARD_OBJECT_EVIDENCE"",""state"":""SINGLE_RAW_CARD""},""raw"":""COMPATIBLE"",""set"":{""conflicts"":[],""matched"":[""obsidian flames""],""state"":""EXACT""},""variant"":{""conflicting_treatments"":[],""matched"":[],""parallel_terms"":[],""state"":""ABSENT""}}",THREE_FACTOR_IDENTITY,index_fair_value_ebay_d2m_v2,a2ac052891df2745f2a2dde8b615a5ccbf1ef23a777eb2a0310e35aef94f6d5e,40da9c4ccbe030124d608c59673902f662e14835cc0d8c4b4fffb89231b97a7a,ece085640a013d2803b0364ddf358ef6b1390854,2026-09-12T23:20:59.787335+00:00
D2-0670,829b12ba-c7f5-4796-9a57-a2a2463c8461,Houndour,Obsidian Flames,204,illustration_rare,Houndour 204/197 - OBF Obsidian Flames - Near Mint NM Pokemon Card,EXACT_TARGET_MATCH,HIGH_CONFIDENCE,HIGH_CONFIDENCE,SINGLE_RAW_CARD,RAW_CONDITION_STATED_NM,"{""language"":""COMPATIBLE"",""name"":""MATCH"",""number"":{""observed"":[""204""],""state"":""MATCH"",""target"":""204""},""product_object"":{""reason"":""NO_NON_CARD_OBJECT_EVIDENCE"",""state"":""SINGLE_RAW_CARD""},""raw"":""COMPATIBLE"",""set"":{""conflicts"":[],""matched"":[""obsidian flames"",""obf""],""state"":""EXACT""},""variant"":{""conflicting_treatments"":[],""matched"":[],""parallel_terms"":[],""state"":""ABSENT""}}",THREE_FACTOR_IDENTITY,index_fair_value_ebay_d2m_v2,a2ac052891df2745f2a2dde8b615a5ccbf1ef23a777eb2a0310e35aef94f6d5e,40da9c4ccbe030124d608c59673902f662e14835cc0d8c4b4fffb89231b97a7a,ece085640a013d2803b0364ddf358ef6b1390854,2026-09-12T23:20:59.787335+00:00
D2-0674,829b12ba-c7f5-4796-9a57-a2a2463c8461,Houndour,Obsidian Flames,204,illustration_rare,X2 Houndour Illustration Rare 204/197 Sv03: Pokemon TCG Obsidian Flames MINT,LOT_OR_BUNDLE,HIGH_CONFIDENCE,HIGH_CONFIDENCE,SINGLE_RAW_CARD,RAW_CONDITION_UNGRADED_UNSPECIFIED,"{""language"":""COMPATIBLE"",""name"":""MATCH"",""number"":{""observed"":[""204""],""state"":""MATCH"",""target"":""204""},""product_object"":{""reason"":""NO_NON_CARD_OBJECT_EVIDENCE"",""state"":""SINGLE_RAW_CARD""},""raw"":""COMPATIBLE"",""set"":{""conflicts"":[],""matched"":[""obsidian flames""],""state"":""EXACT""},""variant"":{""conflicting_treatments"":[],""matched"":[""illustration rare""],""parallel_terms"":[],""state"":""MATCH""}}",THREE_FACTOR_IDENTITY,index_fair_value_ebay_d2m_v2,a2ac052891df2745f2a2dde8b615a5ccbf1ef23a777eb2a0310e35aef94f6d5e,40da9c4ccbe030124d608c59673902f662e14835cc0d8c4b4fffb89231b97a7a,ece085640a013d2803b0364ddf358ef6b1390854,2026-09-12T23:20:59.787335+00:00
D2-0675,829b12ba-c7f5-4796-9a57-a2a2463c8461,Houndour,Obsidian Flames,204,illustration_rare,Houndour Illustration Rare SV03: Obsidian Flames 204/197 NM,EXACT_TARGET_MATCH,HIGH_CONFIDENCE,HIGH_CONFIDENCE,SINGLE_RAW_CARD,RAW_CONDITION_STATED_NM,"{""language"":""COMPATIBLE"",""name"":""MATCH"",""number"":{""observed"":[""204""],""state"":""MATCH"",""target"":""204""},""product_object"":{""reason"":""NO_NON_CARD_OBJECT_EVIDENCE"",""state"":""SINGLE_RAW_CARD""},""raw"":""COMPATIBLE"",""set"":{""conflicts"":[],""matched"":[""obsidian flames""],""state"":""EXACT""},""variant"":{""conflicting_treatments"":[],""matched"":[""illustration rare""],""parallel_terms"":[],""state"":""MATCH""}}",THREE_FACTOR_IDENTITY,index_fair_value_ebay_d2m_v2,a2ac052891df2745f2a2dde8b615a5ccbf1ef23a777eb2a0310e35aef94f6d5e,40da9c4ccbe030124d608c59673902f662e14835cc0d8c4b4fffb89231b97a7a,ece085640a013d2803b0364ddf358ef6b1390854,2026-09-12T23:20:59.787335+00:00
D2-0680,8a2827bc-48b7-4dfd-b240-501fe24100b9,Bronzor,Temporal Forces,68,common,135PK068 - Bronzor - 68/162- Temporal Force -(TEF)- Common,EXACT_TARGET_MATCH,MEDIUM_CONFIDENCE,MEDIUM_CONFIDENCE,SINGLE_RAW_CARD,RAW_CONDITION_UNGRADED_UNSPECIFIED,"{""language"":""COMPATIBLE"",""name"":""MATCH"",""number"":{""observed"":[""68""],""state"":""MATCH"",""target"":""68""},""product_object"":{""reason"":""NO_NON_CARD_OBJECT_EVIDENCE"",""state"":""SINGLE_RAW_CARD""},""raw"":""COMPATIBLE"",""set"":{""conflicts"":[],""matched"":[""temporal force"",""tef""],""state"":""ALIAS""},""variant"":{""conflicting_treatments"":[],""matched"":[],""parallel_terms"":[],""state"":""UNRESOLVED""}}",BASE_PARALLEL_NOT_EXPLICIT,index_fair_value_ebay_d2m_v2,a2ac052891df2745f2a2dde8b615a5ccbf1ef23a777eb2a0310e35aef94f6d5e,40da9c4ccbe030124d608c59673902f662e14835cc0d8c4b4fffb89231b97a7a,ece085640a013d2803b0364ddf358ef6b1390854,2026-09-12T23:20:59.787335+00:00
D2-0681,8a2827bc-48b7-4dfd-b240-501fe24100b9,Bronzor,Temporal Forces,68,common,135PK068r - Bronzor - 68/162- Temporal Force -(TEF)- Common Reverse,RELATED_BUT_WRONG_VARIANT,MEDIUM_CONFIDENCE,MEDIUM_CONFIDENCE,SINGLE_RAW_CARD,RAW_CONDITION_UNGRADED_UNSPECIFIED,"{""language"":""COMPATIBLE"",""name"":""MATCH"",""number"":{""observed"":[""68""],""state"":""MATCH"",""target"":""68""},""product_object"":{""reason"":""NO_NON_CARD_OBJECT_EVIDENCE"",""state"":""SINGLE_RAW_CARD""},""raw"":""COMPATIBLE"",""set"":{""conflicts"":[],""matched"":[""temporal force"",""tef""],""state"":""ALIAS""},""variant"":{""conflicting_treatments"":[],""matched"":[],""parallel_terms"":[],""state"":""UNRESOLVED""}}",BASE_PARALLEL_NOT_EXPLICIT,index_fair_value_ebay_d2m_v2,a2ac052891df2745f2a2dde8b615a5ccbf1ef23a777eb2a0310e35aef94f6d5e,40da9c4ccbe030124d608c59673902f662e14835cc0d8c4b4fffb89231b97a7a,ece085640a013d2803b0364ddf358ef6b1390854,2026-09-12T23:20:59.787335+00:00
D2-0685,8a2827bc-48b7-4dfd-b240-501fe24100b9,Bronzor,Temporal Forces,68,common,Pokemon TCG Temporal Forces Choose Your Card! - NM- BULK SAVINGS!,AMBIGUOUS,REJECTED,REJECTED,MULTI_CARD_OFFER,NOT_APPLICABLE_NON_SINGLE_CARD,"{""product_object"":{""reason"":""SELECTABLE_OR_MULTI_CARD_CONTEXT"",""state"":""MULTI_CARD_OFFER""}}",MULTI_CARD_OFFER,index_fair_value_ebay_d2m_v2,a2ac052891df2745f2a2dde8b615a5ccbf1ef23a777eb2a0310e35aef94f6d5e,40da9c4ccbe030124d608c59673902f662e14835cc0d8c4b4fffb89231b97a7a,ece085640a013d2803b0364ddf358ef6b1390854,2026-09-12T23:20:59.787335+00:00
D2-0687,8a2827bc-48b7-4dfd-b240-501fe24100b9,Bronzor,Temporal Forces,68,common,Reverse Holo Pokemon Scarlet and Violet - Temporal Forces - Choose Your Card(s),AMBIGUOUS,REJECTED,REJECTED,MULTI_CARD_OFFER,NOT_APPLICABLE_NON_SINGLE_CARD,"{""product_object"":{""reason"":""SELECTABLE_OR_MULTI_CARD_CONTEXT"",""state"":""MULTI_CARD_OFFER""}}",MULTI_CARD_OFFER,index_fair_value_ebay_d2m_v2,a2ac052891df2745f2a2dde8b615a5ccbf1ef23a777eb2a0310e35aef94f6d5e,40da9c4ccbe030124d608c59673902f662e14835cc0d8c4b4fffb89231b97a7a,ece085640a013d2803b0364ddf358ef6b1390854,2026-09-12T23:20:59.787335+00:00
D2-0688,8a2827bc-48b7-4dfd-b240-501fe24100b9,Bronzor,Temporal Forces,68,common,2024 Scarlet & Violet Series - Temporal Forces Bronzor Common #68,EXACT_TARGET_MATCH,MEDIUM_CONFIDENCE,MEDIUM_CONFIDENCE,SINGLE_RAW_CARD,RAW_CONDITION_UNGRADED_UNSPECIFIED,"{""language"":""COMPATIBLE"",""name"":""MATCH"",""number"":{""observed"":[""68""],""state"":""MATCH"",""target"":""68""},""product_object"":{""reason"":""NO_NON_CARD_OBJECT_EVIDENCE"",""state"":""SINGLE_RAW_CARD""},""raw"":""COMPATIBLE"",""set"":{""conflicts"":[],""matched"":[""temporal forces""],""state"":""EXACT""},""variant"":{""conflicting_treatments"":[],""matched"":[],""parallel_terms"":[],""state"":""UNRESOLVED""}}",BASE_PARALLEL_NOT_EXPLICIT,index_fair_value_ebay_d2m_v2,a2ac052891df2745f2a2dde8b615a5ccbf1ef23a777eb2a0310e35aef94f6d5e,40da9c4ccbe030124d608c59673902f662e14835cc0d8c4b4fffb89231b97a7a,ece085640a013d2803b0364ddf358ef6b1390854,2026-09-12T23:20:59.787335+00:00
D2-0691,8a2cce32-ad4f-4468-8a28-8a9ea9653365,Leavanny,White Flare,89,illustration_rare,Pokémon TCG Illustration Rare Leavanny #89/86 Scarlet and Violet White Flare NM,EXACT_TARGET_MATCH,HIGH_CONFIDENCE,HIGH_CONFIDENCE,SINGLE_RAW_CARD,RAW_CONDITION_STATED_NM,"{""language"":""COMPATIBLE"",""name"":""MATCH"",""number"":{""observed"":[""89""],""state"":""MATCH"",""target"":""89""},""product_object"":{""reason"":""NO_NON_CARD_OBJECT_EVIDENCE"",""state"":""SINGLE_RAW_CARD""},""raw"":""COMPATIBLE"",""set"":{""conflicts"":[],""matched"":[""white flare""],""state"":""EXACT""},""variant"":{""conflicting_treatments"":[],""matched"":[""illustration rare""],""parallel_terms"":[],""state"":""MATCH""}}",THREE_FACTOR_IDENTITY,index_fair_value_ebay_d2m_v2,a2ac052891df2745f2a2dde8b615a5ccbf1ef23a777eb2a0310e35aef94f6d5e,40da9c4ccbe030124d608c59673902f662e14835cc0d8c4b4fffb89231b97a7a,ece085640a013d2803b0364ddf358ef6b1390854,2026-09-12T23:20:59.787335+00:00
D2-0693,8a2cce32-ad4f-4468-8a28-8a9ea9653365,Leavanny,White Flare,89,illustration_rare,Leavanny 003/086 Uncommon White Flare Pokemon Reverse Holo Near Mint,WRONG_CARD_NUMBER,REJECTED,REJECTED,SINGLE_RAW_CARD,RAW_CONDITION_STATED_NM,"{""language"":""COMPATIBLE"",""name"":""MATCH"",""number"":{""observed"":[""3""],""state"":""CONFLICT"",""target"":""89""},""product_object"":{""reason"":""NO_NON_CARD_OBJECT_EVIDENCE"",""state"":""SINGLE_RAW_CARD""},""raw"":""COMPATIBLE"",""set"":{""conflicts"":[],""matched"":[""white flare""],""state"":""EXACT""},""variant"":{""conflicting_treatments"":[],""matched"":[],""parallel_terms"":[""reverse holo""],""state"":""CONFLICT""}}",WRONG_CARD_NUMBER,index_fair_value_ebay_d2m_v2,a2ac052891df2745f2a2dde8b615a5ccbf1ef23a777eb2a0310e35aef94f6d5e,40da9c4ccbe030124d608c59673902f662e14835cc0d8c4b4fffb89231b97a7a,ece085640a013d2803b0364ddf358ef6b1390854,2026-09-12T23:20:59.787335+00:00
D2-0695,8a2cce32-ad4f-4468-8a28-8a9ea9653365,Leavanny,White Flare,89,illustration_rare,Pokémon WHITE FLARE: Choose Your Card! REVERSE/HOLO/EX NM,WRONG_CARD_NUMBER,REJECTED,REJECTED,MULTI_CARD_OFFER,NOT_APPLICABLE_NON_SINGLE_CARD,"{""product_object"":{""reason"":""SELECTABLE_OR_MULTI_CARD_CONTEXT"",""state"":""MULTI_CARD_OFFER""}}",MULTI_CARD_OFFER,index_fair_value_ebay_d2m_v2,a2ac052891df2745f2a2dde8b615a5ccbf1ef23a777eb2a0310e35aef94f6d5e,40da9c4ccbe030124d608c59673902f662e14835cc0d8c4b4fffb89231b97a7a,ece085640a013d2803b0364ddf358ef6b1390854,2026-09-12T23:20:59.787335+00:00
D2-0697,8a2cce32-ad4f-4468-8a28-8a9ea9653365,Leavanny,White Flare,89,illustration_rare,Pokemon TCG White Flare (WHT) - Mix & Match cards to save up to 50%!,WRONG_CARD_NUMBER,REJECTED,REJECTED,SINGLE_RAW_CARD,RAW_CONDITION_UNGRADED_UNSPECIFIED,"{""language"":""COMPATIBLE"",""name"":""CONFLICT"",""number"":{""observed"":[],""state"":""ABSENT"",""target"":""89""},""product_object"":{""reason"":""NO_NON_CARD_OBJECT_EVIDENCE"",""state"":""SINGLE_RAW_CARD""},""raw"":""COMPATIBLE"",""set"":{""conflicts"":[],""matched"":[""white flare"",""wht""],""state"":""EXACT""},""variant"":{""conflicting_treatments"":[],""matched"":[],""parallel_terms"":[],""state"":""ABSENT""}}",NAME_CONFLICT,index_fair_value_ebay_d2m_v2,a2ac052891df2745f2a2dde8b615a5ccbf1ef23a777eb2a0310e35aef94f6d5e,40da9c4ccbe030124d608c59673902f662e14835cc0d8c4b4fffb89231b97a7a,ece085640a013d2803b0364ddf358ef6b1390854,2026-09-12T23:20:59.787335+00:00
D2-0698,8a2cce32-ad4f-4468-8a28-8a9ea9653365,Leavanny,White Flare,89,illustration_rare,Leavanny 089/086 Illustration Rare IR Holo Pokemon White Flare CGC 10 GEM MINT,GRADED,REJECTED,REJECTED,GRADED_CARD,GRADED,"{""product_object"":{""reason"":""GRADE_OR_SLAB_EVIDENCE"",""state"":""GRADED_CARD""}}",GRADED_CARD,index_fair_value_ebay_d2m_v2,a2ac052891df2745f2a2dde8b615a5ccbf1ef23a777eb2a0310e35aef94f6d5e,40da9c4ccbe030124d608c59673902f662e14835cc0d8c4b4fffb89231b97a7a,ece085640a013d2803b0364ddf358ef6b1390854,2026-09-12T23:20:59.787335+00:00
D2-0706,966bcb61-bf43-4cd7-8287-42f4bb9fa76d,Leafeon ex,Prismatic Evolutions,144,special_illustration_rare,Leafeon ex 144/131 Pokemon SV: Prismatic Evolutions NM Special Illustration Rare,EXACT_TARGET_MATCH,HIGH_CONFIDENCE,HIGH_CONFIDENCE,SINGLE_RAW_CARD,RAW_CONDITION_STATED_NM,"{""language"":""COMPATIBLE"",""name"":""MATCH"",""number"":{""observed"":[""144""],""state"":""MATCH"",""target"":""144""},""product_object"":{""reason"":""NO_NON_CARD_OBJECT_EVIDENCE"",""state"":""SINGLE_RAW_CARD""},""raw"":""COMPATIBLE"",""set"":{""conflicts"":[],""matched"":[""prismatic evolutions""],""state"":""EXACT""},""variant"":{""conflicting_treatments"":[""illustration_rare""],""matched"":[""special illustration rare""],""parallel_terms"":[],""state"":""MATCH""}}",THREE_FACTOR_IDENTITY,index_fair_value_ebay_d2m_v2,a2ac052891df2745f2a2dde8b615a5ccbf1ef23a777eb2a0310e35aef94f6d5e,40da9c4ccbe030124d608c59673902f662e14835cc0d8c4b4fffb89231b97a7a,ece085640a013d2803b0364ddf358ef6b1390854,2026-09-12T23:20:59.787335+00:00
D2-0708,966bcb61-bf43-4cd7-8287-42f4bb9fa76d,Leafeon ex,Prismatic Evolutions,144,special_illustration_rare,Leafeon ex 144/131 Sv: Prismatic Evolutions SIR Full Art Holo English 2025,EXACT_TARGET_MATCH,HIGH_CONFIDENCE,HIGH_CONFIDENCE,SINGLE_RAW_CARD,RAW_CONDITION_UNGRADED_UNSPECIFIED,"{""language"":""COMPATIBLE"",""name"":""MATCH"",""number"":{""observed"":[""144""],""state"":""MATCH"",""target"":""144""},""product_object"":{""reason"":""NO_NON_CARD_OBJECT_EVIDENCE"",""state"":""SINGLE_RAW_CARD""},""raw"":""COMPATIBLE"",""set"":{""conflicts"":[],""matched"":[""prismatic evolutions""],""state"":""EXACT""},""variant"":{""conflicting_treatments"":[""ultra_rare""],""matched"":[""sir""],""parallel_terms"":[],""state"":""MATCH""}}",THREE_FACTOR_IDENTITY,index_fair_value_ebay_d2m_v2,a2ac052891df2745f2a2dde8b615a5ccbf1ef23a777eb2a0310e35aef94f6d5e,40da9c4ccbe030124d608c59673902f662e14835cc0d8c4b4fffb89231b97a7a,ece085640a013d2803b0364ddf358ef6b1390854,2026-09-12T23:20:59.787335+00:00
D2-0715,966bcb61-bf43-4cd7-8287-42f4bb9fa76d,Leafeon ex,Prismatic Evolutions,144,special_illustration_rare,Leafeon ex 144/131 Holo Special Illustration Rare SV: Prismatic Evolutions NM,EXACT_TARGET_MATCH,HIGH_CONFIDENCE,HIGH_CONFIDENCE,SINGLE_RAW_CARD,RAW_CONDITION_STATED_NM,"{""language"":""COMPATIBLE"",""name"":""MATCH"",""number"":{""observed"":[""144""],""state"":""MATCH"",""target"":""144""},""product_object"":{""reason"":""NO_NON_CARD_OBJECT_EVIDENCE"",""state"":""SINGLE_RAW_CARD""},""raw"":""COMPATIBLE"",""set"":{""conflicts"":[],""matched"":[""prismatic evolutions""],""state"":""EXACT""},""variant"":{""conflicting_treatments"":[""illustration_rare""],""matched"":[""special illustration rare""],""parallel_terms"":[],""state"":""MATCH""}}",THREE_FACTOR_IDENTITY,index_fair_value_ebay_d2m_v2,a2ac052891df2745f2a2dde8b615a5ccbf1ef23a777eb2a0310e35aef94f6d5e,40da9c4ccbe030124d608c59673902f662e14835cc0d8c4b4fffb89231b97a7a,ece085640a013d2803b0364ddf358ef6b1390854,2026-09-12T23:20:59.787335+00:00
D2-0719,966bcb61-bf43-4cd7-8287-42f4bb9fa76d,Leafeon ex,Prismatic Evolutions,144,special_illustration_rare,Pokemon Prismatic Evolutions Leafeon ex SIR Holo 144/131 PSA 10,GRADED,REJECTED,REJECTED,GRADED_CARD,GRADED,"{""product_object"":{""reason"":""GRADE_OR_SLAB_EVIDENCE"",""state"":""GRADED_CARD""}}",GRADED_CARD,index_fair_value_ebay_d2m_v2,a2ac052891df2745f2a2dde8b615a5ccbf1ef23a777eb2a0310e35aef94f6d5e,40da9c4ccbe030124d608c59673902f662e14835cc0d8c4b4fffb89231b97a7a,ece085640a013d2803b0364ddf358ef6b1390854,2026-09-12T23:20:59.787335+00:00
D2-0720,966bcb61-bf43-4cd7-8287-42f4bb9fa76d,Leafeon ex,Prismatic Evolutions,144,special_illustration_rare,Leafeon EX SIR 144/131 Prismatic Evolutions Extended Art Case,SEALED_OR_ACCESSORY,REJECTED,REJECTED,CARD_ACCESSORY,NOT_APPLICABLE_NON_SINGLE_CARD,"{""product_object"":{""ontology_matches"":[""ART_CASE""],""reason"":""ACCESSORY_PRODUCT_CONTEXT"",""state"":""CARD_ACCESSORY""}}",CARD_ACCESSORY,index_fair_value_ebay_d2m_v2,a2ac052891df2745f2a2dde8b615a5ccbf1ef23a777eb2a0310e35aef94f6d5e,40da9c4ccbe030124d608c59673902f662e14835cc0d8c4b4fffb89231b97a7a,ece085640a013d2803b0364ddf358ef6b1390854,2026-09-12T23:20:59.787335+00:00
D2-0721,97165c7e-1d85-4962-807e-5661c2115d7d,Furret,Journey Together,168,illustration_rare,Furret #168/159 Pokemon TCG JTG: SV09: Journey Together Illustration Rare Holo N,EXACT_TARGET_MATCH,HIGH_CONFIDENCE,HIGH_CONFIDENCE,SINGLE_RAW_CARD,RAW_CONDITION_UNGRADED_UNSPECIFIED,"{""language"":""COMPATIBLE"",""name"":""MATCH"",""number"":{""observed"":[""168""],""state"":""MATCH"",""target"":""168""},""product_object"":{""reason"":""NO_NON_CARD_OBJECT_EVIDENCE"",""state"":""SINGLE_RAW_CARD""},""raw"":""COMPATIBLE"",""set"":{""conflicts"":[],""matched"":[""journey together""],""state"":""EXACT""},""variant"":{""conflicting_treatments"":[],""matched"":[""illustration rare""],""parallel_terms"":[],""state"":""MATCH""}}",THREE_FACTOR_IDENTITY,index_fair_value_ebay_d2m_v2,a2ac052891df2745f2a2dde8b615a5ccbf1ef23a777eb2a0310e35aef94f6d5e,40da9c4ccbe030124d608c59673902f662e14835cc0d8c4b4fffb89231b97a7a,ece085640a013d2803b0364ddf358ef6b1390854,2026-09-12T23:20:59.787335+00:00
D2-0722,97165c7e-1d85-4962-807e-5661c2115d7d,Furret,Journey Together,168,illustration_rare,Furret 168/159 SV Journey Together Illustration Rare Pokemon Card - NM,EXACT_TARGET_MATCH,HIGH_CONFIDENCE,HIGH_CONFIDENCE,SINGLE_RAW_CARD,RAW_CONDITION_STATED_NM,"{""language"":""COMPATIBLE"",""name"":""MATCH"",""number"":{""observed"":[""168""],""state"":""MATCH"",""target"":""168""},""product_object"":{""reason"":""NO_NON_CARD_OBJECT_EVIDENCE"",""state"":""SINGLE_RAW_CARD""},""raw"":""COMPATIBLE"",""set"":{""conflicts"":[],""matched"":[""journey together""],""state"":""EXACT""},""variant"":{""conflicting_treatments"":[],""matched"":[""illustration rare""],""parallel_terms"":[],""state"":""MATCH""}}",THREE_FACTOR_IDENTITY,index_fair_value_ebay_d2m_v2,a2ac052891df2745f2a2dde8b615a5ccbf1ef23a777eb2a0310e35aef94f6d5e,40da9c4ccbe030124d608c59673902f662e14835cc0d8c4b4fffb89231b97a7a,ece085640a013d2803b0364ddf358ef6b1390854,2026-09-12T23:20:59.787335+00:00
D2-0723,97165c7e-1d85-4962-807e-5661c2115d7d,Furret,Journey Together,168,illustration_rare,Furret Illustration Rare 168/159 Journey Together Pokemon TCG English,EXACT_TARGET_MATCH,HIGH_CONFIDENCE,HIGH_CONFIDENCE,SINGLE_RAW_CARD,RAW_CONDITION_UNGRADED_UNSPECIFIED,"{""language"":""COMPATIBLE"",""name"":""MATCH"",""number"":{""observed"":[""168""],""state"":""MATCH"",""target"":""168""},""product_object"":{""reason"":""NO_NON_CARD_OBJECT_EVIDENCE"",""state"":""SINGLE_RAW_CARD""},""raw"":""COMPATIBLE"",""set"":{""conflicts"":[],""matched"":[""journey together""],""state"":""EXACT""},""variant"":{""conflicting_treatments"":[],""matched"":[""illustration rare""],""parallel_terms"":[],""state"":""MATCH""}}",THREE_FACTOR_IDENTITY,index_fair_value_ebay_d2m_v2,a2ac052891df2745f2a2dde8b615a5ccbf1ef23a777eb2a0310e35aef94f6d5e,40da9c4ccbe030124d608c59673902f662e14835cc0d8c4b4fffb89231b97a7a,ece085640a013d2803b0364ddf358ef6b1390854,2026-09-12T23:20:59.787335+00:00
D2-0725,97165c7e-1d85-4962-807e-5661c2115d7d,Furret,Journey Together,168,illustration_rare,2025 Pokémon JTG EN Journey Together Furret #168 Illustration Rare PSA 9,GRADED,REJECTED,REJECTED,GRADED_CARD,GRADED,"{""product_object"":{""reason"":""GRADE_OR_SLAB_EVIDENCE"",""state"":""GRADED_CARD""}}",GRADED_CARD,index_fair_value_ebay_d2m_v2,a2ac052891df2745f2a2dde8b615a5ccbf1ef23a777eb2a0310e35aef94f6d5e,40da9c4ccbe030124d608c59673902f662e14835cc0d8c4b4fffb89231b97a7a,ece085640a013d2803b0364ddf358ef6b1390854,2026-09-12T23:20:59.787335+00:00
D2-0732,97165c7e-1d85-4962-807e-5661c2115d7d,Furret,Journey Together,168,illustration_rare,Pokemon TCG Card Furret 168/159 Journey Together Illustration Rare - NM,EXACT_TARGET_MATCH,HIGH_CONFIDENCE,HIGH_CONFIDENCE,SINGLE_RAW_CARD,RAW_CONDITION_STATED_NM,"{""language"":""COMPATIBLE"",""name"":""MATCH"",""number"":{""observed"":[""168""],""state"":""MATCH"",""target"":""168""},""product_object"":{""reason"":""NO_NON_CARD_OBJECT_EVIDENCE"",""state"":""SINGLE_RAW_CARD""},""raw"":""COMPATIBLE"",""set"":{""conflicts"":[],""matched"":[""journey together""],""state"":""EXACT""},""variant"":{""conflicting_treatments"":[],""matched"":[""illustration rare""],""parallel_terms"":[],""state"":""MATCH""}}",THREE_FACTOR_IDENTITY,index_fair_value_ebay_d2m_v2,a2ac052891df2745f2a2dde8b615a5ccbf1ef23a777eb2a0310e35aef94f6d5e,40da9c4ccbe030124d608c59673902f662e14835cc0d8c4b4fffb89231b97a7a,ece085640a013d2803b0364ddf358ef6b1390854,2026-09-12T23:20:59.787335+00:00
D2-0737,9f323989-e972-4a9e-9e7b-3166e85d0690,Mega Feraligatr ex,Ascended Heroes,274,special_illustration_rare,2026 Pokemon 274/217 Mega Feraligatr EX Ascended Heroes,EXACT_TARGET_MATCH,HIGH_CONFIDENCE,HIGH_CONFIDENCE,SINGLE_RAW_CARD,RAW_CONDITION_UNGRADED_UNSPECIFIED,"{""language"":""COMPATIBLE"",""name"":""MATCH"",""number"":{""observed"":[""274""],""state"":""MATCH"",""target"":""274""},""product_object"":{""reason"":""NO_NON_CARD_OBJECT_EVIDENCE"",""state"":""SINGLE_RAW_CARD""},""raw"":""COMPATIBLE"",""set"":{""conflicts"":[],""matched"":[""ascended heroes""],""state"":""EXACT""},""variant"":{""conflicting_treatments"":[],""matched"":[],""parallel_terms"":[],""state"":""ABSENT""}}",THREE_FACTOR_IDENTITY,index_fair_value_ebay_d2m_v2,a2ac052891df2745f2a2dde8b615a5ccbf1ef23a777eb2a0310e35aef94f6d5e,40da9c4ccbe030124d608c59673902f662e14835cc0d8c4b4fffb89231b97a7a,ece085640a013d2803b0364ddf358ef6b1390854,2026-09-12T23:20:59.787335+00:00
D2-0740,9f323989-e972-4a9e-9e7b-3166e85d0690,Mega Feraligatr ex,Ascended Heroes,274,special_illustration_rare,Pokemon TCG Mega Feraligatr Ex 274/217 Ascended Heros Secret Illustration Rare,EXACT_TARGET_MATCH,REJECTED,REJECTED,SINGLE_RAW_CARD,RAW_CONDITION_UNGRADED_UNSPECIFIED,"{""language"":""COMPATIBLE"",""name"":""MATCH"",""number"":{""observed"":[""274""],""state"":""MATCH"",""target"":""274""},""product_object"":{""reason"":""NO_NON_CARD_OBJECT_EVIDENCE"",""state"":""SINGLE_RAW_CARD""},""raw"":""COMPATIBLE"",""set"":{""conflicts"":[],""matched"":[""ascended heros""],""state"":""ALIAS""},""variant"":{""conflicting_treatments"":[""illustration_rare""],""matched"":[],""parallel_terms"":[],""state"":""CONFLICT""}}",WRONG_VARIANT,index_fair_value_ebay_d2m_v2,a2ac052891df2745f2a2dde8b615a5ccbf1ef23a777eb2a0310e35aef94f6d5e,40da9c4ccbe030124d608c59673902f662e14835cc0d8c4b4fffb89231b97a7a,ece085640a013d2803b0364ddf358ef6b1390854,2026-09-12T23:20:59.787335+00:00
D2-0741,9f323989-e972-4a9e-9e7b-3166e85d0690,Mega Feraligatr ex,Ascended Heroes,274,special_illustration_rare,Pokemon TCG Mega Feraligatr Ex 274/217 Ascended Heros Secret Illustration Rare,EXACT_TARGET_MATCH,REJECTED,REJECTED,SINGLE_RAW_CARD,RAW_CONDITION_UNGRADED_UNSPECIFIED,"{""language"":""COMPATIBLE"",""name"":""MATCH"",""number"":{""observed"":[""274""],""state"":""MATCH"",""target"":""274""},""product_object"":{""reason"":""NO_NON_CARD_OBJECT_EVIDENCE"",""state"":""SINGLE_RAW_CARD""},""raw"":""COMPATIBLE"",""set"":{""conflicts"":[],""matched"":[""ascended heros""],""state"":""ALIAS""},""variant"":{""conflicting_treatments"":[""illustration_rare""],""matched"":[],""parallel_terms"":[],""state"":""CONFLICT""}}",WRONG_VARIANT,index_fair_value_ebay_d2m_v2,a2ac052891df2745f2a2dde8b615a5ccbf1ef23a777eb2a0310e35aef94f6d5e,40da9c4ccbe030124d608c59673902f662e14835cc0d8c4b4fffb89231b97a7a,ece085640a013d2803b0364ddf358ef6b1390854,2026-09-12T23:20:59.787335+00:00
D2-0744,9f323989-e972-4a9e-9e7b-3166e85d0690,Mega Feraligatr ex,Ascended Heroes,274,special_illustration_rare,Mega Feraligatr Ex Card SIR Ascended Heroes near mint or better,EXACT_TARGET_MATCH,AMBIGUOUS,AMBIGUOUS,SINGLE_RAW_CARD,RAW_CONDITION_STATED_NM,"{""language"":""COMPATIBLE"",""name"":""MATCH"",""number"":{""observed"":[],""state"":""ABSENT"",""target"":""274""},""product_object"":{""reason"":""NO_NON_CARD_OBJECT_EVIDENCE"",""state"":""SINGLE_RAW_CARD""},""raw"":""COMPATIBLE"",""set"":{""conflicts"":[],""matched"":[""ascended heroes""],""state"":""EXACT""},""variant"":{""conflicting_treatments"":[],""matched"":[""sir""],""parallel_terms"":[],""state"":""MATCH""}}",INSUFFICIENT_INDEPENDENT_EVIDENCE,index_fair_value_ebay_d2m_v2,a2ac052891df2745f2a2dde8b615a5ccbf1ef23a777eb2a0310e35aef94f6d5e,40da9c4ccbe030124d608c59673902f662e14835cc0d8c4b4fffb89231b97a7a,ece085640a013d2803b0364ddf358ef6b1390854,2026-09-12T23:20:59.787335+00:00
D2-0745,9f323989-e972-4a9e-9e7b-3166e85d0690,Mega Feraligatr ex,Ascended Heroes,274,special_illustration_rare,Pokémon TCG Mega Feraligatr SIR Ascended Heroes Mega Set #274/234,EXACT_TARGET_MATCH,HIGH_CONFIDENCE,HIGH_CONFIDENCE,SINGLE_RAW_CARD,RAW_CONDITION_UNGRADED_UNSPECIFIED,"{""language"":""COMPATIBLE"",""name"":""MATCH"",""number"":{""observed"":[""274""],""state"":""MATCH"",""target"":""274""},""product_object"":{""reason"":""NO_NON_CARD_OBJECT_EVIDENCE"",""state"":""SINGLE_RAW_CARD""},""raw"":""COMPATIBLE"",""set"":{""conflicts"":[],""matched"":[""ascended heroes""],""state"":""EXACT""},""variant"":{""conflicting_treatments"":[],""matched"":[""sir""],""parallel_terms"":[],""state"":""MATCH""}}",THREE_FACTOR_IDENTITY,index_fair_value_ebay_d2m_v2,a2ac052891df2745f2a2dde8b615a5ccbf1ef23a777eb2a0310e35aef94f6d5e,40da9c4ccbe030124d608c59673902f662e14835cc0d8c4b4fffb89231b97a7a,ece085640a013d2803b0364ddf358ef6b1390854,2026-09-12T23:20:59.787335+00:00
D2-0755,a3d56338-1f3f-4b99-8920-5d71b8b85737,Pikachu ex,Surging Sparks,247,hyper_rare_gold,Pokemon TCG New Set Pikachu 247/191 Hyper Rare Gold Card Surging Sparks,EXACT_TARGET_MATCH,HIGH_CONFIDENCE,HIGH_CONFIDENCE,SINGLE_RAW_CARD,RAW_CONDITION_UNGRADED_UNSPECIFIED,"{""language"":""COMPATIBLE"",""name"":""MATCH"",""number"":{""observed"":[""247""],""state"":""MATCH"",""target"":""247""},""product_object"":{""reason"":""NO_NON_CARD_OBJECT_EVIDENCE"",""state"":""SINGLE_RAW_CARD""},""raw"":""COMPATIBLE"",""set"":{""conflicts"":[],""matched"":[""surging sparks""],""state"":""EXACT""},""variant"":{""conflicting_treatments"":[],""matched"":[""hyper rare"",""gold""],""parallel_terms"":[],""state"":""MATCH""}}",THREE_FACTOR_IDENTITY,index_fair_value_ebay_d2m_v2,a2ac052891df2745f2a2dde8b615a5ccbf1ef23a777eb2a0310e35aef94f6d5e,40da9c4ccbe030124d608c59673902f662e14835cc0d8c4b4fffb89231b97a7a,ece085640a013d2803b0364ddf358ef6b1390854,2026-09-12T23:20:59.787335+00:00
D2-0757,a3d56338-1f3f-4b99-8920-5d71b8b85737,Pikachu ex,Surging Sparks,247,hyper_rare_gold,PSA 9 Pikachu ex 247/191 Surging Sparks Full Art Holo Rare Pokemon 2024,GRADED,REJECTED,REJECTED,GRADED_CARD,GRADED,"{""product_object"":{""reason"":""GRADE_OR_SLAB_EVIDENCE"",""state"":""GRADED_CARD""}}",GRADED_CARD,index_fair_value_ebay_d2m_v2,a2ac052891df2745f2a2dde8b615a5ccbf1ef23a777eb2a0310e35aef94f6d5e,40da9c4ccbe030124d608c59673902f662e14835cc0d8c4b4fffb89231b97a7a,ece085640a013d2803b0364ddf358ef6b1390854,2026-09-12T23:20:59.787335+00:00
D2-0760,a3d56338-1f3f-4b99-8920-5d71b8b85737,Pikachu ex,Surging Sparks,247,hyper_rare_gold,2024 POKEMON SSP EN-SURGING SPARKS HYPER RARE #247 PIKACHU EX PSA 9,GRADED,REJECTED,REJECTED,GRADED_CARD,GRADED,"{""product_object"":{""reason"":""GRADE_OR_SLAB_EVIDENCE"",""state"":""GRADED_CARD""}}",GRADED_CARD,index_fair_value_ebay_d2m_v2,a2ac052891df2745f2a2dde8b615a5ccbf1ef23a777eb2a0310e35aef94f6d5e,40da9c4ccbe030124d608c59673902f662e14835cc0d8c4b4fffb89231b97a7a,ece085640a013d2803b0364ddf358ef6b1390854,2026-09-12T23:20:59.787335+00:00
D2-0761,a3d56338-1f3f-4b99-8920-5d71b8b85737,Pikachu ex,Surging Sparks,247,hyper_rare_gold,Pokémon TCG Pikachu EX Surging Sparks Hyper Rare Gold 247/191 Super Clean,EXACT_TARGET_MATCH,HIGH_CONFIDENCE,HIGH_CONFIDENCE,SINGLE_RAW_CARD,RAW_CONDITION_UNGRADED_UNSPECIFIED,"{""language"":""COMPATIBLE"",""name"":""MATCH"",""number"":{""observed"":[""247""],""state"":""MATCH"",""target"":""247""},""product_object"":{""reason"":""NO_NON_CARD_OBJECT_EVIDENCE"",""state"":""SINGLE_RAW_CARD""},""raw"":""COMPATIBLE"",""set"":{""conflicts"":[],""matched"":[""surging sparks""],""state"":""EXACT""},""variant"":{""conflicting_treatments"":[],""matched"":[""hyper rare"",""gold""],""parallel_terms"":[],""state"":""MATCH""}}",THREE_FACTOR_IDENTITY,index_fair_value_ebay_d2m_v2,a2ac052891df2745f2a2dde8b615a5ccbf1ef23a777eb2a0310e35aef94f6d5e,40da9c4ccbe030124d608c59673902f662e14835cc0d8c4b4fffb89231b97a7a,ece085640a013d2803b0364ddf358ef6b1390854,2026-09-12T23:20:59.787335+00:00
D2-0763,a3d56338-1f3f-4b99-8920-5d71b8b85737,Pikachu ex,Surging Sparks,247,hyper_rare_gold,2024 Pokemon TCG Pikachu EX Surging Sparks #247 AGS GEM-MT 10,GRADED,REJECTED,REJECTED,GRADED_CARD,GRADED,"{""product_object"":{""reason"":""GRADE_OR_SLAB_EVIDENCE"",""state"":""GRADED_CARD""}}",GRADED_CARD,index_fair_value_ebay_d2m_v2,a2ac052891df2745f2a2dde8b615a5ccbf1ef23a777eb2a0310e35aef94f6d5e,40da9c4ccbe030124d608c59673902f662e14835cc0d8c4b4fffb89231b97a7a,ece085640a013d2803b0364ddf358ef6b1390854,2026-09-12T23:20:59.787335+00:00
D2-0768,a6969678-b361-4b27-bee3-e3cdc127a5e4,Dragapult ex,Prismatic Evolutions,165,special_illustration_rare,Dragapult ex 165/131 Sv: Prismatic Evolutions Holo,EXACT_TARGET_MATCH,HIGH_CONFIDENCE,HIGH_CONFIDENCE,SINGLE_RAW_CARD,RAW_CONDITION_UNGRADED_UNSPECIFIED,"{""language"":""COMPATIBLE"",""name"":""MATCH"",""number"":{""observed"":[""165""],""state"":""MATCH"",""target"":""165""},""product_object"":{""reason"":""NO_NON_CARD_OBJECT_EVIDENCE"",""state"":""SINGLE_RAW_CARD""},""raw"":""COMPATIBLE"",""set"":{""conflicts"":[],""matched"":[""prismatic evolutions""],""state"":""EXACT""},""variant"":{""conflicting_treatments"":[],""matched"":[],""parallel_terms"":[],""state"":""ABSENT""}}",THREE_FACTOR_IDENTITY,index_fair_value_ebay_d2m_v2,a2ac052891df2745f2a2dde8b615a5ccbf1ef23a777eb2a0310e35aef94f6d5e,40da9c4ccbe030124d608c59673902f662e14835cc0d8c4b4fffb89231b97a7a,ece085640a013d2803b0364ddf358ef6b1390854,2026-09-12T23:20:59.787335+00:00
D2-0769,a6969678-b361-4b27-bee3-e3cdc127a5e4,Dragapult ex,Prismatic Evolutions,165,special_illustration_rare,Prismatic Evolution SIR Dragapult ex 165/131. Mint condition,EXACT_TARGET_MATCH,HIGH_CONFIDENCE,HIGH_CONFIDENCE,SINGLE_RAW_CARD,RAW_CONDITION_UNGRADED_UNSPECIFIED,"{""language"":""COMPATIBLE"",""name"":""MATCH"",""number"":{""observed"":[""165""],""state"":""MATCH"",""target"":""165""},""product_object"":{""reason"":""NO_NON_CARD_OBJECT_EVIDENCE"",""state"":""SINGLE_RAW_CARD""},""raw"":""COMPATIBLE"",""set"":{""conflicts"":[],""matched"":[],""state"":""ABSENT""},""variant"":{""conflicting_treatments"":[],""matched"":[""sir""],""parallel_terms"":[],""state"":""MATCH""}}",NAME_NUMBER_VARIANT_IDENTITY,index_fair_value_ebay_d2m_v2,a2ac052891df2745f2a2dde8b615a5ccbf1ef23a777eb2a0310e35aef94f6d5e,40da9c4ccbe030124d608c59673902f662e14835cc0d8c4b4fffb89231b97a7a,ece085640a013d2803b0364ddf358ef6b1390854,2026-09-12T23:20:59.787335+00:00
D2-0771,a6969678-b361-4b27-bee3-e3cdc127a5e4,Dragapult ex,Prismatic Evolutions,165,special_illustration_rare,2025 Pokemon Prismatic Evolutions Dragapult ex 073/131 Tera Double Rare Holo NM⁠,WRONG_CARD_NUMBER,REJECTED,REJECTED,SINGLE_RAW_CARD,RAW_CONDITION_STATED_NM,"{""language"":""COMPATIBLE"",""name"":""MATCH"",""number"":{""observed"":[""73""],""state"":""CONFLICT"",""target"":""165""},""product_object"":{""reason"":""NO_NON_CARD_OBJECT_EVIDENCE"",""state"":""SINGLE_RAW_CARD""},""raw"":""COMPATIBLE"",""set"":{""conflicts"":[],""matched"":[""prismatic evolutions""],""state"":""EXACT""},""variant"":{""conflicting_treatments"":[],""matched"":[],""parallel_terms"":[],""state"":""ABSENT""}}",WRONG_CARD_NUMBER,index_fair_value_ebay_d2m_v2,a2ac052891df2745f2a2dde8b615a5ccbf1ef23a777eb2a0310e35aef94f6d5e,40da9c4ccbe030124d608c59673902f662e14835cc0d8c4b4fffb89231b97a7a,ece085640a013d2803b0364ddf358ef6b1390854,2026-09-12T23:20:59.787335+00:00
D2-0778,a6969678-b361-4b27-bee3-e3cdc127a5e4,Dragapult ex,Prismatic Evolutions,165,special_illustration_rare,CGC Gem Mint 10 Dragapult ex 165/131 Pokémon Prismatic Evolutions PRE EN,GRADED,REJECTED,REJECTED,GRADED_CARD,GRADED,"{""product_object"":{""reason"":""GRADE_OR_SLAB_EVIDENCE"",""state"":""GRADED_CARD""}}",GRADED_CARD,index_fair_value_ebay_d2m_v2,a2ac052891df2745f2a2dde8b615a5ccbf1ef23a777eb2a0310e35aef94f6d5e,40da9c4ccbe030124d608c59673902f662e14835cc0d8c4b4fffb89231b97a7a,ece085640a013d2803b0364ddf358ef6b1390854,2026-09-12T23:20:59.787335+00:00
D2-0780,a6969678-b361-4b27-bee3-e3cdc127a5e4,Dragapult ex,Prismatic Evolutions,165,special_illustration_rare,Pokémon TCG Dragapult EX Prismatic Evolutions Card 165/131 Full Art NM Rare,EXACT_TARGET_MATCH,REJECTED,REJECTED,SINGLE_RAW_CARD,RAW_CONDITION_STATED_NM,"{""language"":""COMPATIBLE"",""name"":""MATCH"",""number"":{""observed"":[""165""],""state"":""MATCH"",""target"":""165""},""product_object"":{""reason"":""NO_NON_CARD_OBJECT_EVIDENCE"",""state"":""SINGLE_RAW_CARD""},""raw"":""COMPATIBLE"",""set"":{""conflicts"":[],""matched"":[""prismatic evolutions""],""state"":""EXACT""},""variant"":{""conflicting_treatments"":[""ultra_rare""],""matched"":[],""parallel_terms"":[],""state"":""CONFLICT""}}",WRONG_VARIANT,index_fair_value_ebay_d2m_v2,a2ac052891df2745f2a2dde8b615a5ccbf1ef23a777eb2a0310e35aef94f6d5e,40da9c4ccbe030124d608c59673902f662e14835cc0d8c4b4fffb89231b97a7a,ece085640a013d2803b0364ddf358ef6b1390854,2026-09-12T23:20:59.787335+00:00
D2-0781,a922341e-4646-470b-95cf-2a59055b18ce,Spidops ex,Scarlet and Violet Base Set,243,special_illustration_rare,Pokémon TCG Spidops EX Scarlet & Violet Base Set Holo Card 243/198,EXACT_TARGET_MATCH,HIGH_CONFIDENCE,HIGH_CONFIDENCE,SINGLE_RAW_CARD,RAW_CONDITION_UNGRADED_UNSPECIFIED,"{""language"":""COMPATIBLE"",""name"":""MATCH"",""number"":{""observed"":[""243""],""state"":""MATCH"",""target"":""243""},""product_object"":{""reason"":""NO_NON_CARD_OBJECT_EVIDENCE"",""state"":""SINGLE_RAW_CARD""},""raw"":""COMPATIBLE"",""set"":{""conflicts"":[],""matched"":[""scarlet violet base set"",""scarlet violet base""],""state"":""ALIAS""},""variant"":{""conflicting_treatments"":[],""matched"":[],""parallel_terms"":[],""state"":""ABSENT""}}",THREE_FACTOR_IDENTITY,index_fair_value_ebay_d2m_v2,a2ac052891df2745f2a2dde8b615a5ccbf1ef23a777eb2a0310e35aef94f6d5e,40da9c4ccbe030124d608c59673902f662e14835cc0d8c4b4fffb89231b97a7a,ece085640a013d2803b0364ddf358ef6b1390854,2026-09-12T23:20:59.787335+00:00
D2-0785,a922341e-4646-470b-95cf-2a59055b18ce,Spidops ex,Scarlet and Violet Base Set,243,special_illustration_rare,Pokemon Spidops ex 243/198 SV01 Scarlet & Violet SIR Holo ENG 2023,EXACT_TARGET_MATCH,HIGH_CONFIDENCE,HIGH_CONFIDENCE,SINGLE_RAW_CARD,RAW_CONDITION_UNGRADED_UNSPECIFIED,"{""language"":""COMPATIBLE"",""name"":""MATCH"",""number"":{""observed"":[""243""],""state"":""MATCH"",""target"":""243""},""product_object"":{""reason"":""NO_NON_CARD_OBJECT_EVIDENCE"",""state"":""SINGLE_RAW_CARD""},""raw"":""COMPATIBLE"",""set"":{""conflicts"":[],""matched"":[""sv01""],""state"":""ALIAS""},""variant"":{""conflicting_treatments"":[],""matched"":[""sir""],""parallel_terms"":[],""state"":""MATCH""}}",THREE_FACTOR_IDENTITY,index_fair_value_ebay_d2m_v2,a2ac052891df2745f2a2dde8b615a5ccbf1ef23a777eb2a0310e35aef94f6d5e,40da9c4ccbe030124d608c59673902f662e14835cc0d8c4b4fffb89231b97a7a,ece085640a013d2803b0364ddf358ef6b1390854,2026-09-12T23:20:59.787335+00:00
D2-0791,a922341e-4646-470b-95cf-2a59055b18ce,Spidops ex,Scarlet and Violet Base Set,243,special_illustration_rare,Spidops ex 019/198 Double Rare Scarlet & Violet Pokemon Card NM Holo,WRONG_CARD_NUMBER,REJECTED,REJECTED,SINGLE_RAW_CARD,RAW_CONDITION_STATED_NM,"{""language"":""COMPATIBLE"",""name"":""MATCH"",""number"":{""observed"":[""19""],""state"":""CONFLICT"",""target"":""243""},""product_object"":{""reason"":""NO_NON_CARD_OBJECT_EVIDENCE"",""state"":""SINGLE_RAW_CARD""},""raw"":""COMPATIBLE"",""set"":{""conflicts"":[],""matched"":[],""state"":""ABSENT""},""variant"":{""conflicting_treatments"":[],""matched"":[],""parallel_terms"":[],""state"":""ABSENT""}}",WRONG_CARD_NUMBER,index_fair_value_ebay_d2m_v2,a2ac052891df2745f2a2dde8b615a5ccbf1ef23a777eb2a0310e35aef94f6d5e,40da9c4ccbe030124d608c59673902f662e14835cc0d8c4b4fffb89231b97a7a,ece085640a013d2803b0364ddf358ef6b1390854,2026-09-12T23:20:59.787335+00:00
D2-0792,a922341e-4646-470b-95cf-2a59055b18ce,Spidops ex,Scarlet and Violet Base Set,243,special_illustration_rare,Pokemon TCG Spidops ex 019/198 Scarlet Violet Holo LP,WRONG_CARD_NUMBER,REJECTED,REJECTED,SINGLE_RAW_CARD,RAW_CONDITION_UNGRADED_UNSPECIFIED,"{""language"":""COMPATIBLE"",""name"":""MATCH"",""number"":{""observed"":[""19""],""state"":""CONFLICT"",""target"":""243""},""product_object"":{""reason"":""NO_NON_CARD_OBJECT_EVIDENCE"",""state"":""SINGLE_RAW_CARD""},""raw"":""COMPATIBLE"",""set"":{""conflicts"":[],""matched"":[],""state"":""ABSENT""},""variant"":{""conflicting_treatments"":[],""matched"":[],""parallel_terms"":[],""state"":""ABSENT""}}",WRONG_CARD_NUMBER,index_fair_value_ebay_d2m_v2,a2ac052891df2745f2a2dde8b615a5ccbf1ef23a777eb2a0310e35aef94f6d5e,40da9c4ccbe030124d608c59673902f662e14835cc0d8c4b4fffb89231b97a7a,ece085640a013d2803b0364ddf358ef6b1390854,2026-09-12T23:20:59.787335+00:00
D2-0795,a922341e-4646-470b-95cf-2a59055b18ce,Spidops ex,Scarlet and Violet Base Set,243,special_illustration_rare,Pokemon Spidops ex 019/198 Scarlet & Violet Base Set NM,WRONG_CARD_NUMBER,REJECTED,REJECTED,SINGLE_RAW_CARD,RAW_CONDITION_STATED_NM,"{""language"":""COMPATIBLE"",""name"":""MATCH"",""number"":{""observed"":[""19""],""state"":""CONFLICT"",""target"":""243""},""product_object"":{""reason"":""NO_NON_CARD_OBJECT_EVIDENCE"",""state"":""SINGLE_RAW_CARD""},""raw"":""COMPATIBLE"",""set"":{""conflicts"":[],""matched"":[""scarlet violet base set"",""scarlet violet base""],""state"":""ALIAS""},""variant"":{""conflicting_treatments"":[],""matched"":[],""parallel_terms"":[],""state"":""ABSENT""}}",WRONG_CARD_NUMBER,index_fair_value_ebay_d2m_v2,a2ac052891df2745f2a2dde8b615a5ccbf1ef23a777eb2a0310e35aef94f6d5e,40da9c4ccbe030124d608c59673902f662e14835cc0d8c4b4fffb89231b97a7a,ece085640a013d2803b0364ddf358ef6b1390854,2026-09-12T23:20:59.787335+00:00
D2-0796,ae4a6acb-3a88-4547-a165-7a617bfb2ce8,Jolteon ex,Prismatic Evolutions,153,special_illustration_rare,Jolteon ex SIR NM 153/131 SV: Prismatic Evolutions Pokemon Card,EXACT_TARGET_MATCH,HIGH_CONFIDENCE,HIGH_CONFIDENCE,SINGLE_RAW_CARD,RAW_CONDITION_STATED_NM,"{""language"":""COMPATIBLE"",""name"":""MATCH"",""number"":{""observed"":[""153""],""state"":""MATCH"",""target"":""153""},""product_object"":{""reason"":""NO_NON_CARD_OBJECT_EVIDENCE"",""state"":""SINGLE_RAW_CARD""},""raw"":""COMPATIBLE"",""set"":{""conflicts"":[],""matched"":[""prismatic evolutions""],""state"":""EXACT""},""variant"":{""conflicting_treatments"":[],""matched"":[""sir""],""parallel_terms"":[],""state"":""MATCH""}}",THREE_FACTOR_IDENTITY,index_fair_value_ebay_d2m_v2,a2ac052891df2745f2a2dde8b615a5ccbf1ef23a777eb2a0310e35aef94f6d5e,40da9c4ccbe030124d608c59673902f662e14835cc0d8c4b4fffb89231b97a7a,ece085640a013d2803b0364ddf358ef6b1390854,2026-09-12T23:20:59.787335+00:00
D2-0805,ae4a6acb-3a88-4547-a165-7a617bfb2ce8,Jolteon ex,Prismatic Evolutions,153,special_illustration_rare,Pokemon - Jolteon ex 153/131 Prismatic Evolutions SIR PSA 10,GRADED,REJECTED,REJECTED,GRADED_CARD,GRADED,"{""product_object"":{""reason"":""GRADE_OR_SLAB_EVIDENCE"",""state"":""GRADED_CARD""}}",GRADED_CARD,index_fair_value_ebay_d2m_v2,a2ac052891df2745f2a2dde8b615a5ccbf1ef23a777eb2a0310e35aef94f6d5e,40da9c4ccbe030124d608c59673902f662e14835cc0d8c4b4fffb89231b97a7a,ece085640a013d2803b0364ddf358ef6b1390854,2026-09-12T23:20:59.787335+00:00
D2-0806,ae4a6acb-3a88-4547-a165-7a617bfb2ce8,Jolteon ex,Prismatic Evolutions,153,special_illustration_rare,Jolteon EX 153 Prismatic Evolution Pokemon Extended Artwork Case,SEALED_OR_ACCESSORY,REJECTED,REJECTED,CARD_ACCESSORY,NOT_APPLICABLE_NON_SINGLE_CARD,"{""product_object"":{""ontology_matches"":[""ART_CASE""],""reason"":""ACCESSORY_PRODUCT_CONTEXT"",""state"":""CARD_ACCESSORY""}}",CARD_ACCESSORY,index_fair_value_ebay_d2m_v2,a2ac052891df2745f2a2dde8b615a5ccbf1ef23a777eb2a0310e35aef94f6d5e,40da9c4ccbe030124d608c59673902f662e14835cc0d8c4b4fffb89231b97a7a,ece085640a013d2803b0364ddf358ef6b1390854,2026-09-12T23:20:59.787335+00:00
D2-0807,ae4a6acb-3a88-4547-a165-7a617bfb2ce8,Jolteon ex,Prismatic Evolutions,153,special_illustration_rare,Jolteon EX 153/131 Prismatic Evolutions SIR FACTORY CREASE,EXACT_TARGET_MATCH,HIGH_CONFIDENCE,HIGH_CONFIDENCE,SINGLE_RAW_CARD,RAW_CONDITION_INELIGIBLE,"{""language"":""COMPATIBLE"",""name"":""MATCH"",""number"":{""observed"":[""153""],""state"":""MATCH"",""target"":""153""},""product_object"":{""reason"":""NO_NON_CARD_OBJECT_EVIDENCE"",""state"":""SINGLE_RAW_CARD""},""raw"":""COMPATIBLE"",""set"":{""conflicts"":[],""matched"":[""prismatic evolutions""],""state"":""EXACT""},""variant"":{""conflicting_treatments"":[],""matched"":[""sir""],""parallel_terms"":[],""state"":""MATCH""}}",THREE_FACTOR_IDENTITY,index_fair_value_ebay_d2m_v2,a2ac052891df2745f2a2dde8b615a5ccbf1ef23a777eb2a0310e35aef94f6d5e,40da9c4ccbe030124d608c59673902f662e14835cc0d8c4b4fffb89231b97a7a,ece085640a013d2803b0364ddf358ef6b1390854,2026-09-12T23:20:59.787335+00:00
D2-0808,ae4a6acb-3a88-4547-a165-7a617bfb2ce8,Jolteon ex,Prismatic Evolutions,153,special_illustration_rare,2025 Pokemon Prismatic Evolutions Jolteon ex #153/131,EXACT_TARGET_MATCH,HIGH_CONFIDENCE,HIGH_CONFIDENCE,SINGLE_RAW_CARD,RAW_CONDITION_UNGRADED_UNSPECIFIED,"{""language"":""COMPATIBLE"",""name"":""MATCH"",""number"":{""observed"":[""153""],""state"":""MATCH"",""target"":""153""},""product_object"":{""reason"":""NO_NON_CARD_OBJECT_EVIDENCE"",""state"":""SINGLE_RAW_CARD""},""raw"":""COMPATIBLE"",""set"":{""conflicts"":[],""matched"":[""prismatic evolutions""],""state"":""EXACT""},""variant"":{""conflicting_treatments"":[],""matched"":[],""parallel_terms"":[],""state"":""ABSENT""}}",THREE_FACTOR_IDENTITY,index_fair_value_ebay_d2m_v2,a2ac052891df2745f2a2dde8b615a5ccbf1ef23a777eb2a0310e35aef94f6d5e,40da9c4ccbe030124d608c59673902f662e14835cc0d8c4b4fffb89231b97a7a,ece085640a013d2803b0364ddf358ef6b1390854,2026-09-12T23:20:59.787335+00:00
D2-0811,b3020b76-9ff0-449a-85b8-924878fa0e8b,Archeops,White Flare,132,illustration_rare,Archeops 132/086 Illustration Rare White Flare Pokemon Holo Near Mint,EXACT_TARGET_MATCH,HIGH_CONFIDENCE,HIGH_CONFIDENCE,SINGLE_RAW_CARD,RAW_CONDITION_STATED_NM,"{""language"":""COMPATIBLE"",""name"":""MATCH"",""number"":{""observed"":[""132""],""state"":""MATCH"",""target"":""132""},""product_object"":{""reason"":""NO_NON_CARD_OBJECT_EVIDENCE"",""state"":""SINGLE_RAW_CARD""},""raw"":""COMPATIBLE"",""set"":{""conflicts"":[],""matched"":[""white flare""],""state"":""EXACT""},""variant"":{""conflicting_treatments"":[],""matched"":[""illustration rare""],""parallel_terms"":[],""state"":""MATCH""}}",THREE_FACTOR_IDENTITY,index_fair_value_ebay_d2m_v2,a2ac052891df2745f2a2dde8b615a5ccbf1ef23a777eb2a0310e35aef94f6d5e,40da9c4ccbe030124d608c59673902f662e14835cc0d8c4b4fffb89231b97a7a,ece085640a013d2803b0364ddf358ef6b1390854,2026-09-12T23:20:59.787335+00:00
D2-0816,b3020b76-9ff0-449a-85b8-924878fa0e8b,Archeops,White Flare,132,illustration_rare,Pokemon TCG Archeops 132/086 Dark Explorers Full Art Holo Rare English 2012,EXACT_TARGET_MATCH,REJECTED,REJECTED,SINGLE_RAW_CARD,RAW_CONDITION_UNGRADED_UNSPECIFIED,"{""language"":""COMPATIBLE"",""name"":""MATCH"",""number"":{""observed"":[""132""],""state"":""MATCH"",""target"":""132""},""product_object"":{""reason"":""NO_NON_CARD_OBJECT_EVIDENCE"",""state"":""SINGLE_RAW_CARD""},""raw"":""COMPATIBLE"",""set"":{""conflicts"":[],""matched"":[],""state"":""ABSENT""},""variant"":{""conflicting_treatments"":[""ultra_rare""],""matched"":[],""parallel_terms"":[],""state"":""CONFLICT""}}",WRONG_VARIANT,index_fair_value_ebay_d2m_v2,a2ac052891df2745f2a2dde8b615a5ccbf1ef23a777eb2a0310e35aef94f6d5e,40da9c4ccbe030124d608c59673902f662e14835cc0d8c4b4fffb89231b97a7a,ece085640a013d2803b0364ddf358ef6b1390854,2026-09-12T23:20:59.787335+00:00
D2-0817,b3020b76-9ff0-449a-85b8-924878fa0e8b,Archeops,White Flare,132,illustration_rare,White Flare Pokemon Cards! Holo/Reverse Holo Rare Illustration Full Art SIR Card,EXACT_TARGET_MATCH,REJECTED,REJECTED,SINGLE_RAW_CARD,RAW_CONDITION_UNGRADED_UNSPECIFIED,"{""language"":""COMPATIBLE"",""name"":""CONFLICT"",""number"":{""observed"":[],""state"":""ABSENT"",""target"":""132""},""product_object"":{""reason"":""NO_NON_CARD_OBJECT_EVIDENCE"",""state"":""SINGLE_RAW_CARD""},""raw"":""COMPATIBLE"",""set"":{""conflicts"":[],""matched"":[""white flare""],""state"":""EXACT""},""variant"":{""conflicting_treatments"":[""special_illustration_rare"",""ultra_rare""],""matched"":[],""parallel_terms"":[""reverse holo""],""state"":""CONFLICT""}}",NAME_CONFLICT,index_fair_value_ebay_d2m_v2,a2ac052891df2745f2a2dde8b615a5ccbf1ef23a777eb2a0310e35aef94f6d5e,40da9c4ccbe030124d608c59673902f662e14835cc0d8c4b4fffb89231b97a7a,ece085640a013d2803b0364ddf358ef6b1390854,2026-09-12T23:20:59.787335+00:00
D2-0818,b3020b76-9ff0-449a-85b8-924878fa0e8b,Archeops,White Flare,132,illustration_rare,⚪Pokemon White Flare : Choose Your Card! EX/FullArt/IR/SIR llustration Rares!⚪,EXACT_TARGET_MATCH,REJECTED,REJECTED,MULTI_CARD_OFFER,NOT_APPLICABLE_NON_SINGLE_CARD,"{""product_object"":{""reason"":""SELECTABLE_OR_MULTI_CARD_CONTEXT"",""state"":""MULTI_CARD_OFFER""}}",MULTI_CARD_OFFER,index_fair_value_ebay_d2m_v2,a2ac052891df2745f2a2dde8b615a5ccbf1ef23a777eb2a0310e35aef94f6d5e,40da9c4ccbe030124d608c59673902f662e14835cc0d8c4b4fffb89231b97a7a,ece085640a013d2803b0364ddf358ef6b1390854,2026-09-12T23:20:59.787335+00:00
D2-0819,b3020b76-9ff0-449a-85b8-924878fa0e8b,Archeops,White Flare,132,illustration_rare,Archeops 140 HP Pokémon Card Ancient Wing Ability Rock Throw Move,EXACT_TARGET_MATCH,AMBIGUOUS,AMBIGUOUS,SINGLE_RAW_CARD,RAW_CONDITION_INELIGIBLE,"{""language"":""COMPATIBLE"",""name"":""MATCH"",""number"":{""observed"":[],""state"":""ABSENT"",""target"":""132""},""product_object"":{""reason"":""NO_NON_CARD_OBJECT_EVIDENCE"",""state"":""SINGLE_RAW_CARD""},""raw"":""COMPATIBLE"",""set"":{""conflicts"":[],""matched"":[],""state"":""ABSENT""},""variant"":{""conflicting_treatments"":[],""matched"":[],""parallel_terms"":[],""state"":""ABSENT""}}",INSUFFICIENT_INDEPENDENT_EVIDENCE,index_fair_value_ebay_d2m_v2,a2ac052891df2745f2a2dde8b615a5ccbf1ef23a777eb2a0310e35aef94f6d5e,40da9c4ccbe030124d608c59673902f662e14835cc0d8c4b4fffb89231b97a7a,ece085640a013d2803b0364ddf358ef6b1390854,2026-09-12T23:20:59.787335+00:00
D2-0826,b547c5c3-7082-4a7f-9290-3d569b91b462,Team Rocket's Giovanni,Destined Rivals,225,ultra_rare,Team Rocket’s Giovanni 225/182 Pokemon Destined Rivals Full Art. Pk003357,EXACT_TARGET_MATCH,HIGH_CONFIDENCE,HIGH_CONFIDENCE,SINGLE_RAW_CARD,RAW_CONDITION_UNGRADED_UNSPECIFIED,"{""language"":""COMPATIBLE"",""name"":""MATCH"",""number"":{""observed"":[""225""],""state"":""MATCH"",""target"":""225""},""product_object"":{""reason"":""NO_NON_CARD_OBJECT_EVIDENCE"",""state"":""SINGLE_RAW_CARD""},""raw"":""COMPATIBLE"",""set"":{""conflicts"":[],""matched"":[""destined rivals""],""state"":""EXACT""},""variant"":{""conflicting_treatments"":[],""matched"":[""full art""],""parallel_terms"":[],""state"":""MATCH""}}",THREE_FACTOR_IDENTITY,index_fair_value_ebay_d2m_v2,a2ac052891df2745f2a2dde8b615a5ccbf1ef23a777eb2a0310e35aef94f6d5e,40da9c4ccbe030124d608c59673902f662e14835cc0d8c4b4fffb89231b97a7a,ece085640a013d2803b0364ddf358ef6b1390854,2026-09-12T23:20:59.787335+00:00
D2-0835,b547c5c3-7082-4a7f-9290-3d569b91b462,Team Rocket's Giovanni,Destined Rivals,225,ultra_rare,Team Rocket's Giovanni 225/182 - SV10: Destined Rivals - (NM),EXACT_TARGET_MATCH,HIGH_CONFIDENCE,HIGH_CONFIDENCE,SINGLE_RAW_CARD,RAW_CONDITION_STATED_NM,"{""language"":""COMPATIBLE"",""name"":""MATCH"",""number"":{""observed"":[""225""],""state"":""MATCH"",""target"":""225""},""product_object"":{""reason"":""NO_NON_CARD_OBJECT_EVIDENCE"",""state"":""SINGLE_RAW_CARD""},""raw"":""COMPATIBLE"",""set"":{""conflicts"":[],""matched"":[""destined rivals""],""state"":""EXACT""},""variant"":{""conflicting_treatments"":[],""matched"":[],""parallel_terms"":[],""state"":""ABSENT""}}",THREE_FACTOR_IDENTITY,index_fair_value_ebay_d2m_v2,a2ac052891df2745f2a2dde8b615a5ccbf1ef23a777eb2a0310e35aef94f6d5e,40da9c4ccbe030124d608c59673902f662e14835cc0d8c4b4fffb89231b97a7a,ece085640a013d2803b0364ddf358ef6b1390854,2026-09-12T23:20:59.787335+00:00
D2-0836,b547c5c3-7082-4a7f-9290-3d569b91b462,Team Rocket's Giovanni,Destined Rivals,225,ultra_rare,Team Rocket's Giovanni 225/182 Ultra Rare Destined Rivals Pokemon Card,EXACT_TARGET_MATCH,HIGH_CONFIDENCE,HIGH_CONFIDENCE,SINGLE_RAW_CARD,RAW_CONDITION_UNGRADED_UNSPECIFIED,"{""language"":""COMPATIBLE"",""name"":""MATCH"",""number"":{""observed"":[""225""],""state"":""MATCH"",""target"":""225""},""product_object"":{""reason"":""NO_NON_CARD_OBJECT_EVIDENCE"",""state"":""SINGLE_RAW_CARD""},""raw"":""COMPATIBLE"",""set"":{""conflicts"":[],""matched"":[""destined rivals""],""state"":""EXACT""},""variant"":{""conflicting_treatments"":[],""matched"":[""ultra rare""],""parallel_terms"":[],""state"":""MATCH""}}",THREE_FACTOR_IDENTITY,index_fair_value_ebay_d2m_v2,a2ac052891df2745f2a2dde8b615a5ccbf1ef23a777eb2a0310e35aef94f6d5e,40da9c4ccbe030124d608c59673902f662e14835cc0d8c4b4fffb89231b97a7a,ece085640a013d2803b0364ddf358ef6b1390854,2026-09-12T23:20:59.787335+00:00
D2-0839,b547c5c3-7082-4a7f-9290-3d569b91b462,Team Rocket's Giovanni,Destined Rivals,225,ultra_rare,2025 POKEMON DRI EN-DESTINED RIVALS ULTRA RARE #225 TEAM ROCKET'S GIOVANNI PSA 8,GRADED,REJECTED,REJECTED,GRADED_CARD,GRADED,"{""product_object"":{""reason"":""GRADE_OR_SLAB_EVIDENCE"",""state"":""GRADED_CARD""}}",GRADED_CARD,index_fair_value_ebay_d2m_v2,a2ac052891df2745f2a2dde8b615a5ccbf1ef23a777eb2a0310e35aef94f6d5e,40da9c4ccbe030124d608c59673902f662e14835cc0d8c4b4fffb89231b97a7a,ece085640a013d2803b0364ddf358ef6b1390854,2026-09-12T23:20:59.787335+00:00
D2-0840,b547c5c3-7082-4a7f-9290-3d569b91b462,Team Rocket's Giovanni,Destined Rivals,225,ultra_rare,Team Rocket's Giovanni 225/182 UR Destined Rivals Pokemon Holofoil Near Mint,EXACT_TARGET_MATCH,HIGH_CONFIDENCE,HIGH_CONFIDENCE,SINGLE_RAW_CARD,RAW_CONDITION_STATED_NM,"{""language"":""COMPATIBLE"",""name"":""MATCH"",""number"":{""observed"":[""225""],""state"":""MATCH"",""target"":""225""},""product_object"":{""reason"":""NO_NON_CARD_OBJECT_EVIDENCE"",""state"":""SINGLE_RAW_CARD""},""raw"":""COMPATIBLE"",""set"":{""conflicts"":[],""matched"":[""destined rivals""],""state"":""EXACT""},""variant"":{""conflicting_treatments"":[],""matched"":[],""parallel_terms"":[],""state"":""ABSENT""}}",THREE_FACTOR_IDENTITY,index_fair_value_ebay_d2m_v2,a2ac052891df2745f2a2dde8b615a5ccbf1ef23a777eb2a0310e35aef94f6d5e,40da9c4ccbe030124d608c59673902f662e14835cc0d8c4b4fffb89231b97a7a,ece085640a013d2803b0364ddf358ef6b1390854,2026-09-12T23:20:59.787335+00:00
D2-0842,b620ec1c-c0ac-4e7e-919d-a7df98bcb84b,Zweilous,White Flare,147,illustration_rare,Zweilous 147/086 Sv: White Flare Holo,EXACT_TARGET_MATCH,HIGH_CONFIDENCE,HIGH_CONFIDENCE,SINGLE_RAW_CARD,RAW_CONDITION_UNGRADED_UNSPECIFIED,"{""language"":""COMPATIBLE"",""name"":""MATCH"",""number"":{""observed"":[""147""],""state"":""MATCH"",""target"":""147""},""product_object"":{""reason"":""NO_NON_CARD_OBJECT_EVIDENCE"",""state"":""SINGLE_RAW_CARD""},""raw"":""COMPATIBLE"",""set"":{""conflicts"":[],""matched"":[""white flare""],""state"":""EXACT""},""variant"":{""conflicting_treatments"":[],""matched"":[],""parallel_terms"":[],""state"":""ABSENT""}}",THREE_FACTOR_IDENTITY,index_fair_value_ebay_d2m_v2,a2ac052891df2745f2a2dde8b615a5ccbf1ef23a777eb2a0310e35aef94f6d5e,40da9c4ccbe030124d608c59673902f662e14835cc0d8c4b4fffb89231b97a7a,ece085640a013d2803b0364ddf358ef6b1390854,2026-09-12T23:20:59.787335+00:00
D2-0846,b620ec1c-c0ac-4e7e-919d-a7df98bcb84b,Zweilous,White Flare,147,illustration_rare,Zweilous 147/086 Holo,EXACT_TARGET_MATCH,AMBIGUOUS,AMBIGUOUS,SINGLE_RAW_CARD,RAW_CONDITION_UNGRADED_UNSPECIFIED,"{""language"":""COMPATIBLE"",""name"":""MATCH"",""number"":{""observed"":[""147""],""state"":""MATCH"",""target"":""147""},""product_object"":{""reason"":""NO_NON_CARD_OBJECT_EVIDENCE"",""state"":""SINGLE_RAW_CARD""},""raw"":""COMPATIBLE"",""set"":{""conflicts"":[],""matched"":[],""state"":""ABSENT""},""variant"":{""conflicting_treatments"":[],""matched"":[],""parallel_terms"":[],""state"":""ABSENT""}}",INSUFFICIENT_INDEPENDENT_EVIDENCE,index_fair_value_ebay_d2m_v2,a2ac052891df2745f2a2dde8b615a5ccbf1ef23a777eb2a0310e35aef94f6d5e,40da9c4ccbe030124d608c59673902f662e14835cc0d8c4b4fffb89231b97a7a,ece085640a013d2803b0364ddf358ef6b1390854,2026-09-12T23:20:59.787335+00:00
D2-0848,b620ec1c-c0ac-4e7e-919d-a7df98bcb84b,Zweilous,White Flare,147,illustration_rare,White Flare Pokemon Cards! Holo/Reverse Holo Rare Illustration Full Art SIR Card,EXACT_TARGET_MATCH,REJECTED,REJECTED,SINGLE_RAW_CARD,RAW_CONDITION_UNGRADED_UNSPECIFIED,"{""language"":""COMPATIBLE"",""name"":""CONFLICT"",""number"":{""observed"":[],""state"":""ABSENT"",""target"":""147""},""product_object"":{""reason"":""NO_NON_CARD_OBJECT_EVIDENCE"",""state"":""SINGLE_RAW_CARD""},""raw"":""COMPATIBLE"",""set"":{""conflicts"":[],""matched"":[""white flare""],""state"":""EXACT""},""variant"":{""conflicting_treatments"":[""special_illustration_rare"",""ultra_rare""],""matched"":[],""parallel_terms"":[""reverse holo""],""state"":""CONFLICT""}}",NAME_CONFLICT,index_fair_value_ebay_d2m_v2,a2ac052891df2745f2a2dde8b615a5ccbf1ef23a777eb2a0310e35aef94f6d5e,40da9c4ccbe030124d608c59673902f662e14835cc0d8c4b4fffb89231b97a7a,ece085640a013d2803b0364ddf358ef6b1390854,2026-09-12T23:20:59.787335+00:00
D2-0851,b620ec1c-c0ac-4e7e-919d-a7df98bcb84b,Zweilous,White Flare,147,illustration_rare,Zweilous 147/086 Holo Illustration Rare White Flare Pokemon English NM,EXACT_TARGET_MATCH,HIGH_CONFIDENCE,HIGH_CONFIDENCE,SINGLE_RAW_CARD,RAW_CONDITION_STATED_NM,"{""language"":""COMPATIBLE"",""name"":""MATCH"",""number"":{""observed"":[""147""],""state"":""MATCH"",""target"":""147""},""product_object"":{""reason"":""NO_NON_CARD_OBJECT_EVIDENCE"",""state"":""SINGLE_RAW_CARD""},""raw"":""COMPATIBLE"",""set"":{""conflicts"":[],""matched"":[""white flare""],""state"":""EXACT""},""variant"":{""conflicting_treatments"":[],""matched"":[""illustration rare""],""parallel_terms"":[],""state"":""MATCH""}}",THREE_FACTOR_IDENTITY,index_fair_value_ebay_d2m_v2,a2ac052891df2745f2a2dde8b615a5ccbf1ef23a777eb2a0310e35aef94f6d5e,40da9c4ccbe030124d608c59673902f662e14835cc0d8c4b4fffb89231b97a7a,ece085640a013d2803b0364ddf358ef6b1390854,2026-09-12T23:20:59.787335+00:00
D2-0852,b620ec1c-c0ac-4e7e-919d-a7df98bcb84b,Zweilous,White Flare,147,illustration_rare,Zweilous Holo 147/086 SV: White Flare Illustration Rare NM,EXACT_TARGET_MATCH,HIGH_CONFIDENCE,HIGH_CONFIDENCE,SINGLE_RAW_CARD,RAW_CONDITION_STATED_NM,"{""language"":""COMPATIBLE"",""name"":""MATCH"",""number"":{""observed"":[""147""],""state"":""MATCH"",""target"":""147""},""product_object"":{""reason"":""NO_NON_CARD_OBJECT_EVIDENCE"",""state"":""SINGLE_RAW_CARD""},""raw"":""COMPATIBLE"",""set"":{""conflicts"":[],""matched"":[""white flare""],""state"":""EXACT""},""variant"":{""conflicting_treatments"":[],""matched"":[""illustration rare""],""parallel_terms"":[],""state"":""MATCH""}}",THREE_FACTOR_IDENTITY,index_fair_value_ebay_d2m_v2,a2ac052891df2745f2a2dde8b615a5ccbf1ef23a777eb2a0310e35aef94f6d5e,40da9c4ccbe030124d608c59673902f662e14835cc0d8c4b4fffb89231b97a7a,ece085640a013d2803b0364ddf358ef6b1390854,2026-09-12T23:20:59.787335+00:00
D2-0859,b801a524-e703-4f4c-ad99-1ec742cf30ec,Bianca's Devotion,Temporal Forces,209,special_illustration_rare,Bianca's Devotion 209/162 ,EXACT_TARGET_MATCH,AMBIGUOUS,AMBIGUOUS,SINGLE_RAW_CARD,RAW_CONDITION_UNGRADED_UNSPECIFIED,"{""language"":""COMPATIBLE"",""name"":""MATCH"",""number"":{""observed"":[""209""],""state"":""MATCH"",""target"":""209""},""product_object"":{""reason"":""NO_NON_CARD_OBJECT_EVIDENCE"",""state"":""SINGLE_RAW_CARD""},""raw"":""COMPATIBLE"",""set"":{""conflicts"":[],""matched"":[],""state"":""ABSENT""},""variant"":{""conflicting_treatments"":[],""matched"":[],""parallel_terms"":[],""state"":""ABSENT""}}",INSUFFICIENT_INDEPENDENT_EVIDENCE,index_fair_value_ebay_d2m_v2,a2ac052891df2745f2a2dde8b615a5ccbf1ef23a777eb2a0310e35aef94f6d5e,40da9c4ccbe030124d608c59673902f662e14835cc0d8c4b4fffb89231b97a7a,ece085640a013d2803b0364ddf358ef6b1390854,2026-09-12T23:20:59.787335+00:00
D2-0860,b801a524-e703-4f4c-ad99-1ec742cf30ec,Bianca's Devotion,Temporal Forces,209,special_illustration_rare,Bianca's Devotion - 209/162 - Special Illustration Rare - NM/LP- Pokemon TCG,EXACT_TARGET_MATCH,HIGH_CONFIDENCE,HIGH_CONFIDENCE,SINGLE_RAW_CARD,RAW_CONDITION_STATED_NM,"{""language"":""COMPATIBLE"",""name"":""MATCH"",""number"":{""observed"":[""209""],""state"":""MATCH"",""target"":""209""},""product_object"":{""reason"":""NO_NON_CARD_OBJECT_EVIDENCE"",""state"":""SINGLE_RAW_CARD""},""raw"":""COMPATIBLE"",""set"":{""conflicts"":[],""matched"":[],""state"":""ABSENT""},""variant"":{""conflicting_treatments"":[""illustration_rare""],""matched"":[""special illustration rare""],""parallel_terms"":[],""state"":""MATCH""}}",NAME_NUMBER_VARIANT_IDENTITY,index_fair_value_ebay_d2m_v2,a2ac052891df2745f2a2dde8b615a5ccbf1ef23a777eb2a0310e35aef94f6d5e,40da9c4ccbe030124d608c59673902f662e14835cc0d8c4b4fffb89231b97a7a,ece085640a013d2803b0364ddf358ef6b1390854,2026-09-12T23:20:59.787335+00:00
D2-0864,b801a524-e703-4f4c-ad99-1ec742cf30ec,Bianca's Devotion,Temporal Forces,209,special_illustration_rare,Bianca’s Devotion ,GRADED,REJECTED,REJECTED,GRADED_CARD,GRADED,"{""product_object"":{""reason"":""GRADE_OR_SLAB_EVIDENCE"",""state"":""GRADED_CARD""}}",GRADED_CARD,index_fair_value_ebay_d2m_v2,a2ac052891df2745f2a2dde8b615a5ccbf1ef23a777eb2a0310e35aef94f6d5e,40da9c4ccbe030124d608c59673902f662e14835cc0d8c4b4fffb89231b97a7a,ece085640a013d2803b0364ddf358ef6b1390854,2026-09-12T23:20:59.787335+00:00
D2-0866,b801a524-e703-4f4c-ad99-1ec742cf30ec,Bianca's Devotion,Temporal Forces,209,special_illustration_rare,Pokémon Japanese Bianca’s Devotion Trainer Full Art Temporal Forces 209/162 SIR,WRONG_LANGUAGE,REJECTED,REJECTED,SINGLE_RAW_CARD,RAW_CONDITION_UNGRADED_UNSPECIFIED,"{""language"":""CONFLICT"",""name"":""MATCH"",""number"":{""observed"":[""209""],""state"":""MATCH"",""target"":""209""},""product_object"":{""reason"":""NO_NON_CARD_OBJECT_EVIDENCE"",""state"":""SINGLE_RAW_CARD""},""raw"":""COMPATIBLE"",""set"":{""conflicts"":[],""matched"":[""temporal forces""],""state"":""EXACT""},""variant"":{""conflicting_treatments"":[""ultra_rare""],""matched"":[""sir""],""parallel_terms"":[],""state"":""MATCH""}}",WRONG_LANGUAGE,index_fair_value_ebay_d2m_v2,a2ac052891df2745f2a2dde8b615a5ccbf1ef23a777eb2a0310e35aef94f6d5e,40da9c4ccbe030124d608c59673902f662e14835cc0d8c4b4fffb89231b97a7a,ece085640a013d2803b0364ddf358ef6b1390854,2026-09-12T23:20:59.787335+00:00
D2-0868,b801a524-e703-4f4c-ad99-1ec742cf30ec,Bianca's Devotion,Temporal Forces,209,special_illustration_rare,CGC Mint 9 Bianca's Devotion 209/162 Pokémon Scarlet & Violet Temporal Forces,GRADED,REJECTED,REJECTED,GRADED_CARD,GRADED,"{""product_object"":{""reason"":""GRADE_OR_SLAB_EVIDENCE"",""state"":""GRADED_CARD""}}",GRADED_CARD,index_fair_value_ebay_d2m_v2,a2ac052891df2745f2a2dde8b615a5ccbf1ef23a777eb2a0310e35aef94f6d5e,40da9c4ccbe030124d608c59673902f662e14835cc0d8c4b4fffb89231b97a7a,ece085640a013d2803b0364ddf358ef6b1390854,2026-09-12T23:20:59.787335+00:00
D2-0871,bf928dd7-24bc-4e16-bb5e-afb8122c3241,Fidough,Scarlet and Violet Base Set,213,illustration_rare,Fidough Holo Scarlet & Violet Base Set 213/198 Illustration Rare NM Pokemon,EXACT_TARGET_MATCH,HIGH_CONFIDENCE,HIGH_CONFIDENCE,SINGLE_RAW_CARD,RAW_CONDITION_STATED_NM,"{""language"":""COMPATIBLE"",""name"":""MATCH"",""number"":{""observed"":[""213""],""state"":""MATCH"",""target"":""213""},""product_object"":{""reason"":""NO_NON_CARD_OBJECT_EVIDENCE"",""state"":""SINGLE_RAW_CARD""},""raw"":""COMPATIBLE"",""set"":{""conflicts"":[],""matched"":[""scarlet violet base set"",""scarlet violet base""],""state"":""ALIAS""},""variant"":{""conflicting_treatments"":[],""matched"":[""illustration rare""],""parallel_terms"":[],""state"":""MATCH""}}",THREE_FACTOR_IDENTITY,index_fair_value_ebay_d2m_v2,a2ac052891df2745f2a2dde8b615a5ccbf1ef23a777eb2a0310e35aef94f6d5e,40da9c4ccbe030124d608c59673902f662e14835cc0d8c4b4fffb89231b97a7a,ece085640a013d2803b0364ddf358ef6b1390854,2026-09-12T23:20:59.787335+00:00
D2-0872,bf928dd7-24bc-4e16-bb5e-afb8122c3241,Fidough,Scarlet and Violet Base Set,213,illustration_rare,Fidough 213/198 Scarlet & Violet Base Set Holofoil,EXACT_TARGET_MATCH,HIGH_CONFIDENCE,HIGH_CONFIDENCE,SINGLE_RAW_CARD,RAW_CONDITION_UNGRADED_UNSPECIFIED,"{""language"":""COMPATIBLE"",""name"":""MATCH"",""number"":{""observed"":[""213""],""state"":""MATCH"",""target"":""213""},""product_object"":{""reason"":""NO_NON_CARD_OBJECT_EVIDENCE"",""state"":""SINGLE_RAW_CARD""},""raw"":""COMPATIBLE"",""set"":{""conflicts"":[],""matched"":[""scarlet violet base set"",""scarlet violet base""],""state"":""ALIAS""},""variant"":{""conflicting_treatments"":[],""matched"":[],""parallel_terms"":[],""state"":""ABSENT""}}",THREE_FACTOR_IDENTITY,index_fair_value_ebay_d2m_v2,a2ac052891df2745f2a2dde8b615a5ccbf1ef23a777eb2a0310e35aef94f6d5e,40da9c4ccbe030124d608c59673902f662e14835cc0d8c4b4fffb89231b97a7a,ece085640a013d2803b0364ddf358ef6b1390854,2026-09-12T23:20:59.787335+00:00
D2-0878,bf928dd7-24bc-4e16-bb5e-afb8122c3241,Fidough,Scarlet and Violet Base Set,213,illustration_rare,Fidough Reverse Holo - 097/198 - Scarlet & Violet Base Pokemon 2023,WRONG_CARD_NUMBER,REJECTED,REJECTED,SINGLE_RAW_CARD,RAW_CONDITION_UNGRADED_UNSPECIFIED,"{""language"":""COMPATIBLE"",""name"":""MATCH"",""number"":{""observed"":[""97""],""state"":""CONFLICT"",""target"":""213""},""product_object"":{""reason"":""NO_NON_CARD_OBJECT_EVIDENCE"",""state"":""SINGLE_RAW_CARD""},""raw"":""COMPATIBLE"",""set"":{""conflicts"":[],""matched"":[""scarlet violet base""],""state"":""ALIAS""},""variant"":{""conflicting_treatments"":[],""matched"":[],""parallel_terms"":[""reverse holo""],""state"":""CONFLICT""}}",WRONG_CARD_NUMBER,index_fair_value_ebay_d2m_v2,a2ac052891df2745f2a2dde8b615a5ccbf1ef23a777eb2a0310e35aef94f6d5e,40da9c4ccbe030124d608c59673902f662e14835cc0d8c4b4fffb89231b97a7a,ece085640a013d2803b0364ddf358ef6b1390854,2026-09-12T23:20:59.787335+00:00
D2-0883,bf928dd7-24bc-4e16-bb5e-afb8122c3241,Fidough,Scarlet and Violet Base Set,213,illustration_rare,Fidough 213/198 Scarlet & Violet Illustration Rare Magnetic 🧲 Extended Art Case,SEALED_OR_ACCESSORY,REJECTED,REJECTED,CARD_ACCESSORY,NOT_APPLICABLE_NON_SINGLE_CARD,"{""product_object"":{""ontology_matches"":[""ART_CASE""],""reason"":""ACCESSORY_PRODUCT_CONTEXT"",""state"":""CARD_ACCESSORY""}}",CARD_ACCESSORY,index_fair_value_ebay_d2m_v2,a2ac052891df2745f2a2dde8b615a5ccbf1ef23a777eb2a0310e35aef94f6d5e,40da9c4ccbe030124d608c59673902f662e14835cc0d8c4b4fffb89231b97a7a,ece085640a013d2803b0364ddf358ef6b1390854,2026-09-12T23:20:59.787335+00:00
D2-0884,bf928dd7-24bc-4e16-bb5e-afb8122c3241,Fidough,Scarlet and Violet Base Set,213,illustration_rare,Fidough - 097/198 - Scarlet & Violet Base Pokemon 2023,WRONG_CARD_NUMBER,REJECTED,REJECTED,SINGLE_RAW_CARD,RAW_CONDITION_UNGRADED_UNSPECIFIED,"{""language"":""COMPATIBLE"",""name"":""MATCH"",""number"":{""observed"":[""97""],""state"":""CONFLICT"",""target"":""213""},""product_object"":{""reason"":""NO_NON_CARD_OBJECT_EVIDENCE"",""state"":""SINGLE_RAW_CARD""},""raw"":""COMPATIBLE"",""set"":{""conflicts"":[],""matched"":[""scarlet violet base""],""state"":""ALIAS""},""variant"":{""conflicting_treatments"":[],""matched"":[],""parallel_terms"":[],""state"":""ABSENT""}}",WRONG_CARD_NUMBER,index_fair_value_ebay_d2m_v2,a2ac052891df2745f2a2dde8b615a5ccbf1ef23a777eb2a0310e35aef94f6d5e,40da9c4ccbe030124d608c59673902f662e14835cc0d8c4b4fffb89231b97a7a,ece085640a013d2803b0364ddf358ef6b1390854,2026-09-12T23:20:59.787335+00:00
D2-0888,c7e36a14-236f-4b93-a4a8-a4be2ddc7193,Mega Lucario ex,Mega Evolution,179,special_illustration_rare,Mega Lucario EX #179/132 NM/M Mega Evolution Pokemon Card,EXACT_TARGET_MATCH,HIGH_CONFIDENCE,HIGH_CONFIDENCE,SINGLE_RAW_CARD,RAW_CONDITION_STATED_NM,"{""language"":""COMPATIBLE"",""name"":""MATCH"",""number"":{""observed"":[""179""],""state"":""MATCH"",""target"":""179""},""product_object"":{""reason"":""NO_NON_CARD_OBJECT_EVIDENCE"",""state"":""SINGLE_RAW_CARD""},""raw"":""COMPATIBLE"",""set"":{""conflicts"":[],""matched"":[""mega evolution""],""state"":""EXACT""},""variant"":{""conflicting_treatments"":[],""matched"":[],""parallel_terms"":[],""state"":""ABSENT""}}",THREE_FACTOR_IDENTITY,index_fair_value_ebay_d2m_v2,a2ac052891df2745f2a2dde8b615a5ccbf1ef23a777eb2a0310e35aef94f6d5e,40da9c4ccbe030124d608c59673902f662e14835cc0d8c4b4fffb89231b97a7a,ece085640a013d2803b0364ddf358ef6b1390854,2026-09-12T23:20:59.787335+00:00
D2-0892,c7e36a14-236f-4b93-a4a8-a4be2ddc7193,Mega Lucario ex,Mega Evolution,179,special_illustration_rare,Mega Lucario ex MEP 033 - NM Pokemon Mega Evolution Holo Promo Attack Rare,WRONG_CARD_NUMBER,AMBIGUOUS,AMBIGUOUS,SINGLE_RAW_CARD,RAW_CONDITION_STATED_NM,"{""language"":""COMPATIBLE"",""name"":""MATCH"",""number"":{""observed"":[],""state"":""ABSENT"",""target"":""179""},""product_object"":{""reason"":""NO_NON_CARD_OBJECT_EVIDENCE"",""state"":""SINGLE_RAW_CARD""},""raw"":""COMPATIBLE"",""set"":{""conflicts"":[],""matched"":[""mega evolution""],""state"":""EXACT""},""variant"":{""conflicting_treatments"":[],""matched"":[],""parallel_terms"":[],""state"":""ABSENT""}}",INSUFFICIENT_INDEPENDENT_EVIDENCE,index_fair_value_ebay_d2m_v2,a2ac052891df2745f2a2dde8b615a5ccbf1ef23a777eb2a0310e35aef94f6d5e,40da9c4ccbe030124d608c59673902f662e14835cc0d8c4b4fffb89231b97a7a,ece085640a013d2803b0364ddf358ef6b1390854,2026-09-12T23:20:59.787335+00:00
D2-0894,c7e36a14-236f-4b93-a4a8-a4be2ddc7193,Mega Lucario ex,Mega Evolution,179,special_illustration_rare,Pokemon TCG Mega Lucario EX 033 Mega Evolution Promo Holo,WRONG_CARD_NUMBER,AMBIGUOUS,AMBIGUOUS,SINGLE_RAW_CARD,RAW_CONDITION_UNGRADED_UNSPECIFIED,"{""language"":""COMPATIBLE"",""name"":""MATCH"",""number"":{""observed"":[],""state"":""ABSENT"",""target"":""179""},""product_object"":{""reason"":""NO_NON_CARD_OBJECT_EVIDENCE"",""state"":""SINGLE_RAW_CARD""},""raw"":""COMPATIBLE"",""set"":{""conflicts"":[],""matched"":[""mega evolution""],""state"":""EXACT""},""variant"":{""conflicting_treatments"":[],""matched"":[],""parallel_terms"":[],""state"":""ABSENT""}}",INSUFFICIENT_INDEPENDENT_EVIDENCE,index_fair_value_ebay_d2m_v2,a2ac052891df2745f2a2dde8b615a5ccbf1ef23a777eb2a0310e35aef94f6d5e,40da9c4ccbe030124d608c59673902f662e14835cc0d8c4b4fffb89231b97a7a,ece085640a013d2803b0364ddf358ef6b1390854,2026-09-12T23:20:59.787335+00:00
D2-0895,c7e36a14-236f-4b93-a4a8-a4be2ddc7193,Mega Lucario ex,Mega Evolution,179,special_illustration_rare,Mega Evolution Pokémon Cards! Holo/Reverse Holo EX SIR Illustration Rare Card!,EXACT_TARGET_MATCH,REJECTED,REJECTED,SINGLE_RAW_CARD,RAW_CONDITION_UNGRADED_UNSPECIFIED,"{""language"":""COMPATIBLE"",""name"":""CONFLICT"",""number"":{""observed"":[],""state"":""ABSENT"",""target"":""179""},""product_object"":{""reason"":""NO_NON_CARD_OBJECT_EVIDENCE"",""state"":""SINGLE_RAW_CARD""},""raw"":""COMPATIBLE"",""set"":{""conflicts"":[],""matched"":[""mega evolution""],""state"":""EXACT""},""variant"":{""conflicting_treatments"":[""illustration_rare""],""matched"":[""sir""],""parallel_terms"":[""reverse holo""],""state"":""CONFLICT""}}",NAME_CONFLICT,index_fair_value_ebay_d2m_v2,a2ac052891df2745f2a2dde8b615a5ccbf1ef23a777eb2a0310e35aef94f6d5e,40da9c4ccbe030124d608c59673902f662e14835cc0d8c4b4fffb89231b97a7a,ece085640a013d2803b0364ddf358ef6b1390854,2026-09-12T23:20:59.787335+00:00
D2-0899,c7e36a14-236f-4b93-a4a8-a4be2ddc7193,Mega Lucario ex,Mega Evolution,179,special_illustration_rare,2025 POKEMON MEGA EVOLUTION SPECIAL ILLUSTRATION RARE MEGA LUCARIO EX PSA 10,GRADED,REJECTED,REJECTED,GRADED_CARD,GRADED,"{""product_object"":{""reason"":""GRADE_OR_SLAB_EVIDENCE"",""state"":""GRADED_CARD""}}",GRADED_CARD,index_fair_value_ebay_d2m_v2,a2ac052891df2745f2a2dde8b615a5ccbf1ef23a777eb2a0310e35aef94f6d5e,40da9c4ccbe030124d608c59673902f662e14835cc0d8c4b4fffb89231b97a7a,ece085640a013d2803b0364ddf358ef6b1390854,2026-09-12T23:20:59.787335+00:00
D2-0904,cc59d868-d0e5-4557-9423-3f9b7c9d2591,Team Rocket's Giovanni,Destined Rivals,238,special_illustration_rare,Team Rocket’s Giovanni DRI SIR 238/182 ⭐️⭐️⭐️,EXACT_TARGET_MATCH,HIGH_CONFIDENCE,HIGH_CONFIDENCE,SINGLE_RAW_CARD,RAW_CONDITION_UNGRADED_UNSPECIFIED,"{""language"":""COMPATIBLE"",""name"":""MATCH"",""number"":{""observed"":[""238""],""state"":""MATCH"",""target"":""238""},""product_object"":{""reason"":""NO_NON_CARD_OBJECT_EVIDENCE"",""state"":""SINGLE_RAW_CARD""},""raw"":""COMPATIBLE"",""set"":{""conflicts"":[],""matched"":[""dri""],""state"":""ALIAS""},""variant"":{""conflicting_treatments"":[],""matched"":[""sir""],""parallel_terms"":[],""state"":""MATCH""}}",THREE_FACTOR_IDENTITY,index_fair_value_ebay_d2m_v2,a2ac052891df2745f2a2dde8b615a5ccbf1ef23a777eb2a0310e35aef94f6d5e,40da9c4ccbe030124d608c59673902f662e14835cc0d8c4b4fffb89231b97a7a,ece085640a013d2803b0364ddf358ef6b1390854,2026-09-12T23:20:59.787335+00:00
D2-0906,cc59d868-d0e5-4557-9423-3f9b7c9d2591,Team Rocket's Giovanni,Destined Rivals,238,special_illustration_rare,Pokemon Cards! Destined Rivals Holo/Reverse Holo EX Ultra Rare SIR Full Art Card,EXACT_TARGET_MATCH,REJECTED,REJECTED,SINGLE_RAW_CARD,RAW_CONDITION_UNGRADED_UNSPECIFIED,"{""language"":""COMPATIBLE"",""name"":""CONFLICT"",""number"":{""observed"":[],""state"":""ABSENT"",""target"":""238""},""product_object"":{""reason"":""NO_NON_CARD_OBJECT_EVIDENCE"",""state"":""SINGLE_RAW_CARD""},""raw"":""COMPATIBLE"",""set"":{""conflicts"":[],""matched"":[""destined rivals""],""state"":""EXACT""},""variant"":{""conflicting_treatments"":[""ultra_rare""],""matched"":[""sir""],""parallel_terms"":[""reverse holo""],""state"":""CONFLICT""}}",NAME_CONFLICT,index_fair_value_ebay_d2m_v2,a2ac052891df2745f2a2dde8b615a5ccbf1ef23a777eb2a0310e35aef94f6d5e,40da9c4ccbe030124d608c59673902f662e14835cc0d8c4b4fffb89231b97a7a,ece085640a013d2803b0364ddf358ef6b1390854,2026-09-12T23:20:59.787335+00:00
D2-0909,cc59d868-d0e5-4557-9423-3f9b7c9d2591,Team Rocket's Giovanni,Destined Rivals,238,special_illustration_rare,Pokemon Team Rocket's Giovanni 238/182 Destined Rival Extended Art Case,SEALED_OR_ACCESSORY,REJECTED,REJECTED,CARD_ACCESSORY,NOT_APPLICABLE_NON_SINGLE_CARD,"{""product_object"":{""ontology_matches"":[""ART_CASE""],""reason"":""ACCESSORY_PRODUCT_CONTEXT"",""state"":""CARD_ACCESSORY""}}",CARD_ACCESSORY,index_fair_value_ebay_d2m_v2,a2ac052891df2745f2a2dde8b615a5ccbf1ef23a777eb2a0310e35aef94f6d5e,40da9c4ccbe030124d608c59673902f662e14835cc0d8c4b4fffb89231b97a7a,ece085640a013d2803b0364ddf358ef6b1390854,2026-09-12T23:20:59.787335+00:00
D2-0911,cc59d868-d0e5-4557-9423-3f9b7c9d2591,Team Rocket's Giovanni,Destined Rivals,238,special_illustration_rare,Team Rocket’s Giovanni 238/182 Destined Rivals Special Illustration Rare,EXACT_TARGET_MATCH,HIGH_CONFIDENCE,HIGH_CONFIDENCE,SINGLE_RAW_CARD,RAW_CONDITION_UNGRADED_UNSPECIFIED,"{""language"":""COMPATIBLE"",""name"":""MATCH"",""number"":{""observed"":[""238""],""state"":""MATCH"",""target"":""238""},""product_object"":{""reason"":""NO_NON_CARD_OBJECT_EVIDENCE"",""state"":""SINGLE_RAW_CARD""},""raw"":""COMPATIBLE"",""set"":{""conflicts"":[],""matched"":[""destined rivals""],""state"":""EXACT""},""variant"":{""conflicting_treatments"":[""illustration_rare""],""matched"":[""special illustration rare""],""parallel_terms"":[],""state"":""MATCH""}}",THREE_FACTOR_IDENTITY,index_fair_value_ebay_d2m_v2,a2ac052891df2745f2a2dde8b615a5ccbf1ef23a777eb2a0310e35aef94f6d5e,40da9c4ccbe030124d608c59673902f662e14835cc0d8c4b4fffb89231b97a7a,ece085640a013d2803b0364ddf358ef6b1390854,2026-09-12T23:20:59.787335+00:00
D2-0914,cc59d868-d0e5-4557-9423-3f9b7c9d2591,Team Rocket's Giovanni,Destined Rivals,238,special_illustration_rare,Pokemon TCG Team Rocket's Giovanni 238/182 SV10 Destined Rivals Full Art Holo UR,EXACT_TARGET_MATCH,REJECTED,REJECTED,SINGLE_RAW_CARD,RAW_CONDITION_UNGRADED_UNSPECIFIED,"{""language"":""COMPATIBLE"",""name"":""MATCH"",""number"":{""observed"":[""238""],""state"":""MATCH"",""target"":""238""},""product_object"":{""reason"":""NO_NON_CARD_OBJECT_EVIDENCE"",""state"":""SINGLE_RAW_CARD""},""raw"":""COMPATIBLE"",""set"":{""conflicts"":[],""matched"":[""destined rivals""],""state"":""EXACT""},""variant"":{""conflicting_treatments"":[""ultra_rare""],""matched"":[],""parallel_terms"":[],""state"":""CONFLICT""}}",WRONG_VARIANT,index_fair_value_ebay_d2m_v2,a2ac052891df2745f2a2dde8b615a5ccbf1ef23a777eb2a0310e35aef94f6d5e,40da9c4ccbe030124d608c59673902f662e14835cc0d8c4b4fffb89231b97a7a,ece085640a013d2803b0364ddf358ef6b1390854,2026-09-12T23:20:59.787335+00:00
D2-0916,cdfc0223-40ef-4e4b-a9f2-3a809ae1c3df,Flareon,Scarlet and Violet 151,136,rare,Holo Flareon 136/165 Rare Scarlet and Violet 151 Pokemon TCG,EXACT_TARGET_MATCH,AMBIGUOUS,AMBIGUOUS,SINGLE_RAW_CARD,RAW_CONDITION_UNGRADED_UNSPECIFIED,"{""language"":""COMPATIBLE"",""name"":""MATCH"",""number"":{""observed"":[""136""],""state"":""MATCH"",""target"":""136""},""product_object"":{""reason"":""NO_NON_CARD_OBJECT_EVIDENCE"",""state"":""SINGLE_RAW_CARD""},""raw"":""COMPATIBLE"",""set"":{""conflicts"":[],""matched"":[],""state"":""ABSENT""},""variant"":{""conflicting_treatments"":[],""matched"":[],""parallel_terms"":[],""state"":""UNRESOLVED""}}",INSUFFICIENT_INDEPENDENT_EVIDENCE,index_fair_value_ebay_d2m_v2,a2ac052891df2745f2a2dde8b615a5ccbf1ef23a777eb2a0310e35aef94f6d5e,40da9c4ccbe030124d608c59673902f662e14835cc0d8c4b4fffb89231b97a7a,ece085640a013d2803b0364ddf358ef6b1390854,2026-09-12T23:20:59.787335+00:00
D2-0917,cdfc0223-40ef-4e4b-a9f2-3a809ae1c3df,Flareon,Scarlet and Violet 151,136,rare,Flareon - Pokemon 151 -  136/165 - Holo Rare - Scarlet and Violet,EXACT_TARGET_MATCH,AMBIGUOUS,AMBIGUOUS,SINGLE_RAW_CARD,RAW_CONDITION_UNGRADED_UNSPECIFIED,"{""language"":""COMPATIBLE"",""name"":""MATCH"",""number"":{""observed"":[""136""],""state"":""MATCH"",""target"":""136""},""product_object"":{""reason"":""NO_NON_CARD_OBJECT_EVIDENCE"",""state"":""SINGLE_RAW_CARD""},""raw"":""COMPATIBLE"",""set"":{""conflicts"":[],""matched"":[],""state"":""ABSENT""},""variant"":{""conflicting_treatments"":[],""matched"":[],""parallel_terms"":[],""state"":""UNRESOLVED""}}",INSUFFICIENT_INDEPENDENT_EVIDENCE,index_fair_value_ebay_d2m_v2,a2ac052891df2745f2a2dde8b615a5ccbf1ef23a777eb2a0310e35aef94f6d5e,40da9c4ccbe030124d608c59673902f662e14835cc0d8c4b4fffb89231b97a7a,ece085640a013d2803b0364ddf358ef6b1390854,2026-09-12T23:20:59.787335+00:00
D2-0919,cdfc0223-40ef-4e4b-a9f2-3a809ae1c3df,Flareon,Scarlet and Violet 151,136,rare,Pokemon S&V 151: Choose Your Cards and Save 40% ! - Reverse Holo and Up - NM,EXACT_TARGET_MATCH,REJECTED,REJECTED,SINGLE_RAW_CARD,RAW_CONDITION_STATED_NM,"{""language"":""COMPATIBLE"",""name"":""CONFLICT"",""number"":{""observed"":[],""state"":""ABSENT"",""target"":""136""},""product_object"":{""reason"":""NO_NON_CARD_OBJECT_EVIDENCE"",""state"":""SINGLE_RAW_CARD""},""raw"":""COMPATIBLE"",""set"":{""conflicts"":[],""matched"":[],""state"":""ABSENT""},""variant"":{""conflicting_treatments"":[],""matched"":[],""parallel_terms"":[""reverse holo""],""state"":""CONFLICT""}}",NAME_CONFLICT,index_fair_value_ebay_d2m_v2,a2ac052891df2745f2a2dde8b615a5ccbf1ef23a777eb2a0310e35aef94f6d5e,40da9c4ccbe030124d608c59673902f662e14835cc0d8c4b4fffb89231b97a7a,ece085640a013d2803b0364ddf358ef6b1390854,2026-09-12T23:20:59.787335+00:00
D2-0922,cdfc0223-40ef-4e4b-a9f2-3a809ae1c3df,Flareon,Scarlet and Violet 151,136,rare,POKEMON 151 #136 FLAREON - PSA 9 -2023 MEW EN SCARLET VIOLET ENGLISH CARD,GRADED,REJECTED,REJECTED,GRADED_CARD,GRADED,"{""product_object"":{""reason"":""GRADE_OR_SLAB_EVIDENCE"",""state"":""GRADED_CARD""}}",GRADED_CARD,index_fair_value_ebay_d2m_v2,a2ac052891df2745f2a2dde8b615a5ccbf1ef23a777eb2a0310e35aef94f6d5e,40da9c4ccbe030124d608c59673902f662e14835cc0d8c4b4fffb89231b97a7a,ece085640a013d2803b0364ddf358ef6b1390854,2026-09-12T23:20:59.787335+00:00
D2-0930,cdfc0223-40ef-4e4b-a9f2-3a809ae1c3df,Flareon,Scarlet and Violet 151,136,rare,FLAREON 136/165 SCARLET AND VIOLET 151 POKEMON TCG,EXACT_TARGET_MATCH,AMBIGUOUS,AMBIGUOUS,SINGLE_RAW_CARD,RAW_CONDITION_UNGRADED_UNSPECIFIED,"{""language"":""COMPATIBLE"",""name"":""MATCH"",""number"":{""observed"":[""136""],""state"":""MATCH"",""target"":""136""},""product_object"":{""reason"":""NO_NON_CARD_OBJECT_EVIDENCE"",""state"":""SINGLE_RAW_CARD""},""raw"":""COMPATIBLE"",""set"":{""conflicts"":[],""matched"":[],""state"":""ABSENT""},""variant"":{""conflicting_treatments"":[],""matched"":[],""parallel_terms"":[],""state"":""UNRESOLVED""}}",INSUFFICIENT_INDEPENDENT_EVIDENCE,index_fair_value_ebay_d2m_v2,a2ac052891df2745f2a2dde8b615a5ccbf1ef23a777eb2a0310e35aef94f6d5e,40da9c4ccbe030124d608c59673902f662e14835cc0d8c4b4fffb89231b97a7a,ece085640a013d2803b0364ddf358ef6b1390854,2026-09-12T23:20:59.787335+00:00
D2-0935,d09b2fb5-41b6-4d1e-88cf-629402434501,Roaring Moon ex,Prismatic Evolutions,162,special_illustration_rare,2025 PSA MINT 9 Pokemon Prismatic 162/131 Ancient Roaring Moon ex Card #62853B,GRADED,REJECTED,REJECTED,GRADED_CARD,GRADED,"{""product_object"":{""reason"":""GRADE_OR_SLAB_EVIDENCE"",""state"":""GRADED_CARD""}}",GRADED_CARD,index_fair_value_ebay_d2m_v2,a2ac052891df2745f2a2dde8b615a5ccbf1ef23a777eb2a0310e35aef94f6d5e,40da9c4ccbe030124d608c59673902f662e14835cc0d8c4b4fffb89231b97a7a,ece085640a013d2803b0364ddf358ef6b1390854,2026-09-12T23:20:59.787335+00:00
D2-0936,d09b2fb5-41b6-4d1e-88cf-629402434501,Roaring Moon ex,Prismatic Evolutions,162,special_illustration_rare,Pokémon Roaring Moon ex Special Illustration Rare 162/131 Sv Prismatic ,EXACT_TARGET_MATCH,HIGH_CONFIDENCE,HIGH_CONFIDENCE,SINGLE_RAW_CARD,RAW_CONDITION_UNGRADED_UNSPECIFIED,"{""language"":""COMPATIBLE"",""name"":""MATCH"",""number"":{""observed"":[""162""],""state"":""MATCH"",""target"":""162""},""product_object"":{""reason"":""NO_NON_CARD_OBJECT_EVIDENCE"",""state"":""SINGLE_RAW_CARD""},""raw"":""COMPATIBLE"",""set"":{""conflicts"":[],""matched"":[],""state"":""ABSENT""},""variant"":{""conflicting_treatments"":[""illustration_rare""],""matched"":[""special illustration rare""],""parallel_terms"":[],""state"":""MATCH""}}",NAME_NUMBER_VARIANT_IDENTITY,index_fair_value_ebay_d2m_v2,a2ac052891df2745f2a2dde8b615a5ccbf1ef23a777eb2a0310e35aef94f6d5e,40da9c4ccbe030124d608c59673902f662e14835cc0d8c4b4fffb89231b97a7a,ece085640a013d2803b0364ddf358ef6b1390854,2026-09-12T23:20:59.787335+00:00
D2-0938,d09b2fb5-41b6-4d1e-88cf-629402434501,Roaring Moon ex,Prismatic Evolutions,162,special_illustration_rare,Pokemon Prismatic Evolutions: Choose Your Card! Reverse Holo/Holo EX Full Art NM,EXACT_TARGET_MATCH,REJECTED,REJECTED,MULTI_CARD_OFFER,NOT_APPLICABLE_NON_SINGLE_CARD,"{""product_object"":{""reason"":""SELECTABLE_OR_MULTI_CARD_CONTEXT"",""state"":""MULTI_CARD_OFFER""}}",MULTI_CARD_OFFER,index_fair_value_ebay_d2m_v2,a2ac052891df2745f2a2dde8b615a5ccbf1ef23a777eb2a0310e35aef94f6d5e,40da9c4ccbe030124d608c59673902f662e14835cc0d8c4b4fffb89231b97a7a,ece085640a013d2803b0364ddf358ef6b1390854,2026-09-12T23:20:59.787335+00:00
D2-0941,d09b2fb5-41b6-4d1e-88cf-629402434501,Roaring Moon ex,Prismatic Evolutions,162,special_illustration_rare,Pokemon Roaring Moon EX SIR 162/131 Prismatic Evolutions Extended Artwork Case,SEALED_OR_ACCESSORY,REJECTED,REJECTED,CARD_ACCESSORY,NOT_APPLICABLE_NON_SINGLE_CARD,"{""product_object"":{""ontology_matches"":[""ART_CASE""],""reason"":""ACCESSORY_PRODUCT_CONTEXT"",""state"":""CARD_ACCESSORY""}}",CARD_ACCESSORY,index_fair_value_ebay_d2m_v2,a2ac052891df2745f2a2dde8b615a5ccbf1ef23a777eb2a0310e35aef94f6d5e,40da9c4ccbe030124d608c59673902f662e14835cc0d8c4b4fffb89231b97a7a,ece085640a013d2803b0364ddf358ef6b1390854,2026-09-12T23:20:59.787335+00:00
D2-0942,d09b2fb5-41b6-4d1e-88cf-629402434501,Roaring Moon ex,Prismatic Evolutions,162,special_illustration_rare,2025 POKEMON PRE EN ROARING MOON EX SIR #162 PSA 9 MINT,GRADED,REJECTED,REJECTED,GRADED_CARD,GRADED,"{""product_object"":{""reason"":""GRADE_OR_SLAB_EVIDENCE"",""state"":""GRADED_CARD""}}",GRADED_CARD,index_fair_value_ebay_d2m_v2,a2ac052891df2745f2a2dde8b615a5ccbf1ef23a777eb2a0310e35aef94f6d5e,40da9c4ccbe030124d608c59673902f662e14835cc0d8c4b4fffb89231b97a7a,ece085640a013d2803b0364ddf358ef6b1390854,2026-09-12T23:20:59.787335+00:00
D2-0946,d12a209b-06a3-4b46-82d3-a374e6bbe7b4,Grafaiai,Paldea Evolved,223,illustration_rare,Grafaiai - Illustration Rare SV02: Paldea Evolved 223/193 NM,EXACT_TARGET_MATCH,HIGH_CONFIDENCE,HIGH_CONFIDENCE,SINGLE_RAW_CARD,RAW_CONDITION_STATED_NM,"{""language"":""COMPATIBLE"",""name"":""MATCH"",""number"":{""observed"":[""223""],""state"":""MATCH"",""target"":""223""},""product_object"":{""reason"":""NO_NON_CARD_OBJECT_EVIDENCE"",""state"":""SINGLE_RAW_CARD""},""raw"":""COMPATIBLE"",""set"":{""conflicts"":[],""matched"":[""paldea evolved""],""state"":""EXACT""},""variant"":{""conflicting_treatments"":[],""matched"":[""illustration rare""],""parallel_terms"":[],""state"":""MATCH""}}",THREE_FACTOR_IDENTITY,index_fair_value_ebay_d2m_v2,a2ac052891df2745f2a2dde8b615a5ccbf1ef23a777eb2a0310e35aef94f6d5e,40da9c4ccbe030124d608c59673902f662e14835cc0d8c4b4fffb89231b97a7a,ece085640a013d2803b0364ddf358ef6b1390854,2026-09-12T23:20:59.787335+00:00
D2-0947,d12a209b-06a3-4b46-82d3-a374e6bbe7b4,Grafaiai,Paldea Evolved,223,illustration_rare,Grafaiai Holo Illustration Rare SV02: Paldea Evolved 223/193 NM,EXACT_TARGET_MATCH,HIGH_CONFIDENCE,HIGH_CONFIDENCE,SINGLE_RAW_CARD,RAW_CONDITION_STATED_NM,"{""language"":""COMPATIBLE"",""name"":""MATCH"",""number"":{""observed"":[""223""],""state"":""MATCH"",""target"":""223""},""product_object"":{""reason"":""NO_NON_CARD_OBJECT_EVIDENCE"",""state"":""SINGLE_RAW_CARD""},""raw"":""COMPATIBLE"",""set"":{""conflicts"":[],""matched"":[""paldea evolved""],""state"":""EXACT""},""variant"":{""conflicting_treatments"":[],""matched"":[""illustration rare""],""parallel_terms"":[],""state"":""MATCH""}}",THREE_FACTOR_IDENTITY,index_fair_value_ebay_d2m_v2,a2ac052891df2745f2a2dde8b615a5ccbf1ef23a777eb2a0310e35aef94f6d5e,40da9c4ccbe030124d608c59673902f662e14835cc0d8c4b4fffb89231b97a7a,ece085640a013d2803b0364ddf358ef6b1390854,2026-09-12T23:20:59.787335+00:00
D2-0949,d12a209b-06a3-4b46-82d3-a374e6bbe7b4,Grafaiai,Paldea Evolved,223,illustration_rare,POKEMON GRAFAIAI 223/193 HOLO PAL,EXACT_TARGET_MATCH,HIGH_CONFIDENCE,HIGH_CONFIDENCE,SINGLE_RAW_CARD,RAW_CONDITION_UNGRADED_UNSPECIFIED,"{""language"":""COMPATIBLE"",""name"":""MATCH"",""number"":{""observed"":[""223""],""state"":""MATCH"",""target"":""223""},""product_object"":{""reason"":""NO_NON_CARD_OBJECT_EVIDENCE"",""state"":""SINGLE_RAW_CARD""},""raw"":""COMPATIBLE"",""set"":{""conflicts"":[],""matched"":[""pal""],""state"":""ALIAS""},""variant"":{""conflicting_treatments"":[],""matched"":[],""parallel_terms"":[],""state"":""ABSENT""}}",THREE_FACTOR_IDENTITY,index_fair_value_ebay_d2m_v2,a2ac052891df2745f2a2dde8b615a5ccbf1ef23a777eb2a0310e35aef94f6d5e,40da9c4ccbe030124d608c59673902f662e14835cc0d8c4b4fffb89231b97a7a,ece085640a013d2803b0364ddf358ef6b1390854,2026-09-12T23:20:59.787335+00:00
D2-0951,d12a209b-06a3-4b46-82d3-a374e6bbe7b4,Grafaiai,Paldea Evolved,223,illustration_rare,Grafaiai Holofoil [PAL - 223/193],EXACT_TARGET_MATCH,HIGH_CONFIDENCE,HIGH_CONFIDENCE,SINGLE_RAW_CARD,RAW_CONDITION_UNGRADED_UNSPECIFIED,"{""language"":""COMPATIBLE"",""name"":""MATCH"",""number"":{""observed"":[""223""],""state"":""MATCH"",""target"":""223""},""product_object"":{""reason"":""NO_NON_CARD_OBJECT_EVIDENCE"",""state"":""SINGLE_RAW_CARD""},""raw"":""COMPATIBLE"",""set"":{""conflicts"":[],""matched"":[""pal""],""state"":""ALIAS""},""variant"":{""conflicting_treatments"":[],""matched"":[],""parallel_terms"":[],""state"":""ABSENT""}}",THREE_FACTOR_IDENTITY,index_fair_value_ebay_d2m_v2,a2ac052891df2745f2a2dde8b615a5ccbf1ef23a777eb2a0310e35aef94f6d5e,40da9c4ccbe030124d608c59673902f662e14835cc0d8c4b4fffb89231b97a7a,ece085640a013d2803b0364ddf358ef6b1390854,2026-09-12T23:20:59.787335+00:00
D2-0955,d12a209b-06a3-4b46-82d3-a374e6bbe7b4,Grafaiai,Paldea Evolved,223,illustration_rare,Grafaiai 223/193 Illustration Rare Paldea Evolved Pokemon Holo Lightly Played,EXACT_TARGET_MATCH,HIGH_CONFIDENCE,HIGH_CONFIDENCE,SINGLE_RAW_CARD,RAW_CONDITION_UNGRADED_UNSPECIFIED,"{""language"":""COMPATIBLE"",""name"":""MATCH"",""number"":{""observed"":[""223""],""state"":""MATCH"",""target"":""223""},""product_object"":{""reason"":""NO_NON_CARD_OBJECT_EVIDENCE"",""state"":""SINGLE_RAW_CARD""},""raw"":""COMPATIBLE"",""set"":{""conflicts"":[],""matched"":[""paldea evolved""],""state"":""EXACT""},""variant"":{""conflicting_treatments"":[],""matched"":[""illustration rare""],""parallel_terms"":[],""state"":""MATCH""}}",THREE_FACTOR_IDENTITY,index_fair_value_ebay_d2m_v2,a2ac052891df2745f2a2dde8b615a5ccbf1ef23a777eb2a0310e35aef94f6d5e,40da9c4ccbe030124d608c59673902f662e14835cc0d8c4b4fffb89231b97a7a,ece085640a013d2803b0364ddf358ef6b1390854,2026-09-12T23:20:59.787335+00:00
D2-0961,d4ff3ebb-7e40-4a36-88e6-f07af2977641,Zekrom ex,Black Bolt,166,special_illustration_rare,"Pokemon SV11B Black Bolt Zekrom EX Sir 166/086 English, Near Mint",EXACT_TARGET_MATCH,HIGH_CONFIDENCE,HIGH_CONFIDENCE,SINGLE_RAW_CARD,RAW_CONDITION_STATED_NM,"{""language"":""COMPATIBLE"",""name"":""MATCH"",""number"":{""observed"":[""166""],""state"":""MATCH"",""target"":""166""},""product_object"":{""reason"":""NO_NON_CARD_OBJECT_EVIDENCE"",""state"":""SINGLE_RAW_CARD""},""raw"":""COMPATIBLE"",""set"":{""conflicts"":[],""matched"":[""black bolt""],""state"":""EXACT""},""variant"":{""conflicting_treatments"":[],""matched"":[""sir""],""parallel_terms"":[],""state"":""MATCH""}}",THREE_FACTOR_IDENTITY,index_fair_value_ebay_d2m_v2,a2ac052891df2745f2a2dde8b615a5ccbf1ef23a777eb2a0310e35aef94f6d5e,40da9c4ccbe030124d608c59673902f662e14835cc0d8c4b4fffb89231b97a7a,ece085640a013d2803b0364ddf358ef6b1390854,2026-09-12T23:20:59.787335+00:00
D2-0964,d4ff3ebb-7e40-4a36-88e6-f07af2977641,Zekrom ex,Black Bolt,166,special_illustration_rare,Zekrom ex [BLK - 166/086],EXACT_TARGET_MATCH,HIGH_CONFIDENCE,HIGH_CONFIDENCE,SINGLE_RAW_CARD,RAW_CONDITION_UNGRADED_UNSPECIFIED,"{""language"":""COMPATIBLE"",""name"":""MATCH"",""number"":{""observed"":[""166""],""state"":""MATCH"",""target"":""166""},""product_object"":{""reason"":""NO_NON_CARD_OBJECT_EVIDENCE"",""state"":""SINGLE_RAW_CARD""},""raw"":""COMPATIBLE"",""set"":{""conflicts"":[],""matched"":[""blk""],""state"":""ALIAS""},""variant"":{""conflicting_treatments"":[],""matched"":[],""parallel_terms"":[],""state"":""ABSENT""}}",THREE_FACTOR_IDENTITY,index_fair_value_ebay_d2m_v2,a2ac052891df2745f2a2dde8b615a5ccbf1ef23a777eb2a0310e35aef94f6d5e,40da9c4ccbe030124d608c59673902f662e14835cc0d8c4b4fffb89231b97a7a,ece085640a013d2803b0364ddf358ef6b1390854,2026-09-12T23:20:59.787335+00:00
D2-0965,d4ff3ebb-7e40-4a36-88e6-f07af2977641,Zekrom ex,Black Bolt,166,special_illustration_rare,Pokemon Zekrom EX 166 TAG10 #962,GRADED,REJECTED,REJECTED,GRADED_CARD,GRADED,"{""product_object"":{""reason"":""GRADE_OR_SLAB_EVIDENCE"",""state"":""GRADED_CARD""}}",GRADED_CARD,index_fair_value_ebay_d2m_v2,a2ac052891df2745f2a2dde8b615a5ccbf1ef23a777eb2a0310e35aef94f6d5e,40da9c4ccbe030124d608c59673902f662e14835cc0d8c4b4fffb89231b97a7a,ece085640a013d2803b0364ddf358ef6b1390854,2026-09-12T23:20:59.787335+00:00
D2-0968,d4ff3ebb-7e40-4a36-88e6-f07af2977641,Zekrom ex,Black Bolt,166,special_illustration_rare,Reshiram EX 166 White Flare Pokémon Magnetic 🧲 Extended Artwork Case,WRONG_CARD_NUMBER,REJECTED,REJECTED,CARD_ACCESSORY,NOT_APPLICABLE_NON_SINGLE_CARD,"{""product_object"":{""ontology_matches"":[""ART_CASE""],""reason"":""ACCESSORY_PRODUCT_CONTEXT"",""state"":""CARD_ACCESSORY""}}",CARD_ACCESSORY,index_fair_value_ebay_d2m_v2,a2ac052891df2745f2a2dde8b615a5ccbf1ef23a777eb2a0310e35aef94f6d5e,40da9c4ccbe030124d608c59673902f662e14835cc0d8c4b4fffb89231b97a7a,ece085640a013d2803b0364ddf358ef6b1390854,2026-09-12T23:20:59.787335+00:00
D2-0972,d4ff3ebb-7e40-4a36-88e6-f07af2977641,Zekrom ex,Black Bolt,166,special_illustration_rare,Pokemon TCG 2025 SV Black Bolt Zekrom ex 166/086 SIR Holo PSA 10,GRADED,REJECTED,REJECTED,GRADED_CARD,GRADED,"{""product_object"":{""reason"":""GRADE_OR_SLAB_EVIDENCE"",""state"":""GRADED_CARD""}}",GRADED_CARD,index_fair_value_ebay_d2m_v2,a2ac052891df2745f2a2dde8b615a5ccbf1ef23a777eb2a0310e35aef94f6d5e,40da9c4ccbe030124d608c59673902f662e14835cc0d8c4b4fffb89231b97a7a,ece085640a013d2803b0364ddf358ef6b1390854,2026-09-12T23:20:59.787335+00:00
D2-0985,e26de7b7-434e-4bec-8fc2-fb15b971b1a7,Jamming Tower,Ascended Heroes,261,ultra_rare,Jamming Tower 261/217 Ultra Rare ME: Ascended Heroes Pokemon Near Mint NM 13Q,EXACT_TARGET_MATCH,HIGH_CONFIDENCE,HIGH_CONFIDENCE,SINGLE_RAW_CARD,RAW_CONDITION_STATED_NM,"{""language"":""COMPATIBLE"",""name"":""MATCH"",""number"":{""observed"":[""261""],""state"":""MATCH"",""target"":""261""},""product_object"":{""reason"":""NO_NON_CARD_OBJECT_EVIDENCE"",""state"":""SINGLE_RAW_CARD""},""raw"":""COMPATIBLE"",""set"":{""conflicts"":[],""matched"":[""ascended heroes""],""state"":""EXACT""},""variant"":{""conflicting_treatments"":[],""matched"":[""ultra rare""],""parallel_terms"":[],""state"":""MATCH""}}",THREE_FACTOR_IDENTITY,index_fair_value_ebay_d2m_v2,a2ac052891df2745f2a2dde8b615a5ccbf1ef23a777eb2a0310e35aef94f6d5e,40da9c4ccbe030124d608c59673902f662e14835cc0d8c4b4fffb89231b97a7a,ece085640a013d2803b0364ddf358ef6b1390854,2026-09-12T23:20:59.787335+00:00
D2-0987,e26de7b7-434e-4bec-8fc2-fb15b971b1a7,Jamming Tower,Ascended Heroes,261,ultra_rare,Jamming Tower 261/217 Holo Ascended Heroes Pokemon TCG NM,EXACT_TARGET_MATCH,HIGH_CONFIDENCE,HIGH_CONFIDENCE,SINGLE_RAW_CARD,RAW_CONDITION_STATED_NM,"{""language"":""COMPATIBLE"",""name"":""MATCH"",""number"":{""observed"":[""261""],""state"":""MATCH"",""target"":""261""},""product_object"":{""reason"":""NO_NON_CARD_OBJECT_EVIDENCE"",""state"":""SINGLE_RAW_CARD""},""raw"":""COMPATIBLE"",""set"":{""conflicts"":[],""matched"":[""ascended heroes""],""state"":""EXACT""},""variant"":{""conflicting_treatments"":[],""matched"":[],""parallel_terms"":[],""state"":""ABSENT""}}",THREE_FACTOR_IDENTITY,index_fair_value_ebay_d2m_v2,a2ac052891df2745f2a2dde8b615a5ccbf1ef23a777eb2a0310e35aef94f6d5e,40da9c4ccbe030124d608c59673902f662e14835cc0d8c4b4fffb89231b97a7a,ece085640a013d2803b0364ddf358ef6b1390854,2026-09-12T23:20:59.787335+00:00
D2-0988,e26de7b7-434e-4bec-8fc2-fb15b971b1a7,Jamming Tower,Ascended Heroes,261,ultra_rare,JAMMING TOWER 261/217 ULTRA RARE ASCENDED HEROES POKEMON HOLO NEAR MINT,EXACT_TARGET_MATCH,HIGH_CONFIDENCE,HIGH_CONFIDENCE,SINGLE_RAW_CARD,RAW_CONDITION_STATED_NM,"{""language"":""COMPATIBLE"",""name"":""MATCH"",""number"":{""observed"":[""261""],""state"":""MATCH"",""target"":""261""},""product_object"":{""reason"":""NO_NON_CARD_OBJECT_EVIDENCE"",""state"":""SINGLE_RAW_CARD""},""raw"":""COMPATIBLE"",""set"":{""conflicts"":[],""matched"":[""ascended heroes""],""state"":""EXACT""},""variant"":{""conflicting_treatments"":[],""matched"":[""ultra rare""],""parallel_terms"":[],""state"":""MATCH""}}",THREE_FACTOR_IDENTITY,index_fair_value_ebay_d2m_v2,a2ac052891df2745f2a2dde8b615a5ccbf1ef23a777eb2a0310e35aef94f6d5e,40da9c4ccbe030124d608c59673902f662e14835cc0d8c4b4fffb89231b97a7a,ece085640a013d2803b0364ddf358ef6b1390854,2026-09-12T23:20:59.787335+00:00
D2-0989,e26de7b7-434e-4bec-8fc2-fb15b971b1a7,Jamming Tower,Ascended Heroes,261,ultra_rare,JAMMING TOWER 261/217 -- NEAR MINT -- ULTRA RARE ASCENDED HEROES POKEMON HOLO --,EXACT_TARGET_MATCH,HIGH_CONFIDENCE,HIGH_CONFIDENCE,SINGLE_RAW_CARD,RAW_CONDITION_STATED_NM,"{""language"":""COMPATIBLE"",""name"":""MATCH"",""number"":{""observed"":[""261""],""state"":""MATCH"",""target"":""261""},""product_object"":{""reason"":""NO_NON_CARD_OBJECT_EVIDENCE"",""state"":""SINGLE_RAW_CARD""},""raw"":""COMPATIBLE"",""set"":{""conflicts"":[],""matched"":[""ascended heroes""],""state"":""EXACT""},""variant"":{""conflicting_treatments"":[],""matched"":[""ultra rare""],""parallel_terms"":[],""state"":""MATCH""}}",THREE_FACTOR_IDENTITY,index_fair_value_ebay_d2m_v2,a2ac052891df2745f2a2dde8b615a5ccbf1ef23a777eb2a0310e35aef94f6d5e,40da9c4ccbe030124d608c59673902f662e14835cc0d8c4b4fffb89231b97a7a,ece085640a013d2803b0364ddf358ef6b1390854,2026-09-12T23:20:59.787335+00:00
D2-0990,e26de7b7-434e-4bec-8fc2-fb15b971b1a7,Jamming Tower,Ascended Heroes,261,ultra_rare,2026 Pokemon Ascended Heroes TCG JAMMING TOWER 261/217 Full Art SIR,EXACT_TARGET_MATCH,HIGH_CONFIDENCE,HIGH_CONFIDENCE,SINGLE_RAW_CARD,RAW_CONDITION_UNGRADED_UNSPECIFIED,"{""language"":""COMPATIBLE"",""name"":""MATCH"",""number"":{""observed"":[""261""],""state"":""MATCH"",""target"":""261""},""product_object"":{""reason"":""NO_NON_CARD_OBJECT_EVIDENCE"",""state"":""SINGLE_RAW_CARD""},""raw"":""COMPATIBLE"",""set"":{""conflicts"":[],""matched"":[""ascended heroes""],""state"":""EXACT""},""variant"":{""conflicting_treatments"":[""special_illustration_rare""],""matched"":[""full art""],""parallel_terms"":[],""state"":""MATCH""}}",THREE_FACTOR_IDENTITY,index_fair_value_ebay_d2m_v2,a2ac052891df2745f2a2dde8b615a5ccbf1ef23a777eb2a0310e35aef94f6d5e,40da9c4ccbe030124d608c59673902f662e14835cc0d8c4b4fffb89231b97a7a,ece085640a013d2803b0364ddf358ef6b1390854,2026-09-12T23:20:59.787335+00:00
D2-0993,ec8fec81-b57d-442a-baf0-91882c40de6e,Team Rocket's Giovanni,Ascended Heroes,204,uncommon,Team Rocket's Giovanni ME: Ascended Heroes 204/217 NM Pokemon,EXACT_TARGET_MATCH,MEDIUM_CONFIDENCE,MEDIUM_CONFIDENCE,SINGLE_RAW_CARD,RAW_CONDITION_STATED_NM,"{""language"":""COMPATIBLE"",""name"":""MATCH"",""number"":{""observed"":[""204""],""state"":""MATCH"",""target"":""204""},""product_object"":{""reason"":""NO_NON_CARD_OBJECT_EVIDENCE"",""state"":""SINGLE_RAW_CARD""},""raw"":""COMPATIBLE"",""set"":{""conflicts"":[],""matched"":[""ascended heroes""],""state"":""EXACT""},""variant"":{""conflicting_treatments"":[],""matched"":[],""parallel_terms"":[],""state"":""UNRESOLVED""}}",BASE_PARALLEL_NOT_EXPLICIT,index_fair_value_ebay_d2m_v2,a2ac052891df2745f2a2dde8b615a5ccbf1ef23a777eb2a0310e35aef94f6d5e,40da9c4ccbe030124d608c59673902f662e14835cc0d8c4b4fffb89231b97a7a,ece085640a013d2803b0364ddf358ef6b1390854,2026-09-12T23:20:59.787335+00:00
D2-0996,ec8fec81-b57d-442a-baf0-91882c40de6e,Team Rocket's Giovanni,Ascended Heroes,204,uncommon,Pokémon TCG Ascended Heroes Trainer/Energy Cards --- Pick Your Card!!!,AMBIGUOUS,REJECTED,REJECTED,MULTI_CARD_OFFER,NOT_APPLICABLE_NON_SINGLE_CARD,"{""product_object"":{""reason"":""SELECTABLE_OR_MULTI_CARD_CONTEXT"",""state"":""MULTI_CARD_OFFER""}}",MULTI_CARD_OFFER,index_fair_value_ebay_d2m_v2,a2ac052891df2745f2a2dde8b615a5ccbf1ef23a777eb2a0310e35aef94f6d5e,40da9c4ccbe030124d608c59673902f662e14835cc0d8c4b4fffb89231b97a7a,ece085640a013d2803b0364ddf358ef6b1390854,2026-09-12T23:20:59.787335+00:00
D2-0997,ec8fec81-b57d-442a-baf0-91882c40de6e,Team Rocket's Giovanni,Ascended Heroes,204,uncommon,4x Team Rocket's Giovanni 204/217 - ME: Ascended Heroes (ASC) Pokemon Playset x4,LOT_OR_BUNDLE,REJECTED,REJECTED,MULTI_CARD_OFFER,NOT_APPLICABLE_NON_SINGLE_CARD,"{""product_object"":{""reason"":""SELECTABLE_OR_MULTI_CARD_CONTEXT"",""state"":""MULTI_CARD_OFFER""}}",MULTI_CARD_OFFER,index_fair_value_ebay_d2m_v2,a2ac052891df2745f2a2dde8b615a5ccbf1ef23a777eb2a0310e35aef94f6d5e,40da9c4ccbe030124d608c59673902f662e14835cc0d8c4b4fffb89231b97a7a,ece085640a013d2803b0364ddf358ef6b1390854,2026-09-12T23:20:59.787335+00:00
D2-0998,ec8fec81-b57d-442a-baf0-91882c40de6e,Team Rocket's Giovanni,Ascended Heroes,204,uncommon,Team Rocket's Giovanni 204/217 Uncommon Ascended Heroes Pokemon Lightly Played,EXACT_TARGET_MATCH,MEDIUM_CONFIDENCE,MEDIUM_CONFIDENCE,SINGLE_RAW_CARD,RAW_CONDITION_UNGRADED_UNSPECIFIED,"{""language"":""COMPATIBLE"",""name"":""MATCH"",""number"":{""observed"":[""204""],""state"":""MATCH"",""target"":""204""},""product_object"":{""reason"":""NO_NON_CARD_OBJECT_EVIDENCE"",""state"":""SINGLE_RAW_CARD""},""raw"":""COMPATIBLE"",""set"":{""conflicts"":[],""matched"":[""ascended heroes""],""state"":""EXACT""},""variant"":{""conflicting_treatments"":[],""matched"":[],""parallel_terms"":[],""state"":""UNRESOLVED""}}",BASE_PARALLEL_NOT_EXPLICIT,index_fair_value_ebay_d2m_v2,a2ac052891df2745f2a2dde8b615a5ccbf1ef23a777eb2a0310e35aef94f6d5e,40da9c4ccbe030124d608c59673902f662e14835cc0d8c4b4fffb89231b97a7a,ece085640a013d2803b0364ddf358ef6b1390854,2026-09-12T23:20:59.787335+00:00
D2-1004,ec8fec81-b57d-442a-baf0-91882c40de6e,Team Rocket's Giovanni,Ascended Heroes,204,uncommon,TEAM ROCKET'S GIOVANNI POKEMON ASCENDED HEROES 204/217 UNCOMMON LIGHTLY PLAYED,EXACT_TARGET_MATCH,MEDIUM_CONFIDENCE,MEDIUM_CONFIDENCE,SINGLE_RAW_CARD,RAW_CONDITION_UNGRADED_UNSPECIFIED,"{""language"":""COMPATIBLE"",""name"":""MATCH"",""number"":{""observed"":[""204""],""state"":""MATCH"",""target"":""204""},""product_object"":{""reason"":""NO_NON_CARD_OBJECT_EVIDENCE"",""state"":""SINGLE_RAW_CARD""},""raw"":""COMPATIBLE"",""set"":{""conflicts"":[],""matched"":[""ascended heroes""],""state"":""EXACT""},""variant"":{""conflicting_treatments"":[],""matched"":[],""parallel_terms"":[],""state"":""UNRESOLVED""}}",BASE_PARALLEL_NOT_EXPLICIT,index_fair_value_ebay_d2m_v2,a2ac052891df2745f2a2dde8b615a5ccbf1ef23a777eb2a0310e35aef94f6d5e,40da9c4ccbe030124d608c59673902f662e14835cc0d8c4b4fffb89231b97a7a,ece085640a013d2803b0364ddf358ef6b1390854,2026-09-12T23:20:59.787335+00:00
D2-1009,ecfe51fb-3435-4e1c-8542-8809cd6f95ff,Coalossal,Temporal Forces,95,uncommon,Coalossal 095/162 UC Temporal Forces NM Pokemon,EXACT_TARGET_MATCH,MEDIUM_CONFIDENCE,MEDIUM_CONFIDENCE,SINGLE_RAW_CARD,RAW_CONDITION_STATED_NM,"{""language"":""COMPATIBLE"",""name"":""MATCH"",""number"":{""observed"":[""95""],""state"":""MATCH"",""target"":""95""},""product_object"":{""reason"":""NO_NON_CARD_OBJECT_EVIDENCE"",""state"":""SINGLE_RAW_CARD""},""raw"":""COMPATIBLE"",""set"":{""conflicts"":[],""matched"":[""temporal forces""],""state"":""EXACT""},""variant"":{""conflicting_treatments"":[],""matched"":[],""parallel_terms"":[],""state"":""UNRESOLVED""}}",BASE_PARALLEL_NOT_EXPLICIT,index_fair_value_ebay_d2m_v2,a2ac052891df2745f2a2dde8b615a5ccbf1ef23a777eb2a0310e35aef94f6d5e,40da9c4ccbe030124d608c59673902f662e14835cc0d8c4b4fffb89231b97a7a,ece085640a013d2803b0364ddf358ef6b1390854,2026-09-12T23:20:59.787335+00:00
D2-1010,ecfe51fb-3435-4e1c-8542-8809cd6f95ff,Coalossal,Temporal Forces,95,uncommon,Coalossal 095/162 UC Temporal Forces NM Pokemon,EXACT_TARGET_MATCH,MEDIUM_CONFIDENCE,MEDIUM_CONFIDENCE,SINGLE_RAW_CARD,RAW_CONDITION_STATED_NM,"{""language"":""COMPATIBLE"",""name"":""MATCH"",""number"":{""observed"":[""95""],""state"":""MATCH"",""target"":""95""},""product_object"":{""reason"":""NO_NON_CARD_OBJECT_EVIDENCE"",""state"":""SINGLE_RAW_CARD""},""raw"":""COMPATIBLE"",""set"":{""conflicts"":[],""matched"":[""temporal forces""],""state"":""EXACT""},""variant"":{""conflicting_treatments"":[],""matched"":[],""parallel_terms"":[],""state"":""UNRESOLVED""}}",BASE_PARALLEL_NOT_EXPLICIT,index_fair_value_ebay_d2m_v2,a2ac052891df2745f2a2dde8b615a5ccbf1ef23a777eb2a0310e35aef94f6d5e,40da9c4ccbe030124d608c59673902f662e14835cc0d8c4b4fffb89231b97a7a,ece085640a013d2803b0364ddf358ef6b1390854,2026-09-12T23:20:59.787335+00:00
D2-1015,ecfe51fb-3435-4e1c-8542-8809cd6f95ff,Coalossal,Temporal Forces,95,uncommon,Pokemon TCG SV05 Temporal Forces Choose Your Card Common Rare Holo EX Lot,LOT_OR_BUNDLE,REJECTED,REJECTED,MULTI_CARD_OFFER,NOT_APPLICABLE_NON_SINGLE_CARD,"{""product_object"":{""reason"":""SELECTABLE_OR_MULTI_CARD_CONTEXT"",""state"":""MULTI_CARD_OFFER""}}",MULTI_CARD_OFFER,index_fair_value_ebay_d2m_v2,a2ac052891df2745f2a2dde8b615a5ccbf1ef23a777eb2a0310e35aef94f6d5e,40da9c4ccbe030124d608c59673902f662e14835cc0d8c4b4fffb89231b97a7a,ece085640a013d2803b0364ddf358ef6b1390854,2026-09-12T23:20:59.787335+00:00
D2-1019,ecfe51fb-3435-4e1c-8542-8809cd6f95ff,Coalossal,Temporal Forces,95,uncommon,Coalossal 095/162 Uncommon SV05: Temporal Forces Pokemon NM,EXACT_TARGET_MATCH,MEDIUM_CONFIDENCE,MEDIUM_CONFIDENCE,SINGLE_RAW_CARD,RAW_CONDITION_STATED_NM,"{""language"":""COMPATIBLE"",""name"":""MATCH"",""number"":{""observed"":[""95""],""state"":""MATCH"",""target"":""95""},""product_object"":{""reason"":""NO_NON_CARD_OBJECT_EVIDENCE"",""state"":""SINGLE_RAW_CARD""},""raw"":""COMPATIBLE"",""set"":{""conflicts"":[],""matched"":[""temporal forces"",""sv05""],""state"":""EXACT""},""variant"":{""conflicting_treatments"":[],""matched"":[],""parallel_terms"":[],""state"":""UNRESOLVED""}}",BASE_PARALLEL_NOT_EXPLICIT,index_fair_value_ebay_d2m_v2,a2ac052891df2745f2a2dde8b615a5ccbf1ef23a777eb2a0310e35aef94f6d5e,40da9c4ccbe030124d608c59673902f662e14835cc0d8c4b4fffb89231b97a7a,ece085640a013d2803b0364ddf358ef6b1390854,2026-09-12T23:20:59.787335+00:00
D2-1020,ecfe51fb-3435-4e1c-8542-8809cd6f95ff,Coalossal,Temporal Forces,95,uncommon,Coalossal Uncommon SV05: Temporal Forces 095/162 NM,EXACT_TARGET_MATCH,MEDIUM_CONFIDENCE,MEDIUM_CONFIDENCE,SINGLE_RAW_CARD,RAW_CONDITION_STATED_NM,"{""language"":""COMPATIBLE"",""name"":""MATCH"",""number"":{""observed"":[""95""],""state"":""MATCH"",""target"":""95""},""product_object"":{""reason"":""NO_NON_CARD_OBJECT_EVIDENCE"",""state"":""SINGLE_RAW_CARD""},""raw"":""COMPATIBLE"",""set"":{""conflicts"":[],""matched"":[""temporal forces"",""sv05""],""state"":""EXACT""},""variant"":{""conflicting_treatments"":[],""matched"":[],""parallel_terms"":[],""state"":""UNRESOLVED""}}",BASE_PARALLEL_NOT_EXPLICIT,index_fair_value_ebay_d2m_v2,a2ac052891df2745f2a2dde8b615a5ccbf1ef23a777eb2a0310e35aef94f6d5e,40da9c4ccbe030124d608c59673902f662e14835cc0d8c4b4fffb89231b97a7a,ece085640a013d2803b0364ddf358ef6b1390854,2026-09-12T23:20:59.787335+00:00
D2-1023,f01e01fe-17e4-48b7-8ba3-9a88f876acd4,Meowth,Phantasmal Flames,106,illustration_rare,MEOWTH POKEMON PHANTASMAL FLAMES 106/094 ILLUSTRATION RARE HOLO,EXACT_TARGET_MATCH,HIGH_CONFIDENCE,HIGH_CONFIDENCE,SINGLE_RAW_CARD,RAW_CONDITION_UNGRADED_UNSPECIFIED,"{""language"":""COMPATIBLE"",""name"":""MATCH"",""number"":{""observed"":[""106""],""state"":""MATCH"",""target"":""106""},""product_object"":{""reason"":""NO_NON_CARD_OBJECT_EVIDENCE"",""state"":""SINGLE_RAW_CARD""},""raw"":""COMPATIBLE"",""set"":{""conflicts"":[],""matched"":[""phantasmal flames""],""state"":""EXACT""},""variant"":{""conflicting_treatments"":[],""matched"":[""illustration rare""],""parallel_terms"":[],""state"":""MATCH""}}",THREE_FACTOR_IDENTITY,index_fair_value_ebay_d2m_v2,a2ac052891df2745f2a2dde8b615a5ccbf1ef23a777eb2a0310e35aef94f6d5e,40da9c4ccbe030124d608c59673902f662e14835cc0d8c4b4fffb89231b97a7a,ece085640a013d2803b0364ddf358ef6b1390854,2026-09-12T23:20:59.787335+00:00
D2-1025,f01e01fe-17e4-48b7-8ba3-9a88f876acd4,Meowth,Phantasmal Flames,106,illustration_rare,ME02: Phantasmal Flames #106/094 Meowth,EXACT_TARGET_MATCH,HIGH_CONFIDENCE,HIGH_CONFIDENCE,SINGLE_RAW_CARD,RAW_CONDITION_UNGRADED_UNSPECIFIED,"{""language"":""COMPATIBLE"",""name"":""MATCH"",""number"":{""observed"":[""106""],""state"":""MATCH"",""target"":""106""},""product_object"":{""reason"":""NO_NON_CARD_OBJECT_EVIDENCE"",""state"":""SINGLE_RAW_CARD""},""raw"":""COMPATIBLE"",""set"":{""conflicts"":[],""matched"":[""phantasmal flames""],""state"":""EXACT""},""variant"":{""conflicting_treatments"":[],""matched"":[],""parallel_terms"":[],""state"":""ABSENT""}}",THREE_FACTOR_IDENTITY,index_fair_value_ebay_d2m_v2,a2ac052891df2745f2a2dde8b615a5ccbf1ef23a777eb2a0310e35aef94f6d5e,40da9c4ccbe030124d608c59673902f662e14835cc0d8c4b4fffb89231b97a7a,ece085640a013d2803b0364ddf358ef6b1390854,2026-09-12T23:20:59.787335+00:00
D2-1028,f01e01fe-17e4-48b7-8ba3-9a88f876acd4,Meowth,Phantasmal Flames,106,illustration_rare,2025 Pokemon Phantasmal Flames Meowth Illustration Rare #106/094,EXACT_TARGET_MATCH,HIGH_CONFIDENCE,HIGH_CONFIDENCE,SINGLE_RAW_CARD,RAW_CONDITION_UNGRADED_UNSPECIFIED,"{""language"":""COMPATIBLE"",""name"":""MATCH"",""number"":{""observed"":[""106""],""state"":""MATCH"",""target"":""106""},""product_object"":{""reason"":""NO_NON_CARD_OBJECT_EVIDENCE"",""state"":""SINGLE_RAW_CARD""},""raw"":""COMPATIBLE"",""set"":{""conflicts"":[],""matched"":[""phantasmal flames""],""state"":""EXACT""},""variant"":{""conflicting_treatments"":[],""matched"":[""illustration rare""],""parallel_terms"":[],""state"":""MATCH""}}",THREE_FACTOR_IDENTITY,index_fair_value_ebay_d2m_v2,a2ac052891df2745f2a2dde8b615a5ccbf1ef23a777eb2a0310e35aef94f6d5e,40da9c4ccbe030124d608c59673902f662e14835cc0d8c4b4fffb89231b97a7a,ece085640a013d2803b0364ddf358ef6b1390854,2026-09-12T23:20:59.787335+00:00
D2-1029,f01e01fe-17e4-48b7-8ba3-9a88f876acd4,Meowth,Phantasmal Flames,106,illustration_rare,Pokemon- PSA 10 - Meowth #106/094 Phantasmal Flames  **FREE GUARD**,GRADED,REJECTED,REJECTED,GRADED_CARD,GRADED,"{""product_object"":{""reason"":""GRADE_OR_SLAB_EVIDENCE"",""state"":""GRADED_CARD""}}",GRADED_CARD,index_fair_value_ebay_d2m_v2,a2ac052891df2745f2a2dde8b615a5ccbf1ef23a777eb2a0310e35aef94f6d5e,40da9c4ccbe030124d608c59673902f662e14835cc0d8c4b4fffb89231b97a7a,ece085640a013d2803b0364ddf358ef6b1390854,2026-09-12T23:20:59.787335+00:00
D2-1032,f01e01fe-17e4-48b7-8ba3-9a88f876acd4,Meowth,Phantasmal Flames,106,illustration_rare,Meowth 106/094 Holo Phantasmal Flames Pokemon TCG NM,EXACT_TARGET_MATCH,HIGH_CONFIDENCE,HIGH_CONFIDENCE,SINGLE_RAW_CARD,RAW_CONDITION_STATED_NM,"{""language"":""COMPATIBLE"",""name"":""MATCH"",""number"":{""observed"":[""106""],""state"":""MATCH"",""target"":""106""},""product_object"":{""reason"":""NO_NON_CARD_OBJECT_EVIDENCE"",""state"":""SINGLE_RAW_CARD""},""raw"":""COMPATIBLE"",""set"":{""conflicts"":[],""matched"":[""phantasmal flames""],""state"":""EXACT""},""variant"":{""conflicting_treatments"":[],""matched"":[],""parallel_terms"":[],""state"":""ABSENT""}}",THREE_FACTOR_IDENTITY,index_fair_value_ebay_d2m_v2,a2ac052891df2745f2a2dde8b615a5ccbf1ef23a777eb2a0310e35aef94f6d5e,40da9c4ccbe030124d608c59673902f662e14835cc0d8c4b4fffb89231b97a7a,ece085640a013d2803b0364ddf358ef6b1390854,2026-09-12T23:20:59.787335+00:00
D2-1038,fd225f1d-3765-4209-a5ec-42caf35933b0,Team Rocket's Nidoking ex,Destined Rivals,233,special_illustration_rare,Team Rocket's Nidoking ex SIR SV10: Destined Rivals 233/182 NM,EXACT_TARGET_MATCH,HIGH_CONFIDENCE,HIGH_CONFIDENCE,SINGLE_RAW_CARD,RAW_CONDITION_STATED_NM,"{""language"":""COMPATIBLE"",""name"":""MATCH"",""number"":{""observed"":[""233""],""state"":""MATCH"",""target"":""233""},""product_object"":{""reason"":""NO_NON_CARD_OBJECT_EVIDENCE"",""state"":""SINGLE_RAW_CARD""},""raw"":""COMPATIBLE"",""set"":{""conflicts"":[],""matched"":[""destined rivals""],""state"":""EXACT""},""variant"":{""conflicting_treatments"":[],""matched"":[""sir""],""parallel_terms"":[],""state"":""MATCH""}}",THREE_FACTOR_IDENTITY,index_fair_value_ebay_d2m_v2,a2ac052891df2745f2a2dde8b615a5ccbf1ef23a777eb2a0310e35aef94f6d5e,40da9c4ccbe030124d608c59673902f662e14835cc0d8c4b4fffb89231b97a7a,ece085640a013d2803b0364ddf358ef6b1390854,2026-09-12T23:20:59.787335+00:00
D2-1043,fd225f1d-3765-4209-a5ec-42caf35933b0,Team Rocket's Nidoking ex,Destined Rivals,233,special_illustration_rare,Team Rocket's Nidoking ex Special Illustration Rare SV10: Destined Rivals DRI Da,EXACT_TARGET_MATCH,AMBIGUOUS,AMBIGUOUS,SINGLE_RAW_CARD,RAW_CONDITION_UNGRADED_UNSPECIFIED,"{""language"":""COMPATIBLE"",""name"":""MATCH"",""number"":{""observed"":[],""state"":""ABSENT"",""target"":""233""},""product_object"":{""reason"":""NO_NON_CARD_OBJECT_EVIDENCE"",""state"":""SINGLE_RAW_CARD""},""raw"":""COMPATIBLE"",""set"":{""conflicts"":[],""matched"":[""destined rivals"",""dri""],""state"":""EXACT""},""variant"":{""conflicting_treatments"":[""illustration_rare""],""matched"":[""special illustration rare""],""parallel_terms"":[],""state"":""MATCH""}}",INSUFFICIENT_INDEPENDENT_EVIDENCE,index_fair_value_ebay_d2m_v2,a2ac052891df2745f2a2dde8b615a5ccbf1ef23a777eb2a0310e35aef94f6d5e,40da9c4ccbe030124d608c59673902f662e14835cc0d8c4b4fffb89231b97a7a,ece085640a013d2803b0364ddf358ef6b1390854,2026-09-12T23:20:59.787335+00:00
D2-1048,fd225f1d-3765-4209-a5ec-42caf35933b0,Team Rocket's Nidoking ex,Destined Rivals,233,special_illustration_rare,Pokemon Nidoking ex 233/182 Destined Rivals Extended Art Case,SEALED_OR_ACCESSORY,REJECTED,REJECTED,CARD_ACCESSORY,NOT_APPLICABLE_NON_SINGLE_CARD,"{""product_object"":{""ontology_matches"":[""ART_CASE""],""reason"":""ACCESSORY_PRODUCT_CONTEXT"",""state"":""CARD_ACCESSORY""}}",CARD_ACCESSORY,index_fair_value_ebay_d2m_v2,a2ac052891df2745f2a2dde8b615a5ccbf1ef23a777eb2a0310e35aef94f6d5e,40da9c4ccbe030124d608c59673902f662e14835cc0d8c4b4fffb89231b97a7a,ece085640a013d2803b0364ddf358ef6b1390854,2026-09-12T23:20:59.787335+00:00
D2-1049,fd225f1d-3765-4209-a5ec-42caf35933b0,Team Rocket's Nidoking ex,Destined Rivals,233,special_illustration_rare,Pokemon Destined Rivals #233 Rocket'S Nidoking Ex Special Illustration PSA 10,GRADED,REJECTED,REJECTED,GRADED_CARD,GRADED,"{""product_object"":{""reason"":""GRADE_OR_SLAB_EVIDENCE"",""state"":""GRADED_CARD""}}",GRADED_CARD,index_fair_value_ebay_d2m_v2,a2ac052891df2745f2a2dde8b615a5ccbf1ef23a777eb2a0310e35aef94f6d5e,40da9c4ccbe030124d608c59673902f662e14835cc0d8c4b4fffb89231b97a7a,ece085640a013d2803b0364ddf358ef6b1390854,2026-09-12T23:20:59.787335+00:00
D2-1050,fd225f1d-3765-4209-a5ec-42caf35933b0,Team Rocket's Nidoking ex,Destined Rivals,233,special_illustration_rare,2025 Pokemon Destined Rivals Team Rocket's Nidoking ex 233/182 PSA 9 SIR,GRADED,REJECTED,REJECTED,GRADED_CARD,GRADED,"{""product_object"":{""reason"":""GRADE_OR_SLAB_EVIDENCE"",""state"":""GRADED_CARD""}}",GRADED_CARD,index_fair_value_ebay_d2m_v2,a2ac052891df2745f2a2dde8b615a5ccbf1ef23a777eb2a0310e35aef94f6d5e,40da9c4ccbe030124d608c59673902f662e14835cc0d8c4b4fffb89231b97a7a,ece085640a013d2803b0364ddf358ef6b1390854,2026-09-12T23:20:59.787335+00:00
