benchmark_row_id,listing_item_id,item_url,listing_title,condition,condition_id,category_id,buying_options_json,seller_id,image_url,canonical_card_id,card_variant_id,target_card_name,target_set_name,target_card_number,target_treatment,exact_match_yes_no_uncertain,single_card_or_lot,raw_or_graded,card_or_sealed_nonshcard,collector_number_consistency,set_consistency,language,variant_treatment,reviewer_id,label_timestamp,review_note,adjudicated_result
D4-0000,v1|227405058099|0,https://www.ebay.com/itm/227405058099?_skw=Penny+252+Scarlet+and+Violet+Base+Set+Pokemon+card&hash=item34f265d033:g:rIMAAeSwubhqPtBz,Penny  Pokemon Scarlet & Violet Base Set 252/198 Special Illustration Near Mint+,Ungraded,4000,,"[""FIXED_PRICE"", ""BEST_OFFER""]",drewscollectiblesllc,https://i.ebayimg.com/images/g/rIMAAeSwubhqPtBz/s-l225.jpg,018c983e-b1d0-41df-880e-ebf3f2e2fb12,4eb8f140-a9c3-41c4-85aa-c2f6b7131746,Penny,Scarlet and Violet Base Set,252,special_illustration_rare,YES,SINGLE_CARD,RAW,CARD,,,,,Donny,2026-09-14T00:11:12.847553+00:00,,
D4-0001,v1|318844145897|0,https://www.ebay.com/itm/318844145897?_skw=Penny+252+Scarlet+and+Violet+Base+Set+Pokemon+card&hash=item4a3c9790e9:g:8A4AAeSwgyJqoC9r,Penny 239/198 SV01: Scarlet & Violet Base Set Holo,Ungraded,4000,,"[""FIXED_PRICE""]",gzscollectables,https://i.ebayimg.com/images/g/8A4AAeSwgyJqoC9r/s-l225.jpg,018c983e-b1d0-41df-880e-ebf3f2e2fb12,4eb8f140-a9c3-41c4-85aa-c2f6b7131746,Penny,Scarlet and Violet Base Set,252,special_illustration_rare,NO,SINGLE_CARD,RAW,CARD,INCONSISTENT,,,,Donny,2026-09-14T00:11:15.022625+00:00,,
D4-0002,v1|178316183591|0,https://www.ebay.com/itm/178316183591?_skw=Penny+252+Scarlet+and+Violet+Base+Set&hash=item2984790827:g:pwAAAeSwgm9qWO9y,Penny 252/198 SV01: Scarlet & Violet Base Set Holo,Ungraded,4000,,"[""FIXED_PRICE"", ""BEST_OFFER""]",eternalgames2700,https://i.ebayimg.com/images/g/pwAAAeSwgm9qWO9y/s-l225.jpg,018c983e-b1d0-41df-880e-ebf3f2e2fb12,4eb8f140-a9c3-41c4-85aa-c2f6b7131746,Penny,Scarlet and Violet Base Set,252,special_illustration_rare,YES,SINGLE_CARD,RAW,CARD,,,,,Donny,2026-09-14T00:11:17.239407+00:00,,
D4-0003,v1|800624424699|0,https://www.ebay.com/itm/800624424699?_skw=Penny+252+Scarlet+and+Violet+Base+Set+Pokemon+card&hash=itemba68ef36fb:g:S5cAAeSwijdqi81H,Pokemon TCG Penny 252/198 SV01: Scarlet & Violet Base Set Full Art Holo English,Ungraded,4000,,"[""AUCTION"", ""BEST_OFFER""]",mo558941,https://i.ebayimg.com/images/g/S5cAAeSwijdqi81H/s-l225.jpg,018c983e-b1d0-41df-880e-ebf3f2e2fb12,4eb8f140-a9c3-41c4-85aa-c2f6b7131746,Penny,Scarlet and Violet Base Set,252,special_illustration_rare,YES,SINGLE_CARD,RAW,CARD,,,,,Donny,2026-09-14T00:11:18.780675+00:00,,
D4-0004,v1|397601382143|0,https://www.ebay.com/itm/397601382143?_skw=Penny+252+Scarlet+and+Violet+Base+Set&hash=item5c92e39eff:g:8P8AAeSwbmhpjkk7,Penny 183/198 Scarlet And Violet Base Set Reverse Holo,Ungraded,4000,,"[""FIXED_PRICE""]",shape9253,https://i.ebayimg.com/images/g/8P8AAeSwbmhpjkk7/s-l225.jpg,018c983e-b1d0-41df-880e-ebf3f2e2fb12,4eb8f140-a9c3-41c4-85aa-c2f6b7131746,Penny,Scarlet and Violet Base Set,252,special_illustration_rare,NO,SINGLE_CARD,RAW,CARD,INCONSISTENT,,,,Donny,2026-09-14T00:11:20.495482+00:00,,
D4-0005,v1|157448093015|0,https://www.ebay.com/itm/157448093015?_skw=Penny+252+Scarlet+and+Violet+Base+Set+Pokemon+card&hash=item24a8a33d57:g:kNkAAeSw~M1pDmWj,Pokemon TCG Scarlet & Violet Base Penny 252/198 Special Illustration Rare Card,Ungraded,4000,,"[""FIXED_PRICE"", ""BEST_OFFER""]",tubeztcg,https://i.ebayimg.com/images/g/kNkAAeSw~M1pDmWj/s-l225.jpg,018c983e-b1d0-41df-880e-ebf3f2e2fb12,4eb8f140-a9c3-41c4-85aa-c2f6b7131746,Penny,Scarlet and Violet Base Set,252,special_illustration_rare,YES,SINGLE_CARD,RAW,CARD,,,,,Donny,2026-09-14T00:11:21.656724+00:00,,
D4-0006,v1|178491448709|0,https://www.ebay.com/itm/178491448709?_skw=Trubbish+140+White+Flare+Pokemon+card&hash=item298eeb5d85:g:eHsAAeSwqn9qnjWh,Trubbish Pokemon WHT White Flare 140/086 Illustration Rare Full Art NM KATO,Ungraded,4000,,"[""FIXED_PRICE""]",void*tcg,https://i.ebayimg.com/images/g/eHsAAeSwqn9qnjWh/s-l225.jpg,0331d96e-d8af-44d3-9552-85f784d9b4ca,720c16f5-5c19-43bc-a711-0ea9e8545aab,Trubbish,White Flare,140,illustration_rare,YES,SINGLE_CARD,RAW,CARD,,,,,Donny,2026-09-14T00:11:23.810748+00:00,,
D4-0007,v1|128068123653|0,https://www.ebay.com/itm/128068123653?_skw=Trubbish+140+White+Flare&hash=item1dd1747c05:g:Js8AAeSwBsNqn4QH,Pokémon Trubbish 140/086 Sv: White Flare Holo Illustration Rare ENG,Ungraded,4000,,"[""FIXED_PRICE"", ""BEST_OFFER""]",goldendesertcardco,https://i.ebayimg.com/images/g/Js8AAeSwBsNqn4QH/s-l225.jpg,0331d96e-d8af-44d3-9552-85f784d9b4ca,720c16f5-5c19-43bc-a711-0ea9e8545aab,Trubbish,White Flare,140,illustration_rare,YES,SINGLE_CARD,RAW,CARD,,,,,Donny,2026-09-14T00:11:24.396634+00:00,,
D4-0008,v1|188757686190|0,https://www.ebay.com/itm/188757686190?_skw=Trubbish+140+White+Flare+Pokemon+card&hash=item2bf2d5b7ae:g:XCsAAeSwazxqdhwy,Trubbish 140/086 NM White Flare Pokemon Card illustration Rare Pack Fresh,Ungraded,4000,,"[""FIXED_PRICE""]",pokemonbuyandsell,https://i.ebayimg.com/images/g/XCsAAeSwazxqdhwy/s-l225.jpg,0331d96e-d8af-44d3-9552-85f784d9b4ca,720c16f5-5c19-43bc-a711-0ea9e8545aab,Trubbish,White Flare,140,illustration_rare,YES,SINGLE_CARD,RAW,CARD,,,,,Donny,2026-09-14T00:11:25.782122+00:00,,
D4-0009,v1|398358435736|0,https://www.ebay.com/itm/398358435736?_skw=Trubbish+140+White+Flare&hash=item5cc0035798:g:~1MAAeSwmX1qmrL9,Trubbish 140/086 SV: White Flare Holofoil Pokemon Near Mint,Ungraded,4000,,"[""FIXED_PRICE""]",nightly_tcg,https://i.ebayimg.com/images/g/~1MAAeSwmX1qmrL9/s-l225.jpg,0331d96e-d8af-44d3-9552-85f784d9b4ca,720c16f5-5c19-43bc-a711-0ea9e8545aab,Trubbish,White Flare,140,illustration_rare,YES,SINGLE_CARD,RAW,CARD,,,,,Donny,2026-09-14T00:11:26.422407+00:00,,
D4-0010,v1|307111723765|0,https://www.ebay.com/itm/307111723765?_skw=Trubbish+140+White+Flare+Pokemon+card&hash=item47814902f5:g:DwYAAeSwa4FqdQyr,Pokemon TCG Trubbish 140/086 Sv: White Flare Illustration Rare Full Art Holo,Ungraded,4000,,"[""FIXED_PRICE""]",ry-900091,https://i.ebayimg.com/images/g/DwYAAeSwa4FqdQyr/s-l225.jpg,0331d96e-d8af-44d3-9552-85f784d9b4ca,720c16f5-5c19-43bc-a711-0ea9e8545aab,Trubbish,White Flare,140,illustration_rare,YES,SINGLE_CARD,RAW,CARD,,,,,Donny,2026-09-14T00:11:27.236373+00:00,,
D4-0011,v1|318836234631|0,https://www.ebay.com/itm/318836234631?_skw=Trubbish+140+White+Flare+Pokemon+card&hash=item4a3c1ed987:g:7A8AAeSwEjtqnhIv,Trubbish 140/086 Illustration Rare White Flare Pokemon Holo Near Mint,Ungraded,4000,,"[""FIXED_PRICE""]",degencardboardllc,https://i.ebayimg.com/images/g/7A8AAeSwEjtqnhIv/s-l225.jpg,0331d96e-d8af-44d3-9552-85f784d9b4ca,720c16f5-5c19-43bc-a711-0ea9e8545aab,Trubbish,White Flare,140,illustration_rare,YES,SINGLE_CARD,RAW,CARD,,,,,Donny,2026-09-14T00:11:28.428020+00:00,,
D4-0012,v1|407105243222|0,https://www.ebay.com/itm/407105243222?_skw=Haxorus+147+Black+Bolt+Pokemon+card&hash=item5ec95d0856:g:~rAAAeSw75ZqaXf9,Haxorus 147/086 Sv: Black Bolt Holo Illustration Rare,Ungraded,4000,,"[""FIXED_PRICE"", ""BEST_OFFER""]",veefamcards,https://i.ebayimg.com/images/g/~rAAAeSw75ZqaXf9/s-l225.jpg,0b81872e-b089-49e9-aec3-16a535b12efb,0057b67c-a140-400c-b308-2a6d046cb043,Haxorus,Black Bolt,147,illustration_rare,YES,SINGLE_CARD,RAW,CARD,,,,,Donny,2026-09-14T00:11:29.328033+00:00,,
D4-0013,v1|307138517456|0,https://www.ebay.com/itm/307138517456?_skw=Haxorus+147+Black+Bolt+Pokemon+card&hash=item4782e1d9d0:g:FeYAAeSw5Rdqh9S~&amdata=enc%3AAQALAAABAACCtXRWQnOEpyOqnQQ8KGYEXiYuHs%2BpUbn5dPodH0dl9VSPa%2B3Qe4rc4kiDOBWMFzf6tMGLDqm8vsJVSN%2FTlDR2wjpt6f2abtEOEgbYu0M1uVGgG6ubnAJrXUvh%2F2V8HQBPv7ug4YpTlQsCw%2F26H87AoKrrN%2BUqnWs%2BAk4myTrtAllOJmQ58iNpuDeFWYGUmHWpRI3PpwLCbeObGwgyMJnbMPOnPWkk0US5VE5NLPAwefjCzW%2BepafxfhecZPnOZs9Q1AjUDBHA1tnNG0oOmrwdOIfXYxgOwDTROP1ED7Vg6TwqgFjKb9wnPSU7Lq78vHXxyJP51d%2BumAN7ztaUqWA%3D,Pokémon - Haxorus 147/086 (Illustration Rare) - NM sv10.5: Black Bolt,Ungraded,4000,,"[""FIXED_PRICE""]",collectorsvaultok,https://i.ebayimg.com/images/g/FeYAAeSw5Rdqh9S~/s-l225.jpg,0b81872e-b089-49e9-aec3-16a535b12efb,0057b67c-a140-400c-b308-2a6d046cb043,Haxorus,Black Bolt,147,illustration_rare,YES,SINGLE_CARD,RAW,CARD,,,,,Donny,2026-09-14T00:11:30.336107+00:00,,
D4-0014,v1|298651078903|0,https://www.ebay.com/itm/298651078903?_skw=Haxorus+147+Black+Bolt+Pokemon+card&hash=item4588fdd0f7:g:xKMAAeSwS7ZqnZnc,2025 POKEMON BLK EN-BLACK BOLT ILLUSTRATION RARE #147 HAXORUS PSA 10,Graded,2750,,"[""FIXED_PRICE"", ""BEST_OFFER""]",psa,https://i.ebayimg.com/images/g/xKMAAeSwS7ZqnZnc/s-l225.jpg,0b81872e-b089-49e9-aec3-16a535b12efb,0057b67c-a140-400c-b308-2a6d046cb043,Haxorus,Black Bolt,147,illustration_rare,NO,SINGLE_CARD,GRADED,CARD,,,,,Donny,2026-09-14T00:11:32.076890+00:00,,
D4-0015,v1|358875439391|0,https://www.ebay.com/itm/358875439391?_skw=Haxorus+147+Black+Bolt+Pokemon+card&hash=item538ea4a11f:g:X~MAAeSwlslqb41g,Haxorus Holo Illustration Rare SV: Black Bolt 147/086 NM,Ungraded,4000,,"[""FIXED_PRICE"", ""BEST_OFFER""]",xcellencesftcg,https://i.ebayimg.com/images/g/X~MAAeSwlslqb41g/s-l225.jpg,0b81872e-b089-49e9-aec3-16a535b12efb,0057b67c-a140-400c-b308-2a6d046cb043,Haxorus,Black Bolt,147,illustration_rare,YES,SINGLE_CARD,RAW,CARD,,,,,Donny,2026-09-14T00:11:34.227550+00:00,,
D4-0016,v1|820076027739|0,https://www.ebay.com/itm/820076027739?_skw=Haxorus+147+Black+Bolt+Pokemon+card&hash=itembef0571f5b:g:KqAAAeSwxFVql3xo,Haxorus Black Bolt Illustration Card 147/086 Mint/Near Mint Condition,Ungraded,4000,,"[""FIXED_PRICE"", ""BEST_OFFER""]",hobbyxhunter,https://i.ebayimg.com/images/g/KqAAAeSwxFVql3xo/s-l225.jpg,0b81872e-b089-49e9-aec3-16a535b12efb,0057b67c-a140-400c-b308-2a6d046cb043,Haxorus,Black Bolt,147,illustration_rare,YES,SINGLE_CARD,RAW,CARD,,,,,Donny,2026-09-14T00:11:34.917944+00:00,,
D4-0017,v1|366622781523|0,https://www.ebay.com/itm/366622781523?_skw=Haxorus+147+Black+Bolt+Pokemon+card&hash=item555c6bb053:g:1eYAAeSwWaNqigHK,Haxorus 147/086 (NM) - SV: Black Bolt - Illustration Rare - Pokemon TCG,Ungraded,4000,,"[""FIXED_PRICE"", ""BEST_OFFER""]",thetcgcollections,https://i.ebayimg.com/images/g/1eYAAeSwWaNqigHK/s-l225.jpg,0b81872e-b089-49e9-aec3-16a535b12efb,0057b67c-a140-400c-b308-2a6d046cb043,Haxorus,Black Bolt,147,illustration_rare,YES,SINGLE_CARD,RAW,CARD,,,,,Donny,2026-09-14T00:11:35.524558+00:00,,
D4-0018,v1|298400665390|0,https://www.ebay.com/itm/298400665390?_skw=Tinkatuff+166+Paldean+Fates+Pokemon+card&hash=item457a10cf2e:g:12kAAeSw~nRqKJXy,Tinkatuff 166/091 Shiny Rare Paldean Fates Pokemon Near Mint,Ungraded,4000,,"[""FIXED_PRICE""]",pokealberta,https://i.ebayimg.com/images/g/12kAAeSw~nRqKJXy/s-l225.jpg,0dde3317-5162-49d1-b5c9-6b206a086d2c,7a7c3304-cc14-4aab-9f7b-b88270d4228c,Tinkatuff,Paldean Fates,166,shiny_rare,YES,SINGLE_CARD,RAW,CARD,,,,,Donny,2026-09-14T00:11:38.757478+00:00,,
D4-0019,v1|178455097154|0,https://www.ebay.com/itm/178455097154?_skw=Tinkatuff+166+Paldean+Fates&hash=item298cc0af42:g:iTwAAeSw7zhqlROX,Tinkatuff SV: Paldean Fates LP 166/091 Holofoil,Ungraded,4000,,"[""FIXED_PRICE""]",bontadelligamevault,https://i.ebayimg.com/images/g/iTwAAeSw7zhqlROX/s-l225.jpg,0dde3317-5162-49d1-b5c9-6b206a086d2c,7a7c3304-cc14-4aab-9f7b-b88270d4228c,Tinkatuff,Paldean Fates,166,shiny_rare,YES,SINGLE_CARD,RAW,CARD,,,,,Donny,2026-09-14T00:11:39.799674+00:00,,
D4-0020,v1|336748117678|0,https://www.ebay.com/itm/336748117678?_skw=Tinkatuff+166+Paldean+Fates+Pokemon+card&hash=item4e67c07eae:g:Q6EAAeSwNXNqg9HN,Tinkatuff 166/091 Shiny Rare Paldean Fates Pokemon Holo Near Mint,Ungraded,4000,,"[""FIXED_PRICE""]",shmilostradingcardsandcollectibles,https://i.ebayimg.com/images/g/Q6EAAeSwNXNqg9HN/s-l225.jpg,0dde3317-5162-49d1-b5c9-6b206a086d2c,7a7c3304-cc14-4aab-9f7b-b88270d4228c,Tinkatuff,Paldean Fates,166,shiny_rare,YES,SINGLE_CARD,RAW,CARD,,,,,Donny,2026-09-14T00:11:40.786459+00:00,,
D4-0021,v1|178486794150|0,https://www.ebay.com/itm/178486794150?_skw=Tinkatuff+166+Paldean+Fates+Pokemon+card&hash=item298ea457a6:g:0-oAAeSwYTJqo4NA,Tinkatuff Holo Rare SV Paldean Fates Pokemon TCG Card 166/091 Shiny NM,Ungraded,4000,,"[""FIXED_PRICE"", ""BEST_OFFER""]",seapric73,https://i.ebayimg.com/images/g/0-oAAeSwYTJqo4NA/s-l225.jpg,0dde3317-5162-49d1-b5c9-6b206a086d2c,7a7c3304-cc14-4aab-9f7b-b88270d4228c,Tinkatuff,Paldean Fates,166,shiny_rare,YES,SINGLE_CARD,RAW,CARD,,,,,Donny,2026-09-14T00:11:42.532406+00:00,,
D4-0022,v1|366497666740|0,https://www.ebay.com/itm/366497666740?_skw=Tinkatuff+166+Paldean+Fates&hash=item5554f696b4:g:OmcAAeSwV0tqObpU&amdata=enc%3AAQALAAABAACCtXRWQnOEpyOqnQQ8KGbRFYev9MIThQuWKKzej3K2W3rxfvWD4V8H%2BiBjf8Tgl8nzUY3mEA3p5atpUHges2e0%2F8xeVtMC5dLSFY2wqU5mK2WQoNjLSNjZT80UZuzkH5rkRiGmZP4vQ01weZEhaqpZ4hx2hNvcupaxpW7Zu%2FUbJU%2FVKcKDlNkIpO%2Fl1x5b0SeFYnqF5IOwrNDpF3e%2F2vNDNrhyrSUisp2XmoetBBdmbs4cji3seHEDWXKmSOCVrhPXOLp8RlwWmiKT7q0ysreeOBm8EYAZzqcJg1l7EnZX3EpDuaxcxJXgKbHibNhbeJ70FKNHKRYVrWmg1OPAVQ8%3D,Pokémon Arboliva 104/091 SV: Paldean Fates Shiny Rare Holo EN 150 HP,Ungraded,4000,,"[""FIXED_PRICE"", ""BEST_OFFER""]",honzafuntcg,https://i.ebayimg.com/images/g/OmcAAeSwV0tqObpU/s-l225.jpg,0dde3317-5162-49d1-b5c9-6b206a086d2c,7a7c3304-cc14-4aab-9f7b-b88270d4228c,Tinkatuff,Paldean Fates,166,shiny_rare,NO,SINGLE_CARD,RAW,CARD,,,,,Donny,2026-09-14T00:11:44.273618+00:00,,
D4-0023,v1|287395415338|0,https://www.ebay.com/itm/287395415338?_skw=Tinkatuff+166+Paldean+Fates+Pokemon+card&hash=item42ea1a052a:g:pA4AAeSwMs1qL0d2,2024 Pokemon Paldean Fates Tinkatuff #166/091,Ungraded,4000,,"[""FIXED_PRICE""]",cjcscollectables,https://i.ebayimg.com/images/g/pA4AAeSwMs1qL0d2/s-l225.jpg,0dde3317-5162-49d1-b5c9-6b206a086d2c,7a7c3304-cc14-4aab-9f7b-b88270d4228c,Tinkatuff,Paldean Fates,166,shiny_rare,YES,SINGLE_CARD,RAW,CARD,,,,,Donny,2026-09-14T00:11:45.579878+00:00,,
D4-0024,v1|407046495147|0,https://www.ebay.com/itm/407046495147?_skw=Lt.+Surge%27s+Bargain+185+Mega+Evolution+Pokemon+card&hash=item5ec5dc9bab:g:MS4AAeSwSl5qSCQT,Lt. Surge's Bargain Holo Special Illustration Rare ME01: Mega Evolution 185/132,Ungraded,4000,,"[""FIXED_PRICE"", ""BEST_OFFER""]",weevilcardsenterprise,https://i.ebayimg.com/images/g/MS4AAeSwSl5qSCQT/s-l225.jpg,10a47631-ea19-4b62-8a93-4b1b3e6b3013,780a248c-87ff-4879-955c-3d6bea287aca,Lt. Surge's Bargain,Mega Evolution,185,special_illustration_rare,YES,SINGLE_CARD,RAW,CARD,,,,,Donny,2026-09-14T00:11:46.955681+00:00,,
D4-0025,v1|800647822171|0,https://www.ebay.com/itm/800647822171?_skw=Lt.+Surge%27s+Bargain+185+Mega+Evolution&hash=itemba6a543b5b:g:FrwAAeSwf9tqpJ38,The Pokémon Company Lt. Surge's Bargain ME01 EN 185/132 Holo SIR PSA 10,Graded,2750,,"[""FIXED_PRICE"", ""BEST_OFFER""]",ma_juaj_hrt1sfz,https://i.ebayimg.com/images/g/FrwAAeSwf9tqpJ38/s-l225.jpg,10a47631-ea19-4b62-8a93-4b1b3e6b3013,780a248c-87ff-4879-955c-3d6bea287aca,Lt. Surge's Bargain,Mega Evolution,185,special_illustration_rare,NO,SINGLE_CARD,GRADED,CARD,,,,,Donny,2026-09-14T00:11:48.355736+00:00,,
D4-0026,v1|398383321639|0,https://www.ebay.com/itm/398383321639?_skw=Lt.+Surge%27s+Bargain+185+Mega+Evolution+Pokemon+card&hash=item5cc17f1227:g:mdsAAeSwLfFqQ1GG,Lt. Surge's Bargain 185/132 Mega Evolution Pokemon Holo NM/M,Ungraded,4000,,"[""FIXED_PRICE"", ""BEST_OFFER""]",thequickfixx,https://i.ebayimg.com/images/g/mdsAAeSwLfFqQ1GG/s-l225.jpg,10a47631-ea19-4b62-8a93-4b1b3e6b3013,780a248c-87ff-4879-955c-3d6bea287aca,Lt. Surge's Bargain,Mega Evolution,185,special_illustration_rare,YES,SINGLE_CARD,RAW,CARD,,,,,Donny,2026-09-14T00:11:50.400270+00:00,,
D4-0027,v1|820048149450|0,https://www.ebay.com/itm/820048149450?_skw=Lt.+Surge%27s+Bargain+185+Mega+Evolution+Pokemon+card&hash=itembeeeadbbca:g:AjQAAeSwXyxqjk4r,Lt. Surge's Bargain Holo 185/132 Mega Evolution Pokemon NM,Ungraded,4000,,"[""FIXED_PRICE""]",nextgencollect,https://i.ebayimg.com/images/g/AjQAAeSwXyxqjk4r/s-l225.jpg,10a47631-ea19-4b62-8a93-4b1b3e6b3013,780a248c-87ff-4879-955c-3d6bea287aca,Lt. Surge's Bargain,Mega Evolution,185,special_illustration_rare,YES,SINGLE_CARD,RAW,CARD,,,,,Donny,2026-09-14T00:11:51.804066+00:00,,
D4-0028,v1|800403365894|0,https://www.ebay.com/itm/800403365894?_skw=Lt.+Surge%27s+Bargain+185+Mega+Evolution&hash=itemba5bc22006:g:uVoAAeSwcGlqZA8J,Pokémon Lt. Surge’s Bargain Trainer SIR Mega Evolutions Base Set 185/132 NM,Ungraded,4000,,"[""FIXED_PRICE"", ""BEST_OFFER""]",fishcollectibles,https://i.ebayimg.com/images/g/uVoAAeSwcGlqZA8J/s-l225.jpg,10a47631-ea19-4b62-8a93-4b1b3e6b3013,780a248c-87ff-4879-955c-3d6bea287aca,Lt. Surge's Bargain,Mega Evolution,185,special_illustration_rare,YES,SINGLE_CARD,RAW,CARD,,,,,Donny,2026-09-14T00:11:52.726578+00:00,,
D4-0029,v1|407195981463|0,https://www.ebay.com/itm/407195981463?_skw=Lt.+Surge%27s+Bargain+185+Mega+Evolution+Pokemon+card&hash=item5ecec59697:g:vSMAAeSwICxqnK2i,Lt. Surge's Bargain 185/132 Mega Evolution Pokemon Holo NM osare,Ungraded,4000,,"[""FIXED_PRICE"", ""BEST_OFFER""]",holohustlellc,https://i.ebayimg.com/images/g/vSMAAeSwICxqnK2i/s-l225.jpg,10a47631-ea19-4b62-8a93-4b1b3e6b3013,780a248c-87ff-4879-955c-3d6bea287aca,Lt. Surge's Bargain,Mega Evolution,185,special_illustration_rare,YES,SINGLE_CARD,RAW,CARD,,,,,Donny,2026-09-14T00:11:54.396249+00:00,,
D4-0030,v1|226282178641|0,https://www.ebay.com/itm/226282178641?_skw=Carmine+217+Twilight+Masquerade+Pokemon+card&hash=item34af780851:g:61QAAeSweTxo1D78,Pokemon Bloodmoon Ursaluna EX 216/217 Twilight Masquerade Custom Display Case,Ungraded,4000,,"[""FIXED_PRICE""]",dragarious,https://i.ebayimg.com/images/g/61QAAeSweTxo1D78/s-l225.jpg,147a436d-4ccc-43d1-b19a-20b74d2ff723,a86eb8d9-0e89-4e02-879a-d587dbfe0252,Carmine,Twilight Masquerade,217,special_illustration_rare,NO,SINGLE_CARD,RAW,SEALED_OR_NON_CARD,,,,,Donny,2026-09-14T00:11:55.995637+00:00,,
D4-0031,v1|820089256231|0,https://www.ebay.com/itm/820089256231?_skw=Carmine+217+Twilight+Masquerade+Pokemon+card&hash=itembef120f927:g:FcwAAeSwBmRqM2gY,Carmine 217/167 Sv06: Twilight Masquerade Holo,Ungraded,4000,,"[""FIXED_PRICE""]",volunteerretro,https://i.ebayimg.com/images/g/FcwAAeSwBmRqM2gY/s-l225.jpg,147a436d-4ccc-43d1-b19a-20b74d2ff723,a86eb8d9-0e89-4e02-879a-d587dbfe0252,Carmine,Twilight Masquerade,217,special_illustration_rare,YES,SINGLE_CARD,RAW,CARD,,,,,Donny,2026-09-14T00:12:01.463870+00:00,,
D4-0032,v1|226403949515|0,https://www.ebay.com/itm/226403949515?_skw=Carmine+217+Twilight+Masquerade+Pokemon+card&hash=item34b6ba1bcb:g:OqsAAeSw5dxo59cF,Pokemon Carmine 217 SIR Twilight Masquerade Extended Artwork Case,Ungraded,4000,,"[""FIXED_PRICE""]",dragarious,https://i.ebayimg.com/images/g/OqsAAeSw5dxo59cF/s-l225.jpg,147a436d-4ccc-43d1-b19a-20b74d2ff723,a86eb8d9-0e89-4e02-879a-d587dbfe0252,Carmine,Twilight Masquerade,217,special_illustration_rare,NO,SINGLE_CARD,RAW,SEALED_OR_NON_CARD,,,,,Donny,2026-09-14T00:12:02.689338+00:00,,
D4-0033,v1|276617468054|0,https://www.ebay.com/itm/276617468054?_skw=Carmine+217+Twilight+Masquerade+Pokemon+card&hash=item4067af9896:g:7w8AAOSwl-Fm0K-8&amdata=enc%3AAQALAAABEACCtXRWQnOEpyOqnQQ8KGZmW8kM3I5AHEJhuIFQFDY9di1Y%2BP9Z0ry6nzF5Fote3fFbSPOpy3YOYvuHmG9jYhNQd0f2Fshj5pKy45wNGc4%2BZ8aAdo7iZjL6KDA8YMtcs2HiVc1XzBepYVT4s%2B7ItRY%2FsP0zgskL5bLDizcfg0m7cTP3VNvy6McpYjtJ2EkqUpfXg%2F8aqci4CnKUCOESaZgVTRfim%2F1TSuodYvP8Y7jAiQb9KXeGumdOIoVnTwvBJBrDe0oqu8g7Po9wnUKWZeL31qrKkNWdrC228Z7k3JsUqg4YiBQjgpGaao7YEPtJSW3lothHaxyMO%2BpVuXW2qBpmNmHoIf4d%2BfhJbt5eenQS,Pokémon TCG Carmine Scarlet & Violet-Twilight Masquerade 217/167 Holo Special NM,Ungraded,4000,,"[""FIXED_PRICE""]",tomreber1,https://i.ebayimg.com/images/g/7w8AAOSwl-Fm0K-8/s-l225.jpg,147a436d-4ccc-43d1-b19a-20b74d2ff723,a86eb8d9-0e89-4e02-879a-d587dbfe0252,Carmine,Twilight Masquerade,217,special_illustration_rare,YES,SINGLE_CARD,RAW,CARD,,,,,Donny,2026-09-14T00:12:04.354780+00:00,,
D4-0034,v1|397908431206|0,https://www.ebay.com/itm/397908431206?_skw=Carmine+217+Twilight+Masquerade+Pokemon+card&hash=item5ca530d166:g:8DQAAeSwCmBp99DS,CARMINE 217 PSA 9 2024 POKEMON TWILIGHT MASQUERADE SPECIAL ILLUSTRATION RARE,Graded,2750,,"[""FIXED_PRICE""]",thecardcurators,https://i.ebayimg.com/images/g/8DQAAeSwCmBp99DS/s-l225.jpg,147a436d-4ccc-43d1-b19a-20b74d2ff723,a86eb8d9-0e89-4e02-879a-d587dbfe0252,Carmine,Twilight Masquerade,217,special_illustration_rare,NO,SINGLE_CARD,GRADED,CARD,,,,,Donny,2026-09-14T00:12:06.054794+00:00,,
D4-0035,v1|178252390217|0,https://www.ebay.com/itm/178252390217?_skw=Carmine+217+Twilight+Masquerade+Pokemon+card&hash=item2980ab9f49:g:wlQAAeSwHKFqPD6-&amdata=enc%3AAQALAAABEACCtXRWQnOEpyOqnQQ8KGa1LCAnXgffgxNAo2WAHSy%2Bar6G7gdbrn%2Fzwex4RuGjcLBnvR2VBIkKDhM07DftS5d47dwyggN9FcYlbz0QjsS1r3hByNBQSncR3%2Fisv%2BvFritcaQj14dshHldCsFfyOzrn8hAuYIqZ4bXHE1yzpOmeaHq34tG4dPecRH241lGF6CmY9BcCCjEtYmLu8TAReBh%2BTC9OmrnAdGBw%2F9w%2FRhogWLdAGpQ5V1pfXCHDyJLjLuFQYoqBlSpeiXRIJxSmYJml8--yT3AjPaXU0KxYIk0st%2F4VV%2Bk%2F1UFtLx%2FGHHbqTr%2B2ZDWaAoY0rHBBhOesR1quDuqFncUJYQyGRd0FoEyX,PSA 9 Pokemon TCG 2024 Pokemon Twm En-Twilight Masquerade #217 Carmine MINT,Graded,2750,,"[""FIXED_PRICE"", ""BEST_OFFER""]",cw-valuecards2,https://i.ebayimg.com/images/g/wlQAAeSwHKFqPD6-/s-l225.jpg,147a436d-4ccc-43d1-b19a-20b74d2ff723,a86eb8d9-0e89-4e02-879a-d587dbfe0252,Carmine,Twilight Masquerade,217,special_illustration_rare,NO,SINGLE_CARD,GRADED,CARD,,,,,Donny,2026-09-14T00:12:07.274642+00:00,,
D4-0036,v1|137264903447|0,https://www.ebay.com/itm/137264903447?_skw=Giovanni%27s+Charisma+204+Scarlet+and+Violet+151&hash=item1ff5a03517:g:7R4AAeSwkuFp8VnX,Giovanni's Charisma - Scarlet & Violet 151 #204/165 Special Illustration Rare NM,Ungraded,4000,,"[""FIXED_PRICE"", ""BEST_OFFER""]",holofiendtcg,https://i.ebayimg.com/images/g/7R4AAeSwkuFp8VnX/s-l225.jpg,152906c9-3b9f-4f16-bb22-cb4241c7386b,20ddd5ca-77ef-4e3c-a018-ea4c7a44913a,Giovanni's Charisma,Scarlet and Violet 151,204,special_illustration_rare,YES,SINGLE_CARD,RAW,CARD,,,,,Donny,2026-09-14T00:12:09.348158+00:00,,
D4-0037,v1|800648401882|0,https://www.ebay.com/itm/800648401882?_skw=Giovanni%27s+Charisma+204+Scarlet+and+Violet+151+Pokemon+card&hash=itemba6a5d13da:g:wesAAeSwEjRqpMcd,Giovanni's Charisma SV: Scarlet & Violet 151 - Holofoil [197/165] - NM,Ungraded,4000,,"[""FIXED_PRICE""]",nottheexpert,https://i.ebayimg.com/images/g/wesAAeSwEjRqpMcd/s-l225.jpg,152906c9-3b9f-4f16-bb22-cb4241c7386b,20ddd5ca-77ef-4e3c-a018-ea4c7a44913a,Giovanni's Charisma,Scarlet and Violet 151,204,special_illustration_rare,NO,SINGLE_CARD,RAW,CARD,INCONSISTENT,,,,Donny,2026-09-14T00:12:12.468619+00:00,,
D4-0038,v1|287354648191|0,https://www.ebay.com/itm/287354648191?_skw=Giovanni%27s+Charisma+204+Scarlet+and+Violet+151+Pokemon+card&hash=item42e7abf67f:g:n9wAAeSwQdhqFaYW&amdata=enc%3AAQALAAABIACCtXRWQnOEpyOqnQQ8KGYHVn4V5g2YvXiuD%2BH7%2FuehLTFnXzLtZD3utLFohy%2BVMyMEmMf2vAB4S%2FddykXGuYA3lIGfufJI8NkR9h26NCRLYudU9tNFPCmbDnSTZ3waxSIFNQJqnKLMnbHPohuoRgXW2Rf%2FNdn3%2BWen789PCZd5NGaglDOvieLvyI3n9eYzdkGFcV95enhAez919jNiFNMYPyw%2Ff3EARtjx8GJcck56OFbLrEw6hc1mdCwul0D93LFkDx78CYZuCxzZrew1TfeoFxRAreIVb83%2Bcby2LVJpbTzDU7ND0IvDI3mIivKF4RQzV0J2e9XNNd9D%2FBnGuS6f6%2Ff0kDezzZPd5w8haGf0eWqJL1XxJvHKyLXM4ceASQ%3D%3D,Giovanni's Charisma Special Illustration Rare SV: Scarlet & Violet 151 204/165 N,Ungraded,4000,,"[""FIXED_PRICE"", ""BEST_OFFER""]",thecardarmory,https://i.ebayimg.com/images/g/n9wAAeSwQdhqFaYW/s-l225.jpg,152906c9-3b9f-4f16-bb22-cb4241c7386b,20ddd5ca-77ef-4e3c-a018-ea4c7a44913a,Giovanni's Charisma,Scarlet and Violet 151,204,special_illustration_rare,YES,SINGLE_CARD,RAW,CARD,,,,,Donny,2026-09-14T00:12:13.881138+00:00,,
D4-0039,v1|398257734085|0,https://www.ebay.com/itm/398257734085?_skw=Giovanni%27s+Charisma+204+Scarlet+and+Violet+151&hash=item5cba02c1c5:g:nBgAAeSw2RBqdPUt,Giovanni's Charisma Special Illustration Rare SV Scarlet & Violet 151 204/165 NM,Ungraded,4000,,"[""FIXED_PRICE"", ""BEST_OFFER""]",gemtcgstore,https://i.ebayimg.com/images/g/nBgAAeSw2RBqdPUt/s-l225.jpg,152906c9-3b9f-4f16-bb22-cb4241c7386b,20ddd5ca-77ef-4e3c-a018-ea4c7a44913a,Giovanni's Charisma,Scarlet and Violet 151,204,special_illustration_rare,YES,SINGLE_CARD,RAW,CARD,,,,,Donny,2026-09-14T00:12:15.190661+00:00,,
D4-0040,v1|377487837604|0,https://www.ebay.com/itm/377487837604?_skw=Giovanni%27s+Charisma+204+Scarlet+and+Violet+151+Pokemon+card&hash=item57e40749a4:g:02oAAeSwsiRqo429,SV: Scarlet & Violet 151 #197/165 Giovanni's Charisma,Ungraded,4000,,"[""FIXED_PRICE""]",xtremecollector78,https://i.ebayimg.com/images/g/02oAAeSwsiRqo429/s-l225.jpg,152906c9-3b9f-4f16-bb22-cb4241c7386b,20ddd5ca-77ef-4e3c-a018-ea4c7a44913a,Giovanni's Charisma,Scarlet and Violet 151,204,special_illustration_rare,NO,SINGLE_CARD,RAW,CARD,INCONSISTENT,,,,Donny,2026-09-14T00:12:17.466861+00:00,,
D4-0041,v1|800305157730|0,https://www.ebay.com/itm/800305157730?_skw=Giovanni%27s+Charisma+204+Scarlet+and+Violet+151+Pokemon+card&hash=itemba55e79662:g:SaUAAeSw0TVqTYIv,Giovanni's Charisma SV: Scarlet & Violet 151 #161/165 NM,Ungraded,4000,,"[""FIXED_PRICE""]",samurai-ty,https://i.ebayimg.com/images/g/SaUAAeSw0TVqTYIv/s-l225.jpg,152906c9-3b9f-4f16-bb22-cb4241c7386b,20ddd5ca-77ef-4e3c-a018-ea4c7a44913a,Giovanni's Charisma,Scarlet and Violet 151,204,special_illustration_rare,NO,SINGLE_CARD,RAW,CARD,INCONSISTENT,,,,Donny,2026-09-14T00:12:18.752185+00:00,,
D4-0042,v1|168631787726|0,https://www.ebay.com/itm/168631787726?_skw=Veluza+192+Paradox+Rift+Pokemon+card&hash=item27433ce0ce:g:5Q0AAeSwxZRqiRoM,Veluza 192 182 Illustration Rare SV04: Paradox Rift 192/182 Holo NM,Ungraded,4000,,"[""FIXED_PRICE"", ""BEST_OFFER""]",gem.state.gems,https://i.ebayimg.com/images/g/5Q0AAeSwxZRqiRoM/s-l225.jpg,15faf94c-4a3b-4f09-a867-f2ded1174419,98ab7334-59cd-47fa-b778-f6526e5e1276,Veluza,Paradox Rift,192,illustration_rare,YES,SINGLE_CARD,RAW,CARD,,,,,Donny,2026-09-14T00:12:19.866808+00:00,,
D4-0043,v1|206551194885|0,https://www.ebay.com/itm/206551194885?_skw=Veluza+192+Paradox+Rift+Pokemon+card&hash=item3017691d05:g:urwAAeSwR25qpLBw,Veluza 192/182 Illustration Rare Paradox Rift Pokemon Holo Near Mint,Ungraded,4000,,"[""FIXED_PRICE""]",skizzysplace,https://i.ebayimg.com/images/g/urwAAeSwR25qpLBw/s-l225.jpg,15faf94c-4a3b-4f09-a867-f2ded1174419,98ab7334-59cd-47fa-b778-f6526e5e1276,Veluza,Paradox Rift,192,illustration_rare,YES,SINGLE_CARD,RAW,CARD,,,,,Donny,2026-09-14T00:12:20.660147+00:00,,
D4-0044,v1|298505441524|0,https://www.ebay.com/itm/298505441524?_skw=Veluza+192+Paradox+Rift+Pokemon+card&hash=item45804f90f4:g:nc8AAeSwahlqVxW7,Veluza Holo Illustration Rare SV04: Paradox Rift 192/182 NM,Ungraded,4000,,"[""FIXED_PRICE"", ""BEST_OFFER""]",basicislandtcg,https://i.ebayimg.com/images/g/nc8AAeSwahlqVxW7/s-l225.jpg,15faf94c-4a3b-4f09-a867-f2ded1174419,98ab7334-59cd-47fa-b778-f6526e5e1276,Veluza,Paradox Rift,192,illustration_rare,YES,SINGLE_CARD,RAW,CARD,,,,,Donny,2026-09-14T00:12:21.872687+00:00,,
D4-0045,v1|358120430193|0,https://www.ebay.com/itm/358120430193?_skw=Veluza+192+Paradox+Rift+Pokemon+card&hash=item5361a41a71:g:x70AAeSw9JlpaUk-,Veluza 192/182 - SV04 Paradox Rift Holo NM Pokemon TCG,Ungraded,4000,,"[""FIXED_PRICE"", ""BEST_OFFER""]",magicale23,https://i.ebayimg.com/images/g/x70AAeSw9JlpaUk-/s-l225.jpg,15faf94c-4a3b-4f09-a867-f2ded1174419,98ab7334-59cd-47fa-b778-f6526e5e1276,Veluza,Paradox Rift,192,illustration_rare,YES,SINGLE_CARD,RAW,CARD,,,,,Donny,2026-09-14T00:12:22.857335+00:00,,
D4-0046,v1|377283231076|0,https://www.ebay.com/itm/377283231076?_skw=Veluza+192+Paradox+Rift&hash=item57d7d53d64:g:7vQAAeSwzm9qNyEh,Veluza 192/182 SV04: Paradox Rift Holo,Ungraded,4000,,"[""FIXED_PRICE""]",foreverland95,https://i.ebayimg.com/images/g/7vQAAeSwzm9qNyEh/s-l225.jpg,15faf94c-4a3b-4f09-a867-f2ded1174419,98ab7334-59cd-47fa-b778-f6526e5e1276,Veluza,Paradox Rift,192,illustration_rare,YES,SINGLE_CARD,RAW,CARD,,,,,Donny,2026-09-14T00:12:23.682930+00:00,,
D4-0047,v1|127819452531|0,https://www.ebay.com/itm/127819452531?_skw=Veluza+192+Paradox+Rift+Pokemon+card&hash=item1dc2a21073:g:5iYAAeSwU9Bp5ZbY,Pokémon Veluza SV04 Paradox Rift Illustration Rare Holo 120HP 192/182 English,Graded,2750,,"[""FIXED_PRICE"", ""BEST_OFFER""]",divingintocollectables,https://i.ebayimg.com/images/g/5iYAAeSwU9Bp5ZbY/s-l225.jpg,15faf94c-4a3b-4f09-a867-f2ded1174419,98ab7334-59cd-47fa-b778-f6526e5e1276,Veluza,Paradox Rift,192,illustration_rare,NO,SINGLE_CARD,GRADED,CARD,,,,,Donny,2026-09-14T00:12:24.822454+00:00,,
D4-0048,v1|188813044670|0,https://www.ebay.com/itm/188813044670?_skw=Oshawott+105+White+Flare+Pokemon+card&hash=item2bf6226bbe:g:TioAAeSwxB9qhLJu,Oshawott 105/086 Holo Illustration Rare White Flare Pokemon English NM,Ungraded,4000,,"[""FIXED_PRICE""]",superstackbros_1,https://i.ebayimg.com/images/g/TioAAeSwxB9qhLJu/s-l225.jpg,209f02db-d953-4dde-bbd6-0822671fe1d1,eb38e2d2-2e6a-41e2-939d-335c8a5e50d1,Oshawott,White Flare,105,illustration_rare,YES,SINGLE_CARD,RAW,CARD,,,,,Donny,2026-09-14T00:12:26.087531+00:00,,
D4-0049,v1|188859516919|0,https://www.ebay.com/itm/188859516919?_skw=Oshawott+105+White+Flare+Pokemon+card&hash=item2bf8e787f7:g:KMUAAeSwBD9qk23Z,2025 POKEMON WHT EN-WHITE FLARE ILLUSTRATION RARE #105 OSHAWOTT PSA 10,Graded,2750,,"[""FIXED_PRICE""]",pokeparadise_tcg,https://i.ebayimg.com/images/g/KMUAAeSwBD9qk23Z/s-l225.jpg,209f02db-d953-4dde-bbd6-0822671fe1d1,eb38e2d2-2e6a-41e2-939d-335c8a5e50d1,Oshawott,White Flare,105,illustration_rare,NO,SINGLE_CARD,GRADED,CARD,,,,,Donny,2026-09-14T00:12:27.196857+00:00,,
D4-0050,v1|206427977544|0,https://www.ebay.com/itm/206427977544?_skw=Oshawott+105+White+Flare+Pokemon+card&hash=item301010f748:g:HbsAAeSw5eRqXgcJ,Oshawott 105/086 Sv: White Flare Holo (Near Mint),Ungraded,4000,,"[""FIXED_PRICE""]",mustardbeater,https://i.ebayimg.com/images/g/HbsAAeSw5eRqXgcJ/s-l225.jpg,209f02db-d953-4dde-bbd6-0822671fe1d1,eb38e2d2-2e6a-41e2-939d-335c8a5e50d1,Oshawott,White Flare,105,illustration_rare,YES,SINGLE_CARD,RAW,CARD,,,,,Donny,2026-09-14T00:12:28.231996+00:00,,
D4-0051,v1|236932790203|0,https://www.ebay.com/itm/236932790203?_skw=Oshawott+105+White+Flare+Pokemon+card&hash=item372a4b77bb:g:py0AAeSwIoZqU0yo,2025 Pokémon Scarlet & Violet - White Flare #105 Oshawott,Ungraded,4000,,"[""FIXED_PRICE"", ""BEST_OFFER""]",that_barney,https://i.ebayimg.com/images/g/py0AAeSwIoZqU0yo/s-l225.jpg,209f02db-d953-4dde-bbd6-0822671fe1d1,eb38e2d2-2e6a-41e2-939d-335c8a5e50d1,Oshawott,White Flare,105,illustration_rare,YES,SINGLE_CARD,RAW,CARD,,,,,Donny,2026-09-14T00:12:29.041290+00:00,,
D4-0052,v1|407179191074|0,https://www.ebay.com/itm/407179191074?_skw=Oshawott+105+White+Flare&hash=item5ecdc56322:g:lS0AAeSwJFFqkzUu,Oshawott 105/086 Sv: White Flare Holo,Ungraded,4000,,"[""FIXED_PRICE"", ""BEST_OFFER""]",lodor-43,https://i.ebayimg.com/images/g/lS0AAeSwJFFqkzUu/s-l225.jpg,209f02db-d953-4dde-bbd6-0822671fe1d1,eb38e2d2-2e6a-41e2-939d-335c8a5e50d1,Oshawott,White Flare,105,illustration_rare,YES,SINGLE_CARD,RAW,CARD,,,,,Donny,2026-09-14T00:12:30.408597+00:00,,
D4-0053,v1|366536782698|0,https://www.ebay.com/itm/366536782698?_skw=Oshawott+105+White+Flare+Pokemon+card&hash=item55574b736a:g:VyUAAeSwfCxqUmbj&amdata=enc%3AAQALAAABAACCtXRWQnOEpyOqnQQ8KGZa4NRrXfu0qRR5lr1UXzNedpyRSjixlP8YjS2T8NyfcydO6FceW8wLGCeBmvhUOUSsw1MvXyXF%2BXx%2B1VuMLCggOrPmgTOKUfDxUdmlE7iGuKy08k6Bd%2FpdB%2F%2BEV7s2NQ4Rn9pQ1fOTJMNQBEv6%2Fv5V9f7%2B%2Be9mDtQ%2FeewMpOoRK%2FwP%2BUPpCNzyDwS%2FzEDRMeDVnFelYtotrwx%2FMrTnO4w9dWZvhVO9wAg41I5afq72IMMjA85D33fdCMMh64W1S3lI80wfztfyhxsn6PSMOem3llopGCer3uYOy4J4JQJZdp4KRNv2p5fOAqP4c%2BQu0wM%3D,OSHAWOTT 2025 POKEMON SV WHITE FLARE #105/086 ILLUSTRATION RARE (LOW POP),Graded,2750,,"[""FIXED_PRICE"", ""BEST_OFFER""]",emmaj_659,https://i.ebayimg.com/images/g/VyUAAeSwfCxqUmbj/s-l225.jpg,209f02db-d953-4dde-bbd6-0822671fe1d1,eb38e2d2-2e6a-41e2-939d-335c8a5e50d1,Oshawott,White Flare,105,illustration_rare,NO,SINGLE_CARD,GRADED,CARD,,,,,Donny,2026-09-14T00:12:31.355057+00:00,,
D4-0054,v1|307121143535|0,https://www.ebay.com/itm/307121143535?_skw=Kyurem+ex+165+Black+Bolt+Pokemon+card&hash=item4781d8beef:g:x20AAeSwcShqe5I~,Kyurem ex - Special Illustration Rare SV: Black Bolt 165/086 NM,Ungraded,4000,,"[""FIXED_PRICE"", ""BEST_OFFER""]",genggoods,https://i.ebayimg.com/images/g/x20AAeSwcShqe5I~/s-l225.jpg,21e9ddc5-2751-4886-9e08-a1c6e2cc14e4,53abbd65-a601-4185-b08c-3721e963fa3d,Kyurem ex,Black Bolt,165,special_illustration_rare,YES,SINGLE_CARD,RAW,CARD,,,,,Donny,2026-09-14T00:12:32.779295+00:00,,
D4-0055,v1|147570724413|0,https://www.ebay.com/itm/147570724413?_skw=Kyurem+ex+165+Black+Bolt+Pokemon+card&hash=item225be68e3d:g:zjcAAeSwjBpqptp3,Kyurem ex 165/086 - Black Bolt SIR,Ungraded,4000,,"[""FIXED_PRICE""]",karnicus,https://i.ebayimg.com/images/g/zjcAAeSwjBpqptp3/s-l225.jpg,21e9ddc5-2751-4886-9e08-a1c6e2cc14e4,53abbd65-a601-4185-b08c-3721e963fa3d,Kyurem ex,Black Bolt,165,special_illustration_rare,YES,SINGLE_CARD,RAW,CARD,,,,,Donny,2026-09-14T00:12:34.381203+00:00,,
D4-0056,v1|398316615925|0,https://www.ebay.com/itm/398316615925?_skw=Kyurem+ex+165+Black+Bolt+Pokemon+card&hash=item5cbd8538f5:g:UEYAAeSw2DJqi0cl,Pokémon Kyurem EX 165/86 Special Illustration Rare Black Bolt,Ungraded,4000,,"[""FIXED_PRICE""]",gaminggreats2077,https://i.ebayimg.com/images/g/UEYAAeSw2DJqi0cl/s-l225.jpg,21e9ddc5-2751-4886-9e08-a1c6e2cc14e4,53abbd65-a601-4185-b08c-3721e963fa3d,Kyurem ex,Black Bolt,165,special_illustration_rare,YES,SINGLE_CARD,RAW,CARD,,,,,Donny,2026-09-14T00:12:35.683808+00:00,,
D4-0057,v1|117343200052|0,https://www.ebay.com/itm/117343200052?_skw=Kyurem+ex+165+Black+Bolt&hash=item1b52332334:g:rGIAAeSwxhdqc9jG,2025 POKEMON BLK EN-BLACK BOLT SPECIAL ILLUSTRATION RARE #165 KYUREM EX PSA 10,Graded,2750,,"[""FIXED_PRICE"", ""BEST_OFFER""]",psa,https://i.ebayimg.com/images/g/rGIAAeSwxhdqc9jG/s-l225.jpg,21e9ddc5-2751-4886-9e08-a1c6e2cc14e4,53abbd65-a601-4185-b08c-3721e963fa3d,Kyurem ex,Black Bolt,165,special_illustration_rare,NO,SINGLE_CARD,GRADED,CARD,,,,,Donny,2026-09-14T00:12:36.803682+00:00,,
D4-0058,v1|298625244664|0,https://www.ebay.com/itm/298625244664?_skw=Kyurem+ex+165+Black+Bolt+Pokemon+card&hash=item4587739df8:g:zEMAAeSwyIRqkjn6,Kyurem ex Holo Special Illustration Rare SV: Black Bolt 165/086 NM,Ungraded,4000,,"[""FIXED_PRICE"", ""BEST_OFFER""]",basicislandtcg,https://i.ebayimg.com/images/g/zEMAAeSwyIRqkjn6/s-l225.jpg,21e9ddc5-2751-4886-9e08-a1c6e2cc14e4,53abbd65-a601-4185-b08c-3721e963fa3d,Kyurem ex,Black Bolt,165,special_illustration_rare,YES,SINGLE_CARD,RAW,CARD,,,,,Donny,2026-09-14T00:12:37.801423+00:00,,
D4-0059,v1|178474721123|0,https://www.ebay.com/itm/178474721123?_skw=Kyurem+ex+165+Black+Bolt+Pokemon+card&hash=item298dec1f63:g:2KMAAeSwvFJqngzt&amdata=enc%3AAQALAAABAACCtXRWQnOEpyOqnQQ8KGb11IMGx6iRzHEqGemffD4xADzNGTDyy7wI9esDK0rFgVMbRxbdPpW8OrXHgjgeuN6F1f5TMb%2FKO02oCR7UVeUEFNF14Fb44b99iwLC4Y%2F3dgmTN0GxQLc8467b2KcNAeolMj%2BEAWmVYM8rlPRby5Mg0yhyqlBqrqcwMOOoaEcsSWZaV9zgCJL2CfYBdk27blFmVORcq8j9jVl5D3vI5KqmDVJXQgLijS7YwyVIAwCfPNBSDu3zddw%2FRBIPS5VjExmOZU2LGa%2BxHvRRrVJCh8CEnuPXjJDV3YBaXv%2BwrowOS58C%2BMdXpOEYoGG8K7CCPr8%3D,Kyurem ex Holo Special Illustration Rare SV: Black Bolt 165/086 NM ,Ungraded,4000,,"[""FIXED_PRICE"", ""BEST_OFFER""]",pokebonded,https://i.ebayimg.com/images/g/2KMAAeSwvFJqngzt/s-l225.jpg,21e9ddc5-2751-4886-9e08-a1c6e2cc14e4,53abbd65-a601-4185-b08c-3721e963fa3d,Kyurem ex,Black Bolt,165,special_illustration_rare,YES,SINGLE_CARD,RAW,CARD,,,,,Donny,2026-09-14T00:12:39.362286+00:00,,
D4-0060,v1|298270302819|0,https://www.ebay.com/itm/298270302819?_skw=Pachirisu+138+Paldean+Fates+Pokemon+card&hash=item45724ba263:g:IAcAAeSwvb1p8OHJ,Pachirisu - 138/091 Paldean Fates - Pokemon TCG,Ungraded,4000,,"[""FIXED_PRICE"", ""BEST_OFFER""]",kicksandpieces,https://i.ebayimg.com/images/g/IAcAAeSwvb1p8OHJ/s-l225.jpg,23d6bd35-bbf0-49b2-911e-4949e66ff8bb,9326d67b-4017-4430-ac3c-bae6eb088be7,Pachirisu,Paldean Fates,138,shiny_rare,YES,SINGLE_CARD,RAW,CARD,,,,,Donny,2026-09-14T00:12:40.915062+00:00,,
D4-0061,v1|287408534880|0,https://www.ebay.com/itm/287408534880?_skw=Pachirisu+138+Paldean+Fates+Pokemon+card&hash=item42eae23560:g:lEAAAeSwlU9qNy4l,Pachirisu 138/091 Pokemon Paldean Fates SV4.5 Shiny Rare Holo NM,Ungraded,4000,,"[""FIXED_PRICE""]",funkipicks,https://i.ebayimg.com/images/g/lEAAAeSwlU9qNy4l/s-l225.jpg,23d6bd35-bbf0-49b2-911e-4949e66ff8bb,9326d67b-4017-4430-ac3c-bae6eb088be7,Pachirisu,Paldean Fates,138,shiny_rare,YES,SINGLE_CARD,RAW,CARD,,,,,Donny,2026-09-14T00:12:41.687668+00:00,,
D4-0062,v1|198466420613|0,https://www.ebay.com/itm/198466420613?_skw=Pachirisu+138+Paldean+Fates+Pokemon+card&hash=item2e35853f85:g:xZYAAeSw-KtqRIEC,Pachirisu 138/091 SV: Paldean Fates Holo,Ungraded,4000,,"[""FIXED_PRICE"", ""BEST_OFFER""]",jpj1824,https://i.ebayimg.com/images/g/xZYAAeSw-KtqRIEC/s-l225.jpg,23d6bd35-bbf0-49b2-911e-4949e66ff8bb,9326d67b-4017-4430-ac3c-bae6eb088be7,Pachirisu,Paldean Fates,138,shiny_rare,YES,SINGLE_CARD,RAW,CARD,,,,,Donny,2026-09-14T00:12:43.080845+00:00,,
D4-0063,v1|237047994974|0,https://www.ebay.com/itm/237047994974?_skw=Pachirisu+138+Paldean+Fates+Pokemon+card&hash=item3731295a5e:g:cssAAeSwS8tqmkGH,PACHIRISU 138/091 SHINY RARE PALDEAN FATES POKEMON HOLO NM,Ungraded,4000,,"[""FIXED_PRICE""]",groundedtcg,https://i.ebayimg.com/images/g/cssAAeSwS8tqmkGH/s-l225.jpg,23d6bd35-bbf0-49b2-911e-4949e66ff8bb,9326d67b-4017-4430-ac3c-bae6eb088be7,Pachirisu,Paldean Fates,138,shiny_rare,YES,SINGLE_CARD,RAW,CARD,,,,,Donny,2026-09-14T00:12:45.598355+00:00,,
D4-0064,v1|366534619066|0,https://www.ebay.com/itm/366534619066?_skw=Pachirisu+138+Paldean+Fates+Pokemon+card&hash=item55572a6fba:g:EaQAAeSwnm5qUPL8,Pachirisu Shiny Rare SV: Paldean Fates 138/091 Pokemon TCG,Ungraded,4000,,"[""FIXED_PRICE"", ""BEST_OFFER""]",sennjdtcg,https://i.ebayimg.com/images/g/EaQAAeSwnm5qUPL8/s-l225.jpg,23d6bd35-bbf0-49b2-911e-4949e66ff8bb,9326d67b-4017-4430-ac3c-bae6eb088be7,Pachirisu,Paldean Fates,138,shiny_rare,YES,SINGLE_CARD,RAW,CARD,,,,,Donny,2026-09-14T00:12:46.443420+00:00,,
D4-0065,v1|198433977225|0,https://www.ebay.com/itm/198433977225?_skw=Pachirisu+138+Paldean+Fates+Pokemon+card&hash=item2e33963389:g:ldAAAeSwwfFqMofr&amdata=enc%3AAQALAAABAACCtXRWQnOEpyOqnQQ8KGYrgE%2BOqrwTYyBTU7L6nut9m3Afe9qpf81T3Cyx4CYpdPgZICfH0cVZ%2FUDiOYeHarlRz8GGvXRjZ9B7e6tkMNtuWu53W%2Fahi6yRVdBmcEJ66UGJrI5qNz59cKliwMgvkCXFqFyr3JTVjXOe8%2BVksa6Sx7rL2VW08MMh37H5DGwwSsHh%2BrsEJRo8ZE2SaGjqi33Q89kFZCUWx6r96LL4%2F5mfDVjevU0OSFKNgKasugQ6Gu6Q%2Fa710uGzzDH8J7eoyzdKKrcdtf1FembCh8WFfmhit95YtkJxTRIgcBJzwB9Wyr3YGYqiLoSw66tDxdw7K6U%3D,Pachirisu 138/091 - Paldean Fates - Pokemon Card NM/M,Ungraded,4000,,"[""FIXED_PRICE"", ""BEST_OFFER""]",pikapacksofficial,https://i.ebayimg.com/images/g/ldAAAeSwwfFqMofr/s-l225.jpg,23d6bd35-bbf0-49b2-911e-4949e66ff8bb,9326d67b-4017-4430-ac3c-bae6eb088be7,Pachirisu,Paldean Fates,138,shiny_rare,YES,SINGLE_CARD,RAW,CARD,,,,,Donny,2026-09-14T00:12:47.192673+00:00,,
D4-0066,v1|307144775607|0,https://www.ebay.com/itm/307144775607?_skw=Emboar+98+White+Flare+Pokemon+card&hash=item47834157b7:g:yDQAAeSwDFZqjR-8,Emboar 013/086 Holo Rare White Flare Pokemon NM,Ungraded,4000,,"[""FIXED_PRICE""]",desirablecardboard,https://i.ebayimg.com/images/g/yDQAAeSwDFZqjR-8/s-l225.jpg,24f40ecd-605f-4d62-b748-afed33706583,bd1bb49f-f0e6-4441-a2cd-648e3ccf4a4c,Emboar,White Flare,98,illustration_rare,NO,SINGLE_CARD,RAW,CARD,INCONSISTENT,,,,Donny,2026-09-14T00:12:48.536343+00:00,,
D4-0067,v1|278278999106|0,https://www.ebay.com/itm/278278999106?_skw=Emboar+98+White+Flare+Pokemon+card&hash=item40cab88c42:g:RtoAAeSwg3Nqftrz,Emboar #13/86 (Holo) (NM) SV: White Flare WHT Pokemon,Ungraded,4000,,"[""FIXED_PRICE""]",luckystcgshop,https://i.ebayimg.com/images/g/RtoAAeSwg3Nqftrz/s-l225.jpg,24f40ecd-605f-4d62-b748-afed33706583,bd1bb49f-f0e6-4441-a2cd-648e3ccf4a4c,Emboar,White Flare,98,illustration_rare,NO,SINGLE_CARD,RAW,CARD,INCONSISTENT,,,,Donny,2026-09-14T00:12:49.324128+00:00,,
D4-0068,v1|227491340106|0,https://www.ebay.com/itm/227491340106?_skw=Emboar+98+White+Flare+Pokemon+card&hash=item34f78a5f4a:g:2voAAeSwYspqjdox,Emboar 013/086 White Flare Holo Pokemon TCG 2025 English NM,Ungraded,4000,,"[""FIXED_PRICE""]",justtherightsale,https://i.ebayimg.com/images/g/2voAAeSwYspqjdox/s-l225.jpg,24f40ecd-605f-4d62-b748-afed33706583,bd1bb49f-f0e6-4441-a2cd-648e3ccf4a4c,Emboar,White Flare,98,illustration_rare,NO,SINGLE_CARD,RAW,CARD,INCONSISTENT,,,,Donny,2026-09-14T00:12:49.930835+00:00,,
D4-0069,v1|800656498742|0,https://www.ebay.com/itm/800656498742?_skw=Emboar+98+White+Flare+Pokemon+card&hash=itemba6ad8a036:g:CCgAAeSwgQFqpub~,Emboar 013/086 Rare White Flare Pokemon Reverse Holo Near Mint,Ungraded,4000,,"[""FIXED_PRICE""]",retro_lodge,https://i.ebayimg.com/images/g/CCgAAeSwgQFqpub~/s-l225.jpg,24f40ecd-605f-4d62-b748-afed33706583,bd1bb49f-f0e6-4441-a2cd-648e3ccf4a4c,Emboar,White Flare,98,illustration_rare,NO,SINGLE_CARD,RAW,CARD,INCONSISTENT,,,,Donny,2026-09-14T00:12:50.454298+00:00,,
D4-0070,v1|158285193000|0,https://www.ebay.com/itm/158285193000?_skw=Emboar+98+White+Flare+Pokemon+card&hash=item24da885f28:g:V44AAeSwiiJqpaVh,Emboar 013/086 Holo Rare White Flare Pokemon Near Mint,Ungraded,4000,,"[""FIXED_PRICE""]",azcollectfamily,https://i.ebayimg.com/images/g/V44AAeSwiiJqpaVh/s-l225.jpg,24f40ecd-605f-4d62-b748-afed33706583,bd1bb49f-f0e6-4441-a2cd-648e3ccf4a4c,Emboar,White Flare,98,illustration_rare,NO,SINGLE_CARD,RAW,CARD,INCONSISTENT,,,,Donny,2026-09-14T00:12:51.285785+00:00,,
D4-0071,v1|407209185779|0,https://www.ebay.com/itm/407209185779?_skw=Emboar+98+White+Flare+Pokemon+card&hash=item5ecf8f11f3:g:TmUAAeSwUIlqVsgm,Emboar 013/086 Holo Rare White Flare Pokemon Lightly Played,Ungraded,4000,,"[""FIXED_PRICE"", ""BEST_OFFER""]",jomart-2307,https://i.ebayimg.com/images/g/TmUAAeSwUIlqVsgm/s-l225.jpg,24f40ecd-605f-4d62-b748-afed33706583,bd1bb49f-f0e6-4441-a2cd-648e3ccf4a4c,Emboar,White Flare,98,illustration_rare,NO,SINGLE_CARD,RAW,CARD,INCONSISTENT,,,,Donny,2026-09-14T00:12:51.916358+00:00,,
D4-0072,v1|227438357454|0,https://www.ebay.com/itm/227438357454?_skw=Clemont%27s+Quick+Wit+243+Surging+Sparks&hash=item34f461ebce:g:O9wAAeSwtWFqXTYD,Clemont's Quick Wit [243/191] & Clemont's Quick Wit [229/191] - Surging Sparks,Ungraded,4000,,"[""FIXED_PRICE""]",mjagersea,https://i.ebayimg.com/images/g/O9wAAeSwtWFqXTYD/s-l225.jpg,25638dbd-2434-4a4f-ba0d-dcf3e3e114ca,b3f17a3e-c2cb-447e-8873-c5970a4372c9,Clemont's Quick Wit,Surging Sparks,243,special_illustration_rare,NO,LOT_OR_BUNDLE,RAW,CARD,,,,,Donny,2026-09-14T00:12:53.340329+00:00,,
D4-0073,v1|168001735826|0,https://www.ebay.com/itm/168001735826?_skw=Clemont%27s+Quick+Wit+243+Surging+Sparks+Pokemon+card&hash=item271daf0c92:g:aqgAAeSwZ59pPeug,Pokemon 2024 Surging Sparks Clemont's Quick Wit 243/191 SIR - PSA 9 MINT,Graded,2750,,"[""FIXED_PRICE"", ""BEST_OFFER""]",stealthless,https://i.ebayimg.com/images/g/aqgAAeSwZ59pPeug/s-l225.jpg,25638dbd-2434-4a4f-ba0d-dcf3e3e114ca,b3f17a3e-c2cb-447e-8873-c5970a4372c9,Clemont's Quick Wit,Surging Sparks,243,special_illustration_rare,NO,SINGLE_CARD,GRADED,CARD,,,,,Donny,2026-09-14T00:12:54.559488+00:00,,
D4-0074,v1|188900037836|0,https://www.ebay.com/itm/188900037836?_skw=Clemont%27s+Quick+Wit+243+Surging+Sparks&hash=item2bfb51d4cc:g:ucAAAeSw9aVqnwIP,Clemont's Quick Wit 243/191 Surging Sparks Ultra Rare NM Pokemon TCG,Ungraded,4000,,"[""FIXED_PRICE"", ""BEST_OFFER""]",soflopokebros,https://i.ebayimg.com/images/g/ucAAAeSw9aVqnwIP/s-l225.jpg,25638dbd-2434-4a4f-ba0d-dcf3e3e114ca,b3f17a3e-c2cb-447e-8873-c5970a4372c9,Clemont's Quick Wit,Surging Sparks,243,special_illustration_rare,YES,SINGLE_CARD,RAW,CARD,,,,,Donny,2026-09-14T00:12:55.307963+00:00,,
D4-0075,v1|128072314204|0,https://www.ebay.com/itm/128072314204?_skw=Clemont%27s+Quick+Wit+243+Surging+Sparks&hash=item1dd1b46d5c:g:9KAAAeSwl0Bqorjp,SV08: Surging Sparks #243/191 Clemont's Quick Wit CGC 9,Graded,2750,,"[""FIXED_PRICE"", ""BEST_OFFER""]",bmysstore,https://i.ebayimg.com/images/g/9KAAAeSwl0Bqorjp/s-l225.jpg,25638dbd-2434-4a4f-ba0d-dcf3e3e114ca,b3f17a3e-c2cb-447e-8873-c5970a4372c9,Clemont's Quick Wit,Surging Sparks,243,special_illustration_rare,NO,LOT_OR_BUNDLE,RAW,CARD,,,,,Donny,2026-09-14T00:12:56.267798+00:00,,
D4-0076,v1|127838328589|0,https://www.ebay.com/itm/127838328589?_skw=Clemont%27s+Quick+Wit+243+Surging+Sparks&hash=item1dc3c2170d:g:TOkAAeSwUg1p84qw&amdata=enc%3AAQALAAABAACCtXRWQnOEpyOqnQQ8KGZMykK0TvBkyfCU922lsT8RtWjriRZIypGwbJNYfe7K%2B%2BjRicGUobjCvaX4a7lWWW5uUPvcV1gi5ZsameGS5bjx1skGX5J32lFTdMsNgqgQHk4y9lMBNFx7WUZJ2PwxwBi5QyWY590FhDbZyVgB0wPeArTecji2pbF8eRu0DozZ9s3O5XJ9DLzhpeK9tmvtKXRDDjpd8trJQKCPkkCDsWxYXVb%2F2Z48MkCrCErvjPYC8afCngXyrC17yCg%2BFfUUqlI67NUFH4WyzUcnVKSFOZtv9M%2FZMnTrMT46K7Z9uL5ljOctOIMNp6tO%2FfL6luxCjVY%3D,Clemont's Quick Wit 243/191 Ace Surging Sparks Pokemon Ace 10 Gem Mint,Graded,2750,,"[""FIXED_PRICE"", ""BEST_OFFER""]",thecaardvark,https://i.ebayimg.com/images/g/TOkAAeSwUg1p84qw/s-l225.jpg,25638dbd-2434-4a4f-ba0d-dcf3e3e114ca,b3f17a3e-c2cb-447e-8873-c5970a4372c9,Clemont's Quick Wit,Surging Sparks,243,special_illustration_rare,NO,SINGLE_CARD,GRADED,CARD,,,,,Donny,2026-09-14T00:12:58.155563+00:00,,
D4-0077,v1|158283766743|0,https://www.ebay.com/itm/158283766743?_skw=Clemont%27s+Quick+Wit+243+Surging+Sparks&hash=item24da729bd7:g:WrwAAeSwKxVqpRUO,Pokémon TCG - Clemont’s Quick Wit 243/191: Surging Sparks Illustration Rare,Ungraded,4000,,"[""FIXED_PRICE"", ""BEST_OFFER""]",pokesphere_tcg,https://i.ebayimg.com/images/g/WrwAAeSwKxVqpRUO/s-l225.jpg,25638dbd-2434-4a4f-ba0d-dcf3e3e114ca,b3f17a3e-c2cb-447e-8873-c5970a4372c9,Clemont's Quick Wit,Surging Sparks,243,special_illustration_rare,YES,SINGLE_CARD,RAW,CARD,,,,,Donny,2026-09-14T00:13:01.854817+00:00,,
D4-0078,v1|358012731670|0,https://www.ebay.com/itm/358012731670?_skw=Grubbin+18+Temporal+Forces&hash=item535b38c116:g:t~4AAeSwwk1pPMmi,Grubbin; Temporal Forces 18/162 Common,Ungraded,4000,,"[""FIXED_PRICE"", ""BEST_OFFER""]",scootershideout,https://i.ebayimg.com/images/g/t~4AAeSwwk1pPMmi/s-l225.jpg,2a67a99c-dbba-4c41-846c-39ed4659c916,dfda2049-d87b-4be0-ad51-dcc005688d93,Grubbin,Temporal Forces,18,common,YES,SINGLE_CARD,RAW,CARD,,,,,Donny,2026-09-14T00:13:03.817511+00:00,,
D4-0079,v1|396977906200|665436501309,https://www.ebay.com/itm/396977906200?_skw=Grubbin+18+Temporal+Forces+Pokemon+card&hash=item5c6dba2218:g:SCsAAeSw3uNopSo2,Pokemon TCG - Scarlet & Violet: Temporal Forces Reverse Holo - Choose Your Card,Ungraded,4000,,"[""FIXED_PRICE""]",cardable.shop,https://i.ebayimg.com/images/g/SCsAAeSw3uNopSo2/s-l225.jpg,2a67a99c-dbba-4c41-846c-39ed4659c916,dfda2049-d87b-4be0-ad51-dcc005688d93,Grubbin,Temporal Forces,18,common,NO,SINGLE_CARD,RAW,CARD,,,,,Donny,2026-09-14T00:13:05.068785+00:00,,
D4-0080,v1|256904135967|0,https://www.ebay.com/itm/256904135967?_skw=Grubbin+18+Temporal+Forces&hash=item3bd0ae051f:g:xHQAAeSwq61oUY2v,Grubbin 18/162 Common Reverse Holo Temporal Forces Pokemon,Ungraded,4000,,"[""FIXED_PRICE""]",prism_tcg,https://i.ebayimg.com/images/g/xHQAAeSwq61oUY2v/s-l225.jpg,2a67a99c-dbba-4c41-846c-39ed4659c916,dfda2049-d87b-4be0-ad51-dcc005688d93,Grubbin,Temporal Forces,18,common,NO,SINGLE_CARD,RAW,CARD,,,,INCONSISTENT,Donny,2026-09-14T00:13:06.217366+00:00,,
D4-0081,v1|407117492537|677292395374,https://www.ebay.com/itm/407117492537?_skw=Grubbin+18+Temporal+Forces+Pokemon+card&hash=item5eca17f139:g:vKkAAeSwxUxqcM3I,CHOOSE YOUR CARD - TEMPORAL FORCES - HOLO/REVERSE - FAST SHIP - VOLUME DISCOUNTS,Ungraded,4000,,"[""FIXED_PRICE""]",balancetradingco,https://i.ebayimg.com/images/g/vKkAAeSwxUxqcM3I/s-l225.jpg,2a67a99c-dbba-4c41-846c-39ed4659c916,dfda2049-d87b-4be0-ad51-dcc005688d93,Grubbin,Temporal Forces,18,common,NO,SINGLE_CARD,RAW,CARD,,,,,Donny,2026-09-14T00:13:07.079444+00:00,,
D4-0082,v1|127549443972|428665922347,https://www.ebay.com/itm/127549443972?_skw=Grubbin+18+Temporal+Forces&hash=item1db28a0f84:g:Mn8AAeSwYFlpNjkG,Pokemon TCG -Temporal Forces - Pick Your Own,Ungraded,4000,,"[""FIXED_PRICE""]",laal_cards,https://i.ebayimg.com/images/g/Mn8AAeSwYFlpNjkG/s-l225.jpg,2a67a99c-dbba-4c41-846c-39ed4659c916,dfda2049-d87b-4be0-ad51-dcc005688d93,Grubbin,Temporal Forces,18,common,NO,SINGLE_CARD,RAW,CARD,,,,,Donny,2026-09-14T00:13:08.659702+00:00,,
D4-0083,v1|287472487539|0,https://www.ebay.com/itm/287472487539?_skw=Grubbin+18+Temporal+Forces&hash=item42eeb20c73:g:7a0AAOSwd4VmoIXZ,2024 Pokémon Temporal Forces - Grubbin No. 18/162 NM,Ungraded,4000,,"[""FIXED_PRICE"", ""BEST_OFFER""]",tcl217,https://i.ebayimg.com/images/g/7a0AAOSwd4VmoIXZ/s-l225.jpg,2a67a99c-dbba-4c41-846c-39ed4659c916,dfda2049-d87b-4be0-ad51-dcc005688d93,Grubbin,Temporal Forces,18,common,YES,SINGLE_CARD,RAW,CARD,,,,,Donny,2026-09-14T00:13:10.008597+00:00,,
D4-0084,v1|278209413605|0,https://www.ebay.com/itm/278209413605?_skw=Dhelmise+18+Mega+Evolution+Pokemon+card&hash=item40c692c1e5:g:NLQAAeSwBB9pHFv~,Pokemon TCG * Mega Evolution * 18/132 Dhelmise REVERSE HOLO COMMON * FRESH PK,Ungraded,4000,,"[""FIXED_PRICE""]",1_moment_in_time,https://i.ebayimg.com/images/g/NLQAAeSwBB9pHFv~/s-l225.jpg,2bf67447-75e1-4e97-ac08-c7f3e7f2c88c,ea7d59b7-a934-43b2-a230-9520fb6e6048,Dhelmise,Mega Evolution,18,common,NO,SINGLE_CARD,RAW,CARD,,,,INCONSISTENT,Donny,2026-09-14T00:13:11.362804+00:00,,
D4-0085,v1|257662788251|0,https://www.ebay.com/itm/257662788251?_skw=Dhelmise+18+Mega+Evolution&hash=item3bfde6229b:g:UDcAAeSw6wpqcuMe,Pokémon Dhelmise Mega Evolution #18/132 Reverse Holo English,Ungraded,4000,,"[""FIXED_PRICE""]",pokevaultmcr,https://i.ebayimg.com/images/g/UDcAAeSw6wpqcuMe/s-l225.jpg,2bf67447-75e1-4e97-ac08-c7f3e7f2c88c,ea7d59b7-a934-43b2-a230-9520fb6e6048,Dhelmise,Mega Evolution,18,common,NO,SINGLE_CARD,RAW,CARD,,,,INCONSISTENT,Donny,2026-09-14T00:13:13.397817+00:00,,
D4-0086,v1|327230287800|0,https://www.ebay.com/itm/327230287800?_skw=Dhelmise+18+Mega+Evolution+Pokemon+card&hash=item4c3071efb8:g:PtoAAeSwX5NqO9uv,Dhelmise Reverse Holo - Mega Evolution 18/132 - NM,Ungraded,4000,,"[""FIXED_PRICE""]",shwayspokeshop,https://i.ebayimg.com/images/g/PtoAAeSwX5NqO9uv/s-l225.jpg,2bf67447-75e1-4e97-ac08-c7f3e7f2c88c,ea7d59b7-a934-43b2-a230-9520fb6e6048,Dhelmise,Mega Evolution,18,common,NO,SINGLE_CARD,RAW,CARD,,,,INCONSISTENT,Donny,2026-09-14T00:13:14.923880+00:00,,
D4-0087,v1|187634284395|0,https://www.ebay.com/itm/187634284395?_skw=Dhelmise+18+Mega+Evolution+Pokemon+card&hash=item2bafdff76b:g:hAkAAeSwgUlo5rWA,Dhelmise 18/132 ME:01 Mega Evolution Reverse Holo,Ungraded,4000,,"[""FIXED_PRICE"", ""BEST_OFFER""]",acquiredgoods,https://i.ebayimg.com/images/g/hAkAAeSwgUlo5rWA/s-l225.jpg,2bf67447-75e1-4e97-ac08-c7f3e7f2c88c,ea7d59b7-a934-43b2-a230-9520fb6e6048,Dhelmise,Mega Evolution,18,common,NO,SINGLE_CARD,RAW,CARD,,,,INCONSISTENT,Donny,2026-09-14T00:13:15.562251+00:00,,
D4-0088,v1|800632508410|0,https://www.ebay.com/itm/800632508410?_skw=Dhelmise+18+Mega+Evolution&hash=itemba696a8ffa:g:0QEAAeSwu6hpsHQL,2025 Mega Evolution Series - Mega Evolution Dhelmise Common #18,Ungraded,4000,,"[""FIXED_PRICE"", ""BEST_OFFER""]",la_card_depot,https://i.ebayimg.com/images/g/0QEAAeSwu6hpsHQL/s-l225.jpg,2bf67447-75e1-4e97-ac08-c7f3e7f2c88c,ea7d59b7-a934-43b2-a230-9520fb6e6048,Dhelmise,Mega Evolution,18,common,YES,SINGLE_CARD,RAW,CARD,,,,,Donny,2026-09-14T00:13:17.251182+00:00,,
D4-0089,v1|398130110159|0,https://www.ebay.com/itm/398130110159?_skw=Dhelmise+18+Mega+Evolution+Pokemon+card&hash=item5cb2675ecf:g:f9QAAeSwBOlqRbJV,Pokemon Dhelmise Mega Evolution 18/132 Reverse Holo Near Mint English,Ungraded,4000,,"[""FIXED_PRICE""]",pokemoncrush,https://i.ebayimg.com/images/g/f9QAAeSwBOlqRbJV/s-l225.jpg,2bf67447-75e1-4e97-ac08-c7f3e7f2c88c,ea7d59b7-a934-43b2-a230-9520fb6e6048,Dhelmise,Mega Evolution,18,common,NO,SINGLE_CARD,RAW,CARD,,,,INCONSISTENT,Donny,2026-09-14T00:13:18.082925+00:00,,
D4-0090,v1|398390795413|0,https://www.ebay.com/itm/398390795413?_skw=Pikachu+ex+277+Ascended+Heroes&hash=item5cc1f11c95:g:hKkAAeSwqR1qprAO,Pikachu ex MEG: Ascended Heroes 277/217 SIR English,Ungraded,4000,,"[""FIXED_PRICE"", ""BEST_OFFER""]",bubbapoke,https://i.ebayimg.com/images/g/hKkAAeSwqR1qprAO/s-l225.jpg,2c445258-b198-43de-b710-0921ebe3f0ab,4411dcaa-280b-4355-bc49-f27c3f6580f2,Pikachu ex,Ascended Heroes,277,special_illustration_rare,YES,SINGLE_CARD,RAW,CARD,,,,,Donny,2026-09-14T00:13:19.180560+00:00,,
D4-0091,v1|267783745609|0,https://www.ebay.com/itm/267783745609?_skw=Pikachu+ex+277+Ascended+Heroes+Pokemon+card&hash=item3e5927b049:g:JagAAeSw5Q9qpgvP,Pokemon Pikachu ex Ascended Heroes Special Illus. Rare #277 BGS 10 Black Label,Graded,2750,,"[""FIXED_PRICE""]",5_star_cards,https://i.ebayimg.com/images/g/JagAAeSw5Q9qpgvP/s-l225.jpg,2c445258-b198-43de-b710-0921ebe3f0ab,4411dcaa-280b-4355-bc49-f27c3f6580f2,Pikachu ex,Ascended Heroes,277,special_illustration_rare,NO,SINGLE_CARD,GRADED,CARD,,,,,Donny,2026-09-14T00:13:19.712504+00:00,,
D4-0092,v1|307165885524|0,https://www.ebay.com/itm/307165885524?_skw=Pikachu+ex+277+Ascended+Heroes&hash=item4784837454:g:PRsAAeSwpLBqnV-j,2026 POKEMON ASC EN-ASCENDED HEROES SPECIAL ILLUSTRATION RARE PIKACHU EX BGS 9,Graded,2750,,"[""FIXED_PRICE"", ""BEST_OFFER""]",psa,https://i.ebayimg.com/images/g/PRsAAeSwpLBqnV-j/s-l225.jpg,2c445258-b198-43de-b710-0921ebe3f0ab,4411dcaa-280b-4355-bc49-f27c3f6580f2,Pikachu ex,Ascended Heroes,277,special_illustration_rare,NO,SINGLE_CARD,GRADED,CARD,,,,,Donny,2026-09-14T00:13:20.498219+00:00,,
D4-0093,v1|336775511059|0,https://www.ebay.com/itm/336775511059?_skw=Pikachu+ex+277+Ascended+Heroes&hash=item4e69627c13:g:QEMAAeSwQUJqmNce,2026 POKEMON ASCENDED HEROES - PIKACHU EX #277 SIR ENG. BGS 9.5 (3 SUBGRADE 10s),Graded,2750,,"[""FIXED_PRICE""]",dreamcitycards,https://i.ebayimg.com/images/g/QEMAAeSwQUJqmNce/s-l225.jpg,2c445258-b198-43de-b710-0921ebe3f0ab,4411dcaa-280b-4355-bc49-f27c3f6580f2,Pikachu ex,Ascended Heroes,277,special_illustration_rare,NO,SINGLE_CARD,GRADED,CARD,,,,,Donny,2026-09-14T00:13:20.982800+00:00,,
D4-0094,v1|158033268536|0,https://www.ebay.com/itm/158033268536?_skw=Pikachu+ex+277+Ascended+Heroes+Pokemon+card&hash=item24cb844f38:g:zVsAAeSwhrBqeMaI,2026 POKEMON ASC EN-ASCENDED HEROES SPECIAL ILLUSTRATION RARE PIKACHU EX PSA 9,Graded,2750,,"[""FIXED_PRICE"", ""BEST_OFFER""]",a-zfindsllc,https://i.ebayimg.com/images/g/zVsAAeSwhrBqeMaI/s-l225.jpg,2c445258-b198-43de-b710-0921ebe3f0ab,4411dcaa-280b-4355-bc49-f27c3f6580f2,Pikachu ex,Ascended Heroes,277,special_illustration_rare,NO,SINGLE_CARD,GRADED,CARD,,,,,Donny,2026-09-14T00:13:21.531816+00:00,,
D4-0095,v1|307173587198|0,https://www.ebay.com/itm/307173587198?_skw=Pikachu+ex+277+Ascended+Heroes&hash=item4784f8f8fe:g:7VgAAeSwcFNqo-av,2026 POKEMON ASC EN-ASCENDED HEROES SPECIAL ILLUSTRATION RARE PIKACHU EX PSA 10,Graded,2750,,"[""FIXED_PRICE"", ""BEST_OFFER""]",psa,https://i.ebayimg.com/images/g/7VgAAeSwcFNqo-av/s-l225.jpg,2c445258-b198-43de-b710-0921ebe3f0ab,4411dcaa-280b-4355-bc49-f27c3f6580f2,Pikachu ex,Ascended Heroes,277,special_illustration_rare,NO,SINGLE_CARD,GRADED,CARD,,,,,Donny,2026-09-14T00:13:22.074999+00:00,,
D4-0096,v1|307166083510|0,https://www.ebay.com/itm/307166083510?_skw=Reshiram+ex+166+White+Flare&hash=item47848679b6:g:lRsAAeSwmwZqnZHw,2025 POKEMON WHT EN-WHITE FLARE SPECIAL ILLUSTRATION RARE #166 RESHIRAM EX PSA 9,Graded,2750,,"[""AUCTION""]",psa,https://i.ebayimg.com/images/g/lRsAAeSwmwZqnZHw/s-l225.jpg,2cef0dfb-a5fd-4aed-b8ae-34a82f414587,3d276bff-a869-4634-840f-d5eb4f33aa1d,Reshiram ex,White Flare,166,special_illustration_rare,NO,SINGLE_CARD,GRADED,CARD,,,,,Donny,2026-09-14T00:13:23.486862+00:00,,
D4-0097,v1|206549602876|0,https://www.ebay.com/itm/206549602876?_skw=Reshiram+ex+166+White+Flare+Pokemon+card&hash=item301750d23c:g:xKsAAeSwSvdqo5nz,Reshiram ex 166/086 - Pokemon White Flare - Special Illustration Rare (NM),Ungraded,4000,,"[""FIXED_PRICE"", ""BEST_OFFER""]",paqu7009,https://i.ebayimg.com/images/g/xKsAAeSwSvdqo5nz/s-l225.jpg,2cef0dfb-a5fd-4aed-b8ae-34a82f414587,3d276bff-a869-4634-840f-d5eb4f33aa1d,Reshiram ex,White Flare,166,special_illustration_rare,YES,SINGLE_CARD,RAW,CARD,,,,,Donny,2026-09-14T00:13:24.554828+00:00,,
D4-0098,v1|377472257035|0,https://www.ebay.com/itm/377472257035?_skw=Reshiram+ex+166+White+Flare&hash=item57e3198c0b:g:kwAAAeSw4ZFqnweK,Reshiram ex Holofoil 166/086 SV: White Flare NM,Ungraded,4000,,"[""FIXED_PRICE"", ""BEST_OFFER""]",zenith.emporium,https://i.ebayimg.com/images/g/kwAAAeSw4ZFqnweK/s-l225.jpg,2cef0dfb-a5fd-4aed-b8ae-34a82f414587,3d276bff-a869-4634-840f-d5eb4f33aa1d,Reshiram ex,White Flare,166,special_illustration_rare,YES,SINGLE_CARD,RAW,CARD,,,,,Donny,2026-09-14T00:13:25.114684+00:00,,
D4-0099,v1|168667025200|0,https://www.ebay.com/itm/168667025200?_skw=Reshiram+ex+166+White+Flare+Pokemon+card&hash=item2745568f30:g:EigAAeSwzMRqnJSV&amdata=enc%3AAQALAAABAACCtXRWQnOEpyOqnQQ8KGaMSRYxW69U7ChaRjiO2Nzng4ErMhIWYp02TDbmuMGJjfQNcvoStx5%2F3FdJTQVfHtDyT3301TSTq9P2mxcJ1IoI8GodXLW9nHsz2fpT%2Bd5l7ID77CfinDBRs4--QK5tcEptfNVCbychqJqYIWgQtW%2Fkkmqo1eQK0XlO3MiQ3jiDr1uyG71Bi%2FoSFnSOfhHU%2B2vqfMOBgClZjxUSMvUFKQ%2B4oLi6CmST57ld5CDLHIfsReeqDnTkg7YgQVxaBhhCr1hnyQTOGEcRFrA0PNJ%2BtliWlqH%2BxL7kIyUcaYOfTqiPFnAvlsVcqVme42zY7veYGBQ%3D,Reshiram ex - Holo Special Illustration Rare SV: White Flare 166/086 NM,Ungraded,4000,,"[""FIXED_PRICE"", ""BEST_OFFER""]",maybouttradingco,https://i.ebayimg.com/images/g/EigAAeSwzMRqnJSV/s-l225.jpg,2cef0dfb-a5fd-4aed-b8ae-34a82f414587,3d276bff-a869-4634-840f-d5eb4f33aa1d,Reshiram ex,White Flare,166,special_illustration_rare,YES,SINGLE_CARD,RAW,CARD,,,,,Donny,2026-09-14T00:13:25.634795+00:00,,
D4-0100,v1|358716127861|0,https://www.ebay.com/itm/358716127861?_skw=Reshiram+ex+166+White+Flare+Pokemon+card&hash=item538525ba75:g:0NgAAeSwHKFqO223,Pokemon Card Korean Reshiram ex SAR 166/086 Sv: White Flare Holo NM,Ungraded,4000,,"[""FIXED_PRICE"", ""BEST_OFFER""]",joy_trade,https://i.ebayimg.com/images/g/0NgAAeSwHKFqO223/s-l225.jpg,2cef0dfb-a5fd-4aed-b8ae-34a82f414587,3d276bff-a869-4634-840f-d5eb4f33aa1d,Reshiram ex,White Flare,166,special_illustration_rare,NO,SINGLE_CARD,RAW,CARD,,,NON_ENGLISH,,Donny,2026-09-14T00:13:26.964028+00:00,,
D4-0101,v1|377335201914|0,https://www.ebay.com/itm/377335201914?_skw=Reshiram+ex+166+White+Flare+Pokemon+card&hash=item57daee407a:g:syAAAeSwfwRqUdLc,2025 POKEMON WHT EN-WHITE FLARE #166 RESHIRAM EX PSA 10,Graded,2750,,"[""FIXED_PRICE""]",lovetochase_collectibles,https://i.ebayimg.com/images/g/syAAAeSwfwRqUdLc/s-l225.jpg,2cef0dfb-a5fd-4aed-b8ae-34a82f414587,3d276bff-a869-4634-840f-d5eb4f33aa1d,Reshiram ex,White Flare,166,special_illustration_rare,NO,SINGLE_CARD,GRADED,CARD,,,,,Donny,2026-09-14T00:13:28.896652+00:00,,
D4-0102,v1|397684028000|0,https://www.ebay.com/itm/397684028000?_skw=Dachsbun+ex+169+Stellar+Crown+Pokemon+card&hash=item5c97d0b260:g:5sgAAeSwJ21pq3v7,2024 Pokémon SCR en Dachsbun EX Special Illustration Rare - PSA 9,Graded,2750,,"[""FIXED_PRICE""]",momoneypawn1,https://i.ebayimg.com/images/g/5sgAAeSwJ21pq3v7/s-l225.jpg,2e5780f8-1769-4d26-9e3e-87e4a27d4dfe,09b7c446-d89f-4a64-b721-bc1293308747,Dachsbun ex,Stellar Crown,169,special_illustration_rare,NO,SINGLE_CARD,GRADED,CARD,,,,,Donny,2026-09-14T00:13:29.929897+00:00,,
D4-0103,v1|366664836855|0,https://www.ebay.com/itm/366664836855?_skw=Dachsbun+ex+169+Stellar+Crown+Pokemon+card&hash=item555eed66f7:g:H0YAAeSwaclqj1n1,Pokémon Dachsbun ex Special Illustration Rare SV:07 Stellar Crown,Ungraded,4000,,"[""FIXED_PRICE""]",jmkb_cards,https://i.ebayimg.com/images/g/H0YAAeSwaclqj1n1/s-l225.jpg,2e5780f8-1769-4d26-9e3e-87e4a27d4dfe,09b7c446-d89f-4a64-b721-bc1293308747,Dachsbun ex,Stellar Crown,169,special_illustration_rare,YES,SINGLE_CARD,RAW,CARD,,,,,Donny,2026-09-14T00:13:30.933867+00:00,,
D4-0104,v1|336778372071|0,https://www.ebay.com/itm/336778372071?_skw=Dachsbun+ex+169+Stellar+Crown&hash=item4e698e23e7:g:rEoAAeSwJaxqmuc-,Pokémon TCG Dachsbun ex 169/142,Ungraded,4000,,"[""FIXED_PRICE""]",infinite_collectibles,https://i.ebayimg.com/images/g/rEoAAeSwJaxqmuc-/s-l225.jpg,2e5780f8-1769-4d26-9e3e-87e4a27d4dfe,09b7c446-d89f-4a64-b721-bc1293308747,Dachsbun ex,Stellar Crown,169,special_illustration_rare,YES,SINGLE_CARD,RAW,CARD,,,,,Donny,2026-09-14T00:13:32.434553+00:00,,
D4-0105,v1|407186094073|0,https://www.ebay.com/itm/407186094073?_skw=Dachsbun+ex+169+Stellar+Crown+Pokemon+card&hash=item5ece2eb7f9:g:-zIAAeSwR-1ql1Zs,Pokémon TCG Stellar Crown Dachsbun EX 169/142 Special Illustration Rare Card NM,Ungraded,4000,,"[""FIXED_PRICE"", ""BEST_OFFER""]",hurryupandbuy87,https://i.ebayimg.com/images/g/-zIAAeSwR-1ql1Zs/s-l225.jpg,2e5780f8-1769-4d26-9e3e-87e4a27d4dfe,09b7c446-d89f-4a64-b721-bc1293308747,Dachsbun ex,Stellar Crown,169,special_illustration_rare,YES,SINGLE_CARD,RAW,CARD,,,,,Donny,2026-09-14T00:13:37.156074+00:00,,
D4-0106,v1|307155140205|0,https://www.ebay.com/itm/307155140205?_skw=Dachsbun+ex+169+Stellar+Crown&hash=item4783df7e6d:g:wlsAAeSwiOxqlWzh,2024 POKEMON SCR EN-STELLAR CROWN SPECIAL ILLUSTRATION RARE DACHSBUN EX PSA 8,Graded,2750,,"[""FIXED_PRICE""]",psa,https://i.ebayimg.com/images/g/wlsAAeSwiOxqlWzh/s-l225.jpg,2e5780f8-1769-4d26-9e3e-87e4a27d4dfe,09b7c446-d89f-4a64-b721-bc1293308747,Dachsbun ex,Stellar Crown,169,special_illustration_rare,NO,SINGLE_CARD,GRADED,CARD,,,,,Donny,2026-09-14T00:13:38.359285+00:00,,
D4-0107,v1|168679900721|0,https://www.ebay.com/itm/168679900721?_skw=Dachsbun+ex+169+Stellar+Crown+Pokemon+card&hash=item27461b0631:g:aQ0AAeSw1Ddqo2HJ,Pokemon Dachsbun ex 169/142 Stellar Crown Special Illustration Rare Holo NM,Ungraded,4000,,"[""FIXED_PRICE"", ""BEST_OFFER""]",dollacardz,https://i.ebayimg.com/images/g/aQ0AAeSw1Ddqo2HJ/s-l225.jpg,2e5780f8-1769-4d26-9e3e-87e4a27d4dfe,09b7c446-d89f-4a64-b721-bc1293308747,Dachsbun ex,Stellar Crown,169,special_illustration_rare,YES,SINGLE_CARD,RAW,CARD,,,,,Donny,2026-09-14T00:13:39.368865+00:00,,
D4-0108,v1|117399638516|0,https://www.ebay.com/itm/117399638516?_skw=Pikachu+ex+276+Ascended+Heroes&hash=item1b559051f4:g:IVcAAeSw9KNqnfdF,2026 POKEMON ASC EN-ASCENDED HEROES SPECIAL ILLUSTRATION RARE PIKACHU EX PSA 9,Graded,2750,,"[""FIXED_PRICE"", ""BEST_OFFER""]",psa,https://i.ebayimg.com/images/g/IVcAAeSw9KNqnfdF/s-l225.jpg,301185dd-2bde-4699-80bd-8b2a3cfd8f7f,af28bc66-9c8b-4dbb-bf83-fa6215bd26f0,Pikachu ex,Ascended Heroes,276,special_illustration_rare,NO,SINGLE_CARD,GRADED,CARD,,,,,Donny,2026-09-14T00:13:40.677017+00:00,,
D4-0109,v1|377487187702|0,https://www.ebay.com/itm/377487187702?_skw=Pikachu+ex+276+Ascended+Heroes&hash=item57e3fd5ef6:g:HPQAAeSwWS9qoyHX,2026 Pokemon Ascended Heroes Pikachu ex Special Illustration Rare #276 PSA 10,Graded,2750,,"[""FIXED_PRICE""]",dacardworld,https://i.ebayimg.com/images/g/HPQAAeSwWS9qoyHX/s-l225.jpg,301185dd-2bde-4699-80bd-8b2a3cfd8f7f,af28bc66-9c8b-4dbb-bf83-fa6215bd26f0,Pikachu ex,Ascended Heroes,276,special_illustration_rare,NO,SINGLE_CARD,GRADED,CARD,,,,,Donny,2026-09-14T00:13:41.862285+00:00,,
D4-0110,v1|158281321793|0,https://www.ebay.com/itm/158281321793?_skw=Pikachu+ex+276+Ascended+Heroes+Pokemon+card&hash=item24da4d4d41:g:uO8AAeSwguFqpBYs,Pokemon TCG Ascended Heroes Pikachu ex SIR 276/217 PT,Ungraded,4000,,"[""FIXED_PRICE"", ""BEST_OFFER""]",matmen381,https://i.ebayimg.com/images/g/uO8AAeSwguFqpBYs/s-l225.jpg,301185dd-2bde-4699-80bd-8b2a3cfd8f7f,af28bc66-9c8b-4dbb-bf83-fa6215bd26f0,Pikachu ex,Ascended Heroes,276,special_illustration_rare,YES,SINGLE_CARD,RAW,CARD,,,,,Donny,2026-09-14T00:13:42.933630+00:00,,
D4-0111,v1|287542820381|0,https://www.ebay.com/itm/287542820381?_skw=Pikachu+ex+276+Ascended+Heroes+Pokemon+card&hash=item42f2e33e1d:g:7-sAAeSwJm1qi~pD,Pikachu ex 276/217 Me: Ascended Heroes SIR Holo PSA 9 English 2026,Graded,2750,,"[""FIXED_PRICE"", ""BEST_OFFER""]",ruverick,https://i.ebayimg.com/images/g/7-sAAeSwJm1qi~pD/s-l225.jpg,301185dd-2bde-4699-80bd-8b2a3cfd8f7f,af28bc66-9c8b-4dbb-bf83-fa6215bd26f0,Pikachu ex,Ascended Heroes,276,special_illustration_rare,NO,SINGLE_CARD,GRADED,CARD,,,,,Donny,2026-09-14T00:13:43.930858+00:00,,
D4-0112,v1|820067130526|0,https://www.ebay.com/itm/820067130526?_skw=Pikachu+ex+276+Ascended+Heroes+Pokemon+card&hash=itembeefcf5c9e:g:MzsAAeSw1LlqlMUj,Pikachu Ex - 276/217 - ME: Ascended Heroes (ASC) NM Pack Fresh Pokemon TCG,Ungraded,4000,,"[""FIXED_PRICE"", ""BEST_OFFER""]",guero940,https://i.ebayimg.com/images/g/MzsAAeSw1LlqlMUj/s-l225.jpg,301185dd-2bde-4699-80bd-8b2a3cfd8f7f,af28bc66-9c8b-4dbb-bf83-fa6215bd26f0,Pikachu ex,Ascended Heroes,276,special_illustration_rare,YES,SINGLE_CARD,RAW,CARD,,,,,Donny,2026-09-14T00:13:44.772235+00:00,,
D4-0113,v1|128059670907|0,https://www.ebay.com/itm/128059670907?_skw=Pikachu+ex+276+Ascended+Heroes&hash=item1dd0f3817b:g:gn0AAeSwqX5qmYSz,2026 Pokemon Ascended Heroes Pikachu ex Special Illustration Rare #276/217,Ungraded,4000,,"[""AUCTION""]",dcsports87,https://i.ebayimg.com/images/g/gn0AAeSwqX5qmYSz/s-l225.jpg,301185dd-2bde-4699-80bd-8b2a3cfd8f7f,af28bc66-9c8b-4dbb-bf83-fa6215bd26f0,Pikachu ex,Ascended Heroes,276,special_illustration_rare,YES,SINGLE_CARD,RAW,CARD,,,,,Donny,2026-09-14T00:13:46.445213+00:00,,
D4-0114,v1|147531235169|0,https://www.ebay.com/itm/147531235169?_skw=Mega+Greninja+ex+122+Chaos+Rising+Pokemon+card&hash=item22598bff61:g:GyAAAeSwRqBqkGXA,Pokémon Mega Greninja EX Secret Rare Gold Holo Evolutions 122/086 Chaos Rising,Ungraded,4000,,"[""FIXED_PRICE"", ""BEST_OFFER""]",lebronaldjames,https://i.ebayimg.com/images/g/GyAAAeSwRqBqkGXA/s-l225.jpg,31566cbb-0eeb-499e-aa6d-b9b0bd85fc8b,fc81462a-2c3e-4b7a-a7be-ad7f88d98ace,Mega Greninja ex,Chaos Rising,122,mega_hyper_rare,YES,SINGLE_CARD,RAW,CARD,,,,,Donny,2026-09-14T00:13:48.112626+00:00,,
D4-0115,v1|178490891780|0,https://www.ebay.com/itm/178490891780?_skw=Mega+Greninja+ex+122+Chaos+Rising+Pokemon+card&hash=item298ee2de04:g:L9EAAeSwf55qpLwU,Mega Greninja ex 122/086 Me04: Chaos Rising Holo Pristine Rare,Ungraded,4000,,"[""FIXED_PRICE"", ""AUCTION""]",cellcraze16,https://i.ebayimg.com/images/g/L9EAAeSwf55qpLwU/s-l225.jpg,31566cbb-0eeb-499e-aa6d-b9b0bd85fc8b,fc81462a-2c3e-4b7a-a7be-ad7f88d98ace,Mega Greninja ex,Chaos Rising,122,mega_hyper_rare,YES,SINGLE_CARD,RAW,CARD,,,,,Donny,2026-09-14T00:13:48.799441+00:00,,
D4-0116,v1|407195584074|0,https://www.ebay.com/itm/407195584074?_skw=Mega+Greninja+ex+122+Chaos+Rising+Pokemon+card&hash=item5ecebf864a:g:e18AAeSwXr1qnF5f,MEGA GRENINJA EX 2026 POKEMON CHAOS RISING GOLD HYPER RARE #122/086 (CLEAN),Ungraded,4000,,"[""FIXED_PRICE"", ""BEST_OFFER""]",dallas_04,https://i.ebayimg.com/images/g/e18AAeSwXr1qnF5f/s-l225.jpg,31566cbb-0eeb-499e-aa6d-b9b0bd85fc8b,fc81462a-2c3e-4b7a-a7be-ad7f88d98ace,Mega Greninja ex,Chaos Rising,122,mega_hyper_rare,YES,SINGLE_CARD,RAW,CARD,,,,,Donny,2026-09-14T00:13:51.408186+00:00,,
D4-0117,v1|398377804327|0,https://www.ebay.com/itm/398377804327?_skw=Mega+Greninja+ex+122+Chaos+Rising&hash=item5cc12ae227:g:u28AAeSwVzJqoWlT&amdata=enc%3AAQALAAABAACCtXRWQnOEpyOqnQQ8KGaKl2s6Me4wcyxEKwf2GZMFyh7jF1tikUydt7%2FasTbpfvkV87%2BLk%2FxR3jFmx7HjtgfzfOcs2%2FmRLtY3vgEfsAOPQxYL7HSwjt2ucLGoUbS9RhfPyhhFEbZJttNUB2Ob9WVLj6gTr5ppeoP8fzgWIHyNl6UgNRH1ZPNromx0vR0h%2BPfjz8QnrHD63FqpaN%2BxkKNBlaF1eFMXW0a4wvcmyJoD8YtLfm4d1iaj5dGbC1DlPQFiGKnmsDn5ZJJEyCsee6knKkAwxFdS1K%2FLab1CI%2FkIU0RPdIP7G5b88q%2BKgmu82Y9xzZVf98AOnuSHmVVhZfM%3D,Mega Greninja ex 122/086 Me04: Chaos Rising Holo,Graded,2750,,"[""FIXED_PRICE"", ""BEST_OFFER""]",uniquecopcollectables,https://i.ebayimg.com/images/g/u28AAeSwVzJqoWlT/s-l225.jpg,31566cbb-0eeb-499e-aa6d-b9b0bd85fc8b,fc81462a-2c3e-4b7a-a7be-ad7f88d98ace,Mega Greninja ex,Chaos Rising,122,mega_hyper_rare,NO,SINGLE_CARD,GRADED,CARD,,,,,Donny,2026-09-14T00:13:52.911726+00:00,,
D4-0118,v1|298657115635|0,https://www.ebay.com/itm/298657115635?_skw=Mega+Greninja+ex+122+Chaos+Rising&hash=item458959edf3:g:qYUAAeSwvf1qILPb,NM-Mint Mega Greninja ex - 122/086 - Mega Hyper Rare Pokemon Chaos Rising,Ungraded,4000,,"[""FIXED_PRICE""]",capefeargames,https://i.ebayimg.com/images/g/qYUAAeSwvf1qILPb/s-l225.jpg,31566cbb-0eeb-499e-aa6d-b9b0bd85fc8b,fc81462a-2c3e-4b7a-a7be-ad7f88d98ace,Mega Greninja ex,Chaos Rising,122,mega_hyper_rare,YES,SINGLE_CARD,RAW,CARD,,,,,Donny,2026-09-14T00:13:53.698296+00:00,,
D4-0119,v1|227420348582|0,https://www.ebay.com/itm/227420348582?_skw=Mega+Greninja+ex+122+Chaos+Rising+Pokemon+card&hash=item34f34f20a6:g:1JUAAeSwrzFqS-wJ,The Pokémon Company Mega Greninja ex 122/086 Me04 Chaos Rising Holo Eng 350HP,Graded,2750,,"[""FIXED_PRICE""]",nxcollectr,https://i.ebayimg.com/images/g/1JUAAeSwrzFqS-wJ/s-l225.jpg,31566cbb-0eeb-499e-aa6d-b9b0bd85fc8b,fc81462a-2c3e-4b7a-a7be-ad7f88d98ace,Mega Greninja ex,Chaos Rising,122,mega_hyper_rare,NO,SINGLE_CARD,GRADED,CARD,,,,,Donny,2026-09-14T00:13:54.510177+00:00,,
D4-0120,v1|800613821952|0,https://www.ebay.com/itm/800613821952?_skw=Charizard+ex+234+Paldean+Fates+Pokemon+card&hash=itemba684d6e00:g:EQMAAeSw94Nqm0Nz&amdata=enc%3AAQALAAABEACCtXRWQnOEpyOqnQQ8KGZByfs83pdXaynjQoVLi4X6c2SYEZSIgOjHTJRvX%2FNmr9Sxu5Q47j%2F9NUvUKiYofgmwVvFNzIJRDNpcH1Yv%2BAkCB2M6OEedgk7hQfpwvoAvw%2BvmtxFvgZWd%2Fw2nvJlV%2FKU3rH1gqZtemzEL10sv2l5vWCnWn%2BfXFpV8omRfJwOIps2Xc2nwaHVRT9XVo4kwaJwQNGnSo6Aqamsvy096EESShdNCMWRi0VKV5jsRX%2FHZykqf4%2FrL1RCoEnB8e8C%2BExMx9UrnqmfqgNUDXzv4aep9%2FnoeZ3Ee2OZlbSJacaSLrEpAXzMfevORrvYc%2BiwLh5%2FX0v83n9yBTXkosq3IMAdc,Charizard ex 234/091 Special Illustration Rare SV: Paldean Fates LP,Ungraded,4000,,"[""FIXED_PRICE""]",tenneygames,https://i.ebayimg.com/images/g/EQMAAeSw94Nqm0Nz/s-l225.jpg,33dca102-b449-4da6-bfa6-7b72de711596,c2d7a5e7-cfdd-4f37-9748-a2259857c6e3,Charizard ex,Paldean Fates,234,special_illustration_rare,YES,SINGLE_CARD,RAW,CARD,,,,,Donny,2026-09-14T00:13:56.227305+00:00,,
D4-0121,v1|287565391068|0,https://www.ebay.com/itm/287565391068?_skw=Charizard+ex+234+Paldean+Fates+Pokemon+card&hash=item42f43ba4dc:g:3PkAAeSwkhFqmukk,Pokemon Charizard EX Paldean Fates 234/091 Special Illustration Rare PSA 9 Mint,Graded,2750,,"[""AUCTION""]",zandgemporium,https://i.ebayimg.com/images/g/3PkAAeSwkhFqmukk/s-l225.jpg,33dca102-b449-4da6-bfa6-7b72de711596,c2d7a5e7-cfdd-4f37-9748-a2259857c6e3,Charizard ex,Paldean Fates,234,special_illustration_rare,NO,SINGLE_CARD,GRADED,CARD,,,,,Donny,2026-09-14T00:13:56.995503+00:00,,
D4-0122,v1|178305391826|0,https://www.ebay.com/itm/178305391826?_skw=Charizard+ex+234+Paldean+Fates+Pokemon+card&hash=item2983d45cd2:g:4iAAAeSwYrtqU~at,Charizard ex 234/091 SV: Paldean Fates Holo SIR English Pokemon TCG,Ungraded,4000,,"[""FIXED_PRICE""]",thecollectorofsorts,https://i.ebayimg.com/images/g/4iAAAeSwYrtqU~at/s-l225.jpg,33dca102-b449-4da6-bfa6-7b72de711596,c2d7a5e7-cfdd-4f37-9748-a2259857c6e3,Charizard ex,Paldean Fates,234,special_illustration_rare,YES,SINGLE_CARD,RAW,CARD,,,,,Donny,2026-09-14T00:13:58.240596+00:00,,
D4-0123,v1|178459130795|0,https://www.ebay.com/itm/178459130795?_skw=Charizard+ex+234+Paldean+Fates&hash=item298cfe3bab:g:uBkAAeSw8rhqlvw2,Charizard ex SIR - 234/091 - SV: Paldean Fates (PAF) SGC 9.5,Graded,2750,,"[""FIXED_PRICE""]",flipsidegaming,https://i.ebayimg.com/images/g/uBkAAeSw8rhqlvw2/s-l225.jpg,33dca102-b449-4da6-bfa6-7b72de711596,c2d7a5e7-cfdd-4f37-9748-a2259857c6e3,Charizard ex,Paldean Fates,234,special_illustration_rare,NO,SINGLE_CARD,GRADED,CARD,,,,,Donny,2026-09-14T00:13:59.368847+00:00,,
D4-0124,v1|366630777467|0,https://www.ebay.com/itm/366630777467?_skw=Charizard+ex+234+Paldean+Fates+Pokemon+card&hash=item555ce5b27b:g:T~MAAeSwZPBqj1Qe,2024 Pokemon SV Paldean Fates Charizard EX Special Illustration Rare #234 PSA 9,Graded,2750,,"[""FIXED_PRICE"", ""BEST_OFFER""]",ballbreakerz,https://i.ebayimg.com/images/g/T~MAAeSwZPBqj1Qe/s-l225.jpg,33dca102-b449-4da6-bfa6-7b72de711596,c2d7a5e7-cfdd-4f37-9748-a2259857c6e3,Charizard ex,Paldean Fates,234,special_illustration_rare,NO,SINGLE_CARD,GRADED,CARD,,,,,Donny,2026-09-14T00:14:00.600955+00:00,,
D4-0125,v1|205762390627|0,https://www.ebay.com/itm/205762390627?_skw=Charizard+ex+234+Paldean+Fates+Pokemon+card&hash=item2fe864ea63:g:QogAAeSw-Z1o3~yE&amdata=enc%3AAQALAAABEACCtXRWQnOEpyOqnQQ8KGbkZE%2FDFsWvgOYRijoXKGo0uc5zxhWNz5hibpNqFDU5UxzGfVWR6msa1o%2BX7hKz8pj50vi7nM5mWppvZ9FOtfvQbhWFyXrk%2B7mVMUEIfphJALG%2B8f--%2F%2B7SYg%2Fh0pGTLoWD25Oc1EhvqSIm%2Fa3h9BxabS8BtEEaYmfzpvCXp4BJpM0GNqmnah1q0tTzqXI6pr69HF5q9%2Bl5D7pHXKcMwsE7vaFZp%2BspBIELAsc81FAPOBtqaPmFkGrmIzzKfP8L%2BWpCVvPazMJgut3T2J%2FQaZgPRvH9OJ7lHeYrnjg4WLXjrfnmtnceWZKCvQ0kMXWfFi9NHUf20SRa0yuOIqSXd6nQ,Pokemon 2024 PAF En-Paldean Fates Charizard EX 234/091,Graded,2750,,"[""FIXED_PRICE"", ""BEST_OFFER""]",meteorstriketoys,https://i.ebayimg.com/images/g/QogAAeSw-Z1o3~yE/s-l225.jpg,33dca102-b449-4da6-bfa6-7b72de711596,c2d7a5e7-cfdd-4f37-9748-a2259857c6e3,Charizard ex,Paldean Fates,234,special_illustration_rare,NO,SINGLE_CARD,GRADED,CARD,,,,,Donny,2026-09-14T00:14:01.359559+00:00,,
D4-0126,v1|287506534430|0,https://www.ebay.com/itm/287506534430?_skw=Secret+Box+163+Twilight+Masquerade&hash=item42f0b9901e:g:ICMAAeSwlDZqdA8~,Secret Box 163/167 Sv06: Twilight Masquerade Holo,Ungraded,4000,,"[""FIXED_PRICE""]",jordan_elder,https://i.ebayimg.com/images/g/ICMAAeSwlDZqdA8~/s-l225.jpg,3755e7ef-e482-4186-8377-e717f80b3759,aa88bdd2-2ebe-4f9b-b53b-ab077c63f98c,Secret Box,Twilight Masquerade,163,ace_spec,YES,SINGLE_CARD,RAW,CARD,,,,,Donny,2026-09-14T00:14:02.750804+00:00,,
D4-0127,v1|398370703140|0,https://www.ebay.com/itm/398370703140?_skw=Secret+Box+163+Twilight+Masquerade+Pokemon+card&hash=item5cc0be8724:g:PdkAAeSw9aVqnybh,SECRET BOX 163/167 ACE SPEC RARE TWILIGHT MASQUERADE POKEMON HOLO NM/M,Ungraded,4000,,"[""FIXED_PRICE"", ""BEST_OFFER""]",ryanstcgcollectables,https://i.ebayimg.com/images/g/PdkAAeSw9aVqnybh/s-l225.jpg,3755e7ef-e482-4186-8377-e717f80b3759,aa88bdd2-2ebe-4f9b-b53b-ab077c63f98c,Secret Box,Twilight Masquerade,163,ace_spec,YES,SINGLE_CARD,RAW,CARD,,,,,Donny,2026-09-14T00:14:03.159533+00:00,,
D4-0128,v1|336788206789|0,https://www.ebay.com/itm/336788206789?_skw=Secret+Box+163+Twilight+Masquerade&hash=item4e6a2434c5:g:JMcAAeSwGedqotSy,Secret Box SV06: Twilight Masquerade #163/167,Ungraded,4000,,"[""FIXED_PRICE"", ""BEST_OFFER""]",5handssportscards,https://i.ebayimg.com/images/g/JMcAAeSwGedqotSy/s-l225.jpg,3755e7ef-e482-4186-8377-e717f80b3759,aa88bdd2-2ebe-4f9b-b53b-ab077c63f98c,Secret Box,Twilight Masquerade,163,ace_spec,YES,SINGLE_CARD,RAW,CARD,,,,,Donny,2026-09-14T00:14:03.588648+00:00,,
D4-0129,v1|358873475451|0,https://www.ebay.com/itm/358873475451?_skw=Secret+Box+163+Twilight+Masquerade+Pokemon+card&hash=item538e86a97b:g:I80AAeSwB-dqbtuV,Secret Box 163/167 Pokemon Twilight Masquerade Ace Spec Holo Rare NM,Ungraded,4000,,"[""FIXED_PRICE"", ""BEST_OFFER""]",dtgcards,https://i.ebayimg.com/images/g/I80AAeSwB-dqbtuV/s-l225.jpg,3755e7ef-e482-4186-8377-e717f80b3759,aa88bdd2-2ebe-4f9b-b53b-ab077c63f98c,Secret Box,Twilight Masquerade,163,ace_spec,YES,SINGLE_CARD,RAW,CARD,,,,,Donny,2026-09-14T00:14:04.044373+00:00,,
D4-0130,v1|318335620436|0,https://www.ebay.com/itm/318335620436?_skw=Secret+Box+163+Twilight+Masquerade&hash=item4a1e481554:g:sKYAAeSwDgxqDmih&amdata=enc%3AAQALAAABAACCtXRWQnOEpyOqnQQ8KGZ49%2BYKvufrf8LiNh56klvQqpvQuNXKAeeOL%2BXW6ec3wROIb%2BHg2sLeGT4pSahawD93wmxuqbNhG0EpcJ7uqhCmjykngWZ9H4R1NHHJlP0O%2Fhk1LsG%2FlebFqOEzk0xtAVkNWn2FhbYsP9fVtKgExtkYzteoyR4NichBLipZBo3oiSSkfAeYRQSMpJr3KA9HlA1O289O5Rc8TCRPtO1pDmRJw4oKvHYnadS6E9Mm%2F5jmbgGzAJNqBDp1cb4a87z99T%2B%2BwDwSvwqdWNtRchm3J2xjYlC%2FOJmE9hsgDMTx1Y0VEV6nHcFfBCeU2id60Fzj58c%3D,Secret Box 163/167 ACE SPEC Rare Twilight Masquerade Pokemon Holo ,Ungraded,4000,,"[""FIXED_PRICE"", ""BEST_OFFER""]",whitervce,https://i.ebayimg.com/images/g/sKYAAeSwDgxqDmih/s-l225.jpg,3755e7ef-e482-4186-8377-e717f80b3759,aa88bdd2-2ebe-4f9b-b53b-ab077c63f98c,Secret Box,Twilight Masquerade,163,ace_spec,YES,SINGLE_CARD,RAW,CARD,,,,,Donny,2026-09-14T00:14:04.494962+00:00,,
D4-0131,v1|800613056134|0,https://www.ebay.com/itm/800613056134?_skw=Secret+Box+163+Twilight+Masquerade+Pokemon+card&hash=itemba6841be86:g:eJ8AAeSwmKhqmw9a,Pokemon Secret Box 163/167 Twilight Masquerade ACE SPEC NM,Ungraded,4000,,"[""FIXED_PRICE"", ""BEST_OFFER""]",auruscache,https://i.ebayimg.com/images/g/eJ8AAeSwmKhqmw9a/s-l225.jpg,3755e7ef-e482-4186-8377-e717f80b3759,aa88bdd2-2ebe-4f9b-b53b-ab077c63f98c,Secret Box,Twilight Masquerade,163,ace_spec,YES,SINGLE_CARD,RAW,CARD,,,,,Donny,2026-09-14T00:14:05.001954+00:00,,
D4-0132,v1|128075967908|0,https://www.ebay.com/itm/128075967908?_skw=Sunflora+169+Twilight+Masquerade+Pokemon+card&hash=item1dd1ec2da4:g:rv8AAeSw3HxqpYHB,Sunflora 169/167 Illustration Rare Twilight Masquerade Pokemon Holo Near Mint,Ungraded,4000,,"[""FIXED_PRICE""]",coopsca-38,https://i.ebayimg.com/images/g/rv8AAeSw3HxqpYHB/s-l225.jpg,3b5294d0-4738-4296-952e-f32b2788e3c4,10ab9aee-5f8c-4938-aec5-aa4a4314f745,Sunflora,Twilight Masquerade,169,illustration_rare,YES,SINGLE_CARD,RAW,CARD,,,,,Donny,2026-09-14T00:14:06.047579+00:00,,
D4-0133,v1|188917636968|0,https://www.ebay.com/itm/188917636968?_skw=Sunflora+169+Twilight+Masquerade+Pokemon+card&hash=item2bfc5e5f68:g:XuEAAeSwAOtqpFQg,Sunflora 169/167 Sv06: Twilight Masquerade Holo,Ungraded,4000,,"[""AUCTION"", ""BEST_OFFER""]",b.money4904,https://i.ebayimg.com/images/g/XuEAAeSwAOtqpFQg/s-l225.jpg,3b5294d0-4738-4296-952e-f32b2788e3c4,10ab9aee-5f8c-4938-aec5-aa4a4314f745,Sunflora,Twilight Masquerade,169,illustration_rare,YES,SINGLE_CARD,RAW,CARD,,,,,Donny,2026-09-14T00:14:08.826407+00:00,,
D4-0134,v1|178462613024|0,https://www.ebay.com/itm/178462613024?_skw=Sunflora+169+Twilight+Masquerade&hash=item298d335e20:g:hIEAAeSwYQVqmI7l,Sunflora SV06: Twilight Masquerade 169/167 Holo Illustration Rare Pokemon NM,Ungraded,4000,,"[""FIXED_PRICE""]",mint_nexus,https://i.ebayimg.com/images/g/hIEAAeSwYQVqmI7l/s-l225.jpg,3b5294d0-4738-4296-952e-f32b2788e3c4,10ab9aee-5f8c-4938-aec5-aa4a4314f745,Sunflora,Twilight Masquerade,169,illustration_rare,YES,SINGLE_CARD,RAW,CARD,,,,,Donny,2026-09-14T00:14:09.507418+00:00,,
D4-0135,v1|128000719486|0,https://www.ebay.com/itm/128000719486?_skw=Sunflora+169+Twilight+Masquerade&hash=item1dcd6ffa7e:g:LWQAAeSwRT1qakA-,Sunflora 169/167 Illustration Rare MINT Condition - S&V Twilight Masquerade,Ungraded,4000,,"[""FIXED_PRICE""]",elite4master,https://i.ebayimg.com/images/g/LWQAAeSwRT1qakA-/s-l225.jpg,3b5294d0-4738-4296-952e-f32b2788e3c4,10ab9aee-5f8c-4938-aec5-aa4a4314f745,Sunflora,Twilight Masquerade,169,illustration_rare,YES,SINGLE_CARD,RAW,CARD,,,,,Donny,2026-09-14T00:14:10.392402+00:00,,
D4-0136,v1|227514083992|0,https://www.ebay.com/itm/227514083992?_skw=Sunflora+169+Twilight+Masquerade+Pokemon+card&hash=item34f8e56a98:g:-SsAAeSwyXhqoZph,Sunflora 169/167 Illustration Rare Twm En-Twilight Masquerade Pokemon PSA 9,Graded,2750,,"[""FIXED_PRICE"", ""BEST_OFFER""]",pawndepotllc,https://i.ebayimg.com/images/g/-SsAAeSwyXhqoZph/s-l225.jpg,3b5294d0-4738-4296-952e-f32b2788e3c4,10ab9aee-5f8c-4938-aec5-aa4a4314f745,Sunflora,Twilight Masquerade,169,illustration_rare,NO,SINGLE_CARD,GRADED,CARD,,,,,Donny,2026-09-14T00:14:11.530926+00:00,,
D4-0137,v1|146453541362|0,https://www.ebay.com/itm/146453541362?_skw=Sunflora+169+Twilight+Masquerade&hash=item22194fb1f2:g:a8IAAeSwILNn1hMR,Sunflora 169/167 Sv06: Twilight Masquerade Holo,Ungraded,4000,,"[""FIXED_PRICE""]",royalripz24,https://i.ebayimg.com/images/g/a8IAAeSwILNn1hMR/s-l225.jpg,3b5294d0-4738-4296-952e-f32b2788e3c4,10ab9aee-5f8c-4938-aec5-aa4a4314f745,Sunflora,Twilight Masquerade,169,illustration_rare,YES,SINGLE_CARD,RAW,CARD,,,,,Donny,2026-09-14T00:14:12.750616+00:00,,
D4-0138,v1|178456280198|0,https://www.ebay.com/itm/178456280198?_skw=Mega+Gardevoir+ex+187+Mega+Evolution&hash=item298cd2bc86:g:UOgAAeSwcXFqlao4,PSA 9 MEGA GARDEVOIR EX 187/132 MEGA HYPER RARE MEGA EVOLUTION BASE POKEMON,Graded,2750,,"[""FIXED_PRICE"", ""BEST_OFFER""]",zsdrift,https://i.ebayimg.com/images/g/UOgAAeSwcXFqlao4/s-l225.jpg,3baf2f12-759f-427a-b8d0-2511e639310f,886acc91-d523-4628-bb4a-6ef8db1d8543,Mega Gardevoir ex,Mega Evolution,187,mega_hyper_rare,NO,SINGLE_CARD,GRADED,CARD,,,,,Donny,2026-09-14T00:14:14.510778+00:00,,
D4-0139,v1|357671660833|0,https://www.ebay.com/itm/357671660833?_skw=Mega+Gardevoir+ex+187+Mega+Evolution+Pokemon+card&hash=item5346e46d21:g:CTwAAeSwblFo108O,"Pokemon Mega Evolution, Mega Gardevoir Ex 187/132 GOLD, English, In Hand",Ungraded,4000,,"[""FIXED_PRICE""]",jaspamp0,https://i.ebayimg.com/images/g/CTwAAeSwblFo108O/s-l225.jpg,3baf2f12-759f-427a-b8d0-2511e639310f,886acc91-d523-4628-bb4a-6ef8db1d8543,Mega Gardevoir ex,Mega Evolution,187,mega_hyper_rare,YES,SINGLE_CARD,RAW,CARD,,,,,Donny,2026-09-14T00:14:16.449524+00:00,,
D4-0140,v1|298565222933|0,https://www.ebay.com/itm/298565222933?_skw=Mega+Gardevoir+ex+187+Mega+Evolution&hash=item4583dfc215:g:5HQAAeSw~cFqdP-R,NM-Mint Mega Gardevoir ex - 187/132 - Mega Hyper Rare Pokemon Mega Evolution - B,Ungraded,4000,,"[""FIXED_PRICE""]",capefeargames,https://i.ebayimg.com/images/g/5HQAAeSw~cFqdP-R/s-l225.jpg,3baf2f12-759f-427a-b8d0-2511e639310f,886acc91-d523-4628-bb4a-6ef8db1d8543,Mega Gardevoir ex,Mega Evolution,187,mega_hyper_rare,YES,SINGLE_CARD,RAW,CARD,,,,,Donny,2026-09-14T00:14:17.264900+00:00,,
D4-0141,v1|336511253159|0,https://www.ebay.com/itm/336511253159?_skw=Mega+Gardevoir+ex+187+Mega+Evolution&hash=item4e59a23aa7:g:8wAAAeSwGnFpzBwP,Mega Gardevoir ex 187/132 Mega Evolution Gold Hyper Rare CGC 10,Graded,2750,,"[""FIXED_PRICE""]",nu2u-guru,https://i.ebayimg.com/images/g/8wAAAeSwGnFpzBwP/s-l225.jpg,3baf2f12-759f-427a-b8d0-2511e639310f,886acc91-d523-4628-bb4a-6ef8db1d8543,Mega Gardevoir ex,Mega Evolution,187,mega_hyper_rare,NO,SINGLE_CARD,GRADED,CARD,,,,,Donny,2026-09-14T00:14:18.379802+00:00,,
D4-0142,v1|306564095938|0,https://www.ebay.com/itm/306564095938?_skw=Mega+Gardevoir+ex+187+Mega+Evolution+Pokemon+card&hash=item4760a4dfc2:g:wSsAAeSwus1o-ous,2025 POKEMON MEG EN-MEGA EVOLUTION MEGA HYPER RARE #187 MEGA GARDEVOIR EX PSA 9,Graded,2750,,"[""FIXED_PRICE""]",pkgu_trading_cards,https://i.ebayimg.com/images/g/wSsAAeSwus1o-ous/s-l225.jpg,3baf2f12-759f-427a-b8d0-2511e639310f,886acc91-d523-4628-bb4a-6ef8db1d8543,Mega Gardevoir ex,Mega Evolution,187,mega_hyper_rare,NO,SINGLE_CARD,GRADED,CARD,,,,,Donny,2026-09-14T00:14:18.987056+00:00,,
D4-0143,v1|147542438037|0,https://www.ebay.com/itm/147542438037?_skw=Mega+Gardevoir+ex+187+Mega+Evolution+Pokemon+card&hash=item225a36f095:g:sDwAAeSw~vdqlwQN,BGS 8.5 Mega Gardevoir ex - 187/132 - ME01: Mega Evolution,Graded,2750,,"[""FIXED_PRICE"", ""BEST_OFFER""]",coastalsportcollectibles,https://i.ebayimg.com/images/g/sDwAAeSw~vdqlwQN/s-l225.jpg,3baf2f12-759f-427a-b8d0-2511e639310f,886acc91-d523-4628-bb4a-6ef8db1d8543,Mega Gardevoir ex,Mega Evolution,187,mega_hyper_rare,NO,SINGLE_CARD,GRADED,CARD,,,,,Donny,2026-09-14T00:14:19.808557+00:00,,
D4-0144,v1|377483835340|0,https://www.ebay.com/itm/377483835340?_skw=Mega+Charizard+Y+ex+294+Ascended+Heroes&hash=item57e3ca37cc:g:is8AAeSwxq1qoVaH,2026 Pokemon Ascended Heroes Mega Charizard Y ex Hyper Rare #294/217 (F),Ungraded,4000,,"[""AUCTION""]",dcsports87,https://i.ebayimg.com/images/g/is8AAeSwxq1qoVaH/s-l225.jpg,3c75f577-62ee-4bdf-865c-ab2384f4379b,ecf458ed-ed92-4f04-bf27-1912d59bdbc0,Mega Charizard Y ex,Ascended Heroes,294,mega_hyper_rare,YES,SINGLE_CARD,RAW,CARD,,,,,Donny,2026-09-14T00:14:21.901214+00:00,,
D4-0145,v1|287316152926|0,https://www.ebay.com/itm/287316152926?_skw=Mega+Charizard+Y+ex+294+Ascended+Heroes+Pokemon+card&hash=item42e560925e:g:UkYAAeSw7T5p-6m0,"Mega Charizard Y EX 294/217 Gold Hyper Rare, Ascended Heroes, Pokemon  ",Ungraded,4000,,"[""FIXED_PRICE"", ""BEST_OFFER""]",stevieslabsphilly,https://i.ebayimg.com/images/g/UkYAAeSw7T5p-6m0/s-l225.jpg,3c75f577-62ee-4bdf-865c-ab2384f4379b,ecf458ed-ed92-4f04-bf27-1912d59bdbc0,Mega Charizard Y ex,Ascended Heroes,294,mega_hyper_rare,YES,SINGLE_CARD,RAW,CARD,,,,,Donny,2026-09-14T00:14:22.722609+00:00,,
D4-0146,v1|407137485827|0,https://www.ebay.com/itm/407137485827?_skw=Mega+Charizard+Y+ex+294+Ascended+Heroes+Pokemon+card&hash=item5ecb490403:g:90UAAeSwTF5qe7gw,Mega Charizard Y ex 294/217 Me: Ascended Heroes Holo,Graded,2750,,"[""FIXED_PRICE""]",pikabutcg,https://i.ebayimg.com/images/g/90UAAeSwTF5qe7gw/s-l225.jpg,3c75f577-62ee-4bdf-865c-ab2384f4379b,ecf458ed-ed92-4f04-bf27-1912d59bdbc0,Mega Charizard Y ex,Ascended Heroes,294,mega_hyper_rare,NO,SINGLE_CARD,GRADED,CARD,,,,,Donny,2026-09-14T00:14:24.722159+00:00,,
D4-0147,v1|366662625453|0,https://www.ebay.com/itm/366662625453?_skw=Mega+Charizard+Y+ex+294+Ascended+Heroes+Pokemon+card&hash=item555ecba8ad:g:twwAAeSwSkFqpAWf,CGC Pristine 10 Mega Charizard Y EX 2026 Ascended Heroes Holo Hyper Rare 294/217,Graded,2750,,"[""FIXED_PRICE"", ""BEST_OFFER""]",smittys_east,https://i.ebayimg.com/images/g/twwAAeSwSkFqpAWf/s-l225.jpg,3c75f577-62ee-4bdf-865c-ab2384f4379b,ecf458ed-ed92-4f04-bf27-1912d59bdbc0,Mega Charizard Y ex,Ascended Heroes,294,mega_hyper_rare,NO,SINGLE_CARD,GRADED,CARD,,,,,Donny,2026-09-14T00:14:27.182442+00:00,,
D4-0148,v1|128021750886|0,https://www.ebay.com/itm/128021750886?_skw=Mega+Charizard+Y+ex+294+Ascended+Heroes&hash=item1dceb0e466:g:idgAAeSwgvRqe6t9&amdata=enc%3AAQALAAABAACCtXRWQnOEpyOqnQQ8KGZqAoC9Wsgd39a5p%2BMJWASlxC2yQdXwtExxR3onzKGM%2Far%2F5B1MCQ5dPJFJxpNzSx1TzkmaCJCGH8IYDWxP2hMyzsnkW06JCzIY4U2B2n3I%2BNdDfcI%2BqsYhO%2BNTz5aiYMA88j4ElgYKry1%2BAeRryUd0jy8P20lJHzEklBhsOTTNItYmwWCA8%2B1%2F2jCc%2BJpvFJ0i4izOoWpiK4%2BN9CLY7rpVTJUhjQ0b3grQwZg5NTO9tG39tOTz2G0MIzvYt0m5UPSa%2FrLe7nsA8bSYtj93fYF9Wv4EPTtxzPTri0cpTauxRPh7CKSk5Eyh5oM3Ky4hKqw%3D,PSA 9 Mega Charizard Y EX 294/217 Me: Ascended Heroes Holo Mega Hyper Rare,Graded,2750,,"[""FIXED_PRICE"", ""BEST_OFFER""]",pabloscollectorshop,https://i.ebayimg.com/images/g/idgAAeSwgvRqe6t9/s-l225.jpg,3c75f577-62ee-4bdf-865c-ab2384f4379b,ecf458ed-ed92-4f04-bf27-1912d59bdbc0,Mega Charizard Y ex,Ascended Heroes,294,mega_hyper_rare,NO,SINGLE_CARD,GRADED,CARD,,,,,Donny,2026-09-14T00:14:27.947871+00:00,,
D4-0149,v1|147513683678|445818673685,https://www.ebay.com/itm/147513683678?_skw=Mega+Charizard+Y+ex+294+Ascended+Heroes&hash=item2258802ede:g:HBEAAeSwNuRqhLZL,Charizard Pokemon Cards Vintage Holo Mega EX GX VMAX VSTAR Choose Your Card,Ungraded,4000,,"[""FIXED_PRICE""]",evcards,https://i.ebayimg.com/images/g/HBEAAeSwNuRqhLZL/s-l225.jpg,3c75f577-62ee-4bdf-865c-ab2384f4379b,ecf458ed-ed92-4f04-bf27-1912d59bdbc0,Mega Charizard Y ex,Ascended Heroes,294,mega_hyper_rare,NO,LOT_OR_BUNDLE,RAW,CARD,,,,,Donny,2026-09-14T00:14:29.829231+00:00,,
D4-0150,v1|820059564096|0,https://www.ebay.com/itm/820059564096?_skw=Mega+Dragonite+ex+290+Ascended+Heroes+Pokemon+card&hash=itembeef5be840:g:05MAAeSwA9FqePpg,2026 Pokémon Ascended ASC EN #290 Mega Dragonite ex Special Illustration PSA 10,Graded,2750,,"[""FIXED_PRICE"", ""BEST_OFFER""]",yuuuukoa,https://i.ebayimg.com/images/g/05MAAeSwA9FqePpg/s-l225.jpg,4206e794-1ec6-4d55-94d4-63267ac9a183,9d5ddc90-8f9d-4759-b73d-fff0cd877d73,Mega Dragonite ex,Ascended Heroes,290,special_illustration_rare,NO,SINGLE_CARD,GRADED,CARD,,,,,Donny,2026-09-14T00:14:31.060259+00:00,,
D4-0151,v1|188905471736|0,https://www.ebay.com/itm/188905471736?_skw=Mega+Dragonite+ex+290+Ascended+Heroes+Pokemon+card&hash=item2bfba4bef8:g:wJMAAeSwZxRqoI73,CGC 10 Mega Dragonite EX 290/217 Special Illustration Rare Pokemon,Graded,2750,,"[""FIXED_PRICE""]",jimmycardslfg,https://i.ebayimg.com/images/g/wJMAAeSwZxRqoI73/s-l225.jpg,4206e794-1ec6-4d55-94d4-63267ac9a183,9d5ddc90-8f9d-4759-b73d-fff0cd877d73,Mega Dragonite ex,Ascended Heroes,290,special_illustration_rare,NO,SINGLE_CARD,GRADED,CARD,,,,,Donny,2026-09-14T00:14:32.375673+00:00,,
D4-0152,v1|800529472315|0,https://www.ebay.com/itm/800529472315?_skw=Mega+Dragonite+ex+290+Ascended+Heroes+Pokemon+card&hash=itemba63465b3b:g:EEcAAeSwi55qhHll,2026 Pokémon ASC Ascended Heroes #290 Mega Dragonite ex SIR PSA 9,Graded,2750,,"[""FIXED_PRICE"", ""BEST_OFFER""]",pokejetcollectibles,https://i.ebayimg.com/images/g/EEcAAeSwi55qhHll/s-l225.jpg,4206e794-1ec6-4d55-94d4-63267ac9a183,9d5ddc90-8f9d-4759-b73d-fff0cd877d73,Mega Dragonite ex,Ascended Heroes,290,special_illustration_rare,NO,SINGLE_CARD,GRADED,CARD,,,,,Donny,2026-09-14T00:14:33.042460+00:00,,
D4-0153,v1|398389014356|0,https://www.ebay.com/itm/398389014356?_skw=Mega+Dragonite+ex+290+Ascended+Heroes&hash=item5cc1d5ef54:g:lFwAAeSwHPVqpewf,Mega Dragonite ex SIR Ascended Heroes 290/217 English Pokémon TCG NM,Ungraded,4000,,"[""FIXED_PRICE"", ""BEST_OFFER""]",rafa0913,https://i.ebayimg.com/images/g/lFwAAeSwHPVqpewf/s-l225.jpg,4206e794-1ec6-4d55-94d4-63267ac9a183,9d5ddc90-8f9d-4759-b73d-fff0cd877d73,Mega Dragonite ex,Ascended Heroes,290,special_illustration_rare,YES,SINGLE_CARD,RAW,CARD,,,,,Donny,2026-09-14T00:14:35.628610+00:00,,
D4-0154,v1|398387401246|0,https://www.ebay.com/itm/398387401246?_skw=Mega+Dragonite+ex+290+Ascended+Heroes&hash=item5cc1bd521e:g:f7MAAeSwFXJqpUHx,Pokemon Company Mega Dragonite ex 290/217 Me: Ascended Heroes SIR Holo EN PSA 10,Graded,2750,,"[""FIXED_PRICE"", ""BEST_OFFER""]",alehaye81,https://i.ebayimg.com/images/g/f7MAAeSwFXJqpUHx/s-l225.jpg,4206e794-1ec6-4d55-94d4-63267ac9a183,9d5ddc90-8f9d-4759-b73d-fff0cd877d73,Mega Dragonite ex,Ascended Heroes,290,special_illustration_rare,NO,SINGLE_CARD,GRADED,CARD,,,,,Donny,2026-09-14T00:14:37.309953+00:00,,
D4-0155,v1|117389204106|0,https://www.ebay.com/itm/117389204106?_skw=Mega+Dragonite+ex+290+Ascended+Heroes&hash=item1b54f11a8a:g:ChEAAeSwALdqljwP,2026 POKEMON ASCENDED HEROES SPECIAL ILLUSTRATION RARE MEGA DRAGONITE EX PSA 9,Graded,2750,,"[""AUCTION""]",psa,https://i.ebayimg.com/images/g/ChEAAeSwALdqljwP/s-l225.jpg,4206e794-1ec6-4d55-94d4-63267ac9a183,9d5ddc90-8f9d-4759-b73d-fff0cd877d73,Mega Dragonite ex,Ascended Heroes,290,special_illustration_rare,NO,SINGLE_CARD,GRADED,CARD,,,,,Donny,2026-09-14T00:14:38.814342+00:00,,
D4-0156,v1|267748042567|0,https://www.ebay.com/itm/267748042567?_skw=Durant+ex+236+Surging+Sparks+Pokemon+card&hash=item3e5706e747:g:9usAAeSw-1dqcpey,Durant EX 236/191 Sv08: Surging Sparks Holo Full Art Special Illustration Rare,Ungraded,4000,,"[""FIXED_PRICE"", ""BEST_OFFER""]",thepestwade,https://i.ebayimg.com/images/g/9usAAeSw-1dqcpey/s-l225.jpg,4299cd6b-98e3-4e65-865f-26a39b19fe5b,041717c6-a2b6-40d1-867a-b1abb1d65ec8,Durant ex,Surging Sparks,236,special_illustration_rare,YES,SINGLE_CARD,RAW,CARD,,,,,Donny,2026-09-14T00:14:41.147919+00:00,,
D4-0157,v1|306273753003|0,https://www.ebay.com/itm/306273753003?_skw=Durant+ex+236+Surging+Sparks+Pokemon+card&hash=item474f5697ab:g:GEIAAeSwe~xoDpz5,2024 POKEMON EN-SURGING SPARKS SPECIAL ILLUSTRATION RARE DURANT EX PSA 9,Graded,2750,,"[""FIXED_PRICE"", ""BEST_OFFER""]",debellassportscards,https://i.ebayimg.com/images/g/GEIAAeSwe~xoDpz5/s-l225.jpg,4299cd6b-98e3-4e65-865f-26a39b19fe5b,041717c6-a2b6-40d1-867a-b1abb1d65ec8,Durant ex,Surging Sparks,236,special_illustration_rare,NO,SINGLE_CARD,GRADED,CARD,,,,,Donny,2026-09-14T00:14:42.318063+00:00,,
D4-0158,v1|188768121616|0,https://www.ebay.com/itm/188768121616?_skw=Durant+ex+236+Surging+Sparks+Pokemon+card&hash=item2bf374f310:g:rksAAeSw8TRqeO0U,The Pokémon Company Durant ex 236/191 Sv08: Surging Sparks Holo Full Art,Ungraded,4000,,"[""FIXED_PRICE"", ""BEST_OFFER""]",lumbajack,https://i.ebayimg.com/images/g/rksAAeSw8TRqeO0U/s-l225.jpg,4299cd6b-98e3-4e65-865f-26a39b19fe5b,041717c6-a2b6-40d1-867a-b1abb1d65ec8,Durant ex,Surging Sparks,236,special_illustration_rare,YES,SINGLE_CARD,RAW,CARD,,,,,Donny,2026-09-14T00:14:43.096672+00:00,,
D4-0159,v1|398205075279|0,https://www.ebay.com/itm/398205075279?_skw=Durant+ex+236+Surging+Sparks+Pokemon+card&hash=item5cb6df3f4f:g:lKkAAeSwx7pqYUbp,Pokémon TCG Durant EX Card 236/191 Surging Sparks Series Mint Condition,Ungraded,4000,,"[""FIXED_PRICE"", ""BEST_OFFER""]",ashmatt-65,https://i.ebayimg.com/images/g/lKkAAeSwx7pqYUbp/s-l225.jpg,4299cd6b-98e3-4e65-865f-26a39b19fe5b,041717c6-a2b6-40d1-867a-b1abb1d65ec8,Durant ex,Surging Sparks,236,special_illustration_rare,YES,SINGLE_CARD,RAW,CARD,,,,,Donny,2026-09-14T00:14:43.796997+00:00,,
D4-0160,v1|267689299602|0,https://www.ebay.com/itm/267689299602?_skw=Durant+ex+236+Surging+Sparks+Pokemon+card&hash=item3e53868e92:g:6e4AAeSwoClqISN8,Durant ex 236/191 Special Illustration Rare Surging Sparks Pokemon NM,Ungraded,4000,,"[""FIXED_PRICE"", ""BEST_OFFER""]",yvrpika,https://i.ebayimg.com/images/g/6e4AAeSwoClqISN8/s-l225.jpg,4299cd6b-98e3-4e65-865f-26a39b19fe5b,041717c6-a2b6-40d1-867a-b1abb1d65ec8,Durant ex,Surging Sparks,236,special_illustration_rare,YES,SINGLE_CARD,RAW,CARD,,,,,Donny,2026-09-14T00:14:44.358591+00:00,,
D4-0161,v1|306981537609|0,https://www.ebay.com/itm/306981537609?_skw=Durant+ex+236+Surging+Sparks+Pokemon+card&hash=item4779868749:g:sVsAAeSwiyhqIQLA,Durant ex 236/191 Sv08: Surging Sparks Holo,Ungraded,4000,,"[""FIXED_PRICE"", ""BEST_OFFER""]",wholesaleroftheyear,https://i.ebayimg.com/images/g/sVsAAeSwiyhqIQLA/s-l225.jpg,4299cd6b-98e3-4e65-865f-26a39b19fe5b,041717c6-a2b6-40d1-867a-b1abb1d65ec8,Durant ex,Surging Sparks,236,special_illustration_rare,YES,SINGLE_CARD,RAW,CARD,,,,,Donny,2026-09-14T00:14:45.461594+00:00,,
D4-0162,v1|358847144316|626840746968,https://www.ebay.com/itm/358847144316?_skw=Lt.+Surge%27s+Bargain+120+Mega+Evolution+Pokemon+card&hash=item538cf4e17c:g:r5oAAeSwieZqhlfF,Pokemon Mega Evolution Cards ME01 Pick Your Card Master Set Reverse Holo NM,Ungraded,4000,,"[""FIXED_PRICE""]",wemicollectables,https://i.ebayimg.com/images/g/r5oAAeSwieZqhlfF/s-l225.jpg,50f67b41-059d-4c14-842f-8b48fba46bc2,304de4f2-c09c-4d1c-a57e-5b83867aee55,Lt. Surge's Bargain,Mega Evolution,120,uncommon,NO,SINGLE_CARD,RAW,CARD,,,,,Donny,2026-09-14T00:14:47.045369+00:00,,
D4-0163,v1|327347380200|0,https://www.ebay.com/itm/327347380200?_skw=Lt.+Surge%27s+Bargain+120+Mega+Evolution+Pokemon+card&hash=item4c376c9fe8:g:oAYAAeSwdINqn0SQ,Lt. Surge's Bargain ME01: Mega Evolution 120/132 Reverse Holo Pokemon TCG LP,Ungraded,4000,,"[""FIXED_PRICE"", ""BEST_OFFER""]",crulybeanstick,https://i.ebayimg.com/images/g/oAYAAeSwdINqn0SQ/s-l225.jpg,50f67b41-059d-4c14-842f-8b48fba46bc2,304de4f2-c09c-4d1c-a57e-5b83867aee55,Lt. Surge's Bargain,Mega Evolution,120,uncommon,NO,SINGLE_CARD,RAW,CARD,,,,INCONSISTENT,Donny,2026-09-14T00:14:48.596189+00:00,,
D4-0164,v1|198585602792|0,https://www.ebay.com/itm/198585602792?_skw=Lt.+Surge%27s+Bargain+120+Mega+Evolution+Pokemon+card&hash=item2e3c9fd2e8:g:B9MAAeSwR7pqh7LT,Lt. Surge's Bargain 120/132 Uncommon Mega Evolution Pokemon Reverse Holo NM,Ungraded,4000,,"[""FIXED_PRICE""]",silphsaffron,https://i.ebayimg.com/images/g/B9MAAeSwR7pqh7LT/s-l225.jpg,50f67b41-059d-4c14-842f-8b48fba46bc2,304de4f2-c09c-4d1c-a57e-5b83867aee55,Lt. Surge's Bargain,Mega Evolution,120,uncommon,NO,SINGLE_CARD,RAW,CARD,,,,INCONSISTENT,Donny,2026-09-14T00:14:49.729143+00:00,,
D4-0165,v1|178326744612|0,https://www.ebay.com/itm/178326744612?_skw=Lt.+Surge%27s+Bargain+120+Mega+Evolution+Pokemon+card&hash=item29851a2e24:g:ToQAAeSwSwhqXXvI,Lt. Surge's Bargain 120/132 Uncommon Mega Evolution Pokemon NM,Ungraded,4000,,"[""FIXED_PRICE"", ""BEST_OFFER""]",random.collector6,https://i.ebayimg.com/images/g/ToQAAeSwSwhqXXvI/s-l225.jpg,50f67b41-059d-4c14-842f-8b48fba46bc2,304de4f2-c09c-4d1c-a57e-5b83867aee55,Lt. Surge's Bargain,Mega Evolution,120,uncommon,YES,SINGLE_CARD,RAW,CARD,,,,,Donny,2026-09-14T00:14:51.603737+00:00,,
D4-0166,v1|188572409836|0,https://www.ebay.com/itm/188572409836?_skw=Lt.+Surge%27s+Bargain+120+Mega+Evolution+Pokemon+card&hash=item2be7ca9fec:g:aUQAAeSwsa1qQV5e,Lt. Surge's Bargain 120/132 Mega Evolution UC Reverse Holo NM/M Pokemon,Ungraded,4000,,"[""FIXED_PRICE""]",phatpackztcg,https://i.ebayimg.com/images/g/aUQAAeSwsa1qQV5e/s-l225.jpg,50f67b41-059d-4c14-842f-8b48fba46bc2,304de4f2-c09c-4d1c-a57e-5b83867aee55,Lt. Surge's Bargain,Mega Evolution,120,uncommon,NO,SINGLE_CARD,RAW,CARD,,,,INCONSISTENT,Donny,2026-09-14T00:14:52.805646+00:00,,
D4-0167,v1|307143103575|0,https://www.ebay.com/itm/307143103575?_skw=Lt.+Surge%27s+Bargain+120+Mega+Evolution+Pokemon+card&hash=item478327d457:g:YQMAAeSwX4xqi9KZ,Lt. Surge's Bargain 120/132 Uncommon Mega Evolution Pokemon Reverse Holo NM,Ungraded,4000,,"[""FIXED_PRICE""]",desirablecardboard,https://i.ebayimg.com/images/g/YQMAAeSwX4xqi9KZ/s-l225.jpg,50f67b41-059d-4c14-842f-8b48fba46bc2,304de4f2-c09c-4d1c-a57e-5b83867aee55,Lt. Surge's Bargain,Mega Evolution,120,uncommon,NO,SINGLE_CARD,RAW,CARD,,,,INCONSISTENT,Donny,2026-09-14T00:14:53.797692+00:00,,
D4-0168,v1|398196717194|0,https://www.ebay.com/itm/398196717194?_skw=Perrin+220+Twilight+Masquerade+Pokemon+card&hash=item5cb65fb68a:g:SbMAAeSwe4RqXpLw,Pokemon Perrin Twilight Masquerade 220/167 Special Illustration Rare PSA 10,Graded,2750,,"[""FIXED_PRICE""]",jeanvargas-_60,https://i.ebayimg.com/images/g/SbMAAeSwe4RqXpLw/s-l225.jpg,53466d2d-94fd-4230-9505-694297a9030d,3451abaf-acc7-41aa-a60c-25f24b7ac07f,Perrin,Twilight Masquerade,220,special_illustration_rare,NO,SINGLE_CARD,GRADED,CARD,,,,,Donny,2026-09-14T00:14:57.080943+00:00,,
D4-0169,v1|318840852322|0,https://www.ebay.com/itm/318840852322?_skw=Perrin+220+Twilight+Masquerade+Pokemon+card&hash=item4a3c654f62:g:DEMAAeSw8qdqn0pq,Perrin 220/167 SIR Twilight Masquerade Special Illustration Rare Pokemon Card NM,Ungraded,4000,,"[""FIXED_PRICE"", ""BEST_OFFER""]",keher1972,https://i.ebayimg.com/images/g/DEMAAeSw8qdqn0pq/s-l225.jpg,53466d2d-94fd-4230-9505-694297a9030d,3451abaf-acc7-41aa-a60c-25f24b7ac07f,Perrin,Twilight Masquerade,220,special_illustration_rare,YES,SINGLE_CARD,RAW,CARD,,,,,Donny,2026-09-14T00:14:58.496877+00:00,,
D4-0170,v1|227516356149|0,https://www.ebay.com/itm/227516356149?_skw=Perrin+220+Twilight+Masquerade+Pokemon+card&hash=item34f9081635:g:sZcAAeSw4qpqgVaB,Perrin 220/167 Sv06 Twilight Masquerade Holo SIR Trainer English 2024 NM,Ungraded,4000,,"[""FIXED_PRICE""]",silaguilard-0,https://i.ebayimg.com/images/g/sZcAAeSw4qpqgVaB/s-l225.jpg,53466d2d-94fd-4230-9505-694297a9030d,3451abaf-acc7-41aa-a60c-25f24b7ac07f,Perrin,Twilight Masquerade,220,special_illustration_rare,YES,SINGLE_CARD,RAW,CARD,,,,,Donny,2026-09-14T00:14:59.158706+00:00,,
D4-0171,v1|287523332137|0,https://www.ebay.com/itm/287523332137?_skw=Perrin+220+Twilight+Masquerade+Pokemon+card&hash=item42f1b9e029:g:8h4AAeSwgGdqfi1D&amdata=enc%3AAQALAAABEACCtXRWQnOEpyOqnQQ8KGatMjZMYbiWnQtv6c7hMk6Uk6JTIy9GuwVYgo7IUmY96NWWLHZxBTUSNkRK0gHAuS73pIXoA1sHx5kthRicyVqAw7Zc4ksEqnAPdu0eF7NpB6536wUOvVVN1pFGbnxQNRISvtLIGkgSNfw9%2BnefZW4WltMje99iW9aliidI%2FPaw0n2l0Pnpn%2Ba8e4jckYDkjHjduX%2Baeqg%2FBh8ui8665nMFu382e05E4dvKPu49CHfeI3m52kiBDkhZxyLl96L31PjzneGV7D3vPpftiMiUotqeya80ta0tHTl%2BlE3%2B073Ln6t8DAdGtZl8kJr4YU%2BMhehwZ%2FOIy%2FKFjqq8oiux73B3,Perrin 2024 Pokemon Twilight Masquerade #220/167 Special Illustration Rare,Ungraded,4000,,"[""FIXED_PRICE"", ""BEST_OFFER""]",jo7868,https://i.ebayimg.com/images/g/8h4AAeSwgGdqfi1D/s-l225.jpg,53466d2d-94fd-4230-9505-694297a9030d,3451abaf-acc7-41aa-a60c-25f24b7ac07f,Perrin,Twilight Masquerade,220,special_illustration_rare,YES,SINGLE_CARD,RAW,CARD,,,,,Donny,2026-09-14T00:14:59.704412+00:00,,
D4-0172,v1|377487016091|0,https://www.ebay.com/itm/377487016091?_skw=Perrin+220+Twilight+Masquerade+Pokemon+card&hash=item57e3fac09b:g:msoAAeSwEIZqov52,Pokemon TCG Perrin 220/167 Twilight Masquerade Special Illustration Rare NM,Ungraded,4000,,"[""FIXED_PRICE"", ""BEST_OFFER""]",mn-sportscards,https://i.ebayimg.com/images/g/msoAAeSwEIZqov52/s-l225.jpg,53466d2d-94fd-4230-9505-694297a9030d,3451abaf-acc7-41aa-a60c-25f24b7ac07f,Perrin,Twilight Masquerade,220,special_illustration_rare,YES,SINGLE_CARD,RAW,CARD,,,,,Donny,2026-09-14T00:15:00.311422+00:00,,
D4-0173,v1|188606752403|0,https://www.ebay.com/itm/188606752403?_skw=Perrin+220+Twilight+Masquerade+Pokemon+card&hash=item2be9d6a693:g:6ZUAAeSwGoRqUjJx,Pokemon Perrin 220/167 Twilight Masquerade Extended Art Binder Insert 9-Pocket,Ungraded,4000,,"[""FIXED_PRICE"", ""BEST_OFFER""]",the-alt-art-co,https://i.ebayimg.com/images/g/6ZUAAeSwGoRqUjJx/s-l225.jpg,53466d2d-94fd-4230-9505-694297a9030d,3451abaf-acc7-41aa-a60c-25f24b7ac07f,Perrin,Twilight Masquerade,220,special_illustration_rare,NO,SINGLE_CARD,RAW,SEALED_OR_NON_CARD,,,,,Donny,2026-09-14T00:15:01.738512+00:00,,
D4-0174,v1|307058619846|0,https://www.ebay.com/itm/307058619846?_skw=Victini+171+Black+Bolt+Pokemon+card&hash=item477e1eb5c6:g:MikAAeSw-4NqU7xg,Victini #12/86 2025 Scarlet & Violet Black Bolt Holo,Ungraded,4000,,"[""FIXED_PRICE""]",collectors_game_hub,https://i.ebayimg.com/images/g/MikAAeSw-4NqU7xg/s-l225.jpg,55096ab6-1773-47c4-bbff-20c1db011223,9f4a2888-2f11-47aa-a5c5-2ccac8ca7c71,Victini,Black Bolt,171,rare,NO,SINGLE_CARD,RAW,CARD,INCONSISTENT,,,,Donny,2026-09-14T00:15:02.803397+00:00,,
D4-0175,v1|318863433056|0,https://www.ebay.com/itm/318863433056?_skw=Victini+171+Black+Bolt+Pokemon+card&hash=item4a3dbddd60:g:bgYAAeSwLB5qpgEA,2025 Pokemon Black Bolt Victini 171/086 Black White Rare PSA 10 GEM MINT BWR,Graded,2750,,"[""FIXED_PRICE"", ""BEST_OFFER""]",a-team-collectables,https://i.ebayimg.com/images/g/bgYAAeSwLB5qpgEA/s-l225.jpg,55096ab6-1773-47c4-bbff-20c1db011223,9f4a2888-2f11-47aa-a5c5-2ccac8ca7c71,Victini,Black Bolt,171,rare,NO,SINGLE_CARD,GRADED,CARD,,,,,Donny,2026-09-14T00:15:04.059631+00:00,,
D4-0176,v1|206230705351|0,https://www.ebay.com/itm/206230705351?_skw=Victini+171+Black+Bolt+Pokemon+card&hash=item30044ed4c7:g:byAAAeSwX0dpP2qc,Pokemon Victini 171/086 Sv: Black Bolt Holo BWR,Ungraded,4000,,"[""FIXED_PRICE"", ""BEST_OFFER""]",exkallusive,https://i.ebayimg.com/images/g/byAAAeSwX0dpP2qc/s-l225.jpg,55096ab6-1773-47c4-bbff-20c1db011223,9f4a2888-2f11-47aa-a5c5-2ccac8ca7c71,Victini,Black Bolt,171,rare,YES,SINGLE_CARD,RAW,CARD,,,,,Donny,2026-09-14T00:15:06.294673+00:00,,
D4-0177,v1|318734567563|0,https://www.ebay.com/itm/318734567563?_skw=Victini+171+Black+Bolt+Pokemon+card&hash=item4a360f888b:g:ydEAAeSwQIFqIj49,Victini 12/86 NM Black Bolt Pokemon TCG,Ungraded,4000,,"[""FIXED_PRICE""]",mainstage_collectables,https://i.ebayimg.com/images/g/ydEAAeSwQIFqIj49/s-l225.jpg,55096ab6-1773-47c4-bbff-20c1db011223,9f4a2888-2f11-47aa-a5c5-2ccac8ca7c71,Victini,Black Bolt,171,rare,NO,SINGLE_CARD,RAW,CARD,INCONSISTENT,,,,Donny,2026-09-14T00:15:07.467944+00:00,,
D4-0178,v1|366606021526|0,https://www.ebay.com/itm/366606021526?_skw=Victini+171+Black+Bolt+Pokemon+card&hash=item555b6bf396:g:rewAAeSwJoxqf39S,Victini 208 Black Star Promo Black Bolt Holo Full Art Pokémon TCG,Ungraded,4000,,"[""FIXED_PRICE"", ""BEST_OFFER""]",jbd_sports,https://i.ebayimg.com/images/g/rewAAeSwJoxqf39S/s-l225.jpg,55096ab6-1773-47c4-bbff-20c1db011223,9f4a2888-2f11-47aa-a5c5-2ccac8ca7c71,Victini,Black Bolt,171,rare,NO,SINGLE_CARD,RAW,CARD,INCONSISTENT,,,,Donny,2026-09-14T00:15:08.872508+00:00,,
D4-0179,v1|188463948876|0,https://www.ebay.com/itm/188463948876?_skw=Victini+171+Black+Bolt&hash=item2be153a44c:g:DlQAAeSwgBVqINjQ,Victini - 171/086 - Pokemon Black Bolt Secret Rare NM,Ungraded,4000,,"[""FIXED_PRICE""]",sneakers_supply,https://i.ebayimg.com/images/g/DlQAAeSwgBVqINjQ/s-l225.jpg,55096ab6-1773-47c4-bbff-20c1db011223,9f4a2888-2f11-47aa-a5c5-2ccac8ca7c71,Victini,Black Bolt,171,rare,YES,SINGLE_CARD,RAW,CARD,,,,,Donny,2026-09-14T00:15:10.026093+00:00,,
D4-0180,v1|307018018349|0,https://www.ebay.com/itm/307018018349?_skw=Gulpin+154+Stellar+Crown+Pokemon+card&hash=item477bb32e2d:g:qDEAAeSwkcBqOVG~,Pokémon TCG Gulpin 154/142 Stellar Crown Illustration Rare Card in NM Condition,Ungraded,4000,,"[""FIXED_PRICE"", ""BEST_OFFER""]",eeboas_007,https://i.ebayimg.com/images/g/qDEAAeSwkcBqOVG~/s-l225.jpg,5576e4b9-4873-40fa-84c4-da9f28cec096,8614b6c4-8840-4b33-9908-4ded064f570f,Gulpin,Stellar Crown,154,illustration_rare,YES,SINGLE_CARD,RAW,CARD,,,,,Donny,2026-09-14T00:15:12.233514+00:00,,
D4-0181,v1|407198878832|0,https://www.ebay.com/itm/407198878832?_skw=Gulpin+154+Stellar+Crown&hash=item5ecef1cc70:g:nPUAAeSwIf9qmgex,Gulpin – Stellar Crown 154/142 – Full Art Ultra Rare,Ungraded,4000,,"[""FIXED_PRICE"", ""BEST_OFFER""]",mccor_demps,https://i.ebayimg.com/images/g/nPUAAeSwIf9qmgex/s-l225.jpg,5576e4b9-4873-40fa-84c4-da9f28cec096,8614b6c4-8840-4b33-9908-4ded064f570f,Gulpin,Stellar Crown,154,illustration_rare,YES,SINGLE_CARD,RAW,CARD,,,,,Donny,2026-09-14T00:15:13.369605+00:00,,
D4-0182,v1|318825511283|0,https://www.ebay.com/itm/318825511283?_skw=Gulpin+154+Stellar+Crown+Pokemon+card&hash=item4a3b7b3973:g:O5sAAeSw1vZqUQsJ,2024 POKEMON SCR EN-STELLAR CROWN ILLUSTRATION RARE #154 GULPIN PSA 10,Graded,2750,,"[""FIXED_PRICE""]",geekin_out_cc,https://i.ebayimg.com/images/g/O5sAAeSw1vZqUQsJ/s-l225.jpg,5576e4b9-4873-40fa-84c4-da9f28cec096,8614b6c4-8840-4b33-9908-4ded064f570f,Gulpin,Stellar Crown,154,illustration_rare,NO,SINGLE_CARD,GRADED,CARD,,,,,Donny,2026-09-14T00:15:14.665798+00:00,,
D4-0183,v1|117409516785|0,https://www.ebay.com/itm/117409516785?_skw=Gulpin+154+Stellar+Crown+Pokemon+card&hash=item1b56270cf1:g:QRoAAeSwDW5qpbnS,The Pokémon Company Gulpin 154/142 Sv07 Stellar Crown Holo Illustration Rare EN,Graded,2750,,"[""FIXED_PRICE"", ""BEST_OFFER""]",b2d_bois7,https://i.ebayimg.com/images/g/QRoAAeSwDW5qpbnS/s-l225.jpg,5576e4b9-4873-40fa-84c4-da9f28cec096,8614b6c4-8840-4b33-9908-4ded064f570f,Gulpin,Stellar Crown,154,illustration_rare,NO,SINGLE_CARD,GRADED,CARD,,,,,Donny,2026-09-14T00:15:15.819817+00:00,,
D4-0184,v1|398335964841|0,https://www.ebay.com/itm/398335964841?_skw=Gulpin+154+Stellar+Crown&hash=item5cbeac76a9:g:Fl8AAeSw4C1qkmD8,2024 POKEMON SCR EN-STELLAR CROWN ILLUSTRATION RARE #154 GULPIN PSA 10,Graded,2750,,"[""FIXED_PRICE"", ""BEST_OFFER""]",munit67,https://i.ebayimg.com/images/g/Fl8AAeSw4C1qkmD8/s-l225.jpg,5576e4b9-4873-40fa-84c4-da9f28cec096,8614b6c4-8840-4b33-9908-4ded064f570f,Gulpin,Stellar Crown,154,illustration_rare,NO,SINGLE_CARD,GRADED,CARD,,,,,Donny,2026-09-14T00:15:17.114889+00:00,,
D4-0185,v1|377332568798|0,https://www.ebay.com/itm/377332568798?_skw=Gulpin+154+Stellar+Crown+Pokemon+card&hash=item57dac612de:g:tXcAAeSwYmxqUDre,Gulpin Holo Illustration Rare SV07: Stellar Crown 154/142 NM,Ungraded,4000,,"[""FIXED_PRICE"", ""BEST_OFFER""]",nicsanti-6,https://i.ebayimg.com/images/g/tXcAAeSwYmxqUDre/s-l225.jpg,5576e4b9-4873-40fa-84c4-da9f28cec096,8614b6c4-8840-4b33-9908-4ded064f570f,Gulpin,Stellar Crown,154,illustration_rare,YES,SINGLE_CARD,RAW,CARD,,,,,Donny,2026-09-14T00:15:18.147677+00:00,,
D4-0186,v1|307067814345|0,https://www.ebay.com/itm/307067814345?_skw=Krookodile+137+Black+Bolt&hash=item477eab01c9:g:IWcAAeSwlOZqWSzW,2025 POKEMON BLK EN-BLACK BOLT ILLUSTRATION RARE #137 KROOKODILE PSA 8,Graded,2750,,"[""FIXED_PRICE""]",psa,https://i.ebayimg.com/images/g/IWcAAeSwlOZqWSzW/s-l225.jpg,605a2c1a-6a14-463e-b1e2-b55cd9c16244,14ea6011-0e3d-4eff-ac53-6b13e2976a71,Krookodile,Black Bolt,137,illustration_rare,NO,SINGLE_CARD,GRADED,CARD,,,,,Donny,2026-09-14T00:15:20.191676+00:00,,
D4-0187,v1|318835642303|0,https://www.ebay.com/itm/318835642303?_skw=Krookodile+137+Black+Bolt+Pokemon+card&hash=item4a3c15cfbf:g:LHoAAeSw9kBqneEZ,Pokemon TCG 2025 SV Black Bolt English Krookodile Illustration Rare Card 137/086,Ungraded,4000,,"[""FIXED_PRICE"", ""BEST_OFFER""]",jusshop_27,https://i.ebayimg.com/images/g/LHoAAeSw9kBqneEZ/s-l225.jpg,605a2c1a-6a14-463e-b1e2-b55cd9c16244,14ea6011-0e3d-4eff-ac53-6b13e2976a71,Krookodile,Black Bolt,137,illustration_rare,YES,SINGLE_CARD,RAW,CARD,,,,,Donny,2026-09-14T00:15:21.618579+00:00,,
D4-0188,v1|257733781176|0,https://www.ebay.com/itm/257733781176?_skw=Krookodile+137+Black+Bolt+Pokemon+card&hash=item3c022166b8:g:7gcAAeSw3mlqalnD,Pokemon TCG Krookodile 137/086 Sv: Black Bolt Illustration Rare Holo PSA 9,Graded,2750,,"[""FIXED_PRICE"", ""AUCTION""]",pxndxsuxjoe,https://i.ebayimg.com/images/g/7gcAAeSw3mlqalnD/s-l225.jpg,605a2c1a-6a14-463e-b1e2-b55cd9c16244,14ea6011-0e3d-4eff-ac53-6b13e2976a71,Krookodile,Black Bolt,137,illustration_rare,NO,SINGLE_CARD,GRADED,CARD,,,,,Donny,2026-09-14T00:15:23.193969+00:00,,
D4-0189,v1|188904575670|0,https://www.ebay.com/itm/188904575670?_skw=Krookodile+137+Black+Bolt+Pokemon+card&hash=item2bfb9712b6:g:XUUAAeSwqQBqoEy5,SV: Black Bolt #137/086 Krookodile,Ungraded,4000,,"[""FIXED_PRICE"", ""BEST_OFFER""]",collectorsclubtx,https://i.ebayimg.com/images/g/XUUAAeSwqQBqoEy5/s-l225.jpg,605a2c1a-6a14-463e-b1e2-b55cd9c16244,14ea6011-0e3d-4eff-ac53-6b13e2976a71,Krookodile,Black Bolt,137,illustration_rare,YES,SINGLE_CARD,RAW,CARD,,,,,Donny,2026-09-14T00:15:24.975077+00:00,,
D4-0190,v1|407096389671|0,https://www.ebay.com/itm/407096389671?_skw=Krookodile+137+Black+Bolt&hash=item5ec8d5f027:g:g~EAAeSwsFZqY-Uu,Krookodile - 137/086 - Illustration Rare - NM - Black Bolt,Ungraded,4000,,"[""FIXED_PRICE""]",mmgamesshop,https://i.ebayimg.com/images/g/g~EAAeSwsFZqY-Uu/s-l225.jpg,605a2c1a-6a14-463e-b1e2-b55cd9c16244,14ea6011-0e3d-4eff-ac53-6b13e2976a71,Krookodile,Black Bolt,137,illustration_rare,YES,SINGLE_CARD,RAW,CARD,,,,,Donny,2026-09-14T00:15:26.258710+00:00,,
D4-0191,v1|318811662844|0,https://www.ebay.com/itm/318811662844?_skw=Krookodile+137+Black+Bolt&hash=item4a3aa7e9fc:g:fDsAAeSwCqtqlNFI,Krookodile 137/086 Black Bolt Holo Illustration Rare Pokemon PRISTINE 10 POP 4!,Graded,2750,,"[""FIXED_PRICE"", ""BEST_OFFER""]",flylospulls,https://i.ebayimg.com/images/g/fDsAAeSwCqtqlNFI/s-l225.jpg,605a2c1a-6a14-463e-b1e2-b55cd9c16244,14ea6011-0e3d-4eff-ac53-6b13e2976a71,Krookodile,Black Bolt,137,illustration_rare,NO,SINGLE_CARD,GRADED,CARD,,,,,Donny,2026-09-14T00:15:27.886583+00:00,,
D4-0192,v1|357470335125|0,https://www.ebay.com/itm/357470335125?_skw=Pecharunt+ex+93+Shrouded+Fable+Pokemon+card&hash=item533ae47095:g:qiUAAeSweJpooNSw,Pokémon TCG Pecharunt EX Ultra Rare Shrouded Fable Card 085/064,Ungraded,4000,,"[""FIXED_PRICE"", ""BEST_OFFER""]",ch-31746,https://i.ebayimg.com/images/g/qiUAAeSweJpooNSw/s-l225.jpg,640cd931-d97f-4173-ad9d-3ab86f91d92c,c79d38c0-0768-4f3e-80fe-8490d79b00b1,Pecharunt ex,Shrouded Fable,93,special_illustration_rare,NO,SINGLE_CARD,RAW,CARD,INCONSISTENT,,,,Donny,2026-09-14T00:15:30.395220+00:00,,
D4-0193,v1|137730801660|0,https://www.ebay.com/itm/137730801660?_skw=Pecharunt+ex+93+Shrouded+Fable+Pokemon+card&hash=item2011653ffc:g:Z1UAAeSwjGFp15jz,2024 Pokemon SHROUDED FABLE PECHARUNT EX 85/64 RARE! NM - MINT,Ungraded,4000,,"[""FIXED_PRICE""]",ag_sportscards,https://i.ebayimg.com/images/g/Z1UAAeSwjGFp15jz/s-l225.jpg,640cd931-d97f-4173-ad9d-3ab86f91d92c,c79d38c0-0768-4f3e-80fe-8490d79b00b1,Pecharunt ex,Shrouded Fable,93,special_illustration_rare,NO,SINGLE_CARD,RAW,CARD,INCONSISTENT,,,,Donny,2026-09-14T00:15:30.996872+00:00,,
D4-0194,v1|318213517167|0,https://www.ebay.com/itm/318213517167?_skw=Pecharunt+ex+93+Shrouded+Fable+Pokemon+card&hash=item4a1700ef6f:g:ADUAAeSwYOtp8Bp3,Pokémon TCG Pecharunt EX Ultra Rare Shrouded Fable Card 085/064,Ungraded,4000,,"[""FIXED_PRICE"", ""BEST_OFFER""]",ir0nw084,https://i.ebayimg.com/images/g/ADUAAeSwYOtp8Bp3/s-l225.jpg,640cd931-d97f-4173-ad9d-3ab86f91d92c,c79d38c0-0768-4f3e-80fe-8490d79b00b1,Pecharunt ex,Shrouded Fable,93,special_illustration_rare,NO,SINGLE_CARD,RAW,CARD,INCONSISTENT,,,,Donny,2026-09-14T00:15:31.995334+00:00,,
D4-0195,v1|257282049291|0,https://www.ebay.com/itm/257282049291?_skw=Pecharunt+ex+93+Shrouded+Fable+Pokemon+card&hash=item3be734850b:g:G-0AAeSwv6xpUaf2,pecharunt ex 039/64 pokemon shrouded fable,Ungraded,4000,,"[""FIXED_PRICE"", ""BEST_OFFER""]",thursto_90,https://i.ebayimg.com/images/g/G-0AAeSwv6xpUaf2/s-l225.jpg,640cd931-d97f-4173-ad9d-3ab86f91d92c,c79d38c0-0768-4f3e-80fe-8490d79b00b1,Pecharunt ex,Shrouded Fable,93,special_illustration_rare,NO,SINGLE_CARD,RAW,CARD,INCONSISTENT,,,,Donny,2026-09-14T00:15:33.054703+00:00,,
D4-0196,v1|137614040022|0,https://www.ebay.com/itm/137614040022?_skw=Pecharunt+ex+93+Shrouded+Fable&hash=item200a6f9bd6:g:6YwAAeSwiuJqfM4D,Pecharunt ex - Holo Shrouded Fable 93/64 NM Pokemon,Ungraded,4000,,"[""FIXED_PRICE""]",cranbrookcards42,https://i.ebayimg.com/images/g/6YwAAeSwiuJqfM4D/s-l225.jpg,640cd931-d97f-4173-ad9d-3ab86f91d92c,c79d38c0-0768-4f3e-80fe-8490d79b00b1,Pecharunt ex,Shrouded Fable,93,special_illustration_rare,YES,SINGLE_CARD,RAW,CARD,,,,,Donny,2026-09-14T00:15:34.150182+00:00,,
D4-0197,v1|397865573595|0,https://www.ebay.com/itm/397865573595?_skw=Pecharunt+ex+93+Shrouded+Fable+Pokemon+card&hash=item5ca2a2dcdb:g:0u4AAeSw88dp578G,Pecharunt EX 39/64 Pokemon Shrouded Fable Holo Double Rare,Ungraded,4000,,"[""FIXED_PRICE""]",benaddicted,https://i.ebayimg.com/images/g/0u4AAeSw88dp578G/s-l225.jpg,640cd931-d97f-4173-ad9d-3ab86f91d92c,c79d38c0-0768-4f3e-80fe-8490d79b00b1,Pecharunt ex,Shrouded Fable,93,special_illustration_rare,NO,SINGLE_CARD,RAW,CARD,INCONSISTENT,,,,Donny,2026-09-14T00:15:35.157423+00:00,,
D4-0198,v1|318657662438|0,https://www.ebay.com/itm/318657662438?_skw=Mega+Audino+ex+253+Ascended+Heroes+Pokemon+card&hash=item4a317a0de6:g:EBIAAeSwtWFqbBsu,Pokemon Ascended Heroes Mega Audino ex 253/217 Ultra Rare Holo NM,Ungraded,4000,,"[""FIXED_PRICE""]",everything_card_hub,https://i.ebayimg.com/images/g/EBIAAeSwtWFqbBsu/s-l225.jpg,64c0404b-826f-493d-9c10-738b2b56eca4,9f6c24f7-6a76-471f-ad81-d3901c5e9088,Mega Audino ex,Ascended Heroes,253,ultra_rare,YES,SINGLE_CARD,RAW,CARD,,,,,Donny,2026-09-14T00:15:36.028603+00:00,,
D4-0199,v1|800638712161|0,https://www.ebay.com/itm/800638712161?_skw=Mega+Audino+ex+253+Ascended+Heroes&hash=itemba69c93961:g:3-gAAeSwk2hqohgi,Mega Audino ex Holofoil NM Ultra Rare ME: Ascended Heroes 253/217,Ungraded,4000,,"[""FIXED_PRICE""]",tbt_vending,https://i.ebayimg.com/images/g/3-gAAeSwk2hqohgi/s-l225.jpg,64c0404b-826f-493d-9c10-738b2b56eca4,9f6c24f7-6a76-471f-ad81-d3901c5e9088,Mega Audino ex,Ascended Heroes,253,ultra_rare,YES,SINGLE_CARD,RAW,CARD,,,,,Donny,2026-09-14T00:15:36.547544+00:00,,
D4-0200,v1|406855075292|0,https://www.ebay.com/itm/406855075292?_skw=Mega+Audino+ex+253+Ascended+Heroes+Pokemon+card&hash=item5eba73c5dc:g:7-4AAeSwsotp3b7a,Mega Audino EX 253/217 Ascended Heroes Holo Ultra Rare Pokemon TCG ENGLISH,Ungraded,4000,,"[""FIXED_PRICE""]",dt-enterprise,https://i.ebayimg.com/images/g/7-4AAeSwsotp3b7a/s-l225.jpg,64c0404b-826f-493d-9c10-738b2b56eca4,9f6c24f7-6a76-471f-ad81-d3901c5e9088,Mega Audino ex,Ascended Heroes,253,ultra_rare,YES,SINGLE_CARD,RAW,CARD,,,,,Donny,2026-09-14T00:15:37.122754+00:00,,
D4-0201,v1|407205207145|0,https://www.ebay.com/itm/407205207145?_skw=Mega+Audino+ex+253+Ascended+Heroes+Pokemon+card&hash=item5ecf525c69:g:c~sAAeSwyPJqocnU,Mega Audino ex 253/217 UR Ascended Heroes Pokemon Holo NM,Ungraded,4000,,"[""FIXED_PRICE""]",makeitraintcg,https://i.ebayimg.com/images/g/c~sAAeSwyPJqocnU/s-l225.jpg,64c0404b-826f-493d-9c10-738b2b56eca4,9f6c24f7-6a76-471f-ad81-d3901c5e9088,Mega Audino ex,Ascended Heroes,253,ultra_rare,YES,SINGLE_CARD,RAW,CARD,,,,,Donny,2026-09-14T00:15:37.574002+00:00,,
D4-0202,v1|198393830750|0,https://www.ebay.com/itm/198393830750?_skw=Mega+Audino+ex+253+Ascended+Heroes+Pokemon+card&hash=item2e31319d5e:g:~GgAAeSw~hNqHP9c,Mega Audino ex - Ultra Rare ME: Ascended Heroes 253/217 NM Holo,Ungraded,4000,,"[""FIXED_PRICE""]",tntcatchemall99,https://i.ebayimg.com/images/g/~GgAAeSw~hNqHP9c/s-l225.jpg,64c0404b-826f-493d-9c10-738b2b56eca4,9f6c24f7-6a76-471f-ad81-d3901c5e9088,Mega Audino ex,Ascended Heroes,253,ultra_rare,YES,SINGLE_CARD,RAW,CARD,,,,,Donny,2026-09-14T00:15:38.874506+00:00,,
D4-0203,v1|178488138399|0,https://www.ebay.com/itm/178488138399?_skw=Mega+Audino+ex+253+Ascended+Heroes+Pokemon+card&hash=item298eb8da9f:g:6QkAAeSwDW5qpEv3,Mega Audino ex 253/217 Ultra Rare - Pokemon Ascended Heroes Holo NM,Ungraded,4000,,"[""FIXED_PRICE""]",gylsbeast,https://i.ebayimg.com/images/g/6QkAAeSwDW5qpEv3/s-l225.jpg,64c0404b-826f-493d-9c10-738b2b56eca4,9f6c24f7-6a76-471f-ad81-d3901c5e9088,Mega Audino ex,Ascended Heroes,253,ultra_rare,YES,SINGLE_CARD,RAW,CARD,,,,,Donny,2026-09-14T00:15:39.912412+00:00,,
D4-0204,v1|398305578472|0,https://www.ebay.com/itm/398305578472?_skw=Lillie%27s+Determination+184+Mega+Evolution&hash=item5cbcdccde8:g:mmAAAeSwiIVqhkBB,Lillie's Determination 184/132 Me01: Mega Evolution Holo,Ungraded,4000,,"[""FIXED_PRICE"", ""BEST_OFFER""]",keycardspdx,https://i.ebayimg.com/images/g/mmAAAeSwiIVqhkBB/s-l225.jpg,67611b34-a7e9-497f-9708-651cc015ca6c,f02f5725-b24c-4ee9-a9b5-55edd91d7697,Lillie's Determination,Mega Evolution,184,special_illustration_rare,YES,SINGLE_CARD,RAW,CARD,,,,,Donny,2026-09-14T00:15:42.046590+00:00,,
D4-0205,v1|407194047652|0,https://www.ebay.com/itm/407194047652?_skw=Lillie%27s+Determination+184+Mega+Evolution+Pokemon+card&hash=item5ecea814a4:g:3vAAAeSwHiZqm4UH,Lillie's Determination #184 2025 Pokemon Mega Evolution SIR - TAG 10✨,Graded,2750,,"[""FIXED_PRICE"", ""BEST_OFFER""]",alweinb_66,https://i.ebayimg.com/images/g/3vAAAeSwHiZqm4UH/s-l225.jpg,67611b34-a7e9-497f-9708-651cc015ca6c,f02f5725-b24c-4ee9-a9b5-55edd91d7697,Lillie's Determination,Mega Evolution,184,special_illustration_rare,NO,SINGLE_CARD,GRADED,CARD,,,,,Donny,2026-09-14T00:15:43.400968+00:00,,
D4-0206,v1|117402595894|0,https://www.ebay.com/itm/117402595894?_skw=Lillie%27s+Determination+184+Mega+Evolution&hash=item1b55bd7236:g:b3QAAeSwAkNqoDeV,2025 POKEMON MEGA EVOLUTION SPECIAL ILLUSTRATION LILLIE'S DETERMINATION PSA 9,Graded,2750,,"[""AUCTION""]",psa,https://i.ebayimg.com/images/g/b3QAAeSwAkNqoDeV/s-l225.jpg,67611b34-a7e9-497f-9708-651cc015ca6c,f02f5725-b24c-4ee9-a9b5-55edd91d7697,Lillie's Determination,Mega Evolution,184,special_illustration_rare,NO,SINGLE_CARD,GRADED,CARD,,,,,Donny,2026-09-14T00:15:44.596908+00:00,,
D4-0207,v1|800412010829|0,https://www.ebay.com/itm/800412010829?_skw=Lillie%27s+Determination+184+Mega+Evolution&hash=itemba5c46094d:g:u6cAAeSw-DtqZmoS&amdata=enc%3AAQALAAABAACCtXRWQnOEpyOqnQQ8KGbMHNMNl1Hqr5mD5qogXBThWc5vONQQiWUwzBUHXBpUGXQNFJHFcFwQXreeAVDFmPZLsrCW8mWNqHKCdEGxRucu6nulMUA%2FGK4BxjnoE0x3hdk4XPfmJU4BrLW%2B9%2B0Pnbw%2BWJkhcRYJFXzjdIFFk8iAs%2Bb8BB9tZcqThgIHD2%2FhwRjNs8fU%2Boc9uw3u3Yrw6%2B4OuNR%2FhgEO7XndLb4eWjkhieZWnIz%2BuDjZ5X7pZAN9MnjTTPC6D57EfkqAnyOfkim2GW9hU8BojNOk3OXifDe2DSJ5qkh6NSAEL8BIVzUmzEyRQJz2BKGTHcLwnvMubJQ%3D,Mega Evolutions Lillie's Determination 184/156 SIR Holo Eng,Ungraded,4000,,"[""FIXED_PRICE"", ""BEST_OFFER""]",cheezypullz,https://i.ebayimg.com/images/g/u6cAAeSw-DtqZmoS/s-l225.jpg,67611b34-a7e9-497f-9708-651cc015ca6c,f02f5725-b24c-4ee9-a9b5-55edd91d7697,Lillie's Determination,Mega Evolution,184,special_illustration_rare,YES,SINGLE_CARD,RAW,CARD,,,,,Donny,2026-09-14T00:15:46.890035+00:00,,
D4-0208,v1|307172035134|0,https://www.ebay.com/itm/307172035134?_skw=Lillie%27s+Determination+184+Mega+Evolution+Pokemon+card&hash=item4784e14a3e:g:~5AAAeSw-Rxqob6A,Pokemon Lillie's Determination 184/132  Special Illustration Rare Mega Evolution,Ungraded,4000,,"[""FIXED_PRICE"", ""BEST_OFFER""]",roninag47,https://i.ebayimg.com/images/g/~5AAAeSw-Rxqob6A/s-l225.jpg,67611b34-a7e9-497f-9708-651cc015ca6c,f02f5725-b24c-4ee9-a9b5-55edd91d7697,Lillie's Determination,Mega Evolution,184,special_illustration_rare,YES,SINGLE_CARD,RAW,CARD,,,,,Donny,2026-09-14T00:15:48.499758+00:00,,
D4-0209,v1|157545789546|0,https://www.ebay.com/itm/157545789546?_skw=Lillie%27s+Determination+184+Mega+Evolution+Pokemon+card&hash=item24ae75f86a:g:EjcAAeSw7Z9pQJC7,Lillie’s Determination Mega Evolution 184/132 Pokemon Extended Art Case,Ungraded,4000,,"[""FIXED_PRICE""]",outback_originals,https://i.ebayimg.com/images/g/EjcAAeSw7Z9pQJC7/s-l225.jpg,67611b34-a7e9-497f-9708-651cc015ca6c,f02f5725-b24c-4ee9-a9b5-55edd91d7697,Lillie's Determination,Mega Evolution,184,special_illustration_rare,NO,SINGLE_CARD,RAW,SEALED_OR_NON_CARD,,,,,Donny,2026-09-14T00:15:53.288742+00:00,,
D4-0210,v1|158204399633|0,https://www.ebay.com/itm/158204399633?_skw=Gouging+Fire+ex+204+Temporal+Forces&hash=item24d5b79011:g:jggAAeSw0jpqhT4s,PSA 10 Gouging Fire ex #204 Temporal Forces 2024 Pokemon GEM MINT,Graded,2750,,"[""FIXED_PRICE"", ""BEST_OFFER""]",collectorjoss,https://i.ebayimg.com/images/g/jggAAeSw0jpqhT4s/s-l225.jpg,6a1e2c02-b24d-4001-96f1-8bc2a24d8ccd,de749ceb-28f9-4977-b425-a83f69a3cf55,Gouging Fire ex,Temporal Forces,204,special_illustration_rare,NO,SINGLE_CARD,GRADED,CARD,,,,,Donny,2026-09-14T00:15:55.656048+00:00,,
D4-0211,v1|168672379520|0,https://www.ebay.com/itm/168672379520?_skw=Gouging+Fire+ex+204+Temporal+Forces+Pokemon+card&hash=item2745a84280:g:RBcAAeSw4I9qn21r,Pokemon Gouging Fire ex 204/162 Temporal Forces  Special Illustration Rare Eng,Ungraded,4000,,"[""AUCTION""]",jonawill_86,https://i.ebayimg.com/images/g/RBcAAeSw4I9qn21r/s-l225.jpg,6a1e2c02-b24d-4001-96f1-8bc2a24d8ccd,de749ceb-28f9-4977-b425-a83f69a3cf55,Gouging Fire ex,Temporal Forces,204,special_illustration_rare,YES,SINGLE_CARD,RAW,CARD,,,,,Donny,2026-09-14T00:15:56.613360+00:00,,
D4-0212,v1|318632720055|0,https://www.ebay.com/itm/318632720055?_skw=Gouging+Fire+ex+204+Temporal+Forces+Pokemon+card&hash=item4a2ffd76b7:g:29kAAeSwKzZqZDOI,Gouging Fire ex 204/162 SV05: Temporal Forces Holo,Ungraded,4000,,"[""FIXED_PRICE"", ""BEST_OFFER""]",hamara2,https://i.ebayimg.com/images/g/29kAAeSwKzZqZDOI/s-l225.jpg,6a1e2c02-b24d-4001-96f1-8bc2a24d8ccd,de749ceb-28f9-4977-b425-a83f69a3cf55,Gouging Fire ex,Temporal Forces,204,special_illustration_rare,YES,SINGLE_CARD,RAW,CARD,,,,,Donny,2026-09-14T00:15:57.550557+00:00,,
D4-0213,v1|398224842147|0,https://www.ebay.com/itm/398224842147?_skw=Gouging+Fire+ex+204+Temporal+Forces+Pokemon+card&hash=item5cb80cdda3:g:Q2kAAeSw8KJqaQjH,The Pokémon Company Gouging Fire ex 204/162 SV05 Temporal Forces SIR Holo EN,Ungraded,4000,,"[""FIXED_PRICE"", ""BEST_OFFER""]",cfizzle23,https://i.ebayimg.com/images/g/Q2kAAeSw8KJqaQjH/s-l225.jpg,6a1e2c02-b24d-4001-96f1-8bc2a24d8ccd,de749ceb-28f9-4977-b425-a83f69a3cf55,Gouging Fire ex,Temporal Forces,204,special_illustration_rare,YES,SINGLE_CARD,RAW,CARD,,,,,Donny,2026-09-14T00:15:58.177188+00:00,,
D4-0214,v1|820111602728|0,https://www.ebay.com/itm/820111602728?_skw=Gouging+Fire+ex+204+Temporal+Forces+Pokemon+card&hash=itembef275f428:g:COcAAeSwlYNqowkh,Gouging Fire ex 204/162 Temporal Forces Pokemon Holo NM,Ungraded,4000,,"[""FIXED_PRICE"", ""BEST_OFFER""]",tprominentemporium,https://i.ebayimg.com/images/g/COcAAeSwlYNqowkh/s-l225.jpg,6a1e2c02-b24d-4001-96f1-8bc2a24d8ccd,de749ceb-28f9-4977-b425-a83f69a3cf55,Gouging Fire ex,Temporal Forces,204,special_illustration_rare,YES,SINGLE_CARD,RAW,CARD,,,,,Donny,2026-09-14T00:15:58.896422+00:00,,
D4-0215,v1|318641509750|0,https://www.ebay.com/itm/318641509750?_skw=Gouging+Fire+ex+204+Temporal+Forces&hash=item4a30839576:g:SaEAAeSwT55qZ0pl,Gouging Fire Ex #204/162 Temporal Sir Special Illustration Rare Pokemon TCG NM,Ungraded,4000,,"[""FIXED_PRICE"", ""BEST_OFFER""]",ryacaudill_8,https://i.ebayimg.com/images/g/SaEAAeSwT55qZ0pl/s-l225.jpg,6a1e2c02-b24d-4001-96f1-8bc2a24d8ccd,de749ceb-28f9-4977-b425-a83f69a3cf55,Gouging Fire ex,Temporal Forces,204,special_illustration_rare,YES,SINGLE_CARD,RAW,CARD,,,,,Donny,2026-09-14T00:15:59.452140+00:00,,
D4-0216,v1|306832216653|0,https://www.ebay.com/itm/306832216653?_skw=Marill+204+Paldea+Evolved&hash=item4770a0124d:g:uosAAeSwGa5pvKYx,2023 POKEMON PAL EN-PALDEA EVOLVED ILLUSTRATION RARE #204 MARILL PSA 9,Graded,2750,,"[""FIXED_PRICE"", ""BEST_OFFER""]",psa,https://i.ebayimg.com/images/g/uosAAeSwGa5pvKYx/s-l225.jpg,6a2b87e5-f90b-48f4-be30-a77258bee660,36134e45-4899-474f-88f0-b540ba618b49,Marill,Paldea Evolved,204,illustration_rare,NO,SINGLE_CARD,GRADED,CARD,,,,,Donny,2026-09-14T00:16:00.639248+00:00,,
D4-0217,v1|178486327529|0,https://www.ebay.com/itm/178486327529?_skw=Marill+204+Paldea+Evolved+Pokemon+card&hash=item298e9d38e9:g:K0IAAeSwGIRqozlr,Marill 204/193 (NM) - Paldea Evolved - Illustration Rare - Pokemon TCG,Ungraded,4000,,"[""FIXED_PRICE""]",astro2462,https://i.ebayimg.com/images/g/K0IAAeSwGIRqozlr/s-l225.jpg,6a2b87e5-f90b-48f4-be30-a77258bee660,36134e45-4899-474f-88f0-b540ba618b49,Marill,Paldea Evolved,204,illustration_rare,YES,SINGLE_CARD,RAW,CARD,,,,,Donny,2026-09-14T00:16:01.334668+00:00,,
D4-0218,v1|398185675258|0,https://www.ebay.com/itm/398185675258?_skw=Marill+204+Paldea+Evolved+Pokemon+card&hash=item5cb5b739fa:g:9zcAAeSwC~ZqWoua,Marill 204/193 Paldea Evolved Illustration Rare Full Art Holo,Ungraded,4000,,"[""FIXED_PRICE""]",gaminggreats2077,https://i.ebayimg.com/images/g/9zcAAeSwC~ZqWoua/s-l225.jpg,6a2b87e5-f90b-48f4-be30-a77258bee660,36134e45-4899-474f-88f0-b540ba618b49,Marill,Paldea Evolved,204,illustration_rare,YES,SINGLE_CARD,RAW,CARD,,,,,Donny,2026-09-14T00:16:01.878751+00:00,,
D4-0219,v1|188914046547|0,https://www.ebay.com/itm/188914046547?_skw=Marill+204+Paldea+Evolved+Pokemon+card&hash=item2bfc279653:g:gVAAAeSwzelqovcW,Marill 204/193 Paldea Evolved Holo LP+,Ungraded,4000,,"[""FIXED_PRICE"", ""BEST_OFFER""]",ronum_49,https://i.ebayimg.com/images/g/gVAAAeSwzelqovcW/s-l225.jpg,6a2b87e5-f90b-48f4-be30-a77258bee660,36134e45-4899-474f-88f0-b540ba618b49,Marill,Paldea Evolved,204,illustration_rare,YES,SINGLE_CARD,RAW,CARD,,,,,Donny,2026-09-14T00:16:02.396713+00:00,,
D4-0220,v1|178360556286|0,https://www.ebay.com/itm/178360556286?_skw=Marill+204+Paldea+Evolved+Pokemon+card&hash=item29871e1afe:g:RwAAAeSwlOZqbNPs,Marill - 204/193 - SV02: Paldea Evolved (PAL),Ungraded,4000,,"[""FIXED_PRICE"", ""BEST_OFFER""]",beaudabeast,https://i.ebayimg.com/images/g/RwAAAeSwlOZqbNPs/s-l225.jpg,6a2b87e5-f90b-48f4-be30-a77258bee660,36134e45-4899-474f-88f0-b540ba618b49,Marill,Paldea Evolved,204,illustration_rare,YES,SINGLE_CARD,RAW,CARD,,,,,Donny,2026-09-14T00:16:02.902475+00:00,,
D4-0221,v1|188922610545|0,https://www.ebay.com/itm/188922610545?_skw=Marill+204+Paldea+Evolved+Pokemon+card&hash=item2bfcaa4371:g:KZwAAeSw4Zdqpd6W,2023 Paldea Evolved Marill Holo Secret Rare #204/193,Ungraded,4000,,"[""FIXED_PRICE"", ""BEST_OFFER""]",cobracardsshop,https://i.ebayimg.com/images/g/KZwAAeSw4Zdqpd6W/s-l225.jpg,6a2b87e5-f90b-48f4-be30-a77258bee660,36134e45-4899-474f-88f0-b540ba618b49,Marill,Paldea Evolved,204,illustration_rare,YES,SINGLE_CARD,RAW,CARD,,,,,Donny,2026-09-14T00:16:03.463456+00:00,,
D4-0222,v1|377363542102|0,https://www.ebay.com/itm/377363542102?_skw=Team+Rocket%27s+Mewtwo+ex+231+Destined+Rivals+Pokemon+card&hash=item57dc9eb056:g:3PIAAeSwsehqYZun&amdata=enc%3AAQALAAABIACCtXRWQnOEpyOqnQQ8KGYz9rLiByZ5Ml%2F9xRRYRE6kAFgmqjlZHNJ9vMhbORwBBdyJU1gfh4n4cqBtOQ%2Bzz8Fltgq17Qo0nXI5TfCnWc5SilDEtzJlbMdNDl2nazDm5pqKJJiWSZW2astNFTXRr7PodJ0Hn9HAqFEhUR3gtKE1rxgBqzmC5ZlYQTpenoodklMVSS%2BVZKAR8N5ACtQ5Q4WBLn9pV7TnTT7lKqT%2BfoZZTyUWvsIUASjiKIxQhzXeKqLN5FC4sdNloVlUV9wxjbqR8xXeS9uartCb7gLXiJrK4YSZ%2B4NddbABUOXyM07hGxA9P0R4iusVjsFTUU30utYFqVcR0LJypEmUHJxssigFpBeH5OV0CZfpSooUey7DIw%3D%3D,Team Rocket's Mewtwo ex 231/182 Sv10: Destined Rivals SIR,Ungraded,4000,,"[""FIXED_PRICE""]",thedivid-98,https://i.ebayimg.com/images/g/3PIAAeSwsehqYZun/s-l225.jpg,6a980108-6683-4461-ac9a-c81a27326dee,129a7668-0ba7-4f77-8585-3847e6c3d342,Team Rocket's Mewtwo ex,Destined Rivals,231,special_illustration_rare,YES,SINGLE_CARD,RAW,CARD,,,,,Donny,2026-09-14T00:16:04.207291+00:00,,
D4-0223,v1|188913991585|0,https://www.ebay.com/itm/188913991585?_skw=Team+Rocket%27s+Mewtwo+ex+231+Destined+Rivals&hash=item2bfc26bfa1:g:NJIAAeSw-N5qovmD,Destined Rivals Special Illustration Rare Team Rocket's Mewtwo EX  231/182,Ungraded,4000,,"[""FIXED_PRICE"", ""BEST_OFFER""]",navy_longhorn,https://i.ebayimg.com/images/g/NJIAAeSw-N5qovmD/s-l225.jpg,6a980108-6683-4461-ac9a-c81a27326dee,129a7668-0ba7-4f77-8585-3847e6c3d342,Team Rocket's Mewtwo ex,Destined Rivals,231,special_illustration_rare,YES,SINGLE_CARD,RAW,CARD,,,,,Donny,2026-09-14T00:16:04.848148+00:00,,
D4-0224,v1|147564347375|0,https://www.ebay.com/itm/147564347375?_skw=Team+Rocket%27s+Mewtwo+ex+231+Destined+Rivals&hash=item225b853fef:g:g0EAAeSwOOxqorQW,Team Rocket's Mewtwo ex - 231/182 - SV10: Destined Rivals,Ungraded,4000,,"[""FIXED_PRICE"", ""BEST_OFFER""]",coastalsportcollectibles,https://i.ebayimg.com/images/g/g0EAAeSwOOxqorQW/s-l225.jpg,6a980108-6683-4461-ac9a-c81a27326dee,129a7668-0ba7-4f77-8585-3847e6c3d342,Team Rocket's Mewtwo ex,Destined Rivals,231,special_illustration_rare,YES,SINGLE_CARD,RAW,CARD,,,,,Donny,2026-09-14T00:16:05.287926+00:00,,
D4-0225,v1|407210140630|0,https://www.ebay.com/itm/407210140630?_skw=Team+Rocket%27s+Mewtwo+ex+231+Destined+Rivals+Pokemon+card&hash=item5ecf9da3d6:g:7jgAAeSwgkJqpGLY,Pokemon TCG Team Rocket's Mewtwo ex 231/182 Sv10 Destined Rivals SIR Holo,Ungraded,4000,,"[""AUCTION""]",noahsallee,https://i.ebayimg.com/images/g/7jgAAeSwgkJqpGLY/s-l225.jpg,6a980108-6683-4461-ac9a-c81a27326dee,129a7668-0ba7-4f77-8585-3847e6c3d342,Team Rocket's Mewtwo ex,Destined Rivals,231,special_illustration_rare,YES,SINGLE_CARD,RAW,CARD,,,,,Donny,2026-09-14T00:16:05.805437+00:00,,
D4-0226,v1|188808220666|0,https://www.ebay.com/itm/188808220666?_skw=Team+Rocket%27s+Mewtwo+ex+231+Destined+Rivals+Pokemon+card&hash=item2bf5d8cffa:g:liwAAeSwhDJqg3Da,Pokemon Team Rocket's Mewtwo ex SIR Holo 231/182 Sv10 Destined Rivals BGS 9,Graded,2750,,"[""FIXED_PRICE"", ""BEST_OFFER""]",jaredp-13,https://i.ebayimg.com/images/g/liwAAeSwhDJqg3Da/s-l225.jpg,6a980108-6683-4461-ac9a-c81a27326dee,129a7668-0ba7-4f77-8585-3847e6c3d342,Team Rocket's Mewtwo ex,Destined Rivals,231,special_illustration_rare,NO,SINGLE_CARD,GRADED,CARD,,,,,Donny,2026-09-14T00:16:06.871669+00:00,,
D4-0227,v1|137730632622|0,https://www.ebay.com/itm/137730632622?_skw=Team+Rocket%27s+Mewtwo+ex+231+Destined+Rivals&hash=item201162abae:g:GcIAAeSw52lqpfyx,Team Rocket's Mewtwo ex 231/182 Sv10: Destined Rivals Holo,Ungraded,4000,,"[""AUCTION""]",youtopia13,https://i.ebayimg.com/images/g/GcIAAeSw52lqpfyx/s-l225.jpg,6a980108-6683-4461-ac9a-c81a27326dee,129a7668-0ba7-4f77-8585-3847e6c3d342,Team Rocket's Mewtwo ex,Destined Rivals,231,special_illustration_rare,YES,SINGLE_CARD,RAW,CARD,,,,,Donny,2026-09-14T00:16:07.455218+00:00,,
D4-0228,v1|357850487265|0,https://www.ebay.com/itm/357850487265?_skw=Arbok+101+Temporal+Forces+Pokemon+card&hash=item53518d19e1:g:vvoAAeSwF69pB4C2,Arbok 101/162 SV05: Temporal Forces Reverse Holo Pokémon TCG NM ,Ungraded,4000,,"[""FIXED_PRICE"", ""BEST_OFFER""]",berrydad78,https://i.ebayimg.com/images/g/vvoAAeSwF69pB4C2/s-l225.jpg,740ad74c-8c0c-411f-9ec7-2c734210b8f1,e8c344f6-9bee-4ad6-8356-63ee4e2988cf,Arbok,Temporal Forces,101,common,NO,SINGLE_CARD,RAW,CARD,,,,INCONSISTENT,Donny,2026-09-14T00:16:08.846875+00:00,,
D4-0229,v1|318621838583|0,https://www.ebay.com/itm/318621838583?_skw=Arbok+101+Temporal+Forces&hash=item4a2f576cf7:g:xfUAAeSwi1JqbEfE,Arbok 101/162 Common Temporal Forces Pokemon Reverse Holo Lightly Played,Ungraded,4000,,"[""FIXED_PRICE""]",nostalgic_and_nifty,https://i.ebayimg.com/images/g/xfUAAeSwi1JqbEfE/s-l225.jpg,740ad74c-8c0c-411f-9ec7-2c734210b8f1,e8c344f6-9bee-4ad6-8356-63ee4e2988cf,Arbok,Temporal Forces,101,common,NO,SINGLE_CARD,RAW,CARD,,,,INCONSISTENT,Donny,2026-09-14T00:16:09.885910+00:00,,
D4-0230,v1|366645720752|0,https://www.ebay.com/itm/366645720752?_skw=Arbok+101+Temporal+Forces&hash=item555dc9b6b0:g:RFMAAeSwcztqmPqk,Arbok 101/162 Temporal Forces Pokemon TCG Common Reverse Holofoil NM,Ungraded,4000,,"[""FIXED_PRICE"", ""BEST_OFFER""]",secondquestsupply,https://i.ebayimg.com/images/g/RFMAAeSwcztqmPqk/s-l225.jpg,740ad74c-8c0c-411f-9ec7-2c734210b8f1,e8c344f6-9bee-4ad6-8356-63ee4e2988cf,Arbok,Temporal Forces,101,common,NO,SINGLE_CARD,RAW,CARD,,,,INCONSISTENT,Donny,2026-09-14T00:16:10.332634+00:00,,
D4-0231,v1|178192935410|0,https://www.ebay.com/itm/178192935410?_skw=Arbok+101+Temporal+Forces+Pokemon+card&hash=item297d2069f2:g:ypcAAeSwoHtqIaTz,Arbok 101/162 Common Temporal Forces Pokemon Reverse Holo Near Mint,Ungraded,4000,,"[""FIXED_PRICE""]",retrorespawnrelics,https://i.ebayimg.com/images/g/ypcAAeSwoHtqIaTz/s-l225.jpg,740ad74c-8c0c-411f-9ec7-2c734210b8f1,e8c344f6-9bee-4ad6-8356-63ee4e2988cf,Arbok,Temporal Forces,101,common,NO,SINGLE_CARD,RAW,CARD,,,,INCONSISTENT,Donny,2026-09-14T00:16:10.772531+00:00,,
D4-0232,v1|176562899666|476185078699,https://www.ebay.com/itm/176562899666?_skw=Arbok+101+Temporal+Forces+Pokemon+card&hash=item291bf80ad2:g:ntEAAOSwzmpm20no,Pokemon SV Temporal Forces (Choose Your Reverse Holo or Holo Card) TCG Near Mint,Ungraded,4000,,"[""FIXED_PRICE""]",bowlingpit2266,https://i.ebayimg.com/images/g/ntEAAOSwzmpm20no/s-l225.jpg,740ad74c-8c0c-411f-9ec7-2c734210b8f1,e8c344f6-9bee-4ad6-8356-63ee4e2988cf,Arbok,Temporal Forces,101,common,NO,SINGLE_CARD,RAW,CARD,,,,,Donny,2026-09-14T00:16:12.181890+00:00,,
D4-0233,v1|287456817084|0,https://www.ebay.com/itm/287456817084?_skw=Arbok+101+Temporal+Forces+Pokemon+card&hash=item42edc2efbc:g:fi4AAeSwizZqU-gh,ARBOK 101/162 TEMPORAL FORCES REVERSE HOLO POKEMON CARD NEAR MINT,Ungraded,4000,,"[""FIXED_PRICE""]",hearthandholotradingco,https://i.ebayimg.com/images/g/fi4AAeSwizZqU-gh/s-l225.jpg,740ad74c-8c0c-411f-9ec7-2c734210b8f1,e8c344f6-9bee-4ad6-8356-63ee4e2988cf,Arbok,Temporal Forces,101,common,NO,SINGLE_CARD,RAW,CARD,,,,INCONSISTENT,Donny,2026-09-14T00:16:13.292000+00:00,,
D4-0234,v1|307176181107|0,https://www.ebay.com/itm/307176181107?_skw=Mega+Darkrai+ex+116+Pitch+Black&hash=item4785208d73:g:fV4AAeSwwTVqpfFs,2026 POKEMON PBL EN-PITCH BLACK SPECIAL ILLUSTRATION RARE MEGA DARKRAI EX PSA 9,Graded,2750,,"[""FIXED_PRICE""]",psa,https://i.ebayimg.com/images/g/fV4AAeSwwTVqpfFs/s-l225.jpg,75720435-3807-46b6-b3da-5e1c53b77822,9ad0c133-f133-45ab-9b3f-494199354e20,Mega Darkrai ex,Pitch Black,116,special_illustration_rare,NO,SINGLE_CARD,GRADED,CARD,,,,,Donny,2026-09-14T00:16:14.879000+00:00,,
D4-0235,v1|267782658944|0,https://www.ebay.com/itm/267782658944?_skw=Mega+Darkrai+ex+116+Pitch+Black&hash=item3e59171b80:g:xjMAAeSwgQNqpE0v,Mega Darkrai ex 116/084 Me05: Pitch Black Holo,Ungraded,4000,,"[""FIXED_PRICE""]",irun4real,https://i.ebayimg.com/images/g/xjMAAeSwgQNqpE0v/s-l225.jpg,75720435-3807-46b6-b3da-5e1c53b77822,9ad0c133-f133-45ab-9b3f-494199354e20,Mega Darkrai ex,Pitch Black,116,special_illustration_rare,YES,SINGLE_CARD,RAW,CARD,,,,,Donny,2026-09-14T00:16:15.876772+00:00,,
D4-0236,v1|318857223513|0,https://www.ebay.com/itm/318857223513?_skw=Mega+Darkrai+ex+116+Pitch+Black+Pokemon+card&hash=item4a3d5f1d59:g:YBwAAeSw3c5qpCG3,Mega Darkrai EX 116/084 Me05: Pitch Black Holo NM,Ungraded,4000,,"[""FIXED_PRICE""]",dr.dork,https://i.ebayimg.com/images/g/YBwAAeSw3c5qpCG3/s-l225.jpg,75720435-3807-46b6-b3da-5e1c53b77822,9ad0c133-f133-45ab-9b3f-494199354e20,Mega Darkrai ex,Pitch Black,116,special_illustration_rare,YES,SINGLE_CARD,RAW,CARD,,,,,Donny,2026-09-14T00:16:16.667523+00:00,,
D4-0237,v1|178491338467|0,https://www.ebay.com/itm/178491338467?_skw=Mega+Darkrai+ex+116+Pitch+Black+Pokemon+card&hash=item298ee9aee3:g:7uoAAeSwDZhqpflN,Pokemon TCG ME05 Pitch Black: Mega Darkrai ex 116/084 PACK FRESH SIR,Ungraded,4000,,"[""FIXED_PRICE""]",kerrmager0,https://i.ebayimg.com/images/g/7uoAAeSwDZhqpflN/s-l225.jpg,75720435-3807-46b6-b3da-5e1c53b77822,9ad0c133-f133-45ab-9b3f-494199354e20,Mega Darkrai ex,Pitch Black,116,special_illustration_rare,YES,SINGLE_CARD,RAW,CARD,,,,,Donny,2026-09-14T00:16:17.127488+00:00,,
D4-0238,v1|188895743922|0,https://www.ebay.com/itm/188895743922?_skw=Mega+Darkrai+ex+116+Pitch+Black&hash=item2bfb104fb2:g:HcMAAeSwFHNqndNL,Mega Darkrai Ex 116/084 Me05: Pitch Black Holo,Ungraded,4000,,"[""FIXED_PRICE"", ""BEST_OFFER""]",alexmorenooo,https://i.ebayimg.com/images/g/HcMAAeSwFHNqndNL/s-l225.jpg,75720435-3807-46b6-b3da-5e1c53b77822,9ad0c133-f133-45ab-9b3f-494199354e20,Mega Darkrai ex,Pitch Black,116,special_illustration_rare,YES,SINGLE_CARD,RAW,CARD,,,,,Donny,2026-09-14T00:16:17.613642+00:00,,
D4-0239,v1|227515631291|0,https://www.ebay.com/itm/227515631291?_skw=Mega+Darkrai+ex+116+Pitch+Black+Pokemon+card&hash=item34f8fd06bb:g:PZkAAeSw6wNqkzzU&amdata=enc%3AAQALAAABEACCtXRWQnOEpyOqnQQ8KGZyQQmmmq4SIw%2BxSS1ViJ9HdOi6QQT8i3uzDoRhcnb9YrDI8Wby%2BxqZ0IKhWerCTeYwTv9CHLTlAHWixC5KGKKryXOKXhGkD90JYH1oCjH%2BFJlddlOt8w2lYbgmVVh%2BQaTXt1XpR5LfA5qn52TJj1LDZz41rzyB7I3y6PqoatBuLRrIpBFkJRP4nr0QoY8VmbvmhuqQ4NVcgc%2BOnfTOyfVav7Sz8AQW2KeIiCIVZi6Amj46pwuC5AWHB3wXqp6UbYkO1BUGeMrdsWrdWoB48GZy0owHjLVc018XL7YkMu09aop%2FRhXSQ0ZNTAwFlw8txIj6O2jOsNKMWHJxkWGXxBxQ,Mega Darkrai ex 2026 Pokemon Pitch Black Special Illustration Rare SIR 116/084,Ungraded,4000,,"[""FIXED_PRICE"", ""BEST_OFFER""]",cardboardkingdomtreasures,https://i.ebayimg.com/images/g/PZkAAeSw6wNqkzzU/s-l225.jpg,75720435-3807-46b6-b3da-5e1c53b77822,9ad0c133-f133-45ab-9b3f-494199354e20,Mega Darkrai ex,Pitch Black,116,special_illustration_rare,YES,SINGLE_CARD,RAW,CARD,,,,,Donny,2026-09-14T00:16:18.178790+00:00,,
D4-0240,v1|318098021290|0,https://www.ebay.com/itm/318098021290?_skw=Crustle+183+Paradox+Rift+Pokemon+card&hash=item4a101e9baa:g:gWsAAeSwIXFpzzZf,Crustle 183/182 Paradox Rift Illustration Rare Pokémon Card CGC 9,Graded,2750,,"[""FIXED_PRICE"", ""BEST_OFFER""]",collect_sell_trade,https://i.ebayimg.com/images/g/gWsAAeSwIXFpzzZf/s-l225.jpg,77b44a76-26f7-4fa0-a548-c29870a7bb68,63f84d31-df83-456f-bd4c-e59b7e2ba541,Crustle,Paradox Rift,183,illustration_rare,NO,SINGLE_CARD,GRADED,CARD,,,,,Donny,2026-09-14T00:16:19.120709+00:00,,
D4-0241,v1|178437062234|0,https://www.ebay.com/itm/178437062234?_skw=Crustle+183+Paradox+Rift+Pokemon+card&hash=item298bad7e5a:g:8D8AAeSwQKZqjINH,Crustle 183/182 - SV04: Paradox Rift Pokemon TCG,Ungraded,4000,,"[""FIXED_PRICE""]",youngscardcorner,https://i.ebayimg.com/images/g/8D8AAeSwQKZqjINH/s-l225.jpg,77b44a76-26f7-4fa0-a548-c29870a7bb68,63f84d31-df83-456f-bd4c-e59b7e2ba541,Crustle,Paradox Rift,183,illustration_rare,YES,SINGLE_CARD,RAW,CARD,,,,,Donny,2026-09-14T00:16:19.914460+00:00,,
D4-0242,v1|377432993902|0,https://www.ebay.com/itm/377432993902?_skw=Crustle+183+Paradox+Rift+Pokemon+card&hash=item57e0c2706e:g:zwMAAeSw~H9qpImq,Crustle Holofoil Paradox Rift - 183/182 Pokemon Card NM,Ungraded,4000,,"[""FIXED_PRICE""]",luckyhoundgaming,https://i.ebayimg.com/images/g/zwMAAeSw~H9qpImq/s-l225.jpg,77b44a76-26f7-4fa0-a548-c29870a7bb68,63f84d31-df83-456f-bd4c-e59b7e2ba541,Crustle,Paradox Rift,183,illustration_rare,YES,SINGLE_CARD,RAW,CARD,,,,,Donny,2026-09-14T00:16:20.565998+00:00,,
D4-0243,v1|357865545432|0,https://www.ebay.com/itm/357865545432?_skw=Crustle+183+Paradox+Rift+Pokemon+card&hash=item535272ded8:g:cfoAAOSwDuhm1MkT,Pokemon Card TCG - Crustle 183/182 Illustration Rare Paradox Rift Near Mint,Ungraded,4000,,"[""FIXED_PRICE""]",silly_goose_collectibles,https://i.ebayimg.com/images/g/cfoAAOSwDuhm1MkT/s-l225.jpg,77b44a76-26f7-4fa0-a548-c29870a7bb68,63f84d31-df83-456f-bd4c-e59b7e2ba541,Crustle,Paradox Rift,183,illustration_rare,YES,SINGLE_CARD,RAW,CARD,,,,,Donny,2026-09-14T00:16:20.979472+00:00,,
D4-0244,v1|267692898800|0,https://www.ebay.com/itm/267692898800?_skw=Crustle+183+Paradox+Rift+Pokemon+card&hash=item3e53bd79f0:g:v9YAAeSw80RqJhnP,Crustle 183/182 SV04: Paradox Rift Holo Illustration Rare NM,Ungraded,4000,,"[""FIXED_PRICE""]",dinha444,https://i.ebayimg.com/images/g/v9YAAeSw80RqJhnP/s-l225.jpg,77b44a76-26f7-4fa0-a548-c29870a7bb68,63f84d31-df83-456f-bd4c-e59b7e2ba541,Crustle,Paradox Rift,183,illustration_rare,YES,SINGLE_CARD,RAW,CARD,,,,,Donny,2026-09-14T00:16:22.011928+00:00,,
D4-0245,v1|257729611654|0,https://www.ebay.com/itm/257729611654?_skw=Crustle+183+Paradox+Rift&hash=item3c01e1c786:g:14sAAeSwt5BqMzfT&amdata=enc%3AAQALAAAA8ACCtXRWQnOEpyOqnQQ8KGau0obz9t1P8P2hEPBce7svRfTJPCnjQ%2BnZEWcI5VtiQ9bXINlL3Q5fJXGfsJXhnQcxW1NWS%2BNrs9sJiexgUGW4%2BEjJJ9HNf2QWq1GOo6z7HRCUaF8XK8vFaWJMnCaf9%2Bm%2Ft6EgoaPoC6EbyRHGglHE5y%2F2R%2Bn9eSCGqbLC995z5zlxC0iosoSUKNRMdKkARq3csFFb9Q7uPTgRr3Mmt6lQCtItLpZBY88TQuVAsQ2C9MOHFUPXM5JVSIj6Ql4bO8Qe41%2Bf1WSIVkbG62blMJv1lb5c8uhVG1P5E7WNa88Zhw%3D%3D,Crustle 183/182 Illustration Rare Paradox Rift Pokemon Near Mint,Ungraded,4000,,"[""FIXED_PRICE"", ""BEST_OFFER""]",gamefreezetcg,https://i.ebayimg.com/images/g/14sAAeSwt5BqMzfT/s-l225.jpg,77b44a76-26f7-4fa0-a548-c29870a7bb68,63f84d31-df83-456f-bd4c-e59b7e2ba541,Crustle,Paradox Rift,183,illustration_rare,YES,SINGLE_CARD,RAW,CARD,,,,,Donny,2026-09-14T00:16:22.612371+00:00,,
D4-0246,v1|267783565053|0,https://www.ebay.com/itm/267783565053?_skw=Cresselia+71+Shrouded+Fable+Pokemon+card&hash=item3e5924eefd:g:w3gAAeSwaOxqpdCA,Pokémon TCG Cresselia Card Shrouded Fable Holo 071/064 Illustration Rare NM,Ungraded,4000,,"[""FIXED_PRICE""]",dinha444,https://i.ebayimg.com/images/g/w3gAAeSwaOxqpdCA/s-l225.jpg,7b00ea04-5c2a-4172-8025-afba48ddacb3,94d01e3d-09de-4d04-a0d8-1f36a5cfe684,Cresselia,Shrouded Fable,71,illustration_rare,YES,SINGLE_CARD,RAW,CARD,,,,,Donny,2026-09-14T00:16:23.178507+00:00,,
D4-0247,v1|307070482796|0,https://www.ebay.com/itm/307070482796?_skw=Cresselia+71+Shrouded+Fable+Pokemon+card&hash=item477ed3b96c:g:N84AAeSwObdqW0H-,Cresselia 021/064 Shrouded Fable Rare Reverse Holo Near Mint,Ungraded,4000,,"[""FIXED_PRICE"", ""BEST_OFFER""]",holohedge,https://i.ebayimg.com/images/g/N84AAeSwObdqW0H-/s-l225.jpg,7b00ea04-5c2a-4172-8025-afba48ddacb3,94d01e3d-09de-4d04-a0d8-1f36a5cfe684,Cresselia,Shrouded Fable,71,illustration_rare,NO,SINGLE_CARD,RAW,CARD,INCONSISTENT,,,,Donny,2026-09-14T00:16:24.281255+00:00,,
D4-0248,v1|298449265874|0,https://www.ebay.com/itm/298449265874?_skw=Cresselia+71+Shrouded+Fable&hash=item457cf664d2:g:ALgAAeSwqZ9qPCiE,Pokémon TCG - Cresselia 71/62 Shrouded Fable - Illustration Rare ACE 10 GEM MINT,Graded,2750,,"[""FIXED_PRICE"", ""BEST_OFFER""]",hacwoolls,https://i.ebayimg.com/images/g/ALgAAeSwqZ9qPCiE/s-l225.jpg,7b00ea04-5c2a-4172-8025-afba48ddacb3,94d01e3d-09de-4d04-a0d8-1f36a5cfe684,Cresselia,Shrouded Fable,71,illustration_rare,NO,SINGLE_CARD,GRADED,CARD,,,,,Donny,2026-09-14T00:16:25.515041+00:00,,
D4-0249,v1|227472402094|0,https://www.ebay.com/itm/227472402094?_skw=Cresselia+71+Shrouded+Fable+Pokemon+card&hash=item34f66966ae:g:1UUAAeSwpAlqe~Uk,Cresselia 021/064 Rare Shrouded Fable Pokemon Holo Near Mint,Ungraded,4000,,"[""FIXED_PRICE""]",titus.tcg.trading,https://i.ebayimg.com/images/g/1UUAAeSwpAlqe~Uk/s-l225.jpg,7b00ea04-5c2a-4172-8025-afba48ddacb3,94d01e3d-09de-4d04-a0d8-1f36a5cfe684,Cresselia,Shrouded Fable,71,illustration_rare,NO,SINGLE_CARD,RAW,CARD,INCONSISTENT,,,,Donny,2026-09-14T00:16:26.372720+00:00,,
D4-0250,v1|398041651531|0,https://www.ebay.com/itm/398041651531?_skw=Cresselia+71+Shrouded+Fable+Pokemon+card&hash=item5cad21994b:g:0jgAAeSwY6BqJvkF,CRESSELIA 021/064 HOLO SHROUDED FABLE POKEMON NEAR MINT,Ungraded,4000,,"[""FIXED_PRICE""]",perrys.playing.cards,https://i.ebayimg.com/images/g/0jgAAeSwY6BqJvkF/s-l225.jpg,7b00ea04-5c2a-4172-8025-afba48ddacb3,94d01e3d-09de-4d04-a0d8-1f36a5cfe684,Cresselia,Shrouded Fable,71,illustration_rare,NO,SINGLE_CARD,RAW,CARD,INCONSISTENT,,,,Donny,2026-09-14T00:16:27.062713+00:00,,
D4-0251,v1|820107030305|0,https://www.ebay.com/itm/820107030305?_skw=Cresselia+71+Shrouded+Fable+Pokemon+card&hash=itembef2302f21:g:vdkAAeSwJntqoZGl,Cresselia 071/064 Shrouded Fable Holo Pokémon TCG - NM,Ungraded,4000,,"[""FIXED_PRICE"", ""BEST_OFFER""]",xyguys,https://i.ebayimg.com/images/g/vdkAAeSwJntqoZGl/s-l225.jpg,7b00ea04-5c2a-4172-8025-afba48ddacb3,94d01e3d-09de-4d04-a0d8-1f36a5cfe684,Cresselia,Shrouded Fable,71,illustration_rare,YES,SINGLE_CARD,RAW,CARD,,,,,Donny,2026-09-14T00:16:27.863550+00:00,,
D4-0252,v1|336709836891|0,https://www.ebay.com/itm/336709836891?_skw=Canari+291+Ascended+Heroes+Pokemon+card&hash=item4e6578605b:g:PZAAAeSwcQBqWsyx,Canari 291/217 Holo Special Illustration Rare Ascended Heroes Pokemon Cards,Ungraded,4000,,"[""FIXED_PRICE""]",monke11,https://i.ebayimg.com/images/g/PZAAAeSwcQBqWsyx/s-l225.jpg,7f065a2b-5cab-45c8-8fd8-96d4c07c4ee8,3805ddb2-e4cd-40b3-8a52-82398effa130,Canari,Ascended Heroes,291,special_illustration_rare,YES,SINGLE_CARD,RAW,CARD,,,,,Donny,2026-09-14T00:16:28.834738+00:00,,
D4-0253,v1|206512130125|0,https://www.ebay.com/itm/206512130125?_skw=Canari+291+Ascended+Heroes+Pokemon+card&hash=item301515084d:g:Hi4AAeSwF-Zqi-yS,Canari 291/217 Special Illustration Rare Ascended Heroes Pokemon Holo Near Mint,Ungraded,4000,,"[""FIXED_PRICE""]",pokevaultmd,https://i.ebayimg.com/images/g/Hi4AAeSwF-Zqi-yS/s-l225.jpg,7f065a2b-5cab-45c8-8fd8-96d4c07c4ee8,3805ddb2-e4cd-40b3-8a52-82398effa130,Canari,Ascended Heroes,291,special_illustration_rare,YES,SINGLE_CARD,RAW,CARD,,,,,Donny,2026-09-14T00:16:29.498124+00:00,,
D4-0254,v1|398249493535|0,https://www.ebay.com/itm/398249493535?_skw=Canari+291+Ascended+Heroes+Pokemon+card&hash=item5cb985041f:g:DqoAAeSwOzFqchLk,2026 POKEMON ASC EN-ASCENDED HEROES SPECIAL ILLUSTRATION RARE #291 CANARI PSA 10,Graded,2750,,"[""FIXED_PRICE""]",hobby-aviator,https://i.ebayimg.com/images/g/DqoAAeSwOzFqchLk/s-l225.jpg,7f065a2b-5cab-45c8-8fd8-96d4c07c4ee8,3805ddb2-e4cd-40b3-8a52-82398effa130,Canari,Ascended Heroes,291,special_illustration_rare,NO,SINGLE_CARD,GRADED,CARD,,,,,Donny,2026-09-14T00:16:35.785682+00:00,,
D4-0255,v1|198624027110|0,https://www.ebay.com/itm/198624027110?_skw=Canari+291+Ascended+Heroes&hash=item2e3eea21e6:g:X54AAeSwCahqJYYY,Pokemon Canari - 291/217 - ME: Ascended Heroes (ASC) NM/M,Ungraded,4000,,"[""FIXED_PRICE"", ""BEST_OFFER""]",tcgghosttrainer,https://i.ebayimg.com/images/g/X54AAeSwCahqJYYY/s-l225.jpg,7f065a2b-5cab-45c8-8fd8-96d4c07c4ee8,3805ddb2-e4cd-40b3-8a52-82398effa130,Canari,Ascended Heroes,291,special_illustration_rare,YES,SINGLE_CARD,RAW,CARD,,,,,Donny,2026-09-14T00:16:36.459861+00:00,,
D4-0256,v1|366475380205|0,https://www.ebay.com/itm/366475380205?_skw=Canari+291+Ascended+Heroes+Pokemon+card&hash=item5553a285ed:g:PwEAAeSwbbVqLJ5V,2026 Pokemon Asc En-Ascended Heroes Canari Special Illustration Rare 10 #291,Graded,2750,,"[""FIXED_PRICE"", ""BEST_OFFER""]",cloudcards21,https://i.ebayimg.com/images/g/PwEAAeSwbbVqLJ5V/s-l225.jpg,7f065a2b-5cab-45c8-8fd8-96d4c07c4ee8,3805ddb2-e4cd-40b3-8a52-82398effa130,Canari,Ascended Heroes,291,special_illustration_rare,NO,SINGLE_CARD,GRADED,CARD,,,,,Donny,2026-09-14T00:16:37.397908+00:00,,
D4-0257,v1|206551244396|0,https://www.ebay.com/itm/206551244396?_skw=Canari+291+Ascended+Heroes+Pokemon+card&hash=item301769de6c:g:ElAAAeSw~n5qpLil,2026 POKEMON ASCENDED HEROES #291/217 CANARI SPECIAL ILLUSTRATION RARE,Ungraded,4000,,"[""AUCTION""]",slabsharksinc,https://i.ebayimg.com/images/g/ElAAAeSw~n5qpLil/s-l225.jpg,7f065a2b-5cab-45c8-8fd8-96d4c07c4ee8,3805ddb2-e4cd-40b3-8a52-82398effa130,Canari,Ascended Heroes,291,special_illustration_rare,YES,SINGLE_CARD,RAW,CARD,,,,,Donny,2026-09-14T00:16:38.245950+00:00,,
D4-0258,v1|358913875924|0,https://www.ebay.com/itm/358913875924?_skw=Mega+Gengar+ex+284+Ascended+Heroes+Pokemon+card&hash=item5390ef1fd4:g:cKUAAeSwVhJqe1g6,2026 Pokemon Ascended Heroes ASC EN Mega Gengar Ex SIR #284,Ungraded,4000,,"[""FIXED_PRICE"", ""BEST_OFFER""]",zornercards,https://i.ebayimg.com/images/g/cKUAAeSwVhJqe1g6/s-l225.jpg,828c0d0d-2ede-4bab-bed4-407cd3cf8662,06c45a41-2b44-401a-9703-5c9952f2580f,Mega Gengar ex,Ascended Heroes,284,special_illustration_rare,YES,SINGLE_CARD,RAW,CARD,,,,,Donny,2026-09-14T00:16:39.006025+00:00,,
D4-0259,v1|206540742208|0,https://www.ebay.com/itm/206540742208?_skw=Mega+Gengar+ex+284+Ascended+Heroes+Pokemon+card&hash=item3016c99e40:g:Rl0AAeSw7EhqXseB,2026 Pokemon Ascended Heroes Mega Gengar ex #284/217 Special Illustration Rare,Ungraded,4000,,"[""FIXED_PRICE"", ""BEST_OFFER""]",gpvaultco,https://i.ebayimg.com/images/g/Rl0AAeSw7EhqXseB/s-l225.jpg,828c0d0d-2ede-4bab-bed4-407cd3cf8662,06c45a41-2b44-401a-9703-5c9952f2580f,Mega Gengar ex,Ascended Heroes,284,special_illustration_rare,YES,SINGLE_CARD,RAW,CARD,,,,,Donny,2026-09-14T00:16:39.579187+00:00,,
D4-0260,v1|318857518815|0,https://www.ebay.com/itm/318857518815?_skw=Mega+Gengar+ex+284+Ascended+Heroes+Pokemon+card&hash=item4a3d639edf:g:0aMAAeSwTctqpDo6,Mega Gengar ex 284/217 Me: Ascended Heroes Holo,Ungraded,4000,,"[""FIXED_PRICE"", ""BEST_OFFER""]",ridinhighdistr,https://i.ebayimg.com/images/g/0aMAAeSwTctqpDo6/s-l225.jpg,828c0d0d-2ede-4bab-bed4-407cd3cf8662,06c45a41-2b44-401a-9703-5c9952f2580f,Mega Gengar ex,Ascended Heroes,284,special_illustration_rare,YES,SINGLE_CARD,RAW,CARD,,,,,Donny,2026-09-14T00:16:40.150311+00:00,,
D4-0261,v1|318779682987|0,https://www.ebay.com/itm/318779682987?_skw=Mega+Gengar+ex+284+Ascended+Heroes+Pokemon+card&hash=item4a38bff0ab:g:5WAAAeSwgW9qjkFC,Pokemon TCG Mega Gengar EX SIR Holo 284/217 Ascended Heroes ENG 2026 BGS 9.5,Graded,2750,,"[""FIXED_PRICE"", ""BEST_OFFER""]",rosstrading-co,https://i.ebayimg.com/images/g/5WAAAeSwgW9qjkFC/s-l225.jpg,828c0d0d-2ede-4bab-bed4-407cd3cf8662,06c45a41-2b44-401a-9703-5c9952f2580f,Mega Gengar ex,Ascended Heroes,284,special_illustration_rare,NO,SINGLE_CARD,GRADED,CARD,,,,,Donny,2026-09-14T00:16:41.187841+00:00,,
D4-0262,v1|398338353309|0,https://www.ebay.com/itm/398338353309?_skw=Mega+Gengar+ex+284+Ascended+Heroes+Pokemon+card&hash=item5cbed0e89d:g:-9kAAeSwbp5qk01I,Mega Gengar ex 284/217:  Ascended Heroes SIR Holo English PSA 10,Graded,2750,,"[""FIXED_PRICE"", ""BEST_OFFER""]",deckfactorylima,https://i.ebayimg.com/images/g/-9kAAeSwbp5qk01I/s-l225.jpg,828c0d0d-2ede-4bab-bed4-407cd3cf8662,06c45a41-2b44-401a-9703-5c9952f2580f,Mega Gengar ex,Ascended Heroes,284,special_illustration_rare,NO,SINGLE_CARD,GRADED,CARD,,,,,Donny,2026-09-14T00:16:41.904435+00:00,,
D4-0263,v1|188876464871|696101265892,https://www.ebay.com/itm/188876464871?_skw=Mega+Gengar+ex+284+Ascended+Heroes+Pokemon+card&hash=item2bf9ea22e7:g:t0AAAeSwuTdqmFl9&amdata=enc%3AAQALAAABEACCtXRWQnOEpyOqnQQ8KGYmynjDHYxmnOSPgcarwj7CCENATb3qQGOH1DFfscQ4NzN19af28RTnfwtCVOtQxcB8X1TLaB6UXXcr9ptDEd%2FfNIZ%2B8A%2FR90me0ZWr9h%2BvjvhbsTiBWR4YwWL6yKYkQCDU7tBy1NHubCVd3fISILwvo01Kqqgyzvi4S0TinxNK5ZEmlv49qKTQ7%2B7IU5bHCeeYJGYTo7XaOUBFCsJwXTO9ymltEfKoaFK%2FawRy%2BwD2wSKUpKDJhV1hUs%2FxjbZYDlOS2cGYoMS%2BLoCADhSxkVw1idiC4kjExtg7m4KtZB0Er51nmD5Ryx3AJMgvROvnH%2B9sk4cmuAY02suW9Y%2FDvdJJ,Pokemon Mega Gengar EX 284 240 PSA TAG GRADED Extended Artwork Framed Display,Ungraded,4000,,"[""FIXED_PRICE""]",order66designs,https://i.ebayimg.com/images/g/t0AAAeSwuTdqmFl9/s-l225.jpg,828c0d0d-2ede-4bab-bed4-407cd3cf8662,06c45a41-2b44-401a-9703-5c9952f2580f,Mega Gengar ex,Ascended Heroes,284,special_illustration_rare,NO,SINGLE_CARD,RAW,SEALED_OR_NON_CARD,,,,,Donny,2026-09-14T00:16:43.213238+00:00,,
D4-0264,v1|267779155335|0,https://www.ebay.com/itm/267779155335?_skw=Houndour+204+Obsidian+Flames&hash=item3e58e1a587:g:U2YAAeSwcvRqn3Em,Houndour 204/197 SV03: Obsidian Flames Holo NM,Ungraded,4000,,"[""FIXED_PRICE"", ""BEST_OFFER""]",corsbiegaming,https://i.ebayimg.com/images/g/U2YAAeSwcvRqn3Em/s-l225.jpg,829b12ba-c7f5-4796-9a57-a2a2463c8461,0fc5990b-19e3-4716-b616-b221acc480a6,Houndour,Obsidian Flames,204,illustration_rare,YES,SINGLE_CARD,RAW,CARD,,,,,Donny,2026-09-14T00:16:44.113183+00:00,,
D4-0265,v1|407081049698|0,https://www.ebay.com/itm/407081049698?_skw=Houndour+204+Obsidian+Flames+Pokemon+card&hash=item5ec7ebde62:g:no8AAeSwnN9qWu1X,Pokemon Houndour Obsidian Flames 204/197 Holo Illustration Rare NM/M,Ungraded,4000,,"[""FIXED_PRICE""]",holos_on_deck,https://i.ebayimg.com/images/g/no8AAeSwnN9qWu1X/s-l225.jpg,829b12ba-c7f5-4796-9a57-a2a2463c8461,0fc5990b-19e3-4716-b616-b221acc480a6,Houndour,Obsidian Flames,204,illustration_rare,YES,SINGLE_CARD,RAW,CARD,,,,,Donny,2026-09-14T00:16:45.182703+00:00,,
D4-0266,v1|168672709284|0,https://www.ebay.com/itm/168672709284?_skw=Houndour+204+Obsidian+Flames+Pokemon+card&hash=item2745ad4aa4:g:5qQAAeSwJ9tqmnLN,Houndour 204/197 Obsidian Flames Illustration Rare Holo Pokemon Card NM Raw,Ungraded,4000,,"[""FIXED_PRICE"", ""BEST_OFFER""]",mat_965285,https://i.ebayimg.com/images/g/5qQAAeSwJ9tqmnLN/s-l225.jpg,829b12ba-c7f5-4796-9a57-a2a2463c8461,0fc5990b-19e3-4716-b616-b221acc480a6,Houndour,Obsidian Flames,204,illustration_rare,YES,SINGLE_CARD,RAW,CARD,,,,,Donny,2026-09-14T00:16:45.828848+00:00,,
D4-0267,v1|318695206151|0,https://www.ebay.com/itm/318695206151?_skw=Houndour+204+Obsidian+Flames+Pokemon+card&hash=item4a33b6ed07:g:UDIAAeSw2RBqdnpr&amdata=enc%3AAQALAAABEACCtXRWQnOEpyOqnQQ8KGY7HF2j9n3%2BvymN1QtqHtw8%2F5L5I5OZ52XXc2vNxEwdAUs18Hv3eY7Ts1eX%2FdnofniwKHzUfxVA9f3DsC%2FaUSLyuoiwoOR3opI3I6QGg04kF4yTkFPDzIGpMhl8NDj2qxKlmk2ecOxvbE80yUYUBukDMrUUhvV52BH0A0aXRkUemq%2Fcqen%2BkGJHcXj3wSMCUDuTK%2FE1PQKgLohVvsA19beXfK7ebCPsbYDue5mX1EWAEo00rv51MkjrA5qlU9Q6%2FfF9jQOVf%2Bz3kPz3rKzdKcQj0WT98pvP9ip%2FsoLQUCZefB8DEHWNCJhMaBejFWBW7Zza5rIZgTfAfQoMMgo1dS2H,Houndour 204/197 Obsidian Flames Pokemon Holo NM,Ungraded,4000,,"[""FIXED_PRICE"", ""BEST_OFFER""]",sellmeyourpokemon,https://i.ebayimg.com/images/g/UDIAAeSw2RBqdnpr/s-l225.jpg,829b12ba-c7f5-4796-9a57-a2a2463c8461,0fc5990b-19e3-4716-b616-b221acc480a6,Houndour,Obsidian Flames,204,illustration_rare,YES,SINGLE_CARD,RAW,CARD,,,,,Donny,2026-09-14T00:16:46.345838+00:00,,
D4-0268,v1|298669204886|0,https://www.ebay.com/itm/298669204886?_skw=Houndour+204+Obsidian+Flames+Pokemon+card&hash=item458a126596:g:bGgAAeSwSUNqlSVK,Houndour 204/197 SV Obsidian Flames,Ungraded,4000,,"[""FIXED_PRICE"", ""BEST_OFFER""]",ogencham,https://i.ebayimg.com/images/g/bGgAAeSwSUNqlSVK/s-l225.jpg,829b12ba-c7f5-4796-9a57-a2a2463c8461,0fc5990b-19e3-4716-b616-b221acc480a6,Houndour,Obsidian Flames,204,illustration_rare,YES,SINGLE_CARD,RAW,CARD,,,,,Donny,2026-09-14T00:16:46.880478+00:00,,
D4-0269,v1|257737065412|0,https://www.ebay.com/itm/257737065412?_skw=Houndour+204+Obsidian+Flames+Pokemon+card&hash=item3c025383c4:g:kGoAAeSwEu1qpD3f,Houndour 204/197 SV03: Obsidian Flames Holo NM,Ungraded,4000,,"[""FIXED_PRICE""]",jay-mattsnkrs,https://i.ebayimg.com/images/g/kGoAAeSwEu1qpD3f/s-l225.jpg,829b12ba-c7f5-4796-9a57-a2a2463c8461,0fc5990b-19e3-4716-b616-b221acc480a6,Houndour,Obsidian Flames,204,illustration_rare,YES,SINGLE_CARD,RAW,CARD,,,,,Donny,2026-09-14T00:16:47.644360+00:00,,
D4-0270,v1|235510963188|535690738607,https://www.ebay.com/itm/235510963188?_skw=Bronzor+68+Temporal+Forces+Pokemon+card&hash=item36d58c1bf4:g:DBwAAOSw~kRmEw-6,🔥Pokemon Temporal Forces Choose your common uncommon Card complete your set PYC,Ungraded,4000,,"[""FIXED_PRICE""]",crazycoolcardz,https://i.ebayimg.com/images/g/DBwAAOSw~kRmEw-6/s-l225.jpg,8a2827bc-48b7-4dfd-b240-501fe24100b9,4db4cc1d-2bfd-45e2-a457-7cb450d1f79a,Bronzor,Temporal Forces,68,common,NO,SINGLE_CARD,RAW,CARD,,,,,Donny,2026-09-14T00:16:48.659120+00:00,,
D4-0271,v1|168637314063|0,https://www.ebay.com/itm/168637314063?_skw=Bronzor+68+Temporal+Forces+Pokemon+card&hash=item274391340f:g:r8MAAeSwvxhpJUWp,2024 Scarlet & Violet Series - Temporal Forces Bronzor Common #68,Ungraded,4000,,"[""FIXED_PRICE""]",threadrebornitems1,https://i.ebayimg.com/images/g/r8MAAeSwvxhpJUWp/s-l225.jpg,8a2827bc-48b7-4dfd-b240-501fe24100b9,4db4cc1d-2bfd-45e2-a457-7cb450d1f79a,Bronzor,Temporal Forces,68,common,NO,SINGLE_CARD,RAW,CARD,,,,INCONSISTENT,Donny,2026-09-14T00:16:49.885960+00:00,,
D4-0272,v1|366609521289|0,https://www.ebay.com/itm/366609521289?_skw=Bronzor+68+Temporal+Forces&hash=item555ba15a89:g:W6wAAeSwWkZqj4Mh,Bronzor 68/162 Regular Temporal Forces Pokémon TCG NM 40% off at 10+ cards,Ungraded,4000,,"[""FIXED_PRICE""]",cosmiccollectca,https://i.ebayimg.com/images/g/W6wAAeSwWkZqj4Mh/s-l225.jpg,8a2827bc-48b7-4dfd-b240-501fe24100b9,4db4cc1d-2bfd-45e2-a457-7cb450d1f79a,Bronzor,Temporal Forces,68,common,YES,SINGLE_CARD,RAW,CARD,,,,,Donny,2026-09-14T00:16:50.621682+00:00,,
D4-0273,v1|226085554930|525205986349,https://www.ebay.com/itm/226085554930?_skw=Bronzor+68+Temporal+Forces+Pokemon+card&hash=item34a3bfcaf2:g:YmYAAOSwIXVmKfn6&amdata=enc%3AAQALAAABAACCtXRWQnOEpyOqnQQ8KGa9mIVMqWeRA%2BJiO1W2QRVIqqwYqq4TJ9MfgoIastOupyPL6%2Bjlj%2BN%2Bumyv%2FGUT3y8OAvPz2PMJOStQaWsvwM6b9UiwnGV%2FaO1lW0KEnaXlCaHhoWcPCPa9UmH0x%2BCX%2FpvgqS4b8HBKcDvUkZ5F9nc1irVntWz1FLdFo0gKz8wmKWrU5XWq1zU1TTOHf093Y0zF1cT8VGUAZ%2Ba8IH5pTvHKrGNNlqOAMvQmp7Zm76%2F%2BufBW%2BU1JkH7Hq6HKwWUnksbvOHPyhmxvJWJ55R5Raj7CgkpgeSePjXL5lVFaeKNEj%2FH3lZMkngSzAG09aSL8AV0%3D,Bronzor 68/162 Reverse Holo | Temporal Forces | Pokemon Card,Ungraded,4000,,"[""FIXED_PRICE""]",brickheadscollectables,https://i.ebayimg.com/images/g/YmYAAOSwIXVmKfn6/s-l225.jpg,8a2827bc-48b7-4dfd-b240-501fe24100b9,4db4cc1d-2bfd-45e2-a457-7cb450d1f79a,Bronzor,Temporal Forces,68,common,NO,SINGLE_CARD,RAW,CARD,,,,INCONSISTENT,Donny,2026-09-14T00:16:51.452839+00:00,,
D4-0274,v1|188036629201|695700393835,https://www.ebay.com/itm/188036629201?_skw=Bronzor+68+Temporal+Forces+Pokemon+card&hash=item2bc7db42d1:g:T3YAAeSwjdlph6kH,YOU PICK: Pokemon Temporal Forces Single Cards (Complete Your Set),Ungraded,4000,,"[""FIXED_PRICE""]",jeffsvinylandmore,https://i.ebayimg.com/images/g/T3YAAeSwjdlph6kH/s-l225.jpg,8a2827bc-48b7-4dfd-b240-501fe24100b9,4db4cc1d-2bfd-45e2-a457-7cb450d1f79a,Bronzor,Temporal Forces,68,common,NO,SINGLE_CARD,RAW,CARD,,,,,Donny,2026-09-14T00:16:52.157765+00:00,,
D4-0275,v1|286005951945|588091769216,https://www.ebay.com/itm/286005951945?_skw=Bronzor+68+Temporal+Forces+Pokemon+card&hash=item4297487dc9:g:04oAAOSw535muJta,POKEMON - TEMPORAL FORCES - COMMON/UNCOMMON/HOLO RARES - UP TO 50% DISCOUNT,Ungraded,4000,,"[""FIXED_PRICE""]",godwin_hawkins,https://i.ebayimg.com/images/g/04oAAOSw535muJta/s-l225.jpg,8a2827bc-48b7-4dfd-b240-501fe24100b9,4db4cc1d-2bfd-45e2-a457-7cb450d1f79a,Bronzor,Temporal Forces,68,common,NO,SINGLE_CARD,RAW,CARD,,,,,Donny,2026-09-14T00:16:53.460148+00:00,,
D4-0276,v1|407208020052|0,https://www.ebay.com/itm/407208020052?_skw=Leavanny+89+White+Flare+Pokemon+card&hash=item5ecf7d4854:g:z~cAAeSwYrRqozGt,Leavanny 003/086 Uncommon White Flare Pokemon Reverse Holo Near Mint,Ungraded,4000,,"[""FIXED_PRICE""]",moontradingcard,https://i.ebayimg.com/images/g/z~cAAeSwYrRqozGt/s-l225.jpg,8a2cce32-ad4f-4468-8a28-8a9ea9653365,9cc8f6b0-2c28-442b-bdd1-11cbd9a4068e,Leavanny,White Flare,89,illustration_rare,NO,SINGLE_CARD,RAW,CARD,INCONSISTENT,,,,Donny,2026-09-14T00:16:54.508145+00:00,,
D4-0277,v1|158250628862|0,https://www.ebay.com/itm/158250628862?_skw=Leavanny+89+White+Flare+Pokemon+card&hash=item24d878f6fe:g:NRQAAeSw5rdqmGEB,Leavanny 003/086 Uncommon White Flare Pokemon Reverse Holo Near Mint,Ungraded,4000,,"[""FIXED_PRICE""]",katscardsandgames,https://i.ebayimg.com/images/g/NRQAAeSw5rdqmGEB/s-l225.jpg,8a2cce32-ad4f-4468-8a28-8a9ea9653365,9cc8f6b0-2c28-442b-bdd1-11cbd9a4068e,Leavanny,White Flare,89,illustration_rare,NO,SINGLE_CARD,RAW,CARD,INCONSISTENT,,,,Donny,2026-09-14T00:16:55.221807+00:00,,
D4-0278,v1|267742352588|0,https://www.ebay.com/itm/267742352588?_skw=Leavanny+89+White+Flare+Pokemon+card&hash=item3e56b014cc:g:m94AAeSw2Adqajzv,Leavanny 003/086 Uncommon White Flare Pokemon Reverse Holo NM,Ungraded,4000,,"[""FIXED_PRICE""]",mptrading17,https://i.ebayimg.com/images/g/m94AAeSw2Adqajzv/s-l225.jpg,8a2cce32-ad4f-4468-8a28-8a9ea9653365,9cc8f6b0-2c28-442b-bdd1-11cbd9a4068e,Leavanny,White Flare,89,illustration_rare,NO,SINGLE_CARD,RAW,CARD,INCONSISTENT,,,,Donny,2026-09-14T00:16:56.293749+00:00,,
D4-0279,v1|178413404340|0,https://www.ebay.com/itm/178413404340?_skw=Leavanny+89+White+Flare+Pokemon+card&hash=item298a4480b4:g:-UIAAeSwSUhqgdzk,Leavanny 003/086 Uncommon White Flare Pokemon Reverse Holo Near Mint,Ungraded,4000,,"[""FIXED_PRICE""]",retrorespawnrelics,https://i.ebayimg.com/images/g/-UIAAeSwSUhqgdzk/s-l225.jpg,8a2cce32-ad4f-4468-8a28-8a9ea9653365,9cc8f6b0-2c28-442b-bdd1-11cbd9a4068e,Leavanny,White Flare,89,illustration_rare,NO,SINGLE_CARD,RAW,CARD,INCONSISTENT,,,,Donny,2026-09-14T00:16:57.263094+00:00,,
D4-0280,v1|198604884005|0,https://www.ebay.com/itm/198604884005?_skw=Leavanny+89+White+Flare+Pokemon+card&hash=item2e3dc60825:g:5OcAAeSweY5qk6MX,Leavanny White Flare 003/086 Reverse Holo Pokemon TCG NM,Ungraded,4000,,"[""FIXED_PRICE""]",tinytreasurestcg,https://i.ebayimg.com/images/g/5OcAAeSweY5qk6MX/s-l225.jpg,8a2cce32-ad4f-4468-8a28-8a9ea9653365,9cc8f6b0-2c28-442b-bdd1-11cbd9a4068e,Leavanny,White Flare,89,illustration_rare,NO,SINGLE_CARD,RAW,CARD,INCONSISTENT,,,,Donny,2026-09-14T00:16:58.152660+00:00,,
D4-0281,v1|287545598780|0,https://www.ebay.com/itm/287545598780?_skw=Leavanny+89+White+Flare+Pokemon+card&hash=item42f30da33c:g:Ww8AAeSwpN5qjdoq,LEAVANNY 003/086 UNCOMMON WHITE FLARE POKEMON REVERSE HOLO,Ungraded,4000,,"[""FIXED_PRICE""]",jlag92,https://i.ebayimg.com/images/g/Ww8AAeSwpN5qjdoq/s-l225.jpg,8a2cce32-ad4f-4468-8a28-8a9ea9653365,9cc8f6b0-2c28-442b-bdd1-11cbd9a4068e,Leavanny,White Flare,89,illustration_rare,NO,SINGLE_CARD,RAW,CARD,INCONSISTENT,,,,Donny,2026-09-14T00:16:59.109911+00:00,,
D4-0282,v1|377430433628|0,https://www.ebay.com/itm/377430433628?_skw=Leafeon+ex+144+Prismatic+Evolutions+Pokemon+card&hash=item57e09b5f5c:g:CfUAAeSwXm5qhOPz,2025 Pokémon Prismatic Evolutions Leafeon ex #144 PSA 10 GEM MINT SIR,Graded,2750,,"[""FIXED_PRICE"", ""BEST_OFFER""]",koacollectiblez,https://i.ebayimg.com/images/g/CfUAAeSwXm5qhOPz/s-l225.jpg,966bcb61-bf43-4cd7-8287-42f4bb9fa76d,9d636c4c-055f-4e85-b5ef-64675007d904,Leafeon ex,Prismatic Evolutions,144,special_illustration_rare,NO,SINGLE_CARD,GRADED,CARD,,,,,Donny,2026-09-14T00:17:00.460113+00:00,,
D4-0283,v1|128074386415|0,https://www.ebay.com/itm/128074386415?_skw=Leafeon+ex+144+Prismatic+Evolutions&hash=item1dd1d40bef:g:Ea8AAeSwgkJqpE5q,2025 Pokemon Prismatic Evolutions Leafeon ex #144/131 PSA 10 GEM MINT,Graded,2750,,"[""AUCTION""]",dcsports87,https://i.ebayimg.com/images/g/Ea8AAeSwgkJqpE5q/s-l225.jpg,966bcb61-bf43-4cd7-8287-42f4bb9fa76d,9d636c4c-055f-4e85-b5ef-64675007d904,Leafeon ex,Prismatic Evolutions,144,special_illustration_rare,NO,SINGLE_CARD,GRADED,CARD,,,,,Donny,2026-09-14T00:17:01.052421+00:00,,
D4-0284,v1|366622757280|0,https://www.ebay.com/itm/366622757280?_skw=Leafeon+ex+144+Prismatic+Evolutions&hash=item555c6b51a0:g:n5QAAeSwvSNqifyt,Leafeon EX 144/131 Sv: Prismatic Evolutions Holo,Ungraded,4000,,"[""FIXED_PRICE"", ""BEST_OFFER""]",tashhoug-0,https://i.ebayimg.com/images/g/n5QAAeSwvSNqifyt/s-l225.jpg,966bcb61-bf43-4cd7-8287-42f4bb9fa76d,9d636c4c-055f-4e85-b5ef-64675007d904,Leafeon ex,Prismatic Evolutions,144,special_illustration_rare,YES,SINGLE_CARD,RAW,CARD,,,,,Donny,2026-09-14T00:17:02.686936+00:00,,
D4-0285,v1|366541914586|0,https://www.ebay.com/itm/366541914586?_skw=Leafeon+ex+144+Prismatic+Evolutions+Pokemon+card&hash=item555799c1da:g:LDkAAeSwuZlqVimQ,Leafeon ex 144/131 Sv: Prismatic Evolutions Holo DIY FAN ART,Ungraded,4000,,"[""FIXED_PRICE"", ""BEST_OFFER""]",eggmuffim,https://i.ebayimg.com/images/g/LDkAAeSwuZlqVimQ/s-l225.jpg,966bcb61-bf43-4cd7-8287-42f4bb9fa76d,9d636c4c-055f-4e85-b5ef-64675007d904,Leafeon ex,Prismatic Evolutions,144,special_illustration_rare,YES,SINGLE_CARD,RAW,CARD,,,,,Donny,2026-09-14T00:17:03.779627+00:00,,
D4-0286,v1|318668600376|0,https://www.ebay.com/itm/318668600376?_skw=Leafeon+ex+144+Prismatic+Evolutions+Pokemon+card&hash=item4a3220f438:g:N~MAAeSwAzZqb4HU,Pokémon Leafeon EX Prismatic Evolutions Holo Card 144/131 SV,Ungraded,4000,,"[""FIXED_PRICE"", ""BEST_OFFER""]",dca9559,https://i.ebayimg.com/images/g/N~MAAeSwAzZqb4HU/s-l225.jpg,966bcb61-bf43-4cd7-8287-42f4bb9fa76d,9d636c4c-055f-4e85-b5ef-64675007d904,Leafeon ex,Prismatic Evolutions,144,special_illustration_rare,YES,SINGLE_CARD,RAW,CARD,,,,,Donny,2026-09-14T00:17:04.477522+00:00,,
D4-0287,v1|398042298220|0,https://www.ebay.com/itm/398042298220?_skw=Leafeon+ex+144+Prismatic+Evolutions+Pokemon+card&hash=item5cad2b776c:g:iUQAAeSwhLBqJybl,Leafeon ex Holo Special Illustration Rare SV: Prismatic Evolutions 144/131 NM,Ungraded,4000,,"[""FIXED_PRICE"", ""BEST_OFFER""]",gemtcgstore,https://i.ebayimg.com/images/g/iUQAAeSwhLBqJybl/s-l225.jpg,966bcb61-bf43-4cd7-8287-42f4bb9fa76d,9d636c4c-055f-4e85-b5ef-64675007d904,Leafeon ex,Prismatic Evolutions,144,special_illustration_rare,YES,SINGLE_CARD,RAW,CARD,,,,,Donny,2026-09-14T00:17:05.024404+00:00,,
D4-0288,v1|407203128674|0,https://www.ebay.com/itm/407203128674?_skw=Furret+168+Journey+Together+Pokemon+card&hash=item5ecf32a562:g:UIcAAeSwBEFqoNLd,Furret 168/159 Journey Together Illustration Rare Pokemon TCG,Ungraded,4000,,"[""FIXED_PRICE""]",tcgbattlestore,https://i.ebayimg.com/images/g/UIcAAeSwBEFqoNLd/s-l225.jpg,97165c7e-1d85-4962-807e-5661c2115d7d,b592d276-ceb3-4a5e-90d5-d759808b7da3,Furret,Journey Together,168,illustration_rare,YES,SINGLE_CARD,RAW,CARD,,,,,Donny,2026-09-14T00:17:05.907850+00:00,,
D4-0289,v1|366661168204|0,https://www.ebay.com/itm/366661168204?_skw=Furret+168+Journey+Together+Pokemon+card&hash=item555eb56c4c:g:tvoAAeSwjT1qox33,Furret 168/159 Illustration Rare Journey Together Pokemon Holo Near Mint,Ungraded,4000,,"[""FIXED_PRICE""]",atlascardcompany,https://i.ebayimg.com/images/g/tvoAAeSwjT1qox33/s-l225.jpg,97165c7e-1d85-4962-807e-5661c2115d7d,b592d276-ceb3-4a5e-90d5-d759808b7da3,Furret,Journey Together,168,illustration_rare,YES,SINGLE_CARD,RAW,CARD,,,,,Donny,2026-09-14T00:17:06.415052+00:00,,
D4-0290,v1|327355750573|0,https://www.ebay.com/itm/327355750573?_skw=Furret+168+Journey+Together+Pokemon+card&hash=item4c37ec58ad:g:uX4AAeSwx6lqpiji,Furret 168/159 Journey Together Illustration Rare Holofoil Near Mint Pokemon TCG,Ungraded,4000,,"[""FIXED_PRICE""]",kamextcg,https://i.ebayimg.com/images/g/uX4AAeSwx6lqpiji/s-l225.jpg,97165c7e-1d85-4962-807e-5661c2115d7d,b592d276-ceb3-4a5e-90d5-d759808b7da3,Furret,Journey Together,168,illustration_rare,YES,SINGLE_CARD,RAW,CARD,,,,,Donny,2026-09-14T00:17:07.008644+00:00,,
D4-0291,v1|128076631803|0,https://www.ebay.com/itm/128076631803?_skw=Furret+168+Journey+Together&hash=item1dd1f64efb:g:N38AAeSwmuBqphGf,Pokémon TCG Furret 168/159 Sv09 Journey Together Illus Rare Holo Full Art EN,Ungraded,4000,,"[""FIXED_PRICE"", ""BEST_OFFER""]",c0uchpotat,https://i.ebayimg.com/images/g/N38AAeSwmuBqphGf/s-l225.jpg,97165c7e-1d85-4962-807e-5661c2115d7d,b592d276-ceb3-4a5e-90d5-d759808b7da3,Furret,Journey Together,168,illustration_rare,YES,SINGLE_CARD,RAW,CARD,,,,,Donny,2026-09-14T00:17:07.699843+00:00,,
D4-0292,v1|167789064563|0,https://www.ebay.com/itm/167789064563?_skw=Furret+168+Journey+Together+Pokemon+card&hash=item271101f173:g:x8gAAeSwfpJo2cM8&amdata=enc%3AAQALAAABAACCtXRWQnOEpyOqnQQ8KGYBTiBmJrfqk3FZbfowJGh2%2Bq8mbgSvn5B%2FWnFI7QFaNdjN3ktoGZ%2FPq%2BK8LXxoCrKA1UNGyiP%2Fc2EUuOAGy6UL0ySPMWFSKWwA8Z6ycv%2Fvenjrw%2BotOIClJzw1F5r%2B5QhDCzhvg1l2X%2FkervE7IOXvc0SoBp8j6Je8S3EpzA6apFII0c48ezKJTJvSJSI%2FqpSPeFFlvb%2B4wHBk9JCPk61FVgufjA3RupxVcPSbUkaXt74ruNiKNVhkP7bWteAldf6J4MzdRtvig4JE37ysgLpu9lJ12qTx6FcIZYwtGuqLmlGy0q%2B8lmUSpKFOyU8gVjI%3D,2025 Furret IR Pokemon TCG Scarlet and Violet Journey Together,Graded,2750,,"[""FIXED_PRICE""]",leplayco.25,https://i.ebayimg.com/images/g/x8gAAeSwfpJo2cM8/s-l225.jpg,97165c7e-1d85-4962-807e-5661c2115d7d,b592d276-ceb3-4a5e-90d5-d759808b7da3,Furret,Journey Together,168,illustration_rare,NO,SINGLE_CARD,GRADED,CARD,,,,,Donny,2026-09-14T00:17:08.926369+00:00,,
D4-0293,v1|366589041382|0,https://www.ebay.com/itm/366589041382?_skw=Furret+168+Journey+Together+Pokemon+card&hash=item555a68dae6:g:bKkAAeSw86Vqc7lM,Furret 168/159 Illustration Rare Journey Together Pokemon Card Holo NM,Ungraded,4000,,"[""FIXED_PRICE"", ""BEST_OFFER""]",sc629447,https://i.ebayimg.com/images/g/bKkAAeSw86Vqc7lM/s-l225.jpg,97165c7e-1d85-4962-807e-5661c2115d7d,b592d276-ceb3-4a5e-90d5-d759808b7da3,Furret,Journey Together,168,illustration_rare,YES,SINGLE_CARD,RAW,CARD,,,,,Donny,2026-09-14T00:17:09.879782+00:00,,
D4-0294,v1|407190698673|0,https://www.ebay.com/itm/407190698673?_skw=Mega+Feraligatr+ex+274+Ascended+Heroes+Pokemon+card&hash=item5ece74fab1:g:GxgAAeSwiTNqmaeg,Mega Feraligatr ex - 274/217 - ME: Ascended Heroes (ASC) Pokemon,Ungraded,4000,,"[""FIXED_PRICE"", ""BEST_OFFER""]",shoboxxsportscards,https://i.ebayimg.com/images/g/GxgAAeSwiTNqmaeg/s-l225.jpg,9f323989-e972-4a9e-9e7b-3166e85d0690,0f3466bf-92b1-4d3d-913b-181fcec68996,Mega Feraligatr ex,Ascended Heroes,274,special_illustration_rare,YES,SINGLE_CARD,RAW,CARD,,,,,Donny,2026-09-14T00:17:10.461349+00:00,,
D4-0295,v1|198614069759|0,https://www.ebay.com/itm/198614069759?_skw=Mega+Feraligatr+ex+274+Ascended+Heroes+Pokemon+card&hash=item2e3e5231ff:g:PY4AAeSwU~lqkkzZ,Mega Feraligatr ex 274/217 Me: Ascended Heroes Holo Perfect Condition Mint 💎,Ungraded,4000,,"[""FIXED_PRICE"", ""BEST_OFFER""]",host8518,https://i.ebayimg.com/images/g/PY4AAeSwU~lqkkzZ/s-l225.jpg,9f323989-e972-4a9e-9e7b-3166e85d0690,0f3466bf-92b1-4d3d-913b-181fcec68996,Mega Feraligatr ex,Ascended Heroes,274,special_illustration_rare,YES,SINGLE_CARD,RAW,CARD,,,,,Donny,2026-09-14T00:17:10.980934+00:00,,
D4-0296,v1|158243727830|0,https://www.ebay.com/itm/158243727830?_skw=Mega+Feraligatr+ex+274+Ascended+Heroes+Pokemon+card&hash=item24d80fa9d6:g:GVEAAeSwYtNqldf7,Pokémon TCG Mega Feraligatr EX 274/217 SIR Ascended Heroes NM Condition,Ungraded,4000,,"[""FIXED_PRICE"", ""BEST_OFFER""]",destin_collections,https://i.ebayimg.com/images/g/GVEAAeSwYtNqldf7/s-l225.jpg,9f323989-e972-4a9e-9e7b-3166e85d0690,0f3466bf-92b1-4d3d-913b-181fcec68996,Mega Feraligatr ex,Ascended Heroes,274,special_illustration_rare,YES,SINGLE_CARD,RAW,CARD,,,,,Donny,2026-09-14T00:17:11.526942+00:00,,
D4-0297,v1|178402076486|0,https://www.ebay.com/itm/178402076486?_skw=Mega+Feraligatr+ex+274+Ascended+Heroes+Pokemon+card&hash=item298997a746:g:BtQAAeSw1yVqfWba,2026 POKEMON ASC EN-ASCENDED HEROES #274 MEGA FERALIGATR EX PSA 10,Graded,2750,,"[""FIXED_PRICE""]",7400tcg,https://i.ebayimg.com/images/g/BtQAAeSw1yVqfWba/s-l225.jpg,9f323989-e972-4a9e-9e7b-3166e85d0690,0f3466bf-92b1-4d3d-913b-181fcec68996,Mega Feraligatr ex,Ascended Heroes,274,special_illustration_rare,NO,SINGLE_CARD,GRADED,CARD,,,,,Donny,2026-09-14T00:17:12.448910+00:00,,
D4-0298,v1|178451002408|0,https://www.ebay.com/itm/178451002408?_skw=Mega+Feraligatr+ex+274+Ascended+Heroes&hash=item298c823428:g:XHUAAeSwKX9qkzxc&amdata=enc%3AAQALAAABAACCtXRWQnOEpyOqnQQ8KGbz1s%2B4aGX0zQb68mfuznbHRdZRLsvsJFZ6xSO2p%2BvlLbu1xEOciTF9b1WgzFZ3O8P0sOa4Lig2SRmSzQw7SAmSRcbdT51DX9SfKhyYcNi7%2FAAAKPT79bVnWvgufbDyP3xG46PLUZ71LMNVJ4gccahGNH4JR2dMAF9EbGMixgj9CyjVFVYWcsCoLrvgIyWO20tgw5ylnDWPBIq9jssn2abkMmrXzjwbWmz2OnQMfliakGiqVvQE421JPvQ%2BrKa51LLP7CkrMq20PHBnT7lqt6fYIs4ogklyRsEI2eOtvTlEPcrgJyqah0gq784CySLumTg%3D,Mega Feraligatr ex 274/217 Me: Ascended Heroes Holo Perfect Condition Mint 💎,Ungraded,4000,,"[""FIXED_PRICE"", ""BEST_OFFER""]",nichcoch-12,https://i.ebayimg.com/images/g/XHUAAeSwKX9qkzxc/s-l225.jpg,9f323989-e972-4a9e-9e7b-3166e85d0690,0f3466bf-92b1-4d3d-913b-181fcec68996,Mega Feraligatr ex,Ascended Heroes,274,special_illustration_rare,YES,SINGLE_CARD,RAW,CARD,,,,,Donny,2026-09-14T00:17:13.301765+00:00,,
D4-0299,v1|158086724950|0,https://www.ebay.com/itm/158086724950?_skw=Mega+Feraligatr+ex+274+Ascended+Heroes&hash=item24ceb3fd56:g:0kIAAeSw95xqP0jj&amdata=enc%3AAQALAAABAACCtXRWQnOEpyOqnQQ8KGYzKupYeSnVVdREdp5qqWOGmDiKkNjiTUWMHkJx8etZdDxk3v%2FVYlMrcoYmc0wQ%2FxqnU5fq45IpF0QJDqSNBbGYE7giPfUgGMNJwX3TwEhvXDPZISos%2FGgVSUf2GvHnQqPwrsBIm2m3sEVrxDv0QO9D%2BA3BKqrjptLVfuCmuvg5rCY5vGtkCfxD7BhMipYBWxriSpm0WhEKHeu6ceIn1Hy0zJ2MlCn2jnYis71%2FAQYQeQjmb%2B8FpXGN3lSSgu4iUNu4TDzyVUfK2gV%2FmVQ4K6w2CRJ4ZLqu84j5Kyp8%2FxZA791Mm4icbwTkEmDTrYvuIrM%3D,2026 Mega Feraligatr ex 274/217 Ascended Heroes NM,Ungraded,4000,,"[""FIXED_PRICE""]",chasing_cards15,https://i.ebayimg.com/images/g/0kIAAeSw95xqP0jj/s-l225.jpg,9f323989-e972-4a9e-9e7b-3166e85d0690,0f3466bf-92b1-4d3d-913b-181fcec68996,Mega Feraligatr ex,Ascended Heroes,274,special_illustration_rare,YES,SINGLE_CARD,RAW,CARD,,,,,Donny,2026-09-14T00:17:14.345159+00:00,,
D4-0300,v1|307004429818|0,https://www.ebay.com/itm/307004429818?_skw=Pikachu+ex+247+Surging+Sparks+Pokemon+card&hash=item477ae3d5fa:g:XJMAAeSw~DVqMHUw,Pikachu ex 247/191 Sv08: Surging Sparks Holo - Hyper Rare,Ungraded,4000,,"[""FIXED_PRICE"", ""BEST_OFFER""]",fdec190,https://i.ebayimg.com/images/g/XJMAAeSw~DVqMHUw/s-l225.jpg,a3d56338-1f3f-4b99-8920-5d71b8b85737,66f1f173-3a34-44b4-95a3-d0031fa9d3ee,Pikachu ex,Surging Sparks,247,hyper_rare_gold,YES,SINGLE_CARD,RAW,CARD,,,,,Donny,2026-09-14T00:17:15.378485+00:00,,
D4-0301,v1|237064065612|0,https://www.ebay.com/itm/237064065612?_skw=Pikachu+ex+247+Surging+Sparks+Pokemon+card&hash=item37321e924c:g:QpMAAeSw6BlqpNg~,Pikachu ex 247/191 Surging Sparks Gold Hyper Rare PSA 10 Pokemon,Graded,2750,,"[""FIXED_PRICE"", ""BEST_OFFER""]",jere-9909,https://i.ebayimg.com/images/g/QpMAAeSw6BlqpNg~/s-l225.jpg,a3d56338-1f3f-4b99-8920-5d71b8b85737,66f1f173-3a34-44b4-95a3-d0031fa9d3ee,Pikachu ex,Surging Sparks,247,hyper_rare_gold,NO,SINGLE_CARD,GRADED,CARD,,,,,Donny,2026-09-14T00:17:17.280070+00:00,,
D4-0302,v1|398342389958|0,https://www.ebay.com/itm/398342389958?_skw=Pikachu+ex+247+Surging+Sparks+Pokemon+card&hash=item5cbf0e80c6:g:FfgAAeSwGflqlQpF,Pokemon PIKACHU EX 247/191 SURGING SPARKS Holo,Ungraded,4000,,"[""FIXED_PRICE""]",gmansdream,https://i.ebayimg.com/images/g/FfgAAeSwGflqlQpF/s-l225.jpg,a3d56338-1f3f-4b99-8920-5d71b8b85737,66f1f173-3a34-44b4-95a3-d0031fa9d3ee,Pikachu ex,Surging Sparks,247,hyper_rare_gold,YES,SINGLE_CARD,RAW,CARD,,,,,Donny,2026-09-14T00:17:18.065983+00:00,,
D4-0303,v1|820108545272|0,https://www.ebay.com/itm/820108545272?_skw=Pikachu+ex+247+Surging+Sparks+Pokemon+card&hash=itembef2474cf8:g:qHUAAeSw3mhqogOI,Pokémon TCG SV08 Surging Sparks Pikachu EX Hyper Rare Gold Holo Card 247/191,Ungraded,4000,,"[""FIXED_PRICE""]",big-boys-closet,https://i.ebayimg.com/images/g/qHUAAeSw3mhqogOI/s-l225.jpg,a3d56338-1f3f-4b99-8920-5d71b8b85737,66f1f173-3a34-44b4-95a3-d0031fa9d3ee,Pikachu ex,Surging Sparks,247,hyper_rare_gold,YES,SINGLE_CARD,RAW,CARD,,,,,Donny,2026-09-14T00:17:19.457472+00:00,,
D4-0304,v1|389946082998|0,https://www.ebay.com/itm/389946082998?_skw=Pikachu+ex+247+Surging+Sparks+Pokemon+card&hash=item5aca9906b6:g:2zEAAeSwur5p8AJ7,PSA 9 Pokemon Pikachu ex 247/191 HYPER RARE Holo SV08: Surging Sparks TCG Card,Graded,2750,,"[""FIXED_PRICE"", ""BEST_OFFER""]",mallard88,https://i.ebayimg.com/images/g/2zEAAeSwur5p8AJ7/s-l225.jpg,a3d56338-1f3f-4b99-8920-5d71b8b85737,66f1f173-3a34-44b4-95a3-d0031fa9d3ee,Pikachu ex,Surging Sparks,247,hyper_rare_gold,NO,SINGLE_CARD,GRADED,CARD,,,,,Donny,2026-09-14T00:17:20.487305+00:00,,
D4-0305,v1|227483003310|0,https://www.ebay.com/itm/227483003310?_skw=Pikachu+ex+247+Surging+Sparks+Pokemon+card&hash=item34f70b29ae:g:qGUAAeSwS3BqhgX3,Pokemon - Pikachu ex 247/191 Hyper Rare Surging Sparks NM,Ungraded,4000,,"[""FIXED_PRICE""]",gymleaderjayyy,https://i.ebayimg.com/images/g/qGUAAeSwS3BqhgX3/s-l225.jpg,a3d56338-1f3f-4b99-8920-5d71b8b85737,66f1f173-3a34-44b4-95a3-d0031fa9d3ee,Pikachu ex,Surging Sparks,247,hyper_rare_gold,YES,SINGLE_CARD,RAW,CARD,,,,,Donny,2026-09-14T00:17:21.093030+00:00,,
D4-0306,v1|366526825888|0,https://www.ebay.com/itm/366526825888?_skw=Dragapult+ex+165+Prismatic+Evolutions+Pokemon+card&hash=item5556b385a0:g:4AwAAeSwoZlqTFjM,Dragapult ex - 165/131 - Pokemon Prismatic Evolutions Special Illustration NM,Ungraded,4000,,"[""FIXED_PRICE""]",etp206,https://i.ebayimg.com/images/g/4AwAAeSwoZlqTFjM/s-l225.jpg,a6969678-b361-4b27-bee3-e3cdc127a5e4,bb6ebfa8-886c-4b5c-822a-7431870bb339,Dragapult ex,Prismatic Evolutions,165,special_illustration_rare,YES,SINGLE_CARD,RAW,CARD,,,,,Donny,2026-09-14T00:17:21.966978+00:00,,
D4-0307,v1|377474474607|0,https://www.ebay.com/itm/377474474607?_skw=Dragapult+ex+165+Prismatic+Evolutions&hash=item57e33b626f:g:V5YAAeSwx0ZqnMMY,Dragapult ex 165/131 Sv: Prismatic Evolutions Holo,Ungraded,4000,,"[""FIXED_PRICE""]",pok3smith,https://i.ebayimg.com/images/g/V5YAAeSwx0ZqnMMY/s-l225.jpg,a6969678-b361-4b27-bee3-e3cdc127a5e4,bb6ebfa8-886c-4b5c-822a-7431870bb339,Dragapult ex,Prismatic Evolutions,165,special_illustration_rare,YES,SINGLE_CARD,RAW,CARD,,,,,Donny,2026-09-14T00:17:22.539405+00:00,,
D4-0308,v1|407058817517|0,https://www.ebay.com/itm/407058817517?_skw=Dragapult+ex+165+Prismatic+Evolutions+Pokemon+card&hash=item5ec698a1ed:g:-bEAAeSwH3JqTmyM,Dragapult ex 165/131 Prismatic Evolutions Pokemon Holo NM,Ungraded,4000,,"[""FIXED_PRICE"", ""BEST_OFFER""]",corgsandcards95,https://i.ebayimg.com/images/g/-bEAAeSwH3JqTmyM/s-l225.jpg,a6969678-b361-4b27-bee3-e3cdc127a5e4,bb6ebfa8-886c-4b5c-822a-7431870bb339,Dragapult ex,Prismatic Evolutions,165,special_illustration_rare,YES,SINGLE_CARD,RAW,CARD,,,,,Donny,2026-09-14T00:17:22.952857+00:00,,
D4-0309,v1|366666804348|0,https://www.ebay.com/itm/366666804348?_skw=Dragapult+ex+165+Prismatic+Evolutions+Pokemon+card&hash=item555f0b6c7c:g:GccAAeSw-KZqpuBa,Dragapult ex 165/131 Sv: Prismatic Evolutions Holo,Ungraded,4000,,"[""FIXED_PRICE"", ""BEST_OFFER""]",cojo-8536,https://i.ebayimg.com/images/g/GccAAeSw-KZqpuBa/s-l225.jpg,a6969678-b361-4b27-bee3-e3cdc127a5e4,bb6ebfa8-886c-4b5c-822a-7431870bb339,Dragapult ex,Prismatic Evolutions,165,special_illustration_rare,YES,SINGLE_CARD,RAW,CARD,,,,,Donny,2026-09-14T00:17:23.390963+00:00,,
D4-0310,v1|800638147114|0,https://www.ebay.com/itm/800638147114?_skw=Dragapult+ex+165+Prismatic+Evolutions+Pokemon+card&hash=itemba69c09a2a:g:f7wAAeSwTy1qofGA&amdata=enc%3AAQALAAABEACCtXRWQnOEpyOqnQQ8KGYKHGbNcuZXuj8fH1zPydTC8YXBDyicnQf5BNYQ55gi%2BdhXZsmRuRH3fFoNP9kGAdsihWiC7D3Sco594er4ltZpMswz%2BoyDv8DyTGUE3bi8nWXLQ3xAQs8tanHFBnE9iAPhh6gZ3aHMwzJ9RZz%2BEoIlu4dZx62%2F82z%2FlUIPHZEXspT9tuGWS4qEk4tNlp761YlTGaubo2Kf1c3p7vRxWVT2%2BH6LvTl3eDpSIewsK5O8NWamsAidHLyay5PvpJQ6oLni8F7nOLDjAQEhORPdsDQmXLx89iZiSj6coUhfrcUvxxqJM27wV8y9hoI4G6EoDZD2MUUJmu4ngtpcNzMJpogG,Pokemon TCG SV Prismatic Evolutions Dragapult ex 165/131 Full Art Holo 320 HP EN,Ungraded,4000,,"[""FIXED_PRICE"", ""BEST_OFFER""]",crgonz_18,https://i.ebayimg.com/images/g/f7wAAeSwTy1qofGA/s-l225.jpg,a6969678-b361-4b27-bee3-e3cdc127a5e4,bb6ebfa8-886c-4b5c-822a-7431870bb339,Dragapult ex,Prismatic Evolutions,165,special_illustration_rare,YES,SINGLE_CARD,RAW,CARD,,,,,Donny,2026-09-14T00:17:23.954570+00:00,,
D4-0311,v1|307134420180|0,https://www.ebay.com/itm/307134420180?_skw=Dragapult+ex+165+Prismatic+Evolutions&hash=item4782a354d4:g:VNEAAeSw8rhqhQtg,2025 POKEMON PRE EN-PRISMATIC EVOLUTIONS #165 DRAGAPULT EX PSA 9,Graded,2750,,"[""FIXED_PRICE""]",psa,https://i.ebayimg.com/images/g/VNEAAeSw8rhqhQtg/s-l225.jpg,a6969678-b361-4b27-bee3-e3cdc127a5e4,bb6ebfa8-886c-4b5c-822a-7431870bb339,Dragapult ex,Prismatic Evolutions,165,special_illustration_rare,NO,SINGLE_CARD,GRADED,CARD,,,,,Donny,2026-09-14T00:17:25.684911+00:00,,
D4-0312,v1|188718707682|0,https://www.ebay.com/itm/188718707682?_skw=Spidops+ex+243+Scarlet+and+Violet+Base+Set&hash=item2bf082f3e2:g:kdsAAeSwPAZqa8E1,Spidops ex Special Illustration Rare SV01: Scarlet & Violet Base Set 243/198 LP,Ungraded,4000,,"[""FIXED_PRICE""]",dirk_diglett,https://i.ebayimg.com/images/g/kdsAAeSwPAZqa8E1/s-l225.jpg,a922341e-4646-470b-95cf-2a59055b18ce,2bf9f356-230d-42e8-99e7-0b10161b9392,Spidops ex,Scarlet and Violet Base Set,243,special_illustration_rare,YES,SINGLE_CARD,RAW,CARD,,,,,Donny,2026-09-14T00:17:26.657780+00:00,,
D4-0313,v1|147463050568|0,https://www.ebay.com/itm/147463050568?_skw=Spidops+ex+243+Scarlet+and+Violet+Base+Set+Pokemon+card&hash=item22557b9548:g:TbEAAeSwBEtqZpAw,Spidops ex Scarlet & Violet Base Set SVI 019/198 NM Holofoil Pokemon Card,Ungraded,4000,,"[""FIXED_PRICE""]",coastalglowtradingcards,https://i.ebayimg.com/images/g/TbEAAeSwBEtqZpAw/s-l225.jpg,a922341e-4646-470b-95cf-2a59055b18ce,2bf9f356-230d-42e8-99e7-0b10161b9392,Spidops ex,Scarlet and Violet Base Set,243,special_illustration_rare,NO,SINGLE_CARD,RAW,CARD,INCONSISTENT,,,,Donny,2026-09-14T00:17:27.518265+00:00,,
D4-0314,v1|377485370418|0,https://www.ebay.com/itm/377485370418?_skw=Spidops+ex+243+Scarlet+and+Violet+Base+Set+Pokemon+card&hash=item57e3e1a432:g:1BwAAeSw14xqoiPj,Spidops ex 019/198 SV01: Scarlet & Violet Base Set Holo,Ungraded,4000,,"[""FIXED_PRICE""]",coopdevi_27,https://i.ebayimg.com/images/g/1BwAAeSw14xqoiPj/s-l225.jpg,a922341e-4646-470b-95cf-2a59055b18ce,2bf9f356-230d-42e8-99e7-0b10161b9392,Spidops ex,Scarlet and Violet Base Set,243,special_illustration_rare,NO,SINGLE_CARD,RAW,CARD,INCONSISTENT,,,,Donny,2026-09-14T00:17:28.504077+00:00,,
D4-0315,v1|188905466527|0,https://www.ebay.com/itm/188905466527?_skw=Spidops+ex+243+Scarlet+and+Violet+Base+Set+Pokemon+card&hash=item2bfba4aa9f:g:gcsAAeSwGDRqoI5B,Spidops ex 243/198 SV01: Scarlet & Violet Base Set Pokemon Card NM,Ungraded,4000,,"[""FIXED_PRICE""]",shopaholic_forever8,https://i.ebayimg.com/images/g/gcsAAeSwGDRqoI5B/s-l225.jpg,a922341e-4646-470b-95cf-2a59055b18ce,2bf9f356-230d-42e8-99e7-0b10161b9392,Spidops ex,Scarlet and Violet Base Set,243,special_illustration_rare,YES,SINGLE_CARD,RAW,CARD,,,,,Donny,2026-09-14T00:17:29.374498+00:00,,
D4-0316,v1|256873403901|0,https://www.ebay.com/itm/256873403901?_skw=Spidops+ex+243+Scarlet+and+Violet+Base+Set&hash=item3bced915fd:g:528AAeSwA09n5gVq,Spidops ex 243/198 Sv01: Scarlet & Violet Base Set Holo,Ungraded,4000,,"[""FIXED_PRICE"", ""BEST_OFFER""]",estey86,https://i.ebayimg.com/images/g/528AAeSwA09n5gVq/s-l225.jpg,a922341e-4646-470b-95cf-2a59055b18ce,2bf9f356-230d-42e8-99e7-0b10161b9392,Spidops ex,Scarlet and Violet Base Set,243,special_illustration_rare,YES,SINGLE_CARD,RAW,CARD,,,,,Donny,2026-09-14T00:17:30.055076+00:00,,
D4-0317,v1|137732935875|0,https://www.ebay.com/itm/137732935875?_skw=Spidops+ex+243+Scarlet+and+Violet+Base+Set+Pokemon+card&hash=item201185d0c3:g:-xYAAeSwN1lqptXF,Spidops ex Holo Double Rare SV01: Scarlet & Violet Base Set 019/198 NM,Ungraded,4000,,"[""FIXED_PRICE""]",john445566,https://i.ebayimg.com/images/g/-xYAAeSwN1lqptXF/s-l225.jpg,a922341e-4646-470b-95cf-2a59055b18ce,2bf9f356-230d-42e8-99e7-0b10161b9392,Spidops ex,Scarlet and Violet Base Set,243,special_illustration_rare,NO,SINGLE_CARD,RAW,CARD,INCONSISTENT,,,,Donny,2026-09-14T00:17:31.053093+00:00,,
D4-0318,v1|168684951334|0,https://www.ebay.com/itm/168684951334?_skw=Jolteon+ex+153+Prismatic+Evolutions&hash=item2746681726:g:fRoAAeSwH-Bqpj49,2025 POKEMON PRE EN-PRISMATIC EVOLUTIONS #153 JOLTEON EX PSA 9,Graded,2750,,"[""FIXED_PRICE""]",pokeradtcg,https://i.ebayimg.com/images/g/fRoAAeSwH-Bqpj49/s-l225.jpg,ae4a6acb-3a88-4547-a165-7a617bfb2ce8,cd7798fe-711e-4cad-a015-7139b3d49bf6,Jolteon ex,Prismatic Evolutions,153,special_illustration_rare,NO,SINGLE_CARD,GRADED,CARD,,,,,Donny,2026-09-14T00:17:32.394624+00:00,,
D4-0319,v1|226827992687|0,https://www.ebay.com/itm/226827992687?_skw=Jolteon+ex+153+Prismatic+Evolutions+Pokemon+card&hash=item34d0007e6f:g:3PYAAeSwHaxoV391,Jolteon ex 153/131 Prismatic Evolutions Holo,Ungraded,4000,,"[""FIXED_PRICE"", ""BEST_OFFER""]",dgar7032,https://i.ebayimg.com/images/g/3PYAAeSwHaxoV391/s-l225.jpg,ae4a6acb-3a88-4547-a165-7a617bfb2ce8,cd7798fe-711e-4cad-a015-7139b3d49bf6,Jolteon ex,Prismatic Evolutions,153,special_illustration_rare,YES,SINGLE_CARD,RAW,CARD,,,,,Donny,2026-09-14T00:17:33.657219+00:00,,
D4-0320,v1|178479803415|0,https://www.ebay.com/itm/178479803415?_skw=Jolteon+ex+153+Prismatic+Evolutions&hash=item298e39ac17:g:koIAAeSwXfNqoFAK,2025 POKEMON PRE EN-PRISMATIC EVOLUTIONS #153 JOLTEON EX SIR PSA 9,Graded,2750,,"[""AUCTION""]",alphawolfsportscards,https://i.ebayimg.com/images/g/koIAAeSwXfNqoFAK/s-l225.jpg,ae4a6acb-3a88-4547-a165-7a617bfb2ce8,cd7798fe-711e-4cad-a015-7139b3d49bf6,Jolteon ex,Prismatic Evolutions,153,special_illustration_rare,NO,SINGLE_CARD,GRADED,CARD,,,,,Donny,2026-09-14T00:17:35.867890+00:00,,
D4-0321,v1|168648965319|0,https://www.ebay.com/itm/168648965319?_skw=Jolteon+ex+153+Prismatic+Evolutions+Pokemon+card&hash=item274442fcc7:g:g3YAAeSwuQVqk06o,Pokémon TCG Jolteon EX 153/131 Prismatic Evolutions S&V,Ungraded,4000,,"[""FIXED_PRICE"", ""BEST_OFFER""]",fastj13,https://i.ebayimg.com/images/g/g3YAAeSwuQVqk06o/s-l225.jpg,ae4a6acb-3a88-4547-a165-7a617bfb2ce8,cd7798fe-711e-4cad-a015-7139b3d49bf6,Jolteon ex,Prismatic Evolutions,153,special_illustration_rare,YES,SINGLE_CARD,RAW,CARD,,,,,Donny,2026-09-14T00:17:36.505062+00:00,,
D4-0322,v1|307058660593|0,https://www.ebay.com/itm/307058660593?_skw=Jolteon+ex+153+Prismatic+Evolutions&hash=item477e1f54f1:g:uywAAeSw1~1qQy-x,2025 POKEMON PRE EN-PRISMATIC EVOLUTIONS #153 JOLTEON EX PSA 9,Graded,2750,,"[""FIXED_PRICE""]",psa,https://i.ebayimg.com/images/g/uywAAeSw1~1qQy-x/s-l225.jpg,ae4a6acb-3a88-4547-a165-7a617bfb2ce8,cd7798fe-711e-4cad-a015-7139b3d49bf6,Jolteon ex,Prismatic Evolutions,153,special_illustration_rare,NO,SINGLE_CARD,GRADED,CARD,,,,,Donny,2026-09-14T00:17:39.602893+00:00,,
D4-0323,v1|336769837732|0,https://www.ebay.com/itm/336769837732?_skw=Jolteon+ex+153+Prismatic+Evolutions+Pokemon+card&hash=item4e690beaa4:g:hVIAAeSwv9NqlFyZ,Jolteon EX 153/131 Sv: Prismatic Evolutions Holo SIR Lightly Played Pokemon Card,Ungraded,4000,,"[""FIXED_PRICE"", ""BEST_OFFER""]",yumebuni,https://i.ebayimg.com/images/g/hVIAAeSwv9NqlFyZ/s-l225.jpg,ae4a6acb-3a88-4547-a165-7a617bfb2ce8,cd7798fe-711e-4cad-a015-7139b3d49bf6,Jolteon ex,Prismatic Evolutions,153,special_illustration_rare,YES,SINGLE_CARD,RAW,CARD,,,,,Donny,2026-09-14T00:17:43.062838+00:00,,
D4-0324,v1|297811946249|0,https://www.ebay.com/itm/297811946249?_skw=Archeops+132+White+Flare&hash=item4556f9ab09:g:A94AAeSwRohpLuZd,2025 POKEMON WHT EN-WHITE FLARE ILLUSTRATION RARE #132 ARCHEOPS PSA 8,Graded,2750,,"[""FIXED_PRICE"", ""BEST_OFFER""]",psa,https://i.ebayimg.com/images/g/A94AAeSwRohpLuZd/s-l225.jpg,b3020b76-9ff0-449a-85b8-924878fa0e8b,b70cd4ec-81c4-4e81-a677-901a43af62d9,Archeops,White Flare,132,illustration_rare,NO,SINGLE_CARD,GRADED,CARD,,,,,Donny,2026-09-14T00:17:44.485211+00:00,,
D4-0325,v1|820088515829|0,https://www.ebay.com/itm/820088515829?_skw=Archeops+132+White+Flare&hash=itembef115acf5:g:3usAAeSwehZqm0XL,ACE 10   - Archeops - 132/086 - White Flare - Pokemon Illustration Rare English,Graded,2750,,"[""FIXED_PRICE""]",vivians-collectibles,https://i.ebayimg.com/images/g/3usAAeSwehZqm0XL/s-l225.jpg,b3020b76-9ff0-449a-85b8-924878fa0e8b,b70cd4ec-81c4-4e81-a677-901a43af62d9,Archeops,White Flare,132,illustration_rare,NO,SINGLE_CARD,GRADED,CARD,,,,,Donny,2026-09-14T00:17:45.357702+00:00,,
D4-0326,v1|377466829000|0,https://www.ebay.com/itm/377466829000?_skw=Archeops+132+White+Flare+Pokemon+card&hash=item57e2c6b8c8:g:BCgAAeSwiIVqmO1J,"Archeops | SV: White Flare (2025) | 132 | Illustration Rare, Holo | NM",Ungraded,4000,,"[""FIXED_PRICE"", ""BEST_OFFER""]",jdpatterson1013,https://i.ebayimg.com/images/g/BCgAAeSwiIVqmO1J/s-l225.jpg,b3020b76-9ff0-449a-85b8-924878fa0e8b,b70cd4ec-81c4-4e81-a677-901a43af62d9,Archeops,White Flare,132,illustration_rare,YES,SINGLE_CARD,RAW,CARD,,,,,Donny,2026-09-14T00:17:46.542425+00:00,,
D4-0327,v1|227406280510|0,https://www.ebay.com/itm/227406280510?_skw=Archeops+132+White+Flare+Pokemon+card&hash=item34f278773e:g:Z4UAAeSwfgZqQECK,Archeops 132/086 White Flare English Holo Card Near Mint Condition,Ungraded,4000,,"[""FIXED_PRICE""]",themanhim_24,https://i.ebayimg.com/images/g/Z4UAAeSwfgZqQECK/s-l225.jpg,b3020b76-9ff0-449a-85b8-924878fa0e8b,b70cd4ec-81c4-4e81-a677-901a43af62d9,Archeops,White Flare,132,illustration_rare,YES,SINGLE_CARD,RAW,CARD,,,,,Donny,2026-09-14T00:17:48.775480+00:00,,
D4-0328,v1|297606142758|0,https://www.ebay.com/itm/297606142758?_skw=Archeops+132+White+Flare+Pokemon+card&hash=item454ab55b26:g:HtoAAeSwjB5oxA8o,SV: White Flare #132/086 Archeops,Ungraded,4000,,"[""FIXED_PRICE"", ""BEST_OFFER""]",br_458843,https://i.ebayimg.com/images/g/HtoAAeSwjB5oxA8o/s-l225.jpg,b3020b76-9ff0-449a-85b8-924878fa0e8b,b70cd4ec-81c4-4e81-a677-901a43af62d9,Archeops,White Flare,132,illustration_rare,YES,SINGLE_CARD,RAW,CARD,,,,,Donny,2026-09-14T00:17:49.375790+00:00,,
D4-0329,v1|398062409544|0,https://www.ebay.com/itm/398062409544?_skw=Archeops+132+White+Flare+Pokemon+card&hash=item5cae5e5748:g:X4wAAeSw1-hqLgxU,Archeops Illustration Holo Rare SV: White Flare 132/086 Near Mint,Ungraded,4000,,"[""FIXED_PRICE"", ""BEST_OFFER""]",kings.cards,https://i.ebayimg.com/images/g/X4wAAeSw1-hqLgxU/s-l225.jpg,b3020b76-9ff0-449a-85b8-924878fa0e8b,b70cd4ec-81c4-4e81-a677-901a43af62d9,Archeops,White Flare,132,illustration_rare,YES,SINGLE_CARD,RAW,CARD,,,,,Donny,2026-09-14T00:17:50.029940+00:00,,
D4-0330,v1|327310781165|0,https://www.ebay.com/itm/327310781165?_skw=Team+Rocket%27s+Giovanni+225+Destined+Rivals&hash=item4c353e2aed:g:ClMAAeSwyShqf7YR,Pokémon TCG-Team Rocket’s Giovanni 225/182 Ultra Rare Full Art- Destined Rivals ,Ungraded,4000,,"[""FIXED_PRICE"", ""BEST_OFFER""]",bjpoin_23,https://i.ebayimg.com/images/g/ClMAAeSwyShqf7YR/s-l225.jpg,b547c5c3-7082-4a7f-9290-3d569b91b462,2c272732-fdb3-4639-aa6b-ea9fa3ad9c24,Team Rocket's Giovanni,Destined Rivals,225,ultra_rare,YES,SINGLE_CARD,RAW,CARD,,,,,Donny,2026-09-14T00:17:51.889461+00:00,,
D4-0331,v1|820047007007|0,https://www.ebay.com/itm/820047007007?_skw=Team+Rocket%27s+Giovanni+225+Destined+Rivals+Pokemon+card&hash=itembeee9c4d1f:g:lC0AAeSwvSNqjfRU,Team Rocket's Giovanni 225/182 Ultra Rare Destined Rivals Pokemon Holo Near Mint,Ungraded,4000,,"[""FIXED_PRICE"", ""BEST_OFFER""]",pokecowboytcg,https://i.ebayimg.com/images/g/lC0AAeSwvSNqjfRU/s-l225.jpg,b547c5c3-7082-4a7f-9290-3d569b91b462,2c272732-fdb3-4639-aa6b-ea9fa3ad9c24,Team Rocket's Giovanni,Destined Rivals,225,ultra_rare,YES,SINGLE_CARD,RAW,CARD,,,,,Donny,2026-09-14T00:17:52.613080+00:00,,
D4-0332,v1|820096094627|0,https://www.ebay.com/itm/820096094627?_skw=Team+Rocket%27s+Giovanni+225+Destined+Rivals+Pokemon+card&hash=itembef18951a3:g:6eEAAeSwjPFqnhMQ,Team Rocket's Giovanni 225/182 Sv10: Destined Rivals Holo,Ungraded,4000,,"[""FIXED_PRICE"", ""BEST_OFFER""]",rogersregularshow,https://i.ebayimg.com/images/g/6eEAAeSwjPFqnhMQ/s-l225.jpg,b547c5c3-7082-4a7f-9290-3d569b91b462,2c272732-fdb3-4639-aa6b-ea9fa3ad9c24,Team Rocket's Giovanni,Destined Rivals,225,ultra_rare,YES,SINGLE_CARD,RAW,CARD,,,,,Donny,2026-09-14T00:17:53.177981+00:00,,
D4-0333,v1|236936593937|0,https://www.ebay.com/itm/236936593937?_skw=Team+Rocket%27s+Giovanni+225+Destined+Rivals+Pokemon+card&hash=item372a858211:g:ScwAAeSwgm9qVaFs,Pokemon TCG Team Rocket's Giovanni 225/182 Destined Rivals,Ungraded,4000,,"[""FIXED_PRICE"", ""BEST_OFFER""]",arnoldnc,https://i.ebayimg.com/images/g/ScwAAeSwgm9qVaFs/s-l225.jpg,b547c5c3-7082-4a7f-9290-3d569b91b462,2c272732-fdb3-4639-aa6b-ea9fa3ad9c24,Team Rocket's Giovanni,Destined Rivals,225,ultra_rare,YES,SINGLE_CARD,RAW,CARD,,,,,Donny,2026-09-14T00:17:53.768612+00:00,,
D4-0334,v1|800578304860|0,https://www.ebay.com/itm/800578304860?_skw=Team+Rocket%27s+Giovanni+225+Destined+Rivals+Pokemon+card&hash=itemba662f7b5c:g:HgsAAeSwqX5qkgRv&amdata=enc%3AAQALAAABEACCtXRWQnOEpyOqnQQ8KGaHMbw6rVLxRoaPBQjh7dVR0xHvm%2BjNe5%2B5Zna3M2Yih3LpgDgJtvW%2FE87KNtt%2FAMiLV8deoQwL0XJSslF58YdH5xixaB4RiCvVZfgWS0nY4VEVgneLiUsmfBCFLx09FrcWXBRMpiTHO3580UL0zTkl9zVgIvx4uRldzUrLkogg3UUCJK6uMIEfuTy%2FNiUXt4OJr2SGiQn8dvyq3o2Fxpq0p%2FZfeYpsDn7sNboTCgygiieB%2FZXI3M%2FlbOwKyV0hH8bV3%2B%2FuQHgayZY1RV6gJfxHur1gabedj6UoaoBgFtM0tVmshWtyMONOX5H%2F8Uu1GwgiG5i3dj%2FoywZPWftttESw,2025 POKEMON TEAM ROCKET'S GIOVANNI 225/182 ULTRA RARE DESTINED RIVALS HOLO NM,Ungraded,4000,,"[""FIXED_PRICE"", ""BEST_OFFER""]",wackymclovin,https://i.ebayimg.com/images/g/HgsAAeSwqX5qkgRv/s-l225.jpg,b547c5c3-7082-4a7f-9290-3d569b91b462,2c272732-fdb3-4639-aa6b-ea9fa3ad9c24,Team Rocket's Giovanni,Destined Rivals,225,ultra_rare,YES,SINGLE_CARD,RAW,CARD,,,,,Donny,2026-09-14T00:17:54.307159+00:00,,
D4-0335,v1|158272654673|0,https://www.ebay.com/itm/158272654673?_skw=Team+Rocket%27s+Giovanni+225+Destined+Rivals+Pokemon+card&hash=item24d9c90d51:g:iFoAAeSw4tlqoJN6,SV10: Destined Rivals #225/182 Team Rocket's Giovanni Ultra Rare,Ungraded,4000,,"[""FIXED_PRICE""]",reddirtripsaz,https://i.ebayimg.com/images/g/iFoAAeSw4tlqoJN6/s-l225.jpg,b547c5c3-7082-4a7f-9290-3d569b91b462,2c272732-fdb3-4639-aa6b-ea9fa3ad9c24,Team Rocket's Giovanni,Destined Rivals,225,ultra_rare,YES,SINGLE_CARD,RAW,CARD,,,,,Donny,2026-09-14T00:17:54.793839+00:00,,
D4-0336,v1|336728038683|0,https://www.ebay.com/itm/336728038683?_skw=Zweilous+147+White+Flare&hash=item4e668e1d1b:g:n7UAAeSwAbdqc3Wp&amdata=enc%3AAQALAAAA8ACCtXRWQnOEpyOqnQQ8KGbKl%2FKzoS23YEdpqbUuDVqqLbmcrt1m%2F1vROI%2BPdrgds3rjgD5ylKm00jD6zGpR0UZMf9EIVjQvUI%2F3eVz266jWY2NULbBAzolXASkSvExHo1tpz0LLnCfZIpBTCb5eMN9vjsQwUuTC%2BiBvBG%2BPfWqsULW%2B5LYMa8jZS5mXGoH3cl9AIWljRAbBOj3G4oE843gzeWtoHOjQMH94krcbLSTfhK2tc7LYhgzw%2BhH1DebkN0jjB%2FnVvR8v%2BykCSBoyfKChAtYu4UsLtsMjV0J%2B7u%2FuRaT4qlyiO9ZRoQk%2BQfcrGw%3D%3D,Zweilous 147/086 Pokémon TCG Illustration Rare Sv: White Flare,Ungraded,4000,,"[""FIXED_PRICE"", ""BEST_OFFER""]",tro-2814,https://i.ebayimg.com/images/g/n7UAAeSwAbdqc3Wp/s-l225.jpg,b620ec1c-c0ac-4e7e-919d-a7df98bcb84b,8af678f4-09f0-486c-9617-b56896ebeea0,Zweilous,White Flare,147,illustration_rare,YES,SINGLE_CARD,RAW,CARD,,,,,Donny,2026-09-14T00:17:56.369489+00:00,,
D4-0337,v1|398250603403|0,https://www.ebay.com/itm/398250603403?_skw=Zweilous+147+White+Flare+Pokemon+card&hash=item5cb995f38b:g:2uEAAeSwFJVqcnW2&amdata=enc%3AAQALAAABAACCtXRWQnOEpyOqnQQ8KGZaiPT%2BdvUZoPJIdXqwaxn5xlbMfNH7%2FCPvLoYOvEtsnewGAhc%2B5HqRpG5mijqu1c3UtAcBjiDlqKq9XM8XtQes%2B6olcNAR6DgzOapW6b49j0j2GBab9bfR2ag%2FRYYZdNTs5nu7hOlsy7YErtrMtRfb0JwYSt9DMkdWBGBz%2BzB7Ub7rnJvBHeVQlgDDH5W%2Bi9bYMEy4FYGn1xfa3xd91V6E3EaEvbN2I%2F7Z2xBG3Ksf9%2BiEnrtd6cTpCie7ZsgdfLkUbuClqGJSGX%2BiLofWY4CQReloonMhRgiMNqpJK5Qo%2FmKc2yIP%2BklOafqjC8c1MVs%3D,SV: White Flare #147/086 Zweilous,Ungraded,4000,,"[""FIXED_PRICE""]",kontoscards,https://i.ebayimg.com/images/g/2uEAAeSwFJVqcnW2/s-l225.jpg,b620ec1c-c0ac-4e7e-919d-a7df98bcb84b,8af678f4-09f0-486c-9617-b56896ebeea0,Zweilous,White Flare,147,illustration_rare,YES,SINGLE_CARD,RAW,CARD,,,,,Donny,2026-09-14T00:17:56.976709+00:00,,
D4-0338,v1|307038973211|0,https://www.ebay.com/itm/307038973211?_skw=Zweilous+147+White+Flare&hash=item477cf2ed1b:g:FiYAAeSwVbhqRq6z,2025 POKEMON WHT EN-WHITE FLARE ILLUSTRATION RARE #147 ZWEILOUS PSA 10,Graded,2750,,"[""FIXED_PRICE"", ""BEST_OFFER""]",psa,https://i.ebayimg.com/images/g/FiYAAeSwVbhqRq6z/s-l225.jpg,b620ec1c-c0ac-4e7e-919d-a7df98bcb84b,8af678f4-09f0-486c-9617-b56896ebeea0,Zweilous,White Flare,147,illustration_rare,NO,SINGLE_CARD,GRADED,CARD,,,,,Donny,2026-09-14T00:17:57.794685+00:00,,
D4-0339,v1|377196118360|0,https://www.ebay.com/itm/377196118360?_skw=Zweilous+147+White+Flare+Pokemon+card&hash=item57d2a40158:g:8Q4AAeSwHNFqDM5v,Pokémon TCG Zweilous Illustration White Flare Card 147/086,Ungraded,4000,,"[""FIXED_PRICE"", ""BEST_OFFER""]",smt_5482,https://i.ebayimg.com/images/g/8Q4AAeSwHNFqDM5v/s-l225.jpg,b620ec1c-c0ac-4e7e-919d-a7df98bcb84b,8af678f4-09f0-486c-9617-b56896ebeea0,Zweilous,White Flare,147,illustration_rare,YES,SINGLE_CARD,RAW,CARD,,,,,Donny,2026-09-14T00:17:58.552480+00:00,,
D4-0340,v1|158288359040|0,https://www.ebay.com/itm/158288359040?_skw=Zweilous+147+White+Flare+Pokemon+card&hash=item24dab8ae80:g:cH0AAeSwfBJqpt9v,Pokémon TCG Zweilous 147/086  White Flare IR Holo 110 HP 🔥 Mint 🔥,Ungraded,4000,,"[""AUCTION"", ""BEST_OFFER""]",kaber-31,https://i.ebayimg.com/images/g/cH0AAeSwfBJqpt9v/s-l225.jpg,b620ec1c-c0ac-4e7e-919d-a7df98bcb84b,8af678f4-09f0-486c-9617-b56896ebeea0,Zweilous,White Flare,147,illustration_rare,YES,SINGLE_CARD,RAW,CARD,,,,,Donny,2026-09-14T00:17:59.008663+00:00,,
D4-0341,v1|306930672537|0,https://www.ebay.com/itm/306930672537?_skw=Zweilous+147+White+Flare+Pokemon+card&hash=item47767e6399:g:f2IAAeSw0t5qAMh3&amdata=enc%3AAQALAAABAACCtXRWQnOEpyOqnQQ8KGZJesDBWwUocACCvyjp9%2BZ%2BXGjPz9ruCDEwylnXVLbcx1X5j6T0FzKGu10SZdjxxbh59Q13Iov%2FpWxIsKmqm6Ubbit4TLWuWVeL3fUTisRg4tFZZpnU4%2FVOQOoxrmMGh%2FZBPCk8VNtn6HKlqDfyPLaLZBMP3M1MlYIscHO3nfQh%2BbcEq5OTUEIjErZpRWpFKoKNZleq%2BE7Xl4o7eYu6QmPpbk8UWbbqU9Va9QifSQ1oOtflIE2YKbbHudWCOWVNi%2B6nweBC2LncBPkB9EI4qbp8ltjIuNI8Px3TvXoRm94cprqTlco%2B8zSjgLr1OCVlGOY%3D,Pokémon Zweilous 147/086 Sv: White Flare Illustration Rare Holo HP110,Ungraded,4000,,"[""FIXED_PRICE"", ""BEST_OFFER""]",jccollects77,https://i.ebayimg.com/images/g/f2IAAeSw0t5qAMh3/s-l225.jpg,b620ec1c-c0ac-4e7e-919d-a7df98bcb84b,8af678f4-09f0-486c-9617-b56896ebeea0,Zweilous,White Flare,147,illustration_rare,YES,SINGLE_CARD,RAW,CARD,,,,,Donny,2026-09-14T00:17:59.621125+00:00,,
D4-0342,v1|226323981698|0,https://www.ebay.com/itm/226323981698?_skw=Bianca%27s+Devotion+209+Temporal+Forces+Pokemon+card&hash=item34b1f5e582:g:DgQAAOSwAeZm0iIA,CGC Mint+ 9.5 Bianca's Devotion 209/162 Pokémon Scarlet & Violet Temporal Forces,Graded,2750,,"[""FIXED_PRICE"", ""BEST_OFFER""]",j.everstones,https://i.ebayimg.com/images/g/DgQAAOSwAeZm0iIA/s-l225.jpg,b801a524-e703-4f4c-ad99-1ec742cf30ec,586dac04-6254-4241-b628-b6d3dac61063,Bianca's Devotion,Temporal Forces,209,special_illustration_rare,NO,SINGLE_CARD,GRADED,CARD,,,,,Donny,2026-09-14T00:18:00.623332+00:00,,
D4-0343,v1|227459599096|0,https://www.ebay.com/itm/227459599096?_skw=Bianca%27s+Devotion+209+Temporal+Forces+Pokemon+card&hash=item34f5a60af8:g:lAAAAeSwx7pqb-Gi,Bianca's Devotion 209/162 Temporal Forces Pokemon Holo NM,Ungraded,4000,,"[""FIXED_PRICE""]",merlin_mystro,https://i.ebayimg.com/images/g/lAAAAeSwx7pqb-Gi/s-l225.jpg,b801a524-e703-4f4c-ad99-1ec742cf30ec,586dac04-6254-4241-b628-b6d3dac61063,Bianca's Devotion,Temporal Forces,209,special_illustration_rare,YES,SINGLE_CARD,RAW,CARD,,,,,Donny,2026-09-14T00:18:01.479602+00:00,,
D4-0344,v1|206552939226|0,https://www.ebay.com/itm/206552939226?_skw=Bianca%27s+Devotion+209+Temporal+Forces+Pokemon+card&hash=item301783bada:g:P8oAAeSwf8FqpdEt,SV05: Temporal Forces Bianca's Devotion Holo Secret Rare FA SAR #209/162,Ungraded,4000,,"[""FIXED_PRICE"", ""BEST_OFFER""]",fastbreaktradingcards23,https://i.ebayimg.com/images/g/P8oAAeSwf8FqpdEt/s-l225.jpg,b801a524-e703-4f4c-ad99-1ec742cf30ec,586dac04-6254-4241-b628-b6d3dac61063,Bianca's Devotion,Temporal Forces,209,special_illustration_rare,YES,SINGLE_CARD,RAW,CARD,,,,,Donny,2026-09-14T00:18:01.879223+00:00,,
D4-0345,v1|257664915888|0,https://www.ebay.com/itm/257664915888?_skw=Bianca%27s+Devotion+209+Temporal+Forces&hash=item3bfe0699b0:g:U2AAAeSwvA9qdDH1,Bianca’s Devotion 209/162 Temporal Forces Special Illustration Rare NM Pokemon ,Ungraded,4000,,"[""FIXED_PRICE""]",michaelbourne750,https://i.ebayimg.com/images/g/U2AAAeSwvA9qdDH1/s-l225.jpg,b801a524-e703-4f4c-ad99-1ec742cf30ec,586dac04-6254-4241-b628-b6d3dac61063,Bianca's Devotion,Temporal Forces,209,special_illustration_rare,YES,SINGLE_CARD,RAW,CARD,,,,,Donny,2026-09-14T00:18:02.406675+00:00,,
D4-0346,v1|227282402143|0,https://www.ebay.com/itm/227282402143?_skw=Bianca%27s+Devotion+209+Temporal+Forces+Pokemon+card&hash=item34eb163b5f:g:uLoAAeSwGfBpUfWf,CGC 10 Bianca's Devotion 209/162 Temporal Forces Special Illustration Rare,Graded,2750,,"[""FIXED_PRICE"", ""BEST_OFFER""]",legends_lugia,https://i.ebayimg.com/images/g/uLoAAeSwGfBpUfWf/s-l225.jpg,b801a524-e703-4f4c-ad99-1ec742cf30ec,586dac04-6254-4241-b628-b6d3dac61063,Bianca's Devotion,Temporal Forces,209,special_illustration_rare,NO,SINGLE_CARD,GRADED,CARD,,,,,Donny,2026-09-14T00:18:03.579045+00:00,,
D4-0347,v1|366638456380|0,https://www.ebay.com/itm/366638456380?_skw=Bianca%27s+Devotion+209+Temporal+Forces+Pokemon+card&hash=item555d5ade3c:g:EKkAAeSwIR1qlJ2W,Bianca's Devotion 209/162 SV05: Temporal Forces Holo NM,Ungraded,4000,,"[""FIXED_PRICE"", ""BEST_OFFER""]",icyzpo_99,https://i.ebayimg.com/images/g/EKkAAeSwIR1qlJ2W/s-l225.jpg,b801a524-e703-4f4c-ad99-1ec742cf30ec,586dac04-6254-4241-b628-b6d3dac61063,Bianca's Devotion,Temporal Forces,209,special_illustration_rare,YES,SINGLE_CARD,RAW,CARD,,,,,Donny,2026-09-14T00:18:04.268948+00:00,,
D4-0348,v1|287137209528|0,https://www.ebay.com/itm/287137209528?_skw=Fidough+213+Scarlet+and+Violet+Base+Set+Pokemon+card&hash=item42dab61cb8:g:KYAAAeSwR8JqjmPp,Fidough - 098/198 - Scarlet & Violet Base Set - NM,Ungraded,4000,,"[""FIXED_PRICE""]",lootstation-dot-com,https://i.ebayimg.com/images/g/KYAAAeSwR8JqjmPp/s-l225.jpg,bf928dd7-24bc-4e16-bb5e-afb8122c3241,311abf3f-15cb-4cb8-995f-1937555c4bdd,Fidough,Scarlet and Violet Base Set,213,illustration_rare,NO,SINGLE_CARD,RAW,CARD,INCONSISTENT,,,,Donny,2026-09-14T00:18:09.177815+00:00,,
D4-0349,v1|366649598537|0,https://www.ebay.com/itm/366649598537?_skw=Fidough+213+Scarlet+and+Violet+Base+Set+Pokemon+card&hash=item555e04e249:g:1KYAAeSwLrNqmz8w,Fidough 213/198 Illustration Rare Scarlet & Violet Pokemon Holo Near Mint,Ungraded,4000,,"[""FIXED_PRICE""]",diioscollectibles,https://i.ebayimg.com/images/g/1KYAAeSwLrNqmz8w/s-l225.jpg,bf928dd7-24bc-4e16-bb5e-afb8122c3241,311abf3f-15cb-4cb8-995f-1937555c4bdd,Fidough,Scarlet and Violet Base Set,213,illustration_rare,YES,SINGLE_CARD,RAW,CARD,,,,,Donny,2026-09-14T00:18:09.800830+00:00,,
D4-0350,v1|318720180052|0,https://www.ebay.com/itm/318720180052?_skw=Fidough+213+Scarlet+and+Violet+Base+Set+Pokemon+card&hash=item4a3533ff54:g:RYEAAeSwwyJqfN3w,Fidough - 097/198 - Common (Lp) Scarlet & Violet - Base Set - Psychic Pokémon,Ungraded,4000,,"[""FIXED_PRICE"", ""BEST_OFFER""]",premiergames,https://i.ebayimg.com/images/g/RYEAAeSwwyJqfN3w/s-l225.jpg,bf928dd7-24bc-4e16-bb5e-afb8122c3241,311abf3f-15cb-4cb8-995f-1937555c4bdd,Fidough,Scarlet and Violet Base Set,213,illustration_rare,NO,SINGLE_CARD,RAW,CARD,INCONSISTENT,,,,Donny,2026-09-14T00:18:10.341508+00:00,,
D4-0351,v1|168680075335|0,https://www.ebay.com/itm/168680075335?_skw=Fidough+213+Scarlet+and+Violet+Base+Set+Pokemon+card&hash=item27461db047:g:Kk8AAeSwuqxqpNlq,Fidough 097/198 Pokemon Scarlet & Violet Base Set NM EN Mizue,Ungraded,4000,,"[""FIXED_PRICE""]",sclilred,https://i.ebayimg.com/images/g/Kk8AAeSwuqxqpNlq/s-l225.jpg,bf928dd7-24bc-4e16-bb5e-afb8122c3241,311abf3f-15cb-4cb8-995f-1937555c4bdd,Fidough,Scarlet and Violet Base Set,213,illustration_rare,NO,SINGLE_CARD,RAW,CARD,INCONSISTENT,,,,Donny,2026-09-14T00:18:11.132720+00:00,,
D4-0352,v1|237054670308|0,https://www.ebay.com/itm/237054670308?_skw=Fidough+213+Scarlet+and+Violet+Base+Set+Pokemon+card&hash=item37318f35e4:g:aqoAAeSw5NJqnjQk,Fidough Holo Illustration Rare SV01: Scarlet & Violet Base Set 213/198 NM,Ungraded,4000,,"[""FIXED_PRICE"", ""BEST_OFFER""]",pumbastore,https://i.ebayimg.com/images/g/aqoAAeSw5NJqnjQk/s-l225.jpg,bf928dd7-24bc-4e16-bb5e-afb8122c3241,311abf3f-15cb-4cb8-995f-1937555c4bdd,Fidough,Scarlet and Violet Base Set,213,illustration_rare,YES,SINGLE_CARD,RAW,CARD,,,,,Donny,2026-09-14T00:18:11.793945+00:00,,
D4-0353,v1|278369850684|0,https://www.ebay.com/itm/278369850684?_skw=Fidough+213+Scarlet+and+Violet+Base+Set+Pokemon+card&hash=item40d022d53c:g:c80AAeSw4ptqphzo,Pokémon TCG Fidough SV01 Scarlet & Violet 213/198 IR Holo Full Art Eng,Ungraded,4000,,"[""FIXED_PRICE"", ""BEST_OFFER""]",ironandtimbersolutionsllc,https://i.ebayimg.com/images/g/c80AAeSw4ptqphzo/s-l225.jpg,bf928dd7-24bc-4e16-bb5e-afb8122c3241,311abf3f-15cb-4cb8-995f-1937555c4bdd,Fidough,Scarlet and Violet Base Set,213,illustration_rare,YES,SINGLE_CARD,RAW,CARD,,,,,Donny,2026-09-14T00:18:12.830629+00:00,,
D4-0354,v1|398370927190|0,https://www.ebay.com/itm/398370927190?_skw=Mega+Lucario+ex+179+Mega+Evolution&hash=item5cc0c1f256:g:-z0AAeSwd~9qnzf9,Mega Lucario ex 179/132 ME01 Mega Evolution Holo SIR PSA 10 English 2025,Graded,2750,,"[""AUCTION""]",brans_53,https://i.ebayimg.com/images/g/-z0AAeSwd~9qnzf9/s-l225.jpg,c7e36a14-236f-4b93-a4a8-a4be2ddc7193,590cc9ca-0f7d-413e-ae31-68433716e01b,Mega Lucario ex,Mega Evolution,179,special_illustration_rare,NO,SINGLE_CARD,GRADED,CARD,,,,,Donny,2026-09-14T00:18:14.907857+00:00,,
D4-0355,v1|257740673508|0,https://www.ebay.com/itm/257740673508?_skw=Mega+Lucario+ex+179+Mega+Evolution&hash=item3c028a91e4:g:l6UAAeSwKJBqpuXK,2025 POKEMON MEG EN-MEGA EVOLUTION #179 MEGA LUCARIO EX PSA 10,Graded,2750,,"[""FIXED_PRICE""]",thegamingoutpost,https://i.ebayimg.com/images/g/l6UAAeSwKJBqpuXK/s-l225.jpg,c7e36a14-236f-4b93-a4a8-a4be2ddc7193,590cc9ca-0f7d-413e-ae31-68433716e01b,Mega Lucario ex,Mega Evolution,179,special_illustration_rare,NO,SINGLE_CARD,GRADED,CARD,,,,,Donny,2026-09-14T00:18:15.732734+00:00,,
D4-0356,v1|198594593614|0,https://www.ebay.com/itm/198594593614?_skw=Mega+Lucario+ex+179+Mega+Evolution+Pokemon+card&hash=item2e3d29034e:g:X6QAAeSwi55qjeHn,PSA 10 Mega Lucario ex 179/132 SIR Mega Evolution GEM MINT Pokemon 2025,Graded,2750,,"[""FIXED_PRICE"", ""BEST_OFFER""]",cjs_cards_n_collectiblez,https://i.ebayimg.com/images/g/X6QAAeSwi55qjeHn/s-l225.jpg,c7e36a14-236f-4b93-a4a8-a4be2ddc7193,590cc9ca-0f7d-413e-ae31-68433716e01b,Mega Lucario ex,Mega Evolution,179,special_illustration_rare,NO,SINGLE_CARD,GRADED,CARD,,,,,Donny,2026-09-14T00:18:16.730091+00:00,,
D4-0357,v1|407209324082|0,https://www.ebay.com/itm/407209324082?_skw=Mega+Lucario+ex+179+Mega+Evolution+Pokemon+card&hash=item5ecf912e32:g:kAAAAeSw~CZqo~em&amdata=enc%3AAQALAAABEACCtXRWQnOEpyOqnQQ8KGZT1IKQoeIb%2BskGFuga4sLMSDzXuokoTDlRc74g9VvtONqpImpbZ1VpblidaKszp9OvB6ekrFWuLFZAPwf3BCfqQyQm6x2oKDohbxXlc9sj5pWAiqlYRV4kY%2BsVM7cPjpH0GjYCahoGLZdTtHZ7G6RSh24%2BkM4w9dT5V925nJqt1Dx4nM4rOsjdJQ2g%2FgUnAOtpyGUgBLayR6ERWyq1ifUOUwy3yhNpGz8q1p7VFy6EaSyi0nXzhgNlKWDkYZSI4bm%2B2X2oba66NvkaqHeAaimg%2Fx23ekSZdYMkq9TNIM%2FatV8O6Nc%2Fdhz5puckyAUq9avqD23BqcrqBzuh5uk2g%2BIW,The Pokémon Company Mega Lucario Ex 179/132 ME Mega Evolution Holo HP 340 ENG,Ungraded,4000,,"[""FIXED_PRICE"", ""BEST_OFFER""]",tra615414,https://i.ebayimg.com/images/g/kAAAAeSw~CZqo~em/s-l225.jpg,c7e36a14-236f-4b93-a4a8-a4be2ddc7193,590cc9ca-0f7d-413e-ae31-68433716e01b,Mega Lucario ex,Mega Evolution,179,special_illustration_rare,YES,SINGLE_CARD,RAW,CARD,,,,,Donny,2026-09-14T00:18:19.822890+00:00,,
D4-0358,v1|187934378068|0,https://www.ebay.com/itm/187934378068?_skw=Mega+Lucario+ex+179+Mega+Evolution&hash=item2bc1c30854:g:iCYAAeSwqCdpYZrj&amdata=enc%3AAQALAAABAACCtXRWQnOEpyOqnQQ8KGbNeACbQ0fyYUjGo6YomwEJnhq%2BTVdgJD%2BvMjJD3aqLhQSt8AFPd5kBMuAL8dCw7ohj5M6Yy5IOEZ53%2BJdi9Sypwdq2b2Tfld6TE4VexhzsY7iDnAwDHklSBrG2RrYHdBUPPNYKE0GYd58f7Oe7S3E0E0lrBxsz0p37%2FIEtewMLiArfz6EvySjQ0fAcufcZ8FybHiJD1Ombo%2B3%2BwvpetzGKfw2VpVEtI%2F2aosAbC61ZGFaCJCEDGFKibh3n%2FPrZFhpmYseZrIkiabMYUPMb7I4kric3XMYeNzJqhiMz8X6ev3ZIAD3UDMW4yv%2BIi%2Fz1NrE%3D,Mega Lucario ex 179/132 Me01: Mega Evolution Holo,Ungraded,4000,,"[""FIXED_PRICE"", ""BEST_OFFER""]",winzinn,https://i.ebayimg.com/images/g/iCYAAeSwqCdpYZrj/s-l225.jpg,c7e36a14-236f-4b93-a4a8-a4be2ddc7193,590cc9ca-0f7d-413e-ae31-68433716e01b,Mega Lucario ex,Mega Evolution,179,special_illustration_rare,YES,SINGLE_CARD,RAW,CARD,,,,,Donny,2026-09-14T00:18:20.044597+00:00,,
D4-0359,v1|318556199952|0,https://www.ebay.com/itm/318556199952?_skw=Mega+Lucario+ex+179+Mega+Evolution+Pokemon+card&hash=item4a2b6ddc10:g:uhYAAeSwxtpqTYoR,Mega Lucario ex 179/132 Me01: Mega Evolution Holo,Ungraded,4000,,"[""FIXED_PRICE""]",kdp89-26,https://i.ebayimg.com/images/g/uhYAAeSwxtpqTYoR/s-l225.jpg,c7e36a14-236f-4b93-a4a8-a4be2ddc7193,590cc9ca-0f7d-413e-ae31-68433716e01b,Mega Lucario ex,Mega Evolution,179,special_illustration_rare,YES,SINGLE_CARD,RAW,CARD,,,,,Donny,2026-09-14T00:18:20.414125+00:00,,
D4-0360,v1|278263983799|0,https://www.ebay.com/itm/278263983799?_skw=Team+Rocket%27s+Giovanni+238+Destined+Rivals+Pokemon+card&hash=item40c9d36eb7:g:atUAAeSw-wlqeTIv,PSA 10 GEM MINT Team Rocket’s Giovanni 238/182 Pokemon SV10 Destined Rivals SIR,Graded,2750,,"[""FIXED_PRICE""]",fidi14,https://i.ebayimg.com/images/g/atUAAeSw-wlqeTIv/s-l225.jpg,cc59d868-d0e5-4557-9423-3f9b7c9d2591,04f90621-b7cb-49bf-b962-8ba0790d6e62,Team Rocket's Giovanni,Destined Rivals,238,special_illustration_rare,NO,SINGLE_CARD,GRADED,CARD,,,,,Donny,2026-09-14T00:18:22.089123+00:00,,
D4-0361,v1|267718570030|0,https://www.ebay.com/itm/267718570030?_skw=Team+Rocket%27s+Giovanni+238+Destined+Rivals+Pokemon+card&hash=item3e5545302e:g:p5oAAeSwQBhqSoHd,Team Rockets Giovanni 238/182 Sir Destined Rivals,Ungraded,4000,,"[""FIXED_PRICE""]",blazing_deals_4_you,https://i.ebayimg.com/images/g/p5oAAeSwQBhqSoHd/s-l225.jpg,cc59d868-d0e5-4557-9423-3f9b7c9d2591,04f90621-b7cb-49bf-b962-8ba0790d6e62,Team Rocket's Giovanni,Destined Rivals,238,special_illustration_rare,YES,SINGLE_CARD,RAW,CARD,,,,,Donny,2026-09-14T00:18:23.026427+00:00,,
D4-0362,v1|158247661173|0,https://www.ebay.com/itm/158247661173?_skw=Team+Rocket%27s+Giovanni+238+Destined+Rivals&hash=item24d84bae75:g:3EUAAeSwuKZqglmW,Team Rocket's Giovanni - 238/182 - SV10: Destined Rivals SIR EN,Ungraded,4000,,"[""FIXED_PRICE"", ""BEST_OFFER""]",joeskipulls,https://i.ebayimg.com/images/g/3EUAAeSwuKZqglmW/s-l225.jpg,cc59d868-d0e5-4557-9423-3f9b7c9d2591,04f90621-b7cb-49bf-b962-8ba0790d6e62,Team Rocket's Giovanni,Destined Rivals,238,special_illustration_rare,YES,SINGLE_CARD,RAW,CARD,,,,,Donny,2026-09-14T00:18:23.753920+00:00,,
D4-0363,v1|366650615459|0,https://www.ebay.com/itm/366650615459?_skw=Team+Rocket%27s+Giovanni+238+Destined+Rivals&hash=item555e1466a3:g:YwAAAeSw61hqm-4-,2025 POKEMON DRI EN-DESTINED RIVALS #238 TEAM ROCKET'S GIOVANNI PSA 10,Graded,2750,,"[""FIXED_PRICE""]",mouacards17,https://i.ebayimg.com/images/g/YwAAAeSw61hqm-4-/s-l225.jpg,cc59d868-d0e5-4557-9423-3f9b7c9d2591,04f90621-b7cb-49bf-b962-8ba0790d6e62,Team Rocket's Giovanni,Destined Rivals,238,special_illustration_rare,NO,SINGLE_CARD,GRADED,CARD,,,,,Donny,2026-09-14T00:18:25.388228+00:00,,
D4-0364,v1|800055712987|0,https://www.ebay.com/itm/800055712987?_skw=Team+Rocket%27s+Giovanni+238+Destined+Rivals+Pokemon+card&hash=itemba47095cdb:g:CvwAAeSwb-JqEOpq,Team Rocket's Giovanni 238/182 - Destined Rivals Pokemon NM,Ungraded,4000,,"[""FIXED_PRICE""]",northeastohiotcg,https://i.ebayimg.com/images/g/CvwAAeSwb-JqEOpq/s-l225.jpg,cc59d868-d0e5-4557-9423-3f9b7c9d2591,04f90621-b7cb-49bf-b962-8ba0790d6e62,Team Rocket's Giovanni,Destined Rivals,238,special_illustration_rare,YES,SINGLE_CARD,RAW,CARD,,,,,Donny,2026-09-14T00:18:26.213256+00:00,,
D4-0365,v1|168613803229|0,https://www.ebay.com/itm/168613803229?_skw=Team+Rocket%27s+Giovanni+238+Destined+Rivals&hash=item27422a74dd:g:oTkAAeSwjWhqf0-a,Team Rocket's Giovanni 238/182 Destined Rivals Holo Full Art Trainer,Ungraded,4000,,"[""FIXED_PRICE""]",greatthings4less,https://i.ebayimg.com/images/g/oTkAAeSwjWhqf0-a/s-l225.jpg,cc59d868-d0e5-4557-9423-3f9b7c9d2591,04f90621-b7cb-49bf-b962-8ba0790d6e62,Team Rocket's Giovanni,Destined Rivals,238,special_illustration_rare,YES,SINGLE_CARD,RAW,CARD,,,,,Donny,2026-09-14T00:18:26.741052+00:00,,
D4-0366,v1|365766534242|0,https://www.ebay.com/itm/365766534242?_skw=Flareon+136+Scarlet+and+Violet+151&hash=item5529626462:g:KjIAAeSw9DtoNlDg&amdata=enc%3AAQALAAABAACCtXRWQnOEpyOqnQQ8KGadY%2FEUmqutTgo9CYVSyqiGnoIGTR1jMXdmlfhgFOHGFlMge1kzoRrnq4RlQPcK29EO2pAswRXVO4LaNf1Q4uyx4Y83weht8YGKmIckhS4KEaiFEmIbZ%2FS5RsIrF3Irjqj%2ByS6d9uxTPANu%2BqiaN2jutqxQmbcXUkmCap4x2mUuOvwN92SWaAeeiZz72dvBWuIcf0w8YKTQTVPvekLzPD8%2BEzvDaBfCtmOZQhSvASYJ8hQKZ9J9hO%2FUKOe1VtQ%2F6AF1TX%2FVZFh3wyglhWiwiIUvREtWssxmUCS0giM%2FtW5T8YRMHXLkerZBEdb0Ji6OG3Q%3D,pokemon  Flareon Holo JPN 2023 Scarlet And Violet 151 . 136/151 🔥🔥🔥,Graded,2750,,"[""FIXED_PRICE"", ""BEST_OFFER""]",jrsports1112,https://i.ebayimg.com/images/g/KjIAAeSw9DtoNlDg/s-l225.jpg,cdfc0223-40ef-4e4b-a9f2-3a809ae1c3df,f6e9d756-3a7b-4c8e-b87c-06cacb0d3c7e,Flareon,Scarlet and Violet 151,136,rare,NO,SINGLE_CARD,GRADED,CARD,,,,,Donny,2026-09-14T00:18:28.537122+00:00,,
D4-0367,v1|376582952377|645197235117,https://www.ebay.com/itm/376582952377?_skw=Flareon+136+Scarlet+and+Violet+151+Pokemon+card&var=645197235117&hash=item57ae17d5b9:g:v-sAAeSwn5Zo2d~8,SCARLET & VIOLET 151 POKEMON CARDS INCLUDING HOLO AND REVERSE (YOU PICK),Ungraded,4000,,"[""FIXED_PRICE""]",thingzfound,https://i.ebayimg.com/images/g/v-sAAeSwn5Zo2d~8/s-l225.jpg,cdfc0223-40ef-4e4b-a9f2-3a809ae1c3df,f6e9d756-3a7b-4c8e-b87c-06cacb0d3c7e,Flareon,Scarlet and Violet 151,136,rare,YES,SINGLE_CARD,RAW,CARD,,,,,Donny,2026-09-14T00:18:29.951690+00:00,,
D4-0368,v1|389767126148|657054394735,https://www.ebay.com/itm/389767126148?_skw=Flareon+136+Scarlet+and+Violet+151+Pokemon+card&var=657054394735&hash=item5abfee5c84:g:Y7EAAeSwPqFpuv3m,Choose your Reverse Holo and Holo,Ungraded,4000,,"[""FIXED_PRICE""]",the_gamers_vault,https://i.ebayimg.com/images/g/Y7EAAeSwPqFpuv3m/s-l225.jpg,cdfc0223-40ef-4e4b-a9f2-3a809ae1c3df,f6e9d756-3a7b-4c8e-b87c-06cacb0d3c7e,Flareon,Scarlet and Violet 151,136,rare,YES,SINGLE_CARD,RAW,CARD,,,,,Donny,2026-09-14T00:18:35.680137+00:00,,
D4-0369,v1|166940685368|466624436562,https://www.ebay.com/itm/166940685368?_skw=Flareon+136+Scarlet+and+Violet+151+Pokemon+card&var=466624436562&hash=item26de70b438:g:5YoAAOSw~cFmz6-~,Pokemon Scarlet Violet 151 - Choose Your Card! Common Uncommon Rare,Ungraded,4000,,"[""FIXED_PRICE""]",poke-cloud,https://i.ebayimg.com/images/g/5YoAAOSw~cFmz6-~/s-l225.jpg,cdfc0223-40ef-4e4b-a9f2-3a809ae1c3df,f6e9d756-3a7b-4c8e-b87c-06cacb0d3c7e,Flareon,Scarlet and Violet 151,136,rare,YES,SINGLE_CARD,RAW,CARD,,,,,Donny,2026-09-14T00:18:37.539818+00:00,,
D4-0370,v1|336221334079|545765871371,https://www.ebay.com/itm/336221334079?_skw=Flareon+136+Scarlet+and+Violet+151+Pokemon+card&var=545765871371&hash=item4e485a6a3f:g:RNEAAeSwqPlo5X-4,Pokemon S&V 151 - Reverse Holos - You Pick/ Choose - Complete Your Master Set,Ungraded,4000,,"[""FIXED_PRICE""]",pokemagiccardshop,https://i.ebayimg.com/images/g/RNEAAeSwqPlo5X-4/s-l225.jpg,cdfc0223-40ef-4e4b-a9f2-3a809ae1c3df,f6e9d756-3a7b-4c8e-b87c-06cacb0d3c7e,Flareon,Scarlet and Violet 151,136,rare,NO,SINGLE_CARD,RAW,CARD,,,,INCONSISTENT,Donny,2026-09-14T00:18:39.112761+00:00,,
D4-0371,v1|156241664107|457227513183,https://www.ebay.com/itm/156241664107?_skw=Flareon+136+Scarlet+and+Violet+151&var=457227513183&hash=item2460ba986b:g:WTQAAOSwemtoM51q,Pokemon 151 Cards! Holo/Reverse Holo Ex Illustration Ultra Double Rare Card!,Ungraded,4000,,"[""FIXED_PRICE""]",overstackedcards,https://i.ebayimg.com/images/g/WTQAAOSwemtoM51q/s-l225.jpg,cdfc0223-40ef-4e4b-a9f2-3a809ae1c3df,f6e9d756-3a7b-4c8e-b87c-06cacb0d3c7e,Flareon,Scarlet and Violet 151,136,rare,NO,SINGLE_CARD,RAW,CARD,,,,INCONSISTENT,Donny,2026-09-14T00:18:39.917386+00:00,,
D4-0372,v1|406916470246|0,https://www.ebay.com/itm/406916470246?_skw=Roaring+Moon+ex+162+Prismatic+Evolutions+Pokemon+card&hash=item5ebe1c95e6:g:WNoAAeSw10RqAABs,Pokémon TCG Prismatic Evolutions Roaring Moon EX Card 162/131 Sir NM Holo PSA 9,Graded,2750,,"[""FIXED_PRICE"", ""BEST_OFFER""]",ntxcard_0,https://i.ebayimg.com/images/g/WNoAAeSw10RqAABs/s-l225.jpg,d09b2fb5-41b6-4d1e-88cf-629402434501,efae0727-f8c2-48c5-a33e-c308be0d288d,Roaring Moon ex,Prismatic Evolutions,162,special_illustration_rare,NO,SINGLE_CARD,GRADED,CARD,,,,,Donny,2026-09-14T00:18:41.710694+00:00,,
D4-0373,v1|177579923041|0,https://www.ebay.com/itm/177579923041?_skw=Roaring+Moon+ex+162+Prismatic+Evolutions+Pokemon+card&hash=item2958969661:g:QxoAAeSwYARpGQcm&amdata=enc%3AAQALAAABEACCtXRWQnOEpyOqnQQ8KGbPL1TXoBun6Enf%2BMKa4YvvIN0HTaVVae5rmQ98WF0vuH%2B0oCrTdVPSfC1RPXTK6JgNpu0sjQTCH7mDA%2Bfc9IJHsWVezQDg5Gc6E9Ua1Wv2GciNL8UiIW4hamQnQ22%2FeZS1EOBoOC%2BqWQGZl%2BhWycr3Wgl7RQLml3p7TZoLiO2KZu1DmiFqeQn8GB4pJiAVkvgDduP5aLjeREKRXgkqOF1csZOovxxKko3ckyFomy7FbaOYVU%2Bgbz1OLdMrfcapCavhktSEroX%2FQ7vTCwBSk95wITSnb2DSsB5s1OsK6FHc32Fks4MdRXY%2BEiSfBMgTzYNH%2FjZXMBJSSgWxYsothZjY,Pokemon TCG Prismatic Evolutions #162/131 Roaring Moon ex NM,Ungraded,4000,,"[""FIXED_PRICE""]",cw-valuecards2,https://i.ebayimg.com/images/g/QxoAAeSwYARpGQcm/s-l225.jpg,d09b2fb5-41b6-4d1e-88cf-629402434501,efae0727-f8c2-48c5-a33e-c308be0d288d,Roaring Moon ex,Prismatic Evolutions,162,special_illustration_rare,YES,SINGLE_CARD,RAW,CARD,,,,,Donny,2026-09-14T00:18:42.473981+00:00,,
D4-0374,v1|318851330672|0,https://www.ebay.com/itm/318851330672?_skw=Roaring+Moon+ex+162+Prismatic+Evolutions&hash=item4a3d053270:g:nJUAAeSwMcNqonWE,2025 Pokemon Prismatic Evolutions #162/131 Roaring Moon ex Special Illustration,Ungraded,4000,,"[""FIXED_PRICE""]",burbanksportscards,https://i.ebayimg.com/images/g/nJUAAeSwMcNqonWE/s-l225.jpg,d09b2fb5-41b6-4d1e-88cf-629402434501,efae0727-f8c2-48c5-a33e-c308be0d288d,Roaring Moon ex,Prismatic Evolutions,162,special_illustration_rare,YES,SINGLE_CARD,RAW,CARD,,,,,Donny,2026-09-14T00:18:43.094528+00:00,,
D4-0375,v1|198477524009|0,https://www.ebay.com/itm/198477524009?_skw=Roaring+Moon+ex+162+Prismatic+Evolutions&hash=item2e362eac29:g:AWsAAeSwWbdqSoRQ,Roaring Moon ex - 162/131 - Pokemon Prismatic Evolutions Special Illustration NM,Ungraded,4000,,"[""FIXED_PRICE"", ""BEST_OFFER""]",canadiancardz_24,https://i.ebayimg.com/images/g/AWsAAeSwWbdqSoRQ/s-l225.jpg,d09b2fb5-41b6-4d1e-88cf-629402434501,efae0727-f8c2-48c5-a33e-c308be0d288d,Roaring Moon ex,Prismatic Evolutions,162,special_illustration_rare,NO,SINGLE_CARD,RAW,CARD,INCONSISTENT,,,,Donny,2026-09-14T00:18:44.996806+00:00,,
D4-0376,v1|820069762080|0,https://www.ebay.com/itm/820069762080?_skw=Roaring+Moon+ex+162+Prismatic+Evolutions+Pokemon+card&hash=itembeeff78420:g:IRUAAeSwgW9qlaTe,Pokemon 2025 Pre-EN Special Illustration Rare #162 Roaring Moon EX PSA 9,Graded,2750,,"[""FIXED_PRICE"", ""BEST_OFFER""]",gertro_70,https://i.ebayimg.com/images/g/IRUAAeSwgW9qlaTe/s-l225.jpg,d09b2fb5-41b6-4d1e-88cf-629402434501,efae0727-f8c2-48c5-a33e-c308be0d288d,Roaring Moon ex,Prismatic Evolutions,162,special_illustration_rare,NO,SINGLE_CARD,GRADED,CARD,,,,,Donny,2026-09-14T00:18:45.989063+00:00,,
D4-0377,v1|298645651063|0,https://www.ebay.com/itm/298645651063?_skw=Roaring+Moon+ex+162+Prismatic+Evolutions&hash=item4588aafe77:g:NG0AAeSw6wNqmyBb,2025 POKEMON PRE EN-PRISMATIC EVOLUTIONS #162 ROARING MOON EX PSA 9,Graded,2750,,"[""AUCTION""]",psa,https://i.ebayimg.com/images/g/NG0AAeSw6wNqmyBb/s-l225.jpg,d09b2fb5-41b6-4d1e-88cf-629402434501,efae0727-f8c2-48c5-a33e-c308be0d288d,Roaring Moon ex,Prismatic Evolutions,162,special_illustration_rare,NO,SINGLE_CARD,GRADED,CARD,,,,,Donny,2026-09-14T00:18:47.166814+00:00,,
D4-0378,v1|178369287220|0,https://www.ebay.com/itm/178369287220?_skw=Grafaiai+223+Paldea+Evolved+Pokemon+card&hash=item2987a35434:g:R0EAAeSwJaRqcDwj,Grafaiai 223/193 Illustration Rare Paldea Evolved Pokemon Holo NM,Ungraded,4000,,"[""FIXED_PRICE""]",pcamart,https://i.ebayimg.com/images/g/R0EAAeSwJaRqcDwj/s-l225.jpg,d12a209b-06a3-4b46-82d3-a374e6bbe7b4,d0d523dc-3f95-4bbc-beb6-75b3d2a15cae,Grafaiai,Paldea Evolved,223,illustration_rare,YES,SINGLE_CARD,RAW,CARD,,,,,Donny,2026-09-14T00:18:48.074042+00:00,,
D4-0379,v1|316207767003|0,https://www.ebay.com/itm/316207767003?_skw=Grafaiai+223+Paldea+Evolved+Pokemon+card&hash=item499f739ddb:g:1PEAAOSwa6Rnpu10,2023 GRAFAIAI #223 POKEMON PALDEA EVOLVE ILLUSTRATION RARE PSA 10 POP 83,Graded,2750,,"[""FIXED_PRICE"", ""BEST_OFFER""]",ikes777,https://i.ebayimg.com/images/g/1PEAAOSwa6Rnpu10/s-l225.jpg,d12a209b-06a3-4b46-82d3-a374e6bbe7b4,d0d523dc-3f95-4bbc-beb6-75b3d2a15cae,Grafaiai,Paldea Evolved,223,illustration_rare,NO,SINGLE_CARD,GRADED,CARD,,,,,Donny,2026-09-14T00:18:49.365847+00:00,,
D4-0380,v1|366583779149|0,https://www.ebay.com/itm/366583779149?_skw=Grafaiai+223+Paldea+Evolved+Pokemon+card&hash=item555a188f4d:g:LMMAAeSwgblqcNIZ,Grafaiai Holo Illustration Rare SV02: Paldea Evolved 223/193 NM,Ungraded,4000,,"[""FIXED_PRICE"", ""BEST_OFFER""]",nwgacollectibles,https://i.ebayimg.com/images/g/LMMAAeSwgblqcNIZ/s-l225.jpg,d12a209b-06a3-4b46-82d3-a374e6bbe7b4,d0d523dc-3f95-4bbc-beb6-75b3d2a15cae,Grafaiai,Paldea Evolved,223,illustration_rare,YES,SINGLE_CARD,RAW,CARD,,,,,Donny,2026-09-14T00:18:50.170987+00:00,,
D4-0381,v1|186002881492|0,https://www.ebay.com/itm/186002881492?_skw=Grafaiai+223+Paldea+Evolved+Pokemon+card&hash=item2b4ea2bbd4:g:QXYAAeSwJLJohfiD,Grafaiai 223/193 Paldea Evolved Illustration Rare Holo Pokemon Card * New *,Ungraded,4000,,"[""FIXED_PRICE"", ""BEST_OFFER""]",tcg-awesomeness,https://i.ebayimg.com/images/g/QXYAAeSwJLJohfiD/s-l225.jpg,d12a209b-06a3-4b46-82d3-a374e6bbe7b4,d0d523dc-3f95-4bbc-beb6-75b3d2a15cae,Grafaiai,Paldea Evolved,223,illustration_rare,YES,SINGLE_CARD,RAW,CARD,,,,,Donny,2026-09-14T00:18:50.688804+00:00,,
D4-0382,v1|406868773458|0,https://www.ebay.com/itm/406868773458?_skw=Grafaiai+223+Paldea+Evolved+Pokemon+card&hash=item5ebb44ca52:g:~wkAAeSwG5Vp5EiN,Pokémon The Pokémon Company Grafaiai 223/193 Full Art Holo Illustration Rare,Ungraded,4000,,"[""FIXED_PRICE"", ""BEST_OFFER""]",dagr422293,https://i.ebayimg.com/images/g/~wkAAeSwG5Vp5EiN/s-l225.jpg,d12a209b-06a3-4b46-82d3-a374e6bbe7b4,d0d523dc-3f95-4bbc-beb6-75b3d2a15cae,Grafaiai,Paldea Evolved,223,illustration_rare,YES,SINGLE_CARD,RAW,CARD,,,,,Donny,2026-09-14T00:18:51.272127+00:00,,
D4-0383,v1|168529098779|0,https://www.ebay.com/itm/168529098779?_skw=Grafaiai+223+Paldea+Evolved+Pokemon+card&hash=item273d1df81b:g:rvcAAeSwtxVqUhdV,Grafaiai 223/193 Sv02: Paldea Evolved Holo,Ungraded,4000,,"[""FIXED_PRICE"", ""BEST_OFFER""]",ohdangcollectibles,https://i.ebayimg.com/images/g/rvcAAeSwtxVqUhdV/s-l225.jpg,d12a209b-06a3-4b46-82d3-a374e6bbe7b4,d0d523dc-3f95-4bbc-beb6-75b3d2a15cae,Grafaiai,Paldea Evolved,223,illustration_rare,YES,SINGLE_CARD,RAW,CARD,,,,,Donny,2026-09-14T00:18:57.849880+00:00,,
D4-0384,v1|398388477805|0,https://www.ebay.com/itm/398388477805?_skw=Zekrom+ex+166+Black+Bolt&hash=item5cc1cdbf6d:g:HCsAAeSwollqpbVz&amdata=enc%3AAQALAAABAACCtXRWQnOEpyOqnQQ8KGb3cjNZwmbFtxD9Q0TZa%2FJ33Xn%2B%2FjBFozESurW0iAYmsImt4%2FWjOPBVSlXwYCUQickq%2BZt5HaRmFlNpcCsR27jLiFm8AwTbkT%2B2nMw4Wz80T1Y9mwJpyVQAksfcDa1Sn8joHKro%2BZa8%2BFy%2Faedoya%2B3t21cNQ5lYvfvUCBRU38MJ7yL6iHbck7VQ%2BOBu30TscdI%2BsfQmC%2BrBZSfpdkz0aUQLT4SkHzbG%2B9ap2SOBy9MiJaZXtNCrB1Hj5MLKlojbNqmbGNYoCpjkrftQDTrIbvS7CtaV4XPjIGgUQ7qtLDMSOXrZuX98eOUzY7GnbH7%2FaU%3D,Pokemon TCG Zekrom ex 166/086 SV Black Bolt SIR Holo English 230HP,Ungraded,4000,,"[""FIXED_PRICE"", ""BEST_OFFER""]",da-520473,https://i.ebayimg.com/images/g/HCsAAeSwollqpbVz/s-l225.jpg,d4ff3ebb-7e40-4a36-88e6-f07af2977641,1424e3da-f59e-47f2-8310-dfad3baf354b,Zekrom ex,Black Bolt,166,special_illustration_rare,YES,SINGLE_CARD,RAW,CARD,,,,,Donny,2026-09-14T00:18:58.180697+00:00,,
D4-0385,v1|188917141510|0,https://www.ebay.com/itm/188917141510?_skw=Zekrom+ex+166+Black+Bolt&hash=item2bfc56d006:g:zhAAAeSwuaFqpDAV,PSA 10 Zekrom ex 166/086 Sv: Black Bolt Special Illustration Rare Holo EN,Graded,2750,,"[""FIXED_PRICE"", ""BEST_OFFER""]",rggdj-32,https://i.ebayimg.com/images/g/zhAAAeSwuaFqpDAV/s-l225.jpg,d4ff3ebb-7e40-4a36-88e6-f07af2977641,1424e3da-f59e-47f2-8310-dfad3baf354b,Zekrom ex,Black Bolt,166,special_illustration_rare,NO,SINGLE_CARD,GRADED,CARD,,,,,Donny,2026-09-14T00:18:59.657505+00:00,,
D4-0386,v1|327316583309|0,https://www.ebay.com/itm/327316583309?_skw=Zekrom+ex+166+Black+Bolt&hash=item4c3596b38d:g:beIAAeSwpEtqhLSb,Zekrom ex [166/086 Special Illustration Rare] Pokemon TCG Black Bolt - English,Ungraded,4000,,"[""FIXED_PRICE""]",tonydile_trades,https://i.ebayimg.com/images/g/beIAAeSwpEtqhLSb/s-l225.jpg,d4ff3ebb-7e40-4a36-88e6-f07af2977641,1424e3da-f59e-47f2-8310-dfad3baf354b,Zekrom ex,Black Bolt,166,special_illustration_rare,YES,SINGLE_CARD,RAW,CARD,,,,,Donny,2026-09-14T00:19:00.120906+00:00,,
D4-0387,v1|178397414397|0,https://www.ebay.com/itm/178397414397?_skw=Zekrom+ex+166+Black+Bolt+Pokemon+card&hash=item29895083fd:g:MP0AAeSwsnZqe4V2,2025 Black Bolt Zekrom ex Secret Rare #166/086,Ungraded,4000,,"[""FIXED_PRICE"", ""BEST_OFFER""]",gamedaylr,https://i.ebayimg.com/images/g/MP0AAeSwsnZqe4V2/s-l225.jpg,d4ff3ebb-7e40-4a36-88e6-f07af2977641,1424e3da-f59e-47f2-8310-dfad3baf354b,Zekrom ex,Black Bolt,166,special_illustration_rare,YES,SINGLE_CARD,RAW,CARD,,,,,Donny,2026-09-14T00:19:00.695691+00:00,,
D4-0388,v1|178457051435|0,https://www.ebay.com/itm/178457051435?_skw=Zekrom+ex+166+Black+Bolt+Pokemon+card&hash=item298cde812b:g:lCIAAeSwsDVqlhGr,SV: Black Bolt Zekrom ex #166/086,Ungraded,4000,,"[""FIXED_PRICE""]",orbsportscards,https://i.ebayimg.com/images/g/lCIAAeSwsDVqlhGr/s-l225.jpg,d4ff3ebb-7e40-4a36-88e6-f07af2977641,1424e3da-f59e-47f2-8310-dfad3baf354b,Zekrom ex,Black Bolt,166,special_illustration_rare,YES,SINGLE_CARD,RAW,CARD,,,,,Donny,2026-09-14T00:19:01.309905+00:00,,
D4-0389,v1|267758862098|0,https://www.ebay.com/itm/267758862098?_skw=Zekrom+ex+166+Black+Bolt+Pokemon+card&hash=item3e57abff12:g:kTEAAeSwIDhqgX1k,Zekrom ex Black Bolt Special Illustration Holo Rare Pokemon NM 166/086,Ungraded,4000,,"[""FIXED_PRICE"", ""BEST_OFFER""]",mlolopemarv,https://i.ebayimg.com/images/g/kTEAAeSwIDhqgX1k/s-l225.jpg,d4ff3ebb-7e40-4a36-88e6-f07af2977641,1424e3da-f59e-47f2-8310-dfad3baf354b,Zekrom ex,Black Bolt,166,special_illustration_rare,YES,SINGLE_CARD,RAW,CARD,,,,,Donny,2026-09-14T00:19:01.775440+00:00,,
D4-0390,v1|307143044914|0,https://www.ebay.com/itm/307143044914?_skw=Jamming+Tower+261+Ascended+Heroes+Pokemon+card&hash=item478326ef32:g:lLUAAeSwIR1qi8CR,Jamming Tower 261/217 Ultra Rare Ascended Heroes Pokemon Holo Near Mint,Ungraded,4000,,"[""FIXED_PRICE""]",pokemart1n,https://i.ebayimg.com/images/g/lLUAAeSwIR1qi8CR/s-l225.jpg,e26de7b7-434e-4bec-8fc2-fb15b971b1a7,44b0372c-396d-43e9-84bb-afad2d04128f,Jamming Tower,Ascended Heroes,261,ultra_rare,YES,SINGLE_CARD,RAW,CARD,,,,,Donny,2026-09-14T00:19:02.512951+00:00,,
D4-0391,v1|147534064143|0,https://www.ebay.com/itm/147534064143?_skw=Jamming+Tower+261+Ascended+Heroes+Pokemon+card&hash=item2259b72a0f:g:1RgAAeSw~gJqkhMT,JAMMING TOWER POKEMON ASCENDED HEROES 261/217 ULTRA RARE LIGHTLY PLAYED,Ungraded,4000,,"[""FIXED_PRICE""]",halocop237,https://i.ebayimg.com/images/g/1RgAAeSw~gJqkhMT/s-l225.jpg,e26de7b7-434e-4bec-8fc2-fb15b971b1a7,44b0372c-396d-43e9-84bb-afad2d04128f,Jamming Tower,Ascended Heroes,261,ultra_rare,YES,SINGLE_CARD,RAW,CARD,,,,,Donny,2026-09-14T00:19:02.951125+00:00,,
D4-0392,v1|820040960829|0,https://www.ebay.com/itm/820040960829?_skw=Jamming+Tower+261+Ascended+Heroes+Pokemon+card&hash=itembeee400b3d:g:YZEAAeSw0HxqjBIk,NM Jamming Tower Holo Ascended Heroes 261/217 UR Pokemon Card,Ungraded,4000,,"[""FIXED_PRICE"", ""BEST_OFFER""]",hendo_collects101,https://i.ebayimg.com/images/g/YZEAAeSw0HxqjBIk/s-l225.jpg,e26de7b7-434e-4bec-8fc2-fb15b971b1a7,44b0372c-396d-43e9-84bb-afad2d04128f,Jamming Tower,Ascended Heroes,261,ultra_rare,YES,SINGLE_CARD,RAW,CARD,,,,,Donny,2026-09-14T00:19:03.327307+00:00,,
D4-0393,v1|287322807959|0,https://www.ebay.com/itm/287322807959?_skw=Jamming+Tower+261+Ascended+Heroes+Pokemon+card&hash=item42e5c61e97:g:xfUAAeSwVqBqAAwl&amdata=enc%3AAQALAAABEACCtXRWQnOEpyOqnQQ8KGbGN0BIU2Rc%2BQfMmlfYohHlsuwt1djq05lGOfuk%2FT%2BYFq%2Ft4nOZ9lTVT2e40SY74Crde%2B0%2BS6GyHyZ1qff6QRbGEUlV6IZ7sgcun4G%2F%2BdYrp8Yvr%2F28sF%2Be%2BDAZm5XeIWSVPhC6SN8qAhY74759IzWTXEJQ09qt73WC2F4AWj0RuSFgG4R2zaVpjtM4rjtJeLU5WlX3yIoLscSOnvKbcoTeKj6s%2BZw0qPJsfW1vnA0aSy3%2F1tpY0ONOmXR9ZlW43%2FamYyjHnZuJxtxOS7jmCjLXBZOVxzOWGurVh7Ol4Pn%2FP6CTQcNg7B%2F4cljXLc1CbZkHQYdX57hYR8vFatihxzif,Jamming Tower 261/217 Ultra Rare Ascended Heroes Pokemon Near Mint,Ungraded,4000,,"[""FIXED_PRICE""]",pokesauce,https://i.ebayimg.com/images/g/xfUAAeSwVqBqAAwl/s-l225.jpg,e26de7b7-434e-4bec-8fc2-fb15b971b1a7,44b0372c-396d-43e9-84bb-afad2d04128f,Jamming Tower,Ascended Heroes,261,ultra_rare,YES,SINGLE_CARD,RAW,CARD,,,,,Donny,2026-09-14T00:19:03.723180+00:00,,
D4-0394,v1|377318855922|0,https://www.ebay.com/itm/377318855922?_skw=Jamming+Tower+261+Ascended+Heroes&hash=item57d9f4d4f2:g:FEUAAeSw505qScqz,Jamming Tower 261/217 Ultra Rare Ascended Heroes Pokemon Holo Near Mint,Ungraded,4000,,"[""FIXED_PRICE""]",minimonstertcg,https://i.ebayimg.com/images/g/FEUAAeSw505qScqz/s-l225.jpg,e26de7b7-434e-4bec-8fc2-fb15b971b1a7,44b0372c-396d-43e9-84bb-afad2d04128f,Jamming Tower,Ascended Heroes,261,ultra_rare,YES,SINGLE_CARD,RAW,CARD,,,,,Donny,2026-09-14T00:19:04.270006+00:00,,
D4-0395,v1|227455652239|0,https://www.ebay.com/itm/227455652239?_skw=Jamming+Tower+261+Ascended+Heroes+Pokemon+card&hash=item34f569d18f:g:skQAAeSwT55qa-4O,Jamming Tower 261/217 ME: Ascended Heroes Ultra Rare Pokemon Card,Ungraded,4000,,"[""FIXED_PRICE""]",legends_lugia,https://i.ebayimg.com/images/g/skQAAeSwT55qa-4O/s-l225.jpg,e26de7b7-434e-4bec-8fc2-fb15b971b1a7,44b0372c-396d-43e9-84bb-afad2d04128f,Jamming Tower,Ascended Heroes,261,ultra_rare,YES,SINGLE_CARD,RAW,CARD,,,,,Donny,2026-09-14T00:19:04.794539+00:00,,
D4-0396,v1|188840154022|0,https://www.ebay.com/itm/188840154022?_skw=Team+Rocket%27s+Giovanni+204+Ascended+Heroes+Pokemon+card&hash=item2bf7c013a6:g:w~8AAeSwGGJqjdQK,Team Rocket's Giovanni Reverse Holo Uncommon ME: Ascended Heroes 204/217 NM,Ungraded,4000,,"[""FIXED_PRICE""]",infinitetcgz,https://i.ebayimg.com/images/g/w~8AAeSwGGJqjdQK/s-l225.jpg,ec8fec81-b57d-442a-baf0-91882c40de6e,67ea57e5-8821-4372-ac63-4c6e3f81f261,Team Rocket's Giovanni,Ascended Heroes,204,uncommon,NO,SINGLE_CARD,RAW,CARD,,,,INCONSISTENT,Donny,2026-09-14T00:19:07.438633+00:00,,
D4-0397,v1|188698683727|0,https://www.ebay.com/itm/188698683727?_skw=Team+Rocket%27s+Giovanni+204+Ascended+Heroes&hash=item2bef51694f:g:20AAAeSwazxqdLXS,Pokemon Team Rocket's Giovanni 204/217 ME: Ascended Heroes Uncommon NM TCG,Ungraded,4000,,"[""FIXED_PRICE""]",cardflipsnoflops,https://i.ebayimg.com/images/g/20AAAeSwazxqdLXS/s-l225.jpg,ec8fec81-b57d-442a-baf0-91882c40de6e,67ea57e5-8821-4372-ac63-4c6e3f81f261,Team Rocket's Giovanni,Ascended Heroes,204,uncommon,YES,SINGLE_CARD,RAW,CARD,,,,,Donny,2026-09-14T00:19:08.295708+00:00,,
D4-0398,v1|820089236623|0,https://www.ebay.com/itm/820089236623?_skw=Team+Rocket%27s+Giovanni+204+Ascended+Heroes+Pokemon+card&hash=itembef120ac8f:g:Sm4AAeSwxqFqm4SX,Pokemon TCG Team Rocket's Giovanni 204/217 Ascended Heroes Reverse Holo NM,Ungraded,4000,,"[""FIXED_PRICE"", ""BEST_OFFER""]",jdqtrading,https://i.ebayimg.com/images/g/Sm4AAeSwxqFqm4SX/s-l225.jpg,ec8fec81-b57d-442a-baf0-91882c40de6e,67ea57e5-8821-4372-ac63-4c6e3f81f261,Team Rocket's Giovanni,Ascended Heroes,204,uncommon,NO,SINGLE_CARD,RAW,CARD,,,,INCONSISTENT,Donny,2026-09-14T00:19:09.105375+00:00,,
D4-0399,v1|336720030792|0,https://www.ebay.com/itm/336720030792?_skw=Team+Rocket%27s+Giovanni+204+Ascended+Heroes+Pokemon+card&hash=item4e6613ec48:g:MRYAAeSwzDRqbhI4,Team Rocket's Giovanni 204/217 Uncommon Ascended Heroes Pokemon Near Mint,Ungraded,4000,,"[""FIXED_PRICE""]",luckycat-collectables,https://i.ebayimg.com/images/g/MRYAAeSwzDRqbhI4/s-l225.jpg,ec8fec81-b57d-442a-baf0-91882c40de6e,67ea57e5-8821-4372-ac63-4c6e3f81f261,Team Rocket's Giovanni,Ascended Heroes,204,uncommon,YES,SINGLE_CARD,RAW,CARD,,,,,Donny,2026-09-14T00:19:09.928051+00:00,,
D4-0400,v1|377440955752|0,https://www.ebay.com/itm/377440955752?_skw=Team+Rocket%27s+Giovanni+204+Ascended+Heroes+Pokemon+card&hash=item57e13bed68:g:nyYAAeSwIR1qiffW,Team Rocket's Giovanni 204/217 Uncommon Ascended Heroes Pokemon Reverse Holo NM,Ungraded,4000,,"[""FIXED_PRICE""]",controlledchaostcgsales,https://i.ebayimg.com/images/g/nyYAAeSwIR1qiffW/s-l225.jpg,ec8fec81-b57d-442a-baf0-91882c40de6e,67ea57e5-8821-4372-ac63-4c6e3f81f261,Team Rocket's Giovanni,Ascended Heroes,204,uncommon,NO,SINGLE_CARD,RAW,CARD,,,,INCONSISTENT,Donny,2026-09-14T00:19:10.665034+00:00,,
D4-0401,v1|800074890801|0,https://www.ebay.com/itm/800074890801?_skw=Team+Rocket%27s+Giovanni+204+Ascended+Heroes+Pokemon+card&hash=itemba482dfe31:g:TQsAAeSw-8pqFegR,TEAM ROCKET'S GIOVANNI 204/217 UNCOMMON ASCENDED HEROES POKEMON NM,Ungraded,4000,,"[""FIXED_PRICE""]",slabstreetcardsllc,https://i.ebayimg.com/images/g/TQsAAeSw-8pqFegR/s-l225.jpg,ec8fec81-b57d-442a-baf0-91882c40de6e,67ea57e5-8821-4372-ac63-4c6e3f81f261,Team Rocket's Giovanni,Ascended Heroes,204,uncommon,YES,SINGLE_CARD,RAW,CARD,,,,,Donny,2026-09-14T00:19:11.466182+00:00,,
D4-0402,v1|336367517188|545896897061,https://www.ebay.com/itm/336367517188?_skw=Coalossal+95+Temporal+Forces+Pokemon+card&hash=item4e5110fe04:g:H18AAeSwdvRpX5A0,Pokemon TCG Temporal Forces (TEF) Singles - Mix & Match cards to save up to 50%!,Ungraded,4000,,"[""FIXED_PRICE""]",sigglecow,https://i.ebayimg.com/images/g/H18AAeSwdvRpX5A0/s-l225.jpg,ecfe51fb-3435-4e1c-8542-8809cd6f95ff,db1498a4-579d-4bbe-b887-8368299e735f,Coalossal,Temporal Forces,95,uncommon,YES,SINGLE_CARD,RAW,CARD,,,,,Donny,2026-09-14T00:19:12.374574+00:00,,
D4-0403,v1|137719881338|0,https://www.ebay.com/itm/137719881338?_skw=Coalossal+95+Temporal+Forces+Pokemon+card&hash=item2010be9e7a:g:j3YAAeSwwmVqog-x,Coalossal Uncommon SV05: Temporal Forces 095/162 NM,Ungraded,4000,,"[""FIXED_PRICE"", ""BEST_OFFER""]",tones_toys,https://i.ebayimg.com/images/g/j3YAAeSwwmVqog-x/s-l225.jpg,ecfe51fb-3435-4e1c-8542-8809cd6f95ff,db1498a4-579d-4bbe-b887-8368299e735f,Coalossal,Temporal Forces,95,uncommon,YES,SINGLE_CARD,RAW,CARD,,,,,Donny,2026-09-14T00:19:12.988460+00:00,,
D4-0404,v1|407076232696|0,https://www.ebay.com/itm/407076232696?_skw=Coalossal+95+Temporal+Forces+Pokemon+card&hash=item5ec7a25df8:g:5wEAAeSw459qWDZM,COALOSSAL 095/162 UNCOMMON TEMPORAL FORCES POKEMON NM/M,Ungraded,4000,,"[""FIXED_PRICE""]",dt_holdings,https://i.ebayimg.com/images/g/5wEAAeSw459qWDZM/s-l225.jpg,ecfe51fb-3435-4e1c-8542-8809cd6f95ff,db1498a4-579d-4bbe-b887-8368299e735f,Coalossal,Temporal Forces,95,uncommon,YES,SINGLE_CARD,RAW,CARD,,,,,Donny,2026-09-14T00:19:13.473868+00:00,,
D4-0405,v1|267208529182|0,https://www.ebay.com/itm/267208529182?_skw=Coalossal+95+Temporal+Forces&hash=item3e36de951e:g:~ioAAeSwnqFn7hLJ,Coalossal 95/162 - Temporal Forces Pokémon TCG ,Ungraded,4000,,"[""FIXED_PRICE""]",mcaz1204,https://i.ebayimg.com/images/g/~ioAAeSwnqFn7hLJ/s-l225.jpg,ecfe51fb-3435-4e1c-8542-8809cd6f95ff,db1498a4-579d-4bbe-b887-8368299e735f,Coalossal,Temporal Forces,95,uncommon,NO,SINGLE_CARD,RAW,CARD,,,,INCONSISTENT,Donny,2026-09-14T00:19:14.533341+00:00,,
D4-0406,v1|388288038303|655469949228,https://www.ebay.com/itm/388288038303?_skw=Coalossal+95+Temporal+Forces+Pokemon+card&hash=item5a67c5459f:g:fUEAAOSwJjBoAxH4,✨UP TO 20% OFF!✨ Choose your Card! Temporal Forces Set Pokemon TCG!,Ungraded,4000,,"[""FIXED_PRICE""]",hyperhobbies,https://i.ebayimg.com/images/g/fUEAAOSwJjBoAxH4/s-l225.jpg,ecfe51fb-3435-4e1c-8542-8809cd6f95ff,db1498a4-579d-4bbe-b887-8368299e735f,Coalossal,Temporal Forces,95,uncommon,NO,SINGLE_CARD,RAW,CARD,,,,,Donny,2026-09-14T00:19:15.539639+00:00,,
D4-0407,v1|376183260684|644911866774,https://www.ebay.com/itm/376183260684?_skw=Coalossal+95+Temporal+Forces+Pokemon+card&hash=item579645060c:g:2eoAAOSwI25oOMaI,Pokemon Temporal Forces Holos & Reverse Holos Choose Your Card! LP/NM,Ungraded,4000,,"[""FIXED_PRICE""]",embercards,https://i.ebayimg.com/images/g/2eoAAOSwI25oOMaI/s-l225.jpg,ecfe51fb-3435-4e1c-8542-8809cd6f95ff,db1498a4-579d-4bbe-b887-8368299e735f,Coalossal,Temporal Forces,95,uncommon,NO,SINGLE_CARD,RAW,CARD,,,,,Donny,2026-09-14T00:19:16.422562+00:00,,
D4-0408,v1|257728803687|0,https://www.ebay.com/itm/257728803687?_skw=Meowth+106+Phantasmal+Flames+Pokemon+card&hash=item3c01d57367:g:J5sAAeSwEQFqnkeX,Meowth Phantasmal Flames 106/094 Illustration Rare Holo Near Mint - Pokemon Card,Ungraded,4000,,"[""AUCTION""]",alphaandomegacollectibles,https://i.ebayimg.com/images/g/J5sAAeSwEQFqnkeX/s-l225.jpg,f01e01fe-17e4-48b7-8ba3-9a88f876acd4,7c3e24f9-be0e-4de8-86fc-9fb913792294,Meowth,Phantasmal Flames,106,illustration_rare,YES,SINGLE_CARD,RAW,CARD,,,,,Donny,2026-09-14T00:19:17.665362+00:00,,
D4-0409,v1|188737854398|0,https://www.ebay.com/itm/188737854398?_skw=Meowth+106+Phantasmal+Flames&hash=item2bf1a71bbe:g:CtgAAeSw4oNqcNOF,Pokémon Meowth 106/094 Phantasmal Flames Illustration Rare Holo EN,Ungraded,4000,,"[""FIXED_PRICE"", ""BEST_OFFER""]",mbareng12,https://i.ebayimg.com/images/g/CtgAAeSw4oNqcNOF/s-l225.jpg,f01e01fe-17e4-48b7-8ba3-9a88f876acd4,7c3e24f9-be0e-4de8-86fc-9fb913792294,Meowth,Phantasmal Flames,106,illustration_rare,YES,SINGLE_CARD,RAW,CARD,,,,,Donny,2026-09-14T00:19:18.050689+00:00,,
D4-0410,v1|178488242271|0,https://www.ebay.com/itm/178488242271?_skw=Meowth+106+Phantasmal+Flames+Pokemon+card&hash=item298eba705f:g:ZecAAeSwFqxqpFhi,ME02: Phantasmal Flames Meowth #106/094,Ungraded,4000,,"[""FIXED_PRICE""]",orbsportscards,https://i.ebayimg.com/images/g/ZecAAeSwFqxqpFhi/s-l225.jpg,f01e01fe-17e4-48b7-8ba3-9a88f876acd4,7c3e24f9-be0e-4de8-86fc-9fb913792294,Meowth,Phantasmal Flames,106,illustration_rare,YES,SINGLE_CARD,RAW,CARD,,,,,Donny,2026-09-14T00:19:18.277987+00:00,,
D4-0411,v1|377491705635|0,https://www.ebay.com/itm/377491705635?_skw=Meowth+106+Phantasmal+Flames&hash=item57e4424f23:g:XNMAAeSwf55qpgOC,Meowth 106/094 Me02: Phantasmal Flames Holo TAG 10 PSA,Graded,2750,,"[""FIXED_PRICE"", ""BEST_OFFER""]",gobisvalleycollectiblesandgames,https://i.ebayimg.com/images/g/XNMAAeSwf55qpgOC/s-l225.jpg,f01e01fe-17e4-48b7-8ba3-9a88f876acd4,7c3e24f9-be0e-4de8-86fc-9fb913792294,Meowth,Phantasmal Flames,106,illustration_rare,NO,SINGLE_CARD,GRADED,CARD,,,,,Donny,2026-09-14T00:19:19.742876+00:00,,
D4-0412,v1|158268980808|0,https://www.ebay.com/itm/158268980808?_skw=Meowth+106+Phantasmal+Flames&hash=item24d990fe48:g:O6MAAeSwThtqnz22,Pokemon TCG Meowth 106/094 Phantasmal Flames Holo Illus Rare EN,Ungraded,4000,,"[""AUCTION""]",guslz13,https://i.ebayimg.com/images/g/O6MAAeSwThtqnz22/s-l225.jpg,f01e01fe-17e4-48b7-8ba3-9a88f876acd4,7c3e24f9-be0e-4de8-86fc-9fb913792294,Meowth,Phantasmal Flames,106,illustration_rare,YES,SINGLE_CARD,RAW,CARD,,,,,Donny,2026-09-14T00:19:20.326861+00:00,,
D4-0413,v1|800655193361|0,https://www.ebay.com/itm/800655193361?_skw=Meowth+106+Phantasmal+Flames+Pokemon+card&hash=itemba6ac4b511:g:KTQAAeSwvd5qppWO,2025 Pokémon Meowth 106/094 Phantasmal Flames Illustration Rare Holo EN,Ungraded,4000,,"[""FIXED_PRICE""]",punkduckcollections-52,https://i.ebayimg.com/images/g/KTQAAeSwvd5qppWO/s-l225.jpg,f01e01fe-17e4-48b7-8ba3-9a88f876acd4,7c3e24f9-be0e-4de8-86fc-9fb913792294,Meowth,Phantasmal Flames,106,illustration_rare,YES,SINGLE_CARD,RAW,CARD,,,,,Donny,2026-09-14T00:19:23.156173+00:00,,
D4-0414,v1|158016518830|0,https://www.ebay.com/itm/158016518830?_skw=Team+Rocket%27s+Nidoking+ex+233+Destined+Rivals+Pokemon+card&hash=item24ca84baae:g:SloAAeSw9AZqOKQl,2025 POKEMON DRI EN-DESTINED RIVALS #233 TEAM ROCKET'S NIDOKING EX 182 PSA 9,Graded,2750,,"[""FIXED_PRICE"", ""BEST_OFFER""]",chiefprizm,https://i.ebayimg.com/images/g/SloAAeSw9AZqOKQl/s-l225.jpg,fd225f1d-3765-4209-a5ec-42caf35933b0,92fdb409-1454-43ef-87ee-19095f700462,Team Rocket's Nidoking ex,Destined Rivals,233,special_illustration_rare,NO,SINGLE_CARD,GRADED,CARD,,,,,Donny,2026-09-14T00:19:24.227386+00:00,,
D4-0415,v1|178466007652|0,https://www.ebay.com/itm/178466007652?_skw=Team+Rocket%27s+Nidoking+ex+233+Destined+Rivals+Pokemon+card&hash=item298d672a64:g:QdgAAeSwv9Nqmi99,Team Rocket's Nidoking ex 233/182 Sv10 Destined Rivals SIR Holo Full Art Auto,Ungraded,4000,,"[""FIXED_PRICE"", ""BEST_OFFER""]",knkfunkos,https://i.ebayimg.com/images/g/QdgAAeSwv9Nqmi99/s-l225.jpg,fd225f1d-3765-4209-a5ec-42caf35933b0,92fdb409-1454-43ef-87ee-19095f700462,Team Rocket's Nidoking ex,Destined Rivals,233,special_illustration_rare,NO,SINGLE_CARD,RAW,CARD,,,,,Donny,2026-09-14T00:19:25.645799+00:00,,
D4-0416,v1|117390660094|0,https://www.ebay.com/itm/117390660094?_skw=Team+Rocket%27s+Nidoking+ex+233+Destined+Rivals&hash=item1b550751fe:g:kNIAAeSwMtZql0Bi,2025 POKEMON DRI EN-DESTINED RIVALS #233 TEAM ROCKET'S NIDOKING EX PSA 10,Graded,2750,,"[""FIXED_PRICE"", ""BEST_OFFER""]",psa,https://i.ebayimg.com/images/g/kNIAAeSwMtZql0Bi/s-l225.jpg,fd225f1d-3765-4209-a5ec-42caf35933b0,92fdb409-1454-43ef-87ee-19095f700462,Team Rocket's Nidoking ex,Destined Rivals,233,special_illustration_rare,NO,SINGLE_CARD,GRADED,CARD,,,,,Donny,2026-09-14T00:19:26.820121+00:00,,
D4-0417,v1|137696442177|0,https://www.ebay.com/itm/137696442177?_skw=Team+Rocket%27s+Nidoking+ex+233+Destined+Rivals+Pokemon+card&hash=item200f58f741:g:EksAAeSw-MtqmiP8,Team Rocket's Nidoking ex | Holofoil | Destined Rivals #233/182,Ungraded,4000,,"[""FIXED_PRICE"", ""BEST_OFFER""]",limitbreakloot,https://i.ebayimg.com/images/g/EksAAeSw-MtqmiP8/s-l225.jpg,fd225f1d-3765-4209-a5ec-42caf35933b0,92fdb409-1454-43ef-87ee-19095f700462,Team Rocket's Nidoking ex,Destined Rivals,233,special_illustration_rare,YES,SINGLE_CARD,RAW,CARD,,,,,Donny,2026-09-14T00:19:27.790978+00:00,,
D4-0418,v1|178460559464|0,https://www.ebay.com/itm/178460559464?_skw=Team+Rocket%27s+Nidoking+ex+233+Destined+Rivals+Pokemon+card&hash=item298d140868:g:j6wAAeSw1Pxql6Tk,Team Rocket's Nidoking ex 233/182 PSA 10 Destined Rivals Special Illustration,Graded,2750,,"[""FIXED_PRICE""]",sunvalleygamingcom,https://i.ebayimg.com/images/g/j6wAAeSw1Pxql6Tk/s-l225.jpg,fd225f1d-3765-4209-a5ec-42caf35933b0,92fdb409-1454-43ef-87ee-19095f700462,Team Rocket's Nidoking ex,Destined Rivals,233,special_illustration_rare,NO,SINGLE_CARD,GRADED,CARD,,,,,Donny,2026-09-14T00:19:30.987048+00:00,,
D4-0419,v1|377465903703|0,https://www.ebay.com/itm/377465903703?_skw=Team+Rocket%27s+Nidoking+ex+233+Destined+Rivals+Pokemon+card&hash=item57e2b89a57:g:Zv8AAeSw3vtqmHxV,Team Rocket's Nidoking ex TAG 10 2025 Sv10 Destined Rivals SIR Holo 233/182,Graded,2750,,"[""FIXED_PRICE"", ""BEST_OFFER""]",bp-bricks,https://i.ebayimg.com/images/g/Zv8AAeSw3vtqmHxV/s-l225.jpg,fd225f1d-3765-4209-a5ec-42caf35933b0,92fdb409-1454-43ef-87ee-19095f700462,Team Rocket's Nidoking ex,Destined Rivals,233,special_illustration_rare,NO,SINGLE_CARD,GRADED,CARD,,,,,Donny,2026-09-14T00:19:38.427754+00:00,,
