benchmark_row_id,partition,canonical_card_id,card_variant_id,target_card_name,target_set_name,target_card_number,target_treatment,listing_item_id,listing_title,category_id,condition,condition_id,localized_aspects_json,buying_options_json,seller_id,image_url,item_url,observed_at
D3-2D9DF8886200F326,D3_BLIND_REVIEW,a3d56338-1f3f-4b99-8920-5d71b8b85737,66f1f173-3a34-44b4-95a3-d0031fa9d3ee,Pikachu ex,Surging Sparks,247,hyper_rare_gold,v1|188828967066|0,Pikachu ex 247/191 Hyper Rare Gold Secret Surging Sparks,,Ungraded,4000,[],"[""FIXED_PRICE""]",am562-21,https://i.ebayimg.com/images/g/ZOsAAeSwmX1qiSdT/s-l225.jpg,https://www.ebay.com/itm/188828967066?_skw=Pikachu+ex+247+Surging+Sparks+Pokemon+card&hash=item2bf715609a:g:ZOsAAeSwmX1qiSdT,2026-09-12T23:42:48.395762+00:00
D3-DEDA966465B781C0,D3_BLIND_REVIEW,3baf2f12-759f-427a-b8d0-2511e639310f,886acc91-d523-4628-bb4a-6ef8db1d8543,Mega Gardevoir ex,Mega Evolution,187,mega_hyper_rare,v1|800006846770|0,"2025 Pokemon - Mega Gardevoir ex 187/132 Me01: Mega Evolution - TAG 9, SCORE 914",,Graded,2750,[],"[""FIXED_PRICE""]",kalmfe,https://i.ebayimg.com/images/g/SgUAAeSwYudqAlVn/s-l225.jpg,https://www.ebay.com/itm/800006846770?_skw=Mega+Gardevoir+ex+187+Mega+Evolution+Pokemon+card&hash=itemba441fb932:g:SgUAAeSwYudqAlVn,2026-09-12T23:42:48.395762+00:00
D3-4BA8443228C69F4B,D3_BLIND_REVIEW,bf928dd7-24bc-4e16-bb5e-afb8122c3241,311abf3f-15cb-4cb8-995f-1937555c4bdd,Fidough,Scarlet and Violet Base Set,213,illustration_rare,v1|287582098886|0,Pokémon TCG Fidough 213/198 I.R. Scarlet & Violet Base Set Mint Condition,,Ungraded,4000,[],"[""FIXED_PRICE"",""BEST_OFFER""]",add2thafuncollectibles,https://i.ebayimg.com/images/g/V5YAAeSw~n5qpTzo/s-l225.jpg,https://www.ebay.com/itm/287582098886?_skw=Fidough+213+Scarlet+and+Violet+Base+Set+Pokemon+card&hash=item42f53a95c6:g:V5YAAeSw~n5qpTzo,2026-09-12T23:42:48.395762+00:00
D3-6BC0F7E2D3393822,D3_BLIND_REVIEW,75720435-3807-46b6-b3da-5e1c53b77822,9ad0c133-f133-45ab-9b3f-494199354e20,Mega Darkrai ex,Pitch Black,116,special_illustration_rare,v1|820079077859|0,Mega Darkrai ex 116/084 - Special Illustration Rare SIR Pitch Black Pokemon NM,,Ungraded,4000,[],"[""FIXED_PRICE""]",thewildcardcollective,https://i.ebayimg.com/images/g/B5AAAeSwO19qnzyW/s-l225.jpg,https://www.ebay.com/itm/820079077859?_skw=Mega+Darkrai+ex+116+Pitch+Black+Pokemon+card&hash=itembef085a9e3:g:B5AAAeSwO19qnzyW,2026-09-12T23:42:48.395762+00:00
D3-3AD642483F8ACBB6,D3_BLIND_REVIEW,b620ec1c-c0ac-4e7e-919d-a7df98bcb84b,8af678f4-09f0-486c-9617-b56896ebeea0,Zweilous,White Flare,147,illustration_rare,v1|178302680557|0,Pokemon TCG Zweilous 147/086 White Flare Illustration Rare Nm,,Ungraded,4000,[],"[""FIXED_PRICE"",""BEST_OFFER""]",artyverse,https://i.ebayimg.com/images/g/sMsAAeSwsFZqUnVR/s-l225.jpg,https://www.ebay.com/itm/178302680557?_skw=Zweilous+147+White+Flare+Pokemon+card&hash=item2983aafded:g:sMsAAeSwsFZqUnVR,2026-09-12T23:42:48.395762+00:00
D3-626E5C138A43FAEC,D3_BLIND_REVIEW,b547c5c3-7082-4a7f-9290-3d569b91b462,2c272732-fdb3-4639-aa6b-ea9fa3ad9c24,Team Rocket's Giovanni,Destined Rivals,225,ultra_rare,v1|178311389370|0,Pokémon TCG-Team Rocket’s Giovanni 225/182 Ultra Rare Full Art- Destined Rivals ,,Ungraded,4000,[],"[""FIXED_PRICE""]",all-starsupply,https://i.ebayimg.com/images/g/RVgAAeSwf79qVsqN/s-l225.jpg,https://www.ebay.com/itm/178311389370?_skw=Team+Rocket%27s+Giovanni+225+Destined+Rivals+Pokemon+card&hash=item29842fe0ba:g:RVgAAeSwf79qVsqN,2026-09-12T23:42:48.395762+00:00
D3-F71FC26A5BDB137F,D3_BLIND_REVIEW,d09b2fb5-41b6-4d1e-88cf-629402434501,efae0727-f8c2-48c5-a33e-c308be0d288d,Roaring Moon ex,Prismatic Evolutions,162,special_illustration_rare,v1|297729531027|0,Pokémon TCG NM Roaring Moon Sir Prismatic Evolutions Card RAW NEW #162/131,,Ungraded,4000,[],"[""FIXED_PRICE"",""BEST_OFFER""]",1gooditem,https://i.ebayimg.com/images/g/MuUAAeSwrfZpBuaM/s-l225.jpg,https://www.ebay.com/itm/297729531027?_skw=Roaring+Moon+ex+162+Prismatic+Evolutions+Pokemon+card&hash=item4552101c93:g:MuUAAeSwrfZpBuaM,2026-09-12T23:42:48.395762+00:00
D3-6A1BE1D7C2E6D663,D3_BLIND_REVIEW,2a67a99c-dbba-4c41-846c-39ed4659c916,dfda2049-d87b-4be0-ad51-dcc005688d93,Grubbin,Temporal Forces,18,common,v1|327067027033|0,135PK018r - Grubbin - 18/162- Temporal Force -(TEF)- Common Reverse,,Ungraded,4000,[],"[""FIXED_PRICE""]",eta_1964,https://i.ebayimg.com/images/g/KxMAAeSwkcppw3ez/s-l225.jpg,https://www.ebay.com/itm/327067027033?_skw=Grubbin+18+Temporal+Forces+Pokemon+card&hash=item4c26b6c659:g:KxMAAeSwkcppw3ez,2026-09-12T23:42:48.395762+00:00
D3-E6AB929591453BDD,D3_BLIND_REVIEW,301185dd-2bde-4699-80bd-8b2a3cfd8f7f,af28bc66-9c8b-4dbb-bf83-fa6215bd26f0,Pikachu ex,Ascended Heroes,276,special_illustration_rare,v1|168680782536|0,Pikachu ex Holo Special Illustration Rare ME: Ascended Heroes 276/217 NM,,Ungraded,4000,[],"[""FIXED_PRICE""]",deepscards,https://i.ebayimg.com/images/g/bWkAAeSw-M1qo~lf/s-l225.jpg,https://www.ebay.com/itm/168680782536?_skw=Pikachu+ex+276+Ascended+Heroes+Pokemon+card&hash=item2746287ac8:g:bWkAAeSw-M1qo~lf,2026-09-12T23:42:48.395762+00:00
D3-14528F4C6728720A,D3_BLIND_REVIEW,828c0d0d-2ede-4bab-bed4-407cd3cf8662,06c45a41-2b44-401a-9703-5c9952f2580f,Mega Gengar ex,Ascended Heroes,284,special_illustration_rare,v1|407154004659|0,Pokémon 2026 Mega Gengar Ex 284/217 SIR Ascended Heroes,,Ungraded,4000,[],"[""FIXED_PRICE"",""BEST_OFFER""]",bashnico7676,https://i.ebayimg.com/images/g/TeYAAeSwskFqhJi6/s-l225.jpg,https://www.ebay.com/itm/407154004659?_skw=Mega+Gengar+ex+284+Ascended+Heroes+Pokemon+card&hash=item5ecc4512b3:g:TeYAAeSwskFqhJi6&amdata=enc%3AAQALAAABEACCtXRWQnOEpyOqnQQ8KGZJ3Xp5BqPWfh%2B6mR5aBFD6nrrY5NLQUfgkJjddJEAAI2WHReDhlrx0%2Fw85r%2Bf3i14XdIOjcDmUPElWrzqfOuRj4Upbke9DxJ6%2FTooIei2YHVps5YT%2BR8PZL6TAaLgGpXXzBWPAmb6Z%2FocJjKNPPfToekEblcQwdNnykgSW%2BAzrbsB5cGCOAc8lmHBPcC%2BxjH0P5ROuA9S9rUatLBeEdL1UORx3cMXgy0y9GEwTeF%2Bd5p9akG3aAUogX1%2BuCm%2B028DAqcE4okuDHCJwJMnUoOn4SdzPDe7QxFrl0ePmdYKAbL8XL%2BjvH6G83x7rbJ8SoLLUukYp1av0Mq2K02vu8Nnr,2026-09-12T23:42:48.395762+00:00
D3-B3B354F46C5D51D2,D3_BLIND_REVIEW,966bcb61-bf43-4cd7-8287-42f4bb9fa76d,9d636c4c-055f-4e85-b5ef-64675007d904,Leafeon ex,Prismatic Evolutions,144,special_illustration_rare,v1|389191780014|0,Pokémon TCG Leafeon EX Sir 144/131 Prismatic Evolutions Card,,Ungraded,4000,[],"[""FIXED_PRICE"",""BEST_OFFER""]",2bp4r81,https://i.ebayimg.com/images/g/obwAAeSw0cxpDAN2/s-l225.jpg,https://www.ebay.com/itm/389191780014?_skw=Leafeon+ex+144+Prismatic+Evolutions+Pokemon+card&hash=item5a9da346ae:g:obwAAeSw0cxpDAN2,2026-09-12T23:42:48.395762+00:00
D3-A5A797A0107B9DD6,D3_BLIND_REVIEW,67611b34-a7e9-497f-9708-651cc015ca6c,f02f5725-b24c-4ee9-a9b5-55edd91d7697,Lillie's Determination,Mega Evolution,184,special_illustration_rare,v1|327350837802|0,Pokemon Lillie's Determination 184/132 ME01 Mega Evolution SIR Holo EN PSA 10,,Graded,2750,[],"[""FIXED_PRICE"",""BEST_OFFER""]",ericscardvault,https://i.ebayimg.com/images/g/PckAAeSwEodqofRj/s-l225.jpg,https://www.ebay.com/itm/327350837802?_skw=Lillie%27s+Determination+184+Mega+Evolution+Pokemon+card&hash=item4c37a1622a:g:PckAAeSwEodqofRj,2026-09-12T23:42:48.395762+00:00
D3-CD6B6D98ADB0AEC9,D3_BLIND_REVIEW,d12a209b-06a3-4b46-82d3-a374e6bbe7b4,d0d523dc-3f95-4bbc-beb6-75b3d2a15cae,Grafaiai,Paldea Evolved,223,illustration_rare,v1|306223888706|0,Grafaiai 223/193 IR Illustration Rare NM Paldea Evolved - Pokemon TCG,,Ungraded,4000,[],"[""FIXED_PRICE"",""BEST_OFFER""]",aisch-3713,https://i.ebayimg.com/images/g/0LAAAeSwGmtn8ZHD/s-l225.jpg,https://www.ebay.com/itm/306223888706?_skw=Grafaiai+223+Paldea+Evolved+Pokemon+card&hash=item474c5db942:g:0LAAAeSwGmtn8ZHD,2026-09-12T23:42:48.395762+00:00
D3-8BCB2E0D160612A1,D3_BLIND_REVIEW,ae4a6acb-3a88-4547-a165-7a617bfb2ce8,cd7798fe-711e-4cad-a015-7139b3d49bf6,Jolteon ex,Prismatic Evolutions,153,special_illustration_rare,v1|147461214863|0,Pokémon Jolteon ex 153/131 Prismatic Evolutions Special Illustration  NM,,Ungraded,4000,[],"[""FIXED_PRICE"",""BEST_OFFER""]",trainerscache,https://i.ebayimg.com/images/g/YQEAAeSwxUxqZUW3/s-l225.jpg,https://www.ebay.com/itm/147461214863?_skw=Jolteon+ex+153+Prismatic+Evolutions+Pokemon+card&hash=item22555f928f:g:YQEAAeSwxUxqZUW3,2026-09-12T23:42:48.395762+00:00
D3-67D4B24F3CABC28B,D3_BLIND_REVIEW,0dde3317-5162-49d1-b5c9-6b206a086d2c,7a7c3304-cc14-4aab-9f7b-b88270d4228c,Tinkatuff,Paldean Fates,166,shiny_rare,v1|177674384920|0,Tinkatuff 166/091 Shiny Rare Pokemon TCG SV: Paldean Fates,,Ungraded,4000,[],"[""FIXED_PRICE"",""BEST_OFFER""]",ahmaaltarawne_0,https://i.ebayimg.com/images/g/xKkAAeSw7EFpPx9d/s-l225.jpg,https://www.ebay.com/itm/177674384920?_skw=Tinkatuff+166+Paldean+Fates+Pokemon+card&hash=item295e37f618:g:xKkAAeSw7EFpPx9d&amdata=enc%3AAQALAAABAACCtXRWQnOEpyOqnQQ8KGZ6xcD%2FQkRFu0UyGsvrpDVin2xw2hrEUPy9XL%2FqQosdoYGbQ2TQpnjUiV6KMLnC1AQbOjDmO24HS9zG3udPfzrswzh4EB6TSFgeyOMk%2Bldu0Oe%2Fni9E6e5t9LvRD2D1ko5c%2ByALlzb8ZlM0oWij0tPYYiCxvv%2BFmLUNWl7%2FiJvkykf9Gy13OQyKb4lY8tqgaICuuirAYryfhuNEsHSx01Jogcfqo%2BKNdKvyorIQin4suhrayzEmi%2BqWkcjQ9hWKHiE3FperUxJeu4DMf7asMH2d0UTAwX%2FmOLvy32dnPo8P66z%2FzzBib5cVsENvzKqMGH0%3D,2026-09-12T23:42:48.395762+00:00
D3-34F12BEC5354444A,D3_BLIND_REVIEW,4299cd6b-98e3-4e65-865f-26a39b19fe5b,041717c6-a2b6-40d1-867a-b1abb1d65ec8,Durant ex,Surging Sparks,236,special_illustration_rare,v1|158276234535|0,Durant ex 236/191 Special Illustration Rare Surging Sparks Pokemon Holo NM,,Ungraded,4000,[],"[""FIXED_PRICE""]",phrogtradingcards,https://i.ebayimg.com/images/g/~LgAAeSwXfNqoeeJ/s-l225.jpg,https://www.ebay.com/itm/158276234535?_skw=Durant+ex+236+Surging+Sparks+Pokemon+card&hash=item24d9ffad27:g:~LgAAeSwXfNqoeeJ,2026-09-12T23:42:48.395762+00:00
D3-5249D7E1B03786D0,D3_BLIND_REVIEW,fd225f1d-3765-4209-a5ec-42caf35933b0,92fdb409-1454-43ef-87ee-19095f700462,Team Rocket's Nidoking ex,Destined Rivals,233,special_illustration_rare,v1|377472256061|0,Team Rocket's Nidoking ex Holofoil 233/182 Destined Rivals NM,,Ungraded,4000,[],"[""FIXED_PRICE"",""BEST_OFFER""]",zenith.emporium,https://i.ebayimg.com/images/g/rn4AAeSwPlBqnwY4/s-l225.jpg,https://www.ebay.com/itm/377472256061?_skw=Team+Rocket%27s+Nidoking+ex+233+Destined+Rivals+Pokemon+card&hash=item57e319883d:g:rn4AAeSwPlBqnwY4,2026-09-12T23:42:48.395762+00:00
D3-418F0FED931F5471,D3_BLIND_REVIEW,10a47631-ea19-4b62-8a93-4b1b3e6b3013,780a248c-87ff-4879-955c-3d6bea287aca,Lt. Surge's Bargain,Mega Evolution,185,special_illustration_rare,v1|800636047401|0,Lt. Surge's Bargain SIR 185/132 Me01: Mega Evolution Holo Pokemon,,Ungraded,4000,[],"[""AUCTION""]",randuhm-poke-network,https://i.ebayimg.com/images/g/tSgAAeSwVqZqoWHk/s-l225.jpg,https://www.ebay.com/itm/800636047401?_skw=Lt.+Surge%27s+Bargain+185+Mega+Evolution+Pokemon+card&hash=itemba69a09029:g:tSgAAeSwVqZqoWHk,2026-09-12T23:42:48.395762+00:00
D3-75419BE46F2714A5,D3_BLIND_REVIEW,33dca102-b449-4da6-bfa6-7b72de711596,c2d7a5e7-cfdd-4f37-9748-a2259857c6e3,Charizard ex,Paldean Fates,234,special_illustration_rare,v1|127996010897|0,Pokemon Charizard ex 234/091 Paldean Fates SIR Holo 330HP English Egawa,,Ungraded,4000,[],"[""FIXED_PRICE"",""BEST_OFFER""]",am879529,https://i.ebayimg.com/images/g/MbcAAeSwLuxqZtcv/s-l225.jpg,https://www.ebay.com/itm/127996010897?_skw=Charizard+ex+234+Paldean+Fates+Pokemon+card&hash=item1dcd282191:g:MbcAAeSwLuxqZtcv&amdata=enc%3AAQALAAABEACCtXRWQnOEpyOqnQQ8KGYzGde7NrutLQLgizTHEoRA3gNYXWru1MCzTQ8uwdkjjqG9gmShOdmLSSvtJrWFIJGzUwhq%2BH34vA%2Fl4fnsHomniRgRf3TDtcbNbelm0ZwBOChX%2BE9OFcB%2Fo83bXGXn3cBPEC6XyJ12qSzTDxf3erD%2BTYzp8BytbOVgoVyY7Rz8m2LAue27f0JEzb6xDJkKP8CHnYZWe2fMTCIl4D%2FF19Rk3u7GUf20az0W4JQ7ThMiVW%2Fd%2BdbgbBdd%2B%2BMzcuEJKqKODDpE616Kucrkwk0xFGqAtnYlzwKKilFoQYtN4NE44dxEpsmRPxFrY8Zd8%2F0FajzCXn3NJdqFGg1K0%2FBXz5FD,2026-09-12T23:42:48.395762+00:00
D3-7B1E20A89D176260,D3_BLIND_REVIEW,7b00ea04-5c2a-4172-8025-afba48ddacb3,94d01e3d-09de-4d04-a0d8-1f36a5cfe684,Cresselia,Shrouded Fable,71,illustration_rare,v1|198636783292|0,Cresselia Holo Rare SV: Shrouded Fable 021/064 LP D22,,Ungraded,4000,[],"[""FIXED_PRICE"",""BEST_OFFER""]",cards4saleee,https://i.ebayimg.com/images/g/QvsAAeSwuIVqpXRa/s-l225.jpg,https://www.ebay.com/itm/198636783292?_skw=Cresselia+71+Shrouded+Fable+Pokemon+card&hash=item2e3facc6bc:g:QvsAAeSwuIVqpXRa,2026-09-12T23:42:48.395762+00:00
D3-55A18838D9782D51,D3_BLIND_REVIEW,7f065a2b-5cab-45c8-8fd8-96d4c07c4ee8,3805ddb2-e4cd-40b3-8a52-82398effa130,Canari,Ascended Heroes,291,special_illustration_rare,v1|257673556320|0,PSA Gem Mint 10 Pokemon Ascended Heroes Canari SIR 291/217,,Graded,2750,[],"[""FIXED_PRICE""]",thecollector,https://i.ebayimg.com/images/g/c4YAAeSw5glqemz2/s-l225.jpg,https://www.ebay.com/itm/257673556320?_skw=Canari+291+Ascended+Heroes+Pokemon+card&hash=item3bfe8a7160:g:c4YAAeSw5glqemz2,2026-09-12T23:42:48.395762+00:00
D3-5EF63489A0F978B7,D3_BLIND_REVIEW,018c983e-b1d0-41df-880e-ebf3f2e2fb12,4eb8f140-a9c3-41c4-85aa-c2f6b7131746,Penny,Scarlet and Violet Base Set,252,special_illustration_rare,v1|397920057707|0,1x Pokemon TCG - Penny 252/198 Scarlet & Violet Special Illustration Rare SIR NM,,Ungraded,4000,[],"[""FIXED_PRICE"",""BEST_OFFER""]",andypocketanimals,https://i.ebayimg.com/images/g/SigAAeSwcWdp-8CP/s-l225.jpg,https://www.ebay.com/itm/397920057707?_skw=Penny+252+Scarlet+and+Violet+Base+Set+Pokemon+card&hash=item5ca5e2396b:g:SigAAeSwcWdp-8CP,2026-09-12T23:42:48.395762+00:00
D3-424A88ADD39096CC,D3_BLIND_REVIEW,7b00ea04-5c2a-4172-8025-afba48ddacb3,94d01e3d-09de-4d04-a0d8-1f36a5cfe684,Cresselia,Shrouded Fable,71,illustration_rare,v1|316559865198|0,Pokemon Cresselia #021/064 English Shrouded Fable Holo Rare,,Ungraded,4000,[],"[""FIXED_PRICE""]",midweststation,https://i.ebayimg.com/images/g/GxgAAOSwzAdn5azj/s-l225.jpg,https://www.ebay.com/itm/316559865198?_skw=Cresselia+71+Shrouded+Fable+Pokemon+card&hash=item49b470356e:g:GxgAAOSwzAdn5azj,2026-09-12T23:42:48.395762+00:00
D3-9C19B041613E726D,D3_BLIND_REVIEW,0331d96e-d8af-44d3-9552-85f784d9b4ca,720c16f5-5c19-43bc-a711-0ea9e8545aab,Trubbish,White Flare,140,illustration_rare,v1|178360602571|0,Trubbish 140/086 Illustration Rare White Flare Pokemon Holo Near Mint Pokemon,,Ungraded,4000,[],"[""FIXED_PRICE"",""BEST_OFFER""]",beaudabeast,https://i.ebayimg.com/images/g/XvsAAeSw2S9qbNgm/s-l225.jpg,https://www.ebay.com/itm/178360602571?_skw=Trubbish+140+White+Flare+Pokemon+card&hash=item29871ecfcb:g:XvsAAeSw2S9qbNgm,2026-09-12T23:42:48.395762+00:00
D3-E6ADFEA1A9005726,D3_BLIND_REVIEW,3755e7ef-e482-4186-8377-e717f80b3759,aa88bdd2-2ebe-4f9b-b53b-ab077c63f98c,Secret Box,Twilight Masquerade,163,ace_spec,v1|318442447975|0,Secret Box Pokemon Twilight Masquerade 163/167 ACE SPEC Rare NM,,Ungraded,4000,[],"[""FIXED_PRICE""]",popoffgaming,https://i.ebayimg.com/images/g/fp8AAeSw5BlqKxv6/s-l225.jpg,https://www.ebay.com/itm/318442447975?_skw=Secret+Box+163+Twilight+Masquerade+Pokemon+card&hash=item4a24a62467:g:fp8AAeSw5BlqKxv6,2026-09-12T23:42:48.395762+00:00
D3-EAAC8A7CEF41A87A,D3_BLIND_REVIEW,640cd931-d97f-4173-ad9d-3ab86f91d92c,c79d38c0-0768-4f3e-80fe-8490d79b00b1,Pecharunt ex,Shrouded Fable,93,special_illustration_rare,v1|377428503427|0,Pokemon Pecharunt EX 85/64 Full Art Ultra Rare Shrouded Fable NM Condition,,Ungraded,4000,[],"[""FIXED_PRICE"",""BEST_OFFER""]",boutcollecting,https://i.ebayimg.com/images/g/e5EAAeSwWkZqhBLD/s-l225.jpg,https://www.ebay.com/itm/377428503427?_skw=Pecharunt+ex+93+Shrouded+Fable+Pokemon+card&hash=item57e07deb83:g:e5EAAeSwWkZqhBLD,2026-09-12T23:42:48.395762+00:00
D3-E9BD3ACEA0AA9D78,D3_BLIND_REVIEW,4206e794-1ec6-4d55-94d4-63267ac9a183,9d5ddc90-8f9d-4759-b73d-fff0cd877d73,Mega Dragonite ex,Ascended Heroes,290,special_illustration_rare,v1|327310164888|0,2026 Pokemon Ascended Heroes Mega Dragonite ex 290/217 SIR TAG 10 GEM MINT,,Graded,2750,[],"[""FIXED_PRICE"",""BEST_OFFER""]",ligacartao,https://i.ebayimg.com/images/g/oGYAAeSwoUJqfysH/s-l225.jpg,https://www.ebay.com/itm/327310164888?_skw=Mega+Dragonite+ex+290+Ascended+Heroes+Pokemon+card&hash=item4c3534c398:g:oGYAAeSwoUJqfysH,2026-09-12T23:42:48.395762+00:00
D3-617A7D5412BC1A7B,D3_BLIND_REVIEW,2e5780f8-1769-4d26-9e3e-87e4a27d4dfe,09b7c446-d89f-4a64-b721-bc1293308747,Dachsbun ex,Stellar Crown,169,special_illustration_rare,v1|188909696487|0,Dachsbun ex 169/142 Sv07: Stellar Crown Holo CGC 9,,Graded,2750,[],"[""FIXED_PRICE""]",topgunner_24,https://i.ebayimg.com/images/g/DpgAAeSw0EJqob4i/s-l225.jpg,https://www.ebay.com/itm/188909696487?_skw=Dachsbun+ex+169+Stellar+Crown+Pokemon+card&hash=item2bfbe535e7:g:DpgAAeSw0EJqob4i,2026-09-12T23:42:48.395762+00:00
D3-ECE6CEAF4396ED54,D3_BLIND_REVIEW,6a980108-6683-4461-ac9a-c81a27326dee,129a7668-0ba7-4f77-8585-3847e6c3d342,Team Rocket's Mewtwo ex,Destined Rivals,231,special_illustration_rare,v1|358721197625|0,Team Rocket's Mewtwo ex Special Illustration Rare Full Art Holo 231/182 English,,Ungraded,4000,[],"[""FIXED_PRICE""]",313cardz,https://i.ebayimg.com/images/g/x~4AAeSwpfdqPTzk/s-l225.jpg,https://www.ebay.com/itm/358721197625?_skw=Team+Rocket%27s+Mewtwo+ex+231+Destined+Rivals+Pokemon+card&hash=item5385731639:g:x~4AAeSwpfdqPTzk,2026-09-12T23:42:48.395762+00:00
D3-B51642D4D7365C82,D3_BLIND_REVIEW,e26de7b7-434e-4bec-8fc2-fb15b971b1a7,44b0372c-396d-43e9-84bb-afad2d04128f,Jamming Tower,Ascended Heroes,261,ultra_rare,v1|206511863464|0,Jamming Tower 261/217 Ascended Heroes Holo Near Mint Pokemon,,Ungraded,4000,[],"[""FIXED_PRICE""]",ajpfinds,https://i.ebayimg.com/images/g/FgwAAeSw7RNqi75m/s-l225.jpg,https://www.ebay.com/itm/206511863464?_skw=Jamming+Tower+261+Ascended+Heroes+Pokemon+card&hash=item301510f6a8:g:FgwAAeSw7RNqi75m,2026-09-12T23:42:48.395762+00:00
D3-E9B5E5D1CF0B8934,D3_BLIND_REVIEW,25638dbd-2434-4a4f-ba0d-dcf3e3e114ca,b3f17a3e-c2cb-447e-8873-c5970a4372c9,Clemont's Quick Wit,Surging Sparks,243,special_illustration_rare,v1|336661041890|0,Clemont's Quick Wit Holo Special Illustration Rare Surging Sparks 243/191 NM,,Ungraded,4000,[],"[""FIXED_PRICE""]",atomicwolfgaming,https://i.ebayimg.com/images/g/5LoAAeSwZfZqQUd3/s-l225.jpg,https://www.ebay.com/itm/336661041890?_skw=Clemont%27s+Quick+Wit+243+Surging+Sparks+Pokemon+card&hash=item4e628fd2e2:g:5LoAAeSwZfZqQUd3,2026-09-12T23:42:48.395762+00:00
D3-4CC6DE063F78F1C2,D3_BLIND_REVIEW,b3020b76-9ff0-449a-85b8-924878fa0e8b,b70cd4ec-81c4-4e81-a677-901a43af62d9,Archeops,White Flare,132,illustration_rare,v1|358473137145|0,Archeops 132/086 Sv: White Flare Holo,,Ungraded,4000,[],"[""FIXED_PRICE""]",shewali95,https://i.ebayimg.com/images/g/r5gAAeSwm7lp6EqU/s-l225.jpg,https://www.ebay.com/itm/358473137145?_skw=Archeops+132+White+Flare+Pokemon+card&hash=item5376a9fbf9:g:r5gAAeSwm7lp6EqU,2026-09-12T23:42:48.395762+00:00
D3-B8E1682E0D3CF6DB,D3_BLIND_REVIEW,a3d56338-1f3f-4b99-8920-5d71b8b85737,66f1f173-3a34-44b4-95a3-d0031fa9d3ee,Pikachu ex,Surging Sparks,247,hyper_rare_gold,v1|188727342514|0,Pikachu EX Surging Sparks Hyper Rare 247/191 Pokemon NM,,Ungraded,4000,[],"[""FIXED_PRICE"",""BEST_OFFER""]",aaca5294,https://i.ebayimg.com/images/g/q80AAeSwT55qbgYH/s-l225.jpg,https://www.ebay.com/itm/188727342514?_skw=Pikachu+ex+247+Surging+Sparks+Pokemon+card&hash=item2bf106b5b2:g:q80AAeSwT55qbgYH,2026-09-12T23:42:48.395762+00:00
D3-DFA9A2AA1B22E589,D3_BLIND_REVIEW,a922341e-4646-470b-95cf-2a59055b18ce,2bf9f356-230d-42e8-99e7-0b10161b9392,Spidops ex,Scarlet and Violet Base Set,243,special_illustration_rare,v1|820100228878|0,Spidops ex 243/198 Special Illustration Rare Scarlet & Violet Pokemon,,Ungraded,4000,[],"[""FIXED_PRICE""]",8crazyowl8,https://i.ebayimg.com/images/g/d90AAeSwIHBqn0jw/s-l225.jpg,https://www.ebay.com/itm/820100228878?_skw=Spidops+ex+243+Scarlet+and+Violet+Base+Set+Pokemon+card&hash=itembef1c8670e:g:d90AAeSwIHBqn0jw,2026-09-12T23:42:48.395762+00:00
D3-5D6909F3D9F154B1,D3_BLIND_REVIEW,605a2c1a-6a14-463e-b1e2-b55cd9c16244,14ea6011-0e3d-4eff-ac53-6b13e2976a71,Krookodile,Black Bolt,137,illustration_rare,v1|398194200444|0,Pokemon Krookodile Black Bolt Illustration Rare IR Holo Card 137/086,,Ungraded,4000,[],"[""FIXED_PRICE"",""BEST_OFFER""]",cekspoketcg,https://i.ebayimg.com/images/g/OJcAAeSwZlJqXbau/s-l225.jpg,https://www.ebay.com/itm/398194200444?_skw=Krookodile+137+Black+Bolt+Pokemon+card&hash=item5cb6394f7c:g:OJcAAeSwZlJqXbau,2026-09-12T23:42:48.395762+00:00
D3-6B5828F5B7842ACE,D3_BLIND_REVIEW,147a436d-4ccc-43d1-b19a-20b74d2ff723,a86eb8d9-0e89-4e02-879a-d587dbfe0252,Carmine,Twilight Masquerade,217,special_illustration_rare,v1|318821978881|0,Carmine 217/167 Sv06: Twilight Masquerade Holo Special Illustration Rare NM,,Ungraded,4000,[],"[""FIXED_PRICE""]",ae-race_electronics,https://i.ebayimg.com/images/g/NNUAAeSwtFxqmfBi/s-l225.jpg,https://www.ebay.com/itm/318821978881?_skw=Carmine+217+Twilight+Masquerade+Pokemon+card&hash=item4a3b455301:g:NNUAAeSwtFxqmfBi,2026-09-12T23:42:48.395762+00:00
D3-111C657BFC37AB58,D3_BLIND_REVIEW,2c445258-b198-43de-b710-0921ebe3f0ab,4411dcaa-280b-4355-bc49-f27c3f6580f2,Pikachu ex,Ascended Heroes,277,special_illustration_rare,v1|358755423013|0,Pikachu ex - 277/217 ME: Ascended Heroes Holo Special Illustration Rare NM/LP,,Ungraded,4000,[],"[""FIXED_PRICE"",""BEST_OFFER""]",marleycreekcards,https://i.ebayimg.com/images/g/xO8AAeSw-KtqSSGh/s-l225.jpg,https://www.ebay.com/itm/358755423013?_skw=Pikachu+ex+277+Ascended+Heroes+Pokemon+card&hash=item53877d5325:g:xO8AAeSw-KtqSSGh,2026-09-12T23:42:48.395762+00:00
D3-488A192996663DC0,D3_BLIND_REVIEW,3b5294d0-4738-4296-952e-f32b2788e3c4,10ab9aee-5f8c-4938-aec5-aa4a4314f745,Sunflora,Twilight Masquerade,169,illustration_rare,v1|168652003940|0,Sunflora Holo Illustration Rare SV06: Twilight Masquerade 169/167 NM,,Ungraded,4000,[],"[""FIXED_PRICE"",""BEST_OFFER""]",jmbsportstradingcards,https://i.ebayimg.com/images/g/8IgAAeSw9KNqlQOu/s-l225.jpg,https://www.ebay.com/itm/168652003940?_skw=Sunflora+169+Twilight+Masquerade+Pokemon+card&hash=item2744715a64:g:8IgAAeSw9KNqlQOu,2026-09-12T23:42:48.395762+00:00
D3-72B5AB30FCF3BE17,D3_BLIND_REVIEW,f01e01fe-17e4-48b7-8ba3-9a88f876acd4,7c3e24f9-be0e-4de8-86fc-9fb913792294,Meowth,Phantasmal Flames,106,illustration_rare,v1|128069287203|0,Meowth 106/094 Me02: Phantasmal Flames Holo,,Ungraded,4000,[],"[""FIXED_PRICE"",""BEST_OFFER""]",zombie.43,https://i.ebayimg.com/images/g/HdAAAeSwZCFqoGwp/s-l225.jpg,https://www.ebay.com/itm/128069287203?_skw=Meowth+106+Phantasmal+Flames+Pokemon+card&hash=item1dd1863d23:g:HdAAAeSwZCFqoGwp,2026-09-12T23:42:48.395762+00:00
D3-CD37CA25C7048582,D3_BLIND_REVIEW,6a2b87e5-f90b-48f4-be30-a77258bee660,36134e45-4899-474f-88f0-b540ba618b49,Marill,Paldea Evolved,204,illustration_rare,v1|800274080986|0,Marill 204/193 Holo - Pokemon SV02: Paldea Evolved,,Ungraded,4000,[],"[""FIXED_PRICE"",""BEST_OFFER""]",adams_market,https://i.ebayimg.com/images/g/VkIAAeSwuRxqRX7b/s-l225.jpg,https://www.ebay.com/itm/800274080986?_skw=Marill+204+Paldea+Evolved+Pokemon+card&hash=itemba540d64da:g:VkIAAeSwuRxqRX7b,2026-09-12T23:42:48.395762+00:00
D3-7672A80C8D0F1B81,D3_BLIND_REVIEW,7f065a2b-5cab-45c8-8fd8-96d4c07c4ee8,3805ddb2-e4cd-40b3-8a52-82398effa130,Canari,Ascended Heroes,291,special_illustration_rare,v1|188759160897|0,Canari 291/217 Me: Ascended Heroes Holo,,Ungraded,4000,[],"[""FIXED_PRICE"",""BEST_OFFER""]",a_wee2,https://i.ebayimg.com/images/g/3UkAAeSwdSZqdl3f/s-l225.jpg,https://www.ebay.com/itm/188759160897?_skw=Canari+291+Ascended+Heroes+Pokemon+card&hash=item2bf2ec3841:g:3UkAAeSwdSZqdl3f&amdata=enc%3AAQALAAABAACCtXRWQnOEpyOqnQQ8KGazTUiRol0iXzEvrRKIWrhkjCbDldwzg5enLDy%2BeeK0ajqHvjZZVeqJCQcfyOjlJoV%2FjnhZU2Eny7lz2ZWTJmsNS9GFDiNaVytHP5%2BgcGiNDBGnXMRgZPvskw37whc346RPnsSBHxem8rWEa53kMl%2BXDA%2BA5Wtrf4x4kbFmkGR5o8P6Ox0tiudkGfjNPOAAOdaYZc%2FqNu5Ws06x8pqyxiFPOZL57MF87HYevJr6BLpNIi9jE0M3PyZ8YlAD8Mo%2BYOHydxucfAILIpv6wn5YKUt3SxNw9VASwVvfgkHVRuXiwMN39AhfbL9MYvWLrhiSRj4%3D,2026-09-12T23:42:48.395762+00:00
D3-DE2EA1C493E32FB9,D3_BLIND_REVIEW,25638dbd-2434-4a4f-ba0d-dcf3e3e114ca,b3f17a3e-c2cb-447e-8873-c5970a4372c9,Clemont's Quick Wit,Surging Sparks,243,special_illustration_rare,v1|157302605648|0,Clemont's Quick Wit - 243 SV08: Surging S #243 (2024) SIR Holo NM Pokemon,,Ungraded,4000,[],"[""FIXED_PRICE""]",acornpokemart,https://i.ebayimg.com/images/g/7QwAAeSw8xhovQPG/s-l225.jpg,https://www.ebay.com/itm/157302605648?_skw=Clemont%27s+Quick+Wit+243+Surging+Sparks+Pokemon+card&hash=item249ff74750:g:7QwAAeSw8xhovQPG,2026-09-12T23:42:48.395762+00:00
D3-85FCB2D6CBFF6785,D3_BLIND_REVIEW,8a2827bc-48b7-4dfd-b240-501fe24100b9,4db4cc1d-2bfd-45e2-a457-7cb450d1f79a,Bronzor,Temporal Forces,68,common,v1|316126299199|0,Pokemon Temporal Forces BRONZOR Reverse Holo 68/162 NM+,,Ungraded,4000,[],"[""FIXED_PRICE""]",boibcards,https://i.ebayimg.com/images/g/4ZIAAOSw3v5ngqs7/s-l225.jpg,https://www.ebay.com/itm/316126299199?_skw=Bronzor+68+Temporal+Forces+Pokemon+card&hash=item499a98843f:g:4ZIAAOSw3v5ngqs7,2026-09-12T23:42:48.395762+00:00
D3-C97042E22142EDC3,D3_BLIND_REVIEW,0b81872e-b089-49e9-aec3-16a535b12efb,0057b67c-a140-400c-b308-2a6d046cb043,Haxorus,Black Bolt,147,illustration_rare,v1|298645869303|0,Haxorus 147/086 Sv: Black Bolt Illus Rare Holo Eng 170 HP NEAR MINT,,Ungraded,4000,[],"[""FIXED_PRICE"",""BEST_OFFER""]",nichmoj-0,https://i.ebayimg.com/images/g/rJ4AAeSwxKZqmzh5/s-l225.jpg,https://www.ebay.com/itm/298645869303?_skw=Haxorus+147+Black+Bolt+Pokemon+card&hash=item4588ae52f7:g:rJ4AAeSwxKZqmzh5,2026-09-12T23:42:48.395762+00:00
D3-6265617BC8F4F473,D3_BLIND_REVIEW,7f065a2b-5cab-45c8-8fd8-96d4c07c4ee8,3805ddb2-e4cd-40b3-8a52-82398effa130,Canari,Ascended Heroes,291,special_illustration_rare,v1|287301470318|0,Canari 291/217 Me: Ascended Heroes SIR,,Ungraded,4000,[],"[""FIXED_PRICE"",""BEST_OFFER""]",adibcollectibles,https://i.ebayimg.com/images/g/A2MAAeSwCDZp8kpP/s-l225.jpg,https://www.ebay.com/itm/287301470318?_skw=Canari+291+Ascended+Heroes+Pokemon+card&hash=item42e480886e:g:A2MAAeSwCDZp8kpP,2026-09-12T23:42:48.395762+00:00
D3-B0E12803A1495E46,D3_BLIND_REVIEW,c7e36a14-236f-4b93-a4a8-a4be2ddc7193,590cc9ca-0f7d-413e-ae31-68433716e01b,Mega Lucario ex,Mega Evolution,179,special_illustration_rare,v1|188559536800|0,2025 POKEMON #179/132 MEGA LUCARIO EX CGC 10 PRISTINE,,Graded,2750,[],"[""FIXED_PRICE"",""BEST_OFFER""]",venicesportscards34293,https://i.ebayimg.com/images/g/hv4AAeSwWtdqPT7h/s-l225.jpg,https://www.ebay.com/itm/188559536800?_skw=Mega+Lucario+ex+179+Mega+Evolution+Pokemon+card&hash=item2be70632a0:g:hv4AAeSwWtdqPT7h,2026-09-12T23:42:48.395762+00:00
D3-FC23246DDB9E6DEE,D3_BLIND_REVIEW,4299cd6b-98e3-4e65-865f-26a39b19fe5b,041717c6-a2b6-40d1-867a-b1abb1d65ec8,Durant ex,Surging Sparks,236,special_illustration_rare,v1|820060119793|0,Durant ex 236/191 Special Illustration Rare Surging Sparks SIR Pokemon TCG NM,,Ungraded,4000,[],"[""FIXED_PRICE"",""BEST_OFFER""]",almin_96,https://i.ebayimg.com/images/g/TwEAAeSwMf5qkj18/s-l225.jpg,https://www.ebay.com/itm/820060119793?_skw=Durant+ex+236+Surging+Sparks+Pokemon+card&hash=itembeef6462f1:g:TwEAAeSwMf5qkj18,2026-09-12T23:42:48.395762+00:00
D3-2BAB0D897CFC7204,D3_BLIND_REVIEW,7b00ea04-5c2a-4172-8025-afba48ddacb3,94d01e3d-09de-4d04-a0d8-1f36a5cfe684,Cresselia,Shrouded Fable,71,illustration_rare,v1|366661346394|0,Cresselia 071/064 Illustration Rare Shrouded Fable Pokemon Holo Near Mint,,Ungraded,4000,[],"[""FIXED_PRICE""]",diioscollectibles,https://i.ebayimg.com/images/g/GWAAAeSw67Bqoz~4/s-l225.jpg,https://www.ebay.com/itm/366661346394?_skw=Cresselia+71+Shrouded+Fable+Pokemon+card&hash=item555eb8245a:g:GWAAAeSw67Bqoz~4,2026-09-12T23:42:48.395762+00:00
D3-8F76B485D21CFCC3,D3_BLIND_REVIEW,3baf2f12-759f-427a-b8d0-2511e639310f,886acc91-d523-4628-bb4a-6ef8db1d8543,Mega Gardevoir ex,Mega Evolution,187,mega_hyper_rare,v1|177664427097|0,Pokemon Mega Evolutions Mega Gardevoir EX 187/132 Mega Hyper Rare Gold English,,Ungraded,4000,[],"[""FIXED_PRICE"",""BEST_OFFER""]",57zx6-84,https://i.ebayimg.com/images/g/3-8AAeSwqOJpOb0z/s-l225.jpg,https://www.ebay.com/itm/177664427097?_skw=Mega+Gardevoir+ex+187+Mega+Evolution+Pokemon+card&hash=item295da00459:g:3-8AAeSwqOJpOb0z,2026-09-12T23:42:48.395762+00:00
D3-BEC3723D40949123,D3_BLIND_REVIEW,cdfc0223-40ef-4e4b-a9f2-3a809ae1c3df,f6e9d756-3a7b-4c8e-b87c-06cacb0d3c7e,Flareon,Scarlet and Violet 151,136,rare,v1|388367811674|655523935067,Pokemon 151 - Choose Your Card - Reverse/Holo/EX - Scarlet And Violet,,Ungraded,4000,[],"[""FIXED_PRICE""]",tracercollect,https://i.ebayimg.com/images/g/pw0AAOSw2SloF~Gj/s-l225.jpg,https://www.ebay.com/itm/388367811674?_skw=Flareon+136+Scarlet+and+Violet+151+Pokemon+card&var=655523935067&hash=item5a6c86845a:g:pw0AAOSw2SloF~Gj,2026-09-12T23:42:48.395762+00:00
D3-80EDC71378892763,D3_BLIND_REVIEW,2c445258-b198-43de-b710-0921ebe3f0ab,4411dcaa-280b-4355-bc49-f27c3f6580f2,Pikachu ex,Ascended Heroes,277,special_illustration_rare,v1|188723310958|0,Pikachu ex 277/217 - Ascended Heroes - Special Illustration Rare - Pokemon,,Ungraded,4000,[],"[""FIXED_PRICE""]",amfg1991,https://i.ebayimg.com/images/g/UWIAAeSwrFJqbPvX/s-l225.jpg,https://www.ebay.com/itm/188723310958?_skw=Pikachu+ex+277+Ascended+Heroes+Pokemon+card&hash=item2bf0c9316e:g:UWIAAeSwrFJqbPvX,2026-09-12T23:42:48.395762+00:00
D3-ACE5E88C538BC4FD,D3_BLIND_REVIEW,b547c5c3-7082-4a7f-9290-3d569b91b462,2c272732-fdb3-4639-aa6b-ea9fa3ad9c24,Team Rocket's Giovanni,Destined Rivals,225,ultra_rare,v1|287570556936|0,Team Rocket's Giovanni 225/182 Sv10: Destined Rivals Holo,,Ungraded,4000,[],"[""AUCTION""]",1stopecom,https://i.ebayimg.com/images/g/j8kAAeSwcXFqgqVL/s-l225.jpg,https://www.ebay.com/itm/287570556936?_skw=Team+Rocket%27s+Giovanni+225+Destined+Rivals+Pokemon+card&hash=item42f48a7808:g:j8kAAeSwcXFqgqVL,2026-09-12T23:42:48.395762+00:00
D3-1532CF60940EAE72,D3_BLIND_REVIEW,640cd931-d97f-4173-ad9d-3ab86f91d92c,c79d38c0-0768-4f3e-80fe-8490d79b00b1,Pecharunt ex,Shrouded Fable,93,special_illustration_rare,v1|389579002279|0,Pecharunt Ex 39/64 Pokémon TCG S&V Shrouded Fable Double Rare Holo NM,,Ungraded,4000,[],"[""FIXED_PRICE""]",imdaichicollectibles,https://i.ebayimg.com/images/g/I0sAAeSwBRppg8CF/s-l225.jpg,https://www.ebay.com/itm/389579002279?_skw=Pecharunt+ex+93+Shrouded+Fable+Pokemon+card&hash=item5ab4b7d1a7:g:I0sAAeSwBRppg8CF,2026-09-12T23:42:48.395762+00:00
D3-D218878E6FFAFCB9,D3_BLIND_REVIEW,3c75f577-62ee-4bdf-865c-ab2384f4379b,ecf458ed-ed92-4f04-bf27-1912d59bdbc0,Mega Charizard Y ex,Ascended Heroes,294,mega_hyper_rare,v1|137459720468|0,Mega Charizard Y EX Gold 294/217 ME Ascended Heroes POKEMON TCG,,Ungraded,4000,[],"[""FIXED_PRICE"",""BEST_OFFER""]",ninjalou99,https://i.ebayimg.com/images/g/u-sAAeSw3chqQoiK/s-l225.jpg,https://www.ebay.com/itm/137459720468?_skw=Mega+Charizard+Y+ex+294+Ascended+Heroes+Pokemon+card&hash=item20013ce114:g:u-sAAeSw3chqQoiK,2026-09-12T23:42:48.395762+00:00
D3-3C439A1F3E8C9D3E,D3_BLIND_REVIEW,21e9ddc5-2751-4886-9e08-a1c6e2cc14e4,53abbd65-a601-4185-b08c-3721e963fa3d,Kyurem ex,Black Bolt,165,special_illustration_rare,v1|398031435494|0,Kyurem ex - 165/086 - Special Illustration Rare (SIR) - Black Bolt - PSA 10,,Graded,2750,[],"[""FIXED_PRICE"",""BEST_OFFER""]",toharl_0,https://i.ebayimg.com/images/g/qyMAAeSw4UlqI1Pt/s-l225.jpg,https://www.ebay.com/itm/398031435494?_skw=Kyurem+ex+165+Black+Bolt+Pokemon+card&hash=item5cac85b6e6:g:qyMAAeSw4UlqI1Pt,2026-09-12T23:42:48.395762+00:00
D3-F3CB3E522CD9913C,D3_BLIND_REVIEW,bf928dd7-24bc-4e16-bb5e-afb8122c3241,311abf3f-15cb-4cb8-995f-1937555c4bdd,Fidough,Scarlet and Violet Base Set,213,illustration_rare,v1|800524964228|0,Fidough SV01 213/198 Illustration Rare Full Art Holo English NM,,Ungraded,4000,[],"[""FIXED_PRICE"",""BEST_OFFER""]",pokeponycollectibles,https://i.ebayimg.com/images/g/AaMAAeSwk71qgnh~/s-l225.jpg,https://www.ebay.com/itm/800524964228?_skw=Fidough+213+Scarlet+and+Violet+Base+Set+Pokemon+card&hash=itemba63019184:g:AaMAAeSwk71qgnh~&amdata=enc%3AAQALAAABEACCtXRWQnOEpyOqnQQ8KGYO8FOBAOGqBgfuPFUPEEYtj%2FKv40KbPMcs5d6WrMW81%2BQh4cJ5fXr23q6Q5%2BrdO3E9H9YSr%2BNh7ilblWfCyRLV4RjZUxnXJAXSP3rccsS686MqKKGZP4y74RbiWkDNdmXmYKwsGx%2F2xRFR7DSdONyly3f0evk3%2BoVdWk6x1paZ2jRAe8L8LuIcTcm4%2FFfHzgxQkaNkX00grbtu8a2x2qDtG6vDnJGx%2FuhzDiEZmDvdD1iNqQ75PG9LWRb28S%2FhamRf8VM7PHJO1IPJg3ff%2B2L2RnkHCQ1NG556L7TdCjgAX8fNwCBpOHQQanE%2BSSHH%2F8gbiGQoYBiA7vgUnomdxhbA,2026-09-12T23:42:48.395762+00:00
D3-C1E498C253AF8DC1,D3_BLIND_REVIEW,147a436d-4ccc-43d1-b19a-20b74d2ff723,a86eb8d9-0e89-4e02-879a-d587dbfe0252,Carmine,Twilight Masquerade,217,special_illustration_rare,v1|318838161376|0,Carmine 217/167 SIR Twilight Masquerade Pokemon Holofoil Near Mint,,Ungraded,4000,[],"[""FIXED_PRICE"",""BEST_OFFER""]",bigripperresale,https://i.ebayimg.com/images/g/tj4AAeSw9XJqnpf7/s-l225.jpg,https://www.ebay.com/itm/318838161376?_skw=Carmine+217+Twilight+Masquerade+Pokemon+card&hash=item4a3c3c3fe0:g:tj4AAeSw9XJqnpf7,2026-09-12T23:42:48.395762+00:00
D3-D86951982BA2CF89,D3_BLIND_REVIEW,a6969678-b361-4b27-bee3-e3cdc127a5e4,bb6ebfa8-886c-4b5c-822a-7431870bb339,Dragapult ex,Prismatic Evolutions,165,special_illustration_rare,v1|257732096108|0,"Dragapult ex 165/131 Prismatic Evolutions Holo SIR-Near Mint, great centering",,Ungraded,4000,[],"[""FIXED_PRICE""]",5_star_cards,https://i.ebayimg.com/images/g/NOMAAeSwxoJqoIaW/s-l225.jpg,https://www.ebay.com/itm/257732096108?_skw=Dragapult+ex+165+Prismatic+Evolutions+Pokemon+card&hash=item3c0207b06c:g:NOMAAeSwxoJqoIaW,2026-09-12T23:42:48.395762+00:00
D3-A6EFBC126C9196CA,D3_BLIND_REVIEW,5576e4b9-4873-40fa-84c4-da9f28cec096,8614b6c4-8840-4b33-9908-4ded064f570f,Gulpin,Stellar Crown,154,illustration_rare,v1|366579704588|0,Gulpin 154/142 Sv07: Stellar Crown Holo,,Ungraded,4000,[],"[""FIXED_PRICE""]",76p2n_68,https://i.ebayimg.com/images/g/xoQAAeSwogFqblQH/s-l225.jpg,https://www.ebay.com/itm/366579704588?_skw=Gulpin+154+Stellar+Crown+Pokemon+card&hash=item5559da630c:g:xoQAAeSwogFqblQH,2026-09-12T23:42:48.395762+00:00
D3-C8939FE42FF1F149,D3_BLIND_REVIEW,50f67b41-059d-4c14-842f-8b48fba46bc2,304de4f2-c09c-4d1c-a57e-5b83867aee55,Lt. Surge's Bargain,Mega Evolution,120,uncommon,v1|187968407386|0,Lt. Surge's Bargain - 120/132 - ME01: Mega Evolution (MEG) - Pokemon TCG Card,,Ungraded,4000,[],"[""FIXED_PRICE"",""BEST_OFFER""]",ubersomethingsales,https://i.ebayimg.com/images/g/InEAAeSw1y1pbre6/s-l225.jpg,https://www.ebay.com/itm/187968407386?_skw=Lt.+Surge%27s+Bargain+120+Mega+Evolution+Pokemon+card&hash=item2bc3ca475a:g:InEAAeSw1y1pbre6,2026-09-12T23:42:48.395762+00:00
D3-9B7371A337B5362D,D3_BLIND_REVIEW,a3d56338-1f3f-4b99-8920-5d71b8b85737,66f1f173-3a34-44b4-95a3-d0031fa9d3ee,Pikachu ex,Surging Sparks,247,hyper_rare_gold,v1|178486331376|0,The Pokémon Company Pikachu ex Surging Sparks Hyper Rare Holo 247/191 BGS 9,,Graded,2750,[],"[""FIXED_PRICE"",""BEST_OFFER""]",thetreasurecaravan,https://i.ebayimg.com/images/g/5bQAAeSwD19qozmX/s-l225.jpg,https://www.ebay.com/itm/178486331376?_skw=Pikachu+ex+247+Surging+Sparks+Pokemon+card&hash=item298e9d47f0:g:5bQAAeSwD19qozmX,2026-09-12T23:42:48.395762+00:00
D3-E9278305094216D3,D3_BLIND_REVIEW,5576e4b9-4873-40fa-84c4-da9f28cec096,8614b6c4-8840-4b33-9908-4ded064f570f,Gulpin,Stellar Crown,154,illustration_rare,v1|198623377349|0,2024 POKÉMON SCR EN GULPIN ILLUSTRATION RARE #154 PSA 10,,Graded,2750,[],"[""AUCTION"",""BEST_OFFER""]",baps7_3,https://i.ebayimg.com/images/g/1mkAAeSwjh5qndkg/s-l225.jpg,https://www.ebay.com/itm/198623377349?_skw=Gulpin+154+Stellar+Crown+Pokemon+card&hash=item2e3ee037c5:g:1mkAAeSwjh5qndkg,2026-09-12T23:42:48.395762+00:00
D3-F8F8986ED1E806C8,D3_BLIND_REVIEW,b801a524-e703-4f4c-ad99-1ec742cf30ec,586dac04-6254-4241-b628-b6d3dac61063,Bianca's Devotion,Temporal Forces,209,special_illustration_rare,v1|147469578134|0,Bianca's Devotion - 209/162 - SV05: Temporal Forces (TEF) Pokemon,,Ungraded,4000,[],"[""FIXED_PRICE"",""BEST_OFFER""]",coastalsportcollectibles,https://i.ebayimg.com/images/g/VPIAAeSwRT1qagzT/s-l225.jpg,https://www.ebay.com/itm/147469578134?_skw=Bianca%27s+Devotion+209+Temporal+Forces+Pokemon+card&hash=item2255df2f96:g:VPIAAeSwRT1qagzT&amdata=enc%3AAQALAAABEACCtXRWQnOEpyOqnQQ8KGY%2BSk4PqVuTz6JBC0CML23bRIoiCW%2FtJ49akf9kefno%2FcZ3GMvjeLYfSp4iWa20pnx04oiXWJU2CLdq%2F918%2BH998LFk%2FDALMcLe1YgZAaBtsD0TyhTch541MYiYr0Yq8TEftKc1H0LBivKK2wi%2Fg7Bt6wBiG7fYpzuGUj2ptOUHLbs3UhrKHfQXulY3gW%2FsgrzucibmoJm8xJTQ0Cj5wGkfFUTPI5UJn0fX%2FDeLaKz9GY1A6%2FdzjsVCcDdhXSpTg%2BTXcM9I0TigL1G7eYBxkvJ5K2eBsGp1b2v3LI%2FeBiQheFd5uZnLhGqrFCKGGrLPEjhCalyPd1GNASnh%2FzXIHn07,2026-09-12T23:42:48.395762+00:00
D3-4FE3707A71AA3252,D3_BLIND_REVIEW,6a2b87e5-f90b-48f4-be30-a77258bee660,36134e45-4899-474f-88f0-b540ba618b49,Marill,Paldea Evolved,204,illustration_rare,v1|318669932003|0,Marill 204/193 Sv02: Paldea Evolved Holo,,Ungraded,4000,[],"[""FIXED_PRICE""]",archangeltcg,https://i.ebayimg.com/images/g/1V8AAeSwo4Nqb~9f/s-l225.jpg,https://www.ebay.com/itm/318669932003?_skw=Marill+204+Paldea+Evolved+Pokemon+card&hash=item4a323545e3:g:1V8AAeSwo4Nqb~9f,2026-09-12T23:42:48.395762+00:00
D3-A4C8C77ADEC12169,D3_BLIND_REVIEW,53466d2d-94fd-4230-9505-694297a9030d,3451abaf-acc7-41aa-a60c-25f24b7ac07f,Perrin,Twilight Masquerade,220,special_illustration_rare,v1|397943764920|0,Perrin 220/167 Sv06: Twilight Masquerade Holo PSA 9 Mint Pokémon TCG Full Art,,Graded,2750,[],"[""FIXED_PRICE"",""BEST_OFFER""]",dadsgarage74,https://i.ebayimg.com/images/g/NIoAAeSwJSpqBISM/s-l225.jpg,https://www.ebay.com/itm/397943764920?_skw=Perrin+220+Twilight+Masquerade+Pokemon+card&hash=item5ca74bf7b8:g:NIoAAeSwJSpqBISM,2026-09-12T23:42:48.395762+00:00
D3-D10E48AF54512270,D3_BLIND_REVIEW,cdfc0223-40ef-4e4b-a9f2-3a809ae1c3df,f6e9d756-3a7b-4c8e-b87c-06cacb0d3c7e,Flareon,Scarlet and Violet 151,136,rare,v1|357519425923|626153209159,Pokemon TCG 151 Reverse Holo Scarlet and Violet MEW Singles You Chose! Free Ship,,Ungraded,4000,[],"[""FIXED_PRICE""]",thebigfurn,https://i.ebayimg.com/images/g/KfMAAeSwZF5orSzL/s-l225.jpg,https://www.ebay.com/itm/357519425923?_skw=Flareon+136+Scarlet+and+Violet+151+Pokemon+card&var=626153209159&hash=item533dd18183:g:KfMAAeSwZF5orSzL,2026-09-12T23:42:48.395762+00:00
D3-3FF5F379421E9C94,D3_BLIND_REVIEW,d09b2fb5-41b6-4d1e-88cf-629402434501,efae0727-f8c2-48c5-a33e-c308be0d288d,Roaring Moon ex,Prismatic Evolutions,162,special_illustration_rare,v1|267490240675|0,Roaring Moon EX 162/131 Prismatic Evolutions Special Illustration Rare SIR Holo,,Ungraded,4000,[],"[""FIXED_PRICE"",""BEST_OFFER""]",bgtroncards,https://i.ebayimg.com/images/g/738AAeSw8JhpJSRP/s-l225.jpg,https://www.ebay.com/itm/267490240675?_skw=Roaring+Moon+ex+162+Prismatic+Evolutions+Pokemon+card&hash=item3e47a928a3:g:738AAeSw8JhpJSRP,2026-09-12T23:42:48.395762+00:00
D3-E01B1681E991AA87,D3_BLIND_REVIEW,2bf67447-75e1-4e97-ac08-c7f3e7f2c88c,ea7d59b7-a934-43b2-a230-9520fb6e6048,Dhelmise,Mega Evolution,18,common,v1|188858444012|0,Dhelmise Reverse Holo 18/132 Mega Evolution Common Pokemon TCG Card Collectible,,Ungraded,4000,[],"[""FIXED_PRICE""]",wexfordpawn,https://i.ebayimg.com/images/g/towAAeSwijdqkx8V/s-l225.jpg,https://www.ebay.com/itm/188858444012?_skw=Dhelmise+18+Mega+Evolution+Pokemon+card&hash=item2bf8d728ec:g:towAAeSwijdqkx8V,2026-09-12T23:42:48.395762+00:00
D3-7C7497E6219C386A,D3_BLIND_REVIEW,53466d2d-94fd-4230-9505-694297a9030d,3451abaf-acc7-41aa-a60c-25f24b7ac07f,Perrin,Twilight Masquerade,220,special_illustration_rare,v1|226325351801|0,Pokemon Perrin 220 SIR Twilight Masquerade Extended Artwork Case,,Ungraded,4000,[],"[""FIXED_PRICE""]",dragarious,https://i.ebayimg.com/images/g/f~0AAeSwtLJpD5GA/s-l225.jpg,https://www.ebay.com/itm/226325351801?_skw=Perrin+220+Twilight+Masquerade+Pokemon+card&hash=item34b20acd79:g:f~0AAeSwtLJpD5GA,2026-09-12T23:42:48.395762+00:00
D3-20A7560CDE8720FE,D3_BLIND_REVIEW,301185dd-2bde-4699-80bd-8b2a3cfd8f7f,af28bc66-9c8b-4dbb-bf83-fa6215bd26f0,Pikachu ex,Ascended Heroes,276,special_illustration_rare,v1|407084753723|0,✨Pikachu ex 276/217 Ascended Heroes SIR Full Art Holo English TCG Pack Fresh✨,,Ungraded,4000,[],"[""FIXED_PRICE""]",alweinb_66,https://i.ebayimg.com/images/g/PsUAAeSwpwZqXWGy/s-l225.jpg,https://www.ebay.com/itm/407084753723?_skw=Pikachu+ex+276+Ascended+Heroes+Pokemon+card&hash=item5ec824633b:g:PsUAAeSwpwZqXWGy,2026-09-12T23:42:48.395762+00:00
D3-ADD491A23A195EBA,D3_BLIND_REVIEW,018c983e-b1d0-41df-880e-ebf3f2e2fb12,4eb8f140-a9c3-41c4-85aa-c2f6b7131746,Penny,Scarlet and Violet Base Set,252,special_illustration_rare,v1|358545184481|0,Pokémon TCG Scarlet & Violet Base Set Penny Card 252/198 NM Condition,,Ungraded,4000,[],"[""FIXED_PRICE"",""BEST_OFFER""]",8oo81e5,https://i.ebayimg.com/images/g/RPMAAeSwNBlqAizv/s-l225.jpg,https://www.ebay.com/itm/358545184481?_skw=Penny+252+Scarlet+and+Violet+Base+Set+Pokemon+card&hash=item537af556e1:g:RPMAAeSwNBlqAizv,2026-09-12T23:42:48.395762+00:00
D3-32DD8676C7690F73,D3_BLIND_REVIEW,67611b34-a7e9-497f-9708-651cc015ca6c,f02f5725-b24c-4ee9-a9b5-55edd91d7697,Lillie's Determination,Mega Evolution,184,special_illustration_rare,v1|327351126783|0,Lillie's Determination 184/132 Me01: Mega Evolution Holo,,Ungraded,4000,[],"[""FIXED_PRICE""]",2010firman77,https://i.ebayimg.com/images/g/ZrAAAeSwO19qojNV/s-l225.jpg,https://www.ebay.com/itm/327351126783?_skw=Lillie%27s+Determination+184+Mega+Evolution+Pokemon+card&hash=item4c37a5caff:g:ZrAAAeSwO19qojNV,2026-09-12T23:42:48.395762+00:00
D3-49755071C43AA219,D3_BLIND_REVIEW,3b5294d0-4738-4296-952e-f32b2788e3c4,10ab9aee-5f8c-4938-aec5-aa4a4314f745,Sunflora,Twilight Masquerade,169,illustration_rare,v1|237036783237|0,Sunflora SV06: Twilight Masquerade 169/167 Illustration Rare NM,,Ungraded,4000,[],"[""FIXED_PRICE"",""BEST_OFFER""]",916_tcg,https://i.ebayimg.com/images/g/2CAAAeSwMcdqkopD/s-l225.jpg,https://www.ebay.com/itm/237036783237?_skw=Sunflora+169+Twilight+Masquerade+Pokemon+card&hash=item37307e4685:g:2CAAAeSwMcdqkopD,2026-09-12T23:42:48.395762+00:00
D3-AF01601640D47BDF,D3_BLIND_REVIEW,2cef0dfb-a5fd-4aed-b8ae-34a82f414587,3d276bff-a869-4634-840f-d5eb4f33aa1d,Reshiram ex,White Flare,166,special_illustration_rare,v1|198625531705|0,Pokémon TCG Reshiram EX SAR #166/086 Scarlet & Violet White Flare Mint Condition,,Ungraded,4000,[],"[""FIXED_PRICE"",""BEST_OFFER""]",8995stephen,https://i.ebayimg.com/images/g/P~wAAeSwuiJqnwpz/s-l225.jpg,https://www.ebay.com/itm/198625531705?_skw=Reshiram+ex+166+White+Flare+Pokemon+card&hash=item2e3f011739:g:P~wAAeSwuiJqnwpz,2026-09-12T23:42:48.395762+00:00
D3-2848585284AA7FBB,D3_BLIND_REVIEW,8a2cce32-ad4f-4468-8a28-8a9ea9653365,9cc8f6b0-2c28-442b-bdd1-11cbd9a4068e,Leavanny,White Flare,89,illustration_rare,v1|188885150145|0,Leavanny 003/086 Uncommon White Flare Pokemon Reverse Holo Near Mint,,Ungraded,4000,[],"[""FIXED_PRICE""]",blackdiamonddeals12,https://i.ebayimg.com/images/g/CdUAAeSw1fxqmtY3/s-l225.jpg,https://www.ebay.com/itm/188885150145?_skw=Leavanny+89+White+Flare+Pokemon+card&hash=item2bfa6ea9c1:g:CdUAAeSw1fxqmtY3,2026-09-12T23:42:48.395762+00:00
D3-CDD5662C1C8E58F6,D3_BLIND_REVIEW,25638dbd-2434-4a4f-ba0d-dcf3e3e114ca,b3f17a3e-c2cb-447e-8873-c5970a4372c9,Clemont's Quick Wit,Surging Sparks,243,special_illustration_rare,v1|187739277763|0,Pokemon Surging Sparks Clemont’s Quick Wit 243/191 Special Illustration Rare NM,,Ungraded,4000,[],"[""FIXED_PRICE""]",hobiihouse,https://i.ebayimg.com/images/g/UVsAAeSwLkVpFlRW/s-l225.jpg,https://www.ebay.com/itm/187739277763?_skw=Clemont%27s+Quick+Wit+243+Surging+Sparks+Pokemon+card&hash=item2bb62209c3:g:UVsAAeSwLkVpFlRW,2026-09-12T23:42:48.395762+00:00
D3-A66CCFF7FB584D84,D3_BLIND_REVIEW,0b81872e-b089-49e9-aec3-16a535b12efb,0057b67c-a140-400c-b308-2a6d046cb043,Haxorus,Black Bolt,147,illustration_rare,v1|800406575708|0,Pokémon TCG Haxorus 147/086 Black Bolt Illustration Rare Holo Card NM,,Ungraded,4000,[],"[""FIXED_PRICE"",""BEST_OFFER""]",aimathyst,https://i.ebayimg.com/images/g/QQsAAeSwWEBqZOsN/s-l225.jpg,https://www.ebay.com/itm/800406575708?_skw=Haxorus+147+Black+Bolt+Pokemon+card&hash=itemba5bf31a5c:g:QQsAAeSwWEBqZOsN,2026-09-12T23:42:48.395762+00:00
D3-C364D170A9A77F31,D3_BLIND_REVIEW,3755e7ef-e482-4186-8377-e717f80b3759,aa88bdd2-2ebe-4f9b-b53b-ab077c63f98c,Secret Box,Twilight Masquerade,163,ace_spec,v1|237054193947|0,Secret Box 163/167 ACE SPEC Trainer Pokemon Twilight Masquerade TCG NM,,Ungraded,4000,[],"[""AUCTION""]",oluul,https://i.ebayimg.com/images/g/0S0AAeSwzf9qneku/s-l225.jpg,https://www.ebay.com/itm/237054193947?_skw=Secret+Box+163+Twilight+Masquerade+Pokemon+card&hash=item373187f11b:g:0S0AAeSwzf9qneku,2026-09-12T23:42:48.395762+00:00
D3-A2A2C2788F31F7C7,D3_BLIND_REVIEW,8a2827bc-48b7-4dfd-b240-501fe24100b9,4db4cc1d-2bfd-45e2-a457-7cb450d1f79a,Bronzor,Temporal Forces,68,common,v1|389187995241|0,2023 Pokémon Temporal Forces Bronzor 68 /165 Reverse Holographic Holo Foil,,Ungraded,4000,[],"[""FIXED_PRICE"",""BEST_OFFER""]",aravak-82,https://i.ebayimg.com/images/g/1Z8AAeSwQ1ppCsSa/s-l225.jpg,https://www.ebay.com/itm/389187995241?_skw=Bronzor+68+Temporal+Forces+Pokemon+card&hash=item5a9d698669:g:1Z8AAeSwQ1ppCsSa,2026-09-12T23:42:48.395762+00:00
D3-DA812AC3DDC2BD4D,D3_BLIND_REVIEW,67611b34-a7e9-497f-9708-651cc015ca6c,f02f5725-b24c-4ee9-a9b5-55edd91d7697,Lillie's Determination,Mega Evolution,184,special_illustration_rare,v1|327316605330|0,Pokemon TCG Lillie's Determination 184/132 Me01: Mega Evolution Holo NM,,Ungraded,4000,[],"[""FIXED_PRICE""]",1orduckfan,https://i.ebayimg.com/images/g/ZMsAAeSwlktqW-Nj/s-l225.jpg,https://www.ebay.com/itm/327316605330?_skw=Lillie%27s+Determination+184+Mega+Evolution+Pokemon+card&hash=item4c35970992:g:ZMsAAeSwlktqW-Nj,2026-09-12T23:42:48.395762+00:00
D3-1B3258B0C26176CF,D3_BLIND_REVIEW,31566cbb-0eeb-499e-aa6d-b9b0bd85fc8b,fc81462a-2c3e-4b7a-a7be-ad7f88d98ace,Mega Greninja ex,Chaos Rising,122,mega_hyper_rare,v1|206511368905|0,2026 Pokemon Mega Evolution Chaos Rising Greninja ex #122/086 Hyper Rare SSP,,Ungraded,4000,[],"[""FIXED_PRICE"",""BEST_OFFER""]",gpvaultco,https://i.ebayimg.com/images/g/BZoAAeSwo8Jqi3pG/s-l225.jpg,https://www.ebay.com/itm/206511368905?_skw=Mega+Greninja+ex+122+Chaos+Rising+Pokemon+card&hash=item3015096ac9:g:BZoAAeSwo8Jqi3pG,2026-09-12T23:42:48.395762+00:00
D3-FE38F807991F60A7,D3_BLIND_REVIEW,152906c9-3b9f-4f16-bb22-cb4241c7386b,20ddd5ca-77ef-4e3c-a018-ea4c7a44913a,Giovanni's Charisma,Scarlet and Violet 151,204,special_illustration_rare,v1|147414308544|0,Giovanni's Charisma 197/165 Sv: Scarlet & Violet 151 Holo,,Ungraded,4000,[],"[""FIXED_PRICE"",""BEST_OFFER""]",tmoney2150,https://i.ebayimg.com/images/g/jZ8AAeSwQc1qR~zp/s-l225.jpg,https://www.ebay.com/itm/147414308544?_skw=Giovanni%27s+Charisma+204+Scarlet+and+Violet+151+Pokemon+card&hash=item225293d6c0:g:jZ8AAeSwQc1qR~zp,2026-09-12T23:42:48.395762+00:00
D3-503CC9DF3D96BB57,D3_BLIND_REVIEW,4206e794-1ec6-4d55-94d4-63267ac9a183,9d5ddc90-8f9d-4759-b73d-fff0cd877d73,Mega Dragonite ex,Ascended Heroes,290,special_illustration_rare,v1|318673261624|0,Mega Dragonite ex Pokémon 2026 Ascended Heroes Special Illustration Rare #290 NM,,Ungraded,4000,[],"[""FIXED_PRICE"",""BEST_OFFER""]",callmemaybellc,https://i.ebayimg.com/images/g/oIQAAeSw371qcPa2/s-l225.jpg,https://www.ebay.com/itm/318673261624?_skw=Mega+Dragonite+ex+290+Ascended+Heroes+Pokemon+card&hash=item4a32681438:g:oIQAAeSw371qcPa2,2026-09-12T23:42:48.395762+00:00
D3-3B5B8FE5B1DD05BB,D3_BLIND_REVIEW,4206e794-1ec6-4d55-94d4-63267ac9a183,9d5ddc90-8f9d-4759-b73d-fff0cd877d73,Mega Dragonite ex,Ascended Heroes,290,special_illustration_rare,v1|800642968462|0,Mega Dragonite Ex 290/217 Ascended Heroes Special Illustration Rare Pokemon TCG,,Ungraded,4000,[],"[""FIXED_PRICE"",""BEST_OFFER""]",bramen67,https://i.ebayimg.com/images/g/gEcAAeSwc8FqmJnr/s-l225.jpg,https://www.ebay.com/itm/800642968462?_skw=Mega+Dragonite+ex+290+Ascended+Heroes+Pokemon+card&hash=itemba6a0a2b8e:g:gEcAAeSwc8FqmJnr,2026-09-12T23:42:48.395762+00:00
D3-F17EA57C6DFB5013,D3_BLIND_REVIEW,33dca102-b449-4da6-bfa6-7b72de711596,c2d7a5e7-cfdd-4f37-9748-a2259857c6e3,Charizard ex,Paldean Fates,234,special_illustration_rare,v1|157949598277|0,Pokemon Company Charizard ex SV Paldean Fates 234/091 SIR Holo English 330HP,,Ungraded,4000,[],"[""FIXED_PRICE"",""BEST_OFFER""]",ry-787299,https://i.ebayimg.com/images/g/FksAAeSwvfRqGH3G/s-l225.jpg,https://www.ebay.com/itm/157949598277?_skw=Charizard+ex+234+Paldean+Fates+Pokemon+card&hash=item24c6879a45:g:FksAAeSwvfRqGH3G,2026-09-12T23:42:48.395762+00:00
D3-90AB2F3D83D1C452,D3_BLIND_REVIEW,018c983e-b1d0-41df-880e-ebf3f2e2fb12,4eb8f140-a9c3-41c4-85aa-c2f6b7131746,Penny,Scarlet and Violet Base Set,252,special_illustration_rare,v1|327015979969|0,Pokemon Penny 252/198 Base Set Scarlet & Violet Special Illustration Rare NM,,Ungraded,4000,[],"[""FIXED_PRICE""]",spheregrid,https://i.ebayimg.com/images/g/ejMAAeSwb5ZpnQ56/s-l225.jpg,https://www.ebay.com/itm/327015979969?_skw=Penny+252+Scarlet+and+Violet+Base+Set+Pokemon+card&hash=item4c23abdbc1:g:ejMAAeSwb5ZpnQ56,2026-09-12T23:42:48.395762+00:00
D3-6E3B833BC91EFC53,D3_BLIND_REVIEW,147a436d-4ccc-43d1-b19a-20b74d2ff723,a86eb8d9-0e89-4e02-879a-d587dbfe0252,Carmine,Twilight Masquerade,217,special_illustration_rare,v1|358738785440|0,Carmine Special Illustration Rare Holo SV06: Twilight Masquerade 217/167 NM,,Ungraded,4000,[],"[""FIXED_PRICE"",""BEST_OFFER""]",hawshopp,https://i.ebayimg.com/images/g/tykAAeSw23FqQ8kq/s-l225.jpg,https://www.ebay.com/itm/358738785440?_skw=Carmine+217+Twilight+Masquerade+Pokemon+card&hash=item53867f74a0:g:tykAAeSw23FqQ8kq,2026-09-12T23:42:48.395762+00:00
D3-4FF8231E47786A9D,D3_BLIND_REVIEW,b3020b76-9ff0-449a-85b8-924878fa0e8b,b70cd4ec-81c4-4e81-a677-901a43af62d9,Archeops,White Flare,132,illustration_rare,v1|178476997872|0,Archeops 132/086 SV: White Flare 2025 Illustration Rare Holo,,Ungraded,4000,[],"[""FIXED_PRICE""]",607collectibles,https://i.ebayimg.com/images/g/ujwAAeSwjWtqnxoo/s-l225.jpg,https://www.ebay.com/itm/178476997872?_skw=Archeops+132+White+Flare+Pokemon+card&hash=item298e0edcf0:g:ujwAAeSwjWtqnxoo,2026-09-12T23:42:48.395762+00:00
D3-E98A8C52C22A2731,D3_BLIND_REVIEW,6a980108-6683-4461-ac9a-c81a27326dee,129a7668-0ba7-4f77-8585-3847e6c3d342,Team Rocket's Mewtwo ex,Destined Rivals,231,special_illustration_rare,v1|178448614347|0,Team Rocket's Mewtwo ex - 231/182 - Destined Rivals - SIR Holo Full Art EN,,Ungraded,4000,[],"[""FIXED_PRICE""]",pohkeman,https://i.ebayimg.com/images/g/JugAAeSwpN5qkfM1/s-l225.jpg,https://www.ebay.com/itm/178448614347?_skw=Team+Rocket%27s+Mewtwo+ex+231+Destined+Rivals+Pokemon+card&hash=item298c5dc3cb:g:JugAAeSwpN5qkfM1,2026-09-12T23:42:48.395762+00:00
D3-B5ED6F2FE8630CDA,D3_BLIND_REVIEW,b620ec1c-c0ac-4e7e-919d-a7df98bcb84b,8af678f4-09f0-486c-9617-b56896ebeea0,Zweilous,White Flare,147,illustration_rare,v1|398361086506|0,Zweilous 147/086 Holo Illustration Rare White Flare Pokemon NM,,Ungraded,4000,[],"[""FIXED_PRICE"",""BEST_OFFER""]",big-bundo-games,https://i.ebayimg.com/images/g/FfkAAeSw4QFqm6t9/s-l225.jpg,https://www.ebay.com/itm/398361086506?_skw=Zweilous+147+White+Flare+Pokemon+card&hash=item5cc02bca2a:g:FfkAAeSw4QFqm6t9,2026-09-12T23:42:48.395762+00:00
D3-309410270BF2581A,D3_BLIND_REVIEW,b547c5c3-7082-4a7f-9290-3d569b91b462,2c272732-fdb3-4639-aa6b-ea9fa3ad9c24,Team Rocket's Giovanni,Destined Rivals,225,ultra_rare,v1|298508577945|0,2025 Team Rocket's Giovanni - 225/182 Ultra Rare Holo NM/Mint Destined Rivals,,Ungraded,4000,[],"[""FIXED_PRICE""]",waukeepoke,https://i.ebayimg.com/images/g/nVcAAeSwstBqV83G/s-l225.jpg,https://www.ebay.com/itm/298508577945?_skw=Team+Rocket%27s+Giovanni+225+Destined+Rivals+Pokemon+card&hash=item45807f6c99:g:nVcAAeSwstBqV83G&amdata=enc%3AAQALAAABEACCtXRWQnOEpyOqnQQ8KGaDDBrfUA5LkIwo%2Fv8l%2Byg3uEhKzKcemtDnybH7KrjE0csBxUw7lfJTa6uYb5gWeM7xACOtpA%2B0k5uN3PB37x6MXGyZi4cI5cBsdMbasfsYhgauGi2IlwXTincCS86SF3RTqjiBvv1QpnFO06dC8giAjxNj8hoboaWiCCuoKy19UIXgW46LsK6xZP67sq8FtUJb5AEYfM7uKKu1HFrCnNmwgbSQrm85365Y7DdHc%2Bze3Vu6UwcXg4%2FUd5pL9SyiVp9d%2B4Ru8SLc6830jzCfH9C7Q2tWiASNb2I5sIF6HqI1oMEa08Qo16tPw%2B0y7MUKOhTM11sBGYWfl3xX90lkZqnI,2026-09-12T23:42:48.395762+00:00
D3-5E312A14F4DC8CB3,D3_BLIND_REVIEW,64c0404b-826f-493d-9c10-738b2b56eca4,9f6c24f7-6a76-471f-ad81-d3901c5e9088,Mega Audino ex,Ascended Heroes,253,ultra_rare,v1|158213497048|0,Mega Audino ex Pokemon Ascended Heroes 253/217 Near Mint,,Ungraded,4000,[],"[""FIXED_PRICE""]",duncforester_tcg,https://i.ebayimg.com/images/g/7~4AAeSw0KVqiLHd/s-l225.jpg,https://www.ebay.com/itm/158213497048?_skw=Mega+Audino+ex+253+Ascended+Heroes+Pokemon+card&hash=item24d64260d8:g:7~4AAeSw0KVqiLHd,2026-09-12T23:42:48.395762+00:00
D3-B43FCBD47499A323,D3_BLIND_REVIEW,4299cd6b-98e3-4e65-865f-26a39b19fe5b,041717c6-a2b6-40d1-867a-b1abb1d65ec8,Durant ex,Surging Sparks,236,special_illustration_rare,v1|407172692519|0,2024 Pokemon—Durant ex #236/191 Surging Sparks—Special Illustration Rare Holo,,Ungraded,4000,[],"[""FIXED_PRICE"",""BEST_OFFER""]",papajoeyscollectibles,https://i.ebayimg.com/images/g/x6UAAeSwJc9qn1-7/s-l225.jpg,https://www.ebay.com/itm/407172692519?_skw=Durant+ex+236+Surging+Sparks+Pokemon+card&hash=item5ecd623a27:g:x6UAAeSwJc9qn1-7,2026-09-12T23:42:48.395762+00:00
D3-76A27F179FE3281F,D3_BLIND_REVIEW,3755e7ef-e482-4186-8377-e717f80b3759,aa88bdd2-2ebe-4f9b-b53b-ab077c63f98c,Secret Box,Twilight Masquerade,163,ace_spec,v1|298666983496|0,Secret Box - [TWM - 163/167] - DM - Holofoil - Twilight Masquerade - Pokemon,,Ungraded,4000,[],"[""FIXED_PRICE""]",go-geekoasis,https://i.ebayimg.com/images/g/oXkAAeSwpalqpVhu/s-l225.jpg,https://www.ebay.com/itm/298666983496?_skw=Secret+Box+163+Twilight+Masquerade+Pokemon+card&hash=item4589f08048:g:oXkAAeSwpalqpVhu,2026-09-12T23:42:48.395762+00:00
D3-ACEF1F70D20395C4,D3_BLIND_REVIEW,3b5294d0-4738-4296-952e-f32b2788e3c4,10ab9aee-5f8c-4938-aec5-aa4a4314f745,Sunflora,Twilight Masquerade,169,illustration_rare,v1|317599650622|0,SUNFLORA #169 ILLUSTRATION RARE 2024 POKEMON TWM EN TWILIGHT MASQUERADE PSA 9,,Graded,2750,[],"[""FIXED_PRICE""]",pokecardenjoyer,https://i.ebayimg.com/images/g/ogwAAeSwuhZpKg3A/s-l225.jpg,https://www.ebay.com/itm/317599650622?_skw=Sunflora+169+Twilight+Masquerade+Pokemon+card&hash=item49f26a133e:g:ogwAAeSwuhZpKg3A,2026-09-12T23:42:48.395762+00:00
D3-3FB6EAA67B62792C,D3_BLIND_REVIEW,d12a209b-06a3-4b46-82d3-a374e6bbe7b4,d0d523dc-3f95-4bbc-beb6-75b3d2a15cae,Grafaiai,Paldea Evolved,223,illustration_rare,v1|306966663384|0,Grafaiai Illustration Rare SV02: Paldea Evolved Holo 223/193 NM,,Ungraded,4000,[],"[""FIXED_PRICE"",""BEST_OFFER""]",airbell-collectibles,https://i.ebayimg.com/images/g/iEUAAeSwWi9qF2nV/s-l225.jpg,https://www.ebay.com/itm/306966663384?_skw=Grafaiai+223+Paldea+Evolved+Pokemon+card&hash=item4778a390d8:g:iEUAAeSwWi9qF2nV,2026-09-12T23:42:48.395762+00:00
D3-6B93D438C45A73D9,D3_BLIND_REVIEW,21e9ddc5-2751-4886-9e08-a1c6e2cc14e4,53abbd65-a601-4185-b08c-3721e963fa3d,Kyurem ex,Black Bolt,165,special_illustration_rare,v1|398388613982|0,Pokemon TCG Kyurem ex 165/086 Sv: Black Bolt SIR Holo English PSA 9 2025,,Graded,2750,[],"[""FIXED_PRICE"",""BEST_OFFER""]",fl-184623,https://i.ebayimg.com/images/g/T-UAAeSwKjZqpcO-/s-l225.jpg,https://www.ebay.com/itm/398388613982?_skw=Kyurem+ex+165+Black+Bolt+Pokemon+card&hash=item5cc1cfd35e:g:T-UAAeSwKjZqpcO-,2026-09-12T23:42:48.395762+00:00
D3-2F67A33E5AA8E7EB,D3_BLIND_REVIEW,21e9ddc5-2751-4886-9e08-a1c6e2cc14e4,53abbd65-a601-4185-b08c-3721e963fa3d,Kyurem ex,Black Bolt,165,special_illustration_rare,v1|298665783345|0,Kyurem ex Holo Special Illustration Rare SV: Black Bolt 165/086 NM,,Ungraded,4000,[],"[""FIXED_PRICE"",""BEST_OFFER""]",basicislandtcg,https://i.ebayimg.com/images/g/eOgAAeSwUERqpMR3/s-l225.jpg,https://www.ebay.com/itm/298665783345?_skw=Kyurem+ex+165+Black+Bolt+Pokemon+card&hash=item4589de3031:g:eOgAAeSwUERqpMR3,2026-09-12T23:42:48.395762+00:00
D3-DE980A09E626FCDA,D3_BLIND_REVIEW,0dde3317-5162-49d1-b5c9-6b206a086d2c,7a7c3304-cc14-4aab-9f7b-b88270d4228c,Tinkatuff,Paldean Fates,166,shiny_rare,v1|178480925533|0,Tinkatuff 166/091 Shiny Rare Paldean Fates Pokemon Holo Near Mint,,Ungraded,4000,[],"[""FIXED_PRICE""]",alejre-8,https://i.ebayimg.com/images/g/KWkAAeSwdntqoM0~/s-l225.jpg,https://www.ebay.com/itm/178480925533?_skw=Tinkatuff+166+Paldean+Fates+Pokemon+card&hash=item298e4acb5d:g:KWkAAeSwdntqoM0~,2026-09-12T23:42:48.395762+00:00
D3-CF9C1DE4241031F5,D3_BLIND_REVIEW,9f323989-e972-4a9e-9e7b-3166e85d0690,0f3466bf-92b1-4d3d-913b-181fcec68996,Mega Feraligatr ex,Ascended Heroes,274,special_illustration_rare,v1|407119838630|0,Mega Feraligatr ex-274/217-ME: Ascended Heroes-Near Mint-Special Illustration,,Ungraded,4000,[],"[""FIXED_PRICE"",""BEST_OFFER""]",alnied-0,https://i.ebayimg.com/images/g/Bo0AAeSwrndqcfHy/s-l225.jpg,https://www.ebay.com/itm/407119838630?_skw=Mega+Feraligatr+ex+274+Ascended+Heroes+Pokemon+card&hash=item5eca3bbda6:g:Bo0AAeSwrndqcfHy,2026-09-12T23:42:48.395762+00:00
D3-2DD5C5CE71266834,D3_BLIND_REVIEW,33dca102-b449-4da6-bfa6-7b72de711596,c2d7a5e7-cfdd-4f37-9748-a2259857c6e3,Charizard ex,Paldean Fates,234,special_illustration_rare,v1|298610288277|0,Pokémon TCG Charizard EX Paldean Fates Sir 234/091 NM Condition,,Ungraded,4000,[],"[""FIXED_PRICE"",""BEST_OFFER""]",1upgamesga,https://i.ebayimg.com/images/g/ZuQAAeSwrd5qi2sc/s-l225.jpg,https://www.ebay.com/itm/298610288277?_skw=Charizard+ex+234+Paldean+Fates+Pokemon+card&hash=item45868f6695:g:ZuQAAeSwrd5qi2sc,2026-09-12T23:42:48.395762+00:00
D3-AEBC6263C4E4484D,D3_BLIND_REVIEW,c7e36a14-236f-4b93-a4a8-a4be2ddc7193,590cc9ca-0f7d-413e-ae31-68433716e01b,Mega Lucario ex,Mega Evolution,179,special_illustration_rare,v1|800626611810|0,Pokémon TCG Mega Lucario EX 179/132 Special Illustration Rare. Mega Evolution.,,Ungraded,4000,[],"[""FIXED_PRICE""]",antdzi64,https://i.ebayimg.com/images/g/AiEAAeSw1WNqntps/s-l225.jpg,https://www.ebay.com/itm/800626611810?_skw=Mega+Lucario+ex+179+Mega+Evolution+Pokemon+card&hash=itemba69109662:g:AiEAAeSw1WNqntps,2026-09-12T23:42:48.395762+00:00
D3-CDC345A8F053D8A7,D3_BLIND_REVIEW,2e5780f8-1769-4d26-9e3e-87e4a27d4dfe,09b7c446-d89f-4a64-b721-bc1293308747,Dachsbun ex,Stellar Crown,169,special_illustration_rare,v1|257728774258|0,Dachsbun ex 169/142 Sv07: Stellar Crown Holo,,Ungraded,4000,[],"[""FIXED_PRICE"",""BEST_OFFER""]",lovolt,https://i.ebayimg.com/images/g/9I0AAeSwDFZqnkR9/s-l225.jpg,https://www.ebay.com/itm/257728774258?_skw=Dachsbun+ex+169+Stellar+Crown+Pokemon+card&hash=item3c01d50072:g:9I0AAeSwDFZqnkR9,2026-09-12T23:42:48.395762+00:00
D3-D8AA490D8BF8CC88,D3_BLIND_REVIEW,cc59d868-d0e5-4557-9423-3f9b7c9d2591,04f90621-b7cb-49bf-b962-8ba0790d6e62,Team Rocket's Giovanni,Destined Rivals,238,special_illustration_rare,v1|198153061386|0,Pokemon Team Rocket's Giovanni 238/182 Destined Rivals Holo NM,,Ungraded,4000,[],"[""FIXED_PRICE"",""BEST_OFFER""]",offcenterbutclean,https://i.ebayimg.com/images/g/2ioAAeSwZYppp4q4/s-l225.jpg,https://www.ebay.com/itm/198153061386?_skw=Team+Rocket%27s+Giovanni+238+Destined+Rivals+Pokemon+card&hash=item2e22d7c40a:g:2ioAAeSwZYppp4q4,2026-09-12T23:42:48.395762+00:00
D3-93A982D844B479B2,D3_BLIND_REVIEW,8a2cce32-ad4f-4468-8a28-8a9ea9653365,9cc8f6b0-2c28-442b-bdd1-11cbd9a4068e,Leavanny,White Flare,89,illustration_rare,v1|407159870653|0,2025 Pokemon—Leavanny #89 White Flare—Illustration Rare Holo,,Ungraded,4000,[],"[""FIXED_PRICE"",""BEST_OFFER""]",papajoeyscollectibles,https://i.ebayimg.com/images/g/1LcAAeSwWhdqh7D-/s-l225.jpg,https://www.ebay.com/itm/407159870653?_skw=Leavanny+89+White+Flare+Pokemon+card&hash=item5ecc9e94bd:g:1LcAAeSwWhdqh7D-,2026-09-12T23:42:48.395762+00:00
D3-42DB0390B73C529C,D3_BLIND_REVIEW,4299cd6b-98e3-4e65-865f-26a39b19fe5b,041717c6-a2b6-40d1-867a-b1abb1d65ec8,Durant ex,Surging Sparks,236,special_illustration_rare,v1|398038439718|0,Durant ex Special Illustration Rare SV08: Surging Sparks SSP Grass Holo 236/191,,Ungraded,4000,[],"[""FIXED_PRICE""]",mnqualityrares,https://i.ebayimg.com/images/g/LtQAAeSw26BqJefp/s-l225.jpg,https://www.ebay.com/itm/398038439718?_skw=Durant+ex+236+Surging+Sparks+Pokemon+card&hash=item5cacf09726:g:LtQAAeSw26BqJefp&amdata=enc%3AAQALAAABAACCtXRWQnOEpyOqnQQ8KGbPIdn46xPOS0EgSM5QnW4cUKWbOiu62lz%2FWL9p71aHZrO027TvSMhVa4dAj%2BVeR01hQHje3Yt6fhvj7s3SDmfVP8lzxiCjBEWUv1tErqWCDwfp2S2%2FRZwwcl9UNEV28jRt3VzxGU1UF4smI3iyDNje67xputD1UuqqqpsBvHIAW6xYYexy%2B43XJ%2FP4ezR1kG3JSOR%2BCJKq3t8%2FYiWnM1N4T7YOAne4IttI1YDels51BdAlhBQ6UyoBZf8aZvOB5D9VkVI0KhSQB8gwPXGV5dba%2Fdnd1%2B9rkqITHJdcYB8JhX59UPnECNCLQ6u4x63dGSs%3D,2026-09-12T23:42:48.395762+00:00
D3-2471382DC9EF50AF,D3_BLIND_REVIEW,d09b2fb5-41b6-4d1e-88cf-629402434501,efae0727-f8c2-48c5-a33e-c308be0d288d,Roaring Moon ex,Prismatic Evolutions,162,special_illustration_rare,v1|206463486830|0,2025 Pokemon Pre EN-Prismatic Evolutions Roaring Moon EX SIR PSA 9 #162,,Graded,2750,[],"[""FIXED_PRICE""]",fastbreaktradingcards23,https://i.ebayimg.com/images/g/aDYAAeSw46tqcSUn/s-l225.jpg,https://www.ebay.com/itm/206463486830?_skw=Roaring+Moon+ex+162+Prismatic+Evolutions+Pokemon+card&hash=item30122ecb6e:g:aDYAAeSw46tqcSUn,2026-09-12T23:42:48.395762+00:00
D3-EADA3B47A2AF5751,D3_BLIND_REVIEW,b547c5c3-7082-4a7f-9290-3d569b91b462,2c272732-fdb3-4639-aa6b-ea9fa3ad9c24,Team Rocket's Giovanni,Destined Rivals,225,ultra_rare,v1|298619812656|0,Team Rocket's Giovanni Holo Ultra Rare SV10: Destined Rivals 225/182 NM,,Ungraded,4000,[],"[""FIXED_PRICE"",""BEST_OFFER""]",basicislandtcg,https://i.ebayimg.com/images/g/F4MAAeSw6wNqj62e/s-l225.jpg,https://www.ebay.com/itm/298619812656?_skw=Team+Rocket%27s+Giovanni+225+Destined+Rivals+Pokemon+card&hash=item458720bb30:g:F4MAAeSw6wNqj62e,2026-09-12T23:42:48.395762+00:00
D3-7D3FE4E19826BDC7,D3_BLIND_REVIEW,6a980108-6683-4461-ac9a-c81a27326dee,129a7668-0ba7-4f77-8585-3847e6c3d342,Team Rocket's Mewtwo ex,Destined Rivals,231,special_illustration_rare,v1|297668845838|0,Team Rocket's Mewtwo Ex #231 Pokemon Destined Rivals.  Very Clean Card.,,Ungraded,4000,[],"[""FIXED_PRICE"",""BEST_OFFER""]",clear_water_cards,https://i.ebayimg.com/images/g/QKkAAeSwUAlo5oy7/s-l225.jpg,https://www.ebay.com/itm/297668845838?_skw=Team+Rocket%27s+Mewtwo+ex+231+Destined+Rivals+Pokemon+card&hash=item454e72210e:g:QKkAAeSwUAlo5oy7,2026-09-12T23:42:48.395762+00:00
D3-EBF7211E848914B7,D3_BLIND_REVIEW,64c0404b-826f-493d-9c10-738b2b56eca4,9f6c24f7-6a76-471f-ad81-d3901c5e9088,Mega Audino ex,Ascended Heroes,253,ultra_rare,v1|237057576188|0,2026 Pokemon Mega Audino EX 253/217 Ultra Rare Holo CGC 10 Pristine,,Graded,2750,[],"[""FIXED_PRICE"",""BEST_OFFER""]",haihaicollectibles,https://i.ebayimg.com/images/g/JaoAAeSwtQFqoCMa/s-l225.jpg,https://www.ebay.com/itm/237057576188?_skw=Mega+Audino+ex+253+Ascended+Heroes+Pokemon+card&hash=item3731bb8cfc:g:JaoAAeSwtQFqoCMa&amdata=enc%3AAQALAAABEACCtXRWQnOEpyOqnQQ8KGa2oLyqGDi3HJ%2Fl5sNsIEostKKNdEzDkkcoivTbl1RE2ZKMLbvQu1LN6rOVPxCpknHsyBtuUDTsv97nK1Tk4Xw%2FVMJGKtEza4MWXrq2TE3lAwxA9rA1WX8s%2BHr59zL1iIfU0km%2FRSmXKi6egsDRB2%2B4aMbP7Ffyd8pHbTWdYtgjbmOK54%2FMgvAkAN9X833QU4hJJTiO7jv%2B0D21KwOaSymr61nWHUJECBOEMklXChqj5BA45YRQCXPa1LgfZcOgE4lkvtpDYBncPRb0ierR5rAUiaDOZ9HesqfnOFBamwTUtRqB0y2ksJmoHBtLgGUroWdSCARXXVHj7xzy%2FVWq6XwD,2026-09-12T23:42:48.395762+00:00
D3-E32D0234C7261382,D3_BLIND_REVIEW,4206e794-1ec6-4d55-94d4-63267ac9a183,9d5ddc90-8f9d-4759-b73d-fff0cd877d73,Mega Dragonite ex,Ascended Heroes,290,special_illustration_rare,v1|188627914766|0,Mega Dragonite ex 290/217 Me: Ascended Heroes NM 10 Contender,,Ungraded,4000,[],"[""FIXED_PRICE"",""BEST_OFFER""]",247sold,https://i.ebayimg.com/images/g/~nQAAeSwxLNqUf7E/s-l225.jpg,https://www.ebay.com/itm/188627914766?_skw=Mega+Dragonite+ex+290+Ascended+Heroes+Pokemon+card&hash=item2beb19900e:g:~nQAAeSwxLNqUf7E&amdata=enc%3AAQALAAABEACCtXRWQnOEpyOqnQQ8KGZpsq%2FKURTM4pXm8yU5n%2By5E2%2BjWQswHAnW%2FQKRKt2jqtcWXiqvfNDG2lmb1pMg9oWqecVsffAATWxaGIekjeOhGuyNKgnxSDMqrUYD0NvJRNaxYFZznsVkn1mpbtj6Iwh1tX1Ra%2Bo1XhVVgJrXgzb79qT3iaPjZxfYN8y97oqq0F8a628%2BBYfdmvrvwp6pQ5NrJvIAN%2BhU03tzBye8N8M9MSjAEP6MYPbYxBkwkfqpk8eEi9hNwUTfE0GFNF5IW%2BFmh4EJOAml%2BzcjaFFw%2Fki9HWqjkdPyDm5zd48x93Ac8wRzNUXTy%2FITgbprKiiejNx1WU1ID3LBjhZtyl5kFg01,2026-09-12T23:42:48.395762+00:00
D3-E62FC728585DBB13,D3_BLIND_REVIEW,b547c5c3-7082-4a7f-9290-3d569b91b462,2c272732-fdb3-4639-aa6b-ea9fa3ad9c24,Team Rocket's Giovanni,Destined Rivals,225,ultra_rare,v1|147260965639|0,Pokémon Team Rocket's Giovanni 225/182 Destined Rivals ,,Ungraded,4000,[],"[""FIXED_PRICE"",""BEST_OFFER""]",ak-rips-33,https://i.ebayimg.com/images/g/7iwAAeSwEJpp4C~7/s-l225.jpg,https://www.ebay.com/itm/147260965639?_skw=Team+Rocket%27s+Giovanni+225+Destined+Rivals+Pokemon+card&hash=item2249700307:g:7iwAAeSwEJpp4C~7,2026-09-12T23:42:48.395762+00:00
D3-6102DBB3FDB8ABFB,D3_BLIND_REVIEW,0dde3317-5162-49d1-b5c9-6b206a086d2c,7a7c3304-cc14-4aab-9f7b-b88270d4228c,Tinkatuff,Paldean Fates,166,shiny_rare,v1|188902009913|0,Tinkatuff Holo Shiny Rare SV: Paldean Fates 166/091 NM,,Ungraded,4000,[],"[""FIXED_PRICE"",""BEST_OFFER""]",ceruleancardsllc,https://i.ebayimg.com/images/g/uKAAAeSwP-Rqn5hr/s-l225.jpg,https://www.ebay.com/itm/188902009913?_skw=Tinkatuff+166+Paldean+Fates+Pokemon+card&hash=item2bfb6fec39:g:uKAAAeSwP-Rqn5hr,2026-09-12T23:42:48.395762+00:00
D3-D823F2CCDDE0410D,D3_BLIND_REVIEW,64c0404b-826f-493d-9c10-738b2b56eca4,9f6c24f7-6a76-471f-ad81-d3901c5e9088,Mega Audino ex,Ascended Heroes,253,ultra_rare,v1|318858879980|0,Mega Audino ex 253/217 Ultra Rare ME: Ascended Heroes Pokemon Near Mint,,Ungraded,4000,[],"[""FIXED_PRICE""]",ae-race_electronics,https://i.ebayimg.com/images/g/lwkAAeSwMd9qINri/s-l225.jpg,https://www.ebay.com/itm/318858879980?_skw=Mega+Audino+ex+253+Ascended+Heroes+Pokemon+card&hash=item4a3d7863ec:g:lwkAAeSwMd9qINri,2026-09-12T23:42:48.395762+00:00
D3-8C2B70F1503DFD44,D3_BLIND_REVIEW,209f02db-d953-4dde-bbd6-0822671fe1d1,eb38e2d2-2e6a-41e2-939d-335c8a5e50d1,Oshawott,White Flare,105,illustration_rare,v1|407072699676|0,Oshawott Illustration Rare Pokemon White Flare Card 105/086 English Edition Ace9,,Graded,2750,[],"[""FIXED_PRICE"",""BEST_OFFER""]",lukebleeep,https://i.ebayimg.com/images/g/miAAAeSwDs5qOAHW/s-l225.jpg,https://www.ebay.com/itm/407072699676?_skw=Oshawott+105+White+Flare+Pokemon+card&hash=item5ec76c751c:g:miAAAeSwDs5qOAHW,2026-09-12T23:42:48.395762+00:00
D3-2344B15DD084D8DE,D3_BLIND_REVIEW,6a2b87e5-f90b-48f4-be30-a77258bee660,36134e45-4899-474f-88f0-b540ba618b49,Marill,Paldea Evolved,204,illustration_rare,v1|358823297825|0,Pokémon TCG Marill Crown Zenith Full Art 204/193 Sv02 Eng 2023 SIR,,Ungraded,4000,[],"[""FIXED_PRICE"",""BEST_OFFER""]",sneakyz.cards,https://i.ebayimg.com/images/g/vmoAAeSwhQNqXs35/s-l225.jpg,https://www.ebay.com/itm/358823297825?_skw=Marill+204+Paldea+Evolved+Pokemon+card&hash=item538b890321:g:vmoAAeSwhQNqXs35,2026-09-12T23:42:48.395762+00:00
D3-67559D30522B77AE,D3_BLIND_REVIEW,209f02db-d953-4dde-bbd6-0822671fe1d1,eb38e2d2-2e6a-41e2-939d-335c8a5e50d1,Oshawott,White Flare,105,illustration_rare,v1|257647831251|0,Oshawott White Flare 105/086,,Ungraded,4000,[],"[""FIXED_PRICE""]",shadow6594,https://i.ebayimg.com/images/g/QewAAeSwzY5qaRN9/s-l225.jpg,https://www.ebay.com/itm/257647831251?_skw=Oshawott+105+White+Flare+Pokemon+card&hash=item3bfd01e8d3:g:QewAAeSwzY5qaRN9,2026-09-12T23:42:48.395762+00:00
D3-99A139AC336873BD,D3_BLIND_REVIEW,209f02db-d953-4dde-bbd6-0822671fe1d1,eb38e2d2-2e6a-41e2-939d-335c8a5e50d1,Oshawott,White Flare,105,illustration_rare,v1|407002938272|0,Pokemon TCG Card Oshawott 105/086 White Flare Illustration Rare *English* - NM,,Ungraded,4000,[],"[""FIXED_PRICE""]",aytee_cg,https://i.ebayimg.com/images/g/FnkAAeSwIwJqMF-g/s-l225.jpg,https://www.ebay.com/itm/407002938272?_skw=Oshawott+105+White+Flare+Pokemon+card&hash=item5ec343fba0:g:FnkAAeSwIwJqMF-g,2026-09-12T23:42:48.395762+00:00
D3-DDD00A756E43B5C1,D3_BLIND_REVIEW,301185dd-2bde-4699-80bd-8b2a3cfd8f7f,af28bc66-9c8b-4dbb-bf83-fa6215bd26f0,Pikachu ex,Ascended Heroes,276,special_illustration_rare,v1|398345847724|0,Pikachu ex 276/217,,Ungraded,4000,[],"[""FIXED_PRICE"",""BEST_OFFER""]",liked80,https://i.ebayimg.com/images/g/p7kAAeSwYtNqlkpL/s-l225.jpg,https://www.ebay.com/itm/398345847724?_skw=Pikachu+ex+276+Ascended+Heroes+Pokemon+card&hash=item5cbf4343ac:g:p7kAAeSwYtNqlkpL,2026-09-12T23:42:48.395762+00:00
D3-50C91DC4A4CFCA44,D3_BLIND_REVIEW,31566cbb-0eeb-499e-aa6d-b9b0bd85fc8b,fc81462a-2c3e-4b7a-a7be-ad7f88d98ace,Mega Greninja ex,Chaos Rising,122,mega_hyper_rare,v1|407191061975|0,Mega Greninja EX #122/086 NM/M Chaos Rising Pokemon Card,,Ungraded,4000,[],"[""FIXED_PRICE""]",sellit,https://i.ebayimg.com/images/g/3f0AAeSwGUtqmd56/s-l225.jpg,https://www.ebay.com/itm/407191061975?_skw=Mega+Greninja+ex+122+Chaos+Rising+Pokemon+card&hash=item5ece7a85d7:g:3f0AAeSwGUtqmd56,2026-09-12T23:42:48.395762+00:00
D3-ADBF88F249BB7532,D3_BLIND_REVIEW,77b44a76-26f7-4fa0-a548-c29870a7bb68,63f84d31-df83-456f-bd4c-e59b7e2ba541,Crustle,Paradox Rift,183,illustration_rare,v1|167635761947|0,Crustle 183/182 Illustration Rare Pokemon Card TCG 2023 S&V Paradox Rift NM+,,Ungraded,4000,[],"[""FIXED_PRICE"",""BEST_OFFER""]",afuriousmeloncollection,https://i.ebayimg.com/images/g/oQgAAeSw4oZobWNs/s-l225.jpg,https://www.ebay.com/itm/167635761947?_skw=Crustle+183+Paradox+Rift+Pokemon+card&hash=item2707debb1b:g:oQgAAeSw4oZobWNs&amdata=enc%3AAQALAAABAACCtXRWQnOEpyOqnQQ8KGZ9YZ%2BJEBA49wJmfVWkBU%2FYyeDMMVS5aw0L%2F7gMDwelN2cc4ypNxsmlaQYKNeqANKk6X%2BT5Zij3%2BoPKJ6Q9WCV6UG160qQB7rr1h4uPfboUCmQjV7yl7%2FQVRoZfyKwJ1Lr57B2alKrBFcv6P2qurXzL%2FnKMZPIJl9A83eSTKeZ8OTEL1RKZly61jHybMApjDKL8w8HIpNu7la7YRYNnEiKQkEmtu4x26DTgxOEqkf%2BRY74esENv6ZfO39Ge6qqoXbiw2lqus7KilJYwyYa5H5yGOj0q%2BKjBA%2FHQIBXdoHMhOvKU1L7rrPW%2B8jwuZfkOOkw%3D,2026-09-12T23:42:48.395762+00:00
D3-D356D74557CA0229,D3_BLIND_REVIEW,0b81872e-b089-49e9-aec3-16a535b12efb,0057b67c-a140-400c-b308-2a6d046cb043,Haxorus,Black Bolt,147,illustration_rare,v1|298565099818|0,Pokémon TCG Haxorus 147/086 Black Bolt 2025 Illustration Rare Foil TAG 9,,Graded,2750,[],"[""FIXED_PRICE"",""BEST_OFFER""]",tygrel,https://i.ebayimg.com/images/g/W-4AAeSw7DdqdPFQ/s-l225.jpg,https://www.ebay.com/itm/298565099818?_skw=Haxorus+147+Black+Bolt+Pokemon+card&hash=item4583dde12a:g:W-4AAeSw7DdqdPFQ,2026-09-12T23:42:48.395762+00:00
D3-3E9E516ABDA3694B,D3_BLIND_REVIEW,b547c5c3-7082-4a7f-9290-3d569b91b462,2c272732-fdb3-4639-aa6b-ea9fa3ad9c24,Team Rocket's Giovanni,Destined Rivals,225,ultra_rare,v1|137374622747|0,Team Rocket's Giovanni 225/182 Destined Rivals Pokemon Near Mint,,Ungraded,4000,[],"[""FIXED_PRICE""]",and86020,https://i.ebayimg.com/images/g/5Q4AAeSwq~tqH~OG/s-l225.jpg,https://www.ebay.com/itm/137374622747?_skw=Team+Rocket%27s+Giovanni+225+Destined+Rivals+Pokemon+card&hash=item1ffc2a641b:g:5Q4AAeSwq~tqH~OG,2026-09-12T23:42:48.395762+00:00
D3-84A008F6EEF933A7,D3_BLIND_REVIEW,966bcb61-bf43-4cd7-8287-42f4bb9fa76d,9d636c4c-055f-4e85-b5ef-64675007d904,Leafeon ex,Prismatic Evolutions,144,special_illustration_rare,v1|407203093496|0,Pokemon Leafeon ex 144 Holo Prismatic Evolutions SIR Special Illustration Rare,,Ungraded,4000,[],"[""FIXED_PRICE"",""BEST_OFFER""]",alespi7430,https://i.ebayimg.com/images/g/7kEAAeSw9aVqoMxQ/s-l225.jpg,https://www.ebay.com/itm/407203093496?_skw=Leafeon+ex+144+Prismatic+Evolutions+Pokemon+card&hash=item5ecf321bf8:g:7kEAAeSw9aVqoMxQ,2026-09-12T23:42:48.395762+00:00
D3-5AA1492CA31643B7,D3_BLIND_REVIEW,d09b2fb5-41b6-4d1e-88cf-629402434501,efae0727-f8c2-48c5-a33e-c308be0d288d,Roaring Moon ex,Prismatic Evolutions,162,special_illustration_rare,v1|800046864219|0,Roaring Moon ex 162/131 Sv: Prismatic Evolutions Holo,,Ungraded,4000,[],"[""FIXED_PRICE"",""BEST_OFFER""]",blackand8385,https://i.ebayimg.com/images/g/fYsAAeSwnflqDmvb/s-l225.jpg,https://www.ebay.com/itm/800046864219?_skw=Roaring+Moon+ex+162+Prismatic+Evolutions+Pokemon+card&hash=itemba4682575b:g:fYsAAeSwnflqDmvb,2026-09-12T23:42:48.395762+00:00
D3-3644BD46A79D6BA8,D3_BLIND_REVIEW,24f40ecd-605f-4d62-b748-afed33706583,bd1bb49f-f0e6-4441-a2cd-648e3ccf4a4c,Emboar,White Flare,98,illustration_rare,v1|188372461281|0,Emboar 098/086 Holo Illustration Rare White Flare Pokemon Near Mint,,Ungraded,4000,[],"[""FIXED_PRICE""]",ahmmub_izhp4,https://i.ebayimg.com/images/g/GFYAAeSwVRdqAihJ/s-l225.jpg,https://www.ebay.com/itm/188372461281?_skw=Emboar+98+White+Flare+Pokemon+card&hash=item2bdbdfa6e1:g:GFYAAeSwVRdqAihJ&amdata=enc%3AAQALAAABAACCtXRWQnOEpyOqnQQ8KGZytLqoYzCwKIfmTi56j8D%2B35SY2UCEk%2BQZlD8KiLlGQvX2kKq1k%2B%2BQdE9FHxogfwP70oTQKdW6tdmikBj%2Bld7ecauHbmWuWQVm0KS4dLqnArIlBgCQEdo%2FwTJtoyI0vxbio5GFKMvKjhk9u7sc4cSEqXXhUQRMWojfX2C4%2FP7hVRgqLwoDEXI2feG%2F63Be4YXrvpb%2FqWPSMTVaswRSzVIs6F4CMPHagEdL6lhTWX3chPr%2BBEw7qiJ9%2Fe6pd49djEEHnQYRQuy0rYfPQtC0whlxEKrqMqNU%2BaA7cByvc9F5JTdM8bCcgUSd6KqsMluUEkA%3D,2026-09-12T23:42:48.395762+00:00
D3-C4CA28E46178888A,D3_BLIND_REVIEW,77b44a76-26f7-4fa0-a548-c29870a7bb68,63f84d31-df83-456f-bd4c-e59b7e2ba541,Crustle,Paradox Rift,183,illustration_rare,v1|357655581107|0,Crustle - 183/182 Pokémon TCG Illustration Rare SV04: Paradox Rift Near Mint,,Ungraded,4000,[],"[""FIXED_PRICE"",""BEST_OFFER""]",ampedbycorey,https://i.ebayimg.com/images/g/aBcAAeSwa2No0gmc/s-l225.jpg,https://www.ebay.com/itm/357655581107?_skw=Crustle+183+Paradox+Rift+Pokemon+card&hash=item5345ef11b3:g:aBcAAeSwa2No0gmc,2026-09-12T23:42:48.395762+00:00
D3-714D1BC7393C71F2,D3_BLIND_REVIEW,c7e36a14-236f-4b93-a4a8-a4be2ddc7193,590cc9ca-0f7d-413e-ae31-68433716e01b,Mega Lucario ex,Mega Evolution,179,special_illustration_rare,v1|377300401093|0,Pokemon TCG Mega Lucario EX Card 179/132 Mega Evolution Sir M/Nm Condition,,Ungraded,4000,[],"[""FIXED_PRICE"",""BEST_OFFER""]",akcollectables93,https://i.ebayimg.com/images/g/ImUAAeSwfgZqQDPQ/s-l225.jpg,https://www.ebay.com/itm/377300401093?_skw=Mega+Lucario+ex+179+Mega+Evolution+Pokemon+card&hash=item57d8db3bc5:g:ImUAAeSwfgZqQDPQ,2026-09-12T23:42:48.395762+00:00
D3-940060DC37033953,D3_BLIND_REVIEW,a6969678-b361-4b27-bee3-e3cdc127a5e4,bb6ebfa8-886c-4b5c-822a-7431870bb339,Dragapult ex,Prismatic Evolutions,165,special_illustration_rare,v1|327167194563|0,Pokémon TCG Dragapult EX Prismatic Evolutions Special Illustration Rare 165/131,,Ungraded,4000,[],"[""FIXED_PRICE"",""BEST_OFFER""]",5.jaso2,https://i.ebayimg.com/images/g/uDkAAeSwnlJqDJPa/s-l225.jpg,https://www.ebay.com/itm/327167194563?_skw=Dragapult+ex+165+Prismatic+Evolutions+Pokemon+card&hash=item4c2caf35c3:g:uDkAAeSwnlJqDJPa,2026-09-12T23:42:48.395762+00:00
D3-46EFF6D1E0A95429,D3_BLIND_REVIEW,3c75f577-62ee-4bdf-865c-ab2384f4379b,ecf458ed-ed92-4f04-bf27-1912d59bdbc0,Mega Charizard Y ex,Ascended Heroes,294,mega_hyper_rare,v1|358805264745|0,2026 POKEMON ASCENDED HEROES MEGA CHARIZARD Y EX  294/217 TAG 10,,Graded,2750,[],"[""FIXED_PRICE"",""BEST_OFFER""]",dagal-94,https://i.ebayimg.com/images/g/OOEAAeSwUXxqWXhx/s-l225.jpg,https://www.ebay.com/itm/358805264745?_skw=Mega+Charizard+Y+ex+294+Ascended+Heroes+Pokemon+card&hash=item538a75d969:g:OOEAAeSwUXxqWXhx,2026-09-12T23:42:48.395762+00:00
D3-9BB0CDD2570FB6C7,D3_BLIND_REVIEW,15faf94c-4a3b-4f09-a867-f2ded1174419,98ab7334-59cd-47fa-b778-f6526e5e1276,Veluza,Paradox Rift,192,illustration_rare,v1|377423841481|0,Veluza Holofoil Paradox Rift - 192/182 Pokemon Card NM,,Ungraded,4000,[],"[""FIXED_PRICE""]",luckyhoundgaming,https://i.ebayimg.com/images/g/3goAAeSwWXNqpIiU/s-l225.jpg,https://www.ebay.com/itm/377423841481?_skw=Veluza+192+Paradox+Rift+Pokemon+card&hash=item57e036c8c9:g:3goAAeSwWXNqpIiU,2026-09-12T23:42:48.395762+00:00
D3-A9B6B449D4A4C9A9,D3_BLIND_REVIEW,ae4a6acb-3a88-4547-a165-7a617bfb2ce8,cd7798fe-711e-4cad-a015-7139b3d49bf6,Jolteon ex,Prismatic Evolutions,153,special_illustration_rare,v1|357503733965|0,🔥 Pokémon Cards for Sale – Jolteon ex & Vaporeon ex 🔥,,Ungraded,4000,[],"[""FIXED_PRICE"",""BEST_OFFER""]",wspsav,https://i.ebayimg.com/images/g/N9YAAeSwDr9oqNvS/s-l225.jpg,https://www.ebay.com/itm/357503733965?_skw=Jolteon+ex+153+Prismatic+Evolutions+Pokemon+card&hash=item533ce210cd:g:N9YAAeSwDr9oqNvS,2026-09-12T23:42:48.395762+00:00
D3-7B1B56D3AF6EF69E,D3_BLIND_REVIEW,cc59d868-d0e5-4557-9423-3f9b7c9d2591,04f90621-b7cb-49bf-b962-8ba0790d6e62,Team Rocket's Giovanni,Destined Rivals,238,special_illustration_rare,v1|327339263561|0,Pokemon Team Rocket's Giovanni 238/182 Destined Rivals Holo NM,,Ungraded,4000,[],"[""FIXED_PRICE""]",artfiendcollectables,https://i.ebayimg.com/images/g/924AAeSwKVxqmM-1/s-l225.jpg,https://www.ebay.com/itm/327339263561?_skw=Team+Rocket%27s+Giovanni+238+Destined+Rivals+Pokemon+card&hash=item4c36f0c649:g:924AAeSwKVxqmM-1,2026-09-12T23:42:48.395762+00:00
D3-D782FF02D17679DD,D3_BLIND_REVIEW,53466d2d-94fd-4230-9505-694297a9030d,3451abaf-acc7-41aa-a60c-25f24b7ac07f,Perrin,Twilight Masquerade,220,special_illustration_rare,v1|236966666305|0,Pokemon TCG Perrin Trainer Sv06 Twilight Masquerade 220/167 Full Art Holo SIR EN,,Ungraded,4000,[],"[""FIXED_PRICE"",""BEST_OFFER""]",bpatrips,https://i.ebayimg.com/images/g/TicAAeSwrndqZ495/s-l225.jpg,https://www.ebay.com/itm/236966666305?_skw=Perrin+220+Twilight+Masquerade+Pokemon+card&hash=item372c506041:g:TicAAeSwrndqZ495,2026-09-12T23:42:48.395762+00:00
D3-0124019795F8BC68,D3_BLIND_REVIEW,0dde3317-5162-49d1-b5c9-6b206a086d2c,7a7c3304-cc14-4aab-9f7b-b88270d4228c,Tinkatuff,Paldean Fates,166,shiny_rare,v1|298580488843|0,Pokémon Tinkatuff 90 HP Shiny Rare Holo SV: Paldean Fates 166/091 EN,,Ungraded,4000,[],"[""FIXED_PRICE""]",lewistcg52,https://i.ebayimg.com/images/g/jMoAAeSwaRZqe-Fu/s-l225.jpg,https://www.ebay.com/itm/298580488843?_skw=Tinkatuff+166+Paldean+Fates+Pokemon+card&hash=item4584c8b28b:g:jMoAAeSwaRZqe-Fu,2026-09-12T23:42:48.395762+00:00
D3-3CF187A36E2CDF61,D3_BLIND_REVIEW,d4ff3ebb-7e40-4a36-88e6-f07af2977641,1424e3da-f59e-47f2-8310-dfad3baf354b,Zekrom ex,Black Bolt,166,special_illustration_rare,v1|188905540178|0,Zekrom ex 166/086 Sv: Black Bolt Holo,,Ungraded,4000,[],"[""FIXED_PRICE""]",ashleythemando,https://i.ebayimg.com/images/g/0Q0AAeSwPEtqoJQF/s-l225.jpg,https://www.ebay.com/itm/188905540178?_skw=Zekrom+ex+166+Black+Bolt+Pokemon+card&hash=item2bfba5ca52:g:0Q0AAeSwPEtqoJQF,2026-09-12T23:42:48.395762+00:00
D3-1A75BCBFD522A221,D3_BLIND_REVIEW,0331d96e-d8af-44d3-9552-85f784d9b4ca,720c16f5-5c19-43bc-a711-0ea9e8545aab,Trubbish,White Flare,140,illustration_rare,v1|178474838306|0,Trubbish 140/086 Sv: White Flare Holo,,Ungraded,4000,[],"[""FIXED_PRICE""]",antr-8675,https://i.ebayimg.com/images/g/SXoAAeSwwtFqnhiE/s-l225.jpg,https://www.ebay.com/itm/178474838306?_skw=Trubbish+140+White+Flare+Pokemon+card&hash=item298dede922:g:SXoAAeSwwtFqnhiE,2026-09-12T23:42:48.395762+00:00
D3-BE4C94BC267A52D4,D3_BLIND_REVIEW,a6969678-b361-4b27-bee3-e3cdc127a5e4,bb6ebfa8-886c-4b5c-822a-7431870bb339,Dragapult ex,Prismatic Evolutions,165,special_illustration_rare,v1|366643396848|0,Dragapult EX 165/131 Prismatic Evolutions  NewGold Metal  Pokemon Fan Art Card,,Ungraded,4000,[],"[""FIXED_PRICE"",""BEST_OFFER""]",cardshaq07,https://i.ebayimg.com/images/g/OZwAAeSwl01ql5V5/s-l225.jpg,https://www.ebay.com/itm/366643396848?_skw=Dragapult+ex+165+Prismatic+Evolutions+Pokemon+card&hash=item555da640f0:g:OZwAAeSwl01ql5V5,2026-09-12T23:42:48.395762+00:00
D3-944E9B8316BA9B7E,D3_BLIND_REVIEW,25638dbd-2434-4a4f-ba0d-dcf3e3e114ca,b3f17a3e-c2cb-447e-8873-c5970a4372c9,Clemont's Quick Wit,Surging Sparks,243,special_illustration_rare,v1|316742121403|0,Clemont's Quick Wit 243/191 Sv08: Surging Sparks Holo,,Ungraded,4000,[],"[""FIXED_PRICE"",""BEST_OFFER""]",kazamcollects,https://i.ebayimg.com/images/g/s2kAAeSwEwBoEv4c/s-l225.jpg,https://www.ebay.com/itm/316742121403?_skw=Clemont%27s+Quick+Wit+243+Surging+Sparks+Pokemon+card&hash=item49bf4d37bb:g:s2kAAeSwEwBoEv4c,2026-09-12T23:42:48.395762+00:00
D3-63762F46493151B4,D3_BLIND_REVIEW,8a2cce32-ad4f-4468-8a28-8a9ea9653365,9cc8f6b0-2c28-442b-bdd1-11cbd9a4068e,Leavanny,White Flare,89,illustration_rare,v1|377198856994|0,Leavanny 003/086 Uncommon White Flare Pokemon Reverse Holo Near Mint,,Ungraded,4000,[],"[""FIXED_PRICE""]",atlas_collectibles-26,https://i.ebayimg.com/images/g/~HMAAeSwI49qDijq/s-l225.jpg,https://www.ebay.com/itm/377198856994?_skw=Leavanny+89+White+Flare+Pokemon+card&hash=item57d2cdcb22:g:~HMAAeSwI49qDijq,2026-09-12T23:42:48.395762+00:00
D3-1D05FB26DD674B6D,D3_BLIND_REVIEW,828c0d0d-2ede-4bab-bed4-407cd3cf8662,06c45a41-2b44-401a-9703-5c9952f2580f,Mega Gengar ex,Ascended Heroes,284,special_illustration_rare,v1|336778682637|0,Mega Gengar ex 284/217 Special Illustration Rare Ascended Heroes Pokemon Holo NM,,Ungraded,4000,[],"[""FIXED_PRICE""]",death9890,https://i.ebayimg.com/images/g/BnwAAeSwTclqmyB~/s-l225.jpg,https://www.ebay.com/itm/336778682637?_skw=Mega+Gengar+ex+284+Ascended+Heroes+Pokemon+card&hash=item4e6992e10d:g:BnwAAeSwTclqmyB~&amdata=enc%3AAQALAAABEACCtXRWQnOEpyOqnQQ8KGb%2FkRJHagkDTDiSANe77ZMPUGqtIFT08tDZMYf%2FHxmDOGHLWFN2bu3ZoZgI3ROi5hdDbBYthBFaYEfleDsxDwdBkuyZxLWdr2WdpE0l1zuTgrespkXw4LYdFnwFInD4xVi87buPpXjfU1c2vGmSfyUVXRtDzwBgpsgoL9Y%2BQgp%2Bs41jPOcL8DO%2Bg%2B6VuYmPXSDZKez6IWAJMapKTdgwaLujCzTCj3sxDhGUwqAvwgy5wWsuW4tkvMfaQmO7rXS%2Fwz%2BMan7gfzXf5C1PSk26fevCZL%2FM%2BL7v3h9Y%2F1iVyvFLeWShG0zVe0jMxFx2J7eIP7BKk8foZ9i%2B6RAMpc8hfBwP,2026-09-12T23:42:48.395762+00:00
D3-4308F8D559F7ED3B,D3_BLIND_REVIEW,64c0404b-826f-493d-9c10-738b2b56eca4,9f6c24f7-6a76-471f-ad81-d3901c5e9088,Mega Audino ex,Ascended Heroes,253,ultra_rare,v1|206249516117|0,"POKEMON ME: ASCENDED HEROES ""ULTRA RARE"" MEGA AUDINO EX #253/217 NRMT-MT L@@K!!!",,Ungraded,4000,[],"[""FIXED_PRICE"",""BEST_OFFER""]",henry860_0,https://i.ebayimg.com/images/g/9yIAAeSwe69p92~L/s-l225.jpg,https://www.ebay.com/itm/206249516117?_skw=Mega+Audino+ex+253+Ascended+Heroes+Pokemon+card&hash=item30056ddc55:g:9yIAAeSwe69p92~L&amdata=enc%3AAQALAAABEACCtXRWQnOEpyOqnQQ8KGZxbyvq2ZtVujiJiR9PCPVW%2FjkV0Zv9P%2FB6k1lkd2xrejaGnhVXN1idY2Ljjnr47E6byjLNXR2S3OGXsSLAFXucQNKpkJTyPbxHPK%2F6TEbfI9Vbfg5MTOiuXI7rysaI5h4BN%2B626ZCogtDoLkhAMrcV0RUiTabWNlRRztTPHrSVvUWCdxWCTkMYSXZ92vKbZ93aLxrwjKOYCLLCBDlyz6GrBp21UdYd40h%2B3lK3LL27jpHxuv6Rna%2FHFR%2FHBJ5MkhSo64N6h001kFX%2BVyMF3pBGMV4fNSUUDIUewVN2oIi%2Fzg2qLtsiK%2BNveJbTwQ5JM7wkZXiH86936XmlpcHtML7f,2026-09-12T23:42:48.395762+00:00
D3-0C190576AFBB7B51,D3_BLIND_REVIEW,cc59d868-d0e5-4557-9423-3f9b7c9d2591,04f90621-b7cb-49bf-b962-8ba0790d6e62,Team Rocket's Giovanni,Destined Rivals,238,special_illustration_rare,v1|147375874953|0,Pokemon TCG Team Rocket's Giovanni 238/182 Sv10: Destined Rivals Holo SIR | NM,,Ungraded,4000,[],"[""FIXED_PRICE"",""BEST_OFFER""]",flashsentry,https://i.ebayimg.com/images/g/HAkAAeSwNbRqMBWF/s-l225.jpg,https://www.ebay.com/itm/147375874953?_skw=Team+Rocket%27s+Giovanni+238+Destined+Rivals+Pokemon+card&hash=item2250496389:g:HAkAAeSwNbRqMBWF,2026-09-12T23:42:48.395762+00:00
D3-F6510FFEF0589D75,D3_BLIND_REVIEW,7b00ea04-5c2a-4172-8025-afba48ddacb3,94d01e3d-09de-4d04-a0d8-1f36a5cfe684,Cresselia,Shrouded Fable,71,illustration_rare,v1|358892052845|0,Cresselia 021/064 - Shrouded Fable - Holo Rare NM,,Ungraded,4000,[],"[""FIXED_PRICE""]",jrscardco,https://i.ebayimg.com/images/g/hDEAAeSw5ctqdKds/s-l225.jpg,https://www.ebay.com/itm/358892052845?_skw=Cresselia+71+Shrouded+Fable+Pokemon+card&hash=item538fa2216d:g:hDEAAeSw5ctqdKds,2026-09-12T23:42:48.395762+00:00
D3-EFA1F3F3118807A2,D3_BLIND_REVIEW,2a67a99c-dbba-4c41-846c-39ed4659c916,dfda2049-d87b-4be0-ad51-dcc005688d93,Grubbin,Temporal Forces,18,common,v1|366015574925|0,2024 Pokemon Grubbin #18/162,,Ungraded,4000,[],"[""FIXED_PRICE""]",5dollarfoils_llc,https://i.ebayimg.com/images/g/RMoAAeSwAxlpI9CO/s-l225.jpg,https://www.ebay.com/itm/366015574925?_skw=Grubbin+18+Temporal+Forces+Pokemon+card&hash=item55383a738d:g:RMoAAeSwAxlpI9CO,2026-09-12T23:42:48.395762+00:00
D3-9DCAC4E544F79F68,D3_BLIND_REVIEW,24f40ecd-605f-4d62-b748-afed33706583,bd1bb49f-f0e6-4441-a2cd-648e3ccf4a4c,Emboar,White Flare,98,illustration_rare,v1|287533343497|0,Emboar 013/086 Holo White Flare Pokemon Near Mint,,Ungraded,4000,[],"[""FIXED_PRICE""]",pack-n-chips,https://i.ebayimg.com/images/g/2DoAAeSwja9qhPJi/s-l225.jpg,https://www.ebay.com/itm/287533343497?_skw=Emboar+98+White+Flare+Pokemon+card&hash=item42f252a309:g:2DoAAeSwja9qhPJi,2026-09-12T23:42:48.395762+00:00
D3-C774FA6CF42DC25F,D3_BLIND_REVIEW,d12a209b-06a3-4b46-82d3-a374e6bbe7b4,d0d523dc-3f95-4bbc-beb6-75b3d2a15cae,Grafaiai,Paldea Evolved,223,illustration_rare,v1|137498017898|0,Grafaiai - 223/193 - Pokemon Paldea Evolved Illustration Rare Card NM,,Ungraded,4000,[],"[""FIXED_PRICE""]",karam.tcg,https://i.ebayimg.com/images/g/~9QAAeSwbodqT2JV/s-l225.jpg,https://www.ebay.com/itm/137498017898?_skw=Grafaiai+223+Paldea+Evolved+Pokemon+card&hash=item200385406a:g:~9QAAeSwbodqT2JV,2026-09-12T23:42:48.395762+00:00
D3-9E45EEF0A2DFD6D5,D3_BLIND_REVIEW,966bcb61-bf43-4cd7-8287-42f4bb9fa76d,9d636c4c-055f-4e85-b5ef-64675007d904,Leafeon ex,Prismatic Evolutions,144,special_illustration_rare,v1|366661687007|0,The Pokémon Company Leafeon ex 144/131 Prismatic Evolutions Tera Holo SIR Mint,,Ungraded,4000,[],"[""FIXED_PRICE"",""BEST_OFFER""]",brewcrew_collectibles,https://i.ebayimg.com/images/g/-6cAAeSwGk9qo3FX/s-l225.jpg,https://www.ebay.com/itm/366661687007?_skw=Leafeon+ex+144+Prismatic+Evolutions+Pokemon+card&hash=item555ebd56df:g:-6cAAeSwGk9qo3FX,2026-09-12T23:42:48.395762+00:00
D3-316DD77008C03DB0,D3_BLIND_REVIEW,a922341e-4646-470b-95cf-2a59055b18ce,2bf9f356-230d-42e8-99e7-0b10161b9392,Spidops ex,Scarlet and Violet Base Set,243,special_illustration_rare,v1|800637170826|0,Spidops ex 243/198 SV01: Scarlet & Violet Base Set Holo,,Ungraded,4000,[],"[""FIXED_PRICE""]",artdysstuff,https://i.ebayimg.com/images/g/Q0kAAeSwJyBqoa4W/s-l225.jpg,https://www.ebay.com/itm/800637170826?_skw=Spidops+ex+243+Scarlet+and+Violet+Base+Set+Pokemon+card&hash=itemba69b1b48a:g:Q0kAAeSwJyBqoa4W,2026-09-12T23:42:48.395762+00:00
D3-98045E9BAE6F7994,D3_BLIND_REVIEW,23d6bd35-bbf0-49b2-911e-4949e66ff8bb,9326d67b-4017-4430-ac3c-bae6eb088be7,Pachirisu,Paldean Fates,138,shiny_rare,v1|358906761406|0,Pachirisu 138/091 SV: Paldean Fates Holo,,Ungraded,4000,[],"[""FIXED_PRICE""]",bones_tavern,https://i.ebayimg.com/images/g/v5IAAeSwQGhqeUbH/s-l225.jpg,https://www.ebay.com/itm/358906761406?_skw=Pachirisu+138+Paldean+Fates+Pokemon+card&hash=item53908290be:g:v5IAAeSwQGhqeUbH,2026-09-12T23:42:48.395762+00:00
D3-47A18333952D9B63,D3_BLIND_REVIEW,a922341e-4646-470b-95cf-2a59055b18ce,2bf9f356-230d-42e8-99e7-0b10161b9392,Spidops ex,Scarlet and Violet Base Set,243,special_illustration_rare,v1|188892440634|0,Spidops ex - 223/198 - Ultra Rare - Scarlet & Violet - Pokemon Holo - - NM,,Ungraded,4000,[],"[""FIXED_PRICE""]",leathers_and_lasers,https://i.ebayimg.com/images/g/rQwAAeSwxKZqnN9F/s-l225.jpg,https://www.ebay.com/itm/188892440634?_skw=Spidops+ex+243+Scarlet+and+Violet+Base+Set+Pokemon+card&hash=item2bfadde83a:g:rQwAAeSwxKZqnN9F,2026-09-12T23:42:48.395762+00:00
D3-5E1E041F9E7C3DBE,D3_BLIND_REVIEW,c7e36a14-236f-4b93-a4a8-a4be2ddc7193,590cc9ca-0f7d-413e-ae31-68433716e01b,Mega Lucario ex,Mega Evolution,179,special_illustration_rare,v1|407210649989|0,Pokemon Mega Lucario ex 179/132 Me01: Mega Evolution Holo PSA 9 SIR EN,,Graded,2750,[],"[""FIXED_PRICE"",""BEST_OFFER""]",ntxcard_0,https://i.ebayimg.com/images/g/dmwAAeSw3TxqpMN4/s-l225.jpg,https://www.ebay.com/itm/407210649989?_skw=Mega+Lucario+ex+179+Mega+Evolution+Pokemon+card&hash=item5ecfa56985:g:dmwAAeSw3TxqpMN4,2026-09-12T23:42:48.395762+00:00
D3-632410AFB3A3E752,D3_BLIND_REVIEW,018c983e-b1d0-41df-880e-ebf3f2e2fb12,4eb8f140-a9c3-41c4-85aa-c2f6b7131746,Penny,Scarlet and Violet Base Set,252,special_illustration_rare,v1|327335278225|0,Penny Holo Ultra Rare SV01: Scarlet & Violet Base Set 239/198 LP,,Ungraded,4000,[],"[""FIXED_PRICE""]",kamboslice23,https://i.ebayimg.com/images/g/OkAAAeSwOCtqlcHs/s-l225.jpg,https://www.ebay.com/itm/327335278225?_skw=Penny+252+Scarlet+and+Violet+Base+Set+Pokemon+card&hash=item4c36b3f691:g:OkAAAeSwOCtqlcHs,2026-09-12T23:42:48.395762+00:00
D3-4C6094B3A77809B7,D3_BLIND_REVIEW,6a980108-6683-4461-ac9a-c81a27326dee,129a7668-0ba7-4f77-8585-3847e6c3d342,Team Rocket's Mewtwo ex,Destined Rivals,231,special_illustration_rare,v1|366616228725|0,Pokemon Team Rocket's Mewtwo ex 231/182 SIR Destined Rivals - Near Mint,,Ungraded,4000,[],"[""FIXED_PRICE"",""BEST_OFFER""]",benmel-28,https://i.ebayimg.com/images/g/PsQAAeSwzadqhdG-/s-l225.jpg,https://www.ebay.com/itm/366616228725?_skw=Team+Rocket%27s+Mewtwo+ex+231+Destined+Rivals+Pokemon+card&hash=item555c07b375:g:PsQAAeSwzadqhdG-,2026-09-12T23:42:48.395762+00:00
D3-38564F7D905B33DA,D3_BLIND_REVIEW,829b12ba-c7f5-4796-9a57-a2a2463c8461,0fc5990b-19e3-4716-b616-b221acc480a6,Houndour,Obsidian Flames,204,illustration_rare,v1|406914465081|0,POKEMON HOUNDOUR OBSIDIAN FLAMES 204/197 ILLUSTRATION RARE NM/M,,Ungraded,4000,[],"[""FIXED_PRICE""]",holos_on_deck,https://i.ebayimg.com/images/g/QQ0AAeSwwSZp~p3F/s-l225.jpg,https://www.ebay.com/itm/406914465081?_skw=Houndour+204+Obsidian+Flames+Pokemon+card&hash=item5ebdfdfd39:g:QQ0AAeSwwSZp~p3F,2026-09-12T23:42:48.395762+00:00
D3-A1F956DDF1BACEE9,D3_BLIND_REVIEW,605a2c1a-6a14-463e-b1e2-b55cd9c16244,14ea6011-0e3d-4eff-ac53-6b13e2976a71,Krookodile,Black Bolt,137,illustration_rare,v1|336618965346|0,Krookodile - Holo Illustration Rare SV: Black Bolt 137/086 NM,,Ungraded,4000,[],"[""FIXED_PRICE""]",georgramire-16,https://i.ebayimg.com/images/g/r94AAeSwfE5qIN5U/s-l225.jpg,https://www.ebay.com/itm/336618965346?_skw=Krookodile+137+Black+Bolt+Pokemon+card&hash=item4e600dc962:g:r94AAeSwfE5qIN5U,2026-09-12T23:42:48.395762+00:00
D3-DB231B28C03AF637,D3_BLIND_REVIEW,67611b34-a7e9-497f-9708-651cc015ca6c,f02f5725-b24c-4ee9-a9b5-55edd91d7697,Lillie's Determination,Mega Evolution,184,special_illustration_rare,v1|257736187597|0,"Pokemon, Mega Evolution, Lillie's Determination SIR, #184 CGC 8",,Graded,2750,[],"[""FIXED_PRICE"",""BEST_OFFER""]",vogath,https://i.ebayimg.com/images/g/FZ8AAeSwP-pqo236/s-l225.jpg,https://www.ebay.com/itm/257736187597?_skw=Lillie%27s+Determination+184+Mega+Evolution+Pokemon+card&hash=item3c02461ecd:g:FZ8AAeSwP-pqo236&amdata=enc%3AAQALAAABEACCtXRWQnOEpyOqnQQ8KGbtE57YLJ9bsqSYowaDt8ZNdpPXffwfn1fNVrM41b9ZKa4qOc2xtjntEAKmCzGVSTaBecjNw5nPDzGFVfEo1PlqO4e3J9zbEQsOw7i6ySdVv%2FNr6tNBv1iJXjbct0nb4uo%2FnaVUEisdn8ogqtcHKR%2FGPrFV9VFb%2BadSKw5Dl2G5%2BISq8azcyrnpWYvsVmuEU6SAkoaTW8NVjS37ZAwnn276OCv2QM8xG7pCAIq1yWijR8njBHJ0CkkLIjGANHcAYlkSXWzRvRCSe9gOiRnUHuXqXYMl1mDlYHYvTFtJm8Uu9D8j3B6b7mufONmFGMt3Q29AScFKw9%2Fhrg1eWWbNkVVu,2026-09-12T23:42:48.395762+00:00
D3-1701FB770E4B78FE,D3_BLIND_REVIEW,33dca102-b449-4da6-bfa6-7b72de711596,c2d7a5e7-cfdd-4f37-9748-a2259857c6e3,Charizard ex,Paldean Fates,234,special_illustration_rare,v1|298456102049|0,Charizard EX 234/091 SV: Paldean Fates SIR Pokémon Card,,Ungraded,4000,[],"[""FIXED_PRICE"",""BEST_OFFER""]",surethingcards,https://i.ebayimg.com/images/g/L~EAAeSwaHRqPxpK/s-l225.jpg,https://www.ebay.com/itm/298456102049?_skw=Charizard+ex+234+Paldean+Fates+Pokemon+card&hash=item457d5eb4a1:g:L~EAAeSwaHRqPxpK,2026-09-12T23:42:48.395762+00:00
D3-0664FDEF2AFB39EC,D3_BLIND_REVIEW,23d6bd35-bbf0-49b2-911e-4949e66ff8bb,9326d67b-4017-4430-ac3c-bae6eb088be7,Pachirisu,Paldean Fates,138,shiny_rare,v1|237047990677|0,PACHIRISU 138/091 SHINY RARE PALDEAN FATES POKEMON HOLO NM,,Ungraded,4000,[],"[""FIXED_PRICE""]",groundedtcg,https://i.ebayimg.com/images/g/-MIAAeSwqX5qmkDw/s-l225.jpg,https://www.ebay.com/itm/237047990677?_skw=Pachirisu+138+Paldean+Fates+Pokemon+card&hash=item3731294995:g:-MIAAeSwqX5qmkDw,2026-09-12T23:42:48.395762+00:00
D3-743CC326F976E7AA,D3_BLIND_REVIEW,e26de7b7-434e-4bec-8fc2-fb15b971b1a7,44b0372c-396d-43e9-84bb-afad2d04128f,Jamming Tower,Ascended Heroes,261,ultra_rare,v1|157760176634|0,Pokémon Jamming Tower 261/217 Ascended Hero’s ,,Ungraded,4000,[],"[""FIXED_PRICE"",""BEST_OFFER""]",salls89,https://i.ebayimg.com/images/g/-tsAAeSwAHNpuDaB/s-l225.jpg,https://www.ebay.com/itm/157760176634?_skw=Jamming+Tower+261+Ascended+Heroes+Pokemon+card&hash=item24bb3d41fa:g:-tsAAeSwAHNpuDaB,2026-09-12T23:42:48.395762+00:00
D3-7BF0B4AD218626FE,D3_BLIND_REVIEW,4299cd6b-98e3-4e65-865f-26a39b19fe5b,041717c6-a2b6-40d1-867a-b1abb1d65ec8,Durant ex,Surging Sparks,236,special_illustration_rare,v1|267750486088|0,Durant ex - Holo Special Illustration Rare SV08: Surging Sparks 236/191 NM,,Ungraded,4000,[],"[""FIXED_PRICE""]",ale_somm,https://i.ebayimg.com/images/g/1x0AAeSwPZVqdfqR/s-l225.jpg,https://www.ebay.com/itm/267750486088?_skw=Durant+ex+236+Surging+Sparks+Pokemon+card&hash=item3e572c3048:g:1x0AAeSwPZVqdfqR,2026-09-12T23:42:48.395762+00:00
D3-F99DA860C549A050,D3_BLIND_REVIEW,6a2b87e5-f90b-48f4-be30-a77258bee660,36134e45-4899-474f-88f0-b540ba618b49,Marill,Paldea Evolved,204,illustration_rare,v1|188762487988|0,Pokémon TCG Marill SV02: Paldea Evolved 204/193 IR Holo EN 70HP 2023,,Ungraded,4000,[],"[""FIXED_PRICE""]",aregulareverydaynormalguy,https://i.ebayimg.com/images/g/L6cAAeSwP~Vqd2Y9/s-l225.jpg,https://www.ebay.com/itm/188762487988?_skw=Marill+204+Paldea+Evolved+Pokemon+card&hash=item2bf31efcb4:g:L6cAAeSwP~Vqd2Y9,2026-09-12T23:42:48.395762+00:00
D3-3EA5B10BE1BB6B91,D3_BLIND_REVIEW,a3d56338-1f3f-4b99-8920-5d71b8b85737,66f1f173-3a34-44b4-95a3-d0031fa9d3ee,Pikachu ex,Surging Sparks,247,hyper_rare_gold,v1|307054287744|0,⚡Pokemon - Pikachu ex - 247/191 - GOLD - Hyper Rare - Surging Sparks - NM⚡,,Ungraded,4000,[],"[""FIXED_PRICE""]",151cardstop,https://i.ebayimg.com/images/g/pSUAAeSwXM9qUQEu/s-l225.jpg,https://www.ebay.com/itm/307054287744?_skw=Pikachu+ex+247+Surging+Sparks+Pokemon+card&hash=item477ddc9b80:g:pSUAAeSwXM9qUQEu&amdata=enc%3AAQALAAABEACCtXRWQnOEpyOqnQQ8KGamZRoBgdfGUPdMpv%2FB1v0ABxXJs78DvQ%2F%2B%2FN%2FlH7to0b3%2FNkmoYam2dQcKKekAJCP6XmR0d9NdEodFQH2X60oXv3JkTC7ufbk17D%2BnjTwDyoeakkD2u2ty0zi3Y4pxbL7JyiVdmFcJR7nSkF6xoYJ8dXrIGy79LX60Q5QWgqFEOk6uqgdau98gnP6Xozr0HXra9QHLxADm1b2XIQrCT04tvGddlRfbFuEDnHIo0ZsuymDLWsRrMWaQse7jxSpFo7%2FTDxihtB5MnyxQ%2BWZCSp470MsczuPKS%2BLpav01WUp5I4PuvvWDKkcpgSY6lxZu0BbguIUOt%2BHReQkr7E4MfTTu,2026-09-12T23:42:48.395762+00:00
D3-B84F42FBC93D755B,D3_BLIND_REVIEW,d4ff3ebb-7e40-4a36-88e6-f07af2977641,1424e3da-f59e-47f2-8310-dfad3baf354b,Zekrom ex,Black Bolt,166,special_illustration_rare,v1|168523221849|0,Pokémon Zekrom EX 166/86 Special Illustration Rare (SIR) Black Bolt NM/M,,Ungraded,4000,[],"[""FIXED_PRICE""]",barbies_in_the_wild,https://i.ebayimg.com/images/g/bxEAAeSwFfRqTe6g/s-l225.jpg,https://www.ebay.com/itm/168523221849?_skw=Zekrom+ex+166+Black+Bolt+Pokemon+card&hash=item273cc44b59:g:bxEAAeSwFfRqTe6g,2026-09-12T23:42:48.395762+00:00
D3-D9C9AB863400716C,D3_BLIND_REVIEW,3c75f577-62ee-4bdf-865c-ab2384f4379b,ecf458ed-ed92-4f04-bf27-1912d59bdbc0,Mega Charizard Y ex,Ascended Heroes,294,mega_hyper_rare,v1|137729621688|0,"Mega Charizard Y EX 294/217 Gold Hyper Rare, Ascended Heroes, Pokemon TCG ",,Ungraded,4000,[],"[""AUCTION""]",tx_ghostrider,https://i.ebayimg.com/images/g/YKwAAeSwwlhqpabV/s-l225.jpg,https://www.ebay.com/itm/137729621688?_skw=Mega+Charizard+Y+ex+294+Ascended+Heroes+Pokemon+card&hash=item2011533eb8:g:YKwAAeSwwlhqpabV,2026-09-12T23:42:48.395762+00:00
D3-92F7FAAF1FB7A34E,D3_BLIND_REVIEW,e26de7b7-434e-4bec-8fc2-fb15b971b1a7,44b0372c-396d-43e9-84bb-afad2d04128f,Jamming Tower,Ascended Heroes,261,ultra_rare,v1|358915808325|0,Pokemon TCG Jamming Tower 261/217 Ascended Heroes Holo Hyper Rare Eng,,Ungraded,4000,[],"[""FIXED_PRICE"",""BEST_OFFER""]",cjwerner23collectsoh,https://i.ebayimg.com/images/g/xBAAAeSwjSBqe-iP/s-l225.jpg,https://www.ebay.com/itm/358915808325?_skw=Jamming+Tower+261+Ascended+Heroes+Pokemon+card&hash=item53910c9c45:g:xBAAAeSwjSBqe-iP,2026-09-12T23:42:48.395762+00:00
D3-B273DB0C3A0FA763,D3_BLIND_REVIEW,ec8fec81-b57d-442a-baf0-91882c40de6e,67ea57e5-8821-4372-ac63-4c6e3f81f261,Team Rocket's Giovanni,Ascended Heroes,204,uncommon,v1|358897757215|626863191448,Pokemon Ascended Heroes Pick Your Card 1-217 NM Regular Trainer Cards Singles,,Ungraded,4000,[],"[""FIXED_PRICE""]",wemicollectables,https://i.ebayimg.com/images/g/-aIAAeSwr-1qeiF5/s-l225.jpg,https://www.ebay.com/itm/358897757215?_skw=Team+Rocket%27s+Giovanni+204+Ascended+Heroes+Pokemon+card&hash=item538ff92c1f:g:-aIAAeSwr-1qeiF5,2026-09-12T23:42:48.395762+00:00
D3-8DEC5192874B53CF,D3_BLIND_REVIEW,6a980108-6683-4461-ac9a-c81a27326dee,129a7668-0ba7-4f77-8585-3847e6c3d342,Team Rocket's Mewtwo ex,Destined Rivals,231,special_illustration_rare,v1|287565391770|0,Pokemon Team Rocket's Mewtwo EX Destined Rivals 231/182 SIR CGC 8.5,,Graded,2750,[],"[""AUCTION""]",zandgemporium,https://i.ebayimg.com/images/g/AIUAAeSwN0tqmukr/s-l225.jpg,https://www.ebay.com/itm/287565391770?_skw=Team+Rocket%27s+Mewtwo+ex+231+Destined+Rivals+Pokemon+card&hash=item42f43ba79a:g:AIUAAeSwN0tqmukr,2026-09-12T23:42:48.395762+00:00
D3-DC290E63BFC95FF5,D3_BLIND_REVIEW,10a47631-ea19-4b62-8a93-4b1b3e6b3013,780a248c-87ff-4879-955c-3d6bea287aca,Lt. Surge's Bargain,Mega Evolution,185,special_illustration_rare,v1|206513521561|0,Lt. Surge's Bargain 185/132 Mega Evolution Holo Near Mint Pokemon,,Ungraded,4000,[],"[""FIXED_PRICE""]",ajpfinds,https://i.ebayimg.com/images/g/5RYAAeSwJ9tqjNt9/s-l225.jpg,https://www.ebay.com/itm/206513521561?_skw=Lt.+Surge%27s+Bargain+185+Mega+Evolution+Pokemon+card&hash=item30152a4399:g:5RYAAeSwJ9tqjNt9,2026-09-12T23:42:48.395762+00:00
D3-4DF4240DB65F22F9,D3_BLIND_REVIEW,740ad74c-8c0c-411f-9ec7-2c734210b8f1,e8c344f6-9bee-4ad6-8356-63ee4e2988cf,Arbok,Temporal Forces,101,common,v1|227466463675|0,NM Arbok [Temporal Forces 101/162] Reverse Holofoil Common Pokemon TCG,,Ungraded,4000,[],"[""FIXED_PRICE""]",cardscape_collectibles,https://i.ebayimg.com/images/g/9EsAAeSwtFxqjyMN/s-l225.jpg,https://www.ebay.com/itm/227466463675?_skw=Arbok+101+Temporal+Forces+Pokemon+card&hash=item34f60ec9bb:g:9EsAAeSwtFxqjyMN,2026-09-12T23:42:48.395762+00:00
D3-D2EB4DFF2FC729F6,D3_BLIND_REVIEW,828c0d0d-2ede-4bab-bed4-407cd3cf8662,06c45a41-2b44-401a-9703-5c9952f2580f,Mega Gengar ex,Ascended Heroes,284,special_illustration_rare,v1|198487855596|0,Mega Gengar ex 284/217 Me: Ascended Heroes Holo,,Ungraded,4000,[],"[""FIXED_PRICE"",""BEST_OFFER""]",almightycesar,https://i.ebayimg.com/images/g/MBIAAeSwBu9qT9jm/s-l225.jpg,https://www.ebay.com/itm/198487855596?_skw=Mega+Gengar+ex+284+Ascended+Heroes+Pokemon+card&hash=item2e36cc51ec:g:MBIAAeSwBu9qT9jm,2026-09-12T23:42:48.395762+00:00
D3-8A7A34E80BDA6153,D3_BLIND_REVIEW,15faf94c-4a3b-4f09-a867-f2ded1174419,98ab7334-59cd-47fa-b778-f6526e5e1276,Veluza,Paradox Rift,192,illustration_rare,v1|178441543114|0,Pokemon TCG Veluza 192/182 SV04 Paradox Rift Full Art Holo Illus Rare EN,,Ungraded,4000,[],"[""FIXED_PRICE"",""BEST_OFFER""]",2011itsallgottogo,https://i.ebayimg.com/images/g/Pq0AAeSwM2lqjosQ/s-l225.jpg,https://www.ebay.com/itm/178441543114?_skw=Veluza+192+Paradox+Rift+Pokemon+card&hash=item298bf1ddca:g:Pq0AAeSwM2lqjosQ,2026-09-12T23:42:48.395762+00:00
D3-5863B1137CC93EC8,D3_BLIND_REVIEW,0b81872e-b089-49e9-aec3-16a535b12efb,0057b67c-a140-400c-b308-2a6d046cb043,Haxorus,Black Bolt,147,illustration_rare,v1|406996586152|0,2025 Pokemon—Haxorus #147/086 Black Bolt—Illustration Rare Holo,,Ungraded,4000,[],"[""FIXED_PRICE"",""BEST_OFFER""]",papajoeyscollectibles,https://i.ebayimg.com/images/g/2GoAAeSwd4xqn2oj/s-l225.jpg,https://www.ebay.com/itm/406996586152?_skw=Haxorus+147+Black+Bolt+Pokemon+card&hash=item5ec2e30ea8:g:2GoAAeSwd4xqn2oj,2026-09-12T23:42:48.395762+00:00
D3-AFC6E61DAD80ED52,D3_BLIND_REVIEW,6a1e2c02-b24d-4001-96f1-8bc2a24d8ccd,de749ceb-28f9-4977-b425-a83f69a3cf55,Gouging Fire ex,Temporal Forces,204,special_illustration_rare,v1|407182779643|0,Pokemon TCG Gouging Fire ex SV05 Temporal Forces 204/162 SIR Holo 230 HP ENG,,Ungraded,4000,[],"[""FIXED_PRICE"",""BEST_OFFER""]",dillin-9,https://i.ebayimg.com/images/g/XKYAAeSwpx9qYWKo/s-l225.jpg,https://www.ebay.com/itm/407182779643?_skw=Gouging+Fire+ex+204+Temporal+Forces+Pokemon+card&hash=item5ecdfc24fb:g:XKYAAeSwpx9qYWKo,2026-09-12T23:42:48.395762+00:00
D3-5A5BAE1A7E16DC81,D3_BLIND_REVIEW,fd225f1d-3765-4209-a5ec-42caf35933b0,92fdb409-1454-43ef-87ee-19095f700462,Team Rocket's Nidoking ex,Destined Rivals,233,special_illustration_rare,v1|407037059287|0,Team Rocket's Nidoking ex 233/182 Sv10: Destined Rivals SIR Pokemon TCG NM,,Ungraded,4000,[],"[""FIXED_PRICE""]",tcg-hq,https://i.ebayimg.com/images/g/LjkAAeSwT21qQ0OE/s-l225.jpg,https://www.ebay.com/itm/407037059287?_skw=Team+Rocket%27s+Nidoking+ex+233+Destined+Rivals+Pokemon+card&hash=item5ec54ca0d7:g:LjkAAeSwT21qQ0OE,2026-09-12T23:42:48.395762+00:00
D3-B9AA555EBD66AC67,D3_BLIND_REVIEW,147a436d-4ccc-43d1-b19a-20b74d2ff723,a86eb8d9-0e89-4e02-879a-d587dbfe0252,Carmine,Twilight Masquerade,217,special_illustration_rare,v1|267581212188|0,Carmine Special Illustration Rare - 217/167 - Twilight Masquerade 2024,,Ungraded,4000,[],"[""FIXED_PRICE""]",14ksole,https://i.ebayimg.com/images/g/KTEAAeSwqhppl~Fc/s-l225.jpg,https://www.ebay.com/itm/267581212188?_skw=Carmine+217+Twilight+Masquerade+Pokemon+card&hash=item3e4d15461c:g:KTEAAeSwqhppl~Fc,2026-09-12T23:42:48.395762+00:00
D3-82E07316D5E9D000,D3_BLIND_REVIEW,cdfc0223-40ef-4e4b-a9f2-3a809ae1c3df,f6e9d756-3a7b-4c8e-b87c-06cacb0d3c7e,Flareon,Scarlet and Violet 151,136,rare,v1|235827455984|0,Reverse Holo Flareon 136/165  Rare Scarlet and Violet 151,,Ungraded,4000,[],"[""FIXED_PRICE""]",jon_jons_toys,https://i.ebayimg.com/images/g/OvMAAOSwI81nMsr2/s-l225.jpg,https://www.ebay.com/itm/235827455984?_skw=Flareon+136+Scarlet+and+Violet+151+Pokemon+card&hash=item36e86967f0:g:OvMAAOSwI81nMsr2,2026-09-12T23:42:48.395762+00:00
D3-341D6BBDDD619D1F,D3_BLIND_REVIEW,15faf94c-4a3b-4f09-a867-f2ded1174419,98ab7334-59cd-47fa-b778-f6526e5e1276,Veluza,Paradox Rift,192,illustration_rare,v1|327354559293|0,Veluza 192/182 SV04 Paradox Rift Holo Illustration Rare ENG NM 2023 Pokemon Card,,Ungraded,4000,[],"[""FIXED_PRICE""]",a.e.energy,https://i.ebayimg.com/images/g/nvEAAeSwjKhqpRnn/s-l225.jpg,https://www.ebay.com/itm/327354559293?_skw=Veluza+192+Paradox+Rift+Pokemon+card&hash=item4c37da2b3d:g:nvEAAeSwjKhqpRnn,2026-09-12T23:42:48.395762+00:00
D3-0B8C9981EEA396BC,D3_BLIND_REVIEW,6a2b87e5-f90b-48f4-be30-a77258bee660,36134e45-4899-474f-88f0-b540ba618b49,Marill,Paldea Evolved,204,illustration_rare,v1|168664168403|0,Pokemon Marill 204/193 Paldea Evolved Illustration Rare Holo Full Art EN 2023,,Ungraded,4000,[],"[""FIXED_PRICE"",""BEST_OFFER""]",yinyangyatas,https://i.ebayimg.com/images/g/hNAAAeSwMf5ql0mY/s-l225.jpg,https://www.ebay.com/itm/168664168403?_skw=Marill+204+Paldea+Evolved+Pokemon+card&hash=item27452af7d3:g:hNAAAeSwMf5ql0mY,2026-09-12T23:42:48.395762+00:00
D3-C2D402BB7B40833B,D3_BLIND_REVIEW,f01e01fe-17e4-48b7-8ba3-9a88f876acd4,7c3e24f9-be0e-4de8-86fc-9fb913792294,Meowth,Phantasmal Flames,106,illustration_rare,v1|147419028840|0,Meowth 106/094 Illustration Rare Phantasmal Flames Pokemon Holo Near Mint,,Ungraded,4000,[],"[""FIXED_PRICE""]",404zardnotfound,https://i.ebayimg.com/images/g/Nb8AAeSwQUtqSx7g/s-l225.jpg,https://www.ebay.com/itm/147419028840?_skw=Meowth+106+Phantasmal+Flames+Pokemon+card&hash=item2252dbdd68:g:Nb8AAeSwQUtqSx7g,2026-09-12T23:42:48.395762+00:00
D3-E6C98AA256C5484D,D3_BLIND_REVIEW,75720435-3807-46b6-b3da-5e1c53b77822,9ad0c133-f133-45ab-9b3f-494199354e20,Mega Darkrai ex,Pitch Black,116,special_illustration_rare,v1|227514914032|0,Pokémon TCG Mega Darkrai ex 116/084 Special Illustration Rare SIR | Pitch Black,,Ungraded,4000,[],"[""AUCTION""]",annaofficialuk,https://i.ebayimg.com/images/g/Pz4AAeSw8EFqX09W/s-l225.jpg,https://www.ebay.com/itm/227514914032?_skw=Mega+Darkrai+ex+116+Pitch+Black+Pokemon+card&hash=item34f8f214f0:g:Pz4AAeSw8EFqX09W,2026-09-12T23:42:48.395762+00:00
D3-37D115D340980BAC,D3_BLIND_REVIEW,3b5294d0-4738-4296-952e-f32b2788e3c4,10ab9aee-5f8c-4938-aec5-aa4a4314f745,Sunflora,Twilight Masquerade,169,illustration_rare,v1|137516966970|0,Sunflora 169/167 Sv06: Twilight Masquerade Holo,,Ungraded,4000,[],"[""FIXED_PRICE"",""BEST_OFFER""]",davaco_8318,https://i.ebayimg.com/images/g/m-0AAeSwhEBqWBNc/s-l225.jpg,https://www.ebay.com/itm/137516966970?_skw=Sunflora+169+Twilight+Masquerade+Pokemon+card&hash=item2004a6643a:g:m-0AAeSwhEBqWBNc&amdata=enc%3AAQALAAABEACCtXRWQnOEpyOqnQQ8KGbMQ4V5U2XJ42%2BT14DdQ%2BJcv%2FWK2S6AMUGzTfPvY0%2FPT42V4l7eOEDu2rNOXCKdMToi4FSEKL6qrZ6OPRpLZCBZ6BghelTN%2BQhi9B4Ryis65%2FNUp1pI6TLkdF7onEM54KPbPn6iObzMojdBewRQjUENVHaAaAWiO0IDtShJOr%2BZ4pYli%2FzRkDj0TJsdgCUv%2FiRM0Vb0%2BB%2F06y7h5ggXGQJyn0nzptE9QR7HYfzwEWeidX8xCP7g05583GXdsTXOMCzHn5zC56e9e3ImLkcR2I8ILAybo%2FUUR7L0O6JFtngulT4%2BvbRGmmnOkdk3hyO2cbdgYoodlywzKdgXo6EPw%2FbT,2026-09-12T23:42:48.395762+00:00
D3-E00B3DD830D21DB8,D3_BLIND_REVIEW,b801a524-e703-4f4c-ad99-1ec742cf30ec,586dac04-6254-4241-b628-b6d3dac61063,Bianca's Devotion,Temporal Forces,209,special_illustration_rare,v1|398160157679|0,Bianca's Devotion 209/162 SV05: Temporal Forces Holo,,Ungraded,4000,[],"[""FIXED_PRICE""]",shweatypulls,https://i.ebayimg.com/images/g/8asAAeSwWEBqUIzO/s-l225.jpg,https://www.ebay.com/itm/398160157679?_skw=Bianca%27s+Devotion+209+Temporal+Forces+Pokemon+card&hash=item5cb431dbef:g:8asAAeSwWEBqUIzO,2026-09-12T23:42:48.395762+00:00
D3-CEC6C461018DB7FD,D3_BLIND_REVIEW,4299cd6b-98e3-4e65-865f-26a39b19fe5b,041717c6-a2b6-40d1-867a-b1abb1d65ec8,Durant ex,Surging Sparks,236,special_illustration_rare,v1|306899204021|0,Durant EX 236/191 Surging Sparks,,Ungraded,4000,[],"[""FIXED_PRICE"",""BEST_OFFER""]",831alex,https://i.ebayimg.com/images/g/RDcAAeSwtZBp6qy5/s-l225.jpg,https://www.ebay.com/itm/306899204021?_skw=Durant+ex+236+Surging+Sparks+Pokemon+card&hash=item47749e37b5:g:RDcAAeSwtZBp6qy5,2026-09-12T23:42:48.395762+00:00
D3-2786D413E9DA5A07,D3_BLIND_REVIEW,bf928dd7-24bc-4e16-bb5e-afb8122c3241,311abf3f-15cb-4cb8-995f-1937555c4bdd,Fidough,Scarlet and Violet Base Set,213,illustration_rare,v1|358758885026|0,Pokemon TCG Fidough 213/198 SV01 Scarlet & Violet Full Art Holo IR EN 2023,,Ungraded,4000,[],"[""FIXED_PRICE"",""BEST_OFFER""]",alli_kay,https://i.ebayimg.com/images/g/ocEAAeSwrmRqSn1W/s-l225.jpg,https://www.ebay.com/itm/358758885026?_skw=Fidough+213+Scarlet+and+Violet+Base+Set+Pokemon+card&hash=item5387b226a2:g:ocEAAeSwrmRqSn1W,2026-09-12T23:42:48.395762+00:00
D3-919FE06C5391C936,D3_BLIND_REVIEW,0b81872e-b089-49e9-aec3-16a535b12efb,0057b67c-a140-400c-b308-2a6d046cb043,Haxorus,Black Bolt,147,illustration_rare,v1|188840149504|0,Haxorus 147/086 Holo Illustration Rare Black Bolt Pokemon Near Mint,,Ungraded,4000,[],"[""FIXED_PRICE""]",aetheriawave,https://i.ebayimg.com/images/g/CiYAAeSwbLhqjdM1/s-l225.jpg,https://www.ebay.com/itm/188840149504?_skw=Haxorus+147+Black+Bolt+Pokemon+card&hash=item2bf7c00200:g:CiYAAeSwbLhqjdM1,2026-09-12T23:42:48.395762+00:00
D3-25B020D71B2B7D28,D3_BLIND_REVIEW,0b81872e-b089-49e9-aec3-16a535b12efb,0057b67c-a140-400c-b308-2a6d046cb043,Haxorus,Black Bolt,147,illustration_rare,v1|188372461252|0,Haxorus 147/086 Holo Illustration Rare Black Bolt Pokemon Near Mint,,Ungraded,4000,[],"[""FIXED_PRICE""]",ahmmub_izhp4,https://i.ebayimg.com/images/g/CiYAAeSw8oNqAihC/s-l225.jpg,https://www.ebay.com/itm/188372461252?_skw=Haxorus+147+Black+Bolt+Pokemon+card&hash=item2bdbdfa6c4:g:CiYAAeSw8oNqAihC,2026-09-12T23:42:48.395762+00:00
D3-9EA7EFA185EB6B3B,D3_BLIND_REVIEW,21e9ddc5-2751-4886-9e08-a1c6e2cc14e4,53abbd65-a601-4185-b08c-3721e963fa3d,Kyurem ex,Black Bolt,165,special_illustration_rare,v1|226869245882|0,Pokemon Kyurem EX 165/086 SIR Black Bolt Extended Art Case,,Ungraded,4000,[],"[""FIXED_PRICE""]",dragarious,https://i.ebayimg.com/images/g/VdgAAeSwwGRo1D7I/s-l225.jpg,https://www.ebay.com/itm/226869245882?_skw=Kyurem+ex+165+Black+Bolt+Pokemon+card&hash=item34d275f7ba:g:VdgAAeSwwGRo1D7I,2026-09-12T23:42:48.395762+00:00
D3-02131E8974F6CB46,D3_BLIND_REVIEW,3c75f577-62ee-4bdf-865c-ab2384f4379b,ecf458ed-ed92-4f04-bf27-1912d59bdbc0,Mega Charizard Y ex,Ascended Heroes,294,mega_hyper_rare,v1|307159620324|0,Pokemon TCG Me: Ascended Heroes Mega Charizard Y EX 294/217 Secret FA Holo EN,,Ungraded,4000,[],"[""FIXED_PRICE"",""BEST_OFFER""]",51studios,https://i.ebayimg.com/images/g/vgUAAeSwNXNqmMXV/s-l225.jpg,https://www.ebay.com/itm/307159620324?_skw=Mega+Charizard+Y+ex+294+Ascended+Heroes+Pokemon+card&hash=item478423dae4:g:vgUAAeSwNXNqmMXV,2026-09-12T23:42:48.395762+00:00
D3-0F1BD8A8B9CA61BF,D3_BLIND_REVIEW,152906c9-3b9f-4f16-bb22-cb4241c7386b,20ddd5ca-77ef-4e3c-a018-ea4c7a44913a,Giovanni's Charisma,Scarlet and Violet 151,204,special_illustration_rare,v1|406846283633|0,Giovanni's Charisma 204/165 Scarlet & Violet 151 Series Holo Card NM Condition,,Ungraded,4000,[],"[""FIXED_PRICE"",""BEST_OFFER""]",aamnm_44,https://i.ebayimg.com/images/g/VfoAAeSwfqVp2WDt/s-l225.jpg,https://www.ebay.com/itm/406846283633?_skw=Giovanni%27s+Charisma+204+Scarlet+and+Violet+151+Pokemon+card&hash=item5eb9ed9f71:g:VfoAAeSwfqVp2WDt,2026-09-12T23:42:48.395762+00:00
D3-79E7B7DAC4903B42,D3_BLIND_REVIEW,a3d56338-1f3f-4b99-8920-5d71b8b85737,66f1f173-3a34-44b4-95a3-d0031fa9d3ee,Pikachu ex,Surging Sparks,247,hyper_rare_gold,v1|366083710622|0,Pikachu ex 247/191 Sv08: Surging Sparks Holo,,Ungraded,4000,[],"[""FIXED_PRICE"",""BEST_OFFER""]",415jhe_17,https://i.ebayimg.com/images/g/W8sAAeSwW~dpT0CG/s-l225.jpg,https://www.ebay.com/itm/366083710622?_skw=Pikachu+ex+247+Surging+Sparks+Pokemon+card&hash=item553c4a1e9e:g:W8sAAeSwW~dpT0CG&amdata=enc%3AAQALAAABEACCtXRWQnOEpyOqnQQ8KGaG%2B3qQvNGIc6z6BkFpoSWObq0YAMLc1wsAMWoEZ3h39bOL1SwCD%2BxLOglHpaNCoil8oK0z%2B9nokQpOqms4wexmtbwpbU%2BIyu80ezSxiPt6mYq%2BWPHzlyo30Dz%2FmSzBosGud7NO1SoWB1%2FuUQrdBJTE88zb9JfyaBZoa6FZqmKGgW2EQJQfVSDDTcrRKAHRKfqkDUzT4raffBKrUT9VbJTU1mh9TtNPXJW7ALiaNWGGwDtaKOuATaGsLcVmqCHZlqS6gIHzUFKQUzgMcdOSYVvV1OnMCY1jsyHkxxQBPDbPeNZpxj2hSRRHmAhpr%2FBSbMIQ%2B%2BflmDCLAU83oA2qlGuK,2026-09-12T23:42:48.395762+00:00
D3-DC0FB2A5855DC60A,D3_BLIND_REVIEW,97165c7e-1d85-4962-807e-5661c2115d7d,b592d276-ceb3-4a5e-90d5-d759808b7da3,Furret,Journey Together,168,illustration_rare,v1|800616588200|0,Furret Holo Illustration Rare SV09: Journey Together 168/159 NM,,Ungraded,4000,[],"[""FIXED_PRICE""]",a_k_collects,https://i.ebayimg.com/images/g/jdcAAeSw7RNqnBMy/s-l225.jpg,https://www.ebay.com/itm/800616588200?_skw=Furret+168+Journey+Together+Pokemon+card&hash=itemba6877a3a8:g:jdcAAeSw7RNqnBMy,2026-09-12T23:42:48.395762+00:00
D3-B53CFBD7ED26C4C2,D3_BLIND_REVIEW,0dde3317-5162-49d1-b5c9-6b206a086d2c,7a7c3304-cc14-4aab-9f7b-b88270d4228c,Tinkatuff,Paldean Fates,166,shiny_rare,v1|205754836802|0,Tinkatuff - 166/091 - Pokemon Paldean Fates Shiny Rare Card NM,,Ungraded,4000,[],"[""FIXED_PRICE"",""BEST_OFFER""]",kcc_tcg,https://i.ebayimg.com/images/g/zXAAAeSw1qZo20eH/s-l225.jpg,https://www.ebay.com/itm/205754836802?_skw=Tinkatuff+166+Paldean+Fates+Pokemon+card&hash=item2fe7f1a742:g:zXAAAeSw1qZo20eH,2026-09-12T23:42:48.395762+00:00
D3-8EDF1D76631AC45E,D3_BLIND_REVIEW,828c0d0d-2ede-4bab-bed4-407cd3cf8662,06c45a41-2b44-401a-9703-5c9952f2580f,Mega Gengar ex,Ascended Heroes,284,special_illustration_rare,v1|800095528615|0,Pokemon TCG Mega Gengar ex SIR 284/217 - Portuguese - excellent center,,Ungraded,4000,[],"[""FIXED_PRICE"",""BEST_OFFER""]",william_sbenjamin,https://i.ebayimg.com/images/g/6h0AAeSwHlpqGvL-/s-l225.jpg,https://www.ebay.com/itm/800095528615?_skw=Mega+Gengar+ex+284+Ascended+Heroes+Pokemon+card&hash=itemba4968e6a7:g:6h0AAeSwHlpqGvL-,2026-09-12T23:42:48.395762+00:00
D3-266DC88B2FBCA1AA,D3_BLIND_REVIEW,3baf2f12-759f-427a-b8d0-2511e639310f,886acc91-d523-4628-bb4a-6ef8db1d8543,Mega Gardevoir ex,Mega Evolution,187,mega_hyper_rare,v1|358867475164|0,1x Mega Gardevoir ex - 187/132 - Mega Hyper Rare NM-Mint Pokemon ME01 - Mega Evo,,Ungraded,4000,[],"[""FIXED_PRICE"",""BEST_OFFER""]",912cards,https://i.ebayimg.com/images/g/X3wAAeSw8OVqbO7L/s-l225.jpg,https://www.ebay.com/itm/358867475164?_skw=Mega+Gardevoir+ex+187+Mega+Evolution+Pokemon+card&hash=item538e2b1adc:g:X3wAAeSw8OVqbO7L,2026-09-12T23:42:48.395762+00:00
D3-349573154EE3ADF5,D3_BLIND_REVIEW,15faf94c-4a3b-4f09-a867-f2ded1174419,98ab7334-59cd-47fa-b778-f6526e5e1276,Veluza,Paradox Rift,192,illustration_rare,v1|168312748803|0,SV04: Paradox Rift Veluza 192/182 Illustration Rare,,Ungraded,4000,[],"[""FIXED_PRICE"",""BEST_OFFER""]",theshadowlandstcg,https://i.ebayimg.com/images/g/2wAAAeSwm5Bp4Rwu/s-l225.jpg,https://www.ebay.com/itm/168312748803?_skw=Veluza+192+Paradox+Rift+Pokemon+card&hash=item273038bb03:g:2wAAAeSwm5Bp4Rwu,2026-09-12T23:42:48.395762+00:00
D3-3E9A49508DFFDB82,D3_BLIND_REVIEW,9f323989-e972-4a9e-9e7b-3166e85d0690,0f3466bf-92b1-4d3d-913b-181fcec68996,Mega Feraligatr ex,Ascended Heroes,274,special_illustration_rare,v1|267746750205|0,Mega Feraligatr ex 274/217 Me: Ascended Heroes Holo,,Ungraded,4000,[],"[""FIXED_PRICE""]",laujclantcg,https://i.ebayimg.com/images/g/i-oAAeSwQ7dqcRIl/s-l225.jpg,https://www.ebay.com/itm/267746750205?_skw=Mega+Feraligatr+ex+274+Ascended+Heroes+Pokemon+card&hash=item3e56f32efd:g:i-oAAeSwQ7dqcRIl,2026-09-12T23:42:48.395762+00:00
D3-8193A778A065AED0,D3_BLIND_REVIEW,53466d2d-94fd-4230-9505-694297a9030d,3451abaf-acc7-41aa-a60c-25f24b7ac07f,Perrin,Twilight Masquerade,220,special_illustration_rare,v1|366649426426|0,Perrin 220/167 Special Illustration Rare Twilight Masquerade Pokemon Holo MINT,,Ungraded,4000,[],"[""FIXED_PRICE"",""BEST_OFFER""]",big_neils_cards,https://i.ebayimg.com/images/g/Po0AAeSwNRJqmyeZ/s-l225.jpg,https://www.ebay.com/itm/366649426426?_skw=Perrin+220+Twilight+Masquerade+Pokemon+card&hash=item555e0241fa:g:Po0AAeSwNRJqmyeZ,2026-09-12T23:42:48.395762+00:00
D3-CF72D709F761B01F,D3_BLIND_REVIEW,7f065a2b-5cab-45c8-8fd8-96d4c07c4ee8,3805ddb2-e4cd-40b3-8a52-82398effa130,Canari,Ascended Heroes,291,special_illustration_rare,v1|318836001147|0,ME: Ascended Heroes #291/217 Canari,,Ungraded,4000,[],"[""FIXED_PRICE""]",vault_collectible,https://i.ebayimg.com/images/g/x~wAAeSwJhZqnf3R/s-l225.jpg,https://www.ebay.com/itm/318836001147?_skw=Canari+291+Ascended+Heroes+Pokemon+card&hash=item4a3c1b497b:g:x~wAAeSwJhZqnf3R,2026-09-12T23:42:48.395762+00:00
D3-9100802AA2C88978,D3_BLIND_REVIEW,77b44a76-26f7-4fa0-a548-c29870a7bb68,63f84d31-df83-456f-bd4c-e59b7e2ba541,Crustle,Paradox Rift,183,illustration_rare,v1|227459556364|0,Pokémon Crustle Paradox Rift Full Art holo 183/182,,Ungraded,4000,[],"[""FIXED_PRICE"",""BEST_OFFER""]",austincardnerd,https://i.ebayimg.com/images/g/eFUAAeSw4VVqb9iN/s-l225.jpg,https://www.ebay.com/itm/227459556364?_skw=Crustle+183+Paradox+Rift+Pokemon+card&hash=item34f5a5640c:g:eFUAAeSw4VVqb9iN,2026-09-12T23:42:48.395762+00:00
D3-DCBB7D8E2FBCB8CA,D3_BLIND_REVIEW,2c445258-b198-43de-b710-0921ebe3f0ab,4411dcaa-280b-4355-bc49-f27c3f6580f2,Pikachu ex,Ascended Heroes,277,special_illustration_rare,v1|117346422675|0,Pikachu EX 2026 Mega Evolution – Ascended Heroes Holo Secret Rare FA SAR,,Ungraded,4000,[],"[""FIXED_PRICE"",""BEST_OFFER""]",sandscards2,https://i.ebayimg.com/images/g/fo8AAeSwNSNqdj9p/s-l225.jpg,https://www.ebay.com/itm/117346422675?_skw=Pikachu+ex+277+Ascended+Heroes+Pokemon+card&hash=item1b52644f93:g:fo8AAeSwNSNqdj9p,2026-09-12T23:42:48.395762+00:00
D3-2F05C309765DBAEC,D3_BLIND_REVIEW,6a2b87e5-f90b-48f4-be30-a77258bee660,36134e45-4899-474f-88f0-b540ba618b49,Marill,Paldea Evolved,204,illustration_rare,v1|178457484721|0,Marill 204/193 Illustration Rare Paldea Evolved Pokemon Holo Near Mint,,Ungraded,4000,[],"[""FIXED_PRICE""]",alejre-8,https://i.ebayimg.com/images/g/dywAAeSw1Pxqlkdk/s-l225.jpg,https://www.ebay.com/itm/178457484721?_skw=Marill+204+Paldea+Evolved+Pokemon+card&hash=item298ce51db1:g:dywAAeSw1Pxqlkdk,2026-09-12T23:42:48.395762+00:00
D3-2B23C44E11A5D2AB,D3_BLIND_REVIEW,97165c7e-1d85-4962-807e-5661c2115d7d,b592d276-ceb3-4a5e-90d5-d759808b7da3,Furret,Journey Together,168,illustration_rare,v1|227371753976|0,Furret #168/159 SV09: Journey Together NM/NM+ *753*,,Ungraded,4000,[],"[""FIXED_PRICE""]",thepokemontradershop,https://i.ebayimg.com/images/g/Z3AAAeSwFrNqINAh/s-l225.jpg,https://www.ebay.com/itm/227371753976?_skw=Furret+168+Journey+Together+Pokemon+card&hash=item34f069a1f8:g:Z3AAAeSwFrNqINAh,2026-09-12T23:42:48.395762+00:00
D3-50DAB4D78BA2C309,D3_BLIND_REVIEW,966bcb61-bf43-4cd7-8287-42f4bb9fa76d,9d636c4c-055f-4e85-b5ef-64675007d904,Leafeon ex,Prismatic Evolutions,144,special_illustration_rare,v1|287447396950|0,Pokemon Leafeon EX Prismatic Evolutions 144/131 Special Illustration Rare CGC 10,,Graded,2750,[],"[""FIXED_PRICE""]",zandgemporium,https://i.ebayimg.com/images/g/GQ8AAeSwsApqTkzJ/s-l225.jpg,https://www.ebay.com/itm/287447396950?_skw=Leafeon+ex+144+Prismatic+Evolutions+Pokemon+card&hash=item42ed333256:g:GQ8AAeSwsApqTkzJ,2026-09-12T23:42:48.395762+00:00
D3-3B1736E88EEE80EF,D3_BLIND_REVIEW,605a2c1a-6a14-463e-b1e2-b55cd9c16244,14ea6011-0e3d-4eff-ac53-6b13e2976a71,Krookodile,Black Bolt,137,illustration_rare,v1|307004225116|0,"Krookodile 137/086 Illustration Rare, Black Bolt, Full Art Holo, Pokemon TCG, NM",,Ungraded,4000,[],"[""FIXED_PRICE""]",backstreetcollectibles,https://i.ebayimg.com/images/g/81kAAeSwTYtqMEpW/s-l225.jpg,https://www.ebay.com/itm/307004225116?_skw=Krookodile+137+Black+Bolt+Pokemon+card&hash=item477ae0b65c:g:81kAAeSwTYtqMEpW,2026-09-12T23:42:48.395762+00:00
D3-CED1F5C245DEE356,D3_BLIND_REVIEW,8a2827bc-48b7-4dfd-b240-501fe24100b9,4db4cc1d-2bfd-45e2-a457-7cb450d1f79a,Bronzor,Temporal Forces,68,common,v1|167421502268|0,Bronzor 68/162 - Temporal Forces Reverse Pokemon Card,,Ungraded,4000,[],"[""FIXED_PRICE"",""BEST_OFFER""]",fgtrades,https://i.ebayimg.com/images/g/eckAAeSwda5n7JsB/s-l225.jpg,https://www.ebay.com/itm/167421502268?_skw=Bronzor+68+Temporal+Forces+Pokemon+card&hash=item26fb19633c:g:eckAAeSwda5n7JsB,2026-09-12T23:42:48.395762+00:00
D3-ADAAC971B5BEDAAF,D3_BLIND_REVIEW,55096ab6-1773-47c4-bbff-20c1db011223,9f4a2888-2f11-47aa-a5c5-2ccac8ca7c71,Victini,Black Bolt,171,rare,v1|336661945490|0,Victini - 012/131 Holo Rare Pokemon TCG SV: Black Bolt NM,,Ungraded,4000,[],"[""FIXED_PRICE""]",retros4days,https://i.ebayimg.com/images/g/05cAAeSwU3ZqQgWi/s-l225.jpg,https://www.ebay.com/itm/336661945490?_skw=Victini+171+Black+Bolt+Pokemon+card&hash=item4e629d9c92:g:05cAAeSwU3ZqQgWi,2026-09-12T23:42:48.395762+00:00
D3-D10E8718B07FA9BC,D3_BLIND_REVIEW,53466d2d-94fd-4230-9505-694297a9030d,3451abaf-acc7-41aa-a60c-25f24b7ac07f,Perrin,Twilight Masquerade,220,special_illustration_rare,v1|287383275638|0,PERRIN 220/167 SPECIAL ILLUSTRATION RARE TWILIGHT MASQUERADE POKEMON,,Ungraded,4000,[],"[""FIXED_PRICE""]",caneycollectibles,https://i.ebayimg.com/images/g/9N4AAeSwynFqJ5nV/s-l225.jpg,https://www.ebay.com/itm/287383275638?_skw=Perrin+220+Twilight+Masquerade+Pokemon+card&hash=item42e960c876:g:9N4AAeSwynFqJ5nV,2026-09-12T23:42:48.395762+00:00
D3-5C993DC196DCB64E,D3_BLIND_REVIEW,0dde3317-5162-49d1-b5c9-6b206a086d2c,7a7c3304-cc14-4aab-9f7b-b88270d4228c,Tinkatuff,Paldean Fates,166,shiny_rare,v1|377395781506|0,Tinkatuff 166/091 Shiny Rare Paldean Fates Pokemon Holo Near Mint,,Ungraded,4000,[],"[""FIXED_PRICE""]",j-vegastcg,https://i.ebayimg.com/images/g/ajUAAeSwYwRqctYb/s-l225.jpg,https://www.ebay.com/itm/377395781506?_skw=Tinkatuff+166+Paldean+Fates+Pokemon+card&hash=item57de8a9f82:g:ajUAAeSwYwRqctYb,2026-09-12T23:42:48.395762+00:00
D3-6F562EA35F5C268F,D3_BLIND_REVIEW,9f323989-e972-4a9e-9e7b-3166e85d0690,0f3466bf-92b1-4d3d-913b-181fcec68996,Mega Feraligatr ex,Ascended Heroes,274,special_illustration_rare,v1|206551339614|0,Pokemon Mega Feraligatr EX 274/217 Ascended Heroes Near Mint English,,Ungraded,4000,[],"[""AUCTION"",""BEST_OFFER""]",kille31,https://i.ebayimg.com/images/g/FukAAeSwjh5qlNpB/s-l225.jpg,https://www.ebay.com/itm/206551339614?_skw=Mega+Feraligatr+ex+274+Ascended+Heroes+Pokemon+card&hash=item30176b525e:g:FukAAeSwjh5qlNpB,2026-09-12T23:42:48.395762+00:00
D3-5E0C72442FD188E5,D3_BLIND_REVIEW,828c0d0d-2ede-4bab-bed4-407cd3cf8662,06c45a41-2b44-401a-9703-5c9952f2580f,Mega Gengar ex,Ascended Heroes,284,special_illustration_rare,v1|287565389132|0,Pokemon Mega Gengar EX Ascended Heroes 284 Special Illustration Rare PSA 10,,Graded,2750,[],"[""AUCTION""]",zandgemporium,https://i.ebayimg.com/images/g/-7QAAeSwWg9qmuj0/s-l225.jpg,https://www.ebay.com/itm/287565389132?_skw=Mega+Gengar+ex+284+Ascended+Heroes+Pokemon+card&hash=item42f43b9d4c:g:-7QAAeSwWg9qmuj0,2026-09-12T23:42:48.395762+00:00
D3-6E46CFCAF355FB60,D3_BLIND_REVIEW,fd225f1d-3765-4209-a5ec-42caf35933b0,92fdb409-1454-43ef-87ee-19095f700462,Team Rocket's Nidoking ex,Destined Rivals,233,special_illustration_rare,v1|168563711087|0,Team Rocket's Nidoking ex 233/182 Sv10: Destined Rivals Holo,,Ungraded,4000,[],"[""FIXED_PRICE"",""BEST_OFFER""]",raider1016,https://i.ebayimg.com/images/g/YyYAAeSw8QJqZWBA/s-l225.jpg,https://www.ebay.com/itm/168563711087?_skw=Team+Rocket%27s+Nidoking+ex+233+Destined+Rivals+Pokemon+card&hash=item273f2e1c6f:g:YyYAAeSw8QJqZWBA,2026-09-12T23:42:48.395762+00:00
D3-E4D722F9B8A78CD7,D3_BLIND_REVIEW,2e5780f8-1769-4d26-9e3e-87e4a27d4dfe,09b7c446-d89f-4a64-b721-bc1293308747,Dachsbun ex,Stellar Crown,169,special_illustration_rare,v1|407112866173|0,Dachsbun ex 169/142 SV07 Stellar Crown SIR Full Art Holo English 2024,,Ungraded,4000,[],"[""FIXED_PRICE"",""BEST_OFFER""]",tayhof-9,https://i.ebayimg.com/images/g/RUkAAeSwS0Bqbgkw/s-l225.jpg,https://www.ebay.com/itm/407112866173?_skw=Dachsbun+ex+169+Stellar+Crown+Pokemon+card&hash=item5ec9d1597d:g:RUkAAeSwS0Bqbgkw,2026-09-12T23:42:48.395762+00:00
D3-5137A12D833BBA21,D3_BLIND_REVIEW,6a980108-6683-4461-ac9a-c81a27326dee,129a7668-0ba7-4f77-8585-3847e6c3d342,Team Rocket's Mewtwo ex,Destined Rivals,231,special_illustration_rare,v1|188499916074|0,Team Rocket's Mewtwo ex 231/182 SIR Destined Rivals Pokemon Card NM/M,,Ungraded,4000,[],"[""FIXED_PRICE"",""BEST_OFFER""]",antiochcollectibles,https://i.ebayimg.com/images/g/cY8AAeSwuYdqJ4yt/s-l225.jpg,https://www.ebay.com/itm/188499916074?_skw=Team+Rocket%27s+Mewtwo+ex+231+Destined+Rivals+Pokemon+card&hash=item2be378752a:g:cY8AAeSwuYdqJ4yt,2026-09-12T23:42:48.395762+00:00
D3-FDD01919710EC29E,D3_BLIND_REVIEW,6a980108-6683-4461-ac9a-c81a27326dee,129a7668-0ba7-4f77-8585-3847e6c3d342,Team Rocket's Mewtwo ex,Destined Rivals,231,special_illustration_rare,v1|336781836900|0,Team Rocket's Mewtwo ex 231/182 Destined Rivals Holo EN 280,,Ungraded,4000,[],"[""FIXED_PRICE""]",208pokemon,https://i.ebayimg.com/images/g/XiIAAeSwhq5qnZSv/s-l225.jpg,https://www.ebay.com/itm/336781836900?_skw=Team+Rocket%27s+Mewtwo+ex+231+Destined+Rivals+Pokemon+card&hash=item4e69c30264:g:XiIAAeSwhq5qnZSv,2026-09-12T23:42:48.395762+00:00
D3-0D2B1D060BA3DF65,D3_BLIND_REVIEW,50f67b41-059d-4c14-842f-8b48fba46bc2,304de4f2-c09c-4d1c-a57e-5b83867aee55,Lt. Surge's Bargain,Mega Evolution,120,uncommon,v1|198446426365|0,Lt. Surge's Bargain 120/132 Mega Evolution Reverse Holo Pokemon Card NM,,Ungraded,4000,[],"[""FIXED_PRICE""]",statlinetcg,https://i.ebayimg.com/images/g/s2UAAeSwWptqOWne/s-l225.jpg,https://www.ebay.com/itm/198446426365?_skw=Lt.+Surge%27s+Bargain+120+Mega+Evolution+Pokemon+card&hash=item2e345428fd:g:s2UAAeSwWptqOWne,2026-09-12T23:42:48.395762+00:00
D3-557704AD75CAA2F0,D3_BLIND_REVIEW,147a436d-4ccc-43d1-b19a-20b74d2ff723,a86eb8d9-0e89-4e02-879a-d587dbfe0252,Carmine,Twilight Masquerade,217,special_illustration_rare,v1|398143979570|0,Carmine - SV06: Twilight Masquerade 217/167 Holo NM,,Ungraded,4000,[],"[""FIXED_PRICE"",""BEST_OFFER""]",pokeplebcollectibles,https://i.ebayimg.com/images/g/s1oAAeSwt8NqSvEH/s-l225.jpg,https://www.ebay.com/itm/398143979570?_skw=Carmine+217+Twilight+Masquerade+Pokemon+card&hash=item5cb33b0032:g:s1oAAeSwt8NqSvEH,2026-09-12T23:42:48.395762+00:00
D3-4A2F91CB923513DF,D3_BLIND_REVIEW,75720435-3807-46b6-b3da-5e1c53b77822,9ad0c133-f133-45ab-9b3f-494199354e20,Mega Darkrai ex,Pitch Black,116,special_illustration_rare,v1|800450540571|0,Pokémon Mega Darkrai Ex Pitch Black Ultra Rare,,Ungraded,4000,[],"[""FIXED_PRICE"",""BEST_OFFER""]",inspired46,https://i.ebayimg.com/images/g/6qMAAeSwRT1qb6kq/s-l225.jpg,https://www.ebay.com/itm/800450540571?_skw=Mega+Darkrai+ex+116+Pitch+Black+Pokemon+card&hash=itemba5e91f41b:g:6qMAAeSwRT1qb6kq,2026-09-12T23:42:48.395762+00:00
D3-951956A1E16436BE,D3_BLIND_REVIEW,2bf67447-75e1-4e97-ac08-c7f3e7f2c88c,ea7d59b7-a934-43b2-a230-9520fb6e6048,Dhelmise,Mega Evolution,18,common,v1|177563646031|477191331794,Mega Evolution Set - (Reverse Holo/Holo Rare ) Pick a Card - Pokemon Card,,Ungraded,4000,[],"[""FIXED_PRICE""]",pugxpress,https://i.ebayimg.com/images/g/TccAAeSwreJpdGqh/s-l225.jpg,https://www.ebay.com/itm/177563646031?_skw=Dhelmise+18+Mega+Evolution+Pokemon+card&hash=item29579e384f:g:TccAAeSwreJpdGqh,2026-09-12T23:42:48.395762+00:00
D3-552FA9110EC7F5C0,D3_BLIND_REVIEW,6a2b87e5-f90b-48f4-be30-a77258bee660,36134e45-4899-474f-88f0-b540ba618b49,Marill,Paldea Evolved,204,illustration_rare,v1|187951434649|0,PSA 8 MARILL 2023 POKEMON PAL EN-PALDEA EVOLVED ILLUSTRATION RARE #204,,Graded,2750,[],"[""FIXED_PRICE"",""BEST_OFFER""]",poke_mart2023,https://i.ebayimg.com/images/g/fooAAeSw9JlpZ4wz/s-l225.jpg,https://www.ebay.com/itm/187951434649?_skw=Marill+204+Paldea+Evolved+Pokemon+card&hash=item2bc2c74b99:g:fooAAeSw9JlpZ4wz,2026-09-12T23:42:48.395762+00:00
D3-BC7D44AE26EE3935,D3_BLIND_REVIEW,24f40ecd-605f-4d62-b748-afed33706583,bd1bb49f-f0e6-4441-a2cd-648e3ccf4a4c,Emboar,White Flare,98,illustration_rare,v1|406922453096|0,Emboar 013/086 Holo Rare White Flare Pokemon TCG,,Ungraded,4000,[],"[""FIXED_PRICE""]",giftpacks,https://i.ebayimg.com/images/g/QMUAAeSwSzpqA5Wm/s-l225.jpg,https://www.ebay.com/itm/406922453096?_skw=Emboar+98+White+Flare+Pokemon+card&hash=item5ebe77e068:g:QMUAAeSwSzpqA5Wm,2026-09-12T23:42:48.395762+00:00
D3-B21A2BF106798BCA,D3_BLIND_REVIEW,31566cbb-0eeb-499e-aa6d-b9b0bd85fc8b,fc81462a-2c3e-4b7a-a7be-ad7f88d98ace,Mega Greninja ex,Chaos Rising,122,mega_hyper_rare,v1|398311869418|0,Mega Greninja Ex 122 Chaos Rising Secret Rare Full Art,,Ungraded,4000,[],"[""FIXED_PRICE"",""BEST_OFFER""]",ronwilli-9321,https://i.ebayimg.com/images/g/~woAAeSw9IdqiG0Y/s-l225.jpg,https://www.ebay.com/itm/398311869418?_skw=Mega+Greninja+ex+122+Chaos+Rising+Pokemon+card&hash=item5cbd3ccbea:g:~woAAeSw9IdqiG0Y&amdata=enc%3AAQALAAABEACCtXRWQnOEpyOqnQQ8KGaWRYTKuaV3ac1mtvheIcxxab8VyAPEdLiQLdYW3nrAVMrjtWXXcJHnsDeSVHAHBoxCu47q1kWmR7MUgNBkEn67OkLjyskYLXaCcmlyP3MJslgmfqgLtddoRUcEdr0PqaWEyaizg5fks5%2FdRu%2BrGoPucWIpXhDR41bn5tEhgKPUG9r5SfHgxtIBgly75gZgzGxBklAgt4yus4DAvo5aGVBdt1k8UxO%2FLsrM%2FOMjlO%2FtrJfKfbgYfnfLUd0maeshVjSYTK0p10qKcLQub%2Bb8E%2BUsNB3OGhSl%2BwVyT3W2tDBlLTBhvDaWWBuLNDvTgll3%2BY%2FRUISPTqO3C17%2FIs9c%2FCzw,2026-09-12T23:42:48.395762+00:00
D3-A3E197C1CCFDFF3E,D3_BLIND_REVIEW,23d6bd35-bbf0-49b2-911e-4949e66ff8bb,9326d67b-4017-4430-ac3c-bae6eb088be7,Pachirisu,Paldean Fates,138,shiny_rare,v1|267758126926|0,Pachirisu 138/091 Shiny Rare SV: Paldean Fates NM++ Pokemon Card!,,Ungraded,4000,[],"[""FIXED_PRICE"",""BEST_OFFER""]",karnagekollectibles,https://i.ebayimg.com/images/g/m9AAAeSwg3NqgIeF/s-l225.jpg,https://www.ebay.com/itm/267758126926?_skw=Pachirisu+138+Paldean+Fates+Pokemon+card&hash=item3e57a0c74e:g:m9AAAeSwg3NqgIeF,2026-09-12T23:42:48.395762+00:00
D3-8E3EA4CADA2D5482,D3_BLIND_REVIEW,2c445258-b198-43de-b710-0921ebe3f0ab,4411dcaa-280b-4355-bc49-f27c3f6580f2,Pikachu ex,Ascended Heroes,277,special_illustration_rare,v1|307175920063|0,Pikachu ex 277/217 Me: Ascended Heroes Holo SIR 💎,,Ungraded,4000,[],"[""FIXED_PRICE"",""BEST_OFFER""]",anmcph352,https://i.ebayimg.com/images/g/f0YAAeSwuvJqpbCy/s-l225.jpg,https://www.ebay.com/itm/307175920063?_skw=Pikachu+ex+277+Ascended+Heroes+Pokemon+card&hash=item47851c91bf:g:f0YAAeSwuvJqpbCy,2026-09-12T23:42:48.395762+00:00
D3-EF3FBE133EBE1D07,D3_BLIND_REVIEW,ec8fec81-b57d-442a-baf0-91882c40de6e,67ea57e5-8821-4372-ac63-4c6e3f81f261,Team Rocket's Giovanni,Ascended Heroes,204,uncommon,v1|178391484961|0,Team Rocket's Giovanni Uncommon 204/217 Ascended Heroes Pokemon Reverse Holo NM,,Ungraded,4000,[],"[""FIXED_PRICE"",""BEST_OFFER""]",aglucas,https://i.ebayimg.com/images/g/ZRcAAeSwwSNqeSnY/s-l225.jpg,https://www.ebay.com/itm/178391484961?_skw=Team+Rocket%27s+Giovanni+204+Ascended+Heroes+Pokemon+card&hash=item2988f60a21:g:ZRcAAeSwwSNqeSnY,2026-09-12T23:42:48.395762+00:00
D3-BD94763E4273D121,D3_BLIND_REVIEW,d12a209b-06a3-4b46-82d3-a374e6bbe7b4,d0d523dc-3f95-4bbc-beb6-75b3d2a15cae,Grafaiai,Paldea Evolved,223,illustration_rare,v1|287419534104|0,Grafaiai 223/193 Pokemon TCG SV02: Paldea Evolved PAL Holo NM,,Ungraded,4000,[],"[""FIXED_PRICE""]",v-leet-sales,https://i.ebayimg.com/images/g/OBcAAeSwwMBqPgE1/s-l225.jpg,https://www.ebay.com/itm/287419534104?_skw=Grafaiai+223+Paldea+Evolved+Pokemon+card&hash=item42eb8a0b18:g:OBcAAeSwwMBqPgE1,2026-09-12T23:42:48.395762+00:00
D3-DDD0FE9AA347E4AD,D3_BLIND_REVIEW,21e9ddc5-2751-4886-9e08-a1c6e2cc14e4,53abbd65-a601-4185-b08c-3721e963fa3d,Kyurem ex,Black Bolt,165,special_illustration_rare,v1|327004693885|0,Kyurem ex 165/086 SV: Black Bolt Mint Pokemon,,Ungraded,4000,[],"[""FIXED_PRICE"",""BEST_OFFER""]",animedingo,https://i.ebayimg.com/images/g/zS0AAeSwCxBpksbj/s-l225.jpg,https://www.ebay.com/itm/327004693885?_skw=Kyurem+ex+165+Black+Bolt+Pokemon+card&hash=item4c22ffa57d:g:zS0AAeSwCxBpksbj,2026-09-12T23:42:48.395762+00:00
D3-16C8335D129E6796,D3_BLIND_REVIEW,fd225f1d-3765-4209-a5ec-42caf35933b0,92fdb409-1454-43ef-87ee-19095f700462,Team Rocket's Nidoking ex,Destined Rivals,233,special_illustration_rare,v1|358621245383|0,Team Rocket's Nidoking ex 233/182 Sv10: Destined Rivals Holo,,Ungraded,4000,[],"[""FIXED_PRICE"",""BEST_OFFER""]",pvyj7649,https://i.ebayimg.com/images/g/lXcAAeSwzT9qHCWs/s-l225.jpg,https://www.ebay.com/itm/358621245383?_skw=Team+Rocket%27s+Nidoking+ex+233+Destined+Rivals+Pokemon+card&hash=item537f7defc7:g:lXcAAeSwzT9qHCWs,2026-09-12T23:42:48.395762+00:00
D3-824022DE3EBA1656,D3_BLIND_REVIEW,33dca102-b449-4da6-bfa6-7b72de711596,c2d7a5e7-cfdd-4f37-9748-a2259857c6e3,Charizard ex,Paldean Fates,234,special_illustration_rare,v1|800499306703|0,Charizard ex 234/091 - Special Illustration Rare PAF - Pokemon Holo NM,,Ungraded,4000,[],"[""FIXED_PRICE""]",northeastohiotcg,https://i.ebayimg.com/images/g/EnsAAeSwBCJqfRnO/s-l225.jpg,https://www.ebay.com/itm/800499306703?_skw=Charizard+ex+234+Paldean+Fates+Pokemon+card&hash=itemba617a10cf:g:EnsAAeSwBCJqfRnO,2026-09-12T23:42:48.395762+00:00
D3-52CC97796BFCFC15,D3_BLIND_REVIEW,2e5780f8-1769-4d26-9e3e-87e4a27d4dfe,09b7c446-d89f-4a64-b721-bc1293308747,Dachsbun ex,Stellar Crown,169,special_illustration_rare,v1|407162303139|0,Pokémon TCG Dachsbun ex 169/142 SV07 Stellar Crown SIR Full Art Holo NM,,Ungraded,4000,[],"[""FIXED_PRICE"",""BEST_OFFER""]",clairescloset70,https://i.ebayimg.com/images/g/7vYAAeSwM89qiUIx/s-l225.jpg,https://www.ebay.com/itm/407162303139?_skw=Dachsbun+ex+169+Stellar+Crown+Pokemon+card&hash=item5eccc3b2a3:g:7vYAAeSwM89qiUIx,2026-09-12T23:42:48.395762+00:00
D3-22AA49705C2C8B68,D3_BLIND_REVIEW,53466d2d-94fd-4230-9505-694297a9030d,3451abaf-acc7-41aa-a60c-25f24b7ac07f,Perrin,Twilight Masquerade,220,special_illustration_rare,v1|278293931822|0,2024 POKEMON TWM EN-TWILIGHT MASQUERADE SPECIAL ILLUSTRATION RARE PERRIN PSA 8,,Graded,2750,[],"[""FIXED_PRICE"",""BEST_OFFER""]",clarkscorner27,https://i.ebayimg.com/images/g/yJ4AAeSwMcdqhPAD/s-l225.jpg,https://www.ebay.com/itm/278293931822?_skw=Perrin+220+Twilight+Masquerade+Pokemon+card&hash=item40cb9c672e:g:yJ4AAeSwMcdqhPAD,2026-09-12T23:42:48.395762+00:00
D3-95AEC65A2C20E972,D3_BLIND_REVIEW,8a2cce32-ad4f-4468-8a28-8a9ea9653365,9cc8f6b0-2c28-442b-bdd1-11cbd9a4068e,Leavanny,White Flare,89,illustration_rare,v1|318851230801|0,Leavanny 003/086 Uncommon White Flare Pokemon Reverse Holo Near Mint,,Ungraded,4000,[],"[""FIXED_PRICE""]",oofmypocket,https://i.ebayimg.com/images/g/Vd0AAeSwgyJqojEn/s-l225.jpg,https://www.ebay.com/itm/318851230801?_skw=Leavanny+89+White+Flare+Pokemon+card&hash=item4a3d03ac51:g:Vd0AAeSwgyJqojEn,2026-09-12T23:42:48.395762+00:00
D3-ADBD017097035D2A,D3_BLIND_REVIEW,21e9ddc5-2751-4886-9e08-a1c6e2cc14e4,53abbd65-a601-4185-b08c-3721e963fa3d,Kyurem ex,Black Bolt,165,special_illustration_rare,v1|398175874163|0,Kyurem ex 165/086 Sv: Black Bolt Holo,,Ungraded,4000,[],"[""FIXED_PRICE""]",acema-56,https://i.ebayimg.com/images/g/wUsAAeSwINxqVwgj/s-l225.jpg,https://www.ebay.com/itm/398175874163?_skw=Kyurem+ex+165+Black+Bolt+Pokemon+card&hash=item5cb521ac73:g:wUsAAeSwINxqVwgj&amdata=enc%3AAQALAAABAACCtXRWQnOEpyOqnQQ8KGbuoZihSQcuVyD9sx3lP%2FDWf8WwW7jJSB50fUg9XulSRxuiZizhq2mYFCPxY6LDZDktBixgjtZ%2BkppAgsK63ftE5FK3iZ2BlmrXi4imdaSyWhrLoOPvqLcUZ5anpAos4uchyZWb2%2B6%2BN%2FDIdgNobEPQUWkgQjWp3dZqbf7QgL5PZe1b2DfvP1SB1HaqBsD1Plx61x333PWodsq%2BykVlXk7Uv3aS1usX4lR7WAaKleyQrHXxMEELHLXj2HhwpMr30%2BV2Osz8NNzaup2qvbq2m3iPlyABzW1mhKbajMeTmQeUdYHqV4HTxWtkGTErwg%2BY078%3D,2026-09-12T23:42:48.395762+00:00
D3-6FC0740D5A6A6C7A,D3_BLIND_REVIEW,ae4a6acb-3a88-4547-a165-7a617bfb2ce8,cd7798fe-711e-4cad-a015-7139b3d49bf6,Jolteon ex,Prismatic Evolutions,153,special_illustration_rare,v1|227511306736|0,Jolteon EX 153/131 SIR Prismatic Evolutions ,,Ungraded,4000,[],"[""FIXED_PRICE"",""BEST_OFFER""]",amlocke86,https://i.ebayimg.com/images/g/V6wAAeSw04tqjj1e/s-l225.jpg,https://www.ebay.com/itm/227511306736?_skw=Jolteon+ex+153+Prismatic+Evolutions+Pokemon+card&hash=item34f8bb09f0:g:V6wAAeSw04tqjj1e,2026-09-12T23:42:48.395762+00:00
D3-8B99BA07AA64A44F,D3_BLIND_REVIEW,23d6bd35-bbf0-49b2-911e-4949e66ff8bb,9326d67b-4017-4430-ac3c-bae6eb088be7,Pachirisu,Paldean Fates,138,shiny_rare,v1|820027518783|0,Pachirisu 138/091 Shiny Rare Paldean Fates Pokemon ,,Ungraded,4000,[],"[""FIXED_PRICE""]",aplusattire,https://i.ebayimg.com/images/g/JeIAAeSwNRJqhyQ9/s-l225.jpg,https://www.ebay.com/itm/820027518783?_skw=Pachirisu+138+Paldean+Fates+Pokemon+card&hash=itembeed72ef3f:g:JeIAAeSwNRJqhyQ9,2026-09-12T23:42:48.395762+00:00
D3-84190243A4EB0A0B,D3_BLIND_REVIEW,31566cbb-0eeb-499e-aa6d-b9b0bd85fc8b,fc81462a-2c3e-4b7a-a7be-ad7f88d98ace,Mega Greninja ex,Chaos Rising,122,mega_hyper_rare,v1|377380462131|0,Pokemon TCG Chaos Rising 122/086 Mega Greninja Ex Mega Hyper Rare,,Ungraded,4000,[],"[""FIXED_PRICE"",""BEST_OFFER""]",aces_card_shop,https://i.ebayimg.com/images/g/zfQAAeSwydZqaskw/s-l225.jpg,https://www.ebay.com/itm/377380462131?_skw=Mega+Greninja+ex+122+Chaos+Rising+Pokemon+card&hash=item57dda0de33:g:zfQAAeSwydZqaskw,2026-09-12T23:42:48.395762+00:00
D3-320B4FE9C74092C5,D3_BLIND_REVIEW,15faf94c-4a3b-4f09-a867-f2ded1174419,98ab7334-59cd-47fa-b778-f6526e5e1276,Veluza,Paradox Rift,192,illustration_rare,v1|178336130806|0,Veluza 192/182 Illustration Rare Paradox Rift Pokemon Holo Near Mint,,Ungraded,4000,[],"[""FIXED_PRICE""]",alejre-8,https://i.ebayimg.com/images/g/MUYAAeSwhEBqYXyS/s-l225.jpg,https://www.ebay.com/itm/178336130806?_skw=Veluza+192+Paradox+Rift+Pokemon+card&hash=item2985a966f6:g:MUYAAeSwhEBqYXyS,2026-09-12T23:42:48.395762+00:00
D3-6411D95DE2D4781C,D3_BLIND_REVIEW,d12a209b-06a3-4b46-82d3-a374e6bbe7b4,d0d523dc-3f95-4bbc-beb6-75b3d2a15cae,Grafaiai,Paldea Evolved,223,illustration_rare,v1|227501880121|0,CGC Pristine 10 Grafaiai 080/071 Art Rare Holo JP 90 HP,,Graded,2750,[],"[""FIXED_PRICE"",""BEST_OFFER""]",cthomasplay,https://i.ebayimg.com/images/g/21kAAeSwHUpql6Lv/s-l225.jpg,https://www.ebay.com/itm/227501880121?_skw=Grafaiai+223+Paldea+Evolved+Pokemon+card&hash=item34f82b3339:g:21kAAeSwHUpql6Lv&amdata=enc%3AAQALAAABAACCtXRWQnOEpyOqnQQ8KGZKeM64YTabMXjwiVYZqLA9dciVh7w%2Fn13BjoZjbYVHJws779yP7SbOp1s3oulGYfoX5PjcXmlic29tvRiieJFmE7fQJzGYzvyrXFSFTKdw%2FCvTnmQil5vJflO4Xt3%2FZgJ1ysXyA709GklDSL%2BYLPM5Nm2QRDRVFe1wStaPdNJS3GF3tTN9Or0zVFhp3W5TdmS0UGlHX%2BBoKUFDSIeCtyhuD1WJC7TF8OTllZH%2BHYfjkWLMgj%2F%2BOVQbK352mCJkWqN%2BLxezQ8%2BxlEO%2B%2BTk11OJgg7k%2F9Mk%2FW7EUs2eivQkeblL3sn%2FALOGpWvYSjF7Hy4w%3D,2026-09-12T23:42:48.395762+00:00
D3-23FD60E8DF75F67C,D3_BLIND_REVIEW,829b12ba-c7f5-4796-9a57-a2a2463c8461,0fc5990b-19e3-4716-b616-b221acc480a6,Houndour,Obsidian Flames,204,illustration_rare,v1|298385794062|0,Houndour 204/197 SV03: Obsidian Flames Holo,,Ungraded,4000,[],"[""FIXED_PRICE""]",6chast,https://i.ebayimg.com/images/g/vEcAAeSwOnVqIhmZ/s-l225.jpg,https://www.ebay.com/itm/298385794062?_skw=Houndour+204+Obsidian+Flames+Pokemon+card&hash=item45792de40e:g:vEcAAeSwOnVqIhmZ,2026-09-12T23:42:48.395762+00:00
D3-496A9D77624D9F81,D3_BLIND_REVIEW,10a47631-ea19-4b62-8a93-4b1b3e6b3013,780a248c-87ff-4879-955c-3d6bea287aca,Lt. Surge's Bargain,Mega Evolution,185,special_illustration_rare,v1|318731385391|0,Pokémon TCG Lt. Surges Bargain SIR Plus Extras!! ,,Ungraded,4000,[],"[""FIXED_PRICE""]",raystcg-937,https://i.ebayimg.com/images/g/QFIAAeSwRT9qf6bK/s-l225.jpg,https://www.ebay.com/itm/318731385391?_skw=Lt.+Surge%27s+Bargain+185+Mega+Evolution+Pokemon+card&hash=item4a35defa2f:g:QFIAAeSwRT9qf6bK,2026-09-12T23:42:48.395762+00:00
D3-8562D98D80366588,D3_BLIND_REVIEW,f01e01fe-17e4-48b7-8ba3-9a88f876acd4,7c3e24f9-be0e-4de8-86fc-9fb913792294,Meowth,Phantasmal Flames,106,illustration_rare,v1|198609085796|0,Meowth 106/094 I Holo PFL NM ME02: Phantasmal Flames Pokemon,,Ungraded,4000,[],"[""FIXED_PRICE""]",cochocards,https://i.ebayimg.com/images/g/T~wAAeSwe9ZqlhG3/s-l225.jpg,https://www.ebay.com/itm/198609085796?_skw=Meowth+106+Phantasmal+Flames+Pokemon+card&hash=item2e3e062564:g:T~wAAeSwe9ZqlhG3,2026-09-12T23:42:48.395762+00:00
D3-121787D2A4B83ECE,D3_BLIND_REVIEW,640cd931-d97f-4173-ad9d-3ab86f91d92c,c79d38c0-0768-4f3e-80fe-8490d79b00b1,Pecharunt ex,Shrouded Fable,93,special_illustration_rare,v1|377269582692|0,Pokémon TCG Pecharunt ex 085/064 Shrouded Fable NM,,Ungraded,4000,[],"[""FIXED_PRICE""]",future_legends_trading,https://i.ebayimg.com/images/g/jRAAAeSwQhRqMd2x/s-l225.jpg,https://www.ebay.com/itm/377269582692?_skw=Pecharunt+ex+93+Shrouded+Fable+Pokemon+card&hash=item57d704fb64:g:jRAAAeSwQhRqMd2x,2026-09-12T23:42:48.395762+00:00
D3-66690771265EB8A9,D3_BLIND_REVIEW,8a2827bc-48b7-4dfd-b240-501fe24100b9,4db4cc1d-2bfd-45e2-a457-7cb450d1f79a,Bronzor,Temporal Forces,68,common,v1|366015566674|0,2024 Pokemon Bronzor #68/162,,Ungraded,4000,[],"[""FIXED_PRICE""]",5dollarfoils_llc,https://i.ebayimg.com/images/g/QwYAAeSwpO5pI8~O/s-l225.jpg,https://www.ebay.com/itm/366015566674?_skw=Bronzor+68+Temporal+Forces+Pokemon+card&hash=item55383a5352:g:QwYAAeSwpO5pI8~O,2026-09-12T23:42:48.395762+00:00
D3-6ABCFFC6FE796D17,D3_BLIND_REVIEW,a922341e-4646-470b-95cf-2a59055b18ce,2bf9f356-230d-42e8-99e7-0b10161b9392,Spidops ex,Scarlet and Violet Base Set,243,special_illustration_rare,v1|357880452463|0,Spidops ex 243/198 Pokémon TCG Special Illustration Rare SV01: Scarlet & Violet,,Ungraded,4000,[],"[""FIXED_PRICE"",""BEST_OFFER""]",ampedbycorey,https://i.ebayimg.com/images/g/8BoAAeSwWZZpEMik/s-l225.jpg,https://www.ebay.com/itm/357880452463?_skw=Spidops+ex+243+Scarlet+and+Violet+Base+Set+Pokemon+card&hash=item535356556f:g:8BoAAeSwWZZpEMik&amdata=enc%3AAQALAAABEACCtXRWQnOEpyOqnQQ8KGZcbpxKOGhrGMsS7n8fD7ylD4kOsdj2oX6s94WaB9LFuGzvjsJdjFtg6pMO4wOL6Dla4IvAIRfv0x2qlqM9rTW3KKsvwt2H7Z1ElM2HzvIxzNlJuoDcntCZKgG1rnsYVrkUCA%2FUFHsnxCErE5ptOsHKfFQaQCyXqhsemjm7Bs7Bt4B8VPXXEzJpCvWznv6g0MKUKjolum5DkzqEi6kgWFRTXzbae%2Bj9C%2FkZ4vv5RWjgNbCT7hFkuq78t4ejkcf7NltTJCxl5vofs5rOroB8rGEOBttAgLAMOgdA38maltNYZbRqkEDZVDe5oiTGpNKC%2BCKrfYYAdzHipQVQN9g21ct8,2026-09-12T23:42:48.395762+00:00
D3-5C01E22A92C59F55,D3_BLIND_REVIEW,147a436d-4ccc-43d1-b19a-20b74d2ff723,a86eb8d9-0e89-4e02-879a-d587dbfe0252,Carmine,Twilight Masquerade,217,special_illustration_rare,v1|377441439275|0,Carmine 217/167 Sv06: Twilight Masquerade Holo Special Illustration Rare NM,,Ungraded,4000,[],"[""FIXED_PRICE""]",sadboytcg,https://i.ebayimg.com/images/g/PV4AAeSw7BNqimSH/s-l225.jpg,https://www.ebay.com/itm/377441439275?_skw=Carmine+217+Twilight+Masquerade+Pokemon+card&hash=item57e1434e2b:g:PV4AAeSw7BNqimSH,2026-09-12T23:42:48.395762+00:00
D3-6E1758589644A5CA,D3_BLIND_REVIEW,4206e794-1ec6-4d55-94d4-63267ac9a183,9d5ddc90-8f9d-4759-b73d-fff0cd877d73,Mega Dragonite ex,Ascended Heroes,290,special_illustration_rare,v1|257669380090|0,Pokemon Mega Dragonite Ex 290/217 SIR Ascended Heroes English. Pack Fresh NM!,,Ungraded,4000,[],"[""FIXED_PRICE"",""BEST_OFFER""]",707collectibles,https://i.ebayimg.com/images/g/83gAAeSwjJxqd3Gm/s-l225.jpg,https://www.ebay.com/itm/257669380090?_skw=Mega+Dragonite+ex+290+Ascended+Heroes+Pokemon+card&hash=item3bfe4ab7fa:g:83gAAeSwjJxqd3Gm,2026-09-12T23:42:48.395762+00:00
D3-5F35D2E2180549EF,D3_BLIND_REVIEW,2a67a99c-dbba-4c41-846c-39ed4659c916,dfda2049-d87b-4be0-ad51-dcc005688d93,Grubbin,Temporal Forces,18,common,v1|336682750988|546075506737,Pokemon TCG Temporal Forces (TEF) Choose Your Card NM Holo / Reverse / Rare,,Ungraded,4000,[],"[""FIXED_PRICE""]",depperoni,https://i.ebayimg.com/images/g/5rYAAeSw7VBqSZi6/s-l225.jpg,https://www.ebay.com/itm/336682750988?_skw=Grubbin+18+Temporal+Forces+Pokemon+card&hash=item4e63db140c:g:5rYAAeSw7VBqSZi6,2026-09-12T23:42:48.395762+00:00
D3-E82D37A2056FFAA9,D3_BLIND_REVIEW,fd225f1d-3765-4209-a5ec-42caf35933b0,92fdb409-1454-43ef-87ee-19095f700462,Team Rocket's Nidoking ex,Destined Rivals,233,special_illustration_rare,v1|188450064214|0,Team Rocket's Nidoking ex 233/182 Sv10: Destined Rivals Holo,,Graded,2750,[],"[""FIXED_PRICE"",""BEST_OFFER""]",derrickcet,https://i.ebayimg.com/images/g/zVsAAeSwIOxqHMm0/s-l225.jpg,https://www.ebay.com/itm/188450064214?_skw=Team+Rocket%27s+Nidoking+ex+233+Destined+Rivals+Pokemon+card&hash=item2be07fc756:g:zVsAAeSwIOxqHMm0&amdata=enc%3AAQALAAABIACCtXRWQnOEpyOqnQQ8KGYyQtDtkQ27RXajnjS8IiVTJL02twF1Jkj5fbXUtgrBPImI7QfuaEv7lol7aMV9htAkBjVk29qWj05JytMhxJ0EW0F3cbo3DkrLSUJOfeRxGBiB5F9Te%2Fyxzda0dTNFnEkXKQD4AxYqphTtV0CttFpikOo4v2q%2FMmxmAhn1dvb4yQYxgk9dR6%2F2VLKJglH8kWJNGfzfb8OlLBZkHNqRt%2FyPAkyZPBhbZLxLjeTEOyRbpidy7rKBZucDH6gnSZ6l6ftlwZ44B6KmqUAVIWhttCtNmNUWBYbsJHujDXwQk%2BMbrktTPx0CD22GsHKKQAHMSfx4JfqYyiTKkIUFBdPiq5OdXGxyA27HXmCm6Ei0ufXP2w%3D%3D,2026-09-12T23:42:48.395762+00:00
D3-2DB18F6F944B2150,D3_BLIND_REVIEW,0331d96e-d8af-44d3-9552-85f784d9b4ca,720c16f5-5c19-43bc-a711-0ea9e8545aab,Trubbish,White Flare,140,illustration_rare,v1|398189903354|0,Trubbish 140/086 White Flare Holo Near Mint Oswaldo KATO Pokemon TCG,,Ungraded,4000,[],"[""FIXED_PRICE"",""BEST_OFFER""]",the_hustling_pokepreneur,https://i.ebayimg.com/images/g/35AAAeSwqNVqXBpD/s-l225.jpg,https://www.ebay.com/itm/398189903354?_skw=Trubbish+140+White+Flare+Pokemon+card&hash=item5cb5f7bdfa:g:35AAAeSwqNVqXBpD&amdata=enc%3AAQALAAABAACCtXRWQnOEpyOqnQQ8KGbL9ANTPlkQ6Y8uwOizMk1mhe5sZoVnoSo9BZDFStEaHnZkDaeoRffWuWCAJllgUW91ps75bia4AxbJE7Nyy%2F%2BI5nuByxeTpiyR%2BJmZ7jj%2Br1GXlADjvzQ6eIG8Wg1oJJxZuXoLMSKVPrgObuIyBdmVM9CIq%2BLAt4hfqS6%2F5pNavblCMBeO4ImwkNefqKyCboaJFExDHSvDz6ceqhj4xKGeTEhoQHUoHNcjoYgBLeg7%2FCSFFfB6BtRpcDi4Wzvze0UTRCjpdD1AmO4P10jk4bfugDPBmsQp5ZY6G%2Flc7sXlFBgvgGf%2BBamzQhnoBmb%2Bq%2Fc%3D,2026-09-12T23:42:48.395762+00:00
D3-288FA4830D595781,D3_BLIND_REVIEW,b3020b76-9ff0-449a-85b8-924878fa0e8b,b70cd4ec-81c4-4e81-a677-901a43af62d9,Archeops,White Flare,132,illustration_rare,v1|267781585753|0,Archeops 132/086 Sv: White Flare Holo NM Illustration rare,,Ungraded,4000,[],"[""AUCTION""]",junglejoints,https://i.ebayimg.com/images/g/HW8AAeSwgwRqmEzX/s-l225.jpg,https://www.ebay.com/itm/267781585753?_skw=Archeops+132+White+Flare+Pokemon+card&hash=item3e5906bb59:g:HW8AAeSwgwRqmEzX,2026-09-12T23:42:48.395762+00:00
D3-805573C258AB0374,D3_BLIND_REVIEW,b547c5c3-7082-4a7f-9290-3d569b91b462,2c272732-fdb3-4639-aa6b-ea9fa3ad9c24,Team Rocket's Giovanni,Destined Rivals,225,ultra_rare,v1|178457674984|0,Team Rocket's Giovanni 225/182 Sv10: Destined Rivals Holo Full Art,,Ungraded,4000,[],"[""FIXED_PRICE"",""BEST_OFFER""]",aguabender,https://i.ebayimg.com/images/g/dDMAAeSw02JqlmCP/s-l225.jpg,https://www.ebay.com/itm/178457674984?_skw=Team+Rocket%27s+Giovanni+225+Destined+Rivals+Pokemon+card&hash=item298ce804e8:g:dDMAAeSw02JqlmCP,2026-09-12T23:42:48.395762+00:00
D3-C52F50834ED38E90,D3_BLIND_REVIEW,b3020b76-9ff0-449a-85b8-924878fa0e8b,b70cd4ec-81c4-4e81-a677-901a43af62d9,Archeops,White Flare,132,illustration_rare,v1|278152071973|0,Archeops Holo Illustration Rare SV: White Flare 132/086 NM,,Ungraded,4000,[],"[""FIXED_PRICE"",""BEST_OFFER""]",blazincardsllc,https://i.ebayimg.com/images/g/1FoAAeSwOiBqSHPf/s-l225.jpg,https://www.ebay.com/itm/278152071973?_skw=Archeops+132+White+Flare+Pokemon+card&hash=item40c327cb25:g:1FoAAeSwOiBqSHPf,2026-09-12T23:42:48.395762+00:00
D3-3198711056C05303,D3_BLIND_REVIEW,966bcb61-bf43-4cd7-8287-42f4bb9fa76d,9d636c4c-055f-4e85-b5ef-64675007d904,Leafeon ex,Prismatic Evolutions,144,special_illustration_rare,v1|176795598519|0,Prismatic Evolutions Leafeon EX 144/131 SIR,,Ungraded,4000,[],"[""FIXED_PRICE"",""BEST_OFFER""]",mslillysella,https://i.ebayimg.com/images/g/FgEAAOSwqY9nix-m/s-l225.jpg,https://www.ebay.com/itm/176795598519?_skw=Leafeon+ex+144+Prismatic+Evolutions+Pokemon+card&hash=item2929d6beb7:g:FgEAAOSwqY9nix-m,2026-09-12T23:42:48.395762+00:00
D3-C027A2E5BA14E951,D3_BLIND_REVIEW,ae4a6acb-3a88-4547-a165-7a617bfb2ce8,cd7798fe-711e-4cad-a015-7139b3d49bf6,Jolteon ex,Prismatic Evolutions,153,special_illustration_rare,v1|158276665833|0,TAG Graded Jolteon ex 153/131 Prismatic Evolutions SIR Holo English 260HP,,Graded,2750,[],"[""FIXED_PRICE"",""BEST_OFFER""]",gue3081,https://i.ebayimg.com/images/g/1WkAAeSwQmBqohJy/s-l225.jpg,https://www.ebay.com/itm/158276665833?_skw=Jolteon+ex+153+Prismatic+Evolutions+Pokemon+card&hash=item24da0641e9:g:1WkAAeSwQmBqohJy,2026-09-12T23:42:48.395762+00:00
D3-EC8A192D828EA258,D3_BLIND_REVIEW,33dca102-b449-4da6-bfa6-7b72de711596,c2d7a5e7-cfdd-4f37-9748-a2259857c6e3,Charizard ex,Paldean Fates,234,special_illustration_rare,v1|800510295207|0,Pokemon Paldean Fates Charizard EX 234/091 Special Illustration Rare,,Ungraded,4000,[],"[""FIXED_PRICE"",""BEST_OFFER""]",allie8128,https://i.ebayimg.com/images/g/lTsAAeSw3lhqf9eL/s-l225.jpg,https://www.ebay.com/itm/800510295207?_skw=Charizard+ex+234+Paldean+Fates+Pokemon+card&hash=itemba6221bca7:g:lTsAAeSw3lhqf9eL,2026-09-12T23:42:48.395762+00:00
D3-95883E04AFB0DDB9,D3_BLIND_REVIEW,8a2cce32-ad4f-4468-8a28-8a9ea9653365,9cc8f6b0-2c28-442b-bdd1-11cbd9a4068e,Leavanny,White Flare,89,illustration_rare,v1|227455449745|0,Leavanny 003/086 Uncommon White Flare Pokemon Reverse Holo Near Mint,,Ungraded,4000,[],"[""FIXED_PRICE""]",epochvaulttcg,https://i.ebayimg.com/images/g/J7IAAeSwsHRqa7m5/s-l225.jpg,https://www.ebay.com/itm/227455449745?_skw=Leavanny+89+White+Flare+Pokemon+card&hash=item34f566ba91:g:J7IAAeSwsHRqa7m5,2026-09-12T23:42:48.395762+00:00
D3-3586E64A4CC02FE8,D3_BLIND_REVIEW,10a47631-ea19-4b62-8a93-4b1b3e6b3013,780a248c-87ff-4879-955c-3d6bea287aca,Lt. Surge's Bargain,Mega Evolution,185,special_illustration_rare,v1|227406576163|0,Lt. Surge's Bargain 185/132 Pokemon Mega Evolution Holo,,Ungraded,4000,[],"[""FIXED_PRICE""]",xiv.000,https://i.ebayimg.com/images/g/mMoAAeSwUtpqQJ~C/s-l225.jpg,https://www.ebay.com/itm/227406576163?_skw=Lt.+Surge%27s+Bargain+185+Mega+Evolution+Pokemon+card&hash=item34f27cfa23:g:mMoAAeSwUtpqQJ~C,2026-09-12T23:42:48.395762+00:00
D3-A5268503785F0F1C,D3_BLIND_REVIEW,0331d96e-d8af-44d3-9552-85f784d9b4ca,720c16f5-5c19-43bc-a711-0ea9e8545aab,Trubbish,White Flare,140,illustration_rare,v1|820025479952|0,Trubbish Illustration Rare SV: White Flare 140/086 NM,,Ungraded,4000,[],"[""FIXED_PRICE""]",poke_mom_jdbhobby,https://i.ebayimg.com/images/g/-P4AAeSwptdqhoha/s-l225.jpg,https://www.ebay.com/itm/820025479952?_skw=Trubbish+140+White+Flare+Pokemon+card&hash=itembeed53d310:g:-P4AAeSwptdqhoha,2026-09-12T23:42:48.395762+00:00
D3-16DC7CF9E055E813,D3_BLIND_REVIEW,a6969678-b361-4b27-bee3-e3cdc127a5e4,bb6ebfa8-886c-4b5c-822a-7431870bb339,Dragapult ex,Prismatic Evolutions,165,special_illustration_rare,v1|398345989142|0,Pokémon Prismatic Evolutions Dragapult EX 165/131 Near Mint Condition,,Ungraded,4000,[],"[""FIXED_PRICE"",""BEST_OFFER""]",kevvvoo,https://i.ebayimg.com/images/g/GGUAAeSw9fJqllSj/s-l225.jpg,https://www.ebay.com/itm/398345989142?_skw=Dragapult+ex+165+Prismatic+Evolutions+Pokemon+card&hash=item5cbf456c16:g:GGUAAeSw9fJqllSj,2026-09-12T23:42:48.395762+00:00
D3-B61B215BF0049FD1,D3_BLIND_REVIEW,2cef0dfb-a5fd-4aed-b8ae-34a82f414587,3d276bff-a869-4634-840f-d5eb4f33aa1d,Reshiram ex,White Flare,166,special_illustration_rare,v1|298552495248|0,Reshiram ex - Holo Special Illustration Rare SV: White Flare 166/086 NM,,Ungraded,4000,[],"[""FIXED_PRICE"",""BEST_OFFER""]",basicislandtcg,https://i.ebayimg.com/images/g/-5UAAeSwgMtqbu5T/s-l225.jpg,https://www.ebay.com/itm/298552495248?_skw=Reshiram+ex+166+White+Flare+Pokemon+card&hash=item45831d8c90:g:-5UAAeSwgMtqbu5T&amdata=enc%3AAQALAAABAACCtXRWQnOEpyOqnQQ8KGZo7Hn8Y3pBnCFOsjiFGnpGkRHo8mbPEmN0Vo%2F9pVHkVrKmmMP3uWI1aoCWtP1ksZDDLfhLxL8nm0q100ueGbxoPex4KDPBSFiiTQFfRoMcSsXyNxR2vS9Pt47JweJ8q49LluyjWuxCthk9D1pLEBXTLedoTqJxnPpqvQRGAi%2B%2ByhJJ5qurGZYbzj2ludrLu7eQxmurKkiWAyMI2%2BB1uMw8Koy2cAbf6fNDqZJI%2BlYiB9xLJQVOAQ7sHKCEUa7lNtcfnAcD9TZTQhomYHxgl8kPVbN5oQ5ORGvEsvKZGt6xt1xI5fRHOzTLTz0Y2h9jims%3D,2026-09-12T23:42:48.395762+00:00
D3-CAAD061C286C5EC7,D3_BLIND_REVIEW,77b44a76-26f7-4fa0-a548-c29870a7bb68,63f84d31-df83-456f-bd4c-e59b7e2ba541,Crustle,Paradox Rift,183,illustration_rare,v1|256358148107|0,Pokemon TCG Crustle - 183/182 Paradox Rift Holo Illustration Rare,,Ungraded,4000,[],"[""FIXED_PRICE"",""BEST_OFFER""]",307tradingcards,https://i.ebayimg.com/images/g/bZ8AAOSwvsJljkMF/s-l225.jpg,https://www.ebay.com/itm/256358148107?_skw=Crustle+183+Paradox+Rift+Pokemon+card&hash=item3bb022e80b:g:bZ8AAOSwvsJljkMF,2026-09-12T23:42:48.395762+00:00
D3-AC2EF432D27CC3EF,D3_BLIND_REVIEW,4206e794-1ec6-4d55-94d4-63267ac9a183,9d5ddc90-8f9d-4759-b73d-fff0cd877d73,Mega Dragonite ex,Ascended Heroes,290,special_illustration_rare,v1|407178741026|0,2026 Pokemon Ascended Heroes Mega Dragonite ex SIR #290/217 PSA 9 MINT,,Graded,2750,[],"[""FIXED_PRICE"",""BEST_OFFER""]",monster-coin,https://i.ebayimg.com/images/g/kSoAAeSwXSZqku4x/s-l225.jpg,https://www.ebay.com/itm/407178741026?_skw=Mega+Dragonite+ex+290+Ascended+Heroes+Pokemon+card&hash=item5ecdbe8522:g:kSoAAeSwXSZqku4x,2026-09-12T23:42:48.395762+00:00
D3-F52E4530898C30D0,D3_BLIND_REVIEW,3b5294d0-4738-4296-952e-f32b2788e3c4,10ab9aee-5f8c-4938-aec5-aa4a4314f745,Sunflora,Twilight Masquerade,169,illustration_rare,v1|396273669814|0,Sunflora 169/167 Pokemon Card TCG - Illustration Rare Twilight Masquerade *B1,,Ungraded,4000,[],"[""FIXED_PRICE""]",adjnor,https://i.ebayimg.com/images/g/4GkAAOSw6zNnxlSf/s-l225.jpg,https://www.ebay.com/itm/396273669814?_skw=Sunflora+169+Twilight+Masquerade+Pokemon+card&hash=item5c43c056b6:g:4GkAAOSw6zNnxlSf,2026-09-12T23:42:48.395762+00:00
D3-9C83C737D452B4A8,D3_BLIND_REVIEW,3baf2f12-759f-427a-b8d0-2511e639310f,886acc91-d523-4628-bb4a-6ef8db1d8543,Mega Gardevoir ex,Mega Evolution,187,mega_hyper_rare,v1|177801517107|0,Mega Gardevoir ex #187/132 ME01: Mega Evolution,,Ungraded,4000,[],"[""FIXED_PRICE""]",ruthlessraccoontcg,https://i.ebayimg.com/images/g/fxMAAeSw1cFpc5JE/s-l225.jpg,https://www.ebay.com/itm/177801517107?_skw=Mega+Gardevoir+ex+187+Mega+Evolution+Pokemon+card&hash=item2965cbd833:g:fxMAAeSw1cFpc5JE,2026-09-12T23:42:48.395762+00:00
D3-EDA1D360D5202775,D3_BLIND_REVIEW,7b00ea04-5c2a-4172-8025-afba48ddacb3,94d01e3d-09de-4d04-a0d8-1f36a5cfe684,Cresselia,Shrouded Fable,71,illustration_rare,v1|257695649659|0,Cresselia 071/064 Holofoil Illustration Rare SV: Shrouded Fable Pokemon NM,,Ungraded,4000,[],"[""FIXED_PRICE""]",208gamesandmore,https://i.ebayimg.com/images/g/bCIAAeSwzZZqYbSR/s-l225.jpg,https://www.ebay.com/itm/257695649659?_skw=Cresselia+71+Shrouded+Fable+Pokemon+card&hash=item3bffdb8f7b:g:bCIAAeSwzZZqYbSR&amdata=enc%3AAQALAAABAACCtXRWQnOEpyOqnQQ8KGYiLv9oi%2BrNkzsSp%2FDom6XW6lBP6Iuc0XSJMJZtI7hekY6eI2KsAajFixNnqHAGaHZT060bW6EphRltW1GN%2F23%2FVmAZ5fm%2BVioCTruHyVLCPiQ7wFjo2CLFbe1HBGnCcIyVrICOSPVmEL9WbzVpj6zamFTMkJwAHPZYqtdPXfIp8mtFnEp8MFI2I%2BUuT%2FAMwJ%2BNjveOsNDhSLDNhO5WfOLNo5eE58O0b3NBTJWPbcWREw9cIRqjTvf8M%2FnFr7AYt%2FIHpAwAuCRipjFa71vZemBCWNM3mtnSY1rARr39poWzsVmTEsH5cgEm7x5NIpGxuXY%3D,2026-09-12T23:42:48.395762+00:00
D3-34251090158DCCAA,D3_BLIND_REVIEW,3b5294d0-4738-4296-952e-f32b2788e3c4,10ab9aee-5f8c-4938-aec5-aa4a4314f745,Sunflora,Twilight Masquerade,169,illustration_rare,v1|227418952983|0,SV06: Twilight Masquerade #169/167 Sunflora,,Ungraded,4000,[],"[""FIXED_PRICE""]",mihobbycars,https://i.ebayimg.com/images/g/r1sAAeSwrFRqS2xE/s-l225.jpg,https://www.ebay.com/itm/227418952983?_skw=Sunflora+169+Twilight+Masquerade+Pokemon+card&hash=item34f339d517:g:r1sAAeSwrFRqS2xE,2026-09-12T23:42:48.395762+00:00
D3-C2AF8C4A37CA6059,D3_BLIND_REVIEW,fd225f1d-3765-4209-a5ec-42caf35933b0,92fdb409-1454-43ef-87ee-19095f700462,Team Rocket's Nidoking ex,Destined Rivals,233,special_illustration_rare,v1|198632766533|0,🚀Team Rocket's Nidoking EX 233/182 Destined Rivals Special Illustration Rare NM,,Ungraded,4000,[],"[""FIXED_PRICE"",""BEST_OFFER""]",antman0013,https://i.ebayimg.com/images/g/goMAAeSwKq1qovtR/s-l225.jpg,https://www.ebay.com/itm/198632766533?_skw=Team+Rocket%27s+Nidoking+ex+233+Destined+Rivals+Pokemon+card&hash=item2e3f6f7c45:g:goMAAeSwKq1qovtR,2026-09-12T23:42:48.395762+00:00
D3-8B84618DAABA66AE,D3_BLIND_REVIEW,b547c5c3-7082-4a7f-9290-3d569b91b462,2c272732-fdb3-4639-aa6b-ea9fa3ad9c24,Team Rocket's Giovanni,Destined Rivals,225,ultra_rare,v1|366418889676|0,Team Rocket's Giovanni 225/182 Ultra Rare Destined Rivals Pokemon NM/M,,Ungraded,4000,[],"[""FIXED_PRICE"",""BEST_OFFER""]",thecardshopmachine,https://i.ebayimg.com/images/g/Y4cAAeSw8K9qDDvQ/s-l225.jpg,https://www.ebay.com/itm/366418889676?_skw=Team+Rocket%27s+Giovanni+225+Destined+Rivals+Pokemon+card&hash=item5550448bcc:g:Y4cAAeSw8K9qDDvQ,2026-09-12T23:42:48.395762+00:00
D3-7A3C271B48A39185,D3_BLIND_REVIEW,6a2b87e5-f90b-48f4-be30-a77258bee660,36134e45-4899-474f-88f0-b540ba618b49,Marill,Paldea Evolved,204,illustration_rare,v1|267762914607|0,Marill - 204/193 - Pokemon Paldea Evolved Illustration Rare Card  #2,,Ungraded,4000,[],"[""FIXED_PRICE"",""BEST_OFFER""]",potato_collectible,https://i.ebayimg.com/images/g/3ZUAAeSwDFZqh1uq/s-l225.jpg,https://www.ebay.com/itm/267762914607?_skw=Marill+204+Paldea+Evolved+Pokemon+card&hash=item3e57e9d52f:g:3ZUAAeSwDFZqh1uq&amdata=enc%3AAQALAAABAACCtXRWQnOEpyOqnQQ8KGbopFdvuJQSXZMQuRDuveCsZ0yd0z4Rx%2FhlywiveklNB1i1V%2BlWQWhbIpe01oXje7UXaaPJV3gipmdG1uv7%2BEDYBKhaqa8SV%2BrejnvlD61wVnsL6yEYsKHBrgbtGWMKW9iNvHdLZpg4XSiiV8tkKNXkrem5vLXQEl4F7fv1ESfvWBtesFRlqiPoqOXGgdzX0LjePDyeqmK4q1nXlETHW1ztQsamB%2FxQrkM67tcqJdilqz%2FcdchxZecxUQKTVbBZMb0ffRZhzrIZwC4ed7snltVn6aW0EP9XC1c7ryoFUG0%2FToJWRKwwYfxZWjF6IyKP3Wk%3D,2026-09-12T23:42:48.395762+00:00
D3-E0953BDC8DCB1392,D3_BLIND_REVIEW,10a47631-ea19-4b62-8a93-4b1b3e6b3013,780a248c-87ff-4879-955c-3d6bea287aca,Lt. Surge's Bargain,Mega Evolution,185,special_illustration_rare,v1|206536844523|0,Pokémon TCG Lt. Surge's Bargain 185/132 ME01 Special illustration Rare Holo Eng,,Ungraded,4000,[],"[""FIXED_PRICE"",""BEST_OFFER""]",allergi54,https://i.ebayimg.com/images/g/xlAAAeSwTatqm40b/s-l225.jpg,https://www.ebay.com/itm/206536844523?_skw=Lt.+Surge%27s+Bargain+185+Mega+Evolution+Pokemon+card&hash=item30168e24eb:g:xlAAAeSwTatqm40b,2026-09-12T23:42:48.395762+00:00
D3-8BC18719F3E9DF8D,D3_BLIND_REVIEW,67611b34-a7e9-497f-9708-651cc015ca6c,f02f5725-b24c-4ee9-a9b5-55edd91d7697,Lillie's Determination,Mega Evolution,184,special_illustration_rare,v1|398267555308|0,Lillie's Determination 184/132 Me01: Mega Evolution Holo SIR Pokemon Card NM,,Ungraded,4000,[],"[""FIXED_PRICE""]",adamwatermelon,https://i.ebayimg.com/images/g/40UAAeSwt99qeMj1/s-l225.jpg,https://www.ebay.com/itm/398267555308?_skw=Lillie%27s+Determination+184+Mega+Evolution+Pokemon+card&hash=item5cba989dec:g:40UAAeSwt99qeMj1,2026-09-12T23:42:48.395762+00:00
D3-CD594048B7E8CC4B,D3_BLIND_REVIEW,0b81872e-b089-49e9-aec3-16a535b12efb,0057b67c-a140-400c-b308-2a6d046cb043,Haxorus,Black Bolt,147,illustration_rare,v1|227461751016|0,▸ Haxorus | SV: Black Bolt | Illustration Rare | 147/086 | NM,,Ungraded,4000,[],"[""FIXED_PRICE"",""BEST_OFFER""]",startninetcg,https://i.ebayimg.com/images/g/bVgAAeSwC~Zqcelh/s-l225.jpg,https://www.ebay.com/itm/227461751016?_skw=Haxorus+147+Black+Bolt+Pokemon+card&hash=item34f5c6e0e8:g:bVgAAeSwC~Zqcelh,2026-09-12T23:42:48.395762+00:00
D3-081DA73EE7A4AC48,D3_BLIND_REVIEW,d4ff3ebb-7e40-4a36-88e6-f07af2977641,1424e3da-f59e-47f2-8310-dfad3baf354b,Zekrom ex,Black Bolt,166,special_illustration_rare,v1|206536567250|0,Zekrom ex 166/086 Sv: Black Bolt - Special Illustration Rare -NM,,Ungraded,4000,[],"[""FIXED_PRICE"",""BEST_OFFER""]",bigfatfish,https://i.ebayimg.com/images/g/BvsAAeSwuNFqm11H/s-l225.jpg,https://www.ebay.com/itm/206536567250?_skw=Zekrom+ex+166+Black+Bolt+Pokemon+card&hash=item301689e9d2:g:BvsAAeSwuNFqm11H,2026-09-12T23:42:48.395762+00:00
D3-91AC8142053C3908,D3_BLIND_REVIEW,966bcb61-bf43-4cd7-8287-42f4bb9fa76d,9d636c4c-055f-4e85-b5ef-64675007d904,Leafeon ex,Prismatic Evolutions,144,special_illustration_rare,v1|800554061925|0,Pokémon Leafeon ex 144/131 Prismatic Evolutions Special Illustration Rare Holo …,,Ungraded,4000,[],"[""FIXED_PRICE"",""BEST_OFFER""]",6redrover6,https://i.ebayimg.com/images/g/9CgAAeSw5Rdqi8WZ/s-l225.jpg,https://www.ebay.com/itm/800554061925?_skw=Leafeon+ex+144+Prismatic+Evolutions+Pokemon+card&hash=itemba64bd9065:g:9CgAAeSw5Rdqi8WZ,2026-09-12T23:42:48.395762+00:00
D3-80F84EA4B4B0D687,D3_BLIND_REVIEW,25638dbd-2434-4a4f-ba0d-dcf3e3e114ca,b3f17a3e-c2cb-447e-8873-c5970a4372c9,Clemont's Quick Wit,Surging Sparks,243,special_illustration_rare,v1|315950658045|0,CLEMONT'S QUICK WIT 243/191 -SURGING SPARKS POKEMON-SPECIAL ILLUSTRATION - MINT,,Ungraded,4000,[],"[""FIXED_PRICE""]",autpro-9958,https://i.ebayimg.com/images/g/3aEAAOSwFvZnM4f1/s-l225.jpg,https://www.ebay.com/itm/315950658045?_skw=Clemont%27s+Quick+Wit+243+Surging+Sparks+Pokemon+card&hash=item49902071fd:g:3aEAAOSwFvZnM4f1,2026-09-12T23:42:48.395762+00:00
D3-EE9F34180FA19F1D,D3_BLIND_REVIEW,0331d96e-d8af-44d3-9552-85f784d9b4ca,720c16f5-5c19-43bc-a711-0ea9e8545aab,Trubbish,White Flare,140,illustration_rare,v1|406862153481|0,Pokémon TCG Garbodor Art Rare Holo SV11W White Flare 139/086 Korean HP140,,Ungraded,4000,[],"[""FIXED_PRICE""]",gnarlypanda,https://i.ebayimg.com/images/g/oicAAeSw3Hxp4R5s/s-l225.jpg,https://www.ebay.com/itm/406862153481?_skw=Trubbish+140+White+Flare+Pokemon+card&hash=item5ebadfc709:g:oicAAeSw3Hxp4R5s,2026-09-12T23:42:48.395762+00:00
D3-CB4589E6DDFD0DE7,D3_BLIND_REVIEW,0331d96e-d8af-44d3-9552-85f784d9b4ca,720c16f5-5c19-43bc-a711-0ea9e8545aab,Trubbish,White Flare,140,illustration_rare,v1|407135390715|0,Pokémon Trubbish 140/086 Illustration Rare,,Ungraded,4000,[],"[""FIXED_PRICE"",""BEST_OFFER""]",bl4z3dripp3r,https://i.ebayimg.com/images/g/IZAAAeSwk-9qeqYj/s-l225.jpg,https://www.ebay.com/itm/407135390715?_skw=Trubbish+140+White+Flare+Pokemon+card&hash=item5ecb290bfb:g:IZAAAeSwk-9qeqYj,2026-09-12T23:42:48.395762+00:00
D3-3836904DAADF0CF2,D3_BLIND_REVIEW,2e5780f8-1769-4d26-9e3e-87e4a27d4dfe,09b7c446-d89f-4a64-b721-bc1293308747,Dachsbun ex,Stellar Crown,169,special_illustration_rare,v1|377360420761|0,Dachsbun ex 169/142 Special Illustration Rare Pokemon Stellar Crown ENG Mint,,Ungraded,4000,[],"[""FIXED_PRICE"",""BEST_OFFER""]",thevault701,https://i.ebayimg.com/images/g/VYwAAeSw3jFqYAR8/s-l225.jpg,https://www.ebay.com/itm/377360420761?_skw=Dachsbun+ex+169+Stellar+Crown+Pokemon+card&hash=item57dc6f0f99:g:VYwAAeSw3jFqYAR8,2026-09-12T23:42:48.395762+00:00
D3-B8FDEB76CDA1CF68,D3_BLIND_REVIEW,15faf94c-4a3b-4f09-a867-f2ded1174419,98ab7334-59cd-47fa-b778-f6526e5e1276,Veluza,Paradox Rift,192,illustration_rare,v1|327113616385|0,PSA 9 - VELUZA #192 - ILLUSTRATION RARE - 2023 POKEMON PAR EN-PARADOX RIFT,,Graded,2750,[],"[""FIXED_PRICE"",""BEST_OFFER""]",startbuysell,https://i.ebayimg.com/images/g/9LUAAeSw93Np5ffN/s-l225.jpg,https://www.ebay.com/itm/327113616385?_skw=Veluza+192+Paradox+Rift+Pokemon+card&hash=item4c297dac01:g:9LUAAeSw93Np5ffN&amdata=enc%3AAQALAAABAACCtXRWQnOEpyOqnQQ8KGbDepzf0vDN%2FoOoQNP5Y7qRf6N4rM0CPmzjg5ArIoGEYN5WDTK%2BWUM4L8wbW6kHyQUhBBQfRakEzVer8PHRO8vT1JD59H%2BJW6MUT%2BOD%2FMvhi6jjs7UeLLl0qGHcfR4DtOeVJdQYDuTF76W8VqpSARC8xoZgeuXLkM9GlXzg%2BIMZWN971Ho8094%2FwW%2BsLI4I7dpc%2FHPNjAOH%2FcZ2KYsESd2EKBf4D%2BqN2gA7U0bTl5XEdgBNuow42jXixb%2BlyhfG4EPRKn1k4gttaX4kWBVGpMsw5tVggM%2B%2BCa5Y13Y0KA3UWwNL7hxpaQjnloJqmEgWpXk%3D,2026-09-12T23:42:48.395762+00:00
D3-5C26270263D4090A,D3_BLIND_REVIEW,ecfe51fb-3435-4e1c-8542-8809cd6f95ff,db1498a4-579d-4bbe-b887-8368299e735f,Coalossal,Temporal Forces,95,uncommon,v1|366489398840|0,Coalossal 095/162 UC Temporal Forces Pokemon Near Mint,,Ungraded,4000,[],"[""FIXED_PRICE""]",joglesbay,https://i.ebayimg.com/images/g/lVwAAeSw35RqNLXk/s-l225.jpg,https://www.ebay.com/itm/366489398840?_skw=Coalossal+95+Temporal+Forces+Pokemon+card&hash=item5554786e38:g:lVwAAeSw35RqNLXk,2026-09-12T23:42:48.395762+00:00
D3-2C017C36FA800D13,D3_BLIND_REVIEW,fd225f1d-3765-4209-a5ec-42caf35933b0,92fdb409-1454-43ef-87ee-19095f700462,Team Rocket's Nidoking ex,Destined Rivals,233,special_illustration_rare,v1|377444174237|0,2025 Pokemon Destined Rivals Rocket's Nidoking EX Special Illus Rare PSA 9 #233,,Graded,2750,[],"[""FIXED_PRICE""]",blackjadedwolf,https://i.ebayimg.com/images/g/uvUAAeSw9OVqjFgG/s-l225.jpg,https://www.ebay.com/itm/377444174237?_skw=Team+Rocket%27s+Nidoking+ex+233+Destined+Rivals+Pokemon+card&hash=item57e16d099d:g:uvUAAeSw9OVqjFgG,2026-09-12T23:42:48.395762+00:00
D3-B4EFF91828E86BC3,D3_BLIND_REVIEW,cdfc0223-40ef-4e4b-a9f2-3a809ae1c3df,f6e9d756-3a7b-4c8e-b87c-06cacb0d3c7e,Flareon,Scarlet and Violet 151,136,rare,v1|168483400208|0,CGC GEM MINT 10 Japanese 151 Flareon 136/165 Reverse-Holo Pokeball Foil,,Graded,2750,[],"[""FIXED_PRICE""]",bunnymancollects,https://i.ebayimg.com/images/g/IvwAAeSwlv5qOeWV/s-l225.jpg,https://www.ebay.com/itm/168483400208?_skw=Flareon+136+Scarlet+and+Violet+151+Pokemon+card&hash=item273a64aa10:g:IvwAAeSwlv5qOeWV,2026-09-12T23:42:48.395762+00:00
D3-32F1F70166AD6B76,D3_BLIND_REVIEW,a3d56338-1f3f-4b99-8920-5d71b8b85737,66f1f173-3a34-44b4-95a3-d0031fa9d3ee,Pikachu ex,Surging Sparks,247,hyper_rare_gold,v1|800641965810|0,2024 POKEMON SSP SURGING SPARKS HYPER RARE #247 EN PIKACHU EX PSA 9,,Graded,2750,[],"[""FIXED_PRICE"",""BEST_OFFER""]",kaygiesb0,https://i.ebayimg.com/images/g/MzwAAeSw8QFqotl9/s-l225.jpg,https://www.ebay.com/itm/800641965810?_skw=Pikachu+ex+247+Surging+Sparks+Pokemon+card&hash=itemba69fadef2:g:MzwAAeSw8QFqotl9,2026-09-12T23:42:48.395762+00:00
D3-7E1D5FF59A8CDF58,D3_BLIND_REVIEW,ecfe51fb-3435-4e1c-8542-8809cd6f95ff,db1498a4-579d-4bbe-b887-8368299e735f,Coalossal,Temporal Forces,95,uncommon,v1|178314437954|0,Coalossal 095/162 Temporal Forces Pokemon NM,,Ungraded,4000,[],"[""FIXED_PRICE""]",leafandloomtcg,https://i.ebayimg.com/images/g/0asAAeSw~LpqWDoa/s-l225.jpg,https://www.ebay.com/itm/178314437954?_skw=Coalossal+95+Temporal+Forces+Pokemon+card&hash=item29845e6542:g:0asAAeSw~LpqWDoa,2026-09-12T23:42:48.395762+00:00
D3-153FA076A4F00693,D3_BLIND_REVIEW,e26de7b7-434e-4bec-8fc2-fb15b971b1a7,44b0372c-396d-43e9-84bb-afad2d04128f,Jamming Tower,Ascended Heroes,261,ultra_rare,v1|398344143454|0,Jamming Tower Holo Ultra Rare ME: Ascended Heroes 261/217 NM,,Ungraded,4000,[],"[""FIXED_PRICE"",""BEST_OFFER""]",a3_collectibles,https://i.ebayimg.com/images/g/YqoAAeSwpyFqlbBt/s-l225.jpg,https://www.ebay.com/itm/398344143454?_skw=Jamming+Tower+261+Ascended+Heroes+Pokemon+card&hash=item5cbf29425e:g:YqoAAeSwpyFqlbBt,2026-09-12T23:42:48.395762+00:00
D3-57CE276B40E05018,D3_BLIND_REVIEW,147a436d-4ccc-43d1-b19a-20b74d2ff723,a86eb8d9-0e89-4e02-879a-d587dbfe0252,Carmine,Twilight Masquerade,217,special_illustration_rare,v1|398371111808|0,The Pokémon Company Carmine 217/167 SV06 Twilight Masquerade SIR Holo FA Eng,,Ungraded,4000,[],"[""AUCTION"",""BEST_OFFER""]",alaldr_4140,https://i.ebayimg.com/images/g/AtAAAeSwDFZqlhIh/s-l225.jpg,https://www.ebay.com/itm/398371111808?_skw=Carmine+217+Twilight+Masquerade+Pokemon+card&hash=item5cc0c4c380:g:AtAAAeSwDFZqlhIh,2026-09-12T23:42:48.395762+00:00
D3-1C40E04897BFC5A8,D3_BLIND_REVIEW,152906c9-3b9f-4f16-bb22-cb4241c7386b,20ddd5ca-77ef-4e3c-a018-ea4c7a44913a,Giovanni's Charisma,Scarlet and Violet 151,204,special_illustration_rare,v1|137500055760|0,Giovanni's Charisma 197/165 Sv: Scarlet & Violet 151 Holo,,Ungraded,4000,[],"[""FIXED_PRICE"",""BEST_OFFER""]",overload_tcg,https://i.ebayimg.com/images/g/VxoAAeSwK7RqUExL/s-l225.jpg,https://www.ebay.com/itm/137500055760?_skw=Giovanni%27s+Charisma+204+Scarlet+and+Violet+151+Pokemon+card&hash=item2003a458d0:g:VxoAAeSwK7RqUExL&amdata=enc%3AAQALAAABIACCtXRWQnOEpyOqnQQ8KGZvUM83TvovecnSiUdB8w1PXgbGsUuQKqHJq9lixYocyMK3p9xfne2QlClQoba0qsLRssMeVqLu%2BUjftmDWx%2BuOaoKic3R6%2FmhZeIxULeULDql1LnOVwNiHFl2quU0zKGqY5jgpaoX4l4W8DMrLYiYeXF50aXicnYt%2BUia3DyE%2FyWi%2FtaKZrXbAF27GGn2KLrfu4%2FALxHHLrM9uXMQkUHKxUJcLIdjBqAyWVBt1pQb2fABzJhO3rDenNc1EMuoa44p%2BOPvt%2FFP8hg5FjsiTGXafLiCaLQ4EIYdtQVIeF8xi5fBEitufZWWNSMao8XAU8pKVGCi4YDVIc5xg8OV1j0wFTv5gcjcY3l0pGi3Nmw%2FQFg%3D%3D,2026-09-12T23:42:48.395762+00:00
D3-2C0EFE469278213A,D3_BLIND_REVIEW,9f323989-e972-4a9e-9e7b-3166e85d0690,0f3466bf-92b1-4d3d-913b-181fcec68996,Mega Feraligatr ex,Ascended Heroes,274,special_illustration_rare,v1|267687779850|0,Pokemon TCG Ascended Heroes Mega Feraligatr EX 274/217 SIR,,Ungraded,4000,[],"[""FIXED_PRICE"",""BEST_OFFER""]",ayychiu,https://i.ebayimg.com/images/g/WfsAAeSwdbJqHyez/s-l225.jpg,https://www.ebay.com/itm/267687779850?_skw=Mega+Feraligatr+ex+274+Ascended+Heroes+Pokemon+card&hash=item3e536f5e0a:g:WfsAAeSwdbJqHyez,2026-09-12T23:42:48.395762+00:00
D3-6226DF949951564C,D3_BLIND_REVIEW,a6969678-b361-4b27-bee3-e3cdc127a5e4,bb6ebfa8-886c-4b5c-822a-7431870bb339,Dragapult ex,Prismatic Evolutions,165,special_illustration_rare,v1|336754831487|0,Dragapult ex 165/131 Special Illustration Rare SV: Prismatic Evolutions NM,,Ungraded,4000,[],"[""FIXED_PRICE""]",amazincollectiblestcg,https://i.ebayimg.com/images/g/cVoAAeSwGatqiKnP/s-l225.jpg,https://www.ebay.com/itm/336754831487?_skw=Dragapult+ex+165+Prismatic+Evolutions+Pokemon+card&hash=item4e6826f07f:g:cVoAAeSwGatqiKnP,2026-09-12T23:42:48.395762+00:00
D3-3787DDC5594B9314,D3_BLIND_REVIEW,605a2c1a-6a14-463e-b1e2-b55cd9c16244,14ea6011-0e3d-4eff-ac53-6b13e2976a71,Krookodile,Black Bolt,137,illustration_rare,v1|257639378894|0,2025 Pokemon Black Bolt Krookodile Holo Illustration Rare CGC 9 #137/086,,Graded,2750,[],"[""FIXED_PRICE"",""BEST_OFFER""]",focus_collectibles,https://i.ebayimg.com/images/g/x7MAAeSwZB9qYtn0/s-l225.jpg,https://www.ebay.com/itm/257639378894?_skw=Krookodile+137+Black+Bolt+Pokemon+card&hash=item3bfc80efce:g:x7MAAeSwZB9qYtn0,2026-09-12T23:42:48.395762+00:00
D3-60E3C9140A40342E,D3_BLIND_REVIEW,152906c9-3b9f-4f16-bb22-cb4241c7386b,20ddd5ca-77ef-4e3c-a018-ea4c7a44913a,Giovanni's Charisma,Scarlet and Violet 151,204,special_illustration_rare,v1|236925471444|0,2023 Pokemon Scarlet and Violet 151 #204 Giovanni's Charisma SIR - NM-MT,,Ungraded,4000,[],"[""FIXED_PRICE"",""BEST_OFFER""]",1967dew,https://i.ebayimg.com/images/g/z58AAeSw38VqTpdj/s-l225.jpg,https://www.ebay.com/itm/236925471444?_skw=Giovanni%27s+Charisma+204+Scarlet+and+Violet+151+Pokemon+card&hash=item3729dbcad4:g:z58AAeSw38VqTpdj,2026-09-12T23:42:48.395762+00:00
D3-BE8D91EC7B71538B,D3_BLIND_REVIEW,0dde3317-5162-49d1-b5c9-6b206a086d2c,7a7c3304-cc14-4aab-9f7b-b88270d4228c,Tinkatuff,Paldean Fates,166,shiny_rare,v1|377264579596|0,Tinkatuff - 166/091 - Baby Shiny - Paldean Fates - Pokemon Card - NM/M,,Ungraded,4000,[],"[""FIXED_PRICE"",""BEST_OFFER""]",josephguzman13,https://i.ebayimg.com/images/g/RBMAAeSwOUVqMBqU/s-l225.jpg,https://www.ebay.com/itm/377264579596?_skw=Tinkatuff+166+Paldean+Fates+Pokemon+card&hash=item57d6b8a40c:g:RBMAAeSwOUVqMBqU,2026-09-12T23:42:48.395762+00:00
D3-6521E5D2CF853774,D3_BLIND_REVIEW,8a2827bc-48b7-4dfd-b240-501fe24100b9,4db4cc1d-2bfd-45e2-a457-7cb450d1f79a,Bronzor,Temporal Forces,68,common,v1|318071141869|0,Bronzor #68/162 Scarlet & Violet Temporal Forces 2024 Pokemon Common TCG Card,,Ungraded,4000,[],"[""FIXED_PRICE""]",breakoutcards,https://i.ebayimg.com/images/g/kLwAAeSwOchpx5LW/s-l225.jpg,https://www.ebay.com/itm/318071141869?_skw=Bronzor+68+Temporal+Forces+Pokemon+card&hash=item4a0e8475ed:g:kLwAAeSwOchpx5LW,2026-09-12T23:42:48.395762+00:00
D3-C701581522F1E414,D3_BLIND_REVIEW,2e5780f8-1769-4d26-9e3e-87e4a27d4dfe,09b7c446-d89f-4a64-b721-bc1293308747,Dachsbun ex,Stellar Crown,169,special_illustration_rare,v1|157417229046|0,"Dachsbun EX SIR Stellar Crown 169/142 067, 160 X3 Pokemon Extended Art Case",,Ungraded,4000,[],"[""FIXED_PRICE""]",outback_originals,https://i.ebayimg.com/images/g/zboAAeSwhyJqTv2Z/s-l225.jpg,https://www.ebay.com/itm/157417229046?_skw=Dachsbun+ex+169+Stellar+Crown+Pokemon+card&hash=item24a6cc4af6:g:zboAAeSwhyJqTv2Z,2026-09-12T23:42:48.395762+00:00
D3-B5E63C9123D12A5F,D3_BLIND_REVIEW,3c75f577-62ee-4bdf-865c-ab2384f4379b,ecf458ed-ed92-4f04-bf27-1912d59bdbc0,Mega Charizard Y ex,Ascended Heroes,294,mega_hyper_rare,v1|227493299405|0,Super Clean MEGA CHARIZARD Y EX 2025 POKEMON MEGA EVOLUTION 294/217 Mint,,Ungraded,4000,[],"[""FIXED_PRICE"",""BEST_OFFER""]",adawilensk-0,https://i.ebayimg.com/images/g/YDAAAeSwZPBqj8lA/s-l225.jpg,https://www.ebay.com/itm/227493299405?_skw=Mega+Charizard+Y+ex+294+Ascended+Heroes+Pokemon+card&hash=item34f7a844cd:g:YDAAAeSwZPBqj8lA,2026-09-12T23:42:48.395762+00:00
D3-B250B8B9A9EA3692,D3_BLIND_REVIEW,75720435-3807-46b6-b3da-5e1c53b77822,9ad0c133-f133-45ab-9b3f-494199354e20,Mega Darkrai ex,Pitch Black,116,special_illustration_rare,v1|800643200477|0,Pokemon TCG Mega Darkrai ex 116/84 Special Illustration Rare Pitch Black,,Ungraded,4000,[],"[""AUCTION""]",1uanstore,https://i.ebayimg.com/images/g/UzoAAeSw~6dqoz-F/s-l225.jpg,https://www.ebay.com/itm/800643200477?_skw=Mega+Darkrai+ex+116+Pitch+Black+Pokemon+card&hash=itemba6a0db5dd:g:UzoAAeSw~6dqoz-F,2026-09-12T23:42:48.395762+00:00
D3-DA8965C3B1981AF2,D3_BLIND_REVIEW,e26de7b7-434e-4bec-8fc2-fb15b971b1a7,44b0372c-396d-43e9-84bb-afad2d04128f,Jamming Tower,Ascended Heroes,261,ultra_rare,v1|800627950819|0,Jamming Tower 261/217 Me: Ascended Heroes Full art Pokemon near mint ships fast,,Ungraded,4000,[],"[""FIXED_PRICE""]",sellingserenity,https://i.ebayimg.com/images/g/HTkAAeSwIDhqeq9K/s-l225.jpg,https://www.ebay.com/itm/800627950819?_skw=Jamming+Tower+261+Ascended+Heroes+Pokemon+card&hash=itemba692504e3:g:HTkAAeSwIDhqeq9K,2026-09-12T23:42:48.395762+00:00
D3-E81E91F67277B449,D3_BLIND_REVIEW,6a1e2c02-b24d-4001-96f1-8bc2a24d8ccd,de749ceb-28f9-4977-b425-a83f69a3cf55,Gouging Fire ex,Temporal Forces,204,special_illustration_rare,v1|318526730852|0,Gouging Fire ex 204/162 SV05: Temporal Forces Holo Near Mint Condition,,Ungraded,4000,[],"[""FIXED_PRICE"",""BEST_OFFER""]",899mf60,https://i.ebayimg.com/images/g/fm4AAeSwiNRqRHkn/s-l225.jpg,https://www.ebay.com/itm/318526730852?_skw=Gouging+Fire+ex+204+Temporal+Forces+Pokemon+card&hash=item4a29ac3264:g:fm4AAeSwiNRqRHkn,2026-09-12T23:42:48.395762+00:00
D3-470BCD4E333DCE45,D3_BLIND_REVIEW,77b44a76-26f7-4fa0-a548-c29870a7bb68,63f84d31-df83-456f-bd4c-e59b7e2ba541,Crustle,Paradox Rift,183,illustration_rare,v1|366616940853|0,Crustle 183/182 SV04 Paradox Rift Illustration Rare Holo EN 2023,,Ungraded,4000,[],"[""FIXED_PRICE"",""BEST_OFFER""]",flippin-flipper,https://i.ebayimg.com/images/g/k3AAAeSw7F9qhjnX/s-l225.jpg,https://www.ebay.com/itm/366616940853?_skw=Crustle+183+Paradox+Rift+Pokemon+card&hash=item555c129135:g:k3AAAeSw7F9qhjnX,2026-09-12T23:42:48.395762+00:00
D3-8C6E7FC1FFFBF09E,D3_BLIND_REVIEW,21e9ddc5-2751-4886-9e08-a1c6e2cc14e4,53abbd65-a601-4185-b08c-3721e963fa3d,Kyurem ex,Black Bolt,165,special_illustration_rare,v1|377367866063|0,Pokemon Black Bolt Kyurem ex 165 PSA 10,,Graded,2750,[],"[""FIXED_PRICE""]",collectibleswarehouse1,https://i.ebayimg.com/images/g/FDUAAeSw4rJqMcP4/s-l225.jpg,https://www.ebay.com/itm/377367866063?_skw=Kyurem+ex+165+Black+Bolt+Pokemon+card&hash=item57dce0aacf:g:FDUAAeSw4rJqMcP4,2026-09-12T23:42:48.395762+00:00
D3-E3E72A673F4B1F7B,D3_BLIND_REVIEW,2e5780f8-1769-4d26-9e3e-87e4a27d4dfe,09b7c446-d89f-4a64-b721-bc1293308747,Dachsbun ex,Stellar Crown,169,special_illustration_rare,v1|198364988710|0,Dachsbun ex Holo SV07: Stellar Crown 169/142 NM Yuu Nishida,,Ungraded,4000,[],"[""FIXED_PRICE"",""BEST_OFFER""]",baskmoderntcg,https://i.ebayimg.com/images/g/nEwAAeSwHpNqC7SO/s-l225.jpg,https://www.ebay.com/itm/198364988710?_skw=Dachsbun+ex+169+Stellar+Crown+Pokemon+card&hash=item2e2f798526:g:nEwAAeSwHpNqC7SO,2026-09-12T23:42:48.395762+00:00
D3-782F4123D824D08C,D3_BLIND_REVIEW,3c75f577-62ee-4bdf-865c-ab2384f4379b,ecf458ed-ed92-4f04-bf27-1912d59bdbc0,Mega Charizard Y ex,Ascended Heroes,294,mega_hyper_rare,v1|318748522504|0,Mega Charizard Y ex #294 Pokemon Ascended Heroes,,Ungraded,4000,[],"[""FIXED_PRICE""]",1824s_427,https://i.ebayimg.com/images/g/UQkAAeSwHQBp-MHw/s-l225.jpg,https://www.ebay.com/itm/318748522504?_skw=Mega+Charizard+Y+ex+294+Ascended+Heroes+Pokemon+card&hash=item4a36e47808:g:UQkAAeSwHQBp-MHw,2026-09-12T23:42:48.395762+00:00
D3-BFD73727678B1056,D3_BLIND_REVIEW,0b81872e-b089-49e9-aec3-16a535b12efb,0057b67c-a140-400c-b308-2a6d046cb043,Haxorus,Black Bolt,147,illustration_rare,v1|800573529260|0,Haxorus 147/086 Sv: Black Bolt Illustration Rare,,Ungraded,4000,[],"[""FIXED_PRICE"",""BEST_OFFER""]",r443sh,https://i.ebayimg.com/images/g/qQwAAeSwrj5qkTiF/s-l225.jpg,https://www.ebay.com/itm/800573529260?_skw=Haxorus+147+Black+Bolt+Pokemon+card&hash=itemba65e69cac:g:qQwAAeSwrj5qkTiF,2026-09-12T23:42:48.395762+00:00
D3-1C24CF9AB02F11B3,D3_BLIND_REVIEW,a6969678-b361-4b27-bee3-e3cdc127a5e4,bb6ebfa8-886c-4b5c-822a-7431870bb339,Dragapult ex,Prismatic Evolutions,165,special_illustration_rare,v1|236122693558|0,PSA 9 - Pokemon TCG Dragapult EX #165 Special Illustration Rare - Prismatic,,Graded,2750,[],"[""FIXED_PRICE"",""BEST_OFFER""]",etc-tcg,https://i.ebayimg.com/images/g/RVAAAeSwxNxoNP-Y/s-l225.jpg,https://www.ebay.com/itm/236122693558?_skw=Dragapult+ex+165+Prismatic+Evolutions+Pokemon+card&hash=item36fa025fb6:g:RVAAAeSwxNxoNP-Y,2026-09-12T23:42:48.395762+00:00
D3-26AEA9285291421A,D3_BLIND_REVIEW,6a2b87e5-f90b-48f4-be30-a77258bee660,36134e45-4899-474f-88f0-b540ba618b49,Marill,Paldea Evolved,204,illustration_rare,v1|158160991277|0,Pokemon Marill 204/193 SV02 Paldea Evolved Illustration Rare Holo Eng 70HP,,Ungraded,4000,[],"[""FIXED_PRICE"",""BEST_OFFER""]",domkao-0,https://i.ebayimg.com/images/g/ES8AAeSw4VRqdLyI/s-l225.jpg,https://www.ebay.com/itm/158160991277?_skw=Marill+204+Paldea+Evolved+Pokemon+card&hash=item24d321342d:g:ES8AAeSw4VRqdLyI,2026-09-12T23:42:48.395762+00:00
D3-6403DF148EDB3AC4,D3_BLIND_REVIEW,cc59d868-d0e5-4557-9423-3f9b7c9d2591,04f90621-b7cb-49bf-b962-8ba0790d6e62,Team Rocket's Giovanni,Destined Rivals,238,special_illustration_rare,v1|397194481904|0,Team Rocket's Giovanni 238/182 Destined Rivals Pokemon Special Illustration *B3,,Ungraded,4000,[],"[""FIXED_PRICE""]",adjnor,https://i.ebayimg.com/images/g/YTwAAeSwiCFo~Qg0/s-l225.jpg,https://www.ebay.com/itm/397194481904?_skw=Team+Rocket%27s+Giovanni+238+Destined+Rivals+Pokemon+card&hash=item5c7aa2d0f0:g:YTwAAeSwiCFo~Qg0,2026-09-12T23:42:48.395762+00:00
D3-3D7D92AFC642F0FA,D3_BLIND_REVIEW,75720435-3807-46b6-b3da-5e1c53b77822,9ad0c133-f133-45ab-9b3f-494199354e20,Mega Darkrai ex,Pitch Black,116,special_illustration_rare,v1|188744991287|0,Mega Darkrai ex – Pitch Black - Special Illustration Rare - #116/084,,Ungraded,4000,[],"[""FIXED_PRICE""]",animexcom,https://i.ebayimg.com/images/g/0iAAAeSwws5qb7or/s-l225.jpg,https://www.ebay.com/itm/188744991287?_skw=Mega+Darkrai+ex+116+Pitch+Black+Pokemon+card&hash=item2bf2140237:g:0iAAAeSwws5qb7or,2026-09-12T23:42:48.395762+00:00
D3-EF1DF5210F8F005E,D3_BLIND_REVIEW,33dca102-b449-4da6-bfa6-7b72de711596,c2d7a5e7-cfdd-4f37-9748-a2259857c6e3,Charizard ex,Paldean Fates,234,special_illustration_rare,v1|377466705572|0,🔥🐉 CGC GEM MINT 10 | Charizard ex #234 SIR | Paldean Fates 2024,,Graded,2750,[],"[""FIXED_PRICE""]",mghcollectibles,https://i.ebayimg.com/images/g/CrIAAeSwguZqmN14/s-l225.jpg,https://www.ebay.com/itm/377466705572?_skw=Charizard+ex+234+Paldean+Fates+Pokemon+card&hash=item57e2c4d6a4:g:CrIAAeSwguZqmN14,2026-09-12T23:42:48.395762+00:00
D3-68F7B2C2C234E015,D3_BLIND_REVIEW,5576e4b9-4873-40fa-84c4-da9f28cec096,8614b6c4-8840-4b33-9908-4ded064f570f,Gulpin,Stellar Crown,154,illustration_rare,v1|398316532430|0,Pokémon TCG Gulpin 154/142 Illustration Stellar Crown Near Mint Condition,,Ungraded,4000,[],"[""FIXED_PRICE"",""BEST_OFFER""]",amar_zard,https://i.ebayimg.com/images/g/da8AAeSwIK1qizgR/s-l225.jpg,https://www.ebay.com/itm/398316532430?_skw=Gulpin+154+Stellar+Crown+Pokemon+card&hash=item5cbd83f2ce:g:da8AAeSwIK1qizgR,2026-09-12T23:42:48.395762+00:00
D3-DCC14F7CB19B8F9F,D3_BLIND_REVIEW,6a1e2c02-b24d-4001-96f1-8bc2a24d8ccd,de749ceb-28f9-4977-b425-a83f69a3cf55,Gouging Fire ex,Temporal Forces,204,special_illustration_rare,v1|306270062199|0,CGC 10 GEM Gouging Fire ex 204/162 Temporal Forces Special Illustration Pokemon,,Graded,2750,[],"[""FIXED_PRICE""]",pokenomix,https://i.ebayimg.com/images/g/2TUAAeSweYJoC8Wl/s-l225.jpg,https://www.ebay.com/itm/306270062199?_skw=Gouging+Fire+ex+204+Temporal+Forces+Pokemon+card&hash=item474f1e4677:g:2TUAAeSweYJoC8Wl,2026-09-12T23:42:48.395762+00:00
D3-D366C5255C8EA1AC,D3_BLIND_REVIEW,24f40ecd-605f-4d62-b748-afed33706583,bd1bb49f-f0e6-4441-a2cd-648e3ccf4a4c,Emboar,White Flare,98,illustration_rare,v1|377442282244|0,Emboar Holofoil SV: White Flare - 098/086 Pokemon Card NM,,Ungraded,4000,[],"[""FIXED_PRICE""]",luckyhoundgaming,https://i.ebayimg.com/images/g/4k0AAeSwSU5qowcB/s-l225.jpg,https://www.ebay.com/itm/377442282244?_skw=Emboar+98+White+Flare+Pokemon+card&hash=item57e1502b04:g:4k0AAeSwSU5qowcB&amdata=enc%3AAQALAAABAACCtXRWQnOEpyOqnQQ8KGY79mK6sZN6MOqUXuwnwvIoQc43Vo0HIa9LyUaxRgXt092UcYEUQm9kmXB0bw85jpHy2US9cBhhwffdwyDPPtUzDgpdCQ%2BtC6CZMT1%2F8WGoIJ7MQRYEQcD8CG4GTCq8hCYrswkz4EAvuZKrmYdEGAQAPUSiAj4YCVWdROQZEjCeF2ZFqdf3AnR%2FobCSg%2BO9%2FwMvPr%2Bx6YO5esemwwAqnfMI1hlGl8v%2Faxrg38cY%2BM6IYmnAtIIqkdFnjkFLXzBBetnNYmP%2BhFUTAc3hWaxW1A6fu868YztSS9kDMx2PH9C%2F2wbqAREyoPNg%2F7hMGt6pysU%3D,2026-09-12T23:42:48.395762+00:00
D3-969F803C907DCD07,D3_BLIND_REVIEW,23d6bd35-bbf0-49b2-911e-4949e66ff8bb,9326d67b-4017-4430-ac3c-bae6eb088be7,Pachirisu,Paldean Fates,138,shiny_rare,v1|336722485764|0,Pachirisu 138/091 SV: Paldean Fates Holo,,Ungraded,4000,[],"[""FIXED_PRICE"",""BEST_OFFER""]",castillodenaipes1,https://i.ebayimg.com/images/g/W6QAAeSwEFNqb-7V/s-l225.jpg,https://www.ebay.com/itm/336722485764?_skw=Pachirisu+138+Paldean+Fates+Pokemon+card&hash=item4e66396204:g:W6QAAeSwEFNqb-7V,2026-09-12T23:42:48.395762+00:00
D3-DEA5CF667859ABD2,D3_BLIND_REVIEW,c7e36a14-236f-4b93-a4a8-a4be2ddc7193,590cc9ca-0f7d-413e-ae31-68433716e01b,Mega Lucario ex,Mega Evolution,179,special_illustration_rare,v1|188881446972|0,Mega Lucario ex 179/132 Me01: Mega Evolution Holo,,Ungraded,4000,[],"[""FIXED_PRICE"",""BEST_OFFER""]",lmwcards-mt,https://i.ebayimg.com/images/g/oSUAAeSw3vtqmcvP/s-l225.jpg,https://www.ebay.com/itm/188881446972?_skw=Mega+Lucario+ex+179+Mega+Evolution+Pokemon+card&hash=item2bfa36283c:g:oSUAAeSw3vtqmcvP,2026-09-12T23:42:48.395762+00:00
D3-81867FC25ECE446E,D3_BLIND_REVIEW,33dca102-b449-4da6-bfa6-7b72de711596,c2d7a5e7-cfdd-4f37-9748-a2259857c6e3,Charizard ex,Paldean Fates,234,special_illustration_rare,v1|257593374170|0,Pokémon Charizard ex #234 Paldean Fates Special Illustration Rare Holo PSA 9🔥📈,,Graded,2750,[],"[""FIXED_PRICE""]",rkrasnos,https://i.ebayimg.com/images/g/newAAeSwcVhqQdDt/s-l225.jpg,https://www.ebay.com/itm/257593374170?_skw=Charizard+ex+234+Paldean+Fates+Pokemon+card&hash=item3bf9c2f5da:g:newAAeSwcVhqQdDt,2026-09-12T23:42:48.395762+00:00
D3-5CF2F6EA6EE65F7E,D3_BLIND_REVIEW,828c0d0d-2ede-4bab-bed4-407cd3cf8662,06c45a41-2b44-401a-9703-5c9952f2580f,Mega Gengar ex,Ascended Heroes,284,special_illustration_rare,v1|206537823675|0,2026 POKEMON ASCENDED HEROES #284/217 MEGA GENGAR EX SIR PSA 10,,Graded,2750,[],"[""AUCTION""]",slabsharksinc,https://i.ebayimg.com/images/g/ABAAAeSw1nRqiR7g/s-l225.jpg,https://www.ebay.com/itm/206537823675?_skw=Mega+Gengar+ex+284+Ascended+Heroes+Pokemon+card&hash=item30169d15bb:g:ABAAAeSw1nRqiR7g,2026-09-12T23:42:48.395762+00:00
D3-37124F3B9FFE36F8,D3_BLIND_REVIEW,d12a209b-06a3-4b46-82d3-a374e6bbe7b4,d0d523dc-3f95-4bbc-beb6-75b3d2a15cae,Grafaiai,Paldea Evolved,223,illustration_rare,v1|168313716991|0,Pokémon Grafaiai 223/193 Paldea Evolved Illustration Rare Full Art Holo English,,Ungraded,4000,[],"[""FIXED_PRICE"",""BEST_OFFER""]",brenda6412_3,https://i.ebayimg.com/images/g/XAkAAeSwcCJp4bX4/s-l225.jpg,https://www.ebay.com/itm/168313716991?_skw=Grafaiai+223+Paldea+Evolved+Pokemon+card&hash=item27304780ff:g:XAkAAeSwcCJp4bX4,2026-09-12T23:42:48.395762+00:00
D3-5EC773761AF37B28,D3_BLIND_REVIEW,15faf94c-4a3b-4f09-a867-f2ded1174419,98ab7334-59cd-47fa-b778-f6526e5e1276,Veluza,Paradox Rift,192,illustration_rare,v1|398309522184|0,Pokémon TCG Veluza Card 192/182 Paradox Rift Illustration,,Ungraded,4000,[],"[""FIXED_PRICE""]",hideandseaking,https://i.ebayimg.com/images/g/c4cAAeSwrd5qh5x1/s-l225.jpg,https://www.ebay.com/itm/398309522184?_skw=Veluza+192+Paradox+Rift+Pokemon+card&hash=item5cbd18fb08:g:c4cAAeSwrd5qh5x1,2026-09-12T23:42:48.395762+00:00
D3-966E29A4FC761725,D3_BLIND_REVIEW,33dca102-b449-4da6-bfa6-7b72de711596,c2d7a5e7-cfdd-4f37-9748-a2259857c6e3,Charizard ex,Paldean Fates,234,special_illustration_rare,v1|298482459704|0,Charizard EX Holo Card 234/091 SV Paldean Fates LP Pokemon TCG English,,Ungraded,4000,[],"[""FIXED_PRICE"",""BEST_OFFER""]",1upgamesga,https://i.ebayimg.com/images/g/H6wAAeSwwHZqSsJw/s-l225.jpg,https://www.ebay.com/itm/298482459704?_skw=Charizard+ex+234+Paldean+Fates+Pokemon+card&hash=item457ef0e438:g:H6wAAeSwwHZqSsJw,2026-09-12T23:42:48.395762+00:00
D3-E7988EB5D003151F,D3_BLIND_REVIEW,50f67b41-059d-4c14-842f-8b48fba46bc2,304de4f2-c09c-4d1c-a57e-5b83867aee55,Lt. Surge's Bargain,Mega Evolution,120,uncommon,v1|820085972902|0,Lt. Surge's Bargain 120/132 Uncommon Mega Evolution Pokemon Reverse Holo NM,,Ungraded,4000,[],"[""FIXED_PRICE""]",beastytacocollects,https://i.ebayimg.com/images/g/fL0AAeSwiOxqmoWm/s-l225.jpg,https://www.ebay.com/itm/820085972902?_skw=Lt.+Surge%27s+Bargain+120+Mega+Evolution+Pokemon+card&hash=itembef0eedfa6:g:fL0AAeSwiOxqmoWm,2026-09-12T23:42:48.395762+00:00
D3-18E58EA4F852E9CB,D3_BLIND_REVIEW,a6969678-b361-4b27-bee3-e3cdc127a5e4,bb6ebfa8-886c-4b5c-822a-7431870bb339,Dragapult ex,Prismatic Evolutions,165,special_illustration_rare,v1|820095222669|0,Dragapult ex 165/131 Prismatic Evolutions Pokemon NM Holo,,Ungraded,4000,[],"[""FIXED_PRICE"",""BEST_OFFER""]",jsou_33,https://i.ebayimg.com/images/g/sXMAAeSww99qnbXz/s-l225.jpg,https://www.ebay.com/itm/820095222669?_skw=Dragapult+ex+165+Prismatic+Evolutions+Pokemon+card&hash=itembef17c038d:g:sXMAAeSww99qnbXz,2026-09-12T23:42:48.395762+00:00
D3-A63208E0E4DA1BD7,D3_BLIND_REVIEW,97165c7e-1d85-4962-807e-5661c2115d7d,b592d276-ceb3-4a5e-90d5-d759808b7da3,Furret,Journey Together,168,illustration_rare,v1|178468375569|0,2025 Pokemon Journey together #168 Furret Illustration Rare CGC 9 Mint,,Graded,2750,[],"[""FIXED_PRICE"",""BEST_OFFER""]",holohorizontrading,https://i.ebayimg.com/images/g/qR0AAeSwLrNqmznT/s-l225.jpg,https://www.ebay.com/itm/178468375569?_skw=Furret+168+Journey+Together+Pokemon+card&hash=item298d8b4c11:g:qR0AAeSwLrNqmznT,2026-09-12T23:42:48.395762+00:00
D3-D0EDFE920167CF22,D3_BLIND_REVIEW,3755e7ef-e482-4186-8377-e717f80b3759,aa88bdd2-2ebe-4f9b-b53b-ab077c63f98c,Secret Box,Twilight Masquerade,163,ace_spec,v1|178101142895|0,Secret Box SV06: Twilight Masquerade 163/167 ACE SPEC Rare NM Pokemon,,Ungraded,4000,[],"[""FIXED_PRICE""]",732cardboardcollectibles,https://i.ebayimg.com/images/g/OYQAAeSweFVp92jP/s-l225.jpg,https://www.ebay.com/itm/178101142895?_skw=Secret+Box+163+Twilight+Masquerade+Pokemon+card&hash=item2977a7c56f:g:OYQAAeSweFVp92jP,2026-09-12T23:42:48.395762+00:00
D3-E3D8A8735EC324DF,D3_BLIND_REVIEW,21e9ddc5-2751-4886-9e08-a1c6e2cc14e4,53abbd65-a601-4185-b08c-3721e963fa3d,Kyurem ex,Black Bolt,165,special_illustration_rare,v1|198497752840|0,Pokemon TCG Kyurem ex SV Black Bolt 165/086 Special Illustration Rare Holo EN,,Ungraded,4000,[],"[""FIXED_PRICE"",""BEST_OFFER""]",2girls170,https://i.ebayimg.com/images/g/hYoAAeSwNRxqVoXP/s-l225.jpg,https://www.ebay.com/itm/198497752840?_skw=Kyurem+ex+165+Black+Bolt+Pokemon+card&hash=item2e37635708:g:hYoAAeSwNRxqVoXP,2026-09-12T23:42:48.395762+00:00
D3-B49B7111DF364296,D3_BLIND_REVIEW,605a2c1a-6a14-463e-b1e2-b55cd9c16244,14ea6011-0e3d-4eff-ac53-6b13e2976a71,Krookodile,Black Bolt,137,illustration_rare,v1|398314516209|0,The Pokémon Company Krookodile Sv: Black Bolt Illustration Rare Holo ENG 137/086,,Ungraded,4000,[],"[""FIXED_PRICE"",""BEST_OFFER""]",jonathahoneycut_6,https://i.ebayimg.com/images/g/TGMAAeSw1qNqie8j/s-l225.jpg,https://www.ebay.com/itm/398314516209?_skw=Krookodile+137+Black+Bolt+Pokemon+card&hash=item5cbd652ef1:g:TGMAAeSw1qNqie8j&amdata=enc%3AAQALAAABAACCtXRWQnOEpyOqnQQ8KGb1Vwc7gD%2BVEMO6OPvq5Q3JOnz0fsTZmk3PHOnJn0xUecLU1eoFkBMzhPI7rwI7I4Dez1uIdCt4S9V5uCwLJSpEFMCxHNWbupjLtd38ZP1H5l%2Fnb9xaYjO0Ap4yfAtjsAQBsxPXhaPuIenp01amX32ugXrKBwoBsf%2FAvuVYnClWGCh0r3kIdVGueNTwrGde2JFxezq1Dn4eIaqp0A03n2iijE%2B5hwKY%2FeqnvvvvZja1c%2BOBeKFJmw7LrwmCoduUMylPVDrEEG0UOUfZ9%2FEKJsRE%2Fr1HVlGmKo1hcpNtYBwcEiFzqjKqzwWkJU058tPA6bA%3D,2026-09-12T23:42:48.395762+00:00
D3-9603E6E295391958,D3_BLIND_REVIEW,6a1e2c02-b24d-4001-96f1-8bc2a24d8ccd,de749ceb-28f9-4977-b425-a83f69a3cf55,Gouging Fire ex,Temporal Forces,204,special_illustration_rare,v1|236982344271|0,2024 Pokemon TEF EN Gouging Fire EX #204 Temporal Forces PSA 9 MINT,,Graded,2750,[],"[""FIXED_PRICE"",""BEST_OFFER""]",topfindsusa,https://i.ebayimg.com/images/g/hRwAAeSwf4JqcQW0/s-l225.jpg,https://www.ebay.com/itm/236982344271?_skw=Gouging+Fire+ex+204+Temporal+Forces+Pokemon+card&hash=item372d3f9a4f:g:hRwAAeSwf4JqcQW0,2026-09-12T23:42:48.395762+00:00
D3-E93C86B6EC7259D0,D3_BLIND_REVIEW,f01e01fe-17e4-48b7-8ba3-9a88f876acd4,7c3e24f9-be0e-4de8-86fc-9fb913792294,Meowth,Phantasmal Flames,106,illustration_rare,v1|800340027683|0,🔥 Meowth 106/094 | IR | Phantasmal Flames | Pokémon TCG 🔥,,Ungraded,4000,[],"[""FIXED_PRICE"",""BEST_OFFER""]",krispycardboardtcg,https://i.ebayimg.com/images/g/qHsAAeSwXMtqICPY/s-l225.jpg,https://www.ebay.com/itm/800340027683?_skw=Meowth+106+Phantasmal+Flames+Pokemon+card&hash=itemba57fba923:g:qHsAAeSwXMtqICPY,2026-09-12T23:42:48.395762+00:00
D3-2865CC145EC41F05,D3_BLIND_REVIEW,b801a524-e703-4f4c-ad99-1ec742cf30ec,586dac04-6254-4241-b628-b6d3dac61063,Bianca's Devotion,Temporal Forces,209,special_illustration_rare,v1|135124766513|0,Pokemon TCG Temporal Forces - Bianca's Devotion 209/162 SIR - PSA 10 GEM MINT,,Graded,2750,[],"[""FIXED_PRICE"",""BEST_OFFER""]",cardncoinhobby,https://i.ebayimg.com/images/g/vv8AAOSwYoZmfyKW/s-l225.jpg,https://www.ebay.com/itm/135124766513?_skw=Bianca%27s+Devotion+209+Temporal+Forces+Pokemon+card&hash=item1f76104f31:g:vv8AAOSwYoZmfyKW,2026-09-12T23:42:48.395762+00:00
D3-9FD987D773AD8AB5,D3_BLIND_REVIEW,10a47631-ea19-4b62-8a93-4b1b3e6b3013,780a248c-87ff-4879-955c-3d6bea287aca,Lt. Surge's Bargain,Mega Evolution,185,special_illustration_rare,v1|237028611994|0,Lt. Surge's Bargain 185/132 Holo Trainer Supporter ME01 Mega Evolution EN,,Ungraded,4000,[],"[""FIXED_PRICE""]",osds.chris,https://i.ebayimg.com/images/g/lEQAAeSw0BpqjTGo/s-l225.jpg,https://www.ebay.com/itm/237028611994?_skw=Lt.+Surge%27s+Bargain+185+Mega+Evolution+Pokemon+card&hash=item373001979a:g:lEQAAeSw0BpqjTGo,2026-09-12T23:42:48.395762+00:00
D3-97BC5BCD3BD9FF5E,D3_BLIND_REVIEW,209f02db-d953-4dde-bbd6-0822671fe1d1,eb38e2d2-2e6a-41e2-939d-335c8a5e50d1,Oshawott,White Flare,105,illustration_rare,v1|800402437309|0,Oshawott 105/086 Sv: White Flare Holo,,Ungraded,4000,[],"[""FIXED_PRICE"",""BEST_OFFER""]",monster-348,https://i.ebayimg.com/images/g/gJgAAeSwIX5qY9pT/s-l225.jpg,https://www.ebay.com/itm/800402437309?_skw=Oshawott+105+White+Flare+Pokemon+card&hash=itemba5bb3f4bd:g:gJgAAeSwIX5qY9pT,2026-09-12T23:42:48.395762+00:00
D3-B1D48A139EB267EC,D3_BLIND_REVIEW,a3d56338-1f3f-4b99-8920-5d71b8b85737,66f1f173-3a34-44b4-95a3-d0031fa9d3ee,Pikachu ex,Surging Sparks,247,hyper_rare_gold,v1|206551955400|0,Pokemon TCG Pikachu ex 247/191 Surging Sparks Hyper Rare NM,,Ungraded,4000,[],"[""FIXED_PRICE"",""BEST_OFFER""]",william_t_c_g,https://i.ebayimg.com/images/g/k7oAAeSwN1lqpS~l/s-l225.jpg,https://www.ebay.com/itm/206551955400?_skw=Pikachu+ex+247+Surging+Sparks+Pokemon+card&hash=item301774b7c8:g:k7oAAeSwN1lqpS~l,2026-09-12T23:42:48.395762+00:00
D3-25EF7C9F6B1EC6CF,D3_BLIND_REVIEW,ae4a6acb-3a88-4547-a165-7a617bfb2ce8,cd7798fe-711e-4cad-a015-7139b3d49bf6,Jolteon ex,Prismatic Evolutions,153,special_illustration_rare,v1|327325961940|0,PSA 10 JOLTEON ex 153/131 | Special Illustration Rare Pokemon Card,,Graded,2750,[],"[""FIXED_PRICE""]",poke_stumppy,https://i.ebayimg.com/images/g/1fkAAeSwIf9qjcKX/s-l225.jpg,https://www.ebay.com/itm/327325961940?_skw=Jolteon+ex+153+Prismatic+Evolutions+Pokemon+card&hash=item4c3625ced4:g:1fkAAeSwIf9qjcKX,2026-09-12T23:42:48.395762+00:00
D3-3F0A477445DA2F1C,D3_BLIND_REVIEW,b801a524-e703-4f4c-ad99-1ec742cf30ec,586dac04-6254-4241-b628-b6d3dac61063,Bianca's Devotion,Temporal Forces,209,special_illustration_rare,v1|307039194809|0,Pokémon Bianca's Devotion 209/162 SV05 Full Art Holo Trainer Card,,Ungraded,4000,[],"[""FIXED_PRICE""]",metro253,https://i.ebayimg.com/images/g/uAcAAeSwmGZqRtb5/s-l225.jpg,https://www.ebay.com/itm/307039194809?_skw=Bianca%27s+Devotion+209+Temporal+Forces+Pokemon+card&hash=item477cf64eb9:g:uAcAAeSwmGZqRtb5,2026-09-12T23:42:48.395762+00:00
D3-6B79946831304EEB,D3_BLIND_REVIEW,bf928dd7-24bc-4e16-bb5e-afb8122c3241,311abf3f-15cb-4cb8-995f-1937555c4bdd,Fidough,Scarlet and Violet Base Set,213,illustration_rare,v1|137724714307|0,Fidough 098/198 SV01: Scarlet & Violet Base Set Common NM,,Ungraded,4000,[],"[""FIXED_PRICE"",""BEST_OFFER""]",vishripz,https://i.ebayimg.com/images/g/BrUAAeSw5hJqo~tT/s-l225.jpg,https://www.ebay.com/itm/137724714307?_skw=Fidough+213+Scarlet+and+Violet+Base+Set+Pokemon+card&hash=item2011085d43:g:BrUAAeSw5hJqo~tT,2026-09-12T23:42:48.395762+00:00
D3-4E63A2B3EB5B25A5,D3_BLIND_REVIEW,6a980108-6683-4461-ac9a-c81a27326dee,129a7668-0ba7-4f77-8585-3847e6c3d342,Team Rocket's Mewtwo ex,Destined Rivals,231,special_illustration_rare,v1|267779121262|0,❗️ Team Rocket's Mewtwo Ex 231/182 Pokemon TCG Destined Rivals SIR Holo Rare🔥❗️,,Ungraded,4000,[],"[""FIXED_PRICE"",""BEST_OFFER""]",1_matthall,https://i.ebayimg.com/images/g/1doAAeSwn5Bqn2XU/s-l225.jpg,https://www.ebay.com/itm/267779121262?_skw=Team+Rocket%27s+Mewtwo+ex+231+Destined+Rivals+Pokemon+card&hash=item3e58e1206e:g:1doAAeSwn5Bqn2XU,2026-09-12T23:42:48.395762+00:00
D3-B15221CB60433291,D3_BLIND_REVIEW,7f065a2b-5cab-45c8-8fd8-96d4c07c4ee8,3805ddb2-e4cd-40b3-8a52-82398effa130,Canari,Ascended Heroes,291,special_illustration_rare,v1|407205343362|0,Canari 291/217 Me: Ascended Heroes Secret Illustration Rare Holo: BGS 9,,Graded,2750,[],"[""AUCTION""]",weaverman89,https://i.ebayimg.com/images/g/tocAAeSwvk9qlz9H/s-l225.jpg,https://www.ebay.com/itm/407205343362?_skw=Canari+291+Ascended+Heroes+Pokemon+card&hash=item5ecf547082:g:tocAAeSwvk9qlz9H,2026-09-12T23:42:48.395762+00:00
D3-747608CFD7033123,D3_BLIND_REVIEW,4206e794-1ec6-4d55-94d4-63267ac9a183,9d5ddc90-8f9d-4759-b73d-fff0cd877d73,Mega Dragonite ex,Ascended Heroes,290,special_illustration_rare,v1|227517748876|0,Mega Dragonite ex 290/217 SIR Ascended Heroes Pokemon English NM,,Ungraded,4000,[],"[""FIXED_PRICE"",""BEST_OFFER""]",adj0720,https://i.ebayimg.com/images/g/RncAAeSwSbhqpL5B/s-l225.jpg,https://www.ebay.com/itm/227517748876?_skw=Mega+Dragonite+ex+290+Ascended+Heroes+Pokemon+card&hash=item34f91d568c:g:RncAAeSwSbhqpL5B,2026-09-12T23:42:48.395762+00:00
D3-DE06B02BC6158FEB,D3_BLIND_REVIEW,147a436d-4ccc-43d1-b19a-20b74d2ff723,a86eb8d9-0e89-4e02-879a-d587dbfe0252,Carmine,Twilight Masquerade,217,special_illustration_rare,v1|377456942462|0,Pokemon TCG Carmine 217/167 SV06 Twilight Masquerade SIR Full Art Holo Eng,,Ungraded,4000,[],"[""FIXED_PRICE"",""BEST_OFFER""]",a-classtcg,https://i.ebayimg.com/images/g/iIEAAeSwVf1qk4eg/s-l225.jpg,https://www.ebay.com/itm/377456942462?_skw=Carmine+217+Twilight+Masquerade+Pokemon+card&hash=item57e22fdd7e:g:iIEAAeSwVf1qk4eg,2026-09-12T23:42:48.395762+00:00
D3-A0587F3C30E6A50F,D3_BLIND_REVIEW,828c0d0d-2ede-4bab-bed4-407cd3cf8662,06c45a41-2b44-401a-9703-5c9952f2580f,Mega Gengar ex,Ascended Heroes,284,special_illustration_rare,v1|188403624568|0,Pokemon TCG Mega Gengar Ex 284/217 Special Illustration Rare SIR Ascended Heroes,,Ungraded,4000,[],"[""FIXED_PRICE"",""BEST_OFFER""]",gackt80gackt81,https://i.ebayimg.com/images/g/XJIAAeSwG3xqDeSi/s-l225.jpg,https://www.ebay.com/itm/188403624568?_skw=Mega+Gengar+ex+284+Ascended+Heroes+Pokemon+card&hash=item2bddbb2a78:g:XJIAAeSwG3xqDeSi,2026-09-12T23:42:48.395762+00:00
D3-99EA0A12E86B6752,D3_BLIND_REVIEW,97165c7e-1d85-4962-807e-5661c2115d7d,b592d276-ceb3-4a5e-90d5-d759808b7da3,Furret,Journey Together,168,illustration_rare,v1|397194708266|0,Furret 168/159 Sv09: Journey Together Holo Illustration Rare Pokemon *B3,,Ungraded,4000,[],"[""FIXED_PRICE""]",adjnor,https://i.ebayimg.com/images/g/CkYAAeSwd29o~Sb6/s-l225.jpg,https://www.ebay.com/itm/397194708266?_skw=Furret+168+Journey+Together+Pokemon+card&hash=item5c7aa6452a:g:CkYAAeSwd29o~Sb6,2026-09-12T23:42:48.395762+00:00
D3-90656D54541AD588,D3_BLIND_REVIEW,2cef0dfb-a5fd-4aed-b8ae-34a82f414587,3d276bff-a869-4634-840f-d5eb4f33aa1d,Reshiram ex,White Flare,166,special_illustration_rare,v1|188788433522|0,Pokemon TCG Reshiram ex 166/086 Sv: White Flare EN Holo SIR PSA 10,,Graded,2750,[],"[""FIXED_PRICE"",""BEST_OFFER""]",bubscollectybles,https://i.ebayimg.com/images/g/YcgAAeSwBclqe0KD/s-l225.jpg,https://www.ebay.com/itm/188788433522?_skw=Reshiram+ex+166+White+Flare+Pokemon+card&hash=item2bf4aae272:g:YcgAAeSwBclqe0KD,2026-09-12T23:42:48.395762+00:00
D3-F82B29A9B49F0515,D3_BLIND_REVIEW,0331d96e-d8af-44d3-9552-85f784d9b4ca,720c16f5-5c19-43bc-a711-0ea9e8545aab,Trubbish,White Flare,140,illustration_rare,v1|800406719783|0,Trubbish 140/086 Reverse Holo Common 70 HP English Pokemon TCG White Flare,,Ungraded,4000,[],"[""FIXED_PRICE"",""BEST_OFFER""]",bra_686822,https://i.ebayimg.com/images/g/SSIAAeSwnQxqZPhl/s-l225.jpg,https://www.ebay.com/itm/800406719783?_skw=Trubbish+140+White+Flare+Pokemon+card&hash=itemba5bf54d27:g:SSIAAeSwnQxqZPhl,2026-09-12T23:42:48.395762+00:00
D3-686D150E65EE81F7,D3_BLIND_REVIEW,7f065a2b-5cab-45c8-8fd8-96d4c07c4ee8,3805ddb2-e4cd-40b3-8a52-82398effa130,Canari,Ascended Heroes,291,special_illustration_rare,v1|227307122431|0,Pokemon Ascended Heroes Canari SIR #291 NM,,Ungraded,4000,[],"[""FIXED_PRICE"",""BEST_OFFER""]",broprel0,https://i.ebayimg.com/images/g/IiAAAeSwcg9p5EBU/s-l225.jpg,https://www.ebay.com/itm/227307122431?_skw=Canari+291+Ascended+Heroes+Pokemon+card&hash=item34ec8f6eff:g:IiAAAeSwcg9p5EBU,2026-09-12T23:42:48.395762+00:00
D3-36B134145766302A,D3_BLIND_REVIEW,50f67b41-059d-4c14-842f-8b48fba46bc2,304de4f2-c09c-4d1c-a57e-5b83867aee55,Lt. Surge's Bargain,Mega Evolution,120,uncommon,v1|267746812233|0,Lt. Surge's Bargain 120/132 Uncommon Mega Evolution Pokemon,,Ungraded,4000,[],"[""FIXED_PRICE"",""BEST_OFFER""]",blast5548,https://i.ebayimg.com/images/g/NE4AAeSw87xqcSqn/s-l225.jpg,https://www.ebay.com/itm/267746812233?_skw=Lt.+Surge%27s+Bargain+120+Mega+Evolution+Pokemon+card&hash=item3e56f42149:g:NE4AAeSw87xqcSqn,2026-09-12T23:42:48.395762+00:00
D3-EA625E165F04A9A6,D3_BLIND_REVIEW,7f065a2b-5cab-45c8-8fd8-96d4c07c4ee8,3805ddb2-e4cd-40b3-8a52-82398effa130,Canari,Ascended Heroes,291,special_illustration_rare,v1|178335952540|0,Pokemon TCG - Canari 291/217 - Ascended Heroes - Special Illustration Rare NM-MT,,Ungraded,4000,[],"[""FIXED_PRICE"",""BEST_OFFER""]",derol93,https://i.ebayimg.com/images/g/H6YAAeSwuzZqYWGu/s-l225.jpg,https://www.ebay.com/itm/178335952540?_skw=Canari+291+Ascended+Heroes+Pokemon+card&hash=item2985a6ae9c:g:H6YAAeSwuzZqYWGu,2026-09-12T23:42:48.395762+00:00
D3-B4FC8A662FB12B92,D3_BLIND_REVIEW,cc59d868-d0e5-4557-9423-3f9b7c9d2591,04f90621-b7cb-49bf-b962-8ba0790d6e62,Team Rocket's Giovanni,Destined Rivals,238,special_illustration_rare,v1|398342695613|0,Team Rocket's Giovanni 238/182 Sv10: Destined Rivals Holo,,Ungraded,4000,[],"[""FIXED_PRICE"",""BEST_OFFER""]",traderkin,https://i.ebayimg.com/images/g/714AAeSwbr9qlSi1/s-l225.jpg,https://www.ebay.com/itm/398342695613?_skw=Team+Rocket%27s+Giovanni+238+Destined+Rivals+Pokemon+card&hash=item5cbf132abd:g:714AAeSwbr9qlSi1&amdata=enc%3AAQALAAABEACCtXRWQnOEpyOqnQQ8KGYTYiAgT86NEZKACtKAQt22SGglu7PS90fbNOdG0ArtfQxtHoluXp9eevdBY00MTZAV0vCaxmU%2Bn3RxWtSxYzxiiGRqs7nKXmMfjMdOYWulEd%2F1C2XllJEo2O9XXHdyfHhfkdopwucbw7lG%2BW6CfFc8r1gqCoH1RzVTYTsLQW8uY74c%2BU6xB8UE6VB6DYJFPBv05mSJP81mklydUMOmi6bkInuTBzAObw5%2F4yLcPTy%2FH3xIuzqqwEj3fSicOtISL0iO2Ew%2FsNJcul7GK6tJimgDBOUHyExryDo%2BxQUf8jRF5zRG2Ub2AlnJwTVYaHpOQGT3sP4fZ4NVsx%2FIQFWNAU8S,2026-09-12T23:42:48.395762+00:00
D3-5C8403B45262CD95,D3_BLIND_REVIEW,10a47631-ea19-4b62-8a93-4b1b3e6b3013,780a248c-87ff-4879-955c-3d6bea287aca,Lt. Surge's Bargain,Mega Evolution,185,special_illustration_rare,v1|398069651697|0,Lt. Surge's Bargain 185/132 Me01: Mega Evolution Holo,,Ungraded,4000,[],"[""FIXED_PRICE"",""BEST_OFFER""]",23ironw-15,https://i.ebayimg.com/images/g/NfgAAeSwIVVqMKac/s-l225.jpg,https://www.ebay.com/itm/398069651697?_skw=Lt.+Surge%27s+Bargain+185+Mega+Evolution+Pokemon+card&hash=item5caeccd8f1:g:NfgAAeSwIVVqMKac&amdata=enc%3AAQALAAABEACCtXRWQnOEpyOqnQQ8KGY6ibMC4bgbRAeuM5qJlYJiduCndKNqyHwEbSHrn7hnyLCB2kCO%2Fmnd0%2FtmDqsmlTGF95XktnuepGY3byIopPLauP4SUphDndvRC39g2gXlYiPCx%2FxSqtvVBo4eFK5lYqMFX%2BlmYdiQUkCJg8ASQ0y498vpZlaPFbJ17krgiBjsfOJUEp51ihPGvIJkK1hsb6ifDrNzeUFLFFQxqZHgxH1mEpWUqaPb3%2FmymKr3UPD7GLPTjxW5UqpVcitVENkV3TlRCuSedlgLc052ZV7hweRKIeboh%2FtkMJt49FRGlGm31A0RwgU17AUlOhnYtXTUcYxJeNEWY6V8%2F4BVPDMywOg5,2026-09-12T23:42:48.395762+00:00
D3-23923C2C8B71EFD2,D3_BLIND_REVIEW,97165c7e-1d85-4962-807e-5661c2115d7d,b592d276-ceb3-4a5e-90d5-d759808b7da3,Furret,Journey Together,168,illustration_rare,v1|237027570949|0,Furret 168/159 Illustration Rare Journey Together Pokemon Holo Near Mint,,Ungraded,4000,[],"[""FIXED_PRICE"",""BEST_OFFER""]",hldcards,https://i.ebayimg.com/images/g/U4gAAeSwXSZqjHzY/s-l225.jpg,https://www.ebay.com/itm/237027570949?_skw=Furret+168+Journey+Together+Pokemon+card&hash=item372ff1b505:g:U4gAAeSwXSZqjHzY,2026-09-12T23:42:48.395762+00:00
D3-CF8B1F117A761727,D3_BLIND_REVIEW,ec8fec81-b57d-442a-baf0-91882c40de6e,67ea57e5-8821-4372-ac63-4c6e3f81f261,Team Rocket's Giovanni,Ascended Heroes,204,uncommon,v1|267730740927|0,Team Rocket's Giovanni 204/217 Uncommon Ascended Heroes Pokemon Reverse Holo,,Ungraded,4000,[],"[""FIXED_PRICE"",""BEST_OFFER""]",blast5548,https://i.ebayimg.com/images/g/CgUAAeSw3xtqd69U/s-l225.jpg,https://www.ebay.com/itm/267730740927?_skw=Team+Rocket%27s+Giovanni+204+Ascended+Heroes+Pokemon+card&hash=item3e55fee6bf:g:CgUAAeSw3xtqd69U,2026-09-12T23:42:48.395762+00:00
D3-B4F7328158E99BE7,D3_BLIND_REVIEW,d4ff3ebb-7e40-4a36-88e6-f07af2977641,1424e3da-f59e-47f2-8310-dfad3baf354b,Zekrom ex,Black Bolt,166,special_illustration_rare,v1|358826338232|0,PSA 10 Zekrom ex 166/086 SIR Black Bolt - English Pokemon Card,,Graded,2750,[],"[""FIXED_PRICE""]",mountainpeaktcg,https://i.ebayimg.com/images/g/W3cAAeSwwnlqX6Y5/s-l225.jpg,https://www.ebay.com/itm/358826338232?_skw=Zekrom+ex+166+Black+Bolt+Pokemon+card&hash=item538bb767b8:g:W3cAAeSwwnlqX6Y5,2026-09-12T23:42:48.395762+00:00
D3-765807C90DEC188D,D3_BLIND_REVIEW,c7e36a14-236f-4b93-a4a8-a4be2ddc7193,590cc9ca-0f7d-413e-ae31-68433716e01b,Mega Lucario ex,Mega Evolution,179,special_illustration_rare,v1|168434211742|0,Mega Lucario EX 179/132 Mega Evolutions Special Illustration,,Ungraded,4000,[],"[""FIXED_PRICE"",""BEST_OFFER""]",bankofgoode2022,https://i.ebayimg.com/images/g/M2YAAeSwYe5qI1kW/s-l225.jpg,https://www.ebay.com/itm/168434211742?_skw=Mega+Lucario+ex+179+Mega+Evolution+Pokemon+card&hash=item2737761b9e:g:M2YAAeSwYe5qI1kW,2026-09-12T23:42:48.395762+00:00
D3-997CD0BA0CDD821F,D3_BLIND_REVIEW,21e9ddc5-2751-4886-9e08-a1c6e2cc14e4,53abbd65-a601-4185-b08c-3721e963fa3d,Kyurem ex,Black Bolt,165,special_illustration_rare,v1|820095629910|0,2025 Black Bolt Kyurem EX SIR PSA 10 #165,,Graded,2750,[],"[""FIXED_PRICE"",""BEST_OFFER""]",thecardshop518,https://i.ebayimg.com/images/g/v1EAAeSwsoRqneHa/s-l225.jpg,https://www.ebay.com/itm/820095629910?_skw=Kyurem+ex+165+Black+Bolt+Pokemon+card&hash=itembef1823a56:g:v1EAAeSwsoRqneHa,2026-09-12T23:42:48.395762+00:00
D3-1324E195A943F0FD,D3_BLIND_REVIEW,6a2b87e5-f90b-48f4-be30-a77258bee660,36134e45-4899-474f-88f0-b540ba618b49,Marill,Paldea Evolved,204,illustration_rare,v1|820116572763|0,The Pokémon Company 2023 Paldea Evolved Marill 204/193 IR Full Art Holo EN,,Ungraded,4000,[],"[""FIXED_PRICE"",""BEST_OFFER""]",andcor-41,https://i.ebayimg.com/images/g/9ZUAAeSwtLZqpLZQ/s-l225.jpg,https://www.ebay.com/itm/820116572763?_skw=Marill+204+Paldea+Evolved+Pokemon+card&hash=itembef2c1ca5b:g:9ZUAAeSwtLZqpLZQ,2026-09-12T23:42:48.395762+00:00
D3-95F68CE9444BE8BB,D3_BLIND_REVIEW,25638dbd-2434-4a4f-ba0d-dcf3e3e114ca,b3f17a3e-c2cb-447e-8873-c5970a4372c9,Clemont's Quick Wit,Surging Sparks,243,special_illustration_rare,v1|136490987954|0,Clemont's Quick Wit - Special Illustration Rare SV08: Surging Sparks 243/191 NM,,Ungraded,4000,[],"[""FIXED_PRICE""]",gnzcollect,https://i.ebayimg.com/images/g/0wsAAeSwgnxoz5w9/s-l225.jpg,https://www.ebay.com/itm/136490987954?_skw=Clemont%27s+Quick+Wit+243+Surging+Sparks+Pokemon+card&hash=item1fc77f31b2:g:0wsAAeSwgnxoz5w9,2026-09-12T23:42:48.395762+00:00
D3-88E0DE6DE7DE36AF,D3_BLIND_REVIEW,a922341e-4646-470b-95cf-2a59055b18ce,2bf9f356-230d-42e8-99e7-0b10161b9392,Spidops ex,Scarlet and Violet Base Set,243,special_illustration_rare,v1|318801447075|0,Pokemon TCG Spidops ex SV01 Scarlet & Violet 019/198 Holo Double Rare HP 260,,Ungraded,4000,[],"[""FIXED_PRICE"",""BEST_OFFER""]",nayo-3424,https://i.ebayimg.com/images/g/O4UAAeSwfE5qcsta/s-l225.jpg,https://www.ebay.com/itm/318801447075?_skw=Spidops+ex+243+Scarlet+and+Violet+Base+Set+Pokemon+card&hash=item4a3a0c08a3:g:O4UAAeSwfE5qcsta,2026-09-12T23:42:48.395762+00:00
D3-1141E12C134EC226,D3_BLIND_REVIEW,b547c5c3-7082-4a7f-9290-3d569b91b462,2c272732-fdb3-4639-aa6b-ea9fa3ad9c24,Team Rocket's Giovanni,Destined Rivals,225,ultra_rare,v1|336748857314|0,Pokemon Team Rocket's Giovanni 225/182 Destined Rivals Pokemon Holo NM,,Ungraded,4000,[],"[""FIXED_PRICE"",""BEST_OFFER""]",theparadisecards,https://i.ebayimg.com/images/g/XDwAAeSwsUZqTDzn/s-l225.jpg,https://www.ebay.com/itm/336748857314?_skw=Team+Rocket%27s+Giovanni+225+Destined+Rivals+Pokemon+card&hash=item4e67cbc7e2:g:XDwAAeSwsUZqTDzn,2026-09-12T23:42:48.395762+00:00
D3-FEEFED8BF4B79631,D3_BLIND_REVIEW,3baf2f12-759f-427a-b8d0-2511e639310f,886acc91-d523-4628-bb4a-6ef8db1d8543,Mega Gardevoir ex,Mega Evolution,187,mega_hyper_rare,v1|206168837323|0,Pokemon TCG Mega Evolution - Mega Gardevoir ex 187/132 - Mega Hyper Rare,,Ungraded,4000,[],"[""FIXED_PRICE"",""BEST_OFFER""]",broole_5351,https://i.ebayimg.com/images/g/h2oAAeSwPO5pxS-N/s-l225.jpg,https://www.ebay.com/itm/206168837323?_skw=Mega+Gardevoir+ex+187+Mega+Evolution+Pokemon+card&hash=item30009ecccb:g:h2oAAeSwPO5pxS-N,2026-09-12T23:42:48.395762+00:00
D3-7C550043269A2525,D3_BLIND_REVIEW,0331d96e-d8af-44d3-9552-85f784d9b4ca,720c16f5-5c19-43bc-a711-0ea9e8545aab,Trubbish,White Flare,140,illustration_rare,v1|158137688212|0,Pokémon White Flare 140/086 Trubbish Illustration Rare Holo M/NM,,Ungraded,4000,[],"[""FIXED_PRICE"",""BEST_OFFER""]",bmc_games,https://i.ebayimg.com/images/g/v0oAAeSwINxqbCzd/s-l225.jpg,https://www.ebay.com/itm/158137688212?_skw=Trubbish+140+White+Flare+Pokemon+card&hash=item24d1bda094:g:v0oAAeSwINxqbCzd,2026-09-12T23:42:48.395762+00:00
D3-6C478159A1A4BD5A,D3_BLIND_REVIEW,4299cd6b-98e3-4e65-865f-26a39b19fe5b,041717c6-a2b6-40d1-867a-b1abb1d65ec8,Durant ex,Surging Sparks,236,special_illustration_rare,v1|407189175943|0,Durant ex Holo Special Illustration Rare SV08: Surging Sparks 236/191 NM,,Ungraded,4000,[],"[""FIXED_PRICE""]",abespokeporch,https://i.ebayimg.com/images/g/RUEAAeSw5rdqmN~d/s-l225.jpg,https://www.ebay.com/itm/407189175943?_skw=Durant+ex+236+Surging+Sparks+Pokemon+card&hash=item5ece5dbe87:g:RUEAAeSw5rdqmN~d,2026-09-12T23:42:48.395762+00:00
D3-D3918BBEE2F7BF50,D3_BLIND_REVIEW,10a47631-ea19-4b62-8a93-4b1b3e6b3013,780a248c-87ff-4879-955c-3d6bea287aca,Lt. Surge's Bargain,Mega Evolution,185,special_illustration_rare,v1|146982692354|0,Pokémon TCG Lt. Surge’s Bargain Trainer 185/132 Mega Evolution,,Ungraded,4000,[],"[""FIXED_PRICE"",""BEST_OFFER""]",carter71johnson,https://i.ebayimg.com/images/g/yVMAAeSwlURpIs2N/s-l225.jpg,https://www.ebay.com/itm/146982692354?_skw=Lt.+Surge%27s+Bargain+185+Mega+Evolution+Pokemon+card&hash=item2238d9e602:g:yVMAAeSwlURpIs2N,2026-09-12T23:42:48.395762+00:00
D3-F7121A2D28C075DC,D3_BLIND_REVIEW,301185dd-2bde-4699-80bd-8b2a3cfd8f7f,af28bc66-9c8b-4dbb-bf83-fa6215bd26f0,Pikachu ex,Ascended Heroes,276,special_illustration_rare,v1|318826606297|0,Pikachu ex 276/217 Me: Ascended Heroes Holo NM Fresh out of Pack,,Ungraded,4000,[],"[""FIXED_PRICE""]",2fst4u2c,https://i.ebayimg.com/images/g/xG4AAeSwicFqlmjt/s-l225.jpg,https://www.ebay.com/itm/318826606297?_skw=Pikachu+ex+276+Ascended+Heroes+Pokemon+card&hash=item4a3b8beed9:g:xG4AAeSwicFqlmjt,2026-09-12T23:42:48.395762+00:00
D3-A3479259D018ED0C,D3_BLIND_REVIEW,740ad74c-8c0c-411f-9ec7-2c734210b8f1,e8c344f6-9bee-4ad6-8356-63ee4e2988cf,Arbok,Temporal Forces,101,common,v1|198536291545|0,ARBOK 101/162 - REVERSE HOLO C - TEMPORAL FORCES - NM/M,,Ungraded,4000,[],"[""FIXED_PRICE"",""BEST_OFFER""]",402poke,https://i.ebayimg.com/images/g/dZUAAeSw2JtqcjWF/s-l225.jpg,https://www.ebay.com/itm/198536291545?_skw=Arbok+101+Temporal+Forces+Pokemon+card&hash=item2e39af64d9:g:dZUAAeSw2JtqcjWF,2026-09-12T23:42:48.395762+00:00
D3-698F830BCB6D312B,D3_BLIND_REVIEW,0b81872e-b089-49e9-aec3-16a535b12efb,0057b67c-a140-400c-b308-2a6d046cb043,Haxorus,Black Bolt,147,illustration_rare,v1|267779864142|0,Haxorus 147/086 Sv: Black Bolt Holo-Near Mint,,Ungraded,4000,[],"[""FIXED_PRICE""]",5_star_cards,https://i.ebayimg.com/images/g/D1kAAeSwyYNqoILj/s-l225.jpg,https://www.ebay.com/itm/267779864142?_skw=Haxorus+147+Black+Bolt+Pokemon+card&hash=item3e58ec764e:g:D1kAAeSwyYNqoILj,2026-09-12T23:42:48.395762+00:00
D3-BCA866A4AAB0B725,D3_BLIND_REVIEW,2e5780f8-1769-4d26-9e3e-87e4a27d4dfe,09b7c446-d89f-4a64-b721-bc1293308747,Dachsbun ex,Stellar Crown,169,special_illustration_rare,v1|800582420916|0,Pokemon Dachsbun ex 169/142 Stellar Crown Special Illustration Rare Holo NM,,Ungraded,4000,[],"[""FIXED_PRICE"",""BEST_OFFER""]",bourbon_bullion_coins,https://i.ebayimg.com/images/g/~SkAAeSwZPBqhMRh/s-l225.jpg,https://www.ebay.com/itm/800582420916?_skw=Dachsbun+ex+169+Stellar+Crown+Pokemon+card&hash=itemba666e49b4:g:~SkAAeSwZPBqhMRh,2026-09-12T23:42:48.395762+00:00
D3-58D406EFFBA8932A,D3_BLIND_REVIEW,3755e7ef-e482-4186-8377-e717f80b3759,aa88bdd2-2ebe-4f9b-b53b-ab077c63f98c,Secret Box,Twilight Masquerade,163,ace_spec,v1|398261515738|0,SV06: Twilight Masquerade #163/167 Secret Box,,Ungraded,4000,[],"[""FIXED_PRICE"",""BEST_OFFER""]",2ndalarmcardss,https://i.ebayimg.com/images/g/dWwAAeSwSJFqd5wA/s-l225.jpg,https://www.ebay.com/itm/398261515738?_skw=Secret+Box+163+Twilight+Masquerade+Pokemon+card&hash=item5cba3c75da:g:dWwAAeSwSJFqd5wA,2026-09-12T23:42:48.395762+00:00
D3-4E98B2D28634D2A8,D3_BLIND_REVIEW,97165c7e-1d85-4962-807e-5661c2115d7d,b592d276-ceb3-4a5e-90d5-d759808b7da3,Furret,Journey Together,168,illustration_rare,v1|800275356939|0,NM Furret 168/159 Holo Illustration Rare Journey Together Pokemon 2025,,Ungraded,4000,[],"[""FIXED_PRICE""]",caiman_collectibles,https://i.ebayimg.com/images/g/W3YAAeSwih1qRdJd/s-l225.jpg,https://www.ebay.com/itm/800275356939?_skw=Furret+168+Journey+Together+Pokemon+card&hash=itemba5420dd0b:g:W3YAAeSwih1qRdJd,2026-09-12T23:42:48.395762+00:00
D3-EE9E04DD2741C04E,D3_BLIND_REVIEW,9f323989-e972-4a9e-9e7b-3166e85d0690,0f3466bf-92b1-4d3d-913b-181fcec68996,Mega Feraligatr ex,Ascended Heroes,274,special_illustration_rare,v1|336776565325|0,PSA 9 Mega Feraligatr Ex Special Illustration 274 2026 Ascended Heroes 167467890,,Graded,2750,[],"[""FIXED_PRICE"",""BEST_OFFER""]",kb3777,https://i.ebayimg.com/images/g/uyYAAeSwiTNqmaCb/s-l225.jpg,https://www.ebay.com/itm/336776565325?_skw=Mega+Feraligatr+ex+274+Ascended+Heroes+Pokemon+card&hash=item4e6972924d:g:uyYAAeSwiTNqmaCb,2026-09-12T23:42:48.395762+00:00
D3-0FE02862E25EE4F7,D3_BLIND_REVIEW,018c983e-b1d0-41df-880e-ebf3f2e2fb12,4eb8f140-a9c3-41c4-85aa-c2f6b7131746,Penny,Scarlet and Violet Base Set,252,special_illustration_rare,v1|820036613376|0,Penny Holo 252/198 Special Illustration Rare Scarlet & Violet Pokemon NM,,Ungraded,4000,[],"[""FIXED_PRICE""]",nextgencollect,https://i.ebayimg.com/images/g/mnAAAeSwOCtqimDX/s-l225.jpg,https://www.ebay.com/itm/820036613376?_skw=Penny+252+Scarlet+and+Violet+Base+Set+Pokemon+card&hash=itembeedfdb500:g:mnAAAeSwOCtqimDX,2026-09-12T23:42:48.395762+00:00
D3-8A0C591480520F3D,D3_BLIND_REVIEW,4299cd6b-98e3-4e65-865f-26a39b19fe5b,041717c6-a2b6-40d1-867a-b1abb1d65ec8,Durant ex,Surging Sparks,236,special_illustration_rare,v1|307098136898|0,Surging Sparks Durant ex 236/191 NM Special Illustration Rare,,Ungraded,4000,[],"[""FIXED_PRICE""]",scantycards,https://i.ebayimg.com/images/g/k7oAAeSwms5qbNO0/s-l225.jpg,https://www.ebay.com/itm/307098136898?_skw=Durant+ex+236+Surging+Sparks+Pokemon+card&hash=item478079b142:g:k7oAAeSwms5qbNO0,2026-09-12T23:42:48.395762+00:00
D3-A5A5800C4A54ABD1,D3_BLIND_REVIEW,a922341e-4646-470b-95cf-2a59055b18ce,2bf9f356-230d-42e8-99e7-0b10161b9392,Spidops ex,Scarlet and Violet Base Set,243,special_illustration_rare,v1|406799070312|0,Pokémon Spidops EX TCG Scarlet & Violet Base Set Holo Ultra Rare Card 223/198,,Ungraded,4000,[],"[""FIXED_PRICE"",""BEST_OFFER""]",everibodisells,https://i.ebayimg.com/images/g/1gQAAeSw8Jdpw3OX/s-l225.jpg,https://www.ebay.com/itm/406799070312?_skw=Spidops+ex+243+Scarlet+and+Violet+Base+Set+Pokemon+card&hash=item5eb71d3468:g:1gQAAeSw8Jdpw3OX,2026-09-12T23:42:48.395762+00:00
D3-9DDD1A0D97597F11,D3_BLIND_REVIEW,d4ff3ebb-7e40-4a36-88e6-f07af2977641,1424e3da-f59e-47f2-8310-dfad3baf354b,Zekrom ex,Black Bolt,166,special_illustration_rare,v1|147511937841|0,The Pokémon Company Zekrom ex 166/086 SV: Black Bolt EN Holo SIR BGS 10,,Graded,2750,[],"[""FIXED_PRICE"",""BEST_OFFER""]",drdu-32,https://i.ebayimg.com/images/g/uTkAAeSwpfhqg8PA/s-l225.jpg,https://www.ebay.com/itm/147511937841?_skw=Zekrom+ex+166+Black+Bolt+Pokemon+card&hash=item2258658b31:g:uTkAAeSwpfhqg8PA,2026-09-12T23:42:48.395762+00:00
D3-3195774A971DD1A9,D3_BLIND_REVIEW,147a436d-4ccc-43d1-b19a-20b74d2ff723,a86eb8d9-0e89-4e02-879a-d587dbfe0252,Carmine,Twilight Masquerade,217,special_illustration_rare,v1|366521407693|0,CARMINE PSA 10 2024 POKEMON SV TWILIGHT MASQUERADE - TWM EN #217/167 SIR GEM 606,,Graded,2750,[],"[""FIXED_PRICE""]",max.818,https://i.ebayimg.com/images/g/8A0AAeSwTidqSLL0/s-l225.jpg,https://www.ebay.com/itm/366521407693?_skw=Carmine+217+Twilight+Masquerade+Pokemon+card&hash=item555660d8cd:g:8A0AAeSwTidqSLL0,2026-09-12T23:42:48.395762+00:00
D3-F6CA30CE6B2FEBA8,D3_BLIND_REVIEW,3755e7ef-e482-4186-8377-e717f80b3759,aa88bdd2-2ebe-4f9b-b53b-ab077c63f98c,Secret Box,Twilight Masquerade,163,ace_spec,v1|178478284332|0,SECRET BOX 163/167 ACE SPEC TWILIGHT MASQUERADE POKEMON HOLO NM/M HOLO,,Ungraded,4000,[],"[""FIXED_PRICE"",""BEST_OFFER""]",2sick_tcg,https://i.ebayimg.com/images/g/DLcAAeSwNdtqn66V/s-l225.jpg,https://www.ebay.com/itm/178478284332?_skw=Secret+Box+163+Twilight+Masquerade+Pokemon+card&hash=item298e227e2c:g:DLcAAeSwNdtqn66V,2026-09-12T23:42:48.395762+00:00
D3-876E19CEDC3E552C,D3_BLIND_REVIEW,7f065a2b-5cab-45c8-8fd8-96d4c07c4ee8,3805ddb2-e4cd-40b3-8a52-82398effa130,Canari,Ascended Heroes,291,special_illustration_rare,v1|206443229376|0,Canari 291/217 Special Illustration Rare Full Art Holo Ascending Heroes 2025,,Ungraded,4000,[],"[""FIXED_PRICE""]",quadsquadrips22,https://i.ebayimg.com/images/g/Y6wAAeSw5oRqZlIa/s-l225.jpg,https://www.ebay.com/itm/206443229376?_skw=Canari+291+Ascended+Heroes+Pokemon+card&hash=item3010f9b0c0:g:Y6wAAeSw5oRqZlIa,2026-09-12T23:42:48.395762+00:00
D3-17554B5274EC9520,D3_BLIND_REVIEW,605a2c1a-6a14-463e-b1e2-b55cd9c16244,14ea6011-0e3d-4eff-ac53-6b13e2976a71,Krookodile,Black Bolt,137,illustration_rare,v1|318749237015|0,Krookodile 137/086 Holo Illustration Rare Black Bolt Pokemon NM,,Ungraded,4000,[],"[""FIXED_PRICE""]",illtcg,https://i.ebayimg.com/images/g/PhsAAeSwzadqhH0k/s-l225.jpg,https://www.ebay.com/itm/318749237015?_skw=Krookodile+137+Black+Bolt+Pokemon+card&hash=item4a36ef5f17:g:PhsAAeSwzadqhH0k,2026-09-12T23:42:48.395762+00:00
D3-B9512F1DEB52D0C9,D3_BLIND_REVIEW,d4ff3ebb-7e40-4a36-88e6-f07af2977641,1424e3da-f59e-47f2-8310-dfad3baf354b,Zekrom ex,Black Bolt,166,special_illustration_rare,v1|327346938813|0,PSA 10 ZEKROM ex 166/086 | Black Bolt Special Illustration Rare Pokemon Card,,Graded,2750,[],"[""FIXED_PRICE""]",poke_stumppy,https://i.ebayimg.com/images/g/ftcAAeSwgRBqnu5e/s-l225.jpg,https://www.ebay.com/itm/327346938813?_skw=Zekrom+ex+166+Black+Bolt+Pokemon+card&hash=item4c3765e3bd:g:ftcAAeSwgRBqnu5e,2026-09-12T23:42:48.395762+00:00
D3-9B7207D1E85224E8,D3_BLIND_REVIEW,10a47631-ea19-4b62-8a93-4b1b3e6b3013,780a248c-87ff-4879-955c-3d6bea287aca,Lt. Surge's Bargain,Mega Evolution,185,special_illustration_rare,v1|407015882139|0,Pokemon Lt. Surge's Bargain 185/132 . Mega Evolutions,,Ungraded,4000,[],"[""FIXED_PRICE""]",iocastle,https://i.ebayimg.com/images/g/zQkAAeSw~4xqNw-~/s-l225.jpg,https://www.ebay.com/itm/407015882139?_skw=Lt.+Surge%27s+Bargain+185+Mega+Evolution+Pokemon+card&hash=item5ec4097d9b:g:zQkAAeSw~4xqNw-~,2026-09-12T23:42:48.395762+00:00
D3-B4A0AA245FDD3A77,D3_BLIND_REVIEW,301185dd-2bde-4699-80bd-8b2a3cfd8f7f,af28bc66-9c8b-4dbb-bf83-fa6215bd26f0,Pikachu ex,Ascended Heroes,276,special_illustration_rare,v1|397876491070|0,Pikachu ex - 276/217 - ME: Ascended Heroes (ASC) In Extended Art Frame,,Ungraded,4000,[],"[""FIXED_PRICE"",""BEST_OFFER""]",akimill0,https://i.ebayimg.com/images/g/eFIAAeSwVRdp66Gl/s-l225.jpg,https://www.ebay.com/itm/397876491070?_skw=Pikachu+ex+276+Ascended+Heroes+Pokemon+card&hash=item5ca349733e:g:eFIAAeSwVRdp66Gl,2026-09-12T23:42:48.395762+00:00
D3-73C1C141100F891A,D3_BLIND_REVIEW,829b12ba-c7f5-4796-9a57-a2a2463c8461,0fc5990b-19e3-4716-b616-b221acc480a6,Houndour,Obsidian Flames,204,illustration_rare,v1|820087556697|0,2023 POKEMON SV OBSIDIAN FLAMES - OBF EN #204/197 HOUNDOUR ILLUSTRATION RARE,,Ungraded,4000,[],"[""AUCTION""]",4_sharp_corners_raw,https://i.ebayimg.com/images/g/W30AAeSwvSNqmwLv/s-l225.jpg,https://www.ebay.com/itm/820087556697?_skw=Houndour+204+Obsidian+Flames+Pokemon+card&hash=itembef1070a59:g:W30AAeSwvSNqmwLv,2026-09-12T23:42:48.395762+00:00
D3-DCB68EF0DEFB170B,D3_BLIND_REVIEW,55096ab6-1773-47c4-bbff-20c1db011223,9f4a2888-2f11-47aa-a5c5-2ccac8ca7c71,Victini,Black Bolt,171,rare,v1|257675891503|0,Pokemon TCG Victini 012/86 Black Bolt Rev Holo NM,,Ungraded,4000,[],"[""FIXED_PRICE""]",mr_redrose12321,https://i.ebayimg.com/images/g/QeQAAeSwbqVqfEOA/s-l225.jpg,https://www.ebay.com/itm/257675891503?_skw=Victini+171+Black+Bolt+Pokemon+card&hash=item3bfeae132f:g:QeQAAeSwbqVqfEOA,2026-09-12T23:42:48.395762+00:00
D3-3663CD20EB9B233F,D3_BLIND_REVIEW,31566cbb-0eeb-499e-aa6d-b9b0bd85fc8b,fc81462a-2c3e-4b7a-a7be-ad7f88d98ace,Mega Greninja ex,Chaos Rising,122,mega_hyper_rare,v1|178380077751|0,Mega Greninja ex 122/086 Chaos Rising Holo,,Ungraded,4000,[],"[""FIXED_PRICE"",""BEST_OFFER""]",acarv_collects,https://i.ebayimg.com/images/g/YQEAAeSwDp1qdKi0/s-l225.jpg,https://www.ebay.com/itm/178380077751?_skw=Mega+Greninja+ex+122+Chaos+Rising+Pokemon+card&hash=item298847fab7:g:YQEAAeSwDp1qdKi0,2026-09-12T23:42:48.395762+00:00
D3-4D319717EA4D8095,D3_BLIND_REVIEW,018c983e-b1d0-41df-880e-ebf3f2e2fb12,4eb8f140-a9c3-41c4-85aa-c2f6b7131746,Penny,Scarlet and Violet Base Set,252,special_illustration_rare,v1|287082437405|0,SV01: Scarlet & Violet Base Set #252/198 Penny,,Ungraded,4000,[],"[""FIXED_PRICE""]",ajvcollectibles,https://i.ebayimg.com/images/g/sBcAAeSwnINpa~j6/s-l225.jpg,https://www.ebay.com/itm/287082437405?_skw=Penny+252+Scarlet+and+Violet+Base+Set+Pokemon+card&hash=item42d7725b1d:g:sBcAAeSwnINpa~j6,2026-09-12T23:42:48.395762+00:00
D3-C7B3BB51E17C0077,D3_BLIND_REVIEW,55096ab6-1773-47c4-bbff-20c1db011223,9f4a2888-2f11-47aa-a5c5-2ccac8ca7c71,Victini,Black Bolt,171,rare,v1|820107356010|0,Pokemon Victini Black Bolt White Flare Red 171/086 PSA 10 Monochrome Card,,Graded,2750,[],"[""AUCTION""]",therealcobaltfrog,https://i.ebayimg.com/images/g/55IAAeSwsHhqoakk/s-l225.jpg,https://www.ebay.com/itm/820107356010?_skw=Victini+171+Black+Bolt+Pokemon+card&hash=itembef235276a:g:55IAAeSwsHhqoakk,2026-09-12T23:42:48.395762+00:00
D3-53BB344328E4650E,D3_BLIND_REVIEW,75720435-3807-46b6-b3da-5e1c53b77822,9ad0c133-f133-45ab-9b3f-494199354e20,Mega Darkrai ex,Pitch Black,116,special_illustration_rare,v1|298662785565|0,Mega Darkrai EX 116/084 Pitch Black Special Illustration Rare Holo Pokeman Card,,Ungraded,4000,[],"[""FIXED_PRICE"",""BEST_OFFER""]",1913collection,https://i.ebayimg.com/images/g/00oAAeSwb7dqozhc/s-l225.jpg,https://www.ebay.com/itm/298662785565?_skw=Mega+Darkrai+ex+116+Pitch+Black+Pokemon+card&hash=item4589b0721d:g:00oAAeSwb7dqozhc&amdata=enc%3AAQALAAABEACCtXRWQnOEpyOqnQQ8KGbee8zj1CgQLkf2H%2FdUSwteRB5KP%2BHQKLvA4eQMFm6HuC4vV6uIsv1afb4mAjcYeDlyhfVCb%2BDQfxAzMk1XS293AWYAFlE5llf6T4D%2BuVlS6I6k56ceO7RoXOD84ZUDWx2EDjh4HZ4Cx5r0mcq5yjKbvabEF5MUTV%2FXDhDRXhSqF%2BPQBr2AnLZk0AWPeVJhE1b4%2F63DtQy6ta559Bx1H%2FmavwS1xNuP61AA%2Fecix19%2FDKx3wweJ5WVylARb7x%2FgCCMQHODq8CyvSjurCfWtf74i10zi%2BqWdpwzL%2FiDeNanEeNXtqvBq6GFmEOjuv34OMwsdQu5UiBf2KZ%2F6xOHwf6BT,2026-09-12T23:42:48.395762+00:00
D3-832FB74D737DE021,D3_BLIND_REVIEW,b3020b76-9ff0-449a-85b8-924878fa0e8b,b70cd4ec-81c4-4e81-a677-901a43af62d9,Archeops,White Flare,132,illustration_rare,v1|397121094750|0,Pokémon TCG Archeops 132/086 White Flare Illustration Rare Card NM Condition,,Ungraded,4000,[],"[""FIXED_PRICE"",""BEST_OFFER""]",lestela0,https://i.ebayimg.com/images/g/-TEAAeSwjmBo4IKI/s-l225.jpg,https://www.ebay.com/itm/397121094750?_skw=Archeops+132+White+Flare+Pokemon+card&hash=item5c7643045e:g:-TEAAeSwjmBo4IKI,2026-09-12T23:42:48.395762+00:00
D3-8407EA1313C8565D,D3_BLIND_REVIEW,828c0d0d-2ede-4bab-bed4-407cd3cf8662,06c45a41-2b44-401a-9703-5c9952f2580f,Mega Gengar ex,Ascended Heroes,284,special_illustration_rare,v1|298553808944|0,Mega Gengar EX 284/217 SIR Special Illustration Rare Ascended Heroes (2),,Ungraded,4000,[],"[""FIXED_PRICE"",""BEST_OFFER""]",1upgamesga,https://i.ebayimg.com/images/g/krAAAeSwJaRqb45L/s-l225.jpg,https://www.ebay.com/itm/298553808944?_skw=Mega+Gengar+ex+284+Ascended+Heroes+Pokemon+card&hash=item4583319830:g:krAAAeSwJaRqb45L,2026-09-12T23:42:48.395762+00:00
D3-7DCDE9A6D9D6830B,D3_BLIND_REVIEW,f01e01fe-17e4-48b7-8ba3-9a88f876acd4,7c3e24f9-be0e-4de8-86fc-9fb913792294,Meowth,Phantasmal Flames,106,illustration_rare,v1|800568617031|0,Pokémon Tcg Meowth Illustration Rare Phantasmal Flames 106/094,,Ungraded,4000,[],"[""FIXED_PRICE"",""BEST_OFFER""]",adriaocho_2,https://i.ebayimg.com/images/g/VZEAAeSwpyFqj4z2/s-l225.jpg,https://www.ebay.com/itm/800568617031?_skw=Meowth+106+Phantasmal+Flames+Pokemon+card&hash=itemba659ba847:g:VZEAAeSwpyFqj4z2,2026-09-12T23:42:48.395762+00:00
D3-E0C32BBECA9AF6C1,D3_BLIND_REVIEW,e26de7b7-434e-4bec-8fc2-fb15b971b1a7,44b0372c-396d-43e9-84bb-afad2d04128f,Jamming Tower,Ascended Heroes,261,ultra_rare,v1|389794472361|0,Pokémon TCG Jamming Tower 261/217 Ascended Heroes Holo Ultra Rare NM,,Ungraded,4000,[],"[""FIXED_PRICE"",""BEST_OFFER""]",akada_b,https://i.ebayimg.com/images/g/D5sAAeSwbCppwxnB/s-l225.jpg,https://www.ebay.com/itm/389794472361?_skw=Jamming+Tower+261+Ascended+Heroes+Pokemon+card&hash=item5ac18fa1a9:g:D5sAAeSwbCppwxnB&amdata=enc%3AAQALAAABEACCtXRWQnOEpyOqnQQ8KGaCyYGIfwMBCpR%2FzCIUPLprz4wyfBVISW5ur835RbSJP9zDCm8R6iahiU9bjn%2B7tIu94yGpN0aXp5CUMHaJ5LLhWUDxOcSBtcDqoojgmRa3iiDjzTyQgFYScX%2BO7boHc8tmWaUVAJiyzSU3lvFHU7tHlXmN8htaHn%2FXSmsc54itMyoDSl%2FxqooRK24C2ux%2FBPcOqqm99UYzlsIQvqHCfunRl3VGmmfqGEpgLfY61mnrmX%2Fbhsc3DwLyORSVNyH3HqpIypgG%2FMsNTLL03GkrRXnP5ddaKsXZXc0Zc8%2BcNIllkgL30EUEbKp1fPgaqR3HXuheousECS9d9k8euHNvRqXP,2026-09-12T23:42:48.395762+00:00
D3-0B172D2C87F68AE3,D3_BLIND_REVIEW,d12a209b-06a3-4b46-82d3-a374e6bbe7b4,d0d523dc-3f95-4bbc-beb6-75b3d2a15cae,Grafaiai,Paldea Evolved,223,illustration_rare,v1|398371085088|0,Grafaiai 223/193 Sv02: Paldea Evolved Holo RARE,,Ungraded,4000,[],"[""FIXED_PRICE"",""BEST_OFFER""]",bambam_3967,https://i.ebayimg.com/images/g/rPkAAeSw73Zqn0j~/s-l225.jpg,https://www.ebay.com/itm/398371085088?_skw=Grafaiai+223+Paldea+Evolved+Pokemon+card&hash=item5cc0c45b20:g:rPkAAeSw73Zqn0j~,2026-09-12T23:42:48.395762+00:00
D3-2B15BF38C56547DE,D3_BLIND_REVIEW,c7e36a14-236f-4b93-a4a8-a4be2ddc7193,590cc9ca-0f7d-413e-ae31-68433716e01b,Mega Lucario ex,Mega Evolution,179,special_illustration_rare,v1|198621324220|0,Mega Lucario EX 179/132 Me01 Mega Evolution Full Art Holo English HP 340,,Ungraded,4000,[],"[""FIXED_PRICE"",""BEST_OFFER""]",carbjuajua,https://i.ebayimg.com/images/g/kwoAAeSwjh5qnKaQ/s-l225.jpg,https://www.ebay.com/itm/198621324220?_skw=Mega+Lucario+ex+179+Mega+Evolution+Pokemon+card&hash=item2e3ec0e3bc:g:kwoAAeSwjh5qnKaQ,2026-09-12T23:42:48.395762+00:00
D3-9D0BE581D6646CEA,D3_BLIND_REVIEW,25638dbd-2434-4a4f-ba0d-dcf3e3e114ca,b3f17a3e-c2cb-447e-8873-c5970a4372c9,Clemont's Quick Wit,Surging Sparks,243,special_illustration_rare,v1|297813094952|0,Clemont's Quick Wit 243/191-Surging Sparks-Illustration Pokemon TCG,,Ungraded,4000,[],"[""FIXED_PRICE"",""BEST_OFFER""]",lonestone1,https://i.ebayimg.com/images/g/dh8AAeSwyt1pL3V7/s-l225.jpg,https://www.ebay.com/itm/297813094952?_skw=Clemont%27s+Quick+Wit+243+Surging+Sparks+Pokemon+card&hash=item45570b3228:g:dh8AAeSwyt1pL3V7,2026-09-12T23:42:48.395762+00:00
D3-10B702F966F71B2B,D3_BLIND_REVIEW,152906c9-3b9f-4f16-bb22-cb4241c7386b,20ddd5ca-77ef-4e3c-a018-ea4c7a44913a,Giovanni's Charisma,Scarlet and Violet 151,204,special_illustration_rare,v1|358906163010|0,Giovanni's Charisma Holo Ultra Rare SV: Scarlet & Violet 151 197/165 NM,,Ungraded,4000,[],"[""FIXED_PRICE"",""BEST_OFFER""]",makychutcg,https://i.ebayimg.com/images/g/qfgAAeSwvmNqeScv/s-l225.jpg,https://www.ebay.com/itm/358906163010?_skw=Giovanni%27s+Charisma+204+Scarlet+and+Violet+151+Pokemon+card&hash=item5390796f42:g:qfgAAeSwvmNqeScv,2026-09-12T23:42:48.395762+00:00
D3-FD9E65EBFD03D41A,D3_BLIND_REVIEW,64c0404b-826f-493d-9c10-738b2b56eca4,9f6c24f7-6a76-471f-ad81-d3901c5e9088,Mega Audino ex,Ascended Heroes,253,ultra_rare,v1|257583424241|0,Mega Audino ex 253/217 Ultra Rare Ascended Heroes Holo Near Mint,,Ungraded,4000,[],"[""FIXED_PRICE""]",truetonecards,https://i.ebayimg.com/images/g/zb8AAeSwLQ5qOwIU/s-l225.jpg,https://www.ebay.com/itm/257583424241?_skw=Mega+Audino+ex+253+Ascended+Heroes+Pokemon+card&hash=item3bf92b22f1:g:zb8AAeSwLQ5qOwIU,2026-09-12T23:42:48.395762+00:00
D3-CEB4B2B03EFAF2B1,D3_BLIND_REVIEW,23d6bd35-bbf0-49b2-911e-4949e66ff8bb,9326d67b-4017-4430-ac3c-bae6eb088be7,Pachirisu,Paldean Fates,138,shiny_rare,v1|198519139613|0,Pachirisu SV: Paldean Fates 138/091 Shiny Rare Holo EN 70HP,,Ungraded,4000,[],"[""FIXED_PRICE"",""BEST_OFFER""]",mat155307,https://i.ebayimg.com/images/g/U4EAAeSwW3hqYmkq/s-l225.jpg,https://www.ebay.com/itm/198519139613?_skw=Pachirisu+138+Paldean+Fates+Pokemon+card&hash=item2e38a9ad1d:g:U4EAAeSwW3hqYmkq,2026-09-12T23:42:48.395762+00:00
D3-7D90301219321730,D3_BLIND_REVIEW,b547c5c3-7082-4a7f-9290-3d569b91b462,2c272732-fdb3-4639-aa6b-ea9fa3ad9c24,Team Rocket's Giovanni,Destined Rivals,225,ultra_rare,v1|398367050858|0,Pokemon TCG Team Rocket's Giovanni Destined Rivals UR FA Holo 225/182,,Ungraded,4000,[],"[""FIXED_PRICE""]",douaa321,https://i.ebayimg.com/images/g/010AAeSwHiZqndT5/s-l225.jpg,https://www.ebay.com/itm/398367050858?_skw=Team+Rocket%27s+Giovanni+225+Destined+Rivals+Pokemon+card&hash=item5cc086cc6a:g:010AAeSwHiZqndT5,2026-09-12T23:42:48.395762+00:00
D3-70D6A035CC7D48C9,D3_BLIND_REVIEW,d4ff3ebb-7e40-4a36-88e6-f07af2977641,1424e3da-f59e-47f2-8310-dfad3baf354b,Zekrom ex,Black Bolt,166,special_illustration_rare,v1|278331109538|0,Pokemon TCG Zekrom ex SIR Full Art Holo 166/086 Sv: Black Bolt EN 230HP,,Ungraded,4000,[],"[""FIXED_PRICE""]",alohapanda,https://i.ebayimg.com/images/g/DTkAAeSwMk1qlkuh/s-l225.jpg,https://www.ebay.com/itm/278331109538?_skw=Zekrom+ex+166+Black+Bolt+Pokemon+card&hash=item40cdd3b0a2:g:DTkAAeSwMk1qlkuh,2026-09-12T23:42:48.395762+00:00
D3-95921C715E2D2FE6,D3_BLIND_REVIEW,3b5294d0-4738-4296-952e-f32b2788e3c4,10ab9aee-5f8c-4938-aec5-aa4a4314f745,Sunflora,Twilight Masquerade,169,illustration_rare,v1|316828448755|0,2024 Pokémon Twilight Masquerade Sunflora Illustration Rare 169/167,,Ungraded,4000,[],"[""FIXED_PRICE"",""BEST_OFFER""]",89terrys_cardshop,https://i.ebayimg.com/images/g/rwYAAeSweJ9oKo~3/s-l225.jpg,https://www.ebay.com/itm/316828448755?_skw=Sunflora+169+Twilight+Masquerade+Pokemon+card&hash=item49c47277f3:g:rwYAAeSweJ9oKo~3,2026-09-12T23:42:48.395762+00:00
D3-85ED9CB6A9430F29,D3_BLIND_REVIEW,2bf67447-75e1-4e97-ac08-c7f3e7f2c88c,ea7d59b7-a934-43b2-a230-9520fb6e6048,Dhelmise,Mega Evolution,18,common,v1|376675016024|645273467509,"MEGA EVOLUTION YOU PICK HOLO, REVERSE HOLO, EX",,Ungraded,4000,[],"[""FIXED_PRICE""]",jrsunique_17,https://i.ebayimg.com/images/g/MNEAAeSwrW5pC05T/s-l225.jpg,https://www.ebay.com/itm/376675016024?_skw=Dhelmise+18+Mega+Evolution+Pokemon+card&hash=item57b3949d58:g:MNEAAeSwrW5pC05T,2026-09-12T23:42:48.395762+00:00
D3-FBF87BF7E1BA2647,D3_BLIND_REVIEW,24f40ecd-605f-4d62-b748-afed33706583,bd1bb49f-f0e6-4441-a2cd-648e3ccf4a4c,Emboar,White Flare,98,illustration_rare,v1|227506450791|0,Emboar 013/086 Holo Rare White Flare Pokemon Near Mint,,Ungraded,4000,[],"[""FIXED_PRICE"",""BEST_OFFER""]",rivercitytcg-sportscards,https://i.ebayimg.com/images/g/n~4AAeSwJ9tqm0fY/s-l225.jpg,https://www.ebay.com/itm/227506450791?_skw=Emboar+98+White+Flare+Pokemon+card&hash=item34f870f167:g:n~4AAeSwJ9tqm0fY,2026-09-12T23:42:48.395762+00:00
D3-7EADC2961D0714BE,D3_BLIND_REVIEW,cdfc0223-40ef-4e4b-a9f2-3a809ae1c3df,f6e9d756-3a7b-4c8e-b87c-06cacb0d3c7e,Flareon,Scarlet and Violet 151,136,rare,v1|404506920015|674482968579,Scarlet and Violet 151 Pokemon Cards YOU CHOOSE All Ultra Rares Alt Art ENGLISH,,Ungraded,4000,[],"[""FIXED_PRICE""]",spielmans_collectibles,https://i.ebayimg.com/images/g/DA8AAOSwQPplDMNA/s-l225.jpg,https://www.ebay.com/itm/404506920015?_skw=Flareon+136+Scarlet+and+Violet+151+Pokemon+card&var=674482968579&hash=item5e2e7dc44f:g:DA8AAOSwQPplDMNA,2026-09-12T23:42:48.395762+00:00
D3-377CF0F2BC933B2F,D3_BLIND_REVIEW,b620ec1c-c0ac-4e7e-919d-a7df98bcb84b,8af678f4-09f0-486c-9617-b56896ebeea0,Zweilous,White Flare,147,illustration_rare,v1|800270082787|0,Pokemon TCG Zweilous 147/086 White Flare Illustration Rare Holo EN,,Ungraded,4000,[],"[""FIXED_PRICE"",""BEST_OFFER""]",ama-860806,https://i.ebayimg.com/images/g/MygAAeSw1yJqRIst/s-l225.jpg,https://www.ebay.com/itm/800270082787?_skw=Zweilous+147+White+Flare+Pokemon+card&hash=itemba53d062e3:g:MygAAeSw1yJqRIst,2026-09-12T23:42:48.395762+00:00
D3-9B55603C0CEE3CB7,D3_BLIND_REVIEW,75720435-3807-46b6-b3da-5e1c53b77822,9ad0c133-f133-45ab-9b3f-494199354e20,Mega Darkrai ex,Pitch Black,116,special_illustration_rare,v1|257665340712|0,Mega Darkrai Ex SIR 116/084 - Pitch Black,,Ungraded,4000,[],"[""FIXED_PRICE"",""BEST_OFFER""]",dray2194,https://i.ebayimg.com/images/g/sBYAAeSwIvJqdIEm/s-l225.jpg,https://www.ebay.com/itm/257665340712?_skw=Mega+Darkrai+ex+116+Pitch+Black+Pokemon+card&hash=item3bfe0d1528:g:sBYAAeSwIvJqdIEm,2026-09-12T23:42:48.395762+00:00
D3-2ED5EB06059A2565,D3_BLIND_REVIEW,8a2827bc-48b7-4dfd-b240-501fe24100b9,4db4cc1d-2bfd-45e2-a457-7cb450d1f79a,Bronzor,Temporal Forces,68,common,v1|395335065588|0,"Bronzor 68/162, Bronzong 69/162 - Evo Line - Temporal Forces - Read Desc.",,Ungraded,4000,[],"[""FIXED_PRICE"",""BEST_OFFER""]",glumnior,https://i.ebayimg.com/images/g/RH4AAOSwmdtmGcms/s-l225.jpg,https://www.ebay.com/itm/395335065588?_skw=Bronzor+68+Temporal+Forces+Pokemon+card&hash=item5c0bce5ff4:g:RH4AAOSwmdtmGcms,2026-09-12T23:42:48.395762+00:00
D3-81269675111FDECA,D3_BLIND_REVIEW,152906c9-3b9f-4f16-bb22-cb4241c7386b,20ddd5ca-77ef-4e3c-a018-ea4c7a44913a,Giovanni's Charisma,Scarlet and Violet 151,204,special_illustration_rare,v1|178377105688|0,SV: Scarlet & Violet 151 #204/165 Giovanni's Charisma - SIR,,Ungraded,4000,[],"[""FIXED_PRICE""]",607collectibles,https://i.ebayimg.com/images/g/nysAAeSwn2Jqc2Fd/s-l225.jpg,https://www.ebay.com/itm/178377105688?_skw=Giovanni%27s+Charisma+204+Scarlet+and+Violet+151+Pokemon+card&hash=item29881aa118:g:nysAAeSwn2Jqc2Fd,2026-09-12T23:42:48.395762+00:00
D3-DDA9E8E8310BE979,D3_BLIND_REVIEW,25638dbd-2434-4a4f-ba0d-dcf3e3e114ca,b3f17a3e-c2cb-447e-8873-c5970a4372c9,Clemont's Quick Wit,Surging Sparks,243,special_illustration_rare,v1|188612553394|0,Clemont's Quick Wit 243/191 Surging Sparks Pokemon Holo NM,,Ungraded,4000,[],"[""FIXED_PRICE""]",ahmmub_izhp4,https://i.ebayimg.com/images/g/T0sAAeSwtv9qTSYb/s-l225.jpg,https://www.ebay.com/itm/188612553394?_skw=Clemont%27s+Quick+Wit+243+Surging+Sparks+Pokemon+card&hash=item2bea2f2ab2:g:T0sAAeSwtv9qTSYb,2026-09-12T23:42:48.395762+00:00
D3-CDD0E2B732A6867A,D3_BLIND_REVIEW,3baf2f12-759f-427a-b8d0-2511e639310f,886acc91-d523-4628-bb4a-6ef8db1d8543,Mega Gardevoir ex,Mega Evolution,187,mega_hyper_rare,v1|398098943294|0,Mega Gardevoir EX 187/132 ME01 Mega Evolution Full Art Holo 360 HP EN,,Ungraded,4000,[],"[""FIXED_PRICE"",""BEST_OFFER""]",ode-4704,https://i.ebayimg.com/images/g/PdcAAeSwQJpqOtan/s-l225.jpg,https://www.ebay.com/itm/398098943294?_skw=Mega+Gardevoir+ex+187+Mega+Evolution+Pokemon+card&hash=item5cb08bcd3e:g:PdcAAeSwQJpqOtan,2026-09-12T23:42:48.395762+00:00
D3-D298F1BE3A7FB91F,D3_BLIND_REVIEW,bf928dd7-24bc-4e16-bb5e-afb8122c3241,311abf3f-15cb-4cb8-995f-1937555c4bdd,Fidough,Scarlet and Violet Base Set,213,illustration_rare,v1|227382956040|0,Fidough Common SV01: Scarlet & Violet Base Set 098/198 NM,,Ungraded,4000,[],"[""FIXED_PRICE"",""BEST_OFFER""]",reyolllc,https://i.ebayimg.com/images/g/NkMAAeSwxHxqKe9R/s-l225.jpg,https://www.ebay.com/itm/227382956040?_skw=Fidough+213+Scarlet+and+Violet+Base+Set+Pokemon+card&hash=item34f1149008:g:NkMAAeSwxHxqKe9R,2026-09-12T23:42:48.395762+00:00
D3-C21EDA2752C47A3B,D3_BLIND_REVIEW,301185dd-2bde-4699-80bd-8b2a3cfd8f7f,af28bc66-9c8b-4dbb-bf83-fa6215bd26f0,Pikachu ex,Ascended Heroes,276,special_illustration_rare,v1|800423307369|0,Pikachu ex 276/217 SIR Ascended Heroes Special Illustration Rare Pokemon TCG NM,,Ungraded,4000,[],"[""FIXED_PRICE"",""BEST_OFFER""]",benben24-7,https://i.ebayimg.com/images/g/rjMAAeSwdhFqaPe4/s-l225.jpg,https://www.ebay.com/itm/800423307369?_skw=Pikachu+ex+276+Ascended+Heroes+Pokemon+card&hash=itemba5cf26869:g:rjMAAeSwdhFqaPe4,2026-09-12T23:42:48.395762+00:00
D3-E9BBA02806B26452,D3_BLIND_REVIEW,b620ec1c-c0ac-4e7e-919d-a7df98bcb84b,8af678f4-09f0-486c-9617-b56896ebeea0,Zweilous,White Flare,147,illustration_rare,v1|227462763251|0,Zweilous 147/086 Sv: White Flare Holo,,Ungraded,4000,[],"[""FIXED_PRICE""]",dflipvault,https://i.ebayimg.com/images/g/WrkAAeSw8vVqctM5/s-l225.jpg,https://www.ebay.com/itm/227462763251?_skw=Zweilous+147+White+Flare+Pokemon+card&hash=item34f5d652f3:g:WrkAAeSw8vVqctM5,2026-09-12T23:42:48.395762+00:00
D3-863466EEFBD2FF1B,D3_BLIND_REVIEW,f01e01fe-17e4-48b7-8ba3-9a88f876acd4,7c3e24f9-be0e-4de8-86fc-9fb913792294,Meowth,Phantasmal Flames,106,illustration_rare,v1|147529753654|0,Pokémon Meowth 106/094 – Phantasmal Flames – English IR (Illustration Rare),,Ungraded,4000,[],"[""FIXED_PRICE"",""BEST_OFFER""]",chod-11,https://i.ebayimg.com/images/g/1i0AAeSwijdqj5kb/s-l225.jpg,https://www.ebay.com/itm/147529753654?_skw=Meowth+106+Phantasmal+Flames+Pokemon+card&hash=item2259756436:g:1i0AAeSwijdqj5kb,2026-09-12T23:42:48.395762+00:00
D3-7AFDB8B5E51E05A7,D3_BLIND_REVIEW,301185dd-2bde-4699-80bd-8b2a3cfd8f7f,af28bc66-9c8b-4dbb-bf83-fa6215bd26f0,Pikachu ex,Ascended Heroes,276,special_illustration_rare,v1|278331173261|0,Pikachu EX 276/217 Ascended Heros 2026 Ultra Rare Holo BGS 9.5,,Graded,2750,[],"[""FIXED_PRICE"",""BEST_OFFER""]",collectionca,https://i.ebayimg.com/images/g/AAEAAeSwW8NqllOb/s-l225.jpg,https://www.ebay.com/itm/278331173261?_skw=Pikachu+ex+276+Ascended+Heroes+Pokemon+card&hash=item40cdd4a98d:g:AAEAAeSwW8NqllOb&amdata=enc%3AAQALAAABEACCtXRWQnOEpyOqnQQ8KGaRcWluA2JvW6ar3C6BVascH9sMrQzb%2BzuQVzZJr4r3BB3nkooLUjtFRYIGvhkweU4kGICHU9xie%2BVJ3uH2aGt9OBqZCiNMN9%2BJOXUjma8tlw6YtUHnQZfK%2FxPs%2BcvUWPeAaZdRP2vjg7xUkt6peL6iJmyGDAO4HzmPp4SJrha2WpmzpFZ7UuroSrW%2BXWBvVzwqC5whR3fZO7a%2FbSLFCSmKgBUGsMtixNGVKJiW2FydLFnYY0jxiLppJvCEs75tZX64QFFg7uCO4KN6%2FBgHslQfBUk7rHcmlO9qIv6%2BOTyndR9prC6tldUIhsMhMpSgh5B3s6XLWX67cnvxMpEsICVM,2026-09-12T23:42:48.395762+00:00
D3-44F3C48484A588F9,D3_BLIND_REVIEW,3755e7ef-e482-4186-8377-e717f80b3759,aa88bdd2-2ebe-4f9b-b53b-ab077c63f98c,Secret Box,Twilight Masquerade,163,ace_spec,v1|298553738758|0,SV06: Twilight Masquerade #163/167 Secret Box,,Ungraded,4000,[],"[""FIXED_PRICE"",""BEST_OFFER""]",nandecards2,https://i.ebayimg.com/images/g/HYMAAeSwgm9qb4Qb/s-l225.jpg,https://www.ebay.com/itm/298553738758?_skw=Secret+Box+163+Twilight+Masquerade+Pokemon+card&hash=item4583308606:g:HYMAAeSwgm9qb4Qb&amdata=enc%3AAQALAAABEACCtXRWQnOEpyOqnQQ8KGaS1iZPQEefUU62JKv6OugYT5EGNc0cOMr4ceKiPowqwW9qQMMGJxHBo3i9TWstgVZee0aS9SmaDxEr7NWajINr699P%2FXWGDNq9KJSrHSyocaVwDzBHvlL42naM2ekpzREExcC7RDsWfeZhUKaIE2YeIhx0CBGHbTsveRC1R3vNxfpcCirHPxoAD0%2BvGUKvU3NZ7vfbEOfVVNeAVRXKvQ3WWwb7VvUv4f%2BVWctXY%2B%2BUz3ZUYWEvCkc9GKW854w33uvvA7cypBUri0rFpQgv80FdPxPpSPVgNI8YSK%2FMzl0u4%2BLzYkS3FJ%2BvXnrynx7QljB3cX0ug0OaIzyuvuP120Gz,2026-09-12T23:42:48.395762+00:00
D3-AAC11BA421AAE8B1,D3_BLIND_REVIEW,147a436d-4ccc-43d1-b19a-20b74d2ff723,a86eb8d9-0e89-4e02-879a-d587dbfe0252,Carmine,Twilight Masquerade,217,special_illustration_rare,v1|287553646657|0,2024 Pokemon TWM en Carmine Special Illustration #217 PSA 9 Mint,,Graded,2750,[],"[""FIXED_PRICE"",""BEST_OFFER""]",g_j_cards,https://i.ebayimg.com/images/g/UgcAAeSwzbZqk6Fa/s-l225.jpg,https://www.ebay.com/itm/287553646657?_skw=Carmine+217+Twilight+Masquerade+Pokemon+card&hash=item42f3887041:g:UgcAAeSwzbZqk6Fa,2026-09-12T23:42:48.395762+00:00
D3-7551680427109D09,D3_BLIND_REVIEW,3c75f577-62ee-4bdf-865c-ab2384f4379b,ecf458ed-ed92-4f04-bf27-1912d59bdbc0,Mega Charizard Y ex,Ascended Heroes,294,mega_hyper_rare,v1|800358150245|0,Mega Charizard Y ex 294/217 Me: Ascended Heroes Holo,,Ungraded,4000,[],"[""FIXED_PRICE"",""BEST_OFFER""]",al_mix3,https://i.ebayimg.com/images/g/sVUAAeSwEFNqWgiq/s-l225.jpg,https://www.ebay.com/itm/800358150245?_skw=Mega+Charizard+Y+ex+294+Ascended+Heroes+Pokemon+card&hash=itemba59103065:g:sVUAAeSwEFNqWgiq,2026-09-12T23:42:48.395762+00:00
D3-2E35BB08C916BDBF,D3_BLIND_REVIEW,018c983e-b1d0-41df-880e-ebf3f2e2fb12,4eb8f140-a9c3-41c4-85aa-c2f6b7131746,Penny,Scarlet and Violet Base Set,252,special_illustration_rare,v1|198596950033|0,Penny 252/198 - Special Illustration Rare - Pokémon TCG Scarlet & Violet Base,,Ungraded,4000,[],"[""FIXED_PRICE"",""BEST_OFFER""]",1luckyshuckle,https://i.ebayimg.com/images/g/zUUAAeSwzDRqZnHF/s-l225.jpg,https://www.ebay.com/itm/198596950033?_skw=Penny+252+Scarlet+and+Violet+Base+Set+Pokemon+card&hash=item2e3d4cf811:g:zUUAAeSwzDRqZnHF&amdata=enc%3AAQALAAABEACCtXRWQnOEpyOqnQQ8KGbLfpLkg2bWyFFru2695Jd81ZJSXV5cjG7%2FGnxBacF1EQSxmendFGja0J1JHYrHxWmE32TYrH2nOkYtzRJmkmyIy8IqPWnAqyHBl%2FGLFvB4wtVf6IXI7o2DuNcrPGgzBKi7NZNfuPEiMpAlvCEjupxk1TmbrUt8Y%2Fspi4ozR9zgVN0ns5nFPNSxSzsLeYvxiUzCAyh%2FlzozIUekAq5c0VVxTp1wGONQg%2BPX0VJy3nzE7ureyowXr7Bj0n4sc8a2duimcB1IfpRdeqxzP7QMu209iIWqiEkQvwjMDD2fx9w%2F1wsEk9RP%2BVbY%2BHvQLwXKSvuuxohpsa9sjklenAUh3Yeq,2026-09-12T23:42:48.395762+00:00
D3-5E53A978BB485365,D3_BLIND_REVIEW,bf928dd7-24bc-4e16-bb5e-afb8122c3241,311abf3f-15cb-4cb8-995f-1937555c4bdd,Fidough,Scarlet and Violet Base Set,213,illustration_rare,v1|407063784864|0,Pokemon Scarlet and Violet 098/198 Fidough,,Ungraded,4000,[],"[""FIXED_PRICE""]",abegamestcg,https://i.ebayimg.com/images/g/t-oAAeSwqNVqUTa1/s-l225.jpg,https://www.ebay.com/itm/407063784864?_skw=Fidough+213+Scarlet+and+Violet+Base+Set+Pokemon+card&hash=item5ec6e46da0:g:t-oAAeSwqNVqUTa1,2026-09-12T23:42:48.395762+00:00
D3-0F1DE9A521C7B7BB,D3_BLIND_REVIEW,ecfe51fb-3435-4e1c-8542-8809cd6f95ff,db1498a4-579d-4bbe-b887-8368299e735f,Coalossal,Temporal Forces,95,uncommon,v1|178319819536|0,Coalossal SV05: Temporal Forces 095/162 NM,,Ungraded,4000,[],"[""FIXED_PRICE""]",pokemaniacjohn,https://i.ebayimg.com/images/g/54AAAeSwErFqWocB/s-l225.jpg,https://www.ebay.com/itm/178319819536?_skw=Coalossal+95+Temporal+Forces+Pokemon+card&hash=item2984b08310:g:54AAAeSwErFqWocB,2026-09-12T23:42:48.395762+00:00
D3-6C81C543D97F4749,D3_BLIND_REVIEW,0dde3317-5162-49d1-b5c9-6b206a086d2c,7a7c3304-cc14-4aab-9f7b-b88270d4228c,Tinkatuff,Paldean Fates,166,shiny_rare,v1|158119796904|0,Tinkatuff 166/091 Shiny Rare Paldean Fates Pokemon Holo NM,,Ungraded,4000,[],"[""FIXED_PRICE"",""BEST_OFFER""]",828sportscard,https://i.ebayimg.com/images/g/bA8AAeSwvqJqZVYQ/s-l225.jpg,https://www.ebay.com/itm/158119796904?_skw=Tinkatuff+166+Paldean+Fates+Pokemon+card&hash=item24d0aca0a8:g:bA8AAeSwvqJqZVYQ,2026-09-12T23:42:48.395762+00:00
D3-2F80131E01CA6B84,D3_BLIND_REVIEW,152906c9-3b9f-4f16-bb22-cb4241c7386b,20ddd5ca-77ef-4e3c-a018-ea4c7a44913a,Giovanni's Charisma,Scarlet and Violet 151,204,special_illustration_rare,v1|198452071362|0,Giovanni's Charisma 204/165 Sv: Scarlet & Violet 151 Holo,,Ungraded,4000,[],"[""FIXED_PRICE"",""BEST_OFFER""]",a2dakaycollectibles,https://i.ebayimg.com/images/g/KiMAAeSwn75qPIdG/s-l225.jpg,https://www.ebay.com/itm/198452071362?_skw=Giovanni%27s+Charisma+204+Scarlet+and+Violet+151+Pokemon+card&hash=item2e34aa4bc2:g:KiMAAeSwn75qPIdG,2026-09-12T23:42:48.395762+00:00
D3-AD07F3E328C391E9,D3_BLIND_REVIEW,301185dd-2bde-4699-80bd-8b2a3cfd8f7f,af28bc66-9c8b-4dbb-bf83-fa6215bd26f0,Pikachu ex,Ascended Heroes,276,special_illustration_rare,v1|147565431048|0,Pikachu ex 276/217 - Special Illustration Rare - Ascended Heroes - Pokemon -NM/M,,Ungraded,4000,[],"[""AUCTION""]",ashhucker,https://i.ebayimg.com/images/g/9sMAAeSwPP9qo2xc/s-l225.jpg,https://www.ebay.com/itm/147565431048?_skw=Pikachu+ex+276+Ascended+Heroes+Pokemon+card&hash=item225b95c908:g:9sMAAeSwPP9qo2xc,2026-09-12T23:42:48.395762+00:00
D3-1B9092DF54F3925D,D3_BLIND_REVIEW,829b12ba-c7f5-4796-9a57-a2a2463c8461,0fc5990b-19e3-4716-b616-b221acc480a6,Houndour,Obsidian Flames,204,illustration_rare,v1|128010429902|0,Houndour - Holo Illustration Rare SV03: Obsidian Flames 204/197 NM,,Ungraded,4000,[],"[""FIXED_PRICE""]",aliab2323,https://i.ebayimg.com/images/g/6YIAAeSwMTBqH6o2/s-l225.jpg,https://www.ebay.com/itm/128010429902?_skw=Houndour+204+Obsidian+Flames+Pokemon+card&hash=item1dce0425ce:g:6YIAAeSwMTBqH6o2,2026-09-12T23:42:48.395762+00:00
D3-40DD04D2C3514968,D3_BLIND_REVIEW,b620ec1c-c0ac-4e7e-919d-a7df98bcb84b,8af678f4-09f0-486c-9617-b56896ebeea0,Zweilous,White Flare,147,illustration_rare,v1|298609211354|0,Pokemon Zweilous 147/086 - SV: White Flare,,Ungraded,4000,[],"[""FIXED_PRICE""]",desteini1,https://i.ebayimg.com/images/g/pgEAAeSwLrNqimqW/s-l225.jpg,https://www.ebay.com/itm/298609211354?_skw=Zweilous+147+White+Flare+Pokemon+card&hash=item45867ef7da:g:pgEAAeSwLrNqimqW,2026-09-12T23:42:48.395762+00:00
D3-239A73D660670B0B,D3_BLIND_REVIEW,31566cbb-0eeb-499e-aa6d-b9b0bd85fc8b,fc81462a-2c3e-4b7a-a7be-ad7f88d98ace,Mega Greninja ex,Chaos Rising,122,mega_hyper_rare,v1|168563632169|0,Mega Greninja ex 122/086 Gold Chaos Rising Mega Hyper Rare Pokemon Card NM,,Ungraded,4000,[],"[""FIXED_PRICE"",""BEST_OFFER""]",andcr-6269,https://i.ebayimg.com/images/g/oUEAAeSw3yhqZU66/s-l225.jpg,https://www.ebay.com/itm/168563632169?_skw=Mega+Greninja+ex+122+Chaos+Rising+Pokemon+card&hash=item273f2ce829:g:oUEAAeSw3yhqZU66,2026-09-12T23:42:48.395762+00:00
D3-D88E7FB701333D72,D3_BLIND_REVIEW,605a2c1a-6a14-463e-b1e2-b55cd9c16244,14ea6011-0e3d-4eff-ac53-6b13e2976a71,Krookodile,Black Bolt,137,illustration_rare,v1|206548434903|0,Krookodile 137/086 Sv: Black Bolt Illustration Rare Holo Pokémon TCG Card,,Ungraded,4000,[],"[""FIXED_PRICE"",""BEST_OFFER""]",ahalliday,https://i.ebayimg.com/images/g/ZzwAAeSwfJZqorQ6/s-l225.jpg,https://www.ebay.com/itm/206548434903?_skw=Krookodile+137+Black+Bolt+Pokemon+card&hash=item30173effd7:g:ZzwAAeSwfJZqorQ6,2026-09-12T23:42:48.395762+00:00
D3-F4D3A88776125743,D3_BLIND_REVIEW,9f323989-e972-4a9e-9e7b-3166e85d0690,0f3466bf-92b1-4d3d-913b-181fcec68996,Mega Feraligatr ex,Ascended Heroes,274,special_illustration_rare,v1|820100293132|0,Mega Feraligatr EX 274/217 SIR Ascended Heroes ENG,,Ungraded,4000,[],"[""AUCTION""]",anthcollects,https://i.ebayimg.com/images/g/vY8AAeSwEYJqn09S/s-l225.jpg,https://www.ebay.com/itm/820100293132?_skw=Mega+Feraligatr+ex+274+Ascended+Heroes+Pokemon+card&hash=itembef1c9620c:g:vY8AAeSwEYJqn09S,2026-09-12T23:42:48.395762+00:00
D3-EA9A321AB2BB25E2,D3_BLIND_REVIEW,b801a524-e703-4f4c-ad99-1ec742cf30ec,586dac04-6254-4241-b628-b6d3dac61063,Bianca's Devotion,Temporal Forces,209,special_illustration_rare,v1|298554965755|0,Bianca's Devotion - Special Illustration Rare SV05: Temporal Forces 209/162 NM,,Ungraded,4000,[],"[""FIXED_PRICE"",""BEST_OFFER""]",basicislandtcg,https://i.ebayimg.com/images/g/1ZgAAeSwimlqcC3y/s-l225.jpg,https://www.ebay.com/itm/298554965755?_skw=Bianca%27s+Devotion+209+Temporal+Forces+Pokemon+card&hash=item4583433efb:g:1ZgAAeSwimlqcC3y,2026-09-12T23:42:48.395762+00:00
D3-69C8FC89986F0885,D3_BLIND_REVIEW,2e5780f8-1769-4d26-9e3e-87e4a27d4dfe,09b7c446-d89f-4a64-b721-bc1293308747,Dachsbun ex,Stellar Crown,169,special_illustration_rare,v1|298503305465|0,Dachsbun ex 169/142 Special Illustration Rare Stellar Crown Pokemon Holo NM,,Ungraded,4000,[],"[""FIXED_PRICE""]",cardsandclothes547,https://i.ebayimg.com/images/g/d6EAAeSwMndqVasX/s-l225.jpg,https://www.ebay.com/itm/298503305465?_skw=Dachsbun+ex+169+Stellar+Crown+Pokemon+card&hash=item45802ef8f9:g:d6EAAeSwMndqVasX,2026-09-12T23:42:48.395762+00:00
D3-AF67BF6B24419C77,D3_BLIND_REVIEW,31566cbb-0eeb-499e-aa6d-b9b0bd85fc8b,fc81462a-2c3e-4b7a-a7be-ad7f88d98ace,Mega Greninja ex,Chaos Rising,122,mega_hyper_rare,v1|407198149190|0,Mega Greninja ex 122/086 Me04: Chaos Rising Holo,,Graded,2750,[],"[""FIXED_PRICE"",""BEST_OFFER""]",rome11_45,https://i.ebayimg.com/images/g/aVsAAeSwU0Fqnix7/s-l225.jpg,https://www.ebay.com/itm/407198149190?_skw=Mega+Greninja+ex+122+Chaos+Rising+Pokemon+card&hash=item5ecee6aa46:g:aVsAAeSwU0Fqnix7,2026-09-12T23:42:48.395762+00:00
D3-2DCF226A15725946,D3_BLIND_REVIEW,0b81872e-b089-49e9-aec3-16a535b12efb,0057b67c-a140-400c-b308-2a6d046cb043,Haxorus,Black Bolt,147,illustration_rare,v1|820035088585|0,2025 Black Bolt Haxorus IR#147/86,,Ungraded,4000,[],"[""FIXED_PRICE"",""BEST_OFFER""]",thecardshop518,https://i.ebayimg.com/images/g/LVsAAeSwrd5qidMF/s-l225.jpg,https://www.ebay.com/itm/820035088585?_skw=Haxorus+147+Black+Bolt+Pokemon+card&hash=itembeede670c9:g:LVsAAeSwrd5qidMF,2026-09-12T23:42:48.395762+00:00
D3-ED1D3B8153662D6A,D3_BLIND_REVIEW,d09b2fb5-41b6-4d1e-88cf-629402434501,efae0727-f8c2-48c5-a33e-c308be0d288d,Roaring Moon ex,Prismatic Evolutions,162,special_illustration_rare,v1|237053618168|0,Roaring Moon ex PSA 10 2025 Pokemon Prismatic Evolutions #162/131 SIR 6742,,Graded,2750,[],"[""AUCTION""]",amt_memorabilia,https://i.ebayimg.com/images/g/RAAAAeSwG7ZqnZm0/s-l225.jpg,https://www.ebay.com/itm/237053618168?_skw=Roaring+Moon+ex+162+Prismatic+Evolutions+Pokemon+card&hash=item37317f27f8:g:RAAAAeSwG7ZqnZm0,2026-09-12T23:42:48.395762+00:00
D3-DBC3F5947DA76C66,D3_BLIND_REVIEW,25638dbd-2434-4a4f-ba0d-dcf3e3e114ca,b3f17a3e-c2cb-447e-8873-c5970a4372c9,Clemont's Quick Wit,Surging Sparks,243,special_illustration_rare,v1|377296111728|0,Clemont's Quick Wit 243/191 Sv08: Surging Sparks Holo,,Ungraded,4000,[],"[""FIXED_PRICE""]",tyrellnayquan,https://i.ebayimg.com/images/g/Q~YAAeSwbyJqPcXL/s-l225.jpg,https://www.ebay.com/itm/377296111728?_skw=Clemont%27s+Quick+Wit+243+Surging+Sparks+Pokemon+card&hash=item57d899c870:g:Q~YAAeSwbyJqPcXL,2026-09-12T23:42:48.395762+00:00
D3-285C810EB408118E,D3_BLIND_REVIEW,ecfe51fb-3435-4e1c-8542-8809cd6f95ff,db1498a4-579d-4bbe-b887-8368299e735f,Coalossal,Temporal Forces,95,uncommon,v1|127925610960|0,Coalossal 095/162 Uncommon Temporal Forces Pokemon Near Mint,,Ungraded,4000,[],"[""FIXED_PRICE""]",atticfindsandcoins,https://i.ebayimg.com/images/g/n2sAAeSwsvBqMWgx/s-l225.jpg,https://www.ebay.com/itm/127925610960?_skw=Coalossal+95+Temporal+Forces+Pokemon+card&hash=item1dc8f5e9d0:g:n2sAAeSwsvBqMWgx,2026-09-12T23:42:48.395762+00:00
D3-A1266D53888CDF89,D3_BLIND_REVIEW,b620ec1c-c0ac-4e7e-919d-a7df98bcb84b,8af678f4-09f0-486c-9617-b56896ebeea0,Zweilous,White Flare,147,illustration_rare,v1|365771020261|0,Zweilous #147Pokemon White Flare,,Ungraded,4000,[],"[""FIXED_PRICE"",""BEST_OFFER""]",sondercardsncollectibles,https://i.ebayimg.com/images/g/JuIAAeSwjfZojHGe/s-l225.jpg,https://www.ebay.com/itm/365771020261?_skw=Zweilous+147+White+Flare+Pokemon+card&hash=item5529a6d7e5:g:JuIAAeSwjfZojHGe,2026-09-12T23:42:48.395762+00:00
D3-DE550AA351ED64F0,D3_BLIND_REVIEW,55096ab6-1773-47c4-bbff-20c1db011223,9f4a2888-2f11-47aa-a5c5-2ccac8ca7c71,Victini,Black Bolt,171,rare,v1|398355869289|0,Sv: Black Bolt Pokémon TCG Victini 12/86 Holo Rare Near Mint,,Ungraded,4000,[],"[""FIXED_PRICE""]",pokemeems,https://i.ebayimg.com/images/g/fvQAAeSwdy9qmcFX/s-l225.jpg,https://www.ebay.com/itm/398355869289?_skw=Victini+171+Black+Bolt+Pokemon+card&hash=item5cbfdc2e69:g:fvQAAeSwdy9qmcFX,2026-09-12T23:42:48.395762+00:00
D3-9A983D53D7861C07,D3_BLIND_REVIEW,9f323989-e972-4a9e-9e7b-3166e85d0690,0f3466bf-92b1-4d3d-913b-181fcec68996,Mega Feraligatr ex,Ascended Heroes,274,special_illustration_rare,v1|287571994466|0,Mega Feraligatr Ex 274/217  SIR ME: Ascended Heroes,,Ungraded,4000,[],"[""FIXED_PRICE"",""BEST_OFFER""]",thepokegurus,https://i.ebayimg.com/images/g/6AcAAeSwpPFqnzLv/s-l225.jpg,https://www.ebay.com/itm/287571994466?_skw=Mega+Feraligatr+ex+274+Ascended+Heroes+Pokemon+card&hash=item42f4a06762:g:6AcAAeSwpPFqnzLv,2026-09-12T23:42:48.395762+00:00
D3-1F5E782234F23F4F,D3_BLIND_REVIEW,23d6bd35-bbf0-49b2-911e-4949e66ff8bb,9326d67b-4017-4430-ac3c-bae6eb088be7,Pachirisu,Paldean Fates,138,shiny_rare,v1|800193367319|0,Pachirisu 138/091 Pokemon Paldean Fates Shiny Rare Near Mint (NM) 2024,,Ungraded,4000,[],"[""FIXED_PRICE""]",pokeworldmp,https://i.ebayimg.com/images/g/h4oAAeSwTslqMgSY/s-l225.jpg,https://www.ebay.com/itm/800193367319?_skw=Pachirisu+138+Paldean+Fates+Pokemon+card&hash=itemba4f3dcd17:g:h4oAAeSwTslqMgSY,2026-09-12T23:42:48.395762+00:00
D3-9F8A722048CCCBD4,D3_BLIND_REVIEW,828c0d0d-2ede-4bab-bed4-407cd3cf8662,06c45a41-2b44-401a-9703-5c9952f2580f,Mega Gengar ex,Ascended Heroes,284,special_illustration_rare,v1|188816769419|0,Mega Gengar ex 284/217 Me: Ascended Heroes Holo,,Ungraded,4000,[],"[""FIXED_PRICE"",""BEST_OFFER""]",1_star_reviewer,https://i.ebayimg.com/images/g/1DIAAeSw3xtqgmZj/s-l225.jpg,https://www.ebay.com/itm/188816769419?_skw=Mega+Gengar+ex+284+Ascended+Heroes+Pokemon+card&hash=item2bf65b418b:g:1DIAAeSw3xtqgmZj,2026-09-12T23:42:48.395762+00:00
D3-9AA97DC0859A0660,D3_BLIND_REVIEW,740ad74c-8c0c-411f-9ec7-2c734210b8f1,e8c344f6-9bee-4ad6-8356-63ee4e2988cf,Arbok,Temporal Forces,101,common,v1|236939316569|537364492367,Pokémon | Temporal Forces | Reverse Holos | Holos | Ex | Choose Your Card,,Ungraded,4000,[],"[""FIXED_PRICE""]",jiggylechonk,https://i.ebayimg.com/images/g/VYQAAeSwrndqWHkB/s-l225.jpg,https://www.ebay.com/itm/236939316569?_skw=Arbok+101+Temporal+Forces+Pokemon+card&hash=item372aaf0d59:g:VYQAAeSwrndqWHkB,2026-09-12T23:42:48.395762+00:00
D3-B9A6B9771BAB39F5,D3_BLIND_REVIEW,cc59d868-d0e5-4557-9423-3f9b7c9d2591,04f90621-b7cb-49bf-b962-8ba0790d6e62,Team Rocket's Giovanni,Destined Rivals,238,special_illustration_rare,v1|366652819672|0,Team Rocket's Giovanni 238/182 Sv10: Destined Rivals Holo,,Ungraded,4000,[],"[""AUCTION"",""BEST_OFFER""]",auswoo_10,https://i.ebayimg.com/images/g/dLgAAeSwfPFqmqKH/s-l225.jpg,https://www.ebay.com/itm/366652819672?_skw=Team+Rocket%27s+Giovanni+238+Destined+Rivals+Pokemon+card&hash=item555e3608d8:g:dLgAAeSwfPFqmqKH,2026-09-12T23:42:48.395762+00:00
D3-CDDAC1A3E1950082,D3_BLIND_REVIEW,b801a524-e703-4f4c-ad99-1ec742cf30ec,586dac04-6254-4241-b628-b6d3dac61063,Bianca's Devotion,Temporal Forces,209,special_illustration_rare,v1|387833887174|0,Bianca's Devotion 209/162 Sv05: Temporal Forces Holo,,Ungraded,4000,[],"[""FIXED_PRICE"",""BEST_OFFER""]",christopher.a.kehl,https://i.ebayimg.com/images/g/APMAAOSwAr1nipXj/s-l225.jpg,https://www.ebay.com/itm/387833887174?_skw=Bianca%27s+Devotion+209+Temporal+Forces+Pokemon+card&hash=item5a4cb379c6:g:APMAAOSwAr1nipXj,2026-09-12T23:42:48.395762+00:00
D3-B77E591A8C2D52AC,D3_BLIND_REVIEW,bf928dd7-24bc-4e16-bb5e-afb8122c3241,311abf3f-15cb-4cb8-995f-1937555c4bdd,Fidough,Scarlet and Violet Base Set,213,illustration_rare,v1|407102237910|0,Fidough Common NM [Scarlet & Violet Base Set - 097/198],,Ungraded,4000,[],"[""FIXED_PRICE""]",rmkardstcg,https://i.ebayimg.com/images/g/XzQAAeSwMcdqlzEV/s-l225.jpg,https://www.ebay.com/itm/407102237910?_skw=Fidough+213+Scarlet+and+Violet+Base+Set+Pokemon+card&hash=item5ec92f2cd6:g:XzQAAeSwMcdqlzEV,2026-09-12T23:42:48.395762+00:00
D3-90BE2EB4EE1B6B3B,D3_BLIND_REVIEW,740ad74c-8c0c-411f-9ec7-2c734210b8f1,e8c344f6-9bee-4ad6-8356-63ee4e2988cf,Arbok,Temporal Forces,101,common,v1|318750438471|0,101/162 Arbok - SV05 Temporal Forces - Reverse Holo NM Pokemon,,Ungraded,4000,[],"[""FIXED_PRICE""]",mountvariety,https://i.ebayimg.com/images/g/S3MAAOSw2WNmAYAT/s-l225.jpg,https://www.ebay.com/itm/318750438471?_skw=Arbok+101+Temporal+Forces+Pokemon+card&hash=item4a3701b447:g:S3MAAOSw2WNmAYAT,2026-09-12T23:42:48.395762+00:00
D3-50145C62B7204061,D3_BLIND_REVIEW,7f065a2b-5cab-45c8-8fd8-96d4c07c4ee8,3805ddb2-e4cd-40b3-8a52-82398effa130,Canari,Ascended Heroes,291,special_illustration_rare,v1|407125642390|0,Canari 291/217 Pokemon Ascended Heroes Trainer SIR English,,Ungraded,4000,[],"[""FIXED_PRICE""]",aa_collects,https://i.ebayimg.com/images/g/7n8AAeSwUiNqdQNs/s-l225.jpg,https://www.ebay.com/itm/407125642390?_skw=Canari+291+Ascended+Heroes+Pokemon+card&hash=item5eca944c96:g:7n8AAeSwUiNqdQNs,2026-09-12T23:42:48.395762+00:00
D3-0066F16D32ED3699,D3_BLIND_REVIEW,b3020b76-9ff0-449a-85b8-924878fa0e8b,b70cd4ec-81c4-4e81-a677-901a43af62d9,Archeops,White Flare,132,illustration_rare,v1|206528119283|0,Archeops 132/086 SV: White Flare 2025 CGC 10,,Graded,2750,[],"[""FIXED_PRICE"",""BEST_OFFER""]",deadfall_cards,https://i.ebayimg.com/images/g/mAoAAeSwmOBqlk1z/s-l225.jpg,https://www.ebay.com/itm/206528119283?_skw=Archeops+132+White+Flare+Pokemon+card&hash=item30160901f3:g:mAoAAeSwmOBqlk1z,2026-09-12T23:42:48.395762+00:00
D3-729DFC3FB1D47EA6,D3_BLIND_REVIEW,209f02db-d953-4dde-bbd6-0822671fe1d1,eb38e2d2-2e6a-41e2-939d-335c8a5e50d1,Oshawott,White Flare,105,illustration_rare,v1|178428735581|0,Oshawott Illustration Rare Water Holo SV White Flare #105/086 Pokémon TCG,,Ungraded,4000,[],"[""FIXED_PRICE"",""BEST_OFFER""]",allatcollectables,https://i.ebayimg.com/images/g/FxEAAeSwjFZqh9MK/s-l225.jpg,https://www.ebay.com/itm/178428735581?_skw=Oshawott+105+White+Flare+Pokemon+card&hash=item298b2e705d:g:FxEAAeSwjFZqh9MK,2026-09-12T23:42:48.395762+00:00
D3-3817101FC9C8D37B,D3_BLIND_REVIEW,d12a209b-06a3-4b46-82d3-a374e6bbe7b4,d0d523dc-3f95-4bbc-beb6-75b3d2a15cae,Grafaiai,Paldea Evolved,223,illustration_rare,v1|306407932583|0,Pokémon Pinched Layer Error Grafaiai SV Paldea Evolved 223/193 Illustration Rare,,Ungraded,4000,[],"[""FIXED_PRICE"",""BEST_OFFER""]",80kcardboard,https://i.ebayimg.com/images/g/PRIAAeSwnG5ofnax/s-l225.jpg,https://www.ebay.com/itm/306407932583?_skw=Grafaiai+223+Paldea+Evolved+Pokemon+card&hash=item47575602a7:g:PRIAAeSwnG5ofnax,2026-09-12T23:42:48.395762+00:00
D3-7C14FDE5DA91373B,D3_BLIND_REVIEW,c7e36a14-236f-4b93-a4a8-a4be2ddc7193,590cc9ca-0f7d-413e-ae31-68433716e01b,Mega Lucario ex,Mega Evolution,179,special_illustration_rare,v1|800628175940|0,Pokemon TCG Card Mega Lucario ex 179/132 Mega Evolution SIR Holo - Near Mint NM,,Ungraded,4000,[],"[""FIXED_PRICE""]",antdzi64,https://i.ebayimg.com/images/g/E4cAAeSwuiJqn1W2/s-l225.jpg,https://www.ebay.com/itm/800628175940?_skw=Mega+Lucario+ex+179+Mega+Evolution+Pokemon+card&hash=itemba69287444:g:E4cAAeSwuiJqn1W2,2026-09-12T23:42:48.395762+00:00
D3-56DB3F653F923A54,D3_BLIND_REVIEW,4299cd6b-98e3-4e65-865f-26a39b19fe5b,041717c6-a2b6-40d1-867a-b1abb1d65ec8,Durant ex,Surging Sparks,236,special_illustration_rare,v1|305886853712|0,Durant ex 236/191 - Sv08: Surging Sparks - Special Illustration Rare NM,,Ungraded,4000,[],"[""FIXED_PRICE""]",coffeegrinds_tcg,https://i.ebayimg.com/images/g/Bs4AAOSw9ulnKdhg/s-l225.jpg,https://www.ebay.com/itm/305886853712?_skw=Durant+ex+236+Surging+Sparks+Pokemon+card&hash=item473846fa50:g:Bs4AAOSw9ulnKdhg,2026-09-12T23:42:48.395762+00:00
D3-244443F9AC5D5A56,D3_BLIND_REVIEW,2cef0dfb-a5fd-4aed-b8ae-34a82f414587,3d276bff-a869-4634-840f-d5eb4f33aa1d,Reshiram ex,White Flare,166,special_illustration_rare,v1|327326131214|0,PSA 10 RESHIRAM EX 166/086 | Special Illustration Rare Pokemon Card,,Graded,2750,[],"[""FIXED_PRICE""]",poke_stumppy,https://i.ebayimg.com/images/g/ZyIAAeSwmOBqjeUt/s-l225.jpg,https://www.ebay.com/itm/327326131214?_skw=Reshiram+ex+166+White+Flare+Pokemon+card&hash=item4c3628640e:g:ZyIAAeSwmOBqjeUt,2026-09-12T23:42:48.395762+00:00
D3-8E12F2D940045D93,D3_BLIND_REVIEW,8a2cce32-ad4f-4468-8a28-8a9ea9653365,9cc8f6b0-2c28-442b-bdd1-11cbd9a4068e,Leavanny,White Flare,89,illustration_rare,v1|398319687197|0,LEAVANNY 003/086 UC WHITE FLARE POKEMON LP,,Ungraded,4000,[],"[""FIXED_PRICE""]",shmopstreasurebox,https://i.ebayimg.com/images/g/vbMAAeSwEGhqoov6/s-l225.jpg,https://www.ebay.com/itm/398319687197?_skw=Leavanny+89+White+Flare+Pokemon+card&hash=item5cbdb4161d:g:vbMAAeSwEGhqoov6,2026-09-12T23:42:48.395762+00:00
D3-F6E1857D80E37048,D3_BLIND_REVIEW,829b12ba-c7f5-4796-9a57-a2a2463c8461,0fc5990b-19e3-4716-b616-b221acc480a6,Houndour,Obsidian Flames,204,illustration_rare,v1|397123330975|0,Houndour 204/197 - Obsidian Flames Holo - *B22,,Ungraded,4000,[],"[""FIXED_PRICE""]",adjnor,https://i.ebayimg.com/images/g/JXEAAeSwxnRo4WgT/s-l225.jpg,https://www.ebay.com/itm/397123330975?_skw=Houndour+204+Obsidian+Flames+Pokemon+card&hash=item5c7665239f:g:JXEAAeSwxnRo4WgT,2026-09-12T23:42:48.395762+00:00
D3-278273B5257AA028,D3_BLIND_REVIEW,21e9ddc5-2751-4886-9e08-a1c6e2cc14e4,53abbd65-a601-4185-b08c-3721e963fa3d,Kyurem ex,Black Bolt,165,special_illustration_rare,v1|267750486084|0,Kyurem ex Holo Special Illustration Rare SV: Black Bolt 165/086 NM,,Ungraded,4000,[],"[""FIXED_PRICE""]",ale_somm,https://i.ebayimg.com/images/g/TsYAAeSwFU5qdfrO/s-l225.jpg,https://www.ebay.com/itm/267750486084?_skw=Kyurem+ex+165+Black+Bolt+Pokemon+card&hash=item3e572c3044:g:TsYAAeSwFU5qdfrO,2026-09-12T23:42:48.395762+00:00
D3-758F02BC15719DBA,D3_BLIND_REVIEW,0dde3317-5162-49d1-b5c9-6b206a086d2c,7a7c3304-cc14-4aab-9f7b-b88270d4228c,Tinkatuff,Paldean Fates,166,shiny_rare,v1|318635071504|0,Tinkatuff #166/91 (Holo) (NM) SV: Paldean Fates PAF Pokemon,,Ungraded,4000,[],"[""FIXED_PRICE""]",guildhallgames,https://i.ebayimg.com/images/g/yv8AAeSwddFqnoeh/s-l225.jpg,https://www.ebay.com/itm/318635071504?_skw=Tinkatuff+166+Paldean+Fates+Pokemon+card&hash=item4a30215810:g:yv8AAeSwddFqnoeh,2026-09-12T23:42:48.395762+00:00
D3-37E5E08E5045DA5C,D3_BLIND_REVIEW,7b00ea04-5c2a-4172-8025-afba48ddacb3,94d01e3d-09de-4d04-a0d8-1f36a5cfe684,Cresselia,Shrouded Fable,71,illustration_rare,v1|188844647647|0,Pokemon Cresselia 071/064 Shrouded Fable Illustration Rare Holo EN TCG,,Ungraded,4000,[],"[""FIXED_PRICE""]",darkvaultarchive,https://i.ebayimg.com/images/g/RJUAAeSwnp1qjx~k/s-l225.jpg,https://www.ebay.com/itm/188844647647?_skw=Cresselia+71+Shrouded+Fable+Pokemon+card&hash=item2bf804a4df:g:RJUAAeSwnp1qjx~k,2026-09-12T23:42:48.395762+00:00
D3-641AE9A285FAE736,D3_BLIND_REVIEW,2c445258-b198-43de-b710-0921ebe3f0ab,4411dcaa-280b-4355-bc49-f27c3f6580f2,Pikachu ex,Ascended Heroes,277,special_illustration_rare,v1|287490649132|0,Pokemon Pikachu ex SPECIAL ILLUSTRATION RARE 277/217 Ascended Heroes NM,,Ungraded,4000,[],"[""FIXED_PRICE"",""BEST_OFFER""]",daylami88,https://i.ebayimg.com/images/g/QW0AAeSw7dJqg8AA/s-l225.jpg,https://www.ebay.com/itm/287490649132?_skw=Pikachu+ex+277+Ascended+Heroes+Pokemon+card&hash=item42efc72c2c:g:QW0AAeSw7dJqg8AA,2026-09-12T23:42:48.395762+00:00
D3-A6DE47BBC943B561,D3_BLIND_REVIEW,a3d56338-1f3f-4b99-8920-5d71b8b85737,66f1f173-3a34-44b4-95a3-d0031fa9d3ee,Pikachu ex,Surging Sparks,247,hyper_rare_gold,v1|397992720256|0,Nintendo Pikachu ex 247/191 Sv08 Surging Sparks Hyper Rare Full Art Holo EN 2024,,Ungraded,4000,[],"[""FIXED_PRICE"",""BEST_OFFER""]",josdip14,https://i.ebayimg.com/images/g/2m0AAeSwK4lqFd-7/s-l225.jpg,https://www.ebay.com/itm/397992720256?_skw=Pikachu+ex+247+Surging+Sparks+Pokemon+card&hash=item5caa36f780:g:2m0AAeSwK4lqFd-7,2026-09-12T23:42:48.395762+00:00
D3-E8FB79DE89E8246E,D3_BLIND_REVIEW,10a47631-ea19-4b62-8a93-4b1b3e6b3013,780a248c-87ff-4879-955c-3d6bea287aca,Lt. Surge's Bargain,Mega Evolution,185,special_illustration_rare,v1|377270020145|0,Pokémon TCG Lt. Surge's Bargain 185/132 Mega Evolutions SIR Holo Full Art,,Ungraded,4000,[],"[""FIXED_PRICE"",""BEST_OFFER""]",912packpulls,https://i.ebayimg.com/images/g/DFQAAeSwFU1qMgMY/s-l225.jpg,https://www.ebay.com/itm/377270020145?_skw=Lt.+Surge%27s+Bargain+185+Mega+Evolution+Pokemon+card&hash=item57d70ba831:g:DFQAAeSwFU1qMgMY,2026-09-12T23:42:48.395762+00:00
D3-A5113BFA16866E86,D3_BLIND_REVIEW,605a2c1a-6a14-463e-b1e2-b55cd9c16244,14ea6011-0e3d-4eff-ac53-6b13e2976a71,Krookodile,Black Bolt,137,illustration_rare,v1|198547940159|0,Krookodile 137/086 Sv: Black Bolt Holo,,Ungraded,4000,[],"[""FIXED_PRICE"",""BEST_OFFER""]",abrodie_n,https://i.ebayimg.com/images/g/1xQAAeSw~Lpqcm-w/s-l225.jpg,https://www.ebay.com/itm/198547940159?_skw=Krookodile+137+Black+Bolt+Pokemon+card&hash=item2e3a61233f:g:1xQAAeSw~Lpqcm-w,2026-09-12T23:42:48.395762+00:00
D3-84C4531ECC579013,D3_BLIND_REVIEW,4299cd6b-98e3-4e65-865f-26a39b19fe5b,041717c6-a2b6-40d1-867a-b1abb1d65ec8,Durant ex,Surging Sparks,236,special_illustration_rare,v1|377485396580|0,Pokemon TCG Durant ex 236/191 Surging Sparks SIR Special Illustration Rare,,Ungraded,4000,[],"[""FIXED_PRICE"",""BEST_OFFER""]",coastic-select,https://i.ebayimg.com/images/g/8BEAAeSwD1VqoiTC/s-l225.jpg,https://www.ebay.com/itm/377485396580?_skw=Durant+ex+236+Surging+Sparks+Pokemon+card&hash=item57e3e20a64:g:8BEAAeSwD1VqoiTC,2026-09-12T23:42:48.395762+00:00
D3-BBDFA63A753A3558,D3_BLIND_REVIEW,152906c9-3b9f-4f16-bb22-cb4241c7386b,20ddd5ca-77ef-4e3c-a018-ea4c7a44913a,Giovanni's Charisma,Scarlet and Violet 151,204,special_illustration_rare,v1|800549029228|0,Giovanni's Charisma 204/165 Sv: Scarlet & Violet 151 Holo,,Ungraded,4000,[],"[""FIXED_PRICE"",""BEST_OFFER""]",540cardhaven,https://i.ebayimg.com/images/g/y0QAAeSwau1qiegB/s-l225.jpg,https://www.ebay.com/itm/800549029228?_skw=Giovanni%27s+Charisma+204+Scarlet+and+Violet+151+Pokemon+card&hash=itemba6470c56c:g:y0QAAeSwau1qiegB&amdata=enc%3AAQALAAABIACCtXRWQnOEpyOqnQQ8KGYLrYdtpL4leMIl877yFs6MAyqUIUDBJn%2BhCAhGe%2BVESvMX%2B7q3Rcg%2Bs5QTdTGdBCYfLo9sQirqKZwDL2CBFqCDj4ukV%2FuiYpIWbGEUGnmiDtq%2BUL0Hc81p6rX%2BenUdPNiByBuQNqUrBiazSiWEhphNyGMwCw%2BPVRs%2BgN1RHgkREXHYZ8%2B%2FNt1QeKXohmbZ34pFPbdUGO92W3Gshug9wbjnr01p09C%2BKTunVj4giOinFcgdBi4KSrr3C8e6jUAGdKkWmG%2FrMjakvDI8e99E1BNN02VQQceUOO9pLVMx3OSwaZwWCFNKtFyV28tvaBNBgvT%2BSkUhG2g1On348rLzemLSDzIjAv7HyD9NquPDqzyFFw%3D%3D,2026-09-12T23:42:48.395762+00:00
D3-F85010CF68D262A1,D3_BLIND_REVIEW,97165c7e-1d85-4962-807e-5661c2115d7d,b592d276-ceb3-4a5e-90d5-d759808b7da3,Furret,Journey Together,168,illustration_rare,v1|336770174869|0,Furret 168/159 Illustration Rare Journey Together Pokemon Holo Near Mint,,Ungraded,4000,[],"[""FIXED_PRICE"",""BEST_OFFER""]",2ndclassgaming,https://i.ebayimg.com/images/g/TjcAAeSwOa9qlKKZ/s-l225.jpg,https://www.ebay.com/itm/336770174869?_skw=Furret+168+Journey+Together+Pokemon+card&hash=item4e69110f95:g:TjcAAeSwOa9qlKKZ,2026-09-12T23:42:48.395762+00:00
D3-B238E59708D8A960,D3_BLIND_REVIEW,ecfe51fb-3435-4e1c-8542-8809cd6f95ff,db1498a4-579d-4bbe-b887-8368299e735f,Coalossal,Temporal Forces,95,uncommon,v1|227515246976|0,Coalossal 095/162 Uncommon Temporal Forces Pokemon Near Mint,,Ungraded,4000,[],"[""FIXED_PRICE""]",rivercitytcg-sportscards,https://i.ebayimg.com/images/g/e9QAAeSwl5xqoonx/s-l225.jpg,https://www.ebay.com/itm/227515246976?_skw=Coalossal+95+Temporal+Forces+Pokemon+card&hash=item34f8f72980:g:e9QAAeSwl5xqoonx,2026-09-12T23:42:48.395762+00:00
D3-CC2792A5372DFECD,D3_BLIND_REVIEW,3baf2f12-759f-427a-b8d0-2511e639310f,886acc91-d523-4628-bb4a-6ef8db1d8543,Mega Gardevoir ex,Mega Evolution,187,mega_hyper_rare,v1|287560782185|0,The Pokémon Company Mega Gardevoir EX Me01 187/132 Full Art Holo PSA 10,,Graded,2750,[],"[""FIXED_PRICE"",""BEST_OFFER""]",virgpin_87,https://i.ebayimg.com/images/g/eCkAAeSwwTlqmBuo/s-l225.jpg,https://www.ebay.com/itm/287560782185?_skw=Mega+Gardevoir+ex+187+Mega+Evolution+Pokemon+card&hash=item42f3f55169:g:eCkAAeSwwTlqmBuo,2026-09-12T23:42:48.395762+00:00
D3-2E8E7F1599D2F91E,D3_BLIND_REVIEW,d4ff3ebb-7e40-4a36-88e6-f07af2977641,1424e3da-f59e-47f2-8310-dfad3baf354b,Zekrom ex,Black Bolt,166,special_illustration_rare,v1|318810543625|0,Pokémon TCG Zekrom ex 166/086 SV Black Bolt SIR Full Art Holo 230 HP ENG 2025,,Ungraded,4000,[],"[""FIXED_PRICE"",""BEST_OFFER""]",1824s_427,https://i.ebayimg.com/images/g/P~wAAeSwRAVqlwQS/s-l225.jpg,https://www.ebay.com/itm/318810543625?_skw=Zekrom+ex+166+Black+Bolt+Pokemon+card&hash=item4a3a96d609:g:P~wAAeSwRAVqlwQS,2026-09-12T23:42:48.395762+00:00
D3-43A18062E63FE0AB,D3_BLIND_REVIEW,2cef0dfb-a5fd-4aed-b8ae-34a82f414587,3d276bff-a869-4634-840f-d5eb4f33aa1d,Reshiram ex,White Flare,166,special_illustration_rare,v1|377489879155|0,Reshiram ex 166/086 SV White Flare Special Illustration Rare Holo Pokemon ENG NM,,Ungraded,4000,[],"[""FIXED_PRICE"",""BEST_OFFER""]",57collection,https://i.ebayimg.com/images/g/U3EAAeSwmuBqpNou/s-l225.jpg,https://www.ebay.com/itm/377489879155?_skw=Reshiram+ex+166+White+Flare+Pokemon+card&hash=item57e4267073:g:U3EAAeSwmuBqpNou,2026-09-12T23:42:48.395762+00:00
D3-519846909434D8CF,D3_BLIND_REVIEW,966bcb61-bf43-4cd7-8287-42f4bb9fa76d,9d636c4c-055f-4e85-b5ef-64675007d904,Leafeon ex,Prismatic Evolutions,144,special_illustration_rare,v1|237063886890|0,Leafeon EX Prismatic Evolutions Sir 144/131 Special Illustration Rare,,Ungraded,4000,[],"[""FIXED_PRICE"",""BEST_OFFER""]",neahanso-0,https://i.ebayimg.com/images/g/sGUAAeSwS5hqpK5D/s-l225.jpg,https://www.ebay.com/itm/237063886890?_skw=Leafeon+ex+144+Prismatic+Evolutions+Pokemon+card&hash=item37321bd82a:g:sGUAAeSwS5hqpK5D,2026-09-12T23:42:48.395762+00:00
D3-F8296A660DC2C69D,D3_BLIND_REVIEW,209f02db-d953-4dde-bbd6-0822671fe1d1,eb38e2d2-2e6a-41e2-939d-335c8a5e50d1,Oshawott,White Flare,105,illustration_rare,v1|398345407114|0,Pokemon TCG Oshawott 105/086 Sv: White Flare Illustration Rare Holo ENG,,Ungraded,4000,[],"[""FIXED_PRICE"",""BEST_OFFER""]",anthonpaul2,https://i.ebayimg.com/images/g/Mf0AAeSwG9FqlisU/s-l225.jpg,https://www.ebay.com/itm/398345407114?_skw=Oshawott+105+White+Flare+Pokemon+card&hash=item5cbf3c8a8a:g:Mf0AAeSwG9FqlisU&amdata=enc%3AAQALAAABAACCtXRWQnOEpyOqnQQ8KGZ2xVYQXsbJhsDtsmLQdpCn%2Bf9uAAQlIT7gVm4Pi9mVP2okHDGzGgLGikG5bfK1gwABdvymQAxr0aJLJQmO722%2BwfcD3bP2QVbaYjJ%2Fy5%2Bf5WVgPxitEpkAZfwBLBCNOOZ4n2%2F9GWzJnilNPxpwi7WH7%2FKCTt4OHaiBwUgER5wdiBz8ViDsxq1yvDgYeg%2FAWQArLM9BJvPspAjsGXs96tuwuBjjgk1D6Avaa0AzI5%2B6Cb1qNFR0D7kuI0NH4so5oiub8oAmDk%2Bg3zmfvO61tmQnqv7bdJIpuVuWX9SGbp%2F34bU%2FY%2FbQZCEzfbd3ZnH4oMg%3D,2026-09-12T23:42:48.395762+00:00
D3-D86D051069407362,D3_BLIND_REVIEW,ae4a6acb-3a88-4547-a165-7a617bfb2ce8,cd7798fe-711e-4cad-a015-7139b3d49bf6,Jolteon ex,Prismatic Evolutions,153,special_illustration_rare,v1|318811103984|0,The Pokémon Company Jolteon ex 153/131 Prismatic Evolutions SIR Holo Eng,,Ungraded,4000,[],"[""FIXED_PRICE"",""BEST_OFFER""]",card_tel_trading,https://i.ebayimg.com/images/g/CqMAAeSwL3Vqlyil/s-l225.jpg,https://www.ebay.com/itm/318811103984?_skw=Jolteon+ex+153+Prismatic+Evolutions+Pokemon+card&hash=item4a3a9f62f0:g:CqMAAeSwL3Vqlyil,2026-09-12T23:42:48.395762+00:00
D3-D53906DE0EF448BC,D3_BLIND_REVIEW,b620ec1c-c0ac-4e7e-919d-a7df98bcb84b,8af678f4-09f0-486c-9617-b56896ebeea0,Zweilous,White Flare,147,illustration_rare,v1|307144492070|0,2025 POKEMON WHT EN-WHITE FLARE ILLUSTRATION RARE #147 ZWEILOUS PSA 9,,Graded,2750,[],"[""FIXED_PRICE"",""BEST_OFFER""]",psa,https://i.ebayimg.com/images/g/YTwAAeSwKDVqFG5o/s-l225.jpg,https://www.ebay.com/itm/307144492070?_skw=Zweilous+147+White+Flare+Pokemon+card&hash=item47833d0426:g:YTwAAeSwKDVqFG5o,2026-09-12T23:42:48.395762+00:00
D3-4885887537B8201A,D3_BLIND_REVIEW,53466d2d-94fd-4230-9505-694297a9030d,3451abaf-acc7-41aa-a60c-25f24b7ac07f,Perrin,Twilight Masquerade,220,special_illustration_rare,v1|178410617973|0,2024 Pokemon Twilight Masquerade PERRIN Special Illustration Rare 220,,Ungraded,4000,[],"[""FIXED_PRICE""]",cardaccountant,https://i.ebayimg.com/images/g/W4MAAeSwjgRqgMtr/s-l225.jpg,https://www.ebay.com/itm/178410617973?_skw=Perrin+220+Twilight+Masquerade+Pokemon+card&hash=item298a19fc75:g:W4MAAeSwjgRqgMtr,2026-09-12T23:42:48.395762+00:00
D3-2CB00E4B5DD709B2,D3_BLIND_REVIEW,0b81872e-b089-49e9-aec3-16a535b12efb,0057b67c-a140-400c-b308-2a6d046cb043,Haxorus,Black Bolt,147,illustration_rare,v1|377470961101|0,2025 POKEMON BLACK BOLT #147/086 HAXORUS ILLUSTRATION RARE,,Ungraded,4000,[],"[""AUCTION""]",4_sharp_corners_raw,https://i.ebayimg.com/images/g/wxsAAeSwUv9qmwMs/s-l225.jpg,https://www.ebay.com/itm/377470961101?_skw=Haxorus+147+Black+Bolt+Pokemon+card&hash=item57e305c5cd:g:wxsAAeSwUv9qmwMs,2026-09-12T23:42:48.395762+00:00
D3-CEFA627F8BE0ED78,D3_BLIND_REVIEW,d12a209b-06a3-4b46-82d3-a374e6bbe7b4,d0d523dc-3f95-4bbc-beb6-75b3d2a15cae,Grafaiai,Paldea Evolved,223,illustration_rare,v1|800491614490|0,"Grafaiai, Paldea Evolved 223/193 IR, NM",,Ungraded,4000,[],"[""FIXED_PRICE""]",562cilla650,https://i.ebayimg.com/images/g/fT4AAeSw5glqeotk/s-l225.jpg,https://www.ebay.com/itm/800491614490?_skw=Grafaiai+223+Paldea+Evolved+Pokemon+card&hash=itemba6104b11a:g:fT4AAeSw5glqeotk,2026-09-12T23:42:48.395762+00:00
D3-34DE33640A7EE16D,D3_BLIND_REVIEW,829b12ba-c7f5-4796-9a57-a2a2463c8461,0fc5990b-19e3-4716-b616-b221acc480a6,Houndour,Obsidian Flames,204,illustration_rare,v1|227517543530|0,Pokemon TCG Scarlet & Violet Obsidian Flames Houndour 204/197 Illustration Rare,,Ungraded,4000,[],"[""AUCTION"",""BEST_OFFER""]",acestcg_shop,https://i.ebayimg.com/images/g/6eUAAeSw72hqneie/s-l225.jpg,https://www.ebay.com/itm/227517543530?_skw=Houndour+204+Obsidian+Flames+Pokemon+card&hash=item34f91a346a:g:6eUAAeSw72hqneie,2026-09-12T23:42:48.395762+00:00
D3-DDAC2D990B6651F8,D3_BLIND_REVIEW,b620ec1c-c0ac-4e7e-919d-a7df98bcb84b,8af678f4-09f0-486c-9617-b56896ebeea0,Zweilous,White Flare,147,illustration_rare,v1|398321403084|0,Zweilous 147/086 Holo Illustration Rare White Flare Pokemon Card Near Mint,,Ungraded,4000,[],"[""FIXED_PRICE"",""BEST_OFFER""]",beeker_collects,https://i.ebayimg.com/images/g/2kEAAeSwCjpqjQoo/s-l225.jpg,https://www.ebay.com/itm/398321403084?_skw=Zweilous+147+White+Flare+Pokemon+card&hash=item5cbdce44cc:g:2kEAAeSwCjpqjQoo,2026-09-12T23:42:48.395762+00:00
D3-99AC02638D452681,D3_BLIND_REVIEW,6a1e2c02-b24d-4001-96f1-8bc2a24d8ccd,de749ceb-28f9-4977-b425-a83f69a3cf55,Gouging Fire ex,Temporal Forces,204,special_illustration_rare,v1|377295299189|0,Gouging Fire ex 204/162 SV05: Temporal Forces Holo Pokemon Card,,Ungraded,4000,[],"[""FIXED_PRICE""]",baseballcardconnection,https://i.ebayimg.com/images/g/pN0AAeSwPYBqPUqt/s-l225.jpg,https://www.ebay.com/itm/377295299189?_skw=Gouging+Fire+ex+204+Temporal+Forces+Pokemon+card&hash=item57d88d6275:g:pN0AAeSwPYBqPUqt,2026-09-12T23:42:48.395762+00:00
D3-649CB79B2EBB9BE1,D3_BLIND_REVIEW,53466d2d-94fd-4230-9505-694297a9030d,3451abaf-acc7-41aa-a60c-25f24b7ac07f,Perrin,Twilight Masquerade,220,special_illustration_rare,v1|366371253087|0,2024 POKEMON: TWILIGHT MASQUERADE #220 PERRIN SPECIAL ILLUSTRATION RARE PSA 10,,Graded,2750,[],"[""FIXED_PRICE"",""BEST_OFFER""]",psapasley,https://i.ebayimg.com/images/g/DxYAAeSwUv5p7jfY/s-l225.jpg,https://www.ebay.com/itm/366371253087?_skw=Perrin+220+Twilight+Masquerade+Pokemon+card&hash=item554d6dab5f:g:DxYAAeSwUv5p7jfY,2026-09-12T23:42:48.395762+00:00
D3-5678913002D7CD30,D3_BLIND_REVIEW,33dca102-b449-4da6-bfa6-7b72de711596,c2d7a5e7-cfdd-4f37-9748-a2259857c6e3,Charizard ex,Paldean Fates,234,special_illustration_rare,v1|406951887113|0,POKEMON CHARIZARD ex 2024 PALDEAN FATES #234 SPECIAL ILLUSTRATION RARE PSA 10,,Graded,2750,[],"[""FIXED_PRICE"",""BEST_OFFER""]",shopjiigglybuff,https://i.ebayimg.com/images/g/NfgAAeSwto1qFQsf/s-l225.jpg,https://www.ebay.com/itm/406951887113?_skw=Charizard+ex+234+Paldean+Fates+Pokemon+card&hash=item5ec0390109:g:NfgAAeSwto1qFQsf,2026-09-12T23:42:48.395762+00:00
D3-99F0CE8D5E7CD4EB,D3_BLIND_REVIEW,fd225f1d-3765-4209-a5ec-42caf35933b0,92fdb409-1454-43ef-87ee-19095f700462,Team Rocket's Nidoking ex,Destined Rivals,233,special_illustration_rare,v1|206503512032|0,Pokémon TCG Destined Rivals Team Rocket's Nidoking 233/182,,Ungraded,4000,[],"[""FIXED_PRICE""]",bmore_rips_llc,https://i.ebayimg.com/images/g/LwoAAeSw5GRqhc0Z/s-l225.jpg,https://www.ebay.com/itm/206503512032?_skw=Team+Rocket%27s+Nidoking+ex+233+Destined+Rivals+Pokemon+card&hash=item30149187e0:g:LwoAAeSw5GRqhc0Z,2026-09-12T23:42:48.395762+00:00
D3-3D4B9D042E8DEE70,D3_BLIND_REVIEW,7b00ea04-5c2a-4172-8025-afba48ddacb3,94d01e3d-09de-4d04-a0d8-1f36a5cfe684,Cresselia,Shrouded Fable,71,illustration_rare,v1|336791372847|0,Cresselia 021/064 Rare Shrouded Fable Pokemon Reverse Holo Near Mint,,Ungraded,4000,[],"[""FIXED_PRICE""]",chaoticcollection,https://i.ebayimg.com/images/g/vKcAAeSwMyBqpdLk/s-l225.jpg,https://www.ebay.com/itm/336791372847?_skw=Cresselia+71+Shrouded+Fable+Pokemon+card&hash=item4e6a54842f:g:vKcAAeSwMyBqpdLk,2026-09-12T23:42:48.395762+00:00
D3-24A0820C2EB79C5B,D3_BLIND_REVIEW,7b00ea04-5c2a-4172-8025-afba48ddacb3,94d01e3d-09de-4d04-a0d8-1f36a5cfe684,Cresselia,Shrouded Fable,71,illustration_rare,v1|178440104369|0,2024 Shrouded Fable Cresselia Secret Rare #071/064,,Ungraded,4000,[],"[""FIXED_PRICE"",""BEST_OFFER""]",gamedaylr,https://i.ebayimg.com/images/g/YikAAeSwmKhqjd~7/s-l225.jpg,https://www.ebay.com/itm/178440104369?_skw=Cresselia+71+Shrouded+Fable+Pokemon+card&hash=item298bdbe9b1:g:YikAAeSwmKhqjd~7&amdata=enc%3AAQALAAABAACCtXRWQnOEpyOqnQQ8KGb6NafdAnFgec0zcBCxIgQ%2FyCwt2DwFHaMPsjnzkOEXxCcE4qgrjehC873yK9bIGf%2Be38kiCu0JP9h%2FuAcR8E7Rs7w7zDDgK3jLJMTkp%2Bo98nta4nkAgqk%2Fl4MPtRdDJC3ytk2Xc%2B7H%2FbNMVhAWOn2Ok2SPX4bzx4dwmLngchwdQe%2F0mqfC7XV%2B5Tcpjg48bakf5R4TO5%2FzVHlDTC1Sh54zHtbEyEa2mkYnnNNJ4nzS1x0XVe6g8YhEXdWmwhvU6kYx7Ipdx2zeNBIDw1MxJWI0P%2FEcZwgbqr%2B6SpHkMCGfS5X27paNlsS5lacOrS%2FdYFY%3D,2026-09-12T23:42:48.395762+00:00
D3-A1FEC78104EF381E,D3_BLIND_REVIEW,55096ab6-1773-47c4-bbff-20c1db011223,9f4a2888-2f11-47aa-a5c5-2ccac8ca7c71,Victini,Black Bolt,171,rare,v1|366371783012|0,Victini 12/86 | SV: Black Bolt | Holo Rare | Pokemon (NM),,Ungraded,4000,[],"[""FIXED_PRICE"",""BEST_OFFER""]",noeebar,https://i.ebayimg.com/images/g/xzgAAeSw2rlp7ud1/s-l225.jpg,https://www.ebay.com/itm/366371783012?_skw=Victini+171+Black+Bolt+Pokemon+card&hash=item554d75c164:g:xzgAAeSw2rlp7ud1,2026-09-12T23:42:48.395762+00:00
D3-511841F0BD4E88BC,D3_BLIND_REVIEW,3baf2f12-759f-427a-b8d0-2511e639310f,886acc91-d523-4628-bb4a-6ef8db1d8543,Mega Gardevoir ex,Mega Evolution,187,mega_hyper_rare,v1|298631085059|0,Mega Gardevoir ex 187/132 Me01: Mega Evolution Holo,,Ungraded,4000,[],"[""FIXED_PRICE"",""BEST_OFFER""]",austvin,https://i.ebayimg.com/images/g/HfYAAeSw7SlqlO7L/s-l225.jpg,https://www.ebay.com/itm/298631085059?_skw=Mega+Gardevoir+ex+187+Mega+Evolution+Pokemon+card&hash=item4587ccbc03:g:HfYAAeSw7SlqlO7L,2026-09-12T23:42:48.395762+00:00
D3-819FAC03BECFBA55,D3_BLIND_REVIEW,d09b2fb5-41b6-4d1e-88cf-629402434501,efae0727-f8c2-48c5-a33e-c308be0d288d,Roaring Moon ex,Prismatic Evolutions,162,special_illustration_rare,v1|146710710842|0,Pokémon TCG Special Illustration Rare,,Ungraded,4000,[],"[""FIXED_PRICE"",""BEST_OFFER""]",tylersmith1995,https://i.ebayimg.com/images/g/7VoAAeSwCOZodr8g/s-l225.jpg,https://www.ebay.com/itm/146710710842?_skw=Roaring+Moon+ex+162+Prismatic+Evolutions+Pokemon+card&hash=item2228a3ca3a:g:7VoAAeSwCOZodr8g,2026-09-12T23:42:48.395762+00:00
D3-BB995038BFACABEA,D3_BLIND_REVIEW,f01e01fe-17e4-48b7-8ba3-9a88f876acd4,7c3e24f9-be0e-4de8-86fc-9fb913792294,Meowth,Phantasmal Flames,106,illustration_rare,v1|820087556769|0,2025 POKEMON PHANTASMAL FLAMES #106/094 MEOWTH ILLUSTRATION RARE,,Ungraded,4000,[],"[""AUCTION""]",4_sharp_corners_raw,https://i.ebayimg.com/images/g/HtgAAeSwwtVqmwMt/s-l225.jpg,https://www.ebay.com/itm/820087556769?_skw=Meowth+106+Phantasmal+Flames+Pokemon+card&hash=itembef1070aa1:g:HtgAAeSwwtVqmwMt,2026-09-12T23:42:48.395762+00:00
D3-CC51EE720B466733,D3_BLIND_REVIEW,966bcb61-bf43-4cd7-8287-42f4bb9fa76d,9d636c4c-055f-4e85-b5ef-64675007d904,Leafeon ex,Prismatic Evolutions,144,special_illustration_rare,v1|318842004360|0,Pokemon Leafeon EX Sir 144/131 Prismatic Evolutions,,Ungraded,4000,[],"[""FIXED_PRICE"",""BEST_OFFER""]",anut_7304,https://i.ebayimg.com/images/g/GXgAAeSwZU5qn59l/s-l225.jpg,https://www.ebay.com/itm/318842004360?_skw=Leafeon+ex+144+Prismatic+Evolutions+Pokemon+card&hash=item4a3c76e388:g:GXgAAeSwZU5qn59l,2026-09-12T23:42:48.395762+00:00
D3-B065F23BC8AC0812,D3_BLIND_REVIEW,23d6bd35-bbf0-49b2-911e-4949e66ff8bb,9326d67b-4017-4430-ac3c-bae6eb088be7,Pachirisu,Paldean Fates,138,shiny_rare,v1|406760626870|0,2024 Pokémon PALDEAN FATES PACHIRISU ULTRA SHINY RARE HOLO 138/091🔥🔥🔥,,Ungraded,4000,[],"[""FIXED_PRICE"",""BEST_OFFER""]",trist_3084,https://i.ebayimg.com/images/g/fvAAAeSwCGppsw4n/s-l225.jpg,https://www.ebay.com/itm/406760626870?_skw=Pachirisu+138+Paldean+Fates+Pokemon+card&hash=item5eb4d29ab6:g:fvAAAeSwCGppsw4n,2026-09-12T23:42:48.395762+00:00
D3-B231160A3D059563,D3_BLIND_REVIEW,605a2c1a-6a14-463e-b1e2-b55cd9c16244,14ea6011-0e3d-4eff-ac53-6b13e2976a71,Krookodile,Black Bolt,137,illustration_rare,v1|800274381062|0,Pokémon TCG Krookodile Black Bolt 137/086 Illustration Rare (NM),,Ungraded,4000,[],"[""FIXED_PRICE"",""BEST_OFFER""]",alma155340,https://i.ebayimg.com/images/g/t30AAeSwkUFqRZHv/s-l225.jpg,https://www.ebay.com/itm/800274381062?_skw=Krookodile+137+Black+Bolt+Pokemon+card&hash=itemba5411f906:g:t30AAeSwkUFqRZHv,2026-09-12T23:42:48.395762+00:00
D3-EAD532F40FBE174D,D3_BLIND_REVIEW,152906c9-3b9f-4f16-bb22-cb4241c7386b,20ddd5ca-77ef-4e3c-a018-ea4c7a44913a,Giovanni's Charisma,Scarlet and Violet 151,204,special_illustration_rare,v1|398317599856|0,Giovanni's Charisma Holo Ultra Rare SV: Scarlet & Violet 151 197/165 NM,,Ungraded,4000,[],"[""FIXED_PRICE""]",kilz_collectibles,https://i.ebayimg.com/images/g/SDMAAeSwzf9qi7i1/s-l225.jpg,https://www.ebay.com/itm/398317599856?_skw=Giovanni%27s+Charisma+204+Scarlet+and+Violet+151+Pokemon+card&hash=item5cbd943c70:g:SDMAAeSwzf9qi7i1,2026-09-12T23:42:48.395762+00:00
D3-66D155421B89ACBA,D3_BLIND_REVIEW,75720435-3807-46b6-b3da-5e1c53b77822,9ad0c133-f133-45ab-9b3f-494199354e20,Mega Darkrai ex,Pitch Black,116,special_illustration_rare,v1|318830141917|0,Mega Darkrai ex 116/084 Special Illustration Rare Pitch Black Pokemon Holo NMT,,Ungraded,4000,[],"[""AUCTION""]",highendboxbreaks,https://i.ebayimg.com/images/g/~BoAAeSwMx5qnDs1/s-l225.jpg,https://www.ebay.com/itm/318830141917?_skw=Mega+Darkrai+ex+116+Pitch+Black+Pokemon+card&hash=item4a3bc1e1dd:g:~BoAAeSwMx5qnDs1,2026-09-12T23:42:48.395762+00:00
D3-9EF6948F499122F4,D3_BLIND_REVIEW,301185dd-2bde-4699-80bd-8b2a3cfd8f7f,af28bc66-9c8b-4dbb-bf83-fa6215bd26f0,Pikachu ex,Ascended Heroes,276,special_illustration_rare,v1|158247420101|0,Pikachu ex 276/217 Me: Ascended Heroes SIR Holo PSA 9 English,,Graded,2750,[],"[""FIXED_PRICE"",""BEST_OFFER""]",itach2120,https://i.ebayimg.com/images/g/LmoAAeSwtwVqlzKI/s-l225.jpg,https://www.ebay.com/itm/158247420101?_skw=Pikachu+ex+276+Ascended+Heroes+Pokemon+card&hash=item24d84800c5:g:LmoAAeSwtwVqlzKI,2026-09-12T23:42:48.395762+00:00
D3-8C97DC2C59A56F3F,D3_BLIND_REVIEW,6a1e2c02-b24d-4001-96f1-8bc2a24d8ccd,de749ceb-28f9-4977-b425-a83f69a3cf55,Gouging Fire ex,Temporal Forces,204,special_illustration_rare,v1|236895294378|0,Gouging Fire ex SV05: Temporal Forces 204/162 Pokemon Card Holo,,Ungraded,4000,[],"[""FIXED_PRICE"",""BEST_OFFER""]",jpacards,https://i.ebayimg.com/images/g/EYMAAeSwDs5qO1RT/s-l225.jpg,https://www.ebay.com/itm/236895294378?_skw=Gouging+Fire+ex+204+Temporal+Forces+Pokemon+card&hash=item37280f53aa:g:EYMAAeSwDs5qO1RT,2026-09-12T23:42:48.395762+00:00
D3-CEF36B1EF93DB370,D3_BLIND_REVIEW,e26de7b7-434e-4bec-8fc2-fb15b971b1a7,44b0372c-396d-43e9-84bb-afad2d04128f,Jamming Tower,Ascended Heroes,261,ultra_rare,v1|800636465283|0,Jamming Tower 261/217 Ultra Rare ME: Ascended Heroes Pokemon Near Mint,,Ungraded,4000,[],"[""AUCTION"",""BEST_OFFER""]",aldorein4382,https://i.ebayimg.com/images/g/90sAAeSw65JqIZOt/s-l225.jpg,https://www.ebay.com/itm/800636465283?_skw=Jamming+Tower+261+Ascended+Heroes+Pokemon+card&hash=itemba69a6f083:g:90sAAeSw65JqIZOt,2026-09-12T23:42:48.395762+00:00
D3-FD05B6D772F35203,D3_BLIND_REVIEW,5576e4b9-4873-40fa-84c4-da9f28cec096,8614b6c4-8840-4b33-9908-4ded064f570f,Gulpin,Stellar Crown,154,illustration_rare,v1|168664502209|0,Gulpin Holo Illustration Rare SV07: Stellar Crown 154/142 NM,,Ungraded,4000,[],"[""FIXED_PRICE"",""BEST_OFFER""]",603-collectibles,https://i.ebayimg.com/images/g/77cAAeSwW8Nqmzan/s-l225.jpg,https://www.ebay.com/itm/168664502209?_skw=Gulpin+154+Stellar+Crown+Pokemon+card&hash=item2745300fc1:g:77cAAeSwW8Nqmzan,2026-09-12T23:42:48.395762+00:00
D3-E50EB587646481AC,D3_BLIND_REVIEW,209f02db-d953-4dde-bbd6-0822671fe1d1,eb38e2d2-2e6a-41e2-939d-335c8a5e50d1,Oshawott,White Flare,105,illustration_rare,v1|800252766385|0,Oshawott 105/086 Holo - Pokemon SV: White Flare,,Ungraded,4000,[],"[""FIXED_PRICE"",""BEST_OFFER""]",adams_market,https://i.ebayimg.com/images/g/kjAAAeSwGqVqQCQV/s-l225.jpg,https://www.ebay.com/itm/800252766385?_skw=Oshawott+105+White+Flare+Pokemon+card&hash=itemba52c828b1:g:kjAAAeSwGqVqQCQV,2026-09-12T23:42:48.395762+00:00
D3-C805B49A97F96783,D3_BLIND_REVIEW,77b44a76-26f7-4fa0-a548-c29870a7bb68,63f84d31-df83-456f-bd4c-e59b7e2ba541,Crustle,Paradox Rift,183,illustration_rare,v1|227153217536|0,Pokémon TCG SV04: Paradox Rift Crustle 183/182 Near Mint (NM),,Ungraded,4000,[],"[""FIXED_PRICE"",""BEST_OFFER""]",mcr-5211,https://i.ebayimg.com/images/g/JmwAAeSw4cVpVCi6/s-l225.jpg,https://www.ebay.com/itm/227153217536?_skw=Crustle+183+Paradox+Rift+Pokemon+card&hash=item34e3630800:g:JmwAAeSw4cVpVCi6,2026-09-12T23:42:48.395762+00:00
D3-1BCC7300F424831B,D3_BLIND_REVIEW,a922341e-4646-470b-95cf-2a59055b18ce,2bf9f356-230d-42e8-99e7-0b10161b9392,Spidops ex,Scarlet and Violet Base Set,243,special_illustration_rare,v1|156315744283|0,Holo Spidops ex -  019/198 Double Rare Scarlet & Violet Base Set Pokemon TCG,,Ungraded,4000,[],"[""FIXED_PRICE"",""BEST_OFFER""]",zatchiel,https://i.ebayimg.com/images/g/DXwAAOSwM0JmmkLk/s-l225.jpg,https://www.ebay.com/itm/156315744283?_skw=Spidops+ex+243+Scarlet+and+Violet+Base+Set+Pokemon+card&hash=item246524f81b:g:DXwAAOSwM0JmmkLk,2026-09-12T23:42:48.395762+00:00
D3-31FD6FB8042470E9,D3_BLIND_REVIEW,152906c9-3b9f-4f16-bb22-cb4241c7386b,20ddd5ca-77ef-4e3c-a018-ea4c7a44913a,Giovanni's Charisma,Scarlet and Violet 151,204,special_illustration_rare,v1|327253840951|0,Giovanni's Charisma 197/165 Sv: Scarlet & Violet 151 Holo,,Ungraded,4000,[],"[""FIXED_PRICE""]",eswiick,https://i.ebayimg.com/images/g/R~QAAeSwWJxqTujd/s-l225.jpg,https://www.ebay.com/itm/327253840951?_skw=Giovanni%27s+Charisma+204+Scarlet+and+Violet+151+Pokemon+card&hash=item4c31d95437:g:R~QAAeSwWJxqTujd,2026-09-12T23:42:48.395762+00:00
D3-29F71C50347FD6FD,D3_BLIND_REVIEW,e26de7b7-434e-4bec-8fc2-fb15b971b1a7,44b0372c-396d-43e9-84bb-afad2d04128f,Jamming Tower,Ascended Heroes,261,ultra_rare,v1|287432634937|0,Jamming Tower 261/217 ME: Ascended Heroes Ultra Rare Pokemon Card NM,,Ungraded,4000,[],"[""FIXED_PRICE"",""BEST_OFFER""]",forsythej123,https://i.ebayimg.com/images/g/74EAAeSwak9qReez/s-l225.jpg,https://www.ebay.com/itm/287432634937?_skw=Jamming+Tower+261+Ascended+Heroes+Pokemon+card&hash=item42ec51f239:g:74EAAeSwak9qReez,2026-09-12T23:42:48.395762+00:00
D3-0A96C1D652E8C692,D3_BLIND_REVIEW,f01e01fe-17e4-48b7-8ba3-9a88f876acd4,7c3e24f9-be0e-4de8-86fc-9fb913792294,Meowth,Phantasmal Flames,106,illustration_rare,v1|327334444047|0,Pokemon - Meowth 106/094 Phantasmal Flames - Near Mint NM,,Ungraded,4000,[],"[""FIXED_PRICE""]",profzettstcg,https://i.ebayimg.com/images/g/7qcAAeSwja9qlQBM/s-l225.jpg,https://www.ebay.com/itm/327334444047?_skw=Meowth+106+Phantasmal+Flames+Pokemon+card&hash=item4c36a73c0f:g:7qcAAeSwja9qlQBM,2026-09-12T23:42:48.395762+00:00
D3-E86D2E5220FF7D0A,D3_BLIND_REVIEW,53466d2d-94fd-4230-9505-694297a9030d,3451abaf-acc7-41aa-a60c-25f24b7ac07f,Perrin,Twilight Masquerade,220,special_illustration_rare,v1|236900588472|0,Perrin 220/167 Sv06: Twilight Masquerade Holo,,Ungraded,4000,[],"[""FIXED_PRICE"",""BEST_OFFER""]",gomiscards0,https://i.ebayimg.com/images/g/fGQAAeSwfTdqPuqN/s-l225.jpg,https://www.ebay.com/itm/236900588472?_skw=Perrin+220+Twilight+Masquerade+Pokemon+card&hash=item3728601bb8:g:fGQAAeSwfTdqPuqN,2026-09-12T23:42:48.395762+00:00
D3-8A62FD189CC33749,D3_BLIND_REVIEW,25638dbd-2434-4a4f-ba0d-dcf3e3e114ca,b3f17a3e-c2cb-447e-8873-c5970a4372c9,Clemont's Quick Wit,Surging Sparks,243,special_illustration_rare,v1|398325291518|0,Clemont's Quick Wit 243/191 Special Illustration Rare Pokemon TCG Surging Sparks,,Ungraded,4000,[],"[""FIXED_PRICE"",""BEST_OFFER""]",acesellemall,https://i.ebayimg.com/images/g/Y0QAAeSwaclqjm3e/s-l225.jpg,https://www.ebay.com/itm/398325291518?_skw=Clemont%27s+Quick+Wit+243+Surging+Sparks+Pokemon+card&hash=item5cbe0999fe:g:Y0QAAeSwaclqjm3e,2026-09-12T23:42:48.395762+00:00
D3-026C5298C18A62DD,D3_BLIND_REVIEW,ae4a6acb-3a88-4547-a165-7a617bfb2ce8,cd7798fe-711e-4cad-a015-7139b3d49bf6,Jolteon ex,Prismatic Evolutions,153,special_illustration_rare,v1|236836838478|0,Jolteon ex 153/131 SV Prismatic Evolutions SIR Full Art Holo English 260HP,,Ungraded,4000,[],"[""FIXED_PRICE"",""BEST_OFFER""]",6bndq_62,https://i.ebayimg.com/images/g/PxIAAeSw5-9qFHX~/s-l225.jpg,https://www.ebay.com/itm/236836838478?_skw=Jolteon+ex+153+Prismatic+Evolutions+Pokemon+card&hash=item3724935c4e:g:PxIAAeSw5-9qFHX~&amdata=enc%3AAQALAAABEACCtXRWQnOEpyOqnQQ8KGYWLPohsr5vhwXceSlXEgt8T513hC%2BxZPGOLuwcSbectNIsxuLMnNqMs6Bpn2Kwl6LPvWFwJdqhkcicgo4f%2F10FRsX9KPRcA5hewBhR1VKT6c8lpctf9gwbySndgsuxa1SqF394dKNL3sdMIOg5ecn7PcVpaqzJI%2FHafM%2FOKJyNxJqrgmWQ1bBnKksNRzUJQFcmeedePYKbyD8cVKZaEQ%2FuUueWMaI8o1p1CCOKwpKfl%2FSGFn1hDqdC5gtz9n2a938FgmkNWPFBf0tDW8J28I%2BvHj9im6c%2B0pnN%2FBi%2BQ1dKI7oCTaDTS9%2BQnmTB1Mj%2BtD98FtesbrwadmTPP1dU8hoA,2026-09-12T23:42:48.395762+00:00
D3-1B3177654DDDC1B6,D3_BLIND_REVIEW,b3020b76-9ff0-449a-85b8-924878fa0e8b,b70cd4ec-81c4-4e81-a677-901a43af62d9,Archeops,White Flare,132,illustration_rare,v1|237036798879|0,Archeops SV: White Flare 132/086 Illustration Rare NM,,Ungraded,4000,[],"[""FIXED_PRICE"",""BEST_OFFER""]",916_tcg,https://i.ebayimg.com/images/g/IPIAAeSwGFpqko3G/s-l225.jpg,https://www.ebay.com/itm/237036798879?_skw=Archeops+132+White+Flare+Pokemon+card&hash=item37307e839f:g:IPIAAeSwGFpqko3G,2026-09-12T23:42:48.395762+00:00
D3-076869CC5F4A7644,D3_BLIND_REVIEW,ec8fec81-b57d-442a-baf0-91882c40de6e,67ea57e5-8821-4372-ac63-4c6e3f81f261,Team Rocket's Giovanni,Ascended Heroes,204,uncommon,v1|398126401075|666406087499,Ascended Heroes Pokémon Cards/Energy Symbol Pattern/Trainer’s /ex/Reverse Holos.,,Ungraded,4000,[],"[""FIXED_PRICE""]",ec-cards-store,https://i.ebayimg.com/images/g/3lsAAeSwnipqo2Yf/s-l225.jpg,https://www.ebay.com/itm/398126401075?_skw=Team+Rocket%27s+Giovanni+204+Ascended+Heroes+Pokemon+card&hash=item5cb22ec633:g:3lsAAeSwnipqo2Yf&amdata=enc%3AAQALAAABEACCtXRWQnOEpyOqnQQ8KGZitkfWbTN0SwuLZHp7rUSauxXzWRA%2BSFXYrtwIvSFbYaSkuDrgEyLMygylIFot3c%2FksBSu0Jl3oE1PD3oQAUFQn4VHEXWu3AlfaJd4qxkVHGDxYa%2FLL%2Fj6RrPJyeM1efqIpEzmxPt2GcIqdm8ODD3mtsQR2%2BISKwsh9%2Fuok0bcp6pL08gmmBeXwBikS2SxBlxBx6WNuLObYeLB8kHc0KjOJre6dEPAQXk94t%2B3%2BFq%2F5I9aPDICqQJSvVIitgvs9oAaIyOWfUM%2BtlCN%2Bh%2BxEYpKXrlYNfmDzCf8oXCduZNXYOPct2R%2Fk8RKuY0C3ROb192ZzFB9eBed57ygaDkvQ7Za,2026-09-12T23:42:48.395762+00:00
D3-4862F64D56115F00,D3_BLIND_REVIEW,5576e4b9-4873-40fa-84c4-da9f28cec096,8614b6c4-8840-4b33-9908-4ded064f570f,Gulpin,Stellar Crown,154,illustration_rare,v1|287517901565|0,Gulpin Holo Illustration Rare SV07: Stellar Crown 154/142 NM,,Ungraded,4000,[],"[""FIXED_PRICE"",""BEST_OFFER""]",cesuhtcg,https://i.ebayimg.com/images/g/GI0AAeSwa2dqeqLX/s-l225.jpg,https://www.ebay.com/itm/287517901565?_skw=Gulpin+154+Stellar+Crown+Pokemon+card&hash=item42f16702fd:g:GI0AAeSwa2dqeqLX,2026-09-12T23:42:48.395762+00:00
D3-5FFB95706DA4544D,D3_BLIND_REVIEW,a6969678-b361-4b27-bee3-e3cdc127a5e4,bb6ebfa8-886c-4b5c-822a-7431870bb339,Dragapult ex,Prismatic Evolutions,165,special_illustration_rare,v1|318591875934|0,Dragapult ex Holo Special Illustration Rare SV: Prismatic Evolutions 165/131 NM,,Ungraded,4000,[],"[""FIXED_PRICE"",""BEST_OFFER""]",newgen-cards,https://i.ebayimg.com/images/g/LQwAAeSwYaxqWP~3/s-l225.jpg,https://www.ebay.com/itm/318591875934?_skw=Dragapult+ex+165+Prismatic+Evolutions+Pokemon+card&hash=item4a2d8e3b5e:g:LQwAAeSwYaxqWP~3,2026-09-12T23:42:48.395762+00:00
D3-5F8AF440AA42931E,D3_BLIND_REVIEW,5576e4b9-4873-40fa-84c4-da9f28cec096,8614b6c4-8840-4b33-9908-4ded064f570f,Gulpin,Stellar Crown,154,illustration_rare,v1|358856155551|0,Pokémon TCG Gulpin #154/142 Stellar Crown Illustration - NM ,,Ungraded,4000,[],"[""FIXED_PRICE"",""BEST_OFFER""]",gapeachthreads,https://i.ebayimg.com/images/g/sWwAAeSwgMtqaVVT/s-l225.jpg,https://www.ebay.com/itm/358856155551?_skw=Gulpin+154+Stellar+Crown+Pokemon+card&hash=item538d7e619f:g:sWwAAeSwgMtqaVVT,2026-09-12T23:42:48.395762+00:00
D3-E8A77081A2C5B251,D3_BLIND_REVIEW,24f40ecd-605f-4d62-b748-afed33706583,bd1bb49f-f0e6-4441-a2cd-648e3ccf4a4c,Emboar,White Flare,98,illustration_rare,v1|326979528400|0,Pokemon Emboar 013/086 Holo Rare White Flare English NM,,Ungraded,4000,[],"[""FIXED_PRICE""]",islandhobby,https://i.ebayimg.com/images/g/wF8AAeSwsFtpfkay/s-l225.jpg,https://www.ebay.com/itm/326979528400?_skw=Emboar+98+White+Flare+Pokemon+card&hash=item4c217fa6d0:g:wF8AAeSwsFtpfkay,2026-09-12T23:42:48.395762+00:00
D3-555D9845C1C19137,D3_BLIND_REVIEW,f01e01fe-17e4-48b7-8ba3-9a88f876acd4,7c3e24f9-be0e-4de8-86fc-9fb913792294,Meowth,Phantasmal Flames,106,illustration_rare,v1|398283748758|0,2025 Pokemon Meowth Phantasmal Flames LP/NM - 106/094,,Ungraded,4000,[],"[""FIXED_PRICE""]",24kcollection,https://i.ebayimg.com/images/g/2BIAAeSwMcpqfqz0/s-l225.jpg,https://www.ebay.com/itm/398283748758?_skw=Meowth+106+Phantasmal+Flames+Pokemon+card&hash=item5cbb8fb596:g:2BIAAeSwMcpqfqz0,2026-09-12T23:42:48.395762+00:00
D3-20945A5EAE346E6C,D3_BLIND_REVIEW,6a1e2c02-b24d-4001-96f1-8bc2a24d8ccd,de749ceb-28f9-4977-b425-a83f69a3cf55,Gouging Fire ex,Temporal Forces,204,special_illustration_rare,v1|820042405004|0,Pokémon TCG: PSA 9 GOUGING FIRE EX Temporal Forces Illustration Rare 204/162,,Graded,2750,[],"[""FIXED_PRICE""]",carlscollectables989,https://i.ebayimg.com/images/g/l3IAAeSwiIVqjH-v/s-l225.jpg,https://www.ebay.com/itm/820042405004?_skw=Gouging+Fire+ex+204+Temporal+Forces+Pokemon+card&hash=itembeee56148c:g:l3IAAeSwiIVqjH-v&amdata=enc%3AAQALAAABEACCtXRWQnOEpyOqnQQ8KGbjmAZglaVy1Q1vzesn6%2F7ejQwJFGQcsvNX3mt5ZaHsvO61hTpMvw7uc2mxv229U8MwNwG1g%2BcskdPjbsfsjscXvKGjBT%2BqpsKEnJgMthTIi%2BeX5T4ilOro5tRgExx3QHfIp7DZiFI4mhfODhEzfvVcaVOSywUy7LeOqgq42mYpRFCmDTk%2B1CtvMatLEaiYxBajNXCawY2K4%2BjnN1vh9YDuNUjDV6%2Bh%2B3RBL%2FKpfAciE6a8%2BGVLfhhe9UeZA0dW2QrIkIL1shvGW78QrhvGoGlGG%2B2yLuzVlSKIHnN1N%2BDNACZayd9%2BVbsmwadabMND6M%2F3rlY8gxPBh%2Ft9jUIKG2FQ,2026-09-12T23:42:48.395762+00:00
D3-1DCAB4CF5662CAE8,D3_BLIND_REVIEW,cc59d868-d0e5-4557-9423-3f9b7c9d2591,04f90621-b7cb-49bf-b962-8ba0790d6e62,Team Rocket's Giovanni,Destined Rivals,238,special_illustration_rare,v1|398077317762|0,Team Rocket's Giovanni 238/182 Sir Destined Rivals,,Ungraded,4000,[],"[""FIXED_PRICE"",""BEST_OFFER""]",albdeh83,https://i.ebayimg.com/images/g/Q8MAAeSw9XdqMyO5/s-l225.jpg,https://www.ebay.com/itm/398077317762?_skw=Team+Rocket%27s+Giovanni+238+Destined+Rivals+Pokemon+card&hash=item5caf41d282:g:Q8MAAeSw9XdqMyO5,2026-09-12T23:42:48.395762+00:00
D3-15F3191C8FD6D555,D3_BLIND_REVIEW,147a436d-4ccc-43d1-b19a-20b74d2ff723,a86eb8d9-0e89-4e02-879a-d587dbfe0252,Carmine,Twilight Masquerade,217,special_illustration_rare,v1|158276802902|0,Carmine 217/167 SIR - Sv06: Twilight Masquerade - Pokemon TCG,,Ungraded,4000,[],"[""FIXED_PRICE""]",alcardholics,https://i.ebayimg.com/images/g/Za4AAeSwEZZqohv3/s-l225.jpg,https://www.ebay.com/itm/158276802902?_skw=Carmine+217+Twilight+Masquerade+Pokemon+card&hash=item24da085956:g:Za4AAeSwEZZqohv3,2026-09-12T23:42:48.395762+00:00
D3-FAA63CCB12FA67C6,D3_BLIND_REVIEW,2c445258-b198-43de-b710-0921ebe3f0ab,4411dcaa-280b-4355-bc49-f27c3f6580f2,Pikachu ex,Ascended Heroes,277,special_illustration_rare,v1|327335839888|0,Pikachu ex 277/217 Me: Ascended Heroes Holo,,Ungraded,4000,[],"[""FIXED_PRICE"",""BEST_OFFER""]",2010firman77,https://i.ebayimg.com/images/g/8O0AAeSw8rhqlj0p/s-l225.jpg,https://www.ebay.com/itm/327335839888?_skw=Pikachu+ex+277+Ascended+Heroes+Pokemon+card&hash=item4c36bc8890:g:8O0AAeSw8rhqlj0p,2026-09-12T23:42:48.395762+00:00
D3-DC491FA323DCC0CB,D3_BLIND_REVIEW,9f323989-e972-4a9e-9e7b-3166e85d0690,0f3466bf-92b1-4d3d-913b-181fcec68996,Mega Feraligatr ex,Ascended Heroes,274,special_illustration_rare,v1|307171084353|0,"Mega Feraligatr ex 274/217 SIR, Ascended Heroes, Full Art Holo, Pokemon TCG, NM",,Ungraded,4000,[],"[""AUCTION""]",backstreetcollectibles,https://i.ebayimg.com/images/g/V8gAAeSwGqVqMajs/s-l225.jpg,https://www.ebay.com/itm/307171084353?_skw=Mega+Feraligatr+ex+274+Ascended+Heroes+Pokemon+card&hash=item4784d2c841:g:V8gAAeSwGqVqMajs,2026-09-12T23:42:48.395762+00:00
D3-0A3E8F24513A2048,D3_BLIND_REVIEW,23d6bd35-bbf0-49b2-911e-4949e66ff8bb,9326d67b-4017-4430-ac3c-bae6eb088be7,Pachirisu,Paldean Fates,138,shiny_rare,v1|318648511711|0,The Pokemon Company Pachirisu 138/091 SV Paldean Fates Holo Shiny Rare Eng,,Ungraded,4000,[],"[""FIXED_PRICE"",""BEST_OFFER""]",ca_collectables18,https://i.ebayimg.com/images/g/so0AAeSw3QtqaT-e/s-l225.jpg,https://www.ebay.com/itm/318648511711?_skw=Pachirisu+138+Paldean+Fates+Pokemon+card&hash=item4a30ee6cdf:g:so0AAeSw3QtqaT-e,2026-09-12T23:42:48.395762+00:00
D3-00C40A9908D1B6B2,D3_BLIND_REVIEW,d4ff3ebb-7e40-4a36-88e6-f07af2977641,1424e3da-f59e-47f2-8310-dfad3baf354b,Zekrom ex,Black Bolt,166,special_illustration_rare,v1|147566823892|0,Zekrom ex 166/086 Sv: Black Bolt Holo,,Ungraded,4000,[],"[""FIXED_PRICE""]",nation_of_cards,https://i.ebayimg.com/images/g/6YoAAeSwLgNqpGV2/s-l225.jpg,https://www.ebay.com/itm/147566823892?_skw=Zekrom+ex+166+Black+Bolt+Pokemon+card&hash=item225bab09d4:g:6YoAAeSwLgNqpGV2,2026-09-12T23:42:48.395762+00:00
D3-9A4147C595C6B801,D3_BLIND_REVIEW,3b5294d0-4738-4296-952e-f32b2788e3c4,10ab9aee-5f8c-4938-aec5-aa4a4314f745,Sunflora,Twilight Masquerade,169,illustration_rare,v1|158119171233|0,SUNFLORA 169/167 ILLUSTRATION RARE TWILIGHT MASQUERADE POKEMON HOLO NEAR MINT,,Ungraded,4000,[],"[""FIXED_PRICE""]",ace_eminent,https://i.ebayimg.com/images/g/wr4AAeSw6XlqZNcs/s-l225.jpg,https://www.ebay.com/itm/158119171233?_skw=Sunflora+169+Twilight+Masquerade+Pokemon+card&hash=item24d0a314a1:g:wr4AAeSw6XlqZNcs,2026-09-12T23:42:48.395762+00:00
D3-23B13C12F31ACD5A,D3_BLIND_REVIEW,3b5294d0-4738-4296-952e-f32b2788e3c4,10ab9aee-5f8c-4938-aec5-aa4a4314f745,Sunflora,Twilight Masquerade,169,illustration_rare,v1|178400384797|0,Sunflora Holo Illustration Rare SV06: Twilight Masquerade 169/167 NM,,Ungraded,4000,[],"[""FIXED_PRICE"",""BEST_OFFER""]",mazanga_llc,https://i.ebayimg.com/images/g/bH8AAeSwDRtqfMVw/s-l225.jpg,https://www.ebay.com/itm/178400384797?_skw=Sunflora+169+Twilight+Masquerade+Pokemon+card&hash=item29897dd71d:g:bH8AAeSwDRtqfMVw,2026-09-12T23:42:48.395762+00:00
D3-8F0A92ACE08B8244,D3_BLIND_REVIEW,77b44a76-26f7-4fa0-a548-c29870a7bb68,63f84d31-df83-456f-bd4c-e59b7e2ba541,Crustle,Paradox Rift,183,illustration_rare,v1|227390494562|0,Pokémon TCG Crustle Holo Illustration Rare Card 183/182 Sv04: Paradox Rift,,Ungraded,4000,[],"[""FIXED_PRICE""]",alb-3118,https://i.ebayimg.com/images/g/O78AAeSwtAZqMMm-/s-l225.jpg,https://www.ebay.com/itm/227390494562?_skw=Crustle+183+Paradox+Rift+Pokemon+card&hash=item34f1879762:g:O78AAeSwtAZqMMm-,2026-09-12T23:42:48.395762+00:00
D3-B1A91D05AAAE3250,D3_BLIND_REVIEW,4206e794-1ec6-4d55-94d4-63267ac9a183,9d5ddc90-8f9d-4759-b73d-fff0cd877d73,Mega Dragonite ex,Ascended Heroes,290,special_illustration_rare,v1|800651712543|0,Mega Dragonite ex 290/217 Me: Ascended Heroes Holo Tag 10,,Graded,2750,[],"[""AUCTION"",""BEST_OFFER""]",lusan_4774,https://i.ebayimg.com/images/g/H6YAAeSwXS5qpa0Q/s-l225.jpg,https://www.ebay.com/itm/800651712543?_skw=Mega+Dragonite+ex+290+Ascended+Heroes+Pokemon+card&hash=itemba6a8f981f:g:H6YAAeSwXS5qpa0Q,2026-09-12T23:42:48.395762+00:00
D3-8F1E63D91F9EFA0A,D3_BLIND_REVIEW,301185dd-2bde-4699-80bd-8b2a3cfd8f7f,af28bc66-9c8b-4dbb-bf83-fa6215bd26f0,Pikachu ex,Ascended Heroes,276,special_illustration_rare,v1|800628308831|0,pikachu ex 276/217 me: ascended heroes sir,,Ungraded,4000,[],"[""FIXED_PRICE"",""BEST_OFFER""]",ali-3665,https://i.ebayimg.com/images/g/uzMAAeSwqvhqn19y/s-l225.jpg,https://www.ebay.com/itm/800628308831?_skw=Pikachu+ex+276+Ascended+Heroes+Pokemon+card&hash=itemba692a7b5f:g:uzMAAeSwqvhqn19y,2026-09-12T23:42:48.395762+00:00
D3-740C89E0B368F14F,D3_BLIND_REVIEW,018c983e-b1d0-41df-880e-ebf3f2e2fb12,4eb8f140-a9c3-41c4-85aa-c2f6b7131746,Penny,Scarlet and Violet Base Set,252,special_illustration_rare,v1|177689900792|0,Penny Scarlet & Violet Base Set 183/198 Regular Uncommon - Pokemon TCG CCG NM,,Ungraded,4000,[],"[""FIXED_PRICE"",""BEST_OFFER""]",arksellerguy,https://i.ebayimg.com/images/g/h~MAAeSwD39pRZ2h/s-l225.jpg,https://www.ebay.com/itm/177689900792?_skw=Penny+252+Scarlet+and+Violet+Base+Set+Pokemon+card&hash=item295f24b6f8:g:h~MAAeSwD39pRZ2h,2026-09-12T23:42:48.395762+00:00
D3-293A0DF98B07D8CA,D3_BLIND_REVIEW,31566cbb-0eeb-499e-aa6d-b9b0bd85fc8b,fc81462a-2c3e-4b7a-a7be-ad7f88d98ace,Mega Greninja ex,Chaos Rising,122,mega_hyper_rare,v1|318698358284|0,GOLD Mega Greninja ex 122/086 Chaos Rising Pokémon 2026 Mega Hyper Rare,,Ungraded,4000,[],"[""FIXED_PRICE""]",aan_collect,https://i.ebayimg.com/images/g/xucAAeSwWXtqd1sd/s-l225.jpg,https://www.ebay.com/itm/318698358284?_skw=Mega+Greninja+ex+122+Chaos+Rising+Pokemon+card&hash=item4a33e7060c:g:xucAAeSwWXtqd1sd,2026-09-12T23:42:48.395762+00:00
D3-725957A42B4203B1,D3_BLIND_REVIEW,a922341e-4646-470b-95cf-2a59055b18ce,2bf9f356-230d-42e8-99e7-0b10161b9392,Spidops ex,Scarlet and Violet Base Set,243,special_illustration_rare,v1|178364083794|0,Spidops ex 243/198 SV01: Scarlet & Violet Base Set Holo,,Ungraded,4000,[],"[""FIXED_PRICE"",""BEST_OFFER""]",arinc2005,https://i.ebayimg.com/images/g/Pj0AAeSw1KlqbkGb/s-l225.jpg,https://www.ebay.com/itm/178364083794?_skw=Spidops+ex+243+Scarlet+and+Violet+Base+Set+Pokemon+card&hash=item298753ee52:g:Pj0AAeSw1KlqbkGb,2026-09-12T23:42:48.395762+00:00
D3-F4C608204A240CA2,D3_BLIND_REVIEW,ae4a6acb-3a88-4547-a165-7a617bfb2ce8,cd7798fe-711e-4cad-a015-7139b3d49bf6,Jolteon ex,Prismatic Evolutions,153,special_illustration_rare,v1|236930117222|0,Jolteon ex 153/131 Sv: Prismatic Evolutions Holo - PSA 10 pop. 2915,,Graded,2750,[],"[""FIXED_PRICE"",""BEST_OFFER""]",garrds,https://i.ebayimg.com/images/g/t1MAAeSwkAhqUW38/s-l225.jpg,https://www.ebay.com/itm/236930117222?_skw=Jolteon+ex+153+Prismatic+Evolutions+Pokemon+card&hash=item372a22ae66:g:t1MAAeSwkAhqUW38,2026-09-12T23:42:48.395762+00:00
D3-C977CC68CA2B3873,D3_BLIND_REVIEW,b3020b76-9ff0-449a-85b8-924878fa0e8b,b70cd4ec-81c4-4e81-a677-901a43af62d9,Archeops,White Flare,132,illustration_rare,v1|397884183394|0,Pokémon Archeops Illustration Rare Sv: White Flare Holo PSA 9 132/086 2025,,Graded,2750,[],"[""FIXED_PRICE"",""BEST_OFFER""]",franciarguet0,https://i.ebayimg.com/images/g/pFkAAeSw5vBp7xje/s-l225.jpg,https://www.ebay.com/itm/397884183394?_skw=Archeops+132+White+Flare+Pokemon+card&hash=item5ca3bed362:g:pFkAAeSw5vBp7xje,2026-09-12T23:42:48.395762+00:00
D3-A6DAE89656E56960,D3_BLIND_REVIEW,2bf67447-75e1-4e97-ac08-c7f3e7f2c88c,ea7d59b7-a934-43b2-a230-9520fb6e6048,Dhelmise,Mega Evolution,18,common,v1|406259514260|676587271815,Mega Evolution Complete Your Set Base Holo Reverse Holo Choose Card Pokemon 10/9,,Ungraded,4000,[],"[""FIXED_PRICE""]",hotwheels924,https://i.ebayimg.com/images/g/dQ0AAeSwShxo3zVN/s-l225.jpg,https://www.ebay.com/itm/406259514260?_skw=Dhelmise+18+Mega+Evolution+Pokemon+card&hash=item5e96f43b94:g:dQ0AAeSwShxo3zVN,2026-09-12T23:42:48.395762+00:00
D3-CC4FEC8F3FF87D97,D3_BLIND_REVIEW,b801a524-e703-4f4c-ad99-1ec742cf30ec,586dac04-6254-4241-b628-b6d3dac61063,Bianca's Devotion,Temporal Forces,209,special_illustration_rare,v1|398290994322|0,Bianca's Devotion 209/162 SV05: Temporal Forces Holo,,Ungraded,4000,[],"[""FIXED_PRICE"",""BEST_OFFER""]",jacmaca-37,https://i.ebayimg.com/images/g/FWMAAeSwv-JqgTnV/s-l225.jpg,https://www.ebay.com/itm/398290994322?_skw=Bianca%27s+Devotion+209+Temporal+Forces+Pokemon+card&hash=item5cbbfe4492:g:FWMAAeSwv-JqgTnV&amdata=enc%3AAQALAAABEACCtXRWQnOEpyOqnQQ8KGYjW%2BZSeBYvntc%2BOIfTWpykEnguTLyPULpmOA9QOeMi4VZc6FfOFtf0n4JFiiNjWinvqjV4TXD%2Bld35YMmqaF64lZGj3SVr9Fm4SNvxQlHfhfTr9PQGgerJNJGztQ4dPZIFBvpAnFV0lIs41z13JfIVNI6higaHeJP9HYvvAArFqs69UFLaWXQjF2yTcWNypJLDuND79dxA6LfFXmKjtwIraNcEGrNqyGieYl%2BKPhRfWMJ%2B58%2FkmSq6UvuRQf2ngIVxnEH%2FMPOsSlj%2FUx1l0ynxxPNMVzK9uGnshZUC4NJmEvmDA7bAV2vlICMwuDep2iZeMp81aBWlpW6ozdKj165Z,2026-09-12T23:42:48.395762+00:00
D3-4AFD6ED42650F907,D3_BLIND_REVIEW,55096ab6-1773-47c4-bbff-20c1db011223,9f4a2888-2f11-47aa-a5c5-2ccac8ca7c71,Victini,Black Bolt,171,rare,v1|198417555798|0,Victini Black Bolt 12/86 Pokeball Pattern Pokemon Card Nm,,Ungraded,4000,[],"[""FIXED_PRICE"",""BEST_OFFER""]",rsz4g30,https://i.ebayimg.com/images/g/FJwAAeSw7AxqKhNK/s-l225.jpg,https://www.ebay.com/itm/198417555798?_skw=Victini+171+Black+Bolt+Pokemon+card&hash=item2e329ba156:g:FJwAAeSw7AxqKhNK,2026-09-12T23:42:48.395762+00:00
D3-C2370EEE077B81E9,D3_BLIND_REVIEW,3b5294d0-4738-4296-952e-f32b2788e3c4,10ab9aee-5f8c-4938-aec5-aa4a4314f745,Sunflora,Twilight Masquerade,169,illustration_rare,v1|236985793349|0,Sunflora 169/167 Pokemon SV06: Twilight Masquerade Holo Illustration Rare NM,,Ungraded,4000,[],"[""FIXED_PRICE"",""BEST_OFFER""]",thecardchef,https://i.ebayimg.com/images/g/H~gAAeSwzXdqcqyR/s-l225.jpg,https://www.ebay.com/itm/236985793349?_skw=Sunflora+169+Twilight+Masquerade+Pokemon+card&hash=item372d743b45:g:H~gAAeSwzXdqcqyR,2026-09-12T23:42:48.395762+00:00
D3-6B1A4AD334ADBF73,D3_BLIND_REVIEW,bf928dd7-24bc-4e16-bb5e-afb8122c3241,311abf3f-15cb-4cb8-995f-1937555c4bdd,Fidough,Scarlet and Violet Base Set,213,illustration_rare,v1|820070970510|0,Pokemon Fidough 213/198 SV01: Scarlet & Violet Base Set Holo,,Ungraded,4000,[],"[""FIXED_PRICE""]",anothermansball,https://i.ebayimg.com/images/g/BCUAAeSwvr5qlg4M/s-l225.jpg,https://www.ebay.com/itm/820070970510?_skw=Fidough+213+Scarlet+and+Violet+Base+Set+Pokemon+card&hash=itembef009f48e:g:BCUAAeSwvr5qlg4M,2026-09-12T23:42:48.395762+00:00
D3-67961204E89CCD5F,D3_BLIND_REVIEW,24f40ecd-605f-4d62-b748-afed33706583,bd1bb49f-f0e6-4441-a2cd-648e3ccf4a4c,Emboar,White Flare,98,illustration_rare,v1|168639406038|0,Emboar 098/086 Holo Illustration Rare White Flare Pokemon,,Ungraded,4000,[],"[""FIXED_PRICE""]",jcraigtcg,https://i.ebayimg.com/images/g/AjcAAeSwTgpqjizk/s-l225.jpg,https://www.ebay.com/itm/168639406038?_skw=Emboar+98+White+Flare+Pokemon+card&hash=item2743b11fd6:g:AjcAAeSwTgpqjizk,2026-09-12T23:42:48.395762+00:00
D3-9A65521FBAA79EE0,D3_BLIND_REVIEW,b801a524-e703-4f4c-ad99-1ec742cf30ec,586dac04-6254-4241-b628-b6d3dac61063,Bianca's Devotion,Temporal Forces,209,special_illustration_rare,v1|377423068040|0,2024 Pokémon SV05: Temporal Forces Bianca's Devotion - #209 SIR NM,,Ungraded,4000,[],"[""FIXED_PRICE"",""BEST_OFFER""]",2shaecollectibles,https://i.ebayimg.com/images/g/VrgAAeSwtEFqgc~B/s-l225.jpg,https://www.ebay.com/itm/377423068040?_skw=Bianca%27s+Devotion+209+Temporal+Forces+Pokemon+card&hash=item57e02afb88:g:VrgAAeSwtEFqgc~B,2026-09-12T23:42:48.395762+00:00
D3-DF93A7AD1128CEDB,D3_BLIND_REVIEW,a922341e-4646-470b-95cf-2a59055b18ce,2bf9f356-230d-42e8-99e7-0b10161b9392,Spidops ex,Scarlet and Violet Base Set,243,special_illustration_rare,v1|820048591375|0,Pokemon Spidops ex 243/198 SV01 Scarlet & Violet SIR Full Art Holo English,,Ungraded,4000,[],"[""FIXED_PRICE"",""BEST_OFFER""]",am_6218,https://i.ebayimg.com/images/g/FY8AAeSwU7xqajBD/s-l225.jpg,https://www.ebay.com/itm/820048591375?_skw=Spidops+ex+243+Scarlet+and+Violet+Base+Set+Pokemon+card&hash=itembeeeb47a0f:g:FY8AAeSwU7xqajBD&amdata=enc%3AAQALAAABEACCtXRWQnOEpyOqnQQ8KGb8vfx8yBGFsdnt3Dg5DxJKg4Hhe1ndA1PCcBRbmnr5XvWVTb%2BtmWEfWNAntEIYMCCcbTeVPtw6hfh4R6Gt2Lww8%2FNsHQxbe9o0vc5Oghoxxduf0OIHKI5LF1s4gtXJsgHI32HKDAQ4sp7%2BaLj2lXbT%2BHbPFFL55mrsmvhBY36D8fCrWzhV49vB%2FiAYTDxNivwCru%2BL%2BTOZ12NNB%2FGIwB620BkjECg%2Bd9QYIxy4f7JkNeXKE6X4scRJbU4L%2BCn1FcArfwg13nJCeH8baEgtdrCEnajcfIKM%2FmGi%2BqsaSVsiBziaeVWb%2FnAYT10tLGaIn0Vx6uNnEstQ5VB77oVd96v%2F,2026-09-12T23:42:48.395762+00:00
D3-3E5C91C3E70028C0,D3_BLIND_REVIEW,018c983e-b1d0-41df-880e-ebf3f2e2fb12,4eb8f140-a9c3-41c4-85aa-c2f6b7131746,Penny,Scarlet and Violet Base Set,252,special_illustration_rare,v1|137730013337|0,Penny - 183/198 - Reverse Holofoil - Scarlet & Violet Base Set - NM,,Ungraded,4000,[],"[""FIXED_PRICE"",""BEST_OFFER""]",pokelolocollect,https://i.ebayimg.com/images/g/WrQAAeSw2aZqpcfN/s-l225.jpg,https://www.ebay.com/itm/137730013337?_skw=Penny+252+Scarlet+and+Violet+Base+Set+Pokemon+card&hash=item2011593899:g:WrQAAeSw2aZqpcfN,2026-09-12T23:42:48.395762+00:00
D3-137B82D68C7AD082,D3_BLIND_REVIEW,3755e7ef-e482-4186-8377-e717f80b3759,aa88bdd2-2ebe-4f9b-b53b-ab077c63f98c,Secret Box,Twilight Masquerade,163,ace_spec,v1|158216335111|0,Pokemon Secret Box ACE SPEC Rare 163/167 Twilight Masquerade Holofoil NM,,Ungraded,4000,[],"[""FIXED_PRICE"",""BEST_OFFER""]",doubleucollectibles,https://i.ebayimg.com/images/g/4OkAAeSwFh9qi1Ts/s-l225.jpg,https://www.ebay.com/itm/158216335111?_skw=Secret+Box+163+Twilight+Masquerade+Pokemon+card&hash=item24d66daf07:g:4OkAAeSwFh9qi1Ts,2026-09-12T23:42:48.395762+00:00
D3-66A2581FCAB4A384,D3_BLIND_REVIEW,b620ec1c-c0ac-4e7e-919d-a7df98bcb84b,8af678f4-09f0-486c-9617-b56896ebeea0,Zweilous,White Flare,147,illustration_rare,v1|318853917926|0,ZWEILOUS 147/086 HOLO ILLUSTRATION RARE WHITE FLARE POKEMON NM/M,,Ungraded,4000,[],"[""FIXED_PRICE""]",archive-99,https://i.ebayimg.com/images/g/gNwAAeSwAt5qovsg/s-l225.jpg,https://www.ebay.com/itm/318853917926?_skw=Zweilous+147+White+Flare+Pokemon+card&hash=item4a3d2cace6:g:gNwAAeSwAt5qovsg,2026-09-12T23:42:48.395762+00:00
D3-2F086063BE121493,D3_BLIND_REVIEW,740ad74c-8c0c-411f-9ec7-2c734210b8f1,e8c344f6-9bee-4ad6-8356-63ee4e2988cf,Arbok,Temporal Forces,101,common,v1|257702899233|0,Arbok 101/162 Common Temporal Forces Pokemon Reverse Holo NEAR MINT,,Ungraded,4000,[],"[""FIXED_PRICE""]",tcgbychris,https://i.ebayimg.com/images/g/KbIAAeSwmX1qjkoM/s-l225.jpg,https://www.ebay.com/itm/257702899233?_skw=Arbok+101+Temporal+Forces+Pokemon+card&hash=item3c004a2e21:g:KbIAAeSwmX1qjkoM,2026-09-12T23:42:48.395762+00:00
D3-373319C0E02E4B35,D3_BLIND_REVIEW,a6969678-b361-4b27-bee3-e3cdc127a5e4,bb6ebfa8-886c-4b5c-822a-7431870bb339,Dragapult ex,Prismatic Evolutions,165,special_illustration_rare,v1|267719605425|0,Dragapult ex - 165/131 - SIR - Prismatic Evolutions - Pokemon Card - NM/M,,Ungraded,4000,[],"[""FIXED_PRICE"",""BEST_OFFER""]",adessa182,https://i.ebayimg.com/images/g/72MAAeSwtsRqS9sL/s-l225.jpg,https://www.ebay.com/itm/267719605425?_skw=Dragapult+ex+165+Prismatic+Evolutions+Pokemon+card&hash=item3e5554fcb1:g:72MAAeSwtsRqS9sL,2026-09-12T23:42:48.395762+00:00
D3-BABF579EB7C4C565,D3_BLIND_REVIEW,e26de7b7-434e-4bec-8fc2-fb15b971b1a7,44b0372c-396d-43e9-84bb-afad2d04128f,Jamming Tower,Ascended Heroes,261,ultra_rare,v1|168484670982|0,Pokemon TCG - jamming Tower Trainer card - 261/217 - Ascended Heroes - NM,,Ungraded,4000,[],"[""FIXED_PRICE""]",aidenhaggar91,https://i.ebayimg.com/images/g/21MAAeSwBsFqOl2-/s-l225.jpg,https://www.ebay.com/itm/168484670982?_skw=Jamming+Tower+261+Ascended+Heroes+Pokemon+card&hash=item273a780e06:g:21MAAeSwBsFqOl2-&amdata=enc%3AAQALAAABEACCtXRWQnOEpyOqnQQ8KGZPY73VOGxExzGuH9pZPZBHfjz19ZW7z6%2BRCUuPSl%2FHG8FwKeR4cYfXdxVz3DXrG1p0omXCaPwMKKd5cP4rEop%2FDnFwQ37yYOh5dAx3%2FhVeHWVuPUBuepmK5GoDEvvSJyDKtp%2Bz6%2FZnDb48df3Y1tsAgL2WGETmabmvkJA1enxwvmukFZH%2BvxsX63%2B1Sbcc6f%2F%2BT2LU6SM%2BHigF0QYZs31%2Fd9%2BcoRDqlY1eAURkhUlqd1D9AqLVw%2F6Y1jtpc56pQsT843n7gkq635IOQtdVEZqHEV8k9kpuld7kafm2H%2FkfwpE67xtztK7J3D%2FhbFlC7%2BCIEW6kEb%2FHw0kilgBrTbRE,2026-09-12T23:42:48.395762+00:00
D3-F09D09B0219AA7F6,D3_BLIND_REVIEW,fd225f1d-3765-4209-a5ec-42caf35933b0,92fdb409-1454-43ef-87ee-19095f700462,Team Rocket's Nidoking ex,Destined Rivals,233,special_illustration_rare,v1|278235797764|0,Team Rocket's Nidoking ex 233/182 SIR Illustration Rare Pokemon Destined Rivals,,Ungraded,4000,[],"[""FIXED_PRICE""]",bathbeautybeyond,https://i.ebayimg.com/images/g/8foAAeSw9h1qbUvf/s-l225.jpg,https://www.ebay.com/itm/278235797764?_skw=Team+Rocket%27s+Nidoking+ex+233+Destined+Rivals+Pokemon+card&hash=item40c8255904:g:8foAAeSw9h1qbUvf,2026-09-12T23:42:48.395762+00:00
D3-E29788A251E74208,D3_BLIND_REVIEW,21e9ddc5-2751-4886-9e08-a1c6e2cc14e4,53abbd65-a601-4185-b08c-3721e963fa3d,Kyurem ex,Black Bolt,165,special_illustration_rare,v1|800000901930|0,Pokemon Kyurem ex 165/086 Sv: Black Bolt Holo,,Ungraded,4000,[],"[""FIXED_PRICE"",""BEST_OFFER""]",beardybeastvault,https://i.ebayimg.com/images/g/7QoAAeSwjiVqANBy/s-l225.jpg,https://www.ebay.com/itm/800000901930?_skw=Kyurem+ex+165+Black+Bolt+Pokemon+card&hash=itemba43c5032a:g:7QoAAeSwjiVqANBy,2026-09-12T23:42:48.395762+00:00
D3-5FCC720659855A22,D3_BLIND_REVIEW,d12a209b-06a3-4b46-82d3-a374e6bbe7b4,d0d523dc-3f95-4bbc-beb6-75b3d2a15cae,Grafaiai,Paldea Evolved,223,illustration_rare,v1|407210574045|0,Grafaiai 223/193 - Pokemon Paldea Evolved SV02 - Illustration Rare Holo Full Art,,Ungraded,4000,[],"[""FIXED_PRICE"",""AUCTION""]",deslee_22,https://i.ebayimg.com/images/g/9S4AAeSwfEhqpLPv/s-l225.jpg,https://www.ebay.com/itm/407210574045?_skw=Grafaiai+223+Paldea+Evolved+Pokemon+card&hash=item5ecfa440dd:g:9S4AAeSwfEhqpLPv,2026-09-12T23:42:48.395762+00:00
D3-2B2C073FF7D4892F,D3_BLIND_REVIEW,cc59d868-d0e5-4557-9423-3f9b7c9d2591,04f90621-b7cb-49bf-b962-8ba0790d6e62,Team Rocket's Giovanni,Destined Rivals,238,special_illustration_rare,v1|206490557869|0,Team Rocket's Giovanni Holo SIR SV10: Destined Rivals 238/182 NM,,Ungraded,4000,[],"[""FIXED_PRICE""]",htownresales,https://i.ebayimg.com/images/g/ue4AAeSwyJFqfwxp/s-l225.jpg,https://www.ebay.com/itm/206490557869?_skw=Team+Rocket%27s+Giovanni+238+Destined+Rivals+Pokemon+card&hash=item3013cbddad:g:ue4AAeSwyJFqfwxp,2026-09-12T23:42:48.395762+00:00
D3-F7845428C1DA2E1E,D3_BLIND_REVIEW,e26de7b7-434e-4bec-8fc2-fb15b971b1a7,44b0372c-396d-43e9-84bb-afad2d04128f,Jamming Tower,Ascended Heroes,261,ultra_rare,v1|287412235704|0,Jamming Tower 261/217 Ultra Rare Ascended Heroes Pokemon Holo 2-3-17,,Ungraded,4000,[],"[""FIXED_PRICE""]",geodiver253,https://i.ebayimg.com/images/g/o60AAeSwK3ZqObik/s-l225.jpg,https://www.ebay.com/itm/287412235704?_skw=Jamming+Tower+261+Ascended+Heroes+Pokemon+card&hash=item42eb1aadb8:g:o60AAeSwK3ZqObik,2026-09-12T23:42:48.395762+00:00
D3-1D2D8B22B5A30C7B,D3_BLIND_REVIEW,ae4a6acb-3a88-4547-a165-7a617bfb2ce8,cd7798fe-711e-4cad-a015-7139b3d49bf6,Jolteon ex,Prismatic Evolutions,153,special_illustration_rare,v1|307167329475|0,The Pokémon Company Jolteon ex 153/131 Sv Prismatic Evolutions SIR FA Holo ENG,,Ungraded,4000,[],"[""FIXED_PRICE"",""BEST_OFFER""]",anderson-4010,https://i.ebayimg.com/images/g/xngAAeSwWoVqnqKX/s-l225.jpg,https://www.ebay.com/itm/307167329475?_skw=Jolteon+ex+153+Prismatic+Evolutions+Pokemon+card&hash=item4784997cc3:g:xngAAeSwWoVqnqKX,2026-09-12T23:42:48.395762+00:00
D3-8298C8B07956D316,D3_BLIND_REVIEW,6a1e2c02-b24d-4001-96f1-8bc2a24d8ccd,de749ceb-28f9-4977-b425-a83f69a3cf55,Gouging Fire ex,Temporal Forces,204,special_illustration_rare,v1|178142851058|0,Gouging Fire ex 204/162 SIR Temporal Forces Pokémon Card NM,,Ungraded,4000,[],"[""FIXED_PRICE"",""BEST_OFFER""]",altaircollectibles,https://i.ebayimg.com/images/g/IncAAeSwICVqCc5M/s-l225.jpg,https://www.ebay.com/itm/178142851058?_skw=Gouging+Fire+ex+204+Temporal+Forces+Pokemon+card&hash=item297a242ff2:g:IncAAeSwICVqCc5M,2026-09-12T23:42:48.395762+00:00
D3-40738A2013448CF4,D3_BLIND_REVIEW,b801a524-e703-4f4c-ad99-1ec742cf30ec,586dac04-6254-4241-b628-b6d3dac61063,Bianca's Devotion,Temporal Forces,209,special_illustration_rare,v1|296347690535|0,Pokemon Temporal Forces Bianca's Devotion 209 Special Illustration Rare CGC 10,,Graded,2750,[],"[""FIXED_PRICE"",""BEST_OFFER""]",pokemasteranthony,https://i.ebayimg.com/images/g/hWcAAOSw1PJmEbtJ/s-l225.jpg,https://www.ebay.com/itm/296347690535?_skw=Bianca%27s+Devotion+209+Temporal+Forces+Pokemon+card&hash=item44ffb2e627:g:hWcAAOSw1PJmEbtJ,2026-09-12T23:42:48.395762+00:00
D3-ACD900ACD63C867A,D3_BLIND_REVIEW,77b44a76-26f7-4fa0-a548-c29870a7bb68,63f84d31-df83-456f-bd4c-e59b7e2ba541,Crustle,Paradox Rift,183,illustration_rare,v1|327298452818|0,2023 Pokemon Paradox Rift CRUSTLE #183 ILLUSTRATION RARE SGC 9,,Graded,2750,[],"[""FIXED_PRICE"",""BEST_OFFER""]",a-gamesports,https://i.ebayimg.com/images/g/jHkAAeSw4~9oMiPo/s-l225.jpg,https://www.ebay.com/itm/327298452818?_skw=Crustle+183+Paradox+Rift+Pokemon+card&hash=item4c34820d52:g:jHkAAeSw4~9oMiPo&amdata=enc%3AAQALAAABAACCtXRWQnOEpyOqnQQ8KGa3%2FKDVZOGg60UpJTkvCvIDVFO1TZ3%2F2iqeBhHwlE7GOANJxy6GeiK5%2BXuNOqLguaWdjV4AKYWwUUZw9vGP3B%2B%2FljDT7piITWhliWAGErqQpYbGQsYJ0513a%2BvQVCSi8vPlj%2FGRGHewXCYWAAjdRaLuYmfiO2ZLPYk%2BtEkhhGD4KVXXDo%2BEuGQmu%2FJtYID8c2VFeSwC59r%2BE0k9CVBYxQm3z2ZuST1t3vVxffvhuDTMlzdcu59cVa0UGnE%2Bpe5q9KzVSxso%2B%2B%2B2HL%2FWlAO0EllFiudykfV32ktfPxQpOH9vjWDzY0KRso9Am%2F6riV%2BekMI%3D,2026-09-12T23:42:48.395762+00:00
D3-ECE6A0317F27E4BE,D3_BLIND_REVIEW,64c0404b-826f-493d-9c10-738b2b56eca4,9f6c24f7-6a76-471f-ad81-d3901c5e9088,Mega Audino ex,Ascended Heroes,253,ultra_rare,v1|820054156737|0,Mega Audino ex 253/217 Me: Ascended Heroes Holo,,Ungraded,4000,[],"[""FIXED_PRICE"",""BEST_OFFER""]",906collectables,https://i.ebayimg.com/images/g/vtEAAeSw8D1qQHXc/s-l225.jpg,https://www.ebay.com/itm/820054156737?_skw=Mega+Audino+ex+253+Ascended+Heroes+Pokemon+card&hash=itembeef0965c1:g:vtEAAeSw8D1qQHXc,2026-09-12T23:42:48.395762+00:00
D3-7ACE83E4F988642C,D3_BLIND_REVIEW,31566cbb-0eeb-499e-aa6d-b9b0bd85fc8b,fc81462a-2c3e-4b7a-a7be-ad7f88d98ace,Mega Greninja ex,Chaos Rising,122,mega_hyper_rare,v1|168674714821|0,Pokemon Mega Greninja ex Holo Mega Hyper Rare NM - Chaos Rising 122/086,,Ungraded,4000,[],"[""FIXED_PRICE""]",555techinc,https://i.ebayimg.com/images/g/cKcAAeSwsHhqoL68/s-l225.jpg,https://www.ebay.com/itm/168674714821?_skw=Mega+Greninja+ex+122+Chaos+Rising+Pokemon+card&hash=item2745cbe4c5:g:cKcAAeSwsHhqoL68,2026-09-12T23:42:48.395762+00:00
D3-50C1680177475175,D3_BLIND_REVIEW,3c75f577-62ee-4bdf-865c-ab2384f4379b,ecf458ed-ed92-4f04-bf27-1912d59bdbc0,Mega Charizard Y ex,Ascended Heroes,294,mega_hyper_rare,v1|147558322177|0,"Mega Charizard Y EX 294/217 Mega Hyper Rare, Ascended Heroes, Pokemon TCG (NM)",,Ungraded,4000,[],"[""FIXED_PRICE"",""BEST_OFFER""]",antwancook86,https://i.ebayimg.com/images/g/WTwAAeSwZCFqn3eW/s-l225.jpg,https://www.ebay.com/itm/147558322177?_skw=Mega+Charizard+Y+ex+294+Ascended+Heroes+Pokemon+card&hash=item225b295001:g:WTwAAeSwZCFqn3eW,2026-09-12T23:42:48.395762+00:00
D3-F890DECA80713C90,D3_BLIND_REVIEW,d09b2fb5-41b6-4d1e-88cf-629402434501,efae0727-f8c2-48c5-a33e-c308be0d288d,Roaring Moon ex,Prismatic Evolutions,162,special_illustration_rare,v1|326832295096|0,Roaring Moon EX 162/131 Prismatic Evolutions Sir PSA 10 Gem Mint,,Graded,2750,[],"[""FIXED_PRICE""]",wowshinycardboard,https://i.ebayimg.com/images/g/gM0AAeSwZslo-0L6/s-l225.jpg,https://www.ebay.com/itm/326832295096?_skw=Roaring+Moon+ex+162+Prismatic+Evolutions+Pokemon+card&hash=item4c18b90cb8:g:gM0AAeSwZslo-0L6,2026-09-12T23:42:48.395762+00:00
D3-892AF82AAC5CE34B,D3_BLIND_REVIEW,67611b34-a7e9-497f-9708-651cc015ca6c,f02f5725-b24c-4ee9-a9b5-55edd91d7697,Lillie's Determination,Mega Evolution,184,special_illustration_rare,v1|198622734400|0,Lillie's Determination SIR 184/132 NM Secret Rare Pack Fresh Pokemon Card,,Ungraded,4000,[],"[""AUCTION"",""BEST_OFFER""]",ahmad0325,https://i.ebayimg.com/images/g/zyAAAeSwJYBpo9Pg/s-l225.jpg,https://www.ebay.com/itm/198622734400?_skw=Lillie%27s+Determination+184+Mega+Evolution+Pokemon+card&hash=item2e3ed66840:g:zyAAAeSwJYBpo9Pg,2026-09-12T23:42:48.395762+00:00
D3-F9DF2FEABBB5BBB2,D3_BLIND_REVIEW,4206e794-1ec6-4d55-94d4-63267ac9a183,9d5ddc90-8f9d-4759-b73d-fff0cd877d73,Mega Dragonite ex,Ascended Heroes,290,special_illustration_rare,v1|820117428010|0,Mega Dragonite ex SIR Ascended Heroes 290/217 HP 370 English Pokémon TCG NM,,Ungraded,4000,[],"[""FIXED_PRICE"",""BEST_OFFER""]",the_collective662,https://i.ebayimg.com/images/g/uZgAAeSweKZqpQ6A/s-l225.jpg,https://www.ebay.com/itm/820117428010?_skw=Mega+Dragonite+ex+290+Ascended+Heroes+Pokemon+card&hash=itembef2ced72a:g:uZgAAeSweKZqpQ6A,2026-09-12T23:42:48.395762+00:00
D3-25881D29DB6C73B6,D3_BLIND_REVIEW,2bf67447-75e1-4e97-ac08-c7f3e7f2c88c,ea7d59b7-a934-43b2-a230-9520fb6e6048,Dhelmise,Mega Evolution,18,common,v1|397181844408|665594569066,Mega Evolution Single Cards - Pokemon TCG - 001-132 Holos/Reverse Holo NM,,Ungraded,4000,[],"[""FIXED_PRICE""]",mythic-neko-collectibles,https://i.ebayimg.com/images/g/rgcAAeSw9n5pCmT0/s-l225.jpg,https://www.ebay.com/itm/397181844408?_skw=Dhelmise+18+Mega+Evolution+Pokemon+card&hash=item5c79e1fbb8:g:rgcAAeSw9n5pCmT0,2026-09-12T23:42:48.395762+00:00
D3-FE823ADA954667FF,D3_BLIND_REVIEW,3755e7ef-e482-4186-8377-e717f80b3759,aa88bdd2-2ebe-4f9b-b53b-ab077c63f98c,Secret Box,Twilight Masquerade,163,ace_spec,v1|188463775018|0,Secret Box 163/167 Sv06: Twilight Masquerade Holo,,Ungraded,4000,[],"[""FIXED_PRICE"",""BEST_OFFER""]",a_wee2,https://i.ebayimg.com/images/g/Sg8AAeSwo9pqIM5q/s-l225.jpg,https://www.ebay.com/itm/188463775018?_skw=Secret+Box+163+Twilight+Masquerade+Pokemon+card&hash=item2be150fd2a:g:Sg8AAeSwo9pqIM5q,2026-09-12T23:42:48.395762+00:00
D3-58C18172D6AE7AAF,D3_BLIND_REVIEW,24f40ecd-605f-4d62-b748-afed33706583,bd1bb49f-f0e6-4441-a2cd-648e3ccf4a4c,Emboar,White Flare,98,illustration_rare,v1|198224642147|0,Pokemon TCG | White Flare | #013/086 Emboar Holo Rare | English | NM,,Ungraded,4000,[],"[""FIXED_PRICE""]",vntgeair,https://i.ebayimg.com/images/g/EvEAAeSwRmRpw~t3/s-l225.jpg,https://www.ebay.com/itm/198224642147?_skw=Emboar+98+White+Flare+Pokemon+card&hash=item2e271c0063:g:EvEAAeSwRmRpw~t3,2026-09-12T23:42:48.395762+00:00
D3-6EF5B540492775D0,D3_BLIND_REVIEW,5576e4b9-4873-40fa-84c4-da9f28cec096,8614b6c4-8840-4b33-9908-4ded064f570f,Gulpin,Stellar Crown,154,illustration_rare,v1|398227916674|0,Gulpin 154/142 Sv07: Stellar Crown  Holo ILLUSTRATION RARE PSA 9,,Graded,2750,[],"[""FIXED_PRICE"",""BEST_OFFER""]",ck-collections,https://i.ebayimg.com/images/g/eSsAAeSwfZRqai5D/s-l225.jpg,https://www.ebay.com/itm/398227916674?_skw=Gulpin+154+Stellar+Crown+Pokemon+card&hash=item5cb83bc782:g:eSsAAeSwfZRqai5D,2026-09-12T23:42:48.395762+00:00
D3-352DA3A4C9E3210A,D3_BLIND_REVIEW,209f02db-d953-4dde-bbd6-0822671fe1d1,eb38e2d2-2e6a-41e2-939d-335c8a5e50d1,Oshawott,White Flare,105,illustration_rare,v1|236766677312|0,Pokémon Oshawott 105/086 Sv: White Flare Illustration Rare Holo Card English,,Ungraded,4000,[],"[""FIXED_PRICE"",""BEST_OFFER""]",fa-291328,https://i.ebayimg.com/images/g/NlMAAeSwGYJp5TBU/s-l225.jpg,https://www.ebay.com/itm/236766677312?_skw=Oshawott+105+White+Flare+Pokemon+card&hash=item372064c940:g:NlMAAeSwGYJp5TBU,2026-09-12T23:42:48.395762+00:00
D3-799D4A01BD6EBB0F,D3_BLIND_REVIEW,b801a524-e703-4f4c-ad99-1ec742cf30ec,586dac04-6254-4241-b628-b6d3dac61063,Bianca's Devotion,Temporal Forces,209,special_illustration_rare,v1|236917026534|0,Bianca's Devotion 209/162 Temporal Forces SIR Pokemon PSA 10 Gem Mint! FAST SHIP,,Graded,2750,[],"[""FIXED_PRICE""]",jonsnow333,https://i.ebayimg.com/images/g/D4YAAeSwzI5qSWB1/s-l225.jpg,https://www.ebay.com/itm/236917026534?_skw=Bianca%27s+Devotion+209+Temporal+Forces+Pokemon+card&hash=item37295aeee6:g:D4YAAeSwzI5qSWB1,2026-09-12T23:42:48.395762+00:00
D3-6F7108A06C318F9F,D3_BLIND_REVIEW,21e9ddc5-2751-4886-9e08-a1c6e2cc14e4,53abbd65-a601-4185-b08c-3721e963fa3d,Kyurem ex,Black Bolt,165,special_illustration_rare,v1|198497941935|0,PSA 10 Kyurem EX 165/086 Pokemon Black Bolt Special Illustration Rare Card,,Graded,2750,[],"[""FIXED_PRICE""]",shaggydog_24,https://i.ebayimg.com/images/g/yiIAAeSwqmpqVqXC/s-l225.jpg,https://www.ebay.com/itm/198497941935?_skw=Kyurem+ex+165+Black+Bolt+Pokemon+card&hash=item2e376639af:g:yiIAAeSwqmpqVqXC,2026-09-12T23:42:48.395762+00:00
D3-EC13A68BC26542D6,D3_BLIND_REVIEW,0331d96e-d8af-44d3-9552-85f784d9b4ca,720c16f5-5c19-43bc-a711-0ea9e8545aab,Trubbish,White Flare,140,illustration_rare,v1|188871391804|0,Trubbish 140/086 WHT NM White Flare Illustration Rare Holo Pokemon Oswaldo KATO,,Ungraded,4000,[],"[""FIXED_PRICE""]",chasingfireco,https://i.ebayimg.com/images/g/qKwAAeSwKf5qlvE2/s-l225.jpg,https://www.ebay.com/itm/188871391804?_skw=Trubbish+140+White+Flare+Pokemon+card&hash=item2bf99cba3c:g:qKwAAeSwKf5qlvE2,2026-09-12T23:42:48.395762+00:00
D3-724238317FEEBBFD,D3_BLIND_REVIEW,8a2cce32-ad4f-4468-8a28-8a9ea9653365,9cc8f6b0-2c28-442b-bdd1-11cbd9a4068e,Leavanny,White Flare,89,illustration_rare,v1|318302445484|0,Leavanny 003/086 Uncommon White Flare Pokemon Reverse Holo Near Mint,,Ungraded,4000,[],"[""FIXED_PRICE""]",dimensiontcgstore,https://i.ebayimg.com/images/g/5IIAAeSwUvhqBfHd/s-l225.jpg,https://www.ebay.com/itm/318302445484?_skw=Leavanny+89+White+Flare+Pokemon+card&hash=item4a1c4ddfac:g:5IIAAeSwUvhqBfHd,2026-09-12T23:42:48.395762+00:00
D3-D20301DF6FF19201,D3_BLIND_REVIEW,829b12ba-c7f5-4796-9a57-a2a2463c8461,0fc5990b-19e3-4716-b616-b221acc480a6,Houndour,Obsidian Flames,204,illustration_rare,v1|298553799525|0,Nintendo Houndour 204/197 Obsidian Flames Reverse Holo ENG 2023 50HP,,Ungraded,4000,[],"[""FIXED_PRICE"",""BEST_OFFER""]",libertysave31,https://i.ebayimg.com/images/g/SwQAAeSwYlFqb4yK/s-l225.jpg,https://www.ebay.com/itm/298553799525?_skw=Houndour+204+Obsidian+Flames+Pokemon+card&hash=item4583317365:g:SwQAAeSwYlFqb4yK,2026-09-12T23:42:48.395762+00:00
D3-FA62418AC8F43E57,D3_BLIND_REVIEW,cc59d868-d0e5-4557-9423-3f9b7c9d2591,04f90621-b7cb-49bf-b962-8ba0790d6e62,Team Rocket's Giovanni,Destined Rivals,238,special_illustration_rare,v1|188527229156|0,Team Rocket's Giovanni 238/182 Destined Rivals Pokemon NM SIR Special illustrat,,Ungraded,4000,[],"[""FIXED_PRICE""]",asaalfrank2012,https://i.ebayimg.com/images/g/r-sAAeSwBrJqM3MZ/s-l225.jpg,https://www.ebay.com/itm/188527229156?_skw=Team+Rocket%27s+Giovanni+238+Destined+Rivals+Pokemon+card&hash=item2be51938e4:g:r-sAAeSwBrJqM3MZ,2026-09-12T23:42:48.395762+00:00
D3-62BEA6D688B2C045,D3_BLIND_REVIEW,640cd931-d97f-4173-ad9d-3ab86f91d92c,c79d38c0-0768-4f3e-80fe-8490d79b00b1,Pecharunt ex,Shrouded Fable,93,special_illustration_rare,v1|358410956517|0,Pokémon TCG Pecharunt EX Ultra Rare Shrouded Fable Card 085/064,,Ungraded,4000,[],"[""FIXED_PRICE"",""BEST_OFFER""]",caseyburke,https://i.ebayimg.com/images/g/S-8AAeSww7Fp0VgY/s-l225.jpg,https://www.ebay.com/itm/358410956517?_skw=Pecharunt+ex+93+Shrouded+Fable+Pokemon+card&hash=item5372f52ee5:g:S-8AAeSww7Fp0VgY,2026-09-12T23:42:48.395762+00:00
D3-1A55B759944272E0,D3_BLIND_REVIEW,640cd931-d97f-4173-ad9d-3ab86f91d92c,c79d38c0-0768-4f3e-80fe-8490d79b00b1,Pecharunt ex,Shrouded Fable,93,special_illustration_rare,v1|306994614802|0,Pokémon TCG Pecharunt EX Shrouded Fable Ultra Rare Holo Card 085/064 FA,,Ungraded,4000,[],"[""FIXED_PRICE"",""BEST_OFFER""]",d7rr419,https://i.ebayimg.com/images/g/cf0AAeSwLJVqKbTx/s-l225.jpg,https://www.ebay.com/itm/306994614802?_skw=Pecharunt+ex+93+Shrouded+Fable+Pokemon+card&hash=item477a4e1212:g:cf0AAeSwLJVqKbTx,2026-09-12T23:42:48.395762+00:00
D3-0B6EB1FB445DA71C,D3_BLIND_REVIEW,75720435-3807-46b6-b3da-5e1c53b77822,9ad0c133-f133-45ab-9b3f-494199354e20,Mega Darkrai ex,Pitch Black,116,special_illustration_rare,v1|117373069531|0,Mega Darkrai ex 116/084 SIR Pokemon Pitch Black ME05,,Ungraded,4000,[],"[""FIXED_PRICE"",""BEST_OFFER""]",danielle.jur831,https://i.ebayimg.com/images/g/TJsAAeSw3B1qij2a/s-l225.jpg,https://www.ebay.com/itm/117373069531?_skw=Mega+Darkrai+ex+116+Pitch+Black+Pokemon+card&hash=item1b53fae8db:g:TJsAAeSw3B1qij2a,2026-09-12T23:42:48.395762+00:00
D3-B4BD92DD52EF9670,D3_BLIND_REVIEW,2cef0dfb-a5fd-4aed-b8ae-34a82f414587,3d276bff-a869-4634-840f-d5eb4f33aa1d,Reshiram ex,White Flare,166,special_illustration_rare,v1|147550588942|0,Pokemon TCG Reshiram ex 166/086 SV White Flare Holo SIR 230 HP ENG,,Ungraded,4000,[],"[""FIXED_PRICE"",""BEST_OFFER""]",bra3810,https://i.ebayimg.com/images/g/rcQAAeSwau1qm0id/s-l225.jpg,https://www.ebay.com/itm/147550588942?_skw=Reshiram+ex+166+White+Flare+Pokemon+card&hash=item225ab3500e:g:rcQAAeSwau1qm0id,2026-09-12T23:42:48.395762+00:00
D3-53FC40D319D57B92,D3_BLIND_REVIEW,ae4a6acb-3a88-4547-a165-7a617bfb2ce8,cd7798fe-711e-4cad-a015-7139b3d49bf6,Jolteon ex,Prismatic Evolutions,153,special_illustration_rare,v1|336778511544|0,2025 POKEMON PRISMATIC EVOLUTIONS #153/131 JOLTEON EX SPECIAL ILLUSTRATION RARE,,Ungraded,4000,[],"[""AUCTION""]",4_sharp_corners_raw,https://i.ebayimg.com/images/g/F1gAAeSwzbZqmwMw/s-l225.jpg,https://www.ebay.com/itm/336778511544?_skw=Jolteon+ex+153+Prismatic+Evolutions+Pokemon+card&hash=item4e699044b8:g:F1gAAeSwzbZqmwMw,2026-09-12T23:42:48.395762+00:00
D3-ECCA0CD630757337,D3_BLIND_REVIEW,b3020b76-9ff0-449a-85b8-924878fa0e8b,b70cd4ec-81c4-4e81-a677-901a43af62d9,Archeops,White Flare,132,illustration_rare,v1|168553971599|0,Archeops 132/086 Sv: White Flare Holo,,Ungraded,4000,[],"[""FIXED_PRICE"",""BEST_OFFER""]",jbailey8989,https://i.ebayimg.com/images/g/5SkAAeSw88No0fMB/s-l225.jpg,https://www.ebay.com/itm/168553971599?_skw=Archeops+132+White+Flare+Pokemon+card&hash=item273e997f8f:g:5SkAAeSw88No0fMB,2026-09-12T23:42:48.395762+00:00
D3-1B9E7EE280402A38,D3_BLIND_REVIEW,15faf94c-4a3b-4f09-a867-f2ded1174419,98ab7334-59cd-47fa-b778-f6526e5e1276,Veluza,Paradox Rift,192,illustration_rare,v1|306861320322|0,Veluza Illustration Rare SV04: Paradox Rift Holo 192/182 NM,,Ungraded,4000,[],"[""FIXED_PRICE"",""BEST_OFFER""]",airbell-collectibles,https://i.ebayimg.com/images/g/ArQAAeSwRmRp0QPy/s-l225.jpg,https://www.ebay.com/itm/306861320322?_skw=Veluza+192+Paradox+Rift+Pokemon+card&hash=item47725c2882:g:ArQAAeSwRmRp0QPy,2026-09-12T23:42:48.395762+00:00
D3-C1E23C0666D12D39,D3_BLIND_REVIEW,0dde3317-5162-49d1-b5c9-6b206a086d2c,7a7c3304-cc14-4aab-9f7b-b88270d4228c,Tinkatuff,Paldean Fates,166,shiny_rare,v1|188622333776|0,Tinkatuff 166/091 Shiny Rare Paldean Fates Pokemon Holo Near Mint,,Ungraded,4000,[],"[""FIXED_PRICE""]",ahmmub_izhp4,https://i.ebayimg.com/images/g/KI4AAeSwvU5qT9yl/s-l225.jpg,https://www.ebay.com/itm/188622333776?_skw=Tinkatuff+166+Paldean+Fates+Pokemon+card&hash=item2beac46750:g:KI4AAeSwvU5qT9yl,2026-09-12T23:42:48.395762+00:00
D3-0045796F87E2BBD8,D3_BLIND_REVIEW,a3d56338-1f3f-4b99-8920-5d71b8b85737,66f1f173-3a34-44b4-95a3-d0031fa9d3ee,Pikachu ex,Surging Sparks,247,hyper_rare_gold,v1|257655128361|0,Pikachu ex 247/191 SV08 Surging Sparks Hyper Rare Full Art Holo,,Ungraded,4000,[],"[""FIXED_PRICE"",""BEST_OFFER""]",riverboys1986,https://i.ebayimg.com/images/g/WgEAAeSw1stqbkQU/s-l225.jpg,https://www.ebay.com/itm/257655128361?_skw=Pikachu+ex+247+Surging+Sparks+Pokemon+card&hash=item3bfd714129:g:WgEAAeSw1stqbkQU,2026-09-12T23:42:48.395762+00:00
D3-8363B286B839DD35,D3_BLIND_REVIEW,605a2c1a-6a14-463e-b1e2-b55cd9c16244,14ea6011-0e3d-4eff-ac53-6b13e2976a71,Krookodile,Black Bolt,137,illustration_rare,v1|318763036899|0,Krookodile - 137/086 - Pokemon Black Bolt Illustration Rare NM 10 POTENTIAL ,,Ungraded,4000,[],"[""FIXED_PRICE"",""BEST_OFFER""]",mewtube,https://i.ebayimg.com/images/g/UiIAAeSwPXdqiB3Q/s-l225.jpg,https://www.ebay.com/itm/318763036899?_skw=Krookodile+137+Black+Bolt+Pokemon+card&hash=item4a37c1f0e3:g:UiIAAeSwPXdqiB3Q,2026-09-12T23:42:48.395762+00:00
D3-7F830BAF1BE45064,D3_BLIND_REVIEW,9f323989-e972-4a9e-9e7b-3166e85d0690,0f3466bf-92b1-4d3d-913b-181fcec68996,Mega Feraligatr ex,Ascended Heroes,274,special_illustration_rare,v1|358769827546|0,Pokemon Mega Feraligatr ex #274/217 – Ascended Heroes Special Illustration Rare,,Ungraded,4000,[],"[""FIXED_PRICE"",""BEST_OFFER""]",algod_8,https://i.ebayimg.com/images/g/TFQAAeSwzNFqTdMj/s-l225.jpg,https://www.ebay.com/itm/358769827546?_skw=Mega+Feraligatr+ex+274+Ascended+Heroes+Pokemon+card&hash=item5388591eda:g:TFQAAeSwzNFqTdMj,2026-09-12T23:42:48.395762+00:00
D3-762D777B4E9C3639,D3_BLIND_REVIEW,d4ff3ebb-7e40-4a36-88e6-f07af2977641,1424e3da-f59e-47f2-8310-dfad3baf354b,Zekrom ex,Black Bolt,166,special_illustration_rare,v1|278294498976|0,Pokemon Zekrom EX Sir Black Bolt 166/086 English Edition BGS 9.5,,Graded,2750,[],"[""FIXED_PRICE"",""BEST_OFFER""]",goldcityenterprise,https://i.ebayimg.com/images/g/llYAAeSwFJZqhS1L/s-l225.jpg,https://www.ebay.com/itm/278294498976?_skw=Zekrom+ex+166+Black+Bolt+Pokemon+card&hash=item40cba50ea0:g:llYAAeSwFJZqhS1L,2026-09-12T23:42:48.395762+00:00
D3-F909803D7D74ED07,D3_BLIND_REVIEW,33dca102-b449-4da6-bfa6-7b72de711596,c2d7a5e7-cfdd-4f37-9748-a2259857c6e3,Charizard ex,Paldean Fates,234,special_illustration_rare,v1|377242118187|0,Charizard EX #234/091 SV Paldean Fates Near Mint Condition,,Ungraded,4000,[],"[""FIXED_PRICE"",""BEST_OFFER""]",3dustin,https://i.ebayimg.com/images/g/LysAAeSwZGVqJXgI/s-l225.jpg,https://www.ebay.com/itm/377242118187?_skw=Charizard+ex+234+Paldean+Fates+Pokemon+card&hash=item57d561e82b:g:LysAAeSwZGVqJXgI,2026-09-12T23:42:48.395762+00:00
D3-1AD4695DB9307493,D3_BLIND_REVIEW,24f40ecd-605f-4d62-b748-afed33706583,bd1bb49f-f0e6-4441-a2cd-648e3ccf4a4c,Emboar,White Flare,98,illustration_rare,v1|137718398589|0,Emboar 013/086 Holo Rare White Flare Pokemon Near Mint,,Ungraded,4000,[],"[""FIXED_PRICE""]",shinyrockcards,https://i.ebayimg.com/images/g/tz0AAeSwuyRqoY54/s-l225.jpg,https://www.ebay.com/itm/137718398589?_skw=Emboar+98+White+Flare+Pokemon+card&hash=item2010a7fe7d:g:tz0AAeSwuyRqoY54,2026-09-12T23:42:48.395762+00:00
D3-6F6B753D9DAA8515,D3_BLIND_REVIEW,ec8fec81-b57d-442a-baf0-91882c40de6e,67ea57e5-8821-4372-ac63-4c6e3f81f261,Team Rocket's Giovanni,Ascended Heroes,204,uncommon,v1|287351946700|0,Team Rocket's Giovanni 204/217 Uncommon Ascended Heroes Pokemon Near Mint,,Ungraded,4000,[],"[""FIXED_PRICE""]",nguyenthecardgame,https://i.ebayimg.com/images/g/wc8AAeSwo2lqE-1g/s-l225.jpg,https://www.ebay.com/itm/287351946700?_skw=Team+Rocket%27s+Giovanni+204+Ascended+Heroes+Pokemon+card&hash=item42e782bdcc:g:wc8AAeSwo2lqE-1g,2026-09-12T23:42:48.395762+00:00
D3-E3883E67C1953C16,D3_BLIND_REVIEW,23d6bd35-bbf0-49b2-911e-4949e66ff8bb,9326d67b-4017-4430-ac3c-bae6eb088be7,Pachirisu,Paldean Fates,138,shiny_rare,v1|198525816513|0,Pachirisu 138/091 - Baby Shiny - S&V Paldean Fates - Pokemon TCG Card NM,,Ungraded,4000,[],"[""FIXED_PRICE"",""BEST_OFFER""]",belgraviaestatesale,https://i.ebayimg.com/images/g/pUYAAeSwW0ZqZive/s-l225.jpg,https://www.ebay.com/itm/198525816513?_skw=Pachirisu+138+Paldean+Fates+Pokemon+card&hash=item2e390f8ec1:g:pUYAAeSwW0ZqZive,2026-09-12T23:42:48.395762+00:00
D3-B3AE0050FABF22AA,D3_BLIND_REVIEW,b3020b76-9ff0-449a-85b8-924878fa0e8b,b70cd4ec-81c4-4e81-a677-901a43af62d9,Archeops,White Flare,132,illustration_rare,v1|206525478400|0,Pokémon TCG Archeops Card 132/086 White Flare SV English,,Ungraded,4000,[],"[""FIXED_PRICE"",""BEST_OFFER""]",alex.triantafillou,https://i.ebayimg.com/images/g/fN8AAeSwHUpqlKxk/s-l225.jpg,https://www.ebay.com/itm/206525478400?_skw=Archeops+132+White+Flare+Pokemon+card&hash=item3015e0b600:g:fN8AAeSwHUpqlKxk,2026-09-12T23:42:48.395762+00:00
D3-6381982C01EB8237,D3_BLIND_REVIEW,ae4a6acb-3a88-4547-a165-7a617bfb2ce8,cd7798fe-711e-4cad-a015-7139b3d49bf6,Jolteon ex,Prismatic Evolutions,153,special_illustration_rare,v1|800593376506|0,NM Jolteon ex 153/131 Prismatic Evolutions Full Art Holo SIR English,,Ungraded,4000,[],"[""FIXED_PRICE"",""BEST_OFFER""]",allehipple-0,https://i.ebayimg.com/images/g/FA0AAeSwuQVqlhft/s-l225.jpg,https://www.ebay.com/itm/800593376506?_skw=Jolteon+ex+153+Prismatic+Evolutions+Pokemon+card&hash=itemba671574fa:g:FA0AAeSwuQVqlhft,2026-09-12T23:42:48.395762+00:00
D3-91619BEC64193C66,D3_BLIND_REVIEW,d09b2fb5-41b6-4d1e-88cf-629402434501,efae0727-f8c2-48c5-a33e-c308be0d288d,Roaring Moon ex,Prismatic Evolutions,162,special_illustration_rare,v1|820112843331|0,Roaring Moon ex 162/131 Prismatic Evolutions Secret Ultra Rare Holo ENG,,Ungraded,4000,[],"[""FIXED_PRICE"",""BEST_OFFER""]",kygecko-90,https://i.ebayimg.com/images/g/oGcAAeSwspRqo2mp/s-l225.jpg,https://www.ebay.com/itm/820112843331?_skw=Roaring+Moon+ex+162+Prismatic+Evolutions+Pokemon+card&hash=itembef288e243:g:oGcAAeSwspRqo2mp,2026-09-12T23:42:48.395762+00:00
D3-0CBBE3C3686C6E60,D3_BLIND_REVIEW,829b12ba-c7f5-4796-9a57-a2a2463c8461,0fc5990b-19e3-4716-b616-b221acc480a6,Houndour,Obsidian Flames,204,illustration_rare,v1|397722568053|0,Houndour - SV03: Obsidian Flames 204/197 Holo NM,,Ungraded,4000,[],"[""FIXED_PRICE"",""BEST_OFFER""]",pokeplebcollectibles,https://i.ebayimg.com/images/g/F-UAAeSwf6xpuF6B/s-l225.jpg,https://www.ebay.com/itm/397722568053?_skw=Houndour+204+Obsidian+Flames+Pokemon+card&hash=item5c9a1cc575:g:F-UAAeSwf6xpuF6B,2026-09-12T23:42:48.395762+00:00
D3-0CE4860BADBAD3A0,D3_BLIND_REVIEW,2cef0dfb-a5fd-4aed-b8ae-34a82f414587,3d276bff-a869-4634-840f-d5eb4f33aa1d,Reshiram ex,White Flare,166,special_illustration_rare,v1|178422048812|0,Pokémon TCG SV White Flare Reshiram ex 166/086 Special Illustration Rare NM,,Ungraded,4000,[],"[""FIXED_PRICE""]",after_shift_collectibles,https://i.ebayimg.com/images/g/G0YAAeSwuQVqhTTm/s-l225.jpg,https://www.ebay.com/itm/178422048812?_skw=Reshiram+ex+166+White+Flare+Pokemon+card&hash=item298ac8682c:g:G0YAAeSwuQVqhTTm,2026-09-12T23:42:48.395762+00:00
D3-327342964C5902AE,D3_BLIND_REVIEW,b3020b76-9ff0-449a-85b8-924878fa0e8b,b70cd4ec-81c4-4e81-a677-901a43af62d9,Archeops,White Flare,132,illustration_rare,v1|317509248030|0,Archeops 132/086 Sv: White Flare Holo,,Ungraded,4000,[],"[""FIXED_PRICE""]",360kickflips,https://i.ebayimg.com/images/g/X-gAAeSwLjZpDG35/s-l225.jpg,https://www.ebay.com/itm/317509248030?_skw=Archeops+132+White+Flare+Pokemon+card&hash=item49ed06a41e:g:X-gAAeSwLjZpDG35&amdata=enc%3AAQALAAABAACCtXRWQnOEpyOqnQQ8KGacPG%2FMKhFlR43fI1JckF2SnkneCAXPq%2Bfy4LxDUgaIJaAlMizuf6D3tTcPIxnglmg7at6IVJAfS0xFmEy86S1DJaY%2FvG921vyZ5BcXMVPYYfi5DVZkHC0HhNiEWpl25V0q%2BHY53rJrL8aVHR12YBt%2BYhHgNfsMq8Tq1dLvFTw4vyXE4tEmbIPGE0%2FlhNU2F5y8%2B58g78Z3cvPJhBInsrcoH%2Fb113m%2BwnqwnltKW%2B9ClFLNP2pY29CX0ZDxLGun%2B3eNACm2ccmt6SqCLa9kTVIdrBJDCP9GsIJ5TY9Lg5tJkdLTs9tBwuJgsL%2FSVvhnH94%3D,2026-09-12T23:42:48.395762+00:00
D3-A8D2BAE2873708ED,D3_BLIND_REVIEW,64c0404b-826f-493d-9c10-738b2b56eca4,9f6c24f7-6a76-471f-ad81-d3901c5e9088,Mega Audino ex,Ascended Heroes,253,ultra_rare,v1|358777363770|0,Mega Audino ex 253/217 - Pokemon TCG - Ascended Heroes Ultra Rare Holo,,Ungraded,4000,[],"[""FIXED_PRICE"",""BEST_OFFER""]",poke_cards_127,https://i.ebayimg.com/images/g/4dYAAeSwHuJqUCiB/s-l225.jpg,https://www.ebay.com/itm/358777363770?_skw=Mega+Audino+ex+253+Ascended+Heroes+Pokemon+card&hash=item5388cc1d3a:g:4dYAAeSwHuJqUCiB,2026-09-12T23:42:48.395762+00:00
D3-649F6C2A6E451ED1,D3_BLIND_REVIEW,3c75f577-62ee-4bdf-865c-ab2384f4379b,ecf458ed-ed92-4f04-bf27-1912d59bdbc0,Mega Charizard Y ex,Ascended Heroes,294,mega_hyper_rare,v1|318799329256|0,2026 POKEMON ASC EN-ASCENDED HEROES MEGA HYPER RARE MEGA CHARIZARD Y EX PSA 9,,Graded,2750,[],"[""FIXED_PRICE"",""BEST_OFFER""]",evergreengems,https://i.ebayimg.com/images/g/~PUAAeSwnsNqk-mf/s-l225.jpg,https://www.ebay.com/itm/318799329256?_skw=Mega+Charizard+Y+ex+294+Ascended+Heroes+Pokemon+card&hash=item4a39ebb7e8:g:~PUAAeSwnsNqk-mf,2026-09-12T23:42:48.395762+00:00
D3-BA327E517BF510AD,D3_BLIND_REVIEW,0dde3317-5162-49d1-b5c9-6b206a086d2c,7a7c3304-cc14-4aab-9f7b-b88270d4228c,Tinkatuff,Paldean Fates,166,shiny_rare,v1|366665351154|0,Tinkatuff 166/091 SV: Paldean Fates Holo,,Ungraded,4000,[],"[""AUCTION""]",ad_985987,https://i.ebayimg.com/images/g/CvMAAeSwqn9qiix1/s-l225.jpg,https://www.ebay.com/itm/366665351154?_skw=Tinkatuff+166+Paldean+Fates+Pokemon+card&hash=item555ef53ff2:g:CvMAAeSwqn9qiix1,2026-09-12T23:42:48.395762+00:00
D3-CE4277B59086FAEF,D3_BLIND_REVIEW,3755e7ef-e482-4186-8377-e717f80b3759,aa88bdd2-2ebe-4f9b-b53b-ab077c63f98c,Secret Box,Twilight Masquerade,163,ace_spec,v1|398092462575|0,Secret Box 163/167 ACE SPEC Rare Twilight Masquerade Pokemon Holo Near Mint,,Ungraded,4000,[],"[""FIXED_PRICE""]",cadespokemart,https://i.ebayimg.com/images/g/mfQAAeSwkDBqOJer/s-l225.jpg,https://www.ebay.com/itm/398092462575?_skw=Secret+Box+163+Twilight+Masquerade+Pokemon+card&hash=item5cb028e9ef:g:mfQAAeSwkDBqOJer,2026-09-12T23:42:48.395762+00:00
D3-E730B5BF48B6D46B,D3_BLIND_REVIEW,605a2c1a-6a14-463e-b1e2-b55cd9c16244,14ea6011-0e3d-4eff-ac53-6b13e2976a71,Krookodile,Black Bolt,137,illustration_rare,v1|198409828448|0,Krookodile 137/086 Sv: Black Bolt Holo,,Ungraded,4000,[],"[""FIXED_PRICE"",""BEST_OFFER""]",baldmamba01,https://i.ebayimg.com/images/g/LtUAAeSw7N9qJhf7/s-l225.jpg,https://www.ebay.com/itm/198409828448?_skw=Krookodile+137+Black+Bolt+Pokemon+card&hash=item2e3225b860:g:LtUAAeSw7N9qJhf7,2026-09-12T23:42:48.395762+00:00
D3-823F752056C77D95,D3_BLIND_REVIEW,9f323989-e972-4a9e-9e7b-3166e85d0690,0f3466bf-92b1-4d3d-913b-181fcec68996,Mega Feraligatr ex,Ascended Heroes,274,special_illustration_rare,v1|318812386114|0,CGC 10 Mega Feraligatr ex 274/217 SIR Holo Ascended Heroes English 2026,,Graded,2750,[],"[""FIXED_PRICE"",""BEST_OFFER""]",zenvee,https://i.ebayimg.com/images/g/HS0AAeSwC5xql39H/s-l225.jpg,https://www.ebay.com/itm/318812386114?_skw=Mega+Feraligatr+ex+274+Ascended+Heroes+Pokemon+card&hash=item4a3ab2f342:g:HS0AAeSwC5xql39H&amdata=enc%3AAQALAAABEACCtXRWQnOEpyOqnQQ8KGZ8et3hii8ubkvx%2BWoupQzUz2SGnbdr3yQbZ5xSmtdSWsBTmAVQlLgxKWBDEgrDvlNaLqHiaPVIkYP%2Bz1sVQiV%2BLU230Y1445%2BQUAMA2tKVZFP6HvgLmKKMHLmgikRprJQePVETyiSiImpWiKfnjocmsGIC8emkHnUapehwK96h6PVO3SBLfZJUnsjeWzsYP2MtTlM3bw6JqrwTK%2Fq2KOZg2F%2BViA7QKL0fX3mpfoSmuQg69p7n8Ztclf0Sa6MAotdsPkks8vxPhdTpHxlHQq2JQd6kIqr8%2Bd5hOuwtYEjTz5ZfDlBV1bdJU%2FCk2cA2CvSM2DmkXtCaJeXpCEdhD3A2,2026-09-12T23:42:48.395762+00:00
D3-EEDCFA9C968E8CBF,D3_BLIND_REVIEW,966bcb61-bf43-4cd7-8287-42f4bb9fa76d,9d636c4c-055f-4e85-b5ef-64675007d904,Leafeon ex,Prismatic Evolutions,144,special_illustration_rare,v1|227516463110|0,Leafeon ex 144/131 Holo Special Illustration Rare SV: Prismatic Evolutions NM,,Ungraded,4000,[],"[""FIXED_PRICE"",""BEST_OFFER""]",w2cllc,https://i.ebayimg.com/images/g/17oAAeSwuqxqo5bp/s-l225.jpg,https://www.ebay.com/itm/227516463110?_skw=Leafeon+ex+144+Prismatic+Evolutions+Pokemon+card&hash=item34f909b806:g:17oAAeSwuqxqo5bp,2026-09-12T23:42:48.395762+00:00
D3-B7F812AFCE5C3673,D3_BLIND_REVIEW,829b12ba-c7f5-4796-9a57-a2a2463c8461,0fc5990b-19e3-4716-b616-b221acc480a6,Houndour,Obsidian Flames,204,illustration_rare,v1|128069357313|0,Houndour 204/197 SV03: Obsidian Flames Holo,,Ungraded,4000,[],"[""FIXED_PRICE"",""BEST_OFFER""]",zombie.43,https://i.ebayimg.com/images/g/uo0AAeSwdbpqoHq9/s-l225.jpg,https://www.ebay.com/itm/128069357313?_skw=Houndour+204+Obsidian+Flames+Pokemon+card&hash=item1dd1874f01:g:uo0AAeSwdbpqoHq9,2026-09-12T23:42:48.395762+00:00
D3-D4DA7E6B034F0B55,D3_BLIND_REVIEW,3c75f577-62ee-4bdf-865c-ab2384f4379b,ecf458ed-ed92-4f04-bf27-1912d59bdbc0,Mega Charizard Y ex,Ascended Heroes,294,mega_hyper_rare,v1|800006066460|0,Mega Charizard Y ex 294/217 Gold Mega Hyper Rare Ascended Heroes Pokemon Card,,Ungraded,4000,[],"[""FIXED_PRICE"",""BEST_OFFER""]",1way_kicks,https://i.ebayimg.com/images/g/i5QAAeSwSzpqAjgm/s-l225.jpg,https://www.ebay.com/itm/800006066460?_skw=Mega+Charizard+Y+ex+294+Ascended+Heroes+Pokemon+card&hash=itemba4413d11c:g:i5QAAeSwSzpqAjgm,2026-09-12T23:42:48.395762+00:00
D3-3164D6949543D3CE,D3_BLIND_REVIEW,d09b2fb5-41b6-4d1e-88cf-629402434501,efae0727-f8c2-48c5-a33e-c308be0d288d,Roaring Moon ex,Prismatic Evolutions,162,special_illustration_rare,v1|147425569870|0,Roaring Moon ex 162/131 Sv: Prismatic Evolutions Holo,,Ungraded,4000,[],"[""FIXED_PRICE"",""BEST_OFFER""]",bobbyc-25,https://i.ebayimg.com/images/g/vcEAAeSwZ21qTtNN/s-l225.jpg,https://www.ebay.com/itm/147425569870?_skw=Roaring+Moon+ex+162+Prismatic+Evolutions+Pokemon+card&hash=item22533fac4e:g:vcEAAeSwZ21qTtNN,2026-09-12T23:42:48.395762+00:00
D3-18405735C1024063,D3_BLIND_REVIEW,ec8fec81-b57d-442a-baf0-91882c40de6e,67ea57e5-8821-4372-ac63-4c6e3f81f261,Team Rocket's Giovanni,Ascended Heroes,204,uncommon,v1|227409378258|0,TEAM ROCKET'S GIOVANNI 204/217 UNCOMMON ASCENDED HEROES POKEMON REVERSE HOLO NM,,Ungraded,4000,[],"[""FIXED_PRICE""]",majajo_collectibles,https://i.ebayimg.com/images/g/IdcAAeSwKVFqQ2DI/s-l225.jpg,https://www.ebay.com/itm/227409378258?_skw=Team+Rocket%27s+Giovanni+204+Ascended+Heroes+Pokemon+card&hash=item34f2a7bbd2:g:IdcAAeSwKVFqQ2DI,2026-09-12T23:42:48.395762+00:00
D3-4FB03BC69C733A0A,D3_BLIND_REVIEW,33dca102-b449-4da6-bfa6-7b72de711596,c2d7a5e7-cfdd-4f37-9748-a2259857c6e3,Charizard ex,Paldean Fates,234,special_illustration_rare,v1|206533887023|0,Charizard ex - 234/091 - SV: Paldean Fates,,Ungraded,4000,[],"[""FIXED_PRICE"",""BEST_OFFER""]",ahalliday,https://i.ebayimg.com/images/g/780AAeSwhYZqmb20/s-l225.jpg,https://www.ebay.com/itm/206533887023?_skw=Charizard+ex+234+Paldean+Fates+Pokemon+card&hash=item301661042f:g:780AAeSwhYZqmb20,2026-09-12T23:42:48.395762+00:00
D3-60EAE5A64FDC3A13,D3_BLIND_REVIEW,2cef0dfb-a5fd-4aed-b8ae-34a82f414587,3d276bff-a869-4634-840f-d5eb4f33aa1d,Reshiram ex,White Flare,166,special_illustration_rare,v1|336607405507|0,PSA 10 Reshiram Ex #166 2025 Pokemon Wht White Flare 154031691,,Graded,2750,[],"[""FIXED_PRICE"",""BEST_OFFER""]",kb3777,https://i.ebayimg.com/images/g/GAgAAeSwS0lqGJTH/s-l225.jpg,https://www.ebay.com/itm/336607405507?_skw=Reshiram+ex+166+White+Flare+Pokemon+card&hash=item4e5f5d65c3:g:GAgAAeSwS0lqGJTH,2026-09-12T23:42:48.395762+00:00
D3-749308B9B934E99D,D3_BLIND_REVIEW,c7e36a14-236f-4b93-a4a8-a4be2ddc7193,590cc9ca-0f7d-413e-ae31-68433716e01b,Mega Lucario ex,Mega Evolution,179,special_illustration_rare,v1|327316420510|0,Pokemon TCG Mega Lucario EX 033 Me: Mega Evolution Promo Holo 340 HP ENG,,Ungraded,4000,[],"[""FIXED_PRICE"",""BEST_OFFER""]",beckm-eric,https://i.ebayimg.com/images/g/FnoAAeSwW8NqhJMq/s-l225.jpg,https://www.ebay.com/itm/327316420510?_skw=Mega+Lucario+ex+179+Mega+Evolution+Pokemon+card&hash=item4c3594379e:g:FnoAAeSwW8NqhJMq,2026-09-12T23:42:48.395762+00:00
D3-14ED04C999A68CF4,D3_BLIND_REVIEW,fd225f1d-3765-4209-a5ec-42caf35933b0,92fdb409-1454-43ef-87ee-19095f700462,Team Rocket's Nidoking ex,Destined Rivals,233,special_illustration_rare,v1|206511863468|0,Team Rocket's Nidoking ex 233/182 Destined Rivals Holo Near Mint Pokemon,,Ungraded,4000,[],"[""FIXED_PRICE""]",ajpfinds,https://i.ebayimg.com/images/g/~9QAAeSw3EVqkx0b/s-l225.jpg,https://www.ebay.com/itm/206511863468?_skw=Team+Rocket%27s+Nidoking+ex+233+Destined+Rivals+Pokemon+card&hash=item301510f6ac:g:~9QAAeSw3EVqkx0b,2026-09-12T23:42:48.395762+00:00
D3-3F6C0BF654C5B5AF,D3_BLIND_REVIEW,d12a209b-06a3-4b46-82d3-a374e6bbe7b4,d0d523dc-3f95-4bbc-beb6-75b3d2a15cae,Grafaiai,Paldea Evolved,223,illustration_rare,v1|137727841031|0,The Pokémon Company Grafaiai SV2D Clay Burst 080/071 HP 90 Art Rare Reg Jpn 2023,,Ungraded,4000,[],"[""FIXED_PRICE"",""BEST_OFFER""]",jumbojakdog,https://i.ebayimg.com/images/g/jlYAAeSwVXhqpQq9/s-l225.jpg,https://www.ebay.com/itm/137727841031?_skw=Grafaiai+223+Paldea+Evolved+Pokemon+card&hash=item2011381307:g:jlYAAeSwVXhqpQq9,2026-09-12T23:42:48.395762+00:00
D3-C1B5616C3F8CCA4F,D3_BLIND_REVIEW,2c445258-b198-43de-b710-0921ebe3f0ab,4411dcaa-280b-4355-bc49-f27c3f6580f2,Pikachu ex,Ascended Heroes,277,special_illustration_rare,v1|267766746428|0,Pikachu ex 277/217 Special Illustration Rare SIR Pokemon TCG NM Pack Fresh Raw,,Ungraded,4000,[],"[""FIXED_PRICE"",""BEST_OFFER""]",auntiques_industrial,https://i.ebayimg.com/images/g/hkQAAeSwgqhqjYIl/s-l225.jpg,https://www.ebay.com/itm/267766746428?_skw=Pikachu+ex+277+Ascended+Heroes+Pokemon+card&hash=item3e58244d3c:g:hkQAAeSwgqhqjYIl,2026-09-12T23:42:48.395762+00:00
D3-EE537D75C488F6B0,D3_BLIND_REVIEW,b547c5c3-7082-4a7f-9290-3d569b91b462,2c272732-fdb3-4639-aa6b-ea9fa3ad9c24,Team Rocket's Giovanni,Destined Rivals,225,ultra_rare,v1|168313807634|0,Team Rocket's Giovanni Ultra Rare Holo 225/182 SV10: Destined Rivals NM,,Ungraded,4000,[],"[""FIXED_PRICE"",""BEST_OFFER""]",santostrading_co,https://i.ebayimg.com/images/g/XEsAAeSwYOtp4cdL/s-l225.jpg,https://www.ebay.com/itm/168313807634?_skw=Team+Rocket%27s+Giovanni+225+Destined+Rivals+Pokemon+card&hash=item273048e312:g:XEsAAeSwYOtp4cdL&amdata=enc%3AAQALAAABEACCtXRWQnOEpyOqnQQ8KGb3%2BhVzLnhfbpv25lqYtrQ%2FMtR1nLkLWSS6HCwEfa4LvsURPtAHBlV%2FXbYCx8XTBAbHkk%2FdTI6mIs2qyXdRt%2BHXQDdA1%2FfJOk9QNRUSqsCzbThKBKdHLkQ75nFrjn0V63Hv2efJjKBe6FB4k%2F1VhAjo3Q06Xa19mRm5TA8f4YFBnMQLLA6PRe7EUZKWvVBRHmVarFRq9QD%2Bh%2FJxav6mYE4PIvzmSKa01s%2FWe6NGf8guo5ZLg%2BO8wqmrp2NnvTH%2F7gqTZ22AXNT%2F07WdKHAK1WTZDFyqH2sZ%2BnfBcSE8USmikOhlgEP1vuqfHSEKhTDZJpSPN80M83NG%2BiiHhgQ7VXBM,2026-09-12T23:42:48.395762+00:00
D3-9416226CE27BC662,D3_BLIND_REVIEW,3c75f577-62ee-4bdf-865c-ab2384f4379b,ecf458ed-ed92-4f04-bf27-1912d59bdbc0,Mega Charizard Y ex,Ascended Heroes,294,mega_hyper_rare,v1|227480425247|526658803557,Pokemon TCG Extended Art Case Mega Charizard Y Ex MHR 294/217 ME Ascended Heroes,,Ungraded,4000,[],"[""FIXED_PRICE""]",buiq22,https://i.ebayimg.com/images/g/RgoAAeSwG9Fqg8BZ/s-l225.jpg,https://www.ebay.com/itm/227480425247?_skw=Mega+Charizard+Y+ex+294+Ascended+Heroes+Pokemon+card&hash=item34f6e3d31f:g:RgoAAeSwG9Fqg8BZ,2026-09-12T23:42:48.395762+00:00
D3-5813925CC0CAE9ED,D3_BLIND_REVIEW,fd225f1d-3765-4209-a5ec-42caf35933b0,92fdb409-1454-43ef-87ee-19095f700462,Team Rocket's Nidoking ex,Destined Rivals,233,special_illustration_rare,v1|237003546371|0,Team Rocket's Nidoking ex 233/182 Sv10: Destined Rivals Holo,,Ungraded,4000,[],"[""FIXED_PRICE""]",anthonypadilla19993,https://i.ebayimg.com/images/g/E0EAAeSwRQxqfc6M/s-l225.jpg,https://www.ebay.com/itm/237003546371?_skw=Team+Rocket%27s+Nidoking+ex+233+Destined+Rivals+Pokemon+card&hash=item372e831f03:g:E0EAAeSwRQxqfc6M&amdata=enc%3AAQALAAABIACCtXRWQnOEpyOqnQQ8KGZ6axKQEl1oE%2B3sKRVaXF8wS8nDQ6ncKBO8tnSjVEPLXDi4wJNuCrjyNAuDa0kelP2Y5YHej6tVmgfEFeDMQsvO916RiVsi5nA20aU17qeXFu0GeRrAUdzusn8b7k93E8v7fxVCqqdrkbke7b%2FY8ajqTCyXbq9Y8AtqLaQ51JQj72420U121io4zVRqcMkDLJ3z6xqtdUax8u4%2BjrAC%2BqBgZGzhniYjrFRr3t7wfaeWdG0brc2FFpfUXHOnH0084XHAyK5%2FWdgmDYMKPEBUvfLajyWq1TxrnLocED4oLX1eTqipSt4sGORJrFEdkSJLTQrpRNpVEr42W7k0NuKRFv%2BnS1m7QUsxj%2BW6ewEvodN3aQ%3D%3D,2026-09-12T23:42:48.395762+00:00
D3-DEDA1898585C27B8,D3_BLIND_REVIEW,4206e794-1ec6-4d55-94d4-63267ac9a183,9d5ddc90-8f9d-4759-b73d-fff0cd877d73,Mega Dragonite ex,Ascended Heroes,290,special_illustration_rare,v1|407191038171|0,Mega Dragonite ex 290/217 ME: Ascended Heroes Special Illustration Rare NM,,Ungraded,4000,[],"[""FIXED_PRICE"",""BEST_OFFER""]",rob796002,https://i.ebayimg.com/images/g/XwgAAeSwoAJqmdlX/s-l225.jpg,https://www.ebay.com/itm/407191038171?_skw=Mega+Dragonite+ex+290+Ascended+Heroes+Pokemon+card&hash=item5ece7a28db:g:XwgAAeSwoAJqmdlX&amdata=enc%3AAQALAAABEACCtXRWQnOEpyOqnQQ8KGYRL93poO3NMc0YH8w7fFYwNM68ECje94e%2BzFuTMRPLQj%2BR7Sc1a61MFUMXk1KoOaTvrt2urtsRFBV8SydIQCH%2FXqinhNda659%2BMZKdkZXYkwKHVDvoD%2FRs2KrgjxkzzEzymzd%2FPPhOB8eR5mOJJgP9YtglfgeoC7PzkEgDbMIIQGzi70Qxas7nOcUiJgRVlOz516M9btbrt2EqGwhci1g6p0gC0UJv3amlgw8VBlFI%2BdA%2FG4UmlvyVIWncb1XHbVcLMzx1C9VkhCRQOhV2shAzgAKRupRoPaFA3LwPZsVS72NFKUU7XcyzF0vWs8urArSg2NX%2F7WhVENB2IltxSA8F,2026-09-12T23:42:48.395762+00:00
D3-1E113098CB6E5B99,D3_BLIND_REVIEW,97165c7e-1d85-4962-807e-5661c2115d7d,b592d276-ceb3-4a5e-90d5-d759808b7da3,Furret,Journey Together,168,illustration_rare,v1|407193287555|0,Pokemon SV09: Journey Together #168/159 Holo Furret,,Ungraded,4000,[],"[""FIXED_PRICE""]",familyoddities,https://i.ebayimg.com/images/g/2FwAAeSw1VdqmxJ1/s-l225.jpg,https://www.ebay.com/itm/407193287555?_skw=Furret+168+Journey+Together+Pokemon+card&hash=item5ece9c7b83:g:2FwAAeSw1VdqmxJ1,2026-09-12T23:42:48.395762+00:00
D3-32B5ABF11A85AF59,D3_BLIND_REVIEW,75720435-3807-46b6-b3da-5e1c53b77822,9ad0c133-f133-45ab-9b3f-494199354e20,Mega Darkrai ex,Pitch Black,116,special_illustration_rare,v1|206551913267|0,Mega Darkrai EX 116/084 Pitch Black SIR Art English,,Ungraded,4000,[],"[""FIXED_PRICE"",""BEST_OFFER""]",mikepeek,https://i.ebayimg.com/images/g/3VYAAeSw3qdqpJRG/s-l225.jpg,https://www.ebay.com/itm/206551913267?_skw=Mega+Darkrai+ex+116+Pitch+Black+Pokemon+card&hash=item3017741333:g:3VYAAeSw3qdqpJRG,2026-09-12T23:42:48.395762+00:00
D3-EC868EBDD71D1E5E,D3_BLIND_REVIEW,2c445258-b198-43de-b710-0921ebe3f0ab,4411dcaa-280b-4355-bc49-f27c3f6580f2,Pikachu ex,Ascended Heroes,277,special_illustration_rare,v1|336597300476|0,2026 Pokemon Pikachu ex 277/217 Ascended Heroes SIR Special Illustration Rare 1,,Ungraded,4000,[],"[""FIXED_PRICE"",""BEST_OFFER""]",antsa_269478,https://i.ebayimg.com/images/g/B7cAAeSwZQpqERyL/s-l225.jpg,https://www.ebay.com/itm/336597300476?_skw=Pikachu+ex+277+Ascended+Heroes+Pokemon+card&hash=item4e5ec334fc:g:B7cAAeSwZQpqERyL,2026-09-12T23:42:48.395762+00:00
D3-B1B3C81AD1CCC2AE,D3_BLIND_REVIEW,7b00ea04-5c2a-4172-8025-afba48ddacb3,94d01e3d-09de-4d04-a0d8-1f36a5cfe684,Cresselia,Shrouded Fable,71,illustration_rare,v1|398166244690|0,Cresselia Shrouded Fable Illustration Rare 071/064 Pokemon TCG *B4,,Ungraded,4000,[],"[""FIXED_PRICE""]",adjnor,https://i.ebayimg.com/images/g/N4wAAeSwQ6JqU1bA/s-l225.jpg,https://www.ebay.com/itm/398166244690?_skw=Cresselia+71+Shrouded+Fable+Pokemon+card&hash=item5cb48ebd52:g:N4wAAeSwQ6JqU1bA&amdata=enc%3AAQALAAABAACCtXRWQnOEpyOqnQQ8KGYpsbXBFoxf7Djg33goLY5k59ZvVHYXxOL2u5%2BdR67%2FZLey7E%2Bogl8ARJksg220cZKoSDO1hQassDO4%2BOh8Yx1g5w4lAtYu3GbMhh%2BYsAlPdkM61EDv82MkswSqXXWnb6S%2BgHjkogo999l2eMNLIXmmqhgZ0ulx89KZTo8s2qmXDSlE0yxH3DdsnEpHj02OR1KkT1R%2FUWh%2FoHaGUK45SCxmtK7VC656iiEjlXm4YAy29vrjb5bvEUdD1zcBwzkYRIe8mFs2QeFyq5WMKCOvc%2FxKX2g6IonDZWMQR5ZZPhPnb14f9%2B7%2FnmJp9O5vW528CU0%3D,2026-09-12T23:42:48.395762+00:00
D3-262E70B1AEAFFDB2,D3_BLIND_REVIEW,97165c7e-1d85-4962-807e-5661c2115d7d,b592d276-ceb3-4a5e-90d5-d759808b7da3,Furret,Journey Together,168,illustration_rare,v1|407186646155|0,Furret Holo Illustration Rare SV09: Journey Together 168/159 NM,,Ungraded,4000,[],"[""FIXED_PRICE""]",abespokeporch,https://i.ebayimg.com/images/g/2j0AAeSwUxNql6wW/s-l225.jpg,https://www.ebay.com/itm/407186646155?_skw=Furret+168+Journey+Together+Pokemon+card&hash=item5ece37248b:g:2j0AAeSwUxNql6wW,2026-09-12T23:42:48.395762+00:00
D3-40C0489D6E67E3AB,D3_BLIND_REVIEW,a6969678-b361-4b27-bee3-e3cdc127a5e4,bb6ebfa8-886c-4b5c-822a-7431870bb339,Dragapult ex,Prismatic Evolutions,165,special_illustration_rare,v1|188812447193|0,Dragapult ex 165/131 Special Illustration Rare Prismatic Evolutions,,Ungraded,4000,[],"[""FIXED_PRICE""]",am562-21,https://i.ebayimg.com/images/g/e2UAAeSw7dJqhIoI/s-l225.jpg,https://www.ebay.com/itm/188812447193?_skw=Dragapult+ex+165+Prismatic+Evolutions+Pokemon+card&hash=item2bf6194dd9:g:e2UAAeSw7dJqhIoI,2026-09-12T23:42:48.395762+00:00
D3-BD43FF632B267A18,D3_BLIND_REVIEW,828c0d0d-2ede-4bab-bed4-407cd3cf8662,06c45a41-2b44-401a-9703-5c9952f2580f,Mega Gengar ex,Ascended Heroes,284,special_illustration_rare,v1|188727627845|0,Mega Gengar EX 284/217 Special Illustration Rare - Ascended Heroes,,Ungraded,4000,[],"[""FIXED_PRICE"",""BEST_OFFER""]",2pokebros,https://i.ebayimg.com/images/g/qjgAAeSwDDdqbhWY/s-l225.jpg,https://www.ebay.com/itm/188727627845?_skw=Mega+Gengar+ex+284+Ascended+Heroes+Pokemon+card&hash=item2bf10b1045:g:qjgAAeSwDDdqbhWY,2026-09-12T23:42:48.395762+00:00
D3-C8532EEEB1DC1056,D3_BLIND_REVIEW,a922341e-4646-470b-95cf-2a59055b18ce,2bf9f356-230d-42e8-99e7-0b10161b9392,Spidops ex,Scarlet and Violet Base Set,243,special_illustration_rare,v1|157646406076|0,Spidops ex - 019/198  Double Rare Scarlet & Violet Base Set Pokemon TCG,,Ungraded,4000,[],"[""FIXED_PRICE"",""BEST_OFFER""]",guardiangamingcollectables,https://i.ebayimg.com/images/g/vDkAAOSwqNNkKlaW/s-l225.jpg,https://www.ebay.com/itm/157646406076?_skw=Spidops+ex+243+Scarlet+and+Violet+Base+Set+Pokemon+card&hash=item24b47541bc:g:vDkAAOSwqNNkKlaW&amdata=enc%3AAQALAAABEACCtXRWQnOEpyOqnQQ8KGbkH0EX7Lju7wZxqYDssYDsq%2BdSmq%2Biab8aVZgG1wLsINlptZXen4RoVBQQ%2BrkUN3IN3VA22jFYqXDydd7caFPax4z693dq7H2GWo%2BNMc5oo6RGFNkL0OWjOjehgcuaAzB9VynUDd1Nvml3%2BCcWMiQSZsEZ5M9ifu5zBvqQoamgVj8g05hRjN%2FLQi9RwkRm8Q%2FNcxcVkdKT%2FFtlYwXriqT0s6oeNqQ3u%2FRIQy5xds4r55Ob%2BmDSd7s9q8035gcS%2F42YpwVuPV6NR6f6QPlKktbowzGkI7hwLckXbNDnaJLvbDrkRB6fIrKSImHJIDOXTHFn3GvjahT88Z%2FaCz%2B1QXbZ,2026-09-12T23:42:48.395762+00:00
D3-87AD3BC19BD447F0,D3_BLIND_REVIEW,3b5294d0-4738-4296-952e-f32b2788e3c4,10ab9aee-5f8c-4938-aec5-aa4a4314f745,Sunflora,Twilight Masquerade,169,illustration_rare,v1|147460539050|0,Sunflora - Holo Illustration Rare SV06: Twilight Masquerade 169/167 NM,,Ungraded,4000,[],"[""FIXED_PRICE"",""BEST_OFFER""]",actnowsports-us,https://i.ebayimg.com/images/g/-90AAeSwFuJqZJHB/s-l225.jpg,https://www.ebay.com/itm/147460539050?_skw=Sunflora+169+Twilight+Masquerade+Pokemon+card&hash=item22555542aa:g:-90AAeSwFuJqZJHB,2026-09-12T23:42:48.395762+00:00
D3-EE3A37F96A61B34C,D3_BLIND_REVIEW,d09b2fb5-41b6-4d1e-88cf-629402434501,efae0727-f8c2-48c5-a33e-c308be0d288d,Roaring Moon ex,Prismatic Evolutions,162,special_illustration_rare,v1|198364453322|0,Roaring Moon EX 162/131  - PSA 10 (Prismatic Evolutions),,Graded,2750,[],"[""FIXED_PRICE""]",peachesxpetals,https://i.ebayimg.com/images/g/rrEAAeSwcM9qC0ki/s-l225.jpg,https://www.ebay.com/itm/198364453322?_skw=Roaring+Moon+ex+162+Prismatic+Evolutions+Pokemon+card&hash=item2e2f7159ca:g:rrEAAeSwcM9qC0ki,2026-09-12T23:42:48.395762+00:00
D3-B4CA9200D23BC601,D3_BLIND_REVIEW,67611b34-a7e9-497f-9708-651cc015ca6c,f02f5725-b24c-4ee9-a9b5-55edd91d7697,Lillie's Determination,Mega Evolution,184,special_illustration_rare,v1|147543308573|0,Lillie's Determination 184/132 Me01: Mega Evolution Holo,,Ungraded,4000,[],"[""FIXED_PRICE"",""BEST_OFFER""]",addrakken,https://i.ebayimg.com/images/g/elYAAeSwv9Nql3PV/s-l225.jpg,https://www.ebay.com/itm/147543308573?_skw=Lillie%27s+Determination+184+Mega+Evolution+Pokemon+card&hash=item225a44391d:g:elYAAeSwv9Nql3PV,2026-09-12T23:42:48.395762+00:00
D3-A731CCD56CD35F41,D3_BLIND_REVIEW,966bcb61-bf43-4cd7-8287-42f4bb9fa76d,9d636c4c-055f-4e85-b5ef-64675007d904,Leafeon ex,Prismatic Evolutions,144,special_illustration_rare,v1|168627815761|0,Pokemon TCG Leafeon ex 144/131 Scarlet & Violet Prismatic Evolutions SIR,,Ungraded,4000,[],"[""FIXED_PRICE""]",pokeant92,https://i.ebayimg.com/images/g/eG4AAeSwLcVqht~G/s-l225.jpg,https://www.ebay.com/itm/168627815761?_skw=Leafeon+ex+144+Prismatic+Evolutions+Pokemon+card&hash=item2743004551:g:eG4AAeSwLcVqht~G,2026-09-12T23:42:48.395762+00:00
D3-C37DEA01187A9DC7,D3_BLIND_REVIEW,828c0d0d-2ede-4bab-bed4-407cd3cf8662,06c45a41-2b44-401a-9703-5c9952f2580f,Mega Gengar ex,Ascended Heroes,284,special_illustration_rare,v1|298602087431|0,Mega Gengar EX 284/217 SIR Special Illustration Rare Ascended Heroes (18),,Ungraded,4000,[],"[""FIXED_PRICE"",""BEST_OFFER""]",1upgamesga,https://i.ebayimg.com/images/g/sTAAAeSw5B5qhf0N/s-l225.jpg,https://www.ebay.com/itm/298602087431?_skw=Mega+Gengar+ex+284+Ascended+Heroes+Pokemon+card&hash=item4586124407:g:sTAAAeSw5B5qhf0N,2026-09-12T23:42:48.395762+00:00
D3-E7235F1F08601360,D3_BLIND_REVIEW,966bcb61-bf43-4cd7-8287-42f4bb9fa76d,9d636c4c-055f-4e85-b5ef-64675007d904,Leafeon ex,Prismatic Evolutions,144,special_illustration_rare,v1|800417683704|0,Leafeon ex 144/131 Sv: Prismatic Evolutions Holo,,Ungraded,4000,[],"[""FIXED_PRICE""]",gaigeu,https://i.ebayimg.com/images/g/TQEAAeSwaTJqZ6r~/s-l225.jpg,https://www.ebay.com/itm/800417683704?_skw=Leafeon+ex+144+Prismatic+Evolutions+Pokemon+card&hash=itemba5c9c98f8:g:TQEAAeSwaTJqZ6r~,2026-09-12T23:42:48.395762+00:00
D3-26BFEE2545786BF7,D3_BLIND_REVIEW,b801a524-e703-4f4c-ad99-1ec742cf30ec,586dac04-6254-4241-b628-b6d3dac61063,Bianca's Devotion,Temporal Forces,209,special_illustration_rare,v1|188917439338|0,Bianca's Devotion 209/162 SV05: Temporal Forces Holo,,Ungraded,4000,[],"[""FIXED_PRICE""]",benflips5,https://i.ebayimg.com/images/g/dCUAAeSwguFqpEb8/s-l225.jpg,https://www.ebay.com/itm/188917439338?_skw=Bianca%27s+Devotion+209+Temporal+Forces+Pokemon+card&hash=item2bfc5b5b6a:g:dCUAAeSwguFqpEb8,2026-09-12T23:42:48.395762+00:00
D3-285970725CA1636A,D3_BLIND_REVIEW,f01e01fe-17e4-48b7-8ba3-9a88f876acd4,7c3e24f9-be0e-4de8-86fc-9fb913792294,Meowth,Phantasmal Flames,106,illustration_rare,v1|407210825262|0,Meowth Holo Illustration Rare ME02: Phantasmal Flames 106/094 NM,,Ungraded,4000,[],"[""FIXED_PRICE""]",abespokeporch,https://i.ebayimg.com/images/g/MK4AAeSwXf5qpOsD/s-l225.jpg,https://www.ebay.com/itm/407210825262?_skw=Meowth+106+Phantasmal+Flames+Pokemon+card&hash=item5ecfa8162e:g:MK4AAeSwXf5qpOsD,2026-09-12T23:42:48.395762+00:00
D3-BE9EBAAB84EFA4B9,D3_BLIND_REVIEW,53466d2d-94fd-4230-9505-694297a9030d,3451abaf-acc7-41aa-a60c-25f24b7ac07f,Perrin,Twilight Masquerade,220,special_illustration_rare,v1|178303154650|0,Perrin 220/167 Sv06: Twilight Masquerade Holo,,Ungraded,4000,[],"[""FIXED_PRICE"",""BEST_OFFER""]",cowypurk,https://i.ebayimg.com/images/g/zcYAAeSw-4NqUuE6/s-l225.jpg,https://www.ebay.com/itm/178303154650?_skw=Perrin+220+Twilight+Masquerade+Pokemon+card&hash=item2983b239da:g:zcYAAeSw-4NqUuE6,2026-09-12T23:42:48.395762+00:00
D3-377FD73C8F73DC1E,D3_BLIND_REVIEW,15faf94c-4a3b-4f09-a867-f2ded1174419,98ab7334-59cd-47fa-b778-f6526e5e1276,Veluza,Paradox Rift,192,illustration_rare,v1|198634331001|0,Veluza - 192/182 - Paradox Rift - Pokemon TCG Card NM Illustration Rare IR,,Ungraded,4000,[],"[""FIXED_PRICE"",""BEST_OFFER""]",28083003,https://i.ebayimg.com/images/g/5hoAAeSwdt5qo~rZ/s-l225.jpg,https://www.ebay.com/itm/198634331001?_skw=Veluza+192+Paradox+Rift+Pokemon+card&hash=item2e3f875b79:g:5hoAAeSwdt5qo~rZ,2026-09-12T23:42:48.395762+00:00
D3-19C61345423415B0,D3_BLIND_REVIEW,31566cbb-0eeb-499e-aa6d-b9b0bd85fc8b,fc81462a-2c3e-4b7a-a7be-ad7f88d98ace,Mega Greninja ex,Chaos Rising,122,mega_hyper_rare,v1|327244049596|0,Mega Greninja ex 122/086 Me04: Chaos Rising Holo,,Ungraded,4000,[],"[""FIXED_PRICE"",""BEST_OFFER""]",oktoberfashion,https://i.ebayimg.com/images/g/Tq8AAeSw1tJqRu-j/s-l225.jpg,https://www.ebay.com/itm/327244049596?_skw=Mega+Greninja+ex+122+Chaos+Rising+Pokemon+card&hash=item4c3143ecbc:g:Tq8AAeSw1tJqRu-j,2026-09-12T23:42:48.395762+00:00
D3-7B4095A073CCCEAD,D3_BLIND_REVIEW,5576e4b9-4873-40fa-84c4-da9f28cec096,8614b6c4-8840-4b33-9908-4ded064f570f,Gulpin,Stellar Crown,154,illustration_rare,v1|298402461285|0,Gulpin 154/142 Holo - Pokemon SV07: Stellar Crown - NM,,Ungraded,4000,[],"[""FIXED_PRICE"",""BEST_OFFER""]",vints55,https://i.ebayimg.com/images/g/QQgAAeSwLxhqKVvI/s-l225.jpg,https://www.ebay.com/itm/298402461285?_skw=Gulpin+154+Stellar+Crown+Pokemon+card&hash=item457a2c3665:g:QQgAAeSwLxhqKVvI,2026-09-12T23:42:48.395762+00:00
D3-F0739573E72EB9EC,D3_BLIND_REVIEW,5576e4b9-4873-40fa-84c4-da9f28cec096,8614b6c4-8840-4b33-9908-4ded064f570f,Gulpin,Stellar Crown,154,illustration_rare,v1|820087556467|0,2024 POKEMON STELLAR CROWN #154/142 GULPIN ILLUSTRATION RARE,,Ungraded,4000,[],"[""AUCTION""]",4_sharp_corners_raw,https://i.ebayimg.com/images/g/3kYAAeSwG~dqmwMh/s-l225.jpg,https://www.ebay.com/itm/820087556467?_skw=Gulpin+154+Stellar+Crown+Pokemon+card&hash=itembef1070973:g:3kYAAeSwG~dqmwMh,2026-09-12T23:42:48.395762+00:00
D3-4EDEDB983AD77F24,D3_BLIND_REVIEW,7b00ea04-5c2a-4172-8025-afba48ddacb3,94d01e3d-09de-4d04-a0d8-1f36a5cfe684,Cresselia,Shrouded Fable,71,illustration_rare,v1|287518077635|0,2024 Pokemon Shrouded Fable Cresselia #071/064,,Ungraded,4000,[],"[""FIXED_PRICE""]",cjcscollectables,https://i.ebayimg.com/images/g/HYYAAeSwHgFqesQv/s-l225.jpg,https://www.ebay.com/itm/287518077635?_skw=Cresselia+71+Shrouded+Fable+Pokemon+card&hash=item42f169b2c3:g:HYYAAeSwHgFqesQv&amdata=enc%3AAQALAAABAACCtXRWQnOEpyOqnQQ8KGbKc4mQflF4o8Zn8eT7mRvtx2Cgl6jwcyPfwSCSdgNIgmcyq4r7zL1Ex9atSDdOc4sGT84O0bCzwN11L2P54ChU48iarVetzNgXOhGmDHWAVNBzKGRBowHy8%2FaNDCmexbbbTTFgHIFtFMNym4tvScHNX9d5kfWeYFQaNc7SopKoQ%2FrkkyyQoob4Gi%2BKew0zYJMxiv1ksODz%2BQwIKZ2JA9vm4ICpGk4F0MRiHVuMJzPV4IXHdBNqiWZnJXtf8rkeU0A%2F8MDxK%2F67VE%2FSoBddDByIWdWpH8m2fdls82W3nBtnkrO5gyXvoR%2B6P%2F7UBBYXA%2BM%3D,2026-09-12T23:42:48.395762+00:00
D3-62F01223467E072A,D3_BLIND_REVIEW,2cef0dfb-a5fd-4aed-b8ae-34a82f414587,3d276bff-a869-4634-840f-d5eb4f33aa1d,Reshiram ex,White Flare,166,special_illustration_rare,v1|227438363874|0,Reshiram ex 166/086 Sv: White Flare Holo,,Graded,2750,[],"[""FIXED_PRICE""]",jisflynlo,https://i.ebayimg.com/images/g/~FAAAeSwVDJqXTgK/s-l225.jpg,https://www.ebay.com/itm/227438363874?_skw=Reshiram+ex+166+White+Flare+Pokemon+card&hash=item34f46204e2:g:~FAAAeSwVDJqXTgK,2026-09-12T23:42:48.395762+00:00
D3-CD65BB4801978281,D3_BLIND_REVIEW,152906c9-3b9f-4f16-bb22-cb4241c7386b,20ddd5ca-77ef-4e3c-a018-ea4c7a44913a,Giovanni's Charisma,Scarlet and Violet 151,204,special_illustration_rare,v1|287476185742|0,2023 Scarlet & Violet 151 JP Giovanni's Charisma #162/165 Reverse Holo Uncommon,,Ungraded,4000,[],"[""FIXED_PRICE""]",cjcscollectables,https://i.ebayimg.com/images/g/5sQAAeSw75ZqX6sd/s-l225.jpg,https://www.ebay.com/itm/287476185742?_skw=Giovanni%27s+Charisma+204+Scarlet+and+Violet+151+Pokemon+card&hash=item42eeea7a8e:g:5sQAAeSw75ZqX6sd,2026-09-12T23:42:48.395762+00:00
D3-8D62BD4E60E4AA34,D3_BLIND_REVIEW,2e5780f8-1769-4d26-9e3e-87e4a27d4dfe,09b7c446-d89f-4a64-b721-bc1293308747,Dachsbun ex,Stellar Crown,169,special_illustration_rare,v1|298545717547|0,Dachsbun EX 169/142 - Stellar Crown - Special Illustration Rare - Pokémon TCG,,Ungraded,4000,[],"[""FIXED_PRICE"",""BEST_OFFER""]",1pokemonchick,https://i.ebayimg.com/images/g/tCQAAeSw17Bqa6Yq/s-l225.jpg,https://www.ebay.com/itm/298545717547?_skw=Dachsbun+ex+169+Stellar+Crown+Pokemon+card&hash=item4582b6212b:g:tCQAAeSw17Bqa6Yq&amdata=enc%3AAQALAAABAACCtXRWQnOEpyOqnQQ8KGZIdA%2BtR7y4smJ4mIDyMZT69l%2BckKMWZivuRvvjWXdO9PvoIGVEcDdmEV8LPcTlIyLkIDqxMoyXSUB9qmzuczFisJV%2Bp0bj2Z0hNh9aV4k61aa6vSWBPYWw3ImU2xyG40u1E%2Fet12yoBCvAwwYckeyZ%2BQ5T7WWoRNR7V5fdy29FVY%2BUcS1Bvlv65uoQ50zX9GPFSWKx%2FoW%2Fy1WSlg1rg9QvhtsAqUCSG0bobwcLOyKA3d0LM0k8JiS%2BneI9KABeGHGF2bQKesfz6kZ6GiFSNxFecoDOPKAL%2FkRWTF1gX5%2Bwg5j6ay1xAQCLB%2FPDtIwCsKo%3D,2026-09-12T23:42:48.395762+00:00
D3-D0408A0B9B85B518,D3_BLIND_REVIEW,c7e36a14-236f-4b93-a4a8-a4be2ddc7193,590cc9ca-0f7d-413e-ae31-68433716e01b,Mega Lucario ex,Mega Evolution,179,special_illustration_rare,v1|407044518872|0,Pokemon TCG Card Mega Lucario ex 179/132 Mega Evolution SIR Holo - NM,,Ungraded,4000,[],"[""FIXED_PRICE""]",aytee_cg,https://i.ebayimg.com/images/g/9iEAAeSwSZBqRwvs/s-l225.jpg,https://www.ebay.com/itm/407044518872?_skw=Mega+Lucario+ex+179+Mega+Evolution+Pokemon+card&hash=item5ec5be73d8:g:9iEAAeSwSZBqRwvs,2026-09-12T23:42:48.395762+00:00
D3-453A0E92088F961D,D3_BLIND_REVIEW,5576e4b9-4873-40fa-84c4-da9f28cec096,8614b6c4-8840-4b33-9908-4ded064f570f,Gulpin,Stellar Crown,154,illustration_rare,v1|318606990677|0,Gulpin 154/142 Sv07: Stellar Crown Holo,,Ungraded,4000,[],"[""FIXED_PRICE"",""BEST_OFFER""]",butterflyking700,https://i.ebayimg.com/images/g/VtAAAeSw9ABqXVKr/s-l225.jpg,https://www.ebay.com/itm/318606990677?_skw=Gulpin+154+Stellar+Crown+Pokemon+card&hash=item4a2e74dd55:g:VtAAAeSw9ABqXVKr,2026-09-12T23:42:48.395762+00:00
D3-FFB56699EA50817E,D3_BLIND_REVIEW,3baf2f12-759f-427a-b8d0-2511e639310f,886acc91-d523-4628-bb4a-6ef8db1d8543,Mega Gardevoir ex,Mega Evolution,187,mega_hyper_rare,v1|177513855257|0,Mega Gardevoir ex 187/132 Me01: Mega Evolution Holo,,Ungraded,4000,[],"[""FIXED_PRICE"",""BEST_OFFER""]",jaz-9449,https://i.ebayimg.com/images/g/NRcAAeSwY~po-ZLA/s-l225.jpg,https://www.ebay.com/itm/177513855257?_skw=Mega+Gardevoir+ex+187+Mega+Evolution+Pokemon+card&hash=item2954a67919:g:NRcAAeSwY~po-ZLA&amdata=enc%3AAQALAAABEACCtXRWQnOEpyOqnQQ8KGbUimS1%2FaqVaxv5k77tfSi8UPo%2B6pPUu2TrRscoGgRxl0KrJdf8GU5l08Ue7nORuQzBXDoIepzsgeHjoRXO715tqKssCcGZhrfmQ7N4v%2BJCxdrRn7CjYYMkeJn1aupEqjxLxVBPX5tjUhCiIcVEZsKDf%2FvSVubqN9k8Sc%2Fp8K62rQog1E3Nx9U7cvCQrVNphJOXbDhdWyOyyOfrmatQtHtpjtKzWXgXtmY3GiL%2BWHZ3Cpj5VOdu5LbpW7D9RJB6Aog5PDzwAayMMG3HO0KpZ%2Ff5IO7y9Tp%2BGI8lBk4pJXxELt%2FmzBK0bBYRuXRO--dDFWORUgjKjJOCet0iNxwF5Q4Z,2026-09-12T23:42:48.395762+00:00
D3-511054A2AEB312F5,D3_BLIND_REVIEW,24f40ecd-605f-4d62-b748-afed33706583,bd1bb49f-f0e6-4441-a2cd-648e3ccf4a4c,Emboar,White Flare,98,illustration_rare,v1|398382403372|0,Pokemon Emboar 098/086 White Flare Illustration Rare NM,,Ungraded,4000,[],"[""FIXED_PRICE"",""BEST_OFFER""]",peaceland,https://i.ebayimg.com/images/g/BhYAAeSw7mFqozqJ/s-l225.jpg,https://www.ebay.com/itm/398382403372?_skw=Emboar+98+White+Flare+Pokemon+card&hash=item5cc1710f2c:g:BhYAAeSw7mFqozqJ&amdata=enc%3AAQALAAABAACCtXRWQnOEpyOqnQQ8KGZWOCwvYEiFyKlI6utpCeFYeD7zT0K7DDmYAc7%2FqLwTfNdr8w0nTuVMHk63%2BTcYyueQc3l%2FgEFXoPZfw0AJn9JNMoXeXMK4ymV4b%2FmEOapwgbJ5p3DzmwPN5hItIADrCH%2B%2BBicjXUKjr9HhTCIDBTo7y%2BK77p77DT0kkSs1gR48v5gkcTV9STD3xiUM%2B7gzvnm3BEJx4IgndVPLlgdsv3Q%2Bcqumd6v9Uzp%2BXgjPSNFykfQ0Wh7wh7rQdPGrszY7Bq07LLwUPY4XCjCQ2bPqU%2FfKjpTKKVM%2BTuIAN6zxYJ1For0HtFwuVwhsD%2Fisgwqq7Cw%3D,2026-09-12T23:42:48.395762+00:00
D3-CB6D088E0D6C1472,D3_BLIND_REVIEW,0331d96e-d8af-44d3-9552-85f784d9b4ca,720c16f5-5c19-43bc-a711-0ea9e8545aab,Trubbish,White Flare,140,illustration_rare,v1|307166659032|0,Trubbish Illustration Rare SV: White Flare Holo 140/086 NM,,Ungraded,4000,[],"[""FIXED_PRICE"",""BEST_OFFER""]",airbell-collectibles,https://i.ebayimg.com/images/g/G0wAAeSw0BpqnhxO/s-l225.jpg,https://www.ebay.com/itm/307166659032?_skw=Trubbish+140+White+Flare+Pokemon+card&hash=item47848f41d8:g:G0wAAeSw0BpqnhxO,2026-09-12T23:42:48.395762+00:00
D3-0F2A16997AD05B91,D3_BLIND_REVIEW,75720435-3807-46b6-b3da-5e1c53b77822,9ad0c133-f133-45ab-9b3f-494199354e20,Mega Darkrai ex,Pitch Black,116,special_illustration_rare,v1|227518368347|0,Mega Darkrai ex 116/084 SIR Pokemon TCG Pitch Black 2026 NM English ME05,,Ungraded,4000,[],"[""FIXED_PRICE"",""BEST_OFFER""]",acehoops567,https://i.ebayimg.com/images/g/rZ0AAeSwFGVqpVlp/s-l225.jpg,https://www.ebay.com/itm/227518368347?_skw=Mega+Darkrai+ex+116+Pitch+Black+Pokemon+card&hash=item34f926ca5b:g:rZ0AAeSwFGVqpVlp,2026-09-12T23:42:48.395762+00:00
D3-39FE35CF2275ACCD,D3_BLIND_REVIEW,2a67a99c-dbba-4c41-846c-39ed4659c916,dfda2049-d87b-4be0-ad51-dcc005688d93,Grubbin,Temporal Forces,18,common,v1|366535365896|636243974489,Pokémon Temporal Forces: Pick Your Card – Reverse Holo/Holo/ex/ACE Spec - NM TCG,,Ungraded,4000,[],"[""FIXED_PRICE""]",teescardvault,https://i.ebayimg.com/images/g/sDEAAeSw~LpqUWUv/s-l225.jpg,https://www.ebay.com/itm/366535365896?_skw=Grubbin+18+Temporal+Forces+Pokemon+card&hash=item555735d508:g:sDEAAeSw~LpqUWUv,2026-09-12T23:42:48.395762+00:00
D3-9A4D6B786085BB9E,D3_BLIND_REVIEW,23d6bd35-bbf0-49b2-911e-4949e66ff8bb,9326d67b-4017-4430-ac3c-bae6eb088be7,Pachirisu,Paldean Fates,138,shiny_rare,v1|820084434456|0,Pokemon TCG SV Paldean Fates Pachirisu 138/091 Rare Holo English,,Ungraded,4000,[],"[""FIXED_PRICE"",""BEST_OFFER""]",151bris,https://i.ebayimg.com/images/g/9XQAAeSwmX1qmfsF/s-l225.jpg,https://www.ebay.com/itm/820084434456?_skw=Pachirisu+138+Paldean+Fates+Pokemon+card&hash=itembef0d76618:g:9XQAAeSwmX1qmfsF,2026-09-12T23:42:48.395762+00:00
D3-86BE979FD7CB2E17,D3_BLIND_REVIEW,7f065a2b-5cab-45c8-8fd8-96d4c07c4ee8,3805ddb2-e4cd-40b3-8a52-82398effa130,Canari,Ascended Heroes,291,special_illustration_rare,v1|318862580076|0,Canari 291/217 Special Illustration Rare ME: Ascended Heroes NM,,Ungraded,4000,[],"[""FIXED_PRICE""]",ae-race_electronics,https://i.ebayimg.com/images/g/t4QAAeSwKqNqQE4f/s-l225.jpg,https://www.ebay.com/itm/318862580076?_skw=Canari+291+Ascended+Heroes+Pokemon+card&hash=item4a3db0d96c:g:t4QAAeSwKqNqQE4f,2026-09-12T23:42:48.395762+00:00
D3-3EDD4DFFCCE33C26,D3_BLIND_REVIEW,b620ec1c-c0ac-4e7e-919d-a7df98bcb84b,8af678f4-09f0-486c-9617-b56896ebeea0,Zweilous,White Flare,147,illustration_rare,v1|398295529880|0,Pokemon Zweilous 147/086 SV: White Flare Illustration Rare Holo Full Art ENG,,Ungraded,4000,[],"[""FIXED_PRICE"",""BEST_OFFER""]",doubledeuce-ii,https://i.ebayimg.com/images/g/MmgAAeSwxZRqguaw/s-l225.jpg,https://www.ebay.com/itm/398295529880?_skw=Zweilous+147+White+Flare+Pokemon+card&hash=item5cbc437998:g:MmgAAeSwxZRqguaw,2026-09-12T23:42:48.395762+00:00
D3-3997666AD6253330,D3_BLIND_REVIEW,bf928dd7-24bc-4e16-bb5e-afb8122c3241,311abf3f-15cb-4cb8-995f-1937555c4bdd,Fidough,Scarlet and Violet Base Set,213,illustration_rare,v1|137273948068|0,Fidough 213/198 SV01: Scarlet & Violet Base Set Holo,,Ungraded,4000,[],"[""FIXED_PRICE"",""BEST_OFFER""]",ajericson2012,https://i.ebayimg.com/images/g/DYsAAeSwTpVp9Xdh/s-l225.jpg,https://www.ebay.com/itm/137273948068?_skw=Fidough+213+Scarlet+and+Violet+Base+Set+Pokemon+card&hash=item1ff62a37a4:g:DYsAAeSwTpVp9Xdh,2026-09-12T23:42:48.395762+00:00
D3-700E00327E06C0A9,D3_BLIND_REVIEW,2a67a99c-dbba-4c41-846c-39ed4659c916,dfda2049-d87b-4be0-ad51-dcc005688d93,Grubbin,Temporal Forces,18,common,v1|235597179400|535836347899,"TEMPORAL FORCES Pokemon Card TCG Reverse Holo, ACE, EX CHOOSE PICK YOUR CARD NM",,Ungraded,4000,[],"[""FIXED_PRICE""]",droder1,https://i.ebayimg.com/images/g/JjIAAOSww71mYfRt/s-l225.jpg,https://www.ebay.com/itm/235597179400?_skw=Grubbin+18+Temporal+Forces+Pokemon+card&hash=item36daafaa08:g:JjIAAOSww71mYfRt,2026-09-12T23:42:48.395762+00:00
D3-8C430641F1158F7A,D3_BLIND_REVIEW,6a980108-6683-4461-ac9a-c81a27326dee,129a7668-0ba7-4f77-8585-3847e6c3d342,Team Rocket's Mewtwo ex,Destined Rivals,231,special_illustration_rare,v1|168461657220|0,Pokemon Team Rocket's Mewtwo EX #231 Destined Rivals BGS 9.5 Gem Mint - NEW SLAB,,Graded,2750,[],"[""FIXED_PRICE"",""BEST_OFFER""]",bestanonymousdeals,https://i.ebayimg.com/images/g/FEEAAeSwvkJqMDSm/s-l225.jpg,https://www.ebay.com/itm/168461657220?_skw=Team+Rocket%27s+Mewtwo+ex+231+Destined+Rivals+Pokemon+card&hash=item273918e484:g:FEEAAeSwvkJqMDSm,2026-09-12T23:42:48.395762+00:00
D3-E22A1C883B9073C4,D3_BLIND_REVIEW,5576e4b9-4873-40fa-84c4-da9f28cec096,8614b6c4-8840-4b33-9908-4ded064f570f,Gulpin,Stellar Crown,154,illustration_rare,v1|206549805446|0,Gulpin - 154/142 - Stellar Crown - Illustration Rare NM Pokemon TCG Card IR,,Ungraded,4000,[],"[""FIXED_PRICE"",""BEST_OFFER""]",28083003,https://i.ebayimg.com/images/g/w10AAeSwH-Bqo9LK/s-l225.jpg,https://www.ebay.com/itm/206549805446?_skw=Gulpin+154+Stellar+Crown+Pokemon+card&hash=item301753e986:g:w10AAeSwH-Bqo9LK,2026-09-12T23:42:48.395762+00:00
D3-4D617B1D6AC1402B,D3_BLIND_REVIEW,64c0404b-826f-493d-9c10-738b2b56eca4,9f6c24f7-6a76-471f-ad81-d3901c5e9088,Mega Audino ex,Ascended Heroes,253,ultra_rare,v1|358873592386|0,2026 POKEMON ASCENDED HEROES #253/217 MEGA AUDINO EX ULTRA RARE,,Ungraded,4000,[],"[""FIXED_PRICE""]",acardzz20,https://i.ebayimg.com/images/g/MogAAeSwpx9qbujK/s-l225.jpg,https://www.ebay.com/itm/358873592386?_skw=Mega+Audino+ex+253+Ascended+Heroes+Pokemon+card&hash=item538e887242:g:MogAAeSwpx9qbujK,2026-09-12T23:42:48.395762+00:00
D3-F9ACC6546B22818A,D3_BLIND_REVIEW,50f67b41-059d-4c14-842f-8b48fba46bc2,304de4f2-c09c-4d1c-a57e-5b83867aee55,Lt. Surge's Bargain,Mega Evolution,120,uncommon,v1|336723796934|0,Lt. Surge's Bargain 120/132 Uncommon Mega Evolution Pokemon Reverse Holo NM,,Ungraded,4000,[],"[""FIXED_PRICE""]",shmilostradingcardsandcollectibles,https://i.ebayimg.com/images/g/mCYAAeSwICxqngAi/s-l225.jpg,https://www.ebay.com/itm/336723796934?_skw=Lt.+Surge%27s+Bargain+120+Mega+Evolution+Pokemon+card&hash=item4e664d63c6:g:mCYAAeSwICxqngAi,2026-09-12T23:42:48.395762+00:00
D3-1434D1ABD190A4F0,D3_BLIND_REVIEW,cc59d868-d0e5-4557-9423-3f9b7c9d2591,04f90621-b7cb-49bf-b962-8ba0790d6e62,Team Rocket's Giovanni,Destined Rivals,238,special_illustration_rare,v1|178344059731|0,Team Rocket's Giovanni 238/182 - Pokemon SV10: Destined Rivals - NM,,Ungraded,4000,[],"[""FIXED_PRICE""]",gylsbeast,https://i.ebayimg.com/images/g/drUAAeSwvdxqZZJg/s-l225.jpg,https://www.ebay.com/itm/178344059731?_skw=Team+Rocket%27s+Giovanni+238+Destined+Rivals+Pokemon+card&hash=item2986226353:g:drUAAeSwvdxqZZJg,2026-09-12T23:42:48.395762+00:00
D3-216A85FB87495EB0,D3_BLIND_REVIEW,4206e794-1ec6-4d55-94d4-63267ac9a183,9d5ddc90-8f9d-4759-b73d-fff0cd877d73,Mega Dragonite ex,Ascended Heroes,290,special_illustration_rare,v1|358850116218|0,Mega Dragonite EX SIR 290/217 BGS 9.5 GEM MINT Ascended Heroes English Beckett,,Graded,2750,[],"[""FIXED_PRICE"",""BEST_OFFER""]",chaseh,https://i.ebayimg.com/images/g/G6oAAeSwuZlqZ2TN/s-l225.jpg,https://www.ebay.com/itm/358850116218?_skw=Mega+Dragonite+ex+290+Ascended+Heroes+Pokemon+card&hash=item538d223a7a:g:G6oAAeSwuZlqZ2TN&amdata=enc%3AAQALAAABEACCtXRWQnOEpyOqnQQ8KGbtU2tzNGFloSNooXoY6XkpsSlKipqrfzuofmvNK2to66DQaDwgC1U%2BsiKtc6LudQCLfH38jowDsEF3i4LII3RbrFgI830IsHGeYxs%2B6Pc06InCxetPkPJFmZCcGBEYpCom%2BVvGqU7Yumd7OwpttlJTV%2BdQ2kaZ%2BLBPcxdajxsQvQ9xuGN6iZM8w%2BVz4pWSpTHbMPe5JasTq3Z9RiLziRO9gVTlFLqxAVVBvVML1zwLjsrzGBSqEKY3Vm%2Bp5%2Fig9C2Iopvfcl8X95I6y1nb1immbNQqa5FYW%2BiLAR4Fb3EDBnb0yNzhUvDlv12lm9Z47LyfpqnvtJI2w%2FYH9d%2FcFl2M,2026-09-12T23:42:48.395762+00:00
D3-1E38C30B23E4705C,D3_BLIND_REVIEW,829b12ba-c7f5-4796-9a57-a2a2463c8461,0fc5990b-19e3-4716-b616-b221acc480a6,Houndour,Obsidian Flames,204,illustration_rare,v1|237056175598|0,Pokémon TCG Houndour 204/197 SV03 Obsidian Flames IR Holo ,,Ungraded,4000,[],"[""FIXED_PRICE"",""BEST_OFFER""]",roscosportstcg,https://i.ebayimg.com/images/g/UXwAAeSwxRRqnyPR/s-l225.jpg,https://www.ebay.com/itm/237056175598?_skw=Houndour+204+Obsidian+Flames+Pokemon+card&hash=item3731a62dee:g:UXwAAeSwxRRqnyPR,2026-09-12T23:42:48.395762+00:00
D3-8349A22C91FB93E1,D3_BLIND_REVIEW,2bf67447-75e1-4e97-ac08-c7f3e7f2c88c,ea7d59b7-a934-43b2-a230-9520fb6e6048,Dhelmise,Mega Evolution,18,common,v1|188803033658|0,Dhelmise Mega Evolution #18 Common NM Pokemon Card,,Ungraded,4000,[],"[""FIXED_PRICE""]",backwoods_silver,https://i.ebayimg.com/images/g/-I8AAeSwCN1qfdeV/s-l225.jpg,https://www.ebay.com/itm/188803033658?_skw=Dhelmise+18+Mega+Evolution+Pokemon+card&hash=item2bf589aa3a:g:-I8AAeSwCN1qfdeV,2026-09-12T23:42:48.395762+00:00
D3-07E6877340EADA2E,D3_BLIND_REVIEW,7b00ea04-5c2a-4172-8025-afba48ddacb3,94d01e3d-09de-4d04-a0d8-1f36a5cfe684,Cresselia,Shrouded Fable,71,illustration_rare,v1|178298906435|0,Cresselia 021/064 Shrouded Fable Pokemon Reverse Holo Rare Near Mint,,Ungraded,4000,[],"[""FIXED_PRICE""]",pokekingshopinc,https://i.ebayimg.com/images/g/c5UAAeSw5eRqUFlF/s-l225.jpg,https://www.ebay.com/itm/178298906435?_skw=Cresselia+71+Shrouded+Fable+Pokemon+card&hash=item2983716743:g:c5UAAeSw5eRqUFlF,2026-09-12T23:42:48.395762+00:00
D3-F33810D85EAAEF9B,D3_BLIND_REVIEW,a3d56338-1f3f-4b99-8920-5d71b8b85737,66f1f173-3a34-44b4-95a3-d0031fa9d3ee,Pikachu ex,Surging Sparks,247,hyper_rare_gold,v1|128054239707|0,Pikachu ex 247/191 Sv08: Surging Sparks Holo TAG 10 GEM MINT,,Graded,2750,[],"[""FIXED_PRICE"",""BEST_OFFER""]",jaybirdscollectibles,https://i.ebayimg.com/images/g/a6UAAeSwndxqleJY/s-l225.jpg,https://www.ebay.com/itm/128054239707?_skw=Pikachu+ex+247+Surging+Sparks+Pokemon+card&hash=item1dd0a0a1db:g:a6UAAeSwndxqleJY,2026-09-12T23:42:48.395762+00:00
D3-5390B0481AB46480,D3_BLIND_REVIEW,6a980108-6683-4461-ac9a-c81a27326dee,129a7668-0ba7-4f77-8585-3847e6c3d342,Team Rocket's Mewtwo ex,Destined Rivals,231,special_illustration_rare,v1|398363753974|0,Team Rocket's Mewtwo ex Sv10 231/182 PSA 9 SIR Holo   EN,,Graded,2750,[],"[""AUCTION""]",tmshoptrades,https://i.ebayimg.com/images/g/4XUAAeSwq2JqnKjO/s-l225.jpg,https://www.ebay.com/itm/398363753974?_skw=Team+Rocket%27s+Mewtwo+ex+231+Destined+Rivals+Pokemon+card&hash=item5cc0547df6:g:4XUAAeSwq2JqnKjO,2026-09-12T23:42:48.395762+00:00
D3-FF206160F1E3B19F,D3_BLIND_REVIEW,301185dd-2bde-4699-80bd-8b2a3cfd8f7f,af28bc66-9c8b-4dbb-bf83-fa6215bd26f0,Pikachu ex,Ascended Heroes,276,special_illustration_rare,v1|407000891833|0,Pokemon TCG - Ascended Heroes Pikachu ex Special Illustration Rare 276/217 ,,Ungraded,4000,[],"[""FIXED_PRICE""]",nguy009crownpulls,https://i.ebayimg.com/images/g/vtUAAeSwlv5qL03B/s-l225.jpg,https://www.ebay.com/itm/407000891833?_skw=Pikachu+ex+276+Ascended+Heroes+Pokemon+card&hash=item5ec324c1b9:g:vtUAAeSwlv5qL03B,2026-09-12T23:42:48.395762+00:00
D3-DD958C55C390B666,D3_BLIND_REVIEW,640cd931-d97f-4173-ad9d-3ab86f91d92c,c79d38c0-0768-4f3e-80fe-8490d79b00b1,Pecharunt ex,Shrouded Fable,93,special_illustration_rare,v1|407048840555|0,Pokemon TCG Pecharunt ex 093/064 Shrouded Fable Holo 190 HP,,Ungraded,4000,[],"[""FIXED_PRICE"",""BEST_OFFER""]",tyranitarscardgrotto,https://i.ebayimg.com/images/g/IKEAAeSwroZqSZ7y/s-l225.jpg,https://www.ebay.com/itm/407048840555?_skw=Pecharunt+ex+93+Shrouded+Fable+Pokemon+card&hash=item5ec600656b:g:IKEAAeSwroZqSZ7y,2026-09-12T23:42:48.395762+00:00
D3-E89768523136633C,D3_BLIND_REVIEW,64c0404b-826f-493d-9c10-738b2b56eca4,9f6c24f7-6a76-471f-ad81-d3901c5e9088,Mega Audino ex,Ascended Heroes,253,ultra_rare,v1|397964288768|0,Mega Audino ex 253/217 Me: Ascended Heroes Holo Pokemon TCG Near Mint Card,,Ungraded,4000,[],"[""FIXED_PRICE""]",adamwatermelon,https://i.ebayimg.com/images/g/wSoAAeSwHPhqC6sD/s-l225.jpg,https://www.ebay.com/itm/397964288768?_skw=Mega+Audino+ex+253+Ascended+Heroes+Pokemon+card&hash=item5ca8852300:g:wSoAAeSwHPhqC6sD,2026-09-12T23:42:48.395762+00:00
D3-5A3247C50B7E9AAD,D3_BLIND_REVIEW,4299cd6b-98e3-4e65-865f-26a39b19fe5b,041717c6-a2b6-40d1-867a-b1abb1d65ec8,Durant ex,Surging Sparks,236,special_illustration_rare,v1|358516619858|0,Pokémon TCG Durant EX Card 236/191 Surging Sparks Series Mint Condition,,Ungraded,4000,[],"[""FIXED_PRICE"",""BEST_OFFER""]",adam4427,https://i.ebayimg.com/images/g/~w8AAeSw0lVp-Ajg/s-l225.jpg,https://www.ebay.com/itm/358516619858?_skw=Durant+ex+236+Surging+Sparks+Pokemon+card&hash=item5379417a52:g:~w8AAeSw0lVp-Ajg,2026-09-12T23:42:48.395762+00:00
D3-A66D5DCCD3B68A39,D3_BLIND_REVIEW,2cef0dfb-a5fd-4aed-b8ae-34a82f414587,3d276bff-a869-4634-840f-d5eb4f33aa1d,Reshiram ex,White Flare,166,special_illustration_rare,v1|358800980650|0,Pokémon TCG White Flare: Reshiram EX Card 166/086 Sir Near Mint Condition,,Ungraded,4000,[],"[""FIXED_PRICE"",""BEST_OFFER""]",braba_7402,https://i.ebayimg.com/images/g/7aYAAeSwT55qWAo5/s-l225.jpg,https://www.ebay.com/itm/358800980650?_skw=Reshiram+ex+166+White+Flare+Pokemon+card&hash=item538a347aaa:g:7aYAAeSwT55qWAo5,2026-09-12T23:42:48.395762+00:00
D3-8F11D139F32FAA7E,D3_BLIND_REVIEW,77b44a76-26f7-4fa0-a548-c29870a7bb68,63f84d31-df83-456f-bd4c-e59b7e2ba541,Crustle,Paradox Rift,183,illustration_rare,v1|358721617657|0,"CRUSTLE 183/182 PARADOX RIFT POKEMON (ILLUSTRATION RARE, NM)",,Ungraded,4000,[],"[""FIXED_PRICE"",""BEST_OFFER""]",ant-321300,https://i.ebayimg.com/images/g/YswAAeSwArRqPW0i/s-l225.jpg,https://www.ebay.com/itm/358721617657?_skw=Crustle+183+Paradox+Rift+Pokemon+card&hash=item5385797ef9:g:YswAAeSwArRqPW0i,2026-09-12T23:42:48.395762+00:00
D3-284148FF18185968,D3_BLIND_REVIEW,31566cbb-0eeb-499e-aa6d-b9b0bd85fc8b,fc81462a-2c3e-4b7a-a7be-ad7f88d98ace,Mega Greninja ex,Chaos Rising,122,mega_hyper_rare,v1|257725922734|0,"Mega Greninja EX 122/086 Gold Pokemon Card, Nice",,Ungraded,4000,[],"[""FIXED_PRICE"",""BEST_OFFER""]",wilkersoncards,https://i.ebayimg.com/images/g/joMAAeSwPmRqnMBc/s-l225.jpg,https://www.ebay.com/itm/257725922734?_skw=Mega+Greninja+ex+122+Chaos+Rising+Pokemon+card&hash=item3c01a97dae:g:joMAAeSwPmRqnMBc,2026-09-12T23:42:48.395762+00:00
D3-0EFCEA3DD1C674E2,D3_BLIND_REVIEW,740ad74c-8c0c-411f-9ec7-2c734210b8f1,e8c344f6-9bee-4ad6-8356-63ee4e2988cf,Arbok,Temporal Forces,101,common,v1|336261551278|545992047375,"Pokemon TCG Temporal Forces Choose Your Card Singles - Holo, Reverse Holo, Ex",,Ungraded,4000,[],"[""FIXED_PRICE""]",quickclawtrades,https://i.ebayimg.com/images/g/KdwAAeSwtwVpD6~v/s-l225.jpg,https://www.ebay.com/itm/336261551278?_skw=Arbok+101+Temporal+Forces+Pokemon+card&hash=item4e4ac014ae:g:KdwAAeSwtwVpD6~v,2026-09-12T23:42:48.395762+00:00
D3-CDACAB96ECAF27B5,D3_BLIND_REVIEW,2cef0dfb-a5fd-4aed-b8ae-34a82f414587,3d276bff-a869-4634-840f-d5eb4f33aa1d,Reshiram ex,White Flare,166,special_illustration_rare,v1|178479810319|0,Reshiram ex Holo Special Illustration Rare SV: White Flare 166/086 NM,,Ungraded,4000,[],"[""FIXED_PRICE""]",modified941,https://i.ebayimg.com/images/g/swMAAeSwqrFqoFIx/s-l225.jpg,https://www.ebay.com/itm/178479810319?_skw=Reshiram+ex+166+White+Flare+Pokemon+card&hash=item298e39c70f:g:swMAAeSwqrFqoFIx,2026-09-12T23:42:48.395762+00:00
D3-0CB7EF4CCF73D567,D3_BLIND_REVIEW,e26de7b7-434e-4bec-8fc2-fb15b971b1a7,44b0372c-396d-43e9-84bb-afad2d04128f,Jamming Tower,Ascended Heroes,261,ultra_rare,v1|298659983525|0,Jamming Tower 261/217 Ultra Rare Ascended Heroes Pokemon Holo Near Mint,,Ungraded,4000,[],"[""FIXED_PRICE""]",co-yervaultco,https://i.ebayimg.com/images/g/fzYAAeSwpZdqoceh/s-l225.jpg,https://www.ebay.com/itm/298659983525?_skw=Jamming+Tower+261+Ascended+Heroes+Pokemon+card&hash=item458985b0a5:g:fzYAAeSwpZdqoceh&amdata=enc%3AAQALAAABEACCtXRWQnOEpyOqnQQ8KGYnCTniEg2%2FxDLG5fPZHdSiXeLNO%2FyQ4ZF6z7qJmhR9yKO1DW0Abmlobkl6KiYG%2B0xo5orFUUcuEGep1nn%2FDKVru6oVpw8%2BQ7GaV2rHbIbU2bLSkuST6f1LzkzUJeDMqTfBBPWQGhBGuWqGdmQhjoN%2FaDwDWre1IPgkIklJwQFFepVDj0eHfisO%2FFMlJXh6tzBNDIAKRG10Aq66Aac%2FWDrWw2CAsDE3ku1--0q6xcGoy8o5uP27f5qjr9cgHS%2Fbfl5ZP%2FWQts1YDsNBqovCmLwnj03eX4r2DNSGF%2F1XSR%2BPyhreqOVtw7LP7dFRo2%2B6jbdIB9VsRG6vLYVPaG5eAeVs,2026-09-12T23:42:48.395762+00:00
D3-7D53DFB4809FBAAE,D3_BLIND_REVIEW,77b44a76-26f7-4fa0-a548-c29870a7bb68,63f84d31-df83-456f-bd4c-e59b7e2ba541,Crustle,Paradox Rift,183,illustration_rare,v1|377320767638|0,Crustle 183/182 2023 Pokémon SV Paradox Rift Illustration Rare Card,,Ungraded,4000,[],"[""FIXED_PRICE"",""BEST_OFFER""]",hoel8481,https://i.ebayimg.com/images/g/CYUAAeSwBoBqSuzH/s-l225.jpg,https://www.ebay.com/itm/377320767638?_skw=Crustle+183+Paradox+Rift+Pokemon+card&hash=item57da120096:g:CYUAAeSwBoBqSuzH,2026-09-12T23:42:48.395762+00:00
D3-5F57265D5907C3F6,D3_BLIND_REVIEW,c7e36a14-236f-4b93-a4a8-a4be2ddc7193,590cc9ca-0f7d-413e-ae31-68433716e01b,Mega Lucario ex,Mega Evolution,179,special_illustration_rare,v1|168626074577|0,BGS 9 Mega Lucario EX SIR 179 Pokemon Low Pop 3/4 10.0 Subgrades Gem Mint,,Graded,2750,[],"[""FIXED_PRICE"",""BEST_OFFER""]",jocicci_0,https://i.ebayimg.com/images/g/BG4AAeSwF5Bqhee5/s-l225.jpg,https://www.ebay.com/itm/168626074577?_skw=Mega+Lucario+ex+179+Mega+Evolution+Pokemon+card&hash=item2742e5b3d1:g:BG4AAeSwF5Bqhee5,2026-09-12T23:42:48.395762+00:00
D3-E6DEB12A282D006D,D3_BLIND_REVIEW,2c445258-b198-43de-b710-0921ebe3f0ab,4411dcaa-280b-4355-bc49-f27c3f6580f2,Pikachu ex,Ascended Heroes,277,special_illustration_rare,v1|257585820061|0,Pokemon Pikachu EX sir Ascended Heroes 277/217 EXCELLENT CONDITION!,,Ungraded,4000,[],"[""FIXED_PRICE""]",theretrokart,https://i.ebayimg.com/images/g/2O4AAeSwT3JqTDH3/s-l225.jpg,https://www.ebay.com/itm/257585820061?_skw=Pikachu+ex+277+Ascended+Heroes+Pokemon+card&hash=item3bf94fb19d:g:2O4AAeSwT3JqTDH3,2026-09-12T23:42:48.395762+00:00
D3-0420AAA0419CFAC2,D3_BLIND_REVIEW,7f065a2b-5cab-45c8-8fd8-96d4c07c4ee8,3805ddb2-e4cd-40b3-8a52-82398effa130,Canari,Ascended Heroes,291,special_illustration_rare,v1|298537499647|0,Canari 291/217 Special Illustration Rare Ascended Heroes Pokemon Holo Near Mint,,Ungraded,4000,[],"[""FIXED_PRICE"",""BEST_OFFER""]",1upgamesga,https://i.ebayimg.com/images/g/xZMAAeSw75ZqZ7pB/s-l225.jpg,https://www.ebay.com/itm/298537499647?_skw=Canari+291+Ascended+Heroes+Pokemon+card&hash=item458238bbff:g:xZMAAeSw75ZqZ7pB,2026-09-12T23:42:48.395762+00:00
D3-945D3AEB0A62C47F,D3_BLIND_REVIEW,829b12ba-c7f5-4796-9a57-a2a2463c8461,0fc5990b-19e3-4716-b616-b221acc480a6,Houndour,Obsidian Flames,204,illustration_rare,v1|800184864732|0,Houndour 204/197 Obsidian Flames Illustration Rare Holo Pokemon TCG English,,Ungraded,4000,[],"[""FIXED_PRICE"",""BEST_OFFER""]",kingofthemonsters111,https://i.ebayimg.com/images/g/~84AAeSwt~5qMC9b/s-l225.jpg,https://www.ebay.com/itm/800184864732?_skw=Houndour+204+Obsidian+Flames+Pokemon+card&hash=itemba4ebc0fdc:g:~84AAeSwt~5qMC9b,2026-09-12T23:42:48.395762+00:00
D3-BD4EDEB5B95CE6EA,D3_BLIND_REVIEW,209f02db-d953-4dde-bbd6-0822671fe1d1,eb38e2d2-2e6a-41e2-939d-335c8a5e50d1,Oshawott,White Flare,105,illustration_rare,v1|226877900950|0,Pokemon Oshawott IR 105/086 White Flare Extended Art Case,,Ungraded,4000,[],"[""FIXED_PRICE""]",dragarious,https://i.ebayimg.com/images/g/eZwAAeSwugppC~f9/s-l225.jpg,https://www.ebay.com/itm/226877900950?_skw=Oshawott+105+White+Flare+Pokemon+card&hash=item34d2fa0896:g:eZwAAeSwugppC~f9,2026-09-12T23:42:48.395762+00:00
D3-3A01E66DEA0BBAC8,D3_BLIND_REVIEW,64c0404b-826f-493d-9c10-738b2b56eca4,9f6c24f7-6a76-471f-ad81-d3901c5e9088,Mega Audino ex,Ascended Heroes,253,ultra_rare,v1|298363181724|0,Mega Audino ex 253/217 Pokemon ME: Ascended Heroes Ultra Rare NM,,Ungraded,4000,[],"[""FIXED_PRICE""]",a-aron3005,https://i.ebayimg.com/images/g/RwwAAeSwarlqGMMh/s-l225.jpg,https://www.ebay.com/itm/298363181724?_skw=Mega+Audino+ex+253+Ascended+Heroes+Pokemon+card&hash=item4577d4da9c:g:RwwAAeSwarlqGMMh,2026-09-12T23:42:48.395762+00:00
D3-C7E4BF6D187D15A2,D3_BLIND_REVIEW,10a47631-ea19-4b62-8a93-4b1b3e6b3013,780a248c-87ff-4879-955c-3d6bea287aca,Lt. Surge's Bargain,Mega Evolution,185,special_illustration_rare,v1|158052432985|0,Lt. Surge's Bargain - 185 ME01: Mega Evol #185 (2025) SIR Holo NM Pokemon,,Ungraded,4000,[],"[""FIXED_PRICE""]",acornpokemart,https://i.ebayimg.com/images/g/AXcAAeSwuOVqSEM6/s-l225.jpg,https://www.ebay.com/itm/158052432985?_skw=Lt.+Surge%27s+Bargain+185+Mega+Evolution+Pokemon+card&hash=item24cca8bc59:g:AXcAAeSwuOVqSEM6,2026-09-12T23:42:48.395762+00:00
D3-ACA439AAC06AE8E8,D3_BLIND_REVIEW,cdfc0223-40ef-4e4b-a9f2-3a809ae1c3df,f6e9d756-3a7b-4c8e-b87c-06cacb0d3c7e,Flareon,Scarlet and Violet 151,136,rare,v1|407179721795|677351592399,"Pokemon Scarlet and Violet 151: Choose Your Card, complete your set. ",,Ungraded,4000,[],"[""FIXED_PRICE""]",dollarcomics1992,https://i.ebayimg.com/images/g/TUEAAeSw3EVqk6G9/s-l225.jpg,https://www.ebay.com/itm/407179721795?_skw=Flareon+136+Scarlet+and+Violet+151+Pokemon+card&var=677351592399&hash=item5ecdcd7c43:g:TUEAAeSw3EVqk6G9,2026-09-12T23:42:48.395762+00:00
D3-63CB6452DEDDB157,D3_BLIND_REVIEW,50f67b41-059d-4c14-842f-8b48fba46bc2,304de4f2-c09c-4d1c-a57e-5b83867aee55,Lt. Surge's Bargain,Mega Evolution,120,uncommon,v1|168447889008|0,Pokemon Lt. Surge's Bargain 120/132 Mega Evolution Uncommon Reverse Holo NM,,Ungraded,4000,[],"[""FIXED_PRICE"",""BEST_OFFER""]",dollacardz,https://i.ebayimg.com/images/g/oRMAAeSwm5NqKbuc/s-l225.jpg,https://www.ebay.com/itm/168447889008?_skw=Lt.+Surge%27s+Bargain+120+Mega+Evolution+Pokemon+card&hash=item273846ce70:g:oRMAAeSwm5NqKbuc,2026-09-12T23:42:48.395762+00:00
D3-CDBAB689FB7B1EF9,D3_BLIND_REVIEW,018c983e-b1d0-41df-880e-ebf3f2e2fb12,4eb8f140-a9c3-41c4-85aa-c2f6b7131746,Penny,Scarlet and Violet Base Set,252,special_illustration_rare,v1|188183983760|0,Penny SV01: Scarlet & Violet Base Set SVI 252/198 NM,,Ungraded,4000,[],"[""FIXED_PRICE""]",ahmmub_izhp4,https://i.ebayimg.com/images/g/phYAAeSwDFNpvEFE/s-l225.jpg,https://www.ebay.com/itm/188183983760?_skw=Penny+252+Scarlet+and+Violet+Base+Set+Pokemon+card&hash=item2bd0a3b690:g:phYAAeSwDFNpvEFE,2026-09-12T23:42:48.395762+00:00
D3-F6628D6E7423492B,D3_BLIND_REVIEW,2a67a99c-dbba-4c41-846c-39ed4659c916,dfda2049-d87b-4be0-ad51-dcc005688d93,Grubbin,Temporal Forces,18,common,v1|388047681679|655270054702,Temporal Forces Reverse Holo and Holo Singles: Complete your set!,,Ungraded,4000,[],"[""FIXED_PRICE""]",rocksandcards,https://i.ebayimg.com/images/g/hvwAAOSw2x9ny0Mi/s-l225.jpg,https://www.ebay.com/itm/388047681679?_skw=Grubbin+18+Temporal+Forces+Pokemon+card&hash=item5a5971b88f:g:hvwAAOSw2x9ny0Mi,2026-09-12T23:42:48.395762+00:00
D3-7E724757B05B9404,D3_BLIND_REVIEW,97165c7e-1d85-4962-807e-5661c2115d7d,b592d276-ceb3-4a5e-90d5-d759808b7da3,Furret,Journey Together,168,illustration_rare,v1|407158836176|0,Pokemon TCG Furret 168/159 Illustration Rare - Journey Together Near Mint Card ,,Ungraded,4000,[],"[""FIXED_PRICE"",""BEST_OFFER""]",321trades,https://i.ebayimg.com/images/g/5nAAAeSwo8Jqhxj~/s-l225.jpg,https://www.ebay.com/itm/407158836176?_skw=Furret+168+Journey+Together+Pokemon+card&hash=item5ecc8ecbd0:g:5nAAAeSwo8Jqhxj~,2026-09-12T23:42:48.395762+00:00
D3-73A98383460061F1,D3_BLIND_REVIEW,64c0404b-826f-493d-9c10-738b2b56eca4,9f6c24f7-6a76-471f-ad81-d3901c5e9088,Mega Audino ex,Ascended Heroes,253,ultra_rare,v1|178489483094|0,MEGA AUDINO EX 253/217 UR ASCENDED HEROES POKEMON HOLO NM/M HOLO,,Ungraded,4000,[],"[""FIXED_PRICE"",""BEST_OFFER""]",2sick_tcg,https://i.ebayimg.com/images/g/rHEAAeSwVbhqpPwk/s-l225.jpg,https://www.ebay.com/itm/178489483094?_skw=Mega+Audino+ex+253+Ascended+Heroes+Pokemon+card&hash=item298ecd5f56:g:rHEAAeSwVbhqpPwk,2026-09-12T23:42:48.395762+00:00
D3-A17CA6C987B6F64C,D3_BLIND_REVIEW,ecfe51fb-3435-4e1c-8542-8809cd6f95ff,db1498a4-579d-4bbe-b887-8368299e735f,Coalossal,Temporal Forces,95,uncommon,v1|407053859918|0,Coalossal 095/162 Uncommon Temporal Forces Pokemon Near Mint,,Ungraded,4000,[],"[""FIXED_PRICE""]",kehleedoesthings,https://i.ebayimg.com/images/g/6FYAAeSwUu9qTCJW/s-l225.jpg,https://www.ebay.com/itm/407053859918?_skw=Coalossal+95+Temporal+Forces+Pokemon+card&hash=item5ec64cfc4e:g:6FYAAeSwUu9qTCJW,2026-09-12T23:42:48.395762+00:00
D3-961F50A197518245,D3_BLIND_REVIEW,6a1e2c02-b24d-4001-96f1-8bc2a24d8ccd,de749ceb-28f9-4977-b425-a83f69a3cf55,Gouging Fire ex,Temporal Forces,204,special_illustration_rare,v1|178291266348|0,Pokémon TCG Gouging Fire EX Scarlet & Violet Temporal Forces 204/162 - NM,,Ungraded,4000,[],"[""FIXED_PRICE""]",berkless,https://i.ebayimg.com/images/g/us4AAeSwxARqTRdt/s-l225.jpg,https://www.ebay.com/itm/178291266348?_skw=Gouging+Fire+ex+204+Temporal+Forces+Pokemon+card&hash=item2982fcd32c:g:us4AAeSwxARqTRdt,2026-09-12T23:42:48.395762+00:00
D3-579661FFC57DE622,D3_BLIND_REVIEW,209f02db-d953-4dde-bbd6-0822671fe1d1,eb38e2d2-2e6a-41e2-939d-335c8a5e50d1,Oshawott,White Flare,105,illustration_rare,v1|800648092091|0,Oshawott White Flare 105/086,,Ungraded,4000,[],"[""AUCTION"",""BEST_OFFER""]",andsalasc-0,https://i.ebayimg.com/images/g/~14AAeSwH-Nqf8Wu/s-l225.jpg,https://www.ebay.com/itm/800648092091?_skw=Oshawott+105+White+Flare+Pokemon+card&hash=itemba6a5859bb:g:~14AAeSwH-Nqf8Wu,2026-09-12T23:42:48.395762+00:00
D3-17653201481A6AE7,D3_BLIND_REVIEW,d09b2fb5-41b6-4d1e-88cf-629402434501,efae0727-f8c2-48c5-a33e-c308be0d288d,Roaring Moon ex,Prismatic Evolutions,162,special_illustration_rare,v1|327351908611|0,Pokemon Prismatic Evolutions Roaring Moon 162/131 Special Illustration Rare LP,,Ungraded,4000,[],"[""FIXED_PRICE""]",1orduckfan,https://i.ebayimg.com/images/g/ozkAAeSwFKNqUSsO/s-l225.jpg,https://www.ebay.com/itm/327351908611?_skw=Roaring+Moon+ex+162+Prismatic+Evolutions+Pokemon+card&hash=item4c37b1b903:g:ozkAAeSwFKNqUSsO,2026-09-12T23:42:48.395762+00:00
D3-6B251E7298FADDFE,D3_BLIND_REVIEW,209f02db-d953-4dde-bbd6-0822671fe1d1,eb38e2d2-2e6a-41e2-939d-335c8a5e50d1,Oshawott,White Flare,105,illustration_rare,v1|397373539900|0,POKEMON TCG EXTENDED ART ACRYLIC CASE CARD OSHAWOTT 105 WHITE FLARE ANIME L28,,Ungraded,4000,[],"[""FIXED_PRICE""]",photocardtoday,https://i.ebayimg.com/images/g/yfMAAeSwpO5pN~1Z/s-l225.jpg,https://www.ebay.com/itm/397373539900?_skw=Oshawott+105+White+Flare+Pokemon+card&hash=item5c854f063c:g:yfMAAeSwpO5pN~1Z,2026-09-12T23:42:48.395762+00:00
D3-421D6CB01BA8D24C,D3_BLIND_REVIEW,3baf2f12-759f-427a-b8d0-2511e639310f,886acc91-d523-4628-bb4a-6ef8db1d8543,Mega Gardevoir ex,Mega Evolution,187,mega_hyper_rare,v1|127485435261|0,Mega Gardevoir ex 187/132 Me01: Mega Evolution Holo,,Ungraded,4000,[],"[""FIXED_PRICE"",""BEST_OFFER""]",305warehouse,https://i.ebayimg.com/images/g/uX8AAeSwavppRDLk/s-l225.jpg,https://www.ebay.com/itm/127485435261?_skw=Mega+Gardevoir+ex+187+Mega+Evolution+Pokemon+card&hash=item1daeb95d7d:g:uX8AAeSwavppRDLk,2026-09-12T23:42:48.395762+00:00
D3-1F9602D8B7919E2D,D3_BLIND_REVIEW,6a2b87e5-f90b-48f4-be30-a77258bee660,36134e45-4899-474f-88f0-b540ba618b49,Marill,Paldea Evolved,204,illustration_rare,v1|168550991877|0,Marill - Illustration Rare SV02: Paldea Evolved 204/193 Holo NM,,Ungraded,4000,[],"[""FIXED_PRICE"",""BEST_OFFER""]",gem.state.gems,https://i.ebayimg.com/images/g/LpIAAeSw6QhqXs1a/s-l225.jpg,https://www.ebay.com/itm/168550991877?_skw=Marill+204+Paldea+Evolved+Pokemon+card&hash=item273e6c0805:g:LpIAAeSw6QhqXs1a,2026-09-12T23:42:48.395762+00:00
D3-E6D2E83647BD06DE,D3_BLIND_REVIEW,6a1e2c02-b24d-4001-96f1-8bc2a24d8ccd,de749ceb-28f9-4977-b425-a83f69a3cf55,Gouging Fire ex,Temporal Forces,204,special_illustration_rare,v1|236977567660|0,Pokemon Gouging Fire ex 204/162 SV05: Temporal Forces Holo Near Mint,,Ungraded,4000,[],"[""FIXED_PRICE"",""BEST_OFFER""]",aaliyahcollects,https://i.ebayimg.com/images/g/H6QAAeSw529qbkAW/s-l225.jpg,https://www.ebay.com/itm/236977567660?_skw=Gouging+Fire+ex+204+Temporal+Forces+Pokemon+card&hash=item372cf6b7ac:g:H6QAAeSw529qbkAW,2026-09-12T23:42:48.395762+00:00
D3-7A4963B97EC64AE0,D3_BLIND_REVIEW,b801a524-e703-4f4c-ad99-1ec742cf30ec,586dac04-6254-4241-b628-b6d3dac61063,Bianca's Devotion,Temporal Forces,209,special_illustration_rare,v1|137538005064|0,SV05: Temporal Forces #209/162 Bianca's Devotion,,Ungraded,4000,[],"[""FIXED_PRICE""]",cash4gamescny,https://i.ebayimg.com/images/g/FjsAAeSwknFqYAsM/s-l225.jpg,https://www.ebay.com/itm/137538005064?_skw=Bianca%27s+Devotion+209+Temporal+Forces+Pokemon+card&hash=item2005e76848:g:FjsAAeSwknFqYAsM,2026-09-12T23:42:48.395762+00:00
D3-EA94509575607078,D3_BLIND_REVIEW,2e5780f8-1769-4d26-9e3e-87e4a27d4dfe,09b7c446-d89f-4a64-b721-bc1293308747,Dachsbun ex,Stellar Crown,169,special_illustration_rare,v1|168616371529|0,2024 Pokemon Stellar Crown Dachsbun ex #169/142 SIR BGS 9 MINT,,Graded,2750,[],"[""FIXED_PRICE"",""BEST_OFFER""]",tradercheech,https://i.ebayimg.com/images/g/gCMAAeSwsJVqgMrk/s-l225.jpg,https://www.ebay.com/itm/168616371529?_skw=Dachsbun+ex+169+Stellar+Crown+Pokemon+card&hash=item274251a549:g:gCMAAeSwsJVqgMrk&amdata=enc%3AAQALAAABEACCtXRWQnOEpyOqnQQ8KGZ5E8s%2F5gVheNCqxav100r6lXVIvz%2BHPWgGNVyTXH4NUSftedBEaLVY3GfJhywCxCV%2BI%2FOlKsUTU%2Fb5XlVDyLtFhVqatatCvO4QM%2BWSmXnsOwivta%2FPuWKSEb6Ff5buct%2F8gebW1FsKt7mcNUuDqPVPBmd%2BNaTWZmUgfYt3S5ldJdUscq0h3jtQoAkXXixxB87w7RsAdkZ8mdgzum6mUEOBswa1wYZX8asV76Pqy4SKXU3plfuam89Jag5C8G88ToCzgstlg5IVoquHJg1g6y%2BmL%2B%2Bf70ugiDJC6YrUg8f6XglSrYN8Oyr0Nk3N5V1QboLkiqOaN2Wl9rZvjCFN72XJ,2026-09-12T23:42:48.395762+00:00
D3-70B47B7A04AF843C,D3_BLIND_REVIEW,bf928dd7-24bc-4e16-bb5e-afb8122c3241,311abf3f-15cb-4cb8-995f-1937555c4bdd,Fidough,Scarlet and Violet Base Set,213,illustration_rare,v1|158159214426|0,Fidough 213/198 [Scarlet & Violet Base Set] Illustration Rare EN - NM,,Ungraded,4000,[],"[""FIXED_PRICE""]",arkoru.tcg,https://i.ebayimg.com/images/g/jS0AAeSwsDVqjqfY/s-l225.jpg,https://www.ebay.com/itm/158159214426?_skw=Fidough+213+Scarlet+and+Violet+Base+Set+Pokemon+card&hash=item24d306175a:g:jS0AAeSwsDVqjqfY,2026-09-12T23:42:48.395762+00:00
D3-0DB7F66F9E79AAED,D3_BLIND_REVIEW,97165c7e-1d85-4962-807e-5661c2115d7d,b592d276-ceb3-4a5e-90d5-d759808b7da3,Furret,Journey Together,168,illustration_rare,v1|366604677950|0,Furret 168/159 Illustration Rare Journey Together Pokemon Holo Near Mint,,Ungraded,4000,[],"[""FIXED_PRICE""]",darkfangtcg,https://i.ebayimg.com/images/g/FxsAAeSwrKZqfrTK/s-l225.jpg,https://www.ebay.com/itm/366604677950?_skw=Furret+168+Journey+Together+Pokemon+card&hash=item555b57733e:g:FxsAAeSwrKZqfrTK,2026-09-12T23:42:48.395762+00:00
D3-7CE970038C65DBC5,D3_BLIND_REVIEW,67611b34-a7e9-497f-9708-651cc015ca6c,f02f5725-b24c-4ee9-a9b5-55edd91d7697,Lillie's Determination,Mega Evolution,184,special_illustration_rare,v1|227516147833|0,Lillie's Determination 184/132 ME01 Mega Evolution SIR Holo EN 2025 PSA 10,,Graded,2750,[],"[""FIXED_PRICE"",""BEST_OFFER""]",joco1986,https://i.ebayimg.com/images/g/vUUAAeSwtbdqo050/s-l225.jpg,https://www.ebay.com/itm/227516147833?_skw=Lillie%27s+Determination+184+Mega+Evolution+Pokemon+card&hash=item34f904e879:g:vUUAAeSwtbdqo050,2026-09-12T23:42:48.395762+00:00
D3-2FB4855FABDFC8AB,D3_BLIND_REVIEW,018c983e-b1d0-41df-880e-ebf3f2e2fb12,4eb8f140-a9c3-41c4-85aa-c2f6b7131746,Penny,Scarlet and Violet Base Set,252,special_illustration_rare,v1|307086000182|0,Penny 252/198 SV01: Scarlet & Violet Base Set Holo,,Ungraded,4000,[],"[""FIXED_PRICE"",""BEST_OFFER""]",mr.ecollectibles,https://i.ebayimg.com/images/g/RFYAAeSw2OhqZQpI/s-l225.jpg,https://www.ebay.com/itm/307086000182?_skw=Penny+252+Scarlet+and+Violet+Base+Set+Pokemon+card&hash=item477fc08036:g:RFYAAeSw2OhqZQpI,2026-09-12T23:42:48.395762+00:00
D3-F5F69F722022F6CE,D3_BLIND_REVIEW,f01e01fe-17e4-48b7-8ba3-9a88f876acd4,7c3e24f9-be0e-4de8-86fc-9fb913792294,Meowth,Phantasmal Flames,106,illustration_rare,v1|800561543847|0,Meowth Illustration Rare ME02 Phantasmal Flames 106/094 NM,,Ungraded,4000,[],"[""FIXED_PRICE"",""BEST_OFFER""]",shortprint_showcase,https://i.ebayimg.com/images/g/ua4AAeSw0DZqjbw0/s-l225.jpg,https://www.ebay.com/itm/800561543847?_skw=Meowth+106+Phantasmal+Flames+Pokemon+card&hash=itemba652fbaa7:g:ua4AAeSw0DZqjbw0&amdata=enc%3AAQALAAABEACCtXRWQnOEpyOqnQQ8KGZHvjCqJXJGu9iDETMQZeAKZnulJwQ0%2BvJDnI%2BqHslJkNhCe9xLzJPWfCVkupZI1Ykg%2FRi7gKP1Vpw4ka95idPPve0Y%2B2XOKlWDhiLyMfNCc3IKMTIO9X5wNjufNwaqwXw168o5MJKQDdDxV5Mzz5njSa%2BmRe8xWaBFnH3sg%2FyvClAnzOH%2F5YI47HJ4nzTNLF8mc15Y%2F37IPdrI23GzUyW7I%2BEZNfsj7mz1Ye08yp%2B0Y0%2BD2ikHMKuTRp3B7yd8aJXoizqyYBOEex8d0c8M61tXnEss7lAkB3pQRzGgAxKLNf2iNZn7KcUbbCa96oNvh%2BbJXGNDSOfmRw8cHx0qFhWM,2026-09-12T23:42:48.395762+00:00
D3-5EACF0F1861A184D,D3_BLIND_REVIEW,301185dd-2bde-4699-80bd-8b2a3cfd8f7f,af28bc66-9c8b-4dbb-bf83-fa6215bd26f0,Pikachu ex,Ascended Heroes,276,special_illustration_rare,v1|267763160423|0,Pokémon TCG Pikachu EX 276/217 Ascended Heroes “Treekachu” LP *SEE PHOTO*,,Ungraded,4000,[],"[""FIXED_PRICE"",""BEST_OFFER""]",sebby.cx,https://i.ebayimg.com/images/g/oTUAAeSwhthqh6gs/s-l225.jpg,https://www.ebay.com/itm/267763160423?_skw=Pikachu+ex+276+Ascended+Heroes+Pokemon+card&hash=item3e57ed9567:g:oTUAAeSwhthqh6gs,2026-09-12T23:42:48.395762+00:00
D3-1B5B97CCF9893BC4,D3_BLIND_REVIEW,a3d56338-1f3f-4b99-8920-5d71b8b85737,66f1f173-3a34-44b4-95a3-d0031fa9d3ee,Pikachu ex,Surging Sparks,247,hyper_rare_gold,v1|227498327316|0,Pikachu ex 247/191 Sv08: Surging Sparks Holo,,Ungraded,4000,[],"[""FIXED_PRICE"",""BEST_OFFER""]",acarden23,https://i.ebayimg.com/images/g/TqoAAeSww45qlJ-j/s-l225.jpg,https://www.ebay.com/itm/227498327316?_skw=Pikachu+ex+247+Surging+Sparks+Pokemon+card&hash=item34f7f4fd14:g:TqoAAeSww45qlJ-j,2026-09-12T23:42:48.395762+00:00
D3-4DADEDE5B45210C7,D3_BLIND_REVIEW,67611b34-a7e9-497f-9708-651cc015ca6c,f02f5725-b24c-4ee9-a9b5-55edd91d7697,Lillie's Determination,Mega Evolution,184,special_illustration_rare,v1|377477900016|0,Lillie's Determination Holofoil 184/132 Mega Evolution NM,,Ungraded,4000,[],"[""FIXED_PRICE"",""BEST_OFFER""]",zenith.emporium,https://i.ebayimg.com/images/g/gjUAAeSwzf9qnw3u/s-l225.jpg,https://www.ebay.com/itm/377477900016?_skw=Lillie%27s+Determination+184+Mega+Evolution+Pokemon+card&hash=item57e36fa6f0:g:gjUAAeSwzf9qnw3u,2026-09-12T23:42:48.395762+00:00
D3-FB734E4F04F1BA67,D3_BLIND_REVIEW,3755e7ef-e482-4186-8377-e717f80b3759,aa88bdd2-2ebe-4f9b-b53b-ab077c63f98c,Secret Box,Twilight Masquerade,163,ace_spec,v1|158049666042|0,Secret Box 163/167 ACE SPEC Rare Twilight Masquerade Light Play,,Ungraded,4000,[],"[""FIXED_PRICE""]",316collectibles,https://i.ebayimg.com/images/g/O4IAAeSwpHRqBoNn/s-l225.jpg,https://www.ebay.com/itm/158049666042?_skw=Secret+Box+163+Twilight+Masquerade+Pokemon+card&hash=item24cc7e83fa:g:O4IAAeSwpHRqBoNn,2026-09-12T23:42:48.395762+00:00
D3-29F46D337475CF19,D3_BLIND_REVIEW,67611b34-a7e9-497f-9708-651cc015ca6c,f02f5725-b24c-4ee9-a9b5-55edd91d7697,Lillie's Determination,Mega Evolution,184,special_illustration_rare,v1|278365797408|0,Lillie's Determination 184/132 Mega Evolution Pokemon Holo,,Ungraded,4000,[],"[""FIXED_PRICE"",""BEST_OFFER""]",jessicajohn.mom911,https://i.ebayimg.com/images/g/HicAAeSwkxFqpGDc/s-l225.jpg,https://www.ebay.com/itm/278365797408?_skw=Lillie%27s+Determination+184+Mega+Evolution+Pokemon+card&hash=item40cfe4fc20:g:HicAAeSwkxFqpGDc,2026-09-12T23:42:48.395762+00:00
D3-90A2693C758277D4,D3_BLIND_REVIEW,9f323989-e972-4a9e-9e7b-3166e85d0690,0f3466bf-92b1-4d3d-913b-181fcec68996,Mega Feraligatr ex,Ascended Heroes,274,special_illustration_rare,v1|267783537209|0,Mega Feraligatr EX 274/217 Full Art Holo Secret Rare Pokemon TCG Ascending,,Ungraded,4000,[],"[""FIXED_PRICE"",""BEST_OFFER""]",nics4614,https://i.ebayimg.com/images/g/WNAAAeSw2MBqpcIB/s-l225.jpg,https://www.ebay.com/itm/267783537209?_skw=Mega+Feraligatr+ex+274+Ascended+Heroes+Pokemon+card&hash=item3e59248239:g:WNAAAeSw2MBqpcIB&amdata=enc%3AAQALAAABEACCtXRWQnOEpyOqnQQ8KGbsBYSmdP9ppUsePjW0shF%2B6V5jA%2BONPAVe5DDn93jEYAhQHGYFBZlwz8ARE%2Bom7WWkr8Kcrod%2BW7PhZ%2F1SKWSkDjfBFTmj%2F3psRLCgT8tpTEYVdNIolSuvhmKEgfom2vqA9Lpzvm5Cw6rF9Qdt3bYmjhKBQr4AU75p1tNp9wu%2FB6DhL0pS5CveizgJ6pdmAG%2Bnb0XJrKpK%2BkxSPRG%2FJSWR%2FDkw4V2SqhUTH6xvm%2Fje2OtQ2x5prlDu2cYK7W%2FB9MkByC9EF1tFtmObg279p7hpZwW9Fcu1CHANT9l6NFTY6DW9sBenG7xettnPc4TCjt7NwVom3E2%2B6G2rMZWqyeRJ,2026-09-12T23:42:48.395762+00:00
D3-F6D97FECCDAEAA65,D3_BLIND_REVIEW,b620ec1c-c0ac-4e7e-919d-a7df98bcb84b,8af678f4-09f0-486c-9617-b56896ebeea0,Zweilous,White Flare,147,illustration_rare,v1|188546844242|0,Pokémon TCG Zweilous Illustration White Flare Card 147/086,,Ungraded,4000,[],"[""FIXED_PRICE"",""BEST_OFFER""]",corneliuscollectiblesllc,https://i.ebayimg.com/images/g/MAkAAeSwg5NqOWfK/s-l225.jpg,https://www.ebay.com/itm/188546844242?_skw=Zweilous+147+White+Flare+Pokemon+card&hash=item2be6448652:g:MAkAAeSwg5NqOWfK,2026-09-12T23:42:48.395762+00:00
D3-B2727F65432B11AC,D3_BLIND_REVIEW,cc59d868-d0e5-4557-9423-3f9b7c9d2591,04f90621-b7cb-49bf-b962-8ba0790d6e62,Team Rocket's Giovanni,Destined Rivals,238,special_illustration_rare,v1|307067927629|0,Team Rocket's Giovanni 238/182 Destined Rivals Pokemon Holo NM,,Ungraded,4000,[],"[""FIXED_PRICE""]",brushops,https://i.ebayimg.com/images/g/01kAAeSwH85qWUM4/s-l225.jpg,https://www.ebay.com/itm/307067927629?_skw=Team+Rocket%27s+Giovanni+238+Destined+Rivals+Pokemon+card&hash=item477eacbc4d:g:01kAAeSwH85qWUM4,2026-09-12T23:42:48.395762+00:00
D3-19A223448E84C03F,D3_BLIND_REVIEW,67611b34-a7e9-497f-9708-651cc015ca6c,f02f5725-b24c-4ee9-a9b5-55edd91d7697,Lillie's Determination,Mega Evolution,184,special_illustration_rare,v1|198615582076|0,Lillie's Determination 184/132 Me01: Mega Evolution Holo PSA 10,,Graded,2750,[],"[""FIXED_PRICE"",""BEST_OFFER""]",aarodenze0,https://i.ebayimg.com/images/g/dpIAAeSwa1BqmXnB/s-l225.jpg,https://www.ebay.com/itm/198615582076?_skw=Lillie%27s+Determination+184+Mega+Evolution+Pokemon+card&hash=item2e3e69457c:g:dpIAAeSwa1BqmXnB,2026-09-12T23:42:48.395762+00:00
