benchmark_row_id,canonical_card_id,card_variant_id,target_card_name,target_set_name,target_card_number,target_treatment,listing_item_id,listing_title,category_id,condition,condition_id,localized_aspects_json,buying_options_json,seller_id,image_url,item_url,price_json,shipping_json,gold_label,reviewer_notes,review_status,partition,reviewer_1_label,reviewer_1_confidence,reviewer_1_note,reviewer_1_id,reviewer_1_at,reviewer_2_label,reviewer_2_confidence,reviewer_2_note,reviewer_2_id,reviewer_2_at,adjudicated_label,adjudicator_id,adjudicated_at,adjudication_note
D2-0002,018c983e-b1d0-41df-880e-ebf3f2e2fb12,4eb8f140-a9c3-41c4-85aa-c2f6b7131746,Penny,Scarlet and Violet Base Set,252,special_illustration_rare,v1|137212789266|0,Penny #252/198 SIR NM/M | Scarlet & Violet Base Set - 2023 Pokemon Card,,Ungraded,4000,[],"[""FIXED_PRICE"", ""BEST_OFFER""]",oxzeee,https://i.ebayimg.com/images/g/BioAAeSweSZp2DLu/s-l225.jpg,https://www.ebay.com/itm/137212789266?_skw=Penny+252+Scarlet+and+Violet+Base+Set+Pokemon+card&hash=item1ff2850212:g:BioAAeSweSZp2DLu,"{""value"": ""10.00"", ""currency"": ""USD""}","[{""shippingCostType"": ""CALCULATED""}]",,,PENDING_INDEPENDENT_HUMAN_REVIEW,FINAL_BLIND_TEST,,,,,,,,,,,,,,
D2-0003,018c983e-b1d0-41df-880e-ebf3f2e2fb12,4eb8f140-a9c3-41c4-85aa-c2f6b7131746,Penny,Scarlet and Violet Base Set,252,special_illustration_rare,v1|137691206606|0,Penny 252/198 SV01: Scarlet & Violet Base Set Holo,,Ungraded,4000,[],"[""FIXED_PRICE"", ""BEST_OFFER""]",brokeazzbreakerzllc,https://i.ebayimg.com/images/g/GhMAAeSwvW9qmF6-/s-l225.jpg,https://www.ebay.com/itm/137691206606?_skw=Penny+252+Scarlet+and+Violet+Base+Set+Pokemon+card&hash=item200f0913ce:g:GhMAAeSwvW9qmF6-&amdata=enc%3AAQALAAABEACCtXRWQnOEpyOqnQQ8KGbEY1Hw1ir2gBliqjkUkBaKZbwKtv%2F3EHfh7j5kCX%2BUOOCdSWz5IFovD9n9kOxvimmyO9jy3yQ9GD%2BmpyWDR1QhTtUfteuD7n9109c4V3f6JkLAIP4e5COFv5vLIfh--7OJlvQeXmWD%2Bn8ZZxLqxNXC2aGvc4Cw40PXyTXQ%2FbhAZ6reeifeD3aVja8phb9cE4rc2%2FkNgtgPo7okga%2BMhtZrBPCd7yCrt6CelI1j6ntTMowghmuULjIxC9cQnRHnE7Gq6rVV%2FU%2Bj8FnGXecYuJjY3TvygQTD%2B4cBZT6oKDoU4XhefO9zZRumYvFyqnsHi2YOp1plXP%2FNn3IOe2j9rxyx,"{""value"": ""6.50"", ""currency"": ""USD""}","[{""shippingCostType"": ""CALCULATED""}]",,,PENDING_INDEPENDENT_HUMAN_REVIEW,FINAL_BLIND_TEST,,,,,,,,,,,,,,
D2-0007,018c983e-b1d0-41df-880e-ebf3f2e2fb12,4eb8f140-a9c3-41c4-85aa-c2f6b7131746,Penny,Scarlet and Violet Base Set,252,special_illustration_rare,v1|117359516491|0,Pokemon SV01: Scarlet & Violet Base Set #239/198 Penny,,Ungraded,4000,[],"[""FIXED_PRICE""]",hawks_phins,https://i.ebayimg.com/images/g/KggAAeSwJtNqf1x8/s-l225.jpg,https://www.ebay.com/itm/117359516491?_skw=Penny+252+Scarlet+and+Violet+Base+Set+Pokemon+card&hash=item1b532c1b4b:g:KggAAeSwJtNqf1x8,"{""value"": ""4.99"", ""currency"": ""USD""}","[{""shippingCostType"": ""FIXED"", ""shippingCost"": {""value"": ""0.00"", ""currency"": ""USD""}, ""minEstimatedDeliveryDate"": ""2026-09-16T07:00:00.000Z"", ""maxEstimatedDeliveryDate"": ""2026-09-23T07:00:00.000Z""}]",,,PENDING_INDEPENDENT_HUMAN_REVIEW,FINAL_BLIND_TEST,,,,,,,,,,,,,,
D2-0011,018c983e-b1d0-41df-880e-ebf3f2e2fb12,4eb8f140-a9c3-41c4-85aa-c2f6b7131746,Penny,Scarlet and Violet Base Set,252,special_illustration_rare,v1|267559359111|567376548194,(2 Card Minimum) - 15% off 4+ | Pokemon: Scarlet & Violet Base Set,,Ungraded,4000,[],"[""FIXED_PRICE""]",consoulgames,https://i.ebayimg.com/images/g/-7oAAeSwP-hqpE-r/s-l225.jpg,https://www.ebay.com/itm/267559359111?_skw=Penny+252+Scarlet+and+Violet+Base+Set+Pokemon+card&var=567376548194&hash=item3e4bc7d287:g:-7oAAeSwP-hqpE-r,"{""value"": ""0.99"", ""currency"": ""USD""}","[{""shippingCostType"": ""FIXED"", ""shippingCost"": {""value"": ""0.00"", ""currency"": ""USD""}, ""minEstimatedDeliveryDate"": ""2026-09-15T07:00:00.000Z"", ""maxEstimatedDeliveryDate"": ""2026-09-21T07:00:00.000Z""}]",,,PENDING_INDEPENDENT_HUMAN_REVIEW,FINAL_BLIND_TEST,,,,,,,,,,,,,,
D2-0013,018c983e-b1d0-41df-880e-ebf3f2e2fb12,4eb8f140-a9c3-41c4-85aa-c2f6b7131746,Penny,Scarlet and Violet Base Set,252,special_illustration_rare,v1|406718769020|0,Penny 183/198 Uncommon Scarlet and Violet Base Set Lightly Played Pokemon Card,,Ungraded,4000,[],"[""FIXED_PRICE"", ""BEST_OFFER""]",b.white-475,https://i.ebayimg.com/images/g/BosAAeSwG9Rpnaen/s-l225.jpg,https://www.ebay.com/itm/406718769020?_skw=Penny+252+Scarlet+and+Violet+Base+Set+Pokemon+card&hash=item5eb253e77c:g:BosAAeSwG9Rpnaen,"{""value"": ""2.49"", ""currency"": ""USD""}","[{""shippingCostType"": ""FIXED"", ""shippingCost"": {""value"": ""0.00"", ""currency"": ""USD""}, ""minEstimatedDeliveryDate"": ""2026-09-15T07:00:00.000Z"", ""maxEstimatedDeliveryDate"": ""2026-09-21T07:00:00.000Z""}]",,,PENDING_INDEPENDENT_HUMAN_REVIEW,FINAL_BLIND_TEST,,,,,,,,,,,,,,
D2-0016,0331d96e-d8af-44d3-9552-85f784d9b4ca,720c16f5-5c19-43bc-a711-0ea9e8545aab,Trubbish,White Flare,140,illustration_rare,v1|128053538732|0,Trubbish 140/086 Illustration Rare White Flare Pokemon Holo Pokemon NM,,Ungraded,4000,[],"[""FIXED_PRICE""]",phoenixpoki33,https://i.ebayimg.com/images/g/pWIAAeSwGGJqlVf~/s-l225.jpg,https://www.ebay.com/itm/128053538732?_skw=Trubbish+140+White+Flare+Pokemon+card&hash=item1dd095efac:g:pWIAAeSwGGJqlVf~,"{""value"": ""18.85"", ""currency"": ""USD"", ""convertedFromValue"": ""13.95"", ""convertedFromCurrency"": ""GBP""}",[],,,PENDING_INDEPENDENT_HUMAN_REVIEW,FINAL_BLIND_TEST,,,,,,,,,,,,,,
D2-0020,0331d96e-d8af-44d3-9552-85f784d9b4ca,720c16f5-5c19-43bc-a711-0ea9e8545aab,Trubbish,White Flare,140,illustration_rare,v1|318858860376|0,POKEMON TRUBBISH 140/086 HOLO WHT,,Ungraded,4000,[],"[""FIXED_PRICE""]",yugioh-time-wizard-2026,https://i.ebayimg.com/images/g/aqoAAeSwKxVqpJiQ/s-l225.jpg,https://www.ebay.com/itm/318858860376?_skw=Trubbish+140+White+Flare+Pokemon+card&hash=item4a3d781758:g:aqoAAeSwKxVqpJiQ,"{""value"": ""18.99"", ""currency"": ""USD""}","[{""shippingCostType"": ""FIXED"", ""shippingCost"": {""value"": ""1.36"", ""currency"": ""USD""}, ""minEstimatedDeliveryDate"": ""2026-09-15T07:00:00.000Z"", ""maxEstimatedDeliveryDate"": ""2026-09-21T07:00:00.000Z""}]",,,PENDING_INDEPENDENT_HUMAN_REVIEW,FINAL_BLIND_TEST,,,,,,,,,,,,,,
D2-0023,0331d96e-d8af-44d3-9552-85f784d9b4ca,720c16f5-5c19-43bc-a711-0ea9e8545aab,Trubbish,White Flare,140,illustration_rare,v1|157217521409|458745866829,White Flare Pokemon Cards! Holo/Reverse Holo Rare Illustration Full Art SIR Card,,Ungraded,4000,[],"[""FIXED_PRICE""]",overstackedcards,https://i.ebayimg.com/images/g/NcIAAeSwPHBoooEJ/s-l225.jpg,https://www.ebay.com/itm/157217521409?_skw=Trubbish+140+White+Flare+Pokemon+card&var=458745866829&hash=item249ae4ff01:g:NcIAAeSwPHBoooEJ,"{""value"": ""33.24"", ""currency"": ""USD""}","[{""shippingCostType"": ""FIXED"", ""shippingCost"": {""value"": ""0.00"", ""currency"": ""USD""}, ""minEstimatedDeliveryDate"": ""2026-09-15T07:00:00.000Z"", ""maxEstimatedDeliveryDate"": ""2026-09-18T07:00:00.000Z""}]",,,PENDING_INDEPENDENT_HUMAN_REVIEW,FINAL_BLIND_TEST,,,,,,,,,,,,,,
D2-0024,0331d96e-d8af-44d3-9552-85f784d9b4ca,720c16f5-5c19-43bc-a711-0ea9e8545aab,Trubbish,White Flare,140,illustration_rare,v1|158257203362|459388769759,Pokemon White Flare Holo and Non Holo Pick Your Card SV11 TCG,,Ungraded,4000,[],"[""FIXED_PRICE""]",mac_tcgandsports,https://i.ebayimg.com/images/g/p1cAAeSwHiZqmtI7/s-l225.jpg,https://www.ebay.com/itm/158257203362?_skw=Trubbish+140+White+Flare+Pokemon+card&var=459388769759&hash=item24d8dd48a2:g:p1cAAeSwHiZqmtI7,"{""value"": ""1.29"", ""currency"": ""USD""}","[{""shippingCostType"": ""FIXED"", ""shippingCost"": {""value"": ""0.00"", ""currency"": ""USD""}, ""minEstimatedDeliveryDate"": ""2026-09-15T07:00:00.000Z"", ""maxEstimatedDeliveryDate"": ""2026-09-21T07:00:00.000Z""}]",,,PENDING_INDEPENDENT_HUMAN_REVIEW,FINAL_BLIND_TEST,,,,,,,,,,,,,,
D2-0028,0331d96e-d8af-44d3-9552-85f784d9b4ca,720c16f5-5c19-43bc-a711-0ea9e8545aab,Trubbish,White Flare,140,illustration_rare,v1|137634880992|0,Trubbish 140/086 NM White Flare Pokemon Card illustration Rare IR AR 86 Art Bolt,,Ungraded,4000,[],"[""FIXED_PRICE""]",jagru_3470,https://i.ebayimg.com/images/g/cCsAAeSwhFRqhCl5/s-l225.jpg,https://www.ebay.com/itm/137634880992?_skw=Trubbish+140+White+Flare+Pokemon+card&hash=item200bad9de0:g:cCsAAeSwhFRqhCl5,"{""value"": ""40.66"", ""currency"": ""USD"", ""convertedFromValue"": ""30.09"", ""convertedFromCurrency"": ""GBP""}",[],,,PENDING_INDEPENDENT_HUMAN_REVIEW,FINAL_BLIND_TEST,,,,,,,,,,,,,,
D2-0032,0b81872e-b089-49e9-aec3-16a535b12efb,0057b67c-a140-400c-b308-2a6d046cb043,Haxorus,Black Bolt,147,illustration_rare,v1|117366257998|0,Haxorus 147/086 Black Bolt Holo Illustration Rare Near Mint,,Ungraded,4000,[],"[""FIXED_PRICE"", ""BEST_OFFER""]",primal_blast_collectibles,https://i.ebayimg.com/images/g/d38AAeSwRvdqhGMz/s-l225.jpg,https://www.ebay.com/itm/117366257998?_skw=Haxorus+147+Black+Bolt+Pokemon+card&hash=item1b5392f94e:g:d38AAeSwRvdqhGMz,"{""value"": ""79.99"", ""currency"": ""USD""}","[{""shippingCostType"": ""CALCULATED""}]",,,PENDING_INDEPENDENT_HUMAN_REVIEW,FINAL_BLIND_TEST,,,,,,,,,,,,,,
D2-0037,0b81872e-b089-49e9-aec3-16a535b12efb,0057b67c-a140-400c-b308-2a6d046cb043,Haxorus,Black Bolt,147,illustration_rare,v1|157413692681|0,Haxorus 147/086 Pokemon TCG Sv: Black Bolt Extended Art Case,,Ungraded,4000,[],"[""FIXED_PRICE""]",outback_originals,https://i.ebayimg.com/images/g/WWMAAeSw~KdpXUkF/s-l225.jpg,https://www.ebay.com/itm/157413692681?_skw=Haxorus+147+Black+Bolt+Pokemon+card&hash=item24a6965509:g:WWMAAeSw~KdpXUkF,"{""value"": ""12.00"", ""currency"": ""USD""}","[{""shippingCostType"": ""FIXED"", ""shippingCost"": {""value"": ""5.00"", ""currency"": ""USD""}, ""minEstimatedDeliveryDate"": ""2026-09-15T07:00:00.000Z"", ""maxEstimatedDeliveryDate"": ""2026-09-18T07:00:00.000Z""}]",,,PENDING_INDEPENDENT_HUMAN_REVIEW,FINAL_BLIND_TEST,,,,,,,,,,,,,,
D2-0038,0b81872e-b089-49e9-aec3-16a535b12efb,0057b67c-a140-400c-b308-2a6d046cb043,Haxorus,Black Bolt,147,illustration_rare,v1|116980547571|0,2025 POKEMON BLK EN-BLACK BOLT ILLUSTRATION RARE #147 HAXORUS PSA 10,,Graded,2750,[],"[""FIXED_PRICE""]",psa,https://i.ebayimg.com/images/g/y3EAAeSwe~lpWq8M/s-l225.jpg,https://www.ebay.com/itm/116980547571?_skw=Haxorus+147+Black+Bolt+Pokemon+card&hash=item1b3c957ff3:g:y3EAAeSwe~lpWq8M,"{""value"": ""749.00"", ""currency"": ""USD""}","[{""shippingCostType"": ""FIXED"", ""shippingCost"": {""value"": ""5.99"", ""currency"": ""USD""}}]",,,PENDING_INDEPENDENT_HUMAN_REVIEW,FINAL_BLIND_TEST,,,,,,,,,,,,,,
D2-0040,0b81872e-b089-49e9-aec3-16a535b12efb,0057b67c-a140-400c-b308-2a6d046cb043,Haxorus,Black Bolt,147,illustration_rare,v1|128066487798|0,2025 POKEMON BLK EN-BLACK BOLT ILLUSTRATION RARE #147 HAXORUS PSA 9,,Graded,2750,[],"[""FIXED_PRICE"", ""BEST_OFFER""]",matrixunlimited,https://i.ebayimg.com/images/g/sI8AAeSw-JRqnjYa/s-l225.jpg,https://www.ebay.com/itm/128066487798?_skw=Haxorus+147+Black+Bolt+Pokemon+card&hash=item1dd15b85f6:g:sI8AAeSw-JRqnjYa,"{""value"": ""84.99"", ""currency"": ""USD""}","[{""shippingCostType"": ""FIXED"", ""shippingCost"": {""value"": ""0.00"", ""currency"": ""USD""}, ""minEstimatedDeliveryDate"": ""2026-09-16T07:00:00.000Z"", ""maxEstimatedDeliveryDate"": ""2026-09-23T07:00:00.000Z""}]",,,PENDING_INDEPENDENT_HUMAN_REVIEW,FINAL_BLIND_TEST,,,,,,,,,,,,,,
D2-0042,0b81872e-b089-49e9-aec3-16a535b12efb,0057b67c-a140-400c-b308-2a6d046cb043,Haxorus,Black Bolt,147,illustration_rare,v1|157588688778|0,Haxorus 147/086 Pokemon TCG Sv: Black Bolt Magnetic 🧲 Extended Art Case,,Ungraded,4000,[],"[""FIXED_PRICE""]",outback_originals,https://i.ebayimg.com/images/g/cG4AAeSwOA1pXUix/s-l225.jpg,https://www.ebay.com/itm/157588688778?_skw=Haxorus+147+Black+Bolt+Pokemon+card&hash=item24b1048f8a:g:cG4AAeSwOA1pXUix,"{""value"": ""16.00"", ""currency"": ""USD""}","[{""shippingCostType"": ""FIXED"", ""shippingCost"": {""value"": ""7.00"", ""currency"": ""USD""}, ""minEstimatedDeliveryDate"": ""2026-09-15T07:00:00.000Z"", ""maxEstimatedDeliveryDate"": ""2026-09-18T07:00:00.000Z""}]",,,PENDING_INDEPENDENT_HUMAN_REVIEW,FINAL_BLIND_TEST,,,,,,,,,,,,,,
D2-0051,0dde3317-5162-49d1-b5c9-6b206a086d2c,7a7c3304-cc14-4aab-9f7b-b88270d4228c,Tinkatuff,Paldean Fates,166,shiny_rare,v1|800499307724|0,Tinkatuff 166/091 - Shiny Rare PAF - Pokemon Holo NM,,Ungraded,4000,[],"[""FIXED_PRICE""]",northeastohiotcg,https://i.ebayimg.com/images/g/OCsAAeSwk1Jqi0ft/s-l225.jpg,https://www.ebay.com/itm/800499307724?_skw=Tinkatuff+166+Paldean+Fates+Pokemon+card&hash=itemba617a14cc:g:OCsAAeSwk1Jqi0ft,"{""value"": ""9.02"", ""currency"": ""USD""}","[{""shippingCostType"": ""FIXED"", ""shippingCost"": {""value"": ""0.00"", ""currency"": ""USD""}, ""minEstimatedDeliveryDate"": ""2026-09-18T07:00:00.000Z"", ""maxEstimatedDeliveryDate"": ""2026-09-24T07:00:00.000Z""}]",,,PENDING_INDEPENDENT_HUMAN_REVIEW,FINAL_BLIND_TEST,,,,,,,,,,,,,,
D2-0055,0dde3317-5162-49d1-b5c9-6b206a086d2c,7a7c3304-cc14-4aab-9f7b-b88270d4228c,Tinkatuff,Paldean Fates,166,shiny_rare,v1|168003802301|467696265540,Pokemon TCG Paldean Fates Shiny! Complete your Collection! Choose your own! NM,,Ungraded,4000,[],"[""FIXED_PRICE""]",vaultofjo,https://i.ebayimg.com/images/g/7qMAAeSwK8JpPyBn/s-l225.jpg,https://www.ebay.com/itm/168003802301?_skw=Tinkatuff+166+Paldean+Fates+Pokemon+card&hash=item271dce94bd:g:7qMAAeSwK8JpPyBn,"{""value"": ""7.42"", ""currency"": ""USD"", ""convertedFromValue"": ""5.49"", ""convertedFromCurrency"": ""GBP""}",[],,,PENDING_INDEPENDENT_HUMAN_REVIEW,FINAL_BLIND_TEST,,,,,,,,,,,,,,
D2-0057,0dde3317-5162-49d1-b5c9-6b206a086d2c,7a7c3304-cc14-4aab-9f7b-b88270d4228c,Tinkatuff,Paldean Fates,166,shiny_rare,v1|147367563083|0,Tinkatuff 166/091 SV: Paldean Fates Holo,,Ungraded,4000,[],"[""FIXED_PRICE"", ""BEST_OFFER""]",jet99*,https://i.ebayimg.com/images/g/g-cAAeSwvkJqKyhv/s-l225.jpg,https://www.ebay.com/itm/147367563083?_skw=Tinkatuff+166+Paldean+Fates+Pokemon+card&hash=item224fca8f4b:g:g-cAAeSwvkJqKyhv,"{""value"": ""4.00"", ""currency"": ""USD""}","[{""shippingCostType"": ""CALCULATED""}]",,,PENDING_INDEPENDENT_HUMAN_REVIEW,FINAL_BLIND_TEST,,,,,,,,,,,,,,
D2-0058,0dde3317-5162-49d1-b5c9-6b206a086d2c,7a7c3304-cc14-4aab-9f7b-b88270d4228c,Tinkatuff,Paldean Fates,166,shiny_rare,v1|147382231734|0,Tinkatuff 166/091 SV: Paldean Fates Shiny Rare Holo NM,,Ungraded,4000,[],"[""FIXED_PRICE"", ""BEST_OFFER""]",themornin,https://i.ebayimg.com/images/g/vb0AAeSwI5lqMz11/s-l225.jpg,https://www.ebay.com/itm/147382231734?_skw=Tinkatuff+166+Paldean+Fates+Pokemon+card&hash=item2250aa62b6:g:vb0AAeSwI5lqMz11,"{""value"": ""7.90"", ""currency"": ""USD""}","[{""shippingCostType"": ""FIXED"", ""shippingCost"": {""value"": ""0.00"", ""currency"": ""USD""}, ""minEstimatedDeliveryDate"": ""2026-09-15T07:00:00.000Z"", ""maxEstimatedDeliveryDate"": ""2026-09-19T07:00:00.000Z""}]",,,PENDING_INDEPENDENT_HUMAN_REVIEW,FINAL_BLIND_TEST,,,,,,,,,,,,,,
D2-0060,0dde3317-5162-49d1-b5c9-6b206a086d2c,7a7c3304-cc14-4aab-9f7b-b88270d4228c,Tinkatuff,Paldean Fates,166,shiny_rare,v1|158026854438|0,SV: Paldean Fates #166/091 Tinkatuff,,Ungraded,4000,[],"[""FIXED_PRICE"", ""BEST_OFFER""]",pastelito_collects,https://i.ebayimg.com/images/g/GL4AAeSw269qPXPy/s-l225.jpg,https://www.ebay.com/itm/158026854438?_skw=Tinkatuff+166+Paldean+Fates+Pokemon+card&hash=item24cb227026:g:GL4AAeSw269qPXPy,"{""value"": ""8.00"", ""currency"": ""USD""}","[{""shippingCostType"": ""CALCULATED""}]",,,PENDING_INDEPENDENT_HUMAN_REVIEW,FINAL_BLIND_TEST,,,,,,,,,,,,,,
D2-0061,10a47631-ea19-4b62-8a93-4b1b3e6b3013,780a248c-87ff-4879-955c-3d6bea287aca,Lt. Surge's Bargain,Mega Evolution,185,special_illustration_rare,v1|117404400702|0,Lt. Surge's Bargain Holofoil 185/132 Mega Evolution Special Illustration Rare,,Ungraded,4000,[],"[""FIXED_PRICE""]",durb.blak,https://i.ebayimg.com/images/g/gZUAAeSwrzBqoeMr/s-l225.jpg,https://www.ebay.com/itm/117404400702?_skw=Lt.+Surge%27s+Bargain+185+Mega+Evolution+Pokemon+card&hash=item1b55d8fc3e:g:gZUAAeSwrzBqoeMr,"{""value"": ""19.86"", ""currency"": ""USD""}","[{""shippingCostType"": ""FIXED"", ""shippingCost"": {""value"": ""0.00"", ""currency"": ""USD""}, ""minEstimatedDeliveryDate"": ""2026-09-14T07:00:00.000Z"", ""maxEstimatedDeliveryDate"": ""2026-09-17T07:00:00.000Z""}]",,,PENDING_INDEPENDENT_HUMAN_REVIEW,FINAL_BLIND_TEST,,,,,,,,,,,,,,
D2-0066,10a47631-ea19-4b62-8a93-4b1b3e6b3013,780a248c-87ff-4879-955c-3d6bea287aca,Lt. Surge's Bargain,Mega Evolution,185,special_illustration_rare,v1|147567260527|0,Pokémon TCG Lt. Surge's Bargain 185/132 ME01 Special illustration Rare Holo MINT,,Ungraded,4000,[],"[""FIXED_PRICE"", ""BEST_OFFER""]",goldzay,https://i.ebayimg.com/images/g/c2cAAeSwnsxqpKgq/s-l225.jpg,https://www.ebay.com/itm/147567260527?_skw=Lt.+Surge%27s+Bargain+185+Mega+Evolution+Pokemon+card&hash=item225bb1b36f:g:c2cAAeSwnsxqpKgq,"{""value"": ""20.00"", ""currency"": ""USD""}","[{""shippingCostType"": ""FIXED"", ""shippingCost"": {""value"": ""0.00"", ""currency"": ""USD""}, ""minEstimatedDeliveryDate"": ""2026-09-16T07:00:00.000Z"", ""maxEstimatedDeliveryDate"": ""2026-09-22T07:00:00.000Z""}]",,,PENDING_INDEPENDENT_HUMAN_REVIEW,FINAL_BLIND_TEST,,,,,,,,,,,,,,
D2-0067,10a47631-ea19-4b62-8a93-4b1b3e6b3013,780a248c-87ff-4879-955c-3d6bea287aca,Lt. Surge's Bargain,Mega Evolution,185,special_illustration_rare,v1|157367695863|458875403409,Mega Evolution Pokémon Cards! Holo/Reverse Holo EX SIR Illustration Rare Card!,,Ungraded,4000,[],"[""FIXED_PRICE""]",overstackedcards,https://i.ebayimg.com/images/g/MfcAAeSwlFVo6adY/s-l225.jpg,https://www.ebay.com/itm/157367695863?_skw=Lt.+Surge%27s+Bargain+185+Mega+Evolution+Pokemon+card&hash=item24a3d879f7:g:MfcAAeSwlFVo6adY,"{""value"": ""37.99"", ""currency"": ""USD""}","[{""shippingCostType"": ""FIXED"", ""shippingCost"": {""value"": ""0.00"", ""currency"": ""USD""}, ""minEstimatedDeliveryDate"": ""2026-09-15T07:00:00.000Z"", ""maxEstimatedDeliveryDate"": ""2026-09-18T07:00:00.000Z""}]",,,PENDING_INDEPENDENT_HUMAN_REVIEW,FINAL_BLIND_TEST,,,,,,,,,,,,,,
D2-0070,10a47631-ea19-4b62-8a93-4b1b3e6b3013,780a248c-87ff-4879-955c-3d6bea287aca,Lt. Surge's Bargain,Mega Evolution,185,special_illustration_rare,v1|128002982526|0,2025 Pokemon Mega Evolution #185 Lt. Surge's Bargain Special Illstrn Rare PSA 9,,Graded,2750,[],"[""FIXED_PRICE"", ""BEST_OFFER""]",titletownsc,https://i.ebayimg.com/images/g/0pkAAeSwMjhqgNm4/s-l225.jpg,https://www.ebay.com/itm/128002982526?_skw=Lt.+Surge%27s+Bargain+185+Mega+Evolution+Pokemon+card&hash=item1dcd92827e:g:0pkAAeSwMjhqgNm4,"{""value"": ""26.00"", ""currency"": ""USD""}","[{""shippingCostType"": ""FIXED"", ""shippingCost"": {""value"": ""6.75"", ""currency"": ""USD""}, ""minEstimatedDeliveryDate"": ""2026-09-14T07:00:00.000Z"", ""maxEstimatedDeliveryDate"": ""2026-09-17T07:00:00.000Z""}]",,,PENDING_INDEPENDENT_HUMAN_REVIEW,FINAL_BLIND_TEST,,,,,,,,,,,,,,
D2-0073,10a47631-ea19-4b62-8a93-4b1b3e6b3013,780a248c-87ff-4879-955c-3d6bea287aca,Lt. Surge's Bargain,Mega Evolution,185,special_illustration_rare,v1|137683510267|0,The Pokémon Company Lt. Surge's Bargain 185/132 Mega Evolution SIR Holo PSA 10,,Graded,2750,[],"[""FIXED_PRICE"", ""BEST_OFFER""]",gie_1352,https://i.ebayimg.com/images/g/GcYAAeSwj8Nqldhj/s-l225.jpg,https://www.ebay.com/itm/137683510267?_skw=Lt.+Surge%27s+Bargain+185+Mega+Evolution+Pokemon+card&hash=item200e93a3fb:g:GcYAAeSwj8Nqldhj,"{""value"": ""85.16"", ""currency"": ""USD""}","[{""shippingCostType"": ""CALCULATED""}]",,,PENDING_INDEPENDENT_HUMAN_REVIEW,FINAL_BLIND_TEST,,,,,,,,,,,,,,
D2-0078,147a436d-4ccc-43d1-b19a-20b74d2ff723,a86eb8d9-0e89-4e02-879a-d587dbfe0252,Carmine,Twilight Masquerade,217,special_illustration_rare,v1|137465387508|0,Carmine SV06: Twilight Masquerade #217/167,,Ungraded,4000,[],"[""FIXED_PRICE"", ""BEST_OFFER""]",kardkings3,https://i.ebayimg.com/images/g/OlUAAeSwAZtqQtXo/s-l225.jpg,https://www.ebay.com/itm/137465387508?_skw=Carmine+217+Twilight+Masquerade+Pokemon+card&hash=item20019359f4:g:OlUAAeSwAZtqQtXo,"{""value"": ""75.00"", ""currency"": ""USD""}","[{""shippingCostType"": ""FIXED"", ""shippingCost"": {""value"": ""0.00"", ""currency"": ""USD""}, ""minEstimatedDeliveryDate"": ""2026-09-15T07:00:00.000Z"", ""maxEstimatedDeliveryDate"": ""2026-09-21T07:00:00.000Z""}]",,,PENDING_INDEPENDENT_HUMAN_REVIEW,FINAL_BLIND_TEST,,,,,,,,,,,,,,
D2-0083,147a436d-4ccc-43d1-b19a-20b74d2ff723,a86eb8d9-0e89-4e02-879a-d587dbfe0252,Carmine,Twilight Masquerade,217,special_illustration_rare,v1|117390725161|0,Carmine 217/167 Pokemon SV06: Twilight Masquerade Special Illustration Rare PSA9,,Graded,2750,[],"[""FIXED_PRICE""]",kp_universe,https://i.ebayimg.com/images/g/W5UAAeSwVM5pBSrd/s-l225.jpg,https://www.ebay.com/itm/117390725161?_skw=Carmine+217+Twilight+Masquerade+Pokemon+card&hash=item1b55085029:g:W5UAAeSwVM5pBSrd,"{""value"": ""109.99"", ""currency"": ""USD""}","[{""shippingCostType"": ""FIXED"", ""shippingCost"": {""value"": ""0.00"", ""currency"": ""USD""}, ""minEstimatedDeliveryDate"": ""2026-09-15T07:00:00.000Z"", ""maxEstimatedDeliveryDate"": ""2026-09-18T07:00:00.000Z""}]",,,PENDING_INDEPENDENT_HUMAN_REVIEW,FINAL_BLIND_TEST,,,,,,,,,,,,,,
D2-0084,147a436d-4ccc-43d1-b19a-20b74d2ff723,a86eb8d9-0e89-4e02-879a-d587dbfe0252,Carmine,Twilight Masquerade,217,special_illustration_rare,v1|157580221626|0,Carmine 217 SIR Twilight Masquerade Magnetic 🧲 Extended Art Case,,Ungraded,4000,[],"[""FIXED_PRICE""]",outback_originals,https://i.ebayimg.com/images/g/NT8AAeSw3EZpwY9x/s-l225.jpg,https://www.ebay.com/itm/157580221626?_skw=Carmine+217+Twilight+Masquerade+Pokemon+card&hash=item24b0835cba:g:NT8AAeSw3EZpwY9x,"{""value"": ""16.00"", ""currency"": ""USD""}","[{""shippingCostType"": ""FIXED"", ""shippingCost"": {""value"": ""7.00"", ""currency"": ""USD""}, ""minEstimatedDeliveryDate"": ""2026-09-15T07:00:00.000Z"", ""maxEstimatedDeliveryDate"": ""2026-09-18T07:00:00.000Z""}]",,,PENDING_INDEPENDENT_HUMAN_REVIEW,FINAL_BLIND_TEST,,,,,,,,,,,,,,
D2-0088,147a436d-4ccc-43d1-b19a-20b74d2ff723,a86eb8d9-0e89-4e02-879a-d587dbfe0252,Carmine,Twilight Masquerade,217,special_illustration_rare,v1|146725162970|0,CGC 10 Carmine 217/167 SIR Twilight Masquerade TWM Pokemon Card,,Graded,2750,[],"[""FIXED_PRICE"", ""BEST_OFFER""]",nfm871,https://i.ebayimg.com/images/g/OaMAAeSwdKZogFK5/s-l225.jpg,https://www.ebay.com/itm/146725162970?_skw=Carmine+217+Twilight+Masquerade+Pokemon+card&hash=item2229804fda:g:OaMAAeSwdKZogFK5&amdata=enc%3AAQALAAABEACCtXRWQnOEpyOqnQQ8KGYJ0rTQ4XpviKpcBbd1RL9tXedidSAByJeRScbt1KKzO23nnix4oR3J5u2tqpekSb30LgPPXMzUBnC4xcjVL%2BlebwxqnEe%2BO03LarW1z3CMnRay63kKxtMQ7rCd9cKHxFVd%2FbrDRtOkKUpHjGc0f7hqVO5qMO%2FFfDVr5o83rJDAgZn8rYHKj57Aum300RUSVEQo8jhtF8g7LcJikzBUT9H640WvbLu%2Fqt8eG%2FNsZoA%2Bp%2B0vBBoAozaLbfF%2BIJRs2vfLzzy6luv9SzTmjVISt%2BPClY2hAWXUtEqPH5J5RuyaowAHQyniLpYlcfVpPZB7to7EWTp0H07RlJsUkuAx92mD,"{""value"": ""145.00"", ""currency"": ""USD""}","[{""shippingCostType"": ""CALCULATED""}]",,,PENDING_INDEPENDENT_HUMAN_REVIEW,FINAL_BLIND_TEST,,,,,,,,,,,,,,
D2-0089,147a436d-4ccc-43d1-b19a-20b74d2ff723,a86eb8d9-0e89-4e02-879a-d587dbfe0252,Carmine,Twilight Masquerade,217,special_illustration_rare,v1|147412436610|0,Carmine 217 Twilight Masquerade Pokemon TCG NM,,Ungraded,4000,[],"[""FIXED_PRICE"", ""BEST_OFFER""]",csinterpreting,https://i.ebayimg.com/images/g/qd0AAeSw0PVqRt7A/s-l225.jpg,https://www.ebay.com/itm/147412436610?_skw=Carmine+217+Twilight+Masquerade+Pokemon+card&hash=item2252774682:g:qd0AAeSw0PVqRt7A,"{""value"": ""69.99"", ""currency"": ""USD""}","[{""shippingCostType"": ""FIXED"", ""shippingCost"": {""value"": ""0.00"", ""currency"": ""USD""}, ""minEstimatedDeliveryDate"": ""2026-09-15T07:00:00.000Z"", ""maxEstimatedDeliveryDate"": ""2026-09-21T07:00:00.000Z""}]",,,PENDING_INDEPENDENT_HUMAN_REVIEW,FINAL_BLIND_TEST,,,,,,,,,,,,,,
D2-0093,152906c9-3b9f-4f16-bb22-cb4241c7386b,20ddd5ca-77ef-4e3c-a018-ea4c7a44913a,Giovanni's Charisma,Scarlet and Violet 151,204,special_illustration_rare,v1|137599762770|0,Giovanni's Charisma 204/165 - 151 Scarlet and Violet - Pokemon TCG,,Ungraded,4000,[],"[""FIXED_PRICE"", ""BEST_OFFER""]",tomscardshop24,https://i.ebayimg.com/images/g/JwIAAeSw~wRqd3m5/s-l225.jpg,https://www.ebay.com/itm/137599762770?_skw=Giovanni%27s+Charisma+204+Scarlet+and+Violet+151+Pokemon+card&hash=item200995c152:g:JwIAAeSw~wRqd3m5,"{""value"": ""21.68"", ""currency"": ""USD"", ""convertedFromValue"": ""29.99"", ""convertedFromCurrency"": ""CAD""}",[],,,PENDING_INDEPENDENT_HUMAN_REVIEW,FINAL_BLIND_TEST,,,,,,,,,,,,,,
D2-0099,152906c9-3b9f-4f16-bb22-cb4241c7386b,20ddd5ca-77ef-4e3c-a018-ea4c7a44913a,Giovanni's Charisma,Scarlet and Violet 151,204,special_illustration_rare,v1|257695888294|0,Giovannis Charisma 204/165 Scarlet & Violet 151 Special Illustration Rare SIR NM,,Ungraded,4000,[],"[""FIXED_PRICE"", ""BEST_OFFER""]",cardcaddyaz,https://i.ebayimg.com/images/g/iiYAAeSwJmhqiTim/s-l225.jpg,https://www.ebay.com/itm/257695888294?_skw=Giovanni%27s+Charisma+204+Scarlet+and+Violet+151+Pokemon+card&hash=item3bffdf33a6:g:iiYAAeSwJmhqiTim,"{""value"": ""19.99"", ""currency"": ""USD""}","[{""shippingCostType"": ""CALCULATED""}]",,,PENDING_INDEPENDENT_HUMAN_REVIEW,FINAL_BLIND_TEST,,,,,,,,,,,,,,
D2-0101,152906c9-3b9f-4f16-bb22-cb4241c7386b,20ddd5ca-77ef-4e3c-a018-ea4c7a44913a,Giovanni's Charisma,Scarlet and Violet 151,204,special_illustration_rare,v1|137568739112|0,Giovanni's Charisma Holo Ultra Rare SV: Scarlet & Violet 151 197/165 NM,,Ungraded,4000,[],"[""FIXED_PRICE""]",oakleycards,https://i.ebayimg.com/images/g/CYkAAeSw2Adqa-ES/s-l225.jpg,https://www.ebay.com/itm/137568739112?_skw=Giovanni%27s+Charisma+204+Scarlet+and+Violet+151+Pokemon+card&hash=item2007bc5f28:g:CYkAAeSw2Adqa-ES,"{""value"": ""5.99"", ""currency"": ""USD""}","[{""shippingCostType"": ""FIXED"", ""shippingCost"": {""value"": ""0.00"", ""currency"": ""USD""}, ""minEstimatedDeliveryDate"": ""2026-09-15T07:00:00.000Z"", ""maxEstimatedDeliveryDate"": ""2026-09-21T07:00:00.000Z""}]",,,PENDING_INDEPENDENT_HUMAN_REVIEW,FINAL_BLIND_TEST,,,,,,,,,,,,,,
D2-0103,152906c9-3b9f-4f16-bb22-cb4241c7386b,20ddd5ca-77ef-4e3c-a018-ea4c7a44913a,Giovanni's Charisma,Scarlet and Violet 151,204,special_illustration_rare,v1|137718543685|0,SV: Scarlet & Violet 151 #204/165 Giovanni's Charisma,,Ungraded,4000,[],"[""FIXED_PRICE"", ""BEST_OFFER""]",kickoffcollectibles,https://i.ebayimg.com/images/g/JVAAAeSwMxFqoZqA/s-l225.jpg,https://www.ebay.com/itm/137718543685?_skw=Giovanni%27s+Charisma+204+Scarlet+and+Violet+151+Pokemon+card&hash=item2010aa3545:g:JVAAAeSwMxFqoZqA,"{""value"": ""18.00"", ""currency"": ""USD""}","[{""shippingCostType"": ""CALCULATED""}]",,,PENDING_INDEPENDENT_HUMAN_REVIEW,FINAL_BLIND_TEST,,,,,,,,,,,,,,
D2-0105,152906c9-3b9f-4f16-bb22-cb4241c7386b,20ddd5ca-77ef-4e3c-a018-ea4c7a44913a,Giovanni's Charisma,Scarlet and Violet 151,204,special_illustration_rare,v1|147493300373|0,Giovanni's Charisma Ultra Rare SV: Scarlet & Violet 151 197/165 NM,,Ungraded,4000,[],"[""FIXED_PRICE""]",spookycards,https://i.ebayimg.com/images/g/pBIAAeSw5thopJA-/s-l225.jpg,https://www.ebay.com/itm/147493300373?_skw=Giovanni%27s+Charisma+204+Scarlet+and+Violet+151+Pokemon+card&hash=item2257492895:g:pBIAAeSw5thopJA-,"{""value"": ""5.69"", ""currency"": ""USD""}","[{""shippingCostType"": ""FIXED"", ""shippingCost"": {""value"": ""0.00"", ""currency"": ""USD""}, ""minEstimatedDeliveryDate"": ""2026-09-15T07:00:00.000Z"", ""maxEstimatedDeliveryDate"": ""2026-09-18T07:00:00.000Z""}]",,,PENDING_INDEPENDENT_HUMAN_REVIEW,FINAL_BLIND_TEST,,,,,,,,,,,,,,
D2-0112,15faf94c-4a3b-4f09-a867-f2ded1174419,98ab7334-59cd-47fa-b778-f6526e5e1276,Veluza,Paradox Rift,192,illustration_rare,v1|156323652674|458154664251,Pokemon Paradox Rift - Choose Your Card! - Holo/Reverse Holo - NM,,Ungraded,4000,[],"[""FIXED_PRICE""]",overstackedcards,https://i.ebayimg.com/images/g/HyQAAOSwFMloW5e9/s-l225.jpg,https://www.ebay.com/itm/156323652674?_skw=Veluza+192+Paradox+Rift+Pokemon+card&hash=item24659da442:g:HyQAAOSwFMloW5e9,"{""value"": ""19.99"", ""currency"": ""USD""}","[{""shippingCostType"": ""FIXED"", ""shippingCost"": {""value"": ""0.00"", ""currency"": ""USD""}, ""minEstimatedDeliveryDate"": ""2026-09-15T07:00:00.000Z"", ""maxEstimatedDeliveryDate"": ""2026-09-18T07:00:00.000Z""}]",,,PENDING_INDEPENDENT_HUMAN_REVIEW,FINAL_BLIND_TEST,,,,,,,,,,,,,,
D2-0115,15faf94c-4a3b-4f09-a867-f2ded1174419,98ab7334-59cd-47fa-b778-f6526e5e1276,Veluza,Paradox Rift,192,illustration_rare,v1|127481534744|0,2023 Paradox Rift #192/182 Veluza CGC 9.5,,Graded,2750,[],"[""FIXED_PRICE"", ""BEST_OFFER""]",bowerscollectibles,https://i.ebayimg.com/images/g/G50AAeSw8~VpSaoh/s-l225.jpg,https://www.ebay.com/itm/127481534744?_skw=Veluza+192+Paradox+Rift+Pokemon+card&hash=item1dae7dd918:g:G50AAeSw8~VpSaoh,"{""value"": ""24.97"", ""currency"": ""USD""}","[{""shippingCostType"": ""FIXED"", ""shippingCost"": {""value"": ""5.99"", ""currency"": ""USD""}, ""minEstimatedDeliveryDate"": ""2026-09-15T07:00:00.000Z"", ""maxEstimatedDeliveryDate"": ""2026-09-18T07:00:00.000Z""}]",,,PENDING_INDEPENDENT_HUMAN_REVIEW,FINAL_BLIND_TEST,,,,,,,,,,,,,,
D2-0118,15faf94c-4a3b-4f09-a867-f2ded1174419,98ab7334-59cd-47fa-b778-f6526e5e1276,Veluza,Paradox Rift,192,illustration_rare,v1|128065706457|0,Veluza Holo Illustration Rare SV04: Paradox Rift 192/182 NM,,Ungraded,4000,[],"[""FIXED_PRICE"", ""BEST_OFFER""]",lscardvault,https://i.ebayimg.com/images/g/25EAAeSwWIxqnZvD/s-l225.jpg,https://www.ebay.com/itm/128065706457?_skw=Veluza+192+Paradox+Rift+Pokemon+card&hash=item1dd14f99d9:g:25EAAeSwWIxqnZvD,"{""value"": ""11.65"", ""currency"": ""USD""}","[{""shippingCostType"": ""FIXED"", ""shippingCost"": {""value"": ""1.25"", ""currency"": ""USD""}, ""minEstimatedDeliveryDate"": ""2026-09-15T07:00:00.000Z"", ""maxEstimatedDeliveryDate"": ""2026-09-21T07:00:00.000Z""}]",,,PENDING_INDEPENDENT_HUMAN_REVIEW,FINAL_BLIND_TEST,,,,,,,,,,,,,,
D2-0119,15faf94c-4a3b-4f09-a867-f2ded1174419,98ab7334-59cd-47fa-b778-f6526e5e1276,Veluza,Paradox Rift,192,illustration_rare,v1|137010885836|0,Pokémon TCG Veluza Card 192/182 Paradox Rift Illustration,,Ungraded,4000,[],"[""FIXED_PRICE"", ""BEST_OFFER""]",cassellscards,https://i.ebayimg.com/images/g/s~sAAeSwf4Rpgjhm/s-l225.jpg,https://www.ebay.com/itm/137010885836?_skw=Veluza+192+Paradox+Rift+Pokemon+card&hash=item1fe67c34cc:g:s~sAAeSwf4Rpgjhm,"{""value"": ""5.98"", ""currency"": ""USD""}","[{""shippingCostType"": ""CALCULATED""}]",,,PENDING_INDEPENDENT_HUMAN_REVIEW,FINAL_BLIND_TEST,,,,,,,,,,,,,,
D2-0120,15faf94c-4a3b-4f09-a867-f2ded1174419,98ab7334-59cd-47fa-b778-f6526e5e1276,Veluza,Paradox Rift,192,illustration_rare,v1|137184611395|0,Veluza 192/182 Illustration Rare Pokemon Card SV04: Paradox Rift,,Ungraded,4000,[],"[""FIXED_PRICE""]",crystaltcg,https://i.ebayimg.com/images/g/a9YAAeSwQ15pzBUm/s-l225.jpg,https://www.ebay.com/itm/137184611395?_skw=Veluza+192+Paradox+Rift+Pokemon+card&hash=item1ff0d70c43:g:a9YAAeSwQ15pzBUm,"{""value"": ""16.00"", ""currency"": ""USD""}","[{""shippingCostType"": ""FIXED"", ""shippingCost"": {""value"": ""0.00"", ""currency"": ""USD""}, ""minEstimatedDeliveryDate"": ""2026-09-15T07:00:00.000Z"", ""maxEstimatedDeliveryDate"": ""2026-09-21T07:00:00.000Z""}]",,,PENDING_INDEPENDENT_HUMAN_REVIEW,FINAL_BLIND_TEST,,,,,,,,,,,,,,
D2-0121,209f02db-d953-4dde-bbd6-0822671fe1d1,eb38e2d2-2e6a-41e2-939d-335c8a5e50d1,Oshawott,White Flare,105,illustration_rare,v1|137526089875|0,Oshawott - Holo 105/086 NM SV: White Flare Pokemon Card,,Ungraded,4000,[],"[""FIXED_PRICE""]",pntpoke,https://i.ebayimg.com/images/g/PkYAAeSwIX5qW7nn/s-l225.jpg,https://www.ebay.com/itm/137526089875?_skw=Oshawott+105+White+Flare+Pokemon+card&hash=item2005319893:g:PkYAAeSwIX5qW7nn,"{""value"": ""115.00"", ""currency"": ""USD""}","[{""shippingCostType"": ""FIXED"", ""shippingCost"": {""value"": ""0.00"", ""currency"": ""USD""}, ""minEstimatedDeliveryDate"": ""2026-09-15T07:00:00.000Z"", ""maxEstimatedDeliveryDate"": ""2026-09-18T07:00:00.000Z""}]",,,PENDING_INDEPENDENT_HUMAN_REVIEW,FINAL_BLIND_TEST,,,,,,,,,,,,,,
D2-0125,209f02db-d953-4dde-bbd6-0822671fe1d1,eb38e2d2-2e6a-41e2-939d-335c8a5e50d1,Oshawott,White Flare,105,illustration_rare,v1|407192857495|0,Pokemon,,Ungraded,4000,[],"[""FIXED_PRICE"", ""BEST_OFFER""]",javflo-53,https://i.ebayimg.com/images/g/lNQAAeSwM8Fqmt5w/s-l225.jpg,https://www.ebay.com/itm/407192857495?_skw=Oshawott+105+White+Flare+Pokemon+card&hash=item5ece95eb97:g:lNQAAeSwM8Fqmt5w,"{""value"": ""78.00"", ""currency"": ""USD""}","[{""shippingCostType"": ""CALCULATED""}]",,,PENDING_INDEPENDENT_HUMAN_REVIEW,FINAL_BLIND_TEST,,,,,,,,,,,,,,
D2-0129,209f02db-d953-4dde-bbd6-0822671fe1d1,eb38e2d2-2e6a-41e2-939d-335c8a5e50d1,Oshawott,White Flare,105,illustration_rare,v1|137704755230|0,Oshawott 105/086 - Pokemon White Flare - Illustration Rare (NM),,Ungraded,4000,[],"[""FIXED_PRICE"", ""BEST_OFFER""]",hntrstcs,https://i.ebayimg.com/images/g/k-4AAeSwHiZqnPkL/s-l225.jpg,https://www.ebay.com/itm/137704755230?_skw=Oshawott+105+White+Flare+Pokemon+card&hash=item200fd7d01e:g:k-4AAeSwHiZqnPkL,"{""value"": ""100.19"", ""currency"": ""USD"", ""convertedFromValue"": ""139.99"", ""convertedFromCurrency"": ""AUD""}","[{""shippingCostType"": ""FIXED"", ""shippingCost"": {""value"": ""10.73"", ""currency"": ""USD"", ""convertedFromValue"": ""14.99"", ""convertedFromCurrency"": ""AUD""}, ""minEstimatedDeliveryDate"": ""2026-09-21T07:00:00.000Z"", ""maxEstimatedDeliveryDate"": ""2026-09-25T07:00:00.000Z""}]",,,PENDING_INDEPENDENT_HUMAN_REVIEW,FINAL_BLIND_TEST,,,,,,,,,,,,,,
D2-0134,209f02db-d953-4dde-bbd6-0822671fe1d1,eb38e2d2-2e6a-41e2-939d-335c8a5e50d1,Oshawott,White Flare,105,illustration_rare,v1|158215828156|0,Oshawott Illustration Rare Water Holo SV White Flare #105/086 Pokémon TCG,,Ungraded,4000,[],"[""FIXED_PRICE"", ""BEST_OFFER""]",nberggren87,https://i.ebayimg.com/images/g/2VUAAeSwiIVqiuHz/s-l225.jpg,https://www.ebay.com/itm/158215828156?_skw=Oshawott+105+White+Flare+Pokemon+card&hash=item24d665f2bc:g:2VUAAeSwiIVqiuHz,"{""value"": ""90.00"", ""currency"": ""USD""}","[{""shippingCostType"": ""FIXED"", ""shippingCost"": {""value"": ""8.00"", ""currency"": ""USD""}, ""minEstimatedDeliveryDate"": ""2026-09-15T07:00:00.000Z"", ""maxEstimatedDeliveryDate"": ""2026-09-21T07:00:00.000Z""}]",,,PENDING_INDEPENDENT_HUMAN_REVIEW,FINAL_BLIND_TEST,,,,,,,,,,,,,,
D2-0135,209f02db-d953-4dde-bbd6-0822671fe1d1,eb38e2d2-2e6a-41e2-939d-335c8a5e50d1,Oshawott,White Flare,105,illustration_rare,v1|168451217537|0,Oshawott - Illustration Rare SV: White Flare 105/086 Holo NM,,Ungraded,4000,[],"[""FIXED_PRICE"", ""BEST_OFFER""]",gem.state.gems,https://i.ebayimg.com/images/g/BeIAAeSwt5tqK1zP/s-l225.jpg,https://www.ebay.com/itm/168451217537?_skw=Oshawott+105+White+Flare+Pokemon+card&hash=item2738799881:g:BeIAAeSwt5tqK1zP,"{""value"": ""99.99"", ""currency"": ""USD""}","[{""shippingCostType"": ""CALCULATED""}]",,,PENDING_INDEPENDENT_HUMAN_REVIEW,FINAL_BLIND_TEST,,,,,,,,,,,,,,
D2-0137,21e9ddc5-2751-4886-9e08-a1c6e2cc14e4,53abbd65-a601-4185-b08c-3721e963fa3d,Kyurem ex,Black Bolt,165,special_illustration_rare,v1|128060622623|0,Pokémon TCG Kyurem ex 165/086 Sv: Black Bolt SIR English,,Ungraded,4000,[],"[""FIXED_PRICE"", ""BEST_OFFER""]",omnivtg,https://i.ebayimg.com/images/g/u9gAAeSwe9Zqmh0b/s-l225.jpg,https://www.ebay.com/itm/128060622623?_skw=Kyurem+ex+165+Black+Bolt+Pokemon+card&hash=item1dd102071f:g:u9gAAeSwe9Zqmh0b,"{""value"": ""78.99"", ""currency"": ""USD""}","[{""shippingCostType"": ""CALCULATED""}]",,,PENDING_INDEPENDENT_HUMAN_REVIEW,FINAL_BLIND_TEST,,,,,,,,,,,,,,
D2-0142,21e9ddc5-2751-4886-9e08-a1c6e2cc14e4,53abbd65-a601-4185-b08c-3721e963fa3d,Kyurem ex,Black Bolt,165,special_illustration_rare,v1|117071068194|0,2025 POKEMON BLK EN-BLACK BOLT SPECIAL ILLUSTRATION RARE #165 KYUREM EX PSA 9,,Graded,2750,[],"[""FIXED_PRICE""]",mesomarket,https://i.ebayimg.com/images/g/lz4AAeSwEGZpqVmn/s-l225.jpg,https://www.ebay.com/itm/117071068194?_skw=Kyurem+ex+165+Black+Bolt+Pokemon+card&hash=item1b41fabc22:g:lz4AAeSwEGZpqVmn,"{""value"": ""179.99"", ""currency"": ""USD""}","[{""shippingCostType"": ""FIXED"", ""shippingCost"": {""value"": ""0.00"", ""currency"": ""USD""}, ""minEstimatedDeliveryDate"": ""2026-09-15T07:00:00.000Z"", ""maxEstimatedDeliveryDate"": ""2026-09-18T07:00:00.000Z""}]",,,PENDING_INDEPENDENT_HUMAN_REVIEW,FINAL_BLIND_TEST,,,,,,,,,,,,,,
D2-0147,21e9ddc5-2751-4886-9e08-a1c6e2cc14e4,53abbd65-a601-4185-b08c-3721e963fa3d,Kyurem ex,Black Bolt,165,special_illustration_rare,v1|128071209472|0,Pokémon Kyurem EX Black Bolt Special Illustration Rare Card 165/086 NM,,Ungraded,4000,[],"[""FIXED_PRICE"", ""BEST_OFFER""]",zaetcg,https://i.ebayimg.com/images/g/GJ4AAeSw1WNqodZ5/s-l225.jpg,https://www.ebay.com/itm/128071209472?_skw=Kyurem+ex+165+Black+Bolt+Pokemon+card&hash=item1dd1a39200:g:GJ4AAeSw1WNqodZ5,"{""value"": ""70.00"", ""currency"": ""USD""}","[{""shippingCostType"": ""CALCULATED""}]",,,PENDING_INDEPENDENT_HUMAN_REVIEW,FINAL_BLIND_TEST,,,,,,,,,,,,,,
D2-0149,21e9ddc5-2751-4886-9e08-a1c6e2cc14e4,53abbd65-a601-4185-b08c-3721e963fa3d,Kyurem ex,Black Bolt,165,special_illustration_rare,v1|137421778465|0,2025 Pokémon BLK EN Kyurem Ex Special Illustration Rare PSA 10 Gem,,Graded,2750,[],"[""FIXED_PRICE"", ""BEST_OFFER""]",ravens6957,https://i.ebayimg.com/images/g/X58AAeSwV0tqMTJ1/s-l225.jpg,https://www.ebay.com/itm/137421778465?_skw=Kyurem+ex+165+Black+Bolt+Pokemon+card&hash=item1ffef9ee21:g:X58AAeSwV0tqMTJ1&amdata=enc%3AAQALAAABAACCtXRWQnOEpyOqnQQ8KGYL5Lajf%2FyGy1MXGh9FIjAxZ35mudJe3%2B%2Fs5h0nMiBoWUjqwt9XGn95zqSh6%2Bk6XvNwAFBRLvw9ZOrwd6V3E%2FNY9ZtGvjJwy%2BmUshPKNG7Qkv3Qpp1qcRv83jkFSc34elo0PaG6PMpSfTyBjjwauuWyHV8CIuNORxRP7GXlx0ENOmCdfMtB2r%2FdEDShN8M%2FI45MOMK7verHKTeRnppt56yuuhmfbJ%2Bw1FfE1FtLBbFOI8Xwi75etBLmPKwQaQksK1ArOLBvZg5%2F23eheTN8GF3V8%2FGgrw5iJdBHfLKdpDaFAfMcEjLTVNEQq5UWUX%2Bx7yI%3D,"{""value"": ""260.00"", ""currency"": ""USD""}","[{""shippingCostType"": ""FIXED"", ""shippingCost"": {""value"": ""10.50"", ""currency"": ""USD""}, ""minEstimatedDeliveryDate"": ""2026-09-15T07:00:00.000Z"", ""maxEstimatedDeliveryDate"": ""2026-09-21T07:00:00.000Z""}]",,,PENDING_INDEPENDENT_HUMAN_REVIEW,FINAL_BLIND_TEST,,,,,,,,,,,,,,
D2-0150,21e9ddc5-2751-4886-9e08-a1c6e2cc14e4,53abbd65-a601-4185-b08c-3721e963fa3d,Kyurem ex,Black Bolt,165,special_illustration_rare,v1|137687418857|0,Kyurem ex 165/086 Holo Special Illustration Rare Black Bolt Pokemon Near Mint,,Ungraded,4000,[],"[""FIXED_PRICE""]",blackout-tcg,https://i.ebayimg.com/images/g/JG4AAeSwfPFqlysd/s-l225.jpg,https://www.ebay.com/itm/137687418857?_skw=Kyurem+ex+165+Black+Bolt+Pokemon+card&hash=item200ecf47e9:g:JG4AAeSwfPFqlysd,"{""value"": ""75.78"", ""currency"": ""USD""}","[{""shippingCostType"": ""CALCULATED""}]",,,PENDING_INDEPENDENT_HUMAN_REVIEW,FINAL_BLIND_TEST,,,,,,,,,,,,,,
D2-0153,23d6bd35-bbf0-49b2-911e-4949e66ff8bb,9326d67b-4017-4430-ac3c-bae6eb088be7,Pachirisu,Paldean Fates,138,shiny_rare,v1|158273381194|0,Pokémon TCG Pachirisu Paldean Fates Baby Shiny Holo Rare 138/091 NM!,,Ungraded,4000,[],"[""FIXED_PRICE""]",lootexchange,https://i.ebayimg.com/images/g/6HMAAeSw5fpqoNTA/s-l225.jpg,https://www.ebay.com/itm/158273381194?_skw=Pachirisu+138+Paldean+Fates+Pokemon+card&hash=item24d9d4234a:g:6HMAAeSw5fpqoNTA,"{""value"": ""11.25"", ""currency"": ""USD""}","[{""shippingCostType"": ""CALCULATED""}]",,,PENDING_INDEPENDENT_HUMAN_REVIEW,FINAL_BLIND_TEST,,,,,,,,,,,,,,
D2-0156,23d6bd35-bbf0-49b2-911e-4949e66ff8bb,9326d67b-4017-4430-ac3c-bae6eb088be7,Pachirisu,Paldean Fates,138,shiny_rare,v1|157101355863|458600933212,Shiny Pokémon Cards! Holo Rare Fates Shining EX V VMAX Promo - Choose Your Card!,,Ungraded,4000,[],"[""FIXED_PRICE""]",overstackedcards,https://i.ebayimg.com/images/g/8dwAAOSwRGNoT0QG/s-l225.jpg,https://www.ebay.com/itm/157101355863?_skw=Pachirisu+138+Paldean+Fates+Pokemon+card&hash=item2493f87357:g:8dwAAOSwRGNoT0QG,"{""value"": ""18.99"", ""currency"": ""USD""}","[{""shippingCostType"": ""FIXED"", ""shippingCost"": {""value"": ""0.00"", ""currency"": ""USD""}, ""minEstimatedDeliveryDate"": ""2026-09-15T07:00:00.000Z"", ""maxEstimatedDeliveryDate"": ""2026-09-18T07:00:00.000Z""}]",,,PENDING_INDEPENDENT_HUMAN_REVIEW,FINAL_BLIND_TEST,,,,,,,,,,,,,,
D2-0160,23d6bd35-bbf0-49b2-911e-4949e66ff8bb,9326d67b-4017-4430-ac3c-bae6eb088be7,Pachirisu,Paldean Fates,138,shiny_rare,v1|188464475882|0,Pachirisu 138/091 Shiny Rare Paldean Fates Pokemon Lightly Played,,Ungraded,4000,[],"[""FIXED_PRICE"", ""BEST_OFFER""]",tcgdans,https://i.ebayimg.com/images/g/iqcAAeSww3lqIQDt/s-l225.jpg,https://www.ebay.com/itm/188464475882?_skw=Pachirisu+138+Paldean+Fates+Pokemon+card&hash=item2be15baeea:g:iqcAAeSww3lqIQDt,"{""value"": ""12.64"", ""currency"": ""USD"", ""convertedFromValue"": ""17.49"", ""convertedFromCurrency"": ""CAD""}","[{""shippingCostType"": ""FIXED"", ""shippingCost"": {""value"": ""2.71"", ""currency"": ""USD"", ""convertedFromValue"": ""3.75"", ""convertedFromCurrency"": ""CAD""}, ""minEstimatedDeliveryDate"": ""2026-09-23T07:00:00.000Z"", ""maxEstimatedDeliveryDate"": ""2026-10-06T07:00:00.000Z""}]",,,PENDING_INDEPENDENT_HUMAN_REVIEW,FINAL_BLIND_TEST,,,,,,,,,,,,,,
D2-0163,23d6bd35-bbf0-49b2-911e-4949e66ff8bb,9326d67b-4017-4430-ac3c-bae6eb088be7,Pachirisu,Paldean Fates,138,shiny_rare,v1|178258237247|0,Pachirisu 138/091 - Shiny Holo Rare - Paldean Fates Pokemon Card,,Ungraded,4000,[],"[""FIXED_PRICE""]",tcgjohny,https://i.ebayimg.com/images/g/hxoAAeSwQONqPuvY/s-l225.jpg,https://www.ebay.com/itm/178258237247?_skw=Pachirisu+138+Paldean+Fates+Pokemon+card&hash=item298104d73f:g:hxoAAeSwQONqPuvY,"{""value"": ""13.51"", ""currency"": ""USD"", ""convertedFromValue"": ""10.00"", ""convertedFromCurrency"": ""GBP""}",[],,,PENDING_INDEPENDENT_HUMAN_REVIEW,FINAL_BLIND_TEST,,,,,,,,,,,,,,
D2-0164,23d6bd35-bbf0-49b2-911e-4949e66ff8bb,9326d67b-4017-4430-ac3c-bae6eb088be7,Pachirisu,Paldean Fates,138,shiny_rare,v1|188581633775|0,Pachirisu 138/091 Pokemon Paldean Fates Shiny Rare Near Mint (NM) 2024,,Ungraded,4000,[],"[""FIXED_PRICE"", ""BEST_OFFER""]",trailwoodcolllectables,https://i.ebayimg.com/images/g/ewMAAeSwsXNqRATe/s-l225.jpg,https://www.ebay.com/itm/188581633775?_skw=Pachirisu+138+Paldean+Fates+Pokemon+card&hash=item2be8575eef:g:ewMAAeSwsXNqRATe,"{""value"": ""10.84"", ""currency"": ""USD"", ""convertedFromValue"": ""15.00"", ""convertedFromCurrency"": ""CAD""}","[{""shippingCostType"": ""FIXED"", ""shippingCost"": {""value"": ""3.61"", ""currency"": ""USD"", ""convertedFromValue"": ""5.00"", ""convertedFromCurrency"": ""CAD""}, ""minEstimatedDeliveryDate"": ""2026-09-22T07:00:00.000Z"", ""maxEstimatedDeliveryDate"": ""2026-10-05T07:00:00.000Z""}]",,,PENDING_INDEPENDENT_HUMAN_REVIEW,FINAL_BLIND_TEST,,,,,,,,,,,,,,
D2-0168,24f40ecd-605f-4d62-b748-afed33706583,bd1bb49f-f0e6-4441-a2cd-648e3ccf4a4c,Emboar,White Flare,98,illustration_rare,v1|117286427285|0,Emboar #013/086 Sv White Flare Rare Reverse Holo Pokemon TCG NM,,Ungraded,4000,[],"[""FIXED_PRICE""]",cardcachemn,https://i.ebayimg.com/images/g/~bcAAeSwCOdqSsmU/s-l225.jpg,https://www.ebay.com/itm/117286427285?_skw=Emboar+98+White+Flare+Pokemon+card&hash=item1b4ed0da95:g:~bcAAeSwCOdqSsmU,"{""value"": ""1.48"", ""currency"": ""USD""}","[{""shippingCostType"": ""FIXED"", ""shippingCost"": {""value"": ""0.00"", ""currency"": ""USD""}, ""minEstimatedDeliveryDate"": ""2026-09-15T07:00:00.000Z"", ""maxEstimatedDeliveryDate"": ""2026-09-21T07:00:00.000Z""}]",,,PENDING_INDEPENDENT_HUMAN_REVIEW,FINAL_BLIND_TEST,,,,,,,,,,,,,,
D2-0175,24f40ecd-605f-4d62-b748-afed33706583,bd1bb49f-f0e6-4441-a2cd-648e3ccf4a4c,Emboar,White Flare,98,illustration_rare,v1|127844342124|0,Emboar 013/086 White Flare Pokemon Reverse Holo Lightly Played,,Ungraded,4000,[],"[""FIXED_PRICE""]",dustycollects,https://i.ebayimg.com/images/g/5pkAAeSw6SNp96PA/s-l225.jpg,https://www.ebay.com/itm/127844342124?_skw=Emboar+98+White+Flare+Pokemon+card&hash=item1dc41dd96c:g:5pkAAeSw6SNp96PA,"{""value"": ""1.85"", ""currency"": ""USD""}","[{""shippingCostType"": ""FIXED"", ""shippingCost"": {""value"": ""0.00"", ""currency"": ""USD""}, ""minEstimatedDeliveryDate"": ""2026-09-15T07:00:00.000Z"", ""maxEstimatedDeliveryDate"": ""2026-09-19T07:00:00.000Z""}]",,,PENDING_INDEPENDENT_HUMAN_REVIEW,FINAL_BLIND_TEST,,,,,,,,,,,,,,
D2-0176,24f40ecd-605f-4d62-b748-afed33706583,bd1bb49f-f0e6-4441-a2cd-648e3ccf4a4c,Emboar,White Flare,98,illustration_rare,v1|117319388347|0,Emboar 013/086 Holo R White Flare NM Pokemon,,Ungraded,4000,[],"[""FIXED_PRICE""]",bwise12241224,https://i.ebayimg.com/images/g/zXYAAeSwdJpqYvHG/s-l225.jpg,https://www.ebay.com/itm/117319388347?_skw=Emboar+98+White+Flare+Pokemon+card&hash=item1b50c7ccbb:g:zXYAAeSwdJpqYvHG,"{""value"": ""1.59"", ""currency"": ""USD""}","[{""shippingCostType"": ""FIXED"", ""shippingCost"": {""value"": ""0.00"", ""currency"": ""USD""}, ""minEstimatedDeliveryDate"": ""2026-09-14T07:00:00.000Z"", ""maxEstimatedDeliveryDate"": ""2026-09-17T07:00:00.000Z""}]",,,PENDING_INDEPENDENT_HUMAN_REVIEW,FINAL_BLIND_TEST,,,,,,,,,,,,,,
D2-0179,24f40ecd-605f-4d62-b748-afed33706583,bd1bb49f-f0e6-4441-a2cd-648e3ccf4a4c,Emboar,White Flare,98,illustration_rare,v1|117406285200|0,Emboar Holofoil SV: White Flare 013/086 NM Pokemon,,Ungraded,4000,[],"[""FIXED_PRICE"", ""BEST_OFFER""]",mastascards,https://i.ebayimg.com/images/g/Pp0AAeSwSoBqovUX/s-l225.jpg,https://www.ebay.com/itm/117406285200?_skw=Emboar+98+White+Flare+Pokemon+card&hash=item1b55f5bd90:g:Pp0AAeSwSoBqovUX,"{""value"": ""1.59"", ""currency"": ""USD""}","[{""shippingCostType"": ""FIXED"", ""shippingCost"": {""value"": ""0.00"", ""currency"": ""USD""}, ""minEstimatedDeliveryDate"": ""2026-09-15T07:00:00.000Z"", ""maxEstimatedDeliveryDate"": ""2026-09-19T07:00:00.000Z""}]",,,PENDING_INDEPENDENT_HUMAN_REVIEW,FINAL_BLIND_TEST,,,,,,,,,,,,,,
D2-0180,24f40ecd-605f-4d62-b748-afed33706583,bd1bb49f-f0e6-4441-a2cd-648e3ccf4a4c,Emboar,White Flare,98,illustration_rare,v1|128051370860|0,Emboar 13/86 White Flare Rare Holo Near Mint Pokemon,,Ungraded,4000,[],"[""FIXED_PRICE"", ""BEST_OFFER""]",zappypulls,https://i.ebayimg.com/images/g/U9IAAeSw61hqmzgN/s-l225.jpg,https://www.ebay.com/itm/128051370860?_skw=Emboar+98+White+Flare+Pokemon+card&hash=item1dd074db6c:g:U9IAAeSw61hqmzgN,"{""value"": ""1.79"", ""currency"": ""USD""}","[{""shippingCostType"": ""FIXED"", ""shippingCost"": {""value"": ""0.00"", ""currency"": ""USD""}, ""minEstimatedDeliveryDate"": ""2026-09-16T07:00:00.000Z"", ""maxEstimatedDeliveryDate"": ""2026-09-22T07:00:00.000Z""}]",,,PENDING_INDEPENDENT_HUMAN_REVIEW,FINAL_BLIND_TEST,,,,,,,,,,,,,,
D2-0181,25638dbd-2434-4a4f-ba0d-dcf3e3e114ca,b3f17a3e-c2cb-447e-8873-c5970a4372c9,Clemont's Quick Wit,Surging Sparks,243,special_illustration_rare,v1|117386650256|0,Pokemon SV08: Surging Sparks #243/191 Clemont's Quick Wit,,Ungraded,4000,[],"[""FIXED_PRICE""]",hawks_phins,https://i.ebayimg.com/images/g/iWcAAeSwD~1qlGii/s-l225.jpg,https://www.ebay.com/itm/117386650256?_skw=Clemont%27s+Quick+Wit+243+Surging+Sparks+Pokemon+card&hash=item1b54ca2290:g:iWcAAeSwD~1qlGii,"{""value"": ""8.99"", ""currency"": ""USD""}","[{""shippingCostType"": ""FIXED"", ""shippingCost"": {""value"": ""0.00"", ""currency"": ""USD""}, ""minEstimatedDeliveryDate"": ""2026-09-16T07:00:00.000Z"", ""maxEstimatedDeliveryDate"": ""2026-09-23T07:00:00.000Z""}]",,,PENDING_INDEPENDENT_HUMAN_REVIEW,FINAL_BLIND_TEST,,,,,,,,,,,,,,
D2-0182,25638dbd-2434-4a4f-ba0d-dcf3e3e114ca,b3f17a3e-c2cb-447e-8873-c5970a4372c9,Clemont's Quick Wit,Surging Sparks,243,special_illustration_rare,v1|127881697985|0,2024 Pokemon Surging Sparks Clemont's Quick Wit #243/191,,Ungraded,4000,[],"[""FIXED_PRICE"", ""BEST_OFFER""]",bearsupplyco,https://i.ebayimg.com/images/g/~HsAAeSwku5pf4UH/s-l225.jpg,https://www.ebay.com/itm/127881697985?_skw=Clemont%27s+Quick+Wit+243+Surging+Sparks+Pokemon+card&hash=item1dc657dac1:g:~HsAAeSwku5pf4UH,"{""value"": ""11.64"", ""currency"": ""USD""}","[{""shippingCostType"": ""FIXED"", ""shippingCost"": {""value"": ""0.99"", ""currency"": ""USD""}, ""minEstimatedDeliveryDate"": ""2026-09-15T07:00:00.000Z"", ""maxEstimatedDeliveryDate"": ""2026-09-21T07:00:00.000Z""}]",,,PENDING_INDEPENDENT_HUMAN_REVIEW,FINAL_BLIND_TEST,,,,,,,,,,,,,,
D2-0186,25638dbd-2434-4a4f-ba0d-dcf3e3e114ca,b3f17a3e-c2cb-447e-8873-c5970a4372c9,Clemont's Quick Wit,Surging Sparks,243,special_illustration_rare,v1|156641391983|459334965383,Pokemon Surging Sparks: Choose Your Card! Holos/EX/Full Arts! NM,,Ungraded,4000,[],"[""FIXED_PRICE""]",overstackedcards,https://i.ebayimg.com/images/g/XKUAAeSw-HhoZ4A5/s-l225.jpg,https://www.ebay.com/itm/156641391983?_skw=Clemont%27s+Quick+Wit+243+Surging+Sparks+Pokemon+card&hash=item24788df56f:g:XKUAAeSw-HhoZ4A5,"{""value"": ""18.99"", ""currency"": ""USD""}","[{""shippingCostType"": ""FIXED"", ""shippingCost"": {""value"": ""0.00"", ""currency"": ""USD""}, ""minEstimatedDeliveryDate"": ""2026-09-15T07:00:00.000Z"", ""maxEstimatedDeliveryDate"": ""2026-09-18T07:00:00.000Z""}]",,,PENDING_INDEPENDENT_HUMAN_REVIEW,FINAL_BLIND_TEST,,,,,,,,,,,,,,
D2-0188,25638dbd-2434-4a4f-ba0d-dcf3e3e114ca,b3f17a3e-c2cb-447e-8873-c5970a4372c9,Clemont's Quick Wit,Surging Sparks,243,special_illustration_rare,v1|267781613046|0,Clemonts Quick Wit 243/191 - Pokemon TCG Surging Sparks  Special Illustration NM,,Ungraded,4000,[],"[""AUCTION""]",junglejoints,https://i.ebayimg.com/images/g/eWsAAeSwS1tqoY9K/s-l225.jpg,https://www.ebay.com/itm/267781613046?_skw=Clemont%27s+Quick+Wit+243+Surging+Sparks+Pokemon+card&hash=item3e590725f6:g:eWsAAeSwS1tqoY9K,{},"[{""shippingCostType"": ""CALCULATED""}]",,,PENDING_INDEPENDENT_HUMAN_REVIEW,FINAL_BLIND_TEST,,,,,,,,,,,,,,
D2-0189,25638dbd-2434-4a4f-ba0d-dcf3e3e114ca,b3f17a3e-c2cb-447e-8873-c5970a4372c9,Clemont's Quick Wit,Surging Sparks,243,special_illustration_rare,v1|158276262367|0,Pokemon TCG SV08 Surging Sparks Clemont's Quick Wit 243/191 SIR Holo PSA 9 EN,,Graded,2750,[],"[""FIXED_PRICE"", ""BEST_OFFER""]",alexsteven,https://i.ebayimg.com/images/g/1fAAAeSww5ZqoemV/s-l225.jpg,https://www.ebay.com/itm/158276262367?_skw=Clemont%27s+Quick+Wit+243+Surging+Sparks+Pokemon+card&hash=item24da0019df:g:1fAAAeSww5ZqoemV,"{""value"": ""24.99"", ""currency"": ""USD""}","[{""shippingCostType"": ""CALCULATED""}]",,,PENDING_INDEPENDENT_HUMAN_REVIEW,FINAL_BLIND_TEST,,,,,,,,,,,,,,
D2-0197,2a67a99c-dbba-4c41-846c-39ed4659c916,dfda2049-d87b-4be0-ad51-dcc005688d93,Grubbin,Temporal Forces,18,common,v1|177303644682|0,Pokemon Temporal Forces Grubbin Reverse Holo Card 18/162 (MINT-NEAR MINT),,Ungraded,4000,[],"[""FIXED_PRICE"", ""BEST_OFFER""]",vintagetoysales,https://i.ebayimg.com/images/g/Pt4AAeSwIvxoioLH/s-l225.jpg,https://www.ebay.com/itm/177303644682?_skw=Grubbin+18+Temporal+Forces+Pokemon+card&hash=item29481eea0a:g:Pt4AAeSwIvxoioLH,"{""value"": ""1.53"", ""currency"": ""USD"", ""convertedFromValue"": ""1.13"", ""convertedFromCurrency"": ""GBP""}",[],,,PENDING_INDEPENDENT_HUMAN_REVIEW,FINAL_BLIND_TEST,,,,,,,,,,,,,,
D2-0203,2a67a99c-dbba-4c41-846c-39ed4659c916,dfda2049-d87b-4be0-ad51-dcc005688d93,Grubbin,Temporal Forces,18,common,v1|127145359491|428254765488,Pokemon TCG Temporal Forces Choose Your Card! - NM- BULK SAVINGS!,,Ungraded,4000,[],"[""FIXED_PRICE""]",cheesehead_collectibles,https://i.ebayimg.com/images/g/2JkAAOSwL5loF7GM/s-l225.jpg,https://www.ebay.com/itm/127145359491?_skw=Grubbin+18+Temporal+Forces+Pokemon+card&hash=item1d9a743883:g:2JkAAOSwL5loF7GM,"{""value"": ""1.00"", ""currency"": ""USD""}","[{""shippingCostType"": ""FIXED"", ""shippingCost"": {""value"": ""1.25"", ""currency"": ""USD""}, ""minEstimatedDeliveryDate"": ""2026-09-16T07:00:00.000Z"", ""maxEstimatedDeliveryDate"": ""2026-09-23T07:00:00.000Z""}]",,,PENDING_INDEPENDENT_HUMAN_REVIEW,FINAL_BLIND_TEST,,,,,,,,,,,,,,
D2-0204,2a67a99c-dbba-4c41-846c-39ed4659c916,dfda2049-d87b-4be0-ad51-dcc005688d93,Grubbin,Temporal Forces,18,common,v1|168659056950|468012226290,Temporal Forces Singles - Complete your Master Set Combined Shipping Pokemon NM,,Ungraded,4000,[],"[""FIXED_PRICE""]",big_deuce,https://i.ebayimg.com/images/g/~~wAAeSwRRNqamsg/s-l225.jpg,https://www.ebay.com/itm/168659056950?_skw=Grubbin+18+Temporal+Forces+Pokemon+card&hash=item2744dcf936:g:~~wAAeSwRRNqamsg,"{""value"": ""0.72"", ""currency"": ""USD"", ""convertedFromValue"": ""1.00"", ""convertedFromCurrency"": ""CAD""}",[],,,PENDING_INDEPENDENT_HUMAN_REVIEW,FINAL_BLIND_TEST,,,,,,,,,,,,,,
D2-0205,2a67a99c-dbba-4c41-846c-39ed4659c916,dfda2049-d87b-4be0-ad51-dcc005688d93,Grubbin,Temporal Forces,18,common,v1|188036629201|695700393798,YOU PICK: Pokemon Temporal Forces Single Cards (Complete Your Set),,Ungraded,4000,[],"[""FIXED_PRICE""]",jeffsvinylandmore,https://i.ebayimg.com/images/g/T3YAAeSwjdlph6kH/s-l225.jpg,https://www.ebay.com/itm/188036629201?_skw=Grubbin+18+Temporal+Forces+Pokemon+card&hash=item2bc7db42d1:g:T3YAAeSwjdlph6kH,"{""value"": ""0.99"", ""currency"": ""USD""}","[{""shippingCostType"": ""CALCULATED""}]",,,PENDING_INDEPENDENT_HUMAN_REVIEW,FINAL_BLIND_TEST,,,,,,,,,,,,,,
D2-0210,2a67a99c-dbba-4c41-846c-39ed4659c916,dfda2049-d87b-4be0-ad51-dcc005688d93,Grubbin,Temporal Forces,18,common,v1|227267417522|526472350375,Pokemon Pick Your Temporal Forces Reverse Holo Pokémon Card! Near Mint,,Ungraded,4000,[],"[""FIXED_PRICE""]",origins_collectibles,https://i.ebayimg.com/images/g/yX4AAeSwFWxpv1p~/s-l225.jpg,https://www.ebay.com/itm/227267417522?_skw=Grubbin+18+Temporal+Forces+Pokemon+card&hash=item34ea3195b2:g:yX4AAeSwFWxpv1p~,"{""value"": ""2.00"", ""currency"": ""USD""}","[{""shippingCostType"": ""FIXED"", ""shippingCost"": {""value"": ""1.25"", ""currency"": ""USD""}, ""minEstimatedDeliveryDate"": ""2026-09-15T07:00:00.000Z"", ""maxEstimatedDeliveryDate"": ""2026-09-21T07:00:00.000Z""}]",,,PENDING_INDEPENDENT_HUMAN_REVIEW,FINAL_BLIND_TEST,,,,,,,,,,,,,,
D2-0212,2bf67447-75e1-4e97-ac08-c7f3e7f2c88c,ea7d59b7-a934-43b2-a230-9520fb6e6048,Dhelmise,Mega Evolution,18,common,v1|127838758803|0,Pokemon - Dhelmise 18/132 Mega Evolution Common Reverse Holo 2025 NM,,Ungraded,4000,[],"[""FIXED_PRICE""]",antgen726,https://i.ebayimg.com/images/g/j0oAAeSw16pp896B/s-l225.jpg,https://www.ebay.com/itm/127838758803?_skw=Dhelmise+18+Mega+Evolution+Pokemon+card&hash=item1dc3c8a793:g:j0oAAeSw16pp896B,"{""value"": ""1.79"", ""currency"": ""USD""}","[{""shippingCostType"": ""FIXED"", ""shippingCost"": {""value"": ""0.00"", ""currency"": ""USD""}, ""minEstimatedDeliveryDate"": ""2026-09-15T07:00:00.000Z"", ""maxEstimatedDeliveryDate"": ""2026-09-18T07:00:00.000Z""}]",,,PENDING_INDEPENDENT_HUMAN_REVIEW,FINAL_BLIND_TEST,,,,,,,,,,,,,,
D2-0215,2bf67447-75e1-4e97-ac08-c7f3e7f2c88c,ea7d59b7-a934-43b2-a230-9520fb6e6048,Dhelmise,Mega Evolution,18,common,v1|406377054990|0,Pokémon TCG Dhelmise 18/132,,Ungraded,4000,[],"[""FIXED_PRICE""]",kehleedoesthings,https://i.ebayimg.com/images/g/gJkAAeSw4sxpFPVC/s-l225.jpg,https://www.ebay.com/itm/406377054990?_skw=Dhelmise+18+Mega+Evolution+Pokemon+card&hash=item5e9df5c30e:g:gJkAAeSw4sxpFPVC,"{""value"": ""1.72"", ""currency"": ""USD""}","[{""shippingCostType"": ""FIXED"", ""shippingCost"": {""value"": ""0.00"", ""currency"": ""USD""}, ""minEstimatedDeliveryDate"": ""2026-09-16T07:00:00.000Z"", ""maxEstimatedDeliveryDate"": ""2026-09-23T07:00:00.000Z""}]",,,PENDING_INDEPENDENT_HUMAN_REVIEW,FINAL_BLIND_TEST,,,,,,,,,,,,,,
D2-0217,2bf67447-75e1-4e97-ac08-c7f3e7f2c88c,ea7d59b7-a934-43b2-a230-9520fb6e6048,Dhelmise,Mega Evolution,18,common,v1|287372645135|589304067332,Dhelmise 018 - Reverse Holofoil ME01 Mega Evolution - Common,,Ungraded,4000,[],"[""FIXED_PRICE""]",bricksindemandca,https://i.ebayimg.com/images/g/G4cAAeSws0dqHzzZ/s-l225.jpg,https://www.ebay.com/itm/287372645135?_skw=Dhelmise+18+Mega+Evolution+Pokemon+card&hash=item42e8be930f:g:G4cAAeSws0dqHzzZ,"{""value"": ""2.33"", ""currency"": ""USD"", ""convertedFromValue"": ""3.22"", ""convertedFromCurrency"": ""CAD""}","[{""shippingCostType"": ""FIXED"", ""shippingCost"": {""value"": ""0.00"", ""currency"": ""USD"", ""convertedFromValue"": ""0.00"", ""convertedFromCurrency"": ""CAD""}, ""minEstimatedDeliveryDate"": ""2026-10-09T07:00:00.000Z"", ""maxEstimatedDeliveryDate"": ""2026-11-16T08:00:00.000Z""}]",,,PENDING_INDEPENDENT_HUMAN_REVIEW,FINAL_BLIND_TEST,,,,,,,,,,,,,,
D2-0221,2bf67447-75e1-4e97-ac08-c7f3e7f2c88c,ea7d59b7-a934-43b2-a230-9520fb6e6048,Dhelmise,Mega Evolution,18,common,v1|127947161802|429131893747,Pokemon Mega Evolution (Reverse Holo/Holo) | Complete Your Set | Pick Your Card,,Ungraded,4000,[],"[""FIXED_PRICE""]",glacier_vault,https://i.ebayimg.com/images/g/qkIAAeSw2Jtqcr~u/s-l225.jpg,https://www.ebay.com/itm/127947161802?_skw=Dhelmise+18+Mega+Evolution+Pokemon+card&hash=item1dca3ec0ca:g:qkIAAeSw2Jtqcr~u,"{""value"": ""1.27"", ""currency"": ""USD"", ""convertedFromValue"": ""1.75"", ""convertedFromCurrency"": ""CAD""}",[],,,PENDING_INDEPENDENT_HUMAN_REVIEW,FINAL_BLIND_TEST,,,,,,,,,,,,,,
D2-0222,2bf67447-75e1-4e97-ac08-c7f3e7f2c88c,ea7d59b7-a934-43b2-a230-9520fb6e6048,Dhelmise,Mega Evolution,18,common,v1|136572547049|435278478369,Mega Evolution Common/Uncommon/Rare Pokemon Card Singles,,Ungraded,4000,[],"[""FIXED_PRICE""]",poke-woz,https://i.ebayimg.com/images/g/XqMAAeSwSdJo6WcU/s-l225.jpg,https://www.ebay.com/itm/136572547049?_skw=Dhelmise+18+Mega+Evolution+Pokemon+card&hash=item1fcc5bafe9:g:XqMAAeSwSdJo6WcU&amdata=enc%3AAQALAAABAACCtXRWQnOEpyOqnQQ8KGY1f0Kj014mk4izsiSliEnM5EtufT%2FTxiR7n0ki70ldU80iU%2FDn15qp3U%2BqDKCOm9XvY2Jkk0DprMStCfk9c%2BSnFSDin1htbOIwZxgXIBLJVA1kN0Xv36gfd0ZXCtJh3l%2B0tjZeARozIYzudyUorezpV48R7ojEfEfJxO%2FD%2FXxGGqv%2Fy%2FCazP42T7au8IHgr5fSR2xJRyit9sHFw5ZTyJR02fitlb5r91HbbneyZardOcra950PVzvhi0YN4oWELUF4mfspJ%2FCSuy%2BwvFxeNUrTZPnFpMMuXueh%2FP1MwUtBoZ9punObTDUta4AybyomJSE%3D,"{""value"": ""3.24"", ""currency"": ""USD"", ""convertedFromValue"": ""2.40"", ""convertedFromCurrency"": ""GBP""}","[{""shippingCostType"": ""FIXED"", ""shippingCost"": {""value"": ""40.54"", ""currency"": ""USD"", ""convertedFromValue"": ""30.00"", ""convertedFromCurrency"": ""GBP""}, ""minEstimatedDeliveryDate"": ""2026-09-18T07:00:00.000Z"", ""maxEstimatedDeliveryDate"": ""2026-09-25T07:00:00.000Z""}]",,,PENDING_INDEPENDENT_HUMAN_REVIEW,FINAL_BLIND_TEST,,,,,,,,,,,,,,
D2-0226,2c445258-b198-43de-b710-0921ebe3f0ab,4411dcaa-280b-4355-bc49-f27c3f6580f2,Pikachu ex,Ascended Heroes,277,special_illustration_rare,v1|117248849856|0,Pikachu ex 277/217 Special Illustration Rare Ascended Heroes,,Ungraded,4000,[],"[""FIXED_PRICE""]",tandtconnection,https://i.ebayimg.com/images/g/81sAAeSweeRqLvpi/s-l225.jpg,https://www.ebay.com/itm/117248849856?_skw=Pikachu+ex+277+Ascended+Heroes+Pokemon+card&hash=item1b4c9377c0:g:81sAAeSweeRqLvpi,"{""value"": ""350.00"", ""currency"": ""USD""}","[{""shippingCostType"": ""CALCULATED""}]",,,PENDING_INDEPENDENT_HUMAN_REVIEW,FINAL_BLIND_TEST,,,,,,,,,,,,,,
D2-0233,2c445258-b198-43de-b710-0921ebe3f0ab,4411dcaa-280b-4355-bc49-f27c3f6580f2,Pikachu ex,Ascended Heroes,277,special_illustration_rare,v1|117390591897|0,2026 Pokemon 277/217 Pikachu ex Special Illustration Rare Ascended Heroes PSA 10,,Graded,2750,[],"[""FIXED_PRICE"", ""BEST_OFFER""]",tntcards.mi,https://i.ebayimg.com/images/g/EZ4AAeSwLrNqlxjV/s-l225.jpg,https://www.ebay.com/itm/117390591897?_skw=Pikachu+ex+277+Ascended+Heroes+Pokemon+card&hash=item1b55064799:g:EZ4AAeSwLrNqlxjV,"{""value"": ""1000.00"", ""currency"": ""USD""}","[{""shippingCostType"": ""FIXED"", ""shippingCost"": {""value"": ""5.99"", ""currency"": ""USD""}, ""minEstimatedDeliveryDate"": ""2026-09-15T07:00:00.000Z"", ""maxEstimatedDeliveryDate"": ""2026-09-21T07:00:00.000Z""}]",,,PENDING_INDEPENDENT_HUMAN_REVIEW,FINAL_BLIND_TEST,,,,,,,,,,,,,,
D2-0234,2c445258-b198-43de-b710-0921ebe3f0ab,4411dcaa-280b-4355-bc49-f27c3f6580f2,Pikachu ex,Ascended Heroes,277,special_illustration_rare,v1|227201462552|0,Pokemon Pikachu EX 277/217 Ultra Rare Ascended Heroes Extended Artwork Case,,Ungraded,4000,[],"[""FIXED_PRICE""]",dragarious,https://i.ebayimg.com/images/g/VwYAAeSwreJpgiQ7/s-l225.jpg,https://www.ebay.com/itm/227201462552?_skw=Pikachu+ex+277+Ascended+Heroes+Pokemon+card&hash=item34e6433118:g:VwYAAeSwreJpgiQ7,"{""value"": ""12.00"", ""currency"": ""USD""}","[{""shippingCostType"": ""CALCULATED""}]",,,PENDING_INDEPENDENT_HUMAN_REVIEW,FINAL_BLIND_TEST,,,,,,,,,,,,,,
D2-0237,2c445258-b198-43de-b710-0921ebe3f0ab,4411dcaa-280b-4355-bc49-f27c3f6580f2,Pikachu ex,Ascended Heroes,277,special_illustration_rare,v1|128073058758|0,Pikachu ex 277/217 Me: Ascended Heroes Holo,,Ungraded,4000,[],"[""FIXED_PRICE"", ""BEST_OFFER""]",geekedupp,https://i.ebayimg.com/images/g/lNsAAeSwzjRqo0re/s-l225.jpg,https://www.ebay.com/itm/128073058758?_skw=Pikachu+ex+277+Ascended+Heroes+Pokemon+card&hash=item1dd1bfc9c6:g:lNsAAeSwzjRqo0re,"{""value"": ""400.00"", ""currency"": ""USD""}","[{""shippingCostType"": ""CALCULATED""}]",,,PENDING_INDEPENDENT_HUMAN_REVIEW,FINAL_BLIND_TEST,,,,,,,,,,,,,,
D2-0240,2c445258-b198-43de-b710-0921ebe3f0ab,4411dcaa-280b-4355-bc49-f27c3f6580f2,Pikachu ex,Ascended Heroes,277,special_illustration_rare,v1|147478704324|0,Pikachu ex 277/217 Me: Ascended Heroes Holo,,Ungraded,4000,[],"[""FIXED_PRICE""]",nation_of_cards,https://i.ebayimg.com/images/g/frUAAeSwYexqb5GF/s-l225.jpg,https://www.ebay.com/itm/147478704324?_skw=Pikachu+ex+277+Ascended+Heroes+Pokemon+card&hash=item22566a70c4:g:frUAAeSwYexqb5GF,"{""value"": ""450.00"", ""currency"": ""USD""}","[{""shippingCostType"": ""FIXED"", ""shippingCost"": {""value"": ""5.99"", ""currency"": ""USD""}, ""minEstimatedDeliveryDate"": ""2026-09-14T07:00:00.000Z"", ""maxEstimatedDeliveryDate"": ""2026-09-17T07:00:00.000Z""}]",,,PENDING_INDEPENDENT_HUMAN_REVIEW,FINAL_BLIND_TEST,,,,,,,,,,,,,,
D2-0243,2cef0dfb-a5fd-4aed-b8ae-34a82f414587,3d276bff-a869-4634-840f-d5eb4f33aa1d,Reshiram ex,White Flare,166,special_illustration_rare,v1|128058692590|0,Pokémon TCG Reshiram ex Sv: White Flare 166/086 SIR Holo 230 HP,,Ungraded,4000,[],"[""FIXED_PRICE"", ""BEST_OFFER""]",quick.flipzzz,https://i.ebayimg.com/images/g/3kgAAeSw0HxqmN2H/s-l225.jpg,https://www.ebay.com/itm/128058692590?_skw=Reshiram+ex+166+White+Flare+Pokemon+card&hash=item1dd0e493ee:g:3kgAAeSw0HxqmN2H,"{""value"": ""250.00"", ""currency"": ""USD""}","[{""shippingCostType"": ""CALCULATED""}]",,,PENDING_INDEPENDENT_HUMAN_REVIEW,FINAL_BLIND_TEST,,,,,,,,,,,,,,
D2-0245,2cef0dfb-a5fd-4aed-b8ae-34a82f414587,3d276bff-a869-4634-840f-d5eb4f33aa1d,Reshiram ex,White Flare,166,special_illustration_rare,v1|168679829571|0,Pokémon Reshiram EX 166/086 Full Art Holo Special Illustration Rare TCG,,Ungraded,4000,[],"[""FIXED_PRICE""]",julissa_momma,https://i.ebayimg.com/images/g/xPQAAeSw9aJqo1Sb/s-l225.jpg,https://www.ebay.com/itm/168679829571?_skw=Reshiram+ex+166+White+Flare+Pokemon+card&hash=item274619f043:g:xPQAAeSw9aJqo1Sb,"{""value"": ""200.50"", ""currency"": ""USD""}","[{""shippingCostType"": ""FIXED"", ""shippingCost"": {""value"": ""0.00"", ""currency"": ""USD""}, ""minEstimatedDeliveryDate"": ""2026-09-18T07:00:00.000Z"", ""maxEstimatedDeliveryDate"": ""2026-09-22T07:00:00.000Z""}]",,,PENDING_INDEPENDENT_HUMAN_REVIEW,FINAL_BLIND_TEST,,,,,,,,,,,,,,
D2-0250,2cef0dfb-a5fd-4aed-b8ae-34a82f414587,3d276bff-a869-4634-840f-d5eb4f33aa1d,Reshiram ex,White Flare,166,special_illustration_rare,v1|117390591898|0,2025 Pokemon 166/086 Reshiram ex Special Illustration Rare White Flare PSA 10,,Graded,2750,[],"[""FIXED_PRICE"", ""BEST_OFFER""]",tntcards.mi,https://i.ebayimg.com/images/g/L3oAAeSwyIRqlxjV/s-l225.jpg,https://www.ebay.com/itm/117390591898?_skw=Reshiram+ex+166+White+Flare+Pokemon+card&hash=item1b5506479a:g:L3oAAeSwyIRqlxjV,"{""value"": ""550.00"", ""currency"": ""USD""}","[{""shippingCostType"": ""FIXED"", ""shippingCost"": {""value"": ""5.99"", ""currency"": ""USD""}, ""minEstimatedDeliveryDate"": ""2026-09-15T07:00:00.000Z"", ""maxEstimatedDeliveryDate"": ""2026-09-21T07:00:00.000Z""}]",,,PENDING_INDEPENDENT_HUMAN_REVIEW,FINAL_BLIND_TEST,,,,,,,,,,,,,,
D2-0253,2cef0dfb-a5fd-4aed-b8ae-34a82f414587,3d276bff-a869-4634-840f-d5eb4f33aa1d,Reshiram ex,White Flare,166,special_illustration_rare,v1|137609910507|0,RESHIRAM EX POKEMON WHITE FLARE 166/086 SPECIAL ILLUSTRATION RARE HOLO,,Ungraded,4000,[],"[""FIXED_PRICE""]",pardonmycardboard,https://i.ebayimg.com/images/g/QPYAAeSwSLlqe2iv/s-l225.jpg,https://www.ebay.com/itm/137609910507?_skw=Reshiram+ex+166+White+Flare+Pokemon+card&hash=item200a3098eb:g:QPYAAeSwSLlqe2iv,"{""value"": ""224.99"", ""currency"": ""USD""}","[{""shippingCostType"": ""FIXED"", ""shippingCost"": {""value"": ""0.00"", ""currency"": ""USD""}, ""minEstimatedDeliveryDate"": ""2026-09-15T07:00:00.000Z"", ""maxEstimatedDeliveryDate"": ""2026-09-21T07:00:00.000Z""}]",,,PENDING_INDEPENDENT_HUMAN_REVIEW,FINAL_BLIND_TEST,,,,,,,,,,,,,,
D2-0255,2cef0dfb-a5fd-4aed-b8ae-34a82f414587,3d276bff-a869-4634-840f-d5eb4f33aa1d,Reshiram ex,White Flare,166,special_illustration_rare,v1|147518717653|0,PSA 9  Reshiram ex White Flare 166/086 Special Illustration Rare - Pokemon Card,,Graded,2750,[],"[""FIXED_PRICE"", ""BEST_OFFER""]",kateaus_66,https://i.ebayimg.com/images/g/qJIAAeSwiIVqh6ag/s-l225.jpg,https://www.ebay.com/itm/147518717653?_skw=Reshiram+ex+166+White+Flare+Pokemon+card&hash=item2258ccfed5:g:qJIAAeSwiIVqh6ag,"{""value"": ""225.00"", ""currency"": ""USD""}","[{""shippingCostType"": ""FIXED"", ""shippingCost"": {""value"": ""0.00"", ""currency"": ""USD""}, ""minEstimatedDeliveryDate"": ""2026-09-15T07:00:00.000Z"", ""maxEstimatedDeliveryDate"": ""2026-09-21T07:00:00.000Z""}]",,,PENDING_INDEPENDENT_HUMAN_REVIEW,FINAL_BLIND_TEST,,,,,,,,,,,,,,
D2-0257,2e5780f8-1769-4d26-9e3e-87e4a27d4dfe,09b7c446-d89f-4a64-b721-bc1293308747,Dachsbun ex,Stellar Crown,169,special_illustration_rare,v1|127876265034|0,Dachsbun ex 169/142 Sv07: Stellar Crown Holo. Pk001813,,Ungraded,4000,[],"[""FIXED_PRICE"", ""BEST_OFFER""]",camaroboysam,https://i.ebayimg.com/images/g/XQMAAeSwd2xqDmq9/s-l225.jpg,https://www.ebay.com/itm/127876265034?_skw=Dachsbun+ex+169+Stellar+Crown+Pokemon+card&hash=item1dc604f44a:g:XQMAAeSwd2xqDmq9,"{""value"": ""80.00"", ""currency"": ""USD""}","[{""shippingCostType"": ""FIXED"", ""shippingCost"": {""value"": ""5.00"", ""currency"": ""USD""}, ""minEstimatedDeliveryDate"": ""2026-09-16T07:00:00.000Z"", ""maxEstimatedDeliveryDate"": ""2026-09-23T07:00:00.000Z""}]",,,PENDING_INDEPENDENT_HUMAN_REVIEW,FINAL_BLIND_TEST,,,,,,,,,,,,,,
D2-0258,2e5780f8-1769-4d26-9e3e-87e4a27d4dfe,09b7c446-d89f-4a64-b721-bc1293308747,Dachsbun ex,Stellar Crown,169,special_illustration_rare,v1|128067780473|0,Dachsbun ex 169/142 Sv07: Stellar Crown Holo,,Graded,2750,[],"[""FIXED_PRICE"", ""BEST_OFFER""]",jonnyups123,https://i.ebayimg.com/images/g/XNUAAeSwzf9qnz0s/s-l225.jpg,https://www.ebay.com/itm/128067780473?_skw=Dachsbun+ex+169+Stellar+Crown+Pokemon+card&hash=item1dd16f3f79:g:XNUAAeSwzf9qnz0s,"{""value"": ""85.00"", ""currency"": ""USD""}","[{""shippingCostType"": ""FIXED"", ""shippingCost"": {""value"": ""8.95"", ""currency"": ""USD""}, ""minEstimatedDeliveryDate"": ""2026-09-15T07:00:00.000Z"", ""maxEstimatedDeliveryDate"": ""2026-09-18T07:00:00.000Z""}]",,,PENDING_INDEPENDENT_HUMAN_REVIEW,FINAL_BLIND_TEST,,,,,,,,,,,,,,
D2-0260,2e5780f8-1769-4d26-9e3e-87e4a27d4dfe,09b7c446-d89f-4a64-b721-bc1293308747,Dachsbun ex,Stellar Crown,169,special_illustration_rare,v1|178487814679|0,Pokémon Dachsbun EX 169/142,,Ungraded,4000,[],"[""FIXED_PRICE""]",red_moon_1llusions,https://i.ebayimg.com/images/g/YIEAAeSw8SBqpCED/s-l225.jpg,https://www.ebay.com/itm/178487814679?_skw=Dachsbun+ex+169+Stellar+Crown+Pokemon+card&hash=item298eb3ea17:g:YIEAAeSw8SBqpCED,"{""value"": ""70.00"", ""currency"": ""USD""}","[{""shippingCostType"": ""FIXED"", ""shippingCost"": {""value"": ""0.00"", ""currency"": ""USD""}, ""minEstimatedDeliveryDate"": ""2026-09-15T07:00:00.000Z"", ""maxEstimatedDeliveryDate"": ""2026-09-21T07:00:00.000Z""}]",,,PENDING_INDEPENDENT_HUMAN_REVIEW,FINAL_BLIND_TEST,,,,,,,,,,,,,,
D2-0268,2e5780f8-1769-4d26-9e3e-87e4a27d4dfe,09b7c446-d89f-4a64-b721-bc1293308747,Dachsbun ex,Stellar Crown,169,special_illustration_rare,v1|147303278034|0,Dachsbun ex 169/142 Sv07: Stellar Crown Holo CGC 9.5,,Graded,2750,[],"[""FIXED_PRICE"", ""BEST_OFFER""]",davi-hau,https://i.ebayimg.com/images/g/lQ8AAeSw0fJqjMwL/s-l225.jpg,https://www.ebay.com/itm/147303278034?_skw=Dachsbun+ex+169+Stellar+Crown+Pokemon+card&hash=item224bf5a5d2:g:lQ8AAeSw0fJqjMwL,"{""value"": ""80.00"", ""currency"": ""USD""}",[],,,PENDING_INDEPENDENT_HUMAN_REVIEW,FINAL_BLIND_TEST,,,,,,,,,,,,,,
D2-0270,2e5780f8-1769-4d26-9e3e-87e4a27d4dfe,09b7c446-d89f-4a64-b721-bc1293308747,Dachsbun ex,Stellar Crown,169,special_illustration_rare,v1|147507267763|0,Dachsbun ex 169/142 Sv07: Stellar Crown Holo,,Graded,2750,[],"[""FIXED_PRICE""]",nation_of_cards,https://i.ebayimg.com/images/g/d5YAAeSweEtqgMS~/s-l225.jpg,https://www.ebay.com/itm/147507267763?_skw=Dachsbun+ex+169+Stellar+Crown+Pokemon+card&hash=item22581e48b3:g:d5YAAeSweEtqgMS~,"{""value"": ""200.00"", ""currency"": ""USD""}","[{""shippingCostType"": ""FIXED"", ""shippingCost"": {""value"": ""5.99"", ""currency"": ""USD""}, ""minEstimatedDeliveryDate"": ""2026-09-14T07:00:00.000Z"", ""maxEstimatedDeliveryDate"": ""2026-09-17T07:00:00.000Z""}]",,,PENDING_INDEPENDENT_HUMAN_REVIEW,FINAL_BLIND_TEST,,,,,,,,,,,,,,
D2-0276,301185dd-2bde-4699-80bd-8b2a3cfd8f7f,af28bc66-9c8b-4dbb-bf83-fa6215bd26f0,Pikachu ex,Ascended Heroes,276,special_illustration_rare,v1|178354822529|0,DEFECTIVE PokmonPikachu ex 276217 SIR  Ascended Heroes Special Illustrat G3D,,Ungraded,4000,[],"[""FIXED_PRICE""]",shipcycle,https://i.ebayimg.com/images/g/RQ4AAeSw459qak~r/s-l225.jpg,https://www.ebay.com/itm/178354822529?_skw=Pikachu+ex+276+Ascended+Heroes+Pokemon+card&hash=item2986c69d81:g:RQ4AAeSw459qak~r&amdata=enc%3AAQALAAABEACCtXRWQnOEpyOqnQQ8KGbkiidA9AtuY%2BHezmYXZBa4aE1wfXaChQIIZtMXtehFfgLwi6yeigS7lcf%2FVgmeoEf6uzihNv3Gj5oG9PrSJSs6LBrVPC8sn0vbklTqIBNqeFZANgRmOfwKQt3wY1TBIMYOKy3bhzOlUqs%2F7wGudPc6lOaMaE7sb11jL3v%2FYBjV7W%2FqZsBL8FmbqdqZVXAYAh02cl7Hk%2FSQ3JOOcLzIAxCsnvAoTYVJR5hyx9YzDNfuvhmmNwXrWglzcpE5AZ8Yz%2Fd8JQjCKH17KB3%2FsZNwdMuQDVlw620hGIf%2FXStuf6X%2Ff%2FWPYirNH%2BXiZCuyUVkuSKAObTOA0f52SNLppVH5qbtt,"{""value"": ""1007.25"", ""currency"": ""USD""}","[{""shippingCostType"": ""FIXED"", ""shippingCost"": {""value"": ""0.00"", ""currency"": ""USD""}, ""minEstimatedDeliveryDate"": ""2026-09-15T07:00:00.000Z"", ""maxEstimatedDeliveryDate"": ""2026-09-21T07:00:00.000Z""}]",,,PENDING_INDEPENDENT_HUMAN_REVIEW,FINAL_BLIND_TEST,,,,,,,,,,,,,,
D2-0279,301185dd-2bde-4699-80bd-8b2a3cfd8f7f,af28bc66-9c8b-4dbb-bf83-fa6215bd26f0,Pikachu ex,Ascended Heroes,276,special_illustration_rare,v1|128054338432|0,2026 POKEMON ASCENDED HEROES #276/217 PIKACHU EX SIR CGC 9.5,,Graded,2750,[],"[""FIXED_PRICE"", ""BEST_OFFER""]",laketown_trading,https://i.ebayimg.com/images/g/K8UAAeSw69pqlfKG/s-l225.jpg,https://www.ebay.com/itm/128054338432?_skw=Pikachu+ex+276+Ascended+Heroes+Pokemon+card&hash=item1dd0a22380:g:K8UAAeSw69pqlfKG,"{""value"": ""999.97"", ""currency"": ""USD""}","[{""shippingCostType"": ""CALCULATED""}]",,,PENDING_INDEPENDENT_HUMAN_REVIEW,FINAL_BLIND_TEST,,,,,,,,,,,,,,
D2-0280,301185dd-2bde-4699-80bd-8b2a3cfd8f7f,af28bc66-9c8b-4dbb-bf83-fa6215bd26f0,Pikachu ex,Ascended Heroes,276,special_illustration_rare,v1|398130637359|0,Pikachu ex #276 Pokemon Ascended Heroes (Spanish),,Ungraded,4000,[],"[""FIXED_PRICE"", ""BEST_OFFER""]",jojo1011-10,https://i.ebayimg.com/images/g/UZMAAeSw0G5qQLOI/s-l225.jpg,https://www.ebay.com/itm/398130637359?_skw=Pikachu+ex+276+Ascended+Heroes+Pokemon+card&hash=item5cb26f6a2f:g:UZMAAeSw0G5qQLOI,"{""value"": ""900.00"", ""currency"": ""USD""}","[{""shippingCostType"": ""FIXED"", ""shippingCost"": {""value"": ""0.00"", ""currency"": ""USD""}, ""minEstimatedDeliveryDate"": ""2026-09-15T07:00:00.000Z"", ""maxEstimatedDeliveryDate"": ""2026-09-21T07:00:00.000Z""}]",,,PENDING_INDEPENDENT_HUMAN_REVIEW,FINAL_BLIND_TEST,,,,,,,,,,,,,,
D2-0283,301185dd-2bde-4699-80bd-8b2a3cfd8f7f,af28bc66-9c8b-4dbb-bf83-fa6215bd26f0,Pikachu ex,Ascended Heroes,276,special_illustration_rare,v1|128074283448|0,Pikachu ex 276/217 Ascended Heroes Special Illustration Rare Pokemon Card - NM,,Ungraded,4000,[],"[""FIXED_PRICE""]",swibbycards,https://i.ebayimg.com/images/g/jugAAeSw7fFqpDgL/s-l225.jpg,https://www.ebay.com/itm/128074283448?_skw=Pikachu+ex+276+Ascended+Heroes+Pokemon+card&hash=item1dd1d279b8:g:jugAAeSw7fFqpDgL,"{""value"": ""1105.65"", ""currency"": ""USD""}","[{""shippingCostType"": ""FIXED"", ""shippingCost"": {""value"": ""0.00"", ""currency"": ""USD""}, ""minEstimatedDeliveryDate"": ""2026-09-14T07:00:00.000Z"", ""maxEstimatedDeliveryDate"": ""2026-09-17T07:00:00.000Z""}]",,,PENDING_INDEPENDENT_HUMAN_REVIEW,FINAL_BLIND_TEST,,,,,,,,,,,,,,
D2-0285,301185dd-2bde-4699-80bd-8b2a3cfd8f7f,af28bc66-9c8b-4dbb-bf83-fa6215bd26f0,Pikachu ex,Ascended Heroes,276,special_illustration_rare,v1|137713921360|0,Pokemon Ascended Heroes Pikachu ex Special Illustration Rare #276/217,,Ungraded,4000,[],"[""FIXED_PRICE""]",mlemae34,https://i.ebayimg.com/images/g/KlwAAeSw25hqoBYi/s-l225.jpg,https://www.ebay.com/itm/137713921360?_skw=Pikachu+ex+276+Ascended+Heroes+Pokemon+card&hash=item201063ad50:g:KlwAAeSw25hqoBYi,"{""value"": ""980.00"", ""currency"": ""USD""}","[{""shippingCostType"": ""CALCULATED""}]",,,PENDING_INDEPENDENT_HUMAN_REVIEW,FINAL_BLIND_TEST,,,,,,,,,,,,,,
D2-0286,31566cbb-0eeb-499e-aa6d-b9b0bd85fc8b,fc81462a-2c3e-4b7a-a7be-ad7f88d98ace,Mega Greninja ex,Chaos Rising,122,mega_hyper_rare,v1|137548055331|0,Pokemon TCG Chaos Rising Mega Greninja EX 122/086 Mega Hyper Rare Gold,,Ungraded,4000,[],"[""FIXED_PRICE""]",justibarri-0,https://i.ebayimg.com/images/g/NZsAAeSwrsFqY7jD/s-l225.jpg,https://www.ebay.com/itm/137548055331?_skw=Mega+Greninja+ex+122+Chaos+Rising+Pokemon+card&hash=item200680c323:g:NZsAAeSwrsFqY7jD,"{""value"": ""180.00"", ""currency"": ""USD""}","[{""shippingCostType"": ""CALCULATED""}]",,,PENDING_INDEPENDENT_HUMAN_REVIEW,FINAL_BLIND_TEST,,,,,,,,,,,,,,
D2-0288,31566cbb-0eeb-499e-aa6d-b9b0bd85fc8b,fc81462a-2c3e-4b7a-a7be-ad7f88d98ace,Mega Greninja ex,Chaos Rising,122,mega_hyper_rare,v1|137718720185|0,Pokémon Mega Greninja ex 122/086 Gold Hyper Rare Holo Card 2025 Chaos Rising,,Ungraded,4000,[],"[""FIXED_PRICE"", ""BEST_OFFER""]",resellerengineer,https://i.ebayimg.com/images/g/-iIAAeSwaRxqoaa3/s-l225.jpg,https://www.ebay.com/itm/137718720185?_skw=Mega+Greninja+ex+122+Chaos+Rising+Pokemon+card&hash=item2010ace6b9:g:-iIAAeSwaRxqoaa3,"{""value"": ""200.00"", ""currency"": ""USD""}","[{""shippingCostType"": ""CALCULATED""}]",,,PENDING_INDEPENDENT_HUMAN_REVIEW,FINAL_BLIND_TEST,,,,,,,,,,,,,,
D2-0295,31566cbb-0eeb-499e-aa6d-b9b0bd85fc8b,fc81462a-2c3e-4b7a-a7be-ad7f88d98ace,Mega Greninja ex,Chaos Rising,122,mega_hyper_rare,v1|147548369719|0,2026 Pokemon Me04: Chaos Rising Mega Greninja ex 122/086 Gold Holo English Mint,,Ungraded,4000,[],"[""FIXED_PRICE""]",cryfshr,https://i.ebayimg.com/images/g/Q4MAAeSwLKFqmjKW/s-l225.jpg,https://www.ebay.com/itm/147548369719?_skw=Mega+Greninja+ex+122+Chaos+Rising+Pokemon+card&hash=item225a917337:g:Q4MAAeSwLKFqmjKW,"{""value"": ""219.99"", ""currency"": ""USD""}","[{""shippingCostType"": ""CALCULATED""}]",,,PENDING_INDEPENDENT_HUMAN_REVIEW,FINAL_BLIND_TEST,,,,,,,,,,,,,,
D2-0298,31566cbb-0eeb-499e-aa6d-b9b0bd85fc8b,fc81462a-2c3e-4b7a-a7be-ad7f88d98ace,Mega Greninja ex,Chaos Rising,122,mega_hyper_rare,v1|158276627835|0,2026 Pokemon Mega Greninja ex #122/086 Chaos Rising Mega Hyper Rare PSA 10,,Graded,2750,[],"[""AUCTION""]",you-gotta-deal,https://i.ebayimg.com/images/g/m1cAAeSwaRxqohAj/s-l225.jpg,https://www.ebay.com/itm/158276627835?_skw=Mega+Greninja+ex+122+Chaos+Rising+Pokemon+card&hash=item24da05ad7b:g:m1cAAeSwaRxqohAj,{},"[{""shippingCostType"": ""FIXED"", ""shippingCost"": {""value"": ""8.50"", ""currency"": ""USD""}, ""minEstimatedDeliveryDate"": ""2026-09-17T07:00:00.000Z"", ""maxEstimatedDeliveryDate"": ""2026-09-21T07:00:00.000Z""}]",,,PENDING_INDEPENDENT_HUMAN_REVIEW,FINAL_BLIND_TEST,,,,,,,,,,,,,,
D2-0299,31566cbb-0eeb-499e-aa6d-b9b0bd85fc8b,fc81462a-2c3e-4b7a-a7be-ad7f88d98ace,Mega Greninja ex,Chaos Rising,122,mega_hyper_rare,v1|158281173807|0,MEGA GRENINJA EX 122/086 MEGA HYPER RARE CHAOS RISING POKEMON HOLO NEAR MINT,,Ungraded,4000,[],"[""FIXED_PRICE"", ""BEST_OFFER""]",slip1_5502,https://i.ebayimg.com/images/g/8TMAAeSwM0NqpAdT/s-l225.jpg,https://www.ebay.com/itm/158281173807?_skw=Mega+Greninja+ex+122+Chaos+Rising+Pokemon+card&hash=item24da4b0b2f:g:8TMAAeSwM0NqpAdT,"{""value"": ""200.00"", ""currency"": ""USD""}","[{""shippingCostType"": ""CALCULATED""}]",,,PENDING_INDEPENDENT_HUMAN_REVIEW,FINAL_BLIND_TEST,,,,,,,,,,,,,,
D2-0301,33dca102-b449-4da6-bfa6-7b72de711596,c2d7a5e7-cfdd-4f37-9748-a2259857c6e3,Charizard ex,Paldean Fates,234,special_illustration_rare,v1|117350677134|0,2024 Pokemon 234/091 Charizard EX Paldean Fates,,Ungraded,4000,[],"[""FIXED_PRICE"", ""BEST_OFFER""]",tntcards.mi,https://i.ebayimg.com/images/g/LyIAAeSwXRhqefKr/s-l225.jpg,https://www.ebay.com/itm/117350677134?_skw=Charizard+ex+234+Paldean+Fates+Pokemon+card&hash=item1b52a53a8e:g:LyIAAeSwXRhqefKr,"{""value"": ""350.00"", ""currency"": ""USD""}","[{""shippingCostType"": ""FIXED"", ""shippingCost"": {""value"": ""5.99"", ""currency"": ""USD""}, ""minEstimatedDeliveryDate"": ""2026-09-15T07:00:00.000Z"", ""maxEstimatedDeliveryDate"": ""2026-09-21T07:00:00.000Z""}]",,,PENDING_INDEPENDENT_HUMAN_REVIEW,FINAL_BLIND_TEST,,,,,,,,,,,,,,
D2-0307,33dca102-b449-4da6-bfa6-7b72de711596,c2d7a5e7-cfdd-4f37-9748-a2259857c6e3,Charizard ex,Paldean Fates,234,special_illustration_rare,v1|336756352851|0,Pokemon Charizard ex Paldean Fates 234 Special Ill Rare SIR PSA 10 with Case,,Graded,2750,[],"[""FIXED_PRICE"", ""BEST_OFFER""]",showgoatcards,https://i.ebayimg.com/images/g/CRQAAeSwUXpqig-9/s-l225.jpg,https://www.ebay.com/itm/336756352851?_skw=Charizard+ex+234+Paldean+Fates+Pokemon+card&hash=item4e683e2753:g:CRQAAeSwUXpqig-9,"{""value"": ""925.00"", ""currency"": ""USD""}","[{""shippingCostType"": ""FIXED"", ""shippingCost"": {""value"": ""6.00"", ""currency"": ""USD""}, ""minEstimatedDeliveryDate"": ""2026-09-15T07:00:00.000Z"", ""maxEstimatedDeliveryDate"": ""2026-09-21T07:00:00.000Z""}]",,,PENDING_INDEPENDENT_HUMAN_REVIEW,FINAL_BLIND_TEST,,,,,,,,,,,,,,
D2-0310,33dca102-b449-4da6-bfa6-7b72de711596,c2d7a5e7-cfdd-4f37-9748-a2259857c6e3,Charizard ex,Paldean Fates,234,special_illustration_rare,v1|147456671828|0,Charizard EX #234/091 NM Paldean Fates Pokemon Card,,Ungraded,4000,[],"[""FIXED_PRICE""]",sellit,https://i.ebayimg.com/images/g/PGgAAeSwizZqYmdO/s-l225.jpg,https://www.ebay.com/itm/147456671828?_skw=Charizard+ex+234+Paldean+Fates+Pokemon+card&hash=item22551a4054:g:PGgAAeSwizZqYmdO,"{""value"": ""325.00"", ""currency"": ""USD""}","[{""shippingCostType"": ""FIXED"", ""shippingCost"": {""value"": ""3.00"", ""currency"": ""USD""}, ""minEstimatedDeliveryDate"": ""2026-09-15T07:00:00.000Z"", ""maxEstimatedDeliveryDate"": ""2026-09-18T07:00:00.000Z""}]",,,PENDING_INDEPENDENT_HUMAN_REVIEW,FINAL_BLIND_TEST,,,,,,,,,,,,,,
D2-0314,33dca102-b449-4da6-bfa6-7b72de711596,c2d7a5e7-cfdd-4f37-9748-a2259857c6e3,Charizard ex,Paldean Fates,234,special_illustration_rare,v1|158160846190|0,2024 Pokemon Paldean Fates 234 Charizard ex PSA 10 125420170,,Graded,2750,[],"[""FIXED_PRICE"", ""BEST_OFFER""]",pc_sportscards,https://i.ebayimg.com/images/g/psYAAeSw4vtqdK9p/s-l225.jpg,https://www.ebay.com/itm/158160846190?_skw=Charizard+ex+234+Paldean+Fates+Pokemon+card&hash=item24d31efd6e:g:psYAAeSw4vtqdK9p,"{""value"": ""924.99"", ""currency"": ""USD""}","[{""shippingCostType"": ""FIXED"", ""shippingCost"": {""value"": ""6.00"", ""currency"": ""USD""}, ""minEstimatedDeliveryDate"": ""2026-09-15T07:00:00.000Z"", ""maxEstimatedDeliveryDate"": ""2026-09-21T07:00:00.000Z""}]",,,PENDING_INDEPENDENT_HUMAN_REVIEW,FINAL_BLIND_TEST,,,,,,,,,,,,,,
D2-0315,33dca102-b449-4da6-bfa6-7b72de711596,c2d7a5e7-cfdd-4f37-9748-a2259857c6e3,Charizard ex,Paldean Fates,234,special_illustration_rare,v1|158268313052|0,Charizard ex 234/091 SV Paldean Fates SIR Holo 2024 English TAG Graded,,Graded,2750,[],"[""FIXED_PRICE""]",jandythrift,https://i.ebayimg.com/images/g/A0QAAeSwvtNqnwYh/s-l225.jpg,https://www.ebay.com/itm/158268313052?_skw=Charizard+ex+234+Paldean+Fates+Pokemon+card&hash=item24d986cddc:g:A0QAAeSwvtNqnwYh&amdata=enc%3AAQALAAABEACCtXRWQnOEpyOqnQQ8KGYjaPTGKVwWyzLZ2qp3n6Y9bYg1gLjV8BGjqoGVraChCZDNSZAA4bFszSmvHqrWOesCifQp1rlMhILLYMyP2v7tsHHMbBSWe2wXsw4giD55q9nZEhKBY2W7Xc6HUk8v3tgTswPMtvQS2eW4qmewtuiU65ODFB44FFX9z1Nxuk26XYrc1rPmmvn1%2B7Xb2D%2FhuvtaXlG1qmG8Usw82Bp5%2BDVD0LrxcCllRApdXqRnsKmByJdlfR0SvfMb%2BCHF%2BYTzTjShPXWo6LcI5tZ7bdNjF8z0P7M2pExsIYVfPSGZdTp9If6TZxBOxgVPu6xAwl79vJuUmAySggvBUj8FsqnLjMnD,"{""value"": ""265.00"", ""currency"": ""USD""}","[{""shippingCostType"": ""FIXED"", ""shippingCost"": {""value"": ""0.00"", ""currency"": ""USD""}, ""minEstimatedDeliveryDate"": ""2026-09-16T07:00:00.000Z"", ""maxEstimatedDeliveryDate"": ""2026-09-22T07:00:00.000Z""}]",,,PENDING_INDEPENDENT_HUMAN_REVIEW,FINAL_BLIND_TEST,,,,,,,,,,,,,,
D2-0318,3755e7ef-e482-4186-8377-e717f80b3759,aa88bdd2-2ebe-4f9b-b53b-ab077c63f98c,Secret Box,Twilight Masquerade,163,ace_spec,v1|128042944565|0,Secret Box 163/167 Sv06: Twilight Masquerade Holo,,Ungraded,4000,[],"[""FIXED_PRICE"", ""BEST_OFFER""]",jo273669,https://i.ebayimg.com/images/g/gGEAAeSwjh5qjO1C/s-l225.jpg,https://www.ebay.com/itm/128042944565?_skw=Secret+Box+163+Twilight+Masquerade+Pokemon+card&hash=item1dcff44835:g:gGEAAeSwjh5qjO1C,"{""value"": ""6.00"", ""currency"": ""USD""}","[{""shippingCostType"": ""CALCULATED""}]",,,PENDING_INDEPENDENT_HUMAN_REVIEW,FINAL_BLIND_TEST,,,,,,,,,,,,,,
D2-0320,3755e7ef-e482-4186-8377-e717f80b3759,aa88bdd2-2ebe-4f9b-b53b-ab077c63f98c,Secret Box,Twilight Masquerade,163,ace_spec,v1|156447979868|457549416059,Pokemon TCG - Twilight Masquerade: Choose Your Card! - All Holos/Reverse Holos!,,Ungraded,4000,[],"[""FIXED_PRICE""]",overstackedcards,https://i.ebayimg.com/images/g/zkoAAOSw0T1oSqPE/s-l225.jpg,https://www.ebay.com/itm/156447979868?_skw=Secret+Box+163+Twilight+Masquerade+Pokemon+card&hash=item246d06b95c:g:zkoAAOSw0T1oSqPE,"{""value"": ""9.99"", ""currency"": ""USD""}","[{""shippingCostType"": ""FIXED"", ""shippingCost"": {""value"": ""0.00"", ""currency"": ""USD""}, ""minEstimatedDeliveryDate"": ""2026-09-15T07:00:00.000Z"", ""maxEstimatedDeliveryDate"": ""2026-09-18T07:00:00.000Z""}]",,,PENDING_INDEPENDENT_HUMAN_REVIEW,FINAL_BLIND_TEST,,,,,,,,,,,,,,
D2-0326,3755e7ef-e482-4186-8377-e717f80b3759,aa88bdd2-2ebe-4f9b-b53b-ab077c63f98c,Secret Box,Twilight Masquerade,163,ace_spec,v1|137712058087|0,Pokemon Twilight Masquerade Secret Box 163/167 - NM,,Ungraded,4000,[],"[""FIXED_PRICE""]",lvsell42,https://i.ebayimg.com/images/g/n~UAAeSwS0Rqn3sV/s-l225.jpg,https://www.ebay.com/itm/137712058087?_skw=Secret+Box+163+Twilight+Masquerade+Pokemon+card&hash=item2010473ee7:g:n~UAAeSwS0Rqn3sV,"{""value"": ""4.99"", ""currency"": ""USD""}","[{""shippingCostType"": ""CALCULATED""}]",,,PENDING_INDEPENDENT_HUMAN_REVIEW,FINAL_BLIND_TEST,,,,,,,,,,,,,,
D2-0329,3755e7ef-e482-4186-8377-e717f80b3759,aa88bdd2-2ebe-4f9b-b53b-ab077c63f98c,Secret Box,Twilight Masquerade,163,ace_spec,v1|157961198670|0,Secret Box 163/167 NM Twilight Masquerade ACE SPEC Rare Pokemon TCG Card,,Ungraded,4000,[],"[""FIXED_PRICE""]",dk-pokedex,https://i.ebayimg.com/images/g/CAsAAeSw8fpqHd4e/s-l225.jpg,https://www.ebay.com/itm/157961198670?_skw=Secret+Box+163+Twilight+Masquerade+Pokemon+card&hash=item24c7389c4e:g:CAsAAeSw8fpqHd4e,"{""value"": ""8.00"", ""currency"": ""USD""}","[{""shippingCostType"": ""CALCULATED""}]",,,PENDING_INDEPENDENT_HUMAN_REVIEW,FINAL_BLIND_TEST,,,,,,,,,,,,,,
D2-0330,3755e7ef-e482-4186-8377-e717f80b3759,aa88bdd2-2ebe-4f9b-b53b-ab077c63f98c,Secret Box,Twilight Masquerade,163,ace_spec,v1|158061000076|0,Secret Box 163/167 Twilight Masquerade Holo ACE Spec Pokemon Card,,Ungraded,4000,[],"[""FIXED_PRICE""]",tcg_select,https://i.ebayimg.com/images/g/DnMAAeSwxOdqTAEy/s-l225.jpg,https://www.ebay.com/itm/158061000076?_skw=Secret+Box+163+Twilight+Masquerade+Pokemon+card&hash=item24cd2b758c:g:DnMAAeSwxOdqTAEy,"{""value"": ""5.99"", ""currency"": ""USD""}","[{""shippingCostType"": ""CALCULATED""}]",,,PENDING_INDEPENDENT_HUMAN_REVIEW,FINAL_BLIND_TEST,,,,,,,,,,,,,,
D2-0333,3b5294d0-4738-4296-952e-f32b2788e3c4,10ab9aee-5f8c-4938-aec5-aa4a4314f745,Sunflora,Twilight Masquerade,169,illustration_rare,v1|128066948625|0,Sunflora 169/167 Illustration Rare Twilight Masquerade Pokemon Holo Near Mint,,Ungraded,4000,[],"[""FIXED_PRICE""]",scarlettstcg,https://i.ebayimg.com/images/g/ZMcAAeSwSUNqnpgY/s-l225.jpg,https://www.ebay.com/itm/128066948625?_skw=Sunflora+169+Twilight+Masquerade+Pokemon+card&hash=item1dd1628e11:g:ZMcAAeSwSUNqnpgY,"{""value"": ""12.99"", ""currency"": ""USD""}","[{""shippingCostType"": ""FIXED"", ""shippingCost"": {""value"": ""0.00"", ""currency"": ""USD""}, ""minEstimatedDeliveryDate"": ""2026-09-15T07:00:00.000Z"", ""maxEstimatedDeliveryDate"": ""2026-09-21T07:00:00.000Z""}]",,,PENDING_INDEPENDENT_HUMAN_REVIEW,FINAL_BLIND_TEST,,,,,,,,,,,,,,
D2-0335,3b5294d0-4738-4296-952e-f32b2788e3c4,10ab9aee-5f8c-4938-aec5-aa4a4314f745,Sunflora,Twilight Masquerade,169,illustration_rare,v1|377320856221|0,Sv06: Twilight Masquerade Pokémon TCG Sunflora NM,,Ungraded,4000,[],"[""FIXED_PRICE""]",viridiantradingco,https://i.ebayimg.com/images/g/FYcAAeSwnlxqSEWu/s-l225.jpg,https://www.ebay.com/itm/377320856221?_skw=Sunflora+169+Twilight+Masquerade+Pokemon+card&hash=item57da135a9d:g:FYcAAeSwnlxqSEWu,"{""value"": ""8.30"", ""currency"": ""USD""}","[{""shippingCostType"": ""CALCULATED""}]",,,PENDING_INDEPENDENT_HUMAN_REVIEW,FINAL_BLIND_TEST,,,,,,,,,,,,,,
D2-0336,3b5294d0-4738-4296-952e-f32b2788e3c4,10ab9aee-5f8c-4938-aec5-aa4a4314f745,Sunflora,Twilight Masquerade,169,illustration_rare,v1|156447979868|457575923995,Pokemon TCG - Twilight Masquerade: Choose Your Card! - All Holos/Reverse Holos!,,Ungraded,4000,[],"[""FIXED_PRICE""]",overstackedcards,https://i.ebayimg.com/images/g/UUIAAOSw9qFoSqS-/s-l225.jpg,https://www.ebay.com/itm/156447979868?_skw=Sunflora+169+Twilight+Masquerade+Pokemon+card&hash=item246d06b95c:g:UUIAAOSw9qFoSqS-,"{""value"": ""14.99"", ""currency"": ""USD""}","[{""shippingCostType"": ""FIXED"", ""shippingCost"": {""value"": ""0.00"", ""currency"": ""USD""}, ""minEstimatedDeliveryDate"": ""2026-09-15T07:00:00.000Z"", ""maxEstimatedDeliveryDate"": ""2026-09-18T07:00:00.000Z""}]",,,PENDING_INDEPENDENT_HUMAN_REVIEW,FINAL_BLIND_TEST,,,,,,,,,,,,,,
D2-0339,3b5294d0-4738-4296-952e-f32b2788e3c4,10ab9aee-5f8c-4938-aec5-aa4a4314f745,Sunflora,Twilight Masquerade,169,illustration_rare,v1|198556877236|0,Sunflora Illustration Rare Twilight Masquerade 169/167 Moderately Played,,Ungraded,4000,[],"[""FIXED_PRICE""]",mxf_tcg,https://i.ebayimg.com/images/g/JfUAAeSwIvJqd2ee/s-l225.jpg,https://www.ebay.com/itm/198556877236?_skw=Sunflora+169+Twilight+Masquerade+Pokemon+card&hash=item2e3ae981b4:g:JfUAAeSwIvJqd2ee,"{""value"": ""9.99"", ""currency"": ""USD""}","[{""shippingCostType"": ""FIXED"", ""shippingCost"": {""value"": ""0.00"", ""currency"": ""USD""}, ""minEstimatedDeliveryDate"": ""2026-09-15T07:00:00.000Z"", ""maxEstimatedDeliveryDate"": ""2026-09-18T07:00:00.000Z""}]",,,PENDING_INDEPENDENT_HUMAN_REVIEW,FINAL_BLIND_TEST,,,,,,,,,,,,,,
D2-0344,3b5294d0-4738-4296-952e-f32b2788e3c4,10ab9aee-5f8c-4938-aec5-aa4a4314f745,Sunflora,Twilight Masquerade,169,illustration_rare,v1|147403459279|0,Pokemon - Sunflora - 169/167 SV06: Twilight Masquerade - Illustration Rare - NM,,Ungraded,4000,[],"[""FIXED_PRICE""]",db-decks,https://i.ebayimg.com/images/g/bkwAAeSwrOpqQYY5/s-l225.jpg,https://www.ebay.com/itm/147403459279?_skw=Sunflora+169+Twilight+Masquerade+Pokemon+card&hash=item2251ee4acf:g:bkwAAeSwrOpqQYY5,"{""value"": ""11.19"", ""currency"": ""USD""}","[{""shippingCostType"": ""FIXED"", ""shippingCost"": {""value"": ""0.00"", ""currency"": ""USD""}, ""minEstimatedDeliveryDate"": ""2026-09-15T07:00:00.000Z"", ""maxEstimatedDeliveryDate"": ""2026-09-19T07:00:00.000Z""}]",,,PENDING_INDEPENDENT_HUMAN_REVIEW,FINAL_BLIND_TEST,,,,,,,,,,,,,,
D2-0352,3baf2f12-759f-427a-b8d0-2511e639310f,886acc91-d523-4628-bb4a-6ef8db1d8543,Mega Gardevoir ex,Mega Evolution,187,mega_hyper_rare,v1|158033456802|0,Mega Gardevoir EX 2025 Pokemon Mega Evolution,,Ungraded,4000,[],"[""FIXED_PRICE""]",tradingcardconsign,https://i.ebayimg.com/images/g/23kAAeSw4rJqQHLe/s-l225.jpg,https://www.ebay.com/itm/158033456802?_skw=Mega+Gardevoir+ex+187+Mega+Evolution+Pokemon+card&hash=item24cb872ea2:g:23kAAeSw4rJqQHLe,"{""value"": ""225.00"", ""currency"": ""USD""}","[{""shippingCostType"": ""CALCULATED""}]",,,PENDING_INDEPENDENT_HUMAN_REVIEW,FINAL_BLIND_TEST,,,,,,,,,,,,,,
D2-0354,3baf2f12-759f-427a-b8d0-2511e639310f,886acc91-d523-4628-bb4a-6ef8db1d8543,Mega Gardevoir ex,Mega Evolution,187,mega_hyper_rare,v1|168006123217|0,Pokemon 2025 Mega Gardevoir ex187 Mega Evolution Mega Hyper Rare,,Ungraded,4000,[],"[""FIXED_PRICE"", ""BEST_OFFER""]",dholmes92,https://i.ebayimg.com/images/g/H70AAeSwRHFpQGTI/s-l225.jpg,https://www.ebay.com/itm/168006123217?_skw=Mega+Gardevoir+ex+187+Mega+Evolution+Pokemon+card&hash=item271df1fed1:g:H70AAeSwRHFpQGTI,"{""value"": ""220.00"", ""currency"": ""USD""}","[{""shippingCostType"": ""CALCULATED""}]",,,PENDING_INDEPENDENT_HUMAN_REVIEW,FINAL_BLIND_TEST,,,,,,,,,,,,,,
D2-0355,3baf2f12-759f-427a-b8d0-2511e639310f,886acc91-d523-4628-bb4a-6ef8db1d8543,Mega Gardevoir ex,Mega Evolution,187,mega_hyper_rare,v1|117398095245|0,2025 POKEMON MEG EN-MEGA EVOLUTION MEGA HYPER RARE #187 MEGA GARDEVOIR EX PSA 9,,Graded,2750,[],"[""FIXED_PRICE""]",breakpointcollectibles,https://i.ebayimg.com/images/g/-uAAAeSwGflqnKub/s-l225.jpg,https://www.ebay.com/itm/117398095245?_skw=Mega+Gardevoir+ex+187+Mega+Evolution+Pokemon+card&hash=item1b5578c58d:g:-uAAAeSwGflqnKub,"{""value"": ""186.00"", ""currency"": ""USD""}","[{""shippingCostType"": ""CALCULATED""}]",,,PENDING_INDEPENDENT_HUMAN_REVIEW,FINAL_BLIND_TEST,,,,,,,,,,,,,,
D2-0356,3baf2f12-759f-427a-b8d0-2511e639310f,886acc91-d523-4628-bb4a-6ef8db1d8543,Mega Gardevoir ex,Mega Evolution,187,mega_hyper_rare,v1|157575354602|0,Mega Gardevoir EX - 187/132 - Gold Secret Rare - Extended Art Case,,Ungraded,4000,[],"[""FIXED_PRICE""]",outback_originals,https://i.ebayimg.com/images/g/ksgAAeSwNnlpUZpn/s-l225.jpg,https://www.ebay.com/itm/157575354602?_skw=Mega+Gardevoir+ex+187+Mega+Evolution+Pokemon+card&hash=item24b03918ea:g:ksgAAeSwNnlpUZpn,"{""value"": ""12.00"", ""currency"": ""USD""}","[{""shippingCostType"": ""FIXED"", ""shippingCost"": {""value"": ""5.00"", ""currency"": ""USD""}, ""minEstimatedDeliveryDate"": ""2026-09-15T07:00:00.000Z"", ""maxEstimatedDeliveryDate"": ""2026-09-18T07:00:00.000Z""}]",,,PENDING_INDEPENDENT_HUMAN_REVIEW,FINAL_BLIND_TEST,,,,,,,,,,,,,,
D2-0360,3baf2f12-759f-427a-b8d0-2511e639310f,886acc91-d523-4628-bb4a-6ef8db1d8543,Mega Gardevoir ex,Mega Evolution,187,mega_hyper_rare,v1|137626220793|0,2025 Pokémon Mega Gardevoir ex #187 Mega Hyper Rare – PSA 10 Gem Mint (English),,Graded,2750,[],"[""FIXED_PRICE"", ""BEST_OFFER""]",danztcg,https://i.ebayimg.com/images/g/wm0AAeSwawdqgQ2a/s-l225.jpg,https://www.ebay.com/itm/137626220793?_skw=Mega+Gardevoir+ex+187+Mega+Evolution+Pokemon+card&hash=item200b2978f9:g:wm0AAeSwawdqgQ2a&amdata=enc%3AAQALAAABEACCtXRWQnOEpyOqnQQ8KGZctr0cnimg7D2FOXPIOvcijb0l99Uxum1%2FuwRcgORBnIwhpV7z1UxIohnXW1xwms7BHNle6VzSa4kmQlWNojbnhUJ3n6O7HcuUTJ57tTTRlp7mg0i1GqUxDcuCxbgFgN440sPCniH2vB5KkdPk2sEPy%2FF4U%2FOdcqHHvz%2FNy61BshGfsEYALrPYyOici2UI8tN%2BGdh%2FLHM%2Fh3CldiutfSaSbrGMe8Kt%2Flw6L0Icw0U2Vfgd3igCWpob%2BmAEZWfrKbMWlwE4EEGoCif22JxXARmib%2FyBuP%2FMNit8CVwaDNQufgebaqvrB%2FXm0J1rXAmhyh1MMwhlQW6sLu28VRQAG0U9,"{""value"": ""675.00"", ""currency"": ""USD""}","[{""shippingCostType"": ""CALCULATED""}]",,,PENDING_INDEPENDENT_HUMAN_REVIEW,FINAL_BLIND_TEST,,,,,,,,,,,,,,
D2-0366,3c75f577-62ee-4bdf-865c-ab2384f4379b,ecf458ed-ed92-4f04-bf27-1912d59bdbc0,Mega Charizard Y ex,Ascended Heroes,294,mega_hyper_rare,v1|800602429144|0,2026 Pokemon Ascending Heroes Mega Charizard Y ex 294/217 Gold Holo,,Ungraded,4000,[],"[""FIXED_PRICE"", ""BEST_OFFER""]",yvng_gohan,https://i.ebayimg.com/images/g/Z4IAAeSwwTlqmFQ3/s-l225.jpg,https://www.ebay.com/itm/800602429144?_skw=Mega+Charizard+Y+ex+294+Ascended+Heroes+Pokemon+card&hash=itemba679f96d8:g:Z4IAAeSwwTlqmFQ3,"{""value"": ""950.00"", ""currency"": ""USD""}","[{""shippingCostType"": ""FIXED"", ""shippingCost"": {""value"": ""0.00"", ""currency"": ""USD""}, ""minEstimatedDeliveryDate"": ""2026-09-16T07:00:00.000Z"", ""maxEstimatedDeliveryDate"": ""2026-09-22T07:00:00.000Z""}]",,,PENDING_INDEPENDENT_HUMAN_REVIEW,FINAL_BLIND_TEST,,,,,,,,,,,,,,
D2-0369,3c75f577-62ee-4bdf-865c-ab2384f4379b,ecf458ed-ed92-4f04-bf27-1912d59bdbc0,Mega Charizard Y ex,Ascended Heroes,294,mega_hyper_rare,v1|800648128613|0,Mega Charizard Y EX ascended hero’s hyper rare,,Ungraded,4000,[],"[""FIXED_PRICE"", ""BEST_OFFER""]",blbra35,https://i.ebayimg.com/images/g/OW0AAeSw5hJqpLHX/s-l225.jpg,https://www.ebay.com/itm/800648128613?_skw=Mega+Charizard+Y+ex+294+Ascended+Heroes+Pokemon+card&hash=itemba6a58e865:g:OW0AAeSw5hJqpLHX,"{""value"": ""422.50"", ""currency"": ""USD""}","[{""shippingCostType"": ""CALCULATED""}]",,,PENDING_INDEPENDENT_HUMAN_REVIEW,FINAL_BLIND_TEST,,,,,,,,,,,,,,
D2-0371,3c75f577-62ee-4bdf-865c-ab2384f4379b,ecf458ed-ed92-4f04-bf27-1912d59bdbc0,Mega Charizard Y ex,Ascended Heroes,294,mega_hyper_rare,v1|257494551783|0,Pokemon Mega Charizard Y ex 294/217 Gold HyperRare Ascended Heroes - Portuguese,,Ungraded,4000,[],"[""FIXED_PRICE""]",percival22forever,https://i.ebayimg.com/images/g/8gMAAeSw3Wpp-3x8/s-l225.jpg,https://www.ebay.com/itm/257494551783?_skw=Mega+Charizard+Y+ex+294+Ascended+Heroes+Pokemon+card&hash=item3bf3df0ce7:g:8gMAAeSw3Wpp-3x8,"{""value"": ""580.00"", ""currency"": ""USD""}","[{""shippingCostType"": ""FIXED"", ""shippingCost"": {""value"": ""35.00"", ""currency"": ""USD""}}]",,,PENDING_INDEPENDENT_HUMAN_REVIEW,FINAL_BLIND_TEST,,,,,,,,,,,,,,
D2-0373,3c75f577-62ee-4bdf-865c-ab2384f4379b,ecf458ed-ed92-4f04-bf27-1912d59bdbc0,Mega Charizard Y ex,Ascended Heroes,294,mega_hyper_rare,v1|128072193343|0,Mega Charizard Y EX 294/217 Ascended Heroes Gold Hyper Rare Pokemon TCG Mint,,Ungraded,4000,[],"[""FIXED_PRICE""]",rdellafave78,https://i.ebayimg.com/images/g/MH4AAeSwnc9qo5Gh/s-l225.jpg,https://www.ebay.com/itm/128072193343?_skw=Mega+Charizard+Y+ex+294+Ascended+Heroes+Pokemon+card&hash=item1dd1b2953f:g:MH4AAeSwnc9qo5Gh,"{""value"": ""380.00"", ""currency"": ""USD""}","[{""shippingCostType"": ""FIXED"", ""shippingCost"": {""value"": ""7.99"", ""currency"": ""USD""}, ""minEstimatedDeliveryDate"": ""2026-09-15T07:00:00.000Z"", ""maxEstimatedDeliveryDate"": ""2026-09-21T07:00:00.000Z""}]",,,PENDING_INDEPENDENT_HUMAN_REVIEW,FINAL_BLIND_TEST,,,,,,,,,,,,,,
D2-0375,3c75f577-62ee-4bdf-865c-ab2384f4379b,ecf458ed-ed92-4f04-bf27-1912d59bdbc0,Mega Charizard Y ex,Ascended Heroes,294,mega_hyper_rare,v1|137715103138|0,2026 POKEMON EN-ASCENDED HEROES 294 MEGA CHARIZARD Y EX MEGA HYPER RARE - PSA 10,,Graded,2750,[],"[""FIXED_PRICE"", ""BEST_OFFER""]",poketimid,https://i.ebayimg.com/images/g/-N0AAeSwThtqoIC1/s-l225.jpg,https://www.ebay.com/itm/137715103138?_skw=Mega+Charizard+Y+ex+294+Ascended+Heroes+Pokemon+card&hash=item201075b5a2:g:-N0AAeSwThtqoIC1,"{""value"": ""2199.99"", ""currency"": ""USD""}","[{""shippingCostType"": ""FIXED"", ""shippingCost"": {""value"": ""0.00"", ""currency"": ""USD""}, ""minEstimatedDeliveryDate"": ""2026-09-15T07:00:00.000Z"", ""maxEstimatedDeliveryDate"": ""2026-09-21T07:00:00.000Z""}]",,,PENDING_INDEPENDENT_HUMAN_REVIEW,FINAL_BLIND_TEST,,,,,,,,,,,,,,
D2-0377,4206e794-1ec6-4d55-94d4-63267ac9a183,9d5ddc90-8f9d-4759-b73d-fff0cd877d73,Mega Dragonite ex,Ascended Heroes,290,special_illustration_rare,v1|117390591890|0,2026 Pokemon 290/217 Mega Dragonite ex Ascended Heroes,,Ungraded,4000,[],"[""FIXED_PRICE"", ""BEST_OFFER""]",tntcards.mi,https://i.ebayimg.com/images/g/s8cAAeSw72hqlxjV/s-l225.jpg,https://www.ebay.com/itm/117390591890?_skw=Mega+Dragonite+ex+290+Ascended+Heroes+Pokemon+card&hash=item1b55064792:g:s8cAAeSw72hqlxjV,"{""value"": ""700.00"", ""currency"": ""USD""}","[{""shippingCostType"": ""FIXED"", ""shippingCost"": {""value"": ""5.99"", ""currency"": ""USD""}, ""minEstimatedDeliveryDate"": ""2026-09-15T07:00:00.000Z"", ""maxEstimatedDeliveryDate"": ""2026-09-21T07:00:00.000Z""}]",,,PENDING_INDEPENDENT_HUMAN_REVIEW,FINAL_BLIND_TEST,,,,,,,,,,,,,,
D2-0379,4206e794-1ec6-4d55-94d4-63267ac9a183,9d5ddc90-8f9d-4759-b73d-fff0cd877d73,Mega Dragonite ex,Ascended Heroes,290,special_illustration_rare,v1|128067446800|0,Mega Dragonite EX 290/217 Evolutions Secret Rare Full Art Holo Pokemon ,,Ungraded,4000,[],"[""FIXED_PRICE"", ""BEST_OFFER""]",mr.rios97,https://i.ebayimg.com/images/g/XqwAAeSw90tqnvXK/s-l225.jpg,https://www.ebay.com/itm/128067446800?_skw=Mega+Dragonite+ex+290+Ascended+Heroes+Pokemon+card&hash=item1dd16a2810:g:XqwAAeSw90tqnvXK,"{""value"": ""635.00"", ""currency"": ""USD""}","[{""shippingCostType"": ""CALCULATED""}]",,,PENDING_INDEPENDENT_HUMAN_REVIEW,FINAL_BLIND_TEST,,,,,,,,,,,,,,
D2-0380,4206e794-1ec6-4d55-94d4-63267ac9a183,9d5ddc90-8f9d-4759-b73d-fff0cd877d73,Mega Dragonite ex,Ascended Heroes,290,special_illustration_rare,v1|227459751649|0,2026 Pokemon Mega Dragonite ex Special Illustration Rare #290/217 NM,,Ungraded,4000,[],"[""FIXED_PRICE"", ""BEST_OFFER""]",rogerscomics,https://i.ebayimg.com/images/g/bo8AAeSwDF1qcA~0/s-l225.jpg,https://www.ebay.com/itm/227459751649?_skw=Mega+Dragonite+ex+290+Ascended+Heroes+Pokemon+card&hash=item34f5a85ee1:g:bo8AAeSwDF1qcA~0,"{""value"": ""700.00"", ""currency"": ""USD""}","[{""shippingCostType"": ""FIXED"", ""shippingCost"": {""value"": ""0.00"", ""currency"": ""USD""}, ""minEstimatedDeliveryDate"": ""2026-09-15T07:00:00.000Z"", ""maxEstimatedDeliveryDate"": ""2026-09-21T07:00:00.000Z""}]",,,PENDING_INDEPENDENT_HUMAN_REVIEW,FINAL_BLIND_TEST,,,,,,,,,,,,,,
D2-0388,4206e794-1ec6-4d55-94d4-63267ac9a183,9d5ddc90-8f9d-4759-b73d-fff0cd877d73,Mega Dragonite ex,Ascended Heroes,290,special_illustration_rare,v1|128074808843|0,Mega Dragonite ex SIR Ascended Heroes 290/217 English Pokémon TCG NM,,Ungraded,4000,[],"[""FIXED_PRICE"", ""BEST_OFFER""]",tpizzle70,https://i.ebayimg.com/images/g/FJQAAeSwZBRqpJ3d/s-l225.jpg,https://www.ebay.com/itm/128074808843?_skw=Mega+Dragonite+ex+290+Ascended+Heroes+Pokemon+card&hash=item1dd1da7e0b:g:FJQAAeSwZBRqpJ3d,"{""value"": ""650.00"", ""currency"": ""USD""}","[{""shippingCostType"": ""FIXED"", ""shippingCost"": {""value"": ""0.00"", ""currency"": ""USD""}, ""minEstimatedDeliveryDate"": ""2026-09-16T07:00:00.000Z"", ""maxEstimatedDeliveryDate"": ""2026-09-22T07:00:00.000Z""}]",,,PENDING_INDEPENDENT_HUMAN_REVIEW,FINAL_BLIND_TEST,,,,,,,,,,,,,,
D2-0390,4206e794-1ec6-4d55-94d4-63267ac9a183,9d5ddc90-8f9d-4759-b73d-fff0cd877d73,Mega Dragonite ex,Ascended Heroes,290,special_illustration_rare,v1|137662679941|0,POKEMON TCG MEGA DRAGONITE EX 290/217 ASCENDED HEROES SIR HOLO ENG,,Ungraded,4000,[],"[""FIXED_PRICE""]",mufa808,https://i.ebayimg.com/images/g/QsMAAeSwWaNqjp4U/s-l225.jpg,https://www.ebay.com/itm/137662679941?_skw=Mega+Dragonite+ex+290+Ascended+Heroes+Pokemon+card&hash=item200d55cb85:g:QsMAAeSwWaNqjp4U,"{""value"": ""699.99"", ""currency"": ""USD""}","[{""shippingCostType"": ""CALCULATED""}]",,,PENDING_INDEPENDENT_HUMAN_REVIEW,FINAL_BLIND_TEST,,,,,,,,,,,,,,
D2-0391,4299cd6b-98e3-4e65-865f-26a39b19fe5b,041717c6-a2b6-40d1-867a-b1abb1d65ec8,Durant ex,Surging Sparks,236,special_illustration_rare,v1|117190995917|0,Pokemon - Durant ex 236/191 Special Illustration Rare Ungraded Surging Sparks,,Ungraded,4000,[],"[""FIXED_PRICE""]",chakochan5,https://i.ebayimg.com/images/g/QQUAAeSw7pFqAtLE/s-l225.jpg,https://www.ebay.com/itm/117190995917?_skw=Durant+ex+236+Surging+Sparks+Pokemon+card&hash=item1b4920afcd:g:QQUAAeSw7pFqAtLE,"{""value"": ""29.99"", ""currency"": ""USD""}","[{""shippingCostType"": ""CALCULATED""}]",,,PENDING_INDEPENDENT_HUMAN_REVIEW,FINAL_BLIND_TEST,,,,,,,,,,,,,,
D2-0392,4299cd6b-98e3-4e65-865f-26a39b19fe5b,041717c6-a2b6-40d1-867a-b1abb1d65ec8,Durant ex,Surging Sparks,236,special_illustration_rare,v1|137590647311|0,Durant ex Special Illustration Rare SSP SV08: Surging Sparks 236/191,,Ungraded,4000,[],"[""FIXED_PRICE"", ""BEST_OFFER""]",collectorsfromdade,https://i.ebayimg.com/images/g/sEkAAeSwH5FqEi-a/s-l225.jpg,https://www.ebay.com/itm/137590647311?_skw=Durant+ex+236+Surging+Sparks+Pokemon+card&hash=item20090aaa0f:g:sEkAAeSwH5FqEi-a,"{""value"": ""34.99"", ""currency"": ""USD""}","[{""shippingCostType"": ""CALCULATED""}]",,,PENDING_INDEPENDENT_HUMAN_REVIEW,FINAL_BLIND_TEST,,,,,,,,,,,,,,
D2-0394,4299cd6b-98e3-4e65-865f-26a39b19fe5b,041717c6-a2b6-40d1-867a-b1abb1d65ec8,Durant ex,Surging Sparks,236,special_illustration_rare,v1|137723669523|0,Pokemon TCG Durant ex 236/191 SV08 Ultra Rare Holo Full Art EN,,Ungraded,4000,[],"[""FIXED_PRICE"", ""BEST_OFFER""]",412cardshop,https://i.ebayimg.com/images/g/QfkAAeSw0l5qo4k1/s-l225.jpg,https://www.ebay.com/itm/137723669523?_skw=Durant+ex+236+Surging+Sparks+Pokemon+card&hash=item2010f86c13:g:QfkAAeSw0l5qo4k1,"{""value"": ""28.00"", ""currency"": ""USD""}","[{""shippingCostType"": ""CALCULATED""}]",,,PENDING_INDEPENDENT_HUMAN_REVIEW,FINAL_BLIND_TEST,,,,,,,,,,,,,,
D2-0398,4299cd6b-98e3-4e65-865f-26a39b19fe5b,041717c6-a2b6-40d1-867a-b1abb1d65ec8,Durant ex,Surging Sparks,236,special_illustration_rare,v1|398175931204|0,2024 POKEMON SSP EN-SURGING SPARKS SPECIAL ILLUSTRATION RARE DURANT EX,,Ungraded,4000,[],"[""FIXED_PRICE"", ""BEST_OFFER""]",palm_tree_cards,https://i.ebayimg.com/images/g/BcAAAeSwU7xqVw06/s-l225.jpg,https://www.ebay.com/itm/398175931204?_skw=Durant+ex+236+Surging+Sparks+Pokemon+card&hash=item5cb5228b44:g:BcAAAeSwU7xqVw06,"{""value"": ""39.99"", ""currency"": ""USD""}","[{""shippingCostType"": ""CALCULATED""}]",,,PENDING_INDEPENDENT_HUMAN_REVIEW,FINAL_BLIND_TEST,,,,,,,,,,,,,,
D2-0403,4299cd6b-98e3-4e65-865f-26a39b19fe5b,041717c6-a2b6-40d1-867a-b1abb1d65ec8,Durant ex,Surging Sparks,236,special_illustration_rare,v1|147566056082|0,Durant ex 236/191 Special Illustration Rare - Surging Sparks - Pokemon TCG NM/M,,Ungraded,4000,[],"[""AUCTION""]",ashhucker,https://i.ebayimg.com/images/g/Pr8AAeSwjsRqo-4Z/s-l225.jpg,https://www.ebay.com/itm/147566056082?_skw=Durant+ex+236+Surging+Sparks+Pokemon+card&hash=item225b9f5292:g:Pr8AAeSwjsRqo-4Z,{},"[{""shippingCostType"": ""FIXED"", ""shippingCost"": {""value"": ""21.47"", ""currency"": ""USD"", ""convertedFromValue"": ""30.00"", ""convertedFromCurrency"": ""AUD""}, ""minEstimatedDeliveryDate"": ""2026-09-22T07:00:00.000Z"", ""maxEstimatedDeliveryDate"": ""2026-09-28T07:00:00.000Z""}]",,,PENDING_INDEPENDENT_HUMAN_REVIEW,FINAL_BLIND_TEST,,,,,,,,,,,,,,
D2-0411,50f67b41-059d-4c14-842f-8b48fba46bc2,304de4f2-c09c-4d1c-a57e-5b83867aee55,Lt. Surge's Bargain,Mega Evolution,120,uncommon,v1|157367695863|458863644107,Mega Evolution Pokémon Cards! Holo/Reverse Holo EX SIR Illustration Rare Card!,,Ungraded,4000,[],"[""FIXED_PRICE""]",overstackedcards,https://i.ebayimg.com/images/g/jIkAAeSwrxVo4fR2/s-l225.jpg,https://www.ebay.com/itm/157367695863?_skw=Lt.+Surge%27s+Bargain+120+Mega+Evolution+Pokemon+card&hash=item24a3d879f7:g:jIkAAeSwrxVo4fR2,"{""value"": ""1.42"", ""currency"": ""USD""}","[{""shippingCostType"": ""FIXED"", ""shippingCost"": {""value"": ""0.00"", ""currency"": ""USD""}, ""minEstimatedDeliveryDate"": ""2026-09-15T07:00:00.000Z"", ""maxEstimatedDeliveryDate"": ""2026-09-18T07:00:00.000Z""}]",,,PENDING_INDEPENDENT_HUMAN_REVIEW,FINAL_BLIND_TEST,,,,,,,,,,,,,,
D2-0412,50f67b41-059d-4c14-842f-8b48fba46bc2,304de4f2-c09c-4d1c-a57e-5b83867aee55,Lt. Surge's Bargain,Mega Evolution,120,uncommon,v1|158035579243|0,Lt. Surge's Bargain 120/132 Mega Evolution Pokemon TCG 2x Playset Reverse & Reg,,Ungraded,4000,[],"[""FIXED_PRICE"", ""BEST_OFFER""]",kno039,https://i.ebayimg.com/images/g/-CQAAeSwslZpD6Zi/s-l225.jpg,https://www.ebay.com/itm/158035579243?_skw=Lt.+Surge%27s+Bargain+120+Mega+Evolution+Pokemon+card&hash=item24cba7916b:g:-CQAAeSwslZpD6Zi,"{""value"": ""1.31"", ""currency"": ""USD""}","[{""shippingCostType"": ""FIXED"", ""shippingCost"": {""value"": ""0.00"", ""currency"": ""USD""}, ""minEstimatedDeliveryDate"": ""2026-09-16T07:00:00.000Z"", ""maxEstimatedDeliveryDate"": ""2026-09-22T07:00:00.000Z""}]",,,PENDING_INDEPENDENT_HUMAN_REVIEW,FINAL_BLIND_TEST,,,,,,,,,,,,,,
D2-0416,50f67b41-059d-4c14-842f-8b48fba46bc2,304de4f2-c09c-4d1c-a57e-5b83867aee55,Lt. Surge's Bargain,Mega Evolution,120,uncommon,v1|137726868639|0,Lt. Surge's Bargain 120/132 ME01: Mega Evolution Uncommon Reverse Holo NM,,Ungraded,4000,[],"[""FIXED_PRICE"", ""BEST_OFFER""]",vishripz,https://i.ebayimg.com/images/g/~pIAAeSw7k9qpLN0/s-l225.jpg,https://www.ebay.com/itm/137726868639?_skw=Lt.+Surge%27s+Bargain+120+Mega+Evolution+Pokemon+card&hash=item2011293c9f:g:~pIAAeSw7k9qpLN0,"{""value"": ""1.99"", ""currency"": ""USD""}","[{""shippingCostType"": ""FIXED"", ""shippingCost"": {""value"": ""0.00"", ""currency"": ""USD""}, ""minEstimatedDeliveryDate"": ""2026-09-15T07:00:00.000Z"", ""maxEstimatedDeliveryDate"": ""2026-09-18T07:00:00.000Z""}]",,,PENDING_INDEPENDENT_HUMAN_REVIEW,FINAL_BLIND_TEST,,,,,,,,,,,,,,
D2-0418,50f67b41-059d-4c14-842f-8b48fba46bc2,304de4f2-c09c-4d1c-a57e-5b83867aee55,Lt. Surge's Bargain,Mega Evolution,120,uncommon,v1|157516936242|0,Pokemon - Lt. Surge's Bargain - 120/132  - Reverse Holo - Mega Evolution - NM/M,,Ungraded,4000,[],"[""FIXED_PRICE""]",sunbreak,https://i.ebayimg.com/images/g/2wEAAeSwzBhpL1Lw/s-l225.jpg,https://www.ebay.com/itm/157516936242?_skw=Lt.+Surge%27s+Bargain+120+Mega+Evolution+Pokemon+card&hash=item24acbdb432:g:2wEAAeSwzBhpL1Lw,"{""value"": ""1.75"", ""currency"": ""USD""}","[{""shippingCostType"": ""FIXED"", ""shippingCost"": {""value"": ""0.00"", ""currency"": ""USD""}, ""minEstimatedDeliveryDate"": ""2026-09-15T07:00:00.000Z"", ""maxEstimatedDeliveryDate"": ""2026-09-18T07:00:00.000Z""}]",,,PENDING_INDEPENDENT_HUMAN_REVIEW,FINAL_BLIND_TEST,,,,,,,,,,,,,,
D2-0420,50f67b41-059d-4c14-842f-8b48fba46bc2,304de4f2-c09c-4d1c-a57e-5b83867aee55,Lt. Surge's Bargain,Mega Evolution,120,uncommon,v1|158257208664|459388718844,Pokemon Mega Evolution Reverse Holo Pick Your Card ME01 TCG NM,,Ungraded,4000,[],"[""FIXED_PRICE""]",mac_tcgandsports,https://i.ebayimg.com/images/g/vnMAAeSwA-tqmtMJ/s-l225.jpg,https://www.ebay.com/itm/158257208664?_skw=Lt.+Surge%27s+Bargain+120+Mega+Evolution+Pokemon+card&hash=item24d8dd5d58:g:vnMAAeSwA-tqmtMJ,"{""value"": ""1.49"", ""currency"": ""USD""}","[{""shippingCostType"": ""FIXED"", ""shippingCost"": {""value"": ""0.00"", ""currency"": ""USD""}, ""minEstimatedDeliveryDate"": ""2026-09-15T07:00:00.000Z"", ""maxEstimatedDeliveryDate"": ""2026-09-21T07:00:00.000Z""}]",,,PENDING_INDEPENDENT_HUMAN_REVIEW,FINAL_BLIND_TEST,,,,,,,,,,,,,,
D2-0422,53466d2d-94fd-4230-9505-694297a9030d,3451abaf-acc7-41aa-a60c-25f24b7ac07f,Perrin,Twilight Masquerade,220,special_illustration_rare,v1|117294377001|0,Pokemon TCG Perrin 220/167 Twilight Masquerade Trainer Rare Full Art Holo NM,,Ungraded,4000,[],"[""FIXED_PRICE""]",pokegraff,https://i.ebayimg.com/images/g/YqsAAeSwPpdqUFuU/s-l225.jpg,https://www.ebay.com/itm/117294377001?_skw=Perrin+220+Twilight+Masquerade+Pokemon+card&hash=item1b4f4a2829:g:YqsAAeSwPpdqUFuU,"{""value"": ""169.95"", ""currency"": ""USD""}","[{""shippingCostType"": ""CALCULATED""}]",,,PENDING_INDEPENDENT_HUMAN_REVIEW,FINAL_BLIND_TEST,,,,,,,,,,,,,,
D2-0424,53466d2d-94fd-4230-9505-694297a9030d,3451abaf-acc7-41aa-a60c-25f24b7ac07f,Perrin,Twilight Masquerade,220,special_illustration_rare,v1|158144885999|0,Perrin 220/167 Special Illustration Rare TWM Pokemon Holofoil Near Mint,,Ungraded,4000,[],"[""FIXED_PRICE"", ""BEST_OFFER""]",swiftrare,https://i.ebayimg.com/images/g/vTcAAeSwsDVqlHVx/s-l225.jpg,https://www.ebay.com/itm/158144885999?_skw=Perrin+220+Twilight+Masquerade+Pokemon+card&hash=item24d22b74ef:g:vTcAAeSwsDVqlHVx&amdata=enc%3AAQALAAABEACCtXRWQnOEpyOqnQQ8KGaJwgFlINVM6O9gu4aTk%2F5CsCs1dhOGqLGrtjzbt0VZ4PN5m39fjCo7FFYgJdNi8GkVBrAoeiNJiYvXXaxr7rxMGA632M6L7S4BYhxX9Jw%2F8oKKD9mUHa2VHfNCaxXh2JcPJ7UMg56veBONhSs0%2BPBNYwD2nvEBGBqICXj9P7j4juznp6HUEqjEKEKo3DaK0oeUdgG27RH6dpH8lvmYOXRXAOcMFgTzAkTdTO002Lh6Ky4ObfSYgO3XdfDRV3sjaktra%2BilTVLWNUSqJsnUWHzYSeSV%2BXIlFiAbigyYFEC004tGe%2FMcTV4r9GH%2FDQuxJjQfYIhAtx0BXaaCeoQHKvhj,"{""value"": ""180.49"", ""currency"": ""USD""}","[{""shippingCostType"": ""FIXED"", ""shippingCost"": {""value"": ""0.00"", ""currency"": ""USD""}, ""minEstimatedDeliveryDate"": ""2026-09-14T07:00:00.000Z"", ""maxEstimatedDeliveryDate"": ""2026-09-16T07:00:00.000Z""}]",,,PENDING_INDEPENDENT_HUMAN_REVIEW,FINAL_BLIND_TEST,,,,,,,,,,,,,,
D2-0428,53466d2d-94fd-4230-9505-694297a9030d,3451abaf-acc7-41aa-a60c-25f24b7ac07f,Perrin,Twilight Masquerade,220,special_illustration_rare,v1|157843229997|0,Perrin 220/167 TCG Sv06 Twilight Masquerade Extended Art Case,,Ungraded,4000,[],"[""FIXED_PRICE""]",outback_originals,https://i.ebayimg.com/images/g/Af4AAeSwcSpp48TB/s-l225.jpg,https://www.ebay.com/itm/157843229997?_skw=Perrin+220+Twilight+Masquerade+Pokemon+card&hash=item24c0308d2d:g:Af4AAeSwcSpp48TB,"{""value"": ""12.00"", ""currency"": ""USD""}","[{""shippingCostType"": ""FIXED"", ""shippingCost"": {""value"": ""5.50"", ""currency"": ""USD""}, ""minEstimatedDeliveryDate"": ""2026-09-15T07:00:00.000Z"", ""maxEstimatedDeliveryDate"": ""2026-09-18T07:00:00.000Z""}]",,,PENDING_INDEPENDENT_HUMAN_REVIEW,FINAL_BLIND_TEST,,,,,,,,,,,,,,
D2-0432,53466d2d-94fd-4230-9505-694297a9030d,3451abaf-acc7-41aa-a60c-25f24b7ac07f,Perrin,Twilight Masquerade,220,special_illustration_rare,v1|137485560410|0,Pokemon TCG Twilight Masquerade Perrin 220/167 Special Illustration Rare SIR,,Ungraded,4000,[],"[""FIXED_PRICE""]",luistreasuresandfinds,https://i.ebayimg.com/images/g/SMIAAeSw4qRqSqy-/s-l225.jpg,https://www.ebay.com/itm/137485560410?_skw=Perrin+220+Twilight+Masquerade+Pokemon+card&hash=item2002c72a5a:g:SMIAAeSw4qRqSqy-,"{""value"": ""189.99"", ""currency"": ""USD""}","[{""shippingCostType"": ""CALCULATED""}]",,,PENDING_INDEPENDENT_HUMAN_REVIEW,FINAL_BLIND_TEST,,,,,,,,,,,,,,
D2-0434,53466d2d-94fd-4230-9505-694297a9030d,3451abaf-acc7-41aa-a60c-25f24b7ac07f,Perrin,Twilight Masquerade,220,special_illustration_rare,v1|157900522248|0,Perrin 220/167 - Twilight Masquerade Pokemon TCG - NM,,Ungraded,4000,[],"[""FIXED_PRICE""]",hippo_cards,https://i.ebayimg.com/images/g/5q4AAeSw7pFqASoy/s-l225.jpg,https://www.ebay.com/itm/157900522248?_skw=Perrin+220+Twilight+Masquerade+Pokemon+card&hash=item24c39ac308:g:5q4AAeSw7pFqASoy,"{""value"": ""195.92"", ""currency"": ""USD"", ""convertedFromValue"": ""145.00"", ""convertedFromCurrency"": ""GBP""}",[],,,PENDING_INDEPENDENT_HUMAN_REVIEW,FINAL_BLIND_TEST,,,,,,,,,,,,,,
D2-0437,55096ab6-1773-47c4-bbff-20c1db011223,9f4a2888-2f11-47aa-a5c5-2ccac8ca7c71,Victini,Black Bolt,171,rare,v1|137585938171|0,Victini 171/086 Black Bolt & White Flare Red,,Ungraded,4000,[],"[""FIXED_PRICE""]",elbeecards,https://i.ebayimg.com/images/g/VEIAAeSwJaRqcjSF/s-l225.jpg,https://www.ebay.com/itm/137585938171?_skw=Victini+171+Black+Bolt+Pokemon+card&hash=item2008c2cefb:g:VEIAAeSwJaRqcjSF,"{""value"": ""549.99"", ""currency"": ""USD""}","[{""shippingCostType"": ""FIXED"", ""shippingCost"": {""value"": ""10.00"", ""currency"": ""USD""}, ""minEstimatedDeliveryDate"": ""2026-09-15T07:00:00.000Z"", ""maxEstimatedDeliveryDate"": ""2026-09-21T07:00:00.000Z""}]",,,PENDING_INDEPENDENT_HUMAN_REVIEW,FINAL_BLIND_TEST,,,,,,,,,,,,,,
D2-0441,55096ab6-1773-47c4-bbff-20c1db011223,9f4a2888-2f11-47aa-a5c5-2ccac8ca7c71,Victini,Black Bolt,171,rare,v1|128055855990|0,Victini 12/86 Black Bolt Rare Holo Near Mint Pokemon,,Ungraded,4000,[],"[""FIXED_PRICE"", ""BEST_OFFER""]",zappypulls,https://i.ebayimg.com/images/g/LDQAAeSwjFZqmzgK/s-l225.jpg,https://www.ebay.com/itm/128055855990?_skw=Victini+171+Black+Bolt+Pokemon+card&hash=item1dd0b94b76:g:LDQAAeSwjFZqmzgK,"{""value"": ""1.79"", ""currency"": ""USD""}","[{""shippingCostType"": ""FIXED"", ""shippingCost"": {""value"": ""0.00"", ""currency"": ""USD""}, ""minEstimatedDeliveryDate"": ""2026-09-16T07:00:00.000Z"", ""maxEstimatedDeliveryDate"": ""2026-09-22T07:00:00.000Z""}]",,,PENDING_INDEPENDENT_HUMAN_REVIEW,FINAL_BLIND_TEST,,,,,,,,,,,,,,
D2-0442,55096ab6-1773-47c4-bbff-20c1db011223,9f4a2888-2f11-47aa-a5c5-2ccac8ca7c71,Victini,Black Bolt,171,rare,v1|137640042417|0,Victini 12/86 Holo Rare Black Bolt NM Pokemon TCG,,Ungraded,4000,[],"[""FIXED_PRICE"", ""BEST_OFFER""]",thehobbyarchive,https://i.ebayimg.com/images/g/xcUAAeSwSytqheI~/s-l225.jpg,https://www.ebay.com/itm/137640042417?_skw=Victini+171+Black+Bolt+Pokemon+card&hash=item200bfc5fb1:g:xcUAAeSwSytqheI~,"{""value"": ""1.99"", ""currency"": ""USD""}","[{""shippingCostType"": ""FIXED"", ""shippingCost"": {""value"": ""0.00"", ""currency"": ""USD""}, ""minEstimatedDeliveryDate"": ""2026-09-15T07:00:00.000Z"", ""maxEstimatedDeliveryDate"": ""2026-09-19T07:00:00.000Z""}]",,,PENDING_INDEPENDENT_HUMAN_REVIEW,FINAL_BLIND_TEST,,,,,,,,,,,,,,
D2-0445,55096ab6-1773-47c4-bbff-20c1db011223,9f4a2888-2f11-47aa-a5c5-2ccac8ca7c71,Victini,Black Bolt,171,rare,v1|317328672868|0,WHT Victini 172/086 BGS Beckett Gem Mint 9.5,,Graded,2750,[],"[""FIXED_PRICE"", ""BEST_OFFER""]",imdrillin,https://i.ebayimg.com/images/g/wlUAAeSw-npo1FVI/s-l225.jpg,https://www.ebay.com/itm/317328672868?_skw=Victini+171+Black+Bolt+Pokemon+card&hash=item49e2434864:g:wlUAAeSw-npo1FVI&amdata=enc%3AAQALAAABEACCtXRWQnOEpyOqnQQ8KGYrDQLnz0hku8g6drLq%2Bps3bjRpKyftJNNncuyIrvp%2FJ1REFYEYv3HgkdKTPi3BFCsVI2sLO3blWaBSOADkAZfdaksTVjxPKJ8xXk2jdyYm74O%2BF5k4IHDlOz02n4Fc%2FhrYoUVY85HZELQ%2BO3lGUxle02iWNm4I1UbobON5bNwIH%2BxjNTSYiGeIKf96cGaXMKVom%2BgE4Tjc4ZQM2wC4Xg7Kszhx%2BEjO%2B90F85tARxcVNMiXb8U9apM5JJ8W5pS4TIpOiYi8NPTPmUSsZZkW1Q6C1VQrSQ8L8EzroWn5R5Ipki3dysWqtI2ldxG%2BPC0bZppUHjL5a86auZGifto3Xvf9,"{""value"": ""10000.00"", ""currency"": ""USD""}","[{""shippingCostType"": ""CALCULATED""}]",,,PENDING_INDEPENDENT_HUMAN_REVIEW,FINAL_BLIND_TEST,,,,,,,,,,,,,,
D2-0448,55096ab6-1773-47c4-bbff-20c1db011223,9f4a2888-2f11-47aa-a5c5-2ccac8ca7c71,Victini,Black Bolt,171,rare,v1|157477960049|0,Victini 171/086 Sv: Black Bolt Pokemon Extended Artwork Case,,Ungraded,4000,[],"[""FIXED_PRICE""]",outback_originals,https://i.ebayimg.com/images/g/xR8AAeSwrxppKdsl/s-l225.jpg,https://www.ebay.com/itm/157477960049?_skw=Victini+171+Black+Bolt+Pokemon+card&hash=item24aa6af971:g:xR8AAeSwrxppKdsl,"{""value"": ""12.00"", ""currency"": ""USD""}","[{""shippingCostType"": ""FIXED"", ""shippingCost"": {""value"": ""5.00"", ""currency"": ""USD""}, ""minEstimatedDeliveryDate"": ""2026-09-15T07:00:00.000Z"", ""maxEstimatedDeliveryDate"": ""2026-09-18T07:00:00.000Z""}]",,,PENDING_INDEPENDENT_HUMAN_REVIEW,FINAL_BLIND_TEST,,,,,,,,,,,,,,
D2-0452,5576e4b9-4873-40fa-84c4-da9f28cec096,8614b6c4-8840-4b33-9908-4ded064f570f,Gulpin,Stellar Crown,154,illustration_rare,v1|127458398190|0,CGC Gem Mint 10 Gulpin 154/142 Pokémon Stellar Crown SCR EN,,Graded,2750,[],"[""FIXED_PRICE"", ""BEST_OFFER""]",fortytwo-tcg,https://i.ebayimg.com/images/g/VjUAAeSwrfZpAYcm/s-l225.jpg,https://www.ebay.com/itm/127458398190?_skw=Gulpin+154+Stellar+Crown+Pokemon+card&hash=item1dad1ccfee:g:VjUAAeSwrfZpAYcm&amdata=enc%3AAQALAAABAACCtXRWQnOEpyOqnQQ8KGYftQR8YJ9KHFzCmuanT4%2FNuXclJi9bZmVFMBaETaLkOwbm5lnCbH%2Fwnasy%2FJeftzfdyPD7uugfO0f8REZbuwXciljmwmTJdApLZTBd%2BCoBrTVkrJSr%2FMz2C6wxKUEvuPmTBMsyl0zr7A9j1sphcT5P%2FLPCWIFtFPCxA7qBCLqQcaIpJy2DVnhVliYtpU%2F6ywjlHwYKSL%2Btzf5X01LW%2Bm55aYwQe73Y5Hz1EYp8uwHp0fvWlJj46xnRWLHjf34edp6VqoOx0ERcZD5kZSd7R8L5Rs8sE2hjJPuorW3DFrhB6G6XxcuBLUknBNuvaa4vAcE%3D,"{""value"": ""99.99"", ""currency"": ""USD""}","[{""shippingCostType"": ""FIXED"", ""shippingCost"": {""value"": ""0.00"", ""currency"": ""USD""}, ""minEstimatedDeliveryDate"": ""2026-09-15T07:00:00.000Z"", ""maxEstimatedDeliveryDate"": ""2026-09-21T07:00:00.000Z""}]",,,PENDING_INDEPENDENT_HUMAN_REVIEW,FINAL_BLIND_TEST,,,,,,,,,,,,,,
D2-0454,5576e4b9-4873-40fa-84c4-da9f28cec096,8614b6c4-8840-4b33-9908-4ded064f570f,Gulpin,Stellar Crown,154,illustration_rare,v1|237052313963|0,Pokemon SCR Gulpin 154/142 NM,,Ungraded,4000,[],"[""FIXED_PRICE""]",stoosert,https://i.ebayimg.com/images/g/33sAAeSwmpZqnM58/s-l225.jpg,https://www.ebay.com/itm/237052313963?_skw=Gulpin+154+Stellar+Crown+Pokemon+card&hash=item37316b416b:g:33sAAeSwmpZqnM58,"{""value"": ""17.38"", ""currency"": ""USD""}","[{""shippingCostType"": ""FIXED"", ""shippingCost"": {""value"": ""0.00"", ""currency"": ""USD""}, ""minEstimatedDeliveryDate"": ""2026-09-15T07:00:00.000Z"", ""maxEstimatedDeliveryDate"": ""2026-09-21T07:00:00.000Z""}]",,,PENDING_INDEPENDENT_HUMAN_REVIEW,FINAL_BLIND_TEST,,,,,,,,,,,,,,
D2-0457,5576e4b9-4873-40fa-84c4-da9f28cec096,8614b6c4-8840-4b33-9908-4ded064f570f,Gulpin,Stellar Crown,154,illustration_rare,v1|127843249262|0,Gulpin 154/142 Sv07: Stellar Crown Holo,,Ungraded,4000,[],"[""FIXED_PRICE"", ""BEST_OFFER""]",eclecticcardsa0,https://i.ebayimg.com/images/g/d8MAAeSwctZp9s4s/s-l225.jpg,https://www.ebay.com/itm/127843249262?_skw=Gulpin+154+Stellar+Crown+Pokemon+card&hash=item1dc40d2c6e:g:d8MAAeSwctZp9s4s&amdata=enc%3AAQALAAABAACCtXRWQnOEpyOqnQQ8KGbt9skXvBUrP4zfTS53f6xOwBKLN%2BujcbFv%2BZrkQppKUrZpPRw0wI6v2tiBblG9UAjJOqv1dm6%2BOSW%2B2evhhURu97FFn8boaPeVj4%2BYWZgmDakZIEyMk0yiukSM301GTXz89WdwMixZbrlOedZ7jKcQozG%2BtZSqzn4CPnVq9FdwOHFRpxqdDpr43MzDgHEjhP3Z3xTNs0hVzGJWyL%2B2a1gFrn13AWQbkv5IRbpr9aasC3DIWIXhQu3AdRfWemXX%2Bj%2F18mfq1lk6xVqgz0luNynazKEQ%2BqmQFoG2G2HWtvYjmp6yyRL9U38S9My39yeviVE%3D,"{""value"": ""11.11"", ""currency"": ""USD""}","[{""shippingCostType"": ""FIXED"", ""shippingCost"": {""value"": ""8.22"", ""currency"": ""USD""}, ""minEstimatedDeliveryDate"": ""2026-09-15T07:00:00.000Z"", ""maxEstimatedDeliveryDate"": ""2026-09-21T07:00:00.000Z""}]",,,PENDING_INDEPENDENT_HUMAN_REVIEW,FINAL_BLIND_TEST,,,,,,,,,,,,,,
D2-0459,5576e4b9-4873-40fa-84c4-da9f28cec096,8614b6c4-8840-4b33-9908-4ded064f570f,Gulpin,Stellar Crown,154,illustration_rare,v1|128039481039|0,Gulpin 154/142 Illustration Rare Stellar Crown Pokemon Holo Near Mint,,Ungraded,4000,[],"[""FIXED_PRICE""]",dvldawg33,https://i.ebayimg.com/images/g/Wk0AAeSwWaNqidm4/s-l225.jpg,https://www.ebay.com/itm/128039481039?_skw=Gulpin+154+Stellar+Crown+Pokemon+card&hash=item1dcfbf6ecf:g:Wk0AAeSwWaNqidm4,"{""value"": ""14.00"", ""currency"": ""USD""}","[{""shippingCostType"": ""FIXED"", ""shippingCost"": {""value"": ""1.00"", ""currency"": ""USD""}, ""minEstimatedDeliveryDate"": ""2026-09-15T07:00:00.000Z"", ""maxEstimatedDeliveryDate"": ""2026-09-21T07:00:00.000Z""}]",,,PENDING_INDEPENDENT_HUMAN_REVIEW,FINAL_BLIND_TEST,,,,,,,,,,,,,,
D2-0463,5576e4b9-4873-40fa-84c4-da9f28cec096,8614b6c4-8840-4b33-9908-4ded064f570f,Gulpin,Stellar Crown,154,illustration_rare,v1|137526920574|0,Gulpin 154/142 Illustration Rare Pokemon Card SV07: Stellar Crown,,Ungraded,4000,[],"[""FIXED_PRICE""]",crystaltcg,https://i.ebayimg.com/images/g/ewYAAeSwP19qXBjN/s-l225.jpg,https://www.ebay.com/itm/137526920574?_skw=Gulpin+154+Stellar+Crown+Pokemon+card&hash=item20053e457e:g:ewYAAeSwP19qXBjN,"{""value"": ""20.00"", ""currency"": ""USD""}","[{""shippingCostType"": ""FIXED"", ""shippingCost"": {""value"": ""0.00"", ""currency"": ""USD""}, ""minEstimatedDeliveryDate"": ""2026-09-15T07:00:00.000Z"", ""maxEstimatedDeliveryDate"": ""2026-09-21T07:00:00.000Z""}]",,,PENDING_INDEPENDENT_HUMAN_REVIEW,FINAL_BLIND_TEST,,,,,,,,,,,,,,
D2-0468,605a2c1a-6a14-463e-b1e2-b55cd9c16244,14ea6011-0e3d-4eff-ac53-6b13e2976a71,Krookodile,Black Bolt,137,illustration_rare,v1|147452125608|0,Krookodile 137/086 Holo Illustration Rare Black Bolt Pokemon Near Mint,,Ungraded,4000,[],"[""FIXED_PRICE""]",nguyening_plays,https://i.ebayimg.com/images/g/GLgAAeSwfE5qX7yY/s-l225.jpg,https://www.ebay.com/itm/147452125608?_skw=Krookodile+137+Black+Bolt+Pokemon+card&hash=item2254d4e1a8:g:GLgAAeSwfE5qX7yY,"{""value"": ""70.00"", ""currency"": ""USD""}","[{""shippingCostType"": ""FIXED"", ""shippingCost"": {""value"": ""0.00"", ""currency"": ""USD""}, ""minEstimatedDeliveryDate"": ""2026-09-15T07:00:00.000Z"", ""maxEstimatedDeliveryDate"": ""2026-09-21T07:00:00.000Z""}]",,,PENDING_INDEPENDENT_HUMAN_REVIEW,FINAL_BLIND_TEST,,,,,,,,,,,,,,
D2-0470,605a2c1a-6a14-463e-b1e2-b55cd9c16244,14ea6011-0e3d-4eff-ac53-6b13e2976a71,Krookodile,Black Bolt,137,illustration_rare,v1|168663502711|0,Krookodile 137/086 Sv: Black Bolt Holo PSA 9,,Graded,2750,[],"[""FIXED_PRICE""]",nasets81,https://i.ebayimg.com/images/g/XIUAAeSwS8tqmsNA/s-l225.jpg,https://www.ebay.com/itm/168663502711?_skw=Krookodile+137+Black+Bolt+Pokemon+card&hash=item274520cf77:g:XIUAAeSwS8tqmsNA,"{""value"": ""70.00"", ""currency"": ""USD""}","[{""shippingCostType"": ""CALCULATED""}]",,,PENDING_INDEPENDENT_HUMAN_REVIEW,FINAL_BLIND_TEST,,,,,,,,,,,,,,
D2-0474,605a2c1a-6a14-463e-b1e2-b55cd9c16244,14ea6011-0e3d-4eff-ac53-6b13e2976a71,Krookodile,Black Bolt,137,illustration_rare,v1|158192609663|0,Pokemon Krookodile 137/086 Sv: Black Bolt EN Illustration Rare Full Art Holo,,Ungraded,4000,[],"[""FIXED_PRICE"", ""BEST_OFFER""]",jessiemae2a_t,https://i.ebayimg.com/images/g/HgQAAeSw-h9qgPdA/s-l225.jpg,https://www.ebay.com/itm/158192609663?_skw=Krookodile+137+Black+Bolt+Pokemon+card&hash=item24d503a97f:g:HgQAAeSw-h9qgPdA&amdata=enc%3AAQALAAABAACCtXRWQnOEpyOqnQQ8KGZALThHrI5bmiJfOF5%2FmJOfulbwHQGptsCZQ5bx1W04Dl7v9kHim%2Bgaz614KrUcptss1IyQbgMNwfgng0te9Y3sKmMl0zllzRtNP6P3H2pcoqT33tksfqY0hgr7CCR4oM73021D7H5S%2B9z6YbRCzQi%2F1wK9cjm2a%2Ba0IUSg6YiDtUX7jwEM%2BgUZd%2BdQjzaeuGiM5vMATut5MdOpaHS3nGatwpy3bxJ%2FU3meQF%2Fphv8UNRAWGjpX%2F9a7y79QIKE7DkmNpnDEivtFnxXgWx9Ana8yMrb6O%2FpmVXwlk09LUUea9aCmNAkVvT%2BajyspluCh7%2FI%3D,"{""value"": ""60.00"", ""currency"": ""USD""}","[{""shippingCostType"": ""CALCULATED""}]",,,PENDING_INDEPENDENT_HUMAN_REVIEW,FINAL_BLIND_TEST,,,,,,,,,,,,,,
D2-0475,605a2c1a-6a14-463e-b1e2-b55cd9c16244,14ea6011-0e3d-4eff-ac53-6b13e2976a71,Krookodile,Black Bolt,137,illustration_rare,v1|158271691590|0,Krookodile 137/086 Illustration Rare Black Bolt Pokemon Near Mint,,Ungraded,4000,[],"[""FIXED_PRICE"", ""BEST_OFFER""]",theprestigelifestyle,https://i.ebayimg.com/images/g/whoAAeSwdRdqoD1s/s-l225.jpg,https://www.ebay.com/itm/158271691590?_skw=Krookodile+137+Black+Bolt+Pokemon+card&hash=item24d9ba5b46:g:whoAAeSwdRdqoD1s,"{""value"": ""49.99"", ""currency"": ""USD""}","[{""shippingCostType"": ""CALCULATED""}]",,,PENDING_INDEPENDENT_HUMAN_REVIEW,FINAL_BLIND_TEST,,,,,,,,,,,,,,
D2-0478,605a2c1a-6a14-463e-b1e2-b55cd9c16244,14ea6011-0e3d-4eff-ac53-6b13e2976a71,Krookodile,Black Bolt,137,illustration_rare,v1|178319400449|0,2025 Pokemon Scarlet & Violet Black Bolt Krookodile Secret Rare #137/86,,Ungraded,4000,[],"[""FIXED_PRICE""]",mint_card_co,https://i.ebayimg.com/images/g/0FwAAeSwsFZqcL0p/s-l225.jpg,https://www.ebay.com/itm/178319400449?_skw=Krookodile+137+Black+Bolt+Pokemon+card&hash=item2984aa1e01:g:0FwAAeSwsFZqcL0p,"{""value"": ""71.65"", ""currency"": ""USD""}","[{""shippingCostType"": ""FIXED"", ""shippingCost"": {""value"": ""5.99"", ""currency"": ""USD""}, ""minEstimatedDeliveryDate"": ""2026-09-15T07:00:00.000Z"", ""maxEstimatedDeliveryDate"": ""2026-09-19T07:00:00.000Z""}]",,,PENDING_INDEPENDENT_HUMAN_REVIEW,FINAL_BLIND_TEST,,,,,,,,,,,,,,
D2-0481,640cd931-d97f-4173-ad9d-3ab86f91d92c,c79d38c0-0768-4f3e-80fe-8490d79b00b1,Pecharunt ex,Shrouded Fable,93,special_illustration_rare,v1|156711262056|0,Pecharunt Ex Shrouded Fable 93,,Ungraded,4000,[],"[""FIXED_PRICE"", ""BEST_OFFER""]",whe-4454,https://i.ebayimg.com/images/g/uLAAAeSwlFtns8JL/s-l225.jpg,https://www.ebay.com/itm/156711262056?_skw=Pecharunt+ex+93+Shrouded+Fable+Pokemon+card&hash=item247cb81768:g:uLAAAeSwlFtns8JL,"{""value"": ""20.00"", ""currency"": ""USD""}",[],,,PENDING_INDEPENDENT_HUMAN_REVIEW,FINAL_BLIND_TEST,,,,,,,,,,,,,,
D2-0482,640cd931-d97f-4173-ad9d-3ab86f91d92c,c79d38c0-0768-4f3e-80fe-8490d79b00b1,Pecharunt ex,Shrouded Fable,93,special_illustration_rare,v1|318399228216|0,Pecharunt ex - Holo SV6PT5 Shrouded Fable 93/64 NM Pokemon,,Ungraded,4000,[],"[""FIXED_PRICE""]",ripdat1,https://i.ebayimg.com/images/g/mU0AAeSwTAhqHswY/s-l225.jpg,https://www.ebay.com/itm/318399228216?_skw=Pecharunt+ex+93+Shrouded+Fable+Pokemon+card&hash=item4a2212a938:g:mU0AAeSwTAhqHswY,"{""value"": ""24.99"", ""currency"": ""USD""}","[{""shippingCostType"": ""CALCULATED""}]",,,PENDING_INDEPENDENT_HUMAN_REVIEW,FINAL_BLIND_TEST,,,,,,,,,,,,,,
D2-0483,640cd931-d97f-4173-ad9d-3ab86f91d92c,c79d38c0-0768-4f3e-80fe-8490d79b00b1,Pecharunt ex,Shrouded Fable,93,special_illustration_rare,v1|355993623739|0,Pecharunt Ex 93/64,,Ungraded,4000,[],"[""FIXED_PRICE"", ""BEST_OFFER""]",tdtw_29,https://i.ebayimg.com/images/g/~lEAAOSwlD9mz96d/s-l225.jpg,https://www.ebay.com/itm/355993623739?_skw=Pecharunt+ex+93+Shrouded+Fable+Pokemon+card&hash=item52e2df9cbb:g:~lEAAOSwlD9mz96d,"{""value"": ""28.70"", ""currency"": ""USD""}","[{""shippingCostType"": ""CALCULATED""}]",,,PENDING_INDEPENDENT_HUMAN_REVIEW,FINAL_BLIND_TEST,,,,,,,,,,,,,,
D2-0486,640cd931-d97f-4173-ad9d-3ab86f91d92c,c79d38c0-0768-4f3e-80fe-8490d79b00b1,Pecharunt ex,Shrouded Fable,93,special_illustration_rare,v1|127461341516|0,CGC Gem Mint 10 Pecharunt ex 093/064 Pokémon Shrouded Fable SFA EN,,Graded,2750,[],"[""FIXED_PRICE"", ""BEST_OFFER""]",fortytwo-tcg,https://i.ebayimg.com/images/g/6t0AAeSwBy9pA6q4/s-l225.jpg,https://www.ebay.com/itm/127461341516?_skw=Pecharunt+ex+93+Shrouded+Fable+Pokemon+card&hash=item1dad49b94c:g:6t0AAeSwBy9pA6q4&amdata=enc%3AAQALAAABEACCtXRWQnOEpyOqnQQ8KGZWWuzz60YZ9KuryAgGmU3FKFipP9N%2FIGqlg%2F3vvj6V3kPuh6Bkj5VkdLsIl5Ok1nP3fKNo0wGSxAotSyzacjlzhq2AmuxSCvKbBFWFsp5ltXd4kAILDCIKSUY3QyhIlBPS%2BB%2Bf7vi3yoD6UJni48Y%2B2LB1giI8LhAqMy9QS%2BphaWYZUP7RNpnidp8Bl7spP%2BBSDlcvMkZivvzV%2BIILsNXFnrGD0VmfkrFhiTecTfY9b3j%2BTzSZhliAodBU7ff31kYC1npXcfSDyzidKXq8%2B8tLWX5ADxaEM7m8UglNGSTpLzzSSUjtJx5vp9VpoWmb4cWBkIqhcJAnu6ZUNPhIqQFy,"{""value"": ""174.99"", ""currency"": ""USD""}","[{""shippingCostType"": ""FIXED"", ""shippingCost"": {""value"": ""0.00"", ""currency"": ""USD""}, ""minEstimatedDeliveryDate"": ""2026-09-15T07:00:00.000Z"", ""maxEstimatedDeliveryDate"": ""2026-09-21T07:00:00.000Z""}]",,,PENDING_INDEPENDENT_HUMAN_REVIEW,FINAL_BLIND_TEST,,,,,,,,,,,,,,
D2-0490,640cd931-d97f-4173-ad9d-3ab86f91d92c,c79d38c0-0768-4f3e-80fe-8490d79b00b1,Pecharunt ex,Shrouded Fable,93,special_illustration_rare,v1|178170103808|0,Pokémon TCG Pecharunt EX Shrouded Fable Ultra Rare Holo Card 085/064 FA,,Ungraded,4000,[],"[""FIXED_PRICE"", ""BEST_OFFER""]",alfri-59,https://i.ebayimg.com/images/g/sbQAAeSwANdqFy76/s-l225.jpg,https://www.ebay.com/itm/178170103808?_skw=Pecharunt+ex+93+Shrouded+Fable+Pokemon+card&hash=item297bc40800:g:sbQAAeSwANdqFy76,"{""value"": ""6.30"", ""currency"": ""USD""}","[{""shippingCostType"": ""CALCULATED""}]",,,PENDING_INDEPENDENT_HUMAN_REVIEW,FINAL_BLIND_TEST,,,,,,,,,,,,,,
D2-0497,64c0404b-826f-493d-9c10-738b2b56eca4,9f6c24f7-6a76-471f-ad81-d3901c5e9088,Mega Audino ex,Ascended Heroes,253,ultra_rare,v1|128049921145|0,Mega Audino ex 253/217 Ultra Rare ME: Ascended Heroes Pokemon Near Mint,,Ungraded,4000,[],"[""FIXED_PRICE"", ""BEST_OFFER""]",olsensportscards,https://i.ebayimg.com/images/g/bdwAAeSwEu1qkjI-/s-l225.jpg,https://www.ebay.com/itm/128049921145?_skw=Mega+Audino+ex+253+Ascended+Heroes+Pokemon+card&hash=item1dd05ebc79:g:bdwAAeSwEu1qkjI-,"{""value"": ""2.99"", ""currency"": ""USD""}","[{""shippingCostType"": ""CALCULATED""}]",,,PENDING_INDEPENDENT_HUMAN_REVIEW,FINAL_BLIND_TEST,,,,,,,,,,,,,,
D2-0502,64c0404b-826f-493d-9c10-738b2b56eca4,9f6c24f7-6a76-471f-ad81-d3901c5e9088,Mega Audino ex,Ascended Heroes,253,ultra_rare,v1|147565169829|0,MEGA AUDINO EX POKEMON ASCENDED HEROES 253/217 ULTRA RARE LIGHTLY PLAYED,,Ungraded,4000,[],"[""FIXED_PRICE""]",halocop237,https://i.ebayimg.com/images/g/YosAAeSwAt5qo0PL/s-l225.jpg,https://www.ebay.com/itm/147565169829?_skw=Mega+Audino+ex+253+Ascended+Heroes+Pokemon+card&hash=item225b91cca5:g:YosAAeSwAt5qo0PL,"{""value"": ""1.72"", ""currency"": ""USD""}","[{""shippingCostType"": ""FIXED"", ""shippingCost"": {""value"": ""1.00"", ""currency"": ""USD""}, ""minEstimatedDeliveryDate"": ""2026-09-15T07:00:00.000Z"", ""maxEstimatedDeliveryDate"": ""2026-09-19T07:00:00.000Z""}]",,,PENDING_INDEPENDENT_HUMAN_REVIEW,FINAL_BLIND_TEST,,,,,,,,,,,,,,
D2-0503,64c0404b-826f-493d-9c10-738b2b56eca4,9f6c24f7-6a76-471f-ad81-d3901c5e9088,Mega Audino ex,Ascended Heroes,253,ultra_rare,v1|128064615353|0,Mega Audino ex 253/217 Ultra Rare Ascended Heroes Pokemon TCG NM,,Ungraded,4000,[],"[""AUCTION"", ""BEST_OFFER""]",danav242424,https://i.ebayimg.com/images/g/HysAAeSw86Vqbpjn/s-l225.jpg,https://www.ebay.com/itm/128064615353?_skw=Mega+Audino+ex+253+Ascended+Heroes+Pokemon+card&hash=item1dd13ef3b9:g:HysAAeSw86Vqbpjn,{},"[{""shippingCostType"": ""CALCULATED""}]",,,PENDING_INDEPENDENT_HUMAN_REVIEW,FINAL_BLIND_TEST,,,,,,,,,,,,,,
D2-0504,64c0404b-826f-493d-9c10-738b2b56eca4,9f6c24f7-6a76-471f-ad81-d3901c5e9088,Mega Audino ex,Ascended Heroes,253,ultra_rare,v1|137664883542|0,Mega Audino ex - 253/217 - Ultra Rare - Ascended Heroes - Pokemon Holo - - NM,,Ungraded,4000,[],"[""FIXED_PRICE""]",mibr-4990,https://i.ebayimg.com/images/g/unEAAeSw-8lqj1ak/s-l225.jpg,https://www.ebay.com/itm/137664883542?_skw=Mega+Audino+ex+253+Ascended+Heroes+Pokemon+card&hash=item200d776b56:g:unEAAeSw-8lqj1ak,"{""value"": ""2.49"", ""currency"": ""USD""}","[{""shippingCostType"": ""CALCULATED""}]",,,PENDING_INDEPENDENT_HUMAN_REVIEW,FINAL_BLIND_TEST,,,,,,,,,,,,,,
D2-0507,64c0404b-826f-493d-9c10-738b2b56eca4,9f6c24f7-6a76-471f-ad81-d3901c5e9088,Mega Audino ex,Ascended Heroes,253,ultra_rare,v1|147534584372|0,Mega Audino ex Holo Ultra Rare ME: Ascended Heroes 253/217 NM,,Ungraded,4000,[],"[""FIXED_PRICE"", ""BEST_OFFER""]",peak_collective,https://i.ebayimg.com/images/g/2uIAAeSwCjpqklfL/s-l225.jpg,https://www.ebay.com/itm/147534584372?_skw=Mega+Audino+ex+253+Ascended+Heroes+Pokemon+card&hash=item2259bf1a34:g:2uIAAeSwCjpqklfL,"{""value"": ""1.86"", ""currency"": ""USD""}","[{""shippingCostType"": ""FIXED"", ""shippingCost"": {""value"": ""0.79"", ""currency"": ""USD""}, ""minEstimatedDeliveryDate"": ""2026-09-15T07:00:00.000Z"", ""maxEstimatedDeliveryDate"": ""2026-09-18T07:00:00.000Z""}]",,,PENDING_INDEPENDENT_HUMAN_REVIEW,FINAL_BLIND_TEST,,,,,,,,,,,,,,
D2-0511,67611b34-a7e9-497f-9708-651cc015ca6c,f02f5725-b24c-4ee9-a9b5-55edd91d7697,Lillie's Determination,Mega Evolution,184,special_illustration_rare,v1|117069141527|0,Lillie's Determination 184/132 Me01: Mega Evolution Holo,,Ungraded,4000,[],"[""FIXED_PRICE""]",bat_fancollects,https://i.ebayimg.com/images/g/NrYAAeSwSMppp9cq/s-l225.jpg,https://www.ebay.com/itm/117069141527?_skw=Lillie%27s+Determination+184+Mega+Evolution+Pokemon+card&hash=item1b41dd5617:g:NrYAAeSwSMppp9cq&amdata=enc%3AAQALAAABEACCtXRWQnOEpyOqnQQ8KGauFo36xAkMyHF%2FVmOlcXCkAZ5IHg9te%2BPW7zGpyTSiSO8tuPqqwLQWpRjQxJxiPy8y1fQq7rA0tssRDFNIDmZGHjcoq1%2FQE6mHtWQyU6T294pQjLubPoZRzsLGpKWaPN1EphZCt18MgpspYXPyojLnAqkh2kjebQ9wvBIGsczEt8du1IvO6%2BpXkNT7SJQ4pbn1hfzaVyKzL4Tj%2BSopXxhkQPoXAfc3SSvEmmu3kiEpQ4%2FCJ1NewoR8h%2F5iW2EGXJYQtfx%2BkjWtTSAVjcwhNyGObyW1sbcRHdksgiT24kJ%2F1T3XTOWvdPS%2BuvsjxIAFPz6PDMNRrEmymr%2Fvdz8SaQQg,"{""value"": ""75.00"", ""currency"": ""USD""}","[{""shippingCostType"": ""CALCULATED""}]",,,PENDING_INDEPENDENT_HUMAN_REVIEW,FINAL_BLIND_TEST,,,,,,,,,,,,,,
D2-0512,67611b34-a7e9-497f-9708-651cc015ca6c,f02f5725-b24c-4ee9-a9b5-55edd91d7697,Lillie's Determination,Mega Evolution,184,special_illustration_rare,v1|127716109658|0,Pokemon TCG Lillie's Determination SIR 184/132 Mega Evolution English Holo,,Ungraded,4000,[],"[""FIXED_PRICE"", ""BEST_OFFER""]",andrelawrenc97,https://i.ebayimg.com/images/g/cvkAAeSwCPFo7wnu/s-l225.jpg,https://www.ebay.com/itm/127716109658?_skw=Lillie%27s+Determination+184+Mega+Evolution+Pokemon+card&hash=item1dbc792d5a:g:cvkAAeSwCPFo7wnu,"{""value"": ""74.99"", ""currency"": ""USD""}","[{""shippingCostType"": ""FIXED"", ""shippingCost"": {""value"": ""2.99"", ""currency"": ""USD""}, ""minEstimatedDeliveryDate"": ""2026-09-15T07:00:00.000Z"", ""maxEstimatedDeliveryDate"": ""2026-09-21T07:00:00.000Z""}]",,,PENDING_INDEPENDENT_HUMAN_REVIEW,FINAL_BLIND_TEST,,,,,,,,,,,,,,
D2-0513,67611b34-a7e9-497f-9708-651cc015ca6c,f02f5725-b24c-4ee9-a9b5-55edd91d7697,Lillie's Determination,Mega Evolution,184,special_illustration_rare,v1|127953967538|0,LILLIE’S DETERMINATION TAG 10 GEM MINT 184/132 MEGA EVOLUTION ENGLISH POKEMON,,Graded,2750,[],"[""FIXED_PRICE""]",jaybirdscollectibles,https://i.ebayimg.com/images/g/teoAAeSwUypqRqbf/s-l225.jpg,https://www.ebay.com/itm/127953967538?_skw=Lillie%27s+Determination+184+Mega+Evolution+Pokemon+card&hash=item1dcaa699b2:g:teoAAeSwUypqRqbf,"{""value"": ""220.00"", ""currency"": ""USD""}","[{""shippingCostType"": ""FIXED"", ""shippingCost"": {""value"": ""0.00"", ""currency"": ""USD""}, ""minEstimatedDeliveryDate"": ""2026-09-15T07:00:00.000Z"", ""maxEstimatedDeliveryDate"": ""2026-09-21T07:00:00.000Z""}]",,,PENDING_INDEPENDENT_HUMAN_REVIEW,FINAL_BLIND_TEST,,,,,,,,,,,,,,
D2-0515,67611b34-a7e9-497f-9708-651cc015ca6c,f02f5725-b24c-4ee9-a9b5-55edd91d7697,Lillie's Determination,Mega Evolution,184,special_illustration_rare,v1|128056440413|0,Lillie's Determination 184/132 ME Special Illustration Rare Pokemon Card - NM,,Ungraded,4000,[],"[""FIXED_PRICE""]",swibbycards,https://i.ebayimg.com/images/g/jTQAAeSwA-tql2hR/s-l225.jpg,https://www.ebay.com/itm/128056440413?_skw=Lillie%27s+Determination+184+Mega+Evolution+Pokemon+card&hash=item1dd0c2365d:g:jTQAAeSwA-tql2hR,"{""value"": ""76.80"", ""currency"": ""USD""}","[{""shippingCostType"": ""FIXED"", ""shippingCost"": {""value"": ""0.00"", ""currency"": ""USD""}, ""minEstimatedDeliveryDate"": ""2026-09-14T07:00:00.000Z"", ""maxEstimatedDeliveryDate"": ""2026-09-17T07:00:00.000Z""}]",,,PENDING_INDEPENDENT_HUMAN_REVIEW,FINAL_BLIND_TEST,,,,,,,,,,,,,,
D2-0516,67611b34-a7e9-497f-9708-651cc015ca6c,f02f5725-b24c-4ee9-a9b5-55edd91d7697,Lillie's Determination,Mega Evolution,184,special_illustration_rare,v1|237053745080|0,Pokemon Co. Lillie's Determination 184/132 Guardians Rising Full Art Holo UR,,Ungraded,4000,[],"[""FIXED_PRICE"", ""BEST_OFFER""]",wdd7j_72,https://i.ebayimg.com/images/g/wSAAAeSwAKZqnasE/s-l225.jpg,https://www.ebay.com/itm/237053745080?_skw=Lillie%27s+Determination+184+Mega+Evolution+Pokemon+card&hash=item37318117b8:g:wSAAAeSwAKZqnasE,"{""value"": ""59.99"", ""currency"": ""USD""}","[{""shippingCostType"": ""CALCULATED""}]",,,PENDING_INDEPENDENT_HUMAN_REVIEW,FINAL_BLIND_TEST,,,,,,,,,,,,,,
D2-0530,6a1e2c02-b24d-4001-96f1-8bc2a24d8ccd,de749ceb-28f9-4977-b425-a83f69a3cf55,Gouging Fire ex,Temporal Forces,204,special_illustration_rare,v1|158084382631|0,The Pokémon Company Gouging Fire ex 204/162 SV05 SIR Full Art ENG 230 HP Holo,,Ungraded,4000,[],"[""FIXED_PRICE"", ""BEST_OFFER""]",redeemedrips24,https://i.ebayimg.com/images/g/jqYAAeSwaStqVwIA/s-l225.jpg,https://www.ebay.com/itm/158084382631?_skw=Gouging+Fire+ex+204+Temporal+Forces+Pokemon+card&hash=item24ce903fa7:g:jqYAAeSwaStqVwIA,"{""value"": ""65.00"", ""currency"": ""USD""}","[{""shippingCostType"": ""CALCULATED""}]",,,PENDING_INDEPENDENT_HUMAN_REVIEW,FINAL_BLIND_TEST,,,,,,,,,,,,,,
D2-0531,6a1e2c02-b24d-4001-96f1-8bc2a24d8ccd,de749ceb-28f9-4977-b425-a83f69a3cf55,Gouging Fire ex,Temporal Forces,204,special_illustration_rare,v1|227509014337|0,Pokemon TCG Gouging Fire ex 204/162 SV05 Secret Rare Full Art Holo,,Ungraded,4000,[],"[""FIXED_PRICE"", ""BEST_OFFER""]",momentensity,https://i.ebayimg.com/images/g/-54AAeSwu7ZqnXTP/s-l225.jpg,https://www.ebay.com/itm/227509014337?_skw=Gouging+Fire+ex+204+Temporal+Forces+Pokemon+card&hash=item34f8980f41:g:-54AAeSwu7ZqnXTP,"{""value"": ""64.99"", ""currency"": ""USD""}","[{""shippingCostType"": ""CALCULATED""}]",,,PENDING_INDEPENDENT_HUMAN_REVIEW,FINAL_BLIND_TEST,,,,,,,,,,,,,,
D2-0532,6a1e2c02-b24d-4001-96f1-8bc2a24d8ccd,de749ceb-28f9-4977-b425-a83f69a3cf55,Gouging Fire ex,Temporal Forces,204,special_illustration_rare,v1|137710708300|0,Pokemon TCG Temporal Forces Gouging Fire 204/162 Special Illustration Rare IR NM,,Ungraded,4000,[],"[""FIXED_PRICE"", ""BEST_OFFER""]",shiversk24,https://i.ebayimg.com/images/g/A2YAAeSwEZZqnwjj/s-l225.jpg,https://www.ebay.com/itm/137710708300?_skw=Gouging+Fire+ex+204+Temporal+Forces+Pokemon+card&hash=item201032a64c:g:A2YAAeSwEZZqnwjj,"{""value"": ""50.00"", ""currency"": ""USD""}","[{""shippingCostType"": ""FIXED"", ""shippingCost"": {""value"": ""6.50"", ""currency"": ""USD""}, ""minEstimatedDeliveryDate"": ""2026-09-15T07:00:00.000Z"", ""maxEstimatedDeliveryDate"": ""2026-09-18T07:00:00.000Z""}]",,,PENDING_INDEPENDENT_HUMAN_REVIEW,FINAL_BLIND_TEST,,,,,,,,,,,,,,
D2-0537,6a1e2c02-b24d-4001-96f1-8bc2a24d8ccd,de749ceb-28f9-4977-b425-a83f69a3cf55,Gouging Fire ex,Temporal Forces,204,special_illustration_rare,v1|137168278145|0,Gouging Fire ex 204/162 SV CGC 10,,Graded,2750,[],"[""FIXED_PRICE"", ""BEST_OFFER""]",davisl_15,https://i.ebayimg.com/images/g/yd4AAeSwzutpMMTj/s-l225.jpg,https://www.ebay.com/itm/137168278145?_skw=Gouging+Fire+ex+204+Temporal+Forces+Pokemon+card&hash=item1fefddd281:g:yd4AAeSwzutpMMTj,"{""value"": ""199.00"", ""currency"": ""USD""}","[{""shippingCostType"": ""CALCULATED""}]",,,PENDING_INDEPENDENT_HUMAN_REVIEW,FINAL_BLIND_TEST,,,,,,,,,,,,,,
D2-0540,6a1e2c02-b24d-4001-96f1-8bc2a24d8ccd,de749ceb-28f9-4977-b425-a83f69a3cf55,Gouging Fire ex,Temporal Forces,204,special_illustration_rare,v1|147529106832|0,🚀 CGC 10 ENGLISH Gouging Fire ex 204/162 Sv05 SIR Temporal Forces Holo Pokemon,,Graded,2750,[],"[""FIXED_PRICE"", ""BEST_OFFER""]",sabzero,https://i.ebayimg.com/images/g/UCUAAeSwvEZqjzRy/s-l225.jpg,https://www.ebay.com/itm/147529106832?_skw=Gouging+Fire+ex+204+Temporal+Forces+Pokemon+card&hash=item22596b8590:g:UCUAAeSwvEZqjzRy,"{""value"": ""105.00"", ""currency"": ""USD""}","[{""shippingCostType"": ""FIXED"", ""shippingCost"": {""value"": ""0.00"", ""currency"": ""USD""}, ""minEstimatedDeliveryDate"": ""2026-09-16T07:00:00.000Z"", ""maxEstimatedDeliveryDate"": ""2026-09-22T07:00:00.000Z""}]",,,PENDING_INDEPENDENT_HUMAN_REVIEW,FINAL_BLIND_TEST,,,,,,,,,,,,,,
D2-0543,6a2b87e5-f90b-48f4-be30-a77258bee660,36134e45-4899-474f-88f0-b540ba618b49,Marill,Paldea Evolved,204,illustration_rare,v1|128023429856|0,Marill - 204/193 Paldea Evolved Illustration Rare Pokemon - NM,,Ungraded,4000,[],"[""FIXED_PRICE"", ""BEST_OFFER""]",collect_n_tech,https://i.ebayimg.com/images/g/aE8AAeSw5fZqfNLo/s-l225.jpg,https://www.ebay.com/itm/128023429856?_skw=Marill+204+Paldea+Evolved+Pokemon+card&hash=item1dceca82e0:g:aE8AAeSw5fZqfNLo,"{""value"": ""59.99"", ""currency"": ""USD""}","[{""shippingCostType"": ""FIXED"", ""shippingCost"": {""value"": ""0.00"", ""currency"": ""USD""}, ""minEstimatedDeliveryDate"": ""2026-09-15T07:00:00.000Z"", ""maxEstimatedDeliveryDate"": ""2026-09-18T07:00:00.000Z""}]",,,PENDING_INDEPENDENT_HUMAN_REVIEW,FINAL_BLIND_TEST,,,,,,,,,,,,,,
D2-0544,6a2b87e5-f90b-48f4-be30-a77258bee660,36134e45-4899-474f-88f0-b540ba618b49,Marill,Paldea Evolved,204,illustration_rare,v1|287569384785|0,Pokemon TCG Marill Illustration Rare Full Art Holo SV02 204/193 ENG,,Ungraded,4000,[],"[""FIXED_PRICE""]",emergencylesbian,https://i.ebayimg.com/images/g/wH0AAeSwaepqnYmD/s-l225.jpg,https://www.ebay.com/itm/287569384785?_skw=Marill+204+Paldea+Evolved+Pokemon+card&hash=item42f4789551:g:wH0AAeSwaepqnYmD,"{""value"": ""45.00"", ""currency"": ""USD""}","[{""shippingCostType"": ""CALCULATED""}]",,,PENDING_INDEPENDENT_HUMAN_REVIEW,FINAL_BLIND_TEST,,,,,,,,,,,,,,
D2-0551,6a2b87e5-f90b-48f4-be30-a77258bee660,36134e45-4899-474f-88f0-b540ba618b49,Marill,Paldea Evolved,204,illustration_rare,v1|157586477625|0,Marill 204/193 Sv02: Paldea Evolved Magnetic 🧲 Extended Art Case,,Ungraded,4000,[],"[""FIXED_PRICE""]",outback_originals,https://i.ebayimg.com/images/g/RAwAAeSwmnNpWCvk/s-l225.jpg,https://www.ebay.com/itm/157586477625?_skw=Marill+204+Paldea+Evolved+Pokemon+card&hash=item24b0e2d239:g:RAwAAeSwmnNpWCvk,"{""value"": ""16.00"", ""currency"": ""USD""}","[{""shippingCostType"": ""FIXED"", ""shippingCost"": {""value"": ""7.00"", ""currency"": ""USD""}, ""minEstimatedDeliveryDate"": ""2026-09-15T07:00:00.000Z"", ""maxEstimatedDeliveryDate"": ""2026-09-18T07:00:00.000Z""}]",,,PENDING_INDEPENDENT_HUMAN_REVIEW,FINAL_BLIND_TEST,,,,,,,,,,,,,,
D2-0552,6a2b87e5-f90b-48f4-be30-a77258bee660,36134e45-4899-474f-88f0-b540ba618b49,Marill,Paldea Evolved,204,illustration_rare,v1|158279152156|0,Marill 204/193 Sv02: Paldea Evolved Illustration Rare Holo 2023 *DAMAGED*,,Ungraded,4000,[],"[""FIXED_PRICE"", ""BEST_OFFER""]",fourkidsandamousetradingcardco,https://i.ebayimg.com/images/g/4u8AAeSw1hdqowG5/s-l225.jpg,https://www.ebay.com/itm/158279152156?_skw=Marill+204+Paldea+Evolved+Pokemon+card&hash=item24da2c321c:g:4u8AAeSw1hdqowG5,"{""value"": ""29.99"", ""currency"": ""USD""}","[{""shippingCostType"": ""FIXED"", ""shippingCost"": {""value"": ""7.50"", ""currency"": ""USD""}, ""minEstimatedDeliveryDate"": ""2026-09-16T07:00:00.000Z"", ""maxEstimatedDeliveryDate"": ""2026-09-22T07:00:00.000Z""}]",,,PENDING_INDEPENDENT_HUMAN_REVIEW,FINAL_BLIND_TEST,,,,,,,,,,,,,,
D2-0554,6a2b87e5-f90b-48f4-be30-a77258bee660,36134e45-4899-474f-88f0-b540ba618b49,Marill,Paldea Evolved,204,illustration_rare,v1|128040789566|0,Pokemon TCG Marill 204/193 SV02 Paldea Evolved Illustration Rare Holo PSA 9,,Graded,2750,[],"[""FIXED_PRICE""]",dvldawg33,https://i.ebayimg.com/images/g/DP8AAeSwu7Zqi2Og/s-l225.jpg,https://www.ebay.com/itm/128040789566?_skw=Marill+204+Paldea+Evolved+Pokemon+card&hash=item1dcfd3663e:g:DP8AAeSwu7Zqi2Og,"{""value"": ""83.00"", ""currency"": ""USD""}","[{""shippingCostType"": ""CALCULATED""}]",,,PENDING_INDEPENDENT_HUMAN_REVIEW,FINAL_BLIND_TEST,,,,,,,,,,,,,,
D2-0563,6a980108-6683-4461-ac9a-c81a27326dee,129a7668-0ba7-4f77-8585-3847e6c3d342,Team Rocket's Mewtwo ex,Destined Rivals,231,special_illustration_rare,v1|117304226467|0,Team Rocket's Mewtwo ex 231/182 Destined Rivals Holo BGS 9,,Graded,2750,[],"[""FIXED_PRICE""]",jstar_16,https://i.ebayimg.com/images/g/oisAAeSw1ihqWAO1/s-l225.jpg,https://www.ebay.com/itm/117304226467?_skw=Team+Rocket%27s+Mewtwo+ex+231+Destined+Rivals+Pokemon+card&hash=item1b4fe072a3:g:oisAAeSw1ihqWAO1,"{""value"": ""799.99"", ""currency"": ""USD""}","[{""shippingCostType"": ""FIXED"", ""shippingCost"": {""value"": ""0.00"", ""currency"": ""USD""}, ""minEstimatedDeliveryDate"": ""2026-09-15T07:00:00.000Z"", ""maxEstimatedDeliveryDate"": ""2026-09-18T07:00:00.000Z""}]",,,PENDING_INDEPENDENT_HUMAN_REVIEW,FINAL_BLIND_TEST,,,,,,,,,,,,,,
D2-0565,6a980108-6683-4461-ac9a-c81a27326dee,129a7668-0ba7-4f77-8585-3847e6c3d342,Team Rocket's Mewtwo ex,Destined Rivals,231,special_illustration_rare,v1|127971700150|0,Team Rocket's Mewtwo ex 231/182 SV Destined Rivals SIR Pokemon Card - NM,,Ungraded,4000,[],"[""FIXED_PRICE""]",swibbycards,https://i.ebayimg.com/images/g/WSMAAeSwMndqVFuZ/s-l225.jpg,https://www.ebay.com/itm/127971700150?_skw=Team+Rocket%27s+Mewtwo+ex+231+Destined+Rivals+Pokemon+card&hash=item1dcbb52db6:g:WSMAAeSwMndqVFuZ,"{""value"": ""525.31"", ""currency"": ""USD""}","[{""shippingCostType"": ""FIXED"", ""shippingCost"": {""value"": ""0.00"", ""currency"": ""USD""}, ""minEstimatedDeliveryDate"": ""2026-09-14T07:00:00.000Z"", ""maxEstimatedDeliveryDate"": ""2026-09-17T07:00:00.000Z""}]",,,PENDING_INDEPENDENT_HUMAN_REVIEW,FINAL_BLIND_TEST,,,,,,,,,,,,,,
D2-0566,6a980108-6683-4461-ac9a-c81a27326dee,129a7668-0ba7-4f77-8585-3847e6c3d342,Team Rocket's Mewtwo ex,Destined Rivals,231,special_illustration_rare,v1|128004642528|0,Pokemon Team Rocket’s Mewtwo ex 231/182 (SIR) - Destined Rivals - Near Mint,,Ungraded,4000,[],"[""FIXED_PRICE"", ""BEST_OFFER""]",krobinson98,https://i.ebayimg.com/images/g/1DAAAeSw8KNqbVJU/s-l225.jpg,https://www.ebay.com/itm/128004642528?_skw=Team+Rocket%27s+Mewtwo+ex+231+Destined+Rivals+Pokemon+card&hash=item1dcdabd6e0:g:1DAAAeSw8KNqbVJU,"{""value"": ""550.00"", ""currency"": ""USD""}","[{""shippingCostType"": ""FIXED"", ""shippingCost"": {""value"": ""0.00"", ""currency"": ""USD""}, ""minEstimatedDeliveryDate"": ""2026-09-15T07:00:00.000Z"", ""maxEstimatedDeliveryDate"": ""2026-09-21T07:00:00.000Z""}]",,,PENDING_INDEPENDENT_HUMAN_REVIEW,FINAL_BLIND_TEST,,,,,,,,,,,,,,
D2-0568,6a980108-6683-4461-ac9a-c81a27326dee,129a7668-0ba7-4f77-8585-3847e6c3d342,Team Rocket's Mewtwo ex,Destined Rivals,231,special_illustration_rare,v1|137597111460|0,Team Rocket's Mewtwo ex #231 2025 Pokemon Destined Rivals,,Ungraded,4000,[],"[""FIXED_PRICE""]",ev610512,https://i.ebayimg.com/images/g/m7EAAeSwMwFqdkN6/s-l225.jpg,https://www.ebay.com/itm/137597111460?_skw=Team+Rocket%27s+Mewtwo+ex+231+Destined+Rivals+Pokemon+card&hash=item20096d4ca4:g:m7EAAeSwMwFqdkN6,"{""value"": ""475.00"", ""currency"": ""USD""}","[{""shippingCostType"": ""FIXED"", ""shippingCost"": {""value"": ""5.17"", ""currency"": ""USD""}, ""minEstimatedDeliveryDate"": ""2026-09-15T07:00:00.000Z"", ""maxEstimatedDeliveryDate"": ""2026-09-21T07:00:00.000Z""}]",,,PENDING_INDEPENDENT_HUMAN_REVIEW,FINAL_BLIND_TEST,,,,,,,,,,,,,,
D2-0570,6a980108-6683-4461-ac9a-c81a27326dee,129a7668-0ba7-4f77-8585-3847e6c3d342,Team Rocket's Mewtwo ex,Destined Rivals,231,special_illustration_rare,v1|137715635796|0,Pokemon 2025 Team Rocket's Mewtwo ex 231/182 SIR Destined Rivals GEM MINT PSA 10,,Graded,2750,[],"[""FIXED_PRICE""]",jabberwocky*1974,https://i.ebayimg.com/images/g/or0AAeSwzjZqoKlY/s-l225.jpg,https://www.ebay.com/itm/137715635796?_skw=Team+Rocket%27s+Mewtwo+ex+231+Destined+Rivals+Pokemon+card&hash=item20107dd654:g:or0AAeSwzjZqoKlY,"{""value"": ""1049.95"", ""currency"": ""USD""}","[{""shippingCostType"": ""FIXED"", ""shippingCost"": {""value"": ""0.00"", ""currency"": ""USD""}, ""minEstimatedDeliveryDate"": ""2026-09-15T07:00:00.000Z"", ""maxEstimatedDeliveryDate"": ""2026-09-21T07:00:00.000Z""}]",,,PENDING_INDEPENDENT_HUMAN_REVIEW,FINAL_BLIND_TEST,,,,,,,,,,,,,,
D2-0576,740ad74c-8c0c-411f-9ec7-2c734210b8f1,e8c344f6-9bee-4ad6-8356-63ee4e2988cf,Arbok,Temporal Forces,101,common,v1|156452864205|457555881471,Pokemon TCG - Temporal Forces: Choose Your Card! - All Holos/Reverse Holos! NM,,Ungraded,4000,[],"[""FIXED_PRICE""]",overstackedcards,https://i.ebayimg.com/images/g/WAsAAOSw839oSo9r/s-l225.jpg,https://www.ebay.com/itm/156452864205?_skw=Arbok+101+Temporal+Forces+Pokemon+card&hash=item246d5140cd:g:WAsAAOSw839oSo9r,"{""value"": ""1.49"", ""currency"": ""USD""}","[{""shippingCostType"": ""FIXED"", ""shippingCost"": {""value"": ""0.00"", ""currency"": ""USD""}, ""minEstimatedDeliveryDate"": ""2026-09-15T07:00:00.000Z"", ""maxEstimatedDeliveryDate"": ""2026-09-18T07:00:00.000Z""}]",,,PENDING_INDEPENDENT_HUMAN_REVIEW,FINAL_BLIND_TEST,,,,,,,,,,,,,,
D2-0577,740ad74c-8c0c-411f-9ec7-2c734210b8f1,e8c344f6-9bee-4ad6-8356-63ee4e2988cf,Arbok,Temporal Forces,101,common,v1|800623792108|0,2X - Arbok 101/162 Common Temporal Forces Pokemon Near Mint TWO TOTAL - PLAYSET,,Ungraded,4000,[],"[""AUCTION"", ""BEST_OFFER""]",squashy_cards,https://i.ebayimg.com/images/g/lYgAAeSwVDJqbslc/s-l225.jpg,https://www.ebay.com/itm/800623792108?_skw=Arbok+101+Temporal+Forces+Pokemon+card&hash=itemba68e58fec:g:lYgAAeSwVDJqbslc,{},"[{""shippingCostType"": ""CALCULATED""}]",,,PENDING_INDEPENDENT_HUMAN_REVIEW,FINAL_BLIND_TEST,,,,,,,,,,,,,,
D2-0579,740ad74c-8c0c-411f-9ec7-2c734210b8f1,e8c344f6-9bee-4ad6-8356-63ee4e2988cf,Arbok,Temporal Forces,101,common,v1|128058127725|0,Arbok 101/162 Common Temporal Forces Pokemon Reverse Holo Near Mint,,Ungraded,4000,[],"[""FIXED_PRICE""]",silverwing_tcg,https://i.ebayimg.com/images/g/YQwAAeSwjh5qmHfO/s-l225.jpg,https://www.ebay.com/itm/128058127725?_skw=Arbok+101+Temporal+Forces+Pokemon+card&hash=item1dd0dbf56d:g:YQwAAeSwjh5qmHfO,"{""value"": ""1.79"", ""currency"": ""USD""}","[{""shippingCostType"": ""FIXED"", ""shippingCost"": {""value"": ""0.00"", ""currency"": ""USD""}, ""minEstimatedDeliveryDate"": ""2026-09-15T07:00:00.000Z"", ""maxEstimatedDeliveryDate"": ""2026-09-21T07:00:00.000Z""}]",,,PENDING_INDEPENDENT_HUMAN_REVIEW,FINAL_BLIND_TEST,,,,,,,,,,,,,,
D2-0582,740ad74c-8c0c-411f-9ec7-2c734210b8f1,e8c344f6-9bee-4ad6-8356-63ee4e2988cf,Arbok,Temporal Forces,101,common,v1|137723275403|0,Arbok 101/162 Common Temporal Forces Pokemon Reverse Holo Near Mint,,Ungraded,4000,[],"[""FIXED_PRICE""]",samscollectablespnw,https://i.ebayimg.com/images/g/4bYAAeSwXFVqo1IL/s-l225.jpg,https://www.ebay.com/itm/137723275403?_skw=Arbok+101+Temporal+Forces+Pokemon+card&hash=item2010f2688b:g:4bYAAeSwXFVqo1IL,"{""value"": ""1.99"", ""currency"": ""USD""}","[{""shippingCostType"": ""FIXED"", ""shippingCost"": {""value"": ""0.00"", ""currency"": ""USD""}, ""minEstimatedDeliveryDate"": ""2026-09-15T07:00:00.000Z"", ""maxEstimatedDeliveryDate"": ""2026-09-18T07:00:00.000Z""}]",,,PENDING_INDEPENDENT_HUMAN_REVIEW,FINAL_BLIND_TEST,,,,,,,,,,,,,,
D2-0583,740ad74c-8c0c-411f-9ec7-2c734210b8f1,e8c344f6-9bee-4ad6-8356-63ee4e2988cf,Arbok,Temporal Forces,101,common,v1|147566392131|0,SV05: Temporal Forces 101/162 Arbok Reverse Holo NM,,Ungraded,4000,[],"[""FIXED_PRICE""]",cliffbarz,https://i.ebayimg.com/images/g/VVsAAeSwxfNqpCai/s-l225.jpg,https://www.ebay.com/itm/147566392131?_skw=Arbok+101+Temporal+Forces+Pokemon+card&hash=item225ba47343:g:VVsAAeSwxfNqpCai,"{""value"": ""1.50"", ""currency"": ""USD""}","[{""shippingCostType"": ""FIXED"", ""shippingCost"": {""value"": ""0.00"", ""currency"": ""USD""}, ""minEstimatedDeliveryDate"": ""2026-09-15T07:00:00.000Z"", ""maxEstimatedDeliveryDate"": ""2026-09-19T07:00:00.000Z""}]",,,PENDING_INDEPENDENT_HUMAN_REVIEW,FINAL_BLIND_TEST,,,,,,,,,,,,,,
D2-0588,75720435-3807-46b6-b3da-5e1c53b77822,9ad0c133-f133-45ab-9b3f-494199354e20,Mega Darkrai ex,Pitch Black,116,special_illustration_rare,v1|137544768498|0,2026 Pokemon Mega Darkrai EX SIR 116/084 Me05: Pitch Black NM/M+,,Ungraded,4000,[],"[""FIXED_PRICE""]",boink2004,https://i.ebayimg.com/images/g/mYwAAeSwP19qYond/s-l225.jpg,https://www.ebay.com/itm/137544768498?_skw=Mega+Darkrai+ex+116+Pitch+Black+Pokemon+card&hash=item20064e9bf2:g:mYwAAeSwP19qYond,"{""value"": ""210.00"", ""currency"": ""USD""}","[{""shippingCostType"": ""FIXED"", ""shippingCost"": {""value"": ""9.00"", ""currency"": ""USD""}, ""minEstimatedDeliveryDate"": ""2026-09-14T07:00:00.000Z"", ""maxEstimatedDeliveryDate"": ""2026-09-16T07:00:00.000Z""}]",,,PENDING_INDEPENDENT_HUMAN_REVIEW,FINAL_BLIND_TEST,,,,,,,,,,,,,,
D2-0589,75720435-3807-46b6-b3da-5e1c53b77822,9ad0c133-f133-45ab-9b3f-494199354e20,Mega Darkrai ex,Pitch Black,116,special_illustration_rare,v1|188705689792|0,2026 pokemon mega darkrai ex #116/084,,Ungraded,4000,[],"[""FIXED_PRICE"", ""BEST_OFFER""]",zfer_us_hlems2j,https://i.ebayimg.com/images/g/pTwAAeSwvA9qaDNd/s-l225.jpg,https://www.ebay.com/itm/188705689792?_skw=Mega+Darkrai+ex+116+Pitch+Black+Pokemon+card&hash=item2befbc50c0:g:pTwAAeSwvA9qaDNd&amdata=enc%3AAQALAAABEACCtXRWQnOEpyOqnQQ8KGYR4UgHrNSLlc18V2Kth5Or%2F02kaVi71yafogSv5vj%2BilD1KOEv8gI1f4o%2Fal1jY4bHZc4AW3LhnypB%2BgECbDYghGYpKeV5p10c84iycfSUIA5EySdfwWqPfsaD3DaTh4W9H4sfJqS0LO7dxO9Gmap5YdYEa4DQfOLAZ5h9SFKWoQeTevN%2FT01DEhEp256yGKf2hFkcZYlE8e9kS3fmZ1pVdV9d8L5s3TZNNr%2BtT8Zrz4nImsqgvhzPJmtZDlN0%2F8ixKt91kfEzi7DiEhFW22VuvqtpVOPPHMJrprX9cpOfi5ov5YG5jOziHhzgyFRObD5AWfojF4wUaJ9rq1LvpJ42,"{""value"": ""275.00"", ""currency"": ""USD""}","[{""shippingCostType"": ""FIXED"", ""shippingCost"": {""value"": ""7.99"", ""currency"": ""USD""}, ""minEstimatedDeliveryDate"": ""2026-09-16T07:00:00.000Z"", ""maxEstimatedDeliveryDate"": ""2026-09-23T07:00:00.000Z""}]",,,PENDING_INDEPENDENT_HUMAN_REVIEW,FINAL_BLIND_TEST,,,,,,,,,,,,,,
D2-0593,75720435-3807-46b6-b3da-5e1c53b77822,9ad0c133-f133-45ab-9b3f-494199354e20,Mega Darkrai ex,Pitch Black,116,special_illustration_rare,v1|336781872486|0,Mega Darkrai EX SIR Pitch Black Chase Card,,Ungraded,4000,[],"[""FIXED_PRICE"", ""BEST_OFFER""]",hjacardz,https://i.ebayimg.com/images/g/RvMAAeSww-FqnZ0V/s-l225.jpg,https://www.ebay.com/itm/336781872486?_skw=Mega+Darkrai+ex+116+Pitch+Black+Pokemon+card&hash=item4e69c38d66:g:RvMAAeSww-FqnZ0V,"{""value"": ""230.00"", ""currency"": ""USD""}","[{""shippingCostType"": ""CALCULATED""}]",,,PENDING_INDEPENDENT_HUMAN_REVIEW,FINAL_BLIND_TEST,,,,,,,,,,,,,,
D2-0594,75720435-3807-46b6-b3da-5e1c53b77822,9ad0c133-f133-45ab-9b3f-494199354e20,Mega Darkrai ex,Pitch Black,116,special_illustration_rare,v1|227484808412|0,Mega Darkest EX 116/084 Pitch Black SIR Art English,,Ungraded,4000,[],"[""FIXED_PRICE"", ""BEST_OFFER""]",cellis1986,https://i.ebayimg.com/images/g/cPQAAeSwpEtqh6fd/s-l225.jpg,https://www.ebay.com/itm/227484808412?_skw=Mega+Darkrai+ex+116+Pitch+Black+Pokemon+card&hash=item34f726b4dc:g:cPQAAeSwpEtqh6fd,"{""value"": ""219.99"", ""currency"": ""USD""}","[{""shippingCostType"": ""FIXED"", ""shippingCost"": {""value"": ""0.00"", ""currency"": ""USD""}, ""minEstimatedDeliveryDate"": ""2026-09-15T07:00:00.000Z"", ""maxEstimatedDeliveryDate"": ""2026-09-19T07:00:00.000Z""}]",,,PENDING_INDEPENDENT_HUMAN_REVIEW,FINAL_BLIND_TEST,,,,,,,,,,,,,,
D2-0595,75720435-3807-46b6-b3da-5e1c53b77822,9ad0c133-f133-45ab-9b3f-494199354e20,Mega Darkrai ex,Pitch Black,116,special_illustration_rare,v1|227495986384|0,Mega Darkai Ex 116/084 SIR Pitch Black,,Ungraded,4000,[],"[""FIXED_PRICE""]",nismoserspecv,https://i.ebayimg.com/images/g/bJQAAeSwfPFqkkLf/s-l225.jpg,https://www.ebay.com/itm/227495986384?_skw=Mega+Darkrai+ex+116+Pitch+Black+Pokemon+card&hash=item34f7d144d0:g:bJQAAeSwfPFqkkLf,"{""value"": ""275.00"", ""currency"": ""USD""}","[{""shippingCostType"": ""FIXED"", ""shippingCost"": {""value"": ""6.99"", ""currency"": ""USD""}, ""minEstimatedDeliveryDate"": ""2026-09-15T07:00:00.000Z"", ""maxEstimatedDeliveryDate"": ""2026-09-21T07:00:00.000Z""}]",,,PENDING_INDEPENDENT_HUMAN_REVIEW,FINAL_BLIND_TEST,,,,,,,,,,,,,,
D2-0603,77b44a76-26f7-4fa0-a548-c29870a7bb68,63f84d31-df83-456f-bd4c-e59b7e2ba541,Crustle,Paradox Rift,183,illustration_rare,v1|137540028368|0,Crustle - Holo 183/182 NM SV04: Paradox Rift Pokemon Card,,Ungraded,4000,[],"[""FIXED_PRICE""]",pntpoke,https://i.ebayimg.com/images/g/-T0AAeSwP19qYNTd/s-l225.jpg,https://www.ebay.com/itm/137540028368?_skw=Crustle+183+Paradox+Rift+Pokemon+card&hash=item20060647d0:g:-T0AAeSwP19qYNTd,"{""value"": ""8.00"", ""currency"": ""USD""}","[{""shippingCostType"": ""FIXED"", ""shippingCost"": {""value"": ""0.00"", ""currency"": ""USD""}, ""minEstimatedDeliveryDate"": ""2026-09-15T07:00:00.000Z"", ""maxEstimatedDeliveryDate"": ""2026-09-19T07:00:00.000Z""}]",,,PENDING_INDEPENDENT_HUMAN_REVIEW,FINAL_BLIND_TEST,,,,,,,,,,,,,,
D2-0604,77b44a76-26f7-4fa0-a548-c29870a7bb68,63f84d31-df83-456f-bd4c-e59b7e2ba541,Crustle,Paradox Rift,183,illustration_rare,v1|156323652674|458638519077,Pokemon Paradox Rift - Choose Your Card! - Holo/Reverse Holo - NM,,Ungraded,4000,[],"[""FIXED_PRICE""]",overstackedcards,https://i.ebayimg.com/images/g/2REAAOSw5kpoW5wO/s-l225.jpg,https://www.ebay.com/itm/156323652674?_skw=Crustle+183+Paradox+Rift+Pokemon+card&hash=item24659da442:g:2REAAOSw5kpoW5wO,"{""value"": ""13.99"", ""currency"": ""USD""}","[{""shippingCostType"": ""FIXED"", ""shippingCost"": {""value"": ""0.00"", ""currency"": ""USD""}, ""minEstimatedDeliveryDate"": ""2026-09-15T07:00:00.000Z"", ""maxEstimatedDeliveryDate"": ""2026-09-18T07:00:00.000Z""}]",,,PENDING_INDEPENDENT_HUMAN_REVIEW,FINAL_BLIND_TEST,,,,,,,,,,,,,,
D2-0608,77b44a76-26f7-4fa0-a548-c29870a7bb68,63f84d31-df83-456f-bd4c-e59b7e2ba541,Crustle,Paradox Rift,183,illustration_rare,v1|188692922588|0,Crustle 183/182 Illustration Rare Paradox Rift Pokemon Holo Lightly Played,,Ungraded,4000,[],"[""FIXED_PRICE"", ""BEST_OFFER""]",jamesbrr,https://i.ebayimg.com/images/g/wfkAAeSw5eRqZAEL/s-l225.jpg,https://www.ebay.com/itm/188692922588?_skw=Crustle+183+Paradox+Rift+Pokemon+card&hash=item2beef980dc:g:wfkAAeSw5eRqZAEL,"{""value"": ""5.59"", ""currency"": ""USD""}","[{""shippingCostType"": ""FIXED"", ""shippingCost"": {""value"": ""1.36"", ""currency"": ""USD""}, ""minEstimatedDeliveryDate"": ""2026-09-15T07:00:00.000Z"", ""maxEstimatedDeliveryDate"": ""2026-09-21T07:00:00.000Z""}]",,,PENDING_INDEPENDENT_HUMAN_REVIEW,FINAL_BLIND_TEST,,,,,,,,,,,,,,
D2-0611,77b44a76-26f7-4fa0-a548-c29870a7bb68,63f84d31-df83-456f-bd4c-e59b7e2ba541,Crustle,Paradox Rift,183,illustration_rare,v1|147403405631|0,Pokemon - Crustle - 183/182 SV04: Paradox Rift - Illustration Rare - NM,,Ungraded,4000,[],"[""FIXED_PRICE""]",db-decks,https://i.ebayimg.com/images/g/ETQAAeSwQMRqQX27/s-l225.jpg,https://www.ebay.com/itm/147403405631?_skw=Crustle+183+Paradox+Rift+Pokemon+card&hash=item2251ed793f:g:ETQAAeSwQMRqQX27,"{""value"": ""7.49"", ""currency"": ""USD""}","[{""shippingCostType"": ""FIXED"", ""shippingCost"": {""value"": ""0.00"", ""currency"": ""USD""}, ""minEstimatedDeliveryDate"": ""2026-09-15T07:00:00.000Z"", ""maxEstimatedDeliveryDate"": ""2026-09-19T07:00:00.000Z""}]",,,PENDING_INDEPENDENT_HUMAN_REVIEW,FINAL_BLIND_TEST,,,,,,,,,,,,,,
D2-0615,77b44a76-26f7-4fa0-a548-c29870a7bb68,63f84d31-df83-456f-bd4c-e59b7e2ba541,Crustle,Paradox Rift,183,illustration_rare,v1|168631787725|0,Crustle 183 182 Illustration Rare SV04: Paradox Rift 183/182 Holo NM,,Ungraded,4000,[],"[""FIXED_PRICE"", ""BEST_OFFER""]",gem.state.gems,https://i.ebayimg.com/images/g/EscAAeSw6RlqiRnT/s-l225.jpg,https://www.ebay.com/itm/168631787725?_skw=Crustle+183+Paradox+Rift+Pokemon+card&hash=item27433ce0cd:g:EscAAeSw6RlqiRnT,"{""value"": ""8.99"", ""currency"": ""USD""}","[{""shippingCostType"": ""FIXED"", ""shippingCost"": {""value"": ""0.85"", ""currency"": ""USD""}, ""minEstimatedDeliveryDate"": ""2026-09-15T07:00:00.000Z"", ""maxEstimatedDeliveryDate"": ""2026-09-18T07:00:00.000Z""}]",,,PENDING_INDEPENDENT_HUMAN_REVIEW,FINAL_BLIND_TEST,,,,,,,,,,,,,,
D2-0618,7b00ea04-5c2a-4172-8025-afba48ddacb3,94d01e3d-09de-4d04-a0d8-1f36a5cfe684,Cresselia,Shrouded Fable,71,illustration_rare,v1|117400952662|0,Cresselia #021/064 Sv Shrouded Fable Holo Rare Pokemon TCG NM,,Ungraded,4000,[],"[""FIXED_PRICE""]",cardcachemn,https://i.ebayimg.com/images/g/OacAAeSwzQhqnvMc/s-l225.jpg,https://www.ebay.com/itm/117400952662?_skw=Cresselia+71+Shrouded+Fable+Pokemon+card&hash=item1b55a45f56:g:OacAAeSwzQhqnvMc,"{""value"": ""1.48"", ""currency"": ""USD""}","[{""shippingCostType"": ""FIXED"", ""shippingCost"": {""value"": ""0.00"", ""currency"": ""USD""}, ""minEstimatedDeliveryDate"": ""2026-09-15T07:00:00.000Z"", ""maxEstimatedDeliveryDate"": ""2026-09-21T07:00:00.000Z""}]",,,PENDING_INDEPENDENT_HUMAN_REVIEW,FINAL_BLIND_TEST,,,,,,,,,,,,,,
D2-0622,7b00ea04-5c2a-4172-8025-afba48ddacb3,94d01e3d-09de-4d04-a0d8-1f36a5cfe684,Cresselia,Shrouded Fable,71,illustration_rare,v1|126779168326|0,Pokemon Cresselia (21/99) Shrouded Fable LP HOLO,,Ungraded,4000,[],"[""FIXED_PRICE""]",ninetyfive,https://i.ebayimg.com/images/g/XtMAAOSwWQlnN2Qb/s-l225.jpg,https://www.ebay.com/itm/126779168326?_skw=Cresselia+71+Shrouded+Fable+Pokemon+card&hash=item1d84a09646:g:XtMAAOSwWQlnN2Qb,"{""value"": ""0.99"", ""currency"": ""USD""}","[{""shippingCostType"": ""FIXED"", ""shippingCost"": {""value"": ""0.49"", ""currency"": ""USD""}, ""minEstimatedDeliveryDate"": ""2026-09-16T07:00:00.000Z"", ""maxEstimatedDeliveryDate"": ""2026-09-23T07:00:00.000Z""}]",,,PENDING_INDEPENDENT_HUMAN_REVIEW,FINAL_BLIND_TEST,,,,,,,,,,,,,,
D2-0623,7b00ea04-5c2a-4172-8025-afba48ddacb3,94d01e3d-09de-4d04-a0d8-1f36a5cfe684,Cresselia,Shrouded Fable,71,illustration_rare,v1|127424267806|0,Cresselia Holo Rare - 021/064 - Shrouded Fable Pokemon 2024,,Ungraded,4000,[],"[""FIXED_PRICE"", ""BEST_OFFER""]",ezvj0dv,https://i.ebayimg.com/images/g/IoIAAeSwUW1o6Wp9/s-l225.jpg,https://www.ebay.com/itm/127424267806?_skw=Cresselia+71+Shrouded+Fable+Pokemon+card&hash=item1dab14061e:g:IoIAAeSwUW1o6Wp9,"{""value"": ""1.39"", ""currency"": ""USD""}","[{""shippingCostType"": ""FIXED"", ""shippingCost"": {""value"": ""0.00"", ""currency"": ""USD""}, ""minEstimatedDeliveryDate"": ""2026-09-14T07:00:00.000Z"", ""maxEstimatedDeliveryDate"": ""2026-09-17T07:00:00.000Z""}]",,,PENDING_INDEPENDENT_HUMAN_REVIEW,FINAL_BLIND_TEST,,,,,,,,,,,,,,
D2-0625,7b00ea04-5c2a-4172-8025-afba48ddacb3,94d01e3d-09de-4d04-a0d8-1f36a5cfe684,Cresselia,Shrouded Fable,71,illustration_rare,v1|128036617744|0,Cresselia 021/064 Rare Shrouded Fable Pokemon Holo Near Mint,,Ungraded,4000,[],"[""FIXED_PRICE"", ""BEST_OFFER""]",r-technology,https://i.ebayimg.com/images/g/P5MAAeSw7zhqhzyp/s-l225.jpg,https://www.ebay.com/itm/128036617744?_skw=Cresselia+71+Shrouded+Fable+Pokemon+card&hash=item1dcf93be10:g:P5MAAeSw7zhqhzyp,"{""value"": ""1.70"", ""currency"": ""USD""}","[{""shippingCostType"": ""FIXED"", ""shippingCost"": {""value"": ""0.00"", ""currency"": ""USD""}, ""minEstimatedDeliveryDate"": ""2026-09-15T07:00:00.000Z"", ""maxEstimatedDeliveryDate"": ""2026-09-21T07:00:00.000Z""}]",,,PENDING_INDEPENDENT_HUMAN_REVIEW,FINAL_BLIND_TEST,,,,,,,,,,,,,,
D2-0627,7b00ea04-5c2a-4172-8025-afba48ddacb3,94d01e3d-09de-4d04-a0d8-1f36a5cfe684,Cresselia,Shrouded Fable,71,illustration_rare,v1|128067076052|0,Pokemon TCG Cresselia 071/064 SV Shrouded Fable Illustration Rare Holo ENG,,Ungraded,4000,[],"[""FIXED_PRICE""]",superpaydro,https://i.ebayimg.com/images/g/kkwAAeSw4C1qnqxq/s-l225.jpg,https://www.ebay.com/itm/128067076052?_skw=Cresselia+71+Shrouded+Fable+Pokemon+card&hash=item1dd1647fd4:g:kkwAAeSw4C1qnqxq,"{""value"": ""30.00"", ""currency"": ""USD""}","[{""shippingCostType"": ""FIXED"", ""shippingCost"": {""value"": ""0.00"", ""currency"": ""USD""}, ""minEstimatedDeliveryDate"": ""2026-09-15T07:00:00.000Z"", ""maxEstimatedDeliveryDate"": ""2026-09-21T07:00:00.000Z""}]",,,PENDING_INDEPENDENT_HUMAN_REVIEW,FINAL_BLIND_TEST,,,,,,,,,,,,,,
D2-0633,7f065a2b-5cab-45c8-8fd8-96d4c07c4ee8,3805ddb2-e4cd-40b3-8a52-82398effa130,Canari,Ascended Heroes,291,special_illustration_rare,v1|127960912711|0,Pokemon TCG Canari 291/217 Ascended Heroes Special Illustration Rare MINT,,Ungraded,4000,[],"[""FIXED_PRICE"", ""BEST_OFFER""]",nightslashtcg,https://i.ebayimg.com/images/g/xM8AAeSwJS5qTDGJ/s-l225.jpg,https://www.ebay.com/itm/127960912711?_skw=Canari+291+Ascended+Heroes+Pokemon+card&hash=item1dcb109347:g:xM8AAeSwJS5qTDGJ,"{""value"": ""42.00"", ""currency"": ""USD""}","[{""shippingCostType"": ""CALCULATED""}]",,,PENDING_INDEPENDENT_HUMAN_REVIEW,FINAL_BLIND_TEST,,,,,,,,,,,,,,
D2-0637,7f065a2b-5cab-45c8-8fd8-96d4c07c4ee8,3805ddb2-e4cd-40b3-8a52-82398effa130,Canari,Ascended Heroes,291,special_illustration_rare,v1|157744132970|459271270581,Ascended Heroes Pokémon Cards! Poké Ball Reverse Holo EX Rare - Choose Your Card,,Ungraded,4000,[],"[""FIXED_PRICE""]",overstackedcards,https://i.ebayimg.com/images/g/2FUAAeSw--9qCCEm/s-l225.jpg,https://www.ebay.com/itm/157744132970?_skw=Canari+291+Ascended+Heroes+Pokemon+card&hash=item24ba48736a:g:2FUAAeSw--9qCCEm,"{""value"": ""75.99"", ""currency"": ""USD""}","[{""shippingCostType"": ""FIXED"", ""shippingCost"": {""value"": ""0.00"", ""currency"": ""USD""}, ""minEstimatedDeliveryDate"": ""2026-09-15T07:00:00.000Z"", ""maxEstimatedDeliveryDate"": ""2026-09-18T07:00:00.000Z""}]",,,PENDING_INDEPENDENT_HUMAN_REVIEW,FINAL_BLIND_TEST,,,,,,,,,,,,,,
D2-0638,7f065a2b-5cab-45c8-8fd8-96d4c07c4ee8,3805ddb2-e4cd-40b3-8a52-82398effa130,Canari,Ascended Heroes,291,special_illustration_rare,v1|137628993526|0,2026 POKEMON ASC EN-ASCENDED HEROES SPECIAL ILLUSTRATION RARE #291 CANARI PSA 10,,Graded,2750,[],"[""FIXED_PRICE""]",gradedgrailz,https://i.ebayimg.com/images/g/wIoAAeSw1KtqgguK/s-l225.jpg,https://www.ebay.com/itm/137628993526?_skw=Canari+291+Ascended+Heroes+Pokemon+card&hash=item200b53c7f6:g:wIoAAeSw1KtqgguK,"{""value"": ""120.00"", ""currency"": ""USD""}","[{""shippingCostType"": ""CALCULATED""}]",,,PENDING_INDEPENDENT_HUMAN_REVIEW,FINAL_BLIND_TEST,,,,,,,,,,,,,,
D2-0641,7f065a2b-5cab-45c8-8fd8-96d4c07c4ee8,3805ddb2-e4cd-40b3-8a52-82398effa130,Canari,Ascended Heroes,291,special_illustration_rare,v1|128050977798|0,Canari 291/217 ME Ascended Heroes Special Illustration Rare Pokemon Card - NM,,Ungraded,4000,[],"[""FIXED_PRICE""]",swibbycards,https://i.ebayimg.com/images/g/ffgAAeSwaclqkzBK/s-l225.jpg,https://www.ebay.com/itm/128050977798?_skw=Canari+291+Ascended+Heroes+Pokemon+card&hash=item1dd06edc06:g:ffgAAeSwaclqkzBK,"{""value"": ""52.88"", ""currency"": ""USD""}","[{""shippingCostType"": ""FIXED"", ""shippingCost"": {""value"": ""0.00"", ""currency"": ""USD""}, ""minEstimatedDeliveryDate"": ""2026-09-14T07:00:00.000Z"", ""maxEstimatedDeliveryDate"": ""2026-09-17T07:00:00.000Z""}]",,,PENDING_INDEPENDENT_HUMAN_REVIEW,FINAL_BLIND_TEST,,,,,,,,,,,,,,
D2-0644,7f065a2b-5cab-45c8-8fd8-96d4c07c4ee8,3805ddb2-e4cd-40b3-8a52-82398effa130,Canari,Ascended Heroes,291,special_illustration_rare,v1|147552304631|0,Canari 291/217 Special Illustration Rare Ascended Heroes Pokemon Holo Near Mint,,Ungraded,4000,[],"[""FIXED_PRICE""]",cfdff26,https://i.ebayimg.com/images/g/FcUAAeSwTgpqnDrU/s-l225.jpg,https://www.ebay.com/itm/147552304631?_skw=Canari+291+Ascended+Heroes+Pokemon+card&hash=item225acd7df7:g:FcUAAeSwTgpqnDrU&amdata=enc%3AAQALAAABAACCtXRWQnOEpyOqnQQ8KGY1hWqKEEUTEcGfW1hrWkHcBVK%2B%2FEzQo0iCdFW7QaOzCklpZUub4%2BySCEi4Ualwtj%2BumeCUjZdjP6avOh944lfC1FtAwu8UP%2FMQo7KyY1lkrBAx%2FXyKpny7Ibf8i5v--6l%2FiyQEdSV1ntizIxgCsUxYF2s8u1MnP7S8voBxnLKmZf8x%2FXt5GG066TbwyOisLwStBdnIWiG01N9B4uX3c8o46mj0Z5xf51YsbfXXPDBXPhBIgJj7fqPmHYMIRKScAZQeU%2Bms6aIBZBE6%2FU%2BjbJkjQClrYQpGfRZwVp%2BZX5ilwvC7CKcI2BPaFvOz5SMb0l4%3D,"{""value"": ""34.99"", ""currency"": ""USD""}","[{""shippingCostType"": ""CALCULATED""}]",,,PENDING_INDEPENDENT_HUMAN_REVIEW,FINAL_BLIND_TEST,,,,,,,,,,,,,,
D2-0648,828c0d0d-2ede-4bab-bed4-407cd3cf8662,06c45a41-2b44-401a-9703-5c9952f2580f,Mega Gengar ex,Ascended Heroes,284,special_illustration_rare,v1|127966779315|0,Pokemon Ascended Heroes MEGA GENGAR EX 284/217 SIR Tag 9,,Graded,2750,[],"[""FIXED_PRICE"", ""BEST_OFFER""]",hometeamreno,https://i.ebayimg.com/images/g/2VkAAeSwAp9qUDHD/s-l225.jpg,https://www.ebay.com/itm/127966779315?_skw=Mega+Gengar+ex+284+Ascended+Heroes+Pokemon+card&hash=item1dcb6a17b3:g:2VkAAeSwAp9qUDHD,"{""value"": ""1399.99"", ""currency"": ""USD""}","[{""shippingCostType"": ""FIXED"", ""shippingCost"": {""value"": ""0.00"", ""currency"": ""USD""}, ""minEstimatedDeliveryDate"": ""2026-09-15T07:00:00.000Z"", ""maxEstimatedDeliveryDate"": ""2026-09-18T07:00:00.000Z""}]",,,PENDING_INDEPENDENT_HUMAN_REVIEW,FINAL_BLIND_TEST,,,,,,,,,,,,,,
D2-0652,828c0d0d-2ede-4bab-bed4-407cd3cf8662,06c45a41-2b44-401a-9703-5c9952f2580f,Mega Gengar ex,Ascended Heroes,284,special_illustration_rare,v1|178354758799|0,DEFECTIVE Pokmon TCG Mega Gengar EX 284217 SIR Ascended Heroes English F G3D,,Ungraded,4000,[],"[""FIXED_PRICE""]",shipcycle,https://i.ebayimg.com/images/g/4AgAAeSwuDpqIH0Z/s-l225.jpg,https://www.ebay.com/itm/178354758799?_skw=Mega+Gengar+ex+284+Ascended+Heroes+Pokemon+card&hash=item2986c5a48f:g:4AgAAeSwuDpqIH0Z&amdata=enc%3AAQALAAABEACCtXRWQnOEpyOqnQQ8KGYsvwqPM%2B8hcGI9EgDQPNWieJHWu4qHVj8Z2SHxC0R0%2FgEYWVJ4piTab8Wg%2FHl%2F1CsD57uP72W05usYmAp2NPHNpZjJ745TjVISc1v%2B3KgWHD1ZOC3%2FZNhGO9thbPt8GA1cvblOdU6LZQjbkKjY2vKKfm%2FSyvECciV9sbaypVSnRw6txQ0Jy4l%2BVrrBV8VPCQ7t86QjAiscd5f%2Bdj0mcQJRcm%2Baai9g%2F150%2F38XkFvXw9X96odP5Tq64DQXXvxGZ39OndPS39C64MtCVKXSQQnt5iAsMjp4ZrtRUkB23v3d2d19ZsPypjFFZYXZmsnns3XR4bDqsgApmHg31xfrNm4g,"{""value"": ""1461.50"", ""currency"": ""USD""}","[{""shippingCostType"": ""FIXED"", ""shippingCost"": {""value"": ""0.00"", ""currency"": ""USD""}, ""minEstimatedDeliveryDate"": ""2026-09-15T07:00:00.000Z"", ""maxEstimatedDeliveryDate"": ""2026-09-21T07:00:00.000Z""}]",,,PENDING_INDEPENDENT_HUMAN_REVIEW,FINAL_BLIND_TEST,,,,,,,,,,,,,,
D2-0653,828c0d0d-2ede-4bab-bed4-407cd3cf8662,06c45a41-2b44-401a-9703-5c9952f2580f,Mega Gengar ex,Ascended Heroes,284,special_illustration_rare,v1|398386043813|0,Mega Gengar EX special illustration rare Holo ascended heroes NM,,Ungraded,4000,[],"[""FIXED_PRICE"", ""BEST_OFFER""]",pink_spots,https://i.ebayimg.com/images/g/n1IAAeSw1qtqpLN9/s-l225.jpg,https://www.ebay.com/itm/398386043813?_skw=Mega+Gengar+ex+284+Ascended+Heroes+Pokemon+card&hash=item5cc1a89ba5:g:n1IAAeSw1qtqpLN9,"{""value"": ""890.00"", ""currency"": ""USD""}","[{""shippingCostType"": ""CALCULATED""}]",,,PENDING_INDEPENDENT_HUMAN_REVIEW,FINAL_BLIND_TEST,,,,,,,,,,,,,,
D2-0658,828c0d0d-2ede-4bab-bed4-407cd3cf8662,06c45a41-2b44-401a-9703-5c9952f2580f,Mega Gengar ex,Ascended Heroes,284,special_illustration_rare,v1|128064564959|0,Pokemon TCG Mega Gengar EX 284/217 SIR Full Art EN ASCENDED HEROES Pack Fresh,,Ungraded,4000,[],"[""FIXED_PRICE"", ""AUCTION""]",ozzyman49,https://i.ebayimg.com/images/g/MQ4AAeSwiOxqnLQg/s-l225.jpg,https://www.ebay.com/itm/128064564959?_skw=Mega+Gengar+ex+284+Ascended+Heroes+Pokemon+card&hash=item1dd13e2edf:g:MQ4AAeSwiOxqnLQg,"{""value"": ""1325.00"", ""currency"": ""USD""}","[{""shippingCostType"": ""CALCULATED""}]",,,PENDING_INDEPENDENT_HUMAN_REVIEW,FINAL_BLIND_TEST,,,,,,,,,,,,,,
D2-0659,828c0d0d-2ede-4bab-bed4-407cd3cf8662,06c45a41-2b44-401a-9703-5c9952f2580f,Mega Gengar ex,Ascended Heroes,284,special_illustration_rare,v1|137684553886|0,MEGA GENGAR EX POKEMON ASCENDED HEROES 284 SPECIAL ILLUSTRATION RARE PSA 10,,Graded,2750,[],"[""FIXED_PRICE""]",pardonmycardboard,https://i.ebayimg.com/images/g/tfsAAeSwE~FqljbP/s-l225.jpg,https://www.ebay.com/itm/137684553886?_skw=Mega+Gengar+ex+284+Ascended+Heroes+Pokemon+card&hash=item200ea3909e:g:tfsAAeSwE~FqljbP,"{""value"": ""2249.99"", ""currency"": ""USD""}","[{""shippingCostType"": ""FIXED"", ""shippingCost"": {""value"": ""0.00"", ""currency"": ""USD""}, ""minEstimatedDeliveryDate"": ""2026-09-15T07:00:00.000Z"", ""maxEstimatedDeliveryDate"": ""2026-09-21T07:00:00.000Z""}]",,,PENDING_INDEPENDENT_HUMAN_REVIEW,FINAL_BLIND_TEST,,,,,,,,,,,,,,
D2-0661,829b12ba-c7f5-4796-9a57-a2a2463c8461,0fc5990b-19e3-4716-b616-b221acc480a6,Houndour,Obsidian Flames,204,illustration_rare,v1|117281774187|0,Houndour 204/197 Sv03: Obsidian Flames Holo,,Ungraded,4000,[],"[""FIXED_PRICE""]",dylanlee6969,https://i.ebayimg.com/images/g/n0kAAeSwxNpqRxyV/s-l225.jpg,https://www.ebay.com/itm/117281774187?_skw=Houndour+204+Obsidian+Flames+Pokemon+card&hash=item1b4e89da6b:g:n0kAAeSwxNpqRxyV,"{""value"": ""13.00"", ""currency"": ""USD""}","[{""shippingCostType"": ""FIXED"", ""shippingCost"": {""value"": ""0.00"", ""currency"": ""USD""}, ""minEstimatedDeliveryDate"": ""2026-09-16T07:00:00.000Z"", ""maxEstimatedDeliveryDate"": ""2026-09-23T07:00:00.000Z""}]",,,PENDING_INDEPENDENT_HUMAN_REVIEW,FINAL_BLIND_TEST,,,,,,,,,,,,,,
D2-0669,829b12ba-c7f5-4796-9a57-a2a2463c8461,0fc5990b-19e3-4716-b616-b221acc480a6,Houndour,Obsidian Flames,204,illustration_rare,v1|117402825705|0,Houndour Holofoil Obsidian Flames 204/197 LP Pokemon,,Ungraded,4000,[],"[""FIXED_PRICE"", ""BEST_OFFER""]",mastascards,https://i.ebayimg.com/images/g/XDEAAeSw0UxqoFtx/s-l225.jpg,https://www.ebay.com/itm/117402825705?_skw=Houndour+204+Obsidian+Flames+Pokemon+card&hash=item1b55c0f3e9:g:XDEAAeSw0UxqoFtx,"{""value"": ""11.54"", ""currency"": ""USD""}","[{""shippingCostType"": ""FIXED"", ""shippingCost"": {""value"": ""0.00"", ""currency"": ""USD""}, ""minEstimatedDeliveryDate"": ""2026-09-15T07:00:00.000Z"", ""maxEstimatedDeliveryDate"": ""2026-09-21T07:00:00.000Z""}]",,,PENDING_INDEPENDENT_HUMAN_REVIEW,FINAL_BLIND_TEST,,,,,,,,,,,,,,
D2-0670,829b12ba-c7f5-4796-9a57-a2a2463c8461,0fc5990b-19e3-4716-b616-b221acc480a6,Houndour,Obsidian Flames,204,illustration_rare,v1|127716463906|0,Houndour 204/197 - OBF Obsidian Flames - Near Mint NM Pokemon Card,,Ungraded,4000,[],"[""FIXED_PRICE"", ""BEST_OFFER""]",masi4chrst,https://i.ebayimg.com/images/g/nyYAAeSw0MhpnNXN/s-l225.jpg,https://www.ebay.com/itm/127716463906?_skw=Houndour+204+Obsidian+Flames+Pokemon+card&hash=item1dbc7e9522:g:nyYAAeSw0MhpnNXN,"{""value"": ""6.48"", ""currency"": ""USD""}","[{""shippingCostType"": ""FIXED"", ""shippingCost"": {""value"": ""6.99"", ""currency"": ""USD""}, ""minEstimatedDeliveryDate"": ""2026-09-16T07:00:00.000Z"", ""maxEstimatedDeliveryDate"": ""2026-09-22T07:00:00.000Z""}]",,,PENDING_INDEPENDENT_HUMAN_REVIEW,FINAL_BLIND_TEST,,,,,,,,,,,,,,
D2-0674,829b12ba-c7f5-4796-9a57-a2a2463c8461,0fc5990b-19e3-4716-b616-b221acc480a6,Houndour,Obsidian Flames,204,illustration_rare,v1|137322265889|0,X2 Houndour Illustration Rare 204/197 Sv03: Pokemon TCG Obsidian Flames MINT,,Ungraded,4000,[],"[""FIXED_PRICE"", ""BEST_OFFER""]",4cloverexchangellc,https://i.ebayimg.com/images/g/~SkAAeSwwRFqC3TG/s-l225.jpg,https://www.ebay.com/itm/137322265889?_skw=Houndour+204+Obsidian+Flames+Pokemon+card&hash=item1ff90b7d21:g:~SkAAeSwwRFqC3TG&amdata=enc%3AAQALAAABAACCtXRWQnOEpyOqnQQ8KGY%2FmoMboLGk5bT6Cxp8DOrJUrnLMg4wCtyq7YwMWlSJ9YHjw3l3%2By2R1Cmf3cyDSNornwpCbgN3X9tIJfntzJfUYSFHrsMB%2FjF1pQIc5r37BsWLkczEjSOWnUC8vcMB95kaV5JiQ%2BDGi1HBnfkTHNBeH%2FpDadZx%2BubwZNki%2Bi1ItcO2OnzeO1zlIjYXFntjObx0DB6eciohX46qEt1A%2Ff0iBjNeWMm%2BNg2fPlh7Jdjm4OymtvcQR6FpfazydON0FF80KfiMYBbgimPErsfEWFhkWrVxgZnjLA65RmGZLiWslE5Pw2C7pkimcXVMXSyxv1Q%3D,"{""value"": ""35.00"", ""currency"": ""USD""}","[{""shippingCostType"": ""CALCULATED""}]",,,PENDING_INDEPENDENT_HUMAN_REVIEW,FINAL_BLIND_TEST,,,,,,,,,,,,,,
D2-0675,829b12ba-c7f5-4796-9a57-a2a2463c8461,0fc5990b-19e3-4716-b616-b221acc480a6,Houndour,Obsidian Flames,204,illustration_rare,v1|137602296165|0,Houndour Illustration Rare SV03: Obsidian Flames 204/197 NM,,Ungraded,4000,[],"[""FIXED_PRICE"", ""BEST_OFFER""]",indigoleaguecollectibles,https://i.ebayimg.com/images/g/9bUAAeSwhKZqeJkB/s-l225.jpg,https://www.ebay.com/itm/137602296165?_skw=Houndour+204+Obsidian+Flames+Pokemon+card&hash=item2009bc6965:g:9bUAAeSwhKZqeJkB,"{""value"": ""12.50"", ""currency"": ""USD""}","[{""shippingCostType"": ""CALCULATED""}]",,,PENDING_INDEPENDENT_HUMAN_REVIEW,FINAL_BLIND_TEST,,,,,,,,,,,,,,
D2-0680,8a2827bc-48b7-4dfd-b240-501fe24100b9,4db4cc1d-2bfd-45e2-a457-7cb450d1f79a,Bronzor,Temporal Forces,68,common,v1|227269153842|0,135PK068 - Bronzor - 68/162- Temporal Force -(TEF)- Common,,Ungraded,4000,[],"[""FIXED_PRICE""]",eta_1964,https://i.ebayimg.com/images/g/aI8AAeSwnVlpwJuy/s-l225.jpg,https://www.ebay.com/itm/227269153842?_skw=Bronzor+68+Temporal+Forces+Pokemon+card&hash=item34ea4c1432:g:aI8AAeSwnVlpwJuy,"{""value"": ""1.25"", ""currency"": ""USD""}","[{""shippingCostType"": ""FIXED"", ""shippingCost"": {""value"": ""0.99"", ""currency"": ""USD""}, ""minEstimatedDeliveryDate"": ""2026-09-15T07:00:00.000Z"", ""maxEstimatedDeliveryDate"": ""2026-09-18T07:00:00.000Z""}]",,,PENDING_INDEPENDENT_HUMAN_REVIEW,FINAL_BLIND_TEST,,,,,,,,,,,,,,
D2-0681,8a2827bc-48b7-4dfd-b240-501fe24100b9,4db4cc1d-2bfd-45e2-a457-7cb450d1f79a,Bronzor,Temporal Forces,68,common,v1|327065079464|0,135PK068r - Bronzor - 68/162- Temporal Force -(TEF)- Common Reverse,,Ungraded,4000,[],"[""FIXED_PRICE""]",eta_1964,https://i.ebayimg.com/images/g/hIwAAeSwMvVpwftr/s-l225.jpg,https://www.ebay.com/itm/327065079464?_skw=Bronzor+68+Temporal+Forces+Pokemon+card&hash=item4c26990ea8:g:hIwAAeSwMvVpwftr,"{""value"": ""1.85"", ""currency"": ""USD""}","[{""shippingCostType"": ""FIXED"", ""shippingCost"": {""value"": ""0.99"", ""currency"": ""USD""}, ""minEstimatedDeliveryDate"": ""2026-09-15T07:00:00.000Z"", ""maxEstimatedDeliveryDate"": ""2026-09-18T07:00:00.000Z""}]",,,PENDING_INDEPENDENT_HUMAN_REVIEW,FINAL_BLIND_TEST,,,,,,,,,,,,,,
D2-0685,8a2827bc-48b7-4dfd-b240-501fe24100b9,4db4cc1d-2bfd-45e2-a457-7cb450d1f79a,Bronzor,Temporal Forces,68,common,v1|127145359491|428254765537,Pokemon TCG Temporal Forces Choose Your Card! - NM- BULK SAVINGS!,,Ungraded,4000,[],"[""FIXED_PRICE""]",cheesehead_collectibles,https://i.ebayimg.com/images/g/2JkAAOSwL5loF7GM/s-l225.jpg,https://www.ebay.com/itm/127145359491?_skw=Bronzor+68+Temporal+Forces+Pokemon+card&hash=item1d9a743883:g:2JkAAOSwL5loF7GM,"{""value"": ""1.00"", ""currency"": ""USD""}","[{""shippingCostType"": ""FIXED"", ""shippingCost"": {""value"": ""1.25"", ""currency"": ""USD""}, ""minEstimatedDeliveryDate"": ""2026-09-16T07:00:00.000Z"", ""maxEstimatedDeliveryDate"": ""2026-09-23T07:00:00.000Z""}]",,,PENDING_INDEPENDENT_HUMAN_REVIEW,FINAL_BLIND_TEST,,,,,,,,,,,,,,
D2-0687,8a2827bc-48b7-4dfd-b240-501fe24100b9,4db4cc1d-2bfd-45e2-a457-7cb450d1f79a,Bronzor,Temporal Forces,68,common,v1|145714129952|444827998433,Reverse Holo Pokemon Scarlet and Violet - Temporal Forces - Choose Your Card(s),,Ungraded,4000,[],"[""FIXED_PRICE""]",zentzpokemart,https://i.ebayimg.com/images/g/jMwAAOSwQGNmFKSo/s-l225.jpg,https://www.ebay.com/itm/145714129952?_skw=Bronzor+68+Temporal+Forces+Pokemon+card&hash=item21ed3d2c20:g:jMwAAOSwQGNmFKSo,"{""value"": ""0.99"", ""currency"": ""USD""}","[{""shippingCostType"": ""CALCULATED""}]",,,PENDING_INDEPENDENT_HUMAN_REVIEW,FINAL_BLIND_TEST,,,,,,,,,,,,,,
D2-0688,8a2827bc-48b7-4dfd-b240-501fe24100b9,4db4cc1d-2bfd-45e2-a457-7cb450d1f79a,Bronzor,Temporal Forces,68,common,v1|158195234915|0,2024 Scarlet & Violet Series - Temporal Forces Bronzor Common #68,,Ungraded,4000,[],"[""FIXED_PRICE"", ""BEST_OFFER""]",coopero36kcb,https://i.ebayimg.com/images/g/B18AAeSw4NdqY8nP/s-l225.jpg,https://www.ebay.com/itm/158195234915?_skw=Bronzor+68+Temporal+Forces+Pokemon+card&hash=item24d52bb863:g:B18AAeSw4NdqY8nP,"{""value"": ""1.99"", ""currency"": ""USD""}","[{""shippingCostType"": ""FIXED"", ""shippingCost"": {""value"": ""0.00"", ""currency"": ""USD""}, ""minEstimatedDeliveryDate"": ""2026-09-15T07:00:00.000Z"", ""maxEstimatedDeliveryDate"": ""2026-09-19T07:00:00.000Z""}]",,,PENDING_INDEPENDENT_HUMAN_REVIEW,FINAL_BLIND_TEST,,,,,,,,,,,,,,
D2-0691,8a2cce32-ad4f-4468-8a28-8a9ea9653365,9cc8f6b0-2c28-442b-bdd1-11cbd9a4068e,Leavanny,White Flare,89,illustration_rare,v1|237000724447|0,Pokémon TCG Illustration Rare Leavanny #89/86 Scarlet and Violet White Flare NM,,Ungraded,4000,[],"[""FIXED_PRICE"", ""BEST_OFFER""]",nerdvana_collectibles_217,https://i.ebayimg.com/images/g/-4gAAeSwj0Vqe~Bd/s-l225.jpg,https://www.ebay.com/itm/237000724447?_skw=Leavanny+89+White+Flare+Pokemon+card&hash=item372e580fdf:g:-4gAAeSwj0Vqe~Bd,"{""value"": ""33.99"", ""currency"": ""USD""}","[{""shippingCostType"": ""CALCULATED""}]",,,PENDING_INDEPENDENT_HUMAN_REVIEW,FINAL_BLIND_TEST,,,,,,,,,,,,,,
D2-0693,8a2cce32-ad4f-4468-8a28-8a9ea9653365,9cc8f6b0-2c28-442b-bdd1-11cbd9a4068e,Leavanny,White Flare,89,illustration_rare,v1|117333851429|0,Leavanny 003/086 Uncommon White Flare Pokemon Reverse Holo Near Mint,,Ungraded,4000,[],"[""FIXED_PRICE""]",themerinotcg,https://i.ebayimg.com/images/g/FLsAAeSwYexqbVXu/s-l225.jpg,https://www.ebay.com/itm/117333851429?_skw=Leavanny+89+White+Flare+Pokemon+card&hash=item1b51a47d25:g:FLsAAeSwYexqbVXu,"{""value"": ""1.99"", ""currency"": ""USD""}","[{""shippingCostType"": ""FIXED"", ""shippingCost"": {""value"": ""0.00"", ""currency"": ""USD""}, ""minEstimatedDeliveryDate"": ""2026-09-15T07:00:00.000Z"", ""maxEstimatedDeliveryDate"": ""2026-09-21T07:00:00.000Z""}]",,,PENDING_INDEPENDENT_HUMAN_REVIEW,FINAL_BLIND_TEST,,,,,,,,,,,,,,
D2-0695,8a2cce32-ad4f-4468-8a28-8a9ea9653365,9cc8f6b0-2c28-442b-bdd1-11cbd9a4068e,Leavanny,White Flare,89,illustration_rare,v1|306833455492|606717395439,Pokémon WHITE FLARE: Choose Your Card! REVERSE/HOLO/EX NM,,Ungraded,4000,[],"[""FIXED_PRICE""]",hardfoiled,https://i.ebayimg.com/images/g/wBoAAeSwY0ppvV1Z/s-l225.jpg,https://www.ebay.com/itm/306833455492?_skw=Leavanny+89+White+Flare+Pokemon+card&var=606717395439&hash=item4770b2f984:g:wBoAAeSwY0ppvV1Z,"{""value"": ""1.69"", ""currency"": ""USD""}","[{""shippingCostType"": ""FIXED"", ""shippingCost"": {""value"": ""0.00"", ""currency"": ""USD""}, ""minEstimatedDeliveryDate"": ""2026-09-14T07:00:00.000Z"", ""maxEstimatedDeliveryDate"": ""2026-09-17T07:00:00.000Z""}]",,,PENDING_INDEPENDENT_HUMAN_REVIEW,FINAL_BLIND_TEST,,,,,,,,,,,,,,
D2-0697,8a2cce32-ad4f-4468-8a28-8a9ea9653365,9cc8f6b0-2c28-442b-bdd1-11cbd9a4068e,Leavanny,White Flare,89,illustration_rare,v1|336437246785|545930823147,Pokemon TCG White Flare (WHT) - Mix & Match cards to save up to 50%!,,Ungraded,4000,[],"[""FIXED_PRICE""]",sigglecow,https://i.ebayimg.com/images/g/dloAAeSwKf9pkoRw/s-l225.jpg,https://www.ebay.com/itm/336437246785?_skw=Leavanny+89+White+Flare+Pokemon+card&var=545930823147&hash=item4e5538fb41:g:dloAAeSwKf9pkoRw,"{""value"": ""1.10"", ""currency"": ""USD""}","[{""shippingCostType"": ""CALCULATED"", ""shippingCost"": {""value"": ""0.40"", ""currency"": ""USD""}}]",,,PENDING_INDEPENDENT_HUMAN_REVIEW,FINAL_BLIND_TEST,,,,,,,,,,,,,,
D2-0698,8a2cce32-ad4f-4468-8a28-8a9ea9653365,9cc8f6b0-2c28-442b-bdd1-11cbd9a4068e,Leavanny,White Flare,89,illustration_rare,v1|298633107764|0,Leavanny 089/086 Illustration Rare IR Holo Pokemon White Flare CGC 10 GEM MINT,,Graded,2750,[],"[""FIXED_PRICE"", ""BEST_OFFER""]",wisewailmer,https://i.ebayimg.com/images/g/mQ0AAeSwKX9qgwuR/s-l225.jpg,https://www.ebay.com/itm/298633107764?_skw=Leavanny+89+White+Flare+Pokemon+card&hash=item4587eb9934:g:mQ0AAeSwKX9qgwuR&amdata=enc%3AAQALAAABAACCtXRWQnOEpyOqnQQ8KGbEGZVxc2Jpqc3X%2BOIkpimFIbXV6Tfhe%2BVxY0c18vvzHOFGTnPcG2IOq4a4paqp8v3pkEC7iJ9ec6%2BK8dHIfWX9Ed%2B3iEyJSOk%2FBXX0%2BC%2BZBKiTcjjXYrYiFuEPvwxyUPtrnmogYIg96uv3glKc2kVypjiN%2FqvHcl5Xxyg2jj0t1hELDatkXhsNuIZStu1XMg1x%2FO%2FvZeXnN%2BQycvpPvoRsaqpmh69sIO%2Fobqt35gehc88cqeRpbkWlluK8VjrfgZF1Hcry5xD%2Bq22lsXnkJg4De4Ij9DtYatMnpmvwivUw%2FVNVF4S16%2BPOozpgd2ET1AU%3D,"{""value"": ""95.00"", ""currency"": ""USD""}","[{""shippingCostType"": ""FIXED"", ""shippingCost"": {""value"": ""0.00"", ""currency"": ""USD""}, ""minEstimatedDeliveryDate"": ""2026-10-05T07:00:00.000Z"", ""maxEstimatedDeliveryDate"": ""2026-10-08T07:00:00.000Z""}]",,,PENDING_INDEPENDENT_HUMAN_REVIEW,FINAL_BLIND_TEST,,,,,,,,,,,,,,
D2-0706,966bcb61-bf43-4cd7-8287-42f4bb9fa76d,9d636c4c-055f-4e85-b5ef-64675007d904,Leafeon ex,Prismatic Evolutions,144,special_illustration_rare,v1|127637518527|0,Leafeon ex 144/131 Pokemon SV: Prismatic Evolutions NM Special Illustration Rare,,Ungraded,4000,[],"[""FIXED_PRICE"", ""BEST_OFFER""]",dheader,https://i.ebayimg.com/images/g/lsEAAeSwieZqh1j~/s-l225.jpg,https://www.ebay.com/itm/127637518527?_skw=Leafeon+ex+144+Prismatic+Evolutions+Pokemon+card&hash=item1db7c9f8bf:g:lsEAAeSwieZqh1j~,"{""value"": ""319.99"", ""currency"": ""USD""}","[{""shippingCostType"": ""FIXED"", ""shippingCost"": {""value"": ""0.00"", ""currency"": ""USD""}, ""minEstimatedDeliveryDate"": ""2026-09-15T07:00:00.000Z"", ""maxEstimatedDeliveryDate"": ""2026-09-21T07:00:00.000Z""}]",,,PENDING_INDEPENDENT_HUMAN_REVIEW,FINAL_BLIND_TEST,,,,,,,,,,,,,,
D2-0708,966bcb61-bf43-4cd7-8287-42f4bb9fa76d,9d636c4c-055f-4e85-b5ef-64675007d904,Leafeon ex,Prismatic Evolutions,144,special_illustration_rare,v1|128063949472|0,Leafeon ex 144/131 Sv: Prismatic Evolutions SIR Full Art Holo English 2025,,Ungraded,4000,[],"[""FIXED_PRICE"", ""AUCTION""]",awywyzkosk0,https://i.ebayimg.com/images/g/cMcAAeSwgW9qidYW/s-l225.jpg,https://www.ebay.com/itm/128063949472?_skw=Leafeon+ex+144+Prismatic+Evolutions+Pokemon+card&hash=item1dd134caa0:g:cMcAAeSwgW9qidYW,"{""value"": ""420.00"", ""currency"": ""USD""}","[{""shippingCostType"": ""CALCULATED""}]",,,PENDING_INDEPENDENT_HUMAN_REVIEW,FINAL_BLIND_TEST,,,,,,,,,,,,,,
D2-0715,966bcb61-bf43-4cd7-8287-42f4bb9fa76d,9d636c4c-055f-4e85-b5ef-64675007d904,Leafeon ex,Prismatic Evolutions,144,special_illustration_rare,v1|128074278974|0,Leafeon ex 144/131 Holo Special Illustration Rare SV: Prismatic Evolutions NM,,Ungraded,4000,[],"[""FIXED_PRICE"", ""BEST_OFFER""]",buy_my_crap84,https://i.ebayimg.com/images/g/cWEAAeSwyXtqpDZw/s-l225.jpg,https://www.ebay.com/itm/128074278974?_skw=Leafeon+ex+144+Prismatic+Evolutions+Pokemon+card&hash=item1dd1d2683e:g:cWEAAeSwyXtqpDZw&amdata=enc%3AAQALAAABEACCtXRWQnOEpyOqnQQ8KGaQnKmnR0%2Ffl4W1vyRIq0JV8QkceIKV5p9vJ1Q%2BOWVvOfp35yOtvNKmyZa8rbdyHXox6%2F5ZoUbEsT7S1f2u2lLOeJYe0LxXC5H2GIfslvc75rm84vKg3JKozOx0kJatcpQHaENilKryplqnV%2F4BW8YVa%2BLfmIU0mtTPwLSg2xGGVExwea3IsLFZz4l0ZUjQXqBkESxGPx1mlph%2BXIL6o2011vERVhorUynWaKu0oDlknQ3uh5HwJ6YOpOtsQtSIz9dEM%2BGXjvMfWHpqGDZ0FyLTuAaHa7%2BZr7glQWy8vcChmIbYIB2je8AKr3lDPkOuiIzDUrLhoNPBKyIZa2miqTZ6,"{""value"": ""339.99"", ""currency"": ""USD""}","[{""shippingCostType"": ""FIXED"", ""shippingCost"": {""value"": ""0.00"", ""currency"": ""USD""}, ""minEstimatedDeliveryDate"": ""2026-09-18T07:00:00.000Z"", ""maxEstimatedDeliveryDate"": ""2026-09-24T07:00:00.000Z""}]",,,PENDING_INDEPENDENT_HUMAN_REVIEW,FINAL_BLIND_TEST,,,,,,,,,,,,,,
D2-0719,966bcb61-bf43-4cd7-8287-42f4bb9fa76d,9d636c4c-055f-4e85-b5ef-64675007d904,Leafeon ex,Prismatic Evolutions,144,special_illustration_rare,v1|147559590686|0,Pokemon Prismatic Evolutions Leafeon ex SIR Holo 144/131 PSA 10,,Graded,2750,[],"[""AUCTION""]",montie343,https://i.ebayimg.com/images/g/uD4AAeSwcXFqkCum/s-l225.jpg,https://www.ebay.com/itm/147559590686?_skw=Leafeon+ex+144+Prismatic+Evolutions+Pokemon+card&hash=item225b3cab1e:g:uD4AAeSwcXFqkCum,{},"[{""shippingCostType"": ""CALCULATED""}]",,,PENDING_INDEPENDENT_HUMAN_REVIEW,FINAL_BLIND_TEST,,,,,,,,,,,,,,
D2-0720,966bcb61-bf43-4cd7-8287-42f4bb9fa76d,9d636c4c-055f-4e85-b5ef-64675007d904,Leafeon ex,Prismatic Evolutions,144,special_illustration_rare,v1|157701784286|0,Leafeon EX SIR 144/131 Prismatic Evolutions Extended Art Case,,Ungraded,4000,[],"[""FIXED_PRICE""]",outback_originals,https://i.ebayimg.com/images/g/kAgAAeSwoSBpnBS0/s-l225.jpg,https://www.ebay.com/itm/157701784286?_skw=Leafeon+ex+144+Prismatic+Evolutions+Pokemon+card&hash=item24b7c242de:g:kAgAAeSwoSBpnBS0,"{""value"": ""12.00"", ""currency"": ""USD""}","[{""shippingCostType"": ""FIXED"", ""shippingCost"": {""value"": ""5.00"", ""currency"": ""USD""}, ""minEstimatedDeliveryDate"": ""2026-09-15T07:00:00.000Z"", ""maxEstimatedDeliveryDate"": ""2026-09-18T07:00:00.000Z""}]",,,PENDING_INDEPENDENT_HUMAN_REVIEW,FINAL_BLIND_TEST,,,,,,,,,,,,,,
D2-0721,97165c7e-1d85-4962-807e-5661c2115d7d,b592d276-ceb3-4a5e-90d5-d759808b7da3,Furret,Journey Together,168,illustration_rare,v1|117395137697|0,Furret #168/159 Pokemon TCG JTG: SV09: Journey Together Illustration Rare Holo N,,Ungraded,4000,[],"[""FIXED_PRICE""]",beasers_closet,https://i.ebayimg.com/images/g/Mv0AAeSwhVlqmpoc/s-l225.jpg,https://www.ebay.com/itm/117395137697?_skw=Furret+168+Journey+Together+Pokemon+card&hash=item1b554ba4a1:g:Mv0AAeSwhVlqmpoc,"{""value"": ""9.90"", ""currency"": ""USD""}","[{""shippingCostType"": ""CALCULATED""}]",,,PENDING_INDEPENDENT_HUMAN_REVIEW,FINAL_BLIND_TEST,,,,,,,,,,,,,,
D2-0722,97165c7e-1d85-4962-807e-5661c2115d7d,b592d276-ceb3-4a5e-90d5-d759808b7da3,Furret,Journey Together,168,illustration_rare,v1|128054530286|0,Furret 168/159 SV Journey Together Illustration Rare Pokemon Card - NM,,Ungraded,4000,[],"[""FIXED_PRICE""]",swibbycards,https://i.ebayimg.com/images/g/9eoAAeSwoxhqlhf~/s-l225.jpg,https://www.ebay.com/itm/128054530286?_skw=Furret+168+Journey+Together+Pokemon+card&hash=item1dd0a510ee:g:9eoAAeSwoxhqlhf~,"{""value"": ""11.51"", ""currency"": ""USD""}","[{""shippingCostType"": ""FIXED"", ""shippingCost"": {""value"": ""0.00"", ""currency"": ""USD""}, ""minEstimatedDeliveryDate"": ""2026-09-15T07:00:00.000Z"", ""maxEstimatedDeliveryDate"": ""2026-09-18T07:00:00.000Z""}]",,,PENDING_INDEPENDENT_HUMAN_REVIEW,FINAL_BLIND_TEST,,,,,,,,,,,,,,
D2-0723,97165c7e-1d85-4962-807e-5661c2115d7d,b592d276-ceb3-4a5e-90d5-d759808b7da3,Furret,Journey Together,168,illustration_rare,v1|128066038218|0,Furret Illustration Rare 168/159 Journey Together Pokemon TCG English,,Ungraded,4000,[],"[""FIXED_PRICE""]",chomphouse,https://i.ebayimg.com/images/g/h~AAAeSwuQtqnejS/s-l225.jpg,https://www.ebay.com/itm/128066038218?_skw=Furret+168+Journey+Together+Pokemon+card&hash=item1dd154a9ca:g:h~AAAeSwuQtqnejS,"{""value"": ""9.50"", ""currency"": ""USD""}","[{""shippingCostType"": ""FIXED"", ""shippingCost"": {""value"": ""0.00"", ""currency"": ""USD""}, ""minEstimatedDeliveryDate"": ""2026-09-15T07:00:00.000Z"", ""maxEstimatedDeliveryDate"": ""2026-09-21T07:00:00.000Z""}]",,,PENDING_INDEPENDENT_HUMAN_REVIEW,FINAL_BLIND_TEST,,,,,,,,,,,,,,
D2-0725,97165c7e-1d85-4962-807e-5661c2115d7d,b592d276-ceb3-4a5e-90d5-d759808b7da3,Furret,Journey Together,168,illustration_rare,v1|158133989140|0,2025 Pokémon JTG EN Journey Together Furret #168 Illustration Rare PSA 9,,Graded,2750,[],"[""FIXED_PRICE"", ""BEST_OFFER""]",jpscollectablesny,https://i.ebayimg.com/images/g/-K4AAeSwRg9o2fBO/s-l225.jpg,https://www.ebay.com/itm/158133989140?_skw=Furret+168+Journey+Together+Pokemon+card&hash=item24d1852f14:g:-K4AAeSwRg9o2fBO&amdata=enc%3AAQALAAABAACCtXRWQnOEpyOqnQQ8KGbgOhgzoYXoMAvBj75gpM0oLG5sLvB%2FBRUCHmM%2B8m9HTc9It9XMTV%2F9PUD%2FeZkZFzhk9ENIpPA4ZwKp6Al4OHskpz%2B3DbjGtN4a%2BnteHuL5UkgujF%2BgNAEYTWjnvOymdN0lCo4yNti4shxhMH1EjCY7Ss9fmcME1%2BguWwilDx9ceac%2FKkzuIoM2C9z%2FhFa7dS7IYSTEPYcQ2CXCGQ5ECF9yMWuPF%2BFRWtHOtBAwjnAbLS6JNlBYYl291r1DNeooEweyWOCoupS4mxaxp49K%2FJ%2BmGfzyZboUyqHa56aLGjInJ5M5UtiMB6lsCwfGjGjF%2BVM%3D,"{""value"": ""40.00"", ""currency"": ""USD""}","[{""shippingCostType"": ""CALCULATED""}]",,,PENDING_INDEPENDENT_HUMAN_REVIEW,FINAL_BLIND_TEST,,,,,,,,,,,,,,
D2-0732,97165c7e-1d85-4962-807e-5661c2115d7d,b592d276-ceb3-4a5e-90d5-d759808b7da3,Furret,Journey Together,168,illustration_rare,v1|137723447461|0,Pokemon TCG Card Furret 168/159 Journey Together Illustration Rare - NM,,Ungraded,4000,[],"[""AUCTION""]",thriftytease,https://i.ebayimg.com/images/g/qigAAeSwPP9qo2Zq/s-l225.jpg,https://www.ebay.com/itm/137723447461?_skw=Furret+168+Journey+Together+Pokemon+card&hash=item2010f508a5:g:qigAAeSwPP9qo2Zq,{},"[{""shippingCostType"": ""CALCULATED""}]",,,PENDING_INDEPENDENT_HUMAN_REVIEW,FINAL_BLIND_TEST,,,,,,,,,,,,,,
D2-0737,9f323989-e972-4a9e-9e7b-3166e85d0690,0f3466bf-92b1-4d3d-913b-181fcec68996,Mega Feraligatr ex,Ascended Heroes,274,special_illustration_rare,v1|117352911848|0,2026 Pokemon 274/217 Mega Feraligatr EX Ascended Heroes,,Ungraded,4000,[],"[""FIXED_PRICE"", ""BEST_OFFER""]",tntcards.mi,https://i.ebayimg.com/images/g/GxoAAeSwvmNqeyyQ/s-l225.jpg,https://www.ebay.com/itm/117352911848?_skw=Mega+Feraligatr+ex+274+Ascended+Heroes+Pokemon+card&hash=item1b52c753e8:g:GxoAAeSwvmNqeyyQ,"{""value"": ""160.00"", ""currency"": ""USD""}","[{""shippingCostType"": ""FIXED"", ""shippingCost"": {""value"": ""5.99"", ""currency"": ""USD""}, ""minEstimatedDeliveryDate"": ""2026-09-15T07:00:00.000Z"", ""maxEstimatedDeliveryDate"": ""2026-09-21T07:00:00.000Z""}]",,,PENDING_INDEPENDENT_HUMAN_REVIEW,FINAL_BLIND_TEST,,,,,,,,,,,,,,
D2-0740,9f323989-e972-4a9e-9e7b-3166e85d0690,0f3466bf-92b1-4d3d-913b-181fcec68996,Mega Feraligatr ex,Ascended Heroes,274,special_illustration_rare,v1|158261210079|0,Pokemon TCG Mega Feraligatr Ex 274/217 Ascended Heros Secret Illustration Rare,,Ungraded,4000,[],"[""AUCTION""]",jator-93,https://i.ebayimg.com/images/g/GKIAAeSwvB9qmrqD/s-l225.jpg,https://www.ebay.com/itm/158261210079?_skw=Mega+Feraligatr+ex+274+Ascended+Heroes+Pokemon+card&hash=item24d91a6bdf:g:GKIAAeSwvB9qmrqD,{},"[{""shippingCostType"": ""CALCULATED""}]",,,PENDING_INDEPENDENT_HUMAN_REVIEW,FINAL_BLIND_TEST,,,,,,,,,,,,,,
D2-0741,9f323989-e972-4a9e-9e7b-3166e85d0690,0f3466bf-92b1-4d3d-913b-181fcec68996,Mega Feraligatr ex,Ascended Heroes,274,special_illustration_rare,v1|178443201128|0,Pokemon TCG Mega Feraligatr Ex 274/217 Ascended Heros Secret Illustration Rare,,Ungraded,4000,[],"[""FIXED_PRICE""]",rainier_collectibles,https://i.ebayimg.com/images/g/FCwAAeSw2o5qj1ph/s-l225.jpg,https://www.ebay.com/itm/178443201128?_skw=Mega+Feraligatr+ex+274+Ascended+Heroes+Pokemon+card&hash=item298c0b2a68:g:FCwAAeSw2o5qj1ph,"{""value"": ""127.99"", ""currency"": ""USD""}","[{""shippingCostType"": ""FIXED"", ""shippingCost"": {""value"": ""6.99"", ""currency"": ""USD""}, ""minEstimatedDeliveryDate"": ""2026-09-15T07:00:00.000Z"", ""maxEstimatedDeliveryDate"": ""2026-09-21T07:00:00.000Z""}]",,,PENDING_INDEPENDENT_HUMAN_REVIEW,FINAL_BLIND_TEST,,,,,,,,,,,,,,
D2-0744,9f323989-e972-4a9e-9e7b-3166e85d0690,0f3466bf-92b1-4d3d-913b-181fcec68996,Mega Feraligatr ex,Ascended Heroes,274,special_illustration_rare,v1|318816800288|0,Mega Feraligatr Ex Card SIR Ascended Heroes near mint or better,,Ungraded,4000,[],"[""FIXED_PRICE"", ""BEST_OFFER""]",desnor_94,https://i.ebayimg.com/images/g/Qv0AAeSw6xpqmJ9q/s-l225.jpg,https://www.ebay.com/itm/318816800288?_skw=Mega+Feraligatr+ex+274+Ascended+Heroes+Pokemon+card&hash=item4a3af64e20:g:Qv0AAeSw6xpqmJ9q,"{""value"": ""130.00"", ""currency"": ""USD""}","[{""shippingCostType"": ""CALCULATED""}]",,,PENDING_INDEPENDENT_HUMAN_REVIEW,FINAL_BLIND_TEST,,,,,,,,,,,,,,
D2-0745,9f323989-e972-4a9e-9e7b-3166e85d0690,0f3466bf-92b1-4d3d-913b-181fcec68996,Mega Feraligatr ex,Ascended Heroes,274,special_illustration_rare,v1|188893424039|0,Pokémon TCG Mega Feraligatr SIR Ascended Heroes Mega Set #274/234,,Ungraded,4000,[],"[""FIXED_PRICE"", ""BEST_OFFER""]",eflasky,https://i.ebayimg.com/images/g/QnwAAeSwXyxqmGJE/s-l225.jpg,https://www.ebay.com/itm/188893424039?_skw=Mega+Feraligatr+ex+274+Ascended+Heroes+Pokemon+card&hash=item2bfaece9a7:g:QnwAAeSwXyxqmGJE,"{""value"": ""109.00"", ""currency"": ""USD""}",[],,,PENDING_INDEPENDENT_HUMAN_REVIEW,FINAL_BLIND_TEST,,,,,,,,,,,,,,
D2-0755,a3d56338-1f3f-4b99-8920-5d71b8b85737,66f1f173-3a34-44b4-95a3-d0031fa9d3ee,Pikachu ex,Surging Sparks,247,hyper_rare_gold,v1|156501697661|0,Pokemon TCG New Set Pikachu 247/191 Hyper Rare Gold Card Surging Sparks,,Ungraded,4000,[],"[""FIXED_PRICE"", ""BEST_OFFER""]",cheaptechny,https://i.ebayimg.com/images/g/RCMAAeSw0jhqQehm/s-l225.jpg,https://www.ebay.com/itm/156501697661?_skw=Pikachu+ex+247+Surging+Sparks+Pokemon+card&hash=item24703a647d:g:RCMAAeSw0jhqQehm,"{""value"": ""107.24"", ""currency"": ""USD""}","[{""shippingCostType"": ""FIXED"", ""shippingCost"": {""value"": ""0.00"", ""currency"": ""USD""}, ""minEstimatedDeliveryDate"": ""2026-09-15T07:00:00.000Z"", ""maxEstimatedDeliveryDate"": ""2026-09-21T07:00:00.000Z""}]",,,PENDING_INDEPENDENT_HUMAN_REVIEW,FINAL_BLIND_TEST,,,,,,,,,,,,,,
D2-0757,a3d56338-1f3f-4b99-8920-5d71b8b85737,66f1f173-3a34-44b4-95a3-d0031fa9d3ee,Pikachu ex,Surging Sparks,247,hyper_rare_gold,v1|128047857130|0,PSA 9 Pikachu ex 247/191 Surging Sparks Full Art Holo Rare Pokemon 2024,,Graded,2750,[],"[""FIXED_PRICE"", ""BEST_OFFER""]",matt28999,https://i.ebayimg.com/images/g/VAsAAeSw~gJqkJUS/s-l225.jpg,https://www.ebay.com/itm/128047857130?_skw=Pikachu+ex+247+Surging+Sparks+Pokemon+card&hash=item1dd03f3dea:g:VAsAAeSw~gJqkJUS,"{""value"": ""113.42"", ""currency"": ""USD"", ""convertedFromValue"": ""83.94"", ""convertedFromCurrency"": ""GBP""}",[],,,PENDING_INDEPENDENT_HUMAN_REVIEW,FINAL_BLIND_TEST,,,,,,,,,,,,,,
D2-0760,a3d56338-1f3f-4b99-8920-5d71b8b85737,66f1f173-3a34-44b4-95a3-d0031fa9d3ee,Pikachu ex,Surging Sparks,247,hyper_rare_gold,v1|137711475646|0,2024 POKEMON SSP EN-SURGING SPARKS HYPER RARE #247 PIKACHU EX PSA 9,,Graded,2750,[],"[""FIXED_PRICE"", ""BEST_OFFER""]",mmrndx8,https://i.ebayimg.com/images/g/3gAAAeSw5fpqn0XZ/s-l225.jpg,https://www.ebay.com/itm/137711475646?_skw=Pikachu+ex+247+Surging+Sparks+Pokemon+card&hash=item20103e5bbe:g:3gAAAeSw5fpqn0XZ,"{""value"": ""110.00"", ""currency"": ""USD""}","[{""shippingCostType"": ""CALCULATED""}]",,,PENDING_INDEPENDENT_HUMAN_REVIEW,FINAL_BLIND_TEST,,,,,,,,,,,,,,
D2-0761,a3d56338-1f3f-4b99-8920-5d71b8b85737,66f1f173-3a34-44b4-95a3-d0031fa9d3ee,Pikachu ex,Surging Sparks,247,hyper_rare_gold,v1|147385799286|0,Pokémon TCG Pikachu EX Surging Sparks Hyper Rare Gold 247/191 Super Clean,,Ungraded,4000,[],"[""FIXED_PRICE"", ""BEST_OFFER""]",mybellycantalk,https://i.ebayimg.com/images/g/cv4AAeSwunVqNV7U/s-l225.jpg,https://www.ebay.com/itm/147385799286?_skw=Pikachu+ex+247+Surging+Sparks+Pokemon+card&hash=item2250e0d276:g:cv4AAeSwunVqNV7U,"{""value"": ""89.99"", ""currency"": ""USD""}","[{""shippingCostType"": ""CALCULATED""}]",,,PENDING_INDEPENDENT_HUMAN_REVIEW,FINAL_BLIND_TEST,,,,,,,,,,,,,,
D2-0763,a3d56338-1f3f-4b99-8920-5d71b8b85737,66f1f173-3a34-44b4-95a3-d0031fa9d3ee,Pikachu ex,Surging Sparks,247,hyper_rare_gold,v1|158199843443|0,2024 Pokemon TCG Pikachu EX Surging Sparks #247 AGS GEM-MT 10,,Graded,2750,[],"[""FIXED_PRICE"", ""BEST_OFFER""]",vaulthit,https://i.ebayimg.com/images/g/Z1kAAeSw2L1qf0Pk/s-l225.jpg,https://www.ebay.com/itm/158199843443?_skw=Pikachu+ex+247+Surging+Sparks+Pokemon+card&hash=item24d5720a73:g:Z1kAAeSw2L1qf0Pk,"{""value"": ""274.99"", ""currency"": ""USD""}","[{""shippingCostType"": ""CALCULATED""}]",,,PENDING_INDEPENDENT_HUMAN_REVIEW,FINAL_BLIND_TEST,,,,,,,,,,,,,,
D2-0768,a6969678-b361-4b27-bee3-e3cdc127a5e4,bb6ebfa8-886c-4b5c-822a-7431870bb339,Dragapult ex,Prismatic Evolutions,165,special_illustration_rare,v1|117377110612|0,Dragapult ex 165/131 Sv: Prismatic Evolutions Holo,,Ungraded,4000,[],"[""FIXED_PRICE"", ""BEST_OFFER""]",battlecitycollectibles,https://i.ebayimg.com/images/g/XMMAAeSwjU9qjcUC/s-l225.jpg,https://www.ebay.com/itm/117377110612?_skw=Dragapult+ex+165+Prismatic+Evolutions+Pokemon+card&hash=item1b54389254:g:XMMAAeSwjU9qjcUC,"{""value"": ""120.00"", ""currency"": ""USD""}","[{""shippingCostType"": ""CALCULATED""}]",,,PENDING_INDEPENDENT_HUMAN_REVIEW,FINAL_BLIND_TEST,,,,,,,,,,,,,,
D2-0769,a6969678-b361-4b27-bee3-e3cdc127a5e4,bb6ebfa8-886c-4b5c-822a-7431870bb339,Dragapult ex,Prismatic Evolutions,165,special_illustration_rare,v1|117394116275|0,Prismatic Evolution SIR Dragapult ex 165/131. Mint condition,,Ungraded,4000,[],"[""FIXED_PRICE"", ""BEST_OFFER""]",chef_boy_r_steve,https://i.ebayimg.com/images/g/~T4AAeSwW8Nqmc9t/s-l225.jpg,https://www.ebay.com/itm/117394116275?_skw=Dragapult+ex+165+Prismatic+Evolutions+Pokemon+card&hash=item1b553c0eb3:g:~T4AAeSwW8Nqmc9t&amdata=enc%3AAQALAAABEACCtXRWQnOEpyOqnQQ8KGYFQwyi6Q2i0kkvLQXb%2FlthKzGat7dAX3%2Fx%2BD3ykq%2Fv%2BQuLR%2FIGT2gnnigIeqVCBWiSXNe4N9vvZxUeVxxMZUCANtFitih5S5oBQptl55RZtiD77z97PBYPsnlm%2F1SwDG71kCbf5ZPETAmjXlfBily3d0E2aiMakaQKoT5an9scW%2FI86aBTceENVTjsy9c8i8Rs%2FzF%2FmjCjzDH5Yp4uERtJItftL9%2BV9MhcCHJ1Lb1BvjNRuVKFtWaK%2BQd2Cd498hR7jev8dOwvPHjXsBxt%2FzJUYH5YMc0ZtD2Lfy1fV32MFAEQoHVuZZQvkXCsefwi%2B%2BiwcQCHca%2F9AmuSi7m2xMEm,"{""value"": ""110.00"", ""currency"": ""USD""}","[{""shippingCostType"": ""FIXED"", ""shippingCost"": {""value"": ""8.00"", ""currency"": ""USD""}, ""minEstimatedDeliveryDate"": ""2026-09-16T07:00:00.000Z"", ""maxEstimatedDeliveryDate"": ""2026-09-22T07:00:00.000Z""}]",,,PENDING_INDEPENDENT_HUMAN_REVIEW,FINAL_BLIND_TEST,,,,,,,,,,,,,,
D2-0771,a6969678-b361-4b27-bee3-e3cdc127a5e4,bb6ebfa8-886c-4b5c-822a-7431870bb339,Dragapult ex,Prismatic Evolutions,165,special_illustration_rare,v1|318848371291|0,2025 Pokemon Prismatic Evolutions Dragapult ex 073/131 Tera Double Rare Holo NM⁠,,Ungraded,4000,[],"[""FIXED_PRICE""]",eczdpllm2055,https://i.ebayimg.com/images/g/IxcAAeSwxTRqoWJX/s-l225.jpg,https://www.ebay.com/itm/318848371291?_skw=Dragapult+ex+165+Prismatic+Evolutions+Pokemon+card&hash=item4a3cd80a5b:g:IxcAAeSwxTRqoWJX,"{""value"": ""1.49"", ""currency"": ""USD""}","[{""shippingCostType"": ""FIXED"", ""shippingCost"": {""value"": ""1.00"", ""currency"": ""USD""}, ""minEstimatedDeliveryDate"": ""2026-09-15T07:00:00.000Z"", ""maxEstimatedDeliveryDate"": ""2026-09-21T07:00:00.000Z""}]",,,PENDING_INDEPENDENT_HUMAN_REVIEW,FINAL_BLIND_TEST,,,,,,,,,,,,,,
D2-0778,a6969678-b361-4b27-bee3-e3cdc127a5e4,bb6ebfa8-886c-4b5c-822a-7431870bb339,Dragapult ex,Prismatic Evolutions,165,special_illustration_rare,v1|127482529892|0,CGC Gem Mint 10 Dragapult ex 165/131 Pokémon Prismatic Evolutions PRE EN,,Graded,2750,[],"[""FIXED_PRICE"", ""BEST_OFFER""]",fortytwo-tcg,https://i.ebayimg.com/images/g/fzAAAeSw4JRpEgQ~/s-l225.jpg,https://www.ebay.com/itm/127482529892?_skw=Dragapult+ex+165+Prismatic+Evolutions+Pokemon+card&hash=item1dae8d0864:g:fzAAAeSw4JRpEgQ~&amdata=enc%3AAQALAAABEACCtXRWQnOEpyOqnQQ8KGb3t5B0PrgqudJur5q8KbEKCpASE3PT7hQJccvYUScz0RwRTGFatXfwt%2BzqAqG%2Fw7lq6%2B2zkIonDTI81xSmYvGjNUYrfj%2Bo0PSprSd%2BOBDvKzbp1N5poomy6Oz6E6et3TD8ISVwKh6CDR7CI1t2trv9uEGQTbKLEThOlKQyWkolaC2v9SrnNcamKvY3GsjNlqW1FDfeJggpnmWDoMNierXix6aYJ5Ppkg%2BtP3QztJ6XQDt66%2BFbs%2BJd2Zt7PWkRpBc2%2FO%2BbSmVNmdV%2FdsPzpfaYcAc85acCJJ1VHgdB2dAkKTnY%2B%2F31ncJC2DrQuTXv27zKOeCrw6rLQ6%2FgfsXabef%2F,"{""value"": ""249.99"", ""currency"": ""USD""}","[{""shippingCostType"": ""FIXED"", ""shippingCost"": {""value"": ""0.00"", ""currency"": ""USD""}, ""minEstimatedDeliveryDate"": ""2026-09-15T07:00:00.000Z"", ""maxEstimatedDeliveryDate"": ""2026-09-21T07:00:00.000Z""}]",,,PENDING_INDEPENDENT_HUMAN_REVIEW,FINAL_BLIND_TEST,,,,,,,,,,,,,,
D2-0780,a6969678-b361-4b27-bee3-e3cdc127a5e4,bb6ebfa8-886c-4b5c-822a-7431870bb339,Dragapult ex,Prismatic Evolutions,165,special_illustration_rare,v1|137307409739|0,Pokémon TCG Dragapult EX Prismatic Evolutions Card 165/131 Full Art NM Rare,,Ungraded,4000,[],"[""FIXED_PRICE"", ""BEST_OFFER""]",hippiedudeee,https://i.ebayimg.com/images/g/21gAAeSwuMVqBL2z/s-l225.jpg,https://www.ebay.com/itm/137307409739?_skw=Dragapult+ex+165+Prismatic+Evolutions+Pokemon+card&hash=item1ff828cd4b:g:21gAAeSwuMVqBL2z&amdata=enc%3AAQALAAABEACCtXRWQnOEpyOqnQQ8KGbAM9%2BV05S%2BPA2%2Fu7TZBDpLroZOkXLEGADF2se8OqdelcN%2FcK7kTfVI%2BdCZBhoLJNdw38UlglvXuvDEPNJ5y1oDYB%2FLMYAooMNfR9FzLcdu4Ho%2Fo6cYmDGVSMnnCJpiDExpHJyKdDxaSkSsKvBBF9aAczGYFfxhTqfQedXsI%2FrM%2Fwj4Jx2iZMOm3--EdMIz4PZwuqLcZtfohD85KA8MA%2BPGpBFM8OZUfOZzf26shOqdgXwjJo%2BJNYxTXikSrYpycCTSDYbvXMUtcUk%2FBrxbd4Ca%2Ba82VUKiT1Af69r0FX37JDKDOOdPil%2BbK3p7CvggphnMH1fKn120bovnvF%2B3n--L,"{""value"": ""120.00"", ""currency"": ""USD""}","[{""shippingCostType"": ""CALCULATED""}]",,,PENDING_INDEPENDENT_HUMAN_REVIEW,FINAL_BLIND_TEST,,,,,,,,,,,,,,
D2-0781,a922341e-4646-470b-95cf-2a59055b18ce,2bf9f356-230d-42e8-99e7-0b10161b9392,Spidops ex,Scarlet and Violet Base Set,243,special_illustration_rare,v1|117394284865|0,Pokémon TCG Spidops EX Scarlet & Violet Base Set Holo Card 243/198,,Ungraded,4000,[],"[""FIXED_PRICE"", ""BEST_OFFER""]",siceg6,https://i.ebayimg.com/images/g/dtkAAeSwHQBqmfCK/s-l225.jpg,https://www.ebay.com/itm/117394284865?_skw=Spidops+ex+243+Scarlet+and+Violet+Base+Set+Pokemon+card&hash=item1b553ea141:g:dtkAAeSwHQBqmfCK&amdata=enc%3AAQALAAABEACCtXRWQnOEpyOqnQQ8KGYi%2F%2B7WPMB5SaOo3UFn5eCF54rFR8hH1JMNNGwlXqH%2FFaP8bhf8qzeC2lQb4iv4puvzWVvOiApaVjC63NdhBPmmPRIjjkKlWx%2BBVKCd5HYjxEdGI6VnB8gW0qBlKd%2FljMETjkBNbTjoL0E7QNnQOivZLxH5xyoovDgtFng6gs3FqBhmIEZPw9%2Bs4%2FK3k7NITpMURrLz%2FlgjI9hZmipEV1%2BxMvFEILAIxYXPBf%2BuI4ZmRLX84405VBifSHloutVA60q7IpvNc7GSLkYc8hT9J8%2B1NMLExNChgvSke40UokvugAGzZF%2Fcfxzk75qvKvYKopjOqPxx%2Bj0dzGVc7xRuJJdf,"{""value"": ""10.00"", ""currency"": ""USD""}","[{""shippingCostType"": ""CALCULATED""}]",,,PENDING_INDEPENDENT_HUMAN_REVIEW,FINAL_BLIND_TEST,,,,,,,,,,,,,,
D2-0785,a922341e-4646-470b-95cf-2a59055b18ce,2bf9f356-230d-42e8-99e7-0b10161b9392,Spidops ex,Scarlet and Violet Base Set,243,special_illustration_rare,v1|198627828418|0,Pokemon Spidops ex 243/198 SV01 Scarlet & Violet SIR Holo ENG 2023,,Ungraded,4000,[],"[""AUCTION""]",realmrbrat,https://i.ebayimg.com/images/g/rUUAAeSwaVxqoFHl/s-l225.jpg,https://www.ebay.com/itm/198627828418?_skw=Spidops+ex+243+Scarlet+and+Violet+Base+Set+Pokemon+card&hash=item2e3f2422c2:g:rUUAAeSwaVxqoFHl,{},"[{""shippingCostType"": ""FIXED"", ""shippingCost"": {""value"": ""1.36"", ""currency"": ""USD""}, ""minEstimatedDeliveryDate"": ""2026-09-16T07:00:00.000Z"", ""maxEstimatedDeliveryDate"": ""2026-09-22T07:00:00.000Z""}]",,,PENDING_INDEPENDENT_HUMAN_REVIEW,FINAL_BLIND_TEST,,,,,,,,,,,,,,
D2-0791,a922341e-4646-470b-95cf-2a59055b18ce,2bf9f356-230d-42e8-99e7-0b10161b9392,Spidops ex,Scarlet and Violet Base Set,243,special_illustration_rare,v1|147541014787|0,Spidops ex 019/198 Double Rare Scarlet & Violet Pokemon Card NM Holo,,Ungraded,4000,[],"[""FIXED_PRICE"", ""BEST_OFFER""]",trainerscache,https://i.ebayimg.com/images/g/15cAAeSw2bhqlhDX/s-l225.jpg,https://www.ebay.com/itm/147541014787?_skw=Spidops+ex+243+Scarlet+and+Violet+Base+Set+Pokemon+card&hash=item225a213903:g:15cAAeSw2bhqlhDX,"{""value"": ""1.49"", ""currency"": ""USD""}","[{""shippingCostType"": ""FIXED"", ""shippingCost"": {""value"": ""0.99"", ""currency"": ""USD""}, ""minEstimatedDeliveryDate"": ""2026-09-15T07:00:00.000Z"", ""maxEstimatedDeliveryDate"": ""2026-09-19T07:00:00.000Z""}]",,,PENDING_INDEPENDENT_HUMAN_REVIEW,FINAL_BLIND_TEST,,,,,,,,,,,,,,
D2-0792,a922341e-4646-470b-95cf-2a59055b18ce,2bf9f356-230d-42e8-99e7-0b10161b9392,Spidops ex,Scarlet and Violet Base Set,243,special_illustration_rare,v1|257698012004|0,Pokemon TCG Spidops ex 019/198 Scarlet Violet Holo LP,,Ungraded,4000,[],"[""FIXED_PRICE""]",mr_redrose12321,https://i.ebayimg.com/images/g/nLcAAeSwu7ZqizdY/s-l225.jpg,https://www.ebay.com/itm/257698012004?_skw=Spidops+ex+243+Scarlet+and+Violet+Base+Set+Pokemon+card&hash=item3bffff9b64:g:nLcAAeSwu7ZqizdY,"{""value"": ""1.74"", ""currency"": ""USD""}","[{""shippingCostType"": ""FIXED"", ""shippingCost"": {""value"": ""0.00"", ""currency"": ""USD""}, ""minEstimatedDeliveryDate"": ""2026-09-15T07:00:00.000Z"", ""maxEstimatedDeliveryDate"": ""2026-09-19T07:00:00.000Z""}]",,,PENDING_INDEPENDENT_HUMAN_REVIEW,FINAL_BLIND_TEST,,,,,,,,,,,,,,
D2-0795,a922341e-4646-470b-95cf-2a59055b18ce,2bf9f356-230d-42e8-99e7-0b10161b9392,Spidops ex,Scarlet and Violet Base Set,243,special_illustration_rare,v1|134515876293|0,Pokemon Spidops ex 019/198 Scarlet & Violet Base Set NM,,Unspecified,,[],"[""FIXED_PRICE""]",dreamofthefayth209,https://i.ebayimg.com/images/g/iu8AAOSwlxFkKRV8/s-l225.jpg,https://www.ebay.com/itm/134515876293?_skw=Spidops+ex+243+Scarlet+and+Violet+Base+Set+Pokemon+card&hash=item1f51c561c5:g:iu8AAOSwlxFkKRV8,"{""value"": ""2.00"", ""currency"": ""USD""}","[{""shippingCostType"": ""FIXED"", ""shippingCost"": {""value"": ""0.00"", ""currency"": ""USD""}, ""minEstimatedDeliveryDate"": ""2026-09-15T07:00:00.000Z"", ""maxEstimatedDeliveryDate"": ""2026-09-21T07:00:00.000Z""}]",,,PENDING_INDEPENDENT_HUMAN_REVIEW,FINAL_BLIND_TEST,,,,,,,,,,,,,,
D2-0796,ae4a6acb-3a88-4547-a165-7a617bfb2ce8,cd7798fe-711e-4cad-a015-7139b3d49bf6,Jolteon ex,Prismatic Evolutions,153,special_illustration_rare,v1|117138326899|0,Jolteon ex SIR NM 153/131 SV: Prismatic Evolutions Pokemon Card,,Ungraded,4000,[],"[""FIXED_PRICE""]",cardthrone,https://i.ebayimg.com/images/g/B8sAAOSwCNRn41hx/s-l225.jpg,https://www.ebay.com/itm/117138326899?_skw=Jolteon+ex+153+Prismatic+Evolutions+Pokemon+card&hash=item1b45fd0573:g:B8sAAOSwCNRn41hx,"{""value"": ""317.99"", ""currency"": ""USD""}","[{""shippingCostType"": ""FIXED"", ""shippingCost"": {""value"": ""1.00"", ""currency"": ""USD""}, ""minEstimatedDeliveryDate"": ""2026-09-15T07:00:00.000Z"", ""maxEstimatedDeliveryDate"": ""2026-09-21T07:00:00.000Z""}]",,,PENDING_INDEPENDENT_HUMAN_REVIEW,FINAL_BLIND_TEST,,,,,,,,,,,,,,
D2-0805,ae4a6acb-3a88-4547-a165-7a617bfb2ce8,cd7798fe-711e-4cad-a015-7139b3d49bf6,Jolteon ex,Prismatic Evolutions,153,special_illustration_rare,v1|117387012353|0,Pokemon - Jolteon ex 153/131 Prismatic Evolutions SIR PSA 10,,Graded,2750,[],"[""FIXED_PRICE""]",chakochan5,https://i.ebayimg.com/images/g/JbsAAeSwjspqlK~T/s-l225.jpg,https://www.ebay.com/itm/117387012353?_skw=Jolteon+ex+153+Prismatic+Evolutions+Pokemon+card&hash=item1b54cfa901:g:JbsAAeSwjspqlK~T,"{""value"": ""719.99"", ""currency"": ""USD""}","[{""shippingCostType"": ""CALCULATED""}]",,,PENDING_INDEPENDENT_HUMAN_REVIEW,FINAL_BLIND_TEST,,,,,,,,,,,,,,
D2-0806,ae4a6acb-3a88-4547-a165-7a617bfb2ce8,cd7798fe-711e-4cad-a015-7139b3d49bf6,Jolteon ex,Prismatic Evolutions,153,special_illustration_rare,v1|157830855606|0,Jolteon EX 153 Prismatic Evolution Pokemon Extended Artwork Case,,Ungraded,4000,[],"[""FIXED_PRICE""]",outback_originals,https://i.ebayimg.com/images/g/CUsAAeSwvb1p3QqZ/s-l225.jpg,https://www.ebay.com/itm/157830855606?_skw=Jolteon+ex+153+Prismatic+Evolutions+Pokemon+card&hash=item24bf73bbb6:g:CUsAAeSwvb1p3QqZ,"{""value"": ""12.00"", ""currency"": ""USD""}","[{""shippingCostType"": ""FIXED"", ""shippingCost"": {""value"": ""5.50"", ""currency"": ""USD""}, ""minEstimatedDeliveryDate"": ""2026-09-15T07:00:00.000Z"", ""maxEstimatedDeliveryDate"": ""2026-09-18T07:00:00.000Z""}]",,,PENDING_INDEPENDENT_HUMAN_REVIEW,FINAL_BLIND_TEST,,,,,,,,,,,,,,
D2-0807,ae4a6acb-3a88-4547-a165-7a617bfb2ce8,cd7798fe-711e-4cad-a015-7139b3d49bf6,Jolteon ex,Prismatic Evolutions,153,special_illustration_rare,v1|286788282560|0,Jolteon EX 153/131 Prismatic Evolutions SIR FACTORY CREASE,,Ungraded,4000,[],"[""FIXED_PRICE"", ""BEST_OFFER""]",ultima-supply,https://i.ebayimg.com/images/g/OCEAAeSwvetor0L1/s-l225.jpg,https://www.ebay.com/itm/286788282560?_skw=Jolteon+ex+153+Prismatic+Evolutions+Pokemon+card&hash=item42c5e9e8c0:g:OCEAAeSwvetor0L1,"{""value"": ""199.99"", ""currency"": ""USD""}","[{""shippingCostType"": ""FIXED"", ""shippingCost"": {""value"": ""0.00"", ""currency"": ""USD""}, ""minEstimatedDeliveryDate"": ""2026-09-16T07:00:00.000Z"", ""maxEstimatedDeliveryDate"": ""2026-09-23T07:00:00.000Z""}]",,,PENDING_INDEPENDENT_HUMAN_REVIEW,FINAL_BLIND_TEST,,,,,,,,,,,,,,
D2-0808,ae4a6acb-3a88-4547-a165-7a617bfb2ce8,cd7798fe-711e-4cad-a015-7139b3d49bf6,Jolteon ex,Prismatic Evolutions,153,special_illustration_rare,v1|117406735175|0,2025 Pokemon Prismatic Evolutions Jolteon ex #153/131,,Ungraded,4000,[],"[""AUCTION""]",drizzycollects,https://i.ebayimg.com/images/g/tMwAAeSwhLRqBUeG/s-l225.jpg,https://www.ebay.com/itm/117406735175?_skw=Jolteon+ex+153+Prismatic+Evolutions+Pokemon+card&hash=item1b55fc9b47:g:tMwAAeSwhLRqBUeG,{},"[{""shippingCostType"": ""FIXED"", ""shippingCost"": {""value"": ""5.75"", ""currency"": ""USD""}, ""minEstimatedDeliveryDate"": ""2026-09-17T07:00:00.000Z"", ""maxEstimatedDeliveryDate"": ""2026-09-21T07:00:00.000Z""}]",,,PENDING_INDEPENDENT_HUMAN_REVIEW,FINAL_BLIND_TEST,,,,,,,,,,,,,,
D2-0811,b3020b76-9ff0-449a-85b8-924878fa0e8b,b70cd4ec-81c4-4e81-a677-901a43af62d9,Archeops,White Flare,132,illustration_rare,v1|128046825751|0,Archeops 132/086 Illustration Rare White Flare Pokemon Holo Near Mint,,Ungraded,4000,[],"[""FIXED_PRICE"", ""BEST_OFFER""]",hoffshobbyhaus,https://i.ebayimg.com/images/g/VXsAAeSwc8Fqj8c8/s-l225.jpg,https://www.ebay.com/itm/128046825751?_skw=Archeops+132+White+Flare+Pokemon+card&hash=item1dd02f8117:g:VXsAAeSwc8Fqj8c8,"{""value"": ""19.99"", ""currency"": ""USD""}","[{""shippingCostType"": ""FIXED"", ""shippingCost"": {""value"": ""0.00"", ""currency"": ""USD""}, ""minEstimatedDeliveryDate"": ""2026-09-16T07:00:00.000Z"", ""maxEstimatedDeliveryDate"": ""2026-09-23T07:00:00.000Z""}]",,,PENDING_INDEPENDENT_HUMAN_REVIEW,FINAL_BLIND_TEST,,,,,,,,,,,,,,
D2-0816,b3020b76-9ff0-449a-85b8-924878fa0e8b,b70cd4ec-81c4-4e81-a677-901a43af62d9,Archeops,White Flare,132,illustration_rare,v1|236979819643|0,Pokemon TCG Archeops 132/086 Dark Explorers Full Art Holo Rare English 2012,,Ungraded,4000,[],"[""FIXED_PRICE"", ""BEST_OFFER""]",chadman_m,https://i.ebayimg.com/images/g/Xu8AAeSwWUhqb5XT/s-l225.jpg,https://www.ebay.com/itm/236979819643?_skw=Archeops+132+White+Flare+Pokemon+card&hash=item372d19147b:g:Xu8AAeSwWUhqb5XT,"{""value"": ""12.00"", ""currency"": ""USD""}","[{""shippingCostType"": ""CALCULATED""}]",,,PENDING_INDEPENDENT_HUMAN_REVIEW,FINAL_BLIND_TEST,,,,,,,,,,,,,,
D2-0817,b3020b76-9ff0-449a-85b8-924878fa0e8b,b70cd4ec-81c4-4e81-a677-901a43af62d9,Archeops,White Flare,132,illustration_rare,v1|157217521409|458709422580,White Flare Pokemon Cards! Holo/Reverse Holo Rare Illustration Full Art SIR Card,,Ungraded,4000,[],"[""FIXED_PRICE""]",overstackedcards,https://i.ebayimg.com/images/g/IIkAAeSwcjdojcyv/s-l225.jpg,https://www.ebay.com/itm/157217521409?_skw=Archeops+132+White+Flare+Pokemon+card&var=458709422580&hash=item249ae4ff01:g:IIkAAeSwcjdojcyv,"{""value"": ""20.89"", ""currency"": ""USD""}","[{""shippingCostType"": ""FIXED"", ""shippingCost"": {""value"": ""0.00"", ""currency"": ""USD""}, ""minEstimatedDeliveryDate"": ""2026-09-15T07:00:00.000Z"", ""maxEstimatedDeliveryDate"": ""2026-09-18T07:00:00.000Z""}]",,,PENDING_INDEPENDENT_HUMAN_REVIEW,FINAL_BLIND_TEST,,,,,,,,,,,,,,
D2-0818,b3020b76-9ff0-449a-85b8-924878fa0e8b,b70cd4ec-81c4-4e81-a677-901a43af62d9,Archeops,White Flare,132,illustration_rare,v1|178379937316|477733080973,⚪Pokemon White Flare : Choose Your Card! EX/FullArt/IR/SIR llustration Rares!⚪,,Ungraded,4000,[],"[""FIXED_PRICE""]",yiedtcg,https://i.ebayimg.com/images/g/5aUAAeSwBCJqdJqY/s-l225.jpg,https://www.ebay.com/itm/178379937316?_skw=Archeops+132+White+Flare+Pokemon+card&var=477733080973&hash=item298845d624:g:5aUAAeSwBCJqdJqY,"{""value"": ""20.00"", ""currency"": ""USD""}","[{""shippingCostType"": ""FIXED"", ""shippingCost"": {""value"": ""0.00"", ""currency"": ""USD""}, ""minEstimatedDeliveryDate"": ""2026-09-15T07:00:00.000Z"", ""maxEstimatedDeliveryDate"": ""2026-09-21T07:00:00.000Z""}]",,,PENDING_INDEPENDENT_HUMAN_REVIEW,FINAL_BLIND_TEST,,,,,,,,,,,,,,
D2-0819,b3020b76-9ff0-449a-85b8-924878fa0e8b,b70cd4ec-81c4-4e81-a677-901a43af62d9,Archeops,White Flare,132,illustration_rare,v1|406228793717|0,Archeops 140 HP Pokémon Card Ancient Wing Ability Rock Throw Move,,Ungraded,4000,[],"[""FIXED_PRICE"", ""BEST_OFFER""]",jp12cards,https://i.ebayimg.com/images/g/548AAeSwltloztVG/s-l225.jpg,https://www.ebay.com/itm/406228793717?_skw=Archeops+132+White+Flare+Pokemon+card&hash=item5e951f7975:g:548AAeSwltloztVG,"{""value"": ""8.00"", ""currency"": ""USD""}","[{""shippingCostType"": ""CALCULATED""}]",,,PENDING_INDEPENDENT_HUMAN_REVIEW,FINAL_BLIND_TEST,,,,,,,,,,,,,,
D2-0826,b547c5c3-7082-4a7f-9290-3d569b91b462,2c272732-fdb3-4639-aa6b-ea9fa3ad9c24,Team Rocket's Giovanni,Destined Rivals,225,ultra_rare,v1|117390179451|0,Team Rocket’s Giovanni 225/182 Pokemon Destined Rivals Full Art. Pk003357,,Ungraded,4000,[],"[""FIXED_PRICE"", ""BEST_OFFER""]",camaroboysam,https://i.ebayimg.com/images/g/m-gAAeSwJK9qlu0y/s-l225.jpg,https://www.ebay.com/itm/117390179451?_skw=Team+Rocket%27s+Giovanni+225+Destined+Rivals+Pokemon+card&hash=item1b54fffc7b:g:m-gAAeSwJK9qlu0y,"{""value"": ""6.00"", ""currency"": ""USD""}","[{""shippingCostType"": ""FIXED"", ""shippingCost"": {""value"": ""1.50"", ""currency"": ""USD""}, ""minEstimatedDeliveryDate"": ""2026-09-15T07:00:00.000Z"", ""maxEstimatedDeliveryDate"": ""2026-09-21T07:00:00.000Z""}]",,,PENDING_INDEPENDENT_HUMAN_REVIEW,FINAL_BLIND_TEST,,,,,,,,,,,,,,
D2-0835,b547c5c3-7082-4a7f-9290-3d569b91b462,2c272732-fdb3-4639-aa6b-ea9fa3ad9c24,Team Rocket's Giovanni,Destined Rivals,225,ultra_rare,v1|137522893377|0,Team Rocket's Giovanni 225/182 - SV10: Destined Rivals - (NM),,Ungraded,4000,[],"[""FIXED_PRICE"", ""BEST_OFFER""]",myferrouswheel,https://i.ebayimg.com/images/g/KXEAAeSw-1dqWoGA/s-l225.jpg,https://www.ebay.com/itm/137522893377?_skw=Team+Rocket%27s+Giovanni+225+Destined+Rivals+Pokemon+card&hash=item200500d241:g:KXEAAeSw-1dqWoGA,"{""value"": ""7.99"", ""currency"": ""USD""}","[{""shippingCostType"": ""CALCULATED""}]",,,PENDING_INDEPENDENT_HUMAN_REVIEW,FINAL_BLIND_TEST,,,,,,,,,,,,,,
D2-0836,b547c5c3-7082-4a7f-9290-3d569b91b462,2c272732-fdb3-4639-aa6b-ea9fa3ad9c24,Team Rocket's Giovanni,Destined Rivals,225,ultra_rare,v1|147289002639|0,Team Rocket's Giovanni 225/182 Ultra Rare Destined Rivals Pokemon Card,,Ungraded,4000,[],"[""FIXED_PRICE""]",rayspsas,https://i.ebayimg.com/images/g/ANEAAeSwFO1p9Vw4/s-l225.jpg,https://www.ebay.com/itm/147289002639?_skw=Team+Rocket%27s+Giovanni+225+Destined+Rivals+Pokemon+card&hash=item224b1bd28f:g:ANEAAeSwFO1p9Vw4,"{""value"": ""12.99"", ""currency"": ""USD""}","[{""shippingCostType"": ""FIXED"", ""shippingCost"": {""value"": ""0.00"", ""currency"": ""USD""}, ""minEstimatedDeliveryDate"": ""2026-09-14T07:00:00.000Z"", ""maxEstimatedDeliveryDate"": ""2026-09-17T07:00:00.000Z""}]",,,PENDING_INDEPENDENT_HUMAN_REVIEW,FINAL_BLIND_TEST,,,,,,,,,,,,,,
D2-0839,b547c5c3-7082-4a7f-9290-3d569b91b462,2c272732-fdb3-4639-aa6b-ea9fa3ad9c24,Team Rocket's Giovanni,Destined Rivals,225,ultra_rare,v1|157685133852|0,2025 POKEMON DRI EN-DESTINED RIVALS ULTRA RARE #225 TEAM ROCKET'S GIOVANNI PSA 8,,Graded,2750,[],"[""FIXED_PRICE"", ""BEST_OFFER""]",jpscollectablesny,https://i.ebayimg.com/images/g/7voAAeSwXLtpko4H/s-l225.jpg,https://www.ebay.com/itm/157685133852?_skw=Team+Rocket%27s+Giovanni+225+Destined+Rivals+Pokemon+card&hash=item24b6c4321c:g:7voAAeSwXLtpko4H&amdata=enc%3AAQALAAABEACCtXRWQnOEpyOqnQQ8KGZbU2jpBcOjBXxQXfeoe4w2pGZg9A%2FeP5sd0kGNS5iaRRNG6Vrt1C9xsNlDK037HlZuZ8jFcD03FtEfDRdlDkjQuYcIVQgFJ5jXooaSIg%2Fv8mgm9F8PIUU64mkcAvYrSV5YQsIdcoyts6SHxyfkAvgusALWGtxKFQN3KQ8jcwv1IKEBxIERPE0m6Y01bcAqRP7nAQhBz2mbIKzX0HZ6DdwaM3mcVXLAo1XgUDHHSafIea%2Bmko1UDkhGbAw6EJjAFuvdlAzSVtesEY3QMuRfWnfYInw%2FY02aIVighDUap4t05Zh7TRBYJTGYPWBmgCHaa51ex%2FbBBR%2Bv78QDW2KJDYMy,"{""value"": ""25.00"", ""currency"": ""USD""}","[{""shippingCostType"": ""CALCULATED""}]",,,PENDING_INDEPENDENT_HUMAN_REVIEW,FINAL_BLIND_TEST,,,,,,,,,,,,,,
D2-0840,b547c5c3-7082-4a7f-9290-3d569b91b462,2c272732-fdb3-4639-aa6b-ea9fa3ad9c24,Team Rocket's Giovanni,Destined Rivals,225,ultra_rare,v1|158098028030|0,Team Rocket's Giovanni 225/182 UR Destined Rivals Pokemon Holofoil Near Mint,,Ungraded,4000,[],"[""FIXED_PRICE"", ""BEST_OFFER""]",swiftrare,https://i.ebayimg.com/images/g/hEEAAeSwskFqmTFd/s-l225.jpg,https://www.ebay.com/itm/158098028030?_skw=Team+Rocket%27s+Giovanni+225+Destined+Rivals+Pokemon+card&hash=item24cf6075fe:g:hEEAAeSwskFqmTFd,"{""value"": ""8.99"", ""currency"": ""USD""}","[{""shippingCostType"": ""FIXED"", ""shippingCost"": {""value"": ""0.00"", ""currency"": ""USD""}, ""minEstimatedDeliveryDate"": ""2026-09-14T07:00:00.000Z"", ""maxEstimatedDeliveryDate"": ""2026-09-17T07:00:00.000Z""}]",,,PENDING_INDEPENDENT_HUMAN_REVIEW,FINAL_BLIND_TEST,,,,,,,,,,,,,,
D2-0842,b620ec1c-c0ac-4e7e-919d-a7df98bcb84b,8af678f4-09f0-486c-9617-b56896ebeea0,Zweilous,White Flare,147,illustration_rare,v1|117359991302|0,Zweilous 147/086 Sv: White Flare Holo,,Ungraded,4000,[],"[""FIXED_PRICE"", ""BEST_OFFER""]",brucelee00,https://i.ebayimg.com/images/g/Z4AAAeSwFplqf7Tp/s-l225.jpg,https://www.ebay.com/itm/117359991302?_skw=Zweilous+147+White+Flare+Pokemon+card&hash=item1b53335a06:g:Z4AAAeSwFplqf7Tp,"{""value"": ""13.00"", ""currency"": ""USD""}","[{""shippingCostType"": ""FIXED"", ""shippingCost"": {""value"": ""5.17"", ""currency"": ""USD""}, ""minEstimatedDeliveryDate"": ""2026-09-15T07:00:00.000Z"", ""maxEstimatedDeliveryDate"": ""2026-09-18T07:00:00.000Z""}]",,,PENDING_INDEPENDENT_HUMAN_REVIEW,FINAL_BLIND_TEST,,,,,,,,,,,,,,
D2-0846,b620ec1c-c0ac-4e7e-919d-a7df98bcb84b,8af678f4-09f0-486c-9617-b56896ebeea0,Zweilous,White Flare,147,illustration_rare,v1|318582562146|0,Zweilous 147/086 Holo,,Ungraded,4000,[],"[""FIXED_PRICE""]",cubone_vault_shop,https://i.ebayimg.com/images/g/cF0AAeSw7dlqVwQY/s-l225.jpg,https://www.ebay.com/itm/318582562146?_skw=Zweilous+147+White+Flare+Pokemon+card&hash=item4a2d001d62:g:cF0AAeSw7dlqVwQY,"{""value"": ""13.50"", ""currency"": ""USD""}","[{""shippingCostType"": ""FIXED"", ""shippingCost"": {""value"": ""1.32"", ""currency"": ""USD""}, ""minEstimatedDeliveryDate"": ""2026-09-15T07:00:00.000Z"", ""maxEstimatedDeliveryDate"": ""2026-09-19T07:00:00.000Z""}]",,,PENDING_INDEPENDENT_HUMAN_REVIEW,FINAL_BLIND_TEST,,,,,,,,,,,,,,
D2-0848,b620ec1c-c0ac-4e7e-919d-a7df98bcb84b,8af678f4-09f0-486c-9617-b56896ebeea0,Zweilous,White Flare,147,illustration_rare,v1|157217521409|458709422586,White Flare Pokemon Cards! Holo/Reverse Holo Rare Illustration Full Art SIR Card,,Ungraded,4000,[],"[""FIXED_PRICE""]",overstackedcards,https://i.ebayimg.com/images/g/EtkAAeSwie5ojc1-/s-l225.jpg,https://www.ebay.com/itm/157217521409?_skw=Zweilous+147+White+Flare+Pokemon+card&var=458709422586&hash=item249ae4ff01:g:EtkAAeSwie5ojc1-,"{""value"": ""22.79"", ""currency"": ""USD""}","[{""shippingCostType"": ""FIXED"", ""shippingCost"": {""value"": ""0.00"", ""currency"": ""USD""}, ""minEstimatedDeliveryDate"": ""2026-09-15T07:00:00.000Z"", ""maxEstimatedDeliveryDate"": ""2026-09-18T07:00:00.000Z""}]",,,PENDING_INDEPENDENT_HUMAN_REVIEW,FINAL_BLIND_TEST,,,,,,,,,,,,,,
D2-0851,b620ec1c-c0ac-4e7e-919d-a7df98bcb84b,8af678f4-09f0-486c-9617-b56896ebeea0,Zweilous,White Flare,147,illustration_rare,v1|127976507221|0,Zweilous 147/086 Holo Illustration Rare White Flare Pokemon English NM,,Ungraded,4000,[],"[""FIXED_PRICE""]",pristine_10_collectibles,https://i.ebayimg.com/images/g/h1cAAeSweXxqV8Lo/s-l225.jpg,https://www.ebay.com/itm/127976507221?_skw=Zweilous+147+White+Flare+Pokemon+card&hash=item1dcbfe8755:g:h1cAAeSweXxqV8Lo,"{""value"": ""16.99"", ""currency"": ""USD""}","[{""shippingCostType"": ""CALCULATED""}]",,,PENDING_INDEPENDENT_HUMAN_REVIEW,FINAL_BLIND_TEST,,,,,,,,,,,,,,
D2-0852,b620ec1c-c0ac-4e7e-919d-a7df98bcb84b,8af678f4-09f0-486c-9617-b56896ebeea0,Zweilous,White Flare,147,illustration_rare,v1|128023847298|0,Zweilous Holo 147/086 SV: White Flare Illustration Rare NM,,Ungraded,4000,[],"[""FIXED_PRICE""]",awol120,https://i.ebayimg.com/images/g/99oAAeSwxghqfSok/s-l225.jpg,https://www.ebay.com/itm/128023847298?_skw=Zweilous+147+White+Flare+Pokemon+card&hash=item1dced0e182:g:99oAAeSwxghqfSok,"{""value"": ""14.31"", ""currency"": ""USD""}","[{""shippingCostType"": ""FIXED"", ""shippingCost"": {""value"": ""0.00"", ""currency"": ""USD""}, ""minEstimatedDeliveryDate"": ""2026-09-15T07:00:00.000Z"", ""maxEstimatedDeliveryDate"": ""2026-09-19T07:00:00.000Z""}]",,,PENDING_INDEPENDENT_HUMAN_REVIEW,FINAL_BLIND_TEST,,,,,,,,,,,,,,
D2-0859,b801a524-e703-4f4c-ad99-1ec742cf30ec,586dac04-6254-4241-b628-b6d3dac61063,Bianca's Devotion,Temporal Forces,209,special_illustration_rare,v1|117402912851|0,Bianca's Devotion 209/162 ,,Ungraded,4000,[],"[""FIXED_PRICE""]",ss_tapz,https://i.ebayimg.com/images/g/K30AAeSwpZdqoGoi/s-l225.jpg,https://www.ebay.com/itm/117402912851?_skw=Bianca%27s+Devotion+209+Temporal+Forces+Pokemon+card&hash=item1b55c24853:g:K30AAeSwpZdqoGoi,"{""value"": ""23.99"", ""currency"": ""USD""}","[{""shippingCostType"": ""FIXED"", ""shippingCost"": {""value"": ""0.00"", ""currency"": ""USD""}, ""minEstimatedDeliveryDate"": ""2026-09-15T07:00:00.000Z"", ""maxEstimatedDeliveryDate"": ""2026-09-21T07:00:00.000Z""}]",,,PENDING_INDEPENDENT_HUMAN_REVIEW,FINAL_BLIND_TEST,,,,,,,,,,,,,,
D2-0860,b801a524-e703-4f4c-ad99-1ec742cf30ec,586dac04-6254-4241-b628-b6d3dac61063,Bianca's Devotion,Temporal Forces,209,special_illustration_rare,v1|137583705167|0,Bianca's Devotion - 209/162 - Special Illustration Rare - NM/LP- Pokemon TCG,,Ungraded,4000,[],"[""FIXED_PRICE""]",kami.collectibles,https://i.ebayimg.com/images/g/zIcAAeSw1PxqlmZG/s-l225.jpg,https://www.ebay.com/itm/137583705167?_skw=Bianca%27s+Devotion+209+Temporal+Forces+Pokemon+card&hash=item2008a0bc4f:g:zIcAAeSw1PxqlmZG,"{""value"": ""50.09"", ""currency"": ""USD"", ""convertedFromValue"": ""69.99"", ""convertedFromCurrency"": ""AUD""}","[{""shippingCostType"": ""CALCULATED"", ""shippingCost"": {""value"": ""14.53"", ""currency"": ""USD"", ""convertedFromValue"": ""20.30"", ""convertedFromCurrency"": ""AUD""}, ""minEstimatedDeliveryDate"": ""2026-10-05T07:00:00.000Z"", ""maxEstimatedDeliveryDate"": ""2026-10-20T07:00:00.000Z""}]",,,PENDING_INDEPENDENT_HUMAN_REVIEW,FINAL_BLIND_TEST,,,,,,,,,,,,,,
D2-0864,b801a524-e703-4f4c-ad99-1ec742cf30ec,586dac04-6254-4241-b628-b6d3dac61063,Bianca's Devotion,Temporal Forces,209,special_illustration_rare,v1|298573196914|0,Bianca’s Devotion ,,Graded,2750,[],"[""FIXED_PRICE""]",eddiemed100,https://i.ebayimg.com/images/g/akQAAeSwBfVpvJYj/s-l225.jpg,https://www.ebay.com/itm/298573196914?_skw=Bianca%27s+Devotion+209+Temporal+Forces+Pokemon+card&hash=item4584596e72:g:akQAAeSwBfVpvJYj,"{""value"": ""105.00"", ""currency"": ""USD""}","[{""shippingCostType"": ""CALCULATED""}]",,,PENDING_INDEPENDENT_HUMAN_REVIEW,FINAL_BLIND_TEST,,,,,,,,,,,,,,
D2-0866,b801a524-e703-4f4c-ad99-1ec742cf30ec,586dac04-6254-4241-b628-b6d3dac61063,Bianca's Devotion,Temporal Forces,209,special_illustration_rare,v1|235547138970|0,Pokémon Japanese Bianca’s Devotion Trainer Full Art Temporal Forces 209/162 SIR,,Ungraded,4000,[],"[""FIXED_PRICE"", ""BEST_OFFER""]",thway-62,https://i.ebayimg.com/images/g/RTsAAOSwMgVmNB12/s-l225.jpg,https://www.ebay.com/itm/235547138970?_skw=Bianca%27s+Devotion+209+Temporal+Forces+Pokemon+card&hash=item36d7b41b9a:g:RTsAAOSwMgVmNB12,"{""value"": ""75.00"", ""currency"": ""USD""}","[{""shippingCostType"": ""FIXED"", ""shippingCost"": {""value"": ""0.00"", ""currency"": ""USD""}, ""minEstimatedDeliveryDate"": ""2026-09-15T07:00:00.000Z"", ""maxEstimatedDeliveryDate"": ""2026-09-21T07:00:00.000Z""}]",,,PENDING_INDEPENDENT_HUMAN_REVIEW,FINAL_BLIND_TEST,,,,,,,,,,,,,,
D2-0868,b801a524-e703-4f4c-ad99-1ec742cf30ec,586dac04-6254-4241-b628-b6d3dac61063,Bianca's Devotion,Temporal Forces,209,special_illustration_rare,v1|126589395421|0,CGC Mint 9 Bianca's Devotion 209/162 Pokémon Scarlet & Violet Temporal Forces,,Graded,2750,[],"[""FIXED_PRICE"", ""BEST_OFFER""]",fortytwo-tcg,https://i.ebayimg.com/images/g/tA4AAOSwtZtmnybI/s-l225.jpg,https://www.ebay.com/itm/126589395421?_skw=Bianca%27s+Devotion+209+Temporal+Forces+Pokemon+card&hash=item1d7950e1dd:g:tA4AAOSwtZtmnybI,"{""value"": ""49.99"", ""currency"": ""USD""}","[{""shippingCostType"": ""FIXED"", ""shippingCost"": {""value"": ""0.00"", ""currency"": ""USD""}, ""minEstimatedDeliveryDate"": ""2026-09-15T07:00:00.000Z"", ""maxEstimatedDeliveryDate"": ""2026-09-21T07:00:00.000Z""}]",,,PENDING_INDEPENDENT_HUMAN_REVIEW,FINAL_BLIND_TEST,,,,,,,,,,,,,,
D2-0871,bf928dd7-24bc-4e16-bb5e-afb8122c3241,311abf3f-15cb-4cb8-995f-1937555c4bdd,Fidough,Scarlet and Violet Base Set,213,illustration_rare,v1|117295418827|0,Fidough Holo Scarlet & Violet Base Set 213/198 Illustration Rare NM Pokemon,,Ungraded,4000,[],"[""FIXED_PRICE""]",cardthrone,https://i.ebayimg.com/images/g/QZgAAeSwqNVqURBC/s-l225.jpg,https://www.ebay.com/itm/117295418827?_skw=Fidough+213+Scarlet+and+Violet+Base+Set+Pokemon+card&hash=item1b4f5a0dcb:g:QZgAAeSwqNVqURBC,"{""value"": ""39.99"", ""currency"": ""USD""}","[{""shippingCostType"": ""FIXED"", ""shippingCost"": {""value"": ""0.00"", ""currency"": ""USD""}, ""minEstimatedDeliveryDate"": ""2026-09-15T07:00:00.000Z"", ""maxEstimatedDeliveryDate"": ""2026-09-21T07:00:00.000Z""}]",,,PENDING_INDEPENDENT_HUMAN_REVIEW,FINAL_BLIND_TEST,,,,,,,,,,,,,,
D2-0872,bf928dd7-24bc-4e16-bb5e-afb8122c3241,311abf3f-15cb-4cb8-995f-1937555c4bdd,Fidough,Scarlet and Violet Base Set,213,illustration_rare,v1|127981629201|0,Fidough 213/198 Scarlet & Violet Base Set Holofoil,,Ungraded,4000,[],"[""FIXED_PRICE"", ""BEST_OFFER""]",es_601,https://i.ebayimg.com/images/g/ywIAAeSwSUlqmvs9/s-l225.jpg,https://www.ebay.com/itm/127981629201?_skw=Fidough+213+Scarlet+and+Violet+Base+Set+Pokemon+card&hash=item1dcc4caf11:g:ywIAAeSwSUlqmvs9,"{""value"": ""35.79"", ""currency"": ""USD""}","[{""shippingCostType"": ""FIXED"", ""shippingCost"": {""value"": ""0.00"", ""currency"": ""USD""}, ""minEstimatedDeliveryDate"": ""2026-09-15T07:00:00.000Z"", ""maxEstimatedDeliveryDate"": ""2026-09-21T07:00:00.000Z""}]",,,PENDING_INDEPENDENT_HUMAN_REVIEW,FINAL_BLIND_TEST,,,,,,,,,,,,,,
D2-0878,bf928dd7-24bc-4e16-bb5e-afb8122c3241,311abf3f-15cb-4cb8-995f-1937555c4bdd,Fidough,Scarlet and Violet Base Set,213,illustration_rare,v1|126467441913|0,Fidough Reverse Holo - 097/198 - Scarlet & Violet Base Pokemon 2023,,Ungraded,4000,[],"[""FIXED_PRICE"", ""BEST_OFFER""]",ezvj0dv,https://i.ebayimg.com/images/g/UBgAAOSwHYJnApkO/s-l225.jpg,https://www.ebay.com/itm/126467441913?_skw=Fidough+213+Scarlet+and+Violet+Base+Set+Pokemon+card&hash=item1d720c04f9:g:UBgAAOSwHYJnApkO,"{""value"": ""1.39"", ""currency"": ""USD""}","[{""shippingCostType"": ""FIXED"", ""shippingCost"": {""value"": ""0.00"", ""currency"": ""USD""}, ""minEstimatedDeliveryDate"": ""2026-09-14T07:00:00.000Z"", ""maxEstimatedDeliveryDate"": ""2026-09-17T07:00:00.000Z""}]",,,PENDING_INDEPENDENT_HUMAN_REVIEW,FINAL_BLIND_TEST,,,,,,,,,,,,,,
D2-0883,bf928dd7-24bc-4e16-bb5e-afb8122c3241,311abf3f-15cb-4cb8-995f-1937555c4bdd,Fidough,Scarlet and Violet Base Set,213,illustration_rare,v1|157588554266|0,Fidough 213/198 Scarlet & Violet Illustration Rare Magnetic 🧲 Extended Art Case,,Ungraded,4000,[],"[""FIXED_PRICE""]",outback_originals,https://i.ebayimg.com/images/g/TyEAAeSwDWppWUjy/s-l225.jpg,https://www.ebay.com/itm/157588554266?_skw=Fidough+213+Scarlet+and+Violet+Base+Set+Pokemon+card&hash=item24b102821a:g:TyEAAeSwDWppWUjy&amdata=enc%3AAQALAAABEACCtXRWQnOEpyOqnQQ8KGaH5X2hhLfcX%2FsxgSRZFfB%2BLdSn5kbOgJGt0F%2FXhnPCG8aXErvFK4%2BhIZ3tXVU5u0UCviGGYyDAgPsP1WqabPLzW2J9yyIgxmX1aAsXi%2BVnpMYkxR8TNFRRpuoJ%2FLOg%2Fl0%2BaiNadIAkHJz06%2FetVWZQ3KxC8pDTKBSaoDl8LT5%2BaRv%2B%2FT%2FkI459XunYPaRnS%2FvCTZLvZqx2X9YYJR7e1cFLiSAiwN1Fi3S22fbIHRV%2FwLPTZn9ksULUIPjGq6J7EG9ST3%2BGisT2RjK5uEC6sKygGkguhrh%2FfwBrJCE7bRjnJrketfWK3prACF4zqZlN8hng%2FvZxYHCcuh%2BEgMST33sN,"{""value"": ""16.00"", ""currency"": ""USD""}","[{""shippingCostType"": ""FIXED"", ""shippingCost"": {""value"": ""7.00"", ""currency"": ""USD""}, ""minEstimatedDeliveryDate"": ""2026-09-15T07:00:00.000Z"", ""maxEstimatedDeliveryDate"": ""2026-09-18T07:00:00.000Z""}]",,,PENDING_INDEPENDENT_HUMAN_REVIEW,FINAL_BLIND_TEST,,,,,,,,,,,,,,
D2-0884,bf928dd7-24bc-4e16-bb5e-afb8122c3241,311abf3f-15cb-4cb8-995f-1937555c4bdd,Fidough,Scarlet and Violet Base Set,213,illustration_rare,v1|127635265965|0,Fidough - 097/198 - Scarlet & Violet Base Pokemon 2023,,Ungraded,4000,[],"[""FIXED_PRICE"", ""BEST_OFFER""]",ezvj0dv,https://i.ebayimg.com/images/g/gHQAAeSwxChpb-lG/s-l225.jpg,https://www.ebay.com/itm/127635265965?_skw=Fidough+213+Scarlet+and+Violet+Base+Set+Pokemon+card&hash=item1db7a799ad:g:gHQAAeSwxChpb-lG,"{""value"": ""1.39"", ""currency"": ""USD""}","[{""shippingCostType"": ""FIXED"", ""shippingCost"": {""value"": ""0.00"", ""currency"": ""USD""}, ""minEstimatedDeliveryDate"": ""2026-09-14T07:00:00.000Z"", ""maxEstimatedDeliveryDate"": ""2026-09-17T07:00:00.000Z""}]",,,PENDING_INDEPENDENT_HUMAN_REVIEW,FINAL_BLIND_TEST,,,,,,,,,,,,,,
D2-0888,c7e36a14-236f-4b93-a4a8-a4be2ddc7193,590cc9ca-0f7d-413e-ae31-68433716e01b,Mega Lucario ex,Mega Evolution,179,special_illustration_rare,v1|147547853999|0,Mega Lucario EX #179/132 NM/M Mega Evolution Pokemon Card,,Ungraded,4000,[],"[""FIXED_PRICE""]",sellit,https://i.ebayimg.com/images/g/i5cAAeSwuNFqmd4d/s-l225.jpg,https://www.ebay.com/itm/147547853999?_skw=Mega+Lucario+ex+179+Mega+Evolution+Pokemon+card&hash=item225a8994af:g:i5cAAeSwuNFqmd4d,"{""value"": ""200.00"", ""currency"": ""USD""}","[{""shippingCostType"": ""FIXED"", ""shippingCost"": {""value"": ""3.00"", ""currency"": ""USD""}, ""minEstimatedDeliveryDate"": ""2026-09-15T07:00:00.000Z"", ""maxEstimatedDeliveryDate"": ""2026-09-18T07:00:00.000Z""}]",,,PENDING_INDEPENDENT_HUMAN_REVIEW,FINAL_BLIND_TEST,,,,,,,,,,,,,,
D2-0892,c7e36a14-236f-4b93-a4a8-a4be2ddc7193,590cc9ca-0f7d-413e-ae31-68433716e01b,Mega Lucario ex,Mega Evolution,179,special_illustration_rare,v1|227357526947|0,Mega Lucario ex MEP 033 - NM Pokemon Mega Evolution Holo Promo Attack Rare,,Ungraded,4000,[],"[""FIXED_PRICE""]",alohapokedecks,https://i.ebayimg.com/images/g/ZkgAAeSwSzBqE-HF/s-l225.jpg,https://www.ebay.com/itm/227357526947?_skw=Mega+Lucario+ex+179+Mega+Evolution+Pokemon+card&hash=item34ef908ba3:g:ZkgAAeSwSzBqE-HF,"{""value"": ""29.99"", ""currency"": ""USD""}","[{""shippingCostType"": ""FIXED"", ""shippingCost"": {""value"": ""0.00"", ""currency"": ""USD""}, ""minEstimatedDeliveryDate"": ""2026-09-16T07:00:00.000Z"", ""maxEstimatedDeliveryDate"": ""2026-09-22T07:00:00.000Z""}]",,,PENDING_INDEPENDENT_HUMAN_REVIEW,FINAL_BLIND_TEST,,,,,,,,,,,,,,
D2-0894,c7e36a14-236f-4b93-a4a8-a4be2ddc7193,590cc9ca-0f7d-413e-ae31-68433716e01b,Mega Lucario ex,Mega Evolution,179,special_illustration_rare,v1|800558789505|0,Pokemon TCG Mega Lucario EX 033 Mega Evolution Promo Holo,,Ungraded,4000,[],"[""FIXED_PRICE"", ""BEST_OFFER""]",emmyscollectablecorner,https://i.ebayimg.com/images/g/jxUAAeSwGFpqjQRy/s-l225.jpg,https://www.ebay.com/itm/800558789505?_skw=Mega+Lucario+ex+179+Mega+Evolution+Pokemon+card&hash=itemba6505b381:g:jxUAAeSwGFpqjQRy,"{""value"": ""15.99"", ""currency"": ""USD""}","[{""shippingCostType"": ""FIXED"", ""shippingCost"": {""value"": ""0.00"", ""currency"": ""USD""}, ""minEstimatedDeliveryDate"": ""2026-09-16T07:00:00.000Z"", ""maxEstimatedDeliveryDate"": ""2026-09-22T07:00:00.000Z""}]",,,PENDING_INDEPENDENT_HUMAN_REVIEW,FINAL_BLIND_TEST,,,,,,,,,,,,,,
D2-0895,c7e36a14-236f-4b93-a4a8-a4be2ddc7193,590cc9ca-0f7d-413e-ae31-68433716e01b,Mega Lucario ex,Mega Evolution,179,special_illustration_rare,v1|157367695863|458930814997,Mega Evolution Pokémon Cards! Holo/Reverse Holo EX SIR Illustration Rare Card!,,Ungraded,4000,[],"[""FIXED_PRICE""]",overstackedcards,https://i.ebayimg.com/images/g/9uMAAeSwvthpEcqB/s-l225.jpg,https://www.ebay.com/itm/157367695863?_skw=Mega+Lucario+ex+179+Mega+Evolution+Pokemon+card&hash=item24a3d879f7:g:9uMAAeSwvthpEcqB,"{""value"": ""256.49"", ""currency"": ""USD""}","[{""shippingCostType"": ""FIXED"", ""shippingCost"": {""value"": ""0.00"", ""currency"": ""USD""}, ""minEstimatedDeliveryDate"": ""2026-09-15T07:00:00.000Z"", ""maxEstimatedDeliveryDate"": ""2026-09-18T07:00:00.000Z""}]",,,PENDING_INDEPENDENT_HUMAN_REVIEW,FINAL_BLIND_TEST,,,,,,,,,,,,,,
D2-0899,c7e36a14-236f-4b93-a4a8-a4be2ddc7193,590cc9ca-0f7d-413e-ae31-68433716e01b,Mega Lucario ex,Mega Evolution,179,special_illustration_rare,v1|128071622661|0,2025 POKEMON MEGA EVOLUTION SPECIAL ILLUSTRATION RARE MEGA LUCARIO EX PSA 10,,Graded,2750,[],"[""FIXED_PRICE"", ""BEST_OFFER""]",101vik,https://i.ebayimg.com/images/g/2PYAAeSwmfdqoi50/s-l225.jpg,https://www.ebay.com/itm/128071622661?_skw=Mega+Lucario+ex+179+Mega+Evolution+Pokemon+card&hash=item1dd1a9e005:g:2PYAAeSwmfdqoi50,"{""value"": ""385.00"", ""currency"": ""USD""}","[{""shippingCostType"": ""CALCULATED""}]",,,PENDING_INDEPENDENT_HUMAN_REVIEW,FINAL_BLIND_TEST,,,,,,,,,,,,,,
D2-0904,cc59d868-d0e5-4557-9423-3f9b7c9d2591,04f90621-b7cb-49bf-b962-8ba0790d6e62,Team Rocket's Giovanni,Destined Rivals,238,special_illustration_rare,v1|267770119427|0,Team Rocket’s Giovanni DRI SIR 238/182 ⭐️⭐️⭐️,,Ungraded,4000,[],"[""FIXED_PRICE"", ""BEST_OFFER""]",valentivault3,https://i.ebayimg.com/images/g/MnMAAeSwS7ZqkhK0/s-l225.jpg,https://www.ebay.com/itm/267770119427?_skw=Team+Rocket%27s+Giovanni+238+Destined+Rivals+Pokemon+card&hash=item3e5857c503:g:MnMAAeSwS7ZqkhK0&amdata=enc%3AAQALAAABEACCtXRWQnOEpyOqnQQ8KGaChpkOLK6z8pOQO3NWF1jpyF%2B7RCPlqoN0mGwR%2Fu2sKGcqWR%2Bj3ideOesH6WjnqgcRrYr%2BqVwO9pYIgwt%2BqYdgMER9df%2F3rWnTqjZiVET8u9hiXKTOnh7gFPyhPt3xE4QV3TrxM1EfWGI4ZIsOsL1wrY5Yz0zs269RekNov%2BSdAAqZ2t1f4umeO4q9OZMPXMWrhQeLYcDfvB577iLaawgaffr5dJAwIuSB1XkPHJYaPFtWSvmnoAXFFKuDvhl8F6L11hq1kDsr%2FjxnHMVzhCtCAW0Lka%2FvA0GXcGoZdCfyqLZdmc%2BRkcEPYDFgxCt0MCqmc4fkJz09kq6UoAErrHCo,"{""value"": ""27.00"", ""currency"": ""USD""}","[{""shippingCostType"": ""CALCULATED""}]",,,PENDING_INDEPENDENT_HUMAN_REVIEW,FINAL_BLIND_TEST,,,,,,,,,,,,,,
D2-0906,cc59d868-d0e5-4557-9423-3f9b7c9d2591,04f90621-b7cb-49bf-b962-8ba0790d6e62,Team Rocket's Giovanni,Destined Rivals,238,special_illustration_rare,v1|157077521788|458930608933,Pokemon Cards! Destined Rivals Holo/Reverse Holo EX Ultra Rare SIR Full Art Card,,Ungraded,4000,[],"[""FIXED_PRICE""]",overstackedcards,https://i.ebayimg.com/images/g/9oMAAeSwexZoYJej/s-l225.jpg,https://www.ebay.com/itm/157077521788?_skw=Team+Rocket%27s+Giovanni+238+Destined+Rivals+Pokemon+card&hash=item24928cc57c:g:9oMAAeSwexZoYJej,"{""value"": ""56.99"", ""currency"": ""USD""}","[{""shippingCostType"": ""FIXED"", ""shippingCost"": {""value"": ""0.00"", ""currency"": ""USD""}, ""minEstimatedDeliveryDate"": ""2026-09-15T07:00:00.000Z"", ""maxEstimatedDeliveryDate"": ""2026-09-18T07:00:00.000Z""}]",,,PENDING_INDEPENDENT_HUMAN_REVIEW,FINAL_BLIND_TEST,,,,,,,,,,,,,,
D2-0909,cc59d868-d0e5-4557-9423-3f9b7c9d2591,04f90621-b7cb-49bf-b962-8ba0790d6e62,Team Rocket's Giovanni,Destined Rivals,238,special_illustration_rare,v1|226825778993|0,Pokemon Team Rocket's Giovanni 238/182 Destined Rival Extended Art Case,,Ungraded,4000,[],"[""FIXED_PRICE""]",dragarious,https://i.ebayimg.com/images/g/ih4AAeSwBJRpDUeb/s-l225.jpg,https://www.ebay.com/itm/226825778993?_skw=Team+Rocket%27s+Giovanni+238+Destined+Rivals+Pokemon+card&hash=item34cfdeb731:g:ih4AAeSwBJRpDUeb,"{""value"": ""12.00"", ""currency"": ""USD""}","[{""shippingCostType"": ""CALCULATED""}]",,,PENDING_INDEPENDENT_HUMAN_REVIEW,FINAL_BLIND_TEST,,,,,,,,,,,,,,
D2-0911,cc59d868-d0e5-4557-9423-3f9b7c9d2591,04f90621-b7cb-49bf-b962-8ba0790d6e62,Team Rocket's Giovanni,Destined Rivals,238,special_illustration_rare,v1|127791586317|0,Team Rocket’s Giovanni 238/182 Destined Rivals Special Illustration Rare,,Ungraded,4000,[],"[""FIXED_PRICE""]",anhuar*perez*mastertoys,https://i.ebayimg.com/images/g/RsYAAeSwTh5p0R9m/s-l225.jpg,https://www.ebay.com/itm/127791586317?_skw=Team+Rocket%27s+Giovanni+238+Destined+Rivals+Pokemon+card&hash=item1dc0f8dc0d:g:RsYAAeSwTh5p0R9m&amdata=enc%3AAQALAAABEACCtXRWQnOEpyOqnQQ8KGZ3oUjr5YxbETJH0MT1Bu97ecPJtZHx0lY97aGSDH0oQalxqxvJpAk8Qplskucm5AozfxjrXjaJEn6hdyHpohokXhJikEuPCXb94HsXppxS4Rl%2BkhAtcSufEBa6G3GvUZwmPqRPEIYktP7M%2BsSeD8f%2BRL5%2FkyAihjIp3CzYrOanmTyvlCXw6M8MtPHJmOAaw6xjbK1fCoJnZ9YtgBXoGiEVXnJciHgVe2vTeXKzKeBfki9U9bP2HzojWwkSg8%2FKfLzh2PhvUkn7PupYm%2FQd1Hwuq%2BXyC1wjucvtKygB5Jr6p7iCcsI2IoMNDmDPRp%2Ftfh%2BbHWguybfIcXYZ4WORMu69,"{""value"": ""50.00"", ""currency"": ""USD""}","[{""shippingCostType"": ""CALCULATED""}]",,,PENDING_INDEPENDENT_HUMAN_REVIEW,FINAL_BLIND_TEST,,,,,,,,,,,,,,
D2-0914,cc59d868-d0e5-4557-9423-3f9b7c9d2591,04f90621-b7cb-49bf-b962-8ba0790d6e62,Team Rocket's Giovanni,Destined Rivals,238,special_illustration_rare,v1|137703135714|0,Pokemon TCG Team Rocket's Giovanni 238/182 SV10 Destined Rivals Full Art Holo UR,,Ungraded,4000,[],"[""FIXED_PRICE"", ""BEST_OFFER""]",mbreg1320,https://i.ebayimg.com/images/g/~w4AAeSwvB9qnFzr/s-l225.jpg,https://www.ebay.com/itm/137703135714?_skw=Team+Rocket%27s+Giovanni+238+Destined+Rivals+Pokemon+card&hash=item200fbf19e2:g:~w4AAeSwvB9qnFzr&amdata=enc%3AAQALAAABEACCtXRWQnOEpyOqnQQ8KGb%2Bhp3U%2BYLyS%2Bz4T63KmQBOhU4xEJfP1Bhnr7foWxxtE3myW%2FRwBLAjHNwDEZT3XJZK0a0uGbq3lC3qUNzpptneznowKJDObaDObN62ZCyC%2F8jj5GR6pCeNFH9Ci2Yoy3xD5RO%2F9QwhzQN6XwH5AfuQl6jxPw10OLvV70UfSYEOv6YdpRkM0%2FSHU7%2F5nsRhXt5szGyy0DUSlcE9oZL87l6Ll1wdBvy50jmSuRpf3NqxDbP3bE40i6FY3VKoGE5eOtmZTyEX92Aho9UrD0H0EBV6q3eo43Epd7e2ZdX8FyzWhFOB0DMIo761XH4GVkjQYu2f64VBLT8ne3vIudHyvT2I,"{""value"": ""26.00"", ""currency"": ""USD""}","[{""shippingCostType"": ""CALCULATED""}]",,,PENDING_INDEPENDENT_HUMAN_REVIEW,FINAL_BLIND_TEST,,,,,,,,,,,,,,
D2-0916,cdfc0223-40ef-4e4b-a9f2-3a809ae1c3df,f6e9d756-3a7b-4c8e-b87c-06cacb0d3c7e,Flareon,Scarlet and Violet 151,136,rare,v1|127793400635|0,Holo Flareon 136/165 Rare Scarlet and Violet 151 Pokemon TCG,,Ungraded,4000,[],"[""FIXED_PRICE"", ""BEST_OFFER""]",maggsjh,https://i.ebayimg.com/images/g/hW0AAeSw47Fp0nhQ/s-l225.jpg,https://www.ebay.com/itm/127793400635?_skw=Flareon+136+Scarlet+and+Violet+151+Pokemon+card&hash=item1dc1148b3b:g:hW0AAeSw47Fp0nhQ,"{""value"": ""1.66"", ""currency"": ""USD""}","[{""shippingCostType"": ""FIXED"", ""shippingCost"": {""value"": ""0.00"", ""currency"": ""USD""}, ""minEstimatedDeliveryDate"": ""2026-09-15T07:00:00.000Z"", ""maxEstimatedDeliveryDate"": ""2026-09-18T07:00:00.000Z""}]",,,PENDING_INDEPENDENT_HUMAN_REVIEW,FINAL_BLIND_TEST,,,,,,,,,,,,,,
D2-0917,cdfc0223-40ef-4e4b-a9f2-3a809ae1c3df,f6e9d756-3a7b-4c8e-b87c-06cacb0d3c7e,Flareon,Scarlet and Violet 151,136,rare,v1|135781199449|0,Flareon - Pokemon 151 -  136/165 - Holo Rare - Scarlet and Violet,,Ungraded,4000,[],"[""FIXED_PRICE""]",thecrowsnestcache,https://i.ebayimg.com/images/g/s3cAAeSwwvtoHR9W/s-l225.jpg,https://www.ebay.com/itm/135781199449?_skw=Flareon+136+Scarlet+and+Violet+151+Pokemon+card&hash=item1f9d30ae59:g:s3cAAeSwwvtoHR9W,"{""value"": ""0.99"", ""currency"": ""USD""}","[{""shippingCostType"": ""CALCULATED""}]",,,PENDING_INDEPENDENT_HUMAN_REVIEW,FINAL_BLIND_TEST,,,,,,,,,,,,,,
D2-0919,cdfc0223-40ef-4e4b-a9f2-3a809ae1c3df,f6e9d756-3a7b-4c8e-b87c-06cacb0d3c7e,Flareon,Scarlet and Violet 151,136,rare,v1|115942120020|416197337749,Pokemon S&V 151: Choose Your Cards and Save 40% ! - Reverse Holo and Up - NM,,Ungraded,4000,[],"[""FIXED_PRICE""]",chase_cash69,https://i.ebayimg.com/images/g/mFQAAeSwulxpW-4k/s-l225.jpg,https://www.ebay.com/itm/115942120020?_skw=Flareon+136+Scarlet+and+Violet+151+Pokemon+card&var=416197337749&hash=item1afeb05a54:g:mFQAAeSwulxpW-4k,"{""value"": ""3.99"", ""currency"": ""USD""}","[{""shippingCostType"": ""FIXED"", ""shippingCost"": {""value"": ""0.99"", ""currency"": ""USD""}, ""minEstimatedDeliveryDate"": ""2026-09-15T07:00:00.000Z"", ""maxEstimatedDeliveryDate"": ""2026-09-21T07:00:00.000Z""}]",,,PENDING_INDEPENDENT_HUMAN_REVIEW,FINAL_BLIND_TEST,,,,,,,,,,,,,,
D2-0922,cdfc0223-40ef-4e4b-a9f2-3a809ae1c3df,f6e9d756-3a7b-4c8e-b87c-06cacb0d3c7e,Flareon,Scarlet and Violet 151,136,rare,v1|326388335238|0,POKEMON 151 #136 FLAREON - PSA 9 -2023 MEW EN SCARLET VIOLET ENGLISH CARD,,Graded,2750,[],"[""FIXED_PRICE"", ""BEST_OFFER""]",startbuysell,https://i.ebayimg.com/images/g/2gUAAOSwoxNncmGu/s-l225.jpg,https://www.ebay.com/itm/326388335238?_skw=Flareon+136+Scarlet+and+Violet+151+Pokemon+card&hash=item4bfe42c286:g:2gUAAOSwoxNncmGu&amdata=enc%3AAQALAAABEACCtXRWQnOEpyOqnQQ8KGZTVoWqJo8z0NAZkBU5nU4jTTKgKibKbx3HzBd7kIFmtdjpjWZQpYDglUwMlnDWWwlLVBILWduPhoLip1Yi7Q1OI9iZ3TNKgrNikd7N9i1KlOIhTPnoj7gMUrNY7HAviU7Cv%2BfMB3l3rlyEi%2Bw9yJm70bevdJShD%2BIXMY4RBFMK994VzcUBmUBiCt%2BBn8%2F00M9u3Ap4zkDL76p9I6aEcuHN2aaYnZEL4QcI7paecGVc0GItt2esMSjIvnkbWzkjoQRg1xKOw96UrbCg6lVLsPutCHCw7gZ%2BelO7S20uh3LlHNtz1croX7nzd%2FvR5YpzbfihpNqPVcrcCGTHunKs2p8e,"{""value"": ""52.20"", ""currency"": ""USD""}","[{""shippingCostType"": ""FIXED"", ""shippingCost"": {""value"": ""0.00"", ""currency"": ""USD""}, ""minEstimatedDeliveryDate"": ""2026-09-14T07:00:00.000Z"", ""maxEstimatedDeliveryDate"": ""2026-09-16T07:00:00.000Z""}]",,,PENDING_INDEPENDENT_HUMAN_REVIEW,FINAL_BLIND_TEST,,,,,,,,,,,,,,
D2-0930,cdfc0223-40ef-4e4b-a9f2-3a809ae1c3df,f6e9d756-3a7b-4c8e-b87c-06cacb0d3c7e,Flareon,Scarlet and Violet 151,136,rare,v1|137452362917|0,FLAREON 136/165 SCARLET AND VIOLET 151 POKEMON TCG,,Ungraded,4000,[],"[""FIXED_PRICE""]",lugiasden,https://i.ebayimg.com/images/g/RzQAAeSwoAVpTzac/s-l225.jpg,https://www.ebay.com/itm/137452362917?_skw=Flareon+136+Scarlet+and+Violet+151+Pokemon+card&hash=item2000cc9ca5:g:RzQAAeSwoAVpTzac,"{""value"": ""2.52"", ""currency"": ""USD""}","[{""shippingCostType"": ""FIXED"", ""shippingCost"": {""value"": ""0.00"", ""currency"": ""USD""}, ""minEstimatedDeliveryDate"": ""2026-09-16T07:00:00.000Z"", ""maxEstimatedDeliveryDate"": ""2026-09-23T07:00:00.000Z""}]",,,PENDING_INDEPENDENT_HUMAN_REVIEW,FINAL_BLIND_TEST,,,,,,,,,,,,,,
D2-0935,d09b2fb5-41b6-4d1e-88cf-629402434501,efae0727-f8c2-48c5-a33e-c308be0d288d,Roaring Moon ex,Prismatic Evolutions,162,special_illustration_rare,v1|327324491543|0,2025 PSA MINT 9 Pokemon Prismatic 162/131 Ancient Roaring Moon ex Card #62853B,,Graded,2750,[],"[""FIXED_PRICE""]",katycoin,https://i.ebayimg.com/images/g/OA0AAeSwRvdqjKXV/s-l225.jpg,https://www.ebay.com/itm/327324491543?_skw=Roaring+Moon+ex+162+Prismatic+Evolutions+Pokemon+card&hash=item4c360f5f17:g:OA0AAeSwRvdqjKXV,"{""value"": ""200.00"", ""currency"": ""USD""}","[{""shippingCostType"": ""FIXED"", ""shippingCost"": {""value"": ""0.00"", ""currency"": ""USD""}, ""minEstimatedDeliveryDate"": ""2026-09-14T07:00:00.000Z"", ""maxEstimatedDeliveryDate"": ""2026-09-16T07:00:00.000Z""}]",,,PENDING_INDEPENDENT_HUMAN_REVIEW,FINAL_BLIND_TEST,,,,,,,,,,,,,,
D2-0936,d09b2fb5-41b6-4d1e-88cf-629402434501,efae0727-f8c2-48c5-a33e-c308be0d288d,Roaring Moon ex,Prismatic Evolutions,162,special_illustration_rare,v1|336787928796|0,Pokémon Roaring Moon ex Special Illustration Rare 162/131 Sv Prismatic ,,Ungraded,4000,[],"[""AUCTION"", ""BEST_OFFER""]",tommyjoehonaker3,https://i.ebayimg.com/images/g/tmoAAeSwMfVqm-zh/s-l225.jpg,https://www.ebay.com/itm/336787928796?_skw=Roaring+Moon+ex+162+Prismatic+Evolutions+Pokemon+card&hash=item4e6a1ff6dc:g:tmoAAeSwMfVqm-zh,{},"[{""shippingCostType"": ""CALCULATED""}]",,,PENDING_INDEPENDENT_HUMAN_REVIEW,FINAL_BLIND_TEST,,,,,,,,,,,,,,
D2-0938,d09b2fb5-41b6-4d1e-88cf-629402434501,efae0727-f8c2-48c5-a33e-c308be0d288d,Roaring Moon ex,Prismatic Evolutions,162,special_illustration_rare,v1|156750664346|458589518327,Pokemon Prismatic Evolutions: Choose Your Card! Reverse Holo/Holo EX Full Art NM,,Ungraded,4000,[],"[""FIXED_PRICE""]",overstackedcards,https://i.ebayimg.com/images/g/CdIAAOSwXW5oSU-t/s-l225.jpg,https://www.ebay.com/itm/156750664346?_skw=Roaring+Moon+ex+162+Prismatic+Evolutions+Pokemon+card&hash=item247f11529a:g:CdIAAOSwXW5oSU-t,"{""value"": ""237.49"", ""currency"": ""USD""}","[{""shippingCostType"": ""FIXED"", ""shippingCost"": {""value"": ""0.00"", ""currency"": ""USD""}, ""minEstimatedDeliveryDate"": ""2026-09-15T07:00:00.000Z"", ""maxEstimatedDeliveryDate"": ""2026-09-18T07:00:00.000Z""}]",,,PENDING_INDEPENDENT_HUMAN_REVIEW,FINAL_BLIND_TEST,,,,,,,,,,,,,,
D2-0941,d09b2fb5-41b6-4d1e-88cf-629402434501,efae0727-f8c2-48c5-a33e-c308be0d288d,Roaring Moon ex,Prismatic Evolutions,162,special_illustration_rare,v1|226561969000|0,Pokemon Roaring Moon EX SIR 162/131 Prismatic Evolutions Extended Artwork Case,,Ungraded,4000,[],"[""FIXED_PRICE""]",dragarious,https://i.ebayimg.com/images/g/750AAeSwPZppD2W2/s-l225.jpg,https://www.ebay.com/itm/226561969000?_skw=Roaring+Moon+ex+162+Prismatic+Evolutions+Pokemon+card&hash=item34c0254b68:g:750AAeSwPZppD2W2,"{""value"": ""12.00"", ""currency"": ""USD""}","[{""shippingCostType"": ""CALCULATED""}]",,,PENDING_INDEPENDENT_HUMAN_REVIEW,FINAL_BLIND_TEST,,,,,,,,,,,,,,
D2-0942,d09b2fb5-41b6-4d1e-88cf-629402434501,efae0727-f8c2-48c5-a33e-c308be0d288d,Roaring Moon ex,Prismatic Evolutions,162,special_illustration_rare,v1|117344589830|0,2025 POKEMON PRE EN ROARING MOON EX SIR #162 PSA 9 MINT,,Graded,2750,[],"[""FIXED_PRICE""]",absolutesportscardsllc,https://i.ebayimg.com/images/g/9ucAAeSw3ZJqGbnV/s-l225.jpg,https://www.ebay.com/itm/117344589830?_skw=Roaring+Moon+ex+162+Prismatic+Evolutions+Pokemon+card&hash=item1b52485806:g:9ucAAeSw3ZJqGbnV,"{""value"": ""179.99"", ""currency"": ""USD""}","[{""shippingCostType"": ""FIXED"", ""shippingCost"": {""value"": ""8.65"", ""currency"": ""USD""}, ""minEstimatedDeliveryDate"": ""2026-09-15T07:00:00.000Z"", ""maxEstimatedDeliveryDate"": ""2026-09-18T07:00:00.000Z""}]",,,PENDING_INDEPENDENT_HUMAN_REVIEW,FINAL_BLIND_TEST,,,,,,,,,,,,,,
D2-0946,d12a209b-06a3-4b46-82d3-a374e6bbe7b4,d0d523dc-3f95-4bbc-beb6-75b3d2a15cae,Grafaiai,Paldea Evolved,223,illustration_rare,v1|127974432437|0,Grafaiai - Illustration Rare SV02: Paldea Evolved 223/193 NM,,Ungraded,4000,[],"[""FIXED_PRICE"", ""BEST_OFFER""]",jaybirdscollectibles,https://i.ebayimg.com/images/g/9esAAeSwKzZqVqL9/s-l225.jpg,https://www.ebay.com/itm/127974432437?_skw=Grafaiai+223+Paldea+Evolved+Pokemon+card&hash=item1dcbdedeb5:g:9esAAeSwKzZqVqL9,"{""value"": ""11.44"", ""currency"": ""USD""}","[{""shippingCostType"": ""FIXED"", ""shippingCost"": {""value"": ""0.00"", ""currency"": ""USD""}, ""minEstimatedDeliveryDate"": ""2026-09-15T07:00:00.000Z"", ""maxEstimatedDeliveryDate"": ""2026-09-21T07:00:00.000Z""}]",,,PENDING_INDEPENDENT_HUMAN_REVIEW,FINAL_BLIND_TEST,,,,,,,,,,,,,,
D2-0947,d12a209b-06a3-4b46-82d3-a374e6bbe7b4,d0d523dc-3f95-4bbc-beb6-75b3d2a15cae,Grafaiai,Paldea Evolved,223,illustration_rare,v1|128040842685|0,Grafaiai Holo Illustration Rare SV02: Paldea Evolved 223/193 NM,,Ungraded,4000,[],"[""FIXED_PRICE""]",tradeflexxpkmn,https://i.ebayimg.com/images/g/nVsAAeSwRAVqi28k/s-l225.jpg,https://www.ebay.com/itm/128040842685?_skw=Grafaiai+223+Paldea+Evolved+Pokemon+card&hash=item1dcfd435bd:g:nVsAAeSwRAVqi28k,"{""value"": ""9.99"", ""currency"": ""USD""}","[{""shippingCostType"": ""CALCULATED""}]",,,PENDING_INDEPENDENT_HUMAN_REVIEW,FINAL_BLIND_TEST,,,,,,,,,,,,,,
D2-0949,d12a209b-06a3-4b46-82d3-a374e6bbe7b4,d0d523dc-3f95-4bbc-beb6-75b3d2a15cae,Grafaiai,Paldea Evolved,223,illustration_rare,v1|318858860311|0,POKEMON GRAFAIAI 223/193 HOLO PAL,,Ungraded,4000,[],"[""FIXED_PRICE""]",yugioh-time-wizard-2026,https://i.ebayimg.com/images/g/6WoAAeSwpalqpJia/s-l225.jpg,https://www.ebay.com/itm/318858860311?_skw=Grafaiai+223+Paldea+Evolved+Pokemon+card&hash=item4a3d781717:g:6WoAAeSwpalqpJia,"{""value"": ""7.99"", ""currency"": ""USD""}","[{""shippingCostType"": ""FIXED"", ""shippingCost"": {""value"": ""1.36"", ""currency"": ""USD""}, ""minEstimatedDeliveryDate"": ""2026-09-15T07:00:00.000Z"", ""maxEstimatedDeliveryDate"": ""2026-09-21T07:00:00.000Z""}]",,,PENDING_INDEPENDENT_HUMAN_REVIEW,FINAL_BLIND_TEST,,,,,,,,,,,,,,
D2-0951,d12a209b-06a3-4b46-82d3-a374e6bbe7b4,d0d523dc-3f95-4bbc-beb6-75b3d2a15cae,Grafaiai,Paldea Evolved,223,illustration_rare,v1|398364400077|0,Grafaiai Holofoil [PAL - 223/193],,Ungraded,4000,[],"[""FIXED_PRICE""]",lowkeychase,https://i.ebayimg.com/images/g/wLcAAeSwwetqoX9P/s-l225.jpg,https://www.ebay.com/itm/398364400077?_skw=Grafaiai+223+Paldea+Evolved+Pokemon+card&hash=item5cc05e59cd:g:wLcAAeSwwetqoX9P,"{""value"": ""8.72"", ""currency"": ""USD""}","[{""shippingCostType"": ""FIXED"", ""shippingCost"": {""value"": ""1.50"", ""currency"": ""USD""}, ""minEstimatedDeliveryDate"": ""2026-09-15T07:00:00.000Z"", ""maxEstimatedDeliveryDate"": ""2026-09-21T07:00:00.000Z""}]",,,PENDING_INDEPENDENT_HUMAN_REVIEW,FINAL_BLIND_TEST,,,,,,,,,,,,,,
D2-0955,d12a209b-06a3-4b46-82d3-a374e6bbe7b4,d0d523dc-3f95-4bbc-beb6-75b3d2a15cae,Grafaiai,Paldea Evolved,223,illustration_rare,v1|318640451300|0,Grafaiai 223/193 Illustration Rare Paldea Evolved Pokemon Holo Lightly Played,,Ungraded,4000,[],"[""FIXED_PRICE""]",pokespiritcollections,https://i.ebayimg.com/images/g/CCMAAeSwUKRqZwF9/s-l225.jpg,https://www.ebay.com/itm/318640451300?_skw=Grafaiai+223+Paldea+Evolved+Pokemon+card&hash=item4a30736ee4:g:CCMAAeSwUKRqZwF9,"{""value"": ""9.46"", ""currency"": ""USD""}","[{""shippingCostType"": ""FIXED"", ""shippingCost"": {""value"": ""0.00"", ""currency"": ""USD""}, ""minEstimatedDeliveryDate"": ""2026-09-15T07:00:00.000Z"", ""maxEstimatedDeliveryDate"": ""2026-09-21T07:00:00.000Z""}]",,,PENDING_INDEPENDENT_HUMAN_REVIEW,FINAL_BLIND_TEST,,,,,,,,,,,,,,
D2-0961,d4ff3ebb-7e40-4a36-88e6-f07af2977641,1424e3da-f59e-47f2-8310-dfad3baf354b,Zekrom ex,Black Bolt,166,special_illustration_rare,v1|117358037347|0,"Pokemon SV11B Black Bolt Zekrom EX Sir 166/086 English, Near Mint",,Ungraded,4000,[],"[""FIXED_PRICE"", ""BEST_OFFER""]",matthewryan12,https://i.ebayimg.com/images/g/oL0AAeSwBJRqfjOi/s-l225.jpg,https://www.ebay.com/itm/117358037347?_skw=Zekrom+ex+166+Black+Bolt+Pokemon+card&hash=item1b53158963:g:oL0AAeSwBJRqfjOi,"{""value"": ""290.00"", ""currency"": ""USD""}","[{""shippingCostType"": ""CALCULATED""}]",,,PENDING_INDEPENDENT_HUMAN_REVIEW,FINAL_BLIND_TEST,,,,,,,,,,,,,,
D2-0964,d4ff3ebb-7e40-4a36-88e6-f07af2977641,1424e3da-f59e-47f2-8310-dfad3baf354b,Zekrom ex,Black Bolt,166,special_illustration_rare,v1|377468595053|0,Zekrom ex [BLK - 166/086],,Ungraded,4000,[],"[""FIXED_PRICE""]",wolfdentcggaming,https://i.ebayimg.com/images/g/DPMAAeSw7F9qmbt5/s-l225.jpg,https://www.ebay.com/itm/377468595053?_skw=Zekrom+ex+166+Black+Bolt+Pokemon+card&hash=item57e2e1ab6d:g:DPMAAeSw7F9qmbt5,"{""value"": ""311.08"", ""currency"": ""USD""}","[{""shippingCostType"": ""FIXED"", ""shippingCost"": {""value"": ""5.99"", ""currency"": ""USD""}, ""minEstimatedDeliveryDate"": ""2026-09-14T07:00:00.000Z"", ""maxEstimatedDeliveryDate"": ""2026-09-17T07:00:00.000Z""}]",,,PENDING_INDEPENDENT_HUMAN_REVIEW,FINAL_BLIND_TEST,,,,,,,,,,,,,,
D2-0965,d4ff3ebb-7e40-4a36-88e6-f07af2977641,1424e3da-f59e-47f2-8310-dfad3baf354b,Zekrom ex,Black Bolt,166,special_illustration_rare,v1|398293679497|0,Pokemon Zekrom EX 166 TAG10 #962,,Graded,2750,[],"[""FIXED_PRICE"", ""BEST_OFFER""]",only.merch,https://i.ebayimg.com/images/g/posAAeSw~wRqgj3g/s-l225.jpg,https://www.ebay.com/itm/398293679497?_skw=Zekrom+ex+166+Black+Bolt+Pokemon+card&hash=item5cbc273d89:g:posAAeSw~wRqgj3g,"{""value"": ""850.69"", ""currency"": ""USD""}","[{""shippingCostType"": ""CALCULATED"", ""shippingCost"": {""value"": ""12.95"", ""currency"": ""USD""}}]",,,PENDING_INDEPENDENT_HUMAN_REVIEW,FINAL_BLIND_TEST,,,,,,,,,,,,,,
D2-0968,d4ff3ebb-7e40-4a36-88e6-f07af2977641,1424e3da-f59e-47f2-8310-dfad3baf354b,Zekrom ex,Black Bolt,166,special_illustration_rare,v1|157702593127|0,Reshiram EX 166 White Flare Pokémon Magnetic 🧲 Extended Artwork Case,,Ungraded,4000,[],"[""FIXED_PRICE""]",outback_originals,https://i.ebayimg.com/images/g/OPgAAeSwfVxpnIdS/s-l225.jpg,https://www.ebay.com/itm/157702593127?_skw=Zekrom+ex+166+Black+Bolt+Pokemon+card&hash=item24b7ce9a67:g:OPgAAeSwfVxpnIdS&amdata=enc%3AAQALAAABAACCtXRWQnOEpyOqnQQ8KGatHRr4YP2O4ed%2Bvlfxyzw8DsmHIWXwD0VzKy43XKkwLOFkgtFvixlkpCVBNqYnNBbQ0pz39SFfuN4bp%2BiLqRH%2BOGWmkgAiSWA99HBs4njqrdqrzaGKncda%2F9j6JxioRWbePMNloHQnggzlzxXtTQUdFMgzFPJbyL%2FYGqGibyutHUt545h7Fem97kd2pVLrvqrquLJoDUJE3lVr8dw2%2FyeL1dUzcQJY%2BA8gUEq3K0YsfcpgLWU%2FwvzVz9rO7tiU86fjiWDGEwAvKigfZlQS%2BZsYCFgd4%2BkFds4YAVnSx%2F0AiptRDmPXgoS5VW76KFSppZE%3D,"{""value"": ""16.00"", ""currency"": ""USD""}","[{""shippingCostType"": ""FIXED"", ""shippingCost"": {""value"": ""7.00"", ""currency"": ""USD""}, ""minEstimatedDeliveryDate"": ""2026-09-15T07:00:00.000Z"", ""maxEstimatedDeliveryDate"": ""2026-09-18T07:00:00.000Z""}]",,,PENDING_INDEPENDENT_HUMAN_REVIEW,FINAL_BLIND_TEST,,,,,,,,,,,,,,
D2-0972,d4ff3ebb-7e40-4a36-88e6-f07af2977641,1424e3da-f59e-47f2-8310-dfad3baf354b,Zekrom ex,Black Bolt,166,special_illustration_rare,v1|128073500069|0,Pokemon TCG 2025 SV Black Bolt Zekrom ex 166/086 SIR Holo PSA 10,,Graded,2750,[],"[""FIXED_PRICE"", ""BEST_OFFER""]",pokemonkevintgcaz,https://i.ebayimg.com/images/g/qZQAAeSwCJxqo6iI/s-l225.jpg,https://www.ebay.com/itm/128073500069?_skw=Zekrom+ex+166+Black+Bolt+Pokemon+card&hash=item1dd1c685a5:g:qZQAAeSwCJxqo6iI,"{""value"": ""514.99"", ""currency"": ""USD""}","[{""shippingCostType"": ""CALCULATED""}]",,,PENDING_INDEPENDENT_HUMAN_REVIEW,FINAL_BLIND_TEST,,,,,,,,,,,,,,
D2-0985,e26de7b7-434e-4bec-8fc2-fb15b971b1a7,44b0372c-396d-43e9-84bb-afad2d04128f,Jamming Tower,Ascended Heroes,261,ultra_rare,v1|157789691701|0,Jamming Tower 261/217 Ultra Rare ME: Ascended Heroes Pokemon Near Mint NM 13Q,,Ungraded,4000,[],"[""FIXED_PRICE""]",the-legacy-vault,https://i.ebayimg.com/images/g/n~sAAeSw9ChpxfvT/s-l225.jpg,https://www.ebay.com/itm/157789691701?_skw=Jamming+Tower+261+Ascended+Heroes+Pokemon+card&hash=item24bcff9f35:g:n~sAAeSw9ChpxfvT&amdata=enc%3AAQALAAABEACCtXRWQnOEpyOqnQQ8KGbmxEUWoQn8CcY6XK5%2BPd5qBdcXAIZEIgCJWIZGk261cu2JFcRgmQkWnH1ySWSXBIQWgvI0aD3yM7a0JMlm%2FxKsdcT7PbI6tWssT9CumSWAjJ1SuAhDxB%2BERsmtIPnvHs9pxdZGyjTwtg9NdVFkaos1onBmbrv6EZe3NpdcWWZtV38U9THUyMWbqQFgKX44PiSxbUep0wMATrJNJtPt59vXX1Y6PTekVUCtbwyMXUGjrfAl9x9SI1L3WEuHBNy0NJmTSc9wrx2FeXsfE1g8RVS9Sc0GHLXeLTCItS8j3E%2F3nM6RZ3IgIJ6%2BBvO6C2vOe4NnRT4ouzIOI31cxk%2FQWs2b,"{""value"": ""2.65"", ""currency"": ""USD""}","[{""shippingCostType"": ""FIXED"", ""shippingCost"": {""value"": ""1.25"", ""currency"": ""USD""}, ""minEstimatedDeliveryDate"": ""2026-09-16T07:00:00.000Z"", ""maxEstimatedDeliveryDate"": ""2026-09-22T07:00:00.000Z""}]",,,PENDING_INDEPENDENT_HUMAN_REVIEW,FINAL_BLIND_TEST,,,,,,,,,,,,,,
D2-0987,e26de7b7-434e-4bec-8fc2-fb15b971b1a7,44b0372c-396d-43e9-84bb-afad2d04128f,Jamming Tower,Ascended Heroes,261,ultra_rare,v1|158272709199|0,Jamming Tower 261/217 Holo Ascended Heroes Pokemon TCG NM,,Ungraded,4000,[],"[""FIXED_PRICE""]",mac_tcgandsports,https://i.ebayimg.com/images/g/wxwAAeSwyXpqoJi0/s-l225.jpg,https://www.ebay.com/itm/158272709199?_skw=Jamming+Tower+261+Ascended+Heroes+Pokemon+card&hash=item24d9c9e24f:g:wxwAAeSwyXpqoJi0,"{""value"": ""2.49"", ""currency"": ""USD""}","[{""shippingCostType"": ""FIXED"", ""shippingCost"": {""value"": ""0.00"", ""currency"": ""USD""}, ""minEstimatedDeliveryDate"": ""2026-09-15T07:00:00.000Z"", ""maxEstimatedDeliveryDate"": ""2026-09-21T07:00:00.000Z""}]",,,PENDING_INDEPENDENT_HUMAN_REVIEW,FINAL_BLIND_TEST,,,,,,,,,,,,,,
D2-0988,e26de7b7-434e-4bec-8fc2-fb15b971b1a7,44b0372c-396d-43e9-84bb-afad2d04128f,Jamming Tower,Ascended Heroes,261,ultra_rare,v1|168561755390|0,JAMMING TOWER 261/217 ULTRA RARE ASCENDED HEROES POKEMON HOLO NEAR MINT,,Ungraded,4000,[],"[""FIXED_PRICE""]",silverstatecollectiblesllc,https://i.ebayimg.com/images/g/s7EAAeSwXRFqZAIF/s-l225.jpg,https://www.ebay.com/itm/168561755390?_skw=Jamming+Tower+261+Ascended+Heroes+Pokemon+card&hash=item273f1044fe:g:s7EAAeSwXRFqZAIF,"{""value"": ""1.08"", ""currency"": ""USD""}","[{""shippingCostType"": ""FIXED"", ""shippingCost"": {""value"": ""0.80"", ""currency"": ""USD""}, ""minEstimatedDeliveryDate"": ""2026-09-15T07:00:00.000Z"", ""maxEstimatedDeliveryDate"": ""2026-09-21T07:00:00.000Z""}]",,,PENDING_INDEPENDENT_HUMAN_REVIEW,FINAL_BLIND_TEST,,,,,,,,,,,,,,
D2-0989,e26de7b7-434e-4bec-8fc2-fb15b971b1a7,44b0372c-396d-43e9-84bb-afad2d04128f,Jamming Tower,Ascended Heroes,261,ultra_rare,v1|168588775293|0,JAMMING TOWER 261/217 -- NEAR MINT -- ULTRA RARE ASCENDED HEROES POKEMON HOLO --,,Ungraded,4000,[],"[""FIXED_PRICE""]",replaycollectionsllc,https://i.ebayimg.com/images/g/cbQAAeSwapBqcjYc/s-l225.jpg,https://www.ebay.com/itm/168588775293?_skw=Jamming+Tower+261+Ascended+Heroes+Pokemon+card&hash=item2740ac8f7d:g:cbQAAeSwapBqcjYc,"{""value"": ""1.99"", ""currency"": ""USD""}","[{""shippingCostType"": ""FIXED"", ""shippingCost"": {""value"": ""0.00"", ""currency"": ""USD""}, ""minEstimatedDeliveryDate"": ""2026-09-15T07:00:00.000Z"", ""maxEstimatedDeliveryDate"": ""2026-09-21T07:00:00.000Z""}]",,,PENDING_INDEPENDENT_HUMAN_REVIEW,FINAL_BLIND_TEST,,,,,,,,,,,,,,
D2-0990,e26de7b7-434e-4bec-8fc2-fb15b971b1a7,44b0372c-396d-43e9-84bb-afad2d04128f,Jamming Tower,Ascended Heroes,261,ultra_rare,v1|178132085310|0,2026 Pokemon Ascended Heroes TCG JAMMING TOWER 261/217 Full Art SIR,,Ungraded,4000,[],"[""FIXED_PRICE"", ""BEST_OFFER""]",bspotprod,https://i.ebayimg.com/images/g/GqkAAeSwfCpp~S8t/s-l225.jpg,https://www.ebay.com/itm/178132085310?_skw=Jamming+Tower+261+Ascended+Heroes+Pokemon+card&hash=item29797fea3e:g:GqkAAeSwfCpp~S8t&amdata=enc%3AAQALAAABEACCtXRWQnOEpyOqnQQ8KGaLpScdY0qh4fPWNZATQ1qoM%2FijCST6lSv%2FzxPNuZEuqUzwse64GyPksckdN%2BAGdUnZB1Epiqn%2FB%2BTBRQg08%2BcfiTAS7f%2BGfOv5XH8dAzBgI460Om1OPUxbnR9uSguu5OPQW%2Bk9F4AOv5xU5XRGrKNo6KltV5mm%2ByeQsAKPTGqnWxF7UN9x%2FaI1HUX1KVOs6SaDxofx7F7cgLKMvWq3ANu7IibcAK5o9Kt9OE3IuO%2FQCypC6ydFPD4m2qhlt6IKNzubpdQfEBeG7npGnZRpkr0ZB0JFgjoO1Fsc86Yo02AKT0iOAkG2g3kt3D4KFVp%2FUWys69l%2FKmhFDINqWwn3uMot,"{""value"": ""11.88"", ""currency"": ""USD""}","[{""shippingCostType"": ""FIXED"", ""shippingCost"": {""value"": ""5.95"", ""currency"": ""USD""}, ""minEstimatedDeliveryDate"": ""2026-09-15T07:00:00.000Z"", ""maxEstimatedDeliveryDate"": ""2026-09-21T07:00:00.000Z""}]",,,PENDING_INDEPENDENT_HUMAN_REVIEW,FINAL_BLIND_TEST,,,,,,,,,,,,,,
D2-0993,ec8fec81-b57d-442a-baf0-91882c40de6e,67ea57e5-8821-4372-ac63-4c6e3f81f261,Team Rocket's Giovanni,Ascended Heroes,204,uncommon,v1|117372169146|0,Team Rocket's Giovanni ME: Ascended Heroes 204/217 NM Pokemon,,Ungraded,4000,[],"[""FIXED_PRICE"", ""BEST_OFFER""]",mastascards,https://i.ebayimg.com/images/g/Cc8AAeSwMxFqn0n2/s-l225.jpg,https://www.ebay.com/itm/117372169146?_skw=Team+Rocket%27s+Giovanni+204+Ascended+Heroes+Pokemon+card&hash=item1b53ed2bba:g:Cc8AAeSwMxFqn0n2,"{""value"": ""1.59"", ""currency"": ""USD""}","[{""shippingCostType"": ""FIXED"", ""shippingCost"": {""value"": ""0.00"", ""currency"": ""USD""}, ""minEstimatedDeliveryDate"": ""2026-09-15T07:00:00.000Z"", ""maxEstimatedDeliveryDate"": ""2026-09-19T07:00:00.000Z""}]",,,PENDING_INDEPENDENT_HUMAN_REVIEW,FINAL_BLIND_TEST,,,,,,,,,,,,,,
D2-0996,ec8fec81-b57d-442a-baf0-91882c40de6e,67ea57e5-8821-4372-ac63-4c6e3f81f261,Team Rocket's Giovanni,Ascended Heroes,204,uncommon,v1|287562070298|589461258990,Pokémon TCG Ascended Heroes Trainer/Energy Cards --- Pick Your Card!!!,,Ungraded,4000,[],"[""FIXED_PRICE""]",cardgamenomad,https://i.ebayimg.com/images/g/VN4AAeSwJFFqnNe~/s-l225.jpg,https://www.ebay.com/itm/287562070298?_skw=Team+Rocket%27s+Giovanni+204+Ascended+Heroes+Pokemon+card&hash=item42f408f91a:g:VN4AAeSwJFFqnNe~,"{""value"": ""1.49"", ""currency"": ""USD""}","[{""shippingCostType"": ""FIXED"", ""shippingCost"": {""value"": ""0.00"", ""currency"": ""USD""}, ""minEstimatedDeliveryDate"": ""2026-09-15T07:00:00.000Z"", ""maxEstimatedDeliveryDate"": ""2026-09-21T07:00:00.000Z""}]",,,PENDING_INDEPENDENT_HUMAN_REVIEW,FINAL_BLIND_TEST,,,,,,,,,,,,,,
D2-0997,ec8fec81-b57d-442a-baf0-91882c40de6e,67ea57e5-8821-4372-ac63-4c6e3f81f261,Team Rocket's Giovanni,Ascended Heroes,204,uncommon,v1|800085822823|0,4x Team Rocket's Giovanni 204/217 - ME: Ascended Heroes (ASC) Pokemon Playset x4,,Ungraded,4000,[],"[""FIXED_PRICE""]",ozark_ridge_collectibles,https://i.ebayimg.com/images/g/gf0AAeSwgY5qGIcX/s-l225.jpg,https://www.ebay.com/itm/800085822823?_skw=Team+Rocket%27s+Giovanni+204+Ascended+Heroes+Pokemon+card&hash=itemba48d4cd67:g:gf0AAeSwgY5qGIcX,"{""value"": ""1.99"", ""currency"": ""USD""}","[{""shippingCostType"": ""FIXED"", ""shippingCost"": {""value"": ""0.00"", ""currency"": ""USD""}, ""minEstimatedDeliveryDate"": ""2026-09-16T07:00:00.000Z"", ""maxEstimatedDeliveryDate"": ""2026-09-22T07:00:00.000Z""}]",,,PENDING_INDEPENDENT_HUMAN_REVIEW,FINAL_BLIND_TEST,,,,,,,,,,,,,,
D2-0998,ec8fec81-b57d-442a-baf0-91882c40de6e,67ea57e5-8821-4372-ac63-4c6e3f81f261,Team Rocket's Giovanni,Ascended Heroes,204,uncommon,v1|147302918711|0,Team Rocket's Giovanni 204/217 Uncommon Ascended Heroes Pokemon Lightly Played,,Ungraded,4000,[],"[""FIXED_PRICE""]",oranberry,https://i.ebayimg.com/images/g/PMQAAeSw-dNp~8p1/s-l225.jpg,https://www.ebay.com/itm/147302918711?_skw=Team+Rocket%27s+Giovanni+204+Ascended+Heroes+Pokemon+card&hash=item224bf02a37:g:PMQAAeSw-dNp~8p1,"{""value"": ""1.49"", ""currency"": ""USD""}","[{""shippingCostType"": ""FIXED"", ""shippingCost"": {""value"": ""0.00"", ""currency"": ""USD""}, ""minEstimatedDeliveryDate"": ""2026-09-14T07:00:00.000Z"", ""maxEstimatedDeliveryDate"": ""2026-09-17T07:00:00.000Z""}]",,,PENDING_INDEPENDENT_HUMAN_REVIEW,FINAL_BLIND_TEST,,,,,,,,,,,,,,
D2-1004,ec8fec81-b57d-442a-baf0-91882c40de6e,67ea57e5-8821-4372-ac63-4c6e3f81f261,Team Rocket's Giovanni,Ascended Heroes,204,uncommon,v1|147565108096|0,TEAM ROCKET'S GIOVANNI POKEMON ASCENDED HEROES 204/217 UNCOMMON LIGHTLY PLAYED,,Ungraded,4000,[],"[""FIXED_PRICE""]",halocop237,https://i.ebayimg.com/images/g/Ow0AAeSw2VRqozvG/s-l225.jpg,https://www.ebay.com/itm/147565108096?_skw=Team+Rocket%27s+Giovanni+204+Ascended+Heroes+Pokemon+card&hash=item225b90db80:g:Ow0AAeSw2VRqozvG,"{""value"": ""1.00"", ""currency"": ""USD""}","[{""shippingCostType"": ""FIXED"", ""shippingCost"": {""value"": ""1.00"", ""currency"": ""USD""}, ""minEstimatedDeliveryDate"": ""2026-09-15T07:00:00.000Z"", ""maxEstimatedDeliveryDate"": ""2026-09-19T07:00:00.000Z""}]",,,PENDING_INDEPENDENT_HUMAN_REVIEW,FINAL_BLIND_TEST,,,,,,,,,,,,,,
D2-1009,ecfe51fb-3435-4e1c-8542-8809cd6f95ff,db1498a4-579d-4bbe-b887-8368299e735f,Coalossal,Temporal Forces,95,uncommon,v1|117232438888|0,Coalossal 095/162 UC Temporal Forces NM Pokemon,,Ungraded,4000,[],"[""FIXED_PRICE""]",bwise12241224,https://i.ebayimg.com/images/g/ZJUAAeSwzcxqIlEu/s-l225.jpg,https://www.ebay.com/itm/117232438888?_skw=Coalossal+95+Temporal+Forces+Pokemon+card&hash=item1b4b990e68:g:ZJUAAeSwzcxqIlEu,"{""value"": ""1.45"", ""currency"": ""USD""}","[{""shippingCostType"": ""FIXED"", ""shippingCost"": {""value"": ""0.00"", ""currency"": ""USD""}, ""minEstimatedDeliveryDate"": ""2026-09-14T07:00:00.000Z"", ""maxEstimatedDeliveryDate"": ""2026-09-17T07:00:00.000Z""}]",,,PENDING_INDEPENDENT_HUMAN_REVIEW,FINAL_BLIND_TEST,,,,,,,,,,,,,,
D2-1010,ecfe51fb-3435-4e1c-8542-8809cd6f95ff,db1498a4-579d-4bbe-b887-8368299e735f,Coalossal,Temporal Forces,95,uncommon,v1|117232442290|0,Coalossal 095/162 UC Temporal Forces NM Pokemon,,Ungraded,4000,[],"[""FIXED_PRICE""]",bwise12241224,https://i.ebayimg.com/images/g/gXkAAeSwTwlqIlRs/s-l225.jpg,https://www.ebay.com/itm/117232442290?_skw=Coalossal+95+Temporal+Forces+Pokemon+card&hash=item1b4b991bb2:g:gXkAAeSwTwlqIlRs,"{""value"": ""1.45"", ""currency"": ""USD""}","[{""shippingCostType"": ""FIXED"", ""shippingCost"": {""value"": ""0.00"", ""currency"": ""USD""}, ""minEstimatedDeliveryDate"": ""2026-09-14T07:00:00.000Z"", ""maxEstimatedDeliveryDate"": ""2026-09-17T07:00:00.000Z""}]",,,PENDING_INDEPENDENT_HUMAN_REVIEW,FINAL_BLIND_TEST,,,,,,,,,,,,,,
D2-1015,ecfe51fb-3435-4e1c-8542-8809cd6f95ff,db1498a4-579d-4bbe-b887-8368299e735f,Coalossal,Temporal Forces,95,uncommon,v1|168027825549|467920384738,Pokemon TCG SV05 Temporal Forces Choose Your Card Common Rare Holo EX Lot,,Ungraded,4000,[],"[""FIXED_PRICE""]",jaycreator,https://i.ebayimg.com/images/g/0JYAAeSwPYBqNfy-/s-l225.jpg,https://www.ebay.com/itm/168027825549?_skw=Coalossal+95+Temporal+Forces+Pokemon+card&hash=item271f3d258d:g:0JYAAeSwPYBqNfy-,"{""value"": ""0.99"", ""currency"": ""USD""}","[{""shippingCostType"": ""FIXED"", ""shippingCost"": {""value"": ""0.74"", ""currency"": ""USD""}, ""minEstimatedDeliveryDate"": ""2026-09-15T07:00:00.000Z"", ""maxEstimatedDeliveryDate"": ""2026-09-18T07:00:00.000Z""}]",,,PENDING_INDEPENDENT_HUMAN_REVIEW,FINAL_BLIND_TEST,,,,,,,,,,,,,,
D2-1019,ecfe51fb-3435-4e1c-8542-8809cd6f95ff,db1498a4-579d-4bbe-b887-8368299e735f,Coalossal,Temporal Forces,95,uncommon,v1|137208540158|0,Coalossal 095/162 Uncommon SV05: Temporal Forces Pokemon NM,,Ungraded,4000,[],"[""FIXED_PRICE""]",ofgamesandnerds,https://i.ebayimg.com/images/g/GnEAAeSw1Hpp1n-o/s-l225.jpg,https://www.ebay.com/itm/137208540158?_skw=Coalossal+95+Temporal+Forces+Pokemon+card&hash=item1ff2442bfe:g:GnEAAeSw1Hpp1n-o,"{""value"": ""1.89"", ""currency"": ""USD""}","[{""shippingCostType"": ""FIXED"", ""shippingCost"": {""value"": ""0.00"", ""currency"": ""USD""}, ""minEstimatedDeliveryDate"": ""2026-09-14T07:00:00.000Z"", ""maxEstimatedDeliveryDate"": ""2026-09-17T07:00:00.000Z""}]",,,PENDING_INDEPENDENT_HUMAN_REVIEW,FINAL_BLIND_TEST,,,,,,,,,,,,,,
D2-1020,ecfe51fb-3435-4e1c-8542-8809cd6f95ff,db1498a4-579d-4bbe-b887-8368299e735f,Coalossal,Temporal Forces,95,uncommon,v1|137700934816|0,Coalossal Uncommon SV05: Temporal Forces 095/162 NM,,Ungraded,4000,[],"[""FIXED_PRICE"", ""BEST_OFFER""]",woobiedoo,https://i.ebayimg.com/images/g/LNYAAeSwGDJqm6Hz/s-l225.jpg,https://www.ebay.com/itm/137700934816?_skw=Coalossal+95+Temporal+Forces+Pokemon+card&hash=item200f9d84a0:g:LNYAAeSwGDJqm6Hz,"{""value"": ""1.89"", ""currency"": ""USD""}","[{""shippingCostType"": ""FIXED"", ""shippingCost"": {""value"": ""0.00"", ""currency"": ""USD""}, ""minEstimatedDeliveryDate"": ""2026-09-15T07:00:00.000Z"", ""maxEstimatedDeliveryDate"": ""2026-09-21T07:00:00.000Z""}]",,,PENDING_INDEPENDENT_HUMAN_REVIEW,FINAL_BLIND_TEST,,,,,,,,,,,,,,
D2-1023,f01e01fe-17e4-48b7-8ba3-9a88f876acd4,7c3e24f9-be0e-4de8-86fc-9fb913792294,Meowth,Phantasmal Flames,106,illustration_rare,v1|137609910516|0,MEOWTH POKEMON PHANTASMAL FLAMES 106/094 ILLUSTRATION RARE HOLO,,Ungraded,4000,[],"[""FIXED_PRICE""]",pardonmycardboard,https://i.ebayimg.com/images/g/IWIAAeSwXudqe2jt/s-l225.jpg,https://www.ebay.com/itm/137609910516?_skw=Meowth+106+Phantasmal+Flames+Pokemon+card&hash=item200a3098f4:g:IWIAAeSwXudqe2jt,"{""value"": ""27.99"", ""currency"": ""USD""}","[{""shippingCostType"": ""FIXED"", ""shippingCost"": {""value"": ""0.00"", ""currency"": ""USD""}, ""minEstimatedDeliveryDate"": ""2026-09-15T07:00:00.000Z"", ""maxEstimatedDeliveryDate"": ""2026-09-21T07:00:00.000Z""}]",,,PENDING_INDEPENDENT_HUMAN_REVIEW,FINAL_BLIND_TEST,,,,,,,,,,,,,,
D2-1025,f01e01fe-17e4-48b7-8ba3-9a88f876acd4,7c3e24f9-be0e-4de8-86fc-9fb913792294,Meowth,Phantasmal Flames,106,illustration_rare,v1|137703699764|0,ME02: Phantasmal Flames #106/094 Meowth,,Ungraded,4000,[],"[""FIXED_PRICE""]",hobbyboxcc,https://i.ebayimg.com/images/g/sxYAAeSwJaxqnJnn/s-l225.jpg,https://www.ebay.com/itm/137703699764?_skw=Meowth+106+Phantasmal+Flames+Pokemon+card&hash=item200fc7b534:g:sxYAAeSwJaxqnJnn,"{""value"": ""19.99"", ""currency"": ""USD""}","[{""shippingCostType"": ""FIXED"", ""shippingCost"": {""value"": ""0.00"", ""currency"": ""USD""}, ""minEstimatedDeliveryDate"": ""2026-09-14T07:00:00.000Z"", ""maxEstimatedDeliveryDate"": ""2026-09-17T07:00:00.000Z""}]",,,PENDING_INDEPENDENT_HUMAN_REVIEW,FINAL_BLIND_TEST,,,,,,,,,,,,,,
D2-1028,f01e01fe-17e4-48b7-8ba3-9a88f876acd4,7c3e24f9-be0e-4de8-86fc-9fb913792294,Meowth,Phantasmal Flames,106,illustration_rare,v1|158261705450|0,2025 Pokemon Phantasmal Flames Meowth Illustration Rare #106/094,,Ungraded,4000,[],"[""FIXED_PRICE""]",palmettocards803,https://i.ebayimg.com/images/g/JbkAAeSwTatqnHze/s-l225.jpg,https://www.ebay.com/itm/158261705450?_skw=Meowth+106+Phantasmal+Flames+Pokemon+card&hash=item24d921faea:g:JbkAAeSwTatqnHze,"{""value"": ""19.99"", ""currency"": ""USD""}","[{""shippingCostType"": ""FIXED"", ""shippingCost"": {""value"": ""5.00"", ""currency"": ""USD""}, ""minEstimatedDeliveryDate"": ""2026-09-15T07:00:00.000Z"", ""maxEstimatedDeliveryDate"": ""2026-09-21T07:00:00.000Z""}]",,,PENDING_INDEPENDENT_HUMAN_REVIEW,FINAL_BLIND_TEST,,,,,,,,,,,,,,
D2-1029,f01e01fe-17e4-48b7-8ba3-9a88f876acd4,7c3e24f9-be0e-4de8-86fc-9fb913792294,Meowth,Phantasmal Flames,106,illustration_rare,v1|158264644188|0,Pokemon- PSA 10 - Meowth #106/094 Phantasmal Flames  **FREE GUARD**,,Graded,2750,[],"[""FIXED_PRICE"", ""BEST_OFFER""]",selectivepriorities,https://i.ebayimg.com/images/g/TpEAAeSwdK5qnaKe/s-l225.jpg,https://www.ebay.com/itm/158264644188?_skw=Meowth+106+Phantasmal+Flames+Pokemon+card&hash=item24d94ed25c:g:TpEAAeSwdK5qnaKe,"{""value"": ""159.99"", ""currency"": ""USD""}","[{""shippingCostType"": ""CALCULATED""}]",,,PENDING_INDEPENDENT_HUMAN_REVIEW,FINAL_BLIND_TEST,,,,,,,,,,,,,,
D2-1032,f01e01fe-17e4-48b7-8ba3-9a88f876acd4,7c3e24f9-be0e-4de8-86fc-9fb913792294,Meowth,Phantasmal Flames,106,illustration_rare,v1|158279058228|0,Meowth 106/094 Holo Phantasmal Flames Pokemon TCG NM,,Ungraded,4000,[],"[""FIXED_PRICE""]",mac_tcgandsports,https://i.ebayimg.com/images/g/uEkAAeSw93JqovsN/s-l225.jpg,https://www.ebay.com/itm/158279058228?_skw=Meowth+106+Phantasmal+Flames+Pokemon+card&hash=item24da2ac334:g:uEkAAeSw93JqovsN,"{""value"": ""18.99"", ""currency"": ""USD""}","[{""shippingCostType"": ""FIXED"", ""shippingCost"": {""value"": ""1.79"", ""currency"": ""USD""}, ""minEstimatedDeliveryDate"": ""2026-09-15T07:00:00.000Z"", ""maxEstimatedDeliveryDate"": ""2026-09-21T07:00:00.000Z""}]",,,PENDING_INDEPENDENT_HUMAN_REVIEW,FINAL_BLIND_TEST,,,,,,,,,,,,,,
D2-1038,fd225f1d-3765-4209-a5ec-42caf35933b0,92fdb409-1454-43ef-87ee-19095f700462,Team Rocket's Nidoking ex,Destined Rivals,233,special_illustration_rare,v1|128064503969|0,Team Rocket's Nidoking ex SIR SV10: Destined Rivals 233/182 NM,,Ungraded,4000,[],"[""FIXED_PRICE"", ""BEST_OFFER""]",lscardvault,https://i.ebayimg.com/images/g/ZEYAAeSw7dJqnKvo/s-l225.jpg,https://www.ebay.com/itm/128064503969?_skw=Team+Rocket%27s+Nidoking+ex+233+Destined+Rivals+Pokemon+card&hash=item1dd13d40a1:g:ZEYAAeSw7dJqnKvo,"{""value"": ""101.39"", ""currency"": ""USD""}","[{""shippingCostType"": ""CALCULATED""}]",,,PENDING_INDEPENDENT_HUMAN_REVIEW,FINAL_BLIND_TEST,,,,,,,,,,,,,,
D2-1043,fd225f1d-3765-4209-a5ec-42caf35933b0,92fdb409-1454-43ef-87ee-19095f700462,Team Rocket's Nidoking ex,Destined Rivals,233,special_illustration_rare,v1|398038439727|0,Team Rocket's Nidoking ex Special Illustration Rare SV10: Destined Rivals DRI Da,,Ungraded,4000,[],"[""FIXED_PRICE""]",mnqualityrares,https://i.ebayimg.com/images/g/zdIAAeSw-JNqJeZK/s-l225.jpg,https://www.ebay.com/itm/398038439727?_skw=Team+Rocket%27s+Nidoking+ex+233+Destined+Rivals+Pokemon+card&hash=item5cacf0972f:g:zdIAAeSw-JNqJeZK&amdata=enc%3AAQALAAABIACCtXRWQnOEpyOqnQQ8KGZXZMgvimORnl3fvQhfG7UtuE6JKdJeHNWj%2B7Tv281geCndQdDB2%2B%2FtjHtKOaoQdrMKMrqqAdEwABLM9AFx8RAVCQksbqsRi15ZnNIw3VBuVNWB2VRXD8XT0349rCE5H7U3D3%2BtdfJK8UktoRQ12URMm2Gif4nzBYz7yUAW4AW8Dnn92soTxHM1GuMrh5Oxupht7EwsA%2FLi8bJ%2FuCz9B8sa%2BPrOHPyeASGpRnbYr63Deyl9o41mFSHB%2BqmBJCfNsBjGY%2BOoE0926AmC%2F05FNOm0WJigUCEehBE4tjJ0BEUYp75vSWFdnrhU9LnmFja4aqwrhK3T3eRK11RZ%2FeHxGqQ0s5pgBtXfw4LROTuuNQfjew%3D%3D,"{""value"": ""153.12"", ""currency"": ""USD""}","[{""shippingCostType"": ""FIXED"", ""shippingCost"": {""value"": ""0.00"", ""currency"": ""USD""}, ""minEstimatedDeliveryDate"": ""2026-09-15T07:00:00.000Z"", ""maxEstimatedDeliveryDate"": ""2026-09-18T07:00:00.000Z""}]",,,PENDING_INDEPENDENT_HUMAN_REVIEW,FINAL_BLIND_TEST,,,,,,,,,,,,,,
D2-1048,fd225f1d-3765-4209-a5ec-42caf35933b0,92fdb409-1454-43ef-87ee-19095f700462,Team Rocket's Nidoking ex,Destined Rivals,233,special_illustration_rare,v1|226777166510|0,Pokemon Nidoking ex 233/182 Destined Rivals Extended Art Case,,Ungraded,4000,[],"[""FIXED_PRICE""]",dragarious,https://i.ebayimg.com/images/g/2VwAAeSwnjtpEMj3/s-l225.jpg,https://www.ebay.com/itm/226777166510?_skw=Team+Rocket%27s+Nidoking+ex+233+Destined+Rivals+Pokemon+card&hash=item34ccf8f2ae:g:2VwAAeSwnjtpEMj3,"{""value"": ""12.00"", ""currency"": ""USD""}","[{""shippingCostType"": ""CALCULATED""}]",,,PENDING_INDEPENDENT_HUMAN_REVIEW,FINAL_BLIND_TEST,,,,,,,,,,,,,,
D2-1049,fd225f1d-3765-4209-a5ec-42caf35933b0,92fdb409-1454-43ef-87ee-19095f700462,Team Rocket's Nidoking ex,Destined Rivals,233,special_illustration_rare,v1|117380198270|0,Pokemon Destined Rivals #233 Rocket'S Nidoking Ex Special Illustration PSA 10,,Graded,2750,[],"[""FIXED_PRICE""]",hawks_phins,https://i.ebayimg.com/images/g/eJgAAeSw5NJqj6HG/s-l225.jpg,https://www.ebay.com/itm/117380198270?_skw=Team+Rocket%27s+Nidoking+ex+233+Destined+Rivals+Pokemon+card&hash=item1b5467af7e:g:eJgAAeSw5NJqj6HG,"{""value"": ""274.99"", ""currency"": ""USD""}","[{""shippingCostType"": ""FIXED"", ""shippingCost"": {""value"": ""6.00"", ""currency"": ""USD""}, ""minEstimatedDeliveryDate"": ""2026-09-15T07:00:00.000Z"", ""maxEstimatedDeliveryDate"": ""2026-09-21T07:00:00.000Z""}]",,,PENDING_INDEPENDENT_HUMAN_REVIEW,FINAL_BLIND_TEST,,,,,,,,,,,,,,
D2-1050,fd225f1d-3765-4209-a5ec-42caf35933b0,92fdb409-1454-43ef-87ee-19095f700462,Team Rocket's Nidoking ex,Destined Rivals,233,special_illustration_rare,v1|128049994480|0,2025 Pokemon Destined Rivals Team Rocket's Nidoking ex 233/182 PSA 9 SIR,,Graded,2750,[],"[""FIXED_PRICE"", ""BEST_OFFER""]",robgh_19,https://i.ebayimg.com/images/g/mGcAAeSw-dlqkkRa/s-l225.jpg,https://www.ebay.com/itm/128049994480?_skw=Team+Rocket%27s+Nidoking+ex+233+Destined+Rivals+Pokemon+card&hash=item1dd05fdaf0:g:mGcAAeSw-dlqkkRa,"{""value"": ""124.99"", ""currency"": ""USD""}","[{""shippingCostType"": ""CALCULATED""}]",,,PENDING_INDEPENDENT_HUMAN_REVIEW,FINAL_BLIND_TEST,,,,,,,,,,,,,,
