benchmark_row_id,listing_item_id,item_url,listing_title,condition,condition_id,category_id,buying_options_json,seller_id,image_url,canonical_card_id,card_variant_id,target_card_name,target_set_name,target_card_number,target_treatment,exact_match_yes_no_uncertain,single_card_or_lot,raw_or_graded,card_or_sealed_nonshcard,collector_number_consistency,set_consistency,language,variant_treatment,reviewer_id,label_timestamp,review_note,adjudicated_result
D5-0000,v1|188873902261|0,https://www.ebay.com/itm/188873902261?_skw=Penny+252+Scarlet+and+Violet+Base+Set&hash=item2bf9c308b5:g:EMkAAeSwpyFql6aS,Pokémon TCG Penny SIR- 252/198 - SV01: Scarlet & Violet Base Set (SVI),Ungraded,4000,,"[""FIXED_PRICE"", ""BEST_OFFER""]",collectiblesmbb,https://i.ebayimg.com/images/g/EMkAAeSwpyFql6aS/s-l225.jpg,018c983e-b1d0-41df-880e-ebf3f2e2fb12,4eb8f140-a9c3-41c4-85aa-c2f6b7131746,Penny,Scarlet and Violet Base Set,252,special_illustration_rare,,,,,,,,,,,,
D5-0001,v1|287468659950|0,https://www.ebay.com/itm/287468659950?_skw=Penny+252+Scarlet+and+Violet+Base+Set+Pokemon+card&hash=item42ee77a4ee:g:5-0AAeSwAzZqcnHK,Penny Pokemon SV01: Scarlet & Violet Base Set SVI #252/198 Holo Near Mint,Ungraded,4000,,"[""FIXED_PRICE"", ""BEST_OFFER""]",myflyisbreeezy,https://i.ebayimg.com/images/g/5-0AAeSwAzZqcnHK/s-l225.jpg,018c983e-b1d0-41df-880e-ebf3f2e2fb12,4eb8f140-a9c3-41c4-85aa-c2f6b7131746,Penny,Scarlet and Violet Base Set,252,special_illustration_rare,,,,,,,,,,,,
D5-0002,v1|820117207018|0,https://www.ebay.com/itm/820117207018?_skw=Penny+252+Scarlet+and+Violet+Base+Set+Pokemon+card&hash=itembef2cb77ea:g:tS0AAeSwh4BqpPcG,Penny 252/198 Special Illustration Rare Scarlet & Violet Pokemon Holo Near Mint,Ungraded,4000,,"[""FIXED_PRICE""]",rawrtcg,https://i.ebayimg.com/images/g/tS0AAeSwh4BqpPcG/s-l225.jpg,018c983e-b1d0-41df-880e-ebf3f2e2fb12,4eb8f140-a9c3-41c4-85aa-c2f6b7131746,Penny,Scarlet and Violet Base Set,252,special_illustration_rare,,,,,,,,,,,,
D5-0003,v1|407159217830|0,https://www.ebay.com/itm/407159217830?_skw=Penny+252+Scarlet+and+Violet+Base+Set+Pokemon+card&hash=item5ecc949ea6:g:5YIAAeSw9fJqh01G,SV01: Scarlet & Violet Base Set #252/198 Penny,Ungraded,4000,,"[""FIXED_PRICE"", ""BEST_OFFER""]",monstersubiecollectables,https://i.ebayimg.com/images/g/5YIAAeSw9fJqh01G/s-l225.jpg,018c983e-b1d0-41df-880e-ebf3f2e2fb12,4eb8f140-a9c3-41c4-85aa-c2f6b7131746,Penny,Scarlet and Violet Base Set,252,special_illustration_rare,,,,,,,,,,,,
D5-0004,v1|227502402620|0,https://www.ebay.com/itm/227502402620?_skw=Penny+252+Scarlet+and+Violet+Base+Set+Pokemon+card&hash=item34f8332c3c:g:~ncAAeSwWkZqmAmB,Penny Holo Scarlet & Violet Base Set 252/198 NM Pokemon,Ungraded,4000,,"[""FIXED_PRICE""]",totokyu_trading,https://i.ebayimg.com/images/g/~ncAAeSwWkZqmAmB/s-l225.jpg,018c983e-b1d0-41df-880e-ebf3f2e2fb12,4eb8f140-a9c3-41c4-85aa-c2f6b7131746,Penny,Scarlet and Violet Base Set,252,special_illustration_rare,,,,,,,,,,,,
D5-0005,v1|206444406099|0,https://www.ebay.com/itm/206444406099?_skw=Penny+252+Scarlet+and+Violet+Base+Set+Pokemon+card&hash=item30110ba553:g:ZecAAeSwx7pqZuBT,Penny 252/198 SV01: Scarlet & Violet Base Set Holo,Ungraded,4000,,"[""FIXED_PRICE"", ""BEST_OFFER""]",k4ccards,https://i.ebayimg.com/images/g/ZecAAeSwx7pqZuBT/s-l225.jpg,018c983e-b1d0-41df-880e-ebf3f2e2fb12,4eb8f140-a9c3-41c4-85aa-c2f6b7131746,Penny,Scarlet and Violet Base Set,252,special_illustration_rare,,,,,,,,,,,,
D5-0006,v1|366666927875|0,https://www.ebay.com/itm/366666927875?_skw=Trubbish+140+White+Flare+Pokemon+card&hash=item555f0d4f03:g:PuEAAeSwo-lqpvdo,Pokemon TCG: Trubbish 140/086 Illustration Rare White Flare NM,Ungraded,4000,,"[""FIXED_PRICE""]",11stars-tcg,https://i.ebayimg.com/images/g/PuEAAeSwo-lqpvdo/s-l225.jpg,0331d96e-d8af-44d3-9552-85f784d9b4ca,720c16f5-5c19-43bc-a711-0ea9e8545aab,Trubbish,White Flare,140,illustration_rare,,,,,,,,,,,,
D5-0007,v1|198608468717|0,https://www.ebay.com/itm/198608468717?_skw=Trubbish+140+White+Flare+Pokemon+card&hash=item2e3dfcbaed:g:ktYAAeSwhFRqlbC~,Pokemon SV White Flare Trubbish 140/086 Illustration Rare IR NM,Ungraded,4000,,"[""FIXED_PRICE""]",hobiihouse,https://i.ebayimg.com/images/g/ktYAAeSwhFRqlbC~/s-l225.jpg,0331d96e-d8af-44d3-9552-85f784d9b4ca,720c16f5-5c19-43bc-a711-0ea9e8545aab,Trubbish,White Flare,140,illustration_rare,,,,,,,,,,,,
D5-0008,v1|178396998977|0,https://www.ebay.com/itm/178396998977?_skw=Trubbish+140+White+Flare&hash=item29894a2d41:g:VhsAAeSwaJdqe1wp,Trubbish 140/086 Sv: White Flare Holo Illustration Rare ,Ungraded,4000,,"[""FIXED_PRICE"", ""BEST_OFFER""]",cskanemedia,https://i.ebayimg.com/images/g/VhsAAeSwaJdqe1wp/s-l225.jpg,0331d96e-d8af-44d3-9552-85f784d9b4ca,720c16f5-5c19-43bc-a711-0ea9e8545aab,Trubbish,White Flare,140,illustration_rare,,,,,,,,,,,,
D5-0009,v1|800514831641|0,https://www.ebay.com/itm/800514831641?_skw=Trubbish+140+White+Flare+Pokemon+card&hash=itemba6266f519:g:1j8AAeSwhP1qgP5B,2025 POKEMON WHT EN-WHITE FLARE ILLUSTRATION RARE 140/086 TRUBBISH - AGS 9.5,Graded,2750,,"[""FIXED_PRICE"", ""BEST_OFFER""]",jdadamssportscards,https://i.ebayimg.com/images/g/1j8AAeSwhP1qgP5B/s-l225.jpg,0331d96e-d8af-44d3-9552-85f784d9b4ca,720c16f5-5c19-43bc-a711-0ea9e8545aab,Trubbish,White Flare,140,illustration_rare,,,,,,,,,,,,
D5-0010,v1|397602611131|0,https://www.ebay.com/itm/397602611131?_skw=Trubbish+140+White+Flare+Pokemon+card&hash=item5c92f65fbb:g:PE0AAeSwx-5pjq55,Garbodor Pokeball 057/086 White Flare Japanese Pokemon Card NM,Ungraded,4000,,"[""FIXED_PRICE""]",districtdash,https://i.ebayimg.com/images/g/PE0AAeSwx-5pjq55/s-l225.jpg,0331d96e-d8af-44d3-9552-85f784d9b4ca,720c16f5-5c19-43bc-a711-0ea9e8545aab,Trubbish,White Flare,140,illustration_rare,,,,,,,,,,,,
D5-0011,v1|327264141920|0,https://www.ebay.com/itm/327264141920?_skw=Trubbish+140+White+Flare+Pokemon+card&hash=item4c32768260:g:3r8AAeSwe4RqWQqv,2025 POKEMON WHT EN-WHITE FLARE ILLUSTRATION RARE 140/086 TRUBBISH - PSA 9,Graded,2750,,"[""FIXED_PRICE"", ""BEST_OFFER""]",berchtoldkid1,https://i.ebayimg.com/images/g/3r8AAeSwe4RqWQqv/s-l225.jpg,0331d96e-d8af-44d3-9552-85f784d9b4ca,720c16f5-5c19-43bc-a711-0ea9e8545aab,Trubbish,White Flare,140,illustration_rare,,,,,,,,,,,,
D5-0012,v1|298671847666|0,https://www.ebay.com/itm/298671847666?_skw=Haxorus+147+Black+Bolt&hash=item458a3ab8f2:g:tqQAAeSwY5dqeP1K,Haxorus 147/086 Sv: Black Bolt Holo NM,Ungraded,4000,,"[""AUCTION""]",go_35284312,https://i.ebayimg.com/images/g/tqQAAeSwY5dqeP1K/s-l225.jpg,0b81872e-b089-49e9-aec3-16a535b12efb,0057b67c-a140-400c-b308-2a6d046cb043,Haxorus,Black Bolt,147,illustration_rare,,,,,,,,,,,,
D5-0013,v1|800642719512|0,https://www.ebay.com/itm/800642719512?_skw=Haxorus+147+Black+Bolt+Pokemon+card&hash=itemba6a065f18:g:i6QAAeSwFh9qkJ4X,Haxorus 147/086 Sv: Black Bolt Holo,Ungraded,4000,,"[""AUCTION"", ""BEST_OFFER""]",clutchcard,https://i.ebayimg.com/images/g/i6QAAeSwFh9qkJ4X/s-l225.jpg,0b81872e-b089-49e9-aec3-16a535b12efb,0057b67c-a140-400c-b308-2a6d046cb043,Haxorus,Black Bolt,147,illustration_rare,,,,,,,,,,,,
D5-0014,v1|407210404894|0,https://www.ebay.com/itm/407210404894?_skw=Haxorus+147+Black+Bolt&hash=item5ecfa1ac1e:g:EzUAAeSwP-hqpJ0c,Pokémon TCG Haxorus 147/86 Illustration Rare Holo NM - Black Bolt,Ungraded,4000,,"[""FIXED_PRICE"", ""BEST_OFFER""]",rohan_1011,https://i.ebayimg.com/images/g/EzUAAeSwP-hqpJ0c/s-l225.jpg,0b81872e-b089-49e9-aec3-16a535b12efb,0057b67c-a140-400c-b308-2a6d046cb043,Haxorus,Black Bolt,147,illustration_rare,,,,,,,,,,,,
D5-0015,v1|287583724723|0,https://www.ebay.com/itm/287583724723?_skw=Haxorus+147+Black+Bolt+Pokemon+card&hash=item42f55364b3:g:vEEAAeSwdbtqVMpQ,Haxorus 147  - Black Bolt Illustration Rare - PSA 10,Graded,2750,,"[""FIXED_PRICE"", ""BEST_OFFER""]",falconxjw,https://i.ebayimg.com/images/g/vEEAAeSwdbtqVMpQ/s-l225.jpg,0b81872e-b089-49e9-aec3-16a535b12efb,0057b67c-a140-400c-b308-2a6d046cb043,Haxorus,Black Bolt,147,illustration_rare,,,,,,,,,,,,
D5-0016,v1|168512149914|0,https://www.ebay.com/itm/168512149914?_skw=Haxorus+147+Black+Bolt+Pokemon+card&hash=item273c1b599a:g:adkAAeSw9wNqSDVP,BLACK BOLT ILLUSTRATION RARE #147 HAXORUS,Ungraded,4000,,"[""FIXED_PRICE"", ""BEST_OFFER""]",rra34,https://i.ebayimg.com/images/g/adkAAeSw9wNqSDVP/s-l225.jpg,0b81872e-b089-49e9-aec3-16a535b12efb,0057b67c-a140-400c-b308-2a6d046cb043,Haxorus,Black Bolt,147,illustration_rare,,,,,,,,,,,,
D5-0017,v1|318857112629|0,https://www.ebay.com/itm/318857112629?_skw=Haxorus+147+Black+Bolt&hash=item4a3d5d6c35:g:sIsAAeSwMaJqpB0C,Haxorus Illustration Rare Pokemon Black Bolt BLK PSA 9 MINT,Graded,2750,,"[""FIXED_PRICE""]",tcgbycomc,https://i.ebayimg.com/images/g/sIsAAeSwMaJqpB0C/s-l225.jpg,0b81872e-b089-49e9-aec3-16a535b12efb,0057b67c-a140-400c-b308-2a6d046cb043,Haxorus,Black Bolt,147,illustration_rare,,,,,,,,,,,,
D5-0018,v1|366666872098|0,https://www.ebay.com/itm/366666872098?_skw=Tinkatuff+166+Paldean+Fates+Pokemon+card&hash=item555f0c7522:g:A10AAeSwFXJqpu1Y,Tinkatuff 166/091 Shiny Rare Paldean Fates Pokemon Holo Near Mint,Ungraded,4000,,"[""FIXED_PRICE""]",littlemansmarket,https://i.ebayimg.com/images/g/A10AAeSwFXJqpu1Y/s-l225.jpg,0dde3317-5162-49d1-b5c9-6b206a086d2c,7a7c3304-cc14-4aab-9f7b-b88270d4228c,Tinkatuff,Paldean Fates,166,shiny_rare,,,,,,,,,,,,
D5-0019,v1|178377789590|0,https://www.ebay.com/itm/178377789590?_skw=Tinkatuff+166+Paldean+Fates+Pokemon+card&hash=item2988251096:g:ebIAAeSwFKNqc7Rb,Tinkatuff 166/091 Shiny Rare Paldean Fates Pokemon Holo Near Mint,Ungraded,4000,,"[""FIXED_PRICE"", ""BEST_OFFER""]",collectorstoll,https://i.ebayimg.com/images/g/ebIAAeSwFKNqc7Rb/s-l225.jpg,0dde3317-5162-49d1-b5c9-6b206a086d2c,7a7c3304-cc14-4aab-9f7b-b88270d4228c,Tinkatuff,Paldean Fates,166,shiny_rare,,,,,,,,,,,,
D5-0020,v1|800529131777|0,https://www.ebay.com/itm/800529131777?_skw=Tinkatuff+166+Paldean+Fates+Pokemon+card&hash=itemba63412901:g:n9AAAeSwEphqhGWm,Tinkatuff Holofoil [PAF - 166/091],Ungraded,4000,,"[""FIXED_PRICE""]",knucklezcardco,https://i.ebayimg.com/images/g/n9AAAeSwEphqhGWm/s-l225.jpg,0dde3317-5162-49d1-b5c9-6b206a086d2c,7a7c3304-cc14-4aab-9f7b-b88270d4228c,Tinkatuff,Paldean Fates,166,shiny_rare,,,,,,,,,,,,
D5-0021,v1|327288603694|0,https://www.ebay.com/itm/327288603694?_skw=Tinkatuff+166+Paldean+Fates+Pokemon+card&hash=item4c33ebc42e:g:KtkAAeSwzGVqbLMR,Pokémon TCG Tinkatuff Scarlet & Violet: Paldean Fates 166/091 Holo Shiny Rare,Ungraded,4000,,"[""FIXED_PRICE""]",westifer1,https://i.ebayimg.com/images/g/KtkAAeSwzGVqbLMR/s-l225.jpg,0dde3317-5162-49d1-b5c9-6b206a086d2c,7a7c3304-cc14-4aab-9f7b-b88270d4228c,Tinkatuff,Paldean Fates,166,shiny_rare,,,,,,,,,,,,
D5-0022,v1|398366398593|0,https://www.ebay.com/itm/398366398593?_skw=Tinkatuff+166+Paldean+Fates&hash=item5cc07cd881:g:5CUAAeSwiTNqnano,Pokémon 2024 Tinkatuff Paldean Fates Shiny Rare 166/091 CGC Mint 9,Graded,2750,,"[""FIXED_PRICE""]",cardsinnodak,https://i.ebayimg.com/images/g/5CUAAeSwiTNqnano/s-l225.jpg,0dde3317-5162-49d1-b5c9-6b206a086d2c,7a7c3304-cc14-4aab-9f7b-b88270d4228c,Tinkatuff,Paldean Fates,166,shiny_rare,,,,,,,,,,,,
D5-0023,v1|267452693465|0,https://www.ebay.com/itm/267452693465?_skw=Tinkatuff+166+Paldean+Fates+Pokemon+card&hash=item3e456c3bd9:g:hJ8AAeSwNE9pAsyL,CGC 10 Tinkatuff 166/091 Baby Shiny - Paldean Fates - Pokemon TCG - SHIPS FAST,Graded,2750,,"[""FIXED_PRICE""]",pandazcollects,https://i.ebayimg.com/images/g/hJ8AAeSwNE9pAsyL/s-l225.jpg,0dde3317-5162-49d1-b5c9-6b206a086d2c,7a7c3304-cc14-4aab-9f7b-b88270d4228c,Tinkatuff,Paldean Fates,166,shiny_rare,,,,,,,,,,,,
D5-0024,v1|820035457007|0,https://www.ebay.com/itm/820035457007?_skw=Lt.+Surge%27s+Bargain+185+Mega+Evolution+Pokemon+card&hash=itembeedec0fef:g:oS0AAeSwGEZqifhI,Pokémon TCG Lt. Surge's Bargain 185/132 Mega Evolution Special Illustration Rare,Ungraded,4000,,"[""FIXED_PRICE""]",ignatiusvaults,https://i.ebayimg.com/images/g/oS0AAeSwGEZqifhI/s-l225.jpg,10a47631-ea19-4b62-8a93-4b1b3e6b3013,780a248c-87ff-4879-955c-3d6bea287aca,Lt. Surge's Bargain,Mega Evolution,185,special_illustration_rare,,,,,,,,,,,,
D5-0025,v1|287397447302|0,https://www.ebay.com/itm/287397447302?_skw=Lt.+Surge%27s+Bargain+185+Mega+Evolution&hash=item42ea390686:g:i6IAAeSwLLxqMJW2,Lt. Surge's Bargain 185/132 Me01: Mega Evolution Holo Mint,Ungraded,4000,,"[""FIXED_PRICE""]",cwi-inc,https://i.ebayimg.com/images/g/i6IAAeSwLLxqMJW2/s-l225.jpg,10a47631-ea19-4b62-8a93-4b1b3e6b3013,780a248c-87ff-4879-955c-3d6bea287aca,Lt. Surge's Bargain,Mega Evolution,185,special_illustration_rare,,,,,,,,,,,,
D5-0026,v1|397460787777|0,https://www.ebay.com/itm/397460787777?_skw=Lt.+Surge%27s+Bargain+185+Mega+Evolution+Pokemon+card&hash=item5c8a825241:g:~-cAAeSwWUZpWekw,Lt. Surge's Bargain 185/132 Me01: Mega Evolution Holo,Graded,2750,,"[""FIXED_PRICE"", ""BEST_OFFER""]",unclej-2,https://i.ebayimg.com/images/g/~-cAAeSwWUZpWekw/s-l225.jpg,10a47631-ea19-4b62-8a93-4b1b3e6b3013,780a248c-87ff-4879-955c-3d6bea287aca,Lt. Surge's Bargain,Mega Evolution,185,special_illustration_rare,,,,,,,,,,,,
D5-0027,v1|168395713239|0,https://www.ebay.com/itm/168395713239?_skw=Lt.+Surge%27s+Bargain+185+Mega+Evolution+Pokemon+card&hash=item27352aaad7:g:XDgAAeSw3cFqESjQ,Lt. Surge's Bargain 185/132 Special Illustration Rare Mega Evolution Pokemon NM,Ungraded,4000,,"[""FIXED_PRICE""]",cardwavegaming,https://i.ebayimg.com/images/g/XDgAAeSw3cFqESjQ/s-l225.jpg,10a47631-ea19-4b62-8a93-4b1b3e6b3013,780a248c-87ff-4879-955c-3d6bea287aca,Lt. Surge's Bargain,Mega Evolution,185,special_illustration_rare,,,,,,,,,,,,
D5-0028,v1|227519056544|0,https://www.ebay.com/itm/227519056544?_skw=Lt.+Surge%27s+Bargain+185+Mega+Evolution&hash=item34f9314aa0:g:6z0AAeSwwTVqphx5,Lt. Surge's Bargain 185/132 Holofoil Mega Evolution - NM,Ungraded,4000,,"[""FIXED_PRICE"", ""BEST_OFFER""]",hobby.verse,https://i.ebayimg.com/images/g/6z0AAeSwwTVqphx5/s-l225.jpg,10a47631-ea19-4b62-8a93-4b1b3e6b3013,780a248c-87ff-4879-955c-3d6bea287aca,Lt. Surge's Bargain,Mega Evolution,185,special_illustration_rare,,,,,,,,,,,,
D5-0029,v1|336791297516|0,https://www.ebay.com/itm/336791297516?_skw=Lt.+Surge%27s+Bargain+185+Mega+Evolution+Pokemon+card&hash=item4e6a535dec:g:AKAAAeSwSbhqpb2a,Lt. Surge's Bargain Holofoil Mega Evolution - 185/132 Pokemon Card NM,Ungraded,4000,,"[""FIXED_PRICE"", ""BEST_OFFER""]",thespicystore,https://i.ebayimg.com/images/g/AKAAAeSwSbhqpb2a/s-l225.jpg,10a47631-ea19-4b62-8a93-4b1b3e6b3013,780a248c-87ff-4879-955c-3d6bea287aca,Lt. Surge's Bargain,Mega Evolution,185,special_illustration_rare,,,,,,,,,,,,
D5-0030,v1|278324869271|0,https://www.ebay.com/itm/278324869271?_skw=Carmine+217+Twilight+Masquerade+Pokemon+card&hash=item40cd747897:g:1n8AAeSwt3xqk7O-,Pokemon TCG Carmine 217/167 SV06 Twilight Masquerade SIR Full Art Holo Eng,Ungraded,4000,,"[""FIXED_PRICE""]",jgc.tcg.mintcard,https://i.ebayimg.com/images/g/1n8AAeSwt3xqk7O-/s-l225.jpg,147a436d-4ccc-43d1-b19a-20b74d2ff723,a86eb8d9-0e89-4e02-879a-d587dbfe0252,Carmine,Twilight Masquerade,217,special_illustration_rare,,,,,,,,,,,,
D5-0031,v1|158239568360|0,https://www.ebay.com/itm/158239568360?_skw=Carmine+217+Twilight+Masquerade+Pokemon+card&hash=item24d7d031e8:g:RqkAAeSwbr9qlDrz,Carmine 217/167 Special Illustration Rare Twilight Masquerade Pokemon NM Holo,Ungraded,4000,,"[""FIXED_PRICE"", ""BEST_OFFER""]",cursedcollection1,https://i.ebayimg.com/images/g/RqkAAeSwbr9qlDrz/s-l225.jpg,147a436d-4ccc-43d1-b19a-20b74d2ff723,a86eb8d9-0e89-4e02-879a-d587dbfe0252,Carmine,Twilight Masquerade,217,special_illustration_rare,,,,,,,,,,,,
D5-0032,v1|336690406773|0,https://www.ebay.com/itm/336690406773?_skw=Carmine+217+Twilight+Masquerade&hash=item4e644fe575:g:lgIAAeSwjF1qV-ha,CARMINE Twilight Masquerade Special Illustration Rare #217 CGC Pristine 10,Graded,2750,,"[""FIXED_PRICE"", ""BEST_OFFER""]",nostalgium_inc,https://i.ebayimg.com/images/g/lgIAAeSwjF1qV-ha/s-l225.jpg,147a436d-4ccc-43d1-b19a-20b74d2ff723,a86eb8d9-0e89-4e02-879a-d587dbfe0252,Carmine,Twilight Masquerade,217,special_illustration_rare,,,,,,,,,,,,
D5-0033,v1|377487030952|0,https://www.ebay.com/itm/377487030952?_skw=Carmine+217+Twilight+Masquerade+Pokemon+card&hash=item57e3fafaa8:g:nsMAAeSw~6dqowAV,🔥✨ PSA 9 Carmine #217 Special Illustration Rare | Twilight Masquerade 2024,Graded,2750,,"[""FIXED_PRICE""]",mghcollectibles,https://i.ebayimg.com/images/g/nsMAAeSw~6dqowAV/s-l225.jpg,147a436d-4ccc-43d1-b19a-20b74d2ff723,a86eb8d9-0e89-4e02-879a-d587dbfe0252,Carmine,Twilight Masquerade,217,special_illustration_rare,,,,,,,,,,,,
D5-0034,v1|407134833156|0,https://www.ebay.com/itm/407134833156?_skw=Carmine+217+Twilight+Masquerade+Pokemon+card&hash=item5ecb208a04:g:U84AAeSw6z1qelBy,Carmine - Holo Special Illustration Rare SV06: Twilight Masquerade 217/167 NM,Ungraded,4000,,"[""FIXED_PRICE"", ""BEST_OFFER""]",holohustlellc,https://i.ebayimg.com/images/g/U84AAeSw6z1qelBy/s-l225.jpg,147a436d-4ccc-43d1-b19a-20b74d2ff723,a86eb8d9-0e89-4e02-879a-d587dbfe0252,Carmine,Twilight Masquerade,217,special_illustration_rare,,,,,,,,,,,,
D5-0035,v1|407210573655|0,https://www.ebay.com/itm/407210573655?_skw=Carmine+217+Twilight+Masquerade+Pokemon+card&hash=item5ecfa43f57:g:AwcAAeSwDW5qpLO8,Carmine 217/167 Sv06: Twilight Masquerade Holo,Ungraded,4000,,"[""FIXED_PRICE"", ""BEST_OFFER""]",jpcollects547,https://i.ebayimg.com/images/g/AwcAAeSwDW5qpLO8/s-l225.jpg,147a436d-4ccc-43d1-b19a-20b74d2ff723,a86eb8d9-0e89-4e02-879a-d587dbfe0252,Carmine,Twilight Masquerade,217,special_illustration_rare,,,,,,,,,,,,
D5-0036,v1|318867016361|0,https://www.ebay.com/itm/318867016361?_skw=Giovanni%27s+Charisma+204+Scarlet+and+Violet+151+Pokemon+card&hash=item4a3df48aa9:g:MDkAAeSwkUhqpyH6,Giovanni's Charisma Holo Ultra Rare SV: Scarlet & Violet 151 197/165 NM,Ungraded,4000,,"[""FIXED_PRICE"", ""BEST_OFFER""]",jch-cards,https://i.ebayimg.com/images/g/MDkAAeSwkUhqpyH6/s-l225.jpg,152906c9-3b9f-4f16-bb22-cb4241c7386b,20ddd5ca-77ef-4e3c-a018-ea4c7a44913a,Giovanni's Charisma,Scarlet and Violet 151,204,special_illustration_rare,,,,,,,,,,,,
D5-0037,v1|318635008499|0,https://www.ebay.com/itm/318635008499?_skw=Giovanni%27s+Charisma+204+Scarlet+and+Violet+151&hash=item4a302061f3:g:lLMAAeSw0ZZqZS~3,Giovanni's Charisma 204/165 Sv: Scarlet & Violet 151 Holo,Ungraded,4000,,"[""FIXED_PRICE"", ""BEST_OFFER""]",mtgb13,https://i.ebayimg.com/images/g/lLMAAeSw0ZZqZS~3/s-l225.jpg,152906c9-3b9f-4f16-bb22-cb4241c7386b,20ddd5ca-77ef-4e3c-a018-ea4c7a44913a,Giovanni's Charisma,Scarlet and Violet 151,204,special_illustration_rare,,,,,,,,,,,,
D5-0038,v1|128070886254|0,https://www.ebay.com/itm/128070886254?_skw=Giovanni%27s+Charisma+204+Scarlet+and+Violet+151&hash=item1dd19ea36e:g:W3oAAeSwSGdqleG~,Giovanni's Charisma 204/165 Sv: Scarlet & Violet 151 Holo,Ungraded,4000,,"[""AUCTION""]",southe-47,https://i.ebayimg.com/images/g/W3oAAeSwSGdqleG~/s-l225.jpg,152906c9-3b9f-4f16-bb22-cb4241c7386b,20ddd5ca-77ef-4e3c-a018-ea4c7a44913a,Giovanni's Charisma,Scarlet and Violet 151,204,special_illustration_rare,,,,,,,,,,,,
D5-0039,v1|287137195083|0,https://www.ebay.com/itm/287137195083?_skw=Giovanni%27s+Charisma+204+Scarlet+and+Violet+151+Pokemon+card&hash=item42dab5e44b:g:H-cAAeSwMCBqe9kf,Giovanni's Charisma - 161/165 - SV: Scarlet & Violet 151 - NM,Ungraded,4000,,"[""FIXED_PRICE""]",lootstation-dot-com,https://i.ebayimg.com/images/g/H-cAAeSwMCBqe9kf/s-l225.jpg,152906c9-3b9f-4f16-bb22-cb4241c7386b,20ddd5ca-77ef-4e3c-a018-ea4c7a44913a,Giovanni's Charisma,Scarlet and Violet 151,204,special_illustration_rare,,,,,,,,,,,,
D5-0040,v1|188693261684|0,https://www.ebay.com/itm/188693261684?_skw=Giovanni%27s+Charisma+204+Scarlet+and+Violet+151+Pokemon+card&hash=item2beefead74:g:XagAAeSwKs5qZBWt,Giovanni's Charisma 204/165 Sv: Scarlet & Violet 151 Holo,Ungraded,4000,,"[""FIXED_PRICE""]",retro-rebound-vintage,https://i.ebayimg.com/images/g/XagAAeSwKs5qZBWt/s-l225.jpg,152906c9-3b9f-4f16-bb22-cb4241c7386b,20ddd5ca-77ef-4e3c-a018-ea4c7a44913a,Giovanni's Charisma,Scarlet and Violet 151,204,special_illustration_rare,,,,,,,,,,,,
D5-0041,v1|398367526358|0,https://www.ebay.com/itm/398367526358?_skw=Giovanni%27s+Charisma+204+Scarlet+and+Violet+151+Pokemon+card&hash=item5cc08e0dd6:g:kG8AAeSwYrtqUWbz,Giovanni's Charisma 161/165 Sv: Scarlet & Violet 151 Regular,Ungraded,4000,,"[""AUCTION"", ""BEST_OFFER""]",squash_74,https://i.ebayimg.com/images/g/kG8AAeSwYrtqUWbz/s-l225.jpg,152906c9-3b9f-4f16-bb22-cb4241c7386b,20ddd5ca-77ef-4e3c-a018-ea4c7a44913a,Giovanni's Charisma,Scarlet and Violet 151,204,special_illustration_rare,,,,,,,,,,,,
D5-0042,v1|800059182281|0,https://www.ebay.com/itm/800059182281?_skw=Veluza+192+Paradox+Rift&hash=itemba473e4cc9:g:e~QAAeSwATdqEe~b,Veluza 192/182 Illustration Rare Paradox Rift Pokemon Near Mint,Ungraded,4000,,"[""FIXED_PRICE""]",feliwon5,https://i.ebayimg.com/images/g/e~QAAeSwATdqEe~b/s-l225.jpg,15faf94c-4a3b-4f09-a867-f2ded1174419,98ab7334-59cd-47fa-b778-f6526e5e1276,Veluza,Paradox Rift,192,illustration_rare,,,,,,,,,,,,
D5-0043,v1|318852699427|0,https://www.ebay.com/itm/318852699427?_skw=Veluza+192+Paradox+Rift+Pokemon+card&hash=item4a3d1a1523:g:I3UAAeSwPLJqQ5Wi,2023 POKEMON PAR EN-PARADOX RIFT ILLUSTRATION RARE #192 VELUZA PSA 10 Gem Mint,Graded,2750,,"[""FIXED_PRICE""]",treasurecovecollectiblellc,https://i.ebayimg.com/images/g/I3UAAeSwPLJqQ5Wi/s-l225.jpg,15faf94c-4a3b-4f09-a867-f2ded1174419,98ab7334-59cd-47fa-b778-f6526e5e1276,Veluza,Paradox Rift,192,illustration_rare,,,,,,,,,,,,
D5-0044,v1|800650937859|0,https://www.ebay.com/itm/800650937859?_skw=Veluza+192+Paradox+Rift+Pokemon+card&hash=itemba6a83c603:g:M40AAeSwNyZqpXcr,Veluza 192/182 Illustration Rare Holo Paradox Rift Pokemon TCG,Ungraded,4000,,"[""AUCTION""]",cardboardballers,https://i.ebayimg.com/images/g/M40AAeSwNyZqpXcr/s-l225.jpg,15faf94c-4a3b-4f09-a867-f2ded1174419,98ab7334-59cd-47fa-b778-f6526e5e1276,Veluza,Paradox Rift,192,illustration_rare,,,,,,,,,,,,
D5-0045,v1|227511365351|0,https://www.ebay.com/itm/227511365351?_skw=Veluza+192+Paradox+Rift+Pokemon+card&hash=item34f8bbeee7:g:G9MAAeSw4T1qn4WN,Veluza 192/182 Illustration Rare Paradox Rift Pokemon Holo Near Mint,Ungraded,4000,,"[""FIXED_PRICE""]",mccrackengoods,https://i.ebayimg.com/images/g/G9MAAeSw4T1qn4WN/s-l225.jpg,15faf94c-4a3b-4f09-a867-f2ded1174419,98ab7334-59cd-47fa-b778-f6526e5e1276,Veluza,Paradox Rift,192,illustration_rare,,,,,,,,,,,,
D5-0046,v1|278340759973|0,https://www.ebay.com/itm/278340759973?_skw=Veluza+192+Paradox+Rift+Pokemon+card&hash=item40ce66f1a5:g:qqgAAeSw2ZtqmgvY,Pokemon SV04: Paradox Rift #192/182 Holo Veluza,Ungraded,4000,,"[""FIXED_PRICE"", ""BEST_OFFER""]",drettistrikes,https://i.ebayimg.com/images/g/qqgAAeSw2ZtqmgvY/s-l225.jpg,15faf94c-4a3b-4f09-a867-f2ded1174419,98ab7334-59cd-47fa-b778-f6526e5e1276,Veluza,Paradox Rift,192,illustration_rare,,,,,,,,,,,,
D5-0047,v1|227503240892|0,https://www.ebay.com/itm/227503240892?_skw=Veluza+192+Paradox+Rift+Pokemon+card&hash=item34f83ff6bc:g:xAUAAeSwaONqmMpB,Veluza Holo Illustration Rare SV04: Paradox Rift 192/182 NM Pokemon Card TCG,Ungraded,4000,,"[""FIXED_PRICE""]",jlosworldshop,https://i.ebayimg.com/images/g/xAUAAeSwaONqmMpB/s-l225.jpg,15faf94c-4a3b-4f09-a867-f2ded1174419,98ab7334-59cd-47fa-b778-f6526e5e1276,Veluza,Paradox Rift,192,illustration_rare,,,,,,,,,,,,
D5-0048,v1|397458273786|665851906457,https://www.ebay.com/itm/397458273786?_skw=Oshawott+105+White+Flare+Pokemon+card&var=665851906457&hash=item5c8a5bf5fa:g:q08AAeSwG2ppWO16,POKEMON TCG EXTENDED CONNECTED ART ACRYLIC CASE PSA CARD OSHAWOTT SAMUROTT L28,Ungraded,4000,,"[""FIXED_PRICE""]",photocardtoday,https://i.ebayimg.com/images/g/q08AAeSwG2ppWO16/s-l225.jpg,209f02db-d953-4dde-bbd6-0822671fe1d1,eb38e2d2-2e6a-41e2-939d-335c8a5e50d1,Oshawott,White Flare,105,illustration_rare,,,,,,,,,,,,
D5-0049,v1|257581090669|0,https://www.ebay.com/itm/257581090669?_skw=Oshawott+105+White+Flare+Pokemon+card&hash=item3bf907876d:g:rjAAAeSwIwJqOXCl,2025 POKEMON WHT EN-WHITE FLARE ILLUSTRATION RARE #105 OSHAWOTT PSA 10,Graded,2750,,"[""FIXED_PRICE"", ""BEST_OFFER""]",brandomonium,https://i.ebayimg.com/images/g/rjAAAeSwIwJqOXCl/s-l225.jpg,209f02db-d953-4dde-bbd6-0822671fe1d1,eb38e2d2-2e6a-41e2-939d-335c8a5e50d1,Oshawott,White Flare,105,illustration_rare,,,,,,,,,,,,
D5-0050,v1|318864014086|0,https://www.ebay.com/itm/318864014086?_skw=Oshawott+105+White+Flare+Pokemon+card&hash=item4a3dc6bb06:g:FwgAAeSwmXNqpjMc,Oshawott 105/086 Sv: White Flare Holo,Ungraded,4000,,"[""FIXED_PRICE""]",cards4vetsrus,https://i.ebayimg.com/images/g/FwgAAeSwmXNqpjMc/s-l225.jpg,209f02db-d953-4dde-bbd6-0822671fe1d1,eb38e2d2-2e6a-41e2-939d-335c8a5e50d1,Oshawott,White Flare,105,illustration_rare,,,,,,,,,,,,
D5-0051,v1|177370142544|0,https://www.ebay.com/itm/177370142544?_skw=Oshawott+105+White+Flare&hash=item294c159750:g:AS4AAeSwbjZpB5AP,Oshawott 105/086 Pokemon Sv: White Flare Extended Art Case,Ungraded,4000,,"[""FIXED_PRICE""]",ironwood-slabs,https://i.ebayimg.com/images/g/AS4AAeSwbjZpB5AP/s-l225.jpg,209f02db-d953-4dde-bbd6-0822671fe1d1,eb38e2d2-2e6a-41e2-939d-335c8a5e50d1,Oshawott,White Flare,105,illustration_rare,,,,,,,,,,,,
D5-0052,v1|318672653103|0,https://www.ebay.com/itm/318672653103?_skw=Oshawott+105+White+Flare+Pokemon+card&hash=item4a325ecb2f:g:OYsAAeSwdbtqcMoP,OSHAWOTT #105 ILLUSTRATION RARE 2025 POKEMON WHT EN WHITE FLARE PSA 8,Graded,2750,,"[""FIXED_PRICE""]",pokecardenjoyer,https://i.ebayimg.com/images/g/OYsAAeSwdbtqcMoP/s-l225.jpg,209f02db-d953-4dde-bbd6-0822671fe1d1,eb38e2d2-2e6a-41e2-939d-335c8a5e50d1,Oshawott,White Flare,105,illustration_rare,,,,,,,,,,,,
D5-0053,v1|398348806540|0,https://www.ebay.com/itm/398348806540?_skw=Oshawott+105+White+Flare+Pokemon+card&hash=item5cbf70698c:g:OWIAAeSwSGdql1DJ,PSA 10 Oshawott 105/086 Illustration Rare Holo Sv: White Flare 2025 EN,Graded,2750,,"[""FIXED_PRICE"", ""BEST_OFFER""]",ripztcg_68,https://i.ebayimg.com/images/g/OWIAAeSwSGdql1DJ/s-l225.jpg,209f02db-d953-4dde-bbd6-0822671fe1d1,eb38e2d2-2e6a-41e2-939d-335c8a5e50d1,Oshawott,White Flare,105,illustration_rare,,,,,,,,,,,,
D5-0054,v1|287524280439|0,https://www.ebay.com/itm/287524280439?_skw=Kyurem+ex+165+Black+Bolt+Pokemon+card&hash=item42f1c85877:g:X6YAAeSwdSZqftE9,Kyurem ex 165/086 NM Black Bolt Special Illustration Rare Pokemon,Ungraded,4000,,"[""FIXED_PRICE"", ""BEST_OFFER""]",daylami88,https://i.ebayimg.com/images/g/X6YAAeSwdSZqftE9/s-l225.jpg,21e9ddc5-2751-4886-9e08-a1c6e2cc14e4,53abbd65-a601-4185-b08c-3721e963fa3d,Kyurem ex,Black Bolt,165,special_illustration_rare,,,,,,,,,,,,
D5-0055,v1|306994139603|0,https://www.ebay.com/itm/306994139603?_skw=Kyurem+ex+165+Black+Bolt+Pokemon+card&hash=item477a46d1d3:g:BYQAAeSwp51qKXFi,Full-art 2025 Kyurem EX 165/086 Black Bolt Pokemon Card Single PSA 10 Graded,Graded,2750,,"[""FIXED_PRICE"", ""BEST_OFFER""]",haul_group,https://i.ebayimg.com/images/g/BYQAAeSwp51qKXFi/s-l225.jpg,21e9ddc5-2751-4886-9e08-a1c6e2cc14e4,53abbd65-a601-4185-b08c-3721e963fa3d,Kyurem ex,Black Bolt,165,special_illustration_rare,,,,,,,,,,,,
D5-0056,v1|800172669199|0,https://www.ebay.com/itm/800172669199?_skw=Kyurem+ex+165+Black+Bolt+Pokemon+card&hash=itemba4e01f90f:g:SrkAAeSwHKFqLXwx,Kyurem ex 165/086 - Holo Special Illustration Rare Black Bolt Pokemon Holo NM,Ungraded,4000,,"[""FIXED_PRICE""]",northeastohiotcg,https://i.ebayimg.com/images/g/SrkAAeSwHKFqLXwx/s-l225.jpg,21e9ddc5-2751-4886-9e08-a1c6e2cc14e4,53abbd65-a601-4185-b08c-3721e963fa3d,Kyurem ex,Black Bolt,165,special_illustration_rare,,,,,,,,,,,,
D5-0057,v1|227420041907|0,https://www.ebay.com/itm/227420041907?_skw=Kyurem+ex+165+Black+Bolt+Pokemon+card&hash=item34f34a72b3:g:CucAAeSwH3JqTD5Z,▸ Kyurem ex | SV: Black Bolt | Special Illustration Rare | 165/086 | NM,Ungraded,4000,,"[""FIXED_PRICE"", ""BEST_OFFER""]",startninetcg,https://i.ebayimg.com/images/g/CucAAeSwH3JqTD5Z/s-l225.jpg,21e9ddc5-2751-4886-9e08-a1c6e2cc14e4,53abbd65-a601-4185-b08c-3721e963fa3d,Kyurem ex,Black Bolt,165,special_illustration_rare,,,,,,,,,,,,
D5-0058,v1|267752871476|0,https://www.ebay.com/itm/267752871476?_skw=Kyurem+ex+165+Black+Bolt+Pokemon+card&hash=item3e57509634:g:JSYAAeSwbiNqefFK,Pokemon TCG PSA 10 Kyurem ex 165/086 Sv: Black Bolt SIR Holo English 2025,Graded,2750,,"[""FIXED_PRICE""]",thegeekstore956,https://i.ebayimg.com/images/g/JSYAAeSwbiNqefFK/s-l225.jpg,21e9ddc5-2751-4886-9e08-a1c6e2cc14e4,53abbd65-a601-4185-b08c-3721e963fa3d,Kyurem ex,Black Bolt,165,special_illustration_rare,,,,,,,,,,,,
D5-0059,v1|306981051107|0,https://www.ebay.com/itm/306981051107?_skw=Kyurem+ex+165+Black+Bolt+Pokemon+card&hash=item47797f1ae3:g:ENEAAeSwnVVqIKmi,Kyurem ex - Special Illustration Rare SV: Black Bolt 165/086 NM,Ungraded,4000,,"[""FIXED_PRICE"", ""BEST_OFFER""]",genggoods,https://i.ebayimg.com/images/g/ENEAAeSwnVVqIKmi/s-l225.jpg,21e9ddc5-2751-4886-9e08-a1c6e2cc14e4,53abbd65-a601-4185-b08c-3721e963fa3d,Kyurem ex,Black Bolt,165,special_illustration_rare,,,,,,,,,,,,
D5-0060,v1|318620776946|0,https://www.ebay.com/itm/318620776946?_skw=Pachirisu+138+Paldean+Fates+Pokemon+card&hash=item4a2f4739f2:g:VDEAAeSwRXVqYQ8Q,Pachirisu 138/091 Shiny Rare Paldean Fates Pokemon Holo Near Mint,Ungraded,4000,,"[""FIXED_PRICE""]",myth_maker_96,https://i.ebayimg.com/images/g/VDEAAeSwRXVqYQ8Q/s-l225.jpg,23d6bd35-bbf0-49b2-911e-4949e66ff8bb,9326d67b-4017-4430-ac3c-bae6eb088be7,Pachirisu,Paldean Fates,138,shiny_rare,,,,,,,,,,,,
D5-0061,v1|366575900015|0,https://www.ebay.com/itm/366575900015?_skw=Pachirisu+138+Paldean+Fates+Pokemon+card&hash=item5559a0556f:g:nOIAAeSwHg9qbDAm,Pokemon TCG Pachirisu 138/091 SV Paldean Fates Shiny Rare Holo Eng,Ungraded,4000,,"[""FIXED_PRICE"", ""BEST_OFFER""]",mic-584902,https://i.ebayimg.com/images/g/nOIAAeSwHg9qbDAm/s-l225.jpg,23d6bd35-bbf0-49b2-911e-4949e66ff8bb,9326d67b-4017-4430-ac3c-bae6eb088be7,Pachirisu,Paldean Fates,138,shiny_rare,,,,,,,,,,,,
D5-0062,v1|377460433308|0,https://www.ebay.com/itm/377460433308?_skw=Pachirisu+138+Paldean+Fates&hash=item57e265219c:g:TlMAAeSwhPJqlasT,Pachirisu [PAF - 138/091],Ungraded,4000,,"[""FIXED_PRICE""]",wolfdentcggaming,https://i.ebayimg.com/images/g/TlMAAeSwhPJqlasT/s-l225.jpg,23d6bd35-bbf0-49b2-911e-4949e66ff8bb,9326d67b-4017-4430-ac3c-bae6eb088be7,Pachirisu,Paldean Fates,138,shiny_rare,,,,,,,,,,,,
D5-0063,v1|377359917523|0,https://www.ebay.com/itm/377359917523?_skw=Pachirisu+138+Paldean+Fates+Pokemon+card&hash=item57dc6761d3:g:SXcAAeSwt4FqX8Xt,Pachirisu 138/091 Shiny Rare Paldean Fates Pokemon Holo Near Mint,Ungraded,4000,,"[""FIXED_PRICE""]",raredexcards,https://i.ebayimg.com/images/g/SXcAAeSwt4FqX8Xt/s-l225.jpg,23d6bd35-bbf0-49b2-911e-4949e66ff8bb,9326d67b-4017-4430-ac3c-bae6eb088be7,Pachirisu,Paldean Fates,138,shiny_rare,,,,,,,,,,,,
D5-0064,v1|327354799109|0,https://www.ebay.com/itm/327354799109?_skw=Pachirisu+138+Paldean+Fates+Pokemon+card&hash=item4c37ddd405:g:PQQAAeSwn35qpVAL,Pachirisu Holo Shiny Rare SV: Paldean Fates 138/091 NM,Ungraded,4000,,"[""FIXED_PRICE""]",kamboslice23,https://i.ebayimg.com/images/g/PQQAAeSwn35qpVAL/s-l225.jpg,23d6bd35-bbf0-49b2-911e-4949e66ff8bb,9326d67b-4017-4430-ac3c-bae6eb088be7,Pachirisu,Paldean Fates,138,shiny_rare,,,,,,,,,,,,
D5-0065,v1|257658174485|0,https://www.ebay.com/itm/257658174485?_skw=Pachirisu+138+Paldean+Fates&hash=item3bfd9fbc15:g:bcUAAeSwzY5qcCY-,Pachirisu 138/091 Holofoil SV: Paldean Fates Shiny Rare Pokemon TCG,Ungraded,4000,,"[""FIXED_PRICE""]",tkpokedeals,https://i.ebayimg.com/images/g/bcUAAeSwzY5qcCY-/s-l225.jpg,23d6bd35-bbf0-49b2-911e-4949e66ff8bb,9326d67b-4017-4430-ac3c-bae6eb088be7,Pachirisu,Paldean Fates,138,shiny_rare,,,,,,,,,,,,
D5-0066,v1|188576774967|0,https://www.ebay.com/itm/188576774967?_skw=Emboar+98+White+Flare+Pokemon+card&hash=item2be80d3b37:g:M0QAAeSwBUpqQ5PI,Emboar 013/086 Holo White Flare R Holo NM/M Pokemon,Ungraded,4000,,"[""FIXED_PRICE""]",phatpackztcg,https://i.ebayimg.com/images/g/M0QAAeSwBUpqQ5PI/s-l225.jpg,24f40ecd-605f-4d62-b748-afed33706583,bd1bb49f-f0e6-4441-a2cd-648e3ccf4a4c,Emboar,White Flare,98,illustration_rare,,,,,,,,,,,,
D5-0067,v1|377493488910|0,https://www.ebay.com/itm/377493488910?_skw=Emboar+98+White+Flare+Pokemon+card&hash=item57e45d850e:g:x4wAAeSwfEZqpzoA,Emboar 013/086 Holo Rare White Flare Pokemon Near Mint,Ungraded,4000,,"[""FIXED_PRICE""]",prizepicktcg,https://i.ebayimg.com/images/g/x4wAAeSwfEZqpzoA/s-l225.jpg,24f40ecd-605f-4d62-b748-afed33706583,bd1bb49f-f0e6-4441-a2cd-648e3ccf4a4c,Emboar,White Flare,98,illustration_rare,,,,,,,,,,,,
D5-0068,v1|358906372154|0,https://www.ebay.com/itm/358906372154?_skw=Emboar+98+White+Flare+Pokemon+card&hash=item53907ca03a:g:4hwAAeSwj-VqeTZR,Emboar 013/086 - Holo White Flare - Rare NM,Ungraded,4000,,"[""FIXED_PRICE""]",jrscardco,https://i.ebayimg.com/images/g/4hwAAeSwj-VqeTZR/s-l225.jpg,24f40ecd-605f-4d62-b748-afed33706583,bd1bb49f-f0e6-4441-a2cd-648e3ccf4a4c,Emboar,White Flare,98,illustration_rare,,,,,,,,,,,,
D5-0069,v1|366652984170|0,https://www.ebay.com/itm/366652984170?_skw=Emboar+98+White+Flare+Pokemon+card&hash=item555e388b6a:g:-YAAAeSwRZlp-AjL,Emboar 13/86 White Flare  Holo NM pokemon card,Ungraded,4000,,"[""FIXED_PRICE"", ""BEST_OFFER""]",jnorthdeals,https://i.ebayimg.com/images/g/-YAAAeSwRZlp-AjL/s-l225.jpg,24f40ecd-605f-4d62-b748-afed33706583,bd1bb49f-f0e6-4441-a2cd-648e3ccf4a4c,Emboar,White Flare,98,illustration_rare,,,,,,,,,,,,
D5-0070,v1|800652960602|0,https://www.ebay.com/itm/800652960602?_skw=Emboar+98+White+Flare+Pokemon+card&hash=itemba6aa2a35a:g:l7MAAeSw4lxqpgn7,Emboar Holo Rare SV: White Flare 013/086 NM ((Pokemon)),Ungraded,4000,,"[""FIXED_PRICE"", ""BEST_OFFER""]",janda_tcg,https://i.ebayimg.com/images/g/l7MAAeSw4lxqpgn7/s-l225.jpg,24f40ecd-605f-4d62-b748-afed33706583,bd1bb49f-f0e6-4441-a2cd-648e3ccf4a4c,Emboar,White Flare,98,illustration_rare,,,,,,,,,,,,
D5-0071,v1|206533707318|0,https://www.ebay.com/itm/206533707318?_skw=Emboar+98+White+Flare+Pokemon+card&hash=item30165e4636:g:VOwAAeSw6wpqZTOh,Emboar 013/086 Holo Rare White Flare Pokemon Near Mint,Ungraded,4000,,"[""FIXED_PRICE"", ""BEST_OFFER""]",crypt1kards,https://i.ebayimg.com/images/g/VOwAAeSw6wpqZTOh/s-l225.jpg,24f40ecd-605f-4d62-b748-afed33706583,bd1bb49f-f0e6-4441-a2cd-648e3ccf4a4c,Emboar,White Flare,98,illustration_rare,,,,,,,,,,,,
D5-0072,v1|358698402981|0,https://www.ebay.com/itm/358698402981?_skw=Clemont%27s+Quick+Wit+243+Surging+Sparks+Pokemon+card&hash=item53841744a5:g:Td4AAeSwlhpqNQQ5,Clemont's Quick Wit 243/191 Special Illustration Rare Pokemon: Surging Sparks NM,Ungraded,4000,,"[""FIXED_PRICE"", ""BEST_OFFER""]",manatap_games,https://i.ebayimg.com/images/g/Td4AAeSwlhpqNQQ5/s-l225.jpg,25638dbd-2434-4a4f-ba0d-dcf3e3e114ca,b3f17a3e-c2cb-447e-8873-c5970a4372c9,Clemont's Quick Wit,Surging Sparks,243,special_illustration_rare,,,,,,,,,,,,
D5-0073,v1|336748855935|0,https://www.ebay.com/itm/336748855935?_skw=Clemont%27s+Quick+Wit+243+Surging+Sparks+Pokemon+card&hash=item4e67cbc27f:g:b3sAAeSwMwFqdL93,Pokemon Clemont's Quick Wit 243/191 Surging Sparks Pokemon Holo NM,Ungraded,4000,,"[""FIXED_PRICE"", ""BEST_OFFER""]",theparadisecards,https://i.ebayimg.com/images/g/b3sAAeSwMwFqdL93/s-l225.jpg,25638dbd-2434-4a4f-ba0d-dcf3e3e114ca,b3f17a3e-c2cb-447e-8873-c5970a4372c9,Clemont's Quick Wit,Surging Sparks,243,special_illustration_rare,,,,,,,,,,,,
D5-0074,v1|307167843446|0,https://www.ebay.com/itm/307167843446?_skw=Clemont%27s+Quick+Wit+243+Surging+Sparks+Pokemon+card&hash=item4784a15476:g:HJ4AAeSw4jlqnxxa,SV08: Surging Sparks #243/191 Clemont's Quick Wit,Ungraded,4000,,"[""FIXED_PRICE""]",cjlowkeylucky,https://i.ebayimg.com/images/g/HJ4AAeSw4jlqnxxa/s-l225.jpg,25638dbd-2434-4a4f-ba0d-dcf3e3e114ca,b3f17a3e-c2cb-447e-8873-c5970a4372c9,Clemont's Quick Wit,Surging Sparks,243,special_illustration_rare,,,,,,,,,,,,
D5-0075,v1|327307494345|0,https://www.ebay.com/itm/327307494345?_skw=Clemont%27s+Quick+Wit+243+Surging+Sparks+Pokemon+card&hash=item4c350c03c9:g:h38AAeSwPoZqfMQt,Clemonts Quick Wit 243/191 Nm English Special Illustration Rare Surging Sparks,Ungraded,4000,,"[""FIXED_PRICE"", ""BEST_OFFER""]",elaine_027,https://i.ebayimg.com/images/g/h38AAeSwPoZqfMQt/s-l225.jpg,25638dbd-2434-4a4f-ba0d-dcf3e3e114ca,b3f17a3e-c2cb-447e-8873-c5970a4372c9,Clemont's Quick Wit,Surging Sparks,243,special_illustration_rare,,,,,,,,,,,,
D5-0076,v1|336512338507|0,https://www.ebay.com/itm/336512338507?_skw=Clemont%27s+Quick+Wit+243+Surging+Sparks+Pokemon+card&hash=item4e59b2ca4b:g:240AAeSwyXRpzOJK,Clemont's Quick Wit Special Illustration Rare SV08: Surging Sparks 243/191 NM,Ungraded,4000,,"[""FIXED_PRICE""]",ig_tripleztcg,https://i.ebayimg.com/images/g/240AAeSwyXRpzOJK/s-l225.jpg,25638dbd-2434-4a4f-ba0d-dcf3e3e114ca,b3f17a3e-c2cb-447e-8873-c5970a4372c9,Clemont's Quick Wit,Surging Sparks,243,special_illustration_rare,,,,,,,,,,,,
D5-0077,v1|237048000357|0,https://www.ebay.com/itm/237048000357?_skw=Clemont%27s+Quick+Wit+243+Surging+Sparks+Pokemon+card&hash=item3731296f65:g:F-oAAeSw~gJqmkM0,CLEMONT'S QUICK WIT 243/191 SURGING SPARKS POKEMON HOLO NM,Ungraded,4000,,"[""FIXED_PRICE""]",groundedtcg,https://i.ebayimg.com/images/g/F-oAAeSw~gJqmkM0/s-l225.jpg,25638dbd-2434-4a4f-ba0d-dcf3e3e114ca,b3f17a3e-c2cb-447e-8873-c5970a4372c9,Clemont's Quick Wit,Surging Sparks,243,special_illustration_rare,,,,,,,,,,,,
D5-0078,v1|226792775793|525945653584,https://www.ebay.com/itm/226792775793?_skw=Grubbin+18+Temporal+Forces&hash=item34cde72071:g:H-QAAOSwU8FoPk9F,Pokemon Temporal Forces Regular Holofoil Reverse Complete Your Set YOU PICK,Ungraded,4000,,"[""FIXED_PRICE""]",rauchbricks,https://i.ebayimg.com/images/g/H-QAAOSwU8FoPk9F/s-l225.jpg,2a67a99c-dbba-4c41-846c-39ed4659c916,dfda2049-d87b-4be0-ad51-dcc005688d93,Grubbin,Temporal Forces,18,common,,,,,,,,,,,,
D5-0079,v1|355571131678|624702143061,https://www.ebay.com/itm/355571131678?_skw=Grubbin+18+Temporal+Forces&hash=item52c9b0e51e:g:hcUAAOSwHLRl~uxB,POKEMON TCG TEMPORAL FORCES NON HOLO YOU PICK #1 - #162 ****FREE SHIPPING****,Ungraded,4000,,"[""FIXED_PRICE""]",cards.are.my.thang,https://i.ebayimg.com/images/g/hcUAAOSwHLRl~uxB/s-l225.jpg,2a67a99c-dbba-4c41-846c-39ed4659c916,dfda2049-d87b-4be0-ad51-dcc005688d93,Grubbin,Temporal Forces,18,common,,,,,,,,,,,,
D5-0080,v1|404898494185|0,https://www.ebay.com/itm/404898494185?_skw=Grubbin+18+Temporal+Forces&hash=item5e45d4b6e9:g:fm0AAOSwUdlmDAMW,Pokemon Grubbin (18/224) Temporal Forces NM,Ungraded,4000,,"[""FIXED_PRICE""]",ninetyfive,https://i.ebayimg.com/images/g/fm0AAOSwUdlmDAMW/s-l225.jpg,2a67a99c-dbba-4c41-846c-39ed4659c916,dfda2049-d87b-4be0-ad51-dcc005688d93,Grubbin,Temporal Forces,18,common,,,,,,,,,,,,
D5-0081,v1|376183260684|644911866699,https://www.ebay.com/itm/376183260684?_skw=Grubbin+18+Temporal+Forces+Pokemon+card&hash=item579645060c:g:2eoAAOSwI25oOMaI,Pokemon Temporal Forces Holos & Reverse Holos Choose Your Card! LP/NM,Ungraded,4000,,"[""FIXED_PRICE""]",embercards,https://i.ebayimg.com/images/g/2eoAAOSwI25oOMaI/s-l225.jpg,2a67a99c-dbba-4c41-846c-39ed4659c916,dfda2049-d87b-4be0-ad51-dcc005688d93,Grubbin,Temporal Forces,18,common,,,,,,,,,,,,
D5-0082,v1|257717383378|0,https://www.ebay.com/itm/257717383378?_skw=Grubbin+18+Temporal+Forces+Pokemon+card&hash=item3c012730d2:g:55AAAeSwC3Jom~6G,2024 Pokemon Card Temporal Forces Grubbin 18/162,Ungraded,4000,,"[""FIXED_PRICE"", ""BEST_OFFER""]",kylbelflowe-0,https://i.ebayimg.com/images/g/55AAAeSwC3Jom~6G/s-l225.jpg,2a67a99c-dbba-4c41-846c-39ed4659c916,dfda2049-d87b-4be0-ad51-dcc005688d93,Grubbin,Temporal Forces,18,common,,,,,,,,,,,,
D5-0083,v1|178493819121|477821832610,https://www.ebay.com/itm/178493819121?_skw=Grubbin+18+Temporal+Forces+Pokemon+card&hash=item298f0f88f1:g:tOwAAeSw8nNpihvj,"Pokemon TCG: S&V: Temporal Forces - Pick Your Card! Holo, Reverse, ex, ACE!",Ungraded,4000,,"[""FIXED_PRICE""]",sleepyboytcg,https://i.ebayimg.com/images/g/tOwAAeSw8nNpihvj/s-l225.jpg,2a67a99c-dbba-4c41-846c-39ed4659c916,dfda2049-d87b-4be0-ad51-dcc005688d93,Grubbin,Temporal Forces,18,common,,,,,,,,,,,,
D5-0084,v1|287047424907|589096672498,https://www.ebay.com/itm/287047424907?_skw=Dhelmise+18+Mega+Evolution+Pokemon+card&hash=item42d55c1b8b:g:dDQAAeSwwJxpVxBS,POKEMON - MEGA EVOLUTION - COMMON/UNCOMMON/HOLO RARES - UP TO 50% DISCOUNT,Ungraded,4000,,"[""FIXED_PRICE""]",godwin_hawkins,https://i.ebayimg.com/images/g/dDQAAeSwwJxpVxBS/s-l225.jpg,2bf67447-75e1-4e97-ac08-c7f3e7f2c88c,ea7d59b7-a934-43b2-a230-9520fb6e6048,Dhelmise,Mega Evolution,18,common,,,,,,,,,,,,
D5-0085,v1|257678600545|0,https://www.ebay.com/itm/257678600545?_skw=Dhelmise+18+Mega+Evolution&hash=item3bfed76961:g:yY4AAeSwcflqfh98,Dhelmise 18/132 Common Mega Evolution Pokemon,Ungraded,4000,,"[""FIXED_PRICE""]",prism_tcg,https://i.ebayimg.com/images/g/yY4AAeSwcflqfh98/s-l225.jpg,2bf67447-75e1-4e97-ac08-c7f3e7f2c88c,ea7d59b7-a934-43b2-a230-9520fb6e6048,Dhelmise,Mega Evolution,18,common,,,,,,,,,,,,
D5-0086,v1|147143448097|0,https://www.ebay.com/itm/147143448097?_skw=Dhelmise+18+Mega+Evolution&hash=item22426ed621:g:HoEAAeSwbdppiIkD,Pokemon Dhelmise (18/197) Mega Evolution LP REVERSE HOLO,Ungraded,4000,,"[""FIXED_PRICE""]",ninetyfive,https://i.ebayimg.com/images/g/HoEAAeSwbdppiIkD/s-l225.jpg,2bf67447-75e1-4e97-ac08-c7f3e7f2c88c,ea7d59b7-a934-43b2-a230-9520fb6e6048,Dhelmise,Mega Evolution,18,common,,,,,,,,,,,,
D5-0087,v1|327100515278|0,https://www.ebay.com/itm/327100515278?_skw=Dhelmise+18+Mega+Evolution+Pokemon+card&hash=item4c28b5c3ce:g:QycAAeSwVNVp3G8z,146PK018 - Dhelmise- 18/132 - Mega Evolution (MEG) - Common,Ungraded,4000,,"[""FIXED_PRICE""]",eta_1964,https://i.ebayimg.com/images/g/QycAAeSwVNVp3G8z/s-l225.jpg,2bf67447-75e1-4e97-ac08-c7f3e7f2c88c,ea7d59b7-a934-43b2-a230-9520fb6e6048,Dhelmise,Mega Evolution,18,common,,,,,,,,,,,,
D5-0088,v1|227377775703|526576739484,https://www.ebay.com/itm/227377775703?_skw=Dhelmise+18+Mega+Evolution+Pokemon+card&hash=item34f0c58457:g:iqsAAeSwhadqJimi,Pokémon Mega Evolution: Pick Your Card – Reverse Holo/Holo/ex - NM TCG,Ungraded,4000,,"[""FIXED_PRICE""]",mrmdeals817,https://i.ebayimg.com/images/g/iqsAAeSwhadqJimi/s-l225.jpg,2bf67447-75e1-4e97-ac08-c7f3e7f2c88c,ea7d59b7-a934-43b2-a230-9520fb6e6048,Dhelmise,Mega Evolution,18,common,,,,,,,,,,,,
D5-0089,v1|318500501354|616886861317,https://www.ebay.com/itm/318500501354?_skw=Dhelmise+18+Mega+Evolution+Pokemon+card&hash=item4a281bf76a:g:jf4AAeSwBpdqPHG3,Mega Evolution (Holo/Reverse Holo) pick your card! Complete your set! - Pokemon,Ungraded,4000,,"[""FIXED_PRICE""]",cheem33,https://i.ebayimg.com/images/g/jf4AAeSwBpdqPHG3/s-l225.jpg,2bf67447-75e1-4e97-ac08-c7f3e7f2c88c,ea7d59b7-a934-43b2-a230-9520fb6e6048,Dhelmise,Mega Evolution,18,common,,,,,,,,,,,,
D5-0090,v1|407200416741|0,https://www.ebay.com/itm/407200416741?_skw=Pikachu+ex+277+Ascended+Heroes+Pokemon+card&hash=item5ecf0943e5:g:W5YAAeSwPEtqn1zz,2026 POKEMON ASC EN-ASCENDED HEROES SPECIAL ILLUSTRATION RARE PIKACHU EX PSA 10,Graded,2750,,"[""FIXED_PRICE"", ""BEST_OFFER""]",sokobag,https://i.ebayimg.com/images/g/W5YAAeSwPEtqn1zz/s-l225.jpg,2c445258-b198-43de-b710-0921ebe3f0ab,4411dcaa-280b-4355-bc49-f27c3f6580f2,Pikachu ex,Ascended Heroes,277,special_illustration_rare,,,,,,,,,,,,
D5-0091,v1|820119636495|0,https://www.ebay.com/itm/820119636495?_skw=Pikachu+ex+277+Ascended+Heroes+Pokemon+card&hash=itembef2f08a0f:g:AYQAAeSwkUhqpdDC,Pikachu ex 277/217 Hyper Rare Tera Full Art Pokemon Card NM ascended heroes,Ungraded,4000,,"[""FIXED_PRICE"", ""BEST_OFFER""]",koch_6891,https://i.ebayimg.com/images/g/AYQAAeSwkUhqpdDC/s-l225.jpg,2c445258-b198-43de-b710-0921ebe3f0ab,4411dcaa-280b-4355-bc49-f27c3f6580f2,Pikachu ex,Ascended Heroes,277,special_illustration_rare,,,,,,,,,,,,
D5-0092,v1|298650997170|0,https://www.ebay.com/itm/298650997170?_skw=Pikachu+ex+277+Ascended+Heroes&hash=item4588fc91b2:g:4roAAeSw4QFqnY03,Pokémon Pikachu ex 277/217 Me: Ascended Heroes SIR Holo PSA 9 English,Graded,2750,,"[""FIXED_PRICE"", ""BEST_OFFER""]",duecethomas2009,https://i.ebayimg.com/images/g/4roAAeSw4QFqnY03/s-l225.jpg,2c445258-b198-43de-b710-0921ebe3f0ab,4411dcaa-280b-4355-bc49-f27c3f6580f2,Pikachu ex,Ascended Heroes,277,special_illustration_rare,,,,,,,,,,,,
D5-0093,v1|227504656721|0,https://www.ebay.com/itm/227504656721?_skw=Pikachu+ex+277+Ascended+Heroes+Pokemon+card&hash=item34f8559151:g:mGcAAeSw72hqme6s,PSA 10 Pikachu ex 277/217 Ascended Heroes Special Illustration Rare Pokemon Card,Graded,2750,,"[""FIXED_PRICE""]",legends_lugia,https://i.ebayimg.com/images/g/mGcAAeSw72hqme6s/s-l225.jpg,2c445258-b198-43de-b710-0921ebe3f0ab,4411dcaa-280b-4355-bc49-f27c3f6580f2,Pikachu ex,Ascended Heroes,277,special_illustration_rare,,,,,,,,,,,,
D5-0094,v1|407204937198|0,https://www.ebay.com/itm/407204937198?_skw=Pikachu+ex+277+Ascended+Heroes+Pokemon+card&hash=item5ecf4e3dee:g:G~gAAeSwyYNqoZxO,Pokémon TCG Pikachu Ex 277/217 Ascended Heroes EN Basic SIR Holo HP200 NM,Ungraded,4000,,"[""FIXED_PRICE""]",vaultandgrail,https://i.ebayimg.com/images/g/G~gAAeSwyYNqoZxO/s-l225.jpg,2c445258-b198-43de-b710-0921ebe3f0ab,4411dcaa-280b-4355-bc49-f27c3f6580f2,Pikachu ex,Ascended Heroes,277,special_illustration_rare,,,,,,,,,,,,
D5-0095,v1|398386572104|0,https://www.ebay.com/itm/398386572104?_skw=Pikachu+ex+277+Ascended+Heroes&hash=item5cc1b0ab48:g:ZLwAAeSwR7VqpO95,The Pokémon Company Pikachu ex 277/217 Me: Ascended Heroes SIR Holo EN PSA 9,Graded,2750,,"[""FIXED_PRICE"", ""BEST_OFFER""]",slimp_56,https://i.ebayimg.com/images/g/ZLwAAeSwR7VqpO95/s-l225.jpg,2c445258-b198-43de-b710-0921ebe3f0ab,4411dcaa-280b-4355-bc49-f27c3f6580f2,Pikachu ex,Ascended Heroes,277,special_illustration_rare,,,,,,,,,,,,
D5-0096,v1|820048167878|0,https://www.ebay.com/itm/820048167878?_skw=Reshiram+ex+166+White+Flare+Pokemon+card&hash=itembeeeae03c6:g:zGIAAeSw0Bpqjk66,Reshiram ex 166/086 Holo Special Illustration Rare White Flare Pokemon NM,Ungraded,4000,,"[""FIXED_PRICE""]",nextgencollect,https://i.ebayimg.com/images/g/zGIAAeSw0Bpqjk66/s-l225.jpg,2cef0dfb-a5fd-4aed-b8ae-34a82f414587,3d276bff-a869-4634-840f-d5eb4f33aa1d,Reshiram ex,White Flare,166,special_illustration_rare,,,,,,,,,,,,
D5-0097,v1|398272339936|0,https://www.ebay.com/itm/398272339936?_skw=Reshiram+ex+166+White+Flare+Pokemon+card&hash=item5cbae19fe0:g:R5YAAeSwfwBqeotN,2025 POKEMON WHT EN-WHITE FLARE SPECIAL ILLUSTRATION RARE #166 RESHIRAM EX PSA 8,Graded,2750,,"[""FIXED_PRICE"", ""BEST_OFFER""]",heetaisells,https://i.ebayimg.com/images/g/R5YAAeSwfwBqeotN/s-l225.jpg,2cef0dfb-a5fd-4aed-b8ae-34a82f414587,3d276bff-a869-4634-840f-d5eb4f33aa1d,Reshiram ex,White Flare,166,special_illustration_rare,,,,,,,,,,,,
D5-0098,v1|147570987578|0,https://www.ebay.com/itm/147570987578?_skw=Reshiram+ex+166+White+Flare+Pokemon+card&hash=item225bea923a:g:3IsAAeSw4ZdqpwUF,Reshiram ex 166/086 SV: White Flare Special Illustration Rare (SIR) NM,Ungraded,4000,,"[""FIXED_PRICE""]",flygonfinds,https://i.ebayimg.com/images/g/3IsAAeSw4ZdqpwUF/s-l225.jpg,2cef0dfb-a5fd-4aed-b8ae-34a82f414587,3d276bff-a869-4634-840f-d5eb4f33aa1d,Reshiram ex,White Flare,166,special_illustration_rare,,,,,,,,,,,,
D5-0099,v1|287442740286|0,https://www.ebay.com/itm/287442740286?_skw=Reshiram+ex+166+White+Flare+Pokemon+card&hash=item42ecec243e:g:vJsAAeSwYoFqTCra,Pokémon TCG White Flare: Reshiram EX Card 166/086 Sir Near Mint Condition,Ungraded,4000,,"[""FIXED_PRICE"", ""BEST_OFFER""]",cathdelos_0,https://i.ebayimg.com/images/g/vJsAAeSwYoFqTCra/s-l225.jpg,2cef0dfb-a5fd-4aed-b8ae-34a82f414587,3d276bff-a869-4634-840f-d5eb4f33aa1d,Reshiram ex,White Flare,166,special_illustration_rare,,,,,,,,,,,,
D5-0100,v1|327307297098|0,https://www.ebay.com/itm/327307297098?_skw=Reshiram+ex+166+White+Flare+Pokemon+card&hash=item4c3509014a:g:TOoAAeSwsZdqfN6m,CGC PRISTINE 10 Reshiram EX 166/086 SIR White Flare Pokemon Card,Graded,2750,,"[""FIXED_PRICE""]",pspika,https://i.ebayimg.com/images/g/TOoAAeSwsZdqfN6m/s-l225.jpg,2cef0dfb-a5fd-4aed-b8ae-34a82f414587,3d276bff-a869-4634-840f-d5eb4f33aa1d,Reshiram ex,White Flare,166,special_illustration_rare,,,,,,,,,,,,
D5-0101,v1|365917851620|0,https://www.ebay.com/itm/365917851620?_skw=Reshiram+ex+166+White+Flare&hash=item5532674fe4:g:ZQUAAeSwp1ho69tK,Reshiram ex 166/086 Sv: White Flare Holo,Graded,2750,,"[""FIXED_PRICE""]",shiningtcg,https://i.ebayimg.com/images/g/ZQUAAeSwp1ho69tK/s-l225.jpg,2cef0dfb-a5fd-4aed-b8ae-34a82f414587,3d276bff-a869-4634-840f-d5eb4f33aa1d,Reshiram ex,White Flare,166,special_illustration_rare,,,,,,,,,,,,
D5-0102,v1|198580764199|0,https://www.ebay.com/itm/198580764199?_skw=Dachsbun+ex+169+Stellar+Crown&hash=item2e3c55fe27:g:vL8AAeSwislqhPcI,The Pokémon Company Dachsbun ex 169/142 SV07 Stellar Crown SIR Holo EN 250 HP,Ungraded,4000,,"[""FIXED_PRICE"", ""BEST_OFFER""]",vill_8468,https://i.ebayimg.com/images/g/vL8AAeSwislqhPcI/s-l225.jpg,2e5780f8-1769-4d26-9e3e-87e4a27d4dfe,09b7c446-d89f-4a64-b721-bc1293308747,Dachsbun ex,Stellar Crown,169,special_illustration_rare,,,,,,,,,,,,
D5-0103,v1|157648195238|0,https://www.ebay.com/itm/157648195238?_skw=Dachsbun+ex+169+Stellar+Crown+Pokemon+card&hash=item24b4908ea6:g:gDkAAeSwoedpVZvh,Dachsbun EX SIR Stellar Crown 169/142  Pokemon Magnetic 🧲 Extended Art Case,Ungraded,4000,,"[""FIXED_PRICE""]",outback_originals,https://i.ebayimg.com/images/g/gDkAAeSwoedpVZvh/s-l225.jpg,2e5780f8-1769-4d26-9e3e-87e4a27d4dfe,09b7c446-d89f-4a64-b721-bc1293308747,Dachsbun ex,Stellar Crown,169,special_illustration_rare,,,,,,,,,,,,
D5-0104,v1|358502274791|0,https://www.ebay.com/itm/358502274791?_skw=Dachsbun+ex+169+Stellar+Crown+Pokemon+card&hash=item53786696e7:g:Ve4AAeSwVnNp8p04,Dachsbun ex 169/142 Sv07: Stellar Crown Holo,Ungraded,4000,,"[""FIXED_PRICE""]",pokedrew247,https://i.ebayimg.com/images/g/Ve4AAeSwVnNp8p04/s-l225.jpg,2e5780f8-1769-4d26-9e3e-87e4a27d4dfe,09b7c446-d89f-4a64-b721-bc1293308747,Dachsbun ex,Stellar Crown,169,special_illustration_rare,,,,,,,,,,,,
D5-0105,v1|287399858495|0,https://www.ebay.com/itm/287399858495?_skw=Dachsbun+ex+169+Stellar+Crown+Pokemon+card&hash=item42ea5dd13f:g:i8MAAeSwcW9qMgPN,Dachsbun ex Special Illustration Rare 169/142 Stellar Crown,Ungraded,4000,,"[""FIXED_PRICE"", ""BEST_OFFER""]",snorlaxberryfarm,https://i.ebayimg.com/images/g/i8MAAeSwcW9qMgPN/s-l225.jpg,2e5780f8-1769-4d26-9e3e-87e4a27d4dfe,09b7c446-d89f-4a64-b721-bc1293308747,Dachsbun ex,Stellar Crown,169,special_illustration_rare,,,,,,,,,,,,
D5-0106,v1|227421544376|0,https://www.ebay.com/itm/227421544376?_skw=Dachsbun+ex+169+Stellar+Crown+Pokemon+card&hash=item34f3615fb8:g:7Q4AAeSwHFtqTYk3,Dachsbun ex 169/142 Special Illustration Rare Stellar Crown Pokemon Holo NM,Ungraded,4000,,"[""FIXED_PRICE"", ""BEST_OFFER""]",pokeparagon,https://i.ebayimg.com/images/g/7Q4AAeSwHFtqTYk3/s-l225.jpg,2e5780f8-1769-4d26-9e3e-87e4a27d4dfe,09b7c446-d89f-4a64-b721-bc1293308747,Dachsbun ex,Stellar Crown,169,special_illustration_rare,,,,,,,,,,,,
D5-0107,v1|198639012018|0,https://www.ebay.com/itm/198639012018?_skw=Dachsbun+ex+169+Stellar+Crown+Pokemon+card&hash=item2e3fcec8b2:g:tpYAAeSwnJNqpfB-,Dachsbun ex 169/142 Stellar Crown Pokemon TCG Holo Special Illustration,Ungraded,4000,,"[""AUCTION"", ""BEST_OFFER""]",aedostop,https://i.ebayimg.com/images/g/tpYAAeSwnJNqpfB-/s-l225.jpg,2e5780f8-1769-4d26-9e3e-87e4a27d4dfe,09b7c446-d89f-4a64-b721-bc1293308747,Dachsbun ex,Stellar Crown,169,special_illustration_rare,,,,,,,,,,,,
D5-0108,v1|158272250727|0,https://www.ebay.com/itm/158272250727?_skw=Pikachu+ex+276+Ascended+Heroes+Pokemon+card&hash=item24d9c2e367:g:ad8AAeSw5y9qoG6O,Pikachu EX Ascended Heroes 276/217 Special Illustration Rare Pokemon 2026 PSA 10,Graded,2750,,"[""FIXED_PRICE"", ""BEST_OFFER""]",almostanythingopelika,https://i.ebayimg.com/images/g/ad8AAeSw5y9qoG6O/s-l225.jpg,301185dd-2bde-4699-80bd-8b2a3cfd8f7f,af28bc66-9c8b-4dbb-bf83-fa6215bd26f0,Pikachu ex,Ascended Heroes,276,special_illustration_rare,,,,,,,,,,,,
D5-0109,v1|117392518119|0,https://www.ebay.com/itm/117392518119?_skw=Pikachu+ex+276+Ascended+Heroes&hash=item1b5523abe7:g:7acAAeSw2ZtqmJXE,2026 POKEMON ASC EN-ASCENDED HEROES SPECIAL ILLUSTRATION RARE PIKACHU EX PSA 10,Graded,2750,,"[""AUCTION""]",psa,https://i.ebayimg.com/images/g/7acAAeSw2ZtqmJXE/s-l225.jpg,301185dd-2bde-4699-80bd-8b2a3cfd8f7f,af28bc66-9c8b-4dbb-bf83-fa6215bd26f0,Pikachu ex,Ascended Heroes,276,special_illustration_rare,,,,,,,,,,,,
D5-0110,v1|128076595476|0,https://www.ebay.com/itm/128076595476?_skw=Pikachu+ex+276+Ascended+Heroes+Pokemon+card&hash=item1dd1f5c114:g:xmEAAeSwoXNqpgom,Pikachu Ex Ascended Hero’s 276/217,Ungraded,4000,,"[""FIXED_PRICE"", ""BEST_OFFER""]",bretro4903,https://i.ebayimg.com/images/g/xmEAAeSwoXNqpgom/s-l225.jpg,301185dd-2bde-4699-80bd-8b2a3cfd8f7f,af28bc66-9c8b-4dbb-bf83-fa6215bd26f0,Pikachu ex,Ascended Heroes,276,special_illustration_rare,,,,,,,,,,,,
D5-0111,v1|327339279840|0,https://www.ebay.com/itm/327339279840?_skw=Pikachu+ex+276+Ascended+Heroes+Pokemon+card&hash=item4c36f105e0:g:5woAAeSwptdqmNNN,Pokémon TAG 9 Pikachu ex 276/217 Special Illustration Rare Holo Ascended Heroes,Graded,2750,,"[""FIXED_PRICE"", ""BEST_OFFER""]",sunrise_rips,https://i.ebayimg.com/images/g/5woAAeSwptdqmNNN/s-l225.jpg,301185dd-2bde-4699-80bd-8b2a3cfd8f7f,af28bc66-9c8b-4dbb-bf83-fa6215bd26f0,Pikachu ex,Ascended Heroes,276,special_illustration_rare,,,,,,,,,,,,
D5-0112,v1|147471981436|0,https://www.ebay.com/itm/147471981436?_skw=Pikachu+ex+276+Ascended+Heroes+Pokemon+card&hash=item225603db7c:g:QPoAAeSwINxqa2A~,2026 Pokemon Ascended Heroes Pikachu ex 276/217 SIR Holo PSA 9,Graded,2750,,"[""FIXED_PRICE""]",cryfshr,https://i.ebayimg.com/images/g/QPoAAeSwINxqa2A~/s-l225.jpg,301185dd-2bde-4699-80bd-8b2a3cfd8f7f,af28bc66-9c8b-4dbb-bf83-fa6215bd26f0,Pikachu ex,Ascended Heroes,276,special_illustration_rare,,,,,,,,,,,,
D5-0113,v1|128046557511|0,https://www.ebay.com/itm/128046557511?_skw=Pikachu+ex+276+Ascended+Heroes+Pokemon+card&hash=item1dd02b6947:g:A~cAAeSwSytqjF3L,Pikachu ex 276/217 Ascended Heroes SIR Full Art Holo “Treekachu”,Ungraded,4000,,"[""FIXED_PRICE"", ""BEST_OFFER""]",the_dingus_emporium,https://i.ebayimg.com/images/g/A~cAAeSwSytqjF3L/s-l225.jpg,301185dd-2bde-4699-80bd-8b2a3cfd8f7f,af28bc66-9c8b-4dbb-bf83-fa6215bd26f0,Pikachu ex,Ascended Heroes,276,special_illustration_rare,,,,,,,,,,,,
D5-0114,v1|407197299731|0,https://www.ebay.com/itm/407197299731?_skw=Mega+Greninja+ex+122+Chaos+Rising+Pokemon+card&hash=item5eced9b413:g:G3oAAeSwGDJqnZeR,Mega Greninja ex 122/086 Mega Hyper Rare Chaos Rising Pokemon Holo Near Mint,Ungraded,4000,,"[""FIXED_PRICE""]",card.xchange,https://i.ebayimg.com/images/g/G3oAAeSwGDJqnZeR/s-l225.jpg,31566cbb-0eeb-499e-aa6d-b9b0bd85fc8b,fc81462a-2c3e-4b7a-a7be-ad7f88d98ace,Mega Greninja ex,Chaos Rising,122,mega_hyper_rare,,,,,,,,,,,,
D5-0115,v1|237054651694|0,https://www.ebay.com/itm/237054651694?_skw=Mega+Greninja+ex+122+Chaos+Rising+Pokemon+card&hash=item37318eed2e:g:JIYAAeSwMk1qk51L,Mega Greninja EX 122/086 Full Art Holo Ultra Rare EX Chaos Rising,Ungraded,4000,,"[""AUCTION""]",rivervalleytcg,https://i.ebayimg.com/images/g/JIYAAeSwMk1qk51L/s-l225.jpg,31566cbb-0eeb-499e-aa6d-b9b0bd85fc8b,fc81462a-2c3e-4b7a-a7be-ad7f88d98ace,Mega Greninja ex,Chaos Rising,122,mega_hyper_rare,,,,,,,,,,,,
D5-0116,v1|257737091725|0,https://www.ebay.com/itm/257737091725?_skw=Mega+Greninja+ex+122+Chaos+Rising&hash=item3c0253ea8d:g:ImoAAeSwx9pqpEEE,Mega Greninja ex 122/086 Me04: Chaos Rising Holo,Ungraded,4000,,"[""AUCTION""]",ross_bellm,https://i.ebayimg.com/images/g/ImoAAeSwx9pqpEEE/s-l225.jpg,31566cbb-0eeb-499e-aa6d-b9b0bd85fc8b,fc81462a-2c3e-4b7a-a7be-ad7f88d98ace,Mega Greninja ex,Chaos Rising,122,mega_hyper_rare,,,,,,,,,,,,
D5-0117,v1|366659009673|0,https://www.ebay.com/itm/366659009673?_skw=Mega+Greninja+ex+122+Chaos+Rising+Pokemon+card&hash=item555e947c89:g:~J0AAeSwZxRqobzi,Mega Greninja ex 122/086 Me04: Chaos Rising Holo NM,Ungraded,4000,,"[""FIXED_PRICE""]",magescomicsinc,https://i.ebayimg.com/images/g/~J0AAeSwZxRqobzi/s-l225.jpg,31566cbb-0eeb-499e-aa6d-b9b0bd85fc8b,fc81462a-2c3e-4b7a-a7be-ad7f88d98ace,Mega Greninja ex,Chaos Rising,122,mega_hyper_rare,,,,,,,,,,,,
D5-0118,v1|307126227299|0,https://www.ebay.com/itm/307126227299?_skw=Mega+Greninja+ex+122+Chaos+Rising&hash=item4782265163:g:FCMAAeSwG5pqfwUW,2026 POKEMON CRI EN-CHAOS RISING MEGA HYPER RARE #122 MEGA GRENINJA EX PSA 8,Graded,2750,,"[""FIXED_PRICE"", ""BEST_OFFER""]",psa,https://i.ebayimg.com/images/g/FCMAAeSwG5pqfwUW/s-l225.jpg,31566cbb-0eeb-499e-aa6d-b9b0bd85fc8b,fc81462a-2c3e-4b7a-a7be-ad7f88d98ace,Mega Greninja ex,Chaos Rising,122,mega_hyper_rare,,,,,,,,,,,,
D5-0119,v1|137614490898|0,https://www.ebay.com/itm/137614490898?_skw=Mega+Greninja+ex+122+Chaos+Rising&hash=item200a767d12:g:HqwAAeSwy0VqfPWn,Pokemon Mega Greninja ex Chaos Rising 122/086 Mega Hyper Rare TCG,Ungraded,4000,,"[""FIXED_PRICE"", ""BEST_OFFER""]",scmeely,https://i.ebayimg.com/images/g/HqwAAeSwy0VqfPWn/s-l225.jpg,31566cbb-0eeb-499e-aa6d-b9b0bd85fc8b,fc81462a-2c3e-4b7a-a7be-ad7f88d98ace,Mega Greninja ex,Chaos Rising,122,mega_hyper_rare,,,,,,,,,,,,
D5-0120,v1|227486191318|0,https://www.ebay.com/itm/227486191318?_skw=Charizard+ex+234+Paldean+Fates+Pokemon+card&hash=item34f73bced6:g:~9wAAeSwAnRqiP2f,The Pokemon Company Charizard ex 234/091 SV Paldean Fates SIR Holo PSA,Graded,2750,,"[""FIXED_PRICE"", ""BEST_OFFER""]",miahspokeshop,https://i.ebayimg.com/images/g/~9wAAeSwAnRqiP2f/s-l225.jpg,33dca102-b449-4da6-bfa6-7b72de711596,c2d7a5e7-cfdd-4f37-9748-a2259857c6e3,Charizard ex,Paldean Fates,234,special_illustration_rare,,,,,,,,,,,,
D5-0121,v1|407134935584|0,https://www.ebay.com/itm/407134935584?_skw=Charizard+ex+234+Paldean+Fates+Pokemon+card&hash=item5ecb221a20:g:iaoAAeSw3T9qemLj,Charizard ex Holo Special Illustration Rare SV: Paldean Fates 234/091 NM,Ungraded,4000,,"[""FIXED_PRICE"", ""BEST_OFFER""]",holohustlellc,https://i.ebayimg.com/images/g/iaoAAeSw3T9qemLj/s-l225.jpg,33dca102-b449-4da6-bfa6-7b72de711596,c2d7a5e7-cfdd-4f37-9748-a2259857c6e3,Charizard ex,Paldean Fates,234,special_illustration_rare,,,,,,,,,,,,
D5-0122,v1|366644983198|0,https://www.ebay.com/itm/366644983198?_skw=Charizard+ex+234+Paldean+Fates&hash=item555dbe759e:g:~NkAAeSwU~lqmIUf,Charizard EX 234/091 PSA 9 Paldean Fates Special Illustration Rare Pokemon MINT,Graded,2750,,"[""FIXED_PRICE""]",keyitemscollectibles,https://i.ebayimg.com/images/g/~NkAAeSwU~lqmIUf/s-l225.jpg,33dca102-b449-4da6-bfa6-7b72de711596,c2d7a5e7-cfdd-4f37-9748-a2259857c6e3,Charizard ex,Paldean Fates,234,special_illustration_rare,,,,,,,,,,,,
D5-0123,v1|318774809436|0,https://www.ebay.com/itm/318774809436?_skw=Charizard+ex+234+Paldean+Fates+Pokemon+card&hash=item4a3875935c:g:uwYAAeSwvEZqjN35,Charizard ex Holo Special Illustration Rare SV: Paldean Fates 234/091 NM,Ungraded,4000,,"[""FIXED_PRICE"", ""BEST_OFFER""]",dragonkyu_tcg,https://i.ebayimg.com/images/g/uwYAAeSwvEZqjN35/s-l225.jpg,33dca102-b449-4da6-bfa6-7b72de711596,c2d7a5e7-cfdd-4f37-9748-a2259857c6e3,Charizard ex,Paldean Fates,234,special_illustration_rare,,,,,,,,,,,,
D5-0124,v1|318683200097|0,https://www.ebay.com/itm/318683200097?_skw=Charizard+ex+234+Paldean+Fates+Pokemon+card&hash=item4a32ffba61:g:XxsAAeSw87xqc3kU,2024 Pokemon Paldean Fates Charizard ex #234 CGC 10 GEM MINT,Graded,2750,,"[""FIXED_PRICE"", ""BEST_OFFER""]",wise_mind_tcg,https://i.ebayimg.com/images/g/XxsAAeSw87xqc3kU/s-l225.jpg,33dca102-b449-4da6-bfa6-7b72de711596,c2d7a5e7-cfdd-4f37-9748-a2259857c6e3,Charizard ex,Paldean Fates,234,special_illustration_rare,,,,,,,,,,,,
D5-0125,v1|327343560944|0,https://www.ebay.com/itm/327343560944?_skw=Charizard+ex+234+Paldean+Fates&hash=item4c373258f0:g:ySgAAeSwR8JqnEjp,Pokémon Charizard ex 2024 Paldean Fates 234/091 Special Illustration Rare CGC 10,Graded,2750,,"[""FIXED_PRICE"", ""BEST_OFFER""]",sbmtgcollectables,https://i.ebayimg.com/images/g/ySgAAeSwR8JqnEjp/s-l225.jpg,33dca102-b449-4da6-bfa6-7b72de711596,c2d7a5e7-cfdd-4f37-9748-a2259857c6e3,Charizard ex,Paldean Fates,234,special_illustration_rare,,,,,,,,,,,,
D5-0126,v1|820123071175|0,https://www.ebay.com/itm/820123071175?_skw=Secret+Box+163+Twilight+Masquerade+Pokemon+card&hash=itembef324f2c7:g:ZyMAAeSwjBpqpwY8&amdata=enc%3AAQALAAABEACCtXRWQnOEpyOqnQQ8KGbjSyzy9n%2FRpvUJtQzau6Uw%2FLHoURprODbXwLt46oSZOdXeY12hzb8VqTOfCY25Mg%2BI%2F6aMz0Q9JSZnIuNs4YOp6o18%2FjOsBCij6HxNWBwOTr%2FiL9WB3Z9YeXRupnAb7d2iNV7N3ZwZSQ7XJJwnI%2BZoQI874mOnME1h07vujbA4IeWYXzeuCuYxdiriPS00r6sKlP6yCK2Mix6fKkMtDNIr4k5OjDLLvXIcsLArzGVyL0%2BuBJiVEYT8F6P8PQuT3wIduQAY4Mehy3CuO9TGNF5nZMKK3lM1ln0aj2CiQCz4HjvsR%2FRCgSE7l4MZuM9BfM5rVK6EDVXuLOyE5qfbO%2B2n,Secret Box Holofoil [TWM - 163/167],Ungraded,4000,,"[""FIXED_PRICE""]",tcg_nite,https://i.ebayimg.com/images/g/ZyMAAeSwjBpqpwY8/s-l225.jpg,3755e7ef-e482-4186-8377-e717f80b3759,aa88bdd2-2ebe-4f9b-b53b-ab077c63f98c,Secret Box,Twilight Masquerade,163,ace_spec,,,,,,,,,,,,
D5-0127,v1|227517389434|0,https://www.ebay.com/itm/227517389434?_skw=Secret+Box+163+Twilight+Masquerade+Pokemon+card&hash=item34f917da7a:g:MkUAAeSwvd5qpFQz,Secret Box 163/167 ACE SPEC Rare Twilight Masquerade Pokemon Holo NM,Ungraded,4000,,"[""FIXED_PRICE"", ""BEST_OFFER""]",mewmeadow,https://i.ebayimg.com/images/g/MkUAAeSwvd5qpFQz/s-l225.jpg,3755e7ef-e482-4186-8377-e717f80b3759,aa88bdd2-2ebe-4f9b-b53b-ab077c63f98c,Secret Box,Twilight Masquerade,163,ace_spec,,,,,,,,,,,,
D5-0128,v1|398387488374|0,https://www.ebay.com/itm/398387488374?_skw=Secret+Box+163+Twilight+Masquerade+Pokemon+card&hash=item5cc1bea676:g:E5wAAeSwpwVqpB3-,Secret Box 163/167 Sv06: Twilight Masquerade Holo,Ungraded,4000,,"[""FIXED_PRICE"", ""BEST_OFFER""]",vthouseofcards,https://i.ebayimg.com/images/g/E5wAAeSwpwVqpB3-/s-l225.jpg,3755e7ef-e482-4186-8377-e717f80b3759,aa88bdd2-2ebe-4f9b-b53b-ab077c63f98c,Secret Box,Twilight Masquerade,163,ace_spec,,,,,,,,,,,,
D5-0129,v1|307114489279|0,https://www.ebay.com/itm/307114489279?_skw=Secret+Box+163+Twilight+Masquerade&hash=item47817335bf:g:rbcAAeSwEe9qdz1R,Secret Box A Spec Twilight Masquerade Trainer Item 163/167,Ungraded,4000,,"[""FIXED_PRICE"", ""BEST_OFFER""]",srvblues1975,https://i.ebayimg.com/images/g/rbcAAeSwEe9qdz1R/s-l225.jpg,3755e7ef-e482-4186-8377-e717f80b3759,aa88bdd2-2ebe-4f9b-b53b-ab077c63f98c,Secret Box,Twilight Masquerade,163,ace_spec,,,,,,,,,,,,
D5-0130,v1|178486081504|0,https://www.ebay.com/itm/178486081504?_skw=Secret+Box+163+Twilight+Masquerade+Pokemon+card&hash=item298e9977e0:g:lvsAAeSwDudqoxSy,SV06: Twilight Masquerade #163/167 Secret Box,Ungraded,4000,,"[""FIXED_PRICE""]",houseofhits,https://i.ebayimg.com/images/g/lvsAAeSwDudqoxSy/s-l225.jpg,3755e7ef-e482-4186-8377-e717f80b3759,aa88bdd2-2ebe-4f9b-b53b-ab077c63f98c,Secret Box,Twilight Masquerade,163,ace_spec,,,,,,,,,,,,
D5-0131,v1|307168041296|0,https://www.ebay.com/itm/307168041296?_skw=Secret+Box+163+Twilight+Masquerade+Pokemon+card&hash=item4784a45950:g:ZEcAAeSwnz9qn1JS,SV06: Twilight Masquerade #163/167 Secret Box,Ungraded,4000,,"[""FIXED_PRICE""]",cjlowkeylucky,https://i.ebayimg.com/images/g/ZEcAAeSwnz9qn1JS/s-l225.jpg,3755e7ef-e482-4186-8377-e717f80b3759,aa88bdd2-2ebe-4f9b-b53b-ab077c63f98c,Secret Box,Twilight Masquerade,163,ace_spec,,,,,,,,,,,,
D5-0132,v1|406682353958|0,https://www.ebay.com/itm/406682353958?_skw=Sunflora+169+Twilight+Masquerade+Pokemon+card&hash=item5eb0284126:g:pGAAAeSwmgJpiQhG,Graded Pokemon Card Sunflora 169/167 Sv06: Twilight Masquerade Holo,Graded,2750,,"[""FIXED_PRICE"", ""BEST_OFFER""]",goofy.collectibles,https://i.ebayimg.com/images/g/pGAAAeSwmgJpiQhG/s-l225.jpg,3b5294d0-4738-4296-952e-f32b2788e3c4,10ab9aee-5f8c-4938-aec5-aa4a4314f745,Sunflora,Twilight Masquerade,169,illustration_rare,,,,,,,,,,,,
D5-0133,v1|800277870712|0,https://www.ebay.com/itm/800277870712?_skw=Sunflora+169+Twilight+Masquerade+Pokemon+card&hash=itemba54473878:g:0A8AAeSwAUpqRnrK&amdata=enc%3AAQALAAABEACCtXRWQnOEpyOqnQQ8KGbY9b1m%2BNAGxQtFguTaFp5n4NY8KZE58AhAPI73FfMaADz6Dq5ytqXwE6jMpO92h42OrQWRltE9ZNS%2Bc1h2izWjHKld5Uy9o6gWBV8c01DHjXi1aX4WBwIhRd6V8%2FFHNChbGVQ0pWmto5v7aS1pALB%2FIy5iaYo0HuxYvTja%2F9kgBGRCOLrY9K24X2aPDEmdiSYFx6I9IFyKnge%2BlsjvdStFJ8QFEt4GZEPV5Jyp3mTM8wJguct7zdR6b7b23aX7SOyj5n0NO4yh%2FZCGEvvL%2F2uU0rxiWk%2FP%2FHpp0jPxE5u3HMTvUG0Hf0g%2Bs3tKP0L3YoiyXbb70X%2Bez3Qro07YUwJH,Sunflora Illustration Rare SV06: Twilight Masquerade 169/167 NM,Ungraded,4000,,"[""FIXED_PRICE"", ""BEST_OFFER""]",shortprint_showcase,https://i.ebayimg.com/images/g/0A8AAeSwAUpqRnrK/s-l225.jpg,3b5294d0-4738-4296-952e-f32b2788e3c4,10ab9aee-5f8c-4938-aec5-aa4a4314f745,Sunflora,Twilight Masquerade,169,illustration_rare,,,,,,,,,,,,
D5-0134,v1|198493593158|0,https://www.ebay.com/itm/198493593158?_skw=Sunflora+169+Twilight+Masquerade+Pokemon+card&hash=item2e3723de46:g:69AAAeSwOk1qU9r2,Sunflora Holo 169/167 - Twilight Masquerade NM,Ungraded,4000,,"[""FIXED_PRICE"", ""BEST_OFFER""]",b3_tcg,https://i.ebayimg.com/images/g/69AAAeSwOk1qU9r2/s-l225.jpg,3b5294d0-4738-4296-952e-f32b2788e3c4,10ab9aee-5f8c-4938-aec5-aa4a4314f745,Sunflora,Twilight Masquerade,169,illustration_rare,,,,,,,,,,,,
D5-0135,v1|168468096373|0,https://www.ebay.com/itm/168468096373?_skw=Sunflora+169+Twilight+Masquerade&hash=item27397b2575:g:x-8AAeSwetZqMtuH,Sunflora 169/167 Sv06: Twilight Masquerade Holo,Ungraded,4000,,"[""FIXED_PRICE""]",optimus_vintage,https://i.ebayimg.com/images/g/x-8AAeSwetZqMtuH/s-l225.jpg,3b5294d0-4738-4296-952e-f32b2788e3c4,10ab9aee-5f8c-4938-aec5-aa4a4314f745,Sunflora,Twilight Masquerade,169,illustration_rare,,,,,,,,,,,,
D5-0136,v1|307172962236|0,https://www.ebay.com/itm/307172962236?_skw=Sunflora+169+Twilight+Masquerade&hash=item4784ef6fbc:g:234AAeSw7ztp76UH,Sunflora Illustration Rare Twilight Masquerade 169/167 Mint+ CGC 9.5,Graded,2750,,"[""FIXED_PRICE""]",tarccreations,https://i.ebayimg.com/images/g/234AAeSw7ztp76UH/s-l225.jpg,3b5294d0-4738-4296-952e-f32b2788e3c4,10ab9aee-5f8c-4938-aec5-aa4a4314f745,Sunflora,Twilight Masquerade,169,illustration_rare,,,,,,,,,,,,
D5-0137,v1|366565565314|0,https://www.ebay.com/itm/366565565314?_skw=Sunflora+169+Twilight+Masquerade+Pokemon+card&hash=item555902a382:g:71kAAeSwqrFqZS4B,Sunflora 169/167 Illustration Rare Twilight Masquerade Pokemon NM,Ungraded,4000,,"[""FIXED_PRICE""]",etp206,https://i.ebayimg.com/images/g/71kAAeSwqrFqZS4B/s-l225.jpg,3b5294d0-4738-4296-952e-f32b2788e3c4,10ab9aee-5f8c-4938-aec5-aa4a4314f745,Sunflora,Twilight Masquerade,169,illustration_rare,,,,,,,,,,,,
D5-0138,v1|227396155598|0,https://www.ebay.com/itm/227396155598?_skw=Mega+Gardevoir+ex+187+Mega+Evolution+Pokemon+card&hash=item34f1ddf8ce:g:61UAAeSwNk5qNZn5,POKEMON UNGRADED MEGA GARDEVOIR EX 187/132 MEGA EVOLUTION NM PKM-129,Ungraded,4000,,"[""FIXED_PRICE"", ""BEST_OFFER""]",calebdann1,https://i.ebayimg.com/images/g/61UAAeSwNk5qNZn5/s-l225.jpg,3baf2f12-759f-427a-b8d0-2511e639310f,886acc91-d523-4628-bb4a-6ef8db1d8543,Mega Gardevoir ex,Mega Evolution,187,mega_hyper_rare,,,,,,,,,,,,
D5-0139,v1|227481597238|0,https://www.ebay.com/itm/227481597238?_skw=Mega+Gardevoir+ex+187+Mega+Evolution&hash=item34f6f5b536:g:fcQAAeSwWihqhNOV,Mega Gardevoir ex 187/132 Me01: Mega Evolution Holo Hyper Rare (Damaged),Ungraded,4000,,"[""FIXED_PRICE"", ""BEST_OFFER""]",patriotmercantile,https://i.ebayimg.com/images/g/fcQAAeSwWihqhNOV/s-l225.jpg,3baf2f12-759f-427a-b8d0-2511e639310f,886acc91-d523-4628-bb4a-6ef8db1d8543,Mega Gardevoir ex,Mega Evolution,187,mega_hyper_rare,,,,,,,,,,,,
D5-0140,v1|800637861840|0,https://www.ebay.com/itm/800637861840?_skw=Mega+Gardevoir+ex+187+Mega+Evolution&hash=itemba69bc3fd0:g:4uMAAeSwjT9qoakq,2025 POKÉMON MEGA GARDEVOIR EX MEGA HR BASE SET MEGA EVOLUTION #187/132 TAG 10,Graded,2750,,"[""AUCTION""]",ryans_cardhouse,https://i.ebayimg.com/images/g/4uMAAeSwjT9qoakq/s-l225.jpg,3baf2f12-759f-427a-b8d0-2511e639310f,886acc91-d523-4628-bb4a-6ef8db1d8543,Mega Gardevoir ex,Mega Evolution,187,mega_hyper_rare,,,,,,,,,,,,
D5-0141,v1|198369749818|0,https://www.ebay.com/itm/198369749818?_skw=Mega+Gardevoir+ex+187+Mega+Evolution&hash=item2e2fc22b3a:g:b4AAAeSwOfRqfK4S,Mega Gardevoir ex - 187/132 - Pokemon Mega Evolution Mega Hyper Rare Gold NM,Ungraded,4000,,"[""FIXED_PRICE""]",poke_canada,https://i.ebayimg.com/images/g/b4AAAeSwOfRqfK4S/s-l225.jpg,3baf2f12-759f-427a-b8d0-2511e639310f,886acc91-d523-4628-bb4a-6ef8db1d8543,Mega Gardevoir ex,Mega Evolution,187,mega_hyper_rare,,,,,,,,,,,,
D5-0142,v1|366256740052|0,https://www.ebay.com/itm/366256740052?_skw=Mega+Gardevoir+ex+187+Mega+Evolution&hash=item55469a56d4:g:h~4AAeSwKDdprhCc&amdata=enc%3AAQALAAABAACCtXRWQnOEpyOqnQQ8KGZTPXuM4UoSpcJxglnWQXdR1x%2BvCMHixhVrBElJaWHTlsqGeNt7N1Dv38YF0ndsihkL%2BACRN8wb2qYP86DoukRQTN89aIvgcPoZqX1PZZhust2ILwcEwQLMM7DN%2BvhU2oZoK1o3weisq8wjPfWj2UC0aZYQrpPxmyIF2ngnARDGFlKU4dcsltoEvcwnRsFXgsi4sz8v802B4RlWd8OBGj2ulUI0eqZFNBC3h1yLgOHTcJbBaQ0hh8fQn1oyiq3Bn1gO1IqmMaz0cjeKL766fNXLzBPSlv0wm9Hh%2FsHETJR1u96I%2FIgC4o685BQq4Jk8QKs%3D,Pokémon Mega Gardevoir EX 187/132 Mega Hyper Rare Full Art Holo Me01 HP 360,Ungraded,4000,,"[""FIXED_PRICE""]",eladela0,https://i.ebayimg.com/images/g/h~4AAeSwKDdprhCc/s-l225.jpg,3baf2f12-759f-427a-b8d0-2511e639310f,886acc91-d523-4628-bb4a-6ef8db1d8543,Mega Gardevoir ex,Mega Evolution,187,mega_hyper_rare,,,,,,,,,,,,
D5-0143,v1|397846047461|0,https://www.ebay.com/itm/397846047461?_skw=Mega+Gardevoir+ex+187+Mega+Evolution+Pokemon+card&hash=item5ca178eae5:g:FrQAAeSwmmlp4KJS,POKEMON TCG EXTENDED ART MAGNETIC CASE PSA CARD MEGA GARDEVOIR EX 187 EVOLUTION,Ungraded,4000,,"[""FIXED_PRICE""]",photocardtoday,https://i.ebayimg.com/images/g/FrQAAeSwmmlp4KJS/s-l225.jpg,3baf2f12-759f-427a-b8d0-2511e639310f,886acc91-d523-4628-bb4a-6ef8db1d8543,Mega Gardevoir ex,Mega Evolution,187,mega_hyper_rare,,,,,,,,,,,,
D5-0144,v1|318741253134|0,https://www.ebay.com/itm/318741253134?_skw=Mega+Charizard+Y+ex+294+Ascended+Heroes+Pokemon+card&hash=item4a36758c0e:g:VasAAeSw1~NqgmaS,MEGA CHARIZARD Y EX 294/217 MEGA HYPER RARE ASCENDED HEROES POKEMON HOLO NM,Ungraded,4000,,"[""FIXED_PRICE""]",holohunt_tcg,https://i.ebayimg.com/images/g/VasAAeSw1~NqgmaS/s-l225.jpg,3c75f577-62ee-4bdf-865c-ab2384f4379b,ecf458ed-ed92-4f04-bf27-1912d59bdbc0,Mega Charizard Y ex,Ascended Heroes,294,mega_hyper_rare,,,,,,,,,,,,
D5-0145,v1|128059671436|0,https://www.ebay.com/itm/128059671436?_skw=Mega+Charizard+Y+ex+294+Ascended+Heroes&hash=item1dd0f3838c:g:-d4AAeSwRUZqmYRJ,2026 Pokemon Ascended Heroes Mega Charizard Y ex Hyper Rare #294/217 PSA 10 (A),Graded,2750,,"[""AUCTION""]",dcsports87,https://i.ebayimg.com/images/g/-d4AAeSwRUZqmYRJ/s-l225.jpg,3c75f577-62ee-4bdf-865c-ab2384f4379b,ecf458ed-ed92-4f04-bf27-1912d59bdbc0,Mega Charizard Y ex,Ascended Heroes,294,mega_hyper_rare,,,,,,,,,,,,
D5-0146,v1|407198042981|0,https://www.ebay.com/itm/407198042981?_skw=Mega+Charizard+Y+ex+294+Ascended+Heroes&hash=item5ecee50b65:g:Y1AAAeSwS7ZqniCK,Pokemon 2026 Mega Charizard Y ex 294/217 Holo MHR Ascended Heroes CGC 8,Graded,2750,,"[""AUCTION""]",arizona_tcg,https://i.ebayimg.com/images/g/Y1AAAeSwS7ZqniCK/s-l225.jpg,3c75f577-62ee-4bdf-865c-ab2384f4379b,ecf458ed-ed92-4f04-bf27-1912d59bdbc0,Mega Charizard Y ex,Ascended Heroes,294,mega_hyper_rare,,,,,,,,,,,,
D5-0147,v1|307006190080|0,https://www.ebay.com/itm/307006190080?_skw=Mega+Charizard+Y+ex+294+Ascended+Heroes+Pokemon+card&hash=item477afeb200:g:UaUAAeSwFatqMaVe,Mega Charizard Y ex 294/217 Gold Hyper Rare Ascended Heroes Full Art Pokemon TCG,Ungraded,4000,,"[""FIXED_PRICE""]",backstreetcollectibles,https://i.ebayimg.com/images/g/UaUAAeSwFatqMaVe/s-l225.jpg,3c75f577-62ee-4bdf-865c-ab2384f4379b,ecf458ed-ed92-4f04-bf27-1912d59bdbc0,Mega Charizard Y ex,Ascended Heroes,294,mega_hyper_rare,,,,,,,,,,,,
D5-0148,v1|377484133605|0,https://www.ebay.com/itm/377484133605?_skw=Mega+Charizard+Y+ex+294+Ascended+Heroes&hash=item57e3cec4e5:g:Rv4AAeSwo89qoXZ5,2026 Pokemon Ascended Heroes Mega Charizard Y ex Hyper Rare #294/217 PSA 9,Graded,2750,,"[""AUCTION""]",dcsports87,https://i.ebayimg.com/images/g/Rv4AAeSwo89qoXZ5/s-l225.jpg,3c75f577-62ee-4bdf-865c-ab2384f4379b,ecf458ed-ed92-4f04-bf27-1912d59bdbc0,Mega Charizard Y ex,Ascended Heroes,294,mega_hyper_rare,,,,,,,,,,,,
D5-0149,v1|168677861856|0,https://www.ebay.com/itm/168677861856?_skw=Mega+Charizard+Y+ex+294+Ascended+Heroes&hash=item2745fbe9e0:g:6PcAAeSwpZdqomEf,MEGA CHARIZARD Y EX HYPER RARE POKEMON ASC EN-ASCENDED HEROES 2026 294 PSA 9,Graded,2750,,"[""FIXED_PRICE""]",freestylpolaris,https://i.ebayimg.com/images/g/6PcAAeSwpZdqomEf/s-l225.jpg,3c75f577-62ee-4bdf-865c-ab2384f4379b,ecf458ed-ed92-4f04-bf27-1912d59bdbc0,Mega Charizard Y ex,Ascended Heroes,294,mega_hyper_rare,,,,,,,,,,,,
D5-0150,v1|158278757138|0,https://www.ebay.com/itm/158278757138?_skw=Mega+Dragonite+ex+290+Ascended+Heroes+Pokemon+card&hash=item24da262b12:g:XjsAAeSw9SVqiSpA,Mega Dragonite EX - 290/217 - ME: Ascended Heroes Special Illustration Rare EN,Ungraded,4000,,"[""FIXED_PRICE"", ""BEST_OFFER""]",joeskipulls,https://i.ebayimg.com/images/g/XjsAAeSw9SVqiSpA/s-l225.jpg,4206e794-1ec6-4d55-94d4-63267ac9a183,9d5ddc90-8f9d-4759-b73d-fff0cd877d73,Mega Dragonite ex,Ascended Heroes,290,special_illustration_rare,,,,,,,,,,,,
D5-0151,v1|178479590104|0,https://www.ebay.com/itm/178479590104?_skw=Mega+Dragonite+ex+290+Ascended+Heroes+Pokemon+card&hash=item298e366ad8:g:bWIAAeSwKCpqoDsw,2026 Pokemon Mega Dragonite ex #290 SIR PSA 9 Graded Card SLAB Ascended Heroes,Graded,2750,,"[""FIXED_PRICE"", ""BEST_OFFER""]",tcg_reunion,https://i.ebayimg.com/images/g/bWIAAeSwKCpqoDsw/s-l225.jpg,4206e794-1ec6-4d55-94d4-63267ac9a183,9d5ddc90-8f9d-4759-b73d-fff0cd877d73,Mega Dragonite ex,Ascended Heroes,290,special_illustration_rare,,,,,,,,,,,,
D5-0152,v1|227501523772|0,https://www.ebay.com/itm/227501523772?_skw=Mega+Dragonite+ex+290+Ascended+Heroes+Pokemon+card&hash=item34f825c33c:g:gZcAAeSw9Idql0xL,Mega Dragonite ex 290/217 Ascended Heroes Special Illustration Rare Holo Pokemon,Ungraded,4000,,"[""FIXED_PRICE""]",legends_lugia,https://i.ebayimg.com/images/g/gZcAAeSw9Idql0xL/s-l225.jpg,4206e794-1ec6-4d55-94d4-63267ac9a183,9d5ddc90-8f9d-4759-b73d-fff0cd877d73,Mega Dragonite ex,Ascended Heroes,290,special_illustration_rare,,,,,,,,,,,,
D5-0153,v1|227518112726|0,https://www.ebay.com/itm/227518112726?_skw=Mega+Dragonite+ex+290+Ascended+Heroes+Pokemon+card&hash=item34f922e3d6:g:aVcAAeSwpCRqpRcx,Mega Dragonite EX 290/217 Ascended Heroes,Ungraded,4000,,"[""FIXED_PRICE""]",samlopez62,https://i.ebayimg.com/images/g/aVcAAeSwpCRqpRcx/s-l225.jpg,4206e794-1ec6-4d55-94d4-63267ac9a183,9d5ddc90-8f9d-4759-b73d-fff0cd877d73,Mega Dragonite ex,Ascended Heroes,290,special_illustration_rare,,,,,,,,,,,,
D5-0154,v1|307170718901|0,https://www.ebay.com/itm/307170718901?_skw=Mega+Dragonite+ex+290+Ascended+Heroes&hash=item4784cd34b5:g:4DUAAeSwWcdqdgtK,2026 POKEMON ASC EN-ASCENDED HEROES #290 MEGA DRAGONITE EX PSA 9,Graded,2750,,"[""FIXED_PRICE"", ""BEST_OFFER""]",psa,https://i.ebayimg.com/images/g/4DUAAeSwWcdqdgtK/s-l225.jpg,4206e794-1ec6-4d55-94d4-63267ac9a183,9d5ddc90-8f9d-4759-b73d-fff0cd877d73,Mega Dragonite ex,Ascended Heroes,290,special_illustration_rare,,,,,,,,,,,,
D5-0155,v1|168677240503|0,https://www.ebay.com/itm/168677240503?_skw=Mega+Dragonite+ex+290+Ascended+Heroes+Pokemon+card&hash=item2745f26eb7:g:JfIAAeSwNOpqogpf,Mega Dragonite ex 290/217 Ascended Heroes SIR Holo English PSA 10 2026,Graded,2750,,"[""AUCTION""]",cardcrazeofficial,https://i.ebayimg.com/images/g/JfIAAeSwNOpqogpf/s-l225.jpg,4206e794-1ec6-4d55-94d4-63267ac9a183,9d5ddc90-8f9d-4759-b73d-fff0cd877d73,Mega Dragonite ex,Ascended Heroes,290,special_illustration_rare,,,,,,,,,,,,
D5-0156,v1|406740215557|0,https://www.ebay.com/itm/406740215557?_skw=Durant+ex+236+Surging+Sparks+Pokemon+card&hash=item5eb39b2705:g:drIAAeSwwXdpqeUC,Pokémon TCG Durant EX Surging Sparks Holo Card 236/191 NM Condition,Ungraded,4000,,"[""FIXED_PRICE"", ""BEST_OFFER""]",todir38,https://i.ebayimg.com/images/g/drIAAeSwwXdpqeUC/s-l225.jpg,4299cd6b-98e3-4e65-865f-26a39b19fe5b,041717c6-a2b6-40d1-867a-b1abb1d65ec8,Durant ex,Surging Sparks,236,special_illustration_rare,,,,,,,,,,,,
D5-0157,v1|318466400901|0,https://www.ebay.com/itm/318466400901?_skw=Durant+ex+236+Surging+Sparks&hash=item4a2613a285:g:0CcAAeSwkfRqMhXG,Durant ex 236/191 Sv08: Surging Sparks Holo,Ungraded,4000,,"[""FIXED_PRICE"", ""BEST_OFFER""]",evroho_9,https://i.ebayimg.com/images/g/0CcAAeSwkfRqMhXG/s-l225.jpg,4299cd6b-98e3-4e65-865f-26a39b19fe5b,041717c6-a2b6-40d1-867a-b1abb1d65ec8,Durant ex,Surging Sparks,236,special_illustration_rare,,,,,,,,,,,,
D5-0158,v1|327283520420|0,https://www.ebay.com/itm/327283520420?_skw=Durant+ex+236+Surging+Sparks+Pokemon+card&hash=item4c339e33a4:g:YigAAeSw5oRqaPGc,DURANT EX 2024 Pokemon S&V Surging Sparks #236/191 Special Illustration Rare,Ungraded,4000,,"[""FIXED_PRICE"", ""BEST_OFFER""]",franks_card_shop,https://i.ebayimg.com/images/g/YigAAeSw5oRqaPGc/s-l225.jpg,4299cd6b-98e3-4e65-865f-26a39b19fe5b,041717c6-a2b6-40d1-867a-b1abb1d65ec8,Durant ex,Surging Sparks,236,special_illustration_rare,,,,,,,,,,,,
D5-0159,v1|167552278867|0,https://www.ebay.com/itm/167552278867?_skw=Durant+ex+236+Surging+Sparks+Pokemon+card&hash=item2702e4e153:g:HB8AAeSwqhVoOq9W,Pokémon Cards Durant ex 236/191 Illustration Rare Surging Sparks - (NM),Ungraded,4000,,"[""FIXED_PRICE"", ""BEST_OFFER""]",professorxc_0,https://i.ebayimg.com/images/g/HB8AAeSwqhVoOq9W/s-l225.jpg,4299cd6b-98e3-4e65-865f-26a39b19fe5b,041717c6-a2b6-40d1-867a-b1abb1d65ec8,Durant ex,Surging Sparks,236,special_illustration_rare,,,,,,,,,,,,
D5-0160,v1|267769230540|0,https://www.ebay.com/itm/267769230540?_skw=Durant+ex+236+Surging+Sparks+Pokemon+card&hash=item3e584a34cc:g:1-8AAeSwvW9qkMIZ,Durant ex 236/191 SV08: Surging Sparks Special Illustration Rare,Ungraded,4000,,"[""FIXED_PRICE"", ""BEST_OFFER""]",highgradetcg,https://i.ebayimg.com/images/g/1-8AAeSwvW9qkMIZ/s-l225.jpg,4299cd6b-98e3-4e65-865f-26a39b19fe5b,041717c6-a2b6-40d1-867a-b1abb1d65ec8,Durant ex,Surging Sparks,236,special_illustration_rare,,,,,,,,,,,,
D5-0161,v1|318866658500|0,https://www.ebay.com/itm/318866658500?_skw=Durant+ex+236+Surging+Sparks+Pokemon+card&hash=item4a3def14c4:g:-y4AAeSwn35qpwUv,Durant ex 236/191 Surging Sparks Illustration Full Art Holo Mint + 💎,Ungraded,4000,,"[""FIXED_PRICE"", ""BEST_OFFER""]",lulla25,https://i.ebayimg.com/images/g/-y4AAeSwn35qpwUv/s-l225.jpg,4299cd6b-98e3-4e65-865f-26a39b19fe5b,041717c6-a2b6-40d1-867a-b1abb1d65ec8,Durant ex,Surging Sparks,236,special_illustration_rare,,,,,,,,,,,,
D5-0162,v1|178180545626|0,https://www.ebay.com/itm/178180545626?_skw=Lt.+Surge%27s+Bargain+120+Mega+Evolution+Pokemon+card&hash=item297c635c5a:g:xXEAAeSwOzVqHD6l&amdata=enc%3AAQALAAABEACCtXRWQnOEpyOqnQQ8KGaiYnmUujqtuQrLEB439DgL888IPjYwoK%2BtS%2F7Y35EgpSDb4M3ZbbcfxvPv4DezZ82%2B70F%2BZkGCbAIe8K7coND%2FgWxdLjy6c0lvntJnebnm5tAi3qrK1Z%2B5O6mP0VwKLMU1VoEif2B9DuKZS0SoR8lRsC%2FJN2dvvVmd%2BQwE3G2%2FfZBhp4oIf5HVwycYiYweyMP2z4q1Gq50Xciu27%2F6EmfoJXOK3GGVqgbD%2BsLrBtX12zCQJxeNbNGnm6%2BTyY9rx0T1ep99gJ722S2ZULrJwpp%2Bw74o2VFDqxvN5cFbMwIjOs7M%2BHAIDgainbdfeeJFnz8DzaN57mxH7nRaCm7io6XA,Lt. Surge's Bargain 120/132 REVERSE HOLO Mega Evolution NM,Ungraded,4000,,"[""FIXED_PRICE"", ""BEST_OFFER""]",cardsandplus,https://i.ebayimg.com/images/g/xXEAAeSwOzVqHD6l/s-l225.jpg,50f67b41-059d-4c14-842f-8b48fba46bc2,304de4f2-c09c-4d1c-a57e-5b83867aee55,Lt. Surge's Bargain,Mega Evolution,120,uncommon,,,,,,,,,,,,
D5-0163,v1|287582935214|0,https://www.ebay.com/itm/287582935214?_skw=Lt.+Surge%27s+Bargain+120+Mega+Evolution&hash=item42f54758ae:g:COgAAeSw7U5qpdyf,Lt. Surge's Bargain Reverse Holofoil [MEG - 120/132]NM,Ungraded,4000,,"[""FIXED_PRICE""]",archival24,https://i.ebayimg.com/images/g/COgAAeSw7U5qpdyf/s-l225.jpg,50f67b41-059d-4c14-842f-8b48fba46bc2,304de4f2-c09c-4d1c-a57e-5b83867aee55,Lt. Surge's Bargain,Mega Evolution,120,uncommon,,,,,,,,,,,,
D5-0164,v1|178167149573|0,https://www.ebay.com/itm/178167149573?_skw=Lt.+Surge%27s+Bargain+120+Mega+Evolution&hash=item297b96f405:g:3XcAAeSw3w1qFa1h&amdata=enc%3AAQALAAABAACCtXRWQnOEpyOqnQQ8KGaB6KYnx4qNGOwjryMmGJwdkQ2oLFM8zfopMWO%2BiimnOnBfm51NqMLLBmCFroiSkPFSyvjIw9uhZ8LJi0KG8z7DJaXjkjrNQFrAlsuO%2Fna%2FE2ZN%2B%2FdbIRNBo%2BIgLF47E7h2aL0rbyHFi2AHZE%2F5r%2FkWmyL91tC2pOI7l73BJXQYkLniaGJW1Yof7epnc9kp7Or%2Bc%2FqzIbeEFe%2FS5AAiLHFLoRQ1is8xQGZ6VpRXY8cIkYSTcYj%2F%2B3EjwRLvS6sDOitJm6lFG6DAVvGvTqBSLWpwvUvewrudcAHZ8v31HwjfZ%2BKc%2FYNoq%2FXRMyQTWBiqWRQ%3D,Lt. Surge's Bargain 120/132 REVERSE HOLO Mega Evolution NM,Ungraded,4000,,"[""FIXED_PRICE"", ""BEST_OFFER""]",cardsandplus,https://i.ebayimg.com/images/g/3XcAAeSw3w1qFa1h/s-l225.jpg,50f67b41-059d-4c14-842f-8b48fba46bc2,304de4f2-c09c-4d1c-a57e-5b83867aee55,Lt. Surge's Bargain,Mega Evolution,120,uncommon,,,,,,,,,,,,
D5-0165,v1|188920968798|0,https://www.ebay.com/itm/188920968798?_skw=Lt.+Surge%27s+Bargain+120+Mega+Evolution+Pokemon+card&hash=item2bfc91365e:g:z3cAAeSwgQFqpVkD,LT. SURGE'S BARGAIN 120/132 UC MEGA EVOLUTION POKEMON REVERSE HOLO NM/M,Ungraded,4000,,"[""FIXED_PRICE""]",viperst_4011,https://i.ebayimg.com/images/g/z3cAAeSwgQFqpVkD/s-l225.jpg,50f67b41-059d-4c14-842f-8b48fba46bc2,304de4f2-c09c-4d1c-a57e-5b83867aee55,Lt. Surge's Bargain,Mega Evolution,120,uncommon,,,,,,,,,,,,
D5-0166,v1|158070474830|0,https://www.ebay.com/itm/158070474830?_skw=Lt.+Surge%27s+Bargain+120+Mega+Evolution&hash=item24cdbc084e:g:ZOMAAeSwjU9qm086,Lt. Surge's Bargain [MEG - 120/132] Uncommon Reverse Holofoil NM Mega Evolution,Ungraded,4000,,"[""FIXED_PRICE""]",nearlyplayedtcg,https://i.ebayimg.com/images/g/ZOMAAeSwjU9qm086/s-l225.jpg,50f67b41-059d-4c14-842f-8b48fba46bc2,304de4f2-c09c-4d1c-a57e-5b83867aee55,Lt. Surge's Bargain,Mega Evolution,120,uncommon,,,,,,,,,,,,
D5-0167,v1|198585602798|0,https://www.ebay.com/itm/198585602798?_skw=Lt.+Surge%27s+Bargain+120+Mega+Evolution+Pokemon+card&hash=item2e3c9fd2ee:g:G6IAAeSwzVlqh7OG,Lt. Surge's Bargain 120/132 Uncommon Mega Evolution Pokemon Reverse Holo NM,Ungraded,4000,,"[""FIXED_PRICE""]",silphsaffron,https://i.ebayimg.com/images/g/G6IAAeSwzVlqh7OG/s-l225.jpg,50f67b41-059d-4c14-842f-8b48fba46bc2,304de4f2-c09c-4d1c-a57e-5b83867aee55,Lt. Surge's Bargain,Mega Evolution,120,uncommon,,,,,,,,,,,,
D5-0168,v1|227508272384|0,https://www.ebay.com/itm/227508272384?_skw=Perrin+220+Twilight+Masquerade+Pokemon+card&hash=item34f88cbd00:g:x6wAAeSw4vlqnMC5,Perrin 220/167 Sv06: Twilight Masquerade Special art rare,Ungraded,4000,,"[""FIXED_PRICE"", ""BEST_OFFER""]",sillywillie_customs,https://i.ebayimg.com/images/g/x6wAAeSw4vlqnMC5/s-l225.jpg,53466d2d-94fd-4230-9505-694297a9030d,3451abaf-acc7-41aa-a60c-25f24b7ac07f,Perrin,Twilight Masquerade,220,special_illustration_rare,,,,,,,,,,,,
D5-0169,v1|336784946742|0,https://www.ebay.com/itm/336784946742?_skw=Perrin+220+Twilight+Masquerade+Pokemon+card&hash=item4e69f27636:g:DQ0AAeSwPlhqoA2r,Pokemon TCG - Perrin 220/167 Special Illustration Rare SIR - Twilight Masquerade,Ungraded,4000,,"[""FIXED_PRICE""]",toml2419,https://i.ebayimg.com/images/g/DQ0AAeSwPlhqoA2r/s-l225.jpg,53466d2d-94fd-4230-9505-694297a9030d,3451abaf-acc7-41aa-a60c-25f24b7ac07f,Perrin,Twilight Masquerade,220,special_illustration_rare,,,,,,,,,,,,
D5-0170,v1|298657545919|0,https://www.ebay.com/itm/298657545919?_skw=Perrin+220+Twilight+Masquerade+Pokemon+card&hash=item4589607ebf:g:lXsAAeSwnzJqoKUw,Pokemon Perrin 220/167 Sv06: Twilight Masquerade SIR PSA 10 GEM MINT,Graded,2750,,"[""FIXED_PRICE"", ""BEST_OFFER""]",ouchvintage,https://i.ebayimg.com/images/g/lXsAAeSwnzJqoKUw/s-l225.jpg,53466d2d-94fd-4230-9505-694297a9030d,3451abaf-acc7-41aa-a60c-25f24b7ac07f,Perrin,Twilight Masquerade,220,special_illustration_rare,,,,,,,,,,,,
D5-0171,v1|267783553760|0,https://www.ebay.com/itm/267783553760?_skw=Perrin+220+Twilight+Masquerade+Pokemon+card&hash=item3e5924c2e0:g:yBwAAeSw6Blqpcm7,Pokémon Twilight Masquerade Perrin 220/167 PSA 10 Gem Mint SIR,Graded,2750,,"[""FIXED_PRICE"", ""BEST_OFFER""]",blazing_deals_4_you,https://i.ebayimg.com/images/g/yBwAAeSw6Blqpcm7/s-l225.jpg,53466d2d-94fd-4230-9505-694297a9030d,3451abaf-acc7-41aa-a60c-25f24b7ac07f,Perrin,Twilight Masquerade,220,special_illustration_rare,,,,,,,,,,,,
D5-0172,v1|398385830066|0,https://www.ebay.com/itm/398385830066?_skw=Perrin+220+Twilight+Masquerade&hash=item5cc1a558b2:g:OXoAAeSw7k9qpJ4-,2024 Pokemon Twilight Masquerade Perrin #220 PSA 10 Special Illustration Rare,Graded,2750,,"[""FIXED_PRICE"", ""BEST_OFFER""]",slabbedjoy,https://i.ebayimg.com/images/g/OXoAAeSw7k9qpJ4-/s-l225.jpg,53466d2d-94fd-4230-9505-694297a9030d,3451abaf-acc7-41aa-a60c-25f24b7ac07f,Perrin,Twilight Masquerade,220,special_illustration_rare,,,,,,,,,,,,
D5-0173,v1|398337055924|0,https://www.ebay.com/itm/398337055924?_skw=Perrin+220+Twilight+Masquerade+Pokemon+card&hash=item5cbebd1cb4:g:kDIAAeSw0lBqo0dy,The Pokémon Company Perrin 220/167 Sv06 Twilight Masquerade SIR Full Art Holo,Ungraded,4000,,"[""FIXED_PRICE"", ""BEST_OFFER""]",naves_collectibles,https://i.ebayimg.com/images/g/kDIAAeSw0lBqo0dy/s-l225.jpg,53466d2d-94fd-4230-9505-694297a9030d,3451abaf-acc7-41aa-a60c-25f24b7ac07f,Perrin,Twilight Masquerade,220,special_illustration_rare,,,,,,,,,,,,
D5-0174,v1|297926658293|0,https://www.ebay.com/itm/297926658293?_skw=Victini+171+Black+Bolt&hash=item455dd008f5:g:eSwAAeSwPThpZAEq,PSA 9 Victini 171/086 🔴 Red Secret Rare | Black Bolt | Pokémon Slab 💎,Graded,2750,,"[""FIXED_PRICE"", ""BEST_OFFER""]",alyssanyc1,https://i.ebayimg.com/images/g/eSwAAeSwPThpZAEq/s-l225.jpg,55096ab6-1773-47c4-bbff-20c1db011223,9f4a2888-2f11-47aa-a5c5-2ccac8ca7c71,Victini,Black Bolt,171,rare,,,,,,,,,,,,
D5-0175,v1|377493112791|0,https://www.ebay.com/itm/377493112791?_skw=Victini+171+Black+Bolt+Pokemon+card&hash=item57e457c7d7:g:VtsAAeSwJYxqpvJ2,2025 POKEMON BLK EN VICTINI BLACK WHITE RARE #171 PSA 10,Graded,2750,,"[""FIXED_PRICE""]",alslen0,https://i.ebayimg.com/images/g/VtsAAeSwJYxqpvJ2/s-l225.jpg,55096ab6-1773-47c4-bbff-20c1db011223,9f4a2888-2f11-47aa-a5c5-2ccac8ca7c71,Victini,Black Bolt,171,rare,,,,,,,,,,,,
D5-0176,v1|377300445135|0,https://www.ebay.com/itm/377300445135?_skw=Victini+171+Black+Bolt&hash=item57d8dbe7cf:g:HVUAAeSwpRhqPpMa,2025 POKEMON WHT EN-WHITE FLARE BLACK WHITE RARE #172 VICTINI PSA 9,Graded,2750,,"[""FIXED_PRICE""]",dreamzsportscards,https://i.ebayimg.com/images/g/HVUAAeSwpRhqPpMa/s-l225.jpg,55096ab6-1773-47c4-bbff-20c1db011223,9f4a2888-2f11-47aa-a5c5-2ccac8ca7c71,Victini,Black Bolt,171,rare,,,,,,,,,,,,
D5-0177,v1|366427143970|0,https://www.ebay.com/itm/366427143970?_skw=Victini+171+Black+Bolt+Pokemon+card&hash=item5550c27f22:g:xsAAAeSwQMdqEIB5,Pokemon 2025 Victini 171/086 Black White Rare Black Bolt GEM MINT PSA 9,Graded,2750,,"[""FIXED_PRICE"", ""BEST_OFFER""]",rjzp23,https://i.ebayimg.com/images/g/xsAAAeSwQMdqEIB5/s-l225.jpg,55096ab6-1773-47c4-bbff-20c1db011223,9f4a2888-2f11-47aa-a5c5-2ccac8ca7c71,Victini,Black Bolt,171,rare,,,,,,,,,,,,
D5-0178,v1|357687783758|0,https://www.ebay.com/itm/357687783758?_skw=Victini+171+Black+Bolt+Pokemon+card&hash=item5347da714e:g:ZhUAAeSwg3Fo2Hqj,Pokémon TCG Victini Full Art Holo Black Bolt 171/086 English,Graded,2750,,"[""FIXED_PRICE"", ""BEST_OFFER""]",julmar2948,https://i.ebayimg.com/images/g/ZhUAAeSwg3Fo2Hqj/s-l225.jpg,55096ab6-1773-47c4-bbff-20c1db011223,9f4a2888-2f11-47aa-a5c5-2ccac8ca7c71,Victini,Black Bolt,171,rare,,,,,,,,,,,,
D5-0179,v1|278089641769|0,https://www.ebay.com/itm/278089641769?_skw=Victini+171+Black+Bolt+Pokemon+card&hash=item40bf6f2f29:g:ORoAAeSwJKZqL1at,Victini - 012/086 Holo - Black Bolt (BLK) - Pokemon NM/M,Ungraded,4000,,"[""FIXED_PRICE"", ""BEST_OFFER""]",xp_gaming,https://i.ebayimg.com/images/g/ORoAAeSwJKZqL1at/s-l225.jpg,55096ab6-1773-47c4-bbff-20c1db011223,9f4a2888-2f11-47aa-a5c5-2ccac8ca7c71,Victini,Black Bolt,171,rare,,,,,,,,,,,,
D5-0180,v1|318683413728|0,https://www.ebay.com/itm/318683413728?_skw=Gulpin+154+Stellar+Crown+Pokemon+card&hash=item4a3302fce0:g:DFkAAeSw1vZqc5xW,Gulpin 154/142 Illustration Rare Stellar Crown Pokemon Near Mint,Ungraded,4000,,"[""FIXED_PRICE""]",triplediamond-fargo,https://i.ebayimg.com/images/g/DFkAAeSw1vZqc5xW/s-l225.jpg,5576e4b9-4873-40fa-84c4-da9f28cec096,8614b6c4-8840-4b33-9908-4ded064f570f,Gulpin,Stellar Crown,154,illustration_rare,,,,,,,,,,,,
D5-0181,v1|206552431527|0,https://www.ebay.com/itm/206552431527?_skw=Gulpin+154+Stellar+Crown+Pokemon+card&hash=item30177bfba7:g:gGIAAeSw2HNqkbx6,The Pokémon Company Gulpin 154/142 Sv07 Stellar Crown Holo EN IR HP 70,Ungraded,4000,,"[""FIXED_PRICE"", ""AUCTION""]",za-834899,https://i.ebayimg.com/images/g/gGIAAeSw2HNqkbx6/s-l225.jpg,5576e4b9-4873-40fa-84c4-da9f28cec096,8614b6c4-8840-4b33-9908-4ded064f570f,Gulpin,Stellar Crown,154,illustration_rare,,,,,,,,,,,,
D5-0182,v1|377484954309|0,https://www.ebay.com/itm/377484954309?_skw=Gulpin+154+Stellar+Crown+Pokemon+card&hash=item57e3db4ac5:g:DLYAAeSwk2Fqoe5h,Gulpin 154/142 Pokemon Stellar Crown Illustration Rare Holo Near Mint NM,Ungraded,4000,,"[""FIXED_PRICE"", ""BEST_OFFER""]",okie_poke_collectibles,https://i.ebayimg.com/images/g/DLYAAeSwk2Fqoe5h/s-l225.jpg,5576e4b9-4873-40fa-84c4-da9f28cec096,8614b6c4-8840-4b33-9908-4ded064f570f,Gulpin,Stellar Crown,154,illustration_rare,,,,,,,,,,,,
D5-0183,v1|336734284870|0,https://www.ebay.com/itm/336734284870?_skw=Gulpin+154+Stellar+Crown+Pokemon+card&hash=item4e66ed6c46:g:ScAAAeSwMwFqeKwD,Pokémon TCG Gulpin 154/142 Stellar Crown Illustration Rare Card in NM Condition,Ungraded,4000,,"[""FIXED_PRICE"", ""BEST_OFFER""]",shoeflamer,https://i.ebayimg.com/images/g/ScAAAeSwMwFqeKwD/s-l225.jpg,5576e4b9-4873-40fa-84c4-da9f28cec096,8614b6c4-8840-4b33-9908-4ded064f570f,Gulpin,Stellar Crown,154,illustration_rare,,,,,,,,,,,,
D5-0184,v1|287584250242|0,https://www.ebay.com/itm/287584250242?_skw=Gulpin+154+Stellar+Crown&hash=item42f55b6982:g:XIYAAeSwbLhqptRp,Gulpin 154/142 Holo Sv07: Stellar Crown IR EN Basic 70HP,Ungraded,4000,,"[""FIXED_PRICE""]",callum_3bay3r,https://i.ebayimg.com/images/g/XIYAAeSwbLhqptRp/s-l225.jpg,5576e4b9-4873-40fa-84c4-da9f28cec096,8614b6c4-8840-4b33-9908-4ded064f570f,Gulpin,Stellar Crown,154,illustration_rare,,,,,,,,,,,,
D5-0185,v1|227463970925|0,https://www.ebay.com/itm/227463970925?_skw=Gulpin+154+Stellar+Crown&hash=item34f5e8c06d:g:Xb4AAeSw8fBqc74s,Gulpin 154/142 Sv07: Stellar Crown Illustration Rare,Ungraded,4000,,"[""FIXED_PRICE"", ""BEST_OFFER""]",krisferranti,https://i.ebayimg.com/images/g/Xb4AAeSw8fBqc74s/s-l225.jpg,5576e4b9-4873-40fa-84c4-da9f28cec096,8614b6c4-8840-4b33-9908-4ded064f570f,Gulpin,Stellar Crown,154,illustration_rare,,,,,,,,,,,,
D5-0186,v1|236815003635|0,https://www.ebay.com/itm/236815003635?_skw=Krookodile+137+Black+Bolt+Pokemon+card&hash=item3723462ff3:g:SOAAAeSw9NpqBLxS,Pokémon TCG Sv: Black Bolt Krookodile Illustration Card 137/086 Rare NEAR MINT,Ungraded,4000,,"[""FIXED_PRICE"", ""BEST_OFFER""]",luckyrabbit,https://i.ebayimg.com/images/g/SOAAAeSw9NpqBLxS/s-l225.jpg,605a2c1a-6a14-463e-b1e2-b55cd9c16244,14ea6011-0e3d-4eff-ac53-6b13e2976a71,Krookodile,Black Bolt,137,illustration_rare,,,,,,,,,,,,
D5-0187,v1|800367706240|0,https://www.ebay.com/itm/800367706240?_skw=Krookodile+137+Black+Bolt+Pokemon+card&hash=itemba59a20080:g:os0AAeSw2OhqXBQ0,Pokemon TCG Krookodile 137/086 SV: Black Bolt Illustration Rare Holo ENG 170HP,Ungraded,4000,,"[""FIXED_PRICE"", ""BEST_OFFER""]",millytrixx,https://i.ebayimg.com/images/g/os0AAeSw2OhqXBQ0/s-l225.jpg,605a2c1a-6a14-463e-b1e2-b55cd9c16244,14ea6011-0e3d-4eff-ac53-6b13e2976a71,Krookodile,Black Bolt,137,illustration_rare,,,,,,,,,,,,
D5-0188,v1|377480380684|0,https://www.ebay.com/itm/377480380684?_skw=Krookodile+137+Black+Bolt+Pokemon+card&hash=item57e395810c:g:O~UAAeSw5Vpqn4Pa,Krookodile Holo Illustration Rare SV: Black Bolt 137/086 NM,Ungraded,4000,,"[""FIXED_PRICE""]",josircollectibles,https://i.ebayimg.com/images/g/O~UAAeSw5Vpqn4Pa/s-l225.jpg,605a2c1a-6a14-463e-b1e2-b55cd9c16244,14ea6011-0e3d-4eff-ac53-6b13e2976a71,Krookodile,Black Bolt,137,illustration_rare,,,,,,,,,,,,
D5-0189,v1|336079479217|545620808875,https://www.ebay.com/itm/336079479217?_skw=Krookodile+137+Black+Bolt&var=545620808875&hash=item4e3fe5e1b1:g:05YAAeSwHqNofuv3,Pokemon SV10.5 Black Bolt NM YouPICK! 1-172 Reverse Holo RH ex IR FA SIR HR,Ungraded,4000,,"[""FIXED_PRICE""]",biggyfish,https://i.ebayimg.com/images/g/05YAAeSwHqNofuv3/s-l225.jpg,605a2c1a-6a14-463e-b1e2-b55cd9c16244,14ea6011-0e3d-4eff-ac53-6b13e2976a71,Krookodile,Black Bolt,137,illustration_rare,,,,,,,,,,,,
D5-0190,v1|407186021495|0,https://www.ebay.com/itm/407186021495?_skw=Krookodile+137+Black+Bolt+Pokemon+card&hash=item5ece2d9c77:g:uhUAAeSwS7ZqmyfU,2025 Pokemon—Krookodile #137 Black Bolt—Illustration Rare Holo,Ungraded,4000,,"[""FIXED_PRICE"", ""BEST_OFFER""]",papajoeyscollectibles,https://i.ebayimg.com/images/g/uhUAAeSwS7ZqmyfU/s-l225.jpg,605a2c1a-6a14-463e-b1e2-b55cd9c16244,14ea6011-0e3d-4eff-ac53-6b13e2976a71,Krookodile,Black Bolt,137,illustration_rare,,,,,,,,,,,,
D5-0191,v1|800629472729|0,https://www.ebay.com/itm/800629472729?_skw=Krookodile+137+Black+Bolt+Pokemon+card&hash=itemba693c3dd9:g:oygAAeSw~iRqn6h~,Pokemon Krookodile Black Bolt Illustration Rare IR Holo Card 137/086,Ungraded,4000,,"[""FIXED_PRICE"", ""BEST_OFFER""]",kaibo74,https://i.ebayimg.com/images/g/oygAAeSw~iRqn6h~/s-l225.jpg,605a2c1a-6a14-463e-b1e2-b55cd9c16244,14ea6011-0e3d-4eff-ac53-6b13e2976a71,Krookodile,Black Bolt,137,illustration_rare,,,,,,,,,,,,
D5-0192,v1|405879318436|0,https://www.ebay.com/itm/405879318436?_skw=Pecharunt+ex+93+Shrouded+Fable+Pokemon+card&hash=item5e804ae7a4:g:Ag0AAOSwxSln1tRS,Pokemon Shrouded Fable Pecharunt ex 39/64 Double Rare,Ungraded,4000,,"[""FIXED_PRICE"", ""BEST_OFFER""]",vscards1,https://i.ebayimg.com/images/g/Ag0AAOSwxSln1tRS/s-l225.jpg,640cd931-d97f-4173-ad9d-3ab86f91d92c,c79d38c0-0768-4f3e-80fe-8490d79b00b1,Pecharunt ex,Shrouded Fable,93,special_illustration_rare,,,,,,,,,,,,
D5-0193,v1|336741167674|0,https://www.ebay.com/itm/336741167674?_skw=Pecharunt+ex+93+Shrouded+Fable+Pokemon+card&hash=item4e6756723a:g:nRUAAeSwWatqfmX8,Nintendo Pokemon TCG Pecharunt ex 039/064 Shrouded Fable Holo DR 190 HP EN 2024,Ungraded,4000,,"[""FIXED_PRICE"", ""BEST_OFFER""]",vortexcardlabs_offical,https://i.ebayimg.com/images/g/nRUAAeSwWatqfmX8/s-l225.jpg,640cd931-d97f-4173-ad9d-3ab86f91d92c,c79d38c0-0768-4f3e-80fe-8490d79b00b1,Pecharunt ex,Shrouded Fable,93,special_illustration_rare,,,,,,,,,,,,
D5-0194,v1|236818724581|0,https://www.ebay.com/itm/236818724581?_skw=Pecharunt+ex+93+Shrouded+Fable+Pokemon+card&hash=item37237ef6e5:g:bR4AAeSwN8dqBU5u,Pokémon TCG Shrouded Fable Pecharunt ex 39/64,Ungraded,4000,,"[""FIXED_PRICE""]",ayebeecollects,https://i.ebayimg.com/images/g/bR4AAeSwN8dqBU5u/s-l225.jpg,640cd931-d97f-4173-ad9d-3ab86f91d92c,c79d38c0-0768-4f3e-80fe-8490d79b00b1,Pecharunt ex,Shrouded Fable,93,special_illustration_rare,,,,,,,,,,,,
D5-0195,v1|227474214113|0,https://www.ebay.com/itm/227474214113?_skw=Mega+Audino+ex+253+Ascended+Heroes+Pokemon+card&hash=item34f6850ce1:g:UngAAeSwg5hqfcLe,Mega Audino ex 253/217 ME: Ascended Heroes Ultra Rare Pokemon Card,Ungraded,4000,,"[""FIXED_PRICE""]",legends_lugia,https://i.ebayimg.com/images/g/UngAAeSwg5hqfcLe/s-l225.jpg,64c0404b-826f-493d-9c10-738b2b56eca4,9f6c24f7-6a76-471f-ad81-d3901c5e9088,Mega Audino ex,Ascended Heroes,253,ultra_rare,,,,,,,,,,,,
D5-0196,v1|237028257121|0,https://www.ebay.com/itm/237028257121?_skw=Mega+Audino+ex+253+Ascended+Heroes+Pokemon+card&hash=item372ffc2d61:g:fIEAAeSwF-ZqjO9V,Mega Audino ex 253/217 Ultra Rare Ascended Heroes Pokemon Holo Near Mint,Ungraded,4000,,"[""FIXED_PRICE""]",redlandscollectibles,https://i.ebayimg.com/images/g/fIEAAeSwF-ZqjO9V/s-l225.jpg,64c0404b-826f-493d-9c10-738b2b56eca4,9f6c24f7-6a76-471f-ad81-d3901c5e9088,Mega Audino ex,Ascended Heroes,253,ultra_rare,,,,,,,,,,,,
D5-0197,v1|158165254609|0,https://www.ebay.com/itm/158165254609?_skw=Mega+Audino+ex+253+Ascended+Heroes&hash=item24d36241d1:g:JegAAeSw64ZqdnTx,Mega Audino Ex 253/217 Ultra Rare Ascended Heroes Near Mint,Ungraded,4000,,"[""FIXED_PRICE"", ""BEST_OFFER""]",edjara51,https://i.ebayimg.com/images/g/JegAAeSw64ZqdnTx/s-l225.jpg,64c0404b-826f-493d-9c10-738b2b56eca4,9f6c24f7-6a76-471f-ad81-d3901c5e9088,Mega Audino ex,Ascended Heroes,253,ultra_rare,,,,,,,,,,,,
D5-0198,v1|377491269718|0,https://www.ebay.com/itm/377491269718?_skw=Mega+Audino+ex+253+Ascended+Heroes+Pokemon+card&hash=item57e43ba856:g:3CEAAeSwZBRqpbgd,Mega Audino ex 253/217 Ultra Rare Ascended Heroes Pokemon Holo Near Mint,Ungraded,4000,,"[""FIXED_PRICE""]",prizepicktcg,https://i.ebayimg.com/images/g/3CEAAeSwZBRqpbgd/s-l225.jpg,64c0404b-826f-493d-9c10-738b2b56eca4,9f6c24f7-6a76-471f-ad81-d3901c5e9088,Mega Audino ex,Ascended Heroes,253,ultra_rare,,,,,,,,,,,,
D5-0199,v1|227474214102|0,https://www.ebay.com/itm/227474214102?_skw=Mega+Audino+ex+253+Ascended+Heroes+Pokemon+card&hash=item34f6850cd6:g:NoUAAeSwR01qfcL1,Mega Audino ex 253/217 ME: Ascended Heroes Ultra Rare Pokemon Card,Ungraded,4000,,"[""FIXED_PRICE""]",legends_lugia,https://i.ebayimg.com/images/g/NoUAAeSwR01qfcL1/s-l225.jpg,64c0404b-826f-493d-9c10-738b2b56eca4,9f6c24f7-6a76-471f-ad81-d3901c5e9088,Mega Audino ex,Ascended Heroes,253,ultra_rare,,,,,,,,,,,,
D5-0200,v1|358498356555|0,https://www.ebay.com/itm/358498356555?_skw=Mega+Audino+ex+253+Ascended+Heroes+Pokemon+card&hash=item53782acd4b:g:l7QAAeSwAKZp8TXv,Mega Audino ex 253/217 Ascended Heroes Full Art Ultra Rare Holo Pokemon Card NM,Ungraded,4000,,"[""FIXED_PRICE""]",joebuddytcg,https://i.ebayimg.com/images/g/l7QAAeSwAKZp8TXv/s-l225.jpg,64c0404b-826f-493d-9c10-738b2b56eca4,9f6c24f7-6a76-471f-ad81-d3901c5e9088,Mega Audino ex,Ascended Heroes,253,ultra_rare,,,,,,,,,,,,
D5-0201,v1|178494020512|0,https://www.ebay.com/itm/178494020512?_skw=Lillie%27s+Determination+184+Mega+Evolution+Pokemon+card&hash=item298f129ba0:g:hS8AAeSwuaFqpxkC,ME01: Mega Evolution Lillie's Determination #184/132,Ungraded,4000,,"[""FIXED_PRICE""]",orbsportscards,https://i.ebayimg.com/images/g/hS8AAeSwuaFqpxkC/s-l225.jpg,67611b34-a7e9-497f-9708-651cc015ca6c,f02f5725-b24c-4ee9-a9b5-55edd91d7697,Lillie's Determination,Mega Evolution,184,special_illustration_rare,,,,,,,,,,,,
D5-0202,v1|227513894985|0,https://www.ebay.com/itm/227513894985?_skw=Lillie%27s+Determination+184+Mega+Evolution&hash=item34f8e28849:g:JjYAAeSweY5qlsE-,2025 POKEMON MEG EN-MEGA EVOLUTION #184 LILLIE'S DETERMINATION PSA 10 SIR,Graded,2750,,"[""FIXED_PRICE""]",catch.em.cards,https://i.ebayimg.com/images/g/JjYAAeSweY5qlsE-/s-l225.jpg,67611b34-a7e9-497f-9708-651cc015ca6c,f02f5725-b24c-4ee9-a9b5-55edd91d7697,Lillie's Determination,Mega Evolution,184,special_illustration_rare,,,,,,,,,,,,
D5-0203,v1|327283491385|0,https://www.ebay.com/itm/327283491385?_skw=Lillie%27s+Determination+184+Mega+Evolution+Pokemon+card&hash=item4c339dc239:g:YkoAAeSwN-lqaOy3,LILLIE'S DETERMINATION Pokemon Mega Evolution #184 Special Illustration Rare,Ungraded,4000,,"[""FIXED_PRICE"", ""BEST_OFFER""]",franks_card_shop,https://i.ebayimg.com/images/g/YkoAAeSwN-lqaOy3/s-l225.jpg,67611b34-a7e9-497f-9708-651cc015ca6c,f02f5725-b24c-4ee9-a9b5-55edd91d7697,Lillie's Determination,Mega Evolution,184,special_illustration_rare,,,,,,,,,,,,
D5-0204,v1|147564617321|0,https://www.ebay.com/itm/147564617321?_skw=Lillie%27s+Determination+184+Mega+Evolution&hash=item225b895e69:g:EwAAAeSwUUBqouSd,2025 Mega Evolution Lillie's Determination Holo Secret Rare FA SAR #184/132,Ungraded,4000,,"[""FIXED_PRICE"", ""BEST_OFFER""]",graybossportscards,https://i.ebayimg.com/images/g/EwAAAeSwUUBqouSd/s-l225.jpg,67611b34-a7e9-497f-9708-651cc015ca6c,f02f5725-b24c-4ee9-a9b5-55edd91d7697,Lillie's Determination,Mega Evolution,184,special_illustration_rare,,,,,,,,,,,,
D5-0205,v1|307159124177|0,https://www.ebay.com/itm/307159124177?_skw=Lillie%27s+Determination+184+Mega+Evolution&hash=item47841c48d1:g:h6MAAeSwEphqmGNv,2025 POKEMON MEGA EVOLUTION SPECIAL ILLUSTRATION LILLIE'S DETERMINATION PSA 10,Graded,2750,,"[""AUCTION""]",psa,https://i.ebayimg.com/images/g/h6MAAeSwEphqmGNv/s-l225.jpg,67611b34-a7e9-497f-9708-651cc015ca6c,f02f5725-b24c-4ee9-a9b5-55edd91d7697,Lillie's Determination,Mega Evolution,184,special_illustration_rare,,,,,,,,,,,,
D5-0206,v1|366138739006|0,https://www.ebay.com/itm/366138739006?_skw=Lillie%27s+Determination+184+Mega+Evolution+Pokemon+card&hash=item553f91c93e:g:et4AAeSwdwZpb-yW,Lillie's Determination 184/132 ME01: Pokemon Mega Evolution SIR Holo 🔥NM Card,Ungraded,4000,,"[""FIXED_PRICE""]",rangersplash93,https://i.ebayimg.com/images/g/et4AAeSwdwZpb-yW/s-l225.jpg,67611b34-a7e9-497f-9708-651cc015ca6c,f02f5725-b24c-4ee9-a9b5-55edd91d7697,Lillie's Determination,Mega Evolution,184,special_illustration_rare,,,,,,,,,,,,
D5-0207,v1|397090611137|0,https://www.ebay.com/itm/397090611137?_skw=Gouging+Fire+ex+204+Temporal+Forces+Pokemon+card&hash=item5c7471dfc1:g:M3AAAeSwjB5o1LGl,Gouging Fire ex 204/162 Special Illustration Rare Pokémon Temporal Forces PSA 10,Graded,2750,,"[""FIXED_PRICE""]",surfsidecollectables,https://i.ebayimg.com/images/g/M3AAAeSwjB5o1LGl/s-l225.jpg,6a1e2c02-b24d-4001-96f1-8bc2a24d8ccd,de749ceb-28f9-4977-b425-a83f69a3cf55,Gouging Fire ex,Temporal Forces,204,special_illustration_rare,,,,,,,,,,,,
D5-0208,v1|377305150667|0,https://www.ebay.com/itm/377305150667?_skw=Gouging+Fire+ex+204+Temporal+Forces+Pokemon+card&hash=item57d923b4cb:g:26AAAeSwknpqQukC,Gouging Fire ex SV05: Temporal Forces #204/162 Special Illustration Rare,Ungraded,4000,,"[""FIXED_PRICE""]",alslen0,https://i.ebayimg.com/images/g/26AAAeSwknpqQukC/s-l225.jpg,6a1e2c02-b24d-4001-96f1-8bc2a24d8ccd,de749ceb-28f9-4977-b425-a83f69a3cf55,Gouging Fire ex,Temporal Forces,204,special_illustration_rare,,,,,,,,,,,,
D5-0209,v1|167265367965|0,https://www.ebay.com/itm/167265367965?_skw=Gouging+Fire+ex+204+Temporal+Forces+Pokemon+card&hash=item26f1caf79d:g:KGgAAOSw9stnrrGB,Pokemon TCG Gouging Fire EX  204 Temporal Forces Special Illustration PSA 10,Graded,2750,,"[""FIXED_PRICE"", ""BEST_OFFER""]",cheaptechny,https://i.ebayimg.com/images/g/KGgAAOSw9stnrrGB/s-l225.jpg,6a1e2c02-b24d-4001-96f1-8bc2a24d8ccd,de749ceb-28f9-4977-b425-a83f69a3cf55,Gouging Fire ex,Temporal Forces,204,special_illustration_rare,,,,,,,,,,,,
D5-0210,v1|278231779251|0,https://www.ebay.com/itm/278231779251?_skw=Gouging+Fire+ex+204+Temporal+Forces&hash=item40c7e807b3:g:i40AAeSwDTBqa4~R,Pokemon 2024 Gouging Fire ex 204/162 SIR Temporal Forces GEM MINT PSA 10,Graded,2750,,"[""FIXED_PRICE""]",oathkeepergames,https://i.ebayimg.com/images/g/i40AAeSwDTBqa4~R/s-l225.jpg,6a1e2c02-b24d-4001-96f1-8bc2a24d8ccd,de749ceb-28f9-4977-b425-a83f69a3cf55,Gouging Fire ex,Temporal Forces,204,special_illustration_rare,,,,,,,,,,,,
D5-0211,v1|336191804923|0,https://www.ebay.com/itm/336191804923?_skw=Gouging+Fire+ex+204+Temporal+Forces+Pokemon+card&hash=item4e4697d5fb:g:2CcAAeSwNwhoz64B,2024 Pokemon SWSH Temporal Forces Gouging Fire ex Full Art 204/162 SIR PSA 10,Graded,2750,,"[""FIXED_PRICE"", ""BEST_OFFER""]",ausartcg,https://i.ebayimg.com/images/g/2CcAAeSwNwhoz64B/s-l225.jpg,6a1e2c02-b24d-4001-96f1-8bc2a24d8ccd,de749ceb-28f9-4977-b425-a83f69a3cf55,Gouging Fire ex,Temporal Forces,204,special_illustration_rare,,,,,,,,,,,,
D5-0212,v1|298483251643|0,https://www.ebay.com/itm/298483251643?_skw=Gouging+Fire+ex+204+Temporal+Forces+Pokemon+card&hash=item457efcf9bb:g:oFgAAeSwTidqSyKe,Pokemon MINT Gouging Fire ex 204/162 SV05 Temporal Forces SIR Holo,Ungraded,4000,,"[""FIXED_PRICE"", ""BEST_OFFER""]",cards4uuu,https://i.ebayimg.com/images/g/oFgAAeSwTidqSyKe/s-l225.jpg,6a1e2c02-b24d-4001-96f1-8bc2a24d8ccd,de749ceb-28f9-4977-b425-a83f69a3cf55,Gouging Fire ex,Temporal Forces,204,special_illustration_rare,,,,,,,,,,,,
D5-0213,v1|168464605792|0,https://www.ebay.com/itm/168464605792?_skw=Marill+204+Paldea+Evolved+Pokemon+card&hash=item273945e260:g:7I0AAeSwYkxqMWh5,2023 POKEMON PALDEA EVOLVED MARILL 204/193 ILLUSTRATION RARE IR PSA 10 GEM MINT,Graded,2750,,"[""FIXED_PRICE""]",chaseball,https://i.ebayimg.com/images/g/7I0AAeSwYkxqMWh5/s-l225.jpg,6a2b87e5-f90b-48f4-be30-a77258bee660,36134e45-4899-474f-88f0-b540ba618b49,Marill,Paldea Evolved,204,illustration_rare,,,,,,,,,,,,
D5-0214,v1|358883218853|0,https://www.ebay.com/itm/358883218853?_skw=Marill+204+Paldea+Evolved+Pokemon+card&hash=item538f1b55a5:g:lT8AAeSwcXdqcg20,Marill Paldea Evolved Illustration Rare Card 204/193 MP,Ungraded,4000,,"[""FIXED_PRICE""]",clvanw-72,https://i.ebayimg.com/images/g/lT8AAeSwcXdqcg20/s-l225.jpg,6a2b87e5-f90b-48f4-be30-a77258bee660,36134e45-4899-474f-88f0-b540ba618b49,Marill,Paldea Evolved,204,illustration_rare,,,,,,,,,,,,
D5-0215,v1|287536530115|0,https://www.ebay.com/itm/287536530115?_skw=Marill+204+Paldea+Evolved+Pokemon+card&hash=item42f28342c3:g:SU8AAeSwe-pqhyI0,Marill 204/193 (NM) - Paldea Evolved - Illustration Rare - Pokemon TCG!!!,Ungraded,4000,,"[""FIXED_PRICE"", ""BEST_OFFER""]",luckyclovercards,https://i.ebayimg.com/images/g/SU8AAeSwe-pqhyI0/s-l225.jpg,6a2b87e5-f90b-48f4-be30-a77258bee660,36134e45-4899-474f-88f0-b540ba618b49,Marill,Paldea Evolved,204,illustration_rare,,,,,,,,,,,,
D5-0216,v1|168529638295|0,https://www.ebay.com/itm/168529638295?_skw=Marill+204+Paldea+Evolved+Pokemon+card&hash=item273d263397:g:X4IAAeSwLhdqUmlZ,Marill 204/193 Paldea Evolved Illustration Rare Holo 70 HP EN,Ungraded,4000,,"[""FIXED_PRICE""]",partypeople3,https://i.ebayimg.com/images/g/X4IAAeSwLhdqUmlZ/s-l225.jpg,6a2b87e5-f90b-48f4-be30-a77258bee660,36134e45-4899-474f-88f0-b540ba618b49,Marill,Paldea Evolved,204,illustration_rare,,,,,,,,,,,,
D5-0217,v1|800590121547|0,https://www.ebay.com/itm/800590121547?_skw=Marill+204+Paldea+Evolved+Pokemon+card&hash=itemba66e3ca4b:g:dpkAAeSw0DZqh-E1,Marill 204/193 Illustration Rare Paldea Evolved Pokemon Holo Near Mint,Ungraded,4000,,"[""FIXED_PRICE""]",oncurve,https://i.ebayimg.com/images/g/dpkAAeSw0DZqh-E1/s-l225.jpg,6a2b87e5-f90b-48f4-be30-a77258bee660,36134e45-4899-474f-88f0-b540ba618b49,Marill,Paldea Evolved,204,illustration_rare,,,,,,,,,,,,
D5-0218,v1|117378220119|0,https://www.ebay.com/itm/117378220119?_skw=Marill+204+Paldea+Evolved&hash=item1b54498057:g:LAIAAeSwdABqjoui,2023 POKEMON PAL EN-PALDEA EVOLVED ILLUSTRATION RARE #204 MARILL PSA 9,Graded,2750,,"[""FIXED_PRICE"", ""BEST_OFFER""]",cbadlax131,https://i.ebayimg.com/images/g/LAIAAeSwdABqjoui/s-l225.jpg,6a2b87e5-f90b-48f4-be30-a77258bee660,36134e45-4899-474f-88f0-b540ba618b49,Marill,Paldea Evolved,204,illustration_rare,,,,,,,,,,,,
D5-0219,v1|318845454151|0,https://www.ebay.com/itm/318845454151?_skw=Team+Rocket%27s+Mewtwo+ex+231+Destined+Rivals&hash=item4a3cab8747:g:xigAAeSwuxVqho2k,SV10 Destined Rivals Team Rocket's Mewtwo ex 231/182 SIR Holo EN HP 280,Ungraded,4000,,"[""AUCTION""]",adke-6109,https://i.ebayimg.com/images/g/xigAAeSwuxVqho2k/s-l225.jpg,6a980108-6683-4461-ac9a-c81a27326dee,129a7668-0ba7-4f77-8585-3847e6c3d342,Team Rocket's Mewtwo ex,Destined Rivals,231,special_illustration_rare,,,,,,,,,,,,
D5-0220,v1|147487757852|0,https://www.ebay.com/itm/147487757852?_skw=Team+Rocket%27s+Mewtwo+ex+231+Destined+Rivals+Pokemon+card&hash=item2256f4961c:g:DVMAAeSwwyJqe4SV,Pokemon 2025 Destined Rivals Team Rocket's Mewtwo EX SAR #231/182,Ungraded,4000,,"[""FIXED_PRICE"", ""BEST_OFFER""]",sv.sportcards,https://i.ebayimg.com/images/g/DVMAAeSwwyJqe4SV/s-l225.jpg,6a980108-6683-4461-ac9a-c81a27326dee,129a7668-0ba7-4f77-8585-3847e6c3d342,Team Rocket's Mewtwo ex,Destined Rivals,231,special_illustration_rare,,,,,,,,,,,,
D5-0221,v1|206542379510|0,https://www.ebay.com/itm/206542379510?_skw=Team+Rocket%27s+Mewtwo+ex+231+Destined+Rivals&hash=item3016e299f6:g:-ekAAeSwkg5qnw6d,Team Rocket's Mewtwo ex Sv10 Destined Rivals 231/182 SIR Holo EN Full Art MINT,Ungraded,4000,,"[""AUCTION""]",jocastl_64,https://i.ebayimg.com/images/g/-ekAAeSwkg5qnw6d/s-l225.jpg,6a980108-6683-4461-ac9a-c81a27326dee,129a7668-0ba7-4f77-8585-3847e6c3d342,Team Rocket's Mewtwo ex,Destined Rivals,231,special_illustration_rare,,,,,,,,,,,,
D5-0222,v1|227508175146|0,https://www.ebay.com/itm/227508175146?_skw=Team+Rocket%27s+Mewtwo+ex+231+Destined+Rivals+Pokemon+card&hash=item34f88b412a:g:kSYAAeSwNXNqnKtQ,2025 Pokemon Destined Rivals #231 Rocket's Mewtwo ex SIR PSA 9,Graded,2750,,"[""FIXED_PRICE"", ""BEST_OFFER""]",northmyrtlebeachsportscards,https://i.ebayimg.com/images/g/kSYAAeSwNXNqnKtQ/s-l225.jpg,6a980108-6683-4461-ac9a-c81a27326dee,129a7668-0ba7-4f77-8585-3847e6c3d342,Team Rocket's Mewtwo ex,Destined Rivals,231,special_illustration_rare,,,,,,,,,,,,
D5-0223,v1|278365876846|0,https://www.ebay.com/itm/278365876846?_skw=Team+Rocket%27s+Mewtwo+ex+231+Destined+Rivals+Pokemon+card&hash=item40cfe6326e:g:E~8AAeSwmXNqpGjD,Pokemon TCG Team Rocket's Mewtwo ex 231/182 PSA 8 SIR Holo Destined Rivals,Graded,2750,,"[""FIXED_PRICE""]",guardian_collectibles,https://i.ebayimg.com/images/g/E~8AAeSwmXNqpGjD/s-l225.jpg,6a980108-6683-4461-ac9a-c81a27326dee,129a7668-0ba7-4f77-8585-3847e6c3d342,Team Rocket's Mewtwo ex,Destined Rivals,231,special_illustration_rare,,,,,,,,,,,,
D5-0224,v1|336791038582|0,https://www.ebay.com/itm/336791038582?_skw=Team+Rocket%27s+Mewtwo+ex+231+Destined+Rivals&hash=item4e6a4f6a76:g:UkMAAeSwHPVqpXTU,Team Rocket's Mewtwo ex 231/182 Sv10: Destined Rivals Holo,Ungraded,4000,,"[""FIXED_PRICE"", ""BEST_OFFER""]",bway-91,https://i.ebayimg.com/images/g/UkMAAeSwHPVqpXTU/s-l225.jpg,6a980108-6683-4461-ac9a-c81a27326dee,129a7668-0ba7-4f77-8585-3847e6c3d342,Team Rocket's Mewtwo ex,Destined Rivals,231,special_illustration_rare,,,,,,,,,,,,
D5-0225,v1|398352569797|0,https://www.ebay.com/itm/398352569797?_skw=Arbok+101+Temporal+Forces+Pokemon+card&hash=item5cbfa9d5c5:g:rVwAAeSwALdqmJ4D,Pokemon Arbok 101/162 Temporal Forces Reverse Holofoil,Ungraded,4000,,"[""FIXED_PRICE""]",notgr3atb0b,https://i.ebayimg.com/images/g/rVwAAeSwALdqmJ4D/s-l225.jpg,740ad74c-8c0c-411f-9ec7-2c734210b8f1,e8c344f6-9bee-4ad6-8356-63ee4e2988cf,Arbok,Temporal Forces,101,common,,,,,,,,,,,,
D5-0226,v1|396260940911|0,https://www.ebay.com/itm/396260940911?_skw=Arbok+101+Temporal+Forces&hash=item5c42fe1c6f:g:lmYAAOSwHMtnnB-G,Arbok 101/162 Sv05: Temporal Forces Reverse Holo,Ungraded,4000,,"[""FIXED_PRICE""]",shape9253,https://i.ebayimg.com/images/g/lmYAAOSwHMtnnB-G/s-l225.jpg,740ad74c-8c0c-411f-9ec7-2c734210b8f1,e8c344f6-9bee-4ad6-8356-63ee4e2988cf,Arbok,Temporal Forces,101,common,,,,,,,,,,,,
D5-0227,v1|227497909958|0,https://www.ebay.com/itm/227497909958?_skw=Arbok+101+Temporal+Forces+Pokemon+card&hash=item34f7ee9ec6:g:a9UAAeSwXm5qlD-0,Arbok - reverse holo - Temporal Forces #101 - POKEMON -NM  -D4,Ungraded,4000,,"[""FIXED_PRICE""]",m6cards,https://i.ebayimg.com/images/g/a9UAAeSwXm5qlD-0/s-l225.jpg,740ad74c-8c0c-411f-9ec7-2c734210b8f1,e8c344f6-9bee-4ad6-8356-63ee4e2988cf,Arbok,Temporal Forces,101,common,,,,,,,,,,,,
D5-0228,v1|188831569722|0,https://www.ebay.com/itm/188831569722?_skw=Arbok+101+Temporal+Forces+Pokemon+card&hash=item2bf73d173a:g:9AEAAeSwva1qi0dN,Arbok 101/162 Common Temporal Forces Pokemon Reverse Holo Near Mint MINATO,Ungraded,4000,,"[""FIXED_PRICE""]",oldcozy,https://i.ebayimg.com/images/g/9AEAAeSwva1qi0dN/s-l225.jpg,740ad74c-8c0c-411f-9ec7-2c734210b8f1,e8c344f6-9bee-4ad6-8356-63ee4e2988cf,Arbok,Temporal Forces,101,common,,,,,,,,,,,,
D5-0229,v1|377490760642|0,https://www.ebay.com/itm/377490760642?_skw=Arbok+101+Temporal+Forces+Pokemon+card&hash=item57e433e3c2:g:e5QAAeSwl9hqpWfU,Arbok 101/162 Common Temporal Forces Pokemon Reverse Holo Near Mint,Ungraded,4000,,"[""FIXED_PRICE"", ""BEST_OFFER""]",sas-collectibles,https://i.ebayimg.com/images/g/e5QAAeSwl9hqpWfU/s-l225.jpg,740ad74c-8c0c-411f-9ec7-2c734210b8f1,e8c344f6-9bee-4ad6-8356-63ee4e2988cf,Arbok,Temporal Forces,101,common,,,,,,,,,,,,
D5-0230,v1|358688245809|0,https://www.ebay.com/itm/358688245809?_skw=Arbok+101+Temporal+Forces+Pokemon+card&hash=item53837c4831:g:Tj8AAeSwav5qMccs,Arbok 101/162 - Temporal Forces - Common NM,Ungraded,4000,,"[""FIXED_PRICE""]",jrscardco,https://i.ebayimg.com/images/g/Tj8AAeSwav5qMccs/s-l225.jpg,740ad74c-8c0c-411f-9ec7-2c734210b8f1,e8c344f6-9bee-4ad6-8356-63ee4e2988cf,Arbok,Temporal Forces,101,common,,,,,,,,,,,,
D5-0231,v1|377487129227|0,https://www.ebay.com/itm/377487129227?_skw=Mega+Darkrai+ex+116+Pitch+Black&hash=item57e3fc7a8b:g:acIAAeSw7qBqoxQN,2026 Pokemon Pitch Black Mega Darkrai ex Special Illustration Rare #116/084,Ungraded,4000,,"[""AUCTION""]",dcsports87,https://i.ebayimg.com/images/g/acIAAeSw7qBqoxQN/s-l225.jpg,75720435-3807-46b6-b3da-5e1c53b77822,9ad0c133-f133-45ab-9b3f-494199354e20,Mega Darkrai ex,Pitch Black,116,special_illustration_rare,,,,,,,,,,,,
D5-0232,v1|318836296929|0,https://www.ebay.com/itm/318836296929?_skw=Mega+Darkrai+ex+116+Pitch+Black+Pokemon+card&hash=item4a3c1fcce1:g:kxgAAeSwPdNqnhb~,Pokémon Mega Darkrai EX Pitch Black Special Illustration Rare SIR 116/084,Ungraded,4000,,"[""FIXED_PRICE"", ""BEST_OFFER""]",redskinlb58,https://i.ebayimg.com/images/g/kxgAAeSwPdNqnhb~/s-l225.jpg,75720435-3807-46b6-b3da-5e1c53b77822,9ad0c133-f133-45ab-9b3f-494199354e20,Mega Darkrai ex,Pitch Black,116,special_illustration_rare,,,,,,,,,,,,
D5-0233,v1|158236314514|0,https://www.ebay.com/itm/158236314514?_skw=Mega+Darkrai+ex+116+Pitch+Black&hash=item24d79e8b92:g:iloAAeSwS8tqkuVD,Mega Darkrai ex 116/084 Me05: Pitch Black Holo NM / Mint,Ungraded,4000,,"[""FIXED_PRICE""]",scsienk-64,https://i.ebayimg.com/images/g/iloAAeSwS8tqkuVD/s-l225.jpg,75720435-3807-46b6-b3da-5e1c53b77822,9ad0c133-f133-45ab-9b3f-494199354e20,Mega Darkrai ex,Pitch Black,116,special_illustration_rare,,,,,,,,,,,,
D5-0234,v1|178494168786|0,https://www.ebay.com/itm/178494168786?_skw=Mega+Darkrai+ex+116+Pitch+Black+Pokemon+card&hash=item298f14ded2:g:7GkAAeSw6EJqpyqQ,Mega Darkrai ex 116/084 Me05: Pitch Black Holo,Ungraded,4000,,"[""FIXED_PRICE"", ""BEST_OFFER""]",britbai9212,https://i.ebayimg.com/images/g/7GkAAeSw6EJqpyqQ/s-l225.jpg,75720435-3807-46b6-b3da-5e1c53b77822,9ad0c133-f133-45ab-9b3f-494199354e20,Mega Darkrai ex,Pitch Black,116,special_illustration_rare,,,,,,,,,,,,
D5-0235,v1|800637664174|0,https://www.ebay.com/itm/800637664174?_skw=Mega+Darkrai+ex+116+Pitch+Black+Pokemon+card&hash=itemba69b93bae:g:m-sAAeSwezBqoc5a,2026 Pokemon Pitch Black Mega Darkrai EX SIR 116/84 - Off Centered with scratch,Ungraded,4000,,"[""AUCTION""]",dabirds365,https://i.ebayimg.com/images/g/m-sAAeSwezBqoc5a/s-l225.jpg,75720435-3807-46b6-b3da-5e1c53b77822,9ad0c133-f133-45ab-9b3f-494199354e20,Mega Darkrai ex,Pitch Black,116,special_illustration_rare,,,,,,,,,,,,
D5-0236,v1|278359674427|0,https://www.ebay.com/itm/278359674427?_skw=Mega+Darkrai+ex+116+Pitch+Black&hash=item40cf878e3b:g:xzQAAeSwoVVqoZRY,MEGA DARKRAI EX POKEMON PITCH BLACK 116/084 SPECIAL ILLUSTRATION RARE SIR Q1887,Ungraded,4000,,"[""FIXED_PRICE""]",quickconsign,https://i.ebayimg.com/images/g/xzQAAeSwoVVqoZRY/s-l225.jpg,75720435-3807-46b6-b3da-5e1c53b77822,9ad0c133-f133-45ab-9b3f-494199354e20,Mega Darkrai ex,Pitch Black,116,special_illustration_rare,,,,,,,,,,,,
D5-0237,v1|198562606671|0,https://www.ebay.com/itm/198562606671?_skw=Crustle+183+Paradox+Rift+Pokemon+card&hash=item2e3b40ee4f:g:3DIAAeSw1~Nqepwq,Crustle 183/182 SV04: Paradox Rift Holo,Ungraded,4000,,"[""FIXED_PRICE""]",dixie-card-company,https://i.ebayimg.com/images/g/3DIAAeSw1~Nqepwq/s-l225.jpg,77b44a76-26f7-4fa0-a548-c29870a7bb68,63f84d31-df83-456f-bd4c-e59b7e2ba541,Crustle,Paradox Rift,183,illustration_rare,,,,,,,,,,,,
D5-0238,v1|178439637793|0,https://www.ebay.com/itm/178439637793?_skw=Crustle+183+Paradox+Rift+Pokemon+card&hash=item298bd4cb21:g:AeEAAeSw131qjaxo,Pokémon Crustle Illustration Rare SV04: Paradox Rift 183/182 NM,Ungraded,4000,,"[""FIXED_PRICE""]",thepokeman95,https://i.ebayimg.com/images/g/AeEAAeSw131qjaxo/s-l225.jpg,77b44a76-26f7-4fa0-a548-c29870a7bb68,63f84d31-df83-456f-bd4c-e59b7e2ba541,Crustle,Paradox Rift,183,illustration_rare,,,,,,,,,,,,
D5-0239,v1|396172848972|0,https://www.ebay.com/itm/396172848972?_skw=Crustle+183+Paradox+Rift+Pokemon+card&hash=item5c3dbdef4c:g:J-4AAOSw9MZnodDd,Crustle 183/182 Sv04: Paradox Rift Holo Special Illustration Rare Pokemon Card,Ungraded,4000,,"[""FIXED_PRICE"", ""BEST_OFFER""]",kevinskollectables500,https://i.ebayimg.com/images/g/J-4AAOSw9MZnodDd/s-l225.jpg,77b44a76-26f7-4fa0-a548-c29870a7bb68,63f84d31-df83-456f-bd4c-e59b7e2ba541,Crustle,Paradox Rift,183,illustration_rare,,,,,,,,,,,,
D5-0240,v1|318730485796|0,https://www.ebay.com/itm/318730485796?_skw=Crustle+183+Paradox+Rift+Pokemon+card&hash=item4a35d14024:g:kvoAAeSwEe9qf2iW,Pokemon Crustle 183/182 Illustration Rare Paradox Rift Holo Lightly Played,Ungraded,4000,,"[""FIXED_PRICE"", ""BEST_OFFER""]",upcollectables,https://i.ebayimg.com/images/g/kvoAAeSwEe9qf2iW/s-l225.jpg,77b44a76-26f7-4fa0-a548-c29870a7bb68,63f84d31-df83-456f-bd4c-e59b7e2ba541,Crustle,Paradox Rift,183,illustration_rare,,,,,,,,,,,,
D5-0241,v1|386788210669|0,https://www.ebay.com/itm/386788210669?_skw=Crustle+183+Paradox+Rift+Pokemon+card&hash=item5a0e5fb7ed:g:nuYAAOSwCEdl0ZG9&amdata=enc%3AAQALAAABAACCtXRWQnOEpyOqnQQ8KGb%2BcSlY%2BriU%2Fatsfgq1lAk9ZjsKcy8EBH%2BlfNvcJifeVj3TPw7fjqm9Xb2Gqznv7qaqG6YypetQRjJeIQ%2FjHQMeyiQIF4HkgpJ2JU0pWkh%2BWh9kd%2BqaYOYr6uZo47%2FwfwfjmrmlWOlYF5Fo16tXN6nwBUEgZIX%2FNhbAR2h3k4MVsrWmtFC5HBhWUupqUNfc75aHz41mib%2B3%2FbM7qrlYnlo1HQl1vhLb%2FuAfAMRmolr45IzrVkX9GjJJIODnAI67mhKEEU5oG3WsFHOkhGIwkzRyhGImiI6jCc9a30X7T%2FNy%2F%2BBmnZcHc3coifSkA9tyRS8%3D,🎯🔥Pokemon TCG Crustle - 183/182 Paradox Rift Holo Illustration Rare🎯🔥,Ungraded,4000,,"[""FIXED_PRICE"", ""BEST_OFFER""]",jodel304744,https://i.ebayimg.com/images/g/nuYAAOSwCEdl0ZG9/s-l225.jpg,77b44a76-26f7-4fa0-a548-c29870a7bb68,63f84d31-df83-456f-bd4c-e59b7e2ba541,Crustle,Paradox Rift,183,illustration_rare,,,,,,,,,,,,
D5-0242,v1|278368638843|0,https://www.ebay.com/itm/278368638843?_skw=Crustle+183+Paradox+Rift+Pokemon+card&hash=item40d010577b:g:1BYAAeSwcFNqpZTk,Crustle 183/182 Illustration Rare Paradox Rift Pokemon Holo,Ungraded,4000,,"[""FIXED_PRICE""]",benvercards,https://i.ebayimg.com/images/g/1BYAAeSwcFNqpZTk/s-l225.jpg,77b44a76-26f7-4fa0-a548-c29870a7bb68,63f84d31-df83-456f-bd4c-e59b7e2ba541,Crustle,Paradox Rift,183,illustration_rare,,,,,,,,,,,,
D5-0243,v1|147463044664|0,https://www.ebay.com/itm/147463044664?_skw=Cresselia+71+Shrouded+Fable+Pokemon+card&hash=item22557b7e38:g:mQEAAeSwD-BqZo6x,Cresselia 021/064 Rare Shrouded Fable Pokemon Holo Near Mint,Ungraded,4000,,"[""FIXED_PRICE"", ""BEST_OFFER""]",cj1_1656,https://i.ebayimg.com/images/g/mQEAAeSwD-BqZo6x/s-l225.jpg,7b00ea04-5c2a-4172-8025-afba48ddacb3,94d01e3d-09de-4d04-a0d8-1f36a5cfe684,Cresselia,Shrouded Fable,71,illustration_rare,,,,,,,,,,,,
D5-0244,v1|237008338005|0,https://www.ebay.com/itm/237008338005?_skw=Cresselia+71+Shrouded+Fable+Pokemon+card&hash=item372ecc3c55:g:XjMAAeSwawdqgM3~,Cresselia 021/064 Rare Shrouded Fable Pokemon Holo Near Mint,Ungraded,4000,,"[""FIXED_PRICE""]",ea-collectables,https://i.ebayimg.com/images/g/XjMAAeSwawdqgM3~/s-l225.jpg,7b00ea04-5c2a-4172-8025-afba48ddacb3,94d01e3d-09de-4d04-a0d8-1f36a5cfe684,Cresselia,Shrouded Fable,71,illustration_rare,,,,,,,,,,,,
D5-0245,v1|800651951050|0,https://www.ebay.com/itm/800651951050?_skw=Cresselia+71+Shrouded+Fable+Pokemon+card&hash=itemba6a933bca:g:KzkAAeSwtLZqpcCV,Cresselia Illustration Rare SV: Shrouded Fable 071/064 Holo NM,Ungraded,4000,,"[""FIXED_PRICE""]",spritextcg,https://i.ebayimg.com/images/g/KzkAAeSwtLZqpcCV/s-l225.jpg,7b00ea04-5c2a-4172-8025-afba48ddacb3,94d01e3d-09de-4d04-a0d8-1f36a5cfe684,Cresselia,Shrouded Fable,71,illustration_rare,,,,,,,,,,,,
D5-0246,v1|307140784276|0,https://www.ebay.com/itm/307140784276?_skw=Cresselia+71+Shrouded+Fable+Pokemon+card&hash=item4783047094:g:W~IAAeSwIR1qibsO,Cresselia 021/064 Rare Shrouded Fable Pokemon Holo NM,Ungraded,4000,,"[""FIXED_PRICE""]",desirablecardboard,https://i.ebayimg.com/images/g/W~IAAeSwIR1qibsO/s-l225.jpg,7b00ea04-5c2a-4172-8025-afba48ddacb3,94d01e3d-09de-4d04-a0d8-1f36a5cfe684,Cresselia,Shrouded Fable,71,illustration_rare,,,,,,,,,,,,
D5-0247,v1|298671071235|0,https://www.ebay.com/itm/298671071235?_skw=Cresselia+71+Shrouded+Fable+Pokemon+card&hash=item458a2ee003:g:NasAAeSwMaJqpsio,Cresselia Reverse Holo Rare SV: Shrouded Fable 021/064 NM,Ungraded,4000,,"[""FIXED_PRICE"", ""BEST_OFFER""]",spmtradingcards,https://i.ebayimg.com/images/g/NasAAeSwMaJqpsio/s-l225.jpg,7b00ea04-5c2a-4172-8025-afba48ddacb3,94d01e3d-09de-4d04-a0d8-1f36a5cfe684,Cresselia,Shrouded Fable,71,illustration_rare,,,,,,,,,,,,
D5-0248,v1|398065759320|0,https://www.ebay.com/itm/398065759320?_skw=Cresselia+71+Shrouded+Fable+Pokemon+card&hash=item5cae917458:g:pV0AAeSwf-hqL0mV,CRESSELIA 021/064 HOLO SHROUDED FABLE POKEMON NEAR MINT,Ungraded,4000,,"[""FIXED_PRICE""]",perrys.playing.cards,https://i.ebayimg.com/images/g/pV0AAeSwf-hqL0mV/s-l225.jpg,7b00ea04-5c2a-4172-8025-afba48ddacb3,94d01e3d-09de-4d04-a0d8-1f36a5cfe684,Cresselia,Shrouded Fable,71,illustration_rare,,,,,,,,,,,,
D5-0249,v1|206552722950|0,https://www.ebay.com/itm/206552722950?_skw=Canari+291+Ascended+Heroes+Pokemon+card&hash=item3017806e06:g:jngAAeSwzLhqpaqo,Canari 291/217 Me: Ascended Heroes Holo SIR,Ungraded,4000,,"[""FIXED_PRICE"", ""BEST_OFFER""]",retrot1me,https://i.ebayimg.com/images/g/jngAAeSwzLhqpaqo/s-l225.jpg,7f065a2b-5cab-45c8-8fd8-96d4c07c4ee8,3805ddb2-e4cd-40b3-8a52-82398effa130,Canari,Ascended Heroes,291,special_illustration_rare,,,,,,,,,,,,
D5-0250,v1|287573463907|0,https://www.ebay.com/itm/287573463907?_skw=Canari+291+Ascended+Heroes&hash=item42f4b6d363:g:j9YAAeSwY41qnx0g,Pokemon | Canari | 291/217 | Ascended Heroes | Special Illustration Rare,Ungraded,4000,,"[""FIXED_PRICE""]",rucan-games,https://i.ebayimg.com/images/g/j9YAAeSwY41qnx0g/s-l225.jpg,7f065a2b-5cab-45c8-8fd8-96d4c07c4ee8,3805ddb2-e4cd-40b3-8a52-82398effa130,Canari,Ascended Heroes,291,special_illustration_rare,,,,,,,,,,,,
D5-0251,v1|117405019295|0,https://www.ebay.com/itm/117405019295?_skw=Canari+291+Ascended+Heroes&hash=item1b55e26c9f:g:M~cAAeSw7eRqofJE&amdata=enc%3AAQALAAABAACCtXRWQnOEpyOqnQQ8KGYkbfYMoGaNB2kH%2Bq0dNQdkTR5CVIgF2jIDNs%2FobF%2FKLMW2Q51FLwAmVkYkGnUZXyLfZ3hyqrzleCgsELmg479OhqgZkCgxjnrhwFQ%2B1EZH1OakYcb5QmqwVnqTixs1tlqPwoOgPWB2xDCl6tXi4%2BcP0%2BfFZmnwqD3fQvvdlCyoiTJtj8eN4i6RLUr%2FmJmPTFZ2m9O3tuHRry0c63vmStT6g0C4taJjW3i2wyngiUgAb%2FZJxPcKM6%2BT%2FbIl5MAxZGbMmQ8xst6r%2F4vyr7FT1ifqTY%2FKQF%2FR79mD3vTkeTb5%2FUxNt9PLKV81%2BUERzVWlVug%3D,Nintendo Canari 291/217 Me: Ascended Heroes Secret Rare Full Art Foil EN,Ungraded,4000,,"[""FIXED_PRICE"", ""BEST_OFFER""]",siceg6,https://i.ebayimg.com/images/g/M~cAAeSw7eRqofJE/s-l225.jpg,7f065a2b-5cab-45c8-8fd8-96d4c07c4ee8,3805ddb2-e4cd-40b3-8a52-82398effa130,Canari,Ascended Heroes,291,special_illustration_rare,,,,,,,,,,,,
D5-0252,v1|358762169563|0,https://www.ebay.com/itm/358762169563?_skw=Canari+291+Ascended+Heroes+Pokemon+card&hash=item5387e444db:g:WrYAAeSwxARqS5aK,Canari 291/217 PCG 10 Pristine Ascended Heroes ASC Pokemon card,Graded,2750,,"[""FIXED_PRICE"", ""BEST_OFFER""]",singles_in_your_area,https://i.ebayimg.com/images/g/WrYAAeSwxARqS5aK/s-l225.jpg,7f065a2b-5cab-45c8-8fd8-96d4c07c4ee8,3805ddb2-e4cd-40b3-8a52-82398effa130,Canari,Ascended Heroes,291,special_illustration_rare,,,,,,,,,,,,
D5-0253,v1|358488166638|0,https://www.ebay.com/itm/358488166638?_skw=Canari+291+Ascended+Heroes+Pokemon+card&hash=item53778f50ee:g:fMQAAeSwhkpp7ZPD,Pokemon TCG - Canari 291/217 - Ascended Heroes - Special Illustration Rare Mint,Ungraded,4000,,"[""FIXED_PRICE"", ""BEST_OFFER""]",berniescardlab,https://i.ebayimg.com/images/g/fMQAAeSwhkpp7ZPD/s-l225.jpg,7f065a2b-5cab-45c8-8fd8-96d4c07c4ee8,3805ddb2-e4cd-40b3-8a52-82398effa130,Canari,Ascended Heroes,291,special_illustration_rare,,,,,,,,,,,,
D5-0254,v1|237022081619|0,https://www.ebay.com/itm/237022081619?_skw=Canari+291+Ascended+Heroes+Pokemon+card&hash=item372f9df253:g:AxEAAeSw3B1qiMEc,Canari 291/217 Pokemon Ascended Heroes Trainer Rare Full Art Holo English 2026,Ungraded,4000,,"[""FIXED_PRICE""]",aa-cardz,https://i.ebayimg.com/images/g/AxEAAeSw3B1qiMEc/s-l225.jpg,7f065a2b-5cab-45c8-8fd8-96d4c07c4ee8,3805ddb2-e4cd-40b3-8a52-82398effa130,Canari,Ascended Heroes,291,special_illustration_rare,,,,,,,,,,,,
D5-0255,v1|147510575203|0,https://www.ebay.com/itm/147510575203?_skw=Mega+Gengar+ex+284+Ascended+Heroes+Pokemon+card&hash=item225850c063:g:a5cAAeSwkAlqgunQ,Mega Gengar ex 284/217 Me: Ascended Heroes Holo,Ungraded,4000,,"[""FIXED_PRICE"", ""BEST_OFFER""]",dustball71,https://i.ebayimg.com/images/g/a5cAAeSwkAlqgunQ/s-l225.jpg,828c0d0d-2ede-4bab-bed4-407cd3cf8662,06c45a41-2b44-401a-9703-5c9952f2580f,Mega Gengar ex,Ascended Heroes,284,special_illustration_rare,,,,,,,,,,,,
D5-0256,v1|278368286281|0,https://www.ebay.com/itm/278368286281?_skw=Mega+Gengar+ex+284+Ascended+Heroes+Pokemon+card&hash=item40d00af649:g:bPAAAeSw-M1qpWvK,Mega Gengar ex 284/217 Pokémon Ascended Heroes SIR,Ungraded,4000,,"[""FIXED_PRICE"", ""BEST_OFFER""]",evaus_bdvyw,https://i.ebayimg.com/images/g/bPAAAeSw-M1qpWvK/s-l225.jpg,828c0d0d-2ede-4bab-bed4-407cd3cf8662,06c45a41-2b44-401a-9703-5c9952f2580f,Mega Gengar ex,Ascended Heroes,284,special_illustration_rare,,,,,,,,,,,,
D5-0257,v1|800628062838|0,https://www.ebay.com/itm/800628062838?_skw=Mega+Gengar+ex+284+Ascended+Heroes&hash=itemba6926ba76:g:zWgAAeSwrsFqUAUx,2026 Pokemon Ascended Heroes ASC EN Mega Gengar Ex SIR #284,Ungraded,4000,,"[""AUCTION""]",probstein123,https://i.ebayimg.com/images/g/zWgAAeSwrsFqUAUx/s-l225.jpg,828c0d0d-2ede-4bab-bed4-407cd3cf8662,06c45a41-2b44-401a-9703-5c9952f2580f,Mega Gengar ex,Ascended Heroes,284,special_illustration_rare,,,,,,,,,,,,
D5-0258,v1|407198038770|0,https://www.ebay.com/itm/407198038770?_skw=Mega+Gengar+ex+284+Ascended+Heroes&hash=item5ecee4faf2:g:~nMAAeSwmpZqnh~Y,Pokemon 2026 Mega Gengar ex 284/217 SIR Ascended Heroes PSA 9,Graded,2750,,"[""AUCTION""]",arizona_tcg,https://i.ebayimg.com/images/g/~nMAAeSwmpZqnh~Y/s-l225.jpg,828c0d0d-2ede-4bab-bed4-407cd3cf8662,06c45a41-2b44-401a-9703-5c9952f2580f,Mega Gengar ex,Ascended Heroes,284,special_illustration_rare,,,,,,,,,,,,
D5-0259,v1|198634965686|0,https://www.ebay.com/itm/198634965686?_skw=Mega+Gengar+ex+284+Ascended+Heroes&hash=item2e3f910ab6:g:3nEAAeSwnsxqpGP1,Mega Gengar EX Special Illustration Rare (284) 2026 Pokemon Asc EN-Ascended Hero,Ungraded,4000,,"[""FIXED_PRICE""]",rareroutecollectibles,https://i.ebayimg.com/images/g/3nEAAeSwnsxqpGP1/s-l225.jpg,828c0d0d-2ede-4bab-bed4-407cd3cf8662,06c45a41-2b44-401a-9703-5c9952f2580f,Mega Gengar ex,Ascended Heroes,284,special_illustration_rare,,,,,,,,,,,,
D5-0260,v1|158284811859|0,https://www.ebay.com/itm/158284811859?_skw=Mega+Gengar+ex+284+Ascended+Heroes+Pokemon+card&hash=item24da828e53:g:ivUAAeSwkxFqpX6M&amdata=enc%3AAQALAAABEACCtXRWQnOEpyOqnQQ8KGb27b9cD3XC0kpTNgCZq%2Bjthn3rCreqRu07XTErZ%2BGoVBGLSyBewzGt%2BH6NXePqRWwkR3IcLjeTaEZiK4AZJ44HO%2F5IQYcaYpqEIsqxHsK0XXJv2H%2FQxBNm88KMtElakqW%2F15mnz5H53HM3%2BojFi0%2F9527NldB4h8SGoh1SIbkip31zfp%2FUp%2B%2BgVnE0TcOTf1nvgLAkOh0BCn3OTUsqWnyAONtYtufyNGyika%2BwMatf3rG6D8zNdFVWx4Rgf3D4D%2FWJaUhpkFFSnkTSumWfKYTzwe5x8Y3uIUhFhneEOrK7hajf5DGTQ06dzu0ndmYKFYHomeIW%2F6sIPrxwvlC3rl4P,Just opened NM Mega Gengar ex 284/217 Phantasmal Flames Double Rare Holo Eng,Ungraded,4000,,"[""FIXED_PRICE"", ""BEST_OFFER""]",rmil-3,https://i.ebayimg.com/images/g/ivUAAeSwkxFqpX6M/s-l225.jpg,828c0d0d-2ede-4bab-bed4-407cd3cf8662,06c45a41-2b44-401a-9703-5c9952f2580f,Mega Gengar ex,Ascended Heroes,284,special_illustration_rare,,,,,,,,,,,,
D5-0261,v1|800647466902|0,https://www.ebay.com/itm/800647466902?_skw=Houndour+204+Obsidian+Flames&hash=itemba6a4ecf96:g:FX0AAeSwpr5qpIKP,The Pokémon Company Houndour 204/197 Obsidian Flames IR Holo EN 2023 50HP,Ungraded,4000,,"[""FIXED_PRICE"", ""BEST_OFFER""]",nickolausanthony90,https://i.ebayimg.com/images/g/FX0AAeSwpr5qpIKP/s-l225.jpg,829b12ba-c7f5-4796-9a57-a2a2463c8461,0fc5990b-19e3-4716-b616-b221acc480a6,Houndour,Obsidian Flames,204,illustration_rare,,,,,,,,,,,,
D5-0262,v1|800612438216|0,https://www.ebay.com/itm/800612438216?_skw=Houndour+204+Obsidian+Flames+Pokemon+card&hash=itemba683850c8:g:eSMAAeSw3EVqmuw3,Houndour Holo Illustration Rare SV03: Obsidian Flames 204/197 NM,Ungraded,4000,,"[""FIXED_PRICE"", ""BEST_OFFER""]",ngu-8656,https://i.ebayimg.com/images/g/eSMAAeSw3EVqmuw3/s-l225.jpg,829b12ba-c7f5-4796-9a57-a2a2463c8461,0fc5990b-19e3-4716-b616-b221acc480a6,Houndour,Obsidian Flames,204,illustration_rare,,,,,,,,,,,,
D5-0263,v1|800484146764|0,https://www.ebay.com/itm/800484146764?_skw=Houndour+204+Obsidian+Flames+Pokemon+card&hash=itemba6092be4c:g:R1UAAeSwA9FqeS20,Houndour 204/197 SV03: Obsidian Flames Holo,Ungraded,4000,,"[""FIXED_PRICE""]",stevenzerving.v2,https://i.ebayimg.com/images/g/R1UAAeSwA9FqeS20/s-l225.jpg,829b12ba-c7f5-4796-9a57-a2a2463c8461,0fc5990b-19e3-4716-b616-b221acc480a6,Houndour,Obsidian Flames,204,illustration_rare,,,,,,,,,,,,
D5-0264,v1|147317717960|0,https://www.ebay.com/itm/147317717960?_skw=Houndour+204+Obsidian+Flames+Pokemon+card&hash=item224cd1fbc8:g:4MEAAeSwpZhqC55z,Houndour 204/197 Illustration Rare 2023 Pokemon Obsidian Flames Full Art Card NM,Ungraded,4000,,"[""FIXED_PRICE"", ""BEST_OFFER""]",spheal123,https://i.ebayimg.com/images/g/4MEAAeSwpZhqC55z/s-l225.jpg,829b12ba-c7f5-4796-9a57-a2a2463c8461,0fc5990b-19e3-4716-b616-b221acc480a6,Houndour,Obsidian Flames,204,illustration_rare,,,,,,,,,,,,
D5-0265,v1|188855681628|0,https://www.ebay.com/itm/188855681628?_skw=Houndour+204+Obsidian+Flames+Pokemon+card&hash=item2bf8ad025c:g:Ic8AAeSwVsxqkkl4,Houndour 204/197 SV03: Obsidian Flames Holo,Ungraded,4000,,"[""FIXED_PRICE"", ""BEST_OFFER""]",boosted_cards_collectibles,https://i.ebayimg.com/images/g/Ic8AAeSwVsxqkkl4/s-l225.jpg,829b12ba-c7f5-4796-9a57-a2a2463c8461,0fc5990b-19e3-4716-b616-b221acc480a6,Houndour,Obsidian Flames,204,illustration_rare,,,,,,,,,,,,
D5-0266,v1|377389497057|0,https://www.ebay.com/itm/377389497057?_skw=Houndour+204+Obsidian+Flames+Pokemon+card&hash=item57de2abae1:g:aEYAAeSwNm9qb6Ss,Pokemon TCG Houndour 204/197 Obsidian Flames Full Art Holo Rare 50 HP (2023),Ungraded,4000,,"[""FIXED_PRICE"", ""BEST_OFFER""]",nic4250,https://i.ebayimg.com/images/g/aEYAAeSwNm9qb6Ss/s-l225.jpg,829b12ba-c7f5-4796-9a57-a2a2463c8461,0fc5990b-19e3-4716-b616-b221acc480a6,Houndour,Obsidian Flames,204,illustration_rare,,,,,,,,,,,,
D5-0267,v1|286357045307|0,https://www.ebay.com/itm/286357045307?_skw=Bronzor+68+Temporal+Forces+Pokemon+card&hash=item42ac35c03b:g:dU0AAeSwmhZnu-dI,Bronzor 68/162 - Temporal Forces - Reverse Holo - NM/M - Pokémon,Ungraded,4000,,"[""FIXED_PRICE"", ""BEST_OFFER""]",pokeyissue,https://i.ebayimg.com/images/g/dU0AAeSwmhZnu-dI/s-l225.jpg,8a2827bc-48b7-4dfd-b240-501fe24100b9,4db4cc1d-2bfd-45e2-a457-7cb450d1f79a,Bronzor,Temporal Forces,68,common,,,,,,,,,,,,
D5-0268,v1|196328747196|0,https://www.ebay.com/itm/196328747196?_skw=Bronzor+68+Temporal+Forces&hash=item2db61af0bc:g:J5QAAOSwPp1mDq2b,Holo Bronzor 68/162 Temporal Forces MINT Condition,Ungraded,4000,,"[""FIXED_PRICE""]",edwgra11,https://i.ebayimg.com/images/g/J5QAAOSwPp1mDq2b/s-l225.jpg,8a2827bc-48b7-4dfd-b240-501fe24100b9,4db4cc1d-2bfd-45e2-a457-7cb450d1f79a,Bronzor,Temporal Forces,68,common,,,,,,,,,,,,
D5-0269,v1|388293976616|655941758897,https://www.ebay.com/itm/388293976616?_skw=Bronzor+68+Temporal+Forces&hash=item5a681fe228:g:HKsAAOSwgCJoBMbX,Pokémon TCG Temporal Forces 1 - 162 - PICK YOUR OWN reverse holo and normal,Ungraded,4000,,"[""FIXED_PRICE""]",lonestarpokeshop,https://i.ebayimg.com/images/g/HKsAAOSwgCJoBMbX/s-l225.jpg,8a2827bc-48b7-4dfd-b240-501fe24100b9,4db4cc1d-2bfd-45e2-a457-7cb450d1f79a,Bronzor,Temporal Forces,68,common,,,,,,,,,,,,
D5-0270,v1|256878155300|0,https://www.ebay.com/itm/256878155300?_skw=Bronzor+68+Temporal+Forces&hash=item3bcf219624:g:3KgAAeSwihJoUY3~,Bronzor 68/162 Common Temporal Forces Pokemon,Ungraded,4000,,"[""FIXED_PRICE""]",prism_tcg,https://i.ebayimg.com/images/g/3KgAAeSwihJoUY3~/s-l225.jpg,8a2827bc-48b7-4dfd-b240-501fe24100b9,4db4cc1d-2bfd-45e2-a457-7cb450d1f79a,Bronzor,Temporal Forces,68,common,,,,,,,,,,,,
D5-0271,v1|285902885871|587953624135,https://www.ebay.com/itm/285902885871?_skw=Bronzor+68+Temporal+Forces+Pokemon+card&hash=item429123d3ef:g:1YEAAOSwimZmfKJU,POKEMON - TEMPORAL FORCES - REVERSE HOLO'S - UP TO 50% OFF WITH MULTI BUY,Ungraded,4000,,"[""FIXED_PRICE""]",godwin_hawkins,https://i.ebayimg.com/images/g/1YEAAOSwimZmfKJU/s-l225.jpg,8a2827bc-48b7-4dfd-b240-501fe24100b9,4db4cc1d-2bfd-45e2-a457-7cb450d1f79a,Bronzor,Temporal Forces,68,common,,,,,,,,,,,,
D5-0272,v1|227267417522|526472350346,https://www.ebay.com/itm/227267417522?_skw=Bronzor+68+Temporal+Forces+Pokemon+card&hash=item34ea3195b2:g:yX4AAeSwFWxpv1p~,Pokemon Pick Your Temporal Forces Reverse Holo Pokémon Card! Near Mint,Ungraded,4000,,"[""FIXED_PRICE""]",origins_collectibles,https://i.ebayimg.com/images/g/yX4AAeSwFWxpv1p~/s-l225.jpg,8a2827bc-48b7-4dfd-b240-501fe24100b9,4db4cc1d-2bfd-45e2-a457-7cb450d1f79a,Bronzor,Temporal Forces,68,common,,,,,,,,,,,,
D5-0273,v1|318821479482|0,https://www.ebay.com/itm/318821479482?_skw=Leavanny+89+White+Flare+Pokemon+card&hash=item4a3b3db43a:g:jFEAAeSwo5Fqmc6S,Leavanny 003/086 Uncommon White Flare Pokemon Reverse Holo NM,Ungraded,4000,,"[""FIXED_PRICE"", ""BEST_OFFER""]",radiant_cards_co,https://i.ebayimg.com/images/g/jFEAAeSwo5Fqmc6S/s-l225.jpg,8a2cce32-ad4f-4468-8a28-8a9ea9653365,9cc8f6b0-2c28-442b-bdd1-11cbd9a4068e,Leavanny,White Flare,89,illustration_rare,,,,,,,,,,,,
D5-0274,v1|178273508812|0,https://www.ebay.com/itm/178273508812?_skw=Leavanny+89+White+Flare+Pokemon+card&hash=item2981edddcc:g:9c0AAeSw0DZqlaN1,Leavanny SV: White Flare 003/086 Reverse Holo Pokemon NM,Ungraded,4000,,"[""FIXED_PRICE""]",mint_nexus,https://i.ebayimg.com/images/g/9c0AAeSw0DZqlaN1/s-l225.jpg,8a2cce32-ad4f-4468-8a28-8a9ea9653365,9cc8f6b0-2c28-442b-bdd1-11cbd9a4068e,Leavanny,White Flare,89,illustration_rare,,,,,,,,,,,,
D5-0275,v1|168591104738|0,https://www.ebay.com/itm/168591104738?_skw=Leavanny+89+White+Flare+Pokemon+card&hash=item2740d01ae2:g:ULAAAeSwx71qc1TE,POKEMON LEAVANNY 003/086 WHITE FLARE UNCOMMON REVERSE HOLO LP,Ungraded,4000,,"[""FIXED_PRICE""]",thebetterdealpage,https://i.ebayimg.com/images/g/ULAAAeSwx71qc1TE/s-l225.jpg,8a2cce32-ad4f-4468-8a28-8a9ea9653365,9cc8f6b0-2c28-442b-bdd1-11cbd9a4068e,Leavanny,White Flare,89,illustration_rare,,,,,,,,,,,,
D5-0276,v1|146808656778|0,https://www.ebay.com/itm/146808656778?_skw=Leavanny+89+White+Flare+Pokemon+card&hash=item222e7a538a:g:3VQAAeSwz95otvOW,Pokemon Leavanny (3/325) White Flare LP,Ungraded,4000,,"[""FIXED_PRICE""]",ninetyfive,https://i.ebayimg.com/images/g/3VQAAeSwz95otvOW/s-l225.jpg,8a2cce32-ad4f-4468-8a28-8a9ea9653365,9cc8f6b0-2c28-442b-bdd1-11cbd9a4068e,Leavanny,White Flare,89,illustration_rare,,,,,,,,,,,,
D5-0277,v1|307166466449|0,https://www.ebay.com/itm/307166466449?_skw=Leavanny+89+White+Flare+Pokemon+card&hash=item47848c5191:g:KAAAAeSwEn5qoQ7Z,Leavanny - [WHT - 003/086] - NM - SV: White Flare - Pokemon,Ungraded,4000,,"[""FIXED_PRICE""]",go-geekoasis,https://i.ebayimg.com/images/g/KAAAAeSwEn5qoQ7Z/s-l225.jpg,8a2cce32-ad4f-4468-8a28-8a9ea9653365,9cc8f6b0-2c28-442b-bdd1-11cbd9a4068e,Leavanny,White Flare,89,illustration_rare,,,,,,,,,,,,
D5-0278,v1|236922183759|0,https://www.ebay.com/itm/236922183759?_skw=Leavanny+89+White+Flare+Pokemon+card&hash=item3729a9a04f:g:4L4AAeSwupxqTJCe,Leavanny 003/086 Uncommon White Flare Pokemon Near Mint Reverse Holo,Ungraded,4000,,"[""FIXED_PRICE""]",redlandscollectibles,https://i.ebayimg.com/images/g/4L4AAeSwupxqTJCe/s-l225.jpg,8a2cce32-ad4f-4468-8a28-8a9ea9653365,9cc8f6b0-2c28-442b-bdd1-11cbd9a4068e,Leavanny,White Flare,89,illustration_rare,,,,,,,,,,,,
D5-0279,v1|267639330889|0,https://www.ebay.com/itm/267639330889?_skw=Leafeon+ex+144+Prismatic+Evolutions+Pokemon+card&hash=item3e508c1849:g:Ut8AAeSwcM9p3qE9,Leafeon ex 144/131 Special Illustration Rare Holo Sv: Prismatic Evolutions,Ungraded,4000,,"[""FIXED_PRICE"", ""BEST_OFFER""]",dadlifeyadigg,https://i.ebayimg.com/images/g/Ut8AAeSwcM9p3qE9/s-l225.jpg,966bcb61-bf43-4cd7-8287-42f4bb9fa76d,9d636c4c-055f-4e85-b5ef-64675007d904,Leafeon ex,Prismatic Evolutions,144,special_illustration_rare,,,,,,,,,,,,
D5-0280,v1|267750068628|0,https://www.ebay.com/itm/267750068628?_skw=Leafeon+ex+144+Prismatic+Evolutions+Pokemon+card&hash=item3e5725d194:g:xz8AAeSwIGNqdU7v,Leafeon ex 144/131 Sv: Prismatic Evolutions Holo PSA 9,Graded,2750,,"[""FIXED_PRICE"", ""BEST_OFFER""]",elliottdoug215,https://i.ebayimg.com/images/g/xz8AAeSwIGNqdU7v/s-l225.jpg,966bcb61-bf43-4cd7-8287-42f4bb9fa76d,9d636c4c-055f-4e85-b5ef-64675007d904,Leafeon ex,Prismatic Evolutions,144,special_illustration_rare,,,,,,,,,,,,
D5-0281,v1|398279854765|0,https://www.ebay.com/itm/398279854765?_skw=Leafeon+ex+144+Prismatic+Evolutions+Pokemon+card&hash=item5cbb544aad:g:4NkAAeSwU4ZqfT~S,2025 Pokemon Prismatic Evolutions #144 Leafeon Ex Spec Illus Rare PSA 9 FDP163,Graded,2750,,"[""FIXED_PRICE"", ""BEST_OFFER""]",triplediamond-bensalempa,https://i.ebayimg.com/images/g/4NkAAeSwU4ZqfT~S/s-l225.jpg,966bcb61-bf43-4cd7-8287-42f4bb9fa76d,9d636c4c-055f-4e85-b5ef-64675007d904,Leafeon ex,Prismatic Evolutions,144,special_illustration_rare,,,,,,,,,,,,
D5-0282,v1|117404206800|0,https://www.ebay.com/itm/117404206800?_skw=Leafeon+ex+144+Prismatic+Evolutions&hash=item1b55d606d0:g:NlIAAeSwkdpqoWNV,2025 POKEMON PRISMATIC EVOLUTIONS SPECIAL ILLUSTRATION RARE LEAFEON EX PSA 9,Graded,2750,,"[""AUCTION""]",psa,https://i.ebayimg.com/images/g/NlIAAeSwkdpqoWNV/s-l225.jpg,966bcb61-bf43-4cd7-8287-42f4bb9fa76d,9d636c4c-055f-4e85-b5ef-64675007d904,Leafeon ex,Prismatic Evolutions,144,special_illustration_rare,,,,,,,,,,,,
D5-0283,v1|800644279409|0,https://www.ebay.com/itm/800644279409?_skw=Leafeon+ex+144+Prismatic+Evolutions&hash=itemba6a1e2c71:g:sikAAeSwealqo5wl,Nintendo Leafeon ex 144/131 SV Prismatic Evolutions Holo SIR English,Ungraded,4000,,"[""FIXED_PRICE"", ""BEST_OFFER""]",clakleyderek,https://i.ebayimg.com/images/g/sikAAeSwealqo5wl/s-l225.jpg,966bcb61-bf43-4cd7-8287-42f4bb9fa76d,9d636c4c-055f-4e85-b5ef-64675007d904,Leafeon ex,Prismatic Evolutions,144,special_illustration_rare,,,,,,,,,,,,
D5-0284,v1|287491018708|0,https://www.ebay.com/itm/287491018708?_skw=Leafeon+ex+144+Prismatic+Evolutions+Pokemon+card&hash=item42efcccfd4:g:qPcAAeSwjYdqaf3v,Pokemon Leafeon ex Prismatic Evolutions 144/131 Special Illustration Rare PSA 10,Graded,2750,,"[""FIXED_PRICE""]",zandgemporium,https://i.ebayimg.com/images/g/qPcAAeSwjYdqaf3v/s-l225.jpg,966bcb61-bf43-4cd7-8287-42f4bb9fa76d,9d636c4c-055f-4e85-b5ef-64675007d904,Leafeon ex,Prismatic Evolutions,144,special_illustration_rare,,,,,,,,,,,,
D5-0285,v1|257741141955|0,https://www.ebay.com/itm/257741141955?_skw=Furret+168+Journey+Together&hash=item3c0291b7c3:g:l6YAAeSwtK1p-9iE,TAG 10 Furret 168/159 Sv09: Journey Together Holo TAG10,Graded,2750,,"[""FIXED_PRICE"", ""BEST_OFFER""]",e-bayuser06,https://i.ebayimg.com/images/g/l6YAAeSwtK1p-9iE/s-l225.jpg,97165c7e-1d85-4962-807e-5661c2115d7d,b592d276-ceb3-4a5e-90d5-d759808b7da3,Furret,Journey Together,168,illustration_rare,,,,,,,,,,,,
D5-0286,v1|407214494802|0,https://www.ebay.com/itm/407214494802?_skw=Furret+168+Journey+Together+Pokemon+card&hash=item5ecfe01452:g:c-wAAeSwMaJqpx9V,Pokemon Company Furret 168/159 Journey Together IR Full Art Holo EN 2025 NM,Ungraded,4000,,"[""FIXED_PRICE"", ""BEST_OFFER""]",zals_inventory_v.2,https://i.ebayimg.com/images/g/c-wAAeSwMaJqpx9V/s-l225.jpg,97165c7e-1d85-4962-807e-5661c2115d7d,b592d276-ceb3-4a5e-90d5-d759808b7da3,Furret,Journey Together,168,illustration_rare,,,,,,,,,,,,
D5-0287,v1|318773488088|0,https://www.ebay.com/itm/318773488088?_skw=Furret+168+Journey+Together+Pokemon+card&hash=item4a386169d8:g:I98AAeSw7SlqjHaD,Pokemon Furret 168/159 Illustration Rare Journey Together Holo Near Mint,Ungraded,4000,,"[""FIXED_PRICE"", ""BEST_OFFER""]",upcollectables,https://i.ebayimg.com/images/g/I98AAeSw7SlqjHaD/s-l225.jpg,97165c7e-1d85-4962-807e-5661c2115d7d,b592d276-ceb3-4a5e-90d5-d759808b7da3,Furret,Journey Together,168,illustration_rare,,,,,,,,,,,,
D5-0288,v1|188856126111|0,https://www.ebay.com/itm/188856126111?_skw=Furret+168+Journey+Together+Pokemon+card&hash=item2bf8b3ca9f:g:yRUAAeSw~7pqknFM,Furret 168/159 Illustration Rare Journey Together Pokemon Holo Near Mint,Ungraded,4000,,"[""FIXED_PRICE""]",supremegastcg,https://i.ebayimg.com/images/g/yRUAAeSw~7pqknFM/s-l225.jpg,97165c7e-1d85-4962-807e-5661c2115d7d,b592d276-ceb3-4a5e-90d5-d759808b7da3,Furret,Journey Together,168,illustration_rare,,,,,,,,,,,,
D5-0289,v1|318821871268|0,https://www.ebay.com/itm/318821871268?_skw=Furret+168+Journey+Together&hash=item4a3b43aea4:g:FJ0AAeSwXeFqmeiT,Pokemon TCG Furret 168/159 Sv09 Journey Together IR Holo Eng Stage 1 120HP,Ungraded,4000,,"[""FIXED_PRICE""]",raystcg-937,https://i.ebayimg.com/images/g/FJ0AAeSwXeFqmeiT/s-l225.jpg,97165c7e-1d85-4962-807e-5661c2115d7d,b592d276-ceb3-4a5e-90d5-d759808b7da3,Furret,Journey Together,168,illustration_rare,,,,,,,,,,,,
D5-0290,v1|407156807077|0,https://www.ebay.com/itm/407156807077?_skw=Furret+168+Journey+Together+Pokemon+card&hash=item5ecc6fd5a5:g:kicAAeSwVppqkHpC,Pokémon TCG Furret Card Journey Together 168/159 Near Mint Condition,Ungraded,4000,,"[""FIXED_PRICE"", ""BEST_OFFER""]",total_willcall,https://i.ebayimg.com/images/g/kicAAeSwVppqkHpC/s-l225.jpg,97165c7e-1d85-4962-807e-5661c2115d7d,b592d276-ceb3-4a5e-90d5-d759808b7da3,Furret,Journey Together,168,illustration_rare,,,,,,,,,,,,
D5-0291,v1|188901480853|0,https://www.ebay.com/itm/188901480853?_skw=Mega+Feraligatr+ex+274+Ascended+Heroes+Pokemon+card&hash=item2bfb67d995:g:HvgAAeSwD1Vqn26j,CGC 10 Mega Feraligatr EX 274/217 Special Illustration Rare Pokemon,Graded,2750,,"[""FIXED_PRICE""]",pokebb,https://i.ebayimg.com/images/g/HvgAAeSwD1Vqn26j/s-l225.jpg,9f323989-e972-4a9e-9e7b-3166e85d0690,0f3466bf-92b1-4d3d-913b-181fcec68996,Mega Feraligatr ex,Ascended Heroes,274,special_illustration_rare,,,,,,,,,,,,
D5-0292,v1|377470998654|0,https://www.ebay.com/itm/377470998654?_skw=Mega+Feraligatr+ex+274+Ascended+Heroes+Pokemon+card&hash=item57e306587e:g:GbAAAeSw0XBqcj91,Mega Feraligatr ex 274/217 Ascended Heroes Pokemon Holo NM,Ungraded,4000,,"[""FIXED_PRICE""]",gamegrunts,https://i.ebayimg.com/images/g/GbAAAeSw0XBqcj91/s-l225.jpg,9f323989-e972-4a9e-9e7b-3166e85d0690,0f3466bf-92b1-4d3d-913b-181fcec68996,Mega Feraligatr ex,Ascended Heroes,274,special_illustration_rare,,,,,,,,,,,,
D5-0293,v1|117400631686|0,https://www.ebay.com/itm/117400631686?_skw=Mega+Feraligatr+ex+274+Ascended+Heroes&hash=item1b559f7986:g:XM4AAeSwEQFqifcE,2026 POKEMON ASCENDED HEROES #274 MEGA FERALIGATR EX CGC 10 PRISTINE,Graded,2750,,"[""FIXED_PRICE"", ""BEST_OFFER""]",psa,https://i.ebayimg.com/images/g/XM4AAeSwEQFqifcE/s-l225.jpg,9f323989-e972-4a9e-9e7b-3166e85d0690,0f3466bf-92b1-4d3d-913b-181fcec68996,Mega Feraligatr ex,Ascended Heroes,274,special_illustration_rare,,,,,,,,,,,,
D5-0294,v1|257696856880|0,https://www.ebay.com/itm/257696856880?_skw=Mega+Feraligatr+ex+274+Ascended+Heroes+Pokemon+card&hash=item3bffedfb30:g:30kAAeSwaONqiiZk,Mega Feraligatr ex 274/217 Special Illustration Rare Pokemon Ascended Heroes NM,Ungraded,4000,,"[""FIXED_PRICE"", ""BEST_OFFER""]",sarastarr22,https://i.ebayimg.com/images/g/30kAAeSwaONqiiZk/s-l225.jpg,9f323989-e972-4a9e-9e7b-3166e85d0690,0f3466bf-92b1-4d3d-913b-181fcec68996,Mega Feraligatr ex,Ascended Heroes,274,special_illustration_rare,,,,,,,,,,,,
D5-0295,v1|318846298610|0,https://www.ebay.com/itm/318846298610?_skw=Mega+Feraligatr+ex+274+Ascended+Heroes+Pokemon+card&hash=item4a3cb869f2:g:tToAAeSwrKVqoMs0,PSA 10 Mega Feraligatr ex #274/217 Ascended Heroes SIR Pokemon 2026,Graded,2750,,"[""AUCTION""]",rainbowultrapokemon,https://i.ebayimg.com/images/g/tToAAeSwrKVqoMs0/s-l225.jpg,9f323989-e972-4a9e-9e7b-3166e85d0690,0f3466bf-92b1-4d3d-913b-181fcec68996,Mega Feraligatr ex,Ascended Heroes,274,special_illustration_rare,,,,,,,,,,,,
D5-0296,v1|257698001960|0,https://www.ebay.com/itm/257698001960?_skw=Mega+Feraligatr+ex+274+Ascended+Heroes+Pokemon+card&hash=item3bffff7428:g:kcEAAeSwjhxqizVN,Mega Feraligatr ex 274/217 Ascended Heroes SIR Holo NM Pokemon Card,Ungraded,4000,,"[""FIXED_PRICE""]",jiyuutradingcards,https://i.ebayimg.com/images/g/kcEAAeSwjhxqizVN/s-l225.jpg,9f323989-e972-4a9e-9e7b-3166e85d0690,0f3466bf-92b1-4d3d-913b-181fcec68996,Mega Feraligatr ex,Ascended Heroes,274,special_illustration_rare,,,,,,,,,,,,
D5-0297,v1|820123035869|0,https://www.ebay.com/itm/820123035869?_skw=Pikachu+ex+247+Surging+Sparks+Pokemon+card&hash=itembef32468dd:g:VWgAAeSw4OBqpwHd,Pokemon Company Pikachu ex 247/191 Sv08 Surging Sparks Hyper Rare Holo FA 200 HP,Ungraded,4000,,"[""FIXED_PRICE"", ""BEST_OFFER""]",dy43568,https://i.ebayimg.com/images/g/VWgAAeSw4OBqpwHd/s-l225.jpg,a3d56338-1f3f-4b99-8920-5d71b8b85737,66f1f173-3a34-44b4-95a3-d0031fa9d3ee,Pikachu ex,Surging Sparks,247,hyper_rare_gold,,,,,,,,,,,,
D5-0298,v1|318698291740|0,https://www.ebay.com/itm/318698291740?_skw=Pikachu+ex+247+Surging+Sparks+Pokemon+card&hash=item4a33e6021c:g:hEkAAeSwiiFqd1N2,Pikachu ex 247/191 Surging Sparks Gold Hyper Rare Holofoil Pokémon TCG 2024 SV08,Ungraded,4000,,"[""FIXED_PRICE"", ""BEST_OFFER""]",busstopcollects,https://i.ebayimg.com/images/g/hEkAAeSwiiFqd1N2/s-l225.jpg,a3d56338-1f3f-4b99-8920-5d71b8b85737,66f1f173-3a34-44b4-95a3-d0031fa9d3ee,Pikachu ex,Surging Sparks,247,hyper_rare_gold,,,,,,,,,,,,
D5-0299,v1|267757577726|0,https://www.ebay.com/itm/267757577726?_skw=Pikachu+ex+247+Surging+Sparks+Pokemon+card&hash=item3e579865fe:g:Ek8AAeSwUulqf8m9,Pokemon card TCG SV Surging Sparks PIKACHU EX 247/191 Hyper Rare Gold Full Art,Ungraded,4000,,"[""FIXED_PRICE""]",the.thrifty.pickle,https://i.ebayimg.com/images/g/Ek8AAeSwUulqf8m9/s-l225.jpg,a3d56338-1f3f-4b99-8920-5d71b8b85737,66f1f173-3a34-44b4-95a3-d0031fa9d3ee,Pikachu ex,Surging Sparks,247,hyper_rare_gold,,,,,,,,,,,,
D5-0300,v1|366658266225|0,https://www.ebay.com/itm/366658266225?_skw=Pikachu+ex+247+Surging+Sparks+Pokemon+card&hash=item555e892471:g:QyQAAeSwsDVqjuhH,2024 Pokemon SSP EN-Surging Sparks Pikachu EX Hyper Rare PSA 10 #247 Gem,Graded,2750,,"[""FIXED_PRICE""]",blackjadedwolf,https://i.ebayimg.com/images/g/QyQAAeSwsDVqjuhH/s-l225.jpg,a3d56338-1f3f-4b99-8920-5d71b8b85737,66f1f173-3a34-44b4-95a3-d0031fa9d3ee,Pikachu ex,Surging Sparks,247,hyper_rare_gold,,,,,,,,,,,,
D5-0301,v1|398287137391|0,https://www.ebay.com/itm/398287137391?_skw=Pikachu+ex+247+Surging+Sparks&hash=item5cbbc36a6f:g:xQIAAeSwBidqf9Nj,Pokémon TCG Pikachu ex 247/191 Surging Sparks HR TAG 10 Eng,Graded,2750,,"[""FIXED_PRICE"", ""BEST_OFFER""]",poke-bell,https://i.ebayimg.com/images/g/xQIAAeSwBidqf9Nj/s-l225.jpg,a3d56338-1f3f-4b99-8920-5d71b8b85737,66f1f173-3a34-44b4-95a3-d0031fa9d3ee,Pikachu ex,Surging Sparks,247,hyper_rare_gold,,,,,,,,,,,,
D5-0302,v1|287311791293|0,https://www.ebay.com/itm/287311791293?_skw=Pikachu+ex+247+Surging+Sparks&hash=item42e51e04bd:g:QXoAAeSwPIZp86b9&amdata=enc%3AAQALAAABAACCtXRWQnOEpyOqnQQ8KGYGKiqyfAPxWK0U8B4N%2B%2BSe5oF8sXzOKAT%2FKhckhB4HsLIDOnzZWL6tXjnhcfs%2FuQmxGEHlgQwW1Txn929%2F3nCq8y0K8s5R4jSravVBzkkNkkby1FfqThGqNS4RkpW%2FHEfgKxJ68lCt5Gmb%2F5bBDMToSnlFXRDla7DRqzMhSDlsx8NE1Q%2BX48mZXR41x%2F3jubivRULcSFo1b%2FOcYe4yW%2F1krP2lkiaomlsqmrEgjJ4VPQSstUAAD4qKq%2FtlhTCM2ykdBgQgJO0AYFd7WHXdBarbJPwiCiZbD%2FBSNz2OltxQMHy%2BQ2uHMQokqDYdoyp6klk%3D,Pokémon 2024 Sv08 Surging Sparks Pikachu ex Hyper Rare Holo PSA 8 #247/191,Graded,2750,,"[""FIXED_PRICE"", ""BEST_OFFER""]",dobrow_25,https://i.ebayimg.com/images/g/QXoAAeSwPIZp86b9/s-l225.jpg,a3d56338-1f3f-4b99-8920-5d71b8b85737,66f1f173-3a34-44b4-95a3-d0031fa9d3ee,Pikachu ex,Surging Sparks,247,hyper_rare_gold,,,,,,,,,,,,
D5-0303,v1|800046324797|0,https://www.ebay.com/itm/800046324797?_skw=Dragapult+ex+165+Prismatic+Evolutions+Pokemon+card&hash=itemba467a1c3d:g:rE8AAeSwVRdqDkfI,Pokémon TCG Dragapult EX Prismatic Evolutions Card 165/131,Ungraded,4000,,"[""FIXED_PRICE""]",gumgumcards10,https://i.ebayimg.com/images/g/rE8AAeSwVRdqDkfI/s-l225.jpg,a6969678-b361-4b27-bee3-e3cdc127a5e4,bb6ebfa8-886c-4b5c-822a-7431870bb339,Dragapult ex,Prismatic Evolutions,165,special_illustration_rare,,,,,,,,,,,,
D5-0304,v1|227434773638|0,https://www.ebay.com/itm/227434773638?_skw=Dragapult+ex+165+Prismatic+Evolutions+Pokemon+card&hash=item34f42b3c86:g:FnoAAeSwo9lqWbgy,Dragapult ex Special Illustration Rare SV: Prismatic Evolutions 165/131 NM,Ungraded,4000,,"[""FIXED_PRICE"", ""BEST_OFFER""]",coloradokartendienst,https://i.ebayimg.com/images/g/FnoAAeSwo9lqWbgy/s-l225.jpg,a6969678-b361-4b27-bee3-e3cdc127a5e4,bb6ebfa8-886c-4b5c-822a-7431870bb339,Dragapult ex,Prismatic Evolutions,165,special_illustration_rare,,,,,,,,,,,,
D5-0305,v1|377463247548|0,https://www.ebay.com/itm/377463247548?_skw=Dragapult+ex+165+Prismatic+Evolutions+Pokemon+card&hash=item57e29012bc:g:9PQAAeSwUXpqlzFm,SV: Prismatic Evolutions #165/131 Dragapult ex,Ungraded,4000,,"[""FIXED_PRICE""]",xtremecollector78,https://i.ebayimg.com/images/g/9PQAAeSwUXpqlzFm/s-l225.jpg,a6969678-b361-4b27-bee3-e3cdc127a5e4,bb6ebfa8-886c-4b5c-822a-7431870bb339,Dragapult ex,Prismatic Evolutions,165,special_illustration_rare,,,,,,,,,,,,
D5-0306,v1|377262268503|0,https://www.ebay.com/itm/377262268503?_skw=Dragapult+ex+165+Prismatic+Evolutions+Pokemon+card&hash=item57d6956057:g:BBgAAeSwI4tqLyVe,Dragapult Ex Pokemon Pre En-Prismatic Evolutions 165 NM PSA 10,Graded,2750,,"[""FIXED_PRICE"", ""BEST_OFFER""]",zenith.emporium,https://i.ebayimg.com/images/g/BBgAAeSwI4tqLyVe/s-l225.jpg,a6969678-b361-4b27-bee3-e3cdc127a5e4,bb6ebfa8-886c-4b5c-822a-7431870bb339,Dragapult ex,Prismatic Evolutions,165,special_illustration_rare,,,,,,,,,,,,
D5-0307,v1|358814792538|0,https://www.ebay.com/itm/358814792538?_skw=Dragapult+ex+165+Prismatic+Evolutions+Pokemon+card&hash=item538b073b5a:g:feAAAeSwfZRqXJa3,Dragapult ex 165/131 Sv: Prismatic Evolutions Holo,Ungraded,4000,,"[""FIXED_PRICE"", ""BEST_OFFER""]",isabfo86,https://i.ebayimg.com/images/g/feAAAeSwfZRqXJa3/s-l225.jpg,a6969678-b361-4b27-bee3-e3cdc127a5e4,bb6ebfa8-886c-4b5c-822a-7431870bb339,Dragapult ex,Prismatic Evolutions,165,special_illustration_rare,,,,,,,,,,,,
D5-0308,v1|127951986032|0,https://www.ebay.com/itm/127951986032?_skw=Dragapult+ex+165+Prismatic+Evolutions&hash=item1dca885d70:g:LVQAAeSw-KtqRUMo,Dragapult ex 165/131 Sv: Prismatic Evolutions Holo NM ,Ungraded,4000,,"[""FIXED_PRICE""]",m.sh-36,https://i.ebayimg.com/images/g/LVQAAeSw-KtqRUMo/s-l225.jpg,a6969678-b361-4b27-bee3-e3cdc127a5e4,bb6ebfa8-886c-4b5c-822a-7431870bb339,Dragapult ex,Prismatic Evolutions,165,special_illustration_rare,,,,,,,,,,,,
D5-0309,v1|377493072091|0,https://www.ebay.com/itm/377493072091?_skw=Spidops+ex+243+Scarlet+and+Violet+Base+Set+Pokemon+card&hash=item57e45728db:g:2s0AAeSwKkJqpuvf,Spidops ex 019/198 Double Rare Scarlet & Violet Pokemon Holo NM,Ungraded,4000,,"[""FIXED_PRICE""]",breespokeycenter,https://i.ebayimg.com/images/g/2s0AAeSwKkJqpuvf/s-l225.jpg,a922341e-4646-470b-95cf-2a59055b18ce,2bf9f356-230d-42e8-99e7-0b10161b9392,Spidops ex,Scarlet and Violet Base Set,243,special_illustration_rare,,,,,,,,,,,,
D5-0310,v1|158131732991|0,https://www.ebay.com/itm/158131732991?_skw=Spidops+ex+243+Scarlet+and+Violet+Base+Set+Pokemon+card&hash=item24d162c1ff:g:SmMAAeSwm0FpW-3s,Spidops ex 019/198 SV01: Scarlet & Violet Base Set Holo,Ungraded,4000,,"[""FIXED_PRICE"", ""BEST_OFFER""]",geekys,https://i.ebayimg.com/images/g/SmMAAeSwm0FpW-3s/s-l225.jpg,a922341e-4646-470b-95cf-2a59055b18ce,2bf9f356-230d-42e8-99e7-0b10161b9392,Spidops ex,Scarlet and Violet Base Set,243,special_illustration_rare,,,,,,,,,,,,
D5-0311,v1|800352868528|0,https://www.ebay.com/itm/800352868528?_skw=Spidops+ex+243+Scarlet+and+Violet+Base+Set&hash=itemba58bf98b0:g:-rIAAeSwY3xqPdkU,Spidops ex 243/198 SV01: Scarlet & Violet Base Set Holo,Ungraded,4000,,"[""FIXED_PRICE"", ""BEST_OFFER""]",suchacutup,https://i.ebayimg.com/images/g/-rIAAeSwY3xqPdkU/s-l225.jpg,a922341e-4646-470b-95cf-2a59055b18ce,2bf9f356-230d-42e8-99e7-0b10161b9392,Spidops ex,Scarlet and Violet Base Set,243,special_illustration_rare,,,,,,,,,,,,
D5-0312,v1|307080344724|0,https://www.ebay.com/itm/307080344724?_skw=Spidops+ex+243+Scarlet+and+Violet+Base+Set+Pokemon+card&hash=item477f6a3494:g:kSUAAeSwzM5qYZIh,2023 Pokemon Scarlet And Violet Base Set Spidops EX Holo 019/198 NM,Ungraded,4000,,"[""FIXED_PRICE""]",bluelinetcg,https://i.ebayimg.com/images/g/kSUAAeSwzM5qYZIh/s-l225.jpg,a922341e-4646-470b-95cf-2a59055b18ce,2bf9f356-230d-42e8-99e7-0b10161b9392,Spidops ex,Scarlet and Violet Base Set,243,special_illustration_rare,,,,,,,,,,,,
D5-0313,v1|800508653522|0,https://www.ebay.com/itm/800508653522?_skw=Spidops+ex+243+Scarlet+and+Violet+Base+Set&hash=itemba6208afd2:g:IQUAAeSw9~xqf26D,Spidops ex - Holo Double Rare SV01: Scarlet & Violet Base Set 019/198 NM,Ungraded,4000,,"[""FIXED_PRICE"", ""BEST_OFFER""]",jakerhansen,https://i.ebayimg.com/images/g/IQUAAeSw9~xqf26D/s-l225.jpg,a922341e-4646-470b-95cf-2a59055b18ce,2bf9f356-230d-42e8-99e7-0b10161b9392,Spidops ex,Scarlet and Violet Base Set,243,special_illustration_rare,,,,,,,,,,,,
D5-0314,v1|336771726871|0,https://www.ebay.com/itm/336771726871?_skw=Spidops+ex+243+Scarlet+and+Violet+Base+Set&hash=item4e6928be17:g:TtYAAeSwrd5qlgKV,Spidops ex Holo 019/198 SV01: Scarlet & Violet Base Set Double Rare NM,Ungraded,4000,,"[""FIXED_PRICE"", ""BEST_OFFER""]",kountrycardboard,https://i.ebayimg.com/images/g/TtYAAeSwrd5qlgKV/s-l225.jpg,a922341e-4646-470b-95cf-2a59055b18ce,2bf9f356-230d-42e8-99e7-0b10161b9392,Spidops ex,Scarlet and Violet Base Set,243,special_illustration_rare,,,,,,,,,,,,
D5-0315,v1|188917573162|0,https://www.ebay.com/itm/188917573162?_skw=Jolteon+ex+153+Prismatic+Evolutions+Pokemon+card&hash=item2bfc5d662a:g:b0oAAeSwcBxqpFC-,Jolteon Ex 153/131 Pokemon Prismatic Evolutions SIR CGC 9.5 Mint +,Graded,2750,,"[""FIXED_PRICE"", ""BEST_OFFER""]",delcollectibles,https://i.ebayimg.com/images/g/b0oAAeSwcBxqpFC-/s-l225.jpg,ae4a6acb-3a88-4547-a165-7a617bfb2ce8,cd7798fe-711e-4cad-a015-7139b3d49bf6,Jolteon ex,Prismatic Evolutions,153,special_illustration_rare,,,,,,,,,,,,
D5-0316,v1|188910357268|0,https://www.ebay.com/itm/188910357268?_skw=Jolteon+ex+153+Prismatic+Evolutions+Pokemon+card&hash=item2bfbef4b14:g:2akAAeSwSN9qoe1o,2025 POKEMON PRE EN-PRISMATIC EVOLUTIONS #153 JOLTEON EX PSA 10,Graded,2750,,"[""FIXED_PRICE""]",rip_and_ready,https://i.ebayimg.com/images/g/2akAAeSwSN9qoe1o/s-l225.jpg,ae4a6acb-3a88-4547-a165-7a617bfb2ce8,cd7798fe-711e-4cad-a015-7139b3d49bf6,Jolteon ex,Prismatic Evolutions,153,special_illustration_rare,,,,,,,,,,,,
D5-0317,v1|358239098625|0,https://www.ebay.com/itm/358239098625?_skw=Jolteon+ex+153+Prismatic+Evolutions+Pokemon+card&hash=item5368b6d701:g:zOcAAeSwYkNpmIkz,Pokemon Prismatic Evolutions Jolteon ex #153 SIR Portuguese [PSA 10],Graded,2750,,"[""FIXED_PRICE""]",poke-gamer,https://i.ebayimg.com/images/g/zOcAAeSwYkNpmIkz/s-l225.jpg,ae4a6acb-3a88-4547-a165-7a617bfb2ce8,cd7798fe-711e-4cad-a015-7139b3d49bf6,Jolteon ex,Prismatic Evolutions,153,special_illustration_rare,,,,,,,,,,,,
D5-0318,v1|178286217184|0,https://www.ebay.com/itm/178286217184?_skw=Jolteon+ex+153+Prismatic+Evolutions&hash=item2982afc7e0:g:yU0AAeSw149qUKZ-,2025 Pokémon Prismatic Evolutions SIR #153 Jolteon ex PSA 9,Graded,2750,,"[""FIXED_PRICE""]",sheppy_cards,https://i.ebayimg.com/images/g/yU0AAeSw149qUKZ-/s-l225.jpg,ae4a6acb-3a88-4547-a165-7a617bfb2ce8,cd7798fe-711e-4cad-a015-7139b3d49bf6,Jolteon ex,Prismatic Evolutions,153,special_illustration_rare,,,,,,,,,,,,
D5-0319,v1|168658948728|0,https://www.ebay.com/itm/168658948728?_skw=Jolteon+ex+153+Prismatic+Evolutions+Pokemon+card&hash=item2744db5278:g:-ukAAeSwqlBqmH6A,Pokémon TCG Sv: Prismatic Evolutions - Jolteon ex 153/131 Holo SIR,Ungraded,4000,,"[""FIXED_PRICE""]",hellcreekhobbies,https://i.ebayimg.com/images/g/-ukAAeSwqlBqmH6A/s-l225.jpg,ae4a6acb-3a88-4547-a165-7a617bfb2ce8,cd7798fe-711e-4cad-a015-7139b3d49bf6,Jolteon ex,Prismatic Evolutions,153,special_illustration_rare,,,,,,,,,,,,
D5-0320,v1|198600058303|0,https://www.ebay.com/itm/198600058303?_skw=Jolteon+ex+153+Prismatic+Evolutions+Pokemon+card&hash=item2e3d7c65bf:g:XcUAAeSw0KVqkO0I,Jolteon EX Special Illustration Rare Prismatic Evolutions 153/131 NM Condition,Ungraded,4000,,"[""FIXED_PRICE"", ""BEST_OFFER""]",rsz4g30,https://i.ebayimg.com/images/g/XcUAAeSw0KVqkO0I/s-l225.jpg,ae4a6acb-3a88-4547-a165-7a617bfb2ce8,cd7798fe-711e-4cad-a015-7139b3d49bf6,Jolteon ex,Prismatic Evolutions,153,special_illustration_rare,,,,,,,,,,,,
D5-0321,v1|206481664374|0,https://www.ebay.com/itm/206481664374?_skw=Archeops+132+White+Flare&hash=item3013442976:g:iggAAeSwEe9qeo~P,Archeops 132/086 Illustration Rare Near Mint White Flare English Pokemon,Ungraded,4000,,"[""FIXED_PRICE""]",kristinkollects,https://i.ebayimg.com/images/g/iggAAeSwEe9qeo~P/s-l225.jpg,b3020b76-9ff0-449a-85b8-924878fa0e8b,b70cd4ec-81c4-4e81-a677-901a43af62d9,Archeops,White Flare,132,illustration_rare,,,,,,,,,,,,
D5-0322,v1|257628653865|0,https://www.ebay.com/itm/257628653865?_skw=Archeops+132+White+Flare&hash=item3bfbdd4929:g:PbUAAeSwWh9pnnIx&amdata=enc%3AAQALAAAA8ACCtXRWQnOEpyOqnQQ8KGbTVKQN6WzkZ%2F71s1gFsd9zngYWp0xAvBz%2BkY%2BgFYBj2xW0J6%2F5s6NN9IHkXWksDnD3ic4isEOa7wl3Lt1tU1igFTEiRAMkMP3fqp9TbOpG2hsHPig0pqjuT9g9kDZyFUAYTEoMeMb3c%2BOfk2kaW95H%2FMAUUigVdEf0nBOWd%2FfhJf1rqaLA1ISJgI7rqj8cXJZ7v%2FYr5WawVnwExYCMpUiqoYcIRem8BfwIGctPTk4Wf8GqUKM9AywxhkCkB0eIRC0rTohQq66pFoDf0idA9B9iuXzD%2FRcVZdv7qZVMQDNZxg%3D%3D,Archeops 132/086 Pokemon TCG SV: White Flare NM,Ungraded,4000,,"[""FIXED_PRICE"", ""BEST_OFFER""]",gamefreezetcg,https://i.ebayimg.com/images/g/PbUAAeSwWh9pnnIx/s-l225.jpg,b3020b76-9ff0-449a-85b8-924878fa0e8b,b70cd4ec-81c4-4e81-a677-901a43af62d9,Archeops,White Flare,132,illustration_rare,,,,,,,,,,,,
D5-0323,v1|146941039207|0,https://www.ebay.com/itm/146941039207?_skw=Archeops+132+White+Flare&hash=item22365e5267:g:LrgAAeSwiLtpCn5I,Archeops 132/086 - PSA 8 - Pokemon: White Flare,Graded,2750,,"[""FIXED_PRICE"", ""BEST_OFFER""]",coupleofpokenerds,https://i.ebayimg.com/images/g/LrgAAeSwiLtpCn5I/s-l225.jpg,b3020b76-9ff0-449a-85b8-924878fa0e8b,b70cd4ec-81c4-4e81-a677-901a43af62d9,Archeops,White Flare,132,illustration_rare,,,,,,,,,,,,
D5-0324,v1|800579355885|0,https://www.ebay.com/itm/800579355885?_skw=Archeops+132+White+Flare&hash=itemba663f84ed:g:fpQAAeSw0fJqklYF,Pokemon TCG Archeops 132/086 English! NM Condition! See Description!,Ungraded,4000,,"[""FIXED_PRICE"", ""BEST_OFFER""]",kefos_37,https://i.ebayimg.com/images/g/fpQAAeSw0fJqklYF/s-l225.jpg,b3020b76-9ff0-449a-85b8-924878fa0e8b,b70cd4ec-81c4-4e81-a677-901a43af62d9,Archeops,White Flare,132,illustration_rare,,,,,,,,,,,,
D5-0325,v1|389650283424|0,https://www.ebay.com/itm/389650283424?_skw=Archeops+132+White+Flare+Pokemon+card&hash=item5ab8f77ba0:g:NWcAAeSwl4xpmTUZ,Archeops Illustration Rare - White Flare 132/086 - NM,Ungraded,4000,,"[""FIXED_PRICE"", ""BEST_OFFER""]",kian_amelie,https://i.ebayimg.com/images/g/NWcAAeSwl4xpmTUZ/s-l225.jpg,b3020b76-9ff0-449a-85b8-924878fa0e8b,b70cd4ec-81c4-4e81-a677-901a43af62d9,Archeops,White Flare,132,illustration_rare,,,,,,,,,,,,
D5-0326,v1|377345057287|0,https://www.ebay.com/itm/377345057287?_skw=Archeops+132+White+Flare&hash=item57db84a207:g:ixkAAeSwzmFqVozN,2025 POKEMON WHT EN-WHITE FLARE ILLUSTRATION RARE #132 ARCHEOPS PSA 8,Graded,2750,,"[""FIXED_PRICE""]",dreamzsportscards,https://i.ebayimg.com/images/g/ixkAAeSwzmFqVozN/s-l225.jpg,b3020b76-9ff0-449a-85b8-924878fa0e8b,b70cd4ec-81c4-4e81-a677-901a43af62d9,Archeops,White Flare,132,illustration_rare,,,,,,,,,,,,
D5-0327,v1|318862763873|0,https://www.ebay.com/itm/318862763873?_skw=Team+Rocket%27s+Giovanni+225+Destined+Rivals+Pokemon+card&hash=item4a3db3a761:g:nY4AAeSw7U5qpdAM,Team Rocket's Giovanni 225/182 Ultra Rare Destined Rivals Pokemon Holo Near Mint,Ungraded,4000,,"[""FIXED_PRICE"", ""BEST_OFFER""]",mewzac-collectibles,https://i.ebayimg.com/images/g/nY4AAeSw7U5qpdAM/s-l225.jpg,b547c5c3-7082-4a7f-9290-3d569b91b462,2c272732-fdb3-4639-aa6b-ea9fa3ad9c24,Team Rocket's Giovanni,Destined Rivals,225,ultra_rare,,,,,,,,,,,,
D5-0328,v1|278297660605|0,https://www.ebay.com/itm/278297660605?_skw=Team+Rocket%27s+Giovanni+225+Destined+Rivals+Pokemon+card&hash=item40cbd54cbd:g:MOIAAeSwLcVqhniS,Pokemon Team Rocket's Giovanni 225/182 Destined Rivals Secret Rare Full Art NM,Ungraded,4000,,"[""FIXED_PRICE""]",mikeysimpssc,https://i.ebayimg.com/images/g/MOIAAeSwLcVqhniS/s-l225.jpg,b547c5c3-7082-4a7f-9290-3d569b91b462,2c272732-fdb3-4639-aa6b-ea9fa3ad9c24,Team Rocket's Giovanni,Destined Rivals,225,ultra_rare,,,,,,,,,,,,
D5-0329,v1|237061974482|0,https://www.ebay.com/itm/237061974482?_skw=Team+Rocket%27s+Giovanni+225+Destined+Rivals+Pokemon+card&hash=item3731fea9d2:g:rrQAAeSwyZ1qo0m1&amdata=enc%3AAQALAAABEACCtXRWQnOEpyOqnQQ8KGaDyRWkC2tvKgr7U0zmkNHWj3GkdNhi30cdCHIjY%2FK77AG5lZPGF0bWm3AlePoBN6cqNNgP4YDy%2B9pFF4mIgW3km0QHhW89pHHfZu%2BqlRm1MMRy2PD8%2BF5trgUhrXhbnhSOnJMg%2FZi1Y8hyc0pXNscjQT83K82vQJni52AsEAahgUT9ds4EOMF%2BO1M4%2Bpl6GOvXbIzYaXbdeMANtC%2FJTOclEQI3fqnbGcOLXRomChL8%2B2KtkmF2hDGfhahcs3rzgrRSID8f%2FibwyyIqZ23gemscEzoWFmhMZsGN0qNhW5K%2FhkJQ%2FUPRWCxJ%2FUiYv5bCLtc4qOoXJYgK7m%2F5or%2F3jN1i,Pokemon Team Rocket's Giovanni 225/182 Destined Rivals Ultra Rare Full Art NM,Ungraded,4000,,"[""FIXED_PRICE""]",stanmanstan11,https://i.ebayimg.com/images/g/rrQAAeSwyZ1qo0m1/s-l225.jpg,b547c5c3-7082-4a7f-9290-3d569b91b462,2c272732-fdb3-4639-aa6b-ea9fa3ad9c24,Team Rocket's Giovanni,Destined Rivals,225,ultra_rare,,,,,,,,,,,,
D5-0330,v1|287412236014|0,https://www.ebay.com/itm/287412236014?_skw=Team+Rocket%27s+Giovanni+225+Destined+Rivals+Pokemon+card&hash=item42eb1aaeee:g:MsQAAeSwmGpqObev&amdata=enc%3AAQALAAABEACCtXRWQnOEpyOqnQQ8KGb6VFwYJiQTITh056382PlpvroSgwPrHTzGm8RQkJCBaA4tX4UIHpRMRYQZX8F0VCiWY9BSuR20DQ4xRF8IrzrdfGW3kVIo3T8%2BRm0i2hZ26BLKcINWKI82Jtl069F21YYXJhWP2vAlFkFUhly4r%2FLUVMbQVPx--X3IdmI7ntgnCP%2Bs5FtPwBp%2BPfghb7Ha79kgZfhyGAqoXL71WmY%2FKl8hA%2BtA8sSYKlNR2KMfDKj%2F%2BFVIWhAHCaz9Bnd9SL9FNn8AoeuR56%2FPvza9SnvnEIYXd5fzIeIZSHYgyHlahJkEqB6ivsJPVKoO5jomcMqXgui%2BNcRI58Goz1inSJoQ5idN,Team Rocket's Giovanni Ultra Rare DRI SV10: Destined Rivals 225/182 NM,Ungraded,4000,,"[""FIXED_PRICE"", ""BEST_OFFER""]",venom-sports-cards,https://i.ebayimg.com/images/g/MsQAAeSwmGpqObev/s-l225.jpg,b547c5c3-7082-4a7f-9290-3d569b91b462,2c272732-fdb3-4639-aa6b-ea9fa3ad9c24,Team Rocket's Giovanni,Destined Rivals,225,ultra_rare,,,,,,,,,,,,
D5-0331,v1|820123221944|0,https://www.ebay.com/itm/820123221944?_skw=Team+Rocket%27s+Giovanni+225+Destined+Rivals+Pokemon+card&hash=itembef3273fb8:g:ZcwAAeSwtLZqpxCl,Team Rocket's Giovanni Holo 225/182 Ultra Rare Destined Rivals Pokemon NM,Ungraded,4000,,"[""FIXED_PRICE""]",nextgencollect,https://i.ebayimg.com/images/g/ZcwAAeSwtLZqpxCl/s-l225.jpg,b547c5c3-7082-4a7f-9290-3d569b91b462,2c272732-fdb3-4639-aa6b-ea9fa3ad9c24,Team Rocket's Giovanni,Destined Rivals,225,ultra_rare,,,,,,,,,,,,
D5-0332,v1|800650078357|0,https://www.ebay.com/itm/800650078357?_skw=Team+Rocket%27s+Giovanni+225+Destined+Rivals+Pokemon+card&hash=itemba6a76a895:g:VUIAAeSwyXtqpT9s,Team Rocket’s Giovanni - 225/182 Destined Rivals (DRI) Pokemon TCG Near Mint,Ungraded,4000,,"[""FIXED_PRICE"", ""BEST_OFFER""]",jdcardshawaii,https://i.ebayimg.com/images/g/VUIAAeSwyXtqpT9s/s-l225.jpg,b547c5c3-7082-4a7f-9290-3d569b91b462,2c272732-fdb3-4639-aa6b-ea9fa3ad9c24,Team Rocket's Giovanni,Destined Rivals,225,ultra_rare,,,,,,,,,,,,
D5-0333,v1|257733344027|0,https://www.ebay.com/itm/257733344027?_skw=Zweilous+147+White+Flare+Pokemon+card&hash=item3c021abb1b:g:568AAeSwf4ZqoWwf,Zweilous Holo Illustration Rare SV: White Flare 147/086 NM,Ungraded,4000,,"[""FIXED_PRICE""]",gmpokemoncards,https://i.ebayimg.com/images/g/568AAeSwf4ZqoWwf/s-l225.jpg,b620ec1c-c0ac-4e7e-919d-a7df98bcb84b,8af678f4-09f0-486c-9617-b56896ebeea0,Zweilous,White Flare,147,illustration_rare,,,,,,,,,,,,
D5-0334,v1|157251075626|0,https://www.ebay.com/itm/157251075626?_skw=Zweilous+147+White+Flare+Pokemon+card&hash=item249ce4fe2a:g:WW8AAeSwMn9ooeEm,Pokemon TCG White Flare Zweilous 147/086,Ungraded,4000,,"[""FIXED_PRICE"", ""BEST_OFFER""]",tcjoey,https://i.ebayimg.com/images/g/WW8AAeSwMn9ooeEm/s-l225.jpg,b620ec1c-c0ac-4e7e-919d-a7df98bcb84b,8af678f4-09f0-486c-9617-b56896ebeea0,Zweilous,White Flare,147,illustration_rare,,,,,,,,,,,,
D5-0335,v1|158060485342|0,https://www.ebay.com/itm/158060485342?_skw=Zweilous+147+White+Flare+Pokemon+card&hash=item24cd239ade:g:UGMAAeSw5nRqS86c,Zweilous 147/086 Holo Illustration Rare White Flare Pokemon Card Near Mint,Ungraded,4000,,"[""FIXED_PRICE"", ""BEST_OFFER""]",spinesnspells,https://i.ebayimg.com/images/g/UGMAAeSw5nRqS86c/s-l225.jpg,b620ec1c-c0ac-4e7e-919d-a7df98bcb84b,8af678f4-09f0-486c-9617-b56896ebeea0,Zweilous,White Flare,147,illustration_rare,,,,,,,,,,,,
D5-0336,v1|398352996860|0,https://www.ebay.com/itm/398352996860?_skw=Zweilous+147+White+Flare+Pokemon+card&hash=item5cbfb059fc:g:RoUAAeSwEjtqmMdE,Zweilous - 147/086 - Sv: White Flare,Ungraded,4000,,"[""FIXED_PRICE""]",juseatcgshop,https://i.ebayimg.com/images/g/RoUAAeSwEjtqmMdE/s-l225.jpg,b620ec1c-c0ac-4e7e-919d-a7df98bcb84b,8af678f4-09f0-486c-9617-b56896ebeea0,Zweilous,White Flare,147,illustration_rare,,,,,,,,,,,,
D5-0337,v1|307046908534|0,https://www.ebay.com/itm/307046908534?_skw=Zweilous+147+White+Flare+Pokemon+card&hash=item477d6c0276:g:BpcAAeSwHBRqTLGy,NM SV: White Flare Holo Zweilous - 147/086,Ungraded,4000,,"[""FIXED_PRICE""]",scantycards,https://i.ebayimg.com/images/g/BpcAAeSwHBRqTLGy/s-l225.jpg,b620ec1c-c0ac-4e7e-919d-a7df98bcb84b,8af678f4-09f0-486c-9617-b56896ebeea0,Zweilous,White Flare,147,illustration_rare,,,,,,,,,,,,
D5-0338,v1|257686772935|0,https://www.ebay.com/itm/257686772935?_skw=Zweilous+147+White+Flare+Pokemon+card&hash=item3bff541cc7:g:1xsAAeSwi55ql~nv,Zweilous - 147/086 #147/86 (Holo) (NM) SV: White Flare WHT Pokemon,Ungraded,4000,,"[""FIXED_PRICE""]",overtheboard,https://i.ebayimg.com/images/g/1xsAAeSwi55ql~nv/s-l225.jpg,b620ec1c-c0ac-4e7e-919d-a7df98bcb84b,8af678f4-09f0-486c-9617-b56896ebeea0,Zweilous,White Flare,147,illustration_rare,,,,,,,,,,,,
D5-0339,v1|236589499536|0,https://www.ebay.com/itm/236589499536?_skw=Bianca%27s+Devotion+209+Temporal+Forces+Pokemon+card&hash=item3715d54490:g:lzUAAeSw3KdpbdU1,2024 POKEMON TEF EN-TEMPORAL FORCES #209 BIANCA'S DEVOTION PSA 9 916,Graded,2750,,"[""FIXED_PRICE"", ""BEST_OFFER""]",ksws0209992,https://i.ebayimg.com/images/g/lzUAAeSw3KdpbdU1/s-l225.jpg,b801a524-e703-4f4c-ad99-1ec742cf30ec,586dac04-6254-4241-b628-b6d3dac61063,Bianca's Devotion,Temporal Forces,209,special_illustration_rare,,,,,,,,,,,,
D5-0340,v1|407200535059|0,https://www.ebay.com/itm/407200535059?_skw=Bianca%27s+Devotion+209+Temporal+Forces+Pokemon+card&hash=item5ecf0b1213:g:0pIAAeSw9SRqn2me,Bianca's Devotion 209/162 Temporal Forces Pokemon Holo NM,Ungraded,4000,,"[""FIXED_PRICE""]",spluukko,https://i.ebayimg.com/images/g/0pIAAeSw9SRqn2me/s-l225.jpg,b801a524-e703-4f4c-ad99-1ec742cf30ec,586dac04-6254-4241-b628-b6d3dac61063,Bianca's Devotion,Temporal Forces,209,special_illustration_rare,,,,,,,,,,,,
D5-0341,v1|306891543856|0,https://www.ebay.com/itm/306891543856?_skw=Bianca%27s+Devotion+209+Temporal+Forces+Pokemon+card&hash=item4774295530:g:8j8AAeSwpHBp5Z9H,2024 POKEMON TEF EN-TEMPORAL FORCES #209 BIANCA'S DEVOTION PSA 10,Graded,2750,,"[""FIXED_PRICE""]",psa,https://i.ebayimg.com/images/g/8j8AAeSwpHBp5Z9H/s-l225.jpg,b801a524-e703-4f4c-ad99-1ec742cf30ec,586dac04-6254-4241-b628-b6d3dac61063,Bianca's Devotion,Temporal Forces,209,special_illustration_rare,,,,,,,,,,,,
D5-0342,v1|257278714550|0,https://www.ebay.com/itm/257278714550?_skw=Bianca%27s+Devotion+209+Temporal+Forces&hash=item3be701a2b6:g:C5wAAeSw6zppTve-,2024 POKEMON TEF #209 BIANCA'S DEVOTION PSA 10 Special Illustration Rare,Graded,2750,,"[""FIXED_PRICE""]",boyce_collectibles,https://i.ebayimg.com/images/g/C5wAAeSw6zppTve-/s-l225.jpg,b801a524-e703-4f4c-ad99-1ec742cf30ec,586dac04-6254-4241-b628-b6d3dac61063,Bianca's Devotion,Temporal Forces,209,special_illustration_rare,,,,,,,,,,,,
D5-0343,v1|157810310554|0,https://www.ebay.com/itm/157810310554?_skw=Bianca%27s+Devotion+209+Temporal+Forces+Pokemon+card&hash=item24be3a3d9a:g:cxUAAeSwh-Bp0yc6,2024 Pokémon Temporal Forces SIR Bianca's Devotion #209 CGC 10,Graded,2750,,"[""FIXED_PRICE""]",youtime_tcg,https://i.ebayimg.com/images/g/cxUAAeSwh-Bp0yc6/s-l225.jpg,b801a524-e703-4f4c-ad99-1ec742cf30ec,586dac04-6254-4241-b628-b6d3dac61063,Bianca's Devotion,Temporal Forces,209,special_illustration_rare,,,,,,,,,,,,
D5-0344,v1|820114467825|0,https://www.ebay.com/itm/820114467825?_skw=Bianca%27s+Devotion+209+Temporal+Forces+Pokemon+card&hash=itembef2a1abf1:g:iRQAAeSwSyBqpAeU,Bianca's Devotion Trainer SIR Temporal Forces 209/162 Nm Pokemon TCG,Ungraded,4000,,"[""FIXED_PRICE"", ""BEST_OFFER""]",jharris_games,https://i.ebayimg.com/images/g/iRQAAeSwSyBqpAeU/s-l225.jpg,b801a524-e703-4f4c-ad99-1ec742cf30ec,586dac04-6254-4241-b628-b6d3dac61063,Bianca's Devotion,Temporal Forces,209,special_illustration_rare,,,,,,,,,,,,
D5-0345,v1|147403405656|0,https://www.ebay.com/itm/147403405656?_skw=Fidough+213+Scarlet+and+Violet+Base+Set+Pokemon+card&hash=item2251ed7958:g:tcsAAeSwfyZqQX3e,Pokemon - Fidough - 213/198 Scarlet & Violet Base Set - Illustration Rare - NM,Ungraded,4000,,"[""FIXED_PRICE""]",db-decks,https://i.ebayimg.com/images/g/tcsAAeSwfyZqQX3e/s-l225.jpg,bf928dd7-24bc-4e16-bb5e-afb8122c3241,311abf3f-15cb-4cb8-995f-1937555c4bdd,Fidough,Scarlet and Violet Base Set,213,illustration_rare,,,,,,,,,,,,
D5-0346,v1|398367585801|0,https://www.ebay.com/itm/398367585801?_skw=Fidough+213+Scarlet+and+Violet+Base+Set+Pokemon+card&hash=item5cc08ef609:g:tvEAAeSwYspqniDk,FIDOUGH 213/198 - Scarlet & Violet (Holo/Illustration Rare) Pokemon: NM,Ungraded,4000,,"[""FIXED_PRICE""]",baysidebulk,https://i.ebayimg.com/images/g/tvEAAeSwYspqniDk/s-l225.jpg,bf928dd7-24bc-4e16-bb5e-afb8122c3241,311abf3f-15cb-4cb8-995f-1937555c4bdd,Fidough,Scarlet and Violet Base Set,213,illustration_rare,,,,,,,,,,,,
D5-0347,v1|178488356658|0,https://www.ebay.com/itm/178488356658?_skw=Fidough+213+Scarlet+and+Violet+Base+Set+Pokemon+card&hash=item298ebc2f32:g:DSQAAeSwQ59qpGgp,Fidough 213/198 Illustration Rare - Pokemon Scarlet & Violet Holo NM,Ungraded,4000,,"[""FIXED_PRICE""]",gylsbeast,https://i.ebayimg.com/images/g/DSQAAeSwQ59qpGgp/s-l225.jpg,bf928dd7-24bc-4e16-bb5e-afb8122c3241,311abf3f-15cb-4cb8-995f-1937555c4bdd,Fidough,Scarlet and Violet Base Set,213,illustration_rare,,,,,,,,,,,,
D5-0348,v1|237021643077|0,https://www.ebay.com/itm/237021643077?_skw=Fidough+213+Scarlet+and+Violet+Base+Set+Pokemon+card&hash=item372f974145:g:EqEAAeSwUkpqiH~M,Fidough 213 198 213/198 SV01: Scarlet & Violet Base Set IR - Pokemon TCG - NM,Ungraded,4000,,"[""FIXED_PRICE""]",covetcg,https://i.ebayimg.com/images/g/EqEAAeSwUkpqiH~M/s-l225.jpg,bf928dd7-24bc-4e16-bb5e-afb8122c3241,311abf3f-15cb-4cb8-995f-1937555c4bdd,Fidough,Scarlet and Violet Base Set,213,illustration_rare,,,,,,,,,,,,
D5-0349,v1|336777323333|0,https://www.ebay.com/itm/336777323333?_skw=Fidough+213+Scarlet+and+Violet+Base+Set&hash=item4e697e2345:g:l60AAeSwmpZqmixd,Fidough 213/198 SV01: Scarlet & Violet Base Set Holo,Ungraded,4000,,"[""FIXED_PRICE"", ""BEST_OFFER""]",hitz_with_da_ozone,https://i.ebayimg.com/images/g/l60AAeSwmpZqmixd/s-l225.jpg,bf928dd7-24bc-4e16-bb5e-afb8122c3241,311abf3f-15cb-4cb8-995f-1937555c4bdd,Fidough,Scarlet and Violet Base Set,213,illustration_rare,,,,,,,,,,,,
D5-0350,v1|287580607010|0,https://www.ebay.com/itm/287580607010?_skw=Fidough+213+Scarlet+and+Violet+Base+Set+Pokemon+card&hash=item42f523d222:g:a9oAAeSw92pqpD86,Fidough 213/198 SV01 Scarlet & Violet Base Set Illustration Rare Holo Eng,Ungraded,4000,,"[""FIXED_PRICE"", ""BEST_OFFER""]",whatspoppinitsam,https://i.ebayimg.com/images/g/a9oAAeSw92pqpD86/s-l225.jpg,bf928dd7-24bc-4e16-bb5e-afb8122c3241,311abf3f-15cb-4cb8-995f-1937555c4bdd,Fidough,Scarlet and Violet Base Set,213,illustration_rare,,,,,,,,,,,,
D5-0351,v1|407214545205|0,https://www.ebay.com/itm/407214545205?_skw=Mega+Lucario+ex+179+Mega+Evolution&hash=item5ecfe0d935:g:Au8AAeSwQ59qpyjE,Pokemon 2025 Mega Lucario ex 179/132 SIR Mega Evolution GEM MINT PSA 10,Graded,2750,,"[""FIXED_PRICE""]",stickyricetcg,https://i.ebayimg.com/images/g/Au8AAeSwQ59qpyjE/s-l225.jpg,c7e36a14-236f-4b93-a4a8-a4be2ddc7193,590cc9ca-0f7d-413e-ae31-68433716e01b,Mega Lucario ex,Mega Evolution,179,special_illustration_rare,,,,,,,,,,,,
D5-0352,v1|327169596003|0,https://www.ebay.com/itm/327169596003?_skw=Mega+Lucario+ex+179+Mega+Evolution&hash=item4c2cd3da63:g:nd0AAeSwT05qDkxD,Mega Lucario ex 179/132 - Pokemon Mega Evolution Special Illustration,Ungraded,4000,,"[""FIXED_PRICE""]",xiv.000,https://i.ebayimg.com/images/g/nd0AAeSwT05qDkxD/s-l225.jpg,c7e36a14-236f-4b93-a4a8-a4be2ddc7193,590cc9ca-0f7d-413e-ae31-68433716e01b,Mega Lucario ex,Mega Evolution,179,special_illustration_rare,,,,,,,,,,,,
D5-0353,v1|336692148568|0,https://www.ebay.com/itm/336692148568?_skw=Mega+Lucario+ex+179+Mega+Evolution+Pokemon+card&hash=item4e646a7958:g:dtYAAeSwwvJqWVkc,Pokemon TCG Mega Evolution Base Set 179/132 Mega Lucario ex SIR,Ungraded,4000,,"[""FIXED_PRICE"", ""BEST_OFFER""]",topproseller,https://i.ebayimg.com/images/g/dtYAAeSwwvJqWVkc/s-l225.jpg,c7e36a14-236f-4b93-a4a8-a4be2ddc7193,590cc9ca-0f7d-413e-ae31-68433716e01b,Mega Lucario ex,Mega Evolution,179,special_illustration_rare,,,,,,,,,,,,
D5-0354,v1|318866492461|0,https://www.ebay.com/itm/318866492461?_skw=Mega+Lucario+ex+179+Mega+Evolution&hash=item4a3dec8c2d:g:wMoAAeSwRrRqpvb9,Pokémon Mega Lucario ex 179/132 Mega Evolution Special Illustration Rare Holo,Ungraded,4000,,"[""FIXED_PRICE"", ""BEST_OFFER""]",rainbowriseco,https://i.ebayimg.com/images/g/wMoAAeSwRrRqpvb9/s-l225.jpg,c7e36a14-236f-4b93-a4a8-a4be2ddc7193,590cc9ca-0f7d-413e-ae31-68433716e01b,Mega Lucario ex,Mega Evolution,179,special_illustration_rare,,,,,,,,,,,,
D5-0355,v1|407195857599|0,https://www.ebay.com/itm/407195857599?_skw=Mega+Lucario+ex+179+Mega+Evolution+Pokemon+card&hash=item5ecec3b2bf:g:GvEAAeSwuNFqnJRj,Mega Lucario ex 179/132 Mega Evolution Pokemon Holo NM Atsushi Furusawa,Ungraded,4000,,"[""FIXED_PRICE"", ""BEST_OFFER""]",holohustlellc,https://i.ebayimg.com/images/g/GvEAAeSwuNFqnJRj/s-l225.jpg,c7e36a14-236f-4b93-a4a8-a4be2ddc7193,590cc9ca-0f7d-413e-ae31-68433716e01b,Mega Lucario ex,Mega Evolution,179,special_illustration_rare,,,,,,,,,,,,
D5-0356,v1|147486836719|0,https://www.ebay.com/itm/147486836719?_skw=Mega+Lucario+ex+179+Mega+Evolution&hash=item2256e687ef:g:ePkAAeSwG5pqdHiB,Pokemon Mega Lucario ex (179/251) Mega Evolution LP HOLO,Ungraded,4000,,"[""FIXED_PRICE""]",ninetyfive,https://i.ebayimg.com/images/g/ePkAAeSwG5pqdHiB/s-l225.jpg,c7e36a14-236f-4b93-a4a8-a4be2ddc7193,590cc9ca-0f7d-413e-ae31-68433716e01b,Mega Lucario ex,Mega Evolution,179,special_illustration_rare,,,,,,,,,,,,
D5-0357,v1|800616441475|0,https://www.ebay.com/itm/800616441475?_skw=Team+Rocket%27s+Giovanni+238+Destined+Rivals&hash=itemba68756683:g:44AAAeSwkhFqm-Z2,Team Rocket's Giovanni 238/182 Destined Rivals,Ungraded,4000,,"[""FIXED_PRICE""]",jakepmc,https://i.ebayimg.com/images/g/44AAAeSwkhFqm-Z2/s-l225.jpg,cc59d868-d0e5-4557-9423-3f9b7c9d2591,04f90621-b7cb-49bf-b962-8ba0790d6e62,Team Rocket's Giovanni,Destined Rivals,238,special_illustration_rare,,,,,,,,,,,,
D5-0358,v1|236823584800|0,https://www.ebay.com/itm/236823584800?_skw=Team+Rocket%27s+Giovanni+238+Destined+Rivals+Pokemon+card&hash=item3723c92020:g:J4YAAeSwXBNqCy-5,Team Rocket's Giovanni 238/182 Pokemon SV10: Destined Rivals Holo SIR NM,Ungraded,4000,,"[""FIXED_PRICE"", ""BEST_OFFER""]",thecardchef,https://i.ebayimg.com/images/g/J4YAAeSwXBNqCy-5/s-l225.jpg,cc59d868-d0e5-4557-9423-3f9b7c9d2591,04f90621-b7cb-49bf-b962-8ba0790d6e62,Team Rocket's Giovanni,Destined Rivals,238,special_illustration_rare,,,,,,,,,,,,
D5-0359,v1|398218410778|0,https://www.ebay.com/itm/398218410778?_skw=Team+Rocket%27s+Giovanni+238+Destined+Rivals&hash=item5cb7aabb1a:g:4rMAAeSwzmFqZrO~,Team Rocket's Giovanni Sv10 Destined Rivals SIR Holo 238/182 EN PSA 9,Graded,2750,,"[""FIXED_PRICE"", ""BEST_OFFER""]",dancu7242,https://i.ebayimg.com/images/g/4rMAAeSwzmFqZrO~/s-l225.jpg,cc59d868-d0e5-4557-9423-3f9b7c9d2591,04f90621-b7cb-49bf-b962-8ba0790d6e62,Team Rocket's Giovanni,Destined Rivals,238,special_illustration_rare,,,,,,,,,,,,
D5-0360,v1|377295139511|0,https://www.ebay.com/itm/377295139511?_skw=Team+Rocket%27s+Giovanni+238+Destined+Rivals+Pokemon+card&hash=item57d88af2b7:g:j8AAAeSwuPFqPTUb,SV10: Destined Rivals #238/182 Team Rocket's Giovanni,Ungraded,4000,,"[""FIXED_PRICE""]",xtremecollector78,https://i.ebayimg.com/images/g/j8AAAeSwuPFqPTUb/s-l225.jpg,cc59d868-d0e5-4557-9423-3f9b7c9d2591,04f90621-b7cb-49bf-b962-8ba0790d6e62,Team Rocket's Giovanni,Destined Rivals,238,special_illustration_rare,,,,,,,,,,,,
D5-0361,v1|366652981775|0,https://www.ebay.com/itm/366652981775?_skw=Team+Rocket%27s+Giovanni+238+Destined+Rivals&hash=item555e38820f:g:UxEAAeSw2MxqncqS,Team Rocket's Giovanni 238/182 (NM) - Destined Rivals - SIR - Pokemon TCG,Ungraded,4000,,"[""FIXED_PRICE""]",teescardvault,https://i.ebayimg.com/images/g/UxEAAeSw2MxqncqS/s-l225.jpg,cc59d868-d0e5-4557-9423-3f9b7c9d2591,04f90621-b7cb-49bf-b962-8ba0790d6e62,Team Rocket's Giovanni,Destined Rivals,238,special_illustration_rare,,,,,,,,,,,,
D5-0362,v1|327352204834|0,https://www.ebay.com/itm/327352204834?_skw=Team+Rocket%27s+Giovanni+238+Destined+Rivals+Pokemon+card&hash=item4c37b63e22:g:59QAAeSwVAVqoxxs,Destined Rivals Team Rocket’s Giovanni 238/182 Special Illustration Rare Pokemon,Ungraded,4000,,"[""FIXED_PRICE""]",justipali0,https://i.ebayimg.com/images/g/59QAAeSwVAVqoxxs/s-l225.jpg,cc59d868-d0e5-4557-9423-3f9b7c9d2591,04f90621-b7cb-49bf-b962-8ba0790d6e62,Team Rocket's Giovanni,Destined Rivals,238,special_illustration_rare,,,,,,,,,,,,
D5-0363,v1|177267634476|476919268125,https://www.ebay.com/itm/177267634476?_skw=Flareon+136+Scarlet+and+Violet+151+Pokemon+card&var=476919268125&hash=item2945f9712c:g:9UoAAeSwi81odnMI,Pokemon Scarlet & Violet 151 Reverse Holos and Holos: Choose Your Card,Ungraded,4000,,"[""FIXED_PRICE""]",eeveelaura,https://i.ebayimg.com/images/g/9UoAAeSwi81odnMI/s-l225.jpg,cdfc0223-40ef-4e4b-a9f2-3a809ae1c3df,f6e9d756-3a7b-4c8e-b87c-06cacb0d3c7e,Flareon,Scarlet and Violet 151,136,rare,,,,,,,,,,,,
D5-0364,v1|187028414956|0,https://www.ebay.com/itm/187028414956?_skw=Flareon+136+Scarlet+and+Violet+151+Pokemon+card&hash=item2b8bc321ec:g:Li0AAOSwbd9m0INw,Pokemon 151 Scarlet and Violet | 136/165 - Flareon Holo Rare - English,Ungraded,4000,,"[""FIXED_PRICE""]",jobe-3533,https://i.ebayimg.com/images/g/Li0AAOSwbd9m0INw/s-l225.jpg,cdfc0223-40ef-4e4b-a9f2-3a809ae1c3df,f6e9d756-3a7b-4c8e-b87c-06cacb0d3c7e,Flareon,Scarlet and Violet 151,136,rare,,,,,,,,,,,,
D5-0365,v1|146112115628|445055264557,https://www.ebay.com/itm/146112115628?_skw=Flareon+136+Scarlet+and+Violet+151+Pokemon+card&var=445055264557&hash=item2204f5f3ac:g:1c8AAOSw5AtnEsmf,"Pokemon 151 English Reverse Holo, Holo Rare and EX - Complete your Master Set!!!",Ungraded,4000,,"[""FIXED_PRICE""]",anotherdimension_toys,https://i.ebayimg.com/images/g/1c8AAOSw5AtnEsmf/s-l225.jpg,cdfc0223-40ef-4e4b-a9f2-3a809ae1c3df,f6e9d756-3a7b-4c8e-b87c-06cacb0d3c7e,Flareon,Scarlet and Violet 151,136,rare,,,,,,,,,,,,
D5-0366,v1|205226899334|0,https://www.ebay.com/itm/205226899334?_skw=Flareon+136+Scarlet+and+Violet+151+Pokemon+card&hash=item2fc879f786:g:gGIAAOSwo-VniG1L,Holo Flareon 136/165 Rare Scarlet and Violet 151 Pokemon TCG,Ungraded,4000,,"[""FIXED_PRICE"", ""BEST_OFFER""]",sunshinebeautycompany,https://i.ebayimg.com/images/g/gGIAAOSwo-VniG1L/s-l225.jpg,cdfc0223-40ef-4e4b-a9f2-3a809ae1c3df,f6e9d756-3a7b-4c8e-b87c-06cacb0d3c7e,Flareon,Scarlet and Violet 151,136,rare,,,,,,,,,,,,
D5-0367,v1|156241664107|457227513975,https://www.ebay.com/itm/156241664107?_skw=Flareon+136+Scarlet+and+Violet+151+Pokemon+card&var=457227513975&hash=item2460ba986b:g:X44AAOSwaTJoM51X,Pokemon 151 Cards! Holo/Reverse Holo Ex Illustration Ultra Double Rare Card!,Ungraded,4000,,"[""FIXED_PRICE""]",overstackedcards,https://i.ebayimg.com/images/g/X44AAOSwaTJoM51X/s-l225.jpg,cdfc0223-40ef-4e4b-a9f2-3a809ae1c3df,f6e9d756-3a7b-4c8e-b87c-06cacb0d3c7e,Flareon,Scarlet and Violet 151,136,rare,,,,,,,,,,,,
D5-0368,v1|197510202224|0,https://www.ebay.com/itm/197510202224?_skw=Flareon+136+Scarlet+and+Violet+151+Pokemon+card&hash=item2dfc868370:g:8jQAAeSwGlRobUaA,Pokémon TCG Flareon And Jolteon Scarlet & Violet-151 136/165 Reverse Holo,Ungraded,4000,,"[""FIXED_PRICE"", ""BEST_OFFER""]",peterpicacu,https://i.ebayimg.com/images/g/8jQAAeSwGlRobUaA/s-l225.jpg,cdfc0223-40ef-4e4b-a9f2-3a809ae1c3df,f6e9d756-3a7b-4c8e-b87c-06cacb0d3c7e,Flareon,Scarlet and Violet 151,136,rare,,,,,,,,,,,,
D5-0369,v1|117392571927|0,https://www.ebay.com/itm/117392571927?_skw=Roaring+Moon+ex+162+Prismatic+Evolutions&hash=item1b55247e17:g:97QAAeSwnsNqmKIg,2025 POKEMON PRE EN-PRISMATIC EVOLUTIONS #162 ROARING MOON EX PSA 10,Graded,2750,,"[""FIXED_PRICE""]",psa,https://i.ebayimg.com/images/g/97QAAeSwnsNqmKIg/s-l225.jpg,d09b2fb5-41b6-4d1e-88cf-629402434501,efae0727-f8c2-48c5-a33e-c308be0d288d,Roaring Moon ex,Prismatic Evolutions,162,special_illustration_rare,,,,,,,,,,,,
D5-0370,v1|158240237519|0,https://www.ebay.com/itm/158240237519?_skw=Roaring+Moon+ex+162+Prismatic+Evolutions&hash=item24d7da67cf:g:P70AAeSw131qlH1-&amdata=enc%3AAQALAAABAACCtXRWQnOEpyOqnQQ8KGZsjq5i0oF4rOqXmVoAnuKhaEfwNX1cRaDnXAFq9yVrVgKYcnffVwwCwH4eiI25sduKtNvukQ7TD0FeocZPh4dhk9DuXYXMlUxjx5s5YDiCE2zBArF8PV49rwemWEPugdDVdPz%2BhINFoglT2M%2BfObOu0hSlfCiN85fLF26E%2Fn9brcz6WJr6iAb2FcqtUn0reZoYFZY9naPbX%2Fy2sHW%2BM2N0JqWQpFogmANF7sG%2FbOvkPDyQ%2BBuqAWI%2FzH%2BtxWyyVnvlPifId9%2BrWU63KdAEXYCaE1ezT0h6bnDSHcdwQPzTgfPuZ12LkCKYgmaphDzXgl0%3D,Pokemon Company Roaring Moon 162/131 Full Art secret rare ,Ungraded,4000,,"[""FIXED_PRICE""]",mptreasuresandcollectibles,https://i.ebayimg.com/images/g/P70AAeSw131qlH1-/s-l225.jpg,d09b2fb5-41b6-4d1e-88cf-629402434501,efae0727-f8c2-48c5-a33e-c308be0d288d,Roaring Moon ex,Prismatic Evolutions,162,special_illustration_rare,,,,,,,,,,,,
D5-0371,v1|398379852529|0,https://www.ebay.com/itm/398379852529?_skw=Roaring+Moon+ex+162+Prismatic+Evolutions+Pokemon+card&hash=item5cc14a22f1:g:Vr4AAeSwAkNqokjs,Pokemon Roaring Moon EX Prismatic Evolutions Card 162/131 SIR Near Mint,Ungraded,4000,,"[""FIXED_PRICE"", ""BEST_OFFER""]",canadiancollectorx3,https://i.ebayimg.com/images/g/Vr4AAeSwAkNqokjs/s-l225.jpg,d09b2fb5-41b6-4d1e-88cf-629402434501,efae0727-f8c2-48c5-a33e-c308be0d288d,Roaring Moon ex,Prismatic Evolutions,162,special_illustration_rare,,,,,,,,,,,,
D5-0372,v1|128076384411|0,https://www.ebay.com/itm/128076384411?_skw=Roaring+Moon+ex+162+Prismatic+Evolutions+Pokemon+card&hash=item1dd1f2889b:g:JGYAAeSwLgNqpdzu,Roaring Moon ex 162/131 Prismatic Evolutions Pokemon Holo ,Ungraded,4000,,"[""FIXED_PRICE"", ""BEST_OFFER""]",thrifty_nicks,https://i.ebayimg.com/images/g/JGYAAeSwLgNqpdzu/s-l225.jpg,d09b2fb5-41b6-4d1e-88cf-629402434501,efae0727-f8c2-48c5-a33e-c308be0d288d,Roaring Moon ex,Prismatic Evolutions,162,special_illustration_rare,,,,,,,,,,,,
D5-0373,v1|376784438530|0,https://www.ebay.com/itm/376784438530?_skw=Roaring+Moon+ex+162+Prismatic+Evolutions+Pokemon+card&hash=item57ba1a4502:g:w0gAAeSwp1tpQtzh,🐉💎 CGC GEM MINT 10 | Roaring Moon ex SIR #162/131 | Prismatic Evolutions,Graded,2750,,"[""FIXED_PRICE""]",mghcollectibles,https://i.ebayimg.com/images/g/w0gAAeSwp1tpQtzh/s-l225.jpg,d09b2fb5-41b6-4d1e-88cf-629402434501,efae0727-f8c2-48c5-a33e-c308be0d288d,Roaring Moon ex,Prismatic Evolutions,162,special_illustration_rare,,,,,,,,,,,,
D5-0374,v1|197920940975|0,https://www.ebay.com/itm/197920940975?_skw=Roaring+Moon+ex+162+Prismatic+Evolutions&hash=item2e1501e3af:g:ZioAAeSwYPFqfOAm,Roaring Moon ex - 162/131 - Pokemon Prismatic Evolutions Special Illustration NM,Ungraded,4000,,"[""FIXED_PRICE""]",poke_canada,https://i.ebayimg.com/images/g/ZioAAeSwYPFqfOAm/s-l225.jpg,d09b2fb5-41b6-4d1e-88cf-629402434501,efae0727-f8c2-48c5-a33e-c308be0d288d,Roaring Moon ex,Prismatic Evolutions,162,special_illustration_rare,,,,,,,,,,,,
D5-0375,v1|306216645166|0,https://www.ebay.com/itm/306216645166?_skw=Grafaiai+223+Paldea+Evolved&hash=item474bef322e:g:GMIAAOSwlc5n7afv,Grafaiai 223/193 Sv02: Paldea Evolved Holo Pokemon Tcg Rare Illustration NM,Ungraded,4000,,"[""FIXED_PRICE"", ""BEST_OFFER""]",genggoods,https://i.ebayimg.com/images/g/GMIAAOSwlc5n7afv/s-l225.jpg,d12a209b-06a3-4b46-82d3-a374e6bbe7b4,d0d523dc-3f95-4bbc-beb6-75b3d2a15cae,Grafaiai,Paldea Evolved,223,illustration_rare,,,,,,,,,,,,
D5-0376,v1|398313923205|0,https://www.ebay.com/itm/398313923205?_skw=Grafaiai+223+Paldea+Evolved+Pokemon+card&hash=item5cbd5c2285:g:ELYAAeSwHQBqiZ7V,Pokémon TCG Grafaiai Scarlet & Violet Paldea Evolved Card 223/193,Ungraded,4000,,"[""FIXED_PRICE""]",hideandseaking,https://i.ebayimg.com/images/g/ELYAAeSwHQBqiZ7V/s-l225.jpg,d12a209b-06a3-4b46-82d3-a374e6bbe7b4,d0d523dc-3f95-4bbc-beb6-75b3d2a15cae,Grafaiai,Paldea Evolved,223,illustration_rare,,,,,,,,,,,,
D5-0377,v1|358853150825|0,https://www.ebay.com/itm/358853150825?_skw=Grafaiai+223+Paldea+Evolved+Pokemon+card&hash=item538d508869:g:XX4AAeSwSFFqaGNq,Grafaiai Holo Illustration Rare SV02: Paldea Evolved 223/193 NM,Ungraded,4000,,"[""FIXED_PRICE"", ""BEST_OFFER""]",makychutcg,https://i.ebayimg.com/images/g/XX4AAeSwSFFqaGNq/s-l225.jpg,d12a209b-06a3-4b46-82d3-a374e6bbe7b4,d0d523dc-3f95-4bbc-beb6-75b3d2a15cae,Grafaiai,Paldea Evolved,223,illustration_rare,,,,,,,,,,,,
D5-0378,v1|188896660855|0,https://www.ebay.com/itm/188896660855?_skw=Grafaiai+223+Paldea+Evolved&hash=item2bfb1e4d77:g:h-cAAeSw1clqgmds,The Pokémon Company Grafaiai 223/193 Paldea Evolved English Holo IR HP 90,Ungraded,4000,,"[""AUCTION"", ""BEST_OFFER""]",el_993761,https://i.ebayimg.com/images/g/h-cAAeSw1clqgmds/s-l225.jpg,d12a209b-06a3-4b46-82d3-a374e6bbe7b4,d0d523dc-3f95-4bbc-beb6-75b3d2a15cae,Grafaiai,Paldea Evolved,223,illustration_rare,,,,,,,,,,,,
D5-0379,v1|389455896600|0,https://www.ebay.com/itm/389455896600?_skw=Grafaiai+223+Paldea+Evolved+Pokemon+card&hash=item5aad616018:g:HjwAAeSwrBBpWzS7,PSA 9 Grafaiai 223/193 Sv02: Paldea Evolved Holo,Graded,2750,,"[""FIXED_PRICE""]",freas04,https://i.ebayimg.com/images/g/HjwAAeSwrBBpWzS7/s-l225.jpg,d12a209b-06a3-4b46-82d3-a374e6bbe7b4,d0d523dc-3f95-4bbc-beb6-75b3d2a15cae,Grafaiai,Paldea Evolved,223,illustration_rare,,,,,,,,,,,,
D5-0380,v1|227493954386|0,https://www.ebay.com/itm/227493954386?_skw=Grafaiai+223+Paldea+Evolved+Pokemon+card&hash=item34f7b24352:g:WH4AAeSwhVlqkE24,GRAFAIAI 223/193 HOLO PALDEA EVOLVED POKEMON TCG CARD,Ungraded,4000,,"[""FIXED_PRICE"", ""BEST_OFFER""]",supnerdtcg,https://i.ebayimg.com/images/g/WH4AAeSwhVlqkE24/s-l225.jpg,d12a209b-06a3-4b46-82d3-a374e6bbe7b4,d0d523dc-3f95-4bbc-beb6-75b3d2a15cae,Grafaiai,Paldea Evolved,223,illustration_rare,,,,,,,,,,,,
D5-0381,v1|237026094634|0,https://www.ebay.com/itm/237026094634?_skw=Zekrom+ex+166+Black+Bolt+Pokemon+card&hash=item372fdb2e2a:g:OMAAAeSwAnRqi4zR,2025 Pokemon SV Black Bolt Zekrom ex 166/086 SIR Holo English Fresh Pull,Ungraded,4000,,"[""FIXED_PRICE""]",ridleylax,https://i.ebayimg.com/images/g/OMAAAeSwAnRqi4zR/s-l225.jpg,d4ff3ebb-7e40-4a36-88e6-f07af2977641,1424e3da-f59e-47f2-8310-dfad3baf354b,Zekrom ex,Black Bolt,166,special_illustration_rare,,,,,,,,,,,,
D5-0382,v1|168569998189|0,https://www.ebay.com/itm/168569998189?_skw=Zekrom+ex+166+Black+Bolt+Pokemon+card&hash=item273f8e0b6d:g:kagAAeSwKs5qaLNY,PSA 10 Zekrom ex 166/086 SIR Black Bolt - English Pokemon Card,Graded,2750,,"[""FIXED_PRICE"", ""BEST_OFFER""]",theshadowronin,https://i.ebayimg.com/images/g/kagAAeSwKs5qaLNY/s-l225.jpg,d4ff3ebb-7e40-4a36-88e6-f07af2977641,1424e3da-f59e-47f2-8310-dfad3baf354b,Zekrom ex,Black Bolt,166,special_illustration_rare,,,,,,,,,,,,
D5-0383,v1|407125611469|0,https://www.ebay.com/itm/407125611469?_skw=Zekrom+ex+166+Black+Bolt+Pokemon+card&hash=item5eca93d3cd:g:5gwAAeSwv8xqdP6z,Pokemon TCG Zekrom ex Sv: Black Bolt - 166/086 Special Illustration Rare,Ungraded,4000,,"[""FIXED_PRICE""]",pastime_pokemon,https://i.ebayimg.com/images/g/5gwAAeSwv8xqdP6z/s-l225.jpg,d4ff3ebb-7e40-4a36-88e6-f07af2977641,1424e3da-f59e-47f2-8310-dfad3baf354b,Zekrom ex,Black Bolt,166,special_illustration_rare,,,,,,,,,,,,
D5-0384,v1|117406288905|0,https://www.ebay.com/itm/117406288905?_skw=Zekrom+ex+166+Black+Bolt&hash=item1b55f5cc09:g:WHwAAeSwynNqovew,2025 POKEMON BLK EN-BLACK BOLT SPECIAL ILLUSTRATION RARE #166 ZEKROM EX PSA 10,Graded,2750,,"[""AUCTION""]",psa,https://i.ebayimg.com/images/g/WHwAAeSwynNqovew/s-l225.jpg,d4ff3ebb-7e40-4a36-88e6-f07af2977641,1424e3da-f59e-47f2-8310-dfad3baf354b,Zekrom ex,Black Bolt,166,special_illustration_rare,,,,,,,,,,,,
D5-0385,v1|147566739143|0,https://www.ebay.com/itm/147566739143?_skw=Zekrom+ex+166+Black+Bolt&hash=item225ba9bec7:g:pO4AAeSw7k9qpFlW,2025 Pokemon Black Bolt Zekrom ex Special Illustration Rare BGS 10 #166/086,Graded,2750,,"[""FIXED_PRICE"", ""BEST_OFFER""]",cherrycapitalcards,https://i.ebayimg.com/images/g/pO4AAeSw7k9qpFlW/s-l225.jpg,d4ff3ebb-7e40-4a36-88e6-f07af2977641,1424e3da-f59e-47f2-8310-dfad3baf354b,Zekrom ex,Black Bolt,166,special_illustration_rare,,,,,,,,,,,,
D5-0386,v1|178457071153|0,https://www.ebay.com/itm/178457071153?_skw=Zekrom+ex+166+Black+Bolt+Pokemon+card&hash=item298cdece31:g:NUYAAeSwzbZqlhPY,SV: Black Bolt Zekrom ex #166/086,Ungraded,4000,,"[""FIXED_PRICE""]",orbsportscards,https://i.ebayimg.com/images/g/NUYAAeSwzbZqlhPY/s-l225.jpg,d4ff3ebb-7e40-4a36-88e6-f07af2977641,1424e3da-f59e-47f2-8310-dfad3baf354b,Zekrom ex,Black Bolt,166,special_illustration_rare,,,,,,,,,,,,
D5-0387,v1|257688501004|0,https://www.ebay.com/itm/257688501004?_skw=Jamming+Tower+261+Ascended+Heroes&hash=item3bff6e7b0c:g:J6UAAeSwjhxqhHiY,Jamming Tower Holo Ultra Rare ME: Ascended Heroes 261/217 NM,Ungraded,4000,,"[""FIXED_PRICE""]",gmpokemoncards,https://i.ebayimg.com/images/g/J6UAAeSwjhxqhHiY/s-l225.jpg,e26de7b7-434e-4bec-8fc2-fb15b971b1a7,44b0372c-396d-43e9-84bb-afad2d04128f,Jamming Tower,Ascended Heroes,261,ultra_rare,,,,,,,,,,,,
D5-0388,v1|800646003013|0,https://www.ebay.com/itm/800646003013?_skw=Jamming+Tower+261+Ascended+Heroes&hash=itemba6a387945:g:2jwAAeSw4ZdqphFU,Jamming Tower Holofoil ME: Ascended Heroes 261/217 NM Pokémon,Ungraded,4000,,"[""FIXED_PRICE""]",ampcardzshop,https://i.ebayimg.com/images/g/2jwAAeSw4ZdqphFU/s-l225.jpg,e26de7b7-434e-4bec-8fc2-fb15b971b1a7,44b0372c-396d-43e9-84bb-afad2d04128f,Jamming Tower,Ascended Heroes,261,ultra_rare,,,,,,,,,,,,
D5-0389,v1|307166597985|0,https://www.ebay.com/itm/307166597985?_skw=Jamming+Tower+261+Ascended+Heroes+Pokemon+card&hash=item47848e5361:g:rR0AAeSwTgpqi5jq,Jamming Tower 261/217 Me: Ascended Heroes Holo Full Art Ultra Rare UR Stadium,Ungraded,4000,,"[""AUCTION""]",jwpsales628,https://i.ebayimg.com/images/g/rR0AAeSwTgpqi5jq/s-l225.jpg,e26de7b7-434e-4bec-8fc2-fb15b971b1a7,44b0372c-396d-43e9-84bb-afad2d04128f,Jamming Tower,Ascended Heroes,261,ultra_rare,,,,,,,,,,,,
D5-0390,v1|377477436830|0,https://www.ebay.com/itm/377477436830?_skw=Jamming+Tower+261+Ascended+Heroes&hash=item57e368959e:g:rbQAAeSwk3Fpm8Ky,Jamming Tower - 261/217 - Ascended Heroes - Ultra Rare -  NM,Ungraded,4000,,"[""AUCTION"", ""BEST_OFFER""]",ricscards444,https://i.ebayimg.com/images/g/rbQAAeSwk3Fpm8Ky/s-l225.jpg,e26de7b7-434e-4bec-8fc2-fb15b971b1a7,44b0372c-396d-43e9-84bb-afad2d04128f,Jamming Tower,Ascended Heroes,261,ultra_rare,,,,,,,,,,,,
D5-0391,v1|327313876449|0,https://www.ebay.com/itm/327313876449?_skw=Jamming+Tower+261+Ascended+Heroes+Pokemon+card&hash=item4c356d65e1:g:ltQAAeSwCz5qgmbF&amdata=enc%3AAQALAAABEACCtXRWQnOEpyOqnQQ8KGYWR7qevlXPEvLhEe2q2EJKlufZtWlJhjV9ft5Jyl8smm67%2BTdao4YjQAUFxq79vvgIkTpBXZGGTAlG5WEJk88JgHIchRDubY7SvaTXMqxSoR6yJmhORO1AjKOi43qJ6EhPhjB6IGQ%2Fs2Kq3QGVDNlVrL4mzUauvKW2KUvQEm7JOKEFQspKTroTdifWw45qqnEznbRksXqkAEMahjyzQh%2BOfWKPIBoxgSIVlI8%2BoJmP7rV4IJGoz475YBOnp0W4JMEwGlNM8ZY%2BXlSdNInXajpXGv82Yx0hDQQ%2BFxfMJuvt4Y%2FkW2leMBGwzX4pOEAU6LKdBFsoWUmitRDpvFg1mpI2,Jamming Tower Full Art Ultra Rare 261/217 Pokemon Ascended Heroes English ,Ungraded,4000,,"[""FIXED_PRICE"", ""BEST_OFFER""]",jahs5829,https://i.ebayimg.com/images/g/ltQAAeSwCz5qgmbF/s-l225.jpg,e26de7b7-434e-4bec-8fc2-fb15b971b1a7,44b0372c-396d-43e9-84bb-afad2d04128f,Jamming Tower,Ascended Heroes,261,ultra_rare,,,,,,,,,,,,
D5-0392,v1|227517459816|0,https://www.ebay.com/itm/227517459816?_skw=Jamming+Tower+261+Ascended+Heroes&hash=item34f918ed68:g:cnkAAeSwC1NqpGiK,Jamming Tower 261/217 Ultra Rare - Pokémon TCG Ascended Heroes (2026) NM,Ungraded,4000,,"[""FIXED_PRICE""]",risk-the-rip,https://i.ebayimg.com/images/g/cnkAAeSwC1NqpGiK/s-l225.jpg,e26de7b7-434e-4bec-8fc2-fb15b971b1a7,44b0372c-396d-43e9-84bb-afad2d04128f,Jamming Tower,Ascended Heroes,261,ultra_rare,,,,,,,,,,,,
D5-0393,v1|307151912887|0,https://www.ebay.com/itm/307151912887?_skw=Team+Rocket%27s+Giovanni+204+Ascended+Heroes+Pokemon+card&hash=item4783ae3fb7:g:YgIAAeSwQUJqkmbc,Team Rocket's Giovanni 204/217 Uncommon Ascended Heroes Pokemon NM,Ungraded,4000,,"[""FIXED_PRICE""]",desirablecardboard,https://i.ebayimg.com/images/g/YgIAAeSwQUJqkmbc/s-l225.jpg,ec8fec81-b57d-442a-baf0-91882c40de6e,67ea57e5-8821-4372-ac63-4c6e3f81f261,Team Rocket's Giovanni,Ascended Heroes,204,uncommon,,,,,,,,,,,,
D5-0394,v1|366657296480|0,https://www.ebay.com/itm/366657296480?_skw=Team+Rocket%27s+Giovanni+204+Ascended+Heroes+Pokemon+card&hash=item555e7a5860:g:xhAAAeSw1vdqoLX-,Team Rocket's Giovanni Reverse Holo Uncommon ME: Ascended Heroes 204/217 NM,Ungraded,4000,,"[""FIXED_PRICE"", ""BEST_OFFER""]",syovault,https://i.ebayimg.com/images/g/xhAAAeSw1vdqoLX-/s-l225.jpg,ec8fec81-b57d-442a-baf0-91882c40de6e,67ea57e5-8821-4372-ac63-4c6e3f81f261,Team Rocket's Giovanni,Ascended Heroes,204,uncommon,,,,,,,,,,,,
D5-0395,v1|398373987095|0,https://www.ebay.com/itm/398373987095?_skw=Team+Rocket%27s+Giovanni+204+Ascended+Heroes+Pokemon+card&hash=item5cc0f0a317:g:ct0AAeSwJg5qQcsZ,Team Rocket's Giovanni 204/217 Me: Ascended Heroes Regular,Ungraded,4000,,"[""AUCTION"", ""BEST_OFFER""]",squash_74,https://i.ebayimg.com/images/g/ct0AAeSwJg5qQcsZ/s-l225.jpg,ec8fec81-b57d-442a-baf0-91882c40de6e,67ea57e5-8821-4372-ac63-4c6e3f81f261,Team Rocket's Giovanni,Ascended Heroes,204,uncommon,,,,,,,,,,,,
D5-0396,v1|158082938415|0,https://www.ebay.com/itm/158082938415?_skw=Team+Rocket%27s+Giovanni+204+Ascended+Heroes+Pokemon+card&hash=item24ce7a362f:g:sGgAAeSwIoZqVtP4,Team Rocket's Giovanni 204/217 Uncommon Ascended Heroes Pokemon Reverse Holo NM,Ungraded,4000,,"[""FIXED_PRICE"", ""BEST_OFFER""]",skydiver516_tcg,https://i.ebayimg.com/images/g/sGgAAeSwIoZqVtP4/s-l225.jpg,ec8fec81-b57d-442a-baf0-91882c40de6e,67ea57e5-8821-4372-ac63-4c6e3f81f261,Team Rocket's Giovanni,Ascended Heroes,204,uncommon,,,,,,,,,,,,
D5-0397,v1|257684130805|0,https://www.ebay.com/itm/257684130805?_skw=Team+Rocket%27s+Giovanni+204+Ascended+Heroes+Pokemon+card&hash=item3bff2bcbf5:g:oxsAAeSwRYJqgdUo&amdata=enc%3AAQALAAABEACCtXRWQnOEpyOqnQQ8KGaZwWDvuu4Om%2F7xOQTKHCw8aM8F9KOrFtCLpMB1Ha5SAXJuz1EqiFmFH49ZbgtbA4ye8xAdcw2Rmhn2k4TcZMMydjJBbQk3hbUWVrwZOOGMEcbkw8snozV4hGntrugPKLcxsgkwQdVPO%2Fg%2FTBqnIlRu%2BrOuzNYA2WqX7RbvKgLhadruM7ThF%2BdXiN10SW0lE1Ig9djoDt%2BzVSa1pwAlkwQeHOnfMYBVlGUUltsr2YWG0dSqGA%2BwyTRah9rh2TzIm1V7ghLI%2FGqjwniGUDOPgIN8LP8i0WzH7HYOTmpMdX%2Ftn6dg9Ha5GTfgFP1ufLE5GVnqV5%2Fa2qsBJcv1axG1h5mn,TEAM ROCKET'S GIOVANNI ASCENDED HEROES 204/217 REVERSE HOLO NM A63242 FREE S&H,Ungraded,4000,,"[""FIXED_PRICE"", ""BEST_OFFER""]",sdrcgifts,https://i.ebayimg.com/images/g/oxsAAeSwRYJqgdUo/s-l225.jpg,ec8fec81-b57d-442a-baf0-91882c40de6e,67ea57e5-8821-4372-ac63-4c6e3f81f261,Team Rocket's Giovanni,Ascended Heroes,204,uncommon,,,,,,,,,,,,
D5-0398,v1|287368607993|0,https://www.ebay.com/itm/287368607993?_skw=Team+Rocket%27s+Giovanni+204+Ascended+Heroes+Pokemon+card&hash=item42e880f8f9:g:lGoAAeSwY41qHjeC,TEAM ROCKET'S GIOVANNI 204/217 ASCENDED HEROES POKEMON REVERSE HOLO NM/M,Ungraded,4000,,"[""FIXED_PRICE""]",hearthandholotradingco,https://i.ebayimg.com/images/g/lGoAAeSwY41qHjeC/s-l225.jpg,ec8fec81-b57d-442a-baf0-91882c40de6e,67ea57e5-8821-4372-ac63-4c6e3f81f261,Team Rocket's Giovanni,Ascended Heroes,204,uncommon,,,,,,,,,,,,
D5-0399,v1|405851014326|0,https://www.ebay.com/itm/405851014326?_skw=Coalossal+95+Temporal+Forces&hash=item5e7e9b04b6:g:asUAAeSwGTJoHjk6,Pokemon Coalossal (95/273) Temporal Forces LP REVERSE HOLO,Ungraded,4000,,"[""FIXED_PRICE""]",ninetyfive,https://i.ebayimg.com/images/g/asUAAeSwGTJoHjk6/s-l225.jpg,ecfe51fb-3435-4e1c-8542-8809cd6f95ff,db1498a4-579d-4bbe-b887-8368299e735f,Coalossal,Temporal Forces,95,uncommon,,,,,,,,,,,,
D5-0400,v1|358168945959|626508955228,https://www.ebay.com/itm/358168945959?_skw=Coalossal+95+Temporal+Forces&hash=item5364886527:g:QQcAAeSwjuFpesrf,Pokemon Temporal Forces Choose Your Card! Regulars Near Mint,Ungraded,4000,,"[""FIXED_PRICE""]",espeonage.collects,https://i.ebayimg.com/images/g/QQcAAeSwjuFpesrf/s-l225.jpg,ecfe51fb-3435-4e1c-8542-8809cd6f95ff,db1498a4-579d-4bbe-b887-8368299e735f,Coalossal,Temporal Forces,95,uncommon,,,,,,,,,,,,
D5-0401,v1|188036629201|695700393859,https://www.ebay.com/itm/188036629201?_skw=Coalossal+95+Temporal+Forces+Pokemon+card&hash=item2bc7db42d1:g:T3YAAeSwjdlph6kH,YOU PICK: Pokemon Temporal Forces Single Cards (Complete Your Set),Ungraded,4000,,"[""FIXED_PRICE""]",jeffsvinylandmore,https://i.ebayimg.com/images/g/T3YAAeSwjdlph6kH/s-l225.jpg,ecfe51fb-3435-4e1c-8542-8809cd6f95ff,db1498a4-579d-4bbe-b887-8368299e735f,Coalossal,Temporal Forces,95,uncommon,,,,,,,,,,,,
D5-0402,v1|398328171482|0,https://www.ebay.com/itm/398328171482?_skw=Coalossal+95+Temporal+Forces+Pokemon+card&hash=item5cbe358bda:g:x10AAeSwEBxqIbdV,Pokemon Coalossal Uncommon SV05: Temporal Forces 095/162 NM - Buy 3 Get 2 Free,Ungraded,4000,,"[""FIXED_PRICE"", ""BEST_OFFER""]",lewisschoolem744,https://i.ebayimg.com/images/g/x10AAeSwEBxqIbdV/s-l225.jpg,ecfe51fb-3435-4e1c-8542-8809cd6f95ff,db1498a4-579d-4bbe-b887-8368299e735f,Coalossal,Temporal Forces,95,uncommon,,,,,,,,,,,,
D5-0403,v1|405824571313|0,https://www.ebay.com/itm/405824571313?_skw=Coalossal+95+Temporal+Forces&hash=item5e7d0787b1:g:45oAAeSw9aJoEnID,Coalossal - Reverse Holo - 95/162 Temporal Forces - Pokémon TCG,Ungraded,4000,,"[""FIXED_PRICE""]",castlerock-tcg,https://i.ebayimg.com/images/g/45oAAeSw9aJoEnID/s-l225.jpg,ecfe51fb-3435-4e1c-8542-8809cd6f95ff,db1498a4-579d-4bbe-b887-8368299e735f,Coalossal,Temporal Forces,95,uncommon,,,,,,,,,,,,
D5-0404,v1|267735832631|0,https://www.ebay.com/itm/267735832631?_skw=Coalossal+95+Temporal+Forces+Pokemon+card&hash=item3e564c9837:g:RVcAAeSw0fJqnb2q,Coalossal 095/162 Uncommon Temporal Forces Pokemon NM,Ungraded,4000,,"[""FIXED_PRICE""]",mptrading17,https://i.ebayimg.com/images/g/RVcAAeSw0fJqnb2q/s-l225.jpg,ecfe51fb-3435-4e1c-8542-8809cd6f95ff,db1498a4-579d-4bbe-b887-8368299e735f,Coalossal,Temporal Forces,95,uncommon,,,,,,,,,,,,
D5-0405,v1|128069340716|0,https://www.ebay.com/itm/128069340716?_skw=Meowth+106+Phantasmal+Flames&hash=item1dd1870e2c:g:l~wAAeSwv8BqoHeW,2025 Pokemon Phantasmal Flames Meowth Illustration Rare #106/094 PSA 9,Graded,2750,,"[""AUCTION""]",dcsports87,https://i.ebayimg.com/images/g/l~wAAeSwv8BqoHeW/s-l225.jpg,f01e01fe-17e4-48b7-8ba3-9a88f876acd4,7c3e24f9-be0e-4de8-86fc-9fb913792294,Meowth,Phantasmal Flames,106,illustration_rare,,,,,,,,,,,,
D5-0406,v1|307177797249|0,https://www.ebay.com/itm/307177797249?_skw=Meowth+106+Phantasmal+Flames+Pokemon+card&hash=item4785393681:g:aRYAAeSwyb9qpybe,Meowth 106/094 Illustration Rare Phantasmal Flames Pokemon Holo Near Mint,Ungraded,4000,,"[""FIXED_PRICE""]",mystiqchase,https://i.ebayimg.com/images/g/aRYAAeSwyb9qpybe/s-l225.jpg,f01e01fe-17e4-48b7-8ba3-9a88f876acd4,7c3e24f9-be0e-4de8-86fc-9fb913792294,Meowth,Phantasmal Flames,106,illustration_rare,,,,,,,,,,,,
D5-0407,v1|227514505445|0,https://www.ebay.com/itm/227514505445?_skw=Meowth+106+Phantasmal+Flames+Pokemon+card&hash=item34f8ebd8e5:g:gtoAAeSw2FFqofKg,PSA 10 Pokemon MEOWTH 106/094 ILLUSTRATION RARE - ME02: Phantasmal Flames,Graded,2750,,"[""FIXED_PRICE""]",dire_hit,https://i.ebayimg.com/images/g/gtoAAeSw2FFqofKg/s-l225.jpg,f01e01fe-17e4-48b7-8ba3-9a88f876acd4,7c3e24f9-be0e-4de8-86fc-9fb913792294,Meowth,Phantasmal Flames,106,illustration_rare,,,,,,,,,,,,
D5-0408,v1|237056620173|0,https://www.ebay.com/itm/237056620173?_skw=Meowth+106+Phantasmal+Flames&hash=item3731acf68d:g:1eIAAeSw3lJqn3vC&amdata=enc%3AAQALAAABAACCtXRWQnOEpyOqnQQ8KGbyJdNtKrk%2FeBOpp4RtZBj4O5fgoUv1Jv1SjrV5nuqRj2MdgowsELtICyKuGea0CbQveQ4A9DdOm6mbcrZ%2B6RfwbVTpUoasiJ%2Fwubu5pt4jhglstv%2FU2GzhfRCipQFYDTzMIAfgJPosYPowm81xqWRLUGtgWegL6KucvYLsiZsAVG1sGonIOqwGptTUTmbo983U10Dx52yg9ErrMKkUKXf0JsUBHNewHbebPct%2FAAZ0EC8RcpiJiaWTKM96erwdeIBn28EwB%2BX%2FnskL%2FOZa7Y7Sf6HGlLORy0uagGRYLbpY198TcXjv3JsDM3DJNxH9e90%3D,Pokemon TCG Meowth 106/094 Me02: Phantasmal Flames Illustration Rare Holo 70 HP,Ungraded,4000,,"[""FIXED_PRICE"", ""BEST_OFFER""]",rarefamilypulls,https://i.ebayimg.com/images/g/1eIAAeSw3lJqn3vC/s-l225.jpg,f01e01fe-17e4-48b7-8ba3-9a88f876acd4,7c3e24f9-be0e-4de8-86fc-9fb913792294,Meowth,Phantasmal Flames,106,illustration_rare,,,,,,,,,,,,
D5-0409,v1|198639334898|0,https://www.ebay.com/itm/198639334898?_skw=Meowth+106+Phantasmal+Flames+Pokemon+card&hash=item2e3fd3b5f2:g:g8cAAeSweP9qpu~U,Pokémon Meowth 106/094 – Phantasmal Flames – Eng IR (Illustration Rare)  PFL,Ungraded,4000,,"[""FIXED_PRICE""]",5tantheman,https://i.ebayimg.com/images/g/g8cAAeSweP9qpu~U/s-l225.jpg,f01e01fe-17e4-48b7-8ba3-9a88f876acd4,7c3e24f9-be0e-4de8-86fc-9fb913792294,Meowth,Phantasmal Flames,106,illustration_rare,,,,,,,,,,,,
D5-0410,v1|128068425870|0,https://www.ebay.com/itm/128068425870?_skw=Meowth+106+Phantasmal+Flames&hash=item1dd179188e:g:OqwAAeSwDahqn8T7,2025 Pokemon Phantasmal Flames Meowth Illustration Rare #106/094,Ungraded,4000,,"[""AUCTION""]",dcsports87,https://i.ebayimg.com/images/g/OqwAAeSwDahqn8T7/s-l225.jpg,f01e01fe-17e4-48b7-8ba3-9a88f876acd4,7c3e24f9-be0e-4de8-86fc-9fb913792294,Meowth,Phantasmal Flames,106,illustration_rare,,,,,,,,,,,,
D5-0411,v1|267638057362|0,https://www.ebay.com/itm/267638057362?_skw=Team+Rocket%27s+Nidoking+ex+233+Destined+Rivals+Pokemon+card&hash=item3e5078a992:g:wmgAAeSwp2Jp3TkQ,Pokémon Team Rocket's Nidoking ex 233/182 Sv10: Destined Rivals SIR Holo,Ungraded,4000,,"[""FIXED_PRICE"", ""BEST_OFFER""]",dadlifeyadigg,https://i.ebayimg.com/images/g/wmgAAeSwp2Jp3TkQ/s-l225.jpg,fd225f1d-3765-4209-a5ec-42caf35933b0,92fdb409-1454-43ef-87ee-19095f700462,Team Rocket's Nidoking ex,Destined Rivals,233,special_illustration_rare,,,,,,,,,,,,
D5-0412,v1|278258976802|0,https://www.ebay.com/itm/278258976802?_skw=Team+Rocket%27s+Nidoking+ex+233+Destined+Rivals+Pokemon+card&hash=item40c9870822:g:gyoAAeSwBJRqdyyY,Team Rocket's Nidoking ex 233/182 Destined Rivals Holo POKEMON,Ungraded,4000,,"[""FIXED_PRICE""]",stfgaming,https://i.ebayimg.com/images/g/gyoAAeSwBJRqdyyY/s-l225.jpg,fd225f1d-3765-4209-a5ec-42caf35933b0,92fdb409-1454-43ef-87ee-19095f700462,Team Rocket's Nidoking ex,Destined Rivals,233,special_illustration_rare,,,,,,,,,,,,
D5-0413,v1|168685777974|0,https://www.ebay.com/itm/168685777974?_skw=Team+Rocket%27s+Nidoking+ex+233+Destined+Rivals+Pokemon+card&hash=item274674b436:g:osUAAeSwR2JqprNG,Pokemon Destined Rivals #233 Rocket'S Nidoking Ex Special Illustration PSA 10,Graded,2750,,"[""FIXED_PRICE"", ""BEST_OFFER""]",gstudioshq,https://i.ebayimg.com/images/g/osUAAeSwR2JqprNG/s-l225.jpg,fd225f1d-3765-4209-a5ec-42caf35933b0,92fdb409-1454-43ef-87ee-19095f700462,Team Rocket's Nidoking ex,Destined Rivals,233,special_illustration_rare,,,,,,,,,,,,
D5-0414,v1|227517711769|0,https://www.ebay.com/itm/227517711769?_skw=Team+Rocket%27s+Nidoking+ex+233+Destined+Rivals+Pokemon+card&hash=item34f91cc599:g:Jr8AAeSwGq9qpLBg,Team Rocket's Nidoking ex 233/182 Destined Rivals Pokemon Holo NM,Ungraded,4000,,"[""FIXED_PRICE"", ""BEST_OFFER""]",mighty_q_collections,https://i.ebayimg.com/images/g/Jr8AAeSwGq9qpLBg/s-l225.jpg,fd225f1d-3765-4209-a5ec-42caf35933b0,92fdb409-1454-43ef-87ee-19095f700462,Team Rocket's Nidoking ex,Destined Rivals,233,special_illustration_rare,,,,,,,,,,,,
D5-0415,v1|178485455946|0,https://www.ebay.com/itm/178485455946?_skw=Team+Rocket%27s+Nidoking+ex+233+Destined+Rivals&hash=item298e8fec4a:g:ZuwAAeSwYRJqotQ-,TEAM ROCKET'S NIDOKING EX PSA 10 2025 POKEMON DESTINED RIVALS #233/182 SIR 5436,Graded,2750,,"[""AUCTION""]",mc_sportscards,https://i.ebayimg.com/images/g/ZuwAAeSwYRJqotQ-/s-l225.jpg,fd225f1d-3765-4209-a5ec-42caf35933b0,92fdb409-1454-43ef-87ee-19095f700462,Team Rocket's Nidoking ex,Destined Rivals,233,special_illustration_rare,,,,,,,,,,,,
D5-0416,v1|406961000533|0,https://www.ebay.com/itm/406961000533?_skw=Team+Rocket%27s+Nidoking+ex+233+Destined+Rivals+Pokemon+card&hash=item5ec0c41055:g:TdoAAeSwkRRqGh5z&amdata=enc%3AAQALAAABEACCtXRWQnOEpyOqnQQ8KGZJ%2BcmYuk2RnE8NZup7EV6QKZZB%2FvlsDps6zKvgPNyUfKPvXnvSTFurgGQbd82NvPS4WBtuLiqIub%2B773vCgNeJfmh6Ss0PRINSaYA50pwyhHYzb8NdptHxNnBwcCmCn6AK67yf02bWnN0vwnXf3XoLCken7BhowHPGQ33GNezVvMgi3sGM7%2B1lRJV%2BLO1%2Foi84sAdn5HPCR%2B1hFouMC%2FOfJUo9qHnmvsq%2BYunSDc%2FOdL%2FAOxnhVCJRuRCutFHOrYyupvhysujNvruv%2Fnvvw9jftDO6WLi7x21r4jxdRzUpHKCTqAh%2FkZKFyrwqLy24--FcZuAAS7wJc9jaE7jWf2qJ,Pokemon TCG - Team Rocket's Nidoking ex 233/182 SIR - SV10: Destined Rivals - NM,Ungraded,4000,,"[""FIXED_PRICE"", ""BEST_OFFER""]",mythicalbunker,https://i.ebayimg.com/images/g/TdoAAeSwkRRqGh5z/s-l225.jpg,fd225f1d-3765-4209-a5ec-42caf35933b0,92fdb409-1454-43ef-87ee-19095f700462,Team Rocket's Nidoking ex,Destined Rivals,233,special_illustration_rare,,,,,,,,,,,,
