benchmark_row_id,listing_item_id,item_url,listing_title,condition,condition_id,category_id,buying_options_json,seller_id,image_url,canonical_card_id,card_variant_id,target_card_name,target_set_name,target_card_number,target_treatment,exact_match_yes_no_uncertain,single_card_or_lot,raw_or_graded,card_or_sealed_nonshcard,collector_number_consistency,set_consistency,language,variant_treatment,reviewer_id,label_timestamp,review_note,adjudicated_result
E13-0000,v1|376829402898|0,https://www.ebay.com/itm/376829402898?_skw=Penny+252+Scarlet+and+Violet+Base+Set+Pokemon+card&hash=item57bcc85f12:g:yA4AAeSwxWlpWEND&amdata=enc%3AAQALAAABEACCtXRWQnOEpyOqnQQ8KGaq55DBQLCePS0Kv%2FTJfjwKVqJWDPBOW8MdwyzJ7qhqw4Z9kG9D3Hat%2B7XaOS58buclrQMxOMWbWQtzk0vJVv%2F2bfw62ooQ3oeg%2FyIhJmpgmXnyjxfV4lwmD4qKpQmnUABf29SS3Wihm1mMagTxcPwdWaIwubFMiBVj3hODzSHcEe0ZDw2%2BOiyUarGZNhY4eEQEZ9qK%2B0GIdsz%2BGd114uA84ycTUWIeqvE8Oh%2BrAQxZKP%2FruYQd5zvV51B7OTNSTNClFscXLUa67Wd%2F3hk5OMIX6xVQL7rYWKLYbvNoHhmvbHsV9kOLIZRkHNzgNBIz8qaRmQDiU8f8SWJuGM9VtQI1,Penny 239/198 SV01: Scarlet & Violet Base Set Holo,Ungraded,4000,,"[""FIXED_PRICE"", ""BEST_OFFER""]",happilyhaunteddeals,https://i.ebayimg.com/images/g/yA4AAeSwxWlpWEND/s-l225.jpg,018c983e-b1d0-41df-880e-ebf3f2e2fb12,4eb8f140-a9c3-41c4-85aa-c2f6b7131746,Penny,Scarlet and Violet Base Set,252,special_illustration_rare,NO,SINGLE_CARD,RAW,CARD,INCONSISTENT,,,,Donny,2026-09-16T03:17:54.611349+00:00,,
E13-0001,v1|178378468419|0,https://www.ebay.com/itm/178378468419?_skw=Penny+252+Scarlet+and+Violet+Base+Set+Pokemon+card&hash=item29882f6c43:g:XDkAAeSw459qc~4-,Penny 252/198 Sv01: Scarlet & Violet Base Set Holo Special Illustration Rare NM,Ungraded,4000,,"[""FIXED_PRICE"", ""BEST_OFFER""]",kb.cardz,https://i.ebayimg.com/images/g/XDkAAeSw459qc~4-/s-l225.jpg,018c983e-b1d0-41df-880e-ebf3f2e2fb12,4eb8f140-a9c3-41c4-85aa-c2f6b7131746,Penny,Scarlet and Violet Base Set,252,special_illustration_rare,YES,SINGLE_CARD,RAW,CARD,,,,,Donny,2026-09-16T04:12:21.303286+00:00,,
E13-0002,v1|188313455069|0,https://www.ebay.com/itm/188313455069?_skw=Penny+252+Scarlet+and+Violet+Base+Set+Pokemon+card&hash=item2bd85b49dd:g:~fcAAeSw88dp698S&amdata=enc%3AAQALAAABEACCtXRWQnOEpyOqnQQ8KGbL%2FQ6vWHlFURIDwtxdJ48henKRgrng7yhGXZ%2BNm1d90JWdz8ESMlkluF1Ig1qhZeoRdjHGORFfFdfEOEYNGsLfw2jCWTyqVF%2FKcqDJqxS18f5zcyo764E8%2Fr7%2F%2BK9eypD2xy32k5JwawiGeilUm4NfCwgSgOhHpkaIBJZJrjl%2FVmfsWGGBkibbLekqeYMiwt9uqJwq99P%2FRiGk463jzoXy2km8gYt1p3n1R5nN4L7FnPFMSSgN4TYqgE3HEi5iDqubaqtgl4wqG%2FWJWNHRlId%2FLKvgPU%2BOFJOlR0bndLvEnLAQUebYVlPsAfSefGA5gtNzVW7RL7qPbc34HmG1yHgX,Penny 252/198 SV01: Scarlet & Violet Base Set Holo,Graded,2750,,"[""FIXED_PRICE"", ""BEST_OFFER""]",annhamm80116,https://i.ebayimg.com/images/g/~fcAAeSw88dp698S/s-l225.jpg,018c983e-b1d0-41df-880e-ebf3f2e2fb12,4eb8f140-a9c3-41c4-85aa-c2f6b7131746,Penny,Scarlet and Violet Base Set,252,special_illustration_rare,NO,SINGLE_CARD,GRADED,CARD,,,,,Donny,2026-09-16T03:17:58.198357+00:00,,
E13-0003,v1|168402766756|0,https://www.ebay.com/itm/168402766756?_skw=Penny+252+Scarlet+and+Violet+Base+Set+Pokemon+card&hash=item2735964ba4:g:wZoAAeSw5ptqFLX3,Penny 252/198 Special Illustration Rare Scarlet & Violet Pokemon Near Mint,Ungraded,4000,,"[""FIXED_PRICE""]",nick_of_time_collectibles,https://i.ebayimg.com/images/g/wZoAAeSw5ptqFLX3/s-l225.jpg,018c983e-b1d0-41df-880e-ebf3f2e2fb12,4eb8f140-a9c3-41c4-85aa-c2f6b7131746,Penny,Scarlet and Violet Base Set,252,special_illustration_rare,YES,SINGLE_CARD,RAW,CARD,,,,,Donny,2026-09-16T04:11:25.133242+00:00,,
E13-0004,v1|128078051252|0,https://www.ebay.com/itm/128078051252?_skw=Penny+252+Scarlet+and+Violet+Base+Set+Pokemon+card&hash=item1dd20bf7b4:g:mIYAAeSw7U5qpzmR,Pokémon Penny Trainer 252/198 Scarlet & Violet Base Special Illustration Rare NM,Ungraded,4000,,"[""AUCTION""]",uscat-35euzv,https://i.ebayimg.com/images/g/mIYAAeSw7U5qpzmR/s-l225.jpg,018c983e-b1d0-41df-880e-ebf3f2e2fb12,4eb8f140-a9c3-41c4-85aa-c2f6b7131746,Penny,Scarlet and Violet Base Set,252,special_illustration_rare,YES,SINGLE_CARD,RAW,CARD,,,,,Donny,2026-09-16T04:10:23.971447+00:00,,
E13-0005,v1|145368503208|444560785604,https://www.ebay.com/itm/145368503208?_skw=Penny+252+Scarlet+and+Violet+Base+Set+Pokemon+card&var=444560785604&hash=item21d8a353a8:g:MxoAAOSwZu9lLDEK,Pokemon TCG Scarlet and Violet Base Set Singles - Choose your own Card!,Ungraded,4000,,"[""FIXED_PRICE""]",xerksies,https://i.ebayimg.com/images/g/MxoAAOSwZu9lLDEK/s-l225.jpg,018c983e-b1d0-41df-880e-ebf3f2e2fb12,4eb8f140-a9c3-41c4-85aa-c2f6b7131746,Penny,Scarlet and Violet Base Set,252,special_illustration_rare,NO,SINGLE_CARD,RAW,CARD,INCONSISTENT,,,,Donny,2026-09-16T03:18:04.073197+00:00,,
E13-0006,v1|396968441843|0,https://www.ebay.com/itm/396968441843?_skw=Penny+252+Scarlet+and+Violet+Base+Set+Pokemon+card&hash=item5c6d29b7f3:g:7uMAAeSwAE9ooWNh&amdata=enc%3AAQALAAABEACCtXRWQnOEpyOqnQQ8KGbSwKkzpb9BtdcwpUUxFxULT6fH%2BvutuS9KNULttSKGeGok2kB3GbX8cd4WZsmtW6xYxrepUHT1MjyTdyer0HwUhbV%2B0O%2B7yYFoGli4AORTh5M%2BRNlEptBLX12hW5yjVkXaz0w35EdhqBDC0Z0DQ%2BAV%2BRTcJ4xRPjvsx38YehxNnZd07zKQr9%2BXdudkJKReXyraOQw%2BiATGTKB7I3I7u%2FxcXje9rE81cimsrieMPf%2BynskQeV63%2FZAQzH5My6hIb7fCWN5CIPt7F3PsUwk%2BMEN58Db7nZMzSeh%2BZqUgkjfHaMZ3QUDPNDNFJktZGSSeWhuN8VetNYVR9euGhi2xyi0v,Penny 239/198 Sv01: Scarlet & Violet Base Set Holo *B2,Ungraded,4000,,"[""FIXED_PRICE""]",adjnor,https://i.ebayimg.com/images/g/7uMAAeSwAE9ooWNh/s-l225.jpg,018c983e-b1d0-41df-880e-ebf3f2e2fb12,4eb8f140-a9c3-41c4-85aa-c2f6b7131746,Penny,Scarlet and Violet Base Set,252,special_illustration_rare,NO,SINGLE_CARD,RAW,CARD,INCONSISTENT,,,,Donny,2026-09-16T03:18:06.217838+00:00,,
E13-0007,v1|336465769477|0,https://www.ebay.com/itm/336465769477?_skw=Penny+252+Scarlet+and+Violet+Base+Set+Pokemon+card&hash=item4e56ec3405:g:sBUAAeSwWK1pqkKI,Penny 252/198 SIR SV01: Scarlet & Violet Base Set - Pokemon Card - NM,Ungraded,4000,,"[""FIXED_PRICE""]",joshuavaladao,https://i.ebayimg.com/images/g/sBUAAeSwWK1pqkKI/s-l225.jpg,018c983e-b1d0-41df-880e-ebf3f2e2fb12,4eb8f140-a9c3-41c4-85aa-c2f6b7131746,Penny,Scarlet and Violet Base Set,252,special_illustration_rare,YES,SINGLE_CARD,RAW,CARD,,,,,Donny,2026-09-16T04:11:33.371461+00:00,,
E13-0008,v1|227523324907|0,https://www.ebay.com/itm/227523324907?_skw=Trubbish+140+White+Flare&hash=item34f9726beb:g:50cAAeSwMYBqqcVV,Trubbish 140/086 Sv: White Flare Holo,Ungraded,4000,,"[""FIXED_PRICE""]",sullyssnags,https://i.ebayimg.com/images/g/50cAAeSwMYBqqcVV/s-l225.jpg,0331d96e-d8af-44d3-9552-85f784d9b4ca,720c16f5-5c19-43bc-a711-0ea9e8545aab,Trubbish,White Flare,140,illustration_rare,YES,SINGLE_CARD,RAW,CARD,,,,,Donny,2026-09-16T04:11:53.555061+00:00,,
E13-0009,v1|800668508243|0,https://www.ebay.com/itm/800668508243?_skw=Trubbish+140+White+Flare+Pokemon+card&hash=itemba6b8fe053:g:4iUAAeSwRMlqqfuA,Trubbish 140/086 Illustration Rare White Flare Pokemon Holo Near Mint,Ungraded,4000,,"[""FIXED_PRICE""]",nekonekocards,https://i.ebayimg.com/images/g/4iUAAeSwRMlqqfuA/s-l225.jpg,0331d96e-d8af-44d3-9552-85f784d9b4ca,720c16f5-5c19-43bc-a711-0ea9e8545aab,Trubbish,White Flare,140,illustration_rare,YES,SINGLE_CARD,RAW,CARD,,,,,Donny,2026-09-16T04:11:49.327321+00:00,,
E13-0010,v1|407219668814|0,https://www.ebay.com/itm/407219668814?_skw=Trubbish+140+White+Flare+Pokemon+card&hash=item5ed02f074e:g:RokAAeSwN1lqqdeQ,Pokemon TCG Trubbish 50/108 Evolutions Reverse Holo Common 2016 70 HP,Ungraded,4000,,"[""FIXED_PRICE"", ""BEST_OFFER""]",tyson_repop3,https://i.ebayimg.com/images/g/RokAAeSwN1lqqdeQ/s-l225.jpg,0331d96e-d8af-44d3-9552-85f784d9b4ca,720c16f5-5c19-43bc-a711-0ea9e8545aab,Trubbish,White Flare,140,illustration_rare,YES,SINGLE_CARD,RAW,CARD,,,,,Donny,2026-09-16T04:14:23.529091+00:00,,
E13-0011,v1|306789220659|0,https://www.ebay.com/itm/306789220659?_skw=Trubbish+140+White+Flare&hash=item476e100133:g:QG8AAeSwcbRpnnNm,Trubbish Illustration Rare 140/086 Pokémon White Flare NM/Mint,Ungraded,4000,,"[""FIXED_PRICE"", ""BEST_OFFER""]",zakuku,https://i.ebayimg.com/images/g/QG8AAeSwcbRpnnNm/s-l225.jpg,0331d96e-d8af-44d3-9552-85f784d9b4ca,720c16f5-5c19-43bc-a711-0ea9e8545aab,Trubbish,White Flare,140,illustration_rare,YES,SINGLE_CARD,RAW,CARD,,,,,Donny,2026-09-16T04:12:55.023180+00:00,,
E13-0012,v1|287379405575|0,https://www.ebay.com/itm/287379405575?_skw=Trubbish+140+White+Flare&hash=item42e925bb07:g:HcEAAeSwFhpqJIkz,Pokemon 2025 Trubbish 140/086 Illustration Rare White Flare MINT PSA 9,Graded,2750,,"[""FIXED_PRICE"", ""BEST_OFFER""]",chrisweb,https://i.ebayimg.com/images/g/HcEAAeSwFhpqJIkz/s-l225.jpg,0331d96e-d8af-44d3-9552-85f784d9b4ca,720c16f5-5c19-43bc-a711-0ea9e8545aab,Trubbish,White Flare,140,illustration_rare,NO,SINGLE_CARD,GRADED,CARD,,,,,Donny,2026-09-16T03:18:12.278611+00:00,,
E13-0013,v1|158100540486|0,https://www.ebay.com/itm/158100540486?_skw=Trubbish+140+White+Flare&hash=item24cf86cc46:g:o1YAAeSw3yhqXXlI,Trubbish 140/086 Sv: White Flare Holo,Ungraded,4000,,"[""FIXED_PRICE"", ""BEST_OFFER""]",noirdiamond,https://i.ebayimg.com/images/g/o1YAAeSw3yhqXXlI/s-l225.jpg,0331d96e-d8af-44d3-9552-85f784d9b4ca,720c16f5-5c19-43bc-a711-0ea9e8545aab,Trubbish,White Flare,140,illustration_rare,YES,SINGLE_CARD,RAW,CARD,,,,,Donny,2026-09-16T04:14:33.687806+00:00,,
E13-0014,v1|820120981063|0,https://www.ebay.com/itm/820120981063?_skw=Trubbish+140+White+Flare+Pokemon+card&hash=itembef3050e47:g:Cv8AAeSwWxpqpkug,The Pokémon Company Trubbish 140/086 Sv: White Flare Illustration Rare Holo ENG,Ungraded,4000,,"[""FIXED_PRICE""]",hendiiiiii,https://i.ebayimg.com/images/g/Cv8AAeSwWxpqpkug/s-l225.jpg,0331d96e-d8af-44d3-9552-85f784d9b4ca,720c16f5-5c19-43bc-a711-0ea9e8545aab,Trubbish,White Flare,140,illustration_rare,YES,SINGLE_CARD,RAW,CARD,,,,,Donny,2026-09-16T04:14:52.202665+00:00,,
E13-0015,v1|298643045733|0,https://www.ebay.com/itm/298643045733?_skw=Trubbish+140+White+Flare&hash=item4588833d65:g:UNwAAeSwGTpp2Bgg,NM-Mint Trubbish - 140/086 - Illustration Rare Pokemon White Flare,Ungraded,4000,,"[""FIXED_PRICE""]",capefeargames,https://i.ebayimg.com/images/g/UNwAAeSwGTpp2Bgg/s-l225.jpg,0331d96e-d8af-44d3-9552-85f784d9b4ca,720c16f5-5c19-43bc-a711-0ea9e8545aab,Trubbish,White Flare,140,illustration_rare,YES,SINGLE_CARD,RAW,CARD,,,,,Donny,2026-09-16T04:13:41.434226+00:00,,
E13-0016,v1|298678305422|0,https://www.ebay.com/itm/298678305422?_skw=Haxorus+147+Black+Bolt+Pokemon+card&hash=item458a9d428e:g:n-gAAeSw34pqqfG3,Haxorus #147/086 Illustration Rare Black Bolt 2025 NM,Ungraded,4000,,"[""AUCTION""]",manthatsaid,https://i.ebayimg.com/images/g/n-gAAeSw34pqqfG3/s-l225.jpg,0b81872e-b089-49e9-aec3-16a535b12efb,0057b67c-a140-400c-b308-2a6d046cb043,Haxorus,Black Bolt,147,illustration_rare,YES,SINGLE_CARD,RAW,CARD,,,,,Donny,2026-09-16T04:11:59.040717+00:00,,
E13-0017,v1|117413910135|0,https://www.ebay.com/itm/117413910135?_skw=Haxorus+147+Black+Bolt+Pokemon+card&hash=item1b566a1677:g:o18AAeSwj7pqqWwU,2025 POKEMON BLK EN-BLACK BOLT ILLUSTRATION RARE #147 HAXORUS PSA 10,Graded,2750,,"[""FIXED_PRICE"", ""BEST_OFFER""]",psa,https://i.ebayimg.com/images/g/o18AAeSwj7pqqWwU/s-l225.jpg,0b81872e-b089-49e9-aec3-16a535b12efb,0057b67c-a140-400c-b308-2a6d046cb043,Haxorus,Black Bolt,147,illustration_rare,NO,SINGLE_CARD,GRADED,CARD,,,,,Donny,2026-09-16T03:18:17.452840+00:00,,
E13-0018,v1|236906196276|0,https://www.ebay.com/itm/236906196276?_skw=Haxorus+147+Black+Bolt&hash=item3728b5ad34:g:gBMAAeSwt8NqQuSs,2025 Pokemon Black Bolt Haxorus Illustration Rare #147  PSA 10,Graded,2750,,"[""FIXED_PRICE"", ""BEST_OFFER""]",jxc99,https://i.ebayimg.com/images/g/gBMAAeSwt8NqQuSs/s-l225.jpg,0b81872e-b089-49e9-aec3-16a535b12efb,0057b67c-a140-400c-b308-2a6d046cb043,Haxorus,Black Bolt,147,illustration_rare,NO,SINGLE_CARD,GRADED,CARD,,,,,Donny,2026-09-16T03:18:19.370610+00:00,,
E13-0019,v1|206452291865|0,https://www.ebay.com/itm/206452291865?_skw=Haxorus+147+Black+Bolt&hash=item301183f919:g:sXQAAeSwxUxqayHu,Pokémon Black Bolt Haxorus 147,Ungraded,4000,,"[""FIXED_PRICE""]",card.traders.australia,https://i.ebayimg.com/images/g/sXQAAeSwxUxqayHu/s-l225.jpg,0b81872e-b089-49e9-aec3-16a535b12efb,0057b67c-a140-400c-b308-2a6d046cb043,Haxorus,Black Bolt,147,illustration_rare,YES,SINGLE_CARD,RAW,CARD,,,,,Donny,2026-09-16T04:14:11.025517+00:00,,
E13-0020,v1|366462379861|0,https://www.ebay.com/itm/366462379861?_skw=Haxorus+147+Black+Bolt&hash=item5552dc2755:g:wsgAAeSwidpqJbXC,Pokemon TCG Haxorus 147/086 Sv: Black Bolt Illustration Rare Holo 170 HP EN,Ungraded,4000,,"[""FIXED_PRICE"", ""BEST_OFFER""]",wel4741,https://i.ebayimg.com/images/g/wsgAAeSwidpqJbXC/s-l225.jpg,0b81872e-b089-49e9-aec3-16a535b12efb,0057b67c-a140-400c-b308-2a6d046cb043,Haxorus,Black Bolt,147,illustration_rare,YES,SINGLE_CARD,RAW,CARD,,,,,Donny,2026-09-16T04:12:09.197306+00:00,,
E13-0021,v1|407171889822|0,https://www.ebay.com/itm/407171889822?_skw=Haxorus+147+Black+Bolt&hash=item5ecd55fa9e:g:XMsAAeSwrj5qjy7p,Haxorus 147/086 (NM) - SV: Black Bolt - Illustration Rare - Pokemon TCG,Ungraded,4000,,"[""FIXED_PRICE"", ""BEST_OFFER""]",syd2274,https://i.ebayimg.com/images/g/XMsAAeSwrj5qjy7p/s-l225.jpg,0b81872e-b089-49e9-aec3-16a535b12efb,0057b67c-a140-400c-b308-2a6d046cb043,Haxorus,Black Bolt,147,illustration_rare,YES,SINGLE_CARD,RAW,CARD,,,,,Donny,2026-09-16T04:13:35.792119+00:00,,
E13-0022,v1|157658684236|459138991941,https://www.ebay.com/itm/157658684236?_skw=Haxorus+147+Black+Bolt&var=459138991941&hash=item24b5309b4c:g:s-IAAeSwC7lpgu3Y,Haxorus 147 Black Bolt Pokemon Extended  Artwork For PSA CGC BGS or TAG,Ungraded,4000,,"[""FIXED_PRICE""]",outback_originals,https://i.ebayimg.com/images/g/s-IAAeSwC7lpgu3Y/s-l225.jpg,0b81872e-b089-49e9-aec3-16a535b12efb,0057b67c-a140-400c-b308-2a6d046cb043,Haxorus,Black Bolt,147,illustration_rare,NO,SINGLE_CARD,GRADED,CARD,,,,,Donny,2026-09-16T03:18:23.884728+00:00,,
E13-0023,v1|407212711876|0,https://www.ebay.com/itm/407212711876?_skw=Haxorus+147+Black+Bolt&hash=item5ecfc4dfc4:g:~RUAAeSwWkZqk4RL,Haxorus 147/086 Black Bolt Holo Scarlet & Violet Pokemon,Ungraded,4000,,"[""FIXED_PRICE""]",bjornshoptcg,https://i.ebayimg.com/images/g/~RUAAeSwWkZqk4RL/s-l225.jpg,0b81872e-b089-49e9-aec3-16a535b12efb,0057b67c-a140-400c-b308-2a6d046cb043,Haxorus,Black Bolt,147,illustration_rare,YES,SINGLE_CARD,RAW,CARD,,,,,Donny,2026-09-16T03:38:47.697149+00:00,,
E13-0024,v1|377497686353|0,https://www.ebay.com/itm/377497686353?_skw=Tinkatuff+166+Paldean+Fates&hash=item57e49d9151:g:NcsAAeSwhctqox6g,2024 Pokémon PAF EN Tinkatuff Shiny Rare #166 PSA 10 GEM MT,Graded,2750,,"[""FIXED_PRICE""]",dreamzsportscards,https://i.ebayimg.com/images/g/NcsAAeSwhctqox6g/s-l225.jpg,0dde3317-5162-49d1-b5c9-6b206a086d2c,7a7c3304-cc14-4aab-9f7b-b88270d4228c,Tinkatuff,Paldean Fates,166,shiny_rare,NO,SINGLE_CARD,GRADED,CARD,,,,,Donny,2026-09-16T03:18:26.871396+00:00,,
E13-0025,v1|398308082064|0,https://www.ebay.com/itm/398308082064?_skw=Tinkatuff+166+Paldean+Fates&hash=item5cbd030190:g:iCkAAeSw7mVof-xu,2024 Scarlet & Violet Series - Paldean Fates Tinkatuff Illustration Rare #166,Ungraded,4000,,"[""FIXED_PRICE"", ""BEST_OFFER""]",sportscollection-99,https://i.ebayimg.com/images/g/iCkAAeSw7mVof-xu/s-l225.jpg,0dde3317-5162-49d1-b5c9-6b206a086d2c,7a7c3304-cc14-4aab-9f7b-b88270d4228c,Tinkatuff,Paldean Fates,166,shiny_rare,YES,SINGLE_CARD,RAW,CARD,,,,,Donny,2026-09-16T03:38:57.295956+00:00,,
E13-0026,v1|267761289334|0,https://www.ebay.com/itm/267761289334?_skw=Tinkatuff+166+Paldean+Fates&hash=item3e57d10876:g:ocUAAeSwsDVqhRK-,Pokemon Tinkatuff Holofoil PAF 166/091 NM Shiny Rare EN,Ungraded,4000,,"[""FIXED_PRICE""]",hansenhustle,https://i.ebayimg.com/images/g/ocUAAeSwsDVqhRK-/s-l225.jpg,0dde3317-5162-49d1-b5c9-6b206a086d2c,7a7c3304-cc14-4aab-9f7b-b88270d4228c,Tinkatuff,Paldean Fates,166,shiny_rare,YES,SINGLE_CARD,RAW,CARD,,,,,Donny,2026-09-16T04:13:31.953547+00:00,,
E13-0027,v1|178468995514|0,https://www.ebay.com/itm/178468995514?_skw=Tinkatuff+166+Paldean+Fates&hash=item298d94c1ba:g:E2AAAeSwwtFqm4bd,Tinkatuff 166/091 SV: Paldean Fates Holo,Ungraded,4000,,"[""FIXED_PRICE"", ""BEST_OFFER""]",joshuaeverett88,https://i.ebayimg.com/images/g/E2AAAeSwwtFqm4bd/s-l225.jpg,0dde3317-5162-49d1-b5c9-6b206a086d2c,7a7c3304-cc14-4aab-9f7b-b88270d4228c,Tinkatuff,Paldean Fates,166,shiny_rare,YES,SINGLE_CARD,RAW,CARD,,,,,Donny,2026-09-16T03:38:46.327088+00:00,,
E13-0028,v1|298677840950|0,https://www.ebay.com/itm/298677840950?_skw=Tinkatuff+166+Paldean+Fates&hash=item458a962c36:g:JeQAAeSwICxqqbo9,Pokemon Paldean Fates Tinkatuff 166/091 (NM),Ungraded,4000,,"[""FIXED_PRICE""]",friscoflippers,https://i.ebayimg.com/images/g/JeQAAeSwICxqqbo9/s-l225.jpg,0dde3317-5162-49d1-b5c9-6b206a086d2c,7a7c3304-cc14-4aab-9f7b-b88270d4228c,Tinkatuff,Paldean Fates,166,shiny_rare,YES,SINGLE_CARD,RAW,CARD,,,,,Donny,2026-09-16T04:10:30.002299+00:00,,
E13-0029,v1|318833129445|0,https://www.ebay.com/itm/318833129445?_skw=Tinkatuff+166+Paldean+Fates&hash=item4a3bef77e5:g:PfUAAeSwRqBqkGlx,Tinkatuff 166/091 Shiny Rare Paldean Fates Pokemon Holo NM,Ungraded,4000,,"[""FIXED_PRICE"", ""BEST_OFFER""]",illtcg,https://i.ebayimg.com/images/g/PfUAAeSwRqBqkGlx/s-l225.jpg,0dde3317-5162-49d1-b5c9-6b206a086d2c,7a7c3304-cc14-4aab-9f7b-b88270d4228c,Tinkatuff,Paldean Fates,166,shiny_rare,YES,SINGLE_CARD,RAW,CARD,,,,,Donny,2026-09-16T04:11:51.015122+00:00,,
E13-0030,v1|406920292490|0,https://www.ebay.com/itm/406920292490?_skw=Tinkatuff+166+Paldean+Fates&hash=item5ebe56e88a:g:IcQAAeSwCB9qAmWn,Tinkatuff 166/091 SV: Paldean Fates Holo,Ungraded,4000,,"[""FIXED_PRICE""]",pokepullsultd,https://i.ebayimg.com/images/g/IcQAAeSwCB9qAmWn/s-l225.jpg,0dde3317-5162-49d1-b5c9-6b206a086d2c,7a7c3304-cc14-4aab-9f7b-b88270d4228c,Tinkatuff,Paldean Fates,166,shiny_rare,YES,SINGLE_CARD,RAW,CARD,,,,,Donny,2026-09-16T04:12:25.267210+00:00,,
E13-0031,v1|397840552898|0,https://www.ebay.com/itm/397840552898?_skw=Tinkatuff+166+Paldean+Fates&hash=item5ca12513c2:g:mXUAAeSwe5tp3sbO,Tinkatuff 166/091 SV: Paldean Fates Holo,Ungraded,4000,,"[""FIXED_PRICE""]",blackarts.fci,https://i.ebayimg.com/images/g/mXUAAeSwe5tp3sbO/s-l225.jpg,0dde3317-5162-49d1-b5c9-6b206a086d2c,7a7c3304-cc14-4aab-9f7b-b88270d4228c,Tinkatuff,Paldean Fates,166,shiny_rare,YES,SINGLE_CARD,RAW,CARD,,,,,Donny,2026-09-16T04:14:36.648150+00:00,,
E13-0032,v1|236858582224|0,https://www.ebay.com/itm/236858582224?_skw=Lt.+Surge%27s+Bargain+185+Mega+Evolution+Pokemon+card&hash=item3725df24d0:g:94oAAeSwDe5qIhsC&amdata=enc%3AAQALAAABEACCtXRWQnOEpyOqnQQ8KGanKXbryVnz12gtiFbvJ%2BFqVhx2wOHcw7ixUAXBvecDlrSFzek6sGkwX2lIwMDkJjMLQciFeUTT4TguwdpkGlZmbFYmRDOmBLY2mDEoSaLvv3p8WMxQwl18cGMBZ20IFNnSCC%2B5XvWkkqj6JdHc%2FPiBirt5DiXo9O4uEAM%2Fn5%2Ff7HIEX2bziPHHUkLHf%2Bc435k%2B9PZv%2Ft93JXWITsuTiWxExB2hX8d3TFNoaKtqLUyvHnl%2BwAx1ZY7nix1v1WuygVS0uA3PQbuae5Xqg5bK2WMHdX6w1mxhN5Ff7jdXvnHp4zcnSQkzha4J2DqFYjxR9ZIGsuLJmhgSuRRyUh%2FgkwKg,Lt. Surge's Bargain Pokemon TCG ME01: Mega Evolution 185/132 NM,Ungraded,4000,,"[""FIXED_PRICE"", ""BEST_OFFER""]",tradrz,https://i.ebayimg.com/images/g/94oAAeSwDe5qIhsC/s-l225.jpg,10a47631-ea19-4b62-8a93-4b1b3e6b3013,780a248c-87ff-4879-955c-3d6bea287aca,Lt. Surge's Bargain,Mega Evolution,185,special_illustration_rare,YES,SINGLE_CARD,RAW,CARD,,,,,Donny,2026-09-16T04:14:20.466223+00:00,,
E13-0033,v1|389846823059|0,https://www.ebay.com/itm/389846823059?_skw=Lt.+Surge%27s+Bargain+185+Mega+Evolution+Pokemon+card&hash=item5ac4ae7093:g:QywAAeSwA4Fp0Zvt&amdata=enc%3AAQALAAABEACCtXRWQnOEpyOqnQQ8KGZTJ%2FX6Dg4fnvKmIScFrca88AaJzclf%2F0UhNz1iP943gLE%2Fwj5t5c0hsYfeWiKIauP%2FNC3aCaqNkrEzmcKcr%2F5RxB5qBEGrZGiDabVR%2FJm7BaWqNn4BZEsXHQxlyUfuUpbfeMVUZPEi4pMwUWYqfcMuj2Mur6A3SfIRrH%2Fcmb%2F2yvONKaLYgoBXv0bUDU1Njuhj0f8hQAnZsqk2%2BiPraMEHAjB9rDLydMLw74M8jt4eIfBLOaGhpSvcrEm3t2xXdCOh8iirNkELsktbb0pw5xfoS0X7h%2BCLFvTaQGd9hbsrMzsGuGemo3Ai1aiBlb09lP%2BnA7uRszImneazw7MuoZGT,Pokémon Lt. Surge's Bargain Full Art Holo Trainer 185/132 Special Illustration,Ungraded,4000,,"[""FIXED_PRICE""]",codycardcollective,https://i.ebayimg.com/images/g/QywAAeSwA4Fp0Zvt/s-l225.jpg,10a47631-ea19-4b62-8a93-4b1b3e6b3013,780a248c-87ff-4879-955c-3d6bea287aca,Lt. Surge's Bargain,Mega Evolution,185,special_illustration_rare,YES,SINGLE_CARD,RAW,CARD,,,,,Donny,2026-09-16T04:11:20.356482+00:00,,
E13-0034,v1|267664328844|0,https://www.ebay.com/itm/267664328844?_skw=Lt.+Surge%27s+Bargain+185+Mega+Evolution+Pokemon+card&hash=item3e5209888c:g:OMkAAeSwfqVp~sp3,Lt. Surge's Bargain - Special Illustration Rare ME01: Mega Evolution 185/132 NM,Ungraded,4000,,"[""FIXED_PRICE""]",stagescardsllc,https://i.ebayimg.com/images/g/OMkAAeSwfqVp~sp3/s-l225.jpg,10a47631-ea19-4b62-8a93-4b1b3e6b3013,780a248c-87ff-4879-955c-3d6bea287aca,Lt. Surge's Bargain,Mega Evolution,185,special_illustration_rare,YES,SINGLE_CARD,RAW,CARD,,,,,Donny,2026-09-16T04:14:12.839537+00:00,,
E13-0035,v1|206551244197|0,https://www.ebay.com/itm/206551244197?_skw=Lt.+Surge%27s+Bargain+185+Mega+Evolution+Pokemon+card&hash=item301769dda5:g:0IoAAeSwoFlqpLib,2025 POKEMON MEGA EVOLUTION #185/132 LT. SURGE'S BARGAIN SIR PSA 10,Graded,2750,,"[""AUCTION""]",slabsharksinc,https://i.ebayimg.com/images/g/0IoAAeSwoFlqpLib/s-l225.jpg,10a47631-ea19-4b62-8a93-4b1b3e6b3013,780a248c-87ff-4879-955c-3d6bea287aca,Lt. Surge's Bargain,Mega Evolution,185,special_illustration_rare,NO,SINGLE_CARD,GRADED,CARD,,,,,Donny,2026-09-16T03:18:37.752726+00:00,,
E13-0036,v1|800662474060|0,https://www.ebay.com/itm/800662474060?_skw=Lt.+Surge%27s+Bargain+185+Mega+Evolution+Pokemon+card&hash=itemba6b33cd4c:g:HR0AAeSwQBhqXokG,Pokémon Lt. Surge's Bargain Full Art Holo Trainer 185/132 Special Illustration,Ungraded,4000,,"[""AUCTION"", ""BEST_OFFER""]",kccardsshoes,https://i.ebayimg.com/images/g/HR0AAeSwQBhqXokG/s-l225.jpg,10a47631-ea19-4b62-8a93-4b1b3e6b3013,780a248c-87ff-4879-955c-3d6bea287aca,Lt. Surge's Bargain,Mega Evolution,185,special_illustration_rare,YES,SINGLE_CARD,RAW,CARD,,,,,Donny,2026-09-16T04:12:00.842684+00:00,,
E13-0037,v1|168685935288|0,https://www.ebay.com/itm/168685935288?_skw=Lt.+Surge%27s+Bargain+185+Mega+Evolution+Pokemon+card&hash=item2746771ab8:g:eBwAAeSwE6lqpsuq,The Pokémon Company Lt. Surge's Bargain 185/132 Mega Evolution SIR Holo PSA 10,Graded,2750,,"[""FIXED_PRICE""]",pokeradtcg,https://i.ebayimg.com/images/g/eBwAAeSwE6lqpsuq/s-l225.jpg,10a47631-ea19-4b62-8a93-4b1b3e6b3013,780a248c-87ff-4879-955c-3d6bea287aca,Lt. Surge's Bargain,Mega Evolution,185,special_illustration_rare,NO,SINGLE_CARD,GRADED,CARD,,,,,Donny,2026-09-16T03:18:40.391627+00:00,,
E13-0038,v1|257742556511|0,https://www.ebay.com/itm/257742556511?_skw=Lt.+Surge%27s+Bargain+185+Mega+Evolution+Pokemon+card&hash=item3c02a74d5f:g:1yUAAeSwn35qqCUn,Full Art Lt. Surge's Bargain 185/132 Mega Evolutions Secret Rare Holo B,Ungraded,4000,,"[""FIXED_PRICE""]",thegamingoutpost,https://i.ebayimg.com/images/g/1yUAAeSwn35qqCUn/s-l225.jpg,10a47631-ea19-4b62-8a93-4b1b3e6b3013,780a248c-87ff-4879-955c-3d6bea287aca,Lt. Surge's Bargain,Mega Evolution,185,special_illustration_rare,YES,SINGLE_CARD,RAW,CARD,,,,,Donny,2026-09-16T04:14:34.271053+00:00,,
E13-0039,v1|178496527604|0,https://www.ebay.com/itm/178496527604?_skw=Lt.+Surge%27s+Bargain+185+Mega+Evolution+Pokemon+card&hash=item298f38dcf4:g:2QoAAeSwM-xqqDfr,Lt. Surge's Bargain 185/132 Holofoil SIR Mega Evolution NM Pokemon,Ungraded,4000,,"[""FIXED_PRICE""]",royscardsus,https://i.ebayimg.com/images/g/2QoAAeSwM-xqqDfr/s-l225.jpg,10a47631-ea19-4b62-8a93-4b1b3e6b3013,780a248c-87ff-4879-955c-3d6bea287aca,Lt. Surge's Bargain,Mega Evolution,185,special_illustration_rare,YES,SINGLE_CARD,RAW,CARD,,,,,Donny,2026-09-16T03:39:00.342945+00:00,,
E13-0040,v1|820128480981|0,https://www.ebay.com/itm/820128480981?_skw=Carmine+217+Twilight+Masquerade+Pokemon+card&hash=itembef3777ed5:g:YA4AAeSwP-hqqLeQ,Carmine Trainer 217/167 Twilight Masquerade Special Illustration Rare,Ungraded,4000,,"[""FIXED_PRICE"", ""BEST_OFFER""]",aruba73,https://i.ebayimg.com/images/g/YA4AAeSwP-hqqLeQ/s-l225.jpg,147a436d-4ccc-43d1-b19a-20b74d2ff723,a86eb8d9-0e89-4e02-879a-d587dbfe0252,Carmine,Twilight Masquerade,217,special_illustration_rare,YES,SINGLE_CARD,RAW,CARD,,,,,Donny,2026-09-16T04:12:10.998764+00:00,,
E13-0041,v1|227521939548|0,https://www.ebay.com/itm/227521939548?_skw=Carmine+217+Twilight+Masquerade+Pokemon+card&hash=item34f95d485c:g:RSoAAeSwx6lqqJw3,Pokémon Carmine 217/167 Full Art Holo Trainer Supporter Sv06 Twilight Masquerade,Ungraded,4000,,"[""FIXED_PRICE"", ""BEST_OFFER""]",bluhming,https://i.ebayimg.com/images/g/RSoAAeSwx6lqqJw3/s-l225.jpg,147a436d-4ccc-43d1-b19a-20b74d2ff723,a86eb8d9-0e89-4e02-879a-d587dbfe0252,Carmine,Twilight Masquerade,217,special_illustration_rare,YES,SINGLE_CARD,RAW,CARD,,,,,Donny,2026-09-16T04:14:05.653230+00:00,,
E13-0042,v1|188935209910|0,https://www.ebay.com/itm/188935209910?_skw=Carmine+217+Twilight+Masquerade+Pokemon+card&hash=item2bfd6a83b6:g:HYEAAeSwwlhqqbJc,Holofoil Carmine - 217/167 - NM - EN Twilight Masquerade,Ungraded,4000,,"[""FIXED_PRICE""]",brassandboardtcg,https://i.ebayimg.com/images/g/HYEAAeSwwlhqqbJc/s-l225.jpg,147a436d-4ccc-43d1-b19a-20b74d2ff723,a86eb8d9-0e89-4e02-879a-d587dbfe0252,Carmine,Twilight Masquerade,217,special_illustration_rare,YES,SINGLE_CARD,RAW,CARD,,,,,Donny,2026-09-16T04:11:10.948583+00:00,,
E13-0043,v1|287230600531|0,https://www.ebay.com/itm/287230600531?_skw=Carmine+217+Twilight+Masquerade+Pokemon+card&hash=item42e0472553:g:qgIAAeSwBGxpw02n,Carmine Trainer 217/167 Twilight Masquerade Special Illustration Mint Condition,Ungraded,4000,,"[""FIXED_PRICE"", ""BEST_OFFER""]",cartoyotaman,https://i.ebayimg.com/images/g/qgIAAeSwBGxpw02n/s-l225.jpg,147a436d-4ccc-43d1-b19a-20b74d2ff723,a86eb8d9-0e89-4e02-879a-d587dbfe0252,Carmine,Twilight Masquerade,217,special_illustration_rare,YES,SINGLE_CARD,RAW,CARD,,,,,Donny,2026-09-16T03:38:51.718580+00:00,,
E13-0044,v1|820122444591|0,https://www.ebay.com/itm/820122444591?_skw=Carmine+217+Twilight+Masquerade+Pokemon+card&hash=itembef31b632f:g:HEkAAeSwuyRqoJMg,Pokemon Carmine PSA 10 Gem Mint 217/167 SV06: Twilight Masquerade SIR Full Art,Graded,2750,,"[""FIXED_PRICE"", ""BEST_OFFER""]",homere_34,https://i.ebayimg.com/images/g/HEkAAeSwuyRqoJMg/s-l225.jpg,147a436d-4ccc-43d1-b19a-20b74d2ff723,a86eb8d9-0e89-4e02-879a-d587dbfe0252,Carmine,Twilight Masquerade,217,special_illustration_rare,NO,SINGLE_CARD,GRADED,CARD,,,,,Donny,2026-09-16T03:18:46.545121+00:00,,
E13-0045,v1|800652024243|0,https://www.ebay.com/itm/800652024243?_skw=Carmine+217+Twilight+Masquerade+Pokemon+card&hash=itemba6a9459b3:g:4kIAAeSwdU1pyaap,PSA 10 Pokemon Twilight Masquerade Carmine SIR FA 217/167,Graded,2750,,"[""AUCTION"", ""BEST_OFFER""]",cardboard_rabbithole,https://i.ebayimg.com/images/g/4kIAAeSwdU1pyaap/s-l225.jpg,147a436d-4ccc-43d1-b19a-20b74d2ff723,a86eb8d9-0e89-4e02-879a-d587dbfe0252,Carmine,Twilight Masquerade,217,special_illustration_rare,NO,SINGLE_CARD,GRADED,CARD,,,,,Donny,2026-09-16T03:18:48.459867+00:00,,
E13-0046,v1|137679740090|0,https://www.ebay.com/itm/137679740090?_skw=Carmine+217+Twilight+Masquerade+Pokemon+card&hash=item200e5a1cba:g:D-MAAeSw1Clp5vnR,Carmine 217/167 - Sv06: Twilight Masquerade Holo (PSA 10),Graded,2750,,"[""FIXED_PRICE""]",axti47,https://i.ebayimg.com/images/g/D-MAAeSw1Clp5vnR/s-l225.jpg,147a436d-4ccc-43d1-b19a-20b74d2ff723,a86eb8d9-0e89-4e02-879a-d587dbfe0252,Carmine,Twilight Masquerade,217,special_illustration_rare,NO,SINGLE_CARD,GRADED,CARD,,,,,Donny,2026-09-16T03:18:50.150019+00:00,,
E13-0047,v1|398395121714|0,https://www.ebay.com/itm/398395121714?_skw=Carmine+217+Twilight+Masquerade+Pokemon+card&hash=item5cc2332032:g:3gAAAeSw69RqqHpm&amdata=enc%3AAQALAAABEACCtXRWQnOEpyOqnQQ8KGYPk5BD6U5KE%2FpecJDi75d73IvGK%2F%2BVwYmscxmDSkw5xPHg%2Fy09DfpjXwgnMHM7mHYBokritT5xSalCSbwCkHlajs%2B0G9wTvVrxJT%2BJMCv5czmk0a7GOw37BIKXKU4z6%2BUWNoJqNGlWjqMdCzL8gAwKizcEJaxa44kdZmMKSGT0NzpnburlCfEeOasSSdTRkb4%2FISsRVKK3DVDHv37Q65m56%2B80rfspvkd%2BbpHK84HCHfBA42owoQScZiitU3YYGut0l%2BeRWEek0a2nLqaj%2BakB3p8XITGzcFd%2BluC8u8DxGCLFQojskH8z%2B8m38MCDjBvv1OgCPqPygul8hIvsgRto,Carmine Holofoil [TWM - 217/167]NM,Ungraded,4000,,"[""FIXED_PRICE""]",cardboard_cafe,https://i.ebayimg.com/images/g/3gAAAeSw69RqqHpm/s-l225.jpg,147a436d-4ccc-43d1-b19a-20b74d2ff723,a86eb8d9-0e89-4e02-879a-d587dbfe0252,Carmine,Twilight Masquerade,217,special_illustration_rare,YES,SINGLE_CARD,RAW,CARD,,,,,Donny,2026-09-16T04:14:56.378988+00:00,,
E13-0048,v1|206559236564|0,https://www.ebay.com/itm/206559236564?_skw=Giovanni%27s+Charisma+204+Scarlet+and+Violet+151+Pokemon+card&hash=item3017e3d1d4:g:0fQAAeSwbLhqqZVG,Giovanni's Charisma 204/165 Sv: Scarlet & Violet 151 SIR,Graded,2750,,"[""FIXED_PRICE"", ""BEST_OFFER""]",westgate_decks,https://i.ebayimg.com/images/g/0fQAAeSwbLhqqZVG/s-l225.jpg,152906c9-3b9f-4f16-bb22-cb4241c7386b,20ddd5ca-77ef-4e3c-a018-ea4c7a44913a,Giovanni's Charisma,Scarlet and Violet 151,204,special_illustration_rare,NO,SINGLE_CARD,GRADED,CARD,,,,,Donny,2026-09-16T03:18:52.699319+00:00,,
E13-0049,v1|366479414660|0,https://www.ebay.com/itm/366479414660?_skw=Giovanni%27s+Charisma+204+Scarlet+and+Violet+151+Pokemon+card&hash=item5553e01584:g:nwoAAeSwMBhqLzDT,Giovanni's Charisma Holo Ultra Rare SV: Scarlet & Violet 151 197/165 NM,Ungraded,4000,,"[""FIXED_PRICE""]",syovault,https://i.ebayimg.com/images/g/nwoAAeSwMBhqLzDT/s-l225.jpg,152906c9-3b9f-4f16-bb22-cb4241c7386b,20ddd5ca-77ef-4e3c-a018-ea4c7a44913a,Giovanni's Charisma,Scarlet and Violet 151,204,special_illustration_rare,NO,SINGLE_CARD,RAW,CARD,INCONSISTENT,,,,Donny,2026-09-16T03:18:55.233346+00:00,,
E13-0050,v1|188931175335|0,https://www.ebay.com/itm/188931175335?_skw=Giovanni%27s+Charisma+204+Scarlet+and+Violet+151+Pokemon+card&hash=item2bfd2cf3a7:g:HdsAAeSw1XpqqaJE,Giovanni's Charisma SV: Scarlet & Violet 151 161/165 NM,Ungraded,4000,,"[""FIXED_PRICE"", ""BEST_OFFER""]",dudewheresmybricks,https://i.ebayimg.com/images/g/HdsAAeSw1XpqqaJE/s-l225.jpg,152906c9-3b9f-4f16-bb22-cb4241c7386b,20ddd5ca-77ef-4e3c-a018-ea4c7a44913a,Giovanni's Charisma,Scarlet and Violet 151,204,special_illustration_rare,NO,SINGLE_CARD,RAW,CARD,INCONSISTENT,,,,Donny,2026-09-16T03:18:56.967867+00:00,,
E13-0051,v1|398396469167|0,https://www.ebay.com/itm/398396469167?_skw=Giovanni%27s+Charisma+204+Scarlet+and+Violet+151+Pokemon+card&hash=item5cc247afaf:g:B2cAAeSwollqqQim,Giovanni's Charisma SV: Scarlet & Violet 151 197/165 Ultra Rare NM,Ungraded,4000,,"[""FIXED_PRICE"", ""BEST_OFFER""]",robustcollex,https://i.ebayimg.com/images/g/B2cAAeSwollqqQim/s-l225.jpg,152906c9-3b9f-4f16-bb22-cb4241c7386b,20ddd5ca-77ef-4e3c-a018-ea4c7a44913a,Giovanni's Charisma,Scarlet and Violet 151,204,special_illustration_rare,NO,SINGLE_CARD,RAW,CARD,INCONSISTENT,,,,Donny,2026-09-16T03:18:59.100797+00:00,,
E13-0052,v1|318286951472|616779906689,https://www.ebay.com/itm/318286951472?_skw=Giovanni%27s+Charisma+204+Scarlet+and+Violet+151+Pokemon+card&var=616779906689&hash=item4a1b617430:g:wFsAAeSwaStqWe99,Scarlet & Violet 151 (#083-#165) | CHOOSE YOUR CARD | Pokemon TCG,Ungraded,4000,,"[""FIXED_PRICE""]",zipsaga007,https://i.ebayimg.com/images/g/wFsAAeSwaStqWe99/s-l225.jpg,152906c9-3b9f-4f16-bb22-cb4241c7386b,20ddd5ca-77ef-4e3c-a018-ea4c7a44913a,Giovanni's Charisma,Scarlet and Violet 151,204,special_illustration_rare,NO,SINGLE_CARD,RAW,CARD,INCONSISTENT,,,,Donny,2026-09-16T03:19:00.881433+00:00,,
E13-0053,v1|267719579975|0,https://www.ebay.com/itm/267719579975?_skw=Giovanni%27s+Charisma+204+Scarlet+and+Violet+151+Pokemon+card&hash=item3e55549947:g:hKAAAeSwCY1qS9Vy,Giovanni's Charisma Holo Ultra Rare SV: Scarlet & Violet 151 197/165 NM,Ungraded,4000,,"[""FIXED_PRICE"", ""BEST_OFFER""]",hidden_inventory,https://i.ebayimg.com/images/g/hKAAAeSwCY1qS9Vy/s-l225.jpg,152906c9-3b9f-4f16-bb22-cb4241c7386b,20ddd5ca-77ef-4e3c-a018-ea4c7a44913a,Giovanni's Charisma,Scarlet and Violet 151,204,special_illustration_rare,NO,SINGLE_CARD,RAW,CARD,INCONSISTENT,,,,Donny,2026-09-16T03:19:02.652308+00:00,,
E13-0054,v1|366667134382|0,https://www.ebay.com/itm/366667134382?_skw=Giovanni%27s+Charisma+204+Scarlet+and+Violet+151+Pokemon+card&hash=item555f1075ae:g:GWgAAeSwzmBqpx82,Giovanni's Charisma 204/165 Sv: Scarlet & Violet 151 Holo,Ungraded,4000,,"[""FIXED_PRICE"", ""BEST_OFFER""]",antplo1,https://i.ebayimg.com/images/g/GWgAAeSwzmBqpx82/s-l225.jpg,152906c9-3b9f-4f16-bb22-cb4241c7386b,20ddd5ca-77ef-4e3c-a018-ea4c7a44913a,Giovanni's Charisma,Scarlet and Violet 151,204,special_illustration_rare,YES,SINGLE_CARD,RAW,CARD,,,,,Donny,2026-09-16T04:14:40.242333+00:00,,
E13-0055,v1|236300437584|0,https://www.ebay.com/itm/236300437584?_skw=Giovanni%27s+Charisma+204+Scarlet+and+Violet+151+Pokemon+card&hash=item37049a8850:g:2joAAeSwm-potPZ5,Giovanni's Charisma 204/165 Sv: Scarlet & Violet 151 Holo,Ungraded,4000,,"[""FIXED_PRICE"", ""BEST_OFFER""]",tre270626,https://i.ebayimg.com/images/g/2joAAeSwm-potPZ5/s-l225.jpg,152906c9-3b9f-4f16-bb22-cb4241c7386b,20ddd5ca-77ef-4e3c-a018-ea4c7a44913a,Giovanni's Charisma,Scarlet and Violet 151,204,special_illustration_rare,YES,SINGLE_CARD,RAW,CARD,,,,,Donny,2026-09-16T04:12:15.872168+00:00,,
E13-0056,v1|377498411321|0,https://www.ebay.com/itm/377498411321?_skw=Veluza+192+Paradox+Rift+Pokemon+card&hash=item57e4a8a139:g:8IoAAeSw5hJqqeEs,Veluza 192/182 Pokemon Paradox Rift Illustration Rare IR Holo Near Mint NM,Ungraded,4000,,"[""FIXED_PRICE"", ""BEST_OFFER""]",okie_poke_collectibles,https://i.ebayimg.com/images/g/8IoAAeSw5hJqqeEs/s-l225.jpg,15faf94c-4a3b-4f09-a867-f2ded1174419,98ab7334-59cd-47fa-b778-f6526e5e1276,Veluza,Paradox Rift,192,illustration_rare,YES,SINGLE_CARD,RAW,CARD,,,,,Donny,2026-09-16T04:14:35.641064+00:00,,
E13-0057,v1|366670672038|0,https://www.ebay.com/itm/366670672038?_skw=Veluza+192+Paradox+Rift+Pokemon+card&hash=item555f4670a6:g:AOwAAeSwripqLkBG,Pokémon Veluza 192/182 SV04 Paradox Rift Illustration Rare Full Art Holo EN NM,Ungraded,4000,,"[""FIXED_PRICE""]",chillioilgames,https://i.ebayimg.com/images/g/AOwAAeSwripqLkBG/s-l225.jpg,15faf94c-4a3b-4f09-a867-f2ded1174419,98ab7334-59cd-47fa-b778-f6526e5e1276,Veluza,Paradox Rift,192,illustration_rare,YES,SINGLE_CARD,RAW,CARD,,,,,Donny,2026-09-16T04:11:52.053652+00:00,,
E13-0058,v1|206559787951|0,https://www.ebay.com/itm/206559787951?_skw=Veluza+192+Paradox+Rift+Pokemon+card&hash=item3017ec3baf:g:A8cAAeSwax1qqeDH&amdata=enc%3AAQALAAABAACCtXRWQnOEpyOqnQQ8KGa0WhyINnszNPFb369A7pjakAWlrIgpmIc4rguUOzacqPrU%2FyfbVc7zoL5uO8%2FNnfnPH1Iu%2FTc%2B22b%2BiABMa3P%2BaEuulLVClIbv%2B6Y%2Boh5XOOUma%2BqDnxU6UCkGReJlaT6yJItDjUxUEzZgIl1xatAvOZFDIPtIEBO7EocrncSbHIc6C5r2hj87tisIgpHarj3%2B4%2BVpZqVDgOm7aqrrQ0k%2B9yMyosvUyfakQbfvxk5TZGc8sz8AT35pnpCJHCNoAJpYcTaLwR%2FHoIrWmHGTisPSr8Qv73UkbHD8qB4lrvcAZO8b77OkoyswM49747XKj6w%3D,Pokemon TCG Veluza 192/182 SV04 Paradox Rift Illustration Rare Full Art Holo EN,Ungraded,4000,,"[""FIXED_PRICE"", ""BEST_OFFER""]",b33fy_f15,https://i.ebayimg.com/images/g/A8cAAeSwax1qqeDH/s-l225.jpg,15faf94c-4a3b-4f09-a867-f2ded1174419,98ab7334-59cd-47fa-b778-f6526e5e1276,Veluza,Paradox Rift,192,illustration_rare,YES,SINGLE_CARD,RAW,CARD,,,,,Donny,2026-09-16T04:11:53.025033+00:00,,
E13-0059,v1|168690222087|0,https://www.ebay.com/itm/168690222087?_skw=Veluza+192+Paradox+Rift+Pokemon+card&hash=item2746b88407:g:glEAAeSwx9pqqQHI,Veluza Holo Illustration Rare SV04: Paradox Rift 192/182 NM,Ungraded,4000,,"[""FIXED_PRICE"", ""BEST_OFFER""]",discobuisceto,https://i.ebayimg.com/images/g/glEAAeSwx9pqqQHI/s-l225.jpg,15faf94c-4a3b-4f09-a867-f2ded1174419,98ab7334-59cd-47fa-b778-f6526e5e1276,Veluza,Paradox Rift,192,illustration_rare,YES,SINGLE_CARD,RAW,CARD,,,,,Donny,2026-09-16T04:13:36.630015+00:00,,
E13-0060,v1|407159082144|0,https://www.ebay.com/itm/407159082144?_skw=Veluza+192+Paradox+Rift&hash=item5ecc928ca0:g:JjAAAeSwHO1qhzlf&amdata=enc%3AAQALAAAA8ACCtXRWQnOEpyOqnQQ8KGYXQz1fkDp1OPyZAWg0GXQjmc85Q9mp1xTB%2FT%2FPZuTvRl14kB93GQdBu%2Bp0SUC14aCm9uNdn5Q%2BPrbl%2FSBLHv4S7QWpgihgeNZEzHjparuuhxFTe6zQ9E4Edd7F8t1%2Bgd4sJgXvqgO9qhZVivr7KWnZO%2Bk9kJQWsQUpN47jXVLqjYq5HZvYI%2BOflkZpyky3QvsDbwPY1lNBqdfQE3bvNYipJFToQjHrhp83cx1xscRpjAZUOOF2fbEYf62iUh8AALD5FPb092lJHwjlm5l56Va0wU3uYkIOki6eiV%2BwS1ooxw%3D%3D,Veluza 192/182 SV04: Paradox Rift Holo,Ungraded,4000,,"[""FIXED_PRICE"", ""BEST_OFFER""]",rysrunes,https://i.ebayimg.com/images/g/JjAAAeSwHO1qhzlf/s-l225.jpg,15faf94c-4a3b-4f09-a867-f2ded1174419,98ab7334-59cd-47fa-b778-f6526e5e1276,Veluza,Paradox Rift,192,illustration_rare,YES,SINGLE_CARD,RAW,CARD,,,,,Donny,2026-09-16T04:14:03.595335+00:00,,
E13-0061,v1|206559505204|0,https://www.ebay.com/itm/206559505204?_skw=Veluza+192+Paradox+Rift+Pokemon+card&hash=item3017e7eb34:g:y2QAAeSw97tqqb0q,Veluza 192/182 SV04: Paradox Rift Holo,Ungraded,4000,,"[""FIXED_PRICE""]",britdar94,https://i.ebayimg.com/images/g/y2QAAeSw97tqqb0q/s-l225.jpg,15faf94c-4a3b-4f09-a867-f2ded1174419,98ab7334-59cd-47fa-b778-f6526e5e1276,Veluza,Paradox Rift,192,illustration_rare,YES,SINGLE_CARD,RAW,CARD,,,,,Donny,2026-09-16T04:11:47.722115+00:00,,
E13-0062,v1|366611789192|0,https://www.ebay.com/itm/366611789192?_skw=Veluza+192+Paradox+Rift&hash=item555bc3f588:g:yDEAAeSwT-hqg16k&amdata=enc%3AAQALAAAA8ACCtXRWQnOEpyOqnQQ8KGa6v5mJTFSVLezulrCA0h%2B9e6LoQRpOZPHtPmrme%2BxpzRPzahSVMGCqRWnBUxft4ZVTrbbTRDvJV7KaAIh42KYS8H1J5XzvI5H0M86goUJqgrsuv7P%2BrmPoKUzYuhVyxGKXS%2Ftdya%2BlQdS8JIgiKARhKF0bK1l5X2bJiy%2BVlZUtDwe%2F9SSKvgeDWzW2cdCDKFX6fvTF1VreCbD%2BqENN3WxrzlzySWq8IainA6ZyPO9OK2BeYF5e2s%2BIReiYowKdu4WSubQ8ZETr7cOVn62gvO0LSq5sUM8O%2BFxT52eq2ne9lg%3D%3D,1x Veluza - 192/182 - Illustration Rare PAR Paradox Rift Pokemon Near Mint,Ungraded,4000,,"[""FIXED_PRICE""]",gamesandcards.com,https://i.ebayimg.com/images/g/yDEAAeSwT-hqg16k/s-l225.jpg,15faf94c-4a3b-4f09-a867-f2ded1174419,98ab7334-59cd-47fa-b778-f6526e5e1276,Veluza,Paradox Rift,192,illustration_rare,YES,SINGLE_CARD,RAW,CARD,,,,,Donny,2026-09-16T04:11:03.166496+00:00,,
E13-0063,v1|287519695099|0,https://www.ebay.com/itm/287519695099?_skw=Veluza+192+Paradox+Rift+Pokemon+card&hash=item42f18260fb:g:RGIAAeSwvLhqe8MX,Veluza Pokemon SV04: Paradox Rift #192/182 Holo Near Mint,Ungraded,4000,,"[""FIXED_PRICE"", ""BEST_OFFER""]",myflyisbreeezy,https://i.ebayimg.com/images/g/RGIAAeSwvLhqe8MX/s-l225.jpg,15faf94c-4a3b-4f09-a867-f2ded1174419,98ab7334-59cd-47fa-b778-f6526e5e1276,Veluza,Paradox Rift,192,illustration_rare,YES,SINGLE_CARD,RAW,CARD,,,,,Donny,2026-09-16T03:38:49.091458+00:00,,
E13-0064,v1|147575711193|0,https://www.ebay.com/itm/147575711193?_skw=Oshawott+105+White+Flare+Pokemon+card&hash=item225c32a5d9:g:XaQAAeSwN1lqqcJO,Oshawott 105/086 Illustration Rare White Flare Pokemon Holo Near Mint,Ungraded,4000,,"[""FIXED_PRICE"", ""BEST_OFFER""]",wonthetrade,https://i.ebayimg.com/images/g/XaQAAeSwN1lqqcJO/s-l225.jpg,209f02db-d953-4dde-bbd6-0822671fe1d1,eb38e2d2-2e6a-41e2-939d-335c8a5e50d1,Oshawott,White Flare,105,illustration_rare,YES,SINGLE_CARD,RAW,CARD,,,,,Donny,2026-09-16T04:11:48.840046+00:00,,
E13-0065,v1|820077325573|0,https://www.ebay.com/itm/820077325573?_skw=Oshawott+105+White+Flare&hash=itembef06aed05:g:Wd8AAeSwYwdqnpHf,Pokémon Oshawott 105/086 Extended Art Binder Insert | 3x3 9-Pocket,Ungraded,4000,,"[""FIXED_PRICE""]",cardscapeextensions,https://i.ebayimg.com/images/g/Wd8AAeSwYwdqnpHf/s-l225.jpg,209f02db-d953-4dde-bbd6-0822671fe1d1,eb38e2d2-2e6a-41e2-939d-335c8a5e50d1,Oshawott,White Flare,105,illustration_rare,NO,SINGLE_CARD,RAW,SEALED_OR_NON_CARD,,,,,Donny,2026-09-16T03:19:14.902031+00:00,,
E13-0066,v1|168689879011|0,https://www.ebay.com/itm/168689879011?_skw=Oshawott+105+White+Flare&hash=item2746b347e3:g:Na8AAeSwguFqqM4P,2025 POKEMON WHT EN-WHITE FLARE ILLUSTRATION RARE #105 OSHAWOTT PSA 9,Graded,2750,,"[""FIXED_PRICE""]",pokeradtcg,https://i.ebayimg.com/images/g/Na8AAeSwguFqqM4P/s-l225.jpg,209f02db-d953-4dde-bbd6-0822671fe1d1,eb38e2d2-2e6a-41e2-939d-335c8a5e50d1,Oshawott,White Flare,105,illustration_rare,NO,SINGLE_CARD,GRADED,CARD,,,,,Donny,2026-09-16T03:19:18.526284+00:00,,
E13-0067,v1|178480301883|0,https://www.ebay.com/itm/178480301883?_skw=Oshawott+105+White+Flare&hash=item298e41473b:g:QioAAeSwsHhqoIXM,Oshawott 105/086 Sv: White Flare Holo,Ungraded,4000,,"[""FIXED_PRICE""]",genesis-gaming,https://i.ebayimg.com/images/g/QioAAeSwsHhqoIXM/s-l225.jpg,209f02db-d953-4dde-bbd6-0822671fe1d1,eb38e2d2-2e6a-41e2-939d-335c8a5e50d1,Oshawott,White Flare,105,illustration_rare,YES,SINGLE_CARD,RAW,CARD,,,,,Donny,2026-09-16T04:11:30.717358+00:00,,
E13-0068,v1|318746868570|0,https://www.ebay.com/itm/318746868570?_skw=Oshawott+105+White+Flare&hash=item4a36cb3b5a:g:zrYAAeSweKZqpAgT&amdata=enc%3AAQALAAABAACCtXRWQnOEpyOqnQQ8KGYSlVh%2FnwnpGVuXtpXbzP7%2FXO%2BrheLsxcRY08DgwSkmyrRBetPxIWuYM2%2FWauzOYSXwqiMaootocfW8QesrUlLyCcrbfU%2B6XAipWbaSV9VcdUebwnh2jKBRsfrvB4H%2B9ZfombbgSXNE7ymvyOlPqwACHNnsXGQocJDeQwHzvCiqVrER3zAnUZ90YVi9NkLdPibThwp9FS6Rnquk5RLvQg7OI%2BKV81WpxjhdE80dwGmvelusrM3dO0lm56x67b%2FVZ5FwOvAZoKFusBzvjeKzJoZG1y7g2f9mC7L%2F8xP5%2BHb4%2FuAW0K5jCT5%2Bo3I9tDD5vkM%3D,Oshawott 105/086 Holofoil - SV: White Flare - PTCG - NM,Ungraded,4000,,"[""FIXED_PRICE""]",youwontcg,https://i.ebayimg.com/images/g/zrYAAeSweKZqpAgT/s-l225.jpg,209f02db-d953-4dde-bbd6-0822671fe1d1,eb38e2d2-2e6a-41e2-939d-335c8a5e50d1,Oshawott,White Flare,105,illustration_rare,YES,SINGLE_CARD,RAW,CARD,,,,,Donny,2026-09-16T04:10:53.067173+00:00,,
E13-0069,v1|236899069610|0,https://www.ebay.com/itm/236899069610?_skw=Oshawott+105+White+Flare&hash=item372848eeaa:g:aEwAAeSw1uBqIlPA&amdata=enc%3AAQALAAABAACCtXRWQnOEpyOqnQQ8KGYpT3rSrOHT6YYXTTsmRQxtQ2idzJzHvlSwows1CKJ0EzsGmTe%2BPxgbk2CFSCSZaErHLJW%2BCJU8b60jAWd6%2BnY5Dgaq4%2B9u3X%2FgkOGyBFkBB6NZSNmfMXlZNpjKm0SRQLKrQkkpzjJbeKekBYuFOUjvemUIDnq7EFYmqZmKYHPeio3lIimD01DZqE5Q4rRY1bDI%2FEAaKKRRmHuJXrO%2BXWSYRSG%2ByGbVTqAxUL5zYTa69nv7UtZLOucyXckntUMpiwZuKZ8r48KZuFHU5eOG34VpkqwP%2BMXgql7eqGVPqFNAY3jcpbQ72oxUqw2pkYQIUzs%3D,Pokémon TCG Oshawott Illustration Rare IR Holo White Flare 105/086 NM,Ungraded,4000,,"[""FIXED_PRICE"", ""BEST_OFFER""]",stemet-4931,https://i.ebayimg.com/images/g/aEwAAeSw1uBqIlPA/s-l225.jpg,209f02db-d953-4dde-bbd6-0822671fe1d1,eb38e2d2-2e6a-41e2-939d-335c8a5e50d1,Oshawott,White Flare,105,illustration_rare,YES,SINGLE_CARD,RAW,CARD,,,,,Donny,2026-09-16T03:38:48.425937+00:00,,
E13-0070,v1|206555071455|0,https://www.ebay.com/itm/206555071455?_skw=Oshawott+105+White+Flare+Pokemon+card&hash=item3017a443df:g:2VgAAeSwFx9qpySr&amdata=enc%3AAQALAAABAACCtXRWQnOEpyOqnQQ8KGbXQeBofIvFcVi1KHr8NKIMJf9hKvq3ZCTamixa4ghOxDFiwKRQIhWs1X5Ec0yxPPz%2FCmHeXmAptNROHq%2FHxpMpTmAEXIH%2BYXLVIMycb5Uu4AlyH4F9y6fdriWcnnqeksx46tGAZ0N3Ju8tb2evZygDCR%2B%2F6Vsd%2B7UutMoWLBklZpKUiLEGRZ07l%2F7No7oQk0k1v2DkfTfyZ122XZEeVXfQSopwRmsIr53plevTFJEXq3J5bnhsrJyRzPV9WfEyAHjWySpFs7o8QsMLKbx9iUMVtjA37jNWTx%2BmGB%2BHfUoyYhfnBoHxRIiyEm2bpDw%2BwYo%3D,Oshawott Illustration Rare SV: White Flare 105/086 NM,Ungraded,4000,,"[""FIXED_PRICE""]",darkpulsecollectiblesshop,https://i.ebayimg.com/images/g/2VgAAeSwFx9qpySr/s-l225.jpg,209f02db-d953-4dde-bbd6-0822671fe1d1,eb38e2d2-2e6a-41e2-939d-335c8a5e50d1,Oshawott,White Flare,105,illustration_rare,YES,SINGLE_CARD,RAW,CARD,,,,,Donny,2026-09-16T04:10:45.057869+00:00,,
E13-0071,v1|407216799222|0,https://www.ebay.com/itm/407216799222?_skw=Oshawott+105+White+Flare&hash=item5ed0033df6:g:yU8AAeSwiHtqqFr4,Pokemon 2025 Oshawott 105/086 Illustration Rare White Flare GEM MINT TAG 10,Graded,2750,,"[""FIXED_PRICE""]",arizona_tcg,https://i.ebayimg.com/images/g/yU8AAeSwiHtqqFr4/s-l225.jpg,209f02db-d953-4dde-bbd6-0822671fe1d1,eb38e2d2-2e6a-41e2-939d-335c8a5e50d1,Oshawott,White Flare,105,illustration_rare,NO,SINGLE_CARD,GRADED,CARD,,,,,Donny,2026-09-16T03:19:24.407329+00:00,,
E13-0072,v1|820128762614|0,https://www.ebay.com/itm/820128762614?_skw=Kyurem+ex+165+Black+Bolt+Pokemon+card&hash=itembef37bcaf6:g:drYAAeSw4kFqqNGJ,Pokémon Kyurem EX Black Bolt Special Illustration Rare Card 165/086 NM,Ungraded,4000,,"[""AUCTION""]",1stopshop202,https://i.ebayimg.com/images/g/drYAAeSw4kFqqNGJ/s-l225.jpg,21e9ddc5-2751-4886-9e08-a1c6e2cc14e4,53abbd65-a601-4185-b08c-3721e963fa3d,Kyurem ex,Black Bolt,165,special_illustration_rare,YES,SINGLE_CARD,RAW,CARD,,,,,Donny,2026-09-16T04:13:24.434302+00:00,,
E13-0073,v1|158288912495|0,https://www.ebay.com/itm/158288912495?_skw=Kyurem+ex+165+Black+Bolt&hash=item24dac1206f:g:JLMAAeSw99ZqndTz,Kyurem ex 165/086 Sv: Black Bolt Holo Special Illustration Rare 230HP (EN),Ungraded,4000,,"[""FIXED_PRICE"", ""AUCTION""]",mcgi1409,https://i.ebayimg.com/images/g/JLMAAeSw99ZqndTz/s-l225.jpg,21e9ddc5-2751-4886-9e08-a1c6e2cc14e4,53abbd65-a601-4185-b08c-3721e963fa3d,Kyurem ex,Black Bolt,165,special_illustration_rare,YES,SINGLE_CARD,RAW,CARD,,,,,Donny,2026-09-16T04:12:12.192425+00:00,,
E13-0074,v1|227501442391|0,https://www.ebay.com/itm/227501442391?_skw=Kyurem+ex+165+Black+Bolt&hash=item34f8248557:g:4wUAAeSwpN5qlzm6,Pokémon TCG Kyurem EX Black Bolt Special Illustration Rare Card 165/086 NM/M,Ungraded,4000,,"[""FIXED_PRICE"", ""BEST_OFFER""]",daviescollects-4,https://i.ebayimg.com/images/g/4wUAAeSwpN5qlzm6/s-l225.jpg,21e9ddc5-2751-4886-9e08-a1c6e2cc14e4,53abbd65-a601-4185-b08c-3721e963fa3d,Kyurem ex,Black Bolt,165,special_illustration_rare,YES,SINGLE_CARD,RAW,CARD,,,,,Donny,2026-09-16T04:11:13.158203+00:00,,
E13-0075,v1|128005617093|0,https://www.ebay.com/itm/128005617093?_skw=Kyurem+ex+165+Black+Bolt&hash=item1dcdbab5c5:g:9e4AAeSwZKtqLyHw,2025 POKEMON BLK EN-BLACK BOLT SPECIAL ILLUSTRATION RARE #165 KYUREM EX PSA 10,Ungraded,4000,,"[""FIXED_PRICE""]",dmvsneakerstuff,https://i.ebayimg.com/images/g/9e4AAeSwZKtqLyHw/s-l225.jpg,21e9ddc5-2751-4886-9e08-a1c6e2cc14e4,53abbd65-a601-4185-b08c-3721e963fa3d,Kyurem ex,Black Bolt,165,special_illustration_rare,NO,SINGLE_CARD,GRADED,CARD,,,,,Donny,2026-09-16T03:19:29.464813+00:00,,
E13-0076,v1|336677707236|0,https://www.ebay.com/itm/336677707236?_skw=Kyurem+ex+165+Black+Bolt&hash=item4e638e1de4:g:p1kAAeSw9wNqTbxS&amdata=enc%3AAQALAAAA8ACCtXRWQnOEpyOqnQQ8KGYF8QRnnabpgY6h41yKu7kCaEMvkmzZfnCmlKimKmI%2FACr%2BLT7JzmsA0UQd%2Bmj64dSRDbkXOPEkGU23eO2YxUHa5eIfXjfgkYJj68HVeEQHV5AP%2FKqoGEXy8CgtIoGdqI2q9O%2BQ%2BgfL4HHoPuTEqaZ1RG2L7XYd1MJD9%2BO9Kq%2FmLeUt1ixJRA2Yu4b3csgxluleMjGNnbek3jwIxxas51oBWU98NN4KClz1JK1PHvu8ymQfWemDCYzI%2FQg7Na9XGxHN5LDv7vo0O4lZBgu5BgKxLvEwXbze5iFG4W5P89mcLw%3D%3D,Kyurem ex 165/086 Sv: Black Bolt Holo,Graded,2750,,"[""FIXED_PRICE"", ""BEST_OFFER""]",tonygscollectibles,https://i.ebayimg.com/images/g/p1kAAeSw9wNqTbxS/s-l225.jpg,21e9ddc5-2751-4886-9e08-a1c6e2cc14e4,53abbd65-a601-4185-b08c-3721e963fa3d,Kyurem ex,Black Bolt,165,special_illustration_rare,NO,SINGLE_CARD,GRADED,CARD,,,,,Donny,2026-09-16T03:19:31.297700+00:00,,
E13-0077,v1|287535494962|0,https://www.ebay.com/itm/287535494962?_skw=Kyurem+ex+165+Black+Bolt&hash=item42f2737732:g:QIcAAeSwS9dqhnv-,Kyurem ex Holofoil NM Special Illustration Rare [BLK - 165/086],Ungraded,4000,,"[""FIXED_PRICE""]",blackstarcardsco,https://i.ebayimg.com/images/g/QIcAAeSwS9dqhnv-/s-l225.jpg,21e9ddc5-2751-4886-9e08-a1c6e2cc14e4,53abbd65-a601-4185-b08c-3721e963fa3d,Kyurem ex,Black Bolt,165,special_illustration_rare,YES,SINGLE_CARD,RAW,CARD,,,,,Donny,2026-09-16T03:39:19.231916+00:00,,
E13-0078,v1|147533887915|0,https://www.ebay.com/itm/147533887915?_skw=Kyurem+ex+165+Black+Bolt&hash=item2259b479ab:g:DVoAAeSwJfhqkfEJ,Pokémon TCG - Kyurem ex 165/086 Special Illustration Rare - SV Black Bolt - NM,Ungraded,4000,,"[""FIXED_PRICE"", ""BEST_OFFER""]",jcnola06,https://i.ebayimg.com/images/g/DVoAAeSwJfhqkfEJ/s-l225.jpg,21e9ddc5-2751-4886-9e08-a1c6e2cc14e4,53abbd65-a601-4185-b08c-3721e963fa3d,Kyurem ex,Black Bolt,165,special_illustration_rare,YES,SINGLE_CARD,RAW,CARD,,,,,Donny,2026-09-16T04:14:30.872361+00:00,,
E13-0079,v1|407218301373|0,https://www.ebay.com/itm/407218301373?_skw=Kyurem+ex+165+Black+Bolt&hash=item5ed01a29bd:g:d5MAAeSwjTNqqTJd,Pokemon Kyurem ex (165/337) Black Bolt NM HOLO,Ungraded,4000,,"[""FIXED_PRICE""]",ninetyfive,https://i.ebayimg.com/images/g/d5MAAeSwjTNqqTJd/s-l225.jpg,21e9ddc5-2751-4886-9e08-a1c6e2cc14e4,53abbd65-a601-4185-b08c-3721e963fa3d,Kyurem ex,Black Bolt,165,special_illustration_rare,YES,SINGLE_CARD,RAW,CARD,,,,,Donny,2026-09-16T04:13:24.999217+00:00,,
E13-0080,v1|820131428131|0,https://www.ebay.com/itm/820131428131?_skw=Pachirisu+138+Paldean+Fates&hash=itembef3a47723:g:50sAAeSwJYxqqZ1I,Pachirisu 138/091 SV: Paldean Fates Shiny Holo,Ungraded,4000,,"[""FIXED_PRICE"", ""BEST_OFFER""]",cammycollectiblesllc,https://i.ebayimg.com/images/g/50sAAeSwJYxqqZ1I/s-l225.jpg,23d6bd35-bbf0-49b2-911e-4949e66ff8bb,9326d67b-4017-4430-ac3c-bae6eb088be7,Pachirisu,Paldean Fates,138,shiny_rare,YES,SINGLE_CARD,RAW,CARD,,,,,Donny,2026-09-16T04:14:59.020934+00:00,,
E13-0081,v1|307180976914|0,https://www.ebay.com/itm/307180976914?_skw=Pachirisu+138+Paldean+Fates&hash=item478569bb12:g:afMAAeSw04pqqZZD,Pokemon Paldean Fates Pachirisu 138/091 (NM),Ungraded,4000,,"[""FIXED_PRICE""]",friscoflippers,https://i.ebayimg.com/images/g/afMAAeSw04pqqZZD/s-l225.jpg,23d6bd35-bbf0-49b2-911e-4949e66ff8bb,9326d67b-4017-4430-ac3c-bae6eb088be7,Pachirisu,Paldean Fates,138,shiny_rare,YES,SINGLE_CARD,RAW,CARD,,,,,Donny,2026-09-16T04:13:13.541608+00:00,,
E13-0082,v1|168258384405|0,https://www.ebay.com/itm/168258384405?_skw=Pachirisu+138+Paldean+Fates&hash=item272cfb3215:g:~F4AAeSwfHFphKAR,Pokemon Pachirisu Shiny Holo #138 Paldean Fates 2024 - ACE 9 Mint,Graded,2750,,"[""FIXED_PRICE"", ""BEST_OFFER""]",hard2f1nd,https://i.ebayimg.com/images/g/~F4AAeSwfHFphKAR/s-l225.jpg,23d6bd35-bbf0-49b2-911e-4949e66ff8bb,9326d67b-4017-4430-ac3c-bae6eb088be7,Pachirisu,Paldean Fates,138,shiny_rare,NO,SINGLE_CARD,GRADED,CARD,,,,,Donny,2026-09-16T03:19:37.689882+00:00,,
E13-0083,v1|398319454572|0,https://www.ebay.com/itm/398319454572?_skw=Pachirisu+138+Paldean+Fates&hash=item5cbdb0896c:g:qWgAAeSwOa9qjFpy,Pachirisu 138/091 SV: Paldean Fates Holo,Ungraded,4000,,"[""FIXED_PRICE"", ""BEST_OFFER""]",ripittogether11,https://i.ebayimg.com/images/g/qWgAAeSwOa9qjFpy/s-l225.jpg,23d6bd35-bbf0-49b2-911e-4949e66ff8bb,9326d67b-4017-4430-ac3c-bae6eb088be7,Pachirisu,Paldean Fates,138,shiny_rare,YES,SINGLE_CARD,RAW,CARD,,,,,Donny,2026-09-16T04:12:41.796145+00:00,,
E13-0084,v1|257744722309|0,https://www.ebay.com/itm/257744722309?_skw=Pachirisu+138+Paldean+Fates+Pokemon+card&hash=item3c02c85985:g:UaEAAeSwpwVqqZPW,Pachirisu 138/091 Holo - Pokemon TCG SV: Paldean Fates,Ungraded,4000,,"[""FIXED_PRICE"", ""BEST_OFFER""]",thebossorder,https://i.ebayimg.com/images/g/UaEAAeSwpwVqqZPW/s-l225.jpg,23d6bd35-bbf0-49b2-911e-4949e66ff8bb,9326d67b-4017-4430-ac3c-bae6eb088be7,Pachirisu,Paldean Fates,138,shiny_rare,YES,SINGLE_CARD,RAW,CARD,,,,,Donny,2026-09-16T03:38:52.280389+00:00,,
E13-0085,v1|168658993443|0,https://www.ebay.com/itm/168658993443?_skw=Pachirisu+138+Paldean+Fates&hash=item2744dc0123:g:CmAAAeSwv99qbQBT,1x Pachirisu - 138/091 - Shiny Rare NM-Mint Pokemon SV04.5 - Paldean Fates,Ungraded,4000,,"[""FIXED_PRICE""]",thewastelandgaming,https://i.ebayimg.com/images/g/CmAAAeSwv99qbQBT/s-l225.jpg,23d6bd35-bbf0-49b2-911e-4949e66ff8bb,9326d67b-4017-4430-ac3c-bae6eb088be7,Pachirisu,Paldean Fates,138,shiny_rare,YES,SINGLE_CARD,RAW,CARD,,,,,Donny,2026-09-16T04:11:01.985174+00:00,,
E13-0086,v1|257740712993|558292066298,https://www.ebay.com/itm/257740712993?_skw=Pachirisu+138+Paldean+Fates&hash=item3c028b2c21:g:2I8AAeSwfmBqqKQs,Pachirisu (138/091) (PAF),Ungraded,4000,,"[""FIXED_PRICE""]",carddynasty_ca,https://i.ebayimg.com/images/g/2I8AAeSwfmBqqKQs/s-l225.jpg,23d6bd35-bbf0-49b2-911e-4949e66ff8bb,9326d67b-4017-4430-ac3c-bae6eb088be7,Pachirisu,Paldean Fates,138,shiny_rare,YES,SINGLE_CARD,RAW,CARD,,,,,Donny,2026-09-16T04:14:49.327257+00:00,,
E13-0087,v1|336739036003|0,https://www.ebay.com/itm/336739036003?_skw=Pachirisu+138+Paldean+Fates&hash=item4e6735eb63:g:fpsAAeSw4U1qfKx0,Pokemon Pachirisu 138/091 SV Paldean Fates Shiny Rare Holo 70 HP English,Ungraded,4000,,"[""FIXED_PRICE"", ""BEST_OFFER""]",za628662,https://i.ebayimg.com/images/g/fpsAAeSw4U1qfKx0/s-l225.jpg,23d6bd35-bbf0-49b2-911e-4949e66ff8bb,9326d67b-4017-4430-ac3c-bae6eb088be7,Pachirisu,Paldean Fates,138,shiny_rare,YES,SINGLE_CARD,RAW,CARD,,,,,Donny,2026-09-16T03:39:10.319259+00:00,,
E13-0088,v1|137741263902|0,https://www.ebay.com/itm/137741263902?_skw=Emboar+98+White+Flare+Pokemon+card&hash=item201204e41e:g:OnIAAeSw6N9qqb9I,2025 Pokemon White Flare Emboar 013/086 Holo Rare Near Mint,Ungraded,4000,,"[""FIXED_PRICE"", ""BEST_OFFER""]",thehobbyarchive,https://i.ebayimg.com/images/g/OnIAAeSw6N9qqb9I/s-l225.jpg,24f40ecd-605f-4d62-b748-afed33706583,bd1bb49f-f0e6-4441-a2cd-648e3ccf4a4c,Emboar,White Flare,98,illustration_rare,NO,SINGLE_CARD,RAW,CARD,INCONSISTENT,,,,Donny,2026-09-16T03:19:43.987207+00:00,,
E13-0089,v1|377469519209|0,https://www.ebay.com/itm/377469519209?_skw=Emboar+98+White+Flare+Pokemon+card&hash=item57e2efc569:g:~8MAAeSwuQtqmkao,Emboar 013/086 Holo Rare White Flare Pokemon Near Mint,Ungraded,4000,,"[""FIXED_PRICE""]",pokistash,https://i.ebayimg.com/images/g/~8MAAeSwuQtqmkao/s-l225.jpg,24f40ecd-605f-4d62-b748-afed33706583,bd1bb49f-f0e6-4441-a2cd-648e3ccf4a4c,Emboar,White Flare,98,illustration_rare,NO,SINGLE_CARD,RAW,CARD,INCONSISTENT,,,,Donny,2026-09-16T03:19:46.673636+00:00,,
E13-0090,v1|407219090811|0,https://www.ebay.com/itm/407219090811?_skw=Emboar+98+White+Flare+Pokemon+card&hash=item5ed026357b:g:ApUAAeSwG9FqmY02,Emboar 013/086 Rare White Flare Pokemon Reverse Holo Near Mint,Ungraded,4000,,"[""FIXED_PRICE""]",mvhstc,https://i.ebayimg.com/images/g/ApUAAeSwG9FqmY02/s-l225.jpg,24f40ecd-605f-4d62-b748-afed33706583,bd1bb49f-f0e6-4441-a2cd-648e3ccf4a4c,Emboar,White Flare,98,illustration_rare,NO,SINGLE_CARD,RAW,CARD,INCONSISTENT,,,,Donny,2026-09-16T03:19:48.089597+00:00,,
E13-0091,v1|366074940508|635886482413,https://www.ebay.com/itm/366074940508?_skw=Emboar+98+White+Flare+Pokemon+card&var=635886482413&hash=item553bc44c5c:g:w-kAAeSw8nNpfxKT,Pokemon White Flare: Pick Your Card  ex/Poke & Masterball/Reverse Holo Near Mint,Ungraded,4000,,"[""FIXED_PRICE""]",teescardvault,https://i.ebayimg.com/images/g/w-kAAeSw8nNpfxKT/s-l225.jpg,24f40ecd-605f-4d62-b748-afed33706583,bd1bb49f-f0e6-4441-a2cd-648e3ccf4a4c,Emboar,White Flare,98,illustration_rare,NO,SINGLE_CARD,RAW,CARD,INCONSISTENT,,,,Donny,2026-09-16T03:19:49.316340+00:00,,
E13-0092,v1|306589742358|0,https://www.ebay.com/itm/306589742358?_skw=Emboar+98+White+Flare+Pokemon+card&hash=item47622c3516:g:JlAAAeSw71lpDlI8,Pokemon SV: White Flare #013/086 Emboar Holo Border,Ungraded,4000,,"[""FIXED_PRICE"", ""BEST_OFFER""]",bennydoodle12,https://i.ebayimg.com/images/g/JlAAAeSw71lpDlI8/s-l225.jpg,24f40ecd-605f-4d62-b748-afed33706583,bd1bb49f-f0e6-4441-a2cd-648e3ccf4a4c,Emboar,White Flare,98,illustration_rare,NO,SINGLE_CARD,RAW,CARD,INCONSISTENT,,,,Donny,2026-09-16T03:19:50.862767+00:00,,
E13-0093,v1|407118012652|0,https://www.ebay.com/itm/407118012652?_skw=Emboar+98+White+Flare+Pokemon+card&hash=item5eca1fe0ec:g:UtQAAeSwFJVqcRGS,Emboar 013/086 Holo Rare White Flare Pokemon Lightly Played,Ungraded,4000,,"[""FIXED_PRICE""]",cadosvault,https://i.ebayimg.com/images/g/UtQAAeSwFJVqcRGS/s-l225.jpg,24f40ecd-605f-4d62-b748-afed33706583,bd1bb49f-f0e6-4441-a2cd-648e3ccf4a4c,Emboar,White Flare,98,illustration_rare,NO,SINGLE_CARD,RAW,CARD,INCONSISTENT,,,,Donny,2026-09-16T03:19:52.525960+00:00,,
E13-0094,v1|117192580444|0,https://www.ebay.com/itm/117192580444?_skw=Emboar+98+White+Flare+Pokemon+card&hash=item1b4938dd5c:g:bhoAAeSwf8FqA~7U,Emboar 013/086 Holo R White Flare NM Pokemon,Ungraded,4000,,"[""FIXED_PRICE""]",bwise12241224,https://i.ebayimg.com/images/g/bhoAAeSwf8FqA~7U/s-l225.jpg,24f40ecd-605f-4d62-b748-afed33706583,bd1bb49f-f0e6-4441-a2cd-648e3ccf4a4c,Emboar,White Flare,98,illustration_rare,NO,SINGLE_CARD,RAW,CARD,INCONSISTENT,,,,Donny,2026-09-16T03:19:54.130778+00:00,,
E13-0095,v1|287551335418|0,https://www.ebay.com/itm/287551335418?_skw=Emboar+98+White+Flare+Pokemon+card&hash=item42f3652bfa:g:w5sAAeSwmOBqkd8B,Emboar 013/086 Holo Rare White Flare Pokemon NM/M,Ungraded,4000,,"[""FIXED_PRICE""]",secondshifttradingco,https://i.ebayimg.com/images/g/w5sAAeSwmOBqkd8B/s-l225.jpg,24f40ecd-605f-4d62-b748-afed33706583,bd1bb49f-f0e6-4441-a2cd-648e3ccf4a4c,Emboar,White Flare,98,illustration_rare,NO,SINGLE_CARD,RAW,CARD,INCONSISTENT,,,,Donny,2026-09-16T03:19:55.789218+00:00,,
E13-0096,v1|317700780678|0,https://www.ebay.com/itm/317700780678?_skw=Clemont%27s+Quick+Wit+243+Surging+Sparks+Pokemon+card&hash=item49f8713286:g:Xy8AAeSwqxlpTr84,Clemont's Quick Wit Special Illustration Rare SV08: Surging Sparks 243/191 NM,Ungraded,4000,,"[""FIXED_PRICE"", ""BEST_OFFER""]",tamerverse,https://i.ebayimg.com/images/g/Xy8AAeSwqxlpTr84/s-l225.jpg,25638dbd-2434-4a4f-ba0d-dcf3e3e114ca,b3f17a3e-c2cb-447e-8873-c5970a4372c9,Clemont's Quick Wit,Surging Sparks,243,special_illustration_rare,YES,SINGLE_CARD,RAW,CARD,,,,,Donny,2026-09-16T04:12:10.447271+00:00,,
E13-0097,v1|158292289519|0,https://www.ebay.com/itm/158292289519?_skw=Clemont%27s+Quick+Wit+243+Surging+Sparks+Pokemon+card&hash=item24daf4a7ef:g:Iz0AAeSwtLZqqE21,Clemont's Quick Wit 2024 Pokemon Surging Sparks #243 SIR,Ungraded,4000,,"[""AUCTION""]",pc_sportscards,https://i.ebayimg.com/images/g/Iz0AAeSwtLZqqE21/s-l225.jpg,25638dbd-2434-4a4f-ba0d-dcf3e3e114ca,b3f17a3e-c2cb-447e-8873-c5970a4372c9,Clemont's Quick Wit,Surging Sparks,243,special_illustration_rare,YES,SINGLE_CARD,RAW,CARD,,,,,Donny,2026-09-16T03:38:49.790629+00:00,,
E13-0098,v1|407169980335|0,https://www.ebay.com/itm/407169980335?_skw=Clemont%27s+Quick+Wit+243+Surging+Sparks+Pokemon+card&hash=item5ecd38d7af:g:ekwAAeSwLcVqjh7f,Pokemon TCG Clemont's Quick Wit 243/162 Rare Full Art Holo English SV05,Ungraded,4000,,"[""FIXED_PRICE"", ""BEST_OFFER""]",amazo_1083,https://i.ebayimg.com/images/g/ekwAAeSwLcVqjh7f/s-l225.jpg,25638dbd-2434-4a4f-ba0d-dcf3e3e114ca,b3f17a3e-c2cb-447e-8873-c5970a4372c9,Clemont's Quick Wit,Surging Sparks,243,special_illustration_rare,YES,SINGLE_CARD,RAW,CARD,,,,,Donny,2026-09-16T04:13:15.211971+00:00,,
E13-0099,v1|127678103713|0,https://www.ebay.com/itm/127678103713?_skw=Clemont%27s+Quick+Wit+243+Surging+Sparks+Pokemon+card&hash=item1dba3540a1:g:Pp4AAeSwu15pjAYc,Clemont's Quick Wit 243/191 Sv08: Surging Sparks Holo,Ungraded,4000,,"[""FIXED_PRICE"", ""BEST_OFFER""]",i_pokepuff_i,https://i.ebayimg.com/images/g/Pp4AAeSwu15pjAYc/s-l225.jpg,25638dbd-2434-4a4f-ba0d-dcf3e3e114ca,b3f17a3e-c2cb-447e-8873-c5970a4372c9,Clemont's Quick Wit,Surging Sparks,243,special_illustration_rare,YES,SINGLE_CARD,RAW,CARD,,,,,Donny,2026-09-16T04:10:26.586474+00:00,,
E13-0100,v1|336792660830|0,https://www.ebay.com/itm/336792660830?_skw=Clemont%27s+Quick+Wit+243+Surging+Sparks+Pokemon+card&hash=item4e6a682b5e:g:kZsAAeSweFVp~Ry0,Clemont's Quick Wit 243/191 Sv08: Surging Sparks Holo,Ungraded,4000,,"[""AUCTION"", ""BEST_OFFER""]",tactag_tcg_mtg_20,https://i.ebayimg.com/images/g/kZsAAeSweFVp~Ry0/s-l225.jpg,25638dbd-2434-4a4f-ba0d-dcf3e3e114ca,b3f17a3e-c2cb-447e-8873-c5970a4372c9,Clemont's Quick Wit,Surging Sparks,243,special_illustration_rare,YES,SINGLE_CARD,RAW,CARD,,,,,Donny,2026-09-16T04:14:06.263415+00:00,,
E13-0101,v1|198641742734|0,https://www.ebay.com/itm/198641742734?_skw=Clemont%27s+Quick+Wit+243+Surging+Sparks+Pokemon+card&hash=item2e3ff8738e:g:BjMAAeSwSaNqqF~i,Pokemon Clemont's Quick Wit 243/191 Surging Sparks SIR NM,Ungraded,4000,,"[""FIXED_PRICE"", ""BEST_OFFER""]",zacharypulls,https://i.ebayimg.com/images/g/BjMAAeSwSaNqqF~i/s-l225.jpg,25638dbd-2434-4a4f-ba0d-dcf3e3e114ca,b3f17a3e-c2cb-447e-8873-c5970a4372c9,Clemont's Quick Wit,Surging Sparks,243,special_illustration_rare,YES,SINGLE_CARD,RAW,CARD,,,,,Donny,2026-09-16T04:13:26.386046+00:00,,
E13-0102,v1|820131441465|0,https://www.ebay.com/itm/820131441465?_skw=Clemont%27s+Quick+Wit+243+Surging+Sparks+Pokemon+card&hash=itembef3a4ab39:g:UkMAAeSw-M1qqafo,Clemont's Quick Wit 243/191 Sv08: Surging Sparks Holo,Ungraded,4000,,"[""FIXED_PRICE""]",poke_kt,https://i.ebayimg.com/images/g/UkMAAeSw-M1qqafo/s-l225.jpg,25638dbd-2434-4a4f-ba0d-dcf3e3e114ca,b3f17a3e-c2cb-447e-8873-c5970a4372c9,Clemont's Quick Wit,Surging Sparks,243,special_illustration_rare,YES,SINGLE_CARD,RAW,CARD,,,,,Donny,2026-09-16T03:38:43.047947+00:00,,
E13-0103,v1|168498836818|0,https://www.ebay.com/itm/168498836818?_skw=Clemont%27s+Quick+Wit+243+Surging+Sparks+Pokemon+card&hash=item273b503552:g:79oAAeSwTVFqQTcN&amdata=enc%3AAQALAAABEACCtXRWQnOEpyOqnQQ8KGaIBS82Gv4DlddrVIhir9J1x7y%2Fx3UdeIKxDOnIeD1Oooj99ufIVuEUs8DLZ0XBcb1pMYQ6ctT1F0VBY%2FvfkRKmBsYqLpXVwlPYx6EGz%2Bc17zOP3x1p36GG2HUrZhgEruPLQhLESD3TYLXxa8eH%2FcH%2F%2Br%2BPWMvCG55ve42O5FumSL8T1lIXtTqswSfcLzV52B50YHSKxPJnxVLPuQPa%2B9eXpr3fB9T2CntrERLDFehKAFD9we4c6ccu5HZ9EJvqLd2w7dK9ipXOfCdZ4w%2FwsKIyIHbj%2FhkRPYmzhgRrat8Ih%2BTiL4%2BCpc5lFnCYZm1Ie%2Bueph9ra0cQHImsN5cwjiqy,The Pokémon Company Pokémon TCG Clemont's Quick Wit 243/191 Sv08 Holo SIR Eng,Ungraded,4000,,"[""FIXED_PRICE"", ""BEST_OFFER""]",kyr641,https://i.ebayimg.com/images/g/79oAAeSwTVFqQTcN/s-l225.jpg,25638dbd-2434-4a4f-ba0d-dcf3e3e114ca,b3f17a3e-c2cb-447e-8873-c5970a4372c9,Clemont's Quick Wit,Surging Sparks,243,special_illustration_rare,YES,SINGLE_CARD,RAW,CARD,,,,,Donny,2026-09-16T04:10:41.169593+00:00,,
E13-0104,v1|388288038303|655469885191,https://www.ebay.com/itm/388288038303?_skw=Grubbin+18+Temporal+Forces+Pokemon+card&hash=item5a67c5459f:g:fUEAAOSwJjBoAxH4,✨UP TO 20% OFF!✨ Choose your Card! Temporal Forces Set Pokemon TCG!,Ungraded,4000,,"[""FIXED_PRICE""]",hyperhobbies,https://i.ebayimg.com/images/g/fUEAAOSwJjBoAxH4/s-l225.jpg,2a67a99c-dbba-4c41-846c-39ed4659c916,dfda2049-d87b-4be0-ad51-dcc005688d93,Grubbin,Temporal Forces,18,common,NO,SINGLE_CARD,RAW,CARD,,,,,Donny,2026-09-16T03:20:05.340357+00:00,,
E13-0105,v1|168205482657|0,https://www.ebay.com/itm/168205482657?_skw=Grubbin+18+Temporal+Forces&hash=item2729d3faa1:g:gGcAAeSwd0BpqGWH,Grubbin 18/162 Pokemon SV:Temporal Forces,Ungraded,4000,,"[""FIXED_PRICE""]",needthatcollectibble,https://i.ebayimg.com/images/g/gGcAAeSwd0BpqGWH/s-l225.jpg,2a67a99c-dbba-4c41-846c-39ed4659c916,dfda2049-d87b-4be0-ad51-dcc005688d93,Grubbin,Temporal Forces,18,common,YES,SINGLE_CARD,RAW,CARD,,,,,Donny,2026-09-16T04:12:28.588736+00:00,,
E13-0106,v1|396214240940|665097352730,https://www.ebay.com/itm/396214240940?_skw=Grubbin+18+Temporal+Forces&hash=item5c403586ac:g:uRMAAOSwmFhoEqHo,TEMPORAL FORCES Pokémon TCG 1 - 162 - PICK YOUR OWN REGULARS LP/NM 3+ FREE SHIP,Ungraded,4000,,"[""FIXED_PRICE""]",gamesandmorerestored,https://i.ebayimg.com/images/g/uRMAAOSwmFhoEqHo/s-l225.jpg,2a67a99c-dbba-4c41-846c-39ed4659c916,dfda2049-d87b-4be0-ad51-dcc005688d93,Grubbin,Temporal Forces,18,common,NO,SINGLE_CARD,RAW,CARD,,,,,Donny,2026-09-16T03:20:09.049525+00:00,,
E13-0107,v1|126650836783|0,https://www.ebay.com/itm/126650836783?_skw=Grubbin+18+Temporal+Forces&hash=item1d7cfa672f:g:fCMAAOSwlvtm0dyC,Pokemon Grubbin (18/224) Temporal Forces LP REVERSE HOLO,Ungraded,4000,,"[""FIXED_PRICE""]",ninetyfive,https://i.ebayimg.com/images/g/fCMAAOSwlvtm0dyC/s-l225.jpg,2a67a99c-dbba-4c41-846c-39ed4659c916,dfda2049-d87b-4be0-ad51-dcc005688d93,Grubbin,Temporal Forces,18,common,YES,SINGLE_CARD,RAW,CARD,,,,,Donny,2026-09-16T03:38:44.283923+00:00,,
E13-0108,v1|407212014359|0,https://www.ebay.com/itm/407212014359?_skw=Grubbin+18+Temporal+Forces&hash=item5ecfba3b17:g:0Y0AAeSwjBhpggdU,#18 2024 Temporal Forces Grubbin Reverse Holo,Ungraded,4000,,"[""FIXED_PRICE""]",strikingcards901,https://i.ebayimg.com/images/g/0Y0AAeSwjBhpggdU/s-l225.jpg,2a67a99c-dbba-4c41-846c-39ed4659c916,dfda2049-d87b-4be0-ad51-dcc005688d93,Grubbin,Temporal Forces,18,common,NO,SINGLE_CARD,RAW,CARD,,,,INCONSISTENT,Donny,2026-09-16T03:20:11.888681+00:00,,
E13-0109,v1|388293976616|655588072318,https://www.ebay.com/itm/388293976616?_skw=Grubbin+18+Temporal+Forces&hash=item5a681fe228:g:HKsAAOSwgCJoBMbX,Pokémon TCG Temporal Forces 1 - 162 - PICK YOUR OWN reverse holo and normal,Ungraded,4000,,"[""FIXED_PRICE""]",lonestarpokeshop,https://i.ebayimg.com/images/g/HKsAAOSwgCJoBMbX/s-l225.jpg,2a67a99c-dbba-4c41-846c-39ed4659c916,dfda2049-d87b-4be0-ad51-dcc005688d93,Grubbin,Temporal Forces,18,common,NO,SINGLE_CARD,RAW,CARD,,,,,Donny,2026-09-16T03:20:13.631315+00:00,,
E13-0110,v1|126592028309|0,https://www.ebay.com/itm/126592028309?_skw=Grubbin+18+Temporal+Forces&hash=item1d79790e95:g:KBwAAOSw2VpmoU3M,Pokemon Grubbin (18/224) Temporal Forces LP,Ungraded,4000,,"[""FIXED_PRICE""]",ninetyfive,https://i.ebayimg.com/images/g/KBwAAOSw2VpmoU3M/s-l225.jpg,2a67a99c-dbba-4c41-846c-39ed4659c916,dfda2049-d87b-4be0-ad51-dcc005688d93,Grubbin,Temporal Forces,18,common,YES,SINGLE_CARD,RAW,CARD,,,,,Donny,2026-09-16T03:39:18.785927+00:00,,
E13-0111,v1|407219136127|0,https://www.ebay.com/itm/407219136127?_skw=Grubbin+18+Temporal+Forces&hash=item5ed026e67f:g:QOYAAeSwdyZpgT6m,#18 2024 Temporal Forces { Grubbin REVERSE HOLO,Ungraded,4000,,"[""FIXED_PRICE""]",strikingcards901,https://i.ebayimg.com/images/g/QOYAAeSwdyZpgT6m/s-l225.jpg,2a67a99c-dbba-4c41-846c-39ed4659c916,dfda2049-d87b-4be0-ad51-dcc005688d93,Grubbin,Temporal Forces,18,common,NO,SINGLE_CARD,RAW,CARD,,,,INCONSISTENT,Donny,2026-09-16T03:20:16.990706+00:00,,
E13-0112,v1|167903023650|467438865272,https://www.ebay.com/itm/167903023650?_skw=Dhelmise+18+Mega+Evolution&hash=item2717ccd222:g:kDQAAeSwknJpCRmQ,Mega Evolution Singles - Complete your Master Set Combined Shipping NM,Ungraded,4000,,"[""FIXED_PRICE""]",big_deuce,https://i.ebayimg.com/images/g/kDQAAeSwknJpCRmQ/s-l225.jpg,2bf67447-75e1-4e97-ac08-c7f3e7f2c88c,ea7d59b7-a934-43b2-a230-9520fb6e6048,Dhelmise,Mega Evolution,18,common,NO,SINGLE_CARD,RAW,CARD,,,,,Donny,2026-09-16T03:20:19.035940+00:00,,
E13-0113,v1|206406589521|0,https://www.ebay.com/itm/206406589521?_skw=Dhelmise+18+Mega+Evolution&hash=item300eca9c51:g:2KkAAeSwPeFp~8k5,Dhelmise - Mega Evolution (NM) Reverse Holo 18/132 Grass Basic #781,Ungraded,4000,,"[""FIXED_PRICE""]",theotrades1,https://i.ebayimg.com/images/g/2KkAAeSwPeFp~8k5/s-l225.jpg,2bf67447-75e1-4e97-ac08-c7f3e7f2c88c,ea7d59b7-a934-43b2-a230-9520fb6e6048,Dhelmise,Mega Evolution,18,common,NO,SINGLE_CARD,RAW,CARD,,,,INCONSISTENT,Donny,2026-09-16T03:20:22.256277+00:00,,
E13-0114,v1|358869676198|0,https://www.ebay.com/itm/358869676198?_skw=Dhelmise+18+Mega+Evolution&hash=item538e4cb0a6:g:vLoAAeSwJM5qbcE1,Dhelmise 18/132 Mega Evolution Common NM,Ungraded,4000,,"[""FIXED_PRICE""]",905tcg,https://i.ebayimg.com/images/g/vLoAAeSwJM5qbcE1/s-l225.jpg,2bf67447-75e1-4e97-ac08-c7f3e7f2c88c,ea7d59b7-a934-43b2-a230-9520fb6e6048,Dhelmise,Mega Evolution,18,common,YES,SINGLE_CARD,RAW,CARD,,,,,Donny,2026-09-16T04:13:39.687771+00:00,,
E13-0115,v1|800180407472|0,https://www.ebay.com/itm/800180407472?_skw=Dhelmise+18+Mega+Evolution&hash=itemba4e780cb0:g:eB8AAeSwBP1qL0CU,Pokemon TCG Dhelmise 18/132 Mega Evolution Reverse Holo Common EN NM,Ungraded,4000,,"[""FIXED_PRICE"", ""BEST_OFFER""]",lmntnl,https://i.ebayimg.com/images/g/eB8AAeSwBP1qL0CU/s-l225.jpg,2bf67447-75e1-4e97-ac08-c7f3e7f2c88c,ea7d59b7-a934-43b2-a230-9520fb6e6048,Dhelmise,Mega Evolution,18,common,NO,SINGLE_CARD,RAW,CARD,,,,INCONSISTENT,Donny,2026-09-16T03:20:26.498701+00:00,,
E13-0116,v1|358794928092|0,https://www.ebay.com/itm/358794928092?_skw=Dhelmise+18+Mega+Evolution&hash=item5389d81fdc:g:-DUAAeSwNKlqVjc8,Dhelmise 18/132 Mega Evolution Reverse Holo Common NM,Ungraded,4000,,"[""FIXED_PRICE""]",905tcg,https://i.ebayimg.com/images/g/-DUAAeSwNKlqVjc8/s-l225.jpg,2bf67447-75e1-4e97-ac08-c7f3e7f2c88c,ea7d59b7-a934-43b2-a230-9520fb6e6048,Dhelmise,Mega Evolution,18,common,NO,SINGLE_CARD,RAW,CARD,,,,INCONSISTENT,Donny,2026-09-16T03:20:29.496707+00:00,,
E13-0117,v1|188891306971|0,https://www.ebay.com/itm/188891306971?_skw=Dhelmise+18+Mega+Evolution+Pokemon+card&hash=item2bfacc9bdb:g:5jcAAeSwcRJqOg79,Dhelmise Mega Evolution #18 Common NM Pokemon Card,Ungraded,4000,,"[""FIXED_PRICE""]",backwoods_silver,https://i.ebayimg.com/images/g/5jcAAeSwcRJqOg79/s-l225.jpg,2bf67447-75e1-4e97-ac08-c7f3e7f2c88c,ea7d59b7-a934-43b2-a230-9520fb6e6048,Dhelmise,Mega Evolution,18,common,YES,SINGLE_CARD,RAW,CARD,,,,,Donny,2026-09-16T04:10:47.994411+00:00,,
E13-0118,v1|227462242049|526645769647,https://www.ebay.com/itm/227462242049?_skw=Dhelmise+18+Mega+Evolution&hash=item34f5ce5f01:g:uOMAAeSwR-dqclGw,Pokémon Tcg Mega Evolution: Pick Your Card – Reverse Holo/Holo/ex - Near Mint,Ungraded,4000,,"[""FIXED_PRICE""]",pokecol-47,https://i.ebayimg.com/images/g/uOMAAeSwR-dqclGw/s-l225.jpg,2bf67447-75e1-4e97-ac08-c7f3e7f2c88c,ea7d59b7-a934-43b2-a230-9520fb6e6048,Dhelmise,Mega Evolution,18,common,NO,SINGLE_CARD,RAW,CARD,,,,,Donny,2026-09-16T03:20:33.918707+00:00,,
E13-0119,v1|406464401059|0,https://www.ebay.com/itm/406464401059?_skw=Dhelmise+18+Mega+Evolution&hash=item5ea32a8ea3:g:uMgAAeSwx2lpOBys,Pokemon Dhelmise (18/190) Mega Evolution LP,Ungraded,4000,,"[""FIXED_PRICE""]",ninetyfive,https://i.ebayimg.com/images/g/uMgAAeSwx2lpOBys/s-l225.jpg,2bf67447-75e1-4e97-ac08-c7f3e7f2c88c,ea7d59b7-a934-43b2-a230-9520fb6e6048,Dhelmise,Mega Evolution,18,common,YES,SINGLE_CARD,RAW,CARD,,,,,Donny,2026-09-16T04:11:57.041963+00:00,,
E13-0120,v1|407218215911|0,https://www.ebay.com/itm/407218215911?_skw=Pikachu+ex+277+Ascended+Heroes+Pokemon+card&hash=item5ed018dbe7:g:on8AAeSwP-RqoKk1,Pokemon Mega Evolution Ascended Heroes Pikachu Ex SIR 277/217,Ungraded,4000,,"[""FIXED_PRICE"", ""BEST_OFFER""]",gengar_tcg1992,https://i.ebayimg.com/images/g/on8AAeSwP-RqoKk1/s-l225.jpg,2c445258-b198-43de-b710-0921ebe3f0ab,4411dcaa-280b-4355-bc49-f27c3f6580f2,Pikachu ex,Ascended Heroes,277,special_illustration_rare,YES,SINGLE_CARD,RAW,CARD,,,,,Donny,2026-09-16T04:13:56.810364+00:00,,
E13-0121,v1|336792672165|0,https://www.ebay.com/itm/336792672165?_skw=Pikachu+ex+277+Ascended+Heroes+Pokemon+card&hash=item4e6a6857a5:g:q4oAAeSwxLNqY~ul,Pikachu ex 277/217 Ascended Heroes SIR Tag 9 Pokemon Graded Rare Card- 934/1000,Graded,2750,,"[""FIXED_PRICE"", ""BEST_OFFER""]",apexgoodscollective,https://i.ebayimg.com/images/g/q4oAAeSwxLNqY~ul/s-l225.jpg,2c445258-b198-43de-b710-0921ebe3f0ab,4411dcaa-280b-4355-bc49-f27c3f6580f2,Pikachu ex,Ascended Heroes,277,special_illustration_rare,NO,SINGLE_CARD,GRADED,CARD,,,,,Donny,2026-09-16T03:20:38.604563+00:00,,
E13-0122,v1|318522710256|0,https://www.ebay.com/itm/318522710256?_skw=Pikachu+ex+277+Ascended+Heroes+Pokemon+card&hash=item4a296ed8f0:g:roQAAeSw38FqQ1Oq,Pokemon TCG Pikachu ex 277/217 Me: Ascended Heroes SIR Holo ENG PSA 10,Graded,2750,,"[""FIXED_PRICE"", ""BEST_OFFER""]",kebla_4199,https://i.ebayimg.com/images/g/roQAAeSw38FqQ1Oq/s-l225.jpg,2c445258-b198-43de-b710-0921ebe3f0ab,4411dcaa-280b-4355-bc49-f27c3f6580f2,Pikachu ex,Ascended Heroes,277,special_illustration_rare,NO,SINGLE_CARD,GRADED,CARD,,,,,Donny,2026-09-16T03:20:40.188217+00:00,,
E13-0123,v1|366405211436|0,https://www.ebay.com/itm/366405211436?_skw=Pikachu+ex+277+Ascended+Heroes+Pokemon+card&hash=item554f73d52c:g:wFEAAeSwEPFqA87O,Pokemon TCG Pikachu ex 277/217 Ascended Heroes Special Illustration Rare NM SIR,Ungraded,4000,,"[""FIXED_PRICE"", ""BEST_OFFER""]",chasingpokemon916,https://i.ebayimg.com/images/g/wFEAAeSwEPFqA87O/s-l225.jpg,2c445258-b198-43de-b710-0921ebe3f0ab,4411dcaa-280b-4355-bc49-f27c3f6580f2,Pikachu ex,Ascended Heroes,277,special_illustration_rare,YES,SINGLE_CARD,RAW,CARD,,,,,Donny,2026-09-16T04:12:09.854338+00:00,,
E13-0124,v1|820127152068|0,https://www.ebay.com/itm/820127152068?_skw=Pikachu+ex+277+Ascended+Heroes+Pokemon+card&hash=itembef36337c4:g:AM4AAeSwwvJqWSb0,Pikachu ex 277/217 Special Illustration Rare (SIR) | Ascended Heroes,Ungraded,4000,,"[""FIXED_PRICE""]",houseofcards4030,https://i.ebayimg.com/images/g/AM4AAeSwwvJqWSb0/s-l225.jpg,2c445258-b198-43de-b710-0921ebe3f0ab,4411dcaa-280b-4355-bc49-f27c3f6580f2,Pikachu ex,Ascended Heroes,277,special_illustration_rare,YES,SINGLE_CARD,RAW,CARD,,,,,Donny,2026-09-16T04:12:48.586210+00:00,,
E13-0125,v1|198641606782|0,https://www.ebay.com/itm/198641606782?_skw=Pikachu+ex+277+Ascended+Heroes+Pokemon+card&hash=item2e3ff6607e:g:hycAAeSw6N9qqEeq,Pikachu ex 277/217 Special Illustration Rare Ascended Heroes Pokemon Holo NM/M,Ungraded,4000,,"[""FIXED_PRICE"", ""BEST_OFFER""]",stuntmanmike206,https://i.ebayimg.com/images/g/hycAAeSw6N9qqEeq/s-l225.jpg,2c445258-b198-43de-b710-0921ebe3f0ab,4411dcaa-280b-4355-bc49-f27c3f6580f2,Pikachu ex,Ascended Heroes,277,special_illustration_rare,YES,SINGLE_CARD,RAW,CARD,,,,,Donny,2026-09-16T03:38:40.375506+00:00,,
E13-0126,v1|287588840359|0,https://www.ebay.com/itm/287588840359?_skw=Pikachu+ex+277+Ascended+Heroes+Pokemon+card&hash=item42f5a173a7:g:FzcAAeSw25dqqbIL,GEM MINT Pikachu ex 277/217 Ascended Heroes BGS 9.5 SIR,Graded,2750,,"[""FIXED_PRICE"", ""BEST_OFFER""]",ocsurfcards,https://i.ebayimg.com/images/g/FzcAAeSw25dqqbIL/s-l225.jpg,2c445258-b198-43de-b710-0921ebe3f0ab,4411dcaa-280b-4355-bc49-f27c3f6580f2,Pikachu ex,Ascended Heroes,277,special_illustration_rare,NO,SINGLE_CARD,GRADED,CARD,,,,,Donny,2026-09-16T03:20:45.227637+00:00,,
E13-0127,v1|407215142815|0,https://www.ebay.com/itm/407215142815?_skw=Pikachu+ex+277+Ascended+Heroes+Pokemon+card&hash=item5ecfe9f79f:g:hN8AAeSweP9qp4Ee,PIKACHU EX #277 POKEMON ASCENDED HEROES - MINT/NEAR MINT,Ungraded,4000,,"[""FIXED_PRICE""]",loopxchange,https://i.ebayimg.com/images/g/hN8AAeSweP9qp4Ee/s-l225.jpg,2c445258-b198-43de-b710-0921ebe3f0ab,4411dcaa-280b-4355-bc49-f27c3f6580f2,Pikachu ex,Ascended Heroes,277,special_illustration_rare,NO,SINGLE_CARD,RAW,CARD,,,NON_ENGLISH,,Donny,2026-09-16T04:12:47.204052+00:00,,
E13-0128,v1|398344738376|0,https://www.ebay.com/itm/398344738376?_skw=Reshiram+ex+166+White+Flare&hash=item5cbf325648:g:TAgAAeSwie9qleQM,Reshiram ex 166/086 Sv: White Flare Holo,Ungraded,4000,,"[""FIXED_PRICE"", ""BEST_OFFER""]",saiyanselect,https://i.ebayimg.com/images/g/TAgAAeSwie9qleQM/s-l225.jpg,2cef0dfb-a5fd-4aed-b8ae-34a82f414587,3d276bff-a869-4634-840f-d5eb4f33aa1d,Reshiram ex,White Flare,166,special_illustration_rare,YES,SINGLE_CARD,RAW,CARD,,,,,Donny,2026-09-16T03:38:53.533535+00:00,,
E13-0129,v1|398344735607|0,https://www.ebay.com/itm/398344735607?_skw=Reshiram+ex+166+White+Flare&hash=item5cbf324b77:g:3~IAAeSwu7ZqleOC,Reshiram ex 166/086 Sv: White Flare Holo,Ungraded,4000,,"[""FIXED_PRICE"", ""BEST_OFFER""]",saiyanselect,https://i.ebayimg.com/images/g/3~IAAeSwu7ZqleOC/s-l225.jpg,2cef0dfb-a5fd-4aed-b8ae-34a82f414587,3d276bff-a869-4634-840f-d5eb4f33aa1d,Reshiram ex,White Flare,166,special_illustration_rare,YES,SINGLE_CARD,RAW,CARD,,,,,Donny,2026-09-16T04:12:56.390360+00:00,,
E13-0130,v1|278374267253|0,https://www.ebay.com/itm/278374267253?_skw=Reshiram+ex+166+White+Flare&hash=item40d0663975:g:cCMAAeSwZjhqp-7K,RESHIRAM EX 2025 POKEMON WHITE FLARE 166/086 SPECIAL ILLUSTRATION RARE Q5677,Ungraded,4000,,"[""AUCTION""]",quickconsign,https://i.ebayimg.com/images/g/cCMAAeSwZjhqp-7K/s-l225.jpg,2cef0dfb-a5fd-4aed-b8ae-34a82f414587,3d276bff-a869-4634-840f-d5eb4f33aa1d,Reshiram ex,White Flare,166,special_illustration_rare,YES,SINGLE_CARD,RAW,CARD,,,,,Donny,2026-09-16T03:38:52.923150+00:00,,
E13-0131,v1|287585071863|0,https://www.ebay.com/itm/287585071863?_skw=Reshiram+ex+166+White+Flare+Pokemon+card&hash=item42f567f2f7:g:zzMAAeSwD91qp1kT,RESHIRAM EX #173 + RESHIRAM EX #166 + ZOROARK #143 (Fake Card Valued Over $500),Ungraded,4000,,"[""FIXED_PRICE"", ""BEST_OFFER""]",wubdog07,https://i.ebayimg.com/images/g/zzMAAeSwD91qp1kT/s-l225.jpg,2cef0dfb-a5fd-4aed-b8ae-34a82f414587,3d276bff-a869-4634-840f-d5eb4f33aa1d,Reshiram ex,White Flare,166,special_illustration_rare,NO,LOT_OR_BUNDLE,RAW,CARD,,,,,Donny,2026-09-16T03:21:03.989155+00:00,,
E13-0132,v1|366669606786|0,https://www.ebay.com/itm/366669606786?_skw=Reshiram+ex+166+White+Flare+Pokemon+card&hash=item555f362f82:g:4gQAAeSwCJxqqLKg,Reshiram ex 166/086 Sv: White Flare Holo PSA 10,Graded,2750,,"[""AUCTION""]",tanwill_41,https://i.ebayimg.com/images/g/4gQAAeSwCJxqqLKg/s-l225.jpg,2cef0dfb-a5fd-4aed-b8ae-34a82f414587,3d276bff-a869-4634-840f-d5eb4f33aa1d,Reshiram ex,White Flare,166,special_illustration_rare,NO,SINGLE_CARD,GRADED,CARD,,,,,Donny,2026-09-16T03:21:06.582141+00:00,,
E13-0133,v1|267779495999|0,https://www.ebay.com/itm/267779495999?_skw=Reshiram+ex+166+White+Flare&hash=item3e58e6d83f:g:RscAAeSwYDtqoASa&amdata=enc%3AAQALAAABAACCtXRWQnOEpyOqnQQ8KGYtvq4uDF3gIGqt%2FSOSYQUt7w53mxtjwyy5454iDjKkIEoRMeq8boqqI%2FT5vwxcCFI9AtXZhrKdJ%2FUR0bJvXAOa%2BhjscZhGz7c%2F6cpW4GpfbKTKjS5vMKC7bIb%2BdUPKRSzSEqGdr23KjO9Ywds%2F1hxqeCnx93I9AaIIdS1UGiUtMI1NYdyVKy9TCGYtZCETwqzxoujRTSP0xH2C6%2FH7hAVIXu9aXKVBMEur%2BGEoAapMCv1wobBb4p8PMfDwi47esCbVD6UJxsdMq%2B3HAL22W0%2FvOG3Qb445sCXV4uQbTvsS3WmXfejA3ccLZEFiXxpO544%3D,Reshiram ex 166/086 SIR Full Art Illustration Rare Pokemon White Flare Holo,Ungraded,4000,,"[""FIXED_PRICE"", ""BEST_OFFER""]",tonyprovo95,https://i.ebayimg.com/images/g/RscAAeSwYDtqoASa/s-l225.jpg,2cef0dfb-a5fd-4aed-b8ae-34a82f414587,3d276bff-a869-4634-840f-d5eb4f33aa1d,Reshiram ex,White Flare,166,special_illustration_rare,YES,SINGLE_CARD,RAW,CARD,,,,,Donny,2026-09-16T04:15:08.336143+00:00,,
E13-0134,v1|307107280728|0,https://www.ebay.com/itm/307107280728?_skw=Reshiram+ex+166+White+Flare&hash=item4781053758:g:AogAAeSwQcxpxvg3,NM-Mint Reshiram ex - 166/086 - Special Illustration Rare Pokemon White Flare,Ungraded,4000,,"[""FIXED_PRICE""]",capefeargames,https://i.ebayimg.com/images/g/AogAAeSwQcxpxvg3/s-l225.jpg,2cef0dfb-a5fd-4aed-b8ae-34a82f414587,3d276bff-a869-4634-840f-d5eb4f33aa1d,Reshiram ex,White Flare,166,special_illustration_rare,YES,SINGLE_CARD,RAW,CARD,,,,,Donny,2026-09-16T04:13:11.536217+00:00,,
E13-0135,v1|287586439486|0,https://www.ebay.com/itm/287586439486?_skw=Reshiram+ex+166+White+Flare+Pokemon+card&hash=item42f57cd13e:g:wjcAAeSw6pdqqEUz,2025 Pokemon Reshiram ex #166 White Flare SIR PSA 10 GEM Special Illustration,Graded,2750,,"[""FIXED_PRICE""]",sst_collectibles,https://i.ebayimg.com/images/g/wjcAAeSw6pdqqEUz/s-l225.jpg,2cef0dfb-a5fd-4aed-b8ae-34a82f414587,3d276bff-a869-4634-840f-d5eb4f33aa1d,Reshiram ex,White Flare,166,special_illustration_rare,NO,SINGLE_CARD,GRADED,CARD,,,,,Donny,2026-09-16T03:21:10.333553+00:00,,
E13-0136,v1|298671827922|0,https://www.ebay.com/itm/298671827922?_skw=Dachsbun+ex+169+Stellar+Crown&hash=item458a3a6bd2:g:wXoAAeSwCJxqpyAV,2024 POKEMON SCR EN-STELLAR CROWN SPECIAL ILLUSTRATION RARE DACHSBUN EX PSA 10,Graded,2750,,"[""AUCTION""]",psa,https://i.ebayimg.com/images/g/wXoAAeSwCJxqpyAV/s-l225.jpg,2e5780f8-1769-4d26-9e3e-87e4a27d4dfe,09b7c446-d89f-4a64-b721-bc1293308747,Dachsbun ex,Stellar Crown,169,special_illustration_rare,NO,SINGLE_CARD,GRADED,CARD,,,,,Donny,2026-09-16T03:21:11.882726+00:00,,
E13-0137,v1|377497386975|0,https://www.ebay.com/itm/377497386975?_skw=Dachsbun+ex+169+Stellar+Crown&hash=item57e498ffdf:g:Qd8AAeSwW2dqqU8u,Pokémon TCG Dachsbun ex 169/142 Stellar Crown Special Illustration Rare PSA 10,Graded,2750,,"[""FIXED_PRICE""]",poke.916,https://i.ebayimg.com/images/g/Qd8AAeSwW2dqqU8u/s-l225.jpg,2e5780f8-1769-4d26-9e3e-87e4a27d4dfe,09b7c446-d89f-4a64-b721-bc1293308747,Dachsbun ex,Stellar Crown,169,special_illustration_rare,NO,SINGLE_CARD,GRADED,CARD,,,,,Donny,2026-09-16T03:21:13.316943+00:00,,
E13-0138,v1|366547649378|0,https://www.ebay.com/itm/366547649378?_skw=Dachsbun+ex+169+Stellar+Crown&hash=item5557f14362:g:-DkAAeSwn2JqWbPo,The Pokémon Company Dachsbun ex 169/142 SV07 Stellar Crown SIR Holo 250 HP,Ungraded,4000,,"[""FIXED_PRICE"", ""BEST_OFFER""]",volt-bro808,https://i.ebayimg.com/images/g/-DkAAeSwn2JqWbPo/s-l225.jpg,2e5780f8-1769-4d26-9e3e-87e4a27d4dfe,09b7c446-d89f-4a64-b721-bc1293308747,Dachsbun ex,Stellar Crown,169,special_illustration_rare,YES,SINGLE_CARD,RAW,CARD,,,,,Donny,2026-09-16T04:11:35.421903+00:00,,
E13-0139,v1|298550564469|0,https://www.ebay.com/itm/298550564469?_skw=Dachsbun+ex+169+Stellar+Crown&hash=item4583001675:g:zqoAAeSwcXdqbfOm,Dachsbun ex - Sv07 Stellar Crown 169/142 Special Illustration Rare English,Ungraded,4000,,"[""FIXED_PRICE""]",peteyo17,https://i.ebayimg.com/images/g/zqoAAeSwcXdqbfOm/s-l225.jpg,2e5780f8-1769-4d26-9e3e-87e4a27d4dfe,09b7c446-d89f-4a64-b721-bc1293308747,Dachsbun ex,Stellar Crown,169,special_illustration_rare,YES,SINGLE_CARD,RAW,CARD,,,,,Donny,2026-09-16T04:14:46.753014+00:00,,
E13-0140,v1|257733339099|0,https://www.ebay.com/itm/257733339099?_skw=Dachsbun+ex+169+Stellar+Crown&hash=item3c021aa7db:g:gJkAAeSw1nRqlguX,Dachsbun ex 169/142 Sv07: Stellar Crown Holo Pokémon TCG,Ungraded,4000,,"[""FIXED_PRICE"", ""BEST_OFFER""]",tripledoubledeals,https://i.ebayimg.com/images/g/gJkAAeSw1nRqlguX/s-l225.jpg,2e5780f8-1769-4d26-9e3e-87e4a27d4dfe,09b7c446-d89f-4a64-b721-bc1293308747,Dachsbun ex,Stellar Crown,169,special_illustration_rare,YES,SINGLE_CARD,RAW,CARD,,,,,Donny,2026-09-16T04:13:33.578188+00:00,,
E13-0141,v1|168679900734|0,https://www.ebay.com/itm/168679900734?_skw=Dachsbun+ex+169+Stellar+Crown+Pokemon+card&hash=item27461b063e:g:bo4AAeSwHHVqo2HL&amdata=enc%3AAQALAAABEACCtXRWQnOEpyOqnQQ8KGYT%2Bl681vVbMBegLHKHJReONH%2BPyVO05OrN%2B5yzb%2FdW1lW1oe2UGQZm3etuoFZHqF91bo9PA4GOJ%2FIouhWmnymiUuioaNCHAhS%2FbBC7t5lxWJK7d7sEYWJUa%2BhCECTxRiKMZSyOY3QSWIjtHALHfTIAgTLfN%2BSgPQYKJUAAypY7dl1JtnHmaYrkHTypS5Ps10XsEyqKsEg5bCWvIILyavjFYMVSWDUy7RbrnyY2FUXkMSrNkeWMzDK2RDZAvZvaxKVDn6mxyvIzT%2BbLccAauj3MZpLySW3CyIp9Q1mP2ArlP12u1hcRnZJoCoiq%2FxiBxsNeQ6c8mtLDqFxSATUTNa2%2F,Pokemon Dachsbun ex 169/142 Stellar Crown Special Illustration Rare Holo NM,Ungraded,4000,,"[""FIXED_PRICE"", ""BEST_OFFER""]",dollacardz,https://i.ebayimg.com/images/g/bo4AAeSwHHVqo2HL/s-l225.jpg,2e5780f8-1769-4d26-9e3e-87e4a27d4dfe,09b7c446-d89f-4a64-b721-bc1293308747,Dachsbun ex,Stellar Crown,169,special_illustration_rare,YES,SINGLE_CARD,RAW,CARD,,,,,Donny,2026-09-16T03:39:24.144941+00:00,,
E13-0142,v1|407212075995|0,https://www.ebay.com/itm/407212075995?_skw=Dachsbun+ex+169+Stellar+Crown+Pokemon+card&hash=item5ecfbb2bdb:g:5QQAAeSw9RRqpZa2&amdata=enc%3AAQALAAABEACCtXRWQnOEpyOqnQQ8KGaJsuClWUnHgq2tzbSKXnPcX7F881fFHaoY9dq0w48PEtfGcBSkLQiP5njCuBx6CQ%2BCuwQ%2B7BvTT8ReR0nl2s998vQOI8tPtkFJOPqrf%2Bjk1nGIX3W028J0e2nlu2BJ8Tpb3ILBVtHccuBur4cqp3Qz1SiNapQ5aNb79AzHSclso4rMnxsb0DuTXNK23OaZUFzwiW2E72VJbFy2kEochCiXqq3Yp%2FPoBWwGqjXxxL7qZOrMYQEqpw9CmUfQf2IBBXfbDXX2l%2BTFj%2FKw8O0DRxpJ0b0SEjFCdLlI16irhjIQ%2Bsr8AcYNFAAXbOMCpAA5%2BQBD6PiGwzuBoK1JTraTpwO2,Dachsbun ex Special Illustration Rare SV07: Stellar Crown 169/142 NM,Ungraded,4000,,"[""FIXED_PRICE"", ""BEST_OFFER""]",evolvingchasers,https://i.ebayimg.com/images/g/5QQAAeSw9RRqpZa2/s-l225.jpg,2e5780f8-1769-4d26-9e3e-87e4a27d4dfe,09b7c446-d89f-4a64-b721-bc1293308747,Dachsbun ex,Stellar Crown,169,special_illustration_rare,YES,SINGLE_CARD,RAW,CARD,,,,,Donny,2026-09-16T04:13:30.615962+00:00,,
E13-0143,v1|800317384949|0,https://www.ebay.com/itm/800317384949?_skw=Dachsbun+ex+169+Stellar+Crown&hash=itemba56a228f5:g:84gAAeSwErFqUEqT,Dachsbun ex 169/142 Sv07 Stellar Crown SIR Holo EN HP250,Ungraded,4000,,"[""FIXED_PRICE"", ""BEST_OFFER""]",gael_3187,https://i.ebayimg.com/images/g/84gAAeSwErFqUEqT/s-l225.jpg,2e5780f8-1769-4d26-9e3e-87e4a27d4dfe,09b7c446-d89f-4a64-b721-bc1293308747,Dachsbun ex,Stellar Crown,169,special_illustration_rare,YES,SINGLE_CARD,RAW,CARD,,,,,Donny,2026-09-16T04:12:42.454342+00:00,,
E13-0144,v1|820116027895|0,https://www.ebay.com/itm/820116027895?_skw=Pikachu+ex+276+Ascended+Heroes+Pokemon+card&hash=itembef2b979f7:g:aLIAAeSwy6tp-UR-,Pokémon Pikachu ex Special Illustration Rare - 276/217,Ungraded,4000,,"[""AUCTION""]",dochollidayshauls,https://i.ebayimg.com/images/g/aLIAAeSwy6tp-UR-/s-l225.jpg,301185dd-2bde-4699-80bd-8b2a3cfd8f7f,af28bc66-9c8b-4dbb-bf83-fa6215bd26f0,Pikachu ex,Ascended Heroes,276,special_illustration_rare,YES,SINGLE_CARD,RAW,CARD,,,,,Donny,2026-09-16T04:14:18.186849+00:00,,
E13-0145,v1|178230876965|0,https://www.ebay.com/itm/178230876965?_skw=Pikachu+ex+276+Ascended+Heroes+Pokemon+card&hash=item297f635b25:g:35wAAeSwubhqMqVN,Pokemon TCG Ascended Heroes Pikachu ex 276/217 Special Illustration Rare SIR NM,Ungraded,4000,,"[""FIXED_PRICE"", ""BEST_OFFER""]",44ariel,https://i.ebayimg.com/images/g/35wAAeSwubhqMqVN/s-l225.jpg,301185dd-2bde-4699-80bd-8b2a3cfd8f7f,af28bc66-9c8b-4dbb-bf83-fa6215bd26f0,Pikachu ex,Ascended Heroes,276,special_illustration_rare,YES,SINGLE_CARD,RAW,CARD,,,,,Donny,2026-09-16T03:39:10.837203+00:00,,
E13-0146,v1|227331408468|0,https://www.ebay.com/itm/227331408468?_skw=Pikachu+ex+276+Ascended+Heroes+Pokemon+card&hash=item34ee020254:g:WWcAAeSwSQRp-lhf,Pikachu ex CGC 10 Ascended Heroes 276/217 Special Illustration Rare Pokémon Card,Graded,2750,,"[""FIXED_PRICE"", ""BEST_OFFER""]",freefallrips,https://i.ebayimg.com/images/g/WWcAAeSwSQRp-lhf/s-l225.jpg,301185dd-2bde-4699-80bd-8b2a3cfd8f7f,af28bc66-9c8b-4dbb-bf83-fa6215bd26f0,Pikachu ex,Ascended Heroes,276,special_illustration_rare,NO,SINGLE_CARD,GRADED,CARD,,,,,Donny,2026-09-16T03:21:22.420935+00:00,,
E13-0147,v1|407212796967|0,https://www.ebay.com/itm/407212796967?_skw=Pikachu+ex+276+Ascended+Heroes+Pokemon+card&hash=item5ecfc62c27:g:yxMAAeSwCJxqpgz1&amdata=enc%3AAQALAAABEACCtXRWQnOEpyOqnQQ8KGZQc4txyAmR2Fsf60d3mg7QFeUb3hTeyF4HUf%2FMMYCJBUQ2vG4Ai3d%2Fc6GvHMraGQPuUQBLDicPHd1XNa53Bd%2BAMJ17UBGep6%2BNajAixco7xQDW9gkNJFjJXgkeNCT12OfMLLfkb70s5gV9LHbzWIK3crEps9xvMWUka49QvlUfUrwQnhIU9SKUZMg5XqdLGiBTyAWtiXQpaDduT4Gdni70ppyDeJdGjQHmT40ls%2BzH%2FDoZM0S1w%2FBxMvnsKRHw7zL%2BuQKUWYqaklzfuvC0rvN9cKR4xvokPymfsMiek2YYgWxMK9HaL52XQN1N%2BvwyCzLTvfE4NkbQ%2F25m8n%2BCDk5N,2026 Pokémon ASC EN Pikachu ex Special Illustration Rare #276 PSA 9 MINT,Graded,2750,,"[""FIXED_PRICE"", ""BEST_OFFER""]",sokobag,https://i.ebayimg.com/images/g/yxMAAeSwCJxqpgz1/s-l225.jpg,301185dd-2bde-4699-80bd-8b2a3cfd8f7f,af28bc66-9c8b-4dbb-bf83-fa6215bd26f0,Pikachu ex,Ascended Heroes,276,special_illustration_rare,NO,SINGLE_CARD,GRADED,CARD,,,,,Donny,2026-09-16T03:21:23.972202+00:00,,
E13-0148,v1|147436673643|0,https://www.ebay.com/itm/147436673643?_skw=Pikachu+ex+276+Ascended+Heroes+Pokemon+card&hash=item2253e91a6b:g:IiMAAeSwhQNqVqud,Pokemon TCG Pikachu ex 276/217 Ascended Heroes SIR Full Art Foil BGS 9,Graded,2750,,"[""FIXED_PRICE"", ""BEST_OFFER""]",justamanandhiswood,https://i.ebayimg.com/images/g/IiMAAeSwhQNqVqud/s-l225.jpg,301185dd-2bde-4699-80bd-8b2a3cfd8f7f,af28bc66-9c8b-4dbb-bf83-fa6215bd26f0,Pikachu ex,Ascended Heroes,276,special_illustration_rare,NO,SINGLE_CARD,GRADED,CARD,,,,,Donny,2026-09-16T03:21:25.573751+00:00,,
E13-0149,v1|188891011268|0,https://www.ebay.com/itm/188891011268?_skw=Pikachu+ex+276+Ascended+Heroes+Pokemon+card&hash=item2bfac818c4:g:tg0AAeSwHzlqnHQR,Pikachu ex 276/217 Me: Ascended Heroes Holo,Ungraded,4000,,"[""FIXED_PRICE"", ""BEST_OFFER""]",brchays,https://i.ebayimg.com/images/g/tg0AAeSwHzlqnHQR/s-l225.jpg,301185dd-2bde-4699-80bd-8b2a3cfd8f7f,af28bc66-9c8b-4dbb-bf83-fa6215bd26f0,Pikachu ex,Ascended Heroes,276,special_illustration_rare,YES,SINGLE_CARD,RAW,CARD,,,,,Donny,2026-09-16T04:14:13.447985+00:00,,
E13-0150,v1|178491276756|0,https://www.ebay.com/itm/178491276756?_skw=Pikachu+ex+276+Ascended+Heroes+Pokemon+card&hash=item298ee8bdd4:g:w5IAAeSw0l5qpfLH,PSA 10 Pikachu ex 276/217 Special Illustration Rare Holo English 2026! 🔥 ,Graded,2750,,"[""FIXED_PRICE"", ""BEST_OFFER""]",rgt32073,https://i.ebayimg.com/images/g/w5IAAeSw0l5qpfLH/s-l225.jpg,301185dd-2bde-4699-80bd-8b2a3cfd8f7f,af28bc66-9c8b-4dbb-bf83-fa6215bd26f0,Pikachu ex,Ascended Heroes,276,special_illustration_rare,NO,SINGLE_CARD,GRADED,CARD,,,,,Donny,2026-09-16T03:21:28.349141+00:00,,
E13-0151,v1|820131539067|0,https://www.ebay.com/itm/820131539067?_skw=Pikachu+ex+276+Ascended+Heroes+Pokemon+card&hash=itembef3a6287b:g:k90AAeSwpwVqqa-U,Pikachu ex 276/217 Scarlet & Violet Full Art Holo Ultra Rare English 2023 200HP,Ungraded,4000,,"[""FIXED_PRICE"", ""AUCTION""]",bai228708,https://i.ebayimg.com/images/g/k90AAeSwpwVqqa-U/s-l225.jpg,301185dd-2bde-4699-80bd-8b2a3cfd8f7f,af28bc66-9c8b-4dbb-bf83-fa6215bd26f0,Pikachu ex,Ascended Heroes,276,special_illustration_rare,YES,SINGLE_CARD,RAW,CARD,,,,,Donny,2026-09-16T04:10:42.851162+00:00,,
E13-0152,v1|358719090825|0,https://www.ebay.com/itm/358719090825?_skw=Mega+Greninja+ex+122+Chaos+Rising+Pokemon+card&hash=item538552f089:g:mCkAAeSwcW9qPI~u,Mega Greninja ex 122/086 Me04: Chaos Rising Holo SEND OFFER ,Ungraded,4000,,"[""FIXED_PRICE"", ""BEST_OFFER""]",poundcakecardz,https://i.ebayimg.com/images/g/mCkAAeSwcW9qPI~u/s-l225.jpg,31566cbb-0eeb-499e-aa6d-b9b0bd85fc8b,fc81462a-2c3e-4b7a-a7be-ad7f88d98ace,Mega Greninja ex,Chaos Rising,122,mega_hyper_rare,YES,SINGLE_CARD,RAW,CARD,,,,,Donny,2026-09-16T04:12:12.790667+00:00,,
E13-0153,v1|307012141032|0,https://www.ebay.com/itm/307012141032?_skw=Mega+Greninja+ex+122+Chaos+Rising+Pokemon+card&hash=item477b597fe8:g:1AkAAeSwBoRqNXOg,Mega Greninja ex 122/086 Me04: Chaos Rising Holo,Ungraded,4000,,"[""FIXED_PRICE"", ""BEST_OFFER""]",drwill8534,https://i.ebayimg.com/images/g/1AkAAeSwBoRqNXOg/s-l225.jpg,31566cbb-0eeb-499e-aa6d-b9b0bd85fc8b,fc81462a-2c3e-4b7a-a7be-ad7f88d98ace,Mega Greninja ex,Chaos Rising,122,mega_hyper_rare,YES,SINGLE_CARD,RAW,CARD,,,,,Donny,2026-09-16T04:13:32.698856+00:00,,
E13-0154,v1|800439130258|0,https://www.ebay.com/itm/800439130258?_skw=Mega+Greninja+ex+122+Chaos+Rising+Pokemon+card&hash=itemba5de3d892:g:r0EAAeSwM2lqhggP,The Pokémon Company Mega Greninja ex 022/086 Chaos Rising Holo EN,Ungraded,4000,,"[""FIXED_PRICE"", ""BEST_OFFER""]",liphe-58,https://i.ebayimg.com/images/g/r0EAAeSwM2lqhggP/s-l225.jpg,31566cbb-0eeb-499e-aa6d-b9b0bd85fc8b,fc81462a-2c3e-4b7a-a7be-ad7f88d98ace,Mega Greninja ex,Chaos Rising,122,mega_hyper_rare,NO,SINGLE_CARD,RAW,CARD,INCONSISTENT,,,,Donny,2026-09-16T03:21:33.455565+00:00,,
E13-0155,v1|366669945569|0,https://www.ebay.com/itm/366669945569?_skw=Mega+Greninja+ex+122+Chaos+Rising+Pokemon+card&hash=item555f3b5ae1:g:5igAAeSwptdqhgXy,Pokemon Mega Greninja EX Gold Mega Hyper Rare Chaos Rising 122/086,Ungraded,4000,,"[""FIXED_PRICE"", ""BEST_OFFER""]",da267319,https://i.ebayimg.com/images/g/5igAAeSwptdqhgXy/s-l225.jpg,31566cbb-0eeb-499e-aa6d-b9b0bd85fc8b,fc81462a-2c3e-4b7a-a7be-ad7f88d98ace,Mega Greninja ex,Chaos Rising,122,mega_hyper_rare,YES,SINGLE_CARD,RAW,CARD,,,,,Donny,2026-09-16T04:14:02.777025+00:00,,
E13-0156,v1|377204344713|0,https://www.ebay.com/itm/377204344713?_skw=Mega+Greninja+ex+122+Chaos+Rising+Pokemon+card&hash=item57d3218789:g:O0YAAeSwCctqEPJd,2026 Pokemon Mega Greninja ex Gold Hyper Rare 122/086 Chaos Rising NM,Ungraded,4000,,"[""FIXED_PRICE""]",lamtcgs,https://i.ebayimg.com/images/g/O0YAAeSwCctqEPJd/s-l225.jpg,31566cbb-0eeb-499e-aa6d-b9b0bd85fc8b,fc81462a-2c3e-4b7a-a7be-ad7f88d98ace,Mega Greninja ex,Chaos Rising,122,mega_hyper_rare,YES,SINGLE_CARD,RAW,CARD,,,,,Donny,2026-09-16T04:12:16.648311+00:00,,
E13-0157,v1|318840014613|0,https://www.ebay.com/itm/318840014613?_skw=Mega+Greninja+ex+122+Chaos+Rising+Pokemon+card&hash=item4a3c588715:g:yo4AAeSwG~Zqnwqy,Mega Greninja ex Mega Rare English Chaos Rising 122/086 NM,Ungraded,4000,,"[""FIXED_PRICE"", ""BEST_OFFER""]",mel_4830,https://i.ebayimg.com/images/g/yo4AAeSwG~Zqnwqy/s-l225.jpg,31566cbb-0eeb-499e-aa6d-b9b0bd85fc8b,fc81462a-2c3e-4b7a-a7be-ad7f88d98ace,Mega Greninja ex,Chaos Rising,122,mega_hyper_rare,YES,SINGLE_CARD,RAW,CARD,,,,,Donny,2026-09-16T04:14:32.914335+00:00,,
E13-0158,v1|398395803766|0,https://www.ebay.com/itm/398395803766?_skw=Mega+Greninja+ex+122+Chaos+Rising+Pokemon+card&hash=item5cc23d8876:g:SJ0AAeSw6pdqqL0n,Mega Greninja ex ME04: Chaos Rising #122/086 Mega Hyper Rare Holo NM,Ungraded,4000,,"[""FIXED_PRICE""]",mauinite,https://i.ebayimg.com/images/g/SJ0AAeSw6pdqqL0n/s-l225.jpg,31566cbb-0eeb-499e-aa6d-b9b0bd85fc8b,fc81462a-2c3e-4b7a-a7be-ad7f88d98ace,Mega Greninja ex,Chaos Rising,122,mega_hyper_rare,YES,SINGLE_CARD,RAW,CARD,,,,,Donny,2026-09-16T04:11:29.372138+00:00,,
E13-0159,v1|206554940017|0,https://www.ebay.com/itm/206554940017?_skw=Mega+Greninja+ex+122+Chaos+Rising+Pokemon+card&hash=item3017a24271:g:I1gAAeSw4C1qlJhl,Full Art Gold Mega Greninja ex,Ungraded,4000,,"[""AUCTION"", ""BEST_OFFER""]",ericbla03,https://i.ebayimg.com/images/g/I1gAAeSw4C1qlJhl/s-l225.jpg,31566cbb-0eeb-499e-aa6d-b9b0bd85fc8b,fc81462a-2c3e-4b7a-a7be-ad7f88d98ace,Mega Greninja ex,Chaos Rising,122,mega_hyper_rare,YES,SINGLE_CARD,RAW,CARD,,,,,Donny,2026-09-16T04:14:41.774799+00:00,,
E13-0160,v1|178118433062|0,https://www.ebay.com/itm/178118433062?_skw=Charizard+ex+234+Paldean+Fates+Pokemon+card&hash=item2978af9926:g:W-MAAeSw3zdpdUJv,Pokémon TCG Charizard ex 234/091 SV: Paldean Fates Holo,Ungraded,4000,,"[""FIXED_PRICE"", ""BEST_OFFER""]",thesho-90,https://i.ebayimg.com/images/g/W-MAAeSw3zdpdUJv/s-l225.jpg,33dca102-b449-4da6-bfa6-7b72de711596,c2d7a5e7-cfdd-4f37-9748-a2259857c6e3,Charizard ex,Paldean Fates,234,special_illustration_rare,YES,SINGLE_CARD,RAW,CARD,,,,,Donny,2026-09-16T04:12:43.048344+00:00,,
E13-0161,v1|318530842119|0,https://www.ebay.com/itm/318530842119?_skw=Charizard+ex+234+Paldean+Fates+Pokemon+card&hash=item4a29eaee07:g:884AAeSw8Z9qRXEk,Charizard ex 234/091 Paldean Fates SIR Full Art Holo 330HP Burning Darkness,Ungraded,4000,,"[""FIXED_PRICE"", ""BEST_OFFER""]",mi_835287,https://i.ebayimg.com/images/g/884AAeSw8Z9qRXEk/s-l225.jpg,33dca102-b449-4da6-bfa6-7b72de711596,c2d7a5e7-cfdd-4f37-9748-a2259857c6e3,Charizard ex,Paldean Fates,234,special_illustration_rare,YES,SINGLE_CARD,RAW,CARD,,,,,Donny,2026-09-16T04:15:03.142369+00:00,,
E13-0162,v1|227388279877|0,https://www.ebay.com/itm/227388279877?_skw=Charizard+ex+234+Paldean+Fates+Pokemon+card&hash=item34f165cc45:g:7bQAAeSweFNqLvoq,Charizard ex 234/091 SV: Paldean Fates Tera Special Illustration Holo 330 HP ,Ungraded,4000,,"[""FIXED_PRICE""]",willowwink,https://i.ebayimg.com/images/g/7bQAAeSweFNqLvoq/s-l225.jpg,33dca102-b449-4da6-bfa6-7b72de711596,c2d7a5e7-cfdd-4f37-9748-a2259857c6e3,Charizard ex,Paldean Fates,234,special_illustration_rare,YES,SINGLE_CARD,RAW,CARD,,,,,Donny,2026-09-16T04:11:04.404059+00:00,,
E13-0163,v1|188923908224|0,https://www.ebay.com/itm/188923908224?_skw=Charizard+ex+234+Paldean+Fates+Pokemon+card&hash=item2bfcbe1080:g:zuYAAeSw4~Bqpj51,2024 Paldean Fates Charizard EX SIR #234 BGS 10 Pristine POP 17,Graded,2750,,"[""FIXED_PRICE"", ""BEST_OFFER""]",bajoboy,https://i.ebayimg.com/images/g/zuYAAeSw4~Bqpj51/s-l225.jpg,33dca102-b449-4da6-bfa6-7b72de711596,c2d7a5e7-cfdd-4f37-9748-a2259857c6e3,Charizard ex,Paldean Fates,234,special_illustration_rare,NO,SINGLE_CARD,GRADED,CARD,,,,,Donny,2026-09-16T03:21:44.359580+00:00,,
E13-0164,v1|147399259459|0,https://www.ebay.com/itm/147399259459?_skw=Charizard+ex+234+Paldean+Fates+Pokemon+card&hash=item2251ae3543:g:g6IAAeSwURVqPoRv&amdata=enc%3AAQALAAABEACCtXRWQnOEpyOqnQQ8KGZVXv0KZKbRByr6tKhsjt8v%2FqAqmAprg%2BtP2np4A7hVKjLaeMUfDL8em1OQrxzxNUrGbRbz4Lk0IJSLFyj6inLJM8NRH3MLAMkzTbvkir1MO0qT%2Bssqf3ULqSg9zJdPCd0Xrov3YJjmlhUCQjpnY1N%2FAK68b%2FjNQb%2FO4Ftvmohzx3X4xZY7Qo85DK91vJZOpVkI66caFhifSx3eUWn0dbdcPslGtovmq8bqYEj%2BJV9PtgNfbrb0kh%2FCFN1Gh10pl6pt1t3c3s3U4PJU2K%2FO%2FCD%2FnmZ90eO6ea8Oyo%2BgNseXD4%2FRC27uY3DAqN%2FMP0un9rvCOFtcFHqkrZXC6Fbaqk0P,2024 POKEMON PAF EN-PALDEAN FATES SPECIAL ILLUSTRATION RARE CHARIZARD EX PSA 8,Graded,2750,,"[""FIXED_PRICE""]",bro9084_xrrmttmp,https://i.ebayimg.com/images/g/g6IAAeSwURVqPoRv/s-l225.jpg,33dca102-b449-4da6-bfa6-7b72de711596,c2d7a5e7-cfdd-4f37-9748-a2259857c6e3,Charizard ex,Paldean Fates,234,special_illustration_rare,NO,SINGLE_CARD,GRADED,CARD,,,,,Donny,2026-09-16T03:21:46.081596+00:00,,
E13-0165,v1|398385677214|0,https://www.ebay.com/itm/398385677214?_skw=Charizard+ex+234+Paldean+Fates+Pokemon+card&hash=item5cc1a3039e:g:L8wAAeSwfE5qWr1W,Charizard ex - 234/091 - SV: Paldean Fates (PAF) Near Mint,Ungraded,4000,,"[""AUCTION""]",angerr18,https://i.ebayimg.com/images/g/L8wAAeSwfE5qWr1W/s-l225.jpg,33dca102-b449-4da6-bfa6-7b72de711596,c2d7a5e7-cfdd-4f37-9748-a2259857c6e3,Charizard ex,Paldean Fates,234,special_illustration_rare,YES,SINGLE_CARD,RAW,CARD,,,,,Donny,2026-09-16T04:13:01.120642+00:00,,
E13-0166,v1|398166956630|0,https://www.ebay.com/itm/398166956630?_skw=Charizard+ex+234+Paldean+Fates+Pokemon+card&hash=item5cb4999a56:g:S4UAAeSw8OVqU7pZ,Charizard ex Special Illustration Rare SV: Paldean Fates 234/091 NM AKIRA EGAWA,Ungraded,4000,,"[""FIXED_PRICE"", ""BEST_OFFER""]",gemtcgstore,https://i.ebayimg.com/images/g/S4UAAeSw8OVqU7pZ/s-l225.jpg,33dca102-b449-4da6-bfa6-7b72de711596,c2d7a5e7-cfdd-4f37-9748-a2259857c6e3,Charizard ex,Paldean Fates,234,special_illustration_rare,YES,SINGLE_CARD,RAW,CARD,,,,,Donny,2026-09-16T04:11:00.706564+00:00,,
E13-0167,v1|147418624649|0,https://www.ebay.com/itm/147418624649?_skw=Charizard+ex+234+Paldean+Fates+Pokemon+card&hash=item2252d5b289:g:zaMAAeSwmbxqSuNE,Charizard ex 234/091 SV Paldean Fates SIR Holo English PSA 10,Graded,2750,,"[""FIXED_PRICE"", ""BEST_OFFER""]",crown_vault_picks,https://i.ebayimg.com/images/g/zaMAAeSwmbxqSuNE/s-l225.jpg,33dca102-b449-4da6-bfa6-7b72de711596,c2d7a5e7-cfdd-4f37-9748-a2259857c6e3,Charizard ex,Paldean Fates,234,special_illustration_rare,NO,SINGLE_CARD,GRADED,CARD,,,,,Donny,2026-09-16T03:21:50.220778+00:00,,
E13-0168,v1|147574729417|0,https://www.ebay.com/itm/147574729417?_skw=Secret+Box+163+Twilight+Masquerade+Pokemon+card&hash=item225c23aac9:g:wpAAAeSwR7VqqSM9,Secret Box Holo ACE SPEC Rare SV06: Twilight Masquerade 163/167 NM,Ungraded,4000,,"[""FIXED_PRICE"", ""BEST_OFFER""]",twelvescards,https://i.ebayimg.com/images/g/wpAAAeSwR7VqqSM9/s-l225.jpg,3755e7ef-e482-4186-8377-e717f80b3759,aa88bdd2-2ebe-4f9b-b53b-ab077c63f98c,Secret Box,Twilight Masquerade,163,ace_spec,YES,SINGLE_CARD,RAW,CARD,,,,,Donny,2026-09-16T04:10:59.313298+00:00,,
E13-0169,v1|377045554238|0,https://www.ebay.com/itm/377045554238?_skw=Secret+Box+163+Twilight+Masquerade+Pokemon+card&hash=item57c9aa943e:g:BGQAAeSwU5NpuzjY,Secret Box 163/167 Sv06: Twilight Masquerade Holo,Ungraded,4000,,"[""FIXED_PRICE""]",bennettrhp,https://i.ebayimg.com/images/g/BGQAAeSwU5NpuzjY/s-l225.jpg,3755e7ef-e482-4186-8377-e717f80b3759,aa88bdd2-2ebe-4f9b-b53b-ab077c63f98c,Secret Box,Twilight Masquerade,163,ace_spec,YES,SINGLE_CARD,RAW,CARD,,,,,Donny,2026-09-16T04:14:18.913281+00:00,,
E13-0170,v1|147511754872|0,https://www.ebay.com/itm/147511754872?_skw=Secret+Box+163+Twilight+Masquerade+Pokemon+card&hash=item225862c078:g:BM0AAeSwL3Vqg6K9&amdata=enc%3AAQALAAABEACCtXRWQnOEpyOqnQQ8KGZBNrqZ6yK4FnfjRHrYKxBOUKFLadNiyyedEz74MmMBN8xGwvTtyxJl2Ks1JKRCuST6M72C0fCTUE9%2Bithu3PhB7ZBm9LzVRHqjA6W3d8iRc2HEC0I3hbOfOcDguaznWWQhZvocyxVaGLALA%2F3D5RVkQLB9%2BwC05wMo0nQNlpNhLA1qES9A9E0qG%2Bd6o47T5FmQVA9G9MPWi14feNDn2hjQvA7uVOI%2B4Irz2pjbPhlSRIby%2Bl7N1i12iLbyLKszh0v3gHddtmXVa7oQC8ruCjkYFcFbGrXzWQF82tXKMgtZA0DWWrswWz%2FwlWokVkCxFaIKnbGCoId3HOygOPD1mG%2Bl,Secret Box 163/167 Sv06: Twilight Masquerade Holo,Ungraded,4000,,"[""FIXED_PRICE"", ""BEST_OFFER""]",comor-7679,https://i.ebayimg.com/images/g/BM0AAeSwL3Vqg6K9/s-l225.jpg,3755e7ef-e482-4186-8377-e717f80b3759,aa88bdd2-2ebe-4f9b-b53b-ab077c63f98c,Secret Box,Twilight Masquerade,163,ace_spec,YES,SINGLE_CARD,RAW,CARD,,,,,Donny,2026-09-16T04:13:40.364927+00:00,,
E13-0171,v1|820128641049|0,https://www.ebay.com/itm/820128641049?_skw=Secret+Box+163+Twilight+Masquerade+Pokemon+card&hash=itembef379f019:g:3nIAAeSw4ptqqMRI,Secret Box 163/167 ACE SPEC Rare Holo NM Pokemon Sv06: Twilight Masquerade,Ungraded,4000,,"[""FIXED_PRICE"", ""BEST_OFFER""]",radcarddad,https://i.ebayimg.com/images/g/3nIAAeSw4ptqqMRI/s-l225.jpg,3755e7ef-e482-4186-8377-e717f80b3759,aa88bdd2-2ebe-4f9b-b53b-ab077c63f98c,Secret Box,Twilight Masquerade,163,ace_spec,YES,SINGLE_CARD,RAW,CARD,,,,,Donny,2026-09-16T04:12:49.144638+00:00,,
E13-0172,v1|318875361883|0,https://www.ebay.com/itm/318875361883?_skw=Secret+Box+163+Twilight+Masquerade+Pokemon+card&hash=item4a3e73e25b:g:M0cAAeSwuXtqqZ50,Twilight Masquerade Secret Box 163/167 ACE SPEC Rare Pokemon NM Toyste Beach,Ungraded,4000,,"[""FIXED_PRICE""]",trabz_tcg,https://i.ebayimg.com/images/g/M0cAAeSwuXtqqZ50/s-l225.jpg,3755e7ef-e482-4186-8377-e717f80b3759,aa88bdd2-2ebe-4f9b-b53b-ab077c63f98c,Secret Box,Twilight Masquerade,163,ace_spec,YES,SINGLE_CARD,RAW,CARD,,,,,Donny,2026-09-16T04:12:40.325194+00:00,,
E13-0173,v1|398395151699|0,https://www.ebay.com/itm/398395151699?_skw=Secret+Box+163+Twilight+Masquerade+Pokemon+card&hash=item5cc2339553:g:JxgAAeSweP9qqH1J,Pokemon Secret Box Holo Twilight Masquerade 163/167 NM,Ungraded,4000,,"[""FIXED_PRICE""]",the_chubby_house,https://i.ebayimg.com/images/g/JxgAAeSweP9qqH1J/s-l225.jpg,3755e7ef-e482-4186-8377-e717f80b3759,aa88bdd2-2ebe-4f9b-b53b-ab077c63f98c,Secret Box,Twilight Masquerade,163,ace_spec,YES,SINGLE_CARD,RAW,CARD,,,,,Donny,2026-09-16T04:12:11.608071+00:00,,
E13-0174,v1|377493902148|0,https://www.ebay.com/itm/377493902148?_skw=Secret+Box+163+Twilight+Masquerade+Pokemon+card&hash=item57e463d344:g:SYEAAeSwq8Rqp3zo,Secret Box 163/167 Sv06: Twilight Masquerade Holo Ace Spec Pokémon TCG,Ungraded,4000,,"[""AUCTION""]",andsud-25,https://i.ebayimg.com/images/g/SYEAAeSwq8Rqp3zo/s-l225.jpg,3755e7ef-e482-4186-8377-e717f80b3759,aa88bdd2-2ebe-4f9b-b53b-ab077c63f98c,Secret Box,Twilight Masquerade,163,ace_spec,YES,SINGLE_CARD,RAW,CARD,,,,,Donny,2026-09-16T03:38:50.341307+00:00,,
E13-0175,v1|206441872579|0,https://www.ebay.com/itm/206441872579?_skw=Secret+Box+163+Twilight+Masquerade+Pokemon+card&hash=item3010e4fcc3:g:K3kAAeSwW0ZqZciv,Holofoil Secret Box - 163/167 - NM - Twilight Masquerade,Ungraded,4000,,"[""FIXED_PRICE"", ""BEST_OFFER""]",poketcg312,https://i.ebayimg.com/images/g/K3kAAeSwW0ZqZciv/s-l225.jpg,3755e7ef-e482-4186-8377-e717f80b3759,aa88bdd2-2ebe-4f9b-b53b-ab077c63f98c,Secret Box,Twilight Masquerade,163,ace_spec,YES,SINGLE_CARD,RAW,CARD,,,,,Donny,2026-09-16T04:11:02.563480+00:00,,
E13-0176,v1|407212079342|0,https://www.ebay.com/itm/407212079342?_skw=Sunflora+169+Twilight+Masquerade+Pokemon+card&hash=item5ecfbb38ee:g:7PwAAeSw8SBqpZeV,Sunflora Illustration Rare SV06: Twilight Masquerade 169/167 NM,Ungraded,4000,,"[""FIXED_PRICE"", ""BEST_OFFER""]",evolvingchasers,https://i.ebayimg.com/images/g/7PwAAeSw8SBqpZeV/s-l225.jpg,3b5294d0-4738-4296-952e-f32b2788e3c4,10ab9aee-5f8c-4938-aec5-aa4a4314f745,Sunflora,Twilight Masquerade,169,illustration_rare,YES,SINGLE_CARD,RAW,CARD,,,,,Donny,2026-09-16T04:11:16.475660+00:00,,
E13-0177,v1|168690384042|0,https://www.ebay.com/itm/168690384042?_skw=Sunflora+169+Twilight+Masquerade+Pokemon+card&hash=item2746bafcaa:g:0OsAAeSwg2Zqozjz,Sunflora 169/167 Illustration Rare Twilight Masquerade Pokemon Holo Near Mint,Ungraded,4000,,"[""FIXED_PRICE"", ""BEST_OFFER""]",grrowl51,https://i.ebayimg.com/images/g/0OsAAeSwg2Zqozjz/s-l225.jpg,3b5294d0-4738-4296-952e-f32b2788e3c4,10ab9aee-5f8c-4938-aec5-aa4a4314f745,Sunflora,Twilight Masquerade,169,illustration_rare,YES,SINGLE_CARD,RAW,CARD,,,,,Donny,2026-09-16T04:14:21.726945+00:00,,
E13-0178,v1|406902326301|0,https://www.ebay.com/itm/406902326301?_skw=Sunflora+169+Twilight+Masquerade+Pokemon+card&hash=item5ebd44c41d:g:i00AAeSwUg1p9~M0,Pokémon Sunflora Illustration Rare Holo Twilight Masquerade 169/167 100 HP Mega…,Ungraded,4000,,"[""FIXED_PRICE"", ""BEST_OFFER""]",saurpatchkid,https://i.ebayimg.com/images/g/i00AAeSwUg1p9~M0/s-l225.jpg,3b5294d0-4738-4296-952e-f32b2788e3c4,10ab9aee-5f8c-4938-aec5-aa4a4314f745,Sunflora,Twilight Masquerade,169,illustration_rare,YES,SINGLE_CARD,RAW,CARD,,,,,Donny,2026-09-16T04:13:34.404121+00:00,,
E13-0179,v1|317891850420|0,https://www.ebay.com/itm/317891850420?_skw=Sunflora+169+Twilight+Masquerade+Pokemon+card&hash=item4a03d4b0b4:g:K50AAeSws09plJ6W,Pokémon TCG Sunflora Illustration Rare Card 169/167 Twilight Masquerade Sv06,Ungraded,4000,,"[""FIXED_PRICE"", ""BEST_OFFER""]",mic_176079,https://i.ebayimg.com/images/g/K50AAeSws09plJ6W/s-l225.jpg,3b5294d0-4738-4296-952e-f32b2788e3c4,10ab9aee-5f8c-4938-aec5-aa4a4314f745,Sunflora,Twilight Masquerade,169,illustration_rare,YES,SINGLE_CARD,RAW,CARD,,,,,Donny,2026-09-16T04:11:51.514372+00:00,,
E13-0180,v1|800668508320|0,https://www.ebay.com/itm/800668508320?_skw=Sunflora+169+Twilight+Masquerade+Pokemon+card&hash=itemba6b8fe0a0:g:QKoAAeSwM3Jqqft9,Sunflora 169/167 Illustration Rare Twilight Masquerade Pokemon Holo Near Mint,Ungraded,4000,,"[""FIXED_PRICE""]",nekonekocards,https://i.ebayimg.com/images/g/QKoAAeSwM3Jqqft9/s-l225.jpg,3b5294d0-4738-4296-952e-f32b2788e3c4,10ab9aee-5f8c-4938-aec5-aa4a4314f745,Sunflora,Twilight Masquerade,169,illustration_rare,YES,SINGLE_CARD,RAW,CARD,,,,,Donny,2026-09-16T04:12:58.959485+00:00,,
E13-0181,v1|800277870629|0,https://www.ebay.com/itm/800277870629?_skw=Sunflora+169+Twilight+Masquerade+Pokemon+card&hash=itemba54473825:g:UBoAAeSwJ91qRnuT&amdata=enc%3AAQALAAABEACCtXRWQnOEpyOqnQQ8KGammjZ7XvmTspuS3KyHmNpBTbeo4gt4n%2FxizmhPnLiz3q0hIoHt8XZUrq3sonjKbuze%2B5DMlBsXKMmS2vijWf9Fr6Qg5V3%2B6fSlOnBNWJ8DYuzBzM566HVSOF1CPiU4UgGiie%2BhpNEyMgbJMjzBOgJEuUu%2Bt3rB%2B9QXbJkS8DuaOjJEhad5cLdfW0MLga4j7jJJeMMBLesQCGmGlw9XawRKB9pIPIXUYoVbqEJMy8poy7NRYQBwhTLKUbATzCh2vtdpsxAoruxKrkRdXUSKwQ%2FB6oZD8xylOz%2Fbthj2tClI27vU4XkbH3ZbubjzKeZVVj%2F31oIYSUDtwJEqoXYQl7Yr,Sunflora Illustration Rare SV06: Twilight Masquerade 169/167 NM,Ungraded,4000,,"[""FIXED_PRICE"", ""BEST_OFFER""]",shortprint_showcase,https://i.ebayimg.com/images/g/UBoAAeSwJ91qRnuT/s-l225.jpg,3b5294d0-4738-4296-952e-f32b2788e3c4,10ab9aee-5f8c-4938-aec5-aa4a4314f745,Sunflora,Twilight Masquerade,169,illustration_rare,YES,SINGLE_CARD,RAW,CARD,,,,,Donny,2026-09-16T04:10:38.899588+00:00,,
E13-0182,v1|127952781833|0,https://www.ebay.com/itm/127952781833?_skw=Sunflora+169+Twilight+Masquerade+Pokemon+card&hash=item1dca948209:g:0nsAAeSwTg5qRdlS,Sunflora - Illustration Rare SV06: Twilight Masquerade 169/167 NM,Ungraded,4000,,"[""FIXED_PRICE"", ""BEST_OFFER""]",jaybirdscollectibles,https://i.ebayimg.com/images/g/0nsAAeSwTg5qRdlS/s-l225.jpg,3b5294d0-4738-4296-952e-f32b2788e3c4,10ab9aee-5f8c-4938-aec5-aa4a4314f745,Sunflora,Twilight Masquerade,169,illustration_rare,YES,SINGLE_CARD,RAW,CARD,,,,,Donny,2026-09-16T04:10:44.359352+00:00,,
E13-0183,v1|336794162465|0,https://www.ebay.com/itm/336794162465?_skw=Sunflora+169+Twilight+Masquerade+Pokemon+card&hash=item4e6a7f1521:g:9G4AAeSwh4BqqKxY,Sunflora 169/167 Rare Illustration Full Art Holo Pokemon Twilight Masquerade NM,Ungraded,4000,,"[""FIXED_PRICE""]",monke11,https://i.ebayimg.com/images/g/9G4AAeSwh4BqqKxY/s-l225.jpg,3b5294d0-4738-4296-952e-f32b2788e3c4,10ab9aee-5f8c-4938-aec5-aa4a4314f745,Sunflora,Twilight Masquerade,169,illustration_rare,YES,SINGLE_CARD,RAW,CARD,,,,,Donny,2026-09-16T04:13:22.682014+00:00,,
E13-0184,v1|298675457575|0,https://www.ebay.com/itm/298675457575?_skw=Mega+Gardevoir+ex+187+Mega+Evolution+Pokemon+card&hash=item458a71ce27:g:qSMAAeSwUuBqqLIW,Mega Gardevoir ex Holo Mega Hyper Rare ME01: Mega Evolution 187/132 NM,Ungraded,4000,,"[""FIXED_PRICE"", ""BEST_OFFER""]",basicislandtcg,https://i.ebayimg.com/images/g/qSMAAeSwUuBqqLIW/s-l225.jpg,3baf2f12-759f-427a-b8d0-2511e639310f,886acc91-d523-4628-bb4a-6ef8db1d8543,Mega Gardevoir ex,Mega Evolution,187,mega_hyper_rare,YES,SINGLE_CARD,RAW,CARD,,,,,Donny,2026-09-16T03:39:20.599358+00:00,,
E13-0185,v1|407218633032|0,https://www.ebay.com/itm/407218633032?_skw=Mega+Gardevoir+ex+187+Mega+Evolution+Pokemon+card&hash=item5ed01f3948:g:DRoAAeSw6LpqqU2M,Pokemon Mega Gardevoir Card 187/132 Mega Evolution Series Gold NM,Ungraded,4000,,"[""FIXED_PRICE"", ""BEST_OFFER""]",yubo_24,https://i.ebayimg.com/images/g/DRoAAeSw6LpqqU2M/s-l225.jpg,3baf2f12-759f-427a-b8d0-2511e639310f,886acc91-d523-4628-bb4a-6ef8db1d8543,Mega Gardevoir ex,Mega Evolution,187,mega_hyper_rare,YES,SINGLE_CARD,RAW,CARD,,,,,Donny,2026-09-16T04:12:18.689329+00:00,,
E13-0186,v1|366671494750|0,https://www.ebay.com/itm/366671494750?_skw=Mega+Gardevoir+ex+187+Mega+Evolution+Pokemon+card&hash=item555f52fe5e:g:XUEAAeSwVyhqqdcR,2025 Pokemon EN-Mega Evolution Mega Gardevoir EX Gold Hyper Rare PSA 9 #187,Graded,2750,,"[""FIXED_PRICE""]",blackjadedwolf,https://i.ebayimg.com/images/g/XUEAAeSwVyhqqdcR/s-l225.jpg,3baf2f12-759f-427a-b8d0-2511e639310f,886acc91-d523-4628-bb4a-6ef8db1d8543,Mega Gardevoir ex,Mega Evolution,187,mega_hyper_rare,NO,SINGLE_CARD,GRADED,CARD,,,,,Donny,2026-09-16T03:22:37.322459+00:00,,
E13-0187,v1|398398747026|0,https://www.ebay.com/itm/398398747026?_skw=Mega+Gardevoir+ex+187+Mega+Evolution+Pokemon+card&hash=item5cc26a7192:g:jNIAAeSwcGZqqeAo,2025 Pokemon Meg EN-Mega Evolution Mega Gardevoir EX #187 Mega Hyper Rare PSA 10,Graded,2750,,"[""FIXED_PRICE"", ""BEST_OFFER""]",collectorscorner_nw,https://i.ebayimg.com/images/g/jNIAAeSwcGZqqeAo/s-l225.jpg,3baf2f12-759f-427a-b8d0-2511e639310f,886acc91-d523-4628-bb4a-6ef8db1d8543,Mega Gardevoir ex,Mega Evolution,187,mega_hyper_rare,NO,SINGLE_CARD,GRADED,CARD,,,,,Donny,2026-09-16T03:22:39.213400+00:00,,
E13-0188,v1|398393328911|0,https://www.ebay.com/itm/398393328911?_skw=Mega+Gardevoir+ex+187+Mega+Evolution+Pokemon+card&hash=item5cc217c50f:g:rCIAAeSwzU1qp8Fv,Mega Gardevoir ex 187/132 ME01 Mega Evolution Mega Hyper Rare Holo Full Art Eng,Ungraded,4000,,"[""AUCTION""]",gremillion_sports,https://i.ebayimg.com/images/g/rCIAAeSwzU1qp8Fv/s-l225.jpg,3baf2f12-759f-427a-b8d0-2511e639310f,886acc91-d523-4628-bb4a-6ef8db1d8543,Mega Gardevoir ex,Mega Evolution,187,mega_hyper_rare,YES,SINGLE_CARD,RAW,CARD,,,,,Donny,2026-09-16T04:14:47.506890+00:00,,
E13-0189,v1|158268387066|0,https://www.ebay.com/itm/158268387066?_skw=Mega+Gardevoir+ex+187+Mega+Evolution+Pokemon+card&hash=item24d987eefa:g:AawAAeSw8qdqnw7y&amdata=enc%3AAQALAAABEACCtXRWQnOEpyOqnQQ8KGYT0G3eTs9uz9bPTgCVwENvrMwy4yWa%2BSbPV0FfLUw49BuzP2mIT9naYXIQPpR4Hs6hZh8UAI%2FYbfDBfC8AokzAD695UldLB29TelI3gIAdH337KAiWiXlZKxggsknx%2FMHeMTgYEUlrdc7RvtmqHhneB%2Fv5kg5uKcCuWFqGxPycQ%2BSpW9ifG6UfLIgJZBvF6T4v%2Bllp6e9aX4b12xyLElMbWk0aSx5JQHOj4eXXKHtIcwivbLd%2Bni31HZffK4YG9tmqdtnt0SlcY8D%2BVojqN%2BX4kbeYzUaIG7UuGCoKFpKWQOGliPLdjimlXwAUHnquNnbOFo4cWanAX6rdIJyeoJ7S,Mega Gardevoir EX Mega Evolution 187 PSA 9 Special Illustration Rare,Graded,2750,,"[""FIXED_PRICE"", ""BEST_OFFER""]",raleighcardstash,https://i.ebayimg.com/images/g/AawAAeSw8qdqnw7y/s-l225.jpg,3baf2f12-759f-427a-b8d0-2511e639310f,886acc91-d523-4628-bb4a-6ef8db1d8543,Mega Gardevoir ex,Mega Evolution,187,mega_hyper_rare,NO,SINGLE_CARD,GRADED,CARD,,,,,Donny,2026-09-16T03:22:42.477458+00:00,,
E13-0190,v1|398391875019|0,https://www.ebay.com/itm/398391875019?_skw=Mega+Gardevoir+ex+187+Mega+Evolution+Pokemon+card&hash=item5cc20195cb:g:T1QAAeSwPKNqpyob,Pokémon TCG Mega Gardevoir EX 187/182 Hyper Rare Foil MEG 2025 EN PSA 9,Graded,2750,,"[""FIXED_PRICE"", ""BEST_OFFER""]",jomeyb,https://i.ebayimg.com/images/g/T1QAAeSwPKNqpyob/s-l225.jpg,3baf2f12-759f-427a-b8d0-2511e639310f,886acc91-d523-4628-bb4a-6ef8db1d8543,Mega Gardevoir ex,Mega Evolution,187,mega_hyper_rare,NO,SINGLE_CARD,GRADED,CARD,,,,,Donny,2026-09-16T03:22:44.047091+00:00,,
E13-0191,v1|820122307342|0,https://www.ebay.com/itm/820122307342?_skw=Mega+Gardevoir+ex+187+Mega+Evolution+Pokemon+card&hash=itembef3194b0e:g:fpcAAeSwJDlqJbat,Pokemon: Mega Evolution *Foil* Mega Gardevoir ex (187/132) Mega Hyper Rare,Ungraded,4000,,"[""FIXED_PRICE"", ""BEST_OFFER""]",atlantiscomics,https://i.ebayimg.com/images/g/fpcAAeSwJDlqJbat/s-l225.jpg,3baf2f12-759f-427a-b8d0-2511e639310f,886acc91-d523-4628-bb4a-6ef8db1d8543,Mega Gardevoir ex,Mega Evolution,187,mega_hyper_rare,YES,SINGLE_CARD,RAW,CARD,,,,,Donny,2026-09-16T04:11:54.704433+00:00,,
E13-0192,v1|318874157383|0,https://www.ebay.com/itm/318874157383?_skw=Mega+Charizard+Y+ex+294+Ascended+Heroes+Pokemon+card&hash=item4a3e618147:g:d6IAAeSwSg9qqUB5&amdata=enc%3AAQALAAABEACCtXRWQnOEpyOqnQQ8KGb1s93IX6en%2Fh%2B77T7nFxGFpjZdXcz%2FrWDubucUq%2FKDRKodEAsDhnI0mtcD24RyOKO03kB8E7QK25SaEWNafRJ5TgZU8QcuCNz%2FD0zzoEPGSz%2FR%2FIq6S6gAuODLSPwoHvbiaGYuKSbCRMIGvdsf8cD53KmagzIHvge5nBq%2F8m6Bxuy%2FFwBinKYLHfH0DS0n5WhZK%2BhCcZjxcjj9FJsN0bFyY8DdjWi5%2FCE0Hqy%2B4a8lOTZw53kbYqZNRfcPN0gZ18X29QBGVLLdyd8p8xObZvRrE6qh9mJ3r9TFC4%2BQHibENQgSW31m%2F5v%2BtGyomVB9%2FOvmOUd%2F4%2FwO4GRL1Hqlo7RR,Mega Charizard Y MUR 294/217 Pokemon PSA 9,Graded,2750,,"[""FIXED_PRICE"", ""BEST_OFFER""]",mercuriusjapan,https://i.ebayimg.com/images/g/d6IAAeSwSg9qqUB5/s-l225.jpg,3c75f577-62ee-4bdf-865c-ab2384f4379b,ecf458ed-ed92-4f04-bf27-1912d59bdbc0,Mega Charizard Y ex,Ascended Heroes,294,mega_hyper_rare,NO,SINGLE_CARD,GRADED,CARD,,,,,Donny,2026-09-16T03:22:47.546860+00:00,,
E13-0193,v1|318530048149|0,https://www.ebay.com/itm/318530048149?_skw=Mega+Charizard+Y+ex+294+Ascended+Heroes+Pokemon+card&hash=item4a29ded095:g:C1QAAeSw3z9qH4pO,2026 POKEMON ASCENDED HEROES MEGA CHARIZARD Y EX  294/217 TAG 10,Graded,2750,,"[""FIXED_PRICE"", ""BEST_OFFER""]",tempem_81,https://i.ebayimg.com/images/g/C1QAAeSw3z9qH4pO/s-l225.jpg,3c75f577-62ee-4bdf-865c-ab2384f4379b,ecf458ed-ed92-4f04-bf27-1912d59bdbc0,Mega Charizard Y ex,Ascended Heroes,294,mega_hyper_rare,NO,SINGLE_CARD,GRADED,CARD,,,,,Donny,2026-09-16T03:22:51.765442+00:00,,
E13-0194,v1|117408959663|0,https://www.ebay.com/itm/117408959663?_skw=Mega+Charizard+Y+ex+294+Ascended+Heroes+Pokemon+card&hash=item1b561e8caf:g:0gEAAeSwkB5qafBZ,TAG 9 Mega Charizard Y EX 294/217 Mega Hyper Rare Holo 2026,Graded,2750,,"[""FIXED_PRICE"", ""BEST_OFFER""]",monsta_132,https://i.ebayimg.com/images/g/0gEAAeSwkB5qafBZ/s-l225.jpg,3c75f577-62ee-4bdf-865c-ab2384f4379b,ecf458ed-ed92-4f04-bf27-1912d59bdbc0,Mega Charizard Y ex,Ascended Heroes,294,mega_hyper_rare,NO,SINGLE_CARD,GRADED,CARD,,,,,Donny,2026-09-16T03:22:54.131214+00:00,,
E13-0195,v1|800665714429|0,https://www.ebay.com/itm/800665714429?_skw=Mega+Charizard+Y+ex+294+Ascended+Heroes+Pokemon+card&hash=itemba6b653efd:g:kq0AAeSwNXNqjZK1,PSA 9 Mega Charizard Y ex 294/217 Me: Ascended Heroes Holo Full Art 2026 EN,Graded,2750,,"[""FIXED_PRICE"", ""AUCTION""]",kingzy2682,https://i.ebayimg.com/images/g/kq0AAeSwNXNqjZK1/s-l225.jpg,3c75f577-62ee-4bdf-865c-ab2384f4379b,ecf458ed-ed92-4f04-bf27-1912d59bdbc0,Mega Charizard Y ex,Ascended Heroes,294,mega_hyper_rare,NO,SINGLE_CARD,GRADED,CARD,,,,,Donny,2026-09-16T03:22:55.858492+00:00,,
E13-0196,v1|298534551583|0,https://www.ebay.com/itm/298534551583?_skw=Mega+Charizard+Y+ex+294+Ascended+Heroes+Pokemon+card&hash=item45820bc01f:g:GioAAeSw6wpqZkSG,Mega Charizard Y ex 294/217 Me: Ascended Heroes Holo,Ungraded,4000,,"[""FIXED_PRICE"", ""BEST_OFFER""]",hg29w_24,https://i.ebayimg.com/images/g/GioAAeSw6wpqZkSG/s-l225.jpg,3c75f577-62ee-4bdf-865c-ab2384f4379b,ecf458ed-ed92-4f04-bf27-1912d59bdbc0,Mega Charizard Y ex,Ascended Heroes,294,mega_hyper_rare,YES,SINGLE_CARD,RAW,CARD,,,,,Donny,2026-09-16T03:39:23.115112+00:00,,
E13-0197,v1|298674644819|0,https://www.ebay.com/itm/298674644819?_skw=Mega+Charizard+Y+ex+294+Ascended+Heroes+Pokemon+card&hash=item458a656753:g:gHEAAeSwGVtqocOi,Mega Charizard Y ex 294/217 Me: Ascended Heroes Holo ,Ungraded,4000,,"[""FIXED_PRICE"", ""AUCTION""]",co-yervaultco,https://i.ebayimg.com/images/g/gHEAAeSwGVtqocOi/s-l225.jpg,3c75f577-62ee-4bdf-865c-ab2384f4379b,ecf458ed-ed92-4f04-bf27-1912d59bdbc0,Mega Charizard Y ex,Ascended Heroes,294,mega_hyper_rare,YES,SINGLE_CARD,RAW,CARD,,,,,Donny,2026-09-16T04:14:01.011141+00:00,,
E13-0198,v1|178483516966|0,https://www.ebay.com/itm/178483516966?_skw=Mega+Charizard+Y+ex+294+Ascended+Heroes+Pokemon+card&hash=item298e725626:g:LAgAAeSwUz9qofD3,2026 Pokemon Mega Evolution Ascended Heroes Hyper Rare Charizard Y Ex #294 PSA 9,Graded,2750,,"[""FIXED_PRICE""]",monmouthcards,https://i.ebayimg.com/images/g/LAgAAeSwUz9qofD3/s-l225.jpg,3c75f577-62ee-4bdf-865c-ab2384f4379b,ecf458ed-ed92-4f04-bf27-1912d59bdbc0,Mega Charizard Y ex,Ascended Heroes,294,mega_hyper_rare,NO,SINGLE_CARD,GRADED,CARD,,,,,Donny,2026-09-16T03:22:59.345611+00:00,,
E13-0199,v1|800390815425|0,https://www.ebay.com/itm/800390815425?_skw=Mega+Charizard+Y+ex+294+Ascended+Heroes+Pokemon+card&hash=itemba5b029ec1:g:-R8AAeSwR-dqYTZe,Pokémon Mega Charizard Y ex 294/17 Gold Hyper rare Ascended Heroes NM,Ungraded,4000,,"[""FIXED_PRICE"", ""BEST_OFFER""]",em_614126,https://i.ebayimg.com/images/g/-R8AAeSwR-dqYTZe/s-l225.jpg,3c75f577-62ee-4bdf-865c-ab2384f4379b,ecf458ed-ed92-4f04-bf27-1912d59bdbc0,Mega Charizard Y ex,Ascended Heroes,294,mega_hyper_rare,YES,SINGLE_CARD,RAW,CARD,,,,,Donny,2026-09-16T04:11:26.326353+00:00,,
E13-0200,v1|257745139797|0,https://www.ebay.com/itm/257745139797?_skw=Mega+Dragonite+ex+290+Ascended+Heroes+Pokemon+card&hash=item3c02ceb855:g:LTYAAeSwUERqqdDB,CGC 10 Gem Mint Mega Dragonite ex 290/217 SIR Ascended Heroes Pokemon Card,Graded,2750,,"[""FIXED_PRICE"", ""BEST_OFFER""]",ncnash,https://i.ebayimg.com/images/g/LTYAAeSwUERqqdDB/s-l225.jpg,4206e794-1ec6-4d55-94d4-63267ac9a183,9d5ddc90-8f9d-4759-b73d-fff0cd877d73,Mega Dragonite ex,Ascended Heroes,290,special_illustration_rare,NO,SINGLE_CARD,GRADED,CARD,,,,,Donny,2026-09-16T03:23:03.395451+00:00,,
E13-0201,v1|178491409023|0,https://www.ebay.com/itm/178491409023?_skw=Mega+Dragonite+ex+290+Ascended+Heroes+Pokemon+card&hash=item298eeac27f:g:RSYAAeSwKxVqpgK~,Mega Dragonite EX 290/217 ASCEND Secret Rare Full Art Holo 370 HP English,Ungraded,4000,,"[""FIXED_PRICE"", ""BEST_OFFER""]",cj_cm2,https://i.ebayimg.com/images/g/RSYAAeSwKxVqpgK~/s-l225.jpg,4206e794-1ec6-4d55-94d4-63267ac9a183,9d5ddc90-8f9d-4759-b73d-fff0cd877d73,Mega Dragonite ex,Ascended Heroes,290,special_illustration_rare,YES,SINGLE_CARD,RAW,CARD,,,,,Donny,2026-09-16T04:14:08.512060+00:00,,
E13-0202,v1|398392757709|0,https://www.ebay.com/itm/398392757709?_skw=Mega+Dragonite+ex+290+Ascended+Heroes+Pokemon+card&hash=item5cc20f0dcd:g:1XQAAeSw4~Bqp4h9,Mega Dragonite EX 290 Special Illustration Rare Ascended Heroes Pokemon PSA 10,Graded,2750,,"[""FIXED_PRICE"", ""BEST_OFFER""]",thequickfixx,https://i.ebayimg.com/images/g/1XQAAeSw4~Bqp4h9/s-l225.jpg,4206e794-1ec6-4d55-94d4-63267ac9a183,9d5ddc90-8f9d-4759-b73d-fff0cd877d73,Mega Dragonite ex,Ascended Heroes,290,special_illustration_rare,NO,SINGLE_CARD,GRADED,CARD,,,,,Donny,2026-09-16T03:23:06.065910+00:00,,
E13-0203,v1|398393538711|0,https://www.ebay.com/itm/398393538711?_skw=Mega+Dragonite+ex+290+Ascended+Heroes+Pokemon+card&hash=item5cc21af897:g:KosAAeSw87xqbcqF,Pokemon TCG Ascended Heroes Mega Dragonite ex SIR 290/217 - Portuguese,Ungraded,4000,,"[""FIXED_PRICE"", ""AUCTION""]",aa_4005,https://i.ebayimg.com/images/g/KosAAeSw87xqbcqF/s-l225.jpg,4206e794-1ec6-4d55-94d4-63267ac9a183,9d5ddc90-8f9d-4759-b73d-fff0cd877d73,Mega Dragonite ex,Ascended Heroes,290,special_illustration_rare,YES,SINGLE_CARD,RAW,CARD,,,,,Donny,2026-09-16T04:11:01.313204+00:00,,
E13-0204,v1|800668165332|0,https://www.ebay.com/itm/800668165332?_skw=Mega+Dragonite+ex+290+Ascended+Heroes+Pokemon+card&hash=itemba6b8aa4d4:g:LMMAAeSwQR5qqeWG,Mega Dragonite Ex SIR TAG 10 Pokémon Ascended Heroes 290/217,Graded,2750,,"[""FIXED_PRICE"", ""BEST_OFFER""]",pokeguyken2,https://i.ebayimg.com/images/g/LMMAAeSwQR5qqeWG/s-l225.jpg,4206e794-1ec6-4d55-94d4-63267ac9a183,9d5ddc90-8f9d-4759-b73d-fff0cd877d73,Mega Dragonite ex,Ascended Heroes,290,special_illustration_rare,NO,SINGLE_CARD,GRADED,CARD,,,,,Donny,2026-09-16T03:23:08.659060+00:00,,
E13-0205,v1|227521446604|0,https://www.ebay.com/itm/227521446604?_skw=Mega+Dragonite+ex+290+Ascended+Heroes+Pokemon+card&hash=item34f955c2cc:g:ek0AAeSw2lNqqBir,PSA 10 POKEMON ASCENDED HEROES SPECIAL ILLUSTRATION RARE MEGA DRAGONITE EX,Graded,2750,,"[""FIXED_PRICE"", ""BEST_OFFER""]",badmannurse,https://i.ebayimg.com/images/g/ek0AAeSw2lNqqBir/s-l225.jpg,4206e794-1ec6-4d55-94d4-63267ac9a183,9d5ddc90-8f9d-4759-b73d-fff0cd877d73,Mega Dragonite ex,Ascended Heroes,290,special_illustration_rare,NO,SINGLE_CARD,GRADED,CARD,,,,,Donny,2026-09-16T03:23:10.354698+00:00,,
E13-0206,v1|237067887672|0,https://www.ebay.com/itm/237067887672?_skw=Mega+Dragonite+ex+290+Ascended+Heroes+Pokemon+card&hash=item373258e438:g:MMIAAeSw7ydqqBMn,Pokemon Ascended Heroes Mega Dragonite ex #290 290/217 SIR Alternate Alt PSA 10,Graded,2750,,"[""FIXED_PRICE""]",pat4808,https://i.ebayimg.com/images/g/MMIAAeSw7ydqqBMn/s-l225.jpg,4206e794-1ec6-4d55-94d4-63267ac9a183,9d5ddc90-8f9d-4759-b73d-fff0cd877d73,Mega Dragonite ex,Ascended Heroes,290,special_illustration_rare,NO,SINGLE_CARD,GRADED,CARD,,,,,Donny,2026-09-16T03:23:11.781455+00:00,,
E13-0207,v1|298673663295|0,https://www.ebay.com/itm/298673663295?_skw=Mega+Dragonite+ex+290+Ascended+Heroes+Pokemon+card&hash=item458a566d3f:g:RjoAAeSwpCRqp-9y,Dragonite ex Ascended Heroes Mega 290/217 SIR Card Pokemon Great Condition NM+,Ungraded,4000,,"[""FIXED_PRICE"", ""BEST_OFFER""]",pokemon_legend,https://i.ebayimg.com/images/g/RjoAAeSwpCRqp-9y/s-l225.jpg,4206e794-1ec6-4d55-94d4-63267ac9a183,9d5ddc90-8f9d-4759-b73d-fff0cd877d73,Mega Dragonite ex,Ascended Heroes,290,special_illustration_rare,YES,SINGLE_CARD,RAW,CARD,,,,,Donny,2026-09-16T03:39:09.689952+00:00,,
E13-0208,v1|407209707695|0,https://www.ebay.com/itm/407209707695?_skw=Durant+ex+236+Surging+Sparks+Pokemon+card&hash=item5ecf9708af:g:mjUAAeSwWt1qpDLJ,Durant ex Special Illustration Rare SV08: Surging Sparks 236/191 NM,Ungraded,4000,,"[""FIXED_PRICE"", ""BEST_OFFER""]",evolvingchasers,https://i.ebayimg.com/images/g/mjUAAeSwWt1qpDLJ/s-l225.jpg,4299cd6b-98e3-4e65-865f-26a39b19fe5b,041717c6-a2b6-40d1-867a-b1abb1d65ec8,Durant ex,Surging Sparks,236,special_illustration_rare,YES,SINGLE_CARD,RAW,CARD,,,,,Donny,2026-09-16T04:14:07.873371+00:00,,
E13-0209,v1|236924174931|0,https://www.ebay.com/itm/236924174931?_skw=Durant+ex+236+Surging+Sparks&hash=item3729c80253:g:GRsAAeSwro9qTcBN&amdata=enc%3AAQALAAABAACCtXRWQnOEpyOqnQQ8KGaXj4EbzkmGSUHD9VehzNbfKB%2Bs8FNWjzGZVfLvJBpMalqn%2BK%2BVicvwOctnhiEm4GHXQTNWtCMWOAMQD7o0w4yQXZk3gimn9Mtu2Tr0R57ttDbSD1UettcSTRchY8NvRWsm1f%2FS96ZTRCflRHY120C1phaFLG88mzoURTEsn9OI6zPB1G6EiLV6OAaVhekOLikQd8lG29WYWY3hRcz0EJbXQiCPYc4Bdc77GZy75ADM4aIzH509HyGc%2B3Xb6g3tDQLTogpCPdk3TFttgGlw9m6B1Fmo2du%2F4kIC1XUVWebHDKGuyAJQvAZGKOaijnC8tC8%3D,Durant ex 236/191 Sv08: Surging Sparks Holo Special Illustration Rare Full Art,Ungraded,4000,,"[""FIXED_PRICE"", ""BEST_OFFER""]",jacob-a-636,https://i.ebayimg.com/images/g/GRsAAeSwro9qTcBN/s-l225.jpg,4299cd6b-98e3-4e65-865f-26a39b19fe5b,041717c6-a2b6-40d1-867a-b1abb1d65ec8,Durant ex,Surging Sparks,236,special_illustration_rare,YES,SINGLE_CARD,RAW,CARD,,,,,Donny,2026-09-16T04:14:42.478106+00:00,,
E13-0210,v1|318561368809|0,https://www.ebay.com/itm/318561368809?_skw=Durant+ex+236+Surging+Sparks+Pokemon+card&hash=item4a2bbcbae9:g:oZQAAeSwcqdqTx4V,Durant ex 236/191 Special Illustration Rare Surging Sparks Pokemon Holo NM,Ungraded,4000,,"[""FIXED_PRICE""]",lonestarpoke,https://i.ebayimg.com/images/g/oZQAAeSwcqdqTx4V/s-l225.jpg,4299cd6b-98e3-4e65-865f-26a39b19fe5b,041717c6-a2b6-40d1-867a-b1abb1d65ec8,Durant ex,Surging Sparks,236,special_illustration_rare,YES,SINGLE_CARD,RAW,CARD,,,,,Donny,2026-09-16T04:12:03.392343+00:00,,
E13-0211,v1|267784061928|0,https://www.ebay.com/itm/267784061928?_skw=Durant+ex+236+Surging+Sparks+Pokemon+card&hash=item3e592c83e8:g:-5IAAeSw3c5qpo9A,2024 Pokemon Surging Sparks Durant Ex #236/191,Ungraded,4000,,"[""FIXED_PRICE"", ""AUCTION""]",davstangcoupe,https://i.ebayimg.com/images/g/-5IAAeSw3c5qpo9A/s-l225.jpg,4299cd6b-98e3-4e65-865f-26a39b19fe5b,041717c6-a2b6-40d1-867a-b1abb1d65ec8,Durant ex,Surging Sparks,236,special_illustration_rare,YES,SINGLE_CARD,RAW,CARD,,,,,Donny,2026-09-16T04:11:21.883242+00:00,,
E13-0212,v1|257741371172|0,https://www.ebay.com/itm/257741371172?_skw=Durant+ex+236+Surging+Sparks+Pokemon+card&hash=item3c02953724:g:KgcAAeSwPphqp17U,The Pokémon Company Durant ex Full Art Holo EN 236/191 Surging Sparks 2024,Ungraded,4000,,"[""FIXED_PRICE"", ""AUCTION""]",beyond_looney,https://i.ebayimg.com/images/g/KgcAAeSwPphqp17U/s-l225.jpg,4299cd6b-98e3-4e65-865f-26a39b19fe5b,041717c6-a2b6-40d1-867a-b1abb1d65ec8,Durant ex,Surging Sparks,236,special_illustration_rare,YES,SINGLE_CARD,RAW,CARD,,,,,Donny,2026-09-16T04:12:52.425370+00:00,,
E13-0213,v1|206393443800|0,https://www.ebay.com/itm/206393443800?_skw=Durant+ex+236+Surging+Sparks&hash=item300e0205d8:g:xKkAAeSwHt1qSRAu,Pokemon TCG Surging Sparks SIR Durant EX 236/191 Near Mint ,Ungraded,4000,,"[""FIXED_PRICE""]",off_topic_inc,https://i.ebayimg.com/images/g/xKkAAeSwHt1qSRAu/s-l225.jpg,4299cd6b-98e3-4e65-865f-26a39b19fe5b,041717c6-a2b6-40d1-867a-b1abb1d65ec8,Durant ex,Surging Sparks,236,special_illustration_rare,YES,SINGLE_CARD,RAW,CARD,,,,,Donny,2026-09-16T04:12:47.960319+00:00,,
E13-0214,v1|800659735041|0,https://www.ebay.com/itm/800659735041?_skw=Durant+ex+236+Surging+Sparks+Pokemon+card&hash=itemba6b0a0201:g:epAAAeSw80Bqp7Zb&amdata=enc%3AAQALAAABEACCtXRWQnOEpyOqnQQ8KGaFt9DckR8hsGr1Eu%2BtRDOlPsDRhFlgvCRbmRcdB8LVyJwq6nj0pYOrwp%2FmHxDo1jel4Mjri07Jcl%2BdarDCGBjfl%2BmIItl5rDfA8t9jb5n604ik8aRtjpmo%2BPZBc0C8Za6zai3zJEbaJnubXU8%2B7hzbRoDeIEmsnIJJpTMXfM8TwTA%2F1avwdfddT7jXV4Yln8ZQ3kr00luLlWGG%2FItzgNMQ9Jd53R4sud%2B7r9O2jEJUPiDjsTWnX5TKh%2FwLioliFQqGLixl2kbEdvnhUq0W0dJpP1sQxpHumQO4yU19%2FGGCST0QccX8%2Bhzy2zb0e9DUC%2BZH0MCfMHZ8RwU0v4lYW0Vh,Durant ex 236/191 Special Illustration Rare SV08: Surging Sparks NM,Ungraded,4000,,"[""FIXED_PRICE""]",tenneygames,https://i.ebayimg.com/images/g/epAAAeSw80Bqp7Zb/s-l225.jpg,4299cd6b-98e3-4e65-865f-26a39b19fe5b,041717c6-a2b6-40d1-867a-b1abb1d65ec8,Durant ex,Surging Sparks,236,special_illustration_rare,YES,SINGLE_CARD,RAW,CARD,,,,,Donny,2026-09-16T03:38:59.190257+00:00,,
E13-0215,v1|407211910915|0,https://www.ebay.com/itm/407211910915?_skw=Durant+ex+236+Surging+Sparks&hash=item5ecfb8a703:g:u5MAAeSwKK1qpX4P,Pokemon 2024 Durant ex 236/191 SIR Surging Sparks GEM MINT PSA 10,Graded,2750,,"[""FIXED_PRICE""]",arizona_tcg,https://i.ebayimg.com/images/g/u5MAAeSwKK1qpX4P/s-l225.jpg,4299cd6b-98e3-4e65-865f-26a39b19fe5b,041717c6-a2b6-40d1-867a-b1abb1d65ec8,Durant ex,Surging Sparks,236,special_illustration_rare,NO,SINGLE_CARD,GRADED,CARD,,,,,Donny,2026-09-16T03:23:22.152456+00:00,,
E13-0216,v1|287284183736|589250126836,https://www.ebay.com/itm/287284183736?_skw=Lt.+Surge%27s+Bargain+120+Mega+Evolution+Pokemon+card&hash=item42e378c2b8:g:lTEAAeSwYi9qCT4e,Pokemon Mega Evolution - Pick Your Cards - Multi-Order Discounts,Ungraded,4000,,"[""FIXED_PRICE""]",jordanvalleypawn,https://i.ebayimg.com/images/g/lTEAAeSwYi9qCT4e/s-l225.jpg,50f67b41-059d-4c14-842f-8b48fba46bc2,304de4f2-c09c-4d1c-a57e-5b83867aee55,Lt. Surge's Bargain,Mega Evolution,120,uncommon,NO,SINGLE_CARD,RAW,CARD,,,,,Donny,2026-09-16T03:23:24.172874+00:00,,
E13-0217,v1|158154723705|0,https://www.ebay.com/itm/158154723705?_skw=Lt.+Surge%27s+Bargain+120+Mega+Evolution+Pokemon+card&hash=item24d2c19179:g:9rAAAeSwAY9qclH0,Lt. Surge's Bargain 120/132 Uncommon Mega Evolution Pokemon Reverse Holo NM,Ungraded,4000,,"[""FIXED_PRICE""]",rockytopresell,https://i.ebayimg.com/images/g/9rAAAeSwAY9qclH0/s-l225.jpg,50f67b41-059d-4c14-842f-8b48fba46bc2,304de4f2-c09c-4d1c-a57e-5b83867aee55,Lt. Surge's Bargain,Mega Evolution,120,uncommon,NO,SINGLE_CARD,RAW,CARD,,,,INCONSISTENT,Donny,2026-09-16T03:23:39.682905+00:00,,
E13-0218,v1|377487710254|0,https://www.ebay.com/itm/377487710254?_skw=Lt.+Surge%27s+Bargain+120+Mega+Evolution+Pokemon+card&hash=item57e405582e:g:W4cAAeSwFw5qo3V7,Lt. Surge's Bargain 120/132 Uncommon Mega Evolution Pokemon Reverse Holo NM,Ungraded,4000,,"[""FIXED_PRICE""]",pokistash,https://i.ebayimg.com/images/g/W4cAAeSwFw5qo3V7/s-l225.jpg,50f67b41-059d-4c14-842f-8b48fba46bc2,304de4f2-c09c-4d1c-a57e-5b83867aee55,Lt. Surge's Bargain,Mega Evolution,120,uncommon,NO,SINGLE_CARD,RAW,CARD,,,,INCONSISTENT,Donny,2026-09-16T03:23:41.399143+00:00,,
E13-0219,v1|327360108757|0,https://www.ebay.com/itm/327360108757?_skw=Lt.+Surge%27s+Bargain+120+Mega+Evolution+Pokemon+card&hash=item4c382ed8d5:g:w8wAAeSwYHhqqfhg,Lt. Surge's Bargain 120/132 Uncommon Mega Evolution Pokemon Near Mint,Ungraded,4000,,"[""FIXED_PRICE""]",papa_chewie,https://i.ebayimg.com/images/g/w8wAAeSwYHhqqfhg/s-l225.jpg,50f67b41-059d-4c14-842f-8b48fba46bc2,304de4f2-c09c-4d1c-a57e-5b83867aee55,Lt. Surge's Bargain,Mega Evolution,120,uncommon,YES,SINGLE_CARD,RAW,CARD,,,,,Donny,2026-09-16T04:13:18.090190+00:00,,
E13-0220,v1|800619093133|0,https://www.ebay.com/itm/800619093133?_skw=Lt.+Surge%27s+Bargain+120+Mega+Evolution+Pokemon+card&hash=itemba689ddc8d:g:yUYAAeSwiYZqnNbQ,Lt. Surge's Bargain 120/132 Uncommon Mega Evolution Pokemon Near Mint,Ungraded,4000,,"[""FIXED_PRICE""]",endicards,https://i.ebayimg.com/images/g/yUYAAeSwiYZqnNbQ/s-l225.jpg,50f67b41-059d-4c14-842f-8b48fba46bc2,304de4f2-c09c-4d1c-a57e-5b83867aee55,Lt. Surge's Bargain,Mega Evolution,120,uncommon,YES,SINGLE_CARD,RAW,CARD,,,,,Donny,2026-09-16T04:11:23.675368+00:00,,
E13-0221,v1|147308250392|0,https://www.ebay.com/itm/147308250392?_skw=Lt.+Surge%27s+Bargain+120+Mega+Evolution+Pokemon+card&hash=item224c418518:g:HwgAAeSwZQpqBAkh,Lt. Surge's Bargain - Reverse Holo ME01: Mega Evolution 120/132 - NM Condition,Ungraded,4000,,"[""FIXED_PRICE"", ""BEST_OFFER""]",barbariantcg,https://i.ebayimg.com/images/g/HwgAAeSwZQpqBAkh/s-l225.jpg,50f67b41-059d-4c14-842f-8b48fba46bc2,304de4f2-c09c-4d1c-a57e-5b83867aee55,Lt. Surge's Bargain,Mega Evolution,120,uncommon,NO,SINGLE_CARD,RAW,CARD,,,,INCONSISTENT,Donny,2026-09-16T03:23:48.706107+00:00,,
E13-0222,v1|407207784768|0,https://www.ebay.com/itm/407207784768?_skw=Lt.+Surge%27s+Bargain+120+Mega+Evolution+Pokemon+card&hash=item5ecf79b140:g:~QQAAeSwW~BqowT4,Lt. Surge's Bargain Uncommon ME01: Mega Evolution 120/132 NM,Ungraded,4000,,"[""FIXED_PRICE"", ""BEST_OFFER""]",cardocalypse,https://i.ebayimg.com/images/g/~QQAAeSwW~BqowT4/s-l225.jpg,50f67b41-059d-4c14-842f-8b48fba46bc2,304de4f2-c09c-4d1c-a57e-5b83867aee55,Lt. Surge's Bargain,Mega Evolution,120,uncommon,YES,SINGLE_CARD,RAW,CARD,,,,,Donny,2026-09-16T04:11:58.192310+00:00,,
E13-0223,v1|800658925670|0,https://www.ebay.com/itm/800658925670?_skw=Lt.+Surge%27s+Bargain+120+Mega+Evolution+Pokemon+card&hash=itemba6afda866:g:QYoAAeSw-0Fqp4FR,Lt. Surge's Bargain - [Mega Evolution - 120/132],Ungraded,4000,,"[""FIXED_PRICE""]",majortcgames,https://i.ebayimg.com/images/g/QYoAAeSw-0Fqp4FR/s-l225.jpg,50f67b41-059d-4c14-842f-8b48fba46bc2,304de4f2-c09c-4d1c-a57e-5b83867aee55,Lt. Surge's Bargain,Mega Evolution,120,uncommon,YES,SINGLE_CARD,RAW,CARD,,,,,Donny,2026-09-16T04:10:37.049236+00:00,,
E13-0224,v1|158293769824|0,https://www.ebay.com/itm/158293769824?_skw=Perrin+220+Twilight+Masquerade+Pokemon+card&hash=item24db0b3e60:g:HkkAAeSwHahqqYyR,Pokémon TCG Trainer Perrin Special Illustration Card Twilight Masquerade 220/167,Ungraded,4000,,"[""FIXED_PRICE"", ""BEST_OFFER""]",frankenstein_fire_sales,https://i.ebayimg.com/images/g/HkkAAeSwHahqqYyR/s-l225.jpg,53466d2d-94fd-4230-9505-694297a9030d,3451abaf-acc7-41aa-a60c-25f24b7ac07f,Perrin,Twilight Masquerade,220,special_illustration_rare,YES,SINGLE_CARD,RAW,CARD,,,,,Donny,2026-09-16T04:14:30.112923+00:00,,
E13-0225,v1|128081862059|0,https://www.ebay.com/itm/128081862059?_skw=Perrin+220+Twilight+Masquerade+Pokemon+card&hash=item1dd2461dab:g:jbcAAeSw2X5qqfzQ,Pokemon TCG Perrin 220/167 Twilight Masquerade Trainer-Supporter Full Art Holo,Ungraded,4000,,"[""FIXED_PRICE""]",sboz36,https://i.ebayimg.com/images/g/jbcAAeSw2X5qqfzQ/s-l225.jpg,53466d2d-94fd-4230-9505-694297a9030d,3451abaf-acc7-41aa-a60c-25f24b7ac07f,Perrin,Twilight Masquerade,220,special_illustration_rare,YES,SINGLE_CARD,RAW,CARD,,,,,Donny,2026-09-16T03:39:08.349760+00:00,,
E13-0226,v1|318872647742|0,https://www.ebay.com/itm/318872647742?_skw=Perrin+220+Twilight+Masquerade+Pokemon+card&hash=item4a3e4a783e:g:OXMAAeSwM-NqqMwe,Perrin SV06: Twilight Masquerade #220/167 Special Illustration Rare Holo NM,Ungraded,4000,,"[""FIXED_PRICE""]",fnguyen504,https://i.ebayimg.com/images/g/OXMAAeSwM-NqqMwe/s-l225.jpg,53466d2d-94fd-4230-9505-694297a9030d,3451abaf-acc7-41aa-a60c-25f24b7ac07f,Perrin,Twilight Masquerade,220,special_illustration_rare,YES,SINGLE_CARD,RAW,CARD,,,,,Donny,2026-09-16T03:39:11.471943+00:00,,
E13-0227,v1|407219888432|0,https://www.ebay.com/itm/407219888432?_skw=Perrin+220+Twilight+Masquerade+Pokemon+card&hash=item5ed0326130:g:ruMAAeSwnkFqqfWJ&amdata=enc%3AAQALAAABEACCtXRWQnOEpyOqnQQ8KGYRqcmJ2CnBwTkEvq8LnKtcVggaDiD4H8arapxElltfDC%2FpB%2FlFIREFT0yfIjjn76M%2FzwxPlp5N7vWk%2FyTDc1lX%2B%2Fdzu20x2HVetybpys0P28I0Jh3oCHjdJWXmtkAfZ9--yafYf30TYpBjHIxwU670eRMKlFSqVaDxzUcWXFXU9cZiDPge34%2FtgesNTW8z21T2H8ru2En6wfmbKYalKiBtVLO91FLHbDnsOgKr4oXOOTql%2BwPpvYulQPBFATRWVd%2B4Bd9Nb0PeJ81K1ZfS74DXxaFZVsgK5ol5J9%2FhOfLy33rdqbzERaKAIw%2BEW9CxrFhcZeVgOBJtJXLlnc6xWhMa,Perrin 220/167 Sv06 Twilight Masquerade Special Illustration Rare Holo EN,Ungraded,4000,,"[""FIXED_PRICE"", ""BEST_OFFER""]",rosenclover,https://i.ebayimg.com/images/g/ruMAAeSwnkFqqfWJ/s-l225.jpg,53466d2d-94fd-4230-9505-694297a9030d,3451abaf-acc7-41aa-a60c-25f24b7ac07f,Perrin,Twilight Masquerade,220,special_illustration_rare,YES,SINGLE_CARD,RAW,CARD,,,,,Donny,2026-09-16T04:12:39.628193+00:00,,
E13-0228,v1|137741118506|0,https://www.ebay.com/itm/137741118506?_skw=Perrin+220+Twilight+Masquerade+Pokemon+card&hash=item201202ac2a:g:rD0AAeSwfuZqqbG7,Perrin 220/167 Holo SV06: Twilight Masquerade LP Pokémon TCG,Ungraded,4000,,"[""FIXED_PRICE""]",thetradingpostcc,https://i.ebayimg.com/images/g/rD0AAeSwfuZqqbG7/s-l225.jpg,53466d2d-94fd-4230-9505-694297a9030d,3451abaf-acc7-41aa-a60c-25f24b7ac07f,Perrin,Twilight Masquerade,220,special_illustration_rare,YES,SINGLE_CARD,RAW,CARD,,,,,Donny,2026-09-16T04:11:34.845117+00:00,,
E13-0229,v1|398395803753|0,https://www.ebay.com/itm/398395803753?_skw=Perrin+220+Twilight+Masquerade+Pokemon+card&hash=item5cc23d8869:g:Xx8AAeSwcFNqqL0m,Perrin SV06: Twilight Masquerade #220/167 Special Illustration Rare Holo NM,Ungraded,4000,,"[""FIXED_PRICE""]",mauinite,https://i.ebayimg.com/images/g/Xx8AAeSwcFNqqL0m/s-l225.jpg,53466d2d-94fd-4230-9505-694297a9030d,3451abaf-acc7-41aa-a60c-25f24b7ac07f,Perrin,Twilight Masquerade,220,special_illustration_rare,YES,SINGLE_CARD,RAW,CARD,,,,,Donny,2026-09-16T03:39:13.334931+00:00,,
E13-0230,v1|318872354585|0,https://www.ebay.com/itm/318872354585?_skw=Perrin+220+Twilight+Masquerade&hash=item4a3e45ff19:g:JdUAAeSwnyhqqLDV,Pokémon Perrin 220/167 Twilight Masquerade SIR Mint Condition,Ungraded,4000,,"[""FIXED_PRICE"", ""BEST_OFFER""]",pack_rat-0,https://i.ebayimg.com/images/g/JdUAAeSwnyhqqLDV/s-l225.jpg,53466d2d-94fd-4230-9505-694297a9030d,3451abaf-acc7-41aa-a60c-25f24b7ac07f,Perrin,Twilight Masquerade,220,special_illustration_rare,YES,SINGLE_CARD,RAW,CARD,,,,,Donny,2026-09-16T03:38:58.647587+00:00,,
E13-0231,v1|327358500812|0,https://www.ebay.com/itm/327358500812?_skw=Perrin+220+Twilight+Masquerade+Pokemon+card&hash=item4c38164fcc:g:ZBoAAeSwdAJqqJy0,Perrin 220/167 Holo Special Illustration Rare Twilight Masquerade Pokemon Card,Ungraded,4000,,"[""FIXED_PRICE"", ""BEST_OFFER""]",thesportstash,https://i.ebayimg.com/images/g/ZBoAAeSwdAJqqJy0/s-l225.jpg,53466d2d-94fd-4230-9505-694297a9030d,3451abaf-acc7-41aa-a60c-25f24b7ac07f,Perrin,Twilight Masquerade,220,special_illustration_rare,YES,SINGLE_CARD,RAW,CARD,,,,,Donny,2026-09-16T04:12:17.239872+00:00,,
E13-0232,v1|398398088338|0,https://www.ebay.com/itm/398398088338?_skw=Victini+171+Black+Bolt+Pokemon+card&hash=item5cc2606492:g:xW4AAeSw6pdqqZyQ,2025 Pokemon BLK EN-Black Bolt Victini #171 Black White Rare PSA 10,Graded,2750,,"[""FIXED_PRICE"", ""BEST_OFFER""]",collectorscorner_nw,https://i.ebayimg.com/images/g/xW4AAeSw6pdqqZyQ/s-l225.jpg,55096ab6-1773-47c4-bbff-20c1db011223,9f4a2888-2f11-47aa-a5c5-2ccac8ca7c71,Victini,Black Bolt,171,rare,NO,SINGLE_CARD,GRADED,CARD,,,,,Donny,2026-09-16T03:23:59.264348+00:00,,
E13-0233,v1|267786657521|0,https://www.ebay.com/itm/267786657521?_skw=Victini+171+Black+Bolt+Pokemon+card&hash=item3e59541ef1:g:A-8AAeSwumNpeEVm,Sv: Black Bolt Pokémon TCG Victini holo,Ungraded,4000,,"[""FIXED_PRICE""]",bigmac455,https://i.ebayimg.com/images/g/A-8AAeSwumNpeEVm/s-l225.jpg,55096ab6-1773-47c4-bbff-20c1db011223,9f4a2888-2f11-47aa-a5c5-2ccac8ca7c71,Victini,Black Bolt,171,rare,NO,SINGLE_CARD,RAW,CARD,INCONSISTENT,,,,Donny,2026-09-16T03:24:01.156512+00:00,,
E13-0234,v1|377329940730|0,https://www.ebay.com/itm/377329940730?_skw=Victini+171+Black+Bolt&hash=item57da9df8fa:g:pl4AAeSwts9qTfk4,2025 POKEMON BLK EN-BLACK BOLT BLACK WHITE RARE #171 VICTINI PSA 9,Graded,2750,,"[""FIXED_PRICE""]",dreamzsportscards,https://i.ebayimg.com/images/g/pl4AAeSwts9qTfk4/s-l225.jpg,55096ab6-1773-47c4-bbff-20c1db011223,9f4a2888-2f11-47aa-a5c5-2ccac8ca7c71,Victini,Black Bolt,171,rare,NO,SINGLE_CARD,GRADED,CARD,,,,,Donny,2026-09-16T03:24:02.831285+00:00,,
E13-0235,v1|318874315108|0,https://www.ebay.com/itm/318874315108?_skw=Victini+171+Black+Bolt+Pokemon+card&hash=item4a3e63e964:g:ydEAAeSwQIFqIj49,Victini 12/86 NM Black Bolt Pokemon TCG,Ungraded,4000,,"[""FIXED_PRICE""]",mainstage_collectables,https://i.ebayimg.com/images/g/ydEAAeSwQIFqIj49/s-l225.jpg,55096ab6-1773-47c4-bbff-20c1db011223,9f4a2888-2f11-47aa-a5c5-2ccac8ca7c71,Victini,Black Bolt,171,rare,NO,SINGLE_CARD,RAW,CARD,INCONSISTENT,,,,Donny,2026-09-16T03:24:04.618830+00:00,,
E13-0236,v1|137648544348|0,https://www.ebay.com/itm/137648544348?_skw=Victini+171+Black+Bolt&hash=item200c7e1a5c:g:xzMAAeSwnsNqiOoO,Pokémon TCG Victini 171/086 PSA 10 Holo Sv: Black Bolt English Rare,Graded,2750,,"[""FIXED_PRICE"", ""BEST_OFFER""]",jakrze_94,https://i.ebayimg.com/images/g/xzMAAeSwnsNqiOoO/s-l225.jpg,55096ab6-1773-47c4-bbff-20c1db011223,9f4a2888-2f11-47aa-a5c5-2ccac8ca7c71,Victini,Black Bolt,171,rare,NO,SINGLE_CARD,GRADED,CARD,,,,,Donny,2026-09-16T03:24:17.819511+00:00,,
E13-0237,v1|800601078057|0,https://www.ebay.com/itm/800601078057?_skw=Victini+171+Black+Bolt&hash=itemba678af929:g:gdcAAeSwAnRqmAaX,Pokemon Victini 171/086 Secret Rare (Full Art) German Near Mint,Nicht bewertet,4000,,"[""FIXED_PRICE"", ""BEST_OFFER""]",thalercards_online,https://i.ebayimg.com/images/g/gdcAAeSwAnRqmAaX/s-l225.jpg,55096ab6-1773-47c4-bbff-20c1db011223,9f4a2888-2f11-47aa-a5c5-2ccac8ca7c71,Victini,Black Bolt,171,rare,YES,SINGLE_CARD,RAW,CARD,,,,,Donny,2026-09-16T04:13:28.004068+00:00,,
E13-0238,v1|178483103854|0,https://www.ebay.com/itm/178483103854?_skw=Victini+171+Black+Bolt&hash=item298e6c086e:g:IeUAAeSwnzJqocEE,Victini Black White Rare (171) 2025 Pokemon Blk EN-Black Bolt,Ungraded,4000,,"[""FIXED_PRICE""]",adventures-oc,https://i.ebayimg.com/images/g/IeUAAeSwnzJqocEE/s-l225.jpg,55096ab6-1773-47c4-bbff-20c1db011223,9f4a2888-2f11-47aa-a5c5-2ccac8ca7c71,Victini,Black Bolt,171,rare,YES,SINGLE_CARD,RAW,CARD,,,,,Donny,2026-09-16T03:39:20.124693+00:00,,
E13-0239,v1|117372345297|0,https://www.ebay.com/itm/117372345297?_skw=Victini+171+Black+Bolt&hash=item1b53efdbd1:g:uxUAAeSw3B1qiRmd,2025 POKEMON BLK EN-BLACK BOLT BLACK WHITE RARE #171 VICTINI BGS 9,Graded,2750,,"[""AUCTION""]",psa,https://i.ebayimg.com/images/g/uxUAAeSw3B1qiRmd/s-l225.jpg,55096ab6-1773-47c4-bbff-20c1db011223,9f4a2888-2f11-47aa-a5c5-2ccac8ca7c71,Victini,Black Bolt,171,rare,NO,SINGLE_CARD,GRADED,CARD,,,,,Donny,2026-09-16T03:24:21.626815+00:00,,
E13-0240,v1|198643189997|0,https://www.ebay.com/itm/198643189997?_skw=Gulpin+154+Stellar+Crown+Pokemon+card&hash=item2e400e88ed:g:7B8AAeSwTvFqqS6-,Gulpin Stellar Crown 154/142 Secret Illustration Rare SCR Pokemon TCG Card NM,Ungraded,4000,,"[""FIXED_PRICE"", ""BEST_OFFER""]",jersey_picker_sales,https://i.ebayimg.com/images/g/7B8AAeSwTvFqqS6-/s-l225.jpg,5576e4b9-4873-40fa-84c4-da9f28cec096,8614b6c4-8840-4b33-9908-4ded064f570f,Gulpin,Stellar Crown,154,illustration_rare,YES,SINGLE_CARD,RAW,CARD,,,,,Donny,2026-09-16T04:13:46.523992+00:00,,
E13-0241,v1|820130258737|0,https://www.ebay.com/itm/820130258737?_skw=Gulpin+154+Stellar+Crown+Pokemon+card&hash=itembef3929f31:g:rHAAAeSwtpFqqVKg,Gulpin 154/142 Illustration Rare Stellar Crown Pokemon Holo Near Mint,Ungraded,4000,,"[""FIXED_PRICE"", ""BEST_OFFER""]",pokecowboytcg,https://i.ebayimg.com/images/g/rHAAAeSwtpFqqVKg/s-l225.jpg,5576e4b9-4873-40fa-84c4-da9f28cec096,8614b6c4-8840-4b33-9908-4ded064f570f,Gulpin,Stellar Crown,154,illustration_rare,YES,SINGLE_CARD,RAW,CARD,,,,,Donny,2026-09-16T04:13:19.577628+00:00,,
E13-0242,v1|287584506692|0,https://www.ebay.com/itm/287584506692?_skw=Gulpin+154+Stellar+Crown+Pokemon+card&hash=item42f55f5344:g:N34AAeSwzmBqpwMG,Gulpin 154/142 Sv07: Stellar Crown Holo,Graded,2750,,"[""FIXED_PRICE"", ""BEST_OFFER""]",rainbol_3,https://i.ebayimg.com/images/g/N34AAeSwzmBqpwMG/s-l225.jpg,5576e4b9-4873-40fa-84c4-da9f28cec096,8614b6c4-8840-4b33-9908-4ded064f570f,Gulpin,Stellar Crown,154,illustration_rare,NO,SINGLE_CARD,GRADED,CARD,,,,,Donny,2026-09-16T03:24:26.195638+00:00,,
E13-0243,v1|407212077131|0,https://www.ebay.com/itm/407212077131?_skw=Gulpin+154+Stellar+Crown+Pokemon+card&hash=item5ecfbb304b:g:42gAAeSwp-ZqpZcJ,Gulpin Illustration Rare SV07: Stellar Crown 154/142 NM,Ungraded,4000,,"[""FIXED_PRICE"", ""BEST_OFFER""]",evolvingchasers,https://i.ebayimg.com/images/g/42gAAeSwp-ZqpZcJ/s-l225.jpg,5576e4b9-4873-40fa-84c4-da9f28cec096,8614b6c4-8840-4b33-9908-4ded064f570f,Gulpin,Stellar Crown,154,illustration_rare,YES,SINGLE_CARD,RAW,CARD,,,,,Donny,2026-09-16T04:15:04.606018+00:00,,
E13-0244,v1|237066350844|0,https://www.ebay.com/itm/237066350844?_skw=Gulpin+154+Stellar+Crown+Pokemon+card&hash=item37324170fc:g:MDYAAeSwXFlqptbv,Gulpin 154/142 Stellar Crown Illustration Rare Near Mint,Ungraded,4000,,"[""FIXED_PRICE""]",pokeboah,https://i.ebayimg.com/images/g/MDYAAeSwXFlqptbv/s-l225.jpg,5576e4b9-4873-40fa-84c4-da9f28cec096,8614b6c4-8840-4b33-9908-4ded064f570f,Gulpin,Stellar Crown,154,illustration_rare,YES,SINGLE_CARD,RAW,CARD,,,,,Donny,2026-09-16T04:11:28.047338+00:00,,
E13-0245,v1|377253890629|0,https://www.ebay.com/itm/377253890629?_skw=Gulpin+154+Stellar+Crown+Pokemon+card&hash=item57d6158a45:g:2n0AAeSweCpqHmbB,2024 POKÉMON SCR EN GULPIN ILLUSTRATION RARE #154 PSA 10,Graded,2750,,"[""FIXED_PRICE""]",dreamzsportscards,https://i.ebayimg.com/images/g/2n0AAeSweCpqHmbB/s-l225.jpg,5576e4b9-4873-40fa-84c4-da9f28cec096,8614b6c4-8840-4b33-9908-4ded064f570f,Gulpin,Stellar Crown,154,illustration_rare,NO,SINGLE_CARD,GRADED,CARD,,,,,Donny,2026-09-16T03:24:29.827776+00:00,,
E13-0246,v1|298676630242|0,https://www.ebay.com/itm/298676630242?_skw=Gulpin+154+Stellar+Crown+Pokemon+card&hash=item458a83b2e2:g:HQcAAeSwSg9qqThS,Gulpin - 154/142 Illustration Rare Holofoil SV07: Stellar Crown NM,Ungraded,4000,,"[""FIXED_PRICE""]",thegamesbest,https://i.ebayimg.com/images/g/HQcAAeSwSg9qqThS/s-l225.jpg,5576e4b9-4873-40fa-84c4-da9f28cec096,8614b6c4-8840-4b33-9908-4ded064f570f,Gulpin,Stellar Crown,154,illustration_rare,YES,SINGLE_CARD,RAW,CARD,,,,,Donny,2026-09-16T04:14:52.936927+00:00,,
E13-0247,v1|398392476749|0,https://www.ebay.com/itm/398392476749?_skw=Gulpin+154+Stellar+Crown&hash=item5cc20ac44d:g:7BsAAeSwwDVqphS9,Gulpin 154/142 Sv07: Stellar Crown Holo,Ungraded,4000,,"[""FIXED_PRICE"", ""BEST_OFFER""]",vthouseofcards,https://i.ebayimg.com/images/g/7BsAAeSwwDVqphS9/s-l225.jpg,5576e4b9-4873-40fa-84c4-da9f28cec096,8614b6c4-8840-4b33-9908-4ded064f570f,Gulpin,Stellar Crown,154,illustration_rare,YES,SINGLE_CARD,RAW,CARD,,,,,Donny,2026-09-16T04:14:45.904983+00:00,,
E13-0248,v1|366568948864|0,https://www.ebay.com/itm/366568948864?_skw=Krookodile+137+Black+Bolt&hash=item5559364480:g:rQAAAeSwk8ZqZ4DL,Pokémon Krookodile 137/086 SV: Black Bolt Illustration Rare Holo 170 HP,Ungraded,4000,,"[""FIXED_PRICE"", ""BEST_OFFER""]",demcollect,https://i.ebayimg.com/images/g/rQAAAeSwk8ZqZ4DL/s-l225.jpg,605a2c1a-6a14-463e-b1e2-b55cd9c16244,14ea6011-0e3d-4eff-ac53-6b13e2976a71,Krookodile,Black Bolt,137,illustration_rare,YES,SINGLE_CARD,RAW,CARD,,,,,Donny,2026-09-16T04:14:04.274984+00:00,,
E13-0249,v1|377491740697|0,https://www.ebay.com/itm/377491740697?_skw=Krookodile+137+Black+Bolt+Pokemon+card&hash=item57e442d819:g:h5QAAeSwUERqpgZk,Pokemon TCG Krookodile 137/086 Black Bolt Illustration Rare Full Art Holo NM,Ungraded,4000,,"[""FIXED_PRICE"", ""BEST_OFFER""]",ribbit_rares,https://i.ebayimg.com/images/g/h5QAAeSwUERqpgZk/s-l225.jpg,605a2c1a-6a14-463e-b1e2-b55cd9c16244,14ea6011-0e3d-4eff-ac53-6b13e2976a71,Krookodile,Black Bolt,137,illustration_rare,YES,SINGLE_CARD,RAW,CARD,,,,,Donny,2026-09-16T04:13:34.978832+00:00,,
E13-0250,v1|287542034415|0,https://www.ebay.com/itm/287542034415?_skw=Krookodile+137+Black+Bolt&hash=item42f2d73fef:g:Zz0AAeSwHQBqi2hn,Krookodile - 137/086 - Illustration Rare - Black Bolt NM Holo,Ungraded,4000,,"[""FIXED_PRICE""]",jimbo_collectibles,https://i.ebayimg.com/images/g/Zz0AAeSwHQBqi2hn/s-l225.jpg,605a2c1a-6a14-463e-b1e2-b55cd9c16244,14ea6011-0e3d-4eff-ac53-6b13e2976a71,Krookodile,Black Bolt,137,illustration_rare,YES,SINGLE_CARD,RAW,CARD,,,,,Donny,2026-09-16T04:10:37.542935+00:00,,
E13-0251,v1|318846175621|0,https://www.ebay.com/itm/318846175621?_skw=Krookodile+137+Black+Bolt&hash=item4a3cb68985:g:8aQAAeSwSN9qoMLj,Krookodile Holo Illustration Rare SV: Black Bolt 137/086 NM,Ungraded,4000,,"[""FIXED_PRICE""]",cardzflexx,https://i.ebayimg.com/images/g/8aQAAeSwSN9qoMLj/s-l225.jpg,605a2c1a-6a14-463e-b1e2-b55cd9c16244,14ea6011-0e3d-4eff-ac53-6b13e2976a71,Krookodile,Black Bolt,137,illustration_rare,YES,SINGLE_CARD,RAW,CARD,,,,,Donny,2026-09-16T04:13:28.650285+00:00,,
E13-0252,v1|407188474027|0,https://www.ebay.com/itm/407188474027?_skw=Krookodile+137+Black+Bolt&hash=item5ece5308ab:g:hxAAAeSwau1qmHcj,pokemon black bolt krookodile 137/086,Ungraded,4000,,"[""FIXED_PRICE""]",logan.stowers,https://i.ebayimg.com/images/g/hxAAAeSwau1qmHcj/s-l225.jpg,605a2c1a-6a14-463e-b1e2-b55cd9c16244,14ea6011-0e3d-4eff-ac53-6b13e2976a71,Krookodile,Black Bolt,137,illustration_rare,YES,SINGLE_CARD,RAW,CARD,,,,,Donny,2026-09-16T04:12:01.416254+00:00,,
E13-0253,v1|358873690209|0,https://www.ebay.com/itm/358873690209?_skw=Krookodile+137+Black+Bolt&hash=item538e89f061:g:mx8AAeSwiiFqdoPF,Pokemon Krookodile [BLKHolofoil - 137/086]NM,Ungraded,4000,,"[""FIXED_PRICE"", ""BEST_OFFER""]",jreidd,https://i.ebayimg.com/images/g/mx8AAeSwiiFqdoPF/s-l225.jpg,605a2c1a-6a14-463e-b1e2-b55cd9c16244,14ea6011-0e3d-4eff-ac53-6b13e2976a71,Krookodile,Black Bolt,137,illustration_rare,YES,SINGLE_CARD,RAW,CARD,,,,,Donny,2026-09-16T04:11:59.589337+00:00,,
E13-0254,v1|377497925522|0,https://www.ebay.com/itm/377497925522?_skw=Krookodile+137+Black+Bolt+Pokemon+card&hash=item57e4a13792:g:YSsAAeSwqElqqZg3,Krookodile 137/086 Sv: Black Bolt Illustration Rare Holo 170 HP English,Ungraded,4000,,"[""FIXED_PRICE"", ""BEST_OFFER""]",nutz3500,https://i.ebayimg.com/images/g/YSsAAeSwqElqqZg3/s-l225.jpg,605a2c1a-6a14-463e-b1e2-b55cd9c16244,14ea6011-0e3d-4eff-ac53-6b13e2976a71,Krookodile,Black Bolt,137,illustration_rare,YES,SINGLE_CARD,RAW,CARD,,,,,Donny,2026-09-16T04:11:00.028798+00:00,,
E13-0255,v1|306900764560|0,https://www.ebay.com/itm/306900764560?_skw=Krookodile+137+Black+Bolt&hash=item4774b60790:g:S48AAeSwS-xp691T,2025 POKEMON BLK EN-BLACK BOLT ILLUSTRATION RARE #137 KROOKODILE PSA 9,Graded,2750,,"[""FIXED_PRICE""]",psa,https://i.ebayimg.com/images/g/S48AAeSwS-xp691T/s-l225.jpg,605a2c1a-6a14-463e-b1e2-b55cd9c16244,14ea6011-0e3d-4eff-ac53-6b13e2976a71,Krookodile,Black Bolt,137,illustration_rare,NO,SINGLE_CARD,GRADED,CARD,,,,,Donny,2026-09-16T03:25:56.714530+00:00,,
E13-0256,v1|188932612860|696125974552,https://www.ebay.com/itm/188932612860?_skw=Pecharunt+ex+93+Shrouded+Fable+Pokemon+card&hash=item2bfd42e2fc:g:CaIAAeSweGhqqOoR,Pecharunt ex 39/64 Shrouded Fable Holofoil NM,Ungraded,4000,,"[""FIXED_PRICE""]",best_deal_trading_cards,https://i.ebayimg.com/images/g/CaIAAeSweGhqqOoR/s-l225.jpg,640cd931-d97f-4173-ad9d-3ab86f91d92c,c79d38c0-0768-4f3e-80fe-8490d79b00b1,Pecharunt ex,Shrouded Fable,93,special_illustration_rare,NO,SINGLE_CARD,RAW,CARD,INCONSISTENT,,,,Donny,2026-09-16T03:25:58.759104+00:00,,
E13-0257,v1|358650788372|0,https://www.ebay.com/itm/358650788372?_skw=Mega+Audino+ex+253+Ascended+Heroes+Pokemon+card&hash=item538140ba14:g:xbsAAeSwO85qJcvA,Mega Audino ex 253/217 ME: Ascended Heroes Holo Ultra Rare Pokemon TCG Card NM,Ungraded,4000,,"[""FIXED_PRICE"", ""BEST_OFFER""]",friscotradingco,https://i.ebayimg.com/images/g/xbsAAeSwO85qJcvA/s-l225.jpg,64c0404b-826f-493d-9c10-738b2b56eca4,9f6c24f7-6a76-471f-ad81-d3901c5e9088,Mega Audino ex,Ascended Heroes,253,ultra_rare,YES,SINGLE_CARD,RAW,CARD,,,,,Donny,2026-09-16T04:13:29.790275+00:00,,
E13-0258,v1|188928368679|0,https://www.ebay.com/itm/188928368679?_skw=Mega+Audino+ex+253+Ascended+Heroes+Pokemon+card&hash=item2bfd022027:g:kwEAAeSwSaNqp5iu,Mega Audino ex 253/217 Ultra Rare Ascended Heroes Pokemon NM Holo,Ungraded,4000,,"[""FIXED_PRICE"", ""BEST_OFFER""]",bajoboy,https://i.ebayimg.com/images/g/kwEAAeSwSaNqp5iu/s-l225.jpg,64c0404b-826f-493d-9c10-738b2b56eca4,9f6c24f7-6a76-471f-ad81-d3901c5e9088,Mega Audino ex,Ascended Heroes,253,ultra_rare,YES,SINGLE_CARD,RAW,CARD,,,,,Donny,2026-09-16T03:38:41.305060+00:00,,
E13-0259,v1|800664012150|0,https://www.ebay.com/itm/800664012150?_skw=Mega+Audino+ex+253+Ascended+Heroes+Pokemon+card&hash=itemba6b4b4576:g:XnYAAeSw-M1qqMlR,Mega Audino ex Holo Ultra Rare ME: Ascended Heroes 253/217 NM,Ungraded,4000,,"[""FIXED_PRICE""]",wahlowskiswarehouse,https://i.ebayimg.com/images/g/XnYAAeSw-M1qqMlR/s-l225.jpg,64c0404b-826f-493d-9c10-738b2b56eca4,9f6c24f7-6a76-471f-ad81-d3901c5e9088,Mega Audino ex,Ascended Heroes,253,ultra_rare,YES,SINGLE_CARD,RAW,CARD,,,,,Donny,2026-09-16T04:15:07.544313+00:00,,
E13-0260,v1|237009902984|0,https://www.ebay.com/itm/237009902984?_skw=Mega+Audino+ex+253+Ascended+Heroes+Pokemon+card&hash=item372ee41d88:g:yZQAAeSwhnxqgdDN,Mega Audino ex 253/217 Ultra Rare Ascended Heroes Pokemon Holo Near Mint,Ungraded,4000,,"[""FIXED_PRICE"", ""BEST_OFFER""]",hldcards,https://i.ebayimg.com/images/g/yZQAAeSwhnxqgdDN/s-l225.jpg,64c0404b-826f-493d-9c10-738b2b56eca4,9f6c24f7-6a76-471f-ad81-d3901c5e9088,Mega Audino ex,Ascended Heroes,253,ultra_rare,YES,SINGLE_CARD,RAW,CARD,,,,,Donny,2026-09-16T03:39:24.934917+00:00,,
E13-0261,v1|168680008454|0,https://www.ebay.com/itm/168680008454?_skw=Mega+Audino+ex+253+Ascended+Heroes+Pokemon+card&hash=item27461cab06:g:-1wAAeSwxtlqo3TI,Mega Audino ex Holo Ultra Rare ME: Ascended Heroes 253/217 NM,Ungraded,4000,,"[""FIXED_PRICE""]",bradlehutto-2,https://i.ebayimg.com/images/g/-1wAAeSwxtlqo3TI/s-l225.jpg,64c0404b-826f-493d-9c10-738b2b56eca4,9f6c24f7-6a76-471f-ad81-d3901c5e9088,Mega Audino ex,Ascended Heroes,253,ultra_rare,YES,SINGLE_CARD,RAW,CARD,,,,,Donny,2026-09-16T04:12:08.657151+00:00,,
E13-0262,v1|117414351431|0,https://www.ebay.com/itm/117414351431?_skw=Mega+Audino+ex+253+Ascended+Heroes+Pokemon+card&hash=item1b5670d247:g:5IEAAeSwu7Zql1MZ,Pokemon TCG - Mega Audino EX 172/217 Ascended Heroes NM ,Ungraded,4000,,"[""AUCTION""]",00hudson,https://i.ebayimg.com/images/g/5IEAAeSwu7Zql1MZ/s-l225.jpg,64c0404b-826f-493d-9c10-738b2b56eca4,9f6c24f7-6a76-471f-ad81-d3901c5e9088,Mega Audino ex,Ascended Heroes,253,ultra_rare,NO,SINGLE_CARD,RAW,CARD,INCONSISTENT,,,,Donny,2026-09-16T03:26:04.208405+00:00,,
E13-0263,v1|398375407382|0,https://www.ebay.com/itm/398375407382?_skw=Mega+Audino+ex+253+Ascended+Heroes+Pokemon+card&hash=item5cc1064f16:g:8nIAAeSwi01qoLmG,Mega Audino ex Holo Ultra Rare ME: Ascended Heroes 253/217 NM,Ungraded,4000,,"[""FIXED_PRICE"", ""BEST_OFFER""]",meqal01,https://i.ebayimg.com/images/g/8nIAAeSwi01qoLmG/s-l225.jpg,64c0404b-826f-493d-9c10-738b2b56eca4,9f6c24f7-6a76-471f-ad81-d3901c5e9088,Mega Audino ex,Ascended Heroes,253,ultra_rare,YES,SINGLE_CARD,RAW,CARD,,,,,Donny,2026-09-16T04:13:29.302686+00:00,,
E13-0264,v1|137728915709|0,https://www.ebay.com/itm/137728915709?_skw=Mega+Audino+ex+253+Ascended+Heroes+Pokemon+card&hash=item20114878fd:g:FGYAAeSwf8pqpWd3,MEGA AUDINO EX POKEMON ASCENDED HEROES 253/217 ULTRA RARE LIGHTLY PLAYED,Ungraded,4000,,"[""FIXED_PRICE""]",halocop237,https://i.ebayimg.com/images/g/FGYAAeSwf8pqpWd3/s-l225.jpg,64c0404b-826f-493d-9c10-738b2b56eca4,9f6c24f7-6a76-471f-ad81-d3901c5e9088,Mega Audino ex,Ascended Heroes,253,ultra_rare,YES,SINGLE_CARD,RAW,CARD,,,,,Donny,2026-09-16T04:11:26.850038+00:00,,
E13-0265,v1|188936162016|0,https://www.ebay.com/itm/188936162016?_skw=Lillie%27s+Determination+184+Mega+Evolution+Pokemon+card&hash=item2bfd790ae0:g:fuIAAeSwN1lqqfZd,CGC Pristine 10 Lillie's Determination 184/132 Mega Evolution Pokemon,Graded,2750,,"[""FIXED_PRICE"", ""BEST_OFFER""]",buggins94casey,https://i.ebayimg.com/images/g/fuIAAeSwN1lqqfZd/s-l225.jpg,67611b34-a7e9-497f-9708-651cc015ca6c,f02f5725-b24c-4ee9-a9b5-55edd91d7697,Lillie's Determination,Mega Evolution,184,special_illustration_rare,NO,SINGLE_CARD,GRADED,CARD,,,,,Donny,2026-09-16T03:26:07.531124+00:00,,
E13-0266,v1|178500036526|0,https://www.ebay.com/itm/178500036526?_skw=Lillie%27s+Determination+184+Mega+Evolution+Pokemon+card&hash=item298f6e67ae:g:zqsAAeSwax1qqaxC&amdata=enc%3AAQALAAABEACCtXRWQnOEpyOqnQQ8KGZgaWQXNSO7B8X%2Fm%2FvrjvkqYPmafqXZKCdCrlVfoPHvI0HhncdabwrkqsMTANXC15lNh%2Fw55cedP5nBQg2ZSTjrpoeJ2YW6tzvFB7zYefy75P8rWHq0Hn%2FzOARi%2Bdhqe%2BBw6XzhtSKuCUdYlNbPtCly703kpBjKUhXyOSmR911LBhmY920gxOu8n4QZ2jHUH%2FuypFmy9QtQc2H7ZSYLb7Rg3%2BH2IJDRnWc0oNcnxKLSy%2BqCLkuNYM6f4iBqaOKGIbZ1pL5K1JBav5aiv7E%2FLhlZxgN%2FnZ4MuPemIaDmVrC0sE5GnAFec8nj9Ec1y%2Fqaf4o--NOwVCIDPQbud67Caulg,Lillie's Determination Holo Special Illustration Rare Mega Evolution 184/132 NM,Ungraded,4000,,"[""FIXED_PRICE"", ""BEST_OFFER""]",sanddlegacy,https://i.ebayimg.com/images/g/zqsAAeSwax1qqaxC/s-l225.jpg,67611b34-a7e9-497f-9708-651cc015ca6c,f02f5725-b24c-4ee9-a9b5-55edd91d7697,Lillie's Determination,Mega Evolution,184,special_illustration_rare,YES,SINGLE_CARD,RAW,CARD,,,,,Donny,2026-09-16T04:11:17.555055+00:00,,
E13-0267,v1|800180498914|0,https://www.ebay.com/itm/800180498914?_skw=Lillie%27s+Determination+184+Mega+Evolution+Pokemon+card&hash=itemba4e7971e2:g:aKgAAeSw0olqL0NJ,Lillie's Determination 169/132 AND 184/132 Mega Evolution Holo NM Double Pack!!!,Ungraded,4000,,"[""FIXED_PRICE""]",pokemandanok,https://i.ebayimg.com/images/g/aKgAAeSw0olqL0NJ/s-l225.jpg,67611b34-a7e9-497f-9708-651cc015ca6c,f02f5725-b24c-4ee9-a9b5-55edd91d7697,Lillie's Determination,Mega Evolution,184,special_illustration_rare,NO,LOT_OR_BUNDLE,RAW,CARD,,,,,Donny,2026-09-16T03:26:10.570130+00:00,,
E13-0268,v1|820132336037|0,https://www.ebay.com/itm/820132336037?_skw=Lillie%27s+Determination+184+Mega+Evolution+Pokemon+card&hash=itembef3b251a5:g:~XQAAeSwgQFqqfuC,Lillie's Determination 184/132 Me01: Mega Evolution Holo,Ungraded,4000,,"[""FIXED_PRICE"", ""BEST_OFFER""]",dannysgameroom,https://i.ebayimg.com/images/g/~XQAAeSwgQFqqfuC/s-l225.jpg,67611b34-a7e9-497f-9708-651cc015ca6c,f02f5725-b24c-4ee9-a9b5-55edd91d7697,Lillie's Determination,Mega Evolution,184,special_illustration_rare,YES,SINGLE_CARD,RAW,CARD,,,,,Donny,2026-09-16T04:10:43.491260+00:00,,
E13-0269,v1|137741517972|0,https://www.ebay.com/itm/137741517972?_skw=Lillie%27s+Determination+184+Mega+Evolution+Pokemon+card&hash=item201208c494:g:hc4AAeSwtLZqqdRc,The Pokémon Company Pokemon TCG Lillie's Determination 184/132 SIR Holo EN PSA 9,Graded,2750,,"[""FIXED_PRICE""]",zzzjorgezzz,https://i.ebayimg.com/images/g/hc4AAeSwtLZqqdRc/s-l225.jpg,67611b34-a7e9-497f-9708-651cc015ca6c,f02f5725-b24c-4ee9-a9b5-55edd91d7697,Lillie's Determination,Mega Evolution,184,special_illustration_rare,NO,SINGLE_CARD,GRADED,CARD,,,,,Donny,2026-09-16T03:26:14.450084+00:00,,
E13-0270,v1|198526320857|0,https://www.ebay.com/itm/198526320857?_skw=Lillie%27s+Determination+184+Mega+Evolution+Pokemon+card&hash=item2e391740d9:g:fd8AAeSwlYhqZn7z,Pokemon TCG 2025 Lillie's Determination 184/132 SIR Holo PSA 10,Graded,2750,,"[""FIXED_PRICE"", ""BEST_OFFER""]",kendzo-0,https://i.ebayimg.com/images/g/fd8AAeSwlYhqZn7z/s-l225.jpg,67611b34-a7e9-497f-9708-651cc015ca6c,f02f5725-b24c-4ee9-a9b5-55edd91d7697,Lillie's Determination,Mega Evolution,184,special_illustration_rare,NO,SINGLE_CARD,GRADED,CARD,,,,,Donny,2026-09-16T03:26:15.954169+00:00,,
E13-0271,v1|178496527849|0,https://www.ebay.com/itm/178496527849?_skw=Lillie%27s+Determination+184+Mega+Evolution+Pokemon+card&hash=item298f38dde9:g:RZYAAeSw4FBqqDf~,Lillie's Determination 184/132 Holofoil SIR Mega Evolution NM Pokemon,Ungraded,4000,,"[""FIXED_PRICE""]",royscardsus,https://i.ebayimg.com/images/g/RZYAAeSw4FBqqDf~/s-l225.jpg,67611b34-a7e9-497f-9708-651cc015ca6c,f02f5725-b24c-4ee9-a9b5-55edd91d7697,Lillie's Determination,Mega Evolution,184,special_illustration_rare,YES,SINGLE_CARD,RAW,CARD,,,,,Donny,2026-09-16T04:11:49.837919+00:00,,
E13-0272,v1|117232045525|0,https://www.ebay.com/itm/117232045525?_skw=Lillie%27s+Determination+184+Mega+Evolution+Pokemon+card&hash=item1b4b930dd5:g:vRsAAeSwMrtqIdLK,Lillie's Determination 2025 Mega Evolution Special Illustration Rare PSA 9 #184,Graded,2750,,"[""FIXED_PRICE"", ""BEST_OFFER""]",sandscards2,https://i.ebayimg.com/images/g/vRsAAeSwMrtqIdLK/s-l225.jpg,67611b34-a7e9-497f-9708-651cc015ca6c,f02f5725-b24c-4ee9-a9b5-55edd91d7697,Lillie's Determination,Mega Evolution,184,special_illustration_rare,NO,SINGLE_CARD,GRADED,CARD,,,,,Donny,2026-09-16T03:26:18.311014+00:00,,
E13-0273,v1|398398662500|0,https://www.ebay.com/itm/398398662500?_skw=Gouging+Fire+ex+204+Temporal+Forces+Pokemon+card&hash=item5cc2692764:g:ZqgAAeSwUERqqdZF,Gouging Fire ex 204/162 SV05: Temporal Forces Speical Illustration Rare NM,Ungraded,4000,,"[""FIXED_PRICE"", ""BEST_OFFER""]",brb-collecting,https://i.ebayimg.com/images/g/ZqgAAeSwUERqqdZF/s-l225.jpg,6a1e2c02-b24d-4001-96f1-8bc2a24d8ccd,de749ceb-28f9-4977-b425-a83f69a3cf55,Gouging Fire ex,Temporal Forces,204,special_illustration_rare,YES,SINGLE_CARD,RAW,CARD,,,,,Donny,2026-09-16T04:14:55.073795+00:00,,
E13-0274,v1|198644236997|0,https://www.ebay.com/itm/198644236997?_skw=Gouging+Fire+ex+204+Temporal+Forces+Pokemon+card&hash=item2e401e82c5:g:gAgAAeSwN1lqqcV7,Gouging Fire EX - 204/162 - Temporal Forces - SIR Rare TCG Card NM Pokemon,Ungraded,4000,,"[""FIXED_PRICE"", ""BEST_OFFER""]",28083003,https://i.ebayimg.com/images/g/gAgAAeSwN1lqqcV7/s-l225.jpg,6a1e2c02-b24d-4001-96f1-8bc2a24d8ccd,de749ceb-28f9-4977-b425-a83f69a3cf55,Gouging Fire ex,Temporal Forces,204,special_illustration_rare,YES,SINGLE_CARD,RAW,CARD,,,,,Donny,2026-09-16T03:39:06.509187+00:00,,
E13-0275,v1|307177796818|0,https://www.ebay.com/itm/307177796818?_skw=Gouging+Fire+ex+204+Temporal+Forces+Pokemon+card&hash=item47853934d2:g:Vf8AAeSwEutqpyZj,Pokemon TCG Gouging Fire ex 204/162 SV05 Temporal Forces Full Art Holo Secret,Ungraded,4000,,"[""FIXED_PRICE"", ""BEST_OFFER""]",seba-811116,https://i.ebayimg.com/images/g/Vf8AAeSwEutqpyZj/s-l225.jpg,6a1e2c02-b24d-4001-96f1-8bc2a24d8ccd,de749ceb-28f9-4977-b425-a83f69a3cf55,Gouging Fire ex,Temporal Forces,204,special_illustration_rare,YES,SINGLE_CARD,RAW,CARD,,,,,Donny,2026-09-16T04:14:51.375216+00:00,,
E13-0276,v1|137718029525|0,https://www.ebay.com/itm/137718029525?_skw=Gouging+Fire+ex+204+Temporal+Forces&hash=item2010a25cd5:g:RdoAAeSwDudqoXAg,Pokémon Gouging Fire ex 204/162 SV05: Temporal Forces Holo Tag 10,Graded,2750,,"[""FIXED_PRICE"", ""BEST_OFFER""]",timmy.grails.tcg,https://i.ebayimg.com/images/g/RdoAAeSwDudqoXAg/s-l225.jpg,6a1e2c02-b24d-4001-96f1-8bc2a24d8ccd,de749ceb-28f9-4977-b425-a83f69a3cf55,Gouging Fire ex,Temporal Forces,204,special_illustration_rare,NO,SINGLE_CARD,GRADED,CARD,,,,,Donny,2026-09-16T03:26:22.534966+00:00,,
E13-0277,v1|407212688378|0,https://www.ebay.com/itm/407212688378?_skw=Gouging+Fire+ex+204+Temporal+Forces+Pokemon+card&hash=item5ecfc483fa:g:UWcAAeSwrgxqK2kR,Gouging Fire ex 204/162 SV05: Temporal Forces Special Illustration Rare,Ungraded,4000,,"[""AUCTION""]",nicksbooth,https://i.ebayimg.com/images/g/UWcAAeSwrgxqK2kR/s-l225.jpg,6a1e2c02-b24d-4001-96f1-8bc2a24d8ccd,de749ceb-28f9-4977-b425-a83f69a3cf55,Gouging Fire ex,Temporal Forces,204,special_illustration_rare,YES,SINGLE_CARD,RAW,CARD,,,,,Donny,2026-09-16T04:12:19.416556+00:00,,
E13-0278,v1|177418228451|0,https://www.ebay.com/itm/177418228451?_skw=Gouging+Fire+ex+204+Temporal+Forces&hash=item294ef352e3:g:3ywAAeSw0SNoyg5S,Gouging Fire ex 204/162 Sv05: Temporal Forces Extended Art Case,Ungraded,4000,,"[""FIXED_PRICE""]",ironwood-slabs,https://i.ebayimg.com/images/g/3ywAAeSw0SNoyg5S/s-l225.jpg,6a1e2c02-b24d-4001-96f1-8bc2a24d8ccd,de749ceb-28f9-4977-b425-a83f69a3cf55,Gouging Fire ex,Temporal Forces,204,special_illustration_rare,NO,SINGLE_CARD,RAW,SEALED_OR_NON_CARD,,,,,Donny,2026-09-16T03:26:32.349844+00:00,,
E13-0279,v1|357528098605|0,https://www.ebay.com/itm/357528098605?_skw=Gouging+Fire+ex+204+Temporal+Forces&hash=item533e55d72d:g:QZ8AAeSwbr1or2SP,Gouging Fire ex 204/162 SV05: Temporal Forces Holo,Ungraded,4000,,"[""FIXED_PRICE""]",cardpugs,https://i.ebayimg.com/images/g/QZ8AAeSwbr1or2SP/s-l225.jpg,6a1e2c02-b24d-4001-96f1-8bc2a24d8ccd,de749ceb-28f9-4977-b425-a83f69a3cf55,Gouging Fire ex,Temporal Forces,204,special_illustration_rare,YES,SINGLE_CARD,RAW,CARD,,,,,Donny,2026-09-16T04:13:12.936265+00:00,,
E13-0280,v1|820122774187|0,https://www.ebay.com/itm/820122774187?_skw=Gouging+Fire+ex+204+Temporal+Forces&hash=itembef3206aab:g:H3oAAOSwOstnYz6z,Gouging Fire ex 204/162 Sv05: Temporal Forces Holo,Ungraded,4000,,"[""AUCTION"", ""BEST_OFFER""]",admi-56,https://i.ebayimg.com/images/g/H3oAAOSwOstnYz6z/s-l225.jpg,6a1e2c02-b24d-4001-96f1-8bc2a24d8ccd,de749ceb-28f9-4977-b425-a83f69a3cf55,Gouging Fire ex,Temporal Forces,204,special_illustration_rare,YES,SINGLE_CARD,RAW,CARD,,,,,Donny,2026-09-16T04:13:45.614375+00:00,,
E13-0281,v1|800667158538|0,https://www.ebay.com/itm/800667158538?_skw=Marill+204+Paldea+Evolved+Pokemon+card&hash=itemba6b7b480a:g:SQwAAeSwqrhqqZ2W,Marill 204/193 Sv02: Paldea Evolved Holo,Ungraded,4000,,"[""FIXED_PRICE"", ""BEST_OFFER""]",jermbles,https://i.ebayimg.com/images/g/SQwAAeSwqrhqqZ2W/s-l225.jpg,6a2b87e5-f90b-48f4-be30-a77258bee660,36134e45-4899-474f-88f0-b540ba618b49,Marill,Paldea Evolved,204,illustration_rare,YES,SINGLE_CARD,RAW,CARD,,,,,Donny,2026-09-16T04:15:05.554863+00:00,,
E13-0282,v1|307181444160|0,https://www.ebay.com/itm/307181444160?_skw=Marill+204+Paldea+Evolved+Pokemon+card&hash=item478570dc40:g:l1wAAeSwnnJqqfU0,2023 POKEMON PALDEA EVOLVED MARILL 204/193 ILLUSTRATION RARE IR TAG 10 GEM MINT,Graded,2750,,"[""FIXED_PRICE"", ""BEST_OFFER""]",korlash_card_shop,https://i.ebayimg.com/images/g/l1wAAeSwnnJqqfU0/s-l225.jpg,6a2b87e5-f90b-48f4-be30-a77258bee660,36134e45-4899-474f-88f0-b540ba618b49,Marill,Paldea Evolved,204,illustration_rare,NO,SINGLE_CARD,GRADED,CARD,,,,,Donny,2026-09-16T03:26:37.873607+00:00,,
E13-0283,v1|327359048712|0,https://www.ebay.com/itm/327359048712?_skw=Marill+204+Paldea+Evolved+Pokemon+card&hash=item4c381eac08:g:2IkAAeSwwlhqqRmH,Pokémon TCG Marill 204/193 Paldea Evolved Illustration Rare Holo EN 2023 PSA 9,Graded,2750,,"[""FIXED_PRICE"", ""BEST_OFFER""]",ericscardvault,https://i.ebayimg.com/images/g/2IkAAeSwwlhqqRmH/s-l225.jpg,6a2b87e5-f90b-48f4-be30-a77258bee660,36134e45-4899-474f-88f0-b540ba618b49,Marill,Paldea Evolved,204,illustration_rare,NO,SINGLE_CARD,GRADED,CARD,,,,,Donny,2026-09-16T03:26:39.420914+00:00,,
E13-0284,v1|128081402884|0,https://www.ebay.com/itm/128081402884?_skw=Marill+204+Paldea+Evolved+Pokemon+card&hash=item1dd23f1c04:g:saYAAeSwmuxqqZv6,Marill 204/193 Illustration Rare Alt Art Holo English Paldea Evolved PCG 8.5,Graded,2750,,"[""FIXED_PRICE""]",official.business,https://i.ebayimg.com/images/g/saYAAeSwmuxqqZv6/s-l225.jpg,6a2b87e5-f90b-48f4-be30-a77258bee660,36134e45-4899-474f-88f0-b540ba618b49,Marill,Paldea Evolved,204,illustration_rare,NO,SINGLE_CARD,GRADED,CARD,,,,,Donny,2026-09-16T03:26:41.160623+00:00,,
E13-0285,v1|267786097543|0,https://www.ebay.com/itm/267786097543?_skw=Marill+204+Paldea+Evolved+Pokemon+card&hash=item3e594b9387:g:LmEAAeSw-0FqqVM~,The Pokémon Company Marill 204/193 Paldea Evolved IR Holo Eng,Ungraded,4000,,"[""FIXED_PRICE"", ""BEST_OFFER""]",luomascardhunt,https://i.ebayimg.com/images/g/LmEAAeSw-0FqqVM~/s-l225.jpg,6a2b87e5-f90b-48f4-be30-a77258bee660,36134e45-4899-474f-88f0-b540ba618b49,Marill,Paldea Evolved,204,illustration_rare,YES,SINGLE_CARD,RAW,CARD,,,,,Donny,2026-09-16T04:11:15.893791+00:00,,
E13-0286,v1|198643033322|0,https://www.ebay.com/itm/198643033322?_skw=Marill+204+Paldea+Evolved+Pokemon+card&hash=item2e400c24ea:g:mqQAAeSwFXdqqRR-,Nintendo Pokemon TCG sv2P Snow Hazard Marill 073/071 AR Jpn Holo 70 HP,Ungraded,4000,,"[""FIXED_PRICE"", ""BEST_OFFER""]",elevatedrips,https://i.ebayimg.com/images/g/mqQAAeSwFXdqqRR-/s-l225.jpg,6a2b87e5-f90b-48f4-be30-a77258bee660,36134e45-4899-474f-88f0-b540ba618b49,Marill,Paldea Evolved,204,illustration_rare,NO,SINGLE_CARD,RAW,CARD,,,NON_ENGLISH,,Donny,2026-09-16T04:15:02.202769+00:00,,
E13-0287,v1|178349786783|0,https://www.ebay.com/itm/178349786783?_skw=Marill+204+Paldea+Evolved+Pokemon+card&hash=item298679c69f:g:fUgAAeSwogFqaAMD,Pokemon TCG Card Paldea Evolved Marill Illustration Rare 204/193 Near Mint,Ungraded,4000,,"[""FIXED_PRICE"", ""BEST_OFFER""]",kb.cardz,https://i.ebayimg.com/images/g/fUgAAeSwogFqaAMD/s-l225.jpg,6a2b87e5-f90b-48f4-be30-a77258bee660,36134e45-4899-474f-88f0-b540ba618b49,Marill,Paldea Evolved,204,illustration_rare,YES,SINGLE_CARD,RAW,CARD,,,,,Donny,2026-09-16T04:15:12.306780+00:00,,
E13-0288,v1|178496950078|0,https://www.ebay.com/itm/178496950078?_skw=Marill+204+Paldea+Evolved+Pokemon+card&hash=item298f3f4f3e:g:ZXUAAeSwquFqqGty,SV02: Paldea Evolved Marill #204/193,Ungraded,4000,,"[""FIXED_PRICE""]",orbsportscards,https://i.ebayimg.com/images/g/ZXUAAeSwquFqqGty/s-l225.jpg,6a2b87e5-f90b-48f4-be30-a77258bee660,36134e45-4899-474f-88f0-b540ba618b49,Marill,Paldea Evolved,204,illustration_rare,YES,SINGLE_CARD,RAW,CARD,,,,,Donny,2026-09-16T04:11:40.731221+00:00,,
E13-0289,v1|800638803299|0,https://www.ebay.com/itm/800638803299?_skw=Team+Rocket%27s+Mewtwo+ex+231+Destined+Rivals+Pokemon+card&hash=itemba69ca9d63:g:iAYAAeSw14xqoh4N,The Pokémon Company Team Rocket's Mewtwo ex 231/182 SIR Holo 280 HP EN,Ungraded,4000,,"[""AUCTION""]",thesportsgarage1,https://i.ebayimg.com/images/g/iAYAAeSw14xqoh4N/s-l225.jpg,6a980108-6683-4461-ac9a-c81a27326dee,129a7668-0ba7-4f77-8585-3847e6c3d342,Team Rocket's Mewtwo ex,Destined Rivals,231,special_illustration_rare,YES,SINGLE_CARD,RAW,CARD,,,,,Donny,2026-09-16T04:13:38.342521+00:00,,
E13-0290,v1|318810627638|0,https://www.ebay.com/itm/318810627638?_skw=Team+Rocket%27s+Mewtwo+ex+231+Destined+Rivals+Pokemon+card&hash=item4a3a981e36:g:UXkAAeSwNuRqlwlA,2025 POKEMON DESTINED RIVALS TEAM ROCKET'S MEWTWO EX 231/182 ⭐️CGC 10 GEM MINT⭐️,Graded,2750,,"[""FIXED_PRICE""]",archangeltcg,https://i.ebayimg.com/images/g/UXkAAeSwNuRqlwlA/s-l225.jpg,6a980108-6683-4461-ac9a-c81a27326dee,129a7668-0ba7-4f77-8585-3847e6c3d342,Team Rocket's Mewtwo ex,Destined Rivals,231,special_illustration_rare,NO,SINGLE_CARD,GRADED,CARD,,,,,Donny,2026-09-16T03:26:47.137738+00:00,,
E13-0291,v1|287586429197|0,https://www.ebay.com/itm/287586429197?_skw=Team+Rocket%27s+Mewtwo+ex+231+Destined+Rivals+Pokemon+card&hash=item42f57ca90d:g:ssAAAeSwtMVqqEKf,TAG 10 Rank 10 Team Rocket's Mewtwo ex 231/182 Sv10: Destined Rivals Holo SIR,Graded,2750,,"[""FIXED_PRICE"", ""BEST_OFFER""]",peonxbl,https://i.ebayimg.com/images/g/ssAAAeSwtMVqqEKf/s-l225.jpg,6a980108-6683-4461-ac9a-c81a27326dee,129a7668-0ba7-4f77-8585-3847e6c3d342,Team Rocket's Mewtwo ex,Destined Rivals,231,special_illustration_rare,NO,SINGLE_CARD,GRADED,CARD,,,,,Donny,2026-09-16T03:26:48.863527+00:00,,
E13-0292,v1|257587365004|0,https://www.ebay.com/itm/257587365004?_skw=Team+Rocket%27s+Mewtwo+ex+231+Destined+Rivals+Pokemon+card&hash=item3bf967448c:g:4l4AAeSwxiZqPcIV,Rocket's Mewtwo MINT PSA 9ex 231/182 Sv10 Destined Rivals SIR Holo,Graded,2750,,"[""FIXED_PRICE"", ""BEST_OFFER""]",downsouthtix,https://i.ebayimg.com/images/g/4l4AAeSwxiZqPcIV/s-l225.jpg,6a980108-6683-4461-ac9a-c81a27326dee,129a7668-0ba7-4f77-8585-3847e6c3d342,Team Rocket's Mewtwo ex,Destined Rivals,231,special_illustration_rare,NO,SINGLE_CARD,GRADED,CARD,,,,,Donny,2026-09-16T03:26:50.230733+00:00,,
E13-0293,v1|407209711310|0,https://www.ebay.com/itm/407209711310?_skw=Team+Rocket%27s+Mewtwo+ex+231+Destined+Rivals+Pokemon+card&hash=item5ecf9716ce:g:V1sAAeSwM-xqpDOW,Team Rocket's Mewtwo ex Special Illustration Rare SV10: Destined Rivals 231/182,Ungraded,4000,,"[""FIXED_PRICE"", ""BEST_OFFER""]",evolvingchasers,https://i.ebayimg.com/images/g/V1sAAeSwM-xqpDOW/s-l225.jpg,6a980108-6683-4461-ac9a-c81a27326dee,129a7668-0ba7-4f77-8585-3847e6c3d342,Team Rocket's Mewtwo ex,Destined Rivals,231,special_illustration_rare,YES,SINGLE_CARD,RAW,CARD,,,,,Donny,2026-09-16T04:11:41.713376+00:00,,
E13-0294,v1|820124506833|0,https://www.ebay.com/itm/820124506833?_skw=Team+Rocket%27s+Mewtwo+ex+231+Destined+Rivals+Pokemon+card&hash=itembef33adad1:g:yVkAAeSwMYBqp31-,2025 POKEMON DRI EN-DESTINED RIVALS #231 TEAM ROCKET'S MEWTWO EX PSA 10,Graded,2750,,"[""FIXED_PRICE"", ""BEST_OFFER""]",bagjacob,https://i.ebayimg.com/images/g/yVkAAeSwMYBqp31-/s-l225.jpg,6a980108-6683-4461-ac9a-c81a27326dee,129a7668-0ba7-4f77-8585-3847e6c3d342,Team Rocket's Mewtwo ex,Destined Rivals,231,special_illustration_rare,NO,SINGLE_CARD,GRADED,CARD,,,,,Donny,2026-09-16T03:26:53.016693+00:00,,
E13-0295,v1|227495277272|0,https://www.ebay.com/itm/227495277272?_skw=Team+Rocket%27s+Mewtwo+ex+231+Destined+Rivals+Pokemon+card&hash=item34f7c672d8:g:lmsAAeSwjU9qkXkh,Team Rocket's Mewtwo ex 231/182 Sv10: Destined Rivals Full Art Holo (DR),Ungraded,4000,,"[""FIXED_PRICE"", ""BEST_OFFER""]",miahspokeshop,https://i.ebayimg.com/images/g/lmsAAeSwjU9qkXkh/s-l225.jpg,6a980108-6683-4461-ac9a-c81a27326dee,129a7668-0ba7-4f77-8585-3847e6c3d342,Team Rocket's Mewtwo ex,Destined Rivals,231,special_illustration_rare,NO,SINGLE_CARD,RAW,CARD,INCONSISTENT,,,,Donny,2026-09-16T03:26:55.135718+00:00,,
E13-0296,v1|147573262661|0,https://www.ebay.com/itm/147573262661?_skw=Team+Rocket%27s+Mewtwo+ex+231+Destined+Rivals+Pokemon+card&hash=item225c0d4945:g:ILsAAeSw6BlqqEr~,Pokemon Destined Rivals Team Rockets Mewtwo EX 231/182 SIR TAG Grade 10,Graded,2750,,"[""FIXED_PRICE"", ""BEST_OFFER""]",delasnicho,https://i.ebayimg.com/images/g/ILsAAeSw6BlqqEr~/s-l225.jpg,6a980108-6683-4461-ac9a-c81a27326dee,129a7668-0ba7-4f77-8585-3847e6c3d342,Team Rocket's Mewtwo ex,Destined Rivals,231,special_illustration_rare,NO,SINGLE_CARD,GRADED,CARD,,,,,Donny,2026-09-16T03:26:56.897157+00:00,,
E13-0297,v1|267684959832|0,https://www.ebay.com/itm/267684959832?_skw=Arbok+101+Temporal+Forces+Pokemon+card&hash=item3e53445658:g:-9MAAeSwKZVqG1Op,Arbok 101/162 Common Temporal Forces Pokemon Reverse Holo LP ~22509,Ungraded,4000,,"[""FIXED_PRICE""]",wysiwygcards,https://i.ebayimg.com/images/g/-9MAAeSwKZVqG1Op/s-l225.jpg,740ad74c-8c0c-411f-9ec7-2c734210b8f1,e8c344f6-9bee-4ad6-8356-63ee4e2988cf,Arbok,Temporal Forces,101,common,NO,SINGLE_CARD,RAW,CARD,,,,INCONSISTENT,Donny,2026-09-16T03:26:58.950653+00:00,,
E13-0298,v1|198643656002|0,https://www.ebay.com/itm/198643656002?_skw=Arbok+101+Temporal+Forces+Pokemon+card&hash=item2e4015a542:g:eV0AAeSwAMdqqW4p,Arbok 101/162 Common Temporal Forces Pokemon Near Mint,Ungraded,4000,,"[""FIXED_PRICE""]",gradelinestore,https://i.ebayimg.com/images/g/eV0AAeSwAMdqqW4p/s-l225.jpg,740ad74c-8c0c-411f-9ec7-2c734210b8f1,e8c344f6-9bee-4ad6-8356-63ee4e2988cf,Arbok,Temporal Forces,101,common,YES,SINGLE_CARD,RAW,CARD,,,,,Donny,2026-09-16T04:12:05.022343+00:00,,
E13-0299,v1|800666567529|0,https://www.ebay.com/itm/800666567529?_skw=Arbok+101+Temporal+Forces+Pokemon+card&hash=itemba6b724369:g:lUQAAeSwR7VqqXp0,Arbok 101/162 Common Temporal Forces Pokemon Near Mint,Ungraded,4000,,"[""FIXED_PRICE""]",pallettownpros,https://i.ebayimg.com/images/g/lUQAAeSwR7VqqXp0/s-l225.jpg,740ad74c-8c0c-411f-9ec7-2c734210b8f1,e8c344f6-9bee-4ad6-8356-63ee4e2988cf,Arbok,Temporal Forces,101,common,YES,SINGLE_CARD,RAW,CARD,,,,,Donny,2026-09-16T04:11:39.588673+00:00,,
E13-0300,v1|327311113740|0,https://www.ebay.com/itm/327311113740?_skw=Arbok+101+Temporal+Forces+Pokemon+card&hash=item4c35433e0c:g:gTEAAeSwE-hqgAHA,Arbok 101/162 Common Temporal Forces Pokemon Near Mint,Ungraded,4000,,"[""FIXED_PRICE""]",techfreak619,https://i.ebayimg.com/images/g/gTEAAeSwE-hqgAHA/s-l225.jpg,740ad74c-8c0c-411f-9ec7-2c734210b8f1,e8c344f6-9bee-4ad6-8356-63ee4e2988cf,Arbok,Temporal Forces,101,common,YES,SINGLE_CARD,RAW,CARD,,,,,Donny,2026-09-16T04:11:28.746936+00:00,,
E13-0301,v1|800434957419|0,https://www.ebay.com/itm/800434957419?_skw=Arbok+101+Temporal+Forces+Pokemon+card&hash=itemba5da42c6b:g:yGsAAeSwx7pqa9fJ,Arbok 101/162 Common Temporal Forces Pokemon NM Minato 2024,Ungraded,4000,,"[""FIXED_PRICE""]",bennysbinder,https://i.ebayimg.com/images/g/yGsAAeSwx7pqa9fJ/s-l225.jpg,740ad74c-8c0c-411f-9ec7-2c734210b8f1,e8c344f6-9bee-4ad6-8356-63ee4e2988cf,Arbok,Temporal Forces,101,common,YES,SINGLE_CARD,RAW,CARD,,,,,Donny,2026-09-16T04:11:19.646512+00:00,,
E13-0302,v1|397974204865|0,https://www.ebay.com/itm/397974204865?_skw=Arbok+101+Temporal+Forces+Pokemon+card&hash=item5ca91c71c1:g:WRIAAeSwEAdqDzN5,Arbok 101/162 Common Temporal Forces Pokemon Reverse Holo Near Mint,Ungraded,4000,,"[""FIXED_PRICE"", ""BEST_OFFER""]",rurap-9,https://i.ebayimg.com/images/g/WRIAAeSwEAdqDzN5/s-l225.jpg,740ad74c-8c0c-411f-9ec7-2c734210b8f1,e8c344f6-9bee-4ad6-8356-63ee4e2988cf,Arbok,Temporal Forces,101,common,NO,SINGLE_CARD,RAW,CARD,INCONSISTENT,,,,Donny,2026-09-16T03:27:41.989677+00:00,,
E13-0303,v1|407216332030|0,https://www.ebay.com/itm/407216332030?_skw=Arbok+101+Temporal+Forces+Pokemon+card&hash=item5ecffc1cfe:g:-gYAAeSw-KZqqBQc,Arbok 101/162 Common Temporal Forces LP Pokemon,Ungraded,4000,,"[""FIXED_PRICE"", ""BEST_OFFER""]",b.white-475,https://i.ebayimg.com/images/g/-gYAAeSw-KZqqBQc/s-l225.jpg,740ad74c-8c0c-411f-9ec7-2c734210b8f1,e8c344f6-9bee-4ad6-8356-63ee4e2988cf,Arbok,Temporal Forces,101,common,YES,SINGLE_CARD,RAW,CARD,,,,,Donny,2026-09-16T04:13:04.393811+00:00,,
E13-0304,v1|407216331732|0,https://www.ebay.com/itm/407216331732?_skw=Arbok+101+Temporal+Forces+Pokemon+card&hash=item5ecffc1bd4:g:QhgAAeSwwDVqqBQU,Arbok Reverse Holofoil 101/162 Common Temporal Forces LP Pokemon,Ungraded,4000,,"[""FIXED_PRICE"", ""BEST_OFFER""]",b.white-475,https://i.ebayimg.com/images/g/QhgAAeSwwDVqqBQU/s-l225.jpg,740ad74c-8c0c-411f-9ec7-2c734210b8f1,e8c344f6-9bee-4ad6-8356-63ee4e2988cf,Arbok,Temporal Forces,101,common,NO,SINGLE_CARD,RAW,CARD,INCONSISTENT,,,,Donny,2026-09-16T03:27:46.960690+00:00,,
E13-0305,v1|327330843695|0,https://www.ebay.com/itm/327330843695?_skw=Mega+Darkrai+ex+116+Pitch+Black+Pokemon+card&hash=item4c36704c2f:g:B2IAAeSwbr9qkbfy,Mega Darkrai ex 116/084 POKEMON Pitch Black Holo SIR MINT Pack Fresh FREE SHIP,Ungraded,4000,,"[""FIXED_PRICE"", ""BEST_OFFER""]",tacticaltreasurestcg,https://i.ebayimg.com/images/g/B2IAAeSwbr9qkbfy/s-l225.jpg,75720435-3807-46b6-b3da-5e1c53b77822,9ad0c133-f133-45ab-9b3f-494199354e20,Mega Darkrai ex,Pitch Black,116,special_illustration_rare,YES,SINGLE_CARD,RAW,CARD,,,,,Donny,2026-09-16T04:15:06.920909+00:00,,
E13-0306,v1|407080998596|0,https://www.ebay.com/itm/407080998596?_skw=Mega+Darkrai+ex+116+Pitch+Black+Pokemon+card&hash=item5ec7eb16c4:g:Mo4AAeSw8fBqWuK6,Mega Darkrai EX 116/084 Pitch Black Full Art Special Illustration Rare English ,Ungraded,4000,,"[""FIXED_PRICE"", ""BEST_OFFER""]",jbuck-41,https://i.ebayimg.com/images/g/Mo4AAeSw8fBqWuK6/s-l225.jpg,75720435-3807-46b6-b3da-5e1c53b77822,9ad0c133-f133-45ab-9b3f-494199354e20,Mega Darkrai ex,Pitch Black,116,special_illustration_rare,YES,SINGLE_CARD,RAW,CARD,,,,,Donny,2026-09-16T04:11:34.300472+00:00,,
E13-0307,v1|206559269148|0,https://www.ebay.com/itm/206559269148?_skw=Mega+Darkrai+ex+116+Pitch+Black+Pokemon+card&hash=item3017e4511c:g:49wAAeSwdo1qqZqp,Pokemon Mega Darkrai EX 116/84 pitch black Near Mint  ,Ungraded,4000,,"[""FIXED_PRICE"", ""BEST_OFFER""]",crismed_0,https://i.ebayimg.com/images/g/49wAAeSwdo1qqZqp/s-l225.jpg,75720435-3807-46b6-b3da-5e1c53b77822,9ad0c133-f133-45ab-9b3f-494199354e20,Mega Darkrai ex,Pitch Black,116,special_illustration_rare,YES,SINGLE_CARD,RAW,CARD,,,,,Donny,2026-09-16T04:11:48.355376+00:00,,
E13-0308,v1|398397644755|0,https://www.ebay.com/itm/398397644755?_skw=Mega+Darkrai+ex+116+Pitch+Black+Pokemon+card&hash=item5cc2599fd3:g:i7oAAeSwpwVqqXKP,Mega Darkrai ex - #116/084 - Special Illustration Rare - Pitch Black (NM),Ungraded,4000,,"[""FIXED_PRICE"", ""BEST_OFFER""]",sneakysshop,https://i.ebayimg.com/images/g/i7oAAeSwpwVqqXKP/s-l225.jpg,75720435-3807-46b6-b3da-5e1c53b77822,9ad0c133-f133-45ab-9b3f-494199354e20,Mega Darkrai ex,Pitch Black,116,special_illustration_rare,UNCERTAIN,UNCERTAIN,UNCERTAIN,UNCERTAIN,,,,,Donny,2026-09-16T03:28:00.605092+00:00,,
E13-0309,v1|206559836228|0,https://www.ebay.com/itm/206559836228?_skw=Mega+Darkrai+ex+116+Pitch+Black+Pokemon+card&hash=item3017ecf844:g:DYYAAeSw2uxqqeZM,Mega Darkrai ex 116/084 Me05: Pitch Black Holo,Ungraded,4000,,"[""FIXED_PRICE"", ""BEST_OFFER""]",robbydrewz_5,https://i.ebayimg.com/images/g/DYYAAeSw2uxqqeZM/s-l225.jpg,75720435-3807-46b6-b3da-5e1c53b77822,9ad0c133-f133-45ab-9b3f-494199354e20,Mega Darkrai ex,Pitch Black,116,special_illustration_rare,YES,SINGLE_CARD,RAW,CARD,,,,,Donny,2026-09-16T04:11:21.296316+00:00,,
E13-0310,v1|278343509242|0,https://www.ebay.com/itm/278343509242?_skw=Mega+Darkrai+ex+116+Pitch+Black+Pokemon+card&hash=item40ce90e4fa:g:JAkAAeSwislqmxNX,MEGA DARKRAI EX 116/084 SPECIAL ILLUSTRATION RAREPITCH BLACK POKEMON HOLO,Ungraded,4000,,"[""FIXED_PRICE""]",salarichale,https://i.ebayimg.com/images/g/JAkAAeSwislqmxNX/s-l225.jpg,75720435-3807-46b6-b3da-5e1c53b77822,9ad0c133-f133-45ab-9b3f-494199354e20,Mega Darkrai ex,Pitch Black,116,special_illustration_rare,YES,SINGLE_CARD,RAW,CARD,,,,,Donny,2026-09-16T04:15:03.961445+00:00,,
E13-0311,v1|168691046860|0,https://www.ebay.com/itm/168691046860?_skw=Mega+Darkrai+ex+116+Pitch+Black+Pokemon+card&hash=item2746c519cc:g:O5gAAeSwZsZqp0VE,Mega Darkrai Ex Special Illustration Rare 116/084,Ungraded,4000,,"[""AUCTION""]",ngro8495,https://i.ebayimg.com/images/g/O5gAAeSwZsZqp0VE/s-l225.jpg,75720435-3807-46b6-b3da-5e1c53b77822,9ad0c133-f133-45ab-9b3f-494199354e20,Mega Darkrai ex,Pitch Black,116,special_illustration_rare,YES,SINGLE_CARD,RAW,CARD,,,,,Donny,2026-09-16T04:11:10.235079+00:00,,
E13-0312,v1|147516925211|0,https://www.ebay.com/itm/147516925211?_skw=Mega+Darkrai+ex+116+Pitch+Black+Pokemon+card&hash=item2258b1a51b:g:MTAAAeSwijdqhplm,Mega Darkrai ex 116/084 Me05: Pitch Black Holo,Ungraded,4000,,"[""FIXED_PRICE"", ""BEST_OFFER""]",gre584665,https://i.ebayimg.com/images/g/MTAAAeSwijdqhplm/s-l225.jpg,75720435-3807-46b6-b3da-5e1c53b77822,9ad0c133-f133-45ab-9b3f-494199354e20,Mega Darkrai ex,Pitch Black,116,special_illustration_rare,YES,SINGLE_CARD,RAW,CARD,,,,,Donny,2026-09-16T04:11:41.245409+00:00,,
E13-0313,v1|137741247539|0,https://www.ebay.com/itm/137741247539?_skw=Crustle+183+Paradox+Rift+Pokemon+card&hash=item201204a433:g:SjAAAeSwTbZqqb4p,Crustle 183/182 - SV04: Paradox Rift - (NM),Ungraded,4000,,"[""FIXED_PRICE"", ""BEST_OFFER""]",myferrouswheel,https://i.ebayimg.com/images/g/SjAAAeSwTbZqqb4p/s-l225.jpg,77b44a76-26f7-4fa0-a548-c29870a7bb68,63f84d31-df83-456f-bd4c-e59b7e2ba541,Crustle,Paradox Rift,183,illustration_rare,YES,SINGLE_CARD,RAW,CARD,,,,,Donny,2026-09-16T04:11:13.959746+00:00,,
E13-0314,v1|128081558859|0,https://www.ebay.com/itm/128081558859?_skw=Crustle+183+Paradox+Rift+Pokemon+card&hash=item1dd2417d4b:g:MBQAAeSwmuxqqb5w,Crustle 183/182 SV04 Paradox Rift Illustration Rare Full Art Holo English,Ungraded,4000,,"[""FIXED_PRICE"", ""BEST_OFFER""]",kingjimmy02,https://i.ebayimg.com/images/g/MBQAAeSwmuxqqb5w/s-l225.jpg,77b44a76-26f7-4fa0-a548-c29870a7bb68,63f84d31-df83-456f-bd4c-e59b7e2ba541,Crustle,Paradox Rift,183,illustration_rare,YES,SINGLE_CARD,RAW,CARD,,,,,Donny,2026-09-16T04:14:56.953889+00:00,,
E13-0315,v1|157892394798|0,https://www.ebay.com/itm/157892394798?_skw=Crustle+183+Paradox+Rift+Pokemon+card&hash=item24c31ebf2e:g:4i4AAeSwp2Jp~LFM&amdata=enc%3AAQALAAABAACCtXRWQnOEpyOqnQQ8KGbZ0vzs7jiWYSvSpz5WB0mfRkR0tBtajFSIlrYNdok%2Bum8CORhNy0nk9x0IG28w1SGABpzme8vRHkdPiUjR7MuYJX5s%2FuHL1gMeM%2FgAelDu%2FCwPNQ3iEYAQPav7zPJ8N1%2FQJw0pFVc%2BLcanXY7BchqCLMQg5GibPOlsI%2FVtBBO4H8peG8Hb73mhfBAr5%2F9Ow1uUwz%2FcK0AhsvMNMoqb8cH3XyqMI4siaveVSPD9iOQ6U6xAIXAMXLQ438GHRHfVSVb%2FXH866V%2FfDMfdfuhdmw742Dzf3fJ0p3D05aki0fM7knl4%2FvBfrWXaoY0ktRMvjBo%3D,Crustle 183/182 SV04: Paradox Rift Holo Illustration Rare CGC Gem Mint 10,Graded,2750,,"[""FIXED_PRICE"", ""BEST_OFFER""]",pokecrazimon121,https://i.ebayimg.com/images/g/4i4AAeSwp2Jp~LFM/s-l225.jpg,77b44a76-26f7-4fa0-a548-c29870a7bb68,63f84d31-df83-456f-bd4c-e59b7e2ba541,Crustle,Paradox Rift,183,illustration_rare,NO,SINGLE_CARD,GRADED,CARD,,,,,Donny,2026-09-16T03:28:10.249887+00:00,,
E13-0316,v1|267782675736|0,https://www.ebay.com/itm/267782675736?_skw=Crustle+183+Paradox+Rift+Pokemon+card&hash=item3e59175d18:g:zrwAAeSwz2tqpFMX,Crustle Paradox Rift 183/182 IR Holo Pokémon — English NM,Ungraded,4000,,"[""FIXED_PRICE""]",cardpulsetcg,https://i.ebayimg.com/images/g/zrwAAeSwz2tqpFMX/s-l225.jpg,77b44a76-26f7-4fa0-a548-c29870a7bb68,63f84d31-df83-456f-bd4c-e59b7e2ba541,Crustle,Paradox Rift,183,illustration_rare,YES,SINGLE_CARD,RAW,CARD,,,,,Donny,2026-09-16T04:13:06.971791+00:00,,
E13-0317,v1|820123337567|0,https://www.ebay.com/itm/820123337567?_skw=Crustle+183+Paradox+Rift+Pokemon+card&hash=itembef329035f:g:r88AAeSwr9Jqpxra,Crustle Holo 183/182 Illustration Rare Paradox Rift Pokemon NM,Ungraded,4000,,"[""FIXED_PRICE""]",nextgencollect,https://i.ebayimg.com/images/g/r88AAeSwr9Jqpxra/s-l225.jpg,77b44a76-26f7-4fa0-a548-c29870a7bb68,63f84d31-df83-456f-bd4c-e59b7e2ba541,Crustle,Paradox Rift,183,illustration_rare,YES,SINGLE_CARD,RAW,CARD,,,,,Donny,2026-09-16T04:14:54.396382+00:00,,
E13-0318,v1|318870965254|0,https://www.ebay.com/itm/318870965254?_skw=Crustle+183+Paradox+Rift+Pokemon+card&hash=item4a3e30cc06:g:mJUAAeSwo-lqqEHp,Crustle PAR 183/182 Holo,Ungraded,4000,,"[""FIXED_PRICE""]",thepokeokie,https://i.ebayimg.com/images/g/mJUAAeSwo-lqqEHp/s-l225.jpg,77b44a76-26f7-4fa0-a548-c29870a7bb68,63f84d31-df83-456f-bd4c-e59b7e2ba541,Crustle,Paradox Rift,183,illustration_rare,YES,SINGLE_CARD,RAW,CARD,,,,,Donny,2026-09-16T03:39:19.689919+00:00,,
E13-0319,v1|398390928718|0,https://www.ebay.com/itm/398390928718?_skw=Crustle+183+Paradox+Rift+Pokemon+card&hash=item5cc1f3254e:g:TDgAAeSwPphqpsGE,Crustle Holo Illustration Rare SV04: Paradox Rift 183/182 NM,Ungraded,4000,,"[""FIXED_PRICE"", ""BEST_OFFER""]",remoteventures,https://i.ebayimg.com/images/g/TDgAAeSwPphqpsGE/s-l225.jpg,77b44a76-26f7-4fa0-a548-c29870a7bb68,63f84d31-df83-456f-bd4c-e59b7e2ba541,Crustle,Paradox Rift,183,illustration_rare,YES,SINGLE_CARD,RAW,CARD,,,,,Donny,2026-09-16T04:14:35.052988+00:00,,
E13-0320,v1|178490253430|0,https://www.ebay.com/itm/178490253430?_skw=Crustle+183+Paradox+Rift+Pokemon+card&hash=item298ed92076:g:S7sAAeSwx6lqpWTF,Pokemon TCG Paradox Rift Crustle 183/182 Illustration Rare Full Art B,Ungraded,4000,,"[""AUCTION""]",jab_collect,https://i.ebayimg.com/images/g/S7sAAeSwx6lqpWTF/s-l225.jpg,77b44a76-26f7-4fa0-a548-c29870a7bb68,63f84d31-df83-456f-bd4c-e59b7e2ba541,Crustle,Paradox Rift,183,illustration_rare,YES,SINGLE_CARD,RAW,CARD,,,,,Donny,2026-09-16T04:11:33.837101+00:00,,
E13-0321,v1|227453097478|0,https://www.ebay.com/itm/227453097478?_skw=Cresselia+71+Shrouded+Fable+Pokemon+card&hash=item34f542d606:g:qv4AAeSwBEtqab1B,Cresselia 021/064 Rare Shrouded Fable Pokemon Holo Near Mint,Ungraded,4000,,"[""FIXED_PRICE""]",bxmber,https://i.ebayimg.com/images/g/qv4AAeSwBEtqab1B/s-l225.jpg,7b00ea04-5c2a-4172-8025-afba48ddacb3,94d01e3d-09de-4d04-a0d8-1f36a5cfe684,Cresselia,Shrouded Fable,71,illustration_rare,NO,SINGLE_CARD,RAW,CARD,INCONSISTENT,,,,Donny,2026-09-16T03:28:20.613055+00:00,,
E13-0322,v1|227523059183|0,https://www.ebay.com/itm/227523059183?_skw=Cresselia+71+Shrouded+Fable+Pokemon+card&hash=item34f96e5def:g:d9cAAeSwiiJqqYjD,Cresselia 021/064 Rare Shrouded Fable Pokemon Holo Near Mint,Ungraded,4000,,"[""FIXED_PRICE""]",bxmber,https://i.ebayimg.com/images/g/d9cAAeSwiiJqqYjD/s-l225.jpg,7b00ea04-5c2a-4172-8025-afba48ddacb3,94d01e3d-09de-4d04-a0d8-1f36a5cfe684,Cresselia,Shrouded Fable,71,illustration_rare,NO,SINGLE_CARD,RAW,CARD,INCONSISTENT,,,,Donny,2026-09-16T03:28:22.318259+00:00,,
E13-0323,v1|168613834854|0,https://www.ebay.com/itm/168613834854?_skw=Cresselia+71+Shrouded+Fable+Pokemon+card&hash=item27422af066:g:gOAAAeSwDzRqf1S0,Pokemon Cresselia 021/064 Shrouded Fable Rare Holo NM,Ungraded,4000,,"[""FIXED_PRICE"", ""BEST_OFFER""]",dollacardz,https://i.ebayimg.com/images/g/gOAAAeSwDzRqf1S0/s-l225.jpg,7b00ea04-5c2a-4172-8025-afba48ddacb3,94d01e3d-09de-4d04-a0d8-1f36a5cfe684,Cresselia,Shrouded Fable,71,illustration_rare,NO,SINGLE_CARD,RAW,CARD,INCONSISTENT,,,,Donny,2026-09-16T03:28:23.674975+00:00,,
E13-0324,v1|800627077629|0,https://www.ebay.com/itm/800627077629?_skw=Cresselia+71+Shrouded+Fable+Pokemon+card&hash=itemba6917b1fd:g:vysAAeSwjadqnv-3,Cresselia 021/064 Rare Shrouded Fable Pokemon Holo Near Mint,Ungraded,4000,,"[""FIXED_PRICE""]",grootradingcards,https://i.ebayimg.com/images/g/vysAAeSwjadqnv-3/s-l225.jpg,7b00ea04-5c2a-4172-8025-afba48ddacb3,94d01e3d-09de-4d04-a0d8-1f36a5cfe684,Cresselia,Shrouded Fable,71,illustration_rare,NO,SINGLE_CARD,RAW,CARD,INCONSISTENT,,,,Donny,2026-09-16T03:28:25.057945+00:00,,
E13-0325,v1|398393737820|0,https://www.ebay.com/itm/398393737820?_skw=Cresselia+71+Shrouded+Fable+Pokemon+card&hash=item5cc21e025c:g:r2QAAeSw4~Bqp-YV,Pokemon TCG Cresselia 071/064 Sv: Shrouded Fable Holo Eng Illus Rare 120HP,Ungraded,4000,,"[""AUCTION"", ""BEST_OFFER""]",aaavinyl,https://i.ebayimg.com/images/g/r2QAAeSw4~Bqp-YV/s-l225.jpg,7b00ea04-5c2a-4172-8025-afba48ddacb3,94d01e3d-09de-4d04-a0d8-1f36a5cfe684,Cresselia,Shrouded Fable,71,illustration_rare,YES,SINGLE_CARD,RAW,CARD,,,,,Donny,2026-09-16T04:11:15.329593+00:00,,
E13-0326,v1|287556513285|0,https://www.ebay.com/itm/287556513285?_skw=Cresselia+71+Shrouded+Fable+Pokemon+card&hash=item42f3b42e05:g:FEgAAeSwddFqlb62,Cresselia 021/064 Rare Shrouded Fable Pokemon Holo Near Mint,Ungraded,4000,,"[""FIXED_PRICE""]",classix_tcg,https://i.ebayimg.com/images/g/FEgAAeSwddFqlb62/s-l225.jpg,7b00ea04-5c2a-4172-8025-afba48ddacb3,94d01e3d-09de-4d04-a0d8-1f36a5cfe684,Cresselia,Shrouded Fable,71,illustration_rare,NO,SINGLE_CARD,RAW,CARD,INCONSISTENT,,,,Donny,2026-09-16T03:28:27.623452+00:00,,
E13-0327,v1|188935815727|0,https://www.ebay.com/itm/188935815727?_skw=Cresselia+71+Shrouded+Fable+Pokemon+card&hash=item2bfd73c22f:g:~7EAAeSw34pqqeHL,Cresselia 021/064 Rare Shrouded Fable Pokemon Holo Near Mint,Ungraded,4000,,"[""FIXED_PRICE""]",jeggs09,https://i.ebayimg.com/images/g/~7EAAeSw34pqqeHL/s-l225.jpg,7b00ea04-5c2a-4172-8025-afba48ddacb3,94d01e3d-09de-4d04-a0d8-1f36a5cfe684,Cresselia,Shrouded Fable,71,illustration_rare,NO,SINGLE_CARD,RAW,CARD,INCONSISTENT,,,,Donny,2026-09-16T03:28:28.868948+00:00,,
E13-0328,v1|227523162002|0,https://www.ebay.com/itm/227523162002?_skw=Cresselia+71+Shrouded+Fable+Pokemon+card&hash=item34f96fef92:g:ymMAAeSw25dqqZQw,Cresselia 071/064 Sv: Shrouded Fable IR NM,Ungraded,4000,,"[""FIXED_PRICE"", ""BEST_OFFER""]",coloradokartendienst,https://i.ebayimg.com/images/g/ymMAAeSw25dqqZQw/s-l225.jpg,7b00ea04-5c2a-4172-8025-afba48ddacb3,94d01e3d-09de-4d04-a0d8-1f36a5cfe684,Cresselia,Shrouded Fable,71,illustration_rare,YES,SINGLE_CARD,RAW,CARD,,,,,Donny,2026-09-16T04:12:58.370133+00:00,,
E13-0329,v1|366671065579|0,https://www.ebay.com/itm/366671065579?_skw=Canari+291+Ascended+Heroes+Pokemon+card&hash=item555f4c71eb:g:ScIAAeSw4Z1qqYzN,Pokemon Canari Ascended Heroes 291/217 Special Illustration Rare CGC 10 Pristine,Graded,2750,,"[""FIXED_PRICE""]",colors-on-cardboard,https://i.ebayimg.com/images/g/ScIAAeSw4Z1qqYzN/s-l225.jpg,7f065a2b-5cab-45c8-8fd8-96d4c07c4ee8,3805ddb2-e4cd-40b3-8a52-82398effa130,Canari,Ascended Heroes,291,special_illustration_rare,NO,SINGLE_CARD,GRADED,CARD,,,,,Donny,2026-09-16T03:28:31.649836+00:00,,
E13-0330,v1|128080264439|0,https://www.ebay.com/itm/128080264439?_skw=Canari+291+Ascended+Heroes+Pokemon+card&hash=item1dd22dbcf7:g:mBUAAeSwLB5qqLvd,2026 Pokemon Canari 291/217 Ascended Heroes Special Illustration Rare Clean SIR,Ungraded,4000,,"[""FIXED_PRICE""]",made_4850,https://i.ebayimg.com/images/g/mBUAAeSwLB5qqLvd/s-l225.jpg,7f065a2b-5cab-45c8-8fd8-96d4c07c4ee8,3805ddb2-e4cd-40b3-8a52-82398effa130,Canari,Ascended Heroes,291,special_illustration_rare,YES,SINGLE_CARD,RAW,CARD,,,,,Donny,2026-09-16T04:12:40.976830+00:00,,
E13-0331,v1|128081185797|0,https://www.ebay.com/itm/128081185797?_skw=Canari+291+Ascended+Heroes+Pokemon+card&hash=item1dd23bcc05:g:R2oAAeSwaw5qqWc0,Canari 291/217 Pokémon Trainer Supporter Special Illustration Rare Holo,Ungraded,4000,,"[""AUCTION""]",fanha-2435,https://i.ebayimg.com/images/g/R2oAAeSwaw5qqWc0/s-l225.jpg,7f065a2b-5cab-45c8-8fd8-96d4c07c4ee8,3805ddb2-e4cd-40b3-8a52-82398effa130,Canari,Ascended Heroes,291,special_illustration_rare,YES,SINGLE_CARD,RAW,CARD,,,,,Donny,2026-09-16T04:12:20.021559+00:00,,
E13-0332,v1|237070292323|0,https://www.ebay.com/itm/237070292323?_skw=Canari+291+Ascended+Heroes+Pokemon+card&hash=item37327d9563:g:3-gAAeSwquFqqeUv,Canari 291/217 Special Illustration Rare Pokemon Ascended Heroes Near Mint,Ungraded,4000,,"[""AUCTION""]",nagelhooks,https://i.ebayimg.com/images/g/3-gAAeSwquFqqeUv/s-l225.jpg,7f065a2b-5cab-45c8-8fd8-96d4c07c4ee8,3805ddb2-e4cd-40b3-8a52-82398effa130,Canari,Ascended Heroes,291,special_illustration_rare,YES,SINGLE_CARD,RAW,CARD,,,,,Donny,2026-09-16T04:12:50.964073+00:00,,
E13-0333,v1|800665519823|0,https://www.ebay.com/itm/800665519823?_skw=Canari+291+Ascended+Heroes+Pokemon+card&hash=itemba6b6246cf:g:j3IAAeSwfHtqqTZb,CANARI 291/217 SIR ASCENDED HEROES POKEMON HOLO NM,Ungraded,4000,,"[""FIXED_PRICE""]",thepokeengineer,https://i.ebayimg.com/images/g/j3IAAeSwfHtqqTZb/s-l225.jpg,7f065a2b-5cab-45c8-8fd8-96d4c07c4ee8,3805ddb2-e4cd-40b3-8a52-82398effa130,Canari,Ascended Heroes,291,special_illustration_rare,YES,SINGLE_CARD,RAW,CARD,,,,,Donny,2026-09-16T04:13:12.190429+00:00,,
E13-0334,v1|178500630666|0,https://www.ebay.com/itm/178500630666?_skw=Canari+291+Ascended+Heroes+Pokemon+card&hash=item298f77788a:g:CsMAAeSwZsZqqeID,2026 Pokemon Asc En-Ascended Heroes Special Illustration Rare Canari 10 PSA #291,Graded,2750,,"[""FIXED_PRICE""]",orbsportscards,https://i.ebayimg.com/images/g/CsMAAeSwZsZqqeID/s-l225.jpg,7f065a2b-5cab-45c8-8fd8-96d4c07c4ee8,3805ddb2-e4cd-40b3-8a52-82398effa130,Canari,Ascended Heroes,291,special_illustration_rare,NO,SINGLE_CARD,GRADED,CARD,,,,,Donny,2026-09-16T03:28:38.601555+00:00,,
E13-0335,v1|398277267363|666538849190,https://www.ebay.com/itm/398277267363?_skw=Canari+291+Ascended+Heroes+Pokemon+card&hash=item5cbb2ccfa3:g:nJMAAeSwT4dqfEsz,POKEMON TCG EXTENDED ART CASE Canari SIR 291/217 ME Ascended Heroes ASC,Ungraded,4000,,"[""FIXED_PRICE""]",photocardtoday,https://i.ebayimg.com/images/g/nJMAAeSwT4dqfEsz/s-l225.jpg,7f065a2b-5cab-45c8-8fd8-96d4c07c4ee8,3805ddb2-e4cd-40b3-8a52-82398effa130,Canari,Ascended Heroes,291,special_illustration_rare,NO,SINGLE_CARD,GRADED,CARD,,,,,Donny,2026-09-16T03:28:47.840095+00:00,,
E13-0336,v1|178448694510|0,https://www.ebay.com/itm/178448694510?_skw=Canari+291+Ascended+Heroes+Pokemon+card&hash=item298c5efcee:g:70sAAeSw6o5qkf1H&amdata=enc%3AAQALAAABAACCtXRWQnOEpyOqnQQ8KGYqDTKKUq%2B8VFEVbOlvNhi6If%2FeF9l8ANAKgrfOdr9mdkWqYtr%2FPPllLI3hGNdKAc9WoOo9LWnqvX7uoTpvW2xPCaZcD%2B6EJ4ZkRTfTe53BaQuXlcJ70IJKkUJ9fG4CBPk0qp087NoaGLMIskp9MGqg%2Fc9O4O5CIcwqdUx6bVN%2B50QQVgctjU9POC6ObQ2xPu42uyM4zXe6oMUwWfkhd8ELldy9kSCQRbUUWdeg%2FaI0nvS5Ll%2Fh5YXwOY1UJnjkLji9pKLNexTPjAHOVW%2BDLTcqC6MJst2TZ0Yc%2BAhme9gc6SjduEU9l6IoNED7HDKAzTg%3D,2026 Mega Evolution Ascended Heroes Canari Secret Rare #291/217,Ungraded,4000,,"[""FIXED_PRICE""]",gamedaylr,https://i.ebayimg.com/images/g/70sAAeSw6o5qkf1H/s-l225.jpg,7f065a2b-5cab-45c8-8fd8-96d4c07c4ee8,3805ddb2-e4cd-40b3-8a52-82398effa130,Canari,Ascended Heroes,291,special_illustration_rare,YES,SINGLE_CARD,RAW,CARD,,,,,Donny,2026-09-16T04:11:27.398414+00:00,,
E13-0337,v1|336748856583|0,https://www.ebay.com/itm/336748856583?_skw=Mega+Gengar+ex+284+Ascended+Heroes+Pokemon+card&hash=item4e67cbc507:g:LCMAAeSwTVFqPYJj&amdata=enc%3AAQALAAABEACCtXRWQnOEpyOqnQQ8KGZAijmIvQPTezlvh2X3DZxAHYZmz%2FC4bG6iw6KZpIBJYeEwmPYFkZW2RGHHtpJ7AiYgqcT1xuMGy4S7fcMwzJJ7bCxgn5IuWB%2Be7yztPKk%2FvfS2w8dPtGpejD%2FNJBPIUJMykwpyx5SSkwmEw7tK%2FHXsanwi2EK2fMrtEBahRyGW%2FXTdj0pAcykI08Z1MpyTnt%2FyK6zicyHgwT2cKLVnQuw16hmRE%2FehJ19uZHmPIJI5ijzVIHulCJ97pJE5yjrS6hhBwC%2FCKHfb7oS5Coh7ygjXEnZmEnC6gbJvWAuGys9qiJlOyGuiAasXUWJTuvCWjm6G%2FiERi45DFO2jAAMaOxxG,Pokemon Mega Gengar ex 284/217 Ascended Heroes Pokemon Holo NM,Ungraded,4000,,"[""FIXED_PRICE"", ""BEST_OFFER""]",theparadisecards,https://i.ebayimg.com/images/g/LCMAAeSwTVFqPYJj/s-l225.jpg,828c0d0d-2ede-4bab-bed4-407cd3cf8662,06c45a41-2b44-401a-9703-5c9952f2580f,Mega Gengar ex,Ascended Heroes,284,special_illustration_rare,YES,SINGLE_CARD,RAW,CARD,,,,,Donny,2026-09-16T04:14:58.439335+00:00,,
E13-0338,v1|398381439216|0,https://www.ebay.com/itm/398381439216?_skw=Mega+Gengar+ex+284+Ascended+Heroes+Pokemon+card&hash=item5cc16258f0:g:RN4AAeSwzelqotCn,Pokemon TCG Mega Gengar EX 284/217 Ascended Heroes Beckett Holo PRISTINE BGS 10,Graded,2750,,"[""FIXED_PRICE"", ""BEST_OFFER""]",vincent_finds,https://i.ebayimg.com/images/g/RN4AAeSwzelqotCn/s-l225.jpg,828c0d0d-2ede-4bab-bed4-407cd3cf8662,06c45a41-2b44-401a-9703-5c9952f2580f,Mega Gengar ex,Ascended Heroes,284,special_illustration_rare,NO,SINGLE_CARD,GRADED,CARD,,,,,Donny,2026-09-16T03:28:52.273911+00:00,,
E13-0339,v1|188340521591|0,https://www.ebay.com/itm/188340521591?_skw=Mega+Gengar+ex+284+Ascended+Heroes+Pokemon+card&hash=item2bd9f84a77:g:F2oAAeSwM~Rp9i-i,Mega Gengar EX 284/217 SIR Special Illustration Rare Ascended Heroes 🔥 ,Ungraded,4000,,"[""FIXED_PRICE"", ""BEST_OFFER""]",big-j-collects,https://i.ebayimg.com/images/g/F2oAAeSwM~Rp9i-i/s-l225.jpg,828c0d0d-2ede-4bab-bed4-407cd3cf8662,06c45a41-2b44-401a-9703-5c9952f2580f,Mega Gengar ex,Ascended Heroes,284,special_illustration_rare,YES,SINGLE_CARD,RAW,CARD,,,,,Donny,2026-09-16T04:13:55.460482+00:00,,
E13-0340,v1|398060576825|0,https://www.ebay.com/itm/398060576825?_skw=Mega+Gengar+ex+284+Ascended+Heroes+Pokemon+card&hash=item5cae426039:g:AeIAAeSwIGNqdiiI,2026 Pokemon Asc EN-Ascended Heroes Mega Gengar EX Special IR PSA 10 #284,Graded,2750,,"[""FIXED_PRICE"", ""BEST_OFFER""]",roadshowcards,https://i.ebayimg.com/images/g/AeIAAeSwIGNqdiiI/s-l225.jpg,828c0d0d-2ede-4bab-bed4-407cd3cf8662,06c45a41-2b44-401a-9703-5c9952f2580f,Mega Gengar ex,Ascended Heroes,284,special_illustration_rare,NO,SINGLE_CARD,GRADED,CARD,,,,,Donny,2026-09-16T03:29:15.782634+00:00,,
E13-0341,v1|127832211713|0,https://www.ebay.com/itm/127832211713?_skw=Mega+Gengar+ex+284+Ascended+Heroes+Pokemon+card&hash=item1dc364c101:g:NXYAAeSw7aZp72bT,Pokémon TCG Mega Gengar EX  284/217 SIR Ascended Heroes English CLEAN,Ungraded,4000,,"[""FIXED_PRICE"", ""BEST_OFFER""]",chasecollectr,https://i.ebayimg.com/images/g/NXYAAeSw7aZp72bT/s-l225.jpg,828c0d0d-2ede-4bab-bed4-407cd3cf8662,06c45a41-2b44-401a-9703-5c9952f2580f,Mega Gengar ex,Ascended Heroes,284,special_illustration_rare,YES,SINGLE_CARD,RAW,CARD,,,,,Donny,2026-09-16T03:39:21.689374+00:00,,
E13-0342,v1|298630598613|0,https://www.ebay.com/itm/298630598613?_skw=Mega+Gengar+ex+284+Ascended+Heroes+Pokemon+card&hash=item4587c54fd5:g:1VsAAeSww45qlLQO,TAG Graded 10 Mega Gengar ex 284/217 Ascended Heroes SIR Holo Mega Evolution 983,Graded,2750,,"[""FIXED_PRICE"", ""BEST_OFFER""]",haji-7583,https://i.ebayimg.com/images/g/1VsAAeSww45qlLQO/s-l225.jpg,828c0d0d-2ede-4bab-bed4-407cd3cf8662,06c45a41-2b44-401a-9703-5c9952f2580f,Mega Gengar ex,Ascended Heroes,284,special_illustration_rare,NO,SINGLE_CARD,GRADED,CARD,,,,,Donny,2026-09-16T03:29:18.726821+00:00,,
E13-0343,v1|117411505633|0,https://www.ebay.com/itm/117411505633?_skw=Mega+Gengar+ex+284+Ascended+Heroes+Pokemon+card&hash=item1b564565e1:g:zpcAAeSwR2Jqp2-i&amdata=enc%3AAQALAAABEACCtXRWQnOEpyOqnQQ8KGaiayRGo%2BfSkCG7QTVHN%2Fbx0GiLLJp4q%2FnFD2PqKxr0nmXPo9vxPq%2F7r9FLW7Ke%2FuvBhcc%2FX9mdSFpgXPF3bXM54gwR4TlI6Gv4XNHgNB%2BR5I15x7PvzYl7Q0QlC3Ph%2BnMlyLcO4eJVehjkqPAMIMrrZjWy%2BbhYSeWQ0zVvWKb%2F%2BGyKXrsKRf%2BB1T3p%2BFV5FdY%2FL6nNFLHUDnZxpsUtnLPZAfLQz7rjafoH0rL4V9EayAJlSncUD3QkTvZAj1RJAGnxHpO0EMAW80ZtNcN5afF2wriPLLQh3JUfJXu1ii%2F38qbA7%2BereIfZe5fvZYq3fRb7o7oZjaI2LNmxbfZ5igOb,Mega Gengar EX ascended Hero SIR,Ungraded,4000,,"[""FIXED_PRICE"", ""BEST_OFFER""]",dr...m,https://i.ebayimg.com/images/g/zpcAAeSwR2Jqp2-i/s-l225.jpg,828c0d0d-2ede-4bab-bed4-407cd3cf8662,06c45a41-2b44-401a-9703-5c9952f2580f,Mega Gengar ex,Ascended Heroes,284,special_illustration_rare,YES,SINGLE_CARD,RAW,CARD,,,,,Donny,2026-09-16T03:38:47.083353+00:00,,
E13-0344,v1|137734763073|0,https://www.ebay.com/itm/137734763073?_skw=Mega+Gengar+ex+284+Ascended+Heroes+Pokemon+card&hash=item2011a1b241:g:ZMIAAeSwy3Fqp3-S,Pokemon Co. 2026 Me: Ascended Heroes Mega Gengar ex 284/217 SIR Holo PSA 10,Graded,2750,,"[""FIXED_PRICE"", ""BEST_OFFER""]",braalv_9659,https://i.ebayimg.com/images/g/ZMIAAeSwy3Fqp3-S/s-l225.jpg,828c0d0d-2ede-4bab-bed4-407cd3cf8662,06c45a41-2b44-401a-9703-5c9952f2580f,Mega Gengar ex,Ascended Heroes,284,special_illustration_rare,NO,SINGLE_CARD,GRADED,CARD,,,,,Donny,2026-09-16T03:29:25.029869+00:00,,
E13-0345,v1|397161497440|0,https://www.ebay.com/itm/397161497440?_skw=Houndour+204+Obsidian+Flames+Pokemon+card&hash=item5c78ab8360:g:ROcAAOSwIZ9m69-4,Houndour 204/197 SV03: Obsidian Flames Holo,Graded,2750,,"[""FIXED_PRICE"", ""BEST_OFFER""]",jodem_5076,https://i.ebayimg.com/images/g/ROcAAOSwIZ9m69-4/s-l225.jpg,829b12ba-c7f5-4796-9a57-a2a2463c8461,0fc5990b-19e3-4716-b616-b221acc480a6,Houndour,Obsidian Flames,204,illustration_rare,YES,SINGLE_CARD,RAW,CARD,,,,,Donny,2026-09-16T04:14:22.342278+00:00,,
E13-0346,v1|227512654048|0,https://www.ebay.com/itm/227512654048?_skw=Houndour+204+Obsidian+Flames+Pokemon+card&hash=item34f8cf98e0:g:9QQAAeSwNTRqoGUA,Houndour 204 Illustration Rare,Graded,2750,,"[""FIXED_PRICE"", ""BEST_OFFER""]",pa_947437,https://i.ebayimg.com/images/g/9QQAAeSwNTRqoGUA/s-l225.jpg,829b12ba-c7f5-4796-9a57-a2a2463c8461,0fc5990b-19e3-4716-b616-b221acc480a6,Houndour,Obsidian Flames,204,illustration_rare,NO,SINGLE_CARD,GRADED,CARD,,,,,Donny,2026-09-16T03:29:29.742904+00:00,,
E13-0347,v1|800168008396|0,https://www.ebay.com/itm/800168008396?_skw=Houndour+204+Obsidian+Flames+Pokemon+card&hash=itemba4dbadacc:g:ZiwAAeSwfEFqLFj2,The Pokémon Company Houndour 204/197 SV03 Obsidian Flames Illustration Rare Holo,Ungraded,4000,,"[""FIXED_PRICE"", ""BEST_OFFER""]",thecardsellertrusted,https://i.ebayimg.com/images/g/ZiwAAeSwfEFqLFj2/s-l225.jpg,829b12ba-c7f5-4796-9a57-a2a2463c8461,0fc5990b-19e3-4716-b616-b221acc480a6,Houndour,Obsidian Flames,204,illustration_rare,YES,SINGLE_CARD,RAW,CARD,,,,,Donny,2026-09-16T03:39:22.508544+00:00,,
E13-0348,v1|287553347322|0,https://www.ebay.com/itm/287553347322?_skw=Houndour+204+Obsidian+Flames+Pokemon+card&hash=item42f383defa:g:lFIAAeSwXm5qk2kN&amdata=enc%3AAQALAAABEACCtXRWQnOEpyOqnQQ8KGYONtqgtBa54UAuliMb%2Fux5SISXJPyD7BCLf0wGbBEvWUR2OTe7n2DQQ8MgZkiofglzUsc7GTevzs9iL8j5bBEek7m6TT02%2FoQRbVeGxD0ulM0kx1nzA8PI1TgomECV%2BO%2FG1goXQwQqByb5e8MWAxK3YBVmvHBgpoOTg%2Bun1yi3s8IoK0RT9dEnK%2BWLmKT%2BzFI58NVVzETFbcI7sRDw09gUVZ%2F92yhh5dWfAeh3ZbChBpOSP5akx83lxHCLOgkaWdIQi9TzIflXCblfxn4hlNv0G2If0GR3z1cbjuKp9iIcnmUjwhx4xXq7ocaTKWd%2BytuQF1gqmJrbyaY3KvHvkSGK,Houndour 204/197 Obsidian Flames NM,Ungraded,4000,,"[""FIXED_PRICE"", ""BEST_OFFER""]",slowbrosunlimited,https://i.ebayimg.com/images/g/lFIAAeSwXm5qk2kN/s-l225.jpg,829b12ba-c7f5-4796-9a57-a2a2463c8461,0fc5990b-19e3-4716-b616-b221acc480a6,Houndour,Obsidian Flames,204,illustration_rare,YES,SINGLE_CARD,RAW,CARD,,,,,Donny,2026-09-16T03:39:07.167784+00:00,,
E13-0349,v1|198432156575|0,https://www.ebay.com/itm/198432156575?_skw=Houndour+204+Obsidian+Flames+Pokemon+card&hash=item2e337a6b9f:g:09YAAeSwa4pqMbWz,The Pokémon Company Houndour 204/197 SV03 Obsidian Flames IR Holo Eng 2023 50HP,Ungraded,4000,,"[""FIXED_PRICE"", ""BEST_OFFER""]",eastblue_cards,https://i.ebayimg.com/images/g/09YAAeSwa4pqMbWz/s-l225.jpg,829b12ba-c7f5-4796-9a57-a2a2463c8461,0fc5990b-19e3-4716-b616-b221acc480a6,Houndour,Obsidian Flames,204,illustration_rare,YES,SINGLE_CARD,RAW,CARD,,,,,Donny,2026-09-16T03:39:07.758975+00:00,,
E13-0350,v1|336792387029|0,https://www.ebay.com/itm/336792387029?_skw=Houndour+204+Obsidian+Flames+Pokemon+card&hash=item4e6a63fdd5:g:KgQAAeSwJVVqCQzN,Pokémon Houndour SV03 Obsidian Flames 204/197 Illustration Rare Full Art Holo EN,Graded,2750,,"[""AUCTION""]",gnalmas,https://i.ebayimg.com/images/g/KgQAAeSwJVVqCQzN/s-l225.jpg,829b12ba-c7f5-4796-9a57-a2a2463c8461,0fc5990b-19e3-4716-b616-b221acc480a6,Houndour,Obsidian Flames,204,illustration_rare,YES,SINGLE_CARD,RAW,CARD,,,,,Donny,2026-09-16T04:14:02.127039+00:00,,
E13-0351,v1|318871610636|0,https://www.ebay.com/itm/318871610636?_skw=Houndour+204+Obsidian+Flames+Pokemon+card&hash=item4a3e3aa50c:g:~YIAAeSwJs5qqHlu,The Pokémon Company Houndour 204/197 SV03 Obsidian Flames IR Full Art Holo EN,Ungraded,4000,,"[""FIXED_PRICE"", ""BEST_OFFER""]",x-speedster,https://i.ebayimg.com/images/g/~YIAAeSwJs5qqHlu/s-l225.jpg,829b12ba-c7f5-4796-9a57-a2a2463c8461,0fc5990b-19e3-4716-b616-b221acc480a6,Houndour,Obsidian Flames,204,illustration_rare,YES,SINGLE_CARD,RAW,CARD,,,,,Donny,2026-09-16T04:13:10.739699+00:00,,
E13-0352,v1|287574237570|0,https://www.ebay.com/itm/287574237570?_skw=Houndour+204+Obsidian+Flames+Pokemon+card&hash=item42f4c2a182:g:NIsAAeSwr4VqoLet,Houndour 204/197 Illustration Rare Holo SV03 Obsidian Flames Pokémon TCG English,Ungraded,4000,,"[""FIXED_PRICE"", ""BEST_OFFER""]",brbab-25,https://i.ebayimg.com/images/g/NIsAAeSwr4VqoLet/s-l225.jpg,829b12ba-c7f5-4796-9a57-a2a2463c8461,0fc5990b-19e3-4716-b616-b221acc480a6,Houndour,Obsidian Flames,204,illustration_rare,YES,SINGLE_CARD,RAW,CARD,,,,,Donny,2026-09-16T03:38:55.499956+00:00,,
E13-0353,v1|375381920948|644345061207,https://www.ebay.com/itm/375381920948?_skw=Bronzor+68+Temporal+Forces&hash=item5766818cb4:g:XjQAAOSwjrlmIPkD,"Temporal Forces You Pick Holo, Reverse Holo,EX",Ungraded,4000,,"[""FIXED_PRICE""]",jrsunique_17,https://i.ebayimg.com/images/g/XjQAAOSwjrlmIPkD/s-l225.jpg,8a2827bc-48b7-4dfd-b240-501fe24100b9,4db4cc1d-2bfd-45e2-a457-7cb450d1f79a,Bronzor,Temporal Forces,68,common,NO,SINGLE_CARD,RAW,CARD,,,,,Donny,2026-09-16T04:10:51.977546+00:00,,
E13-0354,v1|168659056950|468013301287,https://www.ebay.com/itm/168659056950?_skw=Bronzor+68+Temporal+Forces+Pokemon+card&hash=item2744dcf936:g:~~wAAeSwRRNqamsg,Temporal Forces Singles - Complete your Master Set Combined Shipping Pokemon NM,Ungraded,4000,,"[""FIXED_PRICE""]",big_deuce,https://i.ebayimg.com/images/g/~~wAAeSwRRNqamsg/s-l225.jpg,8a2827bc-48b7-4dfd-b240-501fe24100b9,4db4cc1d-2bfd-45e2-a457-7cb450d1f79a,Bronzor,Temporal Forces,68,common,NO,SINGLE_CARD,RAW,CARD,,,,,Donny,2026-09-16T03:29:43.871685+00:00,,
E13-0355,v1|388288038303|655469949299,https://www.ebay.com/itm/388288038303?_skw=Bronzor+68+Temporal+Forces+Pokemon+card&hash=item5a67c5459f:g:fUEAAOSwJjBoAxH4,✨UP TO 20% OFF!✨ Choose your Card! Temporal Forces Set Pokemon TCG!,Ungraded,4000,,"[""FIXED_PRICE""]",hyperhobbies,https://i.ebayimg.com/images/g/fUEAAOSwJjBoAxH4/s-l225.jpg,8a2827bc-48b7-4dfd-b240-501fe24100b9,4db4cc1d-2bfd-45e2-a457-7cb450d1f79a,Bronzor,Temporal Forces,68,common,NO,SINGLE_CARD,RAW,CARD,,,,,Donny,2026-09-16T03:29:45.701051+00:00,,
E13-0356,v1|376183260684|644911866747,https://www.ebay.com/itm/376183260684?_skw=Bronzor+68+Temporal+Forces+Pokemon+card&hash=item579645060c:g:2eoAAOSwI25oOMaI,Pokemon Temporal Forces Holos & Reverse Holos Choose Your Card! LP/NM,Ungraded,4000,,"[""FIXED_PRICE""]",embercards,https://i.ebayimg.com/images/g/2eoAAOSwI25oOMaI/s-l225.jpg,8a2827bc-48b7-4dfd-b240-501fe24100b9,4db4cc1d-2bfd-45e2-a457-7cb450d1f79a,Bronzor,Temporal Forces,68,common,NO,SINGLE_CARD,RAW,CARD,,,,,Donny,2026-09-16T03:29:47.366693+00:00,,
E13-0357,v1|355571216860|624702214010,https://www.ebay.com/itm/355571216860?_skw=Bronzor+68+Temporal+Forces&hash=item52c9b231dc:g:LEsAAOSwKUll~vVV,POKEMON TCG TEMPORAL FORCES REVERSE HOLO YOU PICK #1-162 ***FREE SHIPPING***,Ungraded,4000,,"[""FIXED_PRICE""]",cards.are.my.thang,https://i.ebayimg.com/images/g/LEsAAOSwKUll~vVV/s-l225.jpg,8a2827bc-48b7-4dfd-b240-501fe24100b9,4db4cc1d-2bfd-45e2-a457-7cb450d1f79a,Bronzor,Temporal Forces,68,common,NO,SINGLE_CARD,RAW,CARD,INCONSISTENT,,,,Donny,2026-09-16T03:29:49.261978+00:00,,
E13-0358,v1|396214240940|665317724599,https://www.ebay.com/itm/396214240940?_skw=Bronzor+68+Temporal+Forces&hash=item5c403586ac:g:uRMAAOSwmFhoEqHo,TEMPORAL FORCES Pokémon TCG 1 - 162 - PICK YOUR OWN REGULARS LP/NM 3+ FREE SHIP,Ungraded,4000,,"[""FIXED_PRICE""]",gamesandmorerestored,https://i.ebayimg.com/images/g/uRMAAOSwmFhoEqHo/s-l225.jpg,8a2827bc-48b7-4dfd-b240-501fe24100b9,4db4cc1d-2bfd-45e2-a457-7cb450d1f79a,Bronzor,Temporal Forces,68,common,NO,SINGLE_CARD,RAW,CARD,,,,,Donny,2026-09-16T03:29:50.660587+00:00,,
E13-0359,v1|406466298060|0,https://www.ebay.com/itm/406466298060?_skw=Bronzor+68+Temporal+Forces&hash=item5ea34780cc:g:OSIAAeSwZyppOPs-,Pokémon TCG - Bronzor (Regular) - Temporal Forces - 68/162 - Common,Ungraded,4000,,"[""FIXED_PRICE"", ""BEST_OFFER""]",turnipco,https://i.ebayimg.com/images/g/OSIAAeSwZyppOPs-/s-l225.jpg,8a2827bc-48b7-4dfd-b240-501fe24100b9,4db4cc1d-2bfd-45e2-a457-7cb450d1f79a,Bronzor,Temporal Forces,68,common,YES,SINGLE_CARD,RAW,CARD,,,,,Donny,2026-09-16T04:13:08.870572+00:00,,
E13-0360,v1|405199664459|0,https://www.ebay.com/itm/405199664459?_skw=Bronzor+68+Temporal+Forces&hash=item5e57c8354b:g:onIAAOSwi9Nm0d0M,Pokemon Bronzor (68/224) Temporal Forces LP REVERSE HOLO,Ungraded,4000,,"[""FIXED_PRICE""]",ninetyfive,https://i.ebayimg.com/images/g/onIAAOSwi9Nm0d0M/s-l225.jpg,8a2827bc-48b7-4dfd-b240-501fe24100b9,4db4cc1d-2bfd-45e2-a457-7cb450d1f79a,Bronzor,Temporal Forces,68,common,NO,SINGLE_CARD,RAW,CARD,,,,INCONSISTENT,Donny,2026-09-16T04:12:07.794409+00:00,,
E13-0361,v1|257714615532|0,https://www.ebay.com/itm/257714615532?_skw=Leavanny+89+White+Flare+Pokemon+card&hash=item3c00fcf4ec:g:nDkAAeSw8NRqlbHW&amdata=enc%3AAQALAAABAACCtXRWQnOEpyOqnQQ8KGY2wySxWgZObaRwuRKFH7OvE6jCxaI686O1%2F89T0WxHDsJYg68boGkZofp0XkN9Vsx2Y7XodXW7krggzWeCBEUCqW1X3S2Dn6lD8RC6y16ytVXLlvJmqah%2FlIsCgGHwhLTee7ytGIeKMOu5nwH5HgE6G71vtyTf6UwkvvCG4PRu9XH5zwgr4iR3lUTrEfp7Z6gtdEr2E%2BuYujjHsot2XtUA8ad5z4SJ53TOGezUg1VGb8Le%2FOFB0C7ti0ev9oqDF8jt6GaEAqYPje06os9rMbYclB9RVGqaJSIkTfBFMKVvS9C5Gc9FOnn%2B0fjE8CnMNmc%3D,POKEMON LEAVANNY (POKE BALL PATTERN) WHITE FLARE 003/086 HOLO NM A83624 FREE S&H,Ungraded,4000,,"[""FIXED_PRICE"", ""BEST_OFFER""]",sdrcgifts,https://i.ebayimg.com/images/g/nDkAAeSw8NRqlbHW/s-l225.jpg,8a2cce32-ad4f-4468-8a28-8a9ea9653365,9cc8f6b0-2c28-442b-bdd1-11cbd9a4068e,Leavanny,White Flare,89,illustration_rare,NO,SINGLE_CARD,RAW,CARD,INCONSISTENT,,,,Donny,2026-09-16T03:29:58.440831+00:00,,
E13-0362,v1|398096439824|0,https://www.ebay.com/itm/398096439824?_skw=Leavanny+89+White+Flare+Pokemon+card&hash=item5cb0659a10:g:AF0AAeSwFG1qE5i9,LEAVANNY 003/086 UNCOMMON WHITE FLARE POKEMON REVERSE HOLO NM/M,Ungraded,4000,,"[""FIXED_PRICE""]",vintagevandy,https://i.ebayimg.com/images/g/AF0AAeSwFG1qE5i9/s-l225.jpg,8a2cce32-ad4f-4468-8a28-8a9ea9653365,9cc8f6b0-2c28-442b-bdd1-11cbd9a4068e,Leavanny,White Flare,89,illustration_rare,NO,SINGLE_CARD,RAW,CARD,INCONSISTENT,,,,Donny,2026-09-16T03:30:27.507806+00:00,,
E13-0363,v1|357575730874|626183252185,https://www.ebay.com/itm/357575730874?_skw=Leavanny+89+White+Flare+Pokemon+card&var=626183252185&hash=item53412ca6ba:g:qtgAAeSwXq5ou7N2,"Pokemon WHITE FLARE You Pick to Complete Your Set! HOLO, REVERSE HOLO, BASE",Ungraded,4000,,"[""FIXED_PRICE""]",mackdaddygotcards,https://i.ebayimg.com/images/g/qtgAAeSwXq5ou7N2/s-l225.jpg,8a2cce32-ad4f-4468-8a28-8a9ea9653365,9cc8f6b0-2c28-442b-bdd1-11cbd9a4068e,Leavanny,White Flare,89,illustration_rare,NO,SINGLE_CARD,RAW,CARD,,,,,Donny,2026-09-16T03:30:29.773756+00:00,,
E13-0364,v1|236932604089|0,https://www.ebay.com/itm/236932604089?_skw=Leavanny+89+White+Flare+Pokemon+card&hash=item372a48a0b9:g:B-YAAeSwHA1qUzFv,Leavanny 003/086 Uncommon White Flare Pokemon Near Mint Reverse Holo,Ungraded,4000,,"[""FIXED_PRICE""]",redlandscollectibles,https://i.ebayimg.com/images/g/B-YAAeSwHA1qUzFv/s-l225.jpg,8a2cce32-ad4f-4468-8a28-8a9ea9653365,9cc8f6b0-2c28-442b-bdd1-11cbd9a4068e,Leavanny,White Flare,89,illustration_rare,NO,SINGLE_CARD,RAW,CARD,INCONSISTENT,,,,Donny,2026-09-16T03:30:32.233190+00:00,,
E13-0365,v1|398382025858|0,https://www.ebay.com/itm/398382025858?_skw=Leavanny+89+White+Flare+Pokemon+card&hash=item5cc16b4c82:g:hkkAAeSwGN5qMNkf,Leavanny 003/086 Uncommon White Flare Pokemon Reverse Holo Near Mint,Ungraded,4000,,"[""FIXED_PRICE""]",carsonsxcards,https://i.ebayimg.com/images/g/hkkAAeSwGN5qMNkf/s-l225.jpg,8a2cce32-ad4f-4468-8a28-8a9ea9653365,9cc8f6b0-2c28-442b-bdd1-11cbd9a4068e,Leavanny,White Flare,89,illustration_rare,NO,SINGLE_CARD,RAW,CARD,INCONSISTENT,,,,Donny,2026-09-16T03:30:33.659493+00:00,,
E13-0366,v1|188930698665|0,https://www.ebay.com/itm/188930698665?_skw=Leavanny+89+White+Flare+Pokemon+card&hash=item2bfd25ada9:g:8~gAAeSwchBqqEhb,Pokemon TCG White Flare 089/086 Leavanny Illustration Rare - NM,Ungraded,4000,,"[""FIXED_PRICE"", ""BEST_OFFER""]",pokecardz02,https://i.ebayimg.com/images/g/8~gAAeSwchBqqEhb/s-l225.jpg,8a2cce32-ad4f-4468-8a28-8a9ea9653365,9cc8f6b0-2c28-442b-bdd1-11cbd9a4068e,Leavanny,White Flare,89,illustration_rare,YES,SINGLE_CARD,RAW,CARD,,,,,Donny,2026-09-16T04:14:24.737461+00:00,,
E13-0367,v1|168536375133|0,https://www.ebay.com/itm/168536375133?_skw=Leavanny+89+White+Flare+Pokemon+card&hash=item273d8cff5d:g:Q5gAAeSwsFZqVyil,LEAVANNY 003/086 UNCOMMON WHITE FLARE POKEMON REVERSE HOLO NEAR MINT,Ungraded,4000,,"[""FIXED_PRICE""]",silverstatecollectiblesllc,https://i.ebayimg.com/images/g/Q5gAAeSwsFZqVyil/s-l225.jpg,8a2cce32-ad4f-4468-8a28-8a9ea9653365,9cc8f6b0-2c28-442b-bdd1-11cbd9a4068e,Leavanny,White Flare,89,illustration_rare,NO,SINGLE_CARD,RAW,CARD,INCONSISTENT,,,,Donny,2026-09-16T03:30:45.303103+00:00,,
E13-0368,v1|800425725216|657454241228,https://www.ebay.com/itm/800425725216?_skw=Leavanny+89+White+Flare+Pokemon+card&var=657454241228&hash=itemba5d174d20:g:rLsAAeSw1qtqo8D4,Pokemon White Flare Choose Your Card: Commons/Uncommons/Holos! (NM),Ungraded,4000,,"[""FIXED_PRICE""]",spritextcg,https://i.ebayimg.com/images/g/rLsAAeSw1qtqo8D4/s-l225.jpg,8a2cce32-ad4f-4468-8a28-8a9ea9653365,9cc8f6b0-2c28-442b-bdd1-11cbd9a4068e,Leavanny,White Flare,89,illustration_rare,NO,SINGLE_CARD,RAW,CARD,INCONSISTENT,,,,Donny,2026-09-16T03:30:46.726202+00:00,,
E13-0369,v1|178500362603|0,https://www.ebay.com/itm/178500362603?_skw=Leafeon+ex+144+Prismatic+Evolutions&hash=item298f73616b:g:3a4AAeSwTctqqcSH,Pokemon TCG Leafeon ex 144/131 SV Prismatic Evolutions SIR Holo Full Art,Ungraded,4000,,"[""FIXED_PRICE"", ""BEST_OFFER""]",kreidp,https://i.ebayimg.com/images/g/3a4AAeSwTctqqcSH/s-l225.jpg,966bcb61-bf43-4cd7-8287-42f4bb9fa76d,9d636c4c-055f-4e85-b5ef-64675007d904,Leafeon ex,Prismatic Evolutions,144,special_illustration_rare,YES,SINGLE_CARD,RAW,CARD,,,,,Donny,2026-09-16T04:13:44.298191+00:00,,
E13-0370,v1|227523420598|0,https://www.ebay.com/itm/227523420598?_skw=Leafeon+ex+144+Prismatic+Evolutions+Pokemon+card&hash=item34f973e1b6:g:n4EAAeSwquFqqd37,Leafeon ex 144/131 Sv: Prismatic Evolutions Holo,Ungraded,4000,,"[""FIXED_PRICE"", ""BEST_OFFER""]",ri821225,https://i.ebayimg.com/images/g/n4EAAeSwquFqqd37/s-l225.jpg,966bcb61-bf43-4cd7-8287-42f4bb9fa76d,9d636c4c-055f-4e85-b5ef-64675007d904,Leafeon ex,Prismatic Evolutions,144,special_illustration_rare,YES,SINGLE_CARD,RAW,CARD,,,,,Donny,2026-09-16T04:14:11.639693+00:00,,
E13-0371,v1|147575429529|0,https://www.ebay.com/itm/147575429529?_skw=Leafeon+ex+144+Prismatic+Evolutions+Pokemon+card&hash=item225c2e5999:g:e-QAAeSwFVVqqZRo,2025 Pokemon Pre EN-Prismatic Evolutions Leafeon EX PSA 9 #144,Graded,2750,,"[""FIXED_PRICE"", ""BEST_OFFER""]",mobrostc,https://i.ebayimg.com/images/g/e-QAAeSwFVVqqZRo/s-l225.jpg,966bcb61-bf43-4cd7-8287-42f4bb9fa76d,9d636c4c-055f-4e85-b5ef-64675007d904,Leafeon ex,Prismatic Evolutions,144,special_illustration_rare,NO,SINGLE_CARD,GRADED,CARD,,,,,Donny,2026-09-16T03:30:49.741181+00:00,,
E13-0372,v1|227521744568|0,https://www.ebay.com/itm/227521744568?_skw=Leafeon+ex+144+Prismatic+Evolutions&hash=item34f95a4eb8:g:VrMAAeSwS2xqqGg6,Leafeon ex 144/131 Sv: Prismatic Evolutions Holo,Ungraded,4000,,"[""FIXED_PRICE"", ""BEST_OFFER""]",aacd7195_61osimay,https://i.ebayimg.com/images/g/VrMAAeSwS2xqqGg6/s-l225.jpg,966bcb61-bf43-4cd7-8287-42f4bb9fa76d,9d636c4c-055f-4e85-b5ef-64675007d904,Leafeon ex,Prismatic Evolutions,144,special_illustration_rare,YES,SINGLE_CARD,RAW,CARD,,,,,Donny,2026-09-16T04:14:44.421163+00:00,,
E13-0373,v1|267784422908|0,https://www.ebay.com/itm/267784422908?_skw=Leafeon+ex+144+Prismatic+Evolutions+Pokemon+card&hash=item3e593205fc:g:IqwAAeSwNuRqmb9e,Leafeon ex 144/131 Holo Prismatic Evolutions Pokemon NM,Ungraded,4000,,"[""AUCTION"", ""BEST_OFFER""]",jrobspokevault,https://i.ebayimg.com/images/g/IqwAAeSwNuRqmb9e/s-l225.jpg,966bcb61-bf43-4cd7-8287-42f4bb9fa76d,9d636c4c-055f-4e85-b5ef-64675007d904,Leafeon ex,Prismatic Evolutions,144,special_illustration_rare,YES,SINGLE_CARD,RAW,CARD,,,,,Donny,2026-09-16T04:14:48.488536+00:00,,
E13-0374,v1|287540846427|0,https://www.ebay.com/itm/287540846427?_skw=Leafeon+ex+144+Prismatic+Evolutions&hash=item42f2c51f5b:g:n1gAAeSwNSNqeQtL&amdata=enc%3AAQALAAABAACCtXRWQnOEpyOqnQQ8KGYESroozQDVRQY%2FVqAHL9B2dzVxP7Ba95kvX8VvB4a4sciTaWoblqusyw7fwOKX0iHjUbfFJjVTOmDK%2B5a6lk%2F83ucJx2ZOSdyF8MOfvyUfF8e8SYwDX44QxGtKJREH7zWC9y%2F9NwL3N2n8TV8X6I3K8OrIGJDfkSdlUwhM1osHBglfqHlJ3krYy3%2FV9OPmWEZSU00%2BHZId18n97lIUZ9jInqtlTM%2BTnDKcZgfJFlQSV3J8Ql6NVv38PvpPI%2B9UyjPPPetPrfbMoSXglPayJI6n6V%2FUmiaSu%2FRFEUT74D%2FtfmWQOPSEh8CDKQGix8TiBiE%3D,Pokémon  Leafeon 144/131 From Prismatic Evolutions SIR !!,Ungraded,4000,,"[""FIXED_PRICE"", ""BEST_OFFER""]",todaywefall_tcg,https://i.ebayimg.com/images/g/n1gAAeSwNSNqeQtL/s-l225.jpg,966bcb61-bf43-4cd7-8287-42f4bb9fa76d,9d636c4c-055f-4e85-b5ef-64675007d904,Leafeon ex,Prismatic Evolutions,144,special_illustration_rare,YES,SINGLE_CARD,RAW,CARD,,,,,Donny,2026-09-16T04:10:32.238053+00:00,,
E13-0375,v1|397925421291|666231245330,https://www.ebay.com/itm/397925421291?_skw=Leafeon+ex+144+Prismatic+Evolutions+Pokemon+card&hash=item5ca63410eb:g:HJoAAeSwtz5p~bb-,POKEMON TCG EXTENDED ART CASE LEAFEON EX SIR 144/131 SV: Prismatic Evolutions,Ungraded,4000,,"[""FIXED_PRICE""]",photocardtoday,https://i.ebayimg.com/images/g/HJoAAeSwtz5p~bb-/s-l225.jpg,966bcb61-bf43-4cd7-8287-42f4bb9fa76d,9d636c4c-055f-4e85-b5ef-64675007d904,Leafeon ex,Prismatic Evolutions,144,special_illustration_rare,NO,SINGLE_CARD,GRADED,CARD,,,,,Donny,2026-09-16T03:30:53.405175+00:00,,
E13-0376,v1|267785288372|0,https://www.ebay.com/itm/267785288372?_skw=Leafeon+ex+144+Prismatic+Evolutions+Pokemon+card&hash=item3e593f3ab4:g:Z7EAAeSwPKNqqD5t,Leafeon ex 144/131 Sv: Prismatic Evolutions SIR Holo English Centered NM Nice !,Ungraded,4000,,"[""FIXED_PRICE""]",bluechipgems,https://i.ebayimg.com/images/g/Z7EAAeSwPKNqqD5t/s-l225.jpg,966bcb61-bf43-4cd7-8287-42f4bb9fa76d,9d636c4c-055f-4e85-b5ef-64675007d904,Leafeon ex,Prismatic Evolutions,144,special_illustration_rare,YES,SINGLE_CARD,RAW,CARD,,,,,Donny,2026-09-16T04:10:27.456629+00:00,,
E13-0377,v1|820071040174|0,https://www.ebay.com/itm/820071040174?_skw=Furret+168+Journey+Together+Pokemon+card&hash=itembef00b04ae:g:6UYAAeSwB7RqoJIh,Pokemon - Furret - 168/159 - Journey Together - Illustration Rare - NM,Ungraded,4000,,"[""FIXED_PRICE"", ""BEST_OFFER""]",picinko,https://i.ebayimg.com/images/g/6UYAAeSwB7RqoJIh/s-l225.jpg,97165c7e-1d85-4962-807e-5661c2115d7d,b592d276-ceb3-4a5e-90d5-d759808b7da3,Furret,Journey Together,168,illustration_rare,YES,SINGLE_CARD,RAW,CARD,,,,,Donny,2026-09-16T04:13:43.422860+00:00,,
E13-0378,v1|377495250137|0,https://www.ebay.com/itm/377495250137?_skw=Furret+168+Journey+Together+Pokemon+card&hash=item57e47864d9:g:LnAAAeSwXFhqqDWb,Pokémon Furret 168/159 SV09 Journey Together Illustration Rare Holo 120HP,Ungraded,4000,,"[""FIXED_PRICE""]",lightspee6788,https://i.ebayimg.com/images/g/LnAAAeSwXFhqqDWb/s-l225.jpg,97165c7e-1d85-4962-807e-5661c2115d7d,b592d276-ceb3-4a5e-90d5-d759808b7da3,Furret,Journey Together,168,illustration_rare,YES,SINGLE_CARD,RAW,CARD,,,,,Donny,2026-09-16T04:10:54.709277+00:00,,
E13-0379,v1|298678204558|0,https://www.ebay.com/itm/298678204558?_skw=Furret+168+Journey+Together+Pokemon+card&hash=item458a9bb88e:g:SaMAAeSwh4Bqqeg6,Furret 168/159 Illustration Rare Journey Together Pokemon Holo Near Mint,Ungraded,4000,,"[""FIXED_PRICE""]",pokeemp,https://i.ebayimg.com/images/g/SaMAAeSwh4Bqqeg6/s-l225.jpg,97165c7e-1d85-4962-807e-5661c2115d7d,b592d276-ceb3-4a5e-90d5-d759808b7da3,Furret,Journey Together,168,illustration_rare,YES,SINGLE_CARD,RAW,CARD,,,,,Donny,2026-09-16T04:12:38.954580+00:00,,
E13-0380,v1|158293573873|0,https://www.ebay.com/itm/158293573873?_skw=Furret+168+Journey+Together+Pokemon+card&hash=item24db0840f1:g:xIAAAeSwIWdqqMjN,Furret 168/159 Illustration Rare SV09: Journey Together Pokemon TCG,Ungraded,4000,,"[""FIXED_PRICE"", ""BEST_OFFER""]",theyoungadults,https://i.ebayimg.com/images/g/xIAAAeSwIWdqqMjN/s-l225.jpg,97165c7e-1d85-4962-807e-5661c2115d7d,b592d276-ceb3-4a5e-90d5-d759808b7da3,Furret,Journey Together,168,illustration_rare,YES,SINGLE_CARD,RAW,CARD,,,,,Donny,2026-09-16T04:11:32.780417+00:00,,
E13-0381,v1|287225256403|0,https://www.ebay.com/itm/287225256403?_skw=Furret+168+Journey+Together+Pokemon+card&hash=item42dff599d3:g:AhQAAeSwCI1pwFrZ,Pokemon TCG Journey Together Furret Illustration 168/159,Ungraded,4000,,"[""FIXED_PRICE"", ""BEST_OFFER""]",newportmerchant,https://i.ebayimg.com/images/g/AhQAAeSwCI1pwFrZ/s-l225.jpg,97165c7e-1d85-4962-807e-5661c2115d7d,b592d276-ceb3-4a5e-90d5-d759808b7da3,Furret,Journey Together,168,illustration_rare,YES,SINGLE_CARD,RAW,CARD,,,,,Donny,2026-09-16T04:11:40.190511+00:00,,
E13-0382,v1|236915732998|0,https://www.ebay.com/itm/236915732998?_skw=Furret+168+Journey+Together+Pokemon+card&hash=item3729473206:g:ygYAAeSwT3JqSIoB,Furret SV09: Journey Together 168/159 Pokemon Card Holo,Ungraded,4000,,"[""FIXED_PRICE"", ""BEST_OFFER""]",jpacards,https://i.ebayimg.com/images/g/ygYAAeSwT3JqSIoB/s-l225.jpg,97165c7e-1d85-4962-807e-5661c2115d7d,b592d276-ceb3-4a5e-90d5-d759808b7da3,Furret,Journey Together,168,illustration_rare,YES,SINGLE_CARD,RAW,CARD,,,,,Donny,2026-09-16T04:12:38.208396+00:00,,
E13-0383,v1|366514542709|0,https://www.ebay.com/itm/366514542709?_skw=Furret+168+Journey+Together+Pokemon+card&hash=item5555f81875:g:J18AAeSwFH9qRK5A,Furret Holo Illustration Rare SV09: Journey Together 168/159 NM,Ungraded,4000,,"[""FIXED_PRICE""]",brotherscloset,https://i.ebayimg.com/images/g/J18AAeSwFH9qRK5A/s-l225.jpg,97165c7e-1d85-4962-807e-5661c2115d7d,b592d276-ceb3-4a5e-90d5-d759808b7da3,Furret,Journey Together,168,illustration_rare,YES,SINGLE_CARD,RAW,CARD,,,,,Donny,2026-09-16T04:10:38.009237+00:00,,
E13-0384,v1|366644928767|0,https://www.ebay.com/itm/366644928767?_skw=Furret+168+Journey+Together+Pokemon+card&hash=item555dbda0ff:g:v6MAAeSwNhhqmHxX,Pokémon TCG Furret Card 168/159 Journey Together Illustration Rare,Ungraded,4000,,"[""FIXED_PRICE"", ""BEST_OFFER""]",cowetadawg4714,https://i.ebayimg.com/images/g/v6MAAeSwNhhqmHxX/s-l225.jpg,97165c7e-1d85-4962-807e-5661c2115d7d,b592d276-ceb3-4a5e-90d5-d759808b7da3,Furret,Journey Together,168,illustration_rare,YES,SINGLE_CARD,RAW,CARD,,,,,Donny,2026-09-16T04:12:00.294319+00:00,,
E13-0385,v1|407218159067|0,https://www.ebay.com/itm/407218159067?_skw=Mega+Feraligatr+ex+274+Ascended+Heroes+Pokemon+card&hash=item5ed017fddb:g:Y0kAAeSwKZ9qqSCQ,Mega Feraligatr ex 274/217 Ascended Heroes Special Illustration Rare Pokemon TCG,Ungraded,4000,,"[""FIXED_PRICE""]",tcgbattlestore,https://i.ebayimg.com/images/g/Y0kAAeSwKZ9qqSCQ/s-l225.jpg,9f323989-e972-4a9e-9e7b-3166e85d0690,0f3466bf-92b1-4d3d-913b-181fcec68996,Mega Feraligatr ex,Ascended Heroes,274,special_illustration_rare,YES,SINGLE_CARD,RAW,CARD,,,,,Donny,2026-09-16T04:10:25.942384+00:00,,
E13-0386,v1|198642093783|0,https://www.ebay.com/itm/198642093783?_skw=Mega+Feraligatr+ex+274+Ascended+Heroes+Pokemon+card&hash=item2e3ffdced7:g:6-AAAeSw3TxqqJXu,Mega Feraligatr ex 274/217 SIR Special Illustration Rare Pokemon Ascended Heroes,Ungraded,4000,,"[""FIXED_PRICE"", ""BEST_OFFER""]",bijouxluxo,https://i.ebayimg.com/images/g/6-AAAeSw3TxqqJXu/s-l225.jpg,9f323989-e972-4a9e-9e7b-3166e85d0690,0f3466bf-92b1-4d3d-913b-181fcec68996,Mega Feraligatr ex,Ascended Heroes,274,special_illustration_rare,YES,SINGLE_CARD,RAW,CARD,,,,,Donny,2026-09-16T04:11:12.211478+00:00,,
E13-0387,v1|227479703854|0,https://www.ebay.com/itm/227479703854?_skw=Mega+Feraligatr+ex+274+Ascended+Heroes+Pokemon+card&hash=item34f6d8d12e:g:5WQAAeSw3EVqgxmQ&amdata=enc%3AAQALAAABEACCtXRWQnOEpyOqnQQ8KGZo8TU1msnDgvoiaVLFuLYjpbV5f2uQyY4JWfUkLjTU9cvYY4mL28mJO1HCW%2B2oIdU3%2F0pkbxW4S5655GGtiBihOAsYeW1rUORdIZg1y1fixIily3bFThd0dMqOjoXzpmGB6fjfCFCkLyxlqq2C3DiXWMXaT8EFx9GU9e6NkbkCEZvSxMmRFAWVxs1DkB0oAs4S59BeH%2BJo48hwXQpI9L%2BH%2BXrAqY5XjIXgZX0sUiUVbkrNqjn13JTN%2BjS6hNdbUMonPEQqTVQxP%2FQEfEKzvX8oBFhMNcOaYV5qd30rb9G%2ByTp7lsXJwDGUQuc9cg97Saw1xzB0iQ8sHxC9A91qgtyX,Mega Feraligatr ex 274/217 Ascended Heroes Pokemon Holo NM,Ungraded,4000,,"[""FIXED_PRICE"", ""BEST_OFFER""]",crammys,https://i.ebayimg.com/images/g/5WQAAeSw3EVqgxmQ/s-l225.jpg,9f323989-e972-4a9e-9e7b-3166e85d0690,0f3466bf-92b1-4d3d-913b-181fcec68996,Mega Feraligatr ex,Ascended Heroes,274,special_illustration_rare,YES,SINGLE_CARD,RAW,CARD,,,,,Donny,2026-09-16T03:39:21.220140+00:00,,
E13-0388,v1|287585315970|0,https://www.ebay.com/itm/287585315970?_skw=Mega+Feraligatr+ex+274+Ascended+Heroes+Pokemon+card&hash=item42f56bac82:g:8NMAAeSw69Rqp5HO,2026 Pokemon Mega Feraligatr EX PSA 10 Ascended Heros 274 217 SIR NM TCG CGC NR,Graded,2750,,"[""FIXED_PRICE""]",flexvault-fv,https://i.ebayimg.com/images/g/8NMAAeSw69Rqp5HO/s-l225.jpg,9f323989-e972-4a9e-9e7b-3166e85d0690,0f3466bf-92b1-4d3d-913b-181fcec68996,Mega Feraligatr ex,Ascended Heroes,274,special_illustration_rare,NO,SINGLE_CARD,GRADED,CARD,,,,,Donny,2026-09-16T03:31:09.138881+00:00,,
E13-0389,v1|307177693573|0,https://www.ebay.com/itm/307177693573?_skw=Mega+Feraligatr+ex+274+Ascended+Heroes+Pokemon+card&hash=item478537a185:g:qfwAAeSw7k9qpxGv,The Pokémon Company Mega Feraligatr EX 274/217 SIR Ascended Heroes,Ungraded,4000,,"[""FIXED_PRICE"", ""BEST_OFFER""]",mddatcg,https://i.ebayimg.com/images/g/qfwAAeSw7k9qpxGv/s-l225.jpg,9f323989-e972-4a9e-9e7b-3166e85d0690,0f3466bf-92b1-4d3d-913b-181fcec68996,Mega Feraligatr ex,Ascended Heroes,274,special_illustration_rare,YES,SINGLE_CARD,RAW,CARD,,,,,Donny,2026-09-16T04:14:09.922663+00:00,,
E13-0390,v1|377324311609|0,https://www.ebay.com/itm/377324311609?_skw=Mega+Feraligatr+ex+274+Ascended+Heroes+Pokemon+card&hash=item57da481439:g:0-cAAeSwhtJqTGqB,Pokemon TCG Mega Feraligatr ex 274/217 Ascended Heroes SIR NM,Ungraded,4000,,"[""FIXED_PRICE""]",alslen0,https://i.ebayimg.com/images/g/0-cAAeSwhtJqTGqB/s-l225.jpg,9f323989-e972-4a9e-9e7b-3166e85d0690,0f3466bf-92b1-4d3d-913b-181fcec68996,Mega Feraligatr ex,Ascended Heroes,274,special_illustration_rare,YES,SINGLE_CARD,RAW,CARD,,,,,Donny,2026-09-16T04:11:03.804166+00:00,,
E13-0391,v1|397993975246|0,https://www.ebay.com/itm/397993975246?_skw=Mega+Feraligatr+ex+274+Ascended+Heroes+Pokemon+card&hash=item5caa4a1dce:g:VKUAAeSw9aNqFjuD,Pokémon TCG Mega Feraligatr EX 274/217 SIR Ascended Heroes,Ungraded,4000,,"[""FIXED_PRICE"", ""BEST_OFFER""]",yoccaenterprise,https://i.ebayimg.com/images/g/VKUAAeSw9aNqFjuD/s-l225.jpg,9f323989-e972-4a9e-9e7b-3166e85d0690,0f3466bf-92b1-4d3d-913b-181fcec68996,Mega Feraligatr ex,Ascended Heroes,274,special_illustration_rare,YES,SINGLE_CARD,RAW,CARD,,,,,Donny,2026-09-16T03:38:51.120136+00:00,,
E13-0392,v1|287585080273|0,https://www.ebay.com/itm/287585080273?_skw=Mega+Feraligatr+ex+274+Ascended+Heroes+Pokemon+card&hash=item42f56813d1:g:yUgAAeSwNyZqp1i6,MEGA DRAGONITE EX#295 + MEGA FERALIGATR EX#274 + N'S ZOROARK EX#296 (FAKE CARD),Ungraded,4000,,"[""FIXED_PRICE"", ""BEST_OFFER""]",wubdog07,https://i.ebayimg.com/images/g/yUgAAeSwNyZqp1i6/s-l225.jpg,9f323989-e972-4a9e-9e7b-3166e85d0690,0f3466bf-92b1-4d3d-913b-181fcec68996,Mega Feraligatr ex,Ascended Heroes,274,special_illustration_rare,NO,LOT_OR_BUNDLE,RAW,CARD,,,,,Donny,2026-09-16T03:31:19.394860+00:00,,
E13-0393,v1|377496689342|0,https://www.ebay.com/itm/377496689342?_skw=Pikachu+ex+247+Surging+Sparks+Pokemon+card&hash=item57e48e5abe:g:ZXIAAeSw7fFqqQZm,Pikachu ex SV08 Surging Sparks 247/191 Hyper Rare Gold Full Art Holo (EN),Ungraded,4000,,"[""FIXED_PRICE"", ""BEST_OFFER""]",tagit.n.bagit,https://i.ebayimg.com/images/g/ZXIAAeSw7fFqqQZm/s-l225.jpg,a3d56338-1f3f-4b99-8920-5d71b8b85737,66f1f173-3a34-44b4-95a3-d0031fa9d3ee,Pikachu ex,Surging Sparks,247,hyper_rare_gold,YES,SINGLE_CARD,RAW,CARD,,,,,Donny,2026-09-16T04:11:32.071242+00:00,,
E13-0394,v1|377498323178|0,https://www.ebay.com/itm/377498323178?_skw=Pikachu+ex+247+Surging+Sparks+Pokemon+card&hash=item57e4a748ea:g:D-EAAeSwYD5qqdRa,2024 POKEMON SSP EN-SURGING SPARKS HYPER RARE #247 PIKACHU EX PSA 9,Graded,2750,,"[""FIXED_PRICE"", ""BEST_OFFER""]",petrarca08,https://i.ebayimg.com/images/g/D-EAAeSwYD5qqdRa/s-l225.jpg,a3d56338-1f3f-4b99-8920-5d71b8b85737,66f1f173-3a34-44b4-95a3-d0031fa9d3ee,Pikachu ex,Surging Sparks,247,hyper_rare_gold,NO,SINGLE_CARD,GRADED,CARD,,,,,Donny,2026-09-16T03:31:25.042038+00:00,,
E13-0395,v1|198643785944|0,https://www.ebay.com/itm/198643785944?_skw=Pikachu+ex+247+Surging+Sparks+Pokemon+card&hash=item2e4017a0d8:g:l3UAAeSwgQFqqYFi,2024 POKEMON SSP EN-SURGING SPARKS HYPER RARE #247 PIKACHU EX PSA 9,Graded,2750,,"[""FIXED_PRICE"", ""BEST_OFFER""]",dr_ez7,https://i.ebayimg.com/images/g/l3UAAeSwgQFqqYFi/s-l225.jpg,a3d56338-1f3f-4b99-8920-5d71b8b85737,66f1f173-3a34-44b4-95a3-d0031fa9d3ee,Pikachu ex,Surging Sparks,247,hyper_rare_gold,NO,SINGLE_CARD,GRADED,CARD,,,,,Donny,2026-09-16T03:31:26.878133+00:00,,
E13-0396,v1|318862595413|0,https://www.ebay.com/itm/318862595413?_skw=Pikachu+ex+247+Surging+Sparks+Pokemon+card&hash=item4a3db11555:g:NrkAAeSwva1qnIc-,Pikachu ex 247/191 Sv08 Surging Sparks Hyper Rare Holo PSA 10 EN,Graded,2750,,"[""AUCTION"", ""BEST_OFFER""]",coyo3812,https://i.ebayimg.com/images/g/NrkAAeSwva1qnIc-/s-l225.jpg,a3d56338-1f3f-4b99-8920-5d71b8b85737,66f1f173-3a34-44b4-95a3-d0031fa9d3ee,Pikachu ex,Surging Sparks,247,hyper_rare_gold,NO,SINGLE_CARD,GRADED,CARD,,,,,Donny,2026-09-16T03:31:28.543190+00:00,,
E13-0397,v1|366666263065|0,https://www.ebay.com/itm/366666263065?_skw=Pikachu+ex+247+Surging+Sparks+Pokemon+card&hash=item555f032a19:g:R9YAAeSwmuBqpn5m,Pikachu EX 247/191 Sv08 Surging Sparks Holo Gold Hyper Rare Card Great centering,Ungraded,4000,,"[""FIXED_PRICE"", ""BEST_OFFER""]",cpuckett25,https://i.ebayimg.com/images/g/R9YAAeSwmuBqpn5m/s-l225.jpg,a3d56338-1f3f-4b99-8920-5d71b8b85737,66f1f173-3a34-44b4-95a3-d0031fa9d3ee,Pikachu ex,Surging Sparks,247,hyper_rare_gold,YES,SINGLE_CARD,RAW,CARD,,,,,Donny,2026-09-16T04:14:12.244195+00:00,,
E13-0398,v1|188931060473|0,https://www.ebay.com/itm/188931060473?_skw=Pikachu+ex+247+Surging+Sparks+Pokemon+card&hash=item2bfd2b32f9:g:WQgAAeSwAkhqqGmU,Pikachu EX 247/191 Gold Hyper Rare Surging Sparks Pokemon English PSA 10,Graded,2750,,"[""FIXED_PRICE""]",superstackbros_1,https://i.ebayimg.com/images/g/WQgAAeSwAkhqqGmU/s-l225.jpg,a3d56338-1f3f-4b99-8920-5d71b8b85737,66f1f173-3a34-44b4-95a3-d0031fa9d3ee,Pikachu ex,Surging Sparks,247,hyper_rare_gold,NO,SINGLE_CARD,GRADED,CARD,,,,,Donny,2026-09-16T03:31:32.481654+00:00,,
E13-0399,v1|407216819689|0,https://www.ebay.com/itm/407216819689?_skw=Pikachu+ex+247+Surging+Sparks+Pokemon+card&hash=item5ed0038de9:g:-o8AAeSwpCRqqF7Z,Pokémon 2024 Surging Sparks Pikachu EX #247 Hyper Rare Gold PSA 10,Graded,2750,,"[""FIXED_PRICE"", ""BEST_OFFER""]",wavegremlincards,https://i.ebayimg.com/images/g/-o8AAeSwpCRqqF7Z/s-l225.jpg,a3d56338-1f3f-4b99-8920-5d71b8b85737,66f1f173-3a34-44b4-95a3-d0031fa9d3ee,Pikachu ex,Surging Sparks,247,hyper_rare_gold,NO,SINGLE_CARD,GRADED,CARD,,,,,Donny,2026-09-16T03:31:34.011110+00:00,,
E13-0400,v1|336773851717|0,https://www.ebay.com/itm/336773851717?_skw=Pikachu+ex+247+Surging+Sparks+Pokemon+card&hash=item4e69492a45:g:fdcAAeSwtwVql5PX,SV08: Surging Sparks #247/191 Pikachu ex PSA 9,Graded,2750,,"[""FIXED_PRICE""]",evolution.vault,https://i.ebayimg.com/images/g/fdcAAeSwtwVql5PX/s-l225.jpg,a3d56338-1f3f-4b99-8920-5d71b8b85737,66f1f173-3a34-44b4-95a3-d0031fa9d3ee,Pikachu ex,Surging Sparks,247,hyper_rare_gold,NO,SINGLE_CARD,GRADED,CARD,,,,,Donny,2026-09-16T03:31:36.223653+00:00,,
E13-0401,v1|398398087257|0,https://www.ebay.com/itm/398398087257?_skw=Dragapult+ex+165+Prismatic+Evolutions+Pokemon+card&hash=item5cc2606059:g:GR0AAeSwHYBqqZxr,2025 Pokemon Pre EN-Prismatic Evolutions Dragapult EX #165 SIR PSA 10,Graded,2750,,"[""FIXED_PRICE"", ""BEST_OFFER""]",collectorscorner_nw,https://i.ebayimg.com/images/g/GR0AAeSwHYBqqZxr/s-l225.jpg,a6969678-b361-4b27-bee3-e3cdc127a5e4,bb6ebfa8-886c-4b5c-822a-7431870bb339,Dragapult ex,Prismatic Evolutions,165,special_illustration_rare,NO,SINGLE_CARD,GRADED,CARD,,,,,Donny,2026-09-16T03:31:37.874236+00:00,,
E13-0402,v1|307179706260|0,https://www.ebay.com/itm/307179706260?_skw=Dragapult+ex+165+Prismatic+Evolutions+Pokemon+card&hash=item4785565794:g:KYsAAeSw7U5qqKJa,2025 Pokemon DRAGAPULT EX #165/131 Prismatic Evol. Special Illus. Rare TAG 10,Graded,2750,,"[""AUCTION""]",scc_consignments,https://i.ebayimg.com/images/g/KYsAAeSw7U5qqKJa/s-l225.jpg,a6969678-b361-4b27-bee3-e3cdc127a5e4,bb6ebfa8-886c-4b5c-822a-7431870bb339,Dragapult ex,Prismatic Evolutions,165,special_illustration_rare,NO,SINGLE_CARD,GRADED,CARD,,,,,Donny,2026-09-16T03:31:39.272211+00:00,,
E13-0403,v1|800656332189|0,https://www.ebay.com/itm/800656332189?_skw=Dragapult+ex+165+Prismatic+Evolutions+Pokemon+card&hash=itemba6ad6159d:g:ELwAAeSwfEhqptuQ,Dragapult ex 165/131 Prismatic Evolutions SIR Full Art Holo,Ungraded,4000,,"[""AUCTION""]",brw_85,https://i.ebayimg.com/images/g/ELwAAeSwfEhqptuQ/s-l225.jpg,a6969678-b361-4b27-bee3-e3cdc127a5e4,bb6ebfa8-886c-4b5c-822a-7431870bb339,Dragapult ex,Prismatic Evolutions,165,special_illustration_rare,YES,SINGLE_CARD,RAW,CARD,,,,,Donny,2026-09-16T04:11:25.750343+00:00,,
E13-0404,v1|407124399064|0,https://www.ebay.com/itm/407124399064?_skw=Dragapult+ex+165+Prismatic+Evolutions&hash=item5eca8153d8:g:IZ4AAeSwcZxqj39w,2025 DRAGAPULT ex SIR #165 PSA 9 Prismatic Evolutions Pokemon,Graded,2750,,"[""FIXED_PRICE""]",truenorth_collectibles,https://i.ebayimg.com/images/g/IZ4AAeSwcZxqj39w/s-l225.jpg,a6969678-b361-4b27-bee3-e3cdc127a5e4,bb6ebfa8-886c-4b5c-822a-7431870bb339,Dragapult ex,Prismatic Evolutions,165,special_illustration_rare,NO,SINGLE_CARD,GRADED,CARD,,,,,Donny,2026-09-16T03:31:42.040184+00:00,,
E13-0405,v1|206551243442|0,https://www.ebay.com/itm/206551243442?_skw=Dragapult+ex+165+Prismatic+Evolutions+Pokemon+card&hash=item301769dab2:g:XuoAAeSwjsRqpLhu,2025 POKEMON PRISMATIC EVOLUTIONS DRAGAPULT EX SPECIAL ILLUSTRATION RARE,Ungraded,4000,,"[""AUCTION""]",slabsharksinc,https://i.ebayimg.com/images/g/XuoAAeSwjsRqpLhu/s-l225.jpg,a6969678-b361-4b27-bee3-e3cdc127a5e4,bb6ebfa8-886c-4b5c-822a-7431870bb339,Dragapult ex,Prismatic Evolutions,165,special_illustration_rare,YES,SINGLE_CARD,RAW,CARD,,,,,Donny,2026-09-16T04:12:57.753928+00:00,,
E13-0406,v1|206549291645|0,https://www.ebay.com/itm/206549291645?_skw=Dragapult+ex+165+Prismatic+Evolutions&hash=item30174c127d:g:q-EAAeSwIABqo0wf,2025 Pokémon En Dragapult #165 PSA 9,Graded,2750,,"[""FIXED_PRICE""]",meteoriteindustries,https://i.ebayimg.com/images/g/q-EAAeSwIABqo0wf/s-l225.jpg,a6969678-b361-4b27-bee3-e3cdc127a5e4,bb6ebfa8-886c-4b5c-822a-7431870bb339,Dragapult ex,Prismatic Evolutions,165,special_illustration_rare,NO,SINGLE_CARD,GRADED,CARD,,,,,Donny,2026-09-16T03:31:44.773769+00:00,,
E13-0407,v1|316853569018|0,https://www.ebay.com/itm/316853569018?_skw=Dragapult+ex+165+Prismatic+Evolutions&hash=item49c5f1c5fa:g:eHQAAOSwN0RoMUws&amdata=enc%3AAQALAAABAACCtXRWQnOEpyOqnQQ8KGZwitPunskM6iRR7xX57OCx9srh13Vm5wQIAeXJP3w3BeP%2Bka7mZzJZWV5WMiKdlMotU813CZi4RwWIWWiBmW26k2ekC7ydDAULR7exsgxO77o%2BbgqQkyA%2FIyFMq5n4zQUKOkfK13RsRvAEx8XSxXk0lTWX1%2F0lZAAjMCvamxwO5mExTvwJHGFGJ4626vNRakoz8hB9tas9WmS5KeZ6xdGGHxYsDaKj5YzS0Jb6B00iB71RWFgdiqPAZy%2BHWIQQXq5tz4yRBMlZXnSSwba%2FNUEzyvr9ViuESaB%2FBeI0AOLDh14yuKmkflDlDAVraPh9QUQ%3D,Dragapult ex 165/131 Prismatic Evolutions Holo,Ungraded,4000,,"[""FIXED_PRICE"", ""BEST_OFFER""]",et766265,https://i.ebayimg.com/images/g/eHQAAOSwN0RoMUws/s-l225.jpg,a6969678-b361-4b27-bee3-e3cdc127a5e4,bb6ebfa8-886c-4b5c-822a-7431870bb339,Dragapult ex,Prismatic Evolutions,165,special_illustration_rare,YES,SINGLE_CARD,RAW,CARD,,,,,Donny,2026-09-16T04:13:01.628289+00:00,,
E13-0408,v1|278353808476|0,https://www.ebay.com/itm/278353808476?_skw=Dragapult+ex+165+Prismatic+Evolutions&hash=item40cf2e0c5c:g:XroAAeSwBJhqn0W4,2025 POKEMON PRE EN-SPECIAL ILLUSTRATION RARE #165 DRAGAPULT EX PSA 9 - NICE!!,Graded,2750,,"[""FIXED_PRICE""]",huskeridous,https://i.ebayimg.com/images/g/XroAAeSwBJhqn0W4/s-l225.jpg,a6969678-b361-4b27-bee3-e3cdc127a5e4,bb6ebfa8-886c-4b5c-822a-7431870bb339,Dragapult ex,Prismatic Evolutions,165,special_illustration_rare,NO,SINGLE_CARD,GRADED,CARD,,,,,Donny,2026-09-16T03:31:47.269083+00:00,,
E13-0409,v1|188935864879|0,https://www.ebay.com/itm/188935864879?_skw=Spidops+ex+243+Scarlet+and+Violet+Base+Set+Pokemon+card&hash=item2bfd74822f:g:lFsAAeSwYD5qqeN6,Spidops ex 223/198 SV01: Scarlet & Violet Base Set Holo,Ungraded,4000,,"[""FIXED_PRICE"", ""BEST_OFFER""]",boosted_cards_collectibles,https://i.ebayimg.com/images/g/lFsAAeSwYD5qqeN6/s-l225.jpg,a922341e-4646-470b-95cf-2a59055b18ce,2bf9f356-230d-42e8-99e7-0b10161b9392,Spidops ex,Scarlet and Violet Base Set,243,special_illustration_rare,NO,SINGLE_CARD,RAW,CARD,INCONSISTENT,,,,Donny,2026-09-16T03:31:48.860632+00:00,,
E13-0410,v1|178497315972|0,https://www.ebay.com/itm/178497315972?_skw=Spidops+ex+243+Scarlet+and+Violet+Base+Set+Pokemon+card&hash=item298f44e484:g:oFcAAeSw6LpqqJu-,Pokemon TCG Spidops ex SV01 Scarlet & Violet Ultra Rare Full Art Holo 223/198,Ungraded,4000,,"[""FIXED_PRICE"", ""BEST_OFFER""]",zhydas_0,https://i.ebayimg.com/images/g/oFcAAeSw6LpqqJu-/s-l225.jpg,a922341e-4646-470b-95cf-2a59055b18ce,2bf9f356-230d-42e8-99e7-0b10161b9392,Spidops ex,Scarlet and Violet Base Set,243,special_illustration_rare,NO,SINGLE_CARD,RAW,CARD,INCONSISTENT,,,,Donny,2026-09-16T03:31:50.075284+00:00,,
E13-0411,v1|820131958967|0,https://www.ebay.com/itm/820131958967?_skw=Spidops+ex+243+Scarlet+and+Violet+Base+Set+Pokemon+card&hash=itembef3ac90b7:g:xbMAAeSwtLZqqdra,Spidops ex 243/198 SV01: Scarlet & Violet Base Set Holo,Ungraded,4000,,"[""FIXED_PRICE"", ""BEST_OFFER""]",pocket-elite-center,https://i.ebayimg.com/images/g/xbMAAeSwtLZqqdra/s-l225.jpg,a922341e-4646-470b-95cf-2a59055b18ce,2bf9f356-230d-42e8-99e7-0b10161b9392,Spidops ex,Scarlet and Violet Base Set,243,special_illustration_rare,YES,SINGLE_CARD,RAW,CARD,,,,,Donny,2026-09-16T04:11:11.634399+00:00,,
E13-0412,v1|336523836010|0,https://www.ebay.com/itm/336523836010?_skw=Spidops+ex+243+Scarlet+and+Violet+Base+Set+Pokemon+card&hash=item4e5a623a6a:g:1~MAAeSwJGJp1caS,Spidops ex 019/198 SV01: Scarlet & Violet Base Set Holo,Ungraded,4000,,"[""FIXED_PRICE""]",novabluecat,https://i.ebayimg.com/images/g/1~MAAeSwJGJp1caS/s-l225.jpg,a922341e-4646-470b-95cf-2a59055b18ce,2bf9f356-230d-42e8-99e7-0b10161b9392,Spidops ex,Scarlet and Violet Base Set,243,special_illustration_rare,NO,SINGLE_CARD,RAW,CARD,INCONSISTENT,,,,Donny,2026-09-16T03:31:52.925583+00:00,,
E13-0413,v1|398214517212|0,https://www.ebay.com/itm/398214517212?_skw=Spidops+ex+243+Scarlet+and+Violet+Base+Set+Pokemon+card&hash=item5cb76f51dc:g:D~QAAeSwhQNqZNgy,SV01: Scarlet & Violet Base Set #019/198 Spidops ex,Ungraded,4000,,"[""FIXED_PRICE""]",professorwilcoxcardco,https://i.ebayimg.com/images/g/D~QAAeSwhQNqZNgy/s-l225.jpg,a922341e-4646-470b-95cf-2a59055b18ce,2bf9f356-230d-42e8-99e7-0b10161b9392,Spidops ex,Scarlet and Violet Base Set,243,special_illustration_rare,NO,SINGLE_CARD,RAW,CARD,INCONSISTENT,,,,Donny,2026-09-16T03:31:54.376957+00:00,,
E13-0414,v1|178409908839|0,https://www.ebay.com/itm/178409908839?_skw=Spidops+ex+243+Scarlet+and+Violet+Base+Set+Pokemon+card&hash=item298a0f2a67:g:H5EAAeSwrWpqmOcP,Spidops ex SV01: Scarlet & Violet Base Set 223/198 Holo Ultra Rare Pokemon NM,Ungraded,4000,,"[""FIXED_PRICE""]",mint_nexus,https://i.ebayimg.com/images/g/H5EAAeSwrWpqmOcP/s-l225.jpg,a922341e-4646-470b-95cf-2a59055b18ce,2bf9f356-230d-42e8-99e7-0b10161b9392,Spidops ex,Scarlet and Violet Base Set,243,special_illustration_rare,NO,SINGLE_CARD,RAW,CARD,INCONSISTENT,,,,Donny,2026-09-16T03:31:55.920526+00:00,,
E13-0415,v1|236834128262|0,https://www.ebay.com/itm/236834128262?_skw=Spidops+ex+243+Scarlet+and+Violet+Base+Set+Pokemon+card&hash=item37246a0186:g:WmoAAeSwwgRqEnTH,Spidops ex #019/198 SV01: Scarlet & Violet Base Set Near Mint or Better,Ungraded,4000,,"[""FIXED_PRICE"", ""BEST_OFFER""]",shadowtrading92,https://i.ebayimg.com/images/g/WmoAAeSwwgRqEnTH/s-l225.jpg,a922341e-4646-470b-95cf-2a59055b18ce,2bf9f356-230d-42e8-99e7-0b10161b9392,Spidops ex,Scarlet and Violet Base Set,243,special_illustration_rare,NO,SINGLE_CARD,RAW,CARD,INCONSISTENT,,,,Donny,2026-09-16T03:31:57.328418+00:00,,
E13-0416,v1|820029021320|0,https://www.ebay.com/itm/820029021320?_skw=Spidops+ex+243+Scarlet+and+Violet+Base+Set+Pokemon+card&hash=itembeed89dc88:g:MQQAAeSwBO5qh546,Pokémon TCG Spidops EX Scarlet & Violet Base Set Holo Card 243/198,Ungraded,4000,,"[""FIXED_PRICE"", ""BEST_OFFER""]",dunc_cards,https://i.ebayimg.com/images/g/MQQAAeSwBO5qh546/s-l225.jpg,a922341e-4646-470b-95cf-2a59055b18ce,2bf9f356-230d-42e8-99e7-0b10161b9392,Spidops ex,Scarlet and Violet Base Set,243,special_illustration_rare,YES,SINGLE_CARD,RAW,CARD,,,,,Donny,2026-09-16T04:14:55.748960+00:00,,
E13-0417,v1|318875427708|0,https://www.ebay.com/itm/318875427708?_skw=Jolteon+ex+153+Prismatic+Evolutions+Pokemon+card&hash=item4a3e74e37c:g:ckQAAeSwnyhqqaQQ,PSA 9 Mint Jolteon ex 153/131 SV: Prismatic Evolutions Pokemon,Graded,2750,,"[""FIXED_PRICE"", ""BEST_OFFER""]",salvpar,https://i.ebayimg.com/images/g/ckQAAeSwnyhqqaQQ/s-l225.jpg,ae4a6acb-3a88-4547-a165-7a617bfb2ce8,cd7798fe-711e-4cad-a015-7139b3d49bf6,Jolteon ex,Prismatic Evolutions,153,special_illustration_rare,NO,SINGLE_CARD,GRADED,CARD,,,,,Donny,2026-09-16T03:32:19.293023+00:00,,
E13-0418,v1|407219580148|0,https://www.ebay.com/itm/407219580148?_skw=Jolteon+ex+153+Prismatic+Evolutions&hash=item5ed02dacf4:g:8PcAAeSw5hJqqcXp,Jolteon ex 153/131 SIR Prismatic Evolutions Special Illustration Rare Pokemon,Ungraded,4000,,"[""FIXED_PRICE"", ""AUCTION""]",oakcity_collectors,https://i.ebayimg.com/images/g/8PcAAeSw5hJqqcXp/s-l225.jpg,ae4a6acb-3a88-4547-a165-7a617bfb2ce8,cd7798fe-711e-4cad-a015-7139b3d49bf6,Jolteon ex,Prismatic Evolutions,153,special_illustration_rare,YES,SINGLE_CARD,RAW,CARD,,,,,Donny,2026-09-16T04:12:14.249304+00:00,,
E13-0419,v1|178485455652|0,https://www.ebay.com/itm/178485455652?_skw=Jolteon+ex+153+Prismatic+Evolutions&hash=item298e8feb24:g:YTUAAeSwxSFqotQG,JOLTEON EX PSA 8 2025 POKEMON PRISMATIC EVOLUTIONS #153/131 SIR PRE EN 5480,Graded,2750,,"[""AUCTION""]",mc_sportscards,https://i.ebayimg.com/images/g/YTUAAeSwxSFqotQG/s-l225.jpg,ae4a6acb-3a88-4547-a165-7a617bfb2ce8,cd7798fe-711e-4cad-a015-7139b3d49bf6,Jolteon ex,Prismatic Evolutions,153,special_illustration_rare,NO,SINGLE_CARD,GRADED,CARD,,,,,Donny,2026-09-16T03:32:22.597928+00:00,,
E13-0420,v1|318698241321|0,https://www.ebay.com/itm/318698241321?_skw=Jolteon+ex+153+Prismatic+Evolutions&hash=item4a33e53d29:g:2NIAAeSw9jhqd1F2&amdata=enc%3AAQALAAABAACCtXRWQnOEpyOqnQQ8KGak0TrQAu0hd67c4QXSi39QloIiu4B9UsQhDHTpUVgyzXzvXwwhU45e2ijdqT5GAPqZWyexfpCzyV2PzHojg%2FjWy5wIlDoOZCaZhN%2FKOt7agKM%2F50BVKAffMXgog%2Fz18GVMvuyoHIT59VB0lB3o8xaAeEyyypM73Fyc7VM4a92kYP%2BZPacaZwUhHJ%2F1DdePW8kUtzT6w708XlWTe9NOOvLA5%2F4icJ0woux78MisLV%2F%2BDF7MxJitHTspH9tfcx5ny069GnSVn3YxQsyrT%2BHurYbzuSmOEj%2FBgGpkhtfnLw3FbBQbeRmPdfa55wJX3kuzjoE%3D,Pokemon TCG Jolteon ex 153/131 SV: Prismatic Evolutions SIR Holo EN,Ungraded,4000,,"[""FIXED_PRICE"", ""BEST_OFFER""]",smitsrips13,https://i.ebayimg.com/images/g/2NIAAeSw9jhqd1F2/s-l225.jpg,ae4a6acb-3a88-4547-a165-7a617bfb2ce8,cd7798fe-711e-4cad-a015-7139b3d49bf6,Jolteon ex,Prismatic Evolutions,153,special_illustration_rare,YES,SINGLE_CARD,RAW,CARD,,,,,Donny,2026-09-16T04:13:44.857849+00:00,,
E13-0421,v1|398385732989|0,https://www.ebay.com/itm/398385732989?_skw=Jolteon+ex+153+Prismatic+Evolutions&hash=item5cc1a3dd7d:g:AN4AAeSwkUhqpJfe,2025 Pokemon Scarlet And Violet Prismatic Evolutions Jolteon EX #153 PSA 9 Mint,Graded,2750,,"[""FIXED_PRICE"", ""BEST_OFFER""]",slabbedjoy,https://i.ebayimg.com/images/g/AN4AAeSwkUhqpJfe/s-l225.jpg,ae4a6acb-3a88-4547-a165-7a617bfb2ce8,cd7798fe-711e-4cad-a015-7139b3d49bf6,Jolteon ex,Prismatic Evolutions,153,special_illustration_rare,NO,SINGLE_CARD,GRADED,CARD,,,,,Donny,2026-09-16T03:32:26.438277+00:00,,
E13-0422,v1|178500479358|0,https://www.ebay.com/itm/178500479358?_skw=Jolteon+ex+153+Prismatic+Evolutions+Pokemon+card&hash=item298f75297e:g:NZEAAeSwf55qqdLc,2025 Pokemon Pre En-Prismatic Evolutions #153 Jolteon Ex SIR PSA 9,Graded,2750,,"[""AUCTION""]",sheppy_cards,https://i.ebayimg.com/images/g/NZEAAeSwf55qqdLc/s-l225.jpg,ae4a6acb-3a88-4547-a165-7a617bfb2ce8,cd7798fe-711e-4cad-a015-7139b3d49bf6,Jolteon ex,Prismatic Evolutions,153,special_illustration_rare,NO,SINGLE_CARD,GRADED,CARD,,,,,Donny,2026-09-16T03:32:31.468607+00:00,,
E13-0423,v1|206551245081|0,https://www.ebay.com/itm/206551245081?_skw=Jolteon+ex+153+Prismatic+Evolutions+Pokemon+card&hash=item301769e119:g:d9cAAeSwjKhqpLjE,2025 POKEMON PRISMATIC EVOLUTIONS #153/131 JOLTEON EX SPECIAL ILLUSTRATION RARE,Ungraded,4000,,"[""AUCTION""]",slabsharksinc,https://i.ebayimg.com/images/g/d9cAAeSwjKhqpLjE/s-l225.jpg,ae4a6acb-3a88-4547-a165-7a617bfb2ce8,cd7798fe-711e-4cad-a015-7139b3d49bf6,Jolteon ex,Prismatic Evolutions,153,special_illustration_rare,YES,SINGLE_CARD,RAW,CARD,,,,,Donny,2026-09-16T04:12:26.231291+00:00,,
E13-0424,v1|307178202022|0,https://www.ebay.com/itm/307178202022?_skw=Jolteon+ex+153+Prismatic+Evolutions&hash=item47853f63a6:g:S-kAAeSweQVqp3-j,2025 POKEMON PRE EN-PRISMATIC EVOLUTIONS #153 JOLTEON EX PSA 8,Graded,2750,,"[""FIXED_PRICE"", ""BEST_OFFER""]",psa,https://i.ebayimg.com/images/g/S-kAAeSweQVqp3-j/s-l225.jpg,ae4a6acb-3a88-4547-a165-7a617bfb2ce8,cd7798fe-711e-4cad-a015-7139b3d49bf6,Jolteon ex,Prismatic Evolutions,153,special_illustration_rare,NO,SINGLE_CARD,GRADED,CARD,,,,,Donny,2026-09-16T03:32:34.448426+00:00,,
E13-0425,v1|178500398199|0,https://www.ebay.com/itm/178500398199?_skw=Archeops+132+White+Flare+Pokemon+card&hash=item298f73ec77:g:yHsAAeSwa15qqcnL,Archeops 132/086 Illustration Rare White Flare Pokemon Holo Near Mint,Ungraded,4000,,"[""FIXED_PRICE"", ""BEST_OFFER""]",collectorstoll,https://i.ebayimg.com/images/g/yHsAAeSwa15qqcnL/s-l225.jpg,b3020b76-9ff0-449a-85b8-924878fa0e8b,b70cd4ec-81c4-4e81-a677-901a43af62d9,Archeops,White Flare,132,illustration_rare,YES,SINGLE_CARD,RAW,CARD,,,,,Donny,2026-09-16T04:13:14.338078+00:00,,
E13-0426,v1|307180889716|0,https://www.ebay.com/itm/307180889716?_skw=Archeops+132+White+Flare&hash=item4785686674:g:cTMAAeSwdb9qqX7h,Archeops Holofoil NM EN 132/086 SV: White Flare,Ungraded,4000,,"[""FIXED_PRICE""]",qbsgamesandcollectiblesllc,https://i.ebayimg.com/images/g/cTMAAeSwdb9qqX7h/s-l225.jpg,b3020b76-9ff0-449a-85b8-924878fa0e8b,b70cd4ec-81c4-4e81-a677-901a43af62d9,Archeops,White Flare,132,illustration_rare,YES,SINGLE_CARD,RAW,CARD,,,,,Donny,2026-09-16T04:12:57.119645+00:00,,
E13-0427,v1|227523120441|0,https://www.ebay.com/itm/227523120441?_skw=Archeops+132+White+Flare&hash=item34f96f4d39:g:zlYAAeSwahRqqZWD,Archeops 132/086 Pokemon Sv: White Flare Holo Illustration Rare,Ungraded,4000,,"[""AUCTION""]",pokebon8567,https://i.ebayimg.com/images/g/zlYAAeSwahRqqZWD/s-l225.jpg,b3020b76-9ff0-449a-85b8-924878fa0e8b,b70cd4ec-81c4-4e81-a677-901a43af62d9,Archeops,White Flare,132,illustration_rare,YES,SINGLE_CARD,RAW,CARD,,,,,Donny,2026-09-16T04:12:20.587575+00:00,,
E13-0428,v1|127993500291|0,https://www.ebay.com/itm/127993500291?_skw=Archeops+132+White+Flare&hash=item1dcd01d283:g:w6AAAeSwxhdqZKSf,Pokemon Archeops (132/330) White Flare LP HOLO,Ungraded,4000,,"[""FIXED_PRICE""]",ninetyfive,https://i.ebayimg.com/images/g/w6AAAeSwxhdqZKSf/s-l225.jpg,b3020b76-9ff0-449a-85b8-924878fa0e8b,b70cd4ec-81c4-4e81-a677-901a43af62d9,Archeops,White Flare,132,illustration_rare,YES,SINGLE_CARD,RAW,CARD,,,,,Donny,2026-09-16T03:39:12.181937+00:00,,
E13-0429,v1|407209789584|0,https://www.ebay.com/itm/407209789584?_skw=Archeops+132+White+Flare&hash=item5ecf984890:g:DAwAAeSwR25qpD~q,Archeops 132/086 Sv: White Flare Holo,Ungraded,4000,,"[""FIXED_PRICE"", ""BEST_OFFER""]",juslam43,https://i.ebayimg.com/images/g/DAwAAeSwR25qpD~q/s-l225.jpg,b3020b76-9ff0-449a-85b8-924878fa0e8b,b70cd4ec-81c4-4e81-a677-901a43af62d9,Archeops,White Flare,132,illustration_rare,YES,SINGLE_CARD,RAW,CARD,,,,,Donny,2026-09-16T04:10:31.626525+00:00,,
E13-0430,v1|307111819857|0,https://www.ebay.com/itm/307111819857?_skw=Archeops+132+White+Flare&hash=item47814a7a51:g:gOkAAeSwIGNqdSwY,2025 POKEMON WHT EN-WHITE FLARE ILLUSTRATION RARE #132 ARCHEOPS PSA 9,Graded,2750,,"[""FIXED_PRICE""]",psa,https://i.ebayimg.com/images/g/gOkAAeSwIGNqdSwY/s-l225.jpg,b3020b76-9ff0-449a-85b8-924878fa0e8b,b70cd4ec-81c4-4e81-a677-901a43af62d9,Archeops,White Flare,132,illustration_rare,NO,SINGLE_CARD,GRADED,CARD,,,,,Donny,2026-09-16T03:32:41.519628+00:00,,
E13-0431,v1|128081271793|0,https://www.ebay.com/itm/128081271793?_skw=Archeops+132+White+Flare&hash=item1dd23d1bf1:g:7l8AAeSwYdBqqX5j,2025 Pokemon White Flare Archeops Illustration Rare #132/086,Ungraded,4000,,"[""AUCTION""]",dcsports87,https://i.ebayimg.com/images/g/7l8AAeSwYdBqqX5j/s-l225.jpg,b3020b76-9ff0-449a-85b8-924878fa0e8b,b70cd4ec-81c4-4e81-a677-901a43af62d9,Archeops,White Flare,132,illustration_rare,YES,SINGLE_CARD,RAW,CARD,,,,,Donny,2026-09-16T04:14:10.455815+00:00,,
E13-0432,v1|336777488933|546119205810,https://www.ebay.com/itm/336777488933?_skw=Archeops+132+White+Flare&var=546119205810&hash=item4e6980aa25:g:kEIAAeSw0l5qp1NV,"Pokemon SV: White Flare - Select Your Cards (NM, Holofoil)",Ungraded,4000,,"[""FIXED_PRICE""]",bgcollects10,https://i.ebayimg.com/images/g/kEIAAeSw0l5qp1NV/s-l225.jpg,b3020b76-9ff0-449a-85b8-924878fa0e8b,b70cd4ec-81c4-4e81-a677-901a43af62d9,Archeops,White Flare,132,illustration_rare,NO,SINGLE_CARD,RAW,CARD,,,,,Donny,2026-09-16T03:32:46.004367+00:00,,
E13-0433,v1|407217196013|0,https://www.ebay.com/itm/407217196013?_skw=Team+Rocket%27s+Giovanni+225+Destined+Rivals+Pokemon+card&hash=item5ed0094bed:g:64AAAeSwx9pqqJYI,TEAM ROCKET'S GIOVANNI 225/182 DESTINED RIVALS HOLO NM/M ULTRA RARE,Ungraded,4000,,"[""FIXED_PRICE""]",mike-and-megz-pokevault,https://i.ebayimg.com/images/g/64AAAeSwx9pqqJYI/s-l225.jpg,b547c5c3-7082-4a7f-9290-3d569b91b462,2c272732-fdb3-4639-aa6b-ea9fa3ad9c24,Team Rocket's Giovanni,Destined Rivals,225,ultra_rare,YES,SINGLE_CARD,RAW,CARD,,,,,Donny,2026-09-16T04:12:18.057274+00:00,,
E13-0434,v1|366523088976|0,https://www.ebay.com/itm/366523088976?_skw=Team+Rocket%27s+Giovanni+225+Destined+Rivals+Pokemon+card&hash=item55567a8050:g:AcQAAeSwoS9qSd6G,Team Rocket's Giovanni - Ultra Rare SV10: Destined Rivals 225/182 NM,Ungraded,4000,,"[""FIXED_PRICE"", ""BEST_OFFER""]",pksho_2,https://i.ebayimg.com/images/g/AcQAAeSwoS9qSd6G/s-l225.jpg,b547c5c3-7082-4a7f-9290-3d569b91b462,2c272732-fdb3-4639-aa6b-ea9fa3ad9c24,Team Rocket's Giovanni,Destined Rivals,225,ultra_rare,YES,SINGLE_CARD,RAW,CARD,,,,,Donny,2026-09-16T04:14:38.980338+00:00,,
E13-0435,v1|168422207094|0,https://www.ebay.com/itm/168422207094?_skw=Team+Rocket%27s+Giovanni+225+Destined+Rivals+Pokemon+card&hash=item2736beee76:g:iwkAAeSwd1VqHfZL,Team Rocket’s Giovanni 225/182 Pokemon Destined Rivals Full Art Ultra Rare NM!,Ungraded,4000,,"[""FIXED_PRICE""]",coveyofcards,https://i.ebayimg.com/images/g/iwkAAeSwd1VqHfZL/s-l225.jpg,b547c5c3-7082-4a7f-9290-3d569b91b462,2c272732-fdb3-4639-aa6b-ea9fa3ad9c24,Team Rocket's Giovanni,Destined Rivals,225,ultra_rare,YES,SINGLE_CARD,RAW,CARD,,,,,Donny,2026-09-16T04:14:17.286628+00:00,,
E13-0436,v1|336704961379|0,https://www.ebay.com/itm/336704961379?_skw=Team+Rocket%27s+Giovanni+225+Destined+Rivals+Pokemon+card&hash=item4e652dfb63:g:lUMAAeSwUKRqYojq,Pokemon TCG Team Rocket's Giovanni 225/182 SV10 Destined Rivals UR FA Holo Eng,Ungraded,4000,,"[""FIXED_PRICE"", ""BEST_OFFER""]",fat_texas_mack,https://i.ebayimg.com/images/g/lUMAAeSwUKRqYojq/s-l225.jpg,b547c5c3-7082-4a7f-9290-3d569b91b462,2c272732-fdb3-4639-aa6b-ea9fa3ad9c24,Team Rocket's Giovanni,Destined Rivals,225,ultra_rare,YES,SINGLE_CARD,RAW,CARD,,,,,Donny,2026-09-16T04:12:55.640424+00:00,,
E13-0437,v1|117093501048|0,https://www.ebay.com/itm/117093501048?_skw=Team+Rocket%27s+Giovanni+225+Destined+Rivals+Pokemon+card&hash=item1b43510878:g:fR4AAeSwy85pugG1,2025 POKEMON DRI EN-DESTINED RIVALS ULTRA RARE #225 TEAM ROCKET'S GIOVANNI PSA 9,Graded,2750,,"[""FIXED_PRICE"", ""BEST_OFFER""]",psa,https://i.ebayimg.com/images/g/fR4AAeSwy85pugG1/s-l225.jpg,b547c5c3-7082-4a7f-9290-3d569b91b462,2c272732-fdb3-4639-aa6b-ea9fa3ad9c24,Team Rocket's Giovanni,Destined Rivals,225,ultra_rare,NO,SINGLE_CARD,GRADED,CARD,,,,,Donny,2026-09-16T03:33:01.187480+00:00,,
E13-0438,v1|297987380943|0,https://www.ebay.com/itm/297987380943?_skw=Team+Rocket%27s+Giovanni+225+Destined+Rivals+Pokemon+card&hash=item45616e96cf:g:DdwAAeSwmgJpfkOD,Pokemon Card Team Rocket's Giovanni 225/182 Destined Rivals Ultra Rare NM ,Ungraded,4000,,"[""FIXED_PRICE"", ""BEST_OFFER""]",rxwdycards,https://i.ebayimg.com/images/g/DdwAAeSwmgJpfkOD/s-l225.jpg,b547c5c3-7082-4a7f-9290-3d569b91b462,2c272732-fdb3-4639-aa6b-ea9fa3ad9c24,Team Rocket's Giovanni,Destined Rivals,225,ultra_rare,YES,SINGLE_CARD,RAW,CARD,,,,,Donny,2026-09-16T04:13:23.679168+00:00,,
E13-0439,v1|407062168642|0,https://www.ebay.com/itm/407062168642?_skw=Team+Rocket%27s+Giovanni+225+Destined+Rivals+Pokemon+card&hash=item5ec6cbc442:g:hfYAAeSwpAlqUFOG,Pokémon TCG-Team Rocket’s Giovanni 225/182 Ultra Rare Full Art- Destined Rivals,Ungraded,4000,,"[""FIXED_PRICE"", ""BEST_OFFER""]",tcgbulkbin,https://i.ebayimg.com/images/g/hfYAAeSwpAlqUFOG/s-l225.jpg,b547c5c3-7082-4a7f-9290-3d569b91b462,2c272732-fdb3-4639-aa6b-ea9fa3ad9c24,Team Rocket's Giovanni,Destined Rivals,225,ultra_rare,YES,SINGLE_CARD,RAW,CARD,,,,,Donny,2026-09-16T04:15:12.992175+00:00,,
E13-0440,v1|198608897855|497577362854,https://www.ebay.com/itm/198608897855?_skw=Team+Rocket%27s+Giovanni+225+Destined+Rivals+Pokemon+card&hash=item2e3e03473f:g:DAgAAeSwqn9qlfUu,Pokémon TCG Ultra Rare - Pick Your Card - READ DESCRIPTION!!,Ungraded,4000,,"[""FIXED_PRICE""]",type_fire,https://i.ebayimg.com/images/g/DAgAAeSwqn9qlfUu/s-l225.jpg,b547c5c3-7082-4a7f-9290-3d569b91b462,2c272732-fdb3-4639-aa6b-ea9fa3ad9c24,Team Rocket's Giovanni,Destined Rivals,225,ultra_rare,NO,SINGLE_CARD,RAW,CARD,,,,,Donny,2026-09-16T03:33:06.996972+00:00,,
E13-0441,v1|267785851425|0,https://www.ebay.com/itm/267785851425?_skw=Zweilous+147+White+Flare+Pokemon+card&hash=item3e5947d221:g:cD0AAeSwfEhqqQWi,Pokemon Card Shelmet 093/086 Illustration Rare Holo White Flare Near Mint,Ungraded,4000,,"[""FIXED_PRICE"", ""BEST_OFFER""]",pokehaunters,https://i.ebayimg.com/images/g/cD0AAeSwfEhqqQWi/s-l225.jpg,b620ec1c-c0ac-4e7e-919d-a7df98bcb84b,8af678f4-09f0-486c-9617-b56896ebeea0,Zweilous,White Flare,147,illustration_rare,NO,SINGLE_CARD,RAW,CARD,INCONSISTENT,,,,Donny,2026-09-16T03:33:14.622399+00:00,,
E13-0442,v1|820104319235|0,https://www.ebay.com/itm/820104319235?_skw=Zweilous+147+White+Flare&hash=itembef206d103:g:wG4AAeSwkg5qoLYG,Pokémon TCG Zweilous 147/086 SV: White Flare Illustration Rare,Ungraded,4000,,"[""FIXED_PRICE"", ""BEST_OFFER""]",roundcornercards,https://i.ebayimg.com/images/g/wG4AAeSwkg5qoLYG/s-l225.jpg,b620ec1c-c0ac-4e7e-919d-a7df98bcb84b,8af678f4-09f0-486c-9617-b56896ebeea0,Zweilous,White Flare,147,illustration_rare,YES,SINGLE_CARD,RAW,CARD,,,,,Donny,2026-09-16T04:12:51.645636+00:00,,
E13-0443,v1|168588274578|0,https://www.ebay.com/itm/168588274578?_skw=Zweilous+147+White+Flare+Pokemon+card&hash=item2740a4eb92:g:Q2wAAeSw4NdqcfmY,Zweilous 147/086 Holo Illustration Rare White Flare Pokemon Near Mint,Ungraded,4000,,"[""FIXED_PRICE"", ""BEST_OFFER""]",rockets-r-us-tcc,https://i.ebayimg.com/images/g/Q2wAAeSw4NdqcfmY/s-l225.jpg,b620ec1c-c0ac-4e7e-919d-a7df98bcb84b,8af678f4-09f0-486c-9617-b56896ebeea0,Zweilous,White Flare,147,illustration_rare,YES,SINGLE_CARD,RAW,CARD,,,,,Donny,2026-09-16T04:13:25.644031+00:00,,
E13-0444,v1|398396436577|0,https://www.ebay.com/itm/398396436577?_skw=Zweilous+147+White+Flare+Pokemon+card&hash=item5cc2473061:g:TPUAAeSwYHRqqQSG,Zweilous 147/086 Holo Illustration Rare White Flare Pokemon Near Mint,Ungraded,4000,,"[""FIXED_PRICE""]",dadbroscollectables,https://i.ebayimg.com/images/g/TPUAAeSwYHRqqQSG/s-l225.jpg,b620ec1c-c0ac-4e7e-919d-a7df98bcb84b,8af678f4-09f0-486c-9617-b56896ebeea0,Zweilous,White Flare,147,illustration_rare,YES,SINGLE_CARD,RAW,CARD,,,,,Donny,2026-09-16T04:11:17.009990+00:00,,
E13-0445,v1|178493726902|0,https://www.ebay.com/itm/178493726902?_skw=Zweilous+147+White+Flare+Pokemon+card&hash=item298f0e20b6:g:nPUAAeSwf55qpvmO,Zweilous 147/086 Illustration Rare Holo Pokemon White Flare 2025,Ungraded,4000,,"[""FIXED_PRICE""]",col-983728,https://i.ebayimg.com/images/g/nPUAAeSwf55qpvmO/s-l225.jpg,b620ec1c-c0ac-4e7e-919d-a7df98bcb84b,8af678f4-09f0-486c-9617-b56896ebeea0,Zweilous,White Flare,147,illustration_rare,YES,SINGLE_CARD,RAW,CARD,,,,,Donny,2026-09-16T04:10:41.839358+00:00,,
E13-0446,v1|206393443854|0,https://www.ebay.com/itm/206393443854?_skw=Zweilous+147+White+Flare&hash=item300e02060e:g:YtIAAeSwutxqSRpg,Pokemon TCG White Flare Zweilous 147/086 Near Mint ,Ungraded,4000,,"[""FIXED_PRICE""]",off_topic_inc,https://i.ebayimg.com/images/g/YtIAAeSwutxqSRpg/s-l225.jpg,b620ec1c-c0ac-4e7e-919d-a7df98bcb84b,8af678f4-09f0-486c-9617-b56896ebeea0,Zweilous,White Flare,147,illustration_rare,YES,SINGLE_CARD,RAW,CARD,,,,,Donny,2026-09-16T04:11:42.221330+00:00,,
E13-0447,v1|117312638619|0,https://www.ebay.com/itm/117312638619?_skw=Zweilous+147+White+Flare+Pokemon+card&hash=item1b5060ce9b:g:iHEAAeSwgUdqXh4O,2025 POKEMON WHT EN-WHITE FLARE ILLUSTRATION RARE #147 ZWEILOUS PSA 9,Graded,2750,,"[""FIXED_PRICE""]",psa,https://i.ebayimg.com/images/g/iHEAAeSwgUdqXh4O/s-l225.jpg,b620ec1c-c0ac-4e7e-919d-a7df98bcb84b,8af678f4-09f0-486c-9617-b56896ebeea0,Zweilous,White Flare,147,illustration_rare,NO,SINGLE_CARD,GRADED,CARD,,,,,Donny,2026-09-16T03:33:24.619532+00:00,,
E13-0448,v1|336767253439|0,https://www.ebay.com/itm/336767253439?_skw=Zweilous+147+White+Flare&hash=item4e68e47bbf:g:IhsAAeSwW8NqmCO-,Zweilous Holofoil EN [WHT - 147/086] NM,Ungraded,4000,,"[""FIXED_PRICE"", ""BEST_OFFER""]",hiddenmachine602,https://i.ebayimg.com/images/g/IhsAAeSwW8NqmCO-/s-l225.jpg,b620ec1c-c0ac-4e7e-919d-a7df98bcb84b,8af678f4-09f0-486c-9617-b56896ebeea0,Zweilous,White Flare,147,illustration_rare,YES,SINGLE_CARD,RAW,CARD,,,,,Donny,2026-09-16T03:38:57.931884+00:00,,
E13-0449,v1|117414590440|0,https://www.ebay.com/itm/117414590440?_skw=Bianca%27s+Devotion+209+Temporal+Forces+Pokemon+card&hash=item1b567477e8:g:FOgAAeSw7k9qqfvU,Pokemon Temporal Forces Bianca's Devotion 209/162 (NM),Ungraded,4000,,"[""FIXED_PRICE"", ""BEST_OFFER""]",radiant_rips_tcg,https://i.ebayimg.com/images/g/FOgAAeSw7k9qqfvU/s-l225.jpg,b801a524-e703-4f4c-ad99-1ec742cf30ec,586dac04-6254-4241-b628-b6d3dac61063,Bianca's Devotion,Temporal Forces,209,special_illustration_rare,YES,SINGLE_CARD,RAW,CARD,,,,,Donny,2026-09-16T04:14:41.004036+00:00,,
E13-0450,v1|278168909060|0,https://www.ebay.com/itm/278168909060?_skw=Bianca%27s+Devotion+209+Temporal+Forces&hash=item40c428b504:g:v3UAAeSw-JRqmbfh,Bianca's Devotion - Temporal Forces 209/162 - Pokemon,Ungraded,4000,,"[""FIXED_PRICE""]",tjs_cards,https://i.ebayimg.com/images/g/v3UAAeSw-JRqmbfh/s-l225.jpg,b801a524-e703-4f4c-ad99-1ec742cf30ec,586dac04-6254-4241-b628-b6d3dac61063,Bianca's Devotion,Temporal Forces,209,special_illustration_rare,YES,SINGLE_CARD,RAW,CARD,,,,,Donny,2026-09-16T04:14:21.077196+00:00,,
E13-0451,v1|358133465473|0,https://www.ebay.com/itm/358133465473?_skw=Bianca%27s+Devotion+209+Temporal+Forces&hash=item53626b0181:g:ciQAAeSw4xtpbqCO,2024 POKEMON TEF EN-TEMPORAL FORCES #209 BIANCA'S DEVOTION PSA 10,Graded,2750,,"[""FIXED_PRICE""]",pokedeck-la,https://i.ebayimg.com/images/g/ciQAAeSw4xtpbqCO/s-l225.jpg,b801a524-e703-4f4c-ad99-1ec742cf30ec,586dac04-6254-4241-b628-b6d3dac61063,Bianca's Devotion,Temporal Forces,209,special_illustration_rare,NO,SINGLE_CARD,GRADED,CARD,,,,,Donny,2026-09-16T03:33:29.562805+00:00,,
E13-0452,v1|117311705787|0,https://www.ebay.com/itm/117311705787?_skw=Bianca%27s+Devotion+209+Temporal+Forces&hash=item1b505292bb:g:AZQAAeSw6wJqDxpc,Pokemon Temporal Forces Bianca's Devotion 209/162 (NM),Ungraded,4000,,"[""FIXED_PRICE"", ""BEST_OFFER""]",nguus-xyvykuqcs,https://i.ebayimg.com/images/g/AZQAAeSw6wJqDxpc/s-l225.jpg,b801a524-e703-4f4c-ad99-1ec742cf30ec,586dac04-6254-4241-b628-b6d3dac61063,Bianca's Devotion,Temporal Forces,209,special_illustration_rare,YES,SINGLE_CARD,RAW,CARD,,,,,Donny,2026-09-16T04:13:18.809373+00:00,,
E13-0453,v1|227423207586|0,https://www.ebay.com/itm/227423207586?_skw=Bianca%27s+Devotion+209+Temporal+Forces&hash=item34f37ac0a2:g:g2YAAeSwGS5qTv~I,Pokemon TCG Bianca's Devotion 209/162! NM/LP Condition! See Description!,Ungraded,4000,,"[""FIXED_PRICE""]",spegri_38,https://i.ebayimg.com/images/g/g2YAAeSwGS5qTv~I/s-l225.jpg,b801a524-e703-4f4c-ad99-1ec742cf30ec,586dac04-6254-4241-b628-b6d3dac61063,Bianca's Devotion,Temporal Forces,209,special_illustration_rare,YES,SINGLE_CARD,RAW,CARD,,,,,Donny,2026-09-16T04:11:50.313203+00:00,,
E13-0454,v1|278349357071|0,https://www.ebay.com/itm/278349357071?_skw=Bianca%27s+Devotion+209+Temporal+Forces&hash=item40ceea200f:g:VgUAAeSwi0VqnYD-,Pokémon TCG Bianca's Devotion Scarlet & Violet Temporal Forces 209/162,Ungraded,4000,,"[""FIXED_PRICE"", ""BEST_OFFER""]",jnminifigures,https://i.ebayimg.com/images/g/VgUAAeSwi0VqnYD-/s-l225.jpg,b801a524-e703-4f4c-ad99-1ec742cf30ec,586dac04-6254-4241-b628-b6d3dac61063,Bianca's Devotion,Temporal Forces,209,special_illustration_rare,YES,SINGLE_CARD,RAW,CARD,,,,,Donny,2026-09-16T04:10:25.077406+00:00,,
E13-0455,v1|206557247819|0,https://www.ebay.com/itm/206557247819?_skw=Bianca%27s+Devotion+209+Temporal+Forces+Pokemon+card&hash=item3017c5794b:g:0soAAeSwHAJqqFu-,The Pokémon Company Bianca's Devotion SV05 209/162 SIR Holo EN,Ungraded,4000,,"[""FIXED_PRICE"", ""BEST_OFFER""]",sidequests402,https://i.ebayimg.com/images/g/0soAAeSwHAJqqFu-/s-l225.jpg,b801a524-e703-4f4c-ad99-1ec742cf30ec,586dac04-6254-4241-b628-b6d3dac61063,Bianca's Devotion,Temporal Forces,209,special_illustration_rare,YES,SINGLE_CARD,RAW,CARD,,,,,Donny,2026-09-16T03:38:39.134453+00:00,,
E13-0456,v1|128078257544|0,https://www.ebay.com/itm/128078257544?_skw=Bianca%27s+Devotion+209+Temporal+Forces+Pokemon+card&hash=item1dd20f1d88:g:9b0AAeSw75ZqY-Wy,Bianca's Devotion 209/162 SV05: Temporal Forces Holo,Ungraded,4000,,"[""FIXED_PRICE"", ""AUCTION""]",wnew9462,https://i.ebayimg.com/images/g/9b0AAeSw75ZqY-Wy/s-l225.jpg,b801a524-e703-4f4c-ad99-1ec742cf30ec,586dac04-6254-4241-b628-b6d3dac61063,Bianca's Devotion,Temporal Forces,209,special_illustration_rare,YES,SINGLE_CARD,RAW,CARD,,,,,Donny,2026-09-16T04:12:21.871229+00:00,,
E13-0457,v1|318871900991|617089276501,https://www.ebay.com/itm/318871900991?_skw=Fidough+213+Scarlet+and+Violet+Base+Set+Pokemon+card&var=617089276501&hash=item4a3e3f133f:g:gBgAAeSwmuxqqJBl,Scarlet and Violet: Choose Your Card (Commons/Reverse Holos),Ungraded,4000,,"[""FIXED_PRICE""]",ihfytcg,https://i.ebayimg.com/images/g/gBgAAeSwmuxqqJBl/s-l225.jpg,bf928dd7-24bc-4e16-bb5e-afb8122c3241,311abf3f-15cb-4cb8-995f-1937555c4bdd,Fidough,Scarlet and Violet Base Set,213,illustration_rare,NO,SINGLE_CARD,RAW,CARD,,,,,Donny,2026-09-16T03:33:35.529341+00:00,,
E13-0458,v1|336458590414|0,https://www.ebay.com/itm/336458590414?_skw=Fidough+213+Scarlet+and+Violet+Base+Set+Pokemon+card&hash=item4e567ea8ce:g:5soAAeSwhqJppIPO,[NM] Fidough 069 Sv: Scarlet & Violet Promo Cards Holo [ENG],Ungraded,4000,,"[""FIXED_PRICE"", ""BEST_OFFER""]",zensational.tcg,https://i.ebayimg.com/images/g/5soAAeSwhqJppIPO/s-l225.jpg,bf928dd7-24bc-4e16-bb5e-afb8122c3241,311abf3f-15cb-4cb8-995f-1937555c4bdd,Fidough,Scarlet and Violet Base Set,213,illustration_rare,NO,SINGLE_CARD,RAW,CARD,,,,,Donny,2026-09-16T03:33:49.701740+00:00,,
E13-0459,v1|800430942844|0,https://www.ebay.com/itm/800430942844?_skw=Fidough+213+Scarlet+and+Violet+Base+Set+Pokemon+card&hash=itemba5d66ea7c:g:lnkAAeSwyJFqd-9w,Fidough - 097/198 - Scarlet & Violet Base Set NM,Ungraded,4000,,"[""FIXED_PRICE""]",9thsleeve-tcg,https://i.ebayimg.com/images/g/lnkAAeSwyJFqd-9w/s-l225.jpg,bf928dd7-24bc-4e16-bb5e-afb8122c3241,311abf3f-15cb-4cb8-995f-1937555c4bdd,Fidough,Scarlet and Violet Base Set,213,illustration_rare,NO,SINGLE_CARD,RAW,CARD,INCONSISTENT,,,,Donny,2026-09-16T03:33:50.782431+00:00,,
E13-0460,v1|257240907326|0,https://www.ebay.com/itm/257240907326?_skw=Fidough+213+Scarlet+and+Violet+Base+Set+Pokemon+card&hash=item3be4c0be3e:g:xUMAAOSw99xlw-mU,2023 Pokemon Card Scarlet & Violet Fidough Card 98/198,Ungraded,4000,,"[""FIXED_PRICE"", ""BEST_OFFER""]",kylbelflowe-0,https://i.ebayimg.com/images/g/xUMAAOSw99xlw-mU/s-l225.jpg,bf928dd7-24bc-4e16-bb5e-afb8122c3241,311abf3f-15cb-4cb8-995f-1937555c4bdd,Fidough,Scarlet and Violet Base Set,213,illustration_rare,NO,SINGLE_CARD,RAW,CARD,INCONSISTENT,,,,Donny,2026-09-16T03:33:52.420446+00:00,,
E13-0461,v1|168311007964|0,https://www.ebay.com/itm/168311007964?_skw=Fidough+213+Scarlet+and+Violet+Base+Set+Pokemon+card&hash=item27301e2adc:g:LpwAAeSwhYVp3-Vw,Fidough 069 Sv: Scarlet & Violet Promo Cards Holo,Ungraded,4000,,"[""FIXED_PRICE""]",skunclejaysportscards,https://i.ebayimg.com/images/g/LpwAAeSwhYVp3-Vw/s-l225.jpg,bf928dd7-24bc-4e16-bb5e-afb8122c3241,311abf3f-15cb-4cb8-995f-1937555c4bdd,Fidough,Scarlet and Violet Base Set,213,illustration_rare,NO,SINGLE_CARD,RAW,CARD,,,,,Donny,2026-09-16T03:33:54.542949+00:00,,
E13-0462,v1|407063784851|0,https://www.ebay.com/itm/407063784851?_skw=Fidough+213+Scarlet+and+Violet+Base+Set+Pokemon+card&hash=item5ec6e46d93:g:vtMAAeSwSFFqUTct,Pokemon Scarlet and Violet 097/198 Fidough,Ungraded,4000,,"[""FIXED_PRICE""]",abegamestcg,https://i.ebayimg.com/images/g/vtMAAeSwSFFqUTct/s-l225.jpg,bf928dd7-24bc-4e16-bb5e-afb8122c3241,311abf3f-15cb-4cb8-995f-1937555c4bdd,Fidough,Scarlet and Violet Base Set,213,illustration_rare,NO,SINGLE_CARD,RAW,CARD,INCONSISTENT,,,,Donny,2026-09-16T03:33:56.156424+00:00,,
E13-0463,v1|178225881480|0,https://www.ebay.com/itm/178225881480?_skw=Fidough+213+Scarlet+and+Violet+Base+Set+Pokemon+card&hash=item297f172188:g:algAAeSwtOZqMIvo,Fidough 213/198 SV01 Scarlet & Violet Base Set Illustration Rare Near Mint,Ungraded,4000,,"[""FIXED_PRICE"", ""BEST_OFFER""]",kb.cardz,https://i.ebayimg.com/images/g/algAAeSwtOZqMIvo/s-l225.jpg,bf928dd7-24bc-4e16-bb5e-afb8122c3241,311abf3f-15cb-4cb8-995f-1937555c4bdd,Fidough,Scarlet and Violet Base Set,213,illustration_rare,YES,SINGLE_CARD,RAW,CARD,,,,,Donny,2026-09-16T04:13:00.091049+00:00,,
E13-0464,v1|398392515222|0,https://www.ebay.com/itm/398392515222?_skw=Fidough+213+Scarlet+and+Violet+Base+Set+Pokemon+card&hash=item5cc20b5a96:g:cQkAAeSwahRqphiC,Fidough 213/198 SV01: Scarlet & Violet Base Set Holo,Ungraded,4000,,"[""FIXED_PRICE"", ""BEST_OFFER""]",vthouseofcards,https://i.ebayimg.com/images/g/cQkAAeSwahRqphiC/s-l225.jpg,bf928dd7-24bc-4e16-bb5e-afb8122c3241,311abf3f-15cb-4cb8-995f-1937555c4bdd,Fidough,Scarlet and Violet Base Set,213,illustration_rare,YES,SINGLE_CARD,RAW,CARD,,,,,Donny,2026-09-16T04:11:14.624568+00:00,,
E13-0465,v1|227518754632|0,https://www.ebay.com/itm/227518754632?_skw=Mega+Lucario+ex+179+Mega+Evolution+Pokemon+card&hash=item34f92caf48:g:F-AAAeSwKjZqpIKx,Mega Lucario ex 179/132 2025 English Holo SIR ME01 Mega Evolution PSA 10,Graded,2750,,"[""AUCTION""]",machomanrandysavage,https://i.ebayimg.com/images/g/F-AAAeSwKjZqpIKx/s-l225.jpg,c7e36a14-236f-4b93-a4a8-a4be2ddc7193,590cc9ca-0f7d-413e-ae31-68433716e01b,Mega Lucario ex,Mega Evolution,179,special_illustration_rare,NO,SINGLE_CARD,GRADED,CARD,,,,,Donny,2026-09-16T03:34:00.059917+00:00,,
E13-0466,v1|168676687884|0,https://www.ebay.com/itm/168676687884?_skw=Mega+Lucario+ex+179+Mega+Evolution+Pokemon+card&hash=item2745ea000c:g:~PAAAeSwmBpqob06,The Pokémon Company Pokémon TCG Mega Lucario ex 179/132 SIR Holo EN PSA 9,Graded,2750,,"[""FIXED_PRICE"", ""BEST_OFFER""]",mari_bedo,https://i.ebayimg.com/images/g/~PAAAeSwmBpqob06/s-l225.jpg,c7e36a14-236f-4b93-a4a8-a4be2ddc7193,590cc9ca-0f7d-413e-ae31-68433716e01b,Mega Lucario ex,Mega Evolution,179,special_illustration_rare,NO,SINGLE_CARD,GRADED,CARD,,,,,Donny,2026-09-16T03:34:01.366727+00:00,,
E13-0467,v1|168665196072|0,https://www.ebay.com/itm/168665196072?_skw=Mega+Lucario+ex+179+Mega+Evolution+Pokemon+card&hash=item27453aa628:g:8swAAeSwM8FqmiUV,Mega Lucario ex Holofoil [MEG - 179/132]Mega EvolutionNM,Ungraded,4000,,"[""FIXED_PRICE""]",dream_claw_collectables,https://i.ebayimg.com/images/g/8swAAeSwM8FqmiUV/s-l225.jpg,c7e36a14-236f-4b93-a4a8-a4be2ddc7193,590cc9ca-0f7d-413e-ae31-68433716e01b,Mega Lucario ex,Mega Evolution,179,special_illustration_rare,YES,SINGLE_CARD,RAW,CARD,,,,,Donny,2026-09-16T03:38:43.673547+00:00,,
E13-0468,v1|297744645930|0,https://www.ebay.com/itm/297744645930?_skw=Mega+Lucario+ex+179+Mega+Evolution+Pokemon+card&hash=item4552f6bf2a:g:NY0AAeSwMFNpDrMy&amdata=enc%3AAQALAAABEACCtXRWQnOEpyOqnQQ8KGZcT5XxcrHeSkRpbnO%2FIbOMbjZ7VIDEM7gOe%2FbK3b4HlOQcEUDeop6nSQzZFPuHlJcOggqSBVpizezhPWVDT2MwbFMbSV1aDOtISP7dTBBPeahwLhXtBkTfT7wFysvlVIy92EbmFELWYfrg1uwGBbB2tOF8vdEy1se7PDxOkFQrq4kRY7DXuiVcRSAD1NmD9YGk2lVpral7pL94F8fSuNgqwbObPKp86t6GLTuaobB4WUzXQw0%2BwfANI9AkP%2Bx3HuaaVTfs7qXKd2C1XXWGPsZzdqPMO%2FWEBe04fpwfObW450Sf2E1fi7uI%2BArzcegQbxRQYXtkz4U3Atv3K1Ix8TFf,Mega Lucario ex 179/132 - Pokemon TCG Mega Evolution Holo SIR PACK FRESH NM/M,Ungraded,4000,,"[""FIXED_PRICE"", ""BEST_OFFER""]",collectaholic101proof,https://i.ebayimg.com/images/g/NY0AAeSwMFNpDrMy/s-l225.jpg,c7e36a14-236f-4b93-a4a8-a4be2ddc7193,590cc9ca-0f7d-413e-ae31-68433716e01b,Mega Lucario ex,Mega Evolution,179,special_illustration_rare,YES,SINGLE_CARD,RAW,CARD,,,,,Donny,2026-09-16T03:38:59.855505+00:00,,
E13-0469,v1|267784562755|0,https://www.ebay.com/itm/267784562755?_skw=Mega+Lucario+ex+179+Mega+Evolution+Pokemon+card&hash=item3e59342843:g:-W4AAeSwLgNqpz1c,Mega Lucario Ex 179/132 Me01: Mega Evolution Holo NM Ultra Rare Pokemon Card,Ungraded,4000,,"[""FIXED_PRICE"", ""BEST_OFFER""]",ernie_208,https://i.ebayimg.com/images/g/-W4AAeSwLgNqpz1c/s-l225.jpg,c7e36a14-236f-4b93-a4a8-a4be2ddc7193,590cc9ca-0f7d-413e-ae31-68433716e01b,Mega Lucario ex,Mega Evolution,179,special_illustration_rare,YES,SINGLE_CARD,RAW,CARD,,,,,Donny,2026-09-16T04:12:59.540298+00:00,,
E13-0470,v1|800660807891|0,https://www.ebay.com/itm/800660807891?_skw=Mega+Lucario+ex+179+Mega+Evolution+Pokemon+card&hash=itemba6b1a60d3:g:sbQAAeSwZBRqqAEk,Mega Lucario EX 179/132 ME01 Mega Evolution Holo ENG 340 HP 5ban Graphics,Ungraded,4000,,"[""FIXED_PRICE"", ""BEST_OFFER""]",nich_348124,https://i.ebayimg.com/images/g/sbQAAeSwZBRqqAEk/s-l225.jpg,c7e36a14-236f-4b93-a4a8-a4be2ddc7193,590cc9ca-0f7d-413e-ae31-68433716e01b,Mega Lucario ex,Mega Evolution,179,special_illustration_rare,YES,SINGLE_CARD,RAW,CARD,,,,,Donny,2026-09-16T04:15:11.541056+00:00,,
E13-0471,v1|318871473046|0,https://www.ebay.com/itm/318871473046?_skw=Mega+Lucario+ex+179+Mega+Evolution+Pokemon+card&hash=item4a3e388b96:g:j8wAAeSw7ydqqG4h,Pokémon TCG 2025 Pokemon MEG EN Mega Lucario EX Special Illustration Rare Psa 10,Graded,2750,,"[""AUCTION""]",josfi_3133,https://i.ebayimg.com/images/g/j8wAAeSw7ydqqG4h/s-l225.jpg,c7e36a14-236f-4b93-a4a8-a4be2ddc7193,590cc9ca-0f7d-413e-ae31-68433716e01b,Mega Lucario ex,Mega Evolution,179,special_illustration_rare,NO,SINGLE_CARD,GRADED,CARD,,,,,Donny,2026-09-16T03:34:06.786399+00:00,,
E13-0472,v1|377462409562|0,https://www.ebay.com/itm/377462409562?_skw=Mega+Lucario+ex+179+Mega+Evolution+Pokemon+card&hash=item57e283495a:g:CH8AAeSwFfJqls3o,Mega Lucario EX,Graded,2750,,"[""FIXED_PRICE"", ""BEST_OFFER""]",tamaryo12,https://i.ebayimg.com/images/g/CH8AAeSwFfJqls3o/s-l225.jpg,c7e36a14-236f-4b93-a4a8-a4be2ddc7193,590cc9ca-0f7d-413e-ae31-68433716e01b,Mega Lucario ex,Mega Evolution,179,special_illustration_rare,NO,SINGLE_CARD,GRADED,CARD,,,,,Donny,2026-09-16T03:34:09.175968+00:00,,
E13-0473,v1|127956228567|0,https://www.ebay.com/itm/127956228567?_skw=Team+Rocket%27s+Giovanni+238+Destined+Rivals+Pokemon+card&hash=item1dcac919d7:g:GjYAAeSwoVFqoYpN,2025 Pokemon Destined Rivals #238 Rocket's Giovanni Special Illstr. Rare PSA 10,Graded,2750,,"[""FIXED_PRICE"", ""BEST_OFFER""]",titletownsc,https://i.ebayimg.com/images/g/GjYAAeSwoVFqoYpN/s-l225.jpg,cc59d868-d0e5-4557-9423-3f9b7c9d2591,04f90621-b7cb-49bf-b962-8ba0790d6e62,Team Rocket's Giovanni,Destined Rivals,238,special_illustration_rare,NO,SINGLE_CARD,GRADED,CARD,,,,,Donny,2026-09-16T03:34:10.789490+00:00,,
E13-0474,v1|298579005621|0,https://www.ebay.com/itm/298579005621?_skw=Team+Rocket%27s+Giovanni+238+Destined+Rivals+Pokemon+card&hash=item4584b210b5:g:mvgAAeSwbqVqe1tL,Pokemon Company Team Rocket's Giovanni 238/182 Destined Rivals SIR Holo FA,Ungraded,4000,,"[""FIXED_PRICE"", ""BEST_OFFER""]",abr513209,https://i.ebayimg.com/images/g/mvgAAeSwbqVqe1tL/s-l225.jpg,cc59d868-d0e5-4557-9423-3f9b7c9d2591,04f90621-b7cb-49bf-b962-8ba0790d6e62,Team Rocket's Giovanni,Destined Rivals,238,special_illustration_rare,YES,SINGLE_CARD,RAW,CARD,,,,,Donny,2026-09-16T03:38:56.191363+00:00,,
E13-0475,v1|127958957150|0,https://www.ebay.com/itm/127958957150?_skw=Team+Rocket%27s+Giovanni+238+Destined+Rivals+Pokemon+card&hash=item1dcaf2bc5e:g:wV4AAeSwiTNql5hf,2025 Pokemon Destined Rivals #238 Rocket's Giovanni Special Illstrn Rare PSA 9,Graded,2750,,"[""FIXED_PRICE"", ""BEST_OFFER""]",titletownsc,https://i.ebayimg.com/images/g/wV4AAeSwiTNql5hf/s-l225.jpg,cc59d868-d0e5-4557-9423-3f9b7c9d2591,04f90621-b7cb-49bf-b962-8ba0790d6e62,Team Rocket's Giovanni,Destined Rivals,238,special_illustration_rare,NO,SINGLE_CARD,GRADED,CARD,,,,,Donny,2026-09-16T03:34:13.227614+00:00,,
E13-0476,v1|117024108581|0,https://www.ebay.com/itm/117024108581?_skw=Team+Rocket%27s+Giovanni+238+Destined+Rivals+Pokemon+card&hash=item1b3f2e3025:g:-4kAAeSwhd9phzTA,2025 POKEMON DRI EN-DESTINED RIVALS #238 TEAM ROCKET'S GIOVANNI PSA 9,Graded,2750,,"[""FIXED_PRICE""]",aj12143,https://i.ebayimg.com/images/g/-4kAAeSwhd9phzTA/s-l225.jpg,cc59d868-d0e5-4557-9423-3f9b7c9d2591,04f90621-b7cb-49bf-b962-8ba0790d6e62,Team Rocket's Giovanni,Destined Rivals,238,special_illustration_rare,NO,SINGLE_CARD,GRADED,CARD,,,,,Donny,2026-09-16T03:34:14.604566+00:00,,
E13-0477,v1|407183296848|0,https://www.ebay.com/itm/407183296848?_skw=Team+Rocket%27s+Giovanni+238+Destined+Rivals+Pokemon+card&hash=item5ece040950:g:FdUAAeSwxFVqleCF,Pokemon TCG EN Team Rocket's Giovanni PSA 9 SIR Full Art Holo 238/182 2025,Graded,2750,,"[""FIXED_PRICE""]",techteach_9,https://i.ebayimg.com/images/g/FdUAAeSwxFVqleCF/s-l225.jpg,cc59d868-d0e5-4557-9423-3f9b7c9d2591,04f90621-b7cb-49bf-b962-8ba0790d6e62,Team Rocket's Giovanni,Destined Rivals,238,special_illustration_rare,NO,SINGLE_CARD,GRADED,CARD,,,,,Donny,2026-09-16T03:34:15.871447+00:00,,
E13-0478,v1|147302343638|0,https://www.ebay.com/itm/147302343638?_skw=Team+Rocket%27s+Giovanni+238+Destined+Rivals+Pokemon+card&hash=item224be763d6:g:d5EAAeSw3w1p~yEo,Pokemon Team Rocket's Giovanni (238/276) Destined Rivals NM HOLO,Ungraded,4000,,"[""FIXED_PRICE""]",ninetyfive,https://i.ebayimg.com/images/g/d5EAAeSw3w1p~yEo/s-l225.jpg,cc59d868-d0e5-4557-9423-3f9b7c9d2591,04f90621-b7cb-49bf-b962-8ba0790d6e62,Team Rocket's Giovanni,Destined Rivals,238,special_illustration_rare,YES,SINGLE_CARD,RAW,CARD,,,,,Donny,2026-09-16T04:13:31.158665+00:00,,
E13-0479,v1|137390123794|0,https://www.ebay.com/itm/137390123794?_skw=Team+Rocket%27s+Giovanni+238+Destined+Rivals+Pokemon+card&hash=item1ffd16eb12:g:PmMAAeSwEgFqJeyC,Team Rocket's Giovanni 238/182 Sv10: Destined Rivals Holo,Ungraded,4000,,"[""FIXED_PRICE"", ""BEST_OFFER""]",rodch80,https://i.ebayimg.com/images/g/PmMAAeSwEgFqJeyC/s-l225.jpg,cc59d868-d0e5-4557-9423-3f9b7c9d2591,04f90621-b7cb-49bf-b962-8ba0790d6e62,Team Rocket's Giovanni,Destined Rivals,238,special_illustration_rare,YES,SINGLE_CARD,RAW,CARD,,,,,Donny,2026-09-16T04:14:37.404114+00:00,,
E13-0480,v1|307127432411|0,https://www.ebay.com/itm/307127432411?_skw=Team+Rocket%27s+Giovanni+238+Destined+Rivals+Pokemon+card&hash=item478238b4db:g:X7cAAeSwA6tqf~sT&amdata=enc%3AAQALAAABEACCtXRWQnOEpyOqnQQ8KGZfynov964VE45K1fEq%2FlJ3MLBRcKA0EfjPYCdc0198XBrAzB8fq2ofdAeaLZj8g1A4csh7Dlkc9K4X2l1gAmEvMvcJp7UrsPRGBt6mzAwokk5m8bqGf%2BrX%2FavEu7UIKO05XI7a7t1isOOQLgj5y%2FdONaWbPFrrTD2K4CLoNDKaC9i%2Faa2s46REpy4gkvShrf1CcAQSYyCYChzEs%2Bp%2B8MElU6Uye5Plw52XKJ70I8VR2JhOdEcn8QrxCO8b3xgsaC8Kl2lpAE%2Fhgt1%2FFMDj%2FS3NZwC%2BK87mlWp0BLQPteDbqVs04wHXwqNr8Xk9%2FysmbuXgUy3WEwiTNigyKPv3xPAu,Pokemon Team Rocket's Giovanni 238/182 Sv10 Destined Rivals Holo SIR EN,Ungraded,4000,,"[""FIXED_PRICE"", ""BEST_OFFER""]",lekon_4890,https://i.ebayimg.com/images/g/X7cAAeSwA6tqf~sT/s-l225.jpg,cc59d868-d0e5-4557-9423-3f9b7c9d2591,04f90621-b7cb-49bf-b962-8ba0790d6e62,Team Rocket's Giovanni,Destined Rivals,238,special_illustration_rare,YES,SINGLE_CARD,RAW,CARD,,,,,Donny,2026-09-16T04:14:31.870147+00:00,,
E13-0481,v1|287587307083|0,https://www.ebay.com/itm/287587307083?_skw=Flareon+136+Scarlet+and+Violet+151+Pokemon+card&hash=item42f58a0e4b:g:~YEAAeSwTctqqMRU,x1 Flareon - 136/165 - Rare - Reverse Holo Pokemon SV: Scarlet and Violet 151 M/,Ungraded,4000,,"[""FIXED_PRICE""]",untappedgames,https://i.ebayimg.com/images/g/~YEAAeSwTctqqMRU/s-l225.jpg,cdfc0223-40ef-4e4b-a9f2-3a809ae1c3df,f6e9d756-3a7b-4c8e-b87c-06cacb0d3c7e,Flareon,Scarlet and Violet 151,136,rare,NO,SINGLE_CARD,RAW,CARD,,,,INCONSISTENT,Donny,2026-09-16T04:10:58.126367+00:00,,
E13-0482,v1|307179853066|0,https://www.ebay.com/itm/307179853066?_skw=Flareon+136+Scarlet+and+Violet+151+Pokemon+card&hash=item478558950a:g:DXIAAeSwVbhqqMRf,x1 Flareon - 136/165 - Holo Rare Pokemon SV: Scarlet and Violet 151 M/NM,Ungraded,4000,,"[""FIXED_PRICE""]",untappedgames,https://i.ebayimg.com/images/g/DXIAAeSwVbhqqMRf/s-l225.jpg,cdfc0223-40ef-4e4b-a9f2-3a809ae1c3df,f6e9d756-3a7b-4c8e-b87c-06cacb0d3c7e,Flareon,Scarlet and Violet 151,136,rare,YES,SINGLE_CARD,RAW,CARD,,,,,Donny,2026-09-16T04:13:59.640006+00:00,,
E13-0483,v1|326759111064|515758996380,https://www.ebay.com/itm/326759111064?_skw=Flareon+136+Scarlet+and+Violet+151+Pokemon+card&var=515758996380&hash=item4c145c5998:g:0akAAeSwOyNoujRf,151 Scarlet & Violet Pokemon Card Reverse Holo and EX CHOOSE/ ALL IN STOCK,Ungraded,4000,,"[""FIXED_PRICE""]",redsox615615,https://i.ebayimg.com/images/g/0akAAeSwOyNoujRf/s-l225.jpg,cdfc0223-40ef-4e4b-a9f2-3a809ae1c3df,f6e9d756-3a7b-4c8e-b87c-06cacb0d3c7e,Flareon,Scarlet and Violet 151,136,rare,NO,SINGLE_CARD,RAW,CARD,,,,INCONSISTENT,Donny,2026-09-16T03:34:21.479940+00:00,,
E13-0484,v1|168579519506|0,https://www.ebay.com/itm/168579519506?_skw=Flareon+136+Scarlet+and+Violet+151&hash=item27401f5412:g:PiUAAeSw8fBqbYMc,Scarlet And Violet 151 Flareon Holo 136/165 Mint,Ungraded,4000,,"[""FIXED_PRICE""]",noveltymerchant,https://i.ebayimg.com/images/g/PiUAAeSw8fBqbYMc/s-l225.jpg,cdfc0223-40ef-4e4b-a9f2-3a809ae1c3df,f6e9d756-3a7b-4c8e-b87c-06cacb0d3c7e,Flareon,Scarlet and Violet 151,136,rare,YES,SINGLE_CARD,RAW,CARD,,,,,Donny,2026-09-16T04:15:10.497489+00:00,,
E13-0485,v1|407194974089|677364140969,https://www.ebay.com/itm/407194974089?_skw=Flareon+136+Scarlet+and+Violet+151&var=677364140969&hash=item5eceb63789:g:DSgAAeSw5bdqm-0H&amdata=enc%3AAQALAAABAACCtXRWQnOEpyOqnQQ8KGY52MU%2FwlAcZj6O1oiT8e0XEug0%2FjjlI4R2mHc7FqHeVcvBWIPfDgbnqVwXSroPoVeTnpfGs40DborHODeCfirw0hHhjIgSGQKAqbMw%2Fd%2FYHZewIxRqRBn79omdxSujF9VQhknJh0U2ET2iPgnXO%2BtXT0JAae4GorCPGHd%2BDZ0lOB1wpK8VugFsVml1IV28TUIyzWohY0stMxIE3KCF%2FmueintVmSG0WUzblrEsdI0IOlMQlzAaVDh%2Fl1cYZ5LQ%2Fc1czuQ4prn2JSxVnc44d%2Bk01c%2BLpwQzKowYCoLqKOeU1zK09XRVQFJWnNUIWOJJFVs%3D,"Pokemon Singles Scarlet and Violet: 151 commons, uncommons, rares, and EXs",Ungraded,4000,,"[""FIXED_PRICE""]",indiana_pokemart,https://i.ebayimg.com/images/g/DSgAAeSw5bdqm-0H/s-l225.jpg,cdfc0223-40ef-4e4b-a9f2-3a809ae1c3df,f6e9d756-3a7b-4c8e-b87c-06cacb0d3c7e,Flareon,Scarlet and Violet 151,136,rare,UNCERTAIN,UNCERTAIN,UNCERTAIN,UNCERTAIN,,,,,Donny,2026-09-16T04:12:33.583360+00:00,,
E13-0486,v1|115942120020|416072438949,https://www.ebay.com/itm/115942120020?_skw=Flareon+136+Scarlet+and+Violet+151+Pokemon+card&var=416072438949&hash=item1afeb05a54:g:i-gAAOSw1-RlKejs,Pokemon S&V 151: Choose Your Cards and Save 40% ! - Reverse Holo and Up - NM,Ungraded,4000,,"[""FIXED_PRICE""]",chase_cash69,https://i.ebayimg.com/images/g/i-gAAOSw1-RlKejs/s-l225.jpg,cdfc0223-40ef-4e4b-a9f2-3a809ae1c3df,f6e9d756-3a7b-4c8e-b87c-06cacb0d3c7e,Flareon,Scarlet and Violet 151,136,rare,YES,SINGLE_CARD,RAW,CARD,,,,,Donny,2026-09-16T03:38:54.891733+00:00,,
E13-0487,v1|306890577708|606758941322,https://www.ebay.com/itm/306890577708?_skw=Flareon+136+Scarlet+and+Violet+151+Pokemon+card&var=606758941322&hash=item47741a972c:g:l8QAAeSwU0pp4-DM,151 Reverse Holos & Holos - Choose Your Card - Pokemon Scarlet & Violet,Ungraded,4000,,"[""FIXED_PRICE""]",penguinunleased,https://i.ebayimg.com/images/g/l8QAAeSwU0pp4-DM/s-l225.jpg,cdfc0223-40ef-4e4b-a9f2-3a809ae1c3df,f6e9d756-3a7b-4c8e-b87c-06cacb0d3c7e,Flareon,Scarlet and Violet 151,136,rare,NO,SINGLE_CARD,RAW,CARD,,,,,Donny,2026-09-16T04:14:28.985407+00:00,,
E13-0488,v1|147264089917|445707029146,https://www.ebay.com/itm/147264089917?_skw=Flareon+136+Scarlet+and+Violet+151&var=445707029146&hash=item22499faf3d:g:XyYAAeSwy6tp4rZJ,Pokemon Scarlet & Violet 151- All Cards - NM Ex Holo and Reverse Holo Charizard,Ungraded,4000,,"[""FIXED_PRICE""]",lonchocards,https://i.ebayimg.com/images/g/XyYAAeSwy6tp4rZJ/s-l225.jpg,cdfc0223-40ef-4e4b-a9f2-3a809ae1c3df,f6e9d756-3a7b-4c8e-b87c-06cacb0d3c7e,Flareon,Scarlet and Violet 151,136,rare,NO,SINGLE_CARD,RAW,CARD,,,,INCONSISTENT,Donny,2026-09-16T03:34:26.768376+00:00,,
E13-0489,v1|188739202157|0,https://www.ebay.com/itm/188739202157?_skw=Roaring+Moon+ex+162+Prismatic+Evolutions+Pokemon+card&hash=item2bf1bbac6d:g:WFkAAeSwapBqcSxz,Roaring Moon ex Pokemon Prismatic Evolutions #162/131 SIR Holo NM,Ungraded,4000,,"[""FIXED_PRICE"", ""BEST_OFFER""]",nicnaks_cards_collectibles,https://i.ebayimg.com/images/g/WFkAAeSwapBqcSxz/s-l225.jpg,d09b2fb5-41b6-4d1e-88cf-629402434501,efae0727-f8c2-48c5-a33e-c308be0d288d,Roaring Moon ex,Prismatic Evolutions,162,special_illustration_rare,YES,SINGLE_CARD,RAW,CARD,,,,,Donny,2026-09-16T04:14:15.640966+00:00,,
E13-0490,v1|178496458132|0,https://www.ebay.com/itm/178496458132?_skw=Roaring+Moon+ex+162+Prismatic+Evolutions&hash=item298f37cd94:g:7kUAAeSw2WZqqC27,ROARING MOON EX PSA 9 2025 POKEMON PRISMATIC EVOLUTIONS #162/131 SIR 0070,Graded,2750,,"[""AUCTION""]",mc_sportscards,https://i.ebayimg.com/images/g/7kUAAeSw2WZqqC27/s-l225.jpg,d09b2fb5-41b6-4d1e-88cf-629402434501,efae0727-f8c2-48c5-a33e-c308be0d288d,Roaring Moon ex,Prismatic Evolutions,162,special_illustration_rare,NO,SINGLE_CARD,GRADED,CARD,,,,,Donny,2026-09-16T03:34:29.868838+00:00,,
E13-0491,v1|377496586612|0,https://www.ebay.com/itm/377496586612?_skw=Roaring+Moon+ex+162+Prismatic+Evolutions&hash=item57e48cc974:g:AEEAAeSwMXRqqPTj,Roaring Moon ex 162/131 Sv: Prismatic Evolutions Holo,Ungraded,4000,,"[""AUCTION"", ""BEST_OFFER""]",outliersportscards,https://i.ebayimg.com/images/g/AEEAAeSwMXRqqPTj/s-l225.jpg,d09b2fb5-41b6-4d1e-88cf-629402434501,efae0727-f8c2-48c5-a33e-c308be0d288d,Roaring Moon ex,Prismatic Evolutions,162,special_illustration_rare,YES,SINGLE_CARD,RAW,CARD,,,,,Donny,2026-09-16T04:14:50.620665+00:00,,
E13-0492,v1|307149813891|0,https://www.ebay.com/itm/307149813891?_skw=Roaring+Moon+ex+162+Prismatic+Evolutions&hash=item47838e3883:g:-fQAAeSwS7ZqjxPL,2025 POKEMON PRE EN-PRISMATIC EVOLUTIONS #162 ROARING MOON EX PSA 9,Graded,2750,,"[""FIXED_PRICE""]",psa,https://i.ebayimg.com/images/g/-fQAAeSwS7ZqjxPL/s-l225.jpg,d09b2fb5-41b6-4d1e-88cf-629402434501,efae0727-f8c2-48c5-a33e-c308be0d288d,Roaring Moon ex,Prismatic Evolutions,162,special_illustration_rare,NO,SINGLE_CARD,GRADED,CARD,,,,,Donny,2026-09-16T03:34:32.579387+00:00,,
E13-0493,v1|198641679407|0,https://www.ebay.com/itm/198641679407?_skw=Roaring+Moon+ex+162+Prismatic+Evolutions&hash=item2e3ff77c2f:g:bF0AAeSw3BxqfOAv,Roaring Moon ex - 162/131 - Pokemon Prismatic Evolutions Special Illustration NM,Ungraded,4000,,"[""FIXED_PRICE""]",poke_canada,https://i.ebayimg.com/images/g/bF0AAeSw3BxqfOAv/s-l225.jpg,d09b2fb5-41b6-4d1e-88cf-629402434501,efae0727-f8c2-48c5-a33e-c308be0d288d,Roaring Moon ex,Prismatic Evolutions,162,special_illustration_rare,YES,SINGLE_CARD,RAW,CARD,,,,,Donny,2026-09-16T04:14:14.049256+00:00,,
E13-0494,v1|407212383715|0,https://www.ebay.com/itm/407212383715?_skw=Roaring+Moon+ex+162+Prismatic+Evolutions&hash=item5ecfbfdde3:g:mSAAAeSwpwVqpc~r,Roaring Moon ex 162/131 SIR Holo PSA 10 Special Illustration Rare,Graded,2750,,"[""FIXED_PRICE"", ""BEST_OFFER""]",coolandcollectible,https://i.ebayimg.com/images/g/mSAAAeSwpwVqpc~r/s-l225.jpg,d09b2fb5-41b6-4d1e-88cf-629402434501,efae0727-f8c2-48c5-a33e-c308be0d288d,Roaring Moon ex,Prismatic Evolutions,162,special_illustration_rare,NO,SINGLE_CARD,GRADED,CARD,,,,,Donny,2026-09-16T03:34:35.642606+00:00,,
E13-0495,v1|128076154016|0,https://www.ebay.com/itm/128076154016?_skw=Roaring+Moon+ex+162+Prismatic+Evolutions&hash=item1dd1ef04a0:g:3hEAAeSwLedpljid,BGS 9 Roaring Moon ex #162  Prismatic Evolutions,Graded,2750,,"[""AUCTION"", ""BEST_OFFER""]",next-level-tcg,https://i.ebayimg.com/images/g/3hEAAeSwLedpljid/s-l225.jpg,d09b2fb5-41b6-4d1e-88cf-629402434501,efae0727-f8c2-48c5-a33e-c308be0d288d,Roaring Moon ex,Prismatic Evolutions,162,special_illustration_rare,NO,SINGLE_CARD,GRADED,CARD,,,,,Donny,2026-09-16T03:34:37.083347+00:00,,
E13-0496,v1|198625387647|0,https://www.ebay.com/itm/198625387647?_skw=Roaring+Moon+ex+162+Prismatic+Evolutions&hash=item2e3efee47f:g:B4EAAeSwPdNqh219,Pokemon Roaring Moon ex Prismatic Evolutions 162/131,Ungraded,4000,,"[""FIXED_PRICE"", ""BEST_OFFER""]",mystic_merlin_reselling,https://i.ebayimg.com/images/g/B4EAAeSwPdNqh219/s-l225.jpg,d09b2fb5-41b6-4d1e-88cf-629402434501,efae0727-f8c2-48c5-a33e-c308be0d288d,Roaring Moon ex,Prismatic Evolutions,162,special_illustration_rare,YES,SINGLE_CARD,RAW,CARD,,,,,Donny,2026-09-16T03:39:05.686140+00:00,,
E13-0497,v1|298677177258|0,https://www.ebay.com/itm/298677177258?_skw=Grafaiai+223+Paldea+Evolved+Pokemon+card&hash=item458a8c0baa:g:tIEAAeSwEjRqqW2O,Grafaiai 223/193 Illustration Rare Paldea Evolved Pokemon Holo Near Mint,Ungraded,4000,,"[""FIXED_PRICE"", ""BEST_OFFER""]",hijackcards,https://i.ebayimg.com/images/g/tIEAAeSwEjRqqW2O/s-l225.jpg,d12a209b-06a3-4b46-82d3-a374e6bbe7b4,d0d523dc-3f95-4bbc-beb6-75b3d2a15cae,Grafaiai,Paldea Evolved,223,illustration_rare,YES,SINGLE_CARD,RAW,CARD,,,,,Donny,2026-09-16T03:39:01.341685+00:00,,
E13-0498,v1|398398722929|0,https://www.ebay.com/itm/398398722929?_skw=Grafaiai+223+Paldea+Evolved+Pokemon+card&hash=item5cc26a1371:g:OkQAAeSwH2Jqqd2w,The Pokémon Company Grafaiai AR 080/071 sv2D Clay Burst Japanese Holo 2023,Ungraded,4000,,"[""FIXED_PRICE"", ""BEST_OFFER""]",stranger-1922,https://i.ebayimg.com/images/g/OkQAAeSwH2Jqqd2w/s-l225.jpg,d12a209b-06a3-4b46-82d3-a374e6bbe7b4,d0d523dc-3f95-4bbc-beb6-75b3d2a15cae,Grafaiai,Paldea Evolved,223,illustration_rare,NO,SINGLE_CARD,RAW,CARD,,,NON_ENGLISH,,Donny,2026-09-16T03:34:45.604402+00:00,,
E13-0499,v1|398397875630|0,https://www.ebay.com/itm/398397875630?_skw=Grafaiai+223+Paldea+Evolved+Pokemon+card&hash=item5cc25d25ae:g:29wAAeSwZkVqqYeo,SV02: Paldea Evolved #223/193 Grafaiai,Ungraded,4000,,"[""FIXED_PRICE""]",dakotacardexchange,https://i.ebayimg.com/images/g/29wAAeSwZkVqqYeo/s-l225.jpg,d12a209b-06a3-4b46-82d3-a374e6bbe7b4,d0d523dc-3f95-4bbc-beb6-75b3d2a15cae,Grafaiai,Paldea Evolved,223,illustration_rare,YES,SINGLE_CARD,RAW,CARD,,,,,Donny,2026-09-16T04:14:43.451914+00:00,,
E13-0500,v1|158182408875|0,https://www.ebay.com/itm/158182408875?_skw=Grafaiai+223+Paldea+Evolved&hash=item24d46802ab:g:-CEAAeSwgvRqfTD8,Pokémon TCG Grafaiai 223/193 Paldea Evolved Illustration Rare Holo   NM/M,Ungraded,4000,,"[""FIXED_PRICE""]",toycard,https://i.ebayimg.com/images/g/-CEAAeSwgvRqfTD8/s-l225.jpg,d12a209b-06a3-4b46-82d3-a374e6bbe7b4,d0d523dc-3f95-4bbc-beb6-75b3d2a15cae,Grafaiai,Paldea Evolved,223,illustration_rare,YES,SINGLE_CARD,RAW,CARD,,,,,Donny,2026-09-16T04:14:45.147873+00:00,,
E13-0501,v1|318863847294|0,https://www.ebay.com/itm/318863847294?_skw=Grafaiai+223+Paldea+Evolved+Pokemon+card&hash=item4a3dc42f7e:g:ZGMAAeSw4FBqpiJl,Pokemon Company Grafaiai 223/193 SV02 Paldea Evolved IR Full Art Holo English,Ungraded,4000,,"[""FIXED_PRICE"", ""BEST_OFFER""]",brent613,https://i.ebayimg.com/images/g/ZGMAAeSw4FBqpiJl/s-l225.jpg,d12a209b-06a3-4b46-82d3-a374e6bbe7b4,d0d523dc-3f95-4bbc-beb6-75b3d2a15cae,Grafaiai,Paldea Evolved,223,illustration_rare,YES,SINGLE_CARD,RAW,CARD,,,,,Donny,2026-09-16T04:12:50.187306+00:00,,
E13-0502,v1|336793902076|0,https://www.ebay.com/itm/336793902076?_skw=Grafaiai+223+Paldea+Evolved+Pokemon+card&hash=item4e6a7b1bfc:g:gbAAAeSwRrRqqGgX,Pokemon Grafaiai Paldea Evolved Illustration Rare 223/193 Holo NM,Ungraded,4000,,"[""FIXED_PRICE""]",zandbandw,https://i.ebayimg.com/images/g/gbAAAeSwRrRqqGgX/s-l225.jpg,d12a209b-06a3-4b46-82d3-a374e6bbe7b4,d0d523dc-3f95-4bbc-beb6-75b3d2a15cae,Grafaiai,Paldea Evolved,223,illustration_rare,YES,SINGLE_CARD,RAW,CARD,,,,,Donny,2026-09-16T04:14:24.160576+00:00,,
E13-0503,v1|298677177256|0,https://www.ebay.com/itm/298677177256?_skw=Grafaiai+223+Paldea+Evolved+Pokemon+card&hash=item458a8c0ba8:g:FcEAAeSwId5qqW09,Grafaiai 223/193 Illustration Rare Paldea Evolved Pokemon Holo Near Mint,Ungraded,4000,,"[""FIXED_PRICE"", ""BEST_OFFER""]",hijackcards,https://i.ebayimg.com/images/g/FcEAAeSwId5qqW09/s-l225.jpg,d12a209b-06a3-4b46-82d3-a374e6bbe7b4,d0d523dc-3f95-4bbc-beb6-75b3d2a15cae,Grafaiai,Paldea Evolved,223,illustration_rare,YES,SINGLE_CARD,RAW,CARD,,,,,Donny,2026-09-16T04:14:05.083220+00:00,,
E13-0504,v1|318872947388|0,https://www.ebay.com/itm/318872947388?_skw=Grafaiai+223+Paldea+Evolved+Pokemon+card&hash=item4a3e4f0abc:g:-0kAAeSw-0FqqOSz,Grafaiai 080/071 Art Rare Holo Japanese 2023 Pokemon TCG Sv2d Clay Burst,Graded,2750,,"[""FIXED_PRICE"", ""AUCTION""]",tjl-670,https://i.ebayimg.com/images/g/-0kAAeSw-0FqqOSz/s-l225.jpg,d12a209b-06a3-4b46-82d3-a374e6bbe7b4,d0d523dc-3f95-4bbc-beb6-75b3d2a15cae,Grafaiai,Paldea Evolved,223,illustration_rare,NO,SINGLE_CARD,GRADED,CARD,,,,,Donny,2026-09-16T03:34:53.070307+00:00,,
E13-0505,v1|318874666720|0,https://www.ebay.com/itm/318874666720?_skw=Zekrom+ex+166+Black+Bolt&hash=item4a3e6946e0:g:AosAAeSwiyFqqWqI,PSA 10 Zekrom ex 166/086 Sv: Black Bolt Special Illustration Rare Pokémon TCG,Graded,2750,,"[""FIXED_PRICE""]",srepvault,https://i.ebayimg.com/images/g/AosAAeSwiyFqqWqI/s-l225.jpg,d4ff3ebb-7e40-4a36-88e6-f07af2977641,1424e3da-f59e-47f2-8310-dfad3baf354b,Zekrom ex,Black Bolt,166,special_illustration_rare,NO,SINGLE_CARD,GRADED,CARD,,,,,Donny,2026-09-16T03:34:54.545399+00:00,,
E13-0506,v1|168631603552|0,https://www.ebay.com/itm/168631603552?_skw=Zekrom+ex+166+Black+Bolt&hash=item27433a1160:g:m~AAAeSw8rhqiOud,Zekrom ex 166/086 Sv: Black Bolt Special Illustration Rare Holo English,Ungraded,4000,,"[""FIXED_PRICE"", ""BEST_OFFER""]",crazyemilio06-01-08,https://i.ebayimg.com/images/g/m~AAAeSw8rhqiOud/s-l225.jpg,d4ff3ebb-7e40-4a36-88e6-f07af2977641,1424e3da-f59e-47f2-8310-dfad3baf354b,Zekrom ex,Black Bolt,166,special_illustration_rare,YES,SINGLE_CARD,RAW,CARD,,,,,Donny,2026-09-16T03:39:18.149553+00:00,,
E13-0507,v1|117414271887|0,https://www.ebay.com/itm/117414271887?_skw=Zekrom+ex+166+Black+Bolt&hash=item1b566f9b8f:g:CkUAAeSwVyhqqbh0,2025 POKEMON BLK EN-BLACK BOLT SPECIAL ILLUSTRATION RARE #166 ZEKROM EX PSA 10,Graded,2750,,"[""FIXED_PRICE"", ""BEST_OFFER""]",psa,https://i.ebayimg.com/images/g/CkUAAeSwVyhqqbh0/s-l225.jpg,d4ff3ebb-7e40-4a36-88e6-f07af2977641,1424e3da-f59e-47f2-8310-dfad3baf354b,Zekrom ex,Black Bolt,166,special_illustration_rare,NO,SINGLE_CARD,GRADED,CARD,,,,,Donny,2026-09-16T03:34:57.705238+00:00,,
E13-0508,v1|377451108936|0,https://www.ebay.com/itm/377451108936?_skw=Zekrom+ex+166+Black+Bolt+Pokemon+card&hash=item57e1d6da48:g:FxwAAeSwpSVqkCcs&amdata=enc%3AAQALAAABAACCtXRWQnOEpyOqnQQ8KGZs2x4Z20J%2Bbb4neQqAHqLLtXNDJM7hVkqQhOTkP7m%2FT0L3MOlTmbARhRDZqm%2FqTOwSeU%2FhqqWW%2F8Rrq8k1YgkZFhwuarx65YpJcBcVjUdvE88UbbXZgTkOyh3X%2BSVHEvqmK94a9xLIOGx%2BI93Z5K4WDAPSLNl7EhoW1mJs3%2B9esf0xQbN9mQf4x9kGtp1MlitmVPJbDglrQOBOBX4gLRxkviVLJDGgA47pA%2FcIKUoAE05vQKfqSzglMWV7NjPXSo7m5vfQKWnK4SuaX7K9Jz99okDLvxgPZR14mlx5R1hcrWZFltw%2FEDWqNDTH3pvomPY%3D,Zekrom ex SAR PSA10 Scarlet Violet Black Bolt Pokemon Card,Graded,2750,,"[""FIXED_PRICE"", ""BEST_OFFER""]",tamaryo12,https://i.ebayimg.com/images/g/FxwAAeSwpSVqkCcs/s-l225.jpg,d4ff3ebb-7e40-4a36-88e6-f07af2977641,1424e3da-f59e-47f2-8310-dfad3baf354b,Zekrom ex,Black Bolt,166,special_illustration_rare,NO,SINGLE_CARD,GRADED,CARD,,,,,Donny,2026-09-16T03:34:59.149566+00:00,,
E13-0509,v1|398125871452|0,https://www.ebay.com/itm/398125871452?_skw=Zekrom+ex+166+Black+Bolt+Pokemon+card&hash=item5cb226b15c:g:MJwAAeSwvaVqRFv8,2025 Pokemon BLK EN-Black Bolt Zekrom EX Special Illustration Rare PSA 9 #166,Graded,2750,,"[""FIXED_PRICE"", ""BEST_OFFER""]",roadshowcards,https://i.ebayimg.com/images/g/MJwAAeSwvaVqRFv8/s-l225.jpg,d4ff3ebb-7e40-4a36-88e6-f07af2977641,1424e3da-f59e-47f2-8310-dfad3baf354b,Zekrom ex,Black Bolt,166,special_illustration_rare,NO,SINGLE_CARD,GRADED,CARD,,,,,Donny,2026-09-16T03:35:00.670414+00:00,,
E13-0510,v1|117393949008|0,https://www.ebay.com/itm/117393949008?_skw=Zekrom+ex+166+Black+Bolt&hash=item1b55398150:g:4dMAAeSw9KNqmbaa,2025 POKEMON BLK EN-BLACK BOLT SPECIAL ILLUSTRATION RARE #166 ZEKROM EX PSA 9,Graded,2750,,"[""FIXED_PRICE""]",psa,https://i.ebayimg.com/images/g/4dMAAeSw9KNqmbaa/s-l225.jpg,d4ff3ebb-7e40-4a36-88e6-f07af2977641,1424e3da-f59e-47f2-8310-dfad3baf354b,Zekrom ex,Black Bolt,166,special_illustration_rare,NO,SINGLE_CARD,GRADED,CARD,,,,,Donny,2026-09-16T03:35:02.114524+00:00,,
E13-0511,v1|117409205685|0,https://www.ebay.com/itm/117409205685?_skw=Zekrom+ex+166+Black+Bolt+Pokemon+card&hash=item1b56224db5:g:zBAAAeSwJfhqnD-B,Zekrom ex - 166/086 Black Bolt Special Illustration Pokemon - MINT,Ungraded,4000,,"[""FIXED_PRICE"", ""AUCTION""]",dandatcgman,https://i.ebayimg.com/images/g/zBAAAeSwJfhqnD-B/s-l225.jpg,d4ff3ebb-7e40-4a36-88e6-f07af2977641,1424e3da-f59e-47f2-8310-dfad3baf354b,Zekrom ex,Black Bolt,166,special_illustration_rare,YES,SINGLE_CARD,RAW,CARD,,,,,Donny,2026-09-16T04:12:01.991191+00:00,,
E13-0512,v1|318866058295|0,https://www.ebay.com/itm/318866058295?_skw=Zekrom+ex+166+Black+Bolt+Pokemon+card&hash=item4a3de5ec37:g:CTEAAeSw~uRqdgBQ,2025 Pokemon Black Bolt #166 Zekrom Ex Special Illustration Rare PSA 9,Graded,2750,,"[""FIXED_PRICE""]",fc_cards2020,https://i.ebayimg.com/images/g/CTEAAeSw~uRqdgBQ/s-l225.jpg,d4ff3ebb-7e40-4a36-88e6-f07af2977641,1424e3da-f59e-47f2-8310-dfad3baf354b,Zekrom ex,Black Bolt,166,special_illustration_rare,NO,SINGLE_CARD,GRADED,CARD,,,,,Donny,2026-09-16T03:35:05.374536+00:00,,
E13-0513,v1|336722355804|0,https://www.ebay.com/itm/336722355804?_skw=Jamming+Tower+261+Ascended+Heroes+Pokemon+card&hash=item4e6637665c:g:hHIAAeSwZnFqb9mr,Jamming Tower 261/217 Ultra Rare Ascended Heroes Pokemon Holo Near Mint,Ungraded,4000,,"[""FIXED_PRICE""]",origami_cards,https://i.ebayimg.com/images/g/hHIAAeSwZnFqb9mr/s-l225.jpg,e26de7b7-434e-4bec-8fc2-fb15b971b1a7,44b0372c-396d-43e9-84bb-afad2d04128f,Jamming Tower,Ascended Heroes,261,ultra_rare,YES,SINGLE_CARD,RAW,CARD,,,,,Donny,2026-09-16T04:12:26.846347+00:00,,
E13-0514,v1|377397314245|0,https://www.ebay.com/itm/377397314245?_skw=Jamming+Tower+261+Ascended+Heroes+Pokemon+card&hash=item57dea202c5:g:9icAAeSwPpdqc3pi,JAMMING TOWER 261/217 ULTRA RARE ASCENDED HEROES POKEMON HOLO NEAR MINT,Ungraded,4000,,"[""FIXED_PRICE""]",collectincardz,https://i.ebayimg.com/images/g/9icAAeSwPpdqc3pi/s-l225.jpg,e26de7b7-434e-4bec-8fc2-fb15b971b1a7,44b0372c-396d-43e9-84bb-afad2d04128f,Jamming Tower,Ascended Heroes,261,ultra_rare,YES,SINGLE_CARD,RAW,CARD,,,,,Donny,2026-09-16T04:15:13.761920+00:00,,
E13-0515,v1|366475078012|0,https://www.ebay.com/itm/366475078012?_skw=Jamming+Tower+261+Ascended+Heroes+Pokemon+card&hash=item55539de97c:g:GSQAAeSwag5qLGax,Jamming Tower 261/217 ME: Ascended Heroes Ultra Rare Pokemon Card,Ungraded,4000,,"[""FIXED_PRICE"", ""BEST_OFFER""]",rockingslabz,https://i.ebayimg.com/images/g/GSQAAeSwag5qLGax/s-l225.jpg,e26de7b7-434e-4bec-8fc2-fb15b971b1a7,44b0372c-396d-43e9-84bb-afad2d04128f,Jamming Tower,Ascended Heroes,261,ultra_rare,YES,SINGLE_CARD,RAW,CARD,,,,,Donny,2026-09-16T04:14:09.394100+00:00,,
E13-0516,v1|158074220880|0,https://www.ebay.com/itm/158074220880?_skw=Jamming+Tower+261+Ascended+Heroes+Pokemon+card&hash=item24cdf53150:g:1nAAAeSwHkZqUZF4,Jamming Tower 261/217 Ultra Rare Ascended Heroes Pokemon Holo Near Mint,Ungraded,4000,,"[""FIXED_PRICE"", ""BEST_OFFER""]",thegalvyshop,https://i.ebayimg.com/images/g/1nAAAeSwHkZqUZF4/s-l225.jpg,e26de7b7-434e-4bec-8fc2-fb15b971b1a7,44b0372c-396d-43e9-84bb-afad2d04128f,Jamming Tower,Ascended Heroes,261,ultra_rare,YES,SINGLE_CARD,RAW,CARD,,,,,Donny,2026-09-16T04:12:14.937961+00:00,,
E13-0517,v1|336703433671|0,https://www.ebay.com/itm/336703433671?_skw=Jamming+Tower+261+Ascended+Heroes+Pokemon+card&hash=item4e6516abc7:g:BfUAAeSwhQNqYYhe,Jamming Tower 261/217 Ultra Rare Ascended Heroes Pokemon Holo Near Mint,Ungraded,4000,,"[""FIXED_PRICE""]",zyripz,https://i.ebayimg.com/images/g/BfUAAeSwhQNqYYhe/s-l225.jpg,e26de7b7-434e-4bec-8fc2-fb15b971b1a7,44b0372c-396d-43e9-84bb-afad2d04128f,Jamming Tower,Ascended Heroes,261,ultra_rare,YES,SINGLE_CARD,RAW,CARD,,,,,Donny,2026-09-16T04:13:09.829479+00:00,,
E13-0518,v1|157744132970|459185665579,https://www.ebay.com/itm/157744132970?_skw=Jamming+Tower+261+Ascended+Heroes+Pokemon+card&hash=item24ba48736a:g:hpYAAeSwpvJpsfUB,Ascended Heroes Pokémon Cards! Poké Ball Reverse Holo EX Rare - Choose Your Card,Ungraded,4000,,"[""FIXED_PRICE""]",overstackedcards,https://i.ebayimg.com/images/g/hpYAAeSwpvJpsfUB/s-l225.jpg,e26de7b7-434e-4bec-8fc2-fb15b971b1a7,44b0372c-396d-43e9-84bb-afad2d04128f,Jamming Tower,Ascended Heroes,261,ultra_rare,NO,SINGLE_CARD,RAW,CARD,,,,,Donny,2026-09-16T03:35:20.597418+00:00,,
E13-0519,v1|398292920872|0,https://www.ebay.com/itm/398292920872?_skw=Jamming+Tower+261+Ascended+Heroes+Pokemon+card&hash=item5cbc1baa28:g:4J8AAeSwuKZqge4K,Pokemon Jamming Tower Ascended Heroes #261/217 Holofoil Near Mint English,Ungraded,4000,,"[""FIXED_PRICE""]",pokemoncrush,https://i.ebayimg.com/images/g/4J8AAeSwuKZqge4K/s-l225.jpg,e26de7b7-434e-4bec-8fc2-fb15b971b1a7,44b0372c-396d-43e9-84bb-afad2d04128f,Jamming Tower,Ascended Heroes,261,ultra_rare,YES,SINGLE_CARD,RAW,CARD,,,,,Donny,2026-09-16T04:12:29.455212+00:00,,
E13-0520,v1|128072677661|0,https://www.ebay.com/itm/128072677661?_skw=Jamming+Tower+261+Ascended+Heroes+Pokemon+card&hash=item1dd1b9f91d:g:gysAAeSw5Bpqovv2,Jamming Tower 261/217 Full Art Ultra Rare Pokemon Ascended Heroes English NM,Ungraded,4000,,"[""AUCTION""]",vintagepokemon85,https://i.ebayimg.com/images/g/gysAAeSw5Bpqovv2/s-l225.jpg,e26de7b7-434e-4bec-8fc2-fb15b971b1a7,44b0372c-396d-43e9-84bb-afad2d04128f,Jamming Tower,Ascended Heroes,261,ultra_rare,YES,SINGLE_CARD,RAW,CARD,,,,,Donny,2026-09-16T04:14:53.597758+00:00,,
E13-0521,v1|407117608567|0,https://www.ebay.com/itm/407117608567?_skw=Team+Rocket%27s+Giovanni+204+Ascended+Heroes+Pokemon+card&hash=item5eca19b677:g:81oAAeSw-jdqZkpR,Team Rocket's Giovanni 204/217 Uncommon Ascended Heroes Pokemon Near Mint,Ungraded,4000,,"[""FIXED_PRICE""]",the_tcg_doctor,https://i.ebayimg.com/images/g/81oAAeSw-jdqZkpR/s-l225.jpg,ec8fec81-b57d-442a-baf0-91882c40de6e,67ea57e5-8821-4372-ac63-4c6e3f81f261,Team Rocket's Giovanni,Ascended Heroes,204,uncommon,YES,SINGLE_CARD,RAW,CARD,,,,,Donny,2026-09-16T04:13:53.194838+00:00,,
E13-0522,v1|158257206395|459398094687,https://www.ebay.com/itm/158257206395?_skw=Team+Rocket%27s+Giovanni+204+Ascended+Heroes+Pokemon+card&hash=item24d8dd547b:g:GjAAAeSw5B5qmtKj,"Pokemon Ascended Heroes Reverse,  Holo, and Non Holo Pick Your Card ME2.5 TCG",Ungraded,4000,,"[""FIXED_PRICE""]",mac_tcgandsports,https://i.ebayimg.com/images/g/GjAAAeSw5B5qmtKj/s-l225.jpg,ec8fec81-b57d-442a-baf0-91882c40de6e,67ea57e5-8821-4372-ac63-4c6e3f81f261,Team Rocket's Giovanni,Ascended Heroes,204,uncommon,NO,SINGLE_CARD,RAW,CARD,,,,,Donny,2026-09-16T03:35:27.955351+00:00,,
E13-0523,v1|236926463265|0,https://www.ebay.com/itm/236926463265?_skw=Team+Rocket%27s+Giovanni+204+Ascended+Heroes+Pokemon+card&hash=item3729eaed21:g:~tEAAeSwCOdqT0x7,4x Team Rocket's Giovanni 204/217 Pokemon PLAYSET ME: Ascended Heroes x4,Ungraded,4000,,"[""FIXED_PRICE"", ""BEST_OFFER""]",thecardchef,https://i.ebayimg.com/images/g/~tEAAeSwCOdqT0x7/s-l225.jpg,ec8fec81-b57d-442a-baf0-91882c40de6e,67ea57e5-8821-4372-ac63-4c6e3f81f261,Team Rocket's Giovanni,Ascended Heroes,204,uncommon,NO,LOT_OR_BUNDLE,RAW,CARD,,,,,Donny,2026-09-16T03:35:29.915949+00:00,,
E13-0524,v1|377495193376|0,https://www.ebay.com/itm/377495193376?_skw=Team+Rocket%27s+Giovanni+204+Ascended+Heroes+Pokemon+card&hash=item57e4778720:g:ouUAAeSwbLhqqC2g,NM/M TEAM ROCKET'S GIOVANNI 204/217 UC ASCENDED HEROES POKEMON,Ungraded,4000,,"[""FIXED_PRICE""]",amactcg,https://i.ebayimg.com/images/g/ouUAAeSwbLhqqC2g/s-l225.jpg,ec8fec81-b57d-442a-baf0-91882c40de6e,67ea57e5-8821-4372-ac63-4c6e3f81f261,Team Rocket's Giovanni,Ascended Heroes,204,uncommon,YES,SINGLE_CARD,RAW,CARD,,,,,Donny,2026-09-16T03:39:17.448896+00:00,,
E13-0525,v1|377487707942|0,https://www.ebay.com/itm/377487707942?_skw=Team+Rocket%27s+Giovanni+204+Ascended+Heroes+Pokemon+card&hash=item57e4054f26:g:Mo8AAeSw1Hxqo3UK,Team Rocket's Giovanni 204/217 Uncommon Ascended Heroes Pokemon Near Mint,Ungraded,4000,,"[""FIXED_PRICE""]",pokistash,https://i.ebayimg.com/images/g/Mo8AAeSw1Hxqo3UK/s-l225.jpg,ec8fec81-b57d-442a-baf0-91882c40de6e,67ea57e5-8821-4372-ac63-4c6e3f81f261,Team Rocket's Giovanni,Ascended Heroes,204,uncommon,YES,SINGLE_CARD,RAW,CARD,,,,,Donny,2026-09-16T03:38:56.728025+00:00,,
E13-0526,v1|398173749980|0,https://www.ebay.com/itm/398173749980?_skw=Team+Rocket%27s+Giovanni+204+Ascended+Heroes+Pokemon+card&hash=item5cb50142dc:g:WAUAAeSwygVqVqfR,Team Rocket's Giovanni Uncommon ME: Ascended Heroes 204/217 NM,Ungraded,4000,,"[""FIXED_PRICE""]",squaredcollect,https://i.ebayimg.com/images/g/WAUAAeSwygVqVqfR/s-l225.jpg,ec8fec81-b57d-442a-baf0-91882c40de6e,67ea57e5-8821-4372-ac63-4c6e3f81f261,Team Rocket's Giovanni,Ascended Heroes,204,uncommon,YES,SINGLE_CARD,RAW,CARD,,,,,Donny,2026-09-16T04:15:06.255994+00:00,,
E13-0527,v1|398192751696|0,https://www.ebay.com/itm/398192751696?_skw=Team+Rocket%27s+Giovanni+204+Ascended+Heroes+Pokemon+card&hash=item5cb6233450:g:HwYAAeSw75ZqXS6C,Team Rocket's Giovanni 204/217 Uncommon Ascended Heroes Pokemon Near Mint,Ungraded,4000,,"[""FIXED_PRICE""]",sixseven_flips,https://i.ebayimg.com/images/g/HwYAAeSw75ZqXS6C/s-l225.jpg,ec8fec81-b57d-442a-baf0-91882c40de6e,67ea57e5-8821-4372-ac63-4c6e3f81f261,Team Rocket's Giovanni,Ascended Heroes,204,uncommon,YES,SINGLE_CARD,RAW,CARD,,,,,Donny,2026-09-16T04:11:07.298201+00:00,,
E13-0528,v1|198474448519|0,https://www.ebay.com/itm/198474448519?_skw=Team+Rocket%27s+Giovanni+204+Ascended+Heroes+Pokemon+card&hash=item2e35ffbe87:g:gbwAAeSwwgpqSLyE,Team Rocket's Giovanni 204/217 Uncommon Ascended Heroes Pokemon Reverse Holo NM,Ungraded,4000,,"[""FIXED_PRICE""]",shane80860,https://i.ebayimg.com/images/g/gbwAAeSwwgpqSLyE/s-l225.jpg,ec8fec81-b57d-442a-baf0-91882c40de6e,67ea57e5-8821-4372-ac63-4c6e3f81f261,Team Rocket's Giovanni,Ascended Heroes,204,uncommon,NO,SINGLE_CARD,RAW,CARD,,,,INCONSISTENT,Donny,2026-09-16T03:35:44.680397+00:00,,
E13-0529,v1|147452338220|0,https://www.ebay.com/itm/147452338220?_skw=Coalossal+95+Temporal+Forces+Pokemon+card&hash=item2254d8202c:g:aG4AAeSw5oRqX-DN,Coalossal 095/162 Uncommon Temporal Forces Pokemon NM,Ungraded,4000,,"[""FIXED_PRICE"", ""BEST_OFFER""]",capycardz,https://i.ebayimg.com/images/g/aG4AAeSw5oRqX-DN/s-l225.jpg,ecfe51fb-3435-4e1c-8542-8809cd6f95ff,db1498a4-579d-4bbe-b887-8368299e735f,Coalossal,Temporal Forces,95,uncommon,YES,SINGLE_CARD,RAW,CARD,,,,,Donny,2026-09-16T03:38:54.161945+00:00,,
E13-0530,v1|318875178808|0,https://www.ebay.com/itm/318875178808?_skw=Coalossal+95+Temporal+Forces+Pokemon+card&hash=item4a3e711738:g:Q~UAAeSwxfNqqY~J,Coalossal 095/162 Temporal Forces Uncommon Pokemon NM/M,Ungraded,4000,,"[""FIXED_PRICE"", ""BEST_OFFER""]",strictlytcgshop,https://i.ebayimg.com/images/g/Q~UAAeSwxfNqqY~J/s-l225.jpg,ecfe51fb-3435-4e1c-8542-8809cd6f95ff,db1498a4-579d-4bbe-b887-8368299e735f,Coalossal,Temporal Forces,95,uncommon,YES,SINGLE_CARD,RAW,CARD,,,,,Donny,2026-09-16T04:11:09.599287+00:00,,
E13-0531,v1|365692916260|635472272187,https://www.ebay.com/itm/365692916260?_skw=Coalossal+95+Temporal+Forces+Pokemon+card&hash=item5524ff1224:g:czwAAOSwGg1oXAAI,"Pokémon Temporal Forces Singles Reverse Holo, EX, Ace, Cosmo - Choose Your Card",Ungraded,4000,,"[""FIXED_PRICE""]",pullsonlyclub,https://i.ebayimg.com/images/g/czwAAOSwGg1oXAAI/s-l225.jpg,ecfe51fb-3435-4e1c-8542-8809cd6f95ff,db1498a4-579d-4bbe-b887-8368299e735f,Coalossal,Temporal Forces,95,uncommon,NO,SINGLE_CARD,RAW,CARD,,,,,Donny,2026-09-16T03:35:47.913006+00:00,,
E13-0532,v1|307026014595|0,https://www.ebay.com/itm/307026014595?_skw=Coalossal+95+Temporal+Forces+Pokemon+card&hash=item477c2d3183:g:6bIAAeSwt5tqPkIH,Coalossal 095/162 Uncommon Temporal Forces Pokemon Near Mint,Ungraded,4000,,"[""FIXED_PRICE"", ""BEST_OFFER""]",chumscollectibles,https://i.ebayimg.com/images/g/6bIAAeSwt5tqPkIH/s-l225.jpg,ecfe51fb-3435-4e1c-8542-8809cd6f95ff,db1498a4-579d-4bbe-b887-8368299e735f,Coalossal,Temporal Forces,95,uncommon,YES,SINGLE_CARD,RAW,CARD,,,,,Donny,2026-09-16T04:12:35.548171+00:00,,
E13-0533,v1|405824571335|0,https://www.ebay.com/itm/405824571335?_skw=Coalossal+95+Temporal+Forces+Pokemon+card&hash=item5e7d0787c7:g:fQgAAeSwH-5oEnGl,Coalossal - Reverse Holo - 95/162 Temporal Forces - Pokémon TCG,Ungraded,4000,,"[""FIXED_PRICE""]",castlerock-tcg,https://i.ebayimg.com/images/g/fQgAAeSwH-5oEnGl/s-l225.jpg,ecfe51fb-3435-4e1c-8542-8809cd6f95ff,db1498a4-579d-4bbe-b887-8368299e735f,Coalossal,Temporal Forces,95,uncommon,NO,SINGLE_CARD,RAW,CARD,,,,INCONSISTENT,Donny,2026-09-16T03:35:51.579299+00:00,,
E13-0534,v1|386898377742|654159314862,https://www.ebay.com/itm/386898377742?_skw=Coalossal+95+Temporal+Forces+Pokemon+card&hash=item5a14f0bc0e:g:SMsAAOSw3pdmCemo,"Pokémon Temporal Forces Reverse Holographic  Pick Your Card, Complete Your Set!",Ungraded,4000,,"[""FIXED_PRICE""]",brahimm-35,https://i.ebayimg.com/images/g/SMsAAOSw3pdmCemo/s-l225.jpg,ecfe51fb-3435-4e1c-8542-8809cd6f95ff,db1498a4-579d-4bbe-b887-8368299e735f,Coalossal,Temporal Forces,95,uncommon,NO,SINGLE_CARD,RAW,CARD,,,,,Donny,2026-09-16T03:35:53.061282+00:00,,
E13-0535,v1|206553073306|0,https://www.ebay.com/itm/206553073306?_skw=Coalossal+95+Temporal+Forces+Pokemon+card&hash=item301785c69a:g:6aoAAeSwzhpqpekK,Coalossal 095/162 Uncommon Temporal Forces Pokemon Near Mint,Ungraded,4000,,"[""FIXED_PRICE""]",ron-8417,https://i.ebayimg.com/images/g/6aoAAeSwzhpqpekK/s-l225.jpg,ecfe51fb-3435-4e1c-8542-8809cd6f95ff,db1498a4-579d-4bbe-b887-8368299e735f,Coalossal,Temporal Forces,95,uncommon,YES,SINGLE_CARD,RAW,CARD,,,,,Donny,2026-09-16T03:39:12.690049+00:00,,
E13-0536,v1|298071863440|0,https://www.ebay.com/itm/298071863440?_skw=Coalossal+95+Temporal+Forces+Pokemon+card&hash=item456677b090:g:MYEAAeSwoYBpoZ2j,Coalossal Uncommon SV05: Temporal Forces 095/162 NM,Ungraded,4000,,"[""FIXED_PRICE""]",team_red_poke_cards,https://i.ebayimg.com/images/g/MYEAAeSwoYBpoZ2j/s-l225.jpg,ecfe51fb-3435-4e1c-8542-8809cd6f95ff,db1498a4-579d-4bbe-b887-8368299e735f,Coalossal,Temporal Forces,95,uncommon,YES,SINGLE_CARD,RAW,CARD,,,,,Donny,2026-09-16T03:39:16.619215+00:00,,
E13-0537,v1|237069744609|0,https://www.ebay.com/itm/237069744609?_skw=Meowth+106+Phantasmal+Flames+Pokemon+card&hash=item37327539e1:g:9rYAAeSwmuBqqYVn,Meowth 106/094 Me02: Phantasmal Flames Holo Pokemon TCG,Ungraded,4000,,"[""FIXED_PRICE""]",trackslaid_collects,https://i.ebayimg.com/images/g/9rYAAeSwmuBqqYVn/s-l225.jpg,f01e01fe-17e4-48b7-8ba3-9a88f876acd4,7c3e24f9-be0e-4de8-86fc-9fb913792294,Meowth,Phantasmal Flames,106,illustration_rare,YES,SINGLE_CARD,RAW,CARD,,,,,Donny,2026-09-16T04:14:19.835991+00:00,,
E13-0538,v1|137741118842|0,https://www.ebay.com/itm/137741118842?_skw=Meowth+106+Phantasmal+Flames+Pokemon+card&hash=item201202ad7a:g:g2sAAeSwchVqqbGM,Meowth 106/094 Holo ME02: Phantasmal Flames LP Pokémon TCG,Ungraded,4000,,"[""FIXED_PRICE""]",thetradingpostcc,https://i.ebayimg.com/images/g/g2sAAeSwchVqqbGM/s-l225.jpg,f01e01fe-17e4-48b7-8ba3-9a88f876acd4,7c3e24f9-be0e-4de8-86fc-9fb913792294,Meowth,Phantasmal Flames,106,illustration_rare,YES,SINGLE_CARD,RAW,CARD,,,,,Donny,2026-09-16T03:39:00.856930+00:00,,
E13-0539,v1|137741247461|0,https://www.ebay.com/itm/137741247461?_skw=Meowth+106+Phantasmal+Flames+Pokemon+card&hash=item201204a3e5:g:kboAAeSwZsZqqb4o,Meowth 106/094 - ME02: Phantasmal Flames - (NM),Ungraded,4000,,"[""FIXED_PRICE"", ""BEST_OFFER""]",myferrouswheel,https://i.ebayimg.com/images/g/kboAAeSwZsZqqb4o/s-l225.jpg,f01e01fe-17e4-48b7-8ba3-9a88f876acd4,7c3e24f9-be0e-4de8-86fc-9fb913792294,Meowth,Phantasmal Flames,106,illustration_rare,YES,SINGLE_CARD,RAW,CARD,,,,,Donny,2026-09-16T04:14:57.704064+00:00,,
E13-0540,v1|800636263696|0,https://www.ebay.com/itm/800636263696?_skw=Meowth+106+Phantasmal+Flames+Pokemon+card&hash=itemba69a3dd10:g:42wAAeSwdbpqoXAh,2025 POKEMON PFL EN-PHANTASMAL FLAMES ILLUSTRATION RARE #106 MEOWTH PSA 9,Graded,2750,,"[""FIXED_PRICE""]",kaygiesb0,https://i.ebayimg.com/images/g/42wAAeSwdbpqoXAh/s-l225.jpg,f01e01fe-17e4-48b7-8ba3-9a88f876acd4,7c3e24f9-be0e-4de8-86fc-9fb913792294,Meowth,Phantasmal Flames,106,illustration_rare,NO,SINGLE_CARD,GRADED,CARD,,,,,Donny,2026-09-16T03:35:59.091253+00:00,,
E13-0541,v1|358621849001|0,https://www.ebay.com/itm/358621849001?_skw=Meowth+106+Phantasmal+Flames+Pokemon+card&hash=item537f8725a9:g:U6QAAeSwwapqHFq7&amdata=enc%3AAQALAAABAACCtXRWQnOEpyOqnQQ8KGYISYNvQvO0atsh%2BBI84LpgbOJnVsp8kyj2bpWWsT%2BHGXVYWlV9cHYMsJQpTbS1vGe8lMYKpR7W2JSl4y%2BJefW4heJJdsElgSN3Riegcv1piRm3iEkuscykbclXXhLZYcMS1LSjsWwiQr3EHuGj9SN%2FzRS5XOsWEWkttEWN79LF55EsxhushB4cXLkqzVscrloUsEPYwwMXELGqgxkWpdtl0VFBWC1RawYD8tkMGaQ9ZhpYZjq4gDohyCmjZebbi4Rhi8EMUdRnFEmadxE3KcvUPrbDaBOCODBuxAl9r8mKWXmkWiyiqsGJ%2BycA9oqIAUw%3D,2025 Pokemon Phantasmal Flames Meowth 106/094 (c) AR NM,Ungraded,4000,,"[""FIXED_PRICE"", ""BEST_OFFER""]",fkosmo,https://i.ebayimg.com/images/g/U6QAAeSwwapqHFq7/s-l225.jpg,f01e01fe-17e4-48b7-8ba3-9a88f876acd4,7c3e24f9-be0e-4de8-86fc-9fb913792294,Meowth,Phantasmal Flames,106,illustration_rare,YES,SINGLE_CARD,RAW,CARD,,,,,Donny,2026-09-16T03:38:42.104034+00:00,,
E13-0542,v1|407219741124|0,https://www.ebay.com/itm/407219741124?_skw=Meowth+106+Phantasmal+Flames+Pokemon+card&hash=item5ed03021c4:g:xzcAAeSwnnJqqeFy,Meowth [PFL - 106/094] NM Pokemon,Ungraded,4000,,"[""FIXED_PRICE""]",basement_beast_gaming,https://i.ebayimg.com/images/g/xzcAAeSwnnJqqeFy/s-l225.jpg,f01e01fe-17e4-48b7-8ba3-9a88f876acd4,7c3e24f9-be0e-4de8-86fc-9fb913792294,Meowth,Phantasmal Flames,106,illustration_rare,YES,SINGLE_CARD,RAW,CARD,,,,,Donny,2026-09-16T04:14:22.892113+00:00,,
E13-0543,v1|178494020506|0,https://www.ebay.com/itm/178494020506?_skw=Meowth+106+Phantasmal+Flames+Pokemon+card&hash=item298f129b9a:g:cdEAAeSwf8pqpxkB,ME02: Phantasmal Flames Meowth #106/094,Ungraded,4000,,"[""FIXED_PRICE""]",orbsportscards,https://i.ebayimg.com/images/g/cdEAAeSwf8pqpxkB/s-l225.jpg,f01e01fe-17e4-48b7-8ba3-9a88f876acd4,7c3e24f9-be0e-4de8-86fc-9fb913792294,Meowth,Phantasmal Flames,106,illustration_rare,YES,SINGLE_CARD,RAW,CARD,,,,,Donny,2026-09-16T04:12:02.672076+00:00,,
E13-0544,v1|127921874860|0,https://www.ebay.com/itm/127921874860?_skw=Meowth+106+Phantasmal+Flames+Pokemon+card&hash=item1dc8bce7ac:g:txEAAeSwBP1qLrNz,Pokemon TCG Meowth 106/094 Me02 Phantasmal Flames ENG IR Holo HP 70 Fury,Ungraded,4000,,"[""FIXED_PRICE"", ""BEST_OFFER""]",da_granny,https://i.ebayimg.com/images/g/txEAAeSwBP1qLrNz/s-l225.jpg,f01e01fe-17e4-48b7-8ba3-9a88f876acd4,7c3e24f9-be0e-4de8-86fc-9fb913792294,Meowth,Phantasmal Flames,106,illustration_rare,YES,SINGLE_CARD,RAW,CARD,,,,,Donny,2026-09-16T04:10:30.726160+00:00,,
E13-0545,v1|237070115309|0,https://www.ebay.com/itm/237070115309?_skw=Team+Rocket%27s+Nidoking+ex+233+Destined+Rivals+Pokemon+card&hash=item37327ae1ed:g:bYkAAeSwSkFqqcA8,Team Rocket's Nidoking ex 233/182 Sv10: Destined Rivals Holo,Ungraded,4000,,"[""FIXED_PRICE""]",hobbyholostcg,https://i.ebayimg.com/images/g/bYkAAeSwSkFqqcA8/s-l225.jpg,fd225f1d-3765-4209-a5ec-42caf35933b0,92fdb409-1454-43ef-87ee-19095f700462,Team Rocket's Nidoking ex,Destined Rivals,233,special_illustration_rare,YES,SINGLE_CARD,RAW,CARD,,,,,Donny,2026-09-16T04:13:21.740077+00:00,,
E13-0546,v1|398118309270|0,https://www.ebay.com/itm/398118309270?_skw=Team+Rocket%27s+Nidoking+ex+233+Destined+Rivals+Pokemon+card&hash=item5cb1b34d96:g:sbUAAeSwmkpqQKbV,Team Rocket's Nidoking EX 233/182 Special Illustration Rare Pokemon PSA 9,Graded,2750,,"[""FIXED_PRICE"", ""BEST_OFFER""]",munit67,https://i.ebayimg.com/images/g/sbUAAeSwmkpqQKbV/s-l225.jpg,fd225f1d-3765-4209-a5ec-42caf35933b0,92fdb409-1454-43ef-87ee-19095f700462,Team Rocket's Nidoking ex,Destined Rivals,233,special_illustration_rare,NO,SINGLE_CARD,GRADED,CARD,,,,,Donny,2026-09-16T03:36:05.082549+00:00,,
E13-0547,v1|188750478059|0,https://www.ebay.com/itm/188750478059?_skw=Team+Rocket%27s+Nidoking+ex+233+Destined+Rivals+Pokemon+card&hash=item2bf267baeb:g:20YAAeSwqNVqdAad,Team Rocket's Nidoking ex Pokemon Destined Rivals #233/182 SIR Holo NM,Ungraded,4000,,"[""FIXED_PRICE"", ""BEST_OFFER""]",nicnaks_cards_collectibles,https://i.ebayimg.com/images/g/20YAAeSwqNVqdAad/s-l225.jpg,fd225f1d-3765-4209-a5ec-42caf35933b0,92fdb409-1454-43ef-87ee-19095f700462,Team Rocket's Nidoking ex,Destined Rivals,233,special_illustration_rare,YES,SINGLE_CARD,RAW,CARD,,,,,Donny,2026-09-16T04:12:13.628144+00:00,,
E13-0548,v1|267786037020|0,https://www.ebay.com/itm/267786037020?_skw=Team+Rocket%27s+Nidoking+ex+233+Destined+Rivals+Pokemon+card&hash=item3e594aa71c:g:-10AAeSwd89qorAQ,Team Rocket's Nidoking EX 233/182 Special Illustration Rare Pokemon PSA 9,Graded,2750,,"[""AUCTION"", ""BEST_OFFER""]",jrobspokevault,https://i.ebayimg.com/images/g/-10AAeSwd89qorAQ/s-l225.jpg,fd225f1d-3765-4209-a5ec-42caf35933b0,92fdb409-1454-43ef-87ee-19095f700462,Team Rocket's Nidoking ex,Destined Rivals,233,special_illustration_rare,NO,SINGLE_CARD,GRADED,CARD,,,,,Donny,2026-09-16T03:36:08.468306+00:00,,
E13-0549,v1|188934017064|0,https://www.ebay.com/itm/188934017064?_skw=Team+Rocket%27s+Nidoking+ex+233+Destined+Rivals+Pokemon+card&hash=item2bfd585028:g:xQEAAeSwtLZqqVoA,Team Rocket's Nidoking ex 233/182 Sv10: Destined Rivals Holo,Ungraded,4000,,"[""FIXED_PRICE"", ""BEST_OFFER""]",bigmike1732,https://i.ebayimg.com/images/g/xQEAAeSwtLZqqVoA/s-l225.jpg,fd225f1d-3765-4209-a5ec-42caf35933b0,92fdb409-1454-43ef-87ee-19095f700462,Team Rocket's Nidoking ex,Destined Rivals,233,special_illustration_rare,YES,SINGLE_CARD,RAW,CARD,,,,,Donny,2026-09-16T03:39:08.858285+00:00,,
E13-0550,v1|188695919649|0,https://www.ebay.com/itm/188695919649?_skw=Team+Rocket%27s+Nidoking+ex+233+Destined+Rivals+Pokemon+card&hash=item2bef273c21:g:YNEAAeSwrBNqZTil,Team Rocket's Nidoking ex 233/182 Destined Rivals SIR Full Art Holo EN,Graded,2750,,"[""FIXED_PRICE"", ""BEST_OFFER""]",ja82389259,https://i.ebayimg.com/images/g/YNEAAeSwrBNqZTil/s-l225.jpg,fd225f1d-3765-4209-a5ec-42caf35933b0,92fdb409-1454-43ef-87ee-19095f700462,Team Rocket's Nidoking ex,Destined Rivals,233,special_illustration_rare,YES,SINGLE_CARD,RAW,CARD,,,,,Donny,2026-09-16T04:14:07.254411+00:00,,
E13-0551,v1|157414452968|0,https://www.ebay.com/itm/157414452968?_skw=Team+Rocket%27s+Nidoking+ex+233+Destined+Rivals+Pokemon+card&hash=item24a6a1eee8:g:qpMAAeSwVwxpK0Cv,Nidoking ex 233/182 Destined Rivals Pokemon Extended Art Case,Ungraded,4000,,"[""FIXED_PRICE""]",outback_originals,https://i.ebayimg.com/images/g/qpMAAeSwVwxpK0Cv/s-l225.jpg,fd225f1d-3765-4209-a5ec-42caf35933b0,92fdb409-1454-43ef-87ee-19095f700462,Team Rocket's Nidoking ex,Destined Rivals,233,special_illustration_rare,NO,SINGLE_CARD,RAW,SEALED_OR_NON_CARD,,,,,Donny,2026-09-16T03:36:12.374216+00:00,,
E13-0552,v1|128079849945|0,https://www.ebay.com/itm/128079849945?_skw=Team+Rocket%27s+Nidoking+ex+233+Destined+Rivals+Pokemon+card&hash=item1dd22769d9:g:Jj0AAeSwSkFqqGdv,2025 Pokémon Team Rocket’s Nidoking ex233/182 Destined Rivals SIR TAG 10 GemMint,Graded,2750,,"[""AUCTION""]",fanha-2435,https://i.ebayimg.com/images/g/Jj0AAeSwSkFqqGdv/s-l225.jpg,fd225f1d-3765-4209-a5ec-42caf35933b0,92fdb409-1454-43ef-87ee-19095f700462,Team Rocket's Nidoking ex,Destined Rivals,233,special_illustration_rare,NO,SINGLE_CARD,GRADED,CARD,,,,,Donny,2026-09-16T03:36:18.842203+00:00,,
