benchmark_row_id,canonical_card_id,card_variant_id,target_card_name,target_set_name,target_card_number,target_treatment,listing_item_id,listing_title,category_id,condition,condition_id,localized_aspects_json,buying_options_json,seller_id,image_url,item_url,price_json,shipping_json,gold_label,reviewer_notes,review_status,partition,reviewer_1_label,reviewer_1_confidence,reviewer_1_note,reviewer_1_id,reviewer_1_at,reviewer_2_label,reviewer_2_confidence,reviewer_2_note,reviewer_2_id,reviewer_2_at,adjudicated_label,adjudicator_id,adjudicated_at,adjudication_note
D2-0001,018c983e-b1d0-41df-880e-ebf3f2e2fb12,4eb8f140-a9c3-41c4-85aa-c2f6b7131746,Penny,Scarlet and Violet Base Set,252,special_illustration_rare,v1|127913258556|0,Penny 252/198 SV01: Scarlet & Violet Base Set Holo Pokemon Card,,Ungraded,4000,[],"[""FIXED_PRICE""]",sunken_ship,https://i.ebayimg.com/images/g/tXsAAeSwrVtqKLFf/s-l225.jpg,https://www.ebay.com/itm/127913258556?_skw=Penny+252+Scarlet+and+Violet+Base+Set+Pokemon+card&hash=item1dc8396e3c:g:tXsAAeSwrVtqKLFf,"{""value"": ""9.75"", ""currency"": ""USD""}","[{""shippingCostType"": ""FIXED"", ""shippingCost"": {""value"": ""0.00"", ""currency"": ""USD""}, ""minEstimatedDeliveryDate"": ""2026-09-15T07:00:00.000Z"", ""maxEstimatedDeliveryDate"": ""2026-09-18T07:00:00.000Z""}]",,,PENDING_INDEPENDENT_HUMAN_REVIEW,DEVELOPMENT,,,,,,,,,,,,,,
D2-0004,018c983e-b1d0-41df-880e-ebf3f2e2fb12,4eb8f140-a9c3-41c4-85aa-c2f6b7131746,Penny,Scarlet and Violet Base Set,252,special_illustration_rare,v1|168528621239|0,Penny 252/198 Special Illustration Rare Scarlet & Violet Pokemon Holo Near Mint,,Ungraded,4000,[],"[""FIXED_PRICE""]",cardwavegaming,https://i.ebayimg.com/images/g/bcoAAeSw0ttqUafa/s-l225.jpg,https://www.ebay.com/itm/168528621239?_skw=Penny+252+Scarlet+and+Violet+Base+Set+Pokemon+card&hash=item273d16aeb7:g:bcoAAeSw0ttqUafa,"{""value"": ""8.38"", ""currency"": ""USD""}","[{""shippingCostType"": ""FIXED"", ""shippingCost"": {""value"": ""0.00"", ""currency"": ""USD""}, ""minEstimatedDeliveryDate"": ""2026-09-15T07:00:00.000Z"", ""maxEstimatedDeliveryDate"": ""2026-09-18T07:00:00.000Z""}]",,,PENDING_INDEPENDENT_HUMAN_REVIEW,DEVELOPMENT,,,,,,,,,,,,,,
D2-0005,018c983e-b1d0-41df-880e-ebf3f2e2fb12,4eb8f140-a9c3-41c4-85aa-c2f6b7131746,Penny,Scarlet and Violet Base Set,252,special_illustration_rare,v1|198596942577|0,Pokémon TCG Penny 252/198 Special Illustration Rare (SIR) - Scarlet & Violet,,Ungraded,4000,[],"[""FIXED_PRICE"", ""BEST_OFFER""]",1luckyshuckle,https://i.ebayimg.com/images/g/xCcAAeSwFJVqZnCz/s-l225.jpg,https://www.ebay.com/itm/198596942577?_skw=Penny+252+Scarlet+and+Violet+Base+Set+Pokemon+card&hash=item2e3d4cdaf1:g:xCcAAeSwFJVqZnCz&amdata=enc%3AAQALAAABEACCtXRWQnOEpyOqnQQ8KGYePk94OZRz1Rf8CCfaoMOmil7rStR9z65q6Ftwp6YCevcpXyE5q05qE%2FQB95LMeHETjMBR7u1c%2Fqf0vXXMGfKmLHOuZW3wPoibB4YYsUxF3uG8TCM2BeBVo4O1Wvc8NlcZ8PDUSqu7KzJ4dUyBHyOz0KKKckW%2FW5vzZuUIw18qL3fO%2FcXYnpegSANjyUDCjj0svJcEPYxfZUdWPvWMpFHawvgla3iAZGhMWm2Q2C0BkZ68WVHJPVXVyaIRbgbudkfvis3TlLFKZ2g%2B5NONS0CX1fuP0vxwK%2Bq67wgxdHDG5OJbGh7DfqgE2xrVUZV%2BChqFydvuBrpooTIor6oX0Iny,"{""value"": ""19.40"", ""currency"": ""USD""}","[{""shippingCostType"": ""FIXED"", ""shippingCost"": {""value"": ""5.00"", ""currency"": ""USD""}, ""minEstimatedDeliveryDate"": ""2026-09-15T07:00:00.000Z"", ""maxEstimatedDeliveryDate"": ""2026-09-21T07:00:00.000Z""}]",,,PENDING_INDEPENDENT_HUMAN_REVIEW,DEVELOPMENT,,,,,,,,,,,,,,
D2-0006,018c983e-b1d0-41df-880e-ebf3f2e2fb12,4eb8f140-a9c3-41c4-85aa-c2f6b7131746,Penny,Scarlet and Violet Base Set,252,special_illustration_rare,v1|236992183388|0,Penny 252/198 Special Illustration Rare Scarlet & Violet Pokemon Holo Near Mint,,Ungraded,4000,[],"[""FIXED_PRICE"", ""BEST_OFFER""]",redlandscollectibles,https://i.ebayimg.com/images/g/IeUAAeSwOwdqdjUb/s-l225.jpg,https://www.ebay.com/itm/236992183388?_skw=Penny+252+Scarlet+and+Violet+Base+Set+Pokemon+card&hash=item372dd5bc5c:g:IeUAAeSwOwdqdjUb,"{""value"": ""7.59"", ""currency"": ""USD""}","[{""shippingCostType"": ""FIXED"", ""shippingCost"": {""value"": ""0.00"", ""currency"": ""USD""}, ""minEstimatedDeliveryDate"": ""2026-09-15T07:00:00.000Z"", ""maxEstimatedDeliveryDate"": ""2026-09-18T07:00:00.000Z""}]",,,PENDING_INDEPENDENT_HUMAN_REVIEW,DEVELOPMENT,,,,,,,,,,,,,,
D2-0009,018c983e-b1d0-41df-880e-ebf3f2e2fb12,4eb8f140-a9c3-41c4-85aa-c2f6b7131746,Penny,Scarlet and Violet Base Set,252,special_illustration_rare,v1|137687379012|0,Penny 239/198 Holo SV01: Scarlet & Violet Base Set LP Pokémon TCG,,Ungraded,4000,[],"[""FIXED_PRICE""]",thetradingpostcc,https://i.ebayimg.com/images/g/sAYAAeSwE~Fqlygi/s-l225.jpg,https://www.ebay.com/itm/137687379012?_skw=Penny+252+Scarlet+and+Violet+Base+Set+Pokemon+card&hash=item200eceac44:g:sAYAAeSwE~Fqlygi,"{""value"": ""4.39"", ""currency"": ""USD""}","[{""shippingCostType"": ""FIXED"", ""shippingCost"": {""value"": ""1.00"", ""currency"": ""USD""}, ""minEstimatedDeliveryDate"": ""2026-09-16T07:00:00.000Z"", ""maxEstimatedDeliveryDate"": ""2026-09-23T07:00:00.000Z""}]",,,PENDING_INDEPENDENT_HUMAN_REVIEW,DEVELOPMENT,,,,,,,,,,,,,,
D2-0012,018c983e-b1d0-41df-880e-ebf3f2e2fb12,4eb8f140-a9c3-41c4-85aa-c2f6b7131746,Penny,Scarlet and Violet Base Set,252,special_illustration_rare,v1|364198382892|634797169705,Pokemon Scarlet and Violet Base Holo to Ultra Rare Single Cards 1-198 YOU PICK,,Ungraded,4000,[],"[""FIXED_PRICE""]",biggyfish2021,https://i.ebayimg.com/images/g/PnIAAOSwSlRm9fUI/s-l225.jpg,https://www.ebay.com/itm/364198382892?_skw=Penny+252+Scarlet+and+Violet+Base+Set+Pokemon+card&var=634797169705&hash=item54cbea4d2c:g:PnIAAOSwSlRm9fUI,"{""value"": ""17.99"", ""currency"": ""USD""}","[{""shippingCostType"": ""FIXED"", ""shippingCost"": {""value"": ""0.84"", ""currency"": ""USD""}, ""minEstimatedDeliveryDate"": ""2026-09-14T07:00:00.000Z"", ""maxEstimatedDeliveryDate"": ""2026-09-17T07:00:00.000Z""}]",,,PENDING_INDEPENDENT_HUMAN_REVIEW,DEVELOPMENT,,,,,,,,,,,,,,
D2-0014,018c983e-b1d0-41df-880e-ebf3f2e2fb12,4eb8f140-a9c3-41c4-85aa-c2f6b7131746,Penny,Scarlet and Violet Base Set,252,special_illustration_rare,v1|147359349921|0,SV01: Scarlet & Violet Base Set #252/198 Penny,,Ungraded,4000,[],"[""FIXED_PRICE""]",thecardsourceshop,https://i.ebayimg.com/images/g/wOsAAeSwqwJqJnl7/s-l225.jpg,https://www.ebay.com/itm/147359349921?_skw=Penny+252+Scarlet+and+Violet+Base+Set+Pokemon+card&hash=item224f4d3ca1:g:wOsAAeSwqwJqJnl7,"{""value"": ""7.00"", ""currency"": ""USD""}","[{""shippingCostType"": ""CALCULATED""}]",,,PENDING_INDEPENDENT_HUMAN_REVIEW,DEVELOPMENT,,,,,,,,,,,,,,
D2-0017,0331d96e-d8af-44d3-9552-85f784d9b4ca,720c16f5-5c19-43bc-a711-0ea9e8545aab,Trubbish,White Flare,140,illustration_rare,v1|128062225635|0,Trubbish 140/086 Sv: White Flare Holo,,Ungraded,4000,[],"[""FIXED_PRICE"", ""BEST_OFFER""]",sticksnballs,https://i.ebayimg.com/images/g/2D0AAeSwXSZqmyRg/s-l225.jpg,https://www.ebay.com/itm/128062225635?_skw=Trubbish+140+White+Flare+Pokemon+card&hash=item1dd11a7ce3:g:2D0AAeSwXSZqmyRg,"{""value"": ""18.00"", ""currency"": ""USD""}","[{""shippingCostType"": ""FIXED"", ""shippingCost"": {""value"": ""1.85"", ""currency"": ""USD""}, ""minEstimatedDeliveryDate"": ""2026-09-15T07:00:00.000Z"", ""maxEstimatedDeliveryDate"": ""2026-09-21T07:00:00.000Z""}]",,,PENDING_INDEPENDENT_HUMAN_REVIEW,DEVELOPMENT,,,,,,,,,,,,,,
D2-0021,0331d96e-d8af-44d3-9552-85f784d9b4ca,720c16f5-5c19-43bc-a711-0ea9e8545aab,Trubbish,White Flare,140,illustration_rare,v1|358915121609|0,Pokemon TCG Trubbish Surging Sparks 140/086 English Reverse Holo 70 HP,,Ungraded,4000,[],"[""FIXED_PRICE"", ""BEST_OFFER""]",maddie.aldel,https://i.ebayimg.com/images/g/5xAAAeSwsnZqe7eA/s-l225.jpg,https://www.ebay.com/itm/358915121609?_skw=Trubbish+140+White+Flare+Pokemon+card&hash=item53910221c9:g:5xAAAeSwsnZqe7eA,"{""value"": ""15.00"", ""currency"": ""USD""}","[{""shippingCostType"": ""CALCULATED""}]",,,PENDING_INDEPENDENT_HUMAN_REVIEW,DEVELOPMENT,,,,,,,,,,,,,,
D2-0022,0331d96e-d8af-44d3-9552-85f784d9b4ca,720c16f5-5c19-43bc-a711-0ea9e8545aab,Trubbish,White Flare,140,illustration_rare,v1|177790656702|0,Pokemon TCG - Trubbish 059/086 Pokeball - White Flare,,Ungraded,4000,[],"[""FIXED_PRICE"", ""BEST_OFFER""]",laurabrown22790,https://i.ebayimg.com/images/g/pX0AAeSwUtFpboKh/s-l225.jpg,https://www.ebay.com/itm/177790656702?_skw=Trubbish+140+White+Flare+Pokemon+card&hash=item29652620be:g:pX0AAeSwUtFpboKh,"{""value"": ""2.03"", ""currency"": ""USD"", ""convertedFromValue"": ""1.50"", ""convertedFromCurrency"": ""GBP""}",[],,,PENDING_INDEPENDENT_HUMAN_REVIEW,DEVELOPMENT,,,,,,,,,,,,,,
D2-0025,0331d96e-d8af-44d3-9552-85f784d9b4ca,720c16f5-5c19-43bc-a711-0ea9e8545aab,Trubbish,White Flare,140,illustration_rare,v1|178379937316|477733080981,⚪Pokemon White Flare : Choose Your Card! EX/FullArt/IR/SIR llustration Rares!⚪,,Ungraded,4000,[],"[""FIXED_PRICE""]",yiedtcg,https://i.ebayimg.com/images/g/4RcAAeSwinpqdJpd/s-l225.jpg,https://www.ebay.com/itm/178379937316?_skw=Trubbish+140+White+Flare+Pokemon+card&var=477733080981&hash=item298845d624:g:4RcAAeSwinpqdJpd,"{""value"": ""30.00"", ""currency"": ""USD""}","[{""shippingCostType"": ""FIXED"", ""shippingCost"": {""value"": ""0.00"", ""currency"": ""USD""}, ""minEstimatedDeliveryDate"": ""2026-09-15T07:00:00.000Z"", ""maxEstimatedDeliveryDate"": ""2026-09-21T07:00:00.000Z""}]",,,PENDING_INDEPENDENT_HUMAN_REVIEW,DEVELOPMENT,,,,,,,,,,,,,,
D2-0026,0331d96e-d8af-44d3-9552-85f784d9b4ca,720c16f5-5c19-43bc-a711-0ea9e8545aab,Trubbish,White Flare,140,illustration_rare,v1|168526987613|0,PSA 10 GEM MINT - Trubbish #140 Scarlet Violet White Flare Illustration Rare,,Graded,2750,[],"[""FIXED_PRICE"", ""BEST_OFFER""]",ced_collectibles,https://i.ebayimg.com/images/g/lkUAAeSwzmFqUIfg/s-l225.jpg,https://www.ebay.com/itm/168526987613?_skw=Trubbish+140+White+Flare+Pokemon+card&hash=item273cfdc15d:g:lkUAAeSwzmFqUIfg,"{""value"": ""499.99"", ""currency"": ""USD""}","[{""shippingCostType"": ""FIXED"", ""shippingCost"": {""value"": ""5.99"", ""currency"": ""USD""}, ""minEstimatedDeliveryDate"": ""2026-09-16T07:00:00.000Z"", ""maxEstimatedDeliveryDate"": ""2026-09-23T07:00:00.000Z""}]",,,PENDING_INDEPENDENT_HUMAN_REVIEW,DEVELOPMENT,,,,,,,,,,,,,,
D2-0027,0331d96e-d8af-44d3-9552-85f784d9b4ca,720c16f5-5c19-43bc-a711-0ea9e8545aab,Trubbish,White Flare,140,illustration_rare,v1|318799287248|0,Garbodor Pokeball 057/086 White Flare Japanese Pokemon Card NM,,Ungraded,4000,[],"[""FIXED_PRICE"", ""BEST_OFFER""]",aqxuaz,https://i.ebayimg.com/images/g/Q58AAeSwPN5qDUV9/s-l225.jpg,https://www.ebay.com/itm/318799287248?_skw=Trubbish+140+White+Flare+Pokemon+card&hash=item4a39eb13d0:g:Q58AAeSwPN5qDUV9,"{""value"": ""1.99"", ""currency"": ""USD""}","[{""shippingCostType"": ""FIXED"", ""shippingCost"": {""value"": ""0.00"", ""currency"": ""USD""}, ""minEstimatedDeliveryDate"": ""2026-09-14T07:00:00.000Z"", ""maxEstimatedDeliveryDate"": ""2026-09-17T07:00:00.000Z""}]",,,PENDING_INDEPENDENT_HUMAN_REVIEW,DEVELOPMENT,,,,,,,,,,,,,,
D2-0029,0331d96e-d8af-44d3-9552-85f784d9b4ca,720c16f5-5c19-43bc-a711-0ea9e8545aab,Trubbish,White Flare,140,illustration_rare,v1|137711919956|0,The Pokémon Company Pokémon TCG Trubbish 140/086 White Flare IR Holo fresh NM,,Ungraded,4000,[],"[""FIXED_PRICE"", ""BEST_OFFER""]",doublejayspokeplayz,https://i.ebayimg.com/images/g/~oQAAeSwXVhqn20u/s-l225.jpg,https://www.ebay.com/itm/137711919956?_skw=Trubbish+140+White+Flare+Pokemon+card&hash=item2010452354:g:~oQAAeSwXVhqn20u,"{""value"": ""19.99"", ""currency"": ""USD""}","[{""shippingCostType"": ""CALCULATED""}]",,,PENDING_INDEPENDENT_HUMAN_REVIEW,DEVELOPMENT,,,,,,,,,,,,,,
D2-0031,0b81872e-b089-49e9-aec3-16a535b12efb,0057b67c-a140-400c-b308-2a6d046cb043,Haxorus,Black Bolt,147,illustration_rare,v1|117357558147|0,Pokémon Haxorus TCG Illustration Rare SV Black Bolt 147/086,,Ungraded,4000,[],"[""FIXED_PRICE"", ""BEST_OFFER""]",matthewryan12,https://i.ebayimg.com/images/g/w8EAAeSw6fRqfeRo/s-l225.jpg,https://www.ebay.com/itm/117357558147?_skw=Haxorus+147+Black+Bolt+Pokemon+card&hash=item1b530e3983:g:w8EAAeSw6fRqfeRo,"{""value"": ""75.00"", ""currency"": ""USD""}","[{""shippingCostType"": ""CALCULATED""}]",,,PENDING_INDEPENDENT_HUMAN_REVIEW,DEVELOPMENT,,,,,,,,,,,,,,
D2-0033,0b81872e-b089-49e9-aec3-16a535b12efb,0057b67c-a140-400c-b308-2a6d046cb043,Haxorus,Black Bolt,147,illustration_rare,v1|128011685895|0,Haxorus 147/086 Sv: Black Bolt Holo Tag 9 Mint Pokémon Card IR,,Graded,2750,[],"[""FIXED_PRICE""]",pokedex_sales,https://i.ebayimg.com/images/g/UvIAAeSw5oRqcucA/s-l225.jpg,https://www.ebay.com/itm/128011685895?_skw=Haxorus+147+Black+Bolt+Pokemon+card&hash=item1dce175007:g:UvIAAeSw5oRqcucA,"{""value"": ""99.99"", ""currency"": ""USD""}","[{""shippingCostType"": ""FIXED"", ""shippingCost"": {""value"": ""0.00"", ""currency"": ""USD""}, ""minEstimatedDeliveryDate"": ""2026-09-14T07:00:00.000Z"", ""maxEstimatedDeliveryDate"": ""2026-09-17T07:00:00.000Z""}]",,,PENDING_INDEPENDENT_HUMAN_REVIEW,DEVELOPMENT,,,,,,,,,,,,,,
D2-0034,0b81872e-b089-49e9-aec3-16a535b12efb,0057b67c-a140-400c-b308-2a6d046cb043,Haxorus,Black Bolt,147,illustration_rare,v1|188713689905|0,Nintendo Pokemon TCG Haxorus 147/086 Dragons Exalted Reverse Holo Rare EN,,Ungraded,4000,[],"[""FIXED_PRICE""]",r497shop,https://i.ebayimg.com/images/g/RwUAAeSw0DZqhSV5/s-l225.jpg,https://www.ebay.com/itm/188713689905?_skw=Haxorus+147+Black+Bolt+Pokemon+card&hash=item2bf0366331:g:RwUAAeSw0DZqhSV5,"{""value"": ""70.00"", ""currency"": ""USD""}","[{""shippingCostType"": ""CALCULATED""}]",,,PENDING_INDEPENDENT_HUMAN_REVIEW,DEVELOPMENT,,,,,,,,,,,,,,
D2-0039,0b81872e-b089-49e9-aec3-16a535b12efb,0057b67c-a140-400c-b308-2a6d046cb043,Haxorus,Black Bolt,147,illustration_rare,v1|117186006459|0,2025 POKEMON BLK EN-BLACK BOLT ILLUSTRATION RARE #147 HAXORUS PSA 10,,Graded,2750,[],"[""FIXED_PRICE""]",psa,https://i.ebayimg.com/images/g/4JEAAeSw5aJpJ719/s-l225.jpg,https://www.ebay.com/itm/117186006459?_skw=Haxorus+147+Black+Bolt+Pokemon+card&hash=item1b48d48dbb:g:4JEAAeSw5aJpJ719,"{""value"": ""1299.00"", ""currency"": ""USD""}","[{""shippingCostType"": ""FIXED"", ""shippingCost"": {""value"": ""5.99"", ""currency"": ""USD""}}]",,,PENDING_INDEPENDENT_HUMAN_REVIEW,DEVELOPMENT,,,,,,,,,,,,,,
D2-0043,0b81872e-b089-49e9-aec3-16a535b12efb,0057b67c-a140-400c-b308-2a6d046cb043,Haxorus,Black Bolt,147,illustration_rare,v1|157595957944|0,Haxorus 147/086 Pokemon TCG Sv: Black Bolt Extended Art Case,,Ungraded,4000,[],"[""FIXED_PRICE""]",outback_originals,https://i.ebayimg.com/images/g/e5UAAeSwo~RpXUlF/s-l225.jpg,https://www.ebay.com/itm/157595957944?_skw=Haxorus+147+Black+Bolt+Pokemon+card&hash=item24b1737ab8:g:e5UAAeSwo~RpXUlF,"{""value"": ""12.00"", ""currency"": ""USD""}","[{""shippingCostType"": ""CALCULATED""}]",,,PENDING_INDEPENDENT_HUMAN_REVIEW,DEVELOPMENT,,,,,,,,,,,,,,
D2-0044,0b81872e-b089-49e9-aec3-16a535b12efb,0057b67c-a140-400c-b308-2a6d046cb043,Haxorus,Black Bolt,147,illustration_rare,v1|157595958798|0,Haxorus 147/086 Pokemon TCG Sv: Black Bolt Magnetic 🧲 Extended Art Case,,Ungraded,4000,[],"[""FIXED_PRICE""]",outback_originals,https://i.ebayimg.com/images/g/2p4AAeSwOPZqVj1f/s-l225.jpg,https://www.ebay.com/itm/157595958798?_skw=Haxorus+147+Black+Bolt+Pokemon+card&hash=item24b1737e0e:g:2p4AAeSwOPZqVj1f&amdata=enc%3AAQALAAABAACCtXRWQnOEpyOqnQQ8KGaIBzKq0F4clJ9PZDJ2jgYq0xqBxBMRddwXIdjHfsRO9jrd7%2BemZ1rGD1JFc29Ff%2BkgmuGlfuFHkbeLn3V9pemxiIJVn5QUrRRSi2QUE3CHOKA8BHtt7FAzw1OtNaHyKiMQywXKWmqAdrYcC%2B9Rmt7XBPVCGUcJv%2FiOtTSiycY8K%2B0HCCprnrFX4fau5SpcdOiMtgGH5E089RK6Mt8k5oNPm9N%2FMIK%2BEGlAf4DBrVHmRJl9VLpyZ%2BenAIChecB9WksE5CFYXG1W3z920UbCGHdNZQf%2BBkEkTQdbSWDO4TdhGbBzviKVTW%2F7%2FDbmGnHQpoQ%3D,"{""value"": ""16.00"", ""currency"": ""USD""}","[{""shippingCostType"": ""FIXED"", ""shippingCost"": {""value"": ""7.00"", ""currency"": ""USD""}, ""minEstimatedDeliveryDate"": ""2026-09-15T07:00:00.000Z"", ""maxEstimatedDeliveryDate"": ""2026-09-18T07:00:00.000Z""}]",,,PENDING_INDEPENDENT_HUMAN_REVIEW,DEVELOPMENT,,,,,,,,,,,,,,
D2-0045,0b81872e-b089-49e9-aec3-16a535b12efb,0057b67c-a140-400c-b308-2a6d046cb043,Haxorus,Black Bolt,147,illustration_rare,v1|157975738502|0,Haxorus (147/086) Sv: Black Bolt - 2025 - Grade: 8.5 - Full Art - Pokemon TCG,,Graded,2750,[],"[""FIXED_PRICE"", ""BEST_OFFER""]",duskstone13,https://i.ebayimg.com/images/g/MZEAAeSw2-NqH4Qy/s-l225.jpg,https://www.ebay.com/itm/157975738502?_skw=Haxorus+147+Black+Bolt+Pokemon+card&hash=item24c8167886:g:MZEAAeSw2-NqH4Qy,"{""value"": ""159.99"", ""currency"": ""USD""}","[{""shippingCostType"": ""FIXED"", ""shippingCost"": {""value"": ""0.00"", ""currency"": ""USD""}, ""minEstimatedDeliveryDate"": ""2026-09-15T07:00:00.000Z"", ""maxEstimatedDeliveryDate"": ""2026-09-21T07:00:00.000Z""}]",,,PENDING_INDEPENDENT_HUMAN_REVIEW,DEVELOPMENT,,,,,,,,,,,,,,
D2-0047,0dde3317-5162-49d1-b5c9-6b206a086d2c,7a7c3304-cc14-4aab-9f7b-b88270d4228c,Tinkatuff,Paldean Fates,166,shiny_rare,v1|128032125963|0,Tinkatuff NM 166/091 Paldean Fates Pokemon Shiny Rare,,Ungraded,4000,[],"[""FIXED_PRICE""]",shadetreebg,https://i.ebayimg.com/images/g/ULMAAeSw0-1qNVmt/s-l225.jpg,https://www.ebay.com/itm/128032125963?_skw=Tinkatuff+166+Paldean+Fates+Pokemon+card&hash=item1dcf4f340b:g:ULMAAeSw0-1qNVmt,"{""value"": ""8.35"", ""currency"": ""USD""}","[{""shippingCostType"": ""FIXED"", ""shippingCost"": {""value"": ""0.00"", ""currency"": ""USD""}, ""minEstimatedDeliveryDate"": ""2026-09-15T07:00:00.000Z"", ""maxEstimatedDeliveryDate"": ""2026-09-21T07:00:00.000Z""}]",,,PENDING_INDEPENDENT_HUMAN_REVIEW,DEVELOPMENT,,,,,,,,,,,,,,
D2-0048,0dde3317-5162-49d1-b5c9-6b206a086d2c,7a7c3304-cc14-4aab-9f7b-b88270d4228c,Tinkatuff,Paldean Fates,166,shiny_rare,v1|137374092972|0,Tinkatuff 166/091 SV: Paldean Fates Holo,,Graded,2750,[],"[""FIXED_PRICE"", ""BEST_OFFER""]",winsl-kyl,https://i.ebayimg.com/images/g/g7MAAeSwO6xps5Ih/s-l225.jpg,https://www.ebay.com/itm/137374092972?_skw=Tinkatuff+166+Paldean+Fates+Pokemon+card&hash=item1ffc224eac:g:g7MAAeSwO6xps5Ih,"{""value"": ""30.00"", ""currency"": ""USD""}","[{""shippingCostType"": ""CALCULATED""}]",,,PENDING_INDEPENDENT_HUMAN_REVIEW,DEVELOPMENT,,,,,,,,,,,,,,
D2-0049,0dde3317-5162-49d1-b5c9-6b206a086d2c,7a7c3304-cc14-4aab-9f7b-b88270d4228c,Tinkatuff,Paldean Fates,166,shiny_rare,v1|318825419542|0,Tinkatuff PAF 166/091 Holo,,Ungraded,4000,[],"[""FIXED_PRICE""]",thepokeokie,https://i.ebayimg.com/images/g/ElgAAeSw6NFqmtut/s-l225.jpg,https://www.ebay.com/itm/318825419542?_skw=Tinkatuff+166+Paldean+Fates+Pokemon+card&hash=item4a3b79d316:g:ElgAAeSw6NFqmtut,"{""value"": ""8.25"", ""currency"": ""USD""}","[{""shippingCostType"": ""FIXED"", ""shippingCost"": {""value"": ""0.00"", ""currency"": ""USD""}, ""minEstimatedDeliveryDate"": ""2026-09-15T07:00:00.000Z"", ""maxEstimatedDeliveryDate"": ""2026-09-21T07:00:00.000Z""}]",,,PENDING_INDEPENDENT_HUMAN_REVIEW,DEVELOPMENT,,,,,,,,,,,,,,
D2-0052,0dde3317-5162-49d1-b5c9-6b206a086d2c,7a7c3304-cc14-4aab-9f7b-b88270d4228c,Tinkatuff,Paldean Fates,166,shiny_rare,v1|227150554736|526654016683,Pokemon Trading Card Sword & Shield/Scarlet & Violet Shiny: Choose Your Card,,Ungraded,4000,[],"[""FIXED_PRICE""]",calebdann1,https://i.ebayimg.com/images/g/C6gAAeSws5tpUZKU/s-l225.jpg,https://www.ebay.com/itm/227150554736?_skw=Tinkatuff+166+Paldean+Fates+Pokemon+card&hash=item34e33a6670:g:C6gAAeSws5tpUZKU,"{""value"": ""7.99"", ""currency"": ""USD""}","[{""shippingCostType"": ""CALCULATED""}]",,,PENDING_INDEPENDENT_HUMAN_REVIEW,DEVELOPMENT,,,,,,,,,,,,,,
D2-0053,0dde3317-5162-49d1-b5c9-6b206a086d2c,7a7c3304-cc14-4aab-9f7b-b88270d4228c,Tinkatuff,Paldean Fates,166,shiny_rare,v1|355815665036|624888401126,2024 Pokemon TCG Paldean Fates Reverse Holos and EX YOU PICK Complete your set,,Ungraded,4000,[],"[""FIXED_PRICE""]",wilbursbestdeals,https://i.ebayimg.com/images/g/TgEAAOSw7Y5mdh3z/s-l225.jpg,https://www.ebay.com/itm/355815665036?_skw=Tinkatuff+166+Paldean+Fates+Pokemon+card&hash=item52d8442d8c:g:TgEAAOSw7Y5mdh3z,"{""value"": ""4.99"", ""currency"": ""USD""}","[{""shippingCostType"": ""FIXED"", ""shippingCost"": {""value"": ""0.98"", ""currency"": ""USD""}, ""minEstimatedDeliveryDate"": ""2026-09-15T07:00:00.000Z"", ""maxEstimatedDeliveryDate"": ""2026-09-19T07:00:00.000Z""}]",,,PENDING_INDEPENDENT_HUMAN_REVIEW,DEVELOPMENT,,,,,,,,,,,,,,
D2-0056,0dde3317-5162-49d1-b5c9-6b206a086d2c,7a7c3304-cc14-4aab-9f7b-b88270d4228c,Tinkatuff,Paldean Fates,166,shiny_rare,v1|137394251948|0,Tinkatuff 166/091 SV Paldean Fates Shiny Rare Reverse Holo English,,Ungraded,4000,[],"[""FIXED_PRICE"", ""BEST_OFFER""]",zesty_rips,https://i.ebayimg.com/images/g/TfYAAeSwmWZqJ3ht/s-l225.jpg,https://www.ebay.com/itm/137394251948?_skw=Tinkatuff+166+Paldean+Fates+Pokemon+card&hash=item1ffd55e8ac:g:TfYAAeSwmWZqJ3ht,"{""value"": ""7.99"", ""currency"": ""USD""}","[{""shippingCostType"": ""FIXED"", ""shippingCost"": {""value"": ""1.99"", ""currency"": ""USD""}, ""minEstimatedDeliveryDate"": ""2026-09-15T07:00:00.000Z"", ""maxEstimatedDeliveryDate"": ""2026-09-18T07:00:00.000Z""}]",,,PENDING_INDEPENDENT_HUMAN_REVIEW,DEVELOPMENT,,,,,,,,,,,,,,
D2-0059,0dde3317-5162-49d1-b5c9-6b206a086d2c,7a7c3304-cc14-4aab-9f7b-b88270d4228c,Tinkatuff,Paldean Fates,166,shiny_rare,v1|147429555502|0,TINKATUFF 166/091 HOLO SHINY RARE PALDEAN FATES POKEMON NM,,Ungraded,4000,[],"[""FIXED_PRICE"", ""BEST_OFFER""]",pandatcgcollects,https://i.ebayimg.com/images/g/AowAAeSwx7pqUVsv/s-l225.jpg,https://www.ebay.com/itm/147429555502?_skw=Tinkatuff+166+Paldean+Fates+Pokemon+card&hash=item22537c7d2e:g:AowAAeSwx7pqUVsv,"{""value"": ""9.99"", ""currency"": ""USD""}","[{""shippingCostType"": ""FIXED"", ""shippingCost"": {""value"": ""0.00"", ""currency"": ""USD""}, ""minEstimatedDeliveryDate"": ""2026-09-14T07:00:00.000Z"", ""maxEstimatedDeliveryDate"": ""2026-09-17T07:00:00.000Z""}]",,,PENDING_INDEPENDENT_HUMAN_REVIEW,DEVELOPMENT,,,,,,,,,,,,,,
D2-0062,10a47631-ea19-4b62-8a93-4b1b3e6b3013,780a248c-87ff-4879-955c-3d6bea287aca,Lt. Surge's Bargain,Mega Evolution,185,special_illustration_rare,v1|127415369863|0,Lt. Surge's Bargain 185/132 Special Illustration Rare Pokemon Mega Evolution,,Ungraded,4000,[],"[""FIXED_PRICE""]",kevspokeshop,https://i.ebayimg.com/images/g/DfsAAeSwj79o42SR/s-l225.jpg,https://www.ebay.com/itm/127415369863?_skw=Lt.+Surge%27s+Bargain+185+Mega+Evolution+Pokemon+card&hash=item1daa8c4087:g:DfsAAeSwj79o42SR,"{""value"": ""19.99"", ""currency"": ""USD""}","[{""shippingCostType"": ""CALCULATED""}]",,,PENDING_INDEPENDENT_HUMAN_REVIEW,DEVELOPMENT,,,,,,,,,,,,,,
D2-0063,10a47631-ea19-4b62-8a93-4b1b3e6b3013,780a248c-87ff-4879-955c-3d6bea287aca,Lt. Surge's Bargain,Mega Evolution,185,special_illustration_rare,v1|127683155998|0,Pokémon TCG Lt. Surge's Bargain 185/132 Me01 Mega Evolution Special Illustration,,Ungraded,4000,[],"[""FIXED_PRICE"", ""BEST_OFFER""]",jbtrain,https://i.ebayimg.com/images/g/CaIAAeSwyRppj5zS/s-l225.jpg,https://www.ebay.com/itm/127683155998?_skw=Lt.+Surge%27s+Bargain+185+Mega+Evolution+Pokemon+card&hash=item1dba82581e:g:CaIAAeSwyRppj5zS,"{""value"": ""15.99"", ""currency"": ""USD""}","[{""shippingCostType"": ""CALCULATED""}]",,,PENDING_INDEPENDENT_HUMAN_REVIEW,DEVELOPMENT,,,,,,,,,,,,,,
D2-0064,10a47631-ea19-4b62-8a93-4b1b3e6b3013,780a248c-87ff-4879-955c-3d6bea287aca,Lt. Surge's Bargain,Mega Evolution,185,special_illustration_rare,v1|117269031991|0,The Pokémon Company Lt. Surge's Bargain 185/132 MEGA Full Art Holo ENG,,Ungraded,4000,[],"[""FIXED_PRICE"", ""BEST_OFFER""]",synversallc,https://i.ebayimg.com/images/g/LscAAeSw6B9qPcxT/s-l225.jpg,https://www.ebay.com/itm/117269031991?_skw=Lt.+Surge%27s+Bargain+185+Mega+Evolution+Pokemon+card&hash=item1b4dc76c37:g:LscAAeSw6B9qPcxT&amdata=enc%3AAQALAAABEACCtXRWQnOEpyOqnQQ8KGZ16YkC2nMJiNc0UvFmvZpsMqRw4OhlgRgvqecm%2BliAaAemU0I%2F9kwjVaozOflHyUv6D6Lmd5e4q1R31MG4FN5iIjDxV5PcjDs0nacvxE5SMNGTiuDw7a1aJl5rnsusWAlaYeuNWCdHvZ7ngcFkFMip2ZW9uvvR0d%2F%2BpPgTknE%2BhcHeOz5%2FYFEMNbaoRcNHlx62ah1AcFdGr30HjDMIXsYwaXP%2FvZ5o%2FYOOCUbqaiJhiuC6QHsaMXR34quDVcmWpsofMC5xlEjNXO2p25s%2FsWFfTqM3bt5qmGWQJ54SzKr8KyzgGyyrkcfP%2FdS7UV9cre66qoCVF9b08EF4IhlyxxAx,"{""value"": ""18.00"", ""currency"": ""USD""}","[{""shippingCostType"": ""CALCULATED""}]",,,PENDING_INDEPENDENT_HUMAN_REVIEW,DEVELOPMENT,,,,,,,,,,,,,,
D2-0065,10a47631-ea19-4b62-8a93-4b1b3e6b3013,780a248c-87ff-4879-955c-3d6bea287aca,Lt. Surge's Bargain,Mega Evolution,185,special_illustration_rare,v1|128058522742|0,Pokémon TCG Lt. Surge's Bargain 185/132 ME01 Special illustration  Rare Holo Eng,,Ungraded,4000,[],"[""FIXED_PRICE"", ""BEST_OFFER""]",mrmithtcg,https://i.ebayimg.com/images/g/HN0AAeSw~gJqmL63/s-l225.jpg,https://www.ebay.com/itm/128058522742?_skw=Lt.+Surge%27s+Bargain+185+Mega+Evolution+Pokemon+card&hash=item1dd0e1fc76:g:HN0AAeSw~gJqmL63&amdata=enc%3AAQALAAABEACCtXRWQnOEpyOqnQQ8KGZo3JgIWGY%2Fu2TYyXtydVsYyNXy2T%2Fgw0fIAc15hopluaz%2BetoS0YV0vg771acDdJtbLrP4izbpJ1JDvsxXdgq8N8fA%2F9LtsIrwcR2nz8LmSsNd9Y%2BF6LP%2Bov%2FnMV3ixV%2BNB%2BX2gFF4hfxHTU%2Bx%2FkrAHhdgx5DJzB0AjflaclTUi7jzC2d6YNauRp54gxrGGzbNIn%2FU7tGpIkF7MMIwehSvmSnipoJX8UZ3op2t%2F2S7JZKILwCPZACV1zWxPFEBWuWUgyPI9QNBog53aJATGgarCnJsN0nfZpX8kkYOy8MKMpYpcMTzTpPlGXmu4cMxyUL29Bp8WduEMKMmjApAr5lQ,"{""value"": ""19.99"", ""currency"": ""USD""}","[{""shippingCostType"": ""CALCULATED""}]",,,PENDING_INDEPENDENT_HUMAN_REVIEW,DEVELOPMENT,,,,,,,,,,,,,,
D2-0069,10a47631-ea19-4b62-8a93-4b1b3e6b3013,780a248c-87ff-4879-955c-3d6bea287aca,Lt. Surge's Bargain,Mega Evolution,185,special_illustration_rare,v1|177563668909|0,Pokémon TCG Lt. Surge’s Bargain Trainer 185/132 Mega Evolution Extended Art Case,,Ungraded,4000,[],"[""FIXED_PRICE""]",ironwood-slabs,https://i.ebayimg.com/images/g/LPcAAeSwakppEYTW/s-l225.jpg,https://www.ebay.com/itm/177563668909?_skw=Lt.+Surge%27s+Bargain+185+Mega+Evolution+Pokemon+card&hash=item29579e91ad:g:LPcAAeSwakppEYTW,"{""value"": ""16.00"", ""currency"": ""USD""}","[{""shippingCostType"": ""CALCULATED""}]",,,PENDING_INDEPENDENT_HUMAN_REVIEW,DEVELOPMENT,,,,,,,,,,,,,,
D2-0071,10a47631-ea19-4b62-8a93-4b1b3e6b3013,780a248c-87ff-4879-955c-3d6bea287aca,Lt. Surge's Bargain,Mega Evolution,185,special_illustration_rare,v1|128071291873|0,Lt. Surge's Bargain Special Illustration Rare ME01: Mega Evolution 185/132 NM os,,Ungraded,4000,[],"[""FIXED_PRICE""]",pokemanbulk,https://i.ebayimg.com/images/g/8GIAAeSwzjZqoedt/s-l225.jpg,https://www.ebay.com/itm/128071291873?_skw=Lt.+Surge%27s+Bargain+185+Mega+Evolution+Pokemon+card&hash=item1dd1a4d3e1:g:8GIAAeSwzjZqoedt,"{""value"": ""18.99"", ""currency"": ""USD""}","[{""shippingCostType"": ""FIXED"", ""shippingCost"": {""value"": ""0.00"", ""currency"": ""USD""}, ""minEstimatedDeliveryDate"": ""2026-09-14T07:00:00.000Z"", ""maxEstimatedDeliveryDate"": ""2026-09-17T07:00:00.000Z""}]",,,PENDING_INDEPENDENT_HUMAN_REVIEW,DEVELOPMENT,,,,,,,,,,,,,,
D2-0075,10a47631-ea19-4b62-8a93-4b1b3e6b3013,780a248c-87ff-4879-955c-3d6bea287aca,Lt. Surge's Bargain,Mega Evolution,185,special_illustration_rare,v1|147389723921|0,Lt. Surge's Bargain 185/132 Mega Evolution Pokemon NM/M,,Ungraded,4000,[],"[""FIXED_PRICE""]",404zardnotfound,https://i.ebayimg.com/images/g/06IAAeSwXXhqOBz-/s-l225.jpg,https://www.ebay.com/itm/147389723921?_skw=Lt.+Surge%27s+Bargain+185+Mega+Evolution+Pokemon+card&hash=item22511cb511:g:06IAAeSwXXhqOBz-,"{""value"": ""20.50"", ""currency"": ""USD""}","[{""shippingCostType"": ""FIXED"", ""shippingCost"": {""value"": ""5.00"", ""currency"": ""USD""}, ""minEstimatedDeliveryDate"": ""2026-09-15T07:00:00.000Z"", ""maxEstimatedDeliveryDate"": ""2026-09-19T07:00:00.000Z""}]",,,PENDING_INDEPENDENT_HUMAN_REVIEW,DEVELOPMENT,,,,,,,,,,,,,,
D2-0077,147a436d-4ccc-43d1-b19a-20b74d2ff723,a86eb8d9-0e89-4e02-879a-d587dbfe0252,Carmine,Twilight Masquerade,217,special_illustration_rare,v1|128009860744|0,Carmine 217/167 SIR Pokemon Twilight Masquerade Sv06,,Ungraded,4000,[],"[""FIXED_PRICE"", ""BEST_OFFER""]",fwoozy,https://i.ebayimg.com/images/g/iNkAAeSwkB5qcZFO/s-l225.jpg,https://www.ebay.com/itm/128009860744?_skw=Carmine+217+Twilight+Masquerade+Pokemon+card&hash=item1dcdfb7688:g:iNkAAeSwkB5qcZFO&amdata=enc%3AAQALAAABEACCtXRWQnOEpyOqnQQ8KGYS9%2F2GmLJ3%2FIeIeU%2F9iLICM8mYW7OlrZ9ouDIDJXNrQAwEkORCKDoedFStnt%2FGAMXaj6ZWBMP5iM6JS7mmMOZGlFHfwK6utHwnOpae%2B5SuXeiMLRo%2F100VQxVuZHsBEFBYdo2fOymJKA32xfDxgqfWgAaVULPKe5%2BX5TLT%2BLKoodH33e1gdfQmab8kkKPdQ4bldGDZspYMRQqyI%2Bk2uQKsZGpw3vBpxJRfP5z5d7lE2l9GK3AzsFwBZhsvXuav%2BUjf81qzs82xvSry9OO%2BDxPGNrJLxm1Akqk9bzIdHd55t493WlKo0f%2BfKW3fsMw4BYDAlTE74Bs46Dqhy4dNrqo%2F,"{""value"": ""60.00"", ""currency"": ""USD""}","[{""shippingCostType"": ""CALCULATED""}]",,,PENDING_INDEPENDENT_HUMAN_REVIEW,DEVELOPMENT,,,,,,,,,,,,,,
D2-0079,147a436d-4ccc-43d1-b19a-20b74d2ff723,a86eb8d9-0e89-4e02-879a-d587dbfe0252,Carmine,Twilight Masquerade,217,special_illustration_rare,v1|267727999256|0,Carmine Special Illustration Rare - TWM 217/167 EN NM Holofoil Pokemon,,Ungraded,4000,[],"[""FIXED_PRICE"", ""BEST_OFFER""]",godpackgaming,https://i.ebayimg.com/images/g/4wkAAeSwwlxqo4XM/s-l225.jpg,https://www.ebay.com/itm/267727999256?_skw=Carmine+217+Twilight+Masquerade+Pokemon+card&hash=item3e55d51118:g:4wkAAeSwwlxqo4XM,"{""value"": ""63.49"", ""currency"": ""USD""}","[{""shippingCostType"": ""FIXED"", ""shippingCost"": {""value"": ""0.00"", ""currency"": ""USD""}, ""minEstimatedDeliveryDate"": ""2026-09-15T07:00:00.000Z"", ""maxEstimatedDeliveryDate"": ""2026-09-21T07:00:00.000Z""}]",,,PENDING_INDEPENDENT_HUMAN_REVIEW,DEVELOPMENT,,,,,,,,,,,,,,
D2-0080,147a436d-4ccc-43d1-b19a-20b74d2ff723,a86eb8d9-0e89-4e02-879a-d587dbfe0252,Carmine,Twilight Masquerade,217,special_illustration_rare,v1|156447979868|458683854023,Pokemon TCG - Twilight Masquerade: Choose Your Card! - All Holos/Reverse Holos!,,Ungraded,4000,[],"[""FIXED_PRICE""]",overstackedcards,https://i.ebayimg.com/images/g/RgwAAeSwP45ogduC/s-l225.jpg,https://www.ebay.com/itm/156447979868?_skw=Carmine+217+Twilight+Masquerade+Pokemon+card&var=458683854023&hash=item246d06b95c:g:RgwAAeSwP45ogduC,"{""value"": ""89.99"", ""currency"": ""USD""}","[{""shippingCostType"": ""FIXED"", ""shippingCost"": {""value"": ""0.00"", ""currency"": ""USD""}, ""minEstimatedDeliveryDate"": ""2026-09-15T07:00:00.000Z"", ""maxEstimatedDeliveryDate"": ""2026-09-18T07:00:00.000Z""}]",,,PENDING_INDEPENDENT_HUMAN_REVIEW,DEVELOPMENT,,,,,,,,,,,,,,
D2-0082,147a436d-4ccc-43d1-b19a-20b74d2ff723,a86eb8d9-0e89-4e02-879a-d587dbfe0252,Carmine,Twilight Masquerade,217,special_illustration_rare,v1|377482020715|0,Pokemon TCG Carmin Twilight Masquerade SIR 217/167,,Ungraded,4000,[],"[""FIXED_PRICE"", ""BEST_OFFER""]",broshybcollectibles,https://i.ebayimg.com/images/g/YzMAAeSwW~dqoHCm/s-l225.jpg,https://www.ebay.com/itm/377482020715?_skw=Carmine+217+Twilight+Masquerade+Pokemon+card&hash=item57e3ae876b:g:YzMAAeSwW~dqoHCm,"{""value"": ""55.62"", ""currency"": ""USD""}","[{""shippingCostType"": ""CALCULATED""}]",,,PENDING_INDEPENDENT_HUMAN_REVIEW,DEVELOPMENT,,,,,,,,,,,,,,
D2-0085,147a436d-4ccc-43d1-b19a-20b74d2ff723,a86eb8d9-0e89-4e02-879a-d587dbfe0252,Carmine,Twilight Masquerade,217,special_illustration_rare,v1|127646270998|0,CGC 10 PSA Carmine 217/167 SIR Twilight Masquerade TWM Pokemon Card,,Graded,2750,[],"[""FIXED_PRICE"", ""BEST_OFFER""]",itsstock2022,https://i.ebayimg.com/images/g/L0UAAeSwdP5pdyNn/s-l225.jpg,https://www.ebay.com/itm/127646270998?_skw=Carmine+217+Twilight+Masquerade+Pokemon+card&hash=item1db84f8616:g:L0UAAeSwdP5pdyNn,"{""value"": ""140.00"", ""currency"": ""USD""}","[{""shippingCostType"": ""CALCULATED""}]",,,PENDING_INDEPENDENT_HUMAN_REVIEW,DEVELOPMENT,,,,,,,,,,,,,,
D2-0087,147a436d-4ccc-43d1-b19a-20b74d2ff723,a86eb8d9-0e89-4e02-879a-d587dbfe0252,Carmine,Twilight Masquerade,217,special_illustration_rare,v1|137636416210|0,Carmine 217/167 Sv06: Twilight Masquerade Holo PSA 9,,Graded,2750,[],"[""FIXED_PRICE""]",childress2422,https://i.ebayimg.com/images/g/~WsAAeSw-MtqhLHL/s-l225.jpg,https://www.ebay.com/itm/137636416210?_skw=Carmine+217+Twilight+Masquerade+Pokemon+card&hash=item200bc50ad2:g:~WsAAeSw-MtqhLHL&amdata=enc%3AAQALAAABEACCtXRWQnOEpyOqnQQ8KGbAahuXX8OiAHuojTDlGFtDrJ2qnpnuuGvFhOHXP60rjWl%2BNKtRcmI7aFTDUvgdIeLMAolpbWkp6iUtmFuYhinYTN3Gf%2FkqXAM21NKJC5X2FTrJ06GvG%2BGcMV0Qz1hWbP8vXssERU%2FrrZtplP357oiUJstzuM2xGHyeeEmw7Le%2BkzBDF5%2BRgAE4EtOBwx3XE0%2FNplfxsVfEQMw442vuMNCyeT9H7%2BHOFFGjplFNjK5JTjqarZrOLNTAnFOhdvWK7iDdpo%2FZ5TvipknzuajkMVWubHQIIbDV4ICBoTqwXUEuAq2lO21OASOnYPM8efyfrxoaUsFD8NAiXae4k3exmXd6,"{""value"": ""67.99"", ""currency"": ""USD""}","[{""shippingCostType"": ""FIXED"", ""shippingCost"": {""value"": ""5.99"", ""currency"": ""USD""}, ""minEstimatedDeliveryDate"": ""2026-09-16T07:00:00.000Z"", ""maxEstimatedDeliveryDate"": ""2026-09-22T07:00:00.000Z""}]",,,PENDING_INDEPENDENT_HUMAN_REVIEW,DEVELOPMENT,,,,,,,,,,,,,,
D2-0090,147a436d-4ccc-43d1-b19a-20b74d2ff723,a86eb8d9-0e89-4e02-879a-d587dbfe0252,Carmine,Twilight Masquerade,217,special_illustration_rare,v1|147448414870|0,Carmine 217/167 Pokemon SV06: Twilight Masquerade Special Illustration Rare NM,,Ungraded,4000,[],"[""FIXED_PRICE""]",nguyening_plays,https://i.ebayimg.com/images/g/peoAAeSwkN9qXaOo/s-l225.jpg,https://www.ebay.com/itm/147448414870?_skw=Carmine+217+Twilight+Masquerade+Pokemon+card&hash=item22549c4296:g:peoAAeSwkN9qXaOo,"{""value"": ""80.00"", ""currency"": ""USD""}","[{""shippingCostType"": ""FIXED"", ""shippingCost"": {""value"": ""0.00"", ""currency"": ""USD""}, ""minEstimatedDeliveryDate"": ""2026-09-15T07:00:00.000Z"", ""maxEstimatedDeliveryDate"": ""2026-09-21T07:00:00.000Z""}]",,,PENDING_INDEPENDENT_HUMAN_REVIEW,DEVELOPMENT,,,,,,,,,,,,,,
D2-0094,152906c9-3b9f-4f16-bb22-cb4241c7386b,20ddd5ca-77ef-4e3c-a018-ea4c7a44913a,Giovanni's Charisma,Scarlet and Violet 151,204,special_illustration_rare,v1|128010803033|0,Giovanni's Charisma 197/165 Sv: Scarlet & Violet 151 Holo,,Ungraded,4000,[],"[""FIXED_PRICE""]",choommyymood,https://i.ebayimg.com/images/g/5vQAAeSwU7hqciw5/s-l225.jpg,https://www.ebay.com/itm/128010803033?_skw=Giovanni%27s+Charisma+204+Scarlet+and+Violet+151+Pokemon+card&hash=item1dce09d759:g:5vQAAeSwU7hqciw5,"{""value"": ""5.50"", ""currency"": ""USD""}","[{""shippingCostType"": ""FIXED"", ""shippingCost"": {""value"": ""0.80"", ""currency"": ""USD""}, ""minEstimatedDeliveryDate"": ""2026-09-15T07:00:00.000Z"", ""maxEstimatedDeliveryDate"": ""2026-09-21T07:00:00.000Z""}]",,,PENDING_INDEPENDENT_HUMAN_REVIEW,DEVELOPMENT,,,,,,,,,,,,,,
D2-0095,152906c9-3b9f-4f16-bb22-cb4241c7386b,20ddd5ca-77ef-4e3c-a018-ea4c7a44913a,Giovanni's Charisma,Scarlet and Violet 151,204,special_illustration_rare,v1|128067870628|0,Giovanni's Charisma 197/165 Sv: Scarlet & Violet 151 Holo,,Ungraded,4000,[],"[""AUCTION""]",franknbeans12,https://i.ebayimg.com/images/g/55sAAeSwXVhqn1Gh/s-l225.jpg,https://www.ebay.com/itm/128067870628?_skw=Giovanni%27s+Charisma+204+Scarlet+and+Violet+151+Pokemon+card&hash=item1dd1709fa4:g:55sAAeSwXVhqn1Gh,{},"[{""shippingCostType"": ""CALCULATED""}]",,,PENDING_INDEPENDENT_HUMAN_REVIEW,DEVELOPMENT,,,,,,,,,,,,,,
D2-0096,152906c9-3b9f-4f16-bb22-cb4241c7386b,20ddd5ca-77ef-4e3c-a018-ea4c7a44913a,Giovanni's Charisma,Scarlet and Violet 151,204,special_illustration_rare,v1|137565616610|0,Giovanni's Charisma 197/165 Scarlet & Violet 151 Holo Ultra Rare NM,,Ungraded,4000,[],"[""FIXED_PRICE""]",pokenomics9,https://i.ebayimg.com/images/g/WvQAAeSwlDZqaq73/s-l225.jpg,https://www.ebay.com/itm/137565616610?_skw=Giovanni%27s+Charisma+204+Scarlet+and+Violet+151+Pokemon+card&hash=item20078cb9e2:g:WvQAAeSwlDZqaq73,"{""value"": ""5.34"", ""currency"": ""USD""}","[{""shippingCostType"": ""FIXED"", ""shippingCost"": {""value"": ""0.00"", ""currency"": ""USD""}, ""minEstimatedDeliveryDate"": ""2026-09-15T07:00:00.000Z"", ""maxEstimatedDeliveryDate"": ""2026-09-21T07:00:00.000Z""}]",,,PENDING_INDEPENDENT_HUMAN_REVIEW,DEVELOPMENT,,,,,,,,,,,,,,
D2-0097,152906c9-3b9f-4f16-bb22-cb4241c7386b,20ddd5ca-77ef-4e3c-a018-ea4c7a44913a,Giovanni's Charisma,Scarlet and Violet 151,204,special_illustration_rare,v1|156241664107|458401936684,Pokemon 151 Cards! Holo/Reverse Holo Ex Illustration Ultra Double Rare Card!,,Ungraded,4000,[],"[""FIXED_PRICE""]",overstackedcards,https://i.ebayimg.com/images/g/UzUAAOSwxHdoM6FP/s-l225.jpg,https://www.ebay.com/itm/156241664107?_skw=Giovanni%27s+Charisma+204+Scarlet+and+Violet+151+Pokemon+card&var=458401936684&hash=item2460ba986b:g:UzUAAOSwxHdoM6FP,"{""value"": ""37.99"", ""currency"": ""USD""}","[{""shippingCostType"": ""FIXED"", ""shippingCost"": {""value"": ""0.00"", ""currency"": ""USD""}, ""minEstimatedDeliveryDate"": ""2026-09-15T07:00:00.000Z"", ""maxEstimatedDeliveryDate"": ""2026-09-18T07:00:00.000Z""}]",,,PENDING_INDEPENDENT_HUMAN_REVIEW,DEVELOPMENT,,,,,,,,,,,,,,
D2-0098,152906c9-3b9f-4f16-bb22-cb4241c7386b,20ddd5ca-77ef-4e3c-a018-ea4c7a44913a,Giovanni's Charisma,Scarlet and Violet 151,204,special_illustration_rare,v1|227481484694|0,Giovanni's Charisma161/165PokemonSV: Scarlet & Violet 151MEWNMUncommonEN,,Ungraded,4000,[],"[""FIXED_PRICE""]",vjcardvaulttcg,https://i.ebayimg.com/images/g/YRMAAeSw7RNqhLN2/s-l225.jpg,https://www.ebay.com/itm/227481484694?_skw=Giovanni%27s+Charisma+204+Scarlet+and+Violet+151+Pokemon+card&hash=item34f6f3fd96:g:YRMAAeSw7RNqhLN2,"{""value"": ""1.30"", ""currency"": ""USD""}","[{""shippingCostType"": ""FIXED"", ""shippingCost"": {""value"": ""0.00"", ""currency"": ""USD""}, ""minEstimatedDeliveryDate"": ""2026-09-15T07:00:00.000Z"", ""maxEstimatedDeliveryDate"": ""2026-09-21T07:00:00.000Z""}]",,,PENDING_INDEPENDENT_HUMAN_REVIEW,DEVELOPMENT,,,,,,,,,,,,,,
D2-0100,152906c9-3b9f-4f16-bb22-cb4241c7386b,20ddd5ca-77ef-4e3c-a018-ea4c7a44913a,Giovanni's Charisma,Scarlet and Violet 151,204,special_illustration_rare,v1|147516338748|0,Giovanni's Charisma Special Illustration Rare-Scarlet and Violet: 151-204-PSA 8,,Graded,2750,[],"[""FIXED_PRICE""]",zepphed,https://i.ebayimg.com/images/g/tqsAAeSwNoNqhkah/s-l225.jpg,https://www.ebay.com/itm/147516338748?_skw=Giovanni%27s+Charisma+204+Scarlet+and+Violet+151+Pokemon+card&hash=item2258a8b23c:g:tqsAAeSwNoNqhkah,"{""value"": ""19.00"", ""currency"": ""USD""}","[{""shippingCostType"": ""FIXED"", ""shippingCost"": {""value"": ""6.40"", ""currency"": ""USD""}, ""minEstimatedDeliveryDate"": ""2026-09-16T07:00:00.000Z"", ""maxEstimatedDeliveryDate"": ""2026-09-22T07:00:00.000Z""}]",,,PENDING_INDEPENDENT_HUMAN_REVIEW,DEVELOPMENT,,,,,,,,,,,,,,
D2-0102,152906c9-3b9f-4f16-bb22-cb4241c7386b,20ddd5ca-77ef-4e3c-a018-ea4c7a44913a,Giovanni's Charisma,Scarlet and Violet 151,204,special_illustration_rare,v1|137696480320|0,Giovanni's Charisma | Holofoil | SV: Scarlet & Violet 151 #204/165,,Ungraded,4000,[],"[""FIXED_PRICE"", ""BEST_OFFER""]",limitbreakloot,https://i.ebayimg.com/images/g/VNYAAeSw2o5qmifF/s-l225.jpg,https://www.ebay.com/itm/137696480320?_skw=Giovanni%27s+Charisma+204+Scarlet+and+Violet+151+Pokemon+card&hash=item200f598c40:g:VNYAAeSw2o5qmifF,"{""value"": ""23.99"", ""currency"": ""USD""}","[{""shippingCostType"": ""FIXED"", ""shippingCost"": {""value"": ""0.00"", ""currency"": ""USD""}, ""minEstimatedDeliveryDate"": ""2026-09-14T07:00:00.000Z"", ""maxEstimatedDeliveryDate"": ""2026-09-17T07:00:00.000Z""}]",,,PENDING_INDEPENDENT_HUMAN_REVIEW,DEVELOPMENT,,,,,,,,,,,,,,
D2-0106,15faf94c-4a3b-4f09-a867-f2ded1174419,98ab7334-59cd-47fa-b778-f6526e5e1276,Veluza,Paradox Rift,192,illustration_rare,v1|117377531710|0,Veluza 192/182 IR Paradox Rift Pokemon Holo NM,,Ungraded,4000,[],"[""FIXED_PRICE""]",tinyspace40cards,https://i.ebayimg.com/images/g/7ogAAeSww-Fqi2sx/s-l225.jpg,https://www.ebay.com/itm/117377531710?_skw=Veluza+192+Paradox+Rift+Pokemon+card&hash=item1b543eff3e:g:7ogAAeSww-Fqi2sx,"{""value"": ""12.66"", ""currency"": ""USD""}","[{""shippingCostType"": ""FIXED"", ""shippingCost"": {""value"": ""1.25"", ""currency"": ""USD""}, ""minEstimatedDeliveryDate"": ""2026-09-14T07:00:00.000Z"", ""maxEstimatedDeliveryDate"": ""2026-09-17T07:00:00.000Z""}]",,,PENDING_INDEPENDENT_HUMAN_REVIEW,DEVELOPMENT,,,,,,,,,,,,,,
D2-0107,15faf94c-4a3b-4f09-a867-f2ded1174419,98ab7334-59cd-47fa-b778-f6526e5e1276,Veluza,Paradox Rift,192,illustration_rare,v1|127743488976|0,Pokémon TCG Veluza Card 192/182 Paradox Rift Illustration,,Ungraded,4000,[],"[""FIXED_PRICE"", ""BEST_OFFER""]",daniehirstei-0,https://i.ebayimg.com/images/g/4BMAAeSwlYJpteAO/s-l225.jpg,https://www.ebay.com/itm/127743488976?_skw=Veluza+192+Paradox+Rift+Pokemon+card&hash=item1dbe1af3d0:g:4BMAAeSwlYJpteAO,"{""value"": ""5.99"", ""currency"": ""USD""}","[{""shippingCostType"": ""CALCULATED""}]",,,PENDING_INDEPENDENT_HUMAN_REVIEW,DEVELOPMENT,,,,,,,,,,,,,,
D2-0109,15faf94c-4a3b-4f09-a867-f2ded1174419,98ab7334-59cd-47fa-b778-f6526e5e1276,Veluza,Paradox Rift,192,illustration_rare,v1|206458478096|0,Veluza [PAR - 192/182]NM,,Ungraded,4000,[],"[""FIXED_PRICE"", ""BEST_OFFER""]",notoriousfig-tc,https://i.ebayimg.com/images/g/zlMAAeSwbLhqiOum/s-l225.jpg,https://www.ebay.com/itm/206458478096?_skw=Veluza+192+Paradox+Rift+Pokemon+card&hash=item3011e25e10:g:zlMAAeSwbLhqiOum&amdata=enc%3AAQALAAABAACCtXRWQnOEpyOqnQQ8KGYk0CDCbR%2FJTSuDmyU0uGpwMJ43jruERIAXbCdexXkAcGBTqEZ5EmPTNKy1SA4vTdPkAZOSg%2Bjb3DSfzFoOZWRCf7IGROJCJKbA7IUy17rMm7Jo%2BoMGLY4VcfHkPN3pvcoSerZ86JnCPdJvZ1xmBnwtSRu8pdG%2F0VYyZgXrTnI7gpxG4MiTjL9Fri9%2B8juwQLO3SyhswdLARfVIEJ6FAxeWq965IS%2BdgwC2A2IBbam2eBs6u842XETxfsZJy6lLNfShm7idUz%2FyYoYu%2FmUhF3ONmeC1eN4Ia0vxcbOXEyr4a0eEef4goE%2B%2FsfRfVClRyok%3D,"{""value"": ""15.68"", ""currency"": ""USD""}","[{""shippingCostType"": ""FIXED"", ""shippingCost"": {""value"": ""0.00"", ""currency"": ""USD""}, ""minEstimatedDeliveryDate"": ""2026-09-15T07:00:00.000Z"", ""maxEstimatedDeliveryDate"": ""2026-09-21T07:00:00.000Z""}]",,,PENDING_INDEPENDENT_HUMAN_REVIEW,DEVELOPMENT,,,,,,,,,,,,,,
D2-0110,15faf94c-4a3b-4f09-a867-f2ded1174419,98ab7334-59cd-47fa-b778-f6526e5e1276,Veluza,Paradox Rift,192,illustration_rare,v1|127458371647|0,CGC Gem Mint 10 Veluza 292/182 Pokémon Paradox Rift PAR EN,,Graded,2750,[],"[""FIXED_PRICE"", ""BEST_OFFER""]",fortytwo-tcg,https://i.ebayimg.com/images/g/a6sAAeSw~XFpAYLx/s-l225.jpg,https://www.ebay.com/itm/127458371647?_skw=Veluza+192+Paradox+Rift+Pokemon+card&hash=item1dad1c683f:g:a6sAAeSw~XFpAYLx&amdata=enc%3AAQALAAABAACCtXRWQnOEpyOqnQQ8KGY6puKPX4XfmgBccyLgcZDCsOuHPAVDXbouYOPihO4Lf%2B%2BttT%2F6QfMPbm5GjVdJE6oEe6q2Ah4UY0sW%2BGX0gAYHKjT5nZTBVwrfDp4uuiS7w3BV2Tf8C4jn0m1rRCiIL3EDxBiO4dkeuUB8%2BRBODLsAIEDv%2BgCjVh%2B%2BkXeVgKU7A5blQ4fpIqem%2FoIWEu4AOPtBXDgXuEKCZLRib0tl6%2BGU0oB6SDkhYrDdzRI8WGz6r9lG0Yu8IvJPfZX4aN9K3%2B%2BUAPlR1qFZji%2B8umTFGOuWZh5s2h79FPzIzEeP2i2HZnKdCDYz%2BWBUnZW7dJJVpL8%3D,"{""value"": ""99.99"", ""currency"": ""USD""}","[{""shippingCostType"": ""FIXED"", ""shippingCost"": {""value"": ""0.00"", ""currency"": ""USD""}, ""minEstimatedDeliveryDate"": ""2026-09-15T07:00:00.000Z"", ""maxEstimatedDeliveryDate"": ""2026-09-21T07:00:00.000Z""}]",,,PENDING_INDEPENDENT_HUMAN_REVIEW,DEVELOPMENT,,,,,,,,,,,,,,
D2-0113,15faf94c-4a3b-4f09-a867-f2ded1174419,98ab7334-59cd-47fa-b778-f6526e5e1276,Veluza,Paradox Rift,192,illustration_rare,v1|117388269084|0,Pokemon TCG Veluza 192/182 SV04 Paradox Rift Holo PSA 9,,Graded,2750,[],"[""FIXED_PRICE""]",poofyo101jumpmansneakers,https://i.ebayimg.com/images/g/brIAAeSwicVqlZeV/s-l225.jpg,https://www.ebay.com/itm/117388269084?_skw=Veluza+192+Paradox+Rift+Pokemon+card&hash=item1b54e2d61c:g:brIAAeSwicVqlZeV,"{""value"": ""29.99"", ""currency"": ""USD""}","[{""shippingCostType"": ""FIXED"", ""shippingCost"": {""value"": ""0.00"", ""currency"": ""USD""}, ""minEstimatedDeliveryDate"": ""2026-09-15T07:00:00.000Z"", ""maxEstimatedDeliveryDate"": ""2026-09-21T07:00:00.000Z""}]",,,PENDING_INDEPENDENT_HUMAN_REVIEW,DEVELOPMENT,,,,,,,,,,,,,,
D2-0114,15faf94c-4a3b-4f09-a867-f2ded1174419,98ab7334-59cd-47fa-b778-f6526e5e1276,Veluza,Paradox Rift,192,illustration_rare,v1|335883680450|0,Veluza 192/182 (Illustration Rare) Paradox Rift Lightly Played Pokemon TCG,,Ungraded,4000,[],"[""FIXED_PRICE""]",rz_rips,https://i.ebayimg.com/images/g/lvMAAeSwpBZn5dlC/s-l225.jpg,https://www.ebay.com/itm/335883680450?_skw=Veluza+192+Paradox+Rift+Pokemon+card&hash=item4e343a3ac2:g:lvMAAeSwpBZn5dlC,"{""value"": ""11.99"", ""currency"": ""USD""}","[{""shippingCostType"": ""CALCULATED""}]",,,PENDING_INDEPENDENT_HUMAN_REVIEW,DEVELOPMENT,,,,,,,,,,,,,,
D2-0117,15faf94c-4a3b-4f09-a867-f2ded1174419,98ab7334-59cd-47fa-b778-f6526e5e1276,Veluza,Paradox Rift,192,illustration_rare,v1|128030285314|0,Pokémon TCG Veluza Card 192/182 Paradox Rift Illustration,,Ungraded,4000,[],"[""FIXED_PRICE"", ""BEST_OFFER""]",bergstromtcg,https://i.ebayimg.com/images/g/L78AAeSwbspqgl2G/s-l225.jpg,https://www.ebay.com/itm/128030285314?_skw=Veluza+192+Paradox+Rift+Pokemon+card&hash=item1dcf331e02:g:L78AAeSwbspqgl2G,"{""value"": ""10.00"", ""currency"": ""USD""}","[{""shippingCostType"": ""CALCULATED""}]",,,PENDING_INDEPENDENT_HUMAN_REVIEW,DEVELOPMENT,,,,,,,,,,,,,,
D2-0122,209f02db-d953-4dde-bbd6-0822671fe1d1,eb38e2d2-2e6a-41e2-939d-335c8a5e50d1,Oshawott,White Flare,105,illustration_rare,v1|137687379053|0,Oshawott 105/086 Holo SV: White Flare LP Pokémon TCG,,Ungraded,4000,[],"[""FIXED_PRICE""]",thetradingpostcc,https://i.ebayimg.com/images/g/QXsAAeSwau1qlyeq/s-l225.jpg,https://www.ebay.com/itm/137687379053?_skw=Oshawott+105+White+Flare+Pokemon+card&hash=item200eceac6d:g:QXsAAeSwau1qlyeq,"{""value"": ""101.29"", ""currency"": ""USD""}","[{""shippingCostType"": ""FIXED"", ""shippingCost"": {""value"": ""6.00"", ""currency"": ""USD""}, ""minEstimatedDeliveryDate"": ""2026-09-16T07:00:00.000Z"", ""maxEstimatedDeliveryDate"": ""2026-09-23T07:00:00.000Z""}]",,,PENDING_INDEPENDENT_HUMAN_REVIEW,DEVELOPMENT,,,,,,,,,,,,,,
D2-0123,209f02db-d953-4dde-bbd6-0822671fe1d1,eb38e2d2-2e6a-41e2-939d-335c8a5e50d1,Oshawott,White Flare,105,illustration_rare,v1|137687418860|0,Oshawott 105/086 Illustration Rare White Flare Pokemon Holo Near Mint,,Ungraded,4000,[],"[""FIXED_PRICE""]",blackout-tcg,https://i.ebayimg.com/images/g/XNYAAeSwRjVqlyrh/s-l225.jpg,https://www.ebay.com/itm/137687418860?_skw=Oshawott+105+White+Flare+Pokemon+card&hash=item200ecf47ec:g:XNYAAeSwRjVqlyrh,"{""value"": ""90.69"", ""currency"": ""USD""}","[{""shippingCostType"": ""CALCULATED""}]",,,PENDING_INDEPENDENT_HUMAN_REVIEW,DEVELOPMENT,,,,,,,,,,,,,,
D2-0124,209f02db-d953-4dde-bbd6-0822671fe1d1,eb38e2d2-2e6a-41e2-939d-335c8a5e50d1,Oshawott,White Flare,105,illustration_rare,v1|157217521409|458745866820,White Flare Pokemon Cards! Holo/Reverse Holo Rare Illustration Full Art SIR Card,,Ungraded,4000,[],"[""FIXED_PRICE""]",overstackedcards,https://i.ebayimg.com/images/g/hmMAAeSwDdJoon0n/s-l225.jpg,https://www.ebay.com/itm/157217521409?_skw=Oshawott+105+White+Flare+Pokemon+card&var=458745866820&hash=item249ae4ff01:g:hmMAAeSwDdJoon0n,"{""value"": ""161.49"", ""currency"": ""USD""}","[{""shippingCostType"": ""FIXED"", ""shippingCost"": {""value"": ""0.00"", ""currency"": ""USD""}, ""minEstimatedDeliveryDate"": ""2026-09-15T07:00:00.000Z"", ""maxEstimatedDeliveryDate"": ""2026-09-18T07:00:00.000Z""}]",,,PENDING_INDEPENDENT_HUMAN_REVIEW,DEVELOPMENT,,,,,,,,,,,,,,
D2-0128,209f02db-d953-4dde-bbd6-0822671fe1d1,eb38e2d2-2e6a-41e2-939d-335c8a5e50d1,Oshawott,White Flare,105,illustration_rare,v1|157414069421|0,Oshawott 105/086 Pokemon Sv: White Flare Pokémon Extended Art Case,,Ungraded,4000,[],"[""FIXED_PRICE""]",outback_originals,https://i.ebayimg.com/images/g/9-cAAeSwrQppKx9h/s-l225.jpg,https://www.ebay.com/itm/157414069421?_skw=Oshawott+105+White+Flare+Pokemon+card&hash=item24a69c14ad:g:9-cAAeSwrQppKx9h,"{""value"": ""12.00"", ""currency"": ""USD""}","[{""shippingCostType"": ""FIXED"", ""shippingCost"": {""value"": ""5.00"", ""currency"": ""USD""}, ""minEstimatedDeliveryDate"": ""2026-09-15T07:00:00.000Z"", ""maxEstimatedDeliveryDate"": ""2026-09-18T07:00:00.000Z""}]",,,PENDING_INDEPENDENT_HUMAN_REVIEW,DEVELOPMENT,,,,,,,,,,,,,,
D2-0130,209f02db-d953-4dde-bbd6-0822671fe1d1,eb38e2d2-2e6a-41e2-939d-335c8a5e50d1,Oshawott,White Flare,105,illustration_rare,v1|147536632353|0,Oshawott 105/086 Illustration Rare Full Art Holo - White Flare (English),,Ungraded,4000,[],"[""FIXED_PRICE"", ""BEST_OFFER""]",humdream,https://i.ebayimg.com/images/g/R-AAAeSwj8Nqk5C0/s-l225.jpg,https://www.ebay.com/itm/147536632353?_skw=Oshawott+105+White+Flare+Pokemon+card&hash=item2259de5a21:g:R-AAAeSwj8Nqk5C0,"{""value"": ""89.00"", ""currency"": ""USD""}",[],,,PENDING_INDEPENDENT_HUMAN_REVIEW,DEVELOPMENT,,,,,,,,,,,,,,
D2-0131,209f02db-d953-4dde-bbd6-0822671fe1d1,eb38e2d2-2e6a-41e2-939d-335c8a5e50d1,Oshawott,White Flare,105,illustration_rare,v1|147564675994|0,Oshawott 105/086 Illustration Rare White Flare Pokemon Holo Near Mint,,Ungraded,4000,[],"[""FIXED_PRICE""]",wonthetrade,https://i.ebayimg.com/images/g/sLwAAeSwzelqovqI/s-l225.jpg,https://www.ebay.com/itm/147564675994?_skw=Oshawott+105+White+Flare+Pokemon+card&hash=item225b8a439a:g:sLwAAeSwzelqovqI,"{""value"": ""110.00"", ""currency"": ""USD""}","[{""shippingCostType"": ""FIXED"", ""shippingCost"": {""value"": ""6.00"", ""currency"": ""USD""}, ""minEstimatedDeliveryDate"": ""2026-09-15T07:00:00.000Z"", ""maxEstimatedDeliveryDate"": ""2026-09-21T07:00:00.000Z""}]",,,PENDING_INDEPENDENT_HUMAN_REVIEW,DEVELOPMENT,,,,,,,,,,,,,,
D2-0132,209f02db-d953-4dde-bbd6-0822671fe1d1,eb38e2d2-2e6a-41e2-939d-335c8a5e50d1,Oshawott,White Flare,105,illustration_rare,v1|147565870533|0,White Flare #105/086 Oshawott Holo Illustration Rare 70 HP EN 2025,,Ungraded,4000,[],"[""FIXED_PRICE"", ""BEST_OFFER""]",jamotcg,https://i.ebayimg.com/images/g/prIAAeSwwDVqo8~9/s-l225.jpg,https://www.ebay.com/itm/147565870533?_skw=Oshawott+105+White+Flare+Pokemon+card&hash=item225b9c7dc5:g:prIAAeSwwDVqo8~9&amdata=enc%3AAQALAAABAACCtXRWQnOEpyOqnQQ8KGZSHlp%2BBgT6Y5j4cltUCNqAg1jiizAvzNluPiQndG8Pbq7S89s%2BVqpt0TdosqEZzEUFo32ollKQstLMyhsueAQOtpKUct4sdyvbqLul%2BCFrc6ymAedAvM2PjIS%2BLDn8prnew0WkdJqBBCPpL0rDhZUqmzaRZpGLtQPKkrj7BVIccEay%2BsUVhVPfl%2Fl3AkUMSipiUl%2B8ckIEvAloqfX8q%2B%2Bwd%2FoVQ9lBJ45mkIxbvHfkIGJaHJ2lLanZ97qw4tvaYuZlckqCy4VECX84iji5AKAT7RsZPDFUGW%2FpMez9aXq29UqIzROKhPvldrrBJxNA8ao%3D,"{""value"": ""95.00"", ""currency"": ""USD""}","[{""shippingCostType"": ""CALCULATED""}]",,,PENDING_INDEPENDENT_HUMAN_REVIEW,DEVELOPMENT,,,,,,,,,,,,,,
D2-0138,21e9ddc5-2751-4886-9e08-a1c6e2cc14e4,53abbd65-a601-4185-b08c-3721e963fa3d,Kyurem ex,Black Bolt,165,special_illustration_rare,v1|128062607734|0,Pokemon card Kyurem ex 165/086 Sv: Black Bolt Holo,,Ungraded,4000,[],"[""FIXED_PRICE""]",nel-collector,https://i.ebayimg.com/images/g/ywoAAeSwjhxqm2Fe/s-l225.jpg,https://www.ebay.com/itm/128062607734?_skw=Kyurem+ex+165+Black+Bolt+Pokemon+card&hash=item1dd1205176:g:ywoAAeSwjhxqm2Fe,"{""value"": ""74.95"", ""currency"": ""USD""}","[{""shippingCostType"": ""CALCULATED""}]",,,PENDING_INDEPENDENT_HUMAN_REVIEW,DEVELOPMENT,,,,,,,,,,,,,,
D2-0139,21e9ddc5-2751-4886-9e08-a1c6e2cc14e4,53abbd65-a601-4185-b08c-3721e963fa3d,Kyurem ex,Black Bolt,165,special_illustration_rare,v1|336753799143|0,Pokemon TCG Kyurem EX Full Art Holo Ultra Rare 230 HP 165/086 Plasma Storm 2013,,Ungraded,4000,[],"[""FIXED_PRICE"", ""BEST_OFFER""]",omsan-62,https://i.ebayimg.com/images/g/qvYAAeSwFLNqh-TJ/s-l225.jpg,https://www.ebay.com/itm/336753799143?_skw=Kyurem+ex+165+Black+Bolt+Pokemon+card&hash=item4e68172fe7:g:qvYAAeSwFLNqh-TJ,"{""value"": ""82.00"", ""currency"": ""USD""}","[{""shippingCostType"": ""CALCULATED""}]",,,PENDING_INDEPENDENT_HUMAN_REVIEW,DEVELOPMENT,,,,,,,,,,,,,,
D2-0140,21e9ddc5-2751-4886-9e08-a1c6e2cc14e4,53abbd65-a601-4185-b08c-3721e963fa3d,Kyurem ex,Black Bolt,165,special_illustration_rare,v1|147326063439|0,Kyurem 165/086 Special Illustration Rare Full Art Black Bolt Pokemon TCG Holo,,Ungraded,4000,[],"[""FIXED_PRICE""]",ezcollect26,https://i.ebayimg.com/images/g/eEYAAeSwgsVqDsRG/s-l225.jpg,https://www.ebay.com/itm/147326063439?_skw=Kyurem+ex+165+Black+Bolt+Pokemon+card&hash=item224d51534f:g:eEYAAeSwgsVqDsRG,"{""value"": ""80.00"", ""currency"": ""USD""}","[{""shippingCostType"": ""FIXED"", ""shippingCost"": {""value"": ""6.99"", ""currency"": ""USD""}, ""minEstimatedDeliveryDate"": ""2026-09-14T07:00:00.000Z"", ""maxEstimatedDeliveryDate"": ""2026-09-16T07:00:00.000Z""}]",,,PENDING_INDEPENDENT_HUMAN_REVIEW,DEVELOPMENT,,,,,,,,,,,,,,
D2-0141,21e9ddc5-2751-4886-9e08-a1c6e2cc14e4,53abbd65-a601-4185-b08c-3721e963fa3d,Kyurem ex,Black Bolt,165,special_illustration_rare,v1|157214137167|458705598692,Black Bolt Pokemon Cards! Holo/Reverse Holo Rare Illustration Full Art SIR Card!,,Ungraded,4000,[],"[""FIXED_PRICE""]",overstackedcards,https://i.ebayimg.com/images/g/2cEAAeSwvwVojZHi/s-l225.jpg,https://www.ebay.com/itm/157214137167?_skw=Kyurem+ex+165+Black+Bolt+Pokemon+card&var=458705598692&hash=item249ab15b4f:g:2cEAAeSwvwVojZHi,"{""value"": ""132.99"", ""currency"": ""USD""}","[{""shippingCostType"": ""FIXED"", ""shippingCost"": {""value"": ""0.00"", ""currency"": ""USD""}, ""minEstimatedDeliveryDate"": ""2026-09-15T07:00:00.000Z"", ""maxEstimatedDeliveryDate"": ""2026-09-18T07:00:00.000Z""}]",,,PENDING_INDEPENDENT_HUMAN_REVIEW,DEVELOPMENT,,,,,,,,,,,,,,
D2-0144,21e9ddc5-2751-4886-9e08-a1c6e2cc14e4,53abbd65-a601-4185-b08c-3721e963fa3d,Kyurem ex,Black Bolt,165,special_illustration_rare,v1|117405041756|0,2025 POKEMON BLK EN-BLACK BOLT SPECIAL ILLUSTRATION RARE #165 KYUREM EX PSA 9,,Graded,2750,[],"[""FIXED_PRICE"", ""BEST_OFFER""]",digitallyvee,https://i.ebayimg.com/images/g/dYQAAeSwoiJqofca/s-l225.jpg,https://www.ebay.com/itm/117405041756?_skw=Kyurem+ex+165+Black+Bolt+Pokemon+card&hash=item1b55e2c45c:g:dYQAAeSwoiJqofca,"{""value"": ""79.95"", ""currency"": ""USD""}","[{""shippingCostType"": ""CALCULATED""}]",,,PENDING_INDEPENDENT_HUMAN_REVIEW,DEVELOPMENT,,,,,,,,,,,,,,
D2-0146,21e9ddc5-2751-4886-9e08-a1c6e2cc14e4,53abbd65-a601-4185-b08c-3721e963fa3d,Kyurem ex,Black Bolt,165,special_illustration_rare,v1|128038730617|0,The Pokémon Company 2025 Kyurem ex 165/086 Sv: Black Bolt SIR Holo PSA 10 EN,,Graded,2750,[],"[""FIXED_PRICE""]",nocalnick,https://i.ebayimg.com/images/g/7nMAAeSwuxVqiP8t/s-l225.jpg,https://www.ebay.com/itm/128038730617?_skw=Kyurem+ex+165+Black+Bolt+Pokemon+card&hash=item1dcfb3fb79:g:7nMAAeSwuxVqiP8t,"{""value"": ""199.97"", ""currency"": ""USD""}","[{""shippingCostType"": ""CALCULATED""}]",,,PENDING_INDEPENDENT_HUMAN_REVIEW,DEVELOPMENT,,,,,,,,,,,,,,
D2-0148,21e9ddc5-2751-4886-9e08-a1c6e2cc14e4,53abbd65-a601-4185-b08c-3721e963fa3d,Kyurem ex,Black Bolt,165,special_illustration_rare,v1|137240712433|0,Pokémon Kyurem EX 165/086 Sv: Black Bolt Holo Special Illustration Rare 230 HP,,Ungraded,4000,[],"[""FIXED_PRICE"", ""BEST_OFFER""]",aleden-1938,https://i.ebayimg.com/images/g/7aoAAeSwaERp5VWi/s-l225.jpg,https://www.ebay.com/itm/137240712433?_skw=Kyurem+ex+165+Black+Bolt+Pokemon+card&hash=item1ff42f14f1:g:7aoAAeSwaERp5VWi,"{""value"": ""80.00"", ""currency"": ""USD""}","[{""shippingCostType"": ""CALCULATED""}]",,,PENDING_INDEPENDENT_HUMAN_REVIEW,DEVELOPMENT,,,,,,,,,,,,,,
D2-0151,23d6bd35-bbf0-49b2-911e-4949e66ff8bb,9326d67b-4017-4430-ac3c-bae6eb088be7,Pachirisu,Paldean Fates,138,shiny_rare,v1|128053173194|0,Pachirisu 138/091 SV: Paldean Fates Shiny Rare Holo English 70 HP Basic,,Ungraded,4000,[],"[""FIXED_PRICE"", ""BEST_OFFER""]",alpres_76,https://i.ebayimg.com/images/g/LzgAAeSw3EVqlQq-/s-l225.jpg,https://www.ebay.com/itm/128053173194?_skw=Pachirisu+138+Paldean+Fates+Pokemon+card&hash=item1dd0905bca:g:LzgAAeSw3EVqlQq-,"{""value"": ""10.13"", ""currency"": ""USD""}","[{""shippingCostType"": ""CALCULATED""}]",,,PENDING_INDEPENDENT_HUMAN_REVIEW,DEVELOPMENT,,,,,,,,,,,,,,
D2-0152,23d6bd35-bbf0-49b2-911e-4949e66ff8bb,9326d67b-4017-4430-ac3c-bae6eb088be7,Pachirisu,Paldean Fates,138,shiny_rare,v1|147434677442|0,Pachirisu 138/091 SV: Paldean Fates Holo,,Ungraded,4000,[],"[""FIXED_PRICE"", ""BEST_OFFER""]",pikadreww,https://i.ebayimg.com/images/g/5SwAAeSwPpdqVXj3/s-l225.jpg,https://www.ebay.com/itm/147434677442?_skw=Pachirisu+138+Paldean+Fates+Pokemon+card&hash=item2253caa4c2:g:5SwAAeSwPpdqVXj3,"{""value"": ""10.00"", ""currency"": ""USD""}","[{""shippingCostType"": ""CALCULATED""}]",,,PENDING_INDEPENDENT_HUMAN_REVIEW,DEVELOPMENT,,,,,,,,,,,,,,
D2-0154,23d6bd35-bbf0-49b2-911e-4949e66ff8bb,9326d67b-4017-4430-ac3c-bae6eb088be7,Pachirisu,Paldean Fates,138,shiny_rare,v1|206514827799|0,Pachirisu 138/091 Holo NM,,Ungraded,4000,[],"[""FIXED_PRICE""]",cardforge-tcg,https://i.ebayimg.com/images/g/MBwAAeSwpPFqoIDv/s-l225.jpg,https://www.ebay.com/itm/206514827799?_skw=Pachirisu+138+Paldean+Fates+Pokemon+card&hash=item30153e3217:g:MBwAAeSwpPFqoIDv&amdata=enc%3AAQALAAABEACCtXRWQnOEpyOqnQQ8KGZpJlxPH9oq%2F3hSbZ%2B8E%2BmUY%2FcdEYoD9M%2FGZfo5VVhmmH4ZJO982gP0rdX2CcsGFJUmiWz73GYitvflPV4kTze8WI2y%2FqWIw9AapmVuemXGz9WuBOsTMctOQ%2FAzP584WDyOQobjN0US1X4RrZoW5YSc%2FYKOYNyXGW0ZV9TIVIxRicdSAsI5E6UCmJ0AvI7XRndSDF4vsXhzQQw7PR%2B%2BwGMTgUuwQtiWMMrc2JTRaUBl96KgfE%2BwrFnO0gzTOWtpm488yEnDEb2LFQW%2BAdeXkhIZJfsVerz9VDSjQnH4Nam7gzpnlzUgkRzhCMViD2S4DMuKrDB%2BccRJHaZ8ETSj1QiC,"{""value"": ""16.88"", ""currency"": ""USD"", ""convertedFromValue"": ""12.49"", ""convertedFromCurrency"": ""GBP""}",[],,,PENDING_INDEPENDENT_HUMAN_REVIEW,DEVELOPMENT,,,,,,,,,,,,,,
D2-0155,23d6bd35-bbf0-49b2-911e-4949e66ff8bb,9326d67b-4017-4430-ac3c-bae6eb088be7,Pachirisu,Paldean Fates,138,shiny_rare,v1|800529131781|0,Pachirisu Holofoil [PAF - 138/091],,Ungraded,4000,[],"[""FIXED_PRICE""]",knucklezcardco,https://i.ebayimg.com/images/g/lyEAAeSwSUlqhGTs/s-l225.jpg,https://www.ebay.com/itm/800529131781?_skw=Pachirisu+138+Paldean+Fates+Pokemon+card&hash=itemba63412905:g:lyEAAeSwSUlqhGTs,"{""value"": ""12.39"", ""currency"": ""USD""}","[{""shippingCostType"": ""FIXED"", ""shippingCost"": {""value"": ""0.00"", ""currency"": ""USD""}, ""minEstimatedDeliveryDate"": ""2026-09-15T07:00:00.000Z"", ""maxEstimatedDeliveryDate"": ""2026-09-19T07:00:00.000Z""}]",,,PENDING_INDEPENDENT_HUMAN_REVIEW,DEVELOPMENT,,,,,,,,,,,,,,
D2-0158,23d6bd35-bbf0-49b2-911e-4949e66ff8bb,9326d67b-4017-4430-ac3c-bae6eb088be7,Pachirisu,Paldean Fates,138,shiny_rare,v1|306424277790|606387734951,Pokemon SV Paldean Fates Shiny Choose Your Card! Ultra Rare ex Near Mint NM,,Ungraded,4000,[],"[""FIXED_PRICE""]",diazpokemon,https://i.ebayimg.com/images/g/ZV0AAeSwybxo8z8K/s-l225.jpg,https://www.ebay.com/itm/306424277790?_skw=Pachirisu+138+Paldean+Fates+Pokemon+card&hash=item47584f6b1e:g:ZV0AAeSwybxo8z8K,"{""value"": ""15.00"", ""currency"": ""USD""}","[{""shippingCostType"": ""FIXED"", ""shippingCost"": {""value"": ""0.00"", ""currency"": ""USD""}, ""minEstimatedDeliveryDate"": ""2026-09-16T07:00:00.000Z"", ""maxEstimatedDeliveryDate"": ""2026-09-23T07:00:00.000Z""}]",,,PENDING_INDEPENDENT_HUMAN_REVIEW,DEVELOPMENT,,,,,,,,,,,,,,
D2-0159,23d6bd35-bbf0-49b2-911e-4949e66ff8bb,9326d67b-4017-4430-ac3c-bae6eb088be7,Pachirisu,Paldean Fates,138,shiny_rare,v1|227500260100|0,Pachirisu 138 Pokemon Paf En-Paldean Fates PSA 9,,Graded,2750,[],"[""FIXED_PRICE"", ""BEST_OFFER""]",w2cllc,https://i.ebayimg.com/images/g/7vUAAeSwgW9qlmtR/s-l225.jpg,https://www.ebay.com/itm/227500260100?_skw=Pachirisu+138+Paldean+Fates+Pokemon+card&hash=item34f8127b04:g:7vUAAeSwgW9qlmtR,"{""value"": ""149.99"", ""currency"": ""USD""}","[{""shippingCostType"": ""CALCULATED""}]",,,PENDING_INDEPENDENT_HUMAN_REVIEW,DEVELOPMENT,,,,,,,,,,,,,,
D2-0161,23d6bd35-bbf0-49b2-911e-4949e66ff8bb,9326d67b-4017-4430-ac3c-bae6eb088be7,Pachirisu,Paldean Fates,138,shiny_rare,v1|168469135463|0,Pachirisu Shiny Holo Rare SV 138/091 Paldean Fates Pokémon TCG NM,,Ungraded,4000,[],"[""FIXED_PRICE""]",panic_at_the_hobby_shop,https://i.ebayimg.com/images/g/pzIAAeSwag5qM09s/s-l225.jpg,https://www.ebay.com/itm/168469135463?_skw=Pachirisu+138+Paldean+Fates+Pokemon+card&hash=item27398b0067:g:pzIAAeSwag5qM09s,"{""value"": ""15.67"", ""currency"": ""USD""}","[{""shippingCostType"": ""FIXED"", ""shippingCost"": {""value"": ""0.00"", ""currency"": ""USD""}, ""minEstimatedDeliveryDate"": ""2026-09-15T07:00:00.000Z"", ""maxEstimatedDeliveryDate"": ""2026-09-21T07:00:00.000Z""}]",,,PENDING_INDEPENDENT_HUMAN_REVIEW,DEVELOPMENT,,,,,,,,,,,,,,
D2-0169,24f40ecd-605f-4d62-b748-afed33706583,bd1bb49f-f0e6-4441-a2cd-648e3ccf4a4c,Emboar,White Flare,98,illustration_rare,v1|117292686431|0,Emboar 013/086 Holo Rare White Flare Pokemon Reverse Holo,,Ungraded,4000,[],"[""FIXED_PRICE""]",sendittcg,https://i.ebayimg.com/images/g/lrkAAeSwC9tqTyMA/s-l225.jpg,https://www.ebay.com/itm/117292686431?_skw=Emboar+98+White+Flare+Pokemon+card&hash=item1b4f305c5f:g:lrkAAeSwC9tqTyMA,"{""value"": ""1.45"", ""currency"": ""USD""}","[{""shippingCostType"": ""FIXED"", ""shippingCost"": {""value"": ""0.00"", ""currency"": ""USD""}, ""minEstimatedDeliveryDate"": ""2026-09-16T07:00:00.000Z"", ""maxEstimatedDeliveryDate"": ""2026-09-23T07:00:00.000Z""}]",,,PENDING_INDEPENDENT_HUMAN_REVIEW,DEVELOPMENT,,,,,,,,,,,,,,
D2-0170,24f40ecd-605f-4d62-b748-afed33706583,bd1bb49f-f0e6-4441-a2cd-648e3ccf4a4c,Emboar,White Flare,98,illustration_rare,v1|157217521409|458709422471,White Flare Pokemon Cards! Holo/Reverse Holo Rare Illustration Full Art SIR Card,,Ungraded,4000,[],"[""FIXED_PRICE""]",overstackedcards,https://i.ebayimg.com/images/g/fhQAAeSwoGlojcnh/s-l225.jpg,https://www.ebay.com/itm/157217521409?_skw=Emboar+98+White+Flare+Pokemon+card&var=458709422471&hash=item249ae4ff01:g:fhQAAeSwoGlojcnh,"{""value"": ""1.23"", ""currency"": ""USD""}","[{""shippingCostType"": ""FIXED"", ""shippingCost"": {""value"": ""0.00"", ""currency"": ""USD""}, ""minEstimatedDeliveryDate"": ""2026-09-15T07:00:00.000Z"", ""maxEstimatedDeliveryDate"": ""2026-09-18T07:00:00.000Z""}]",,,PENDING_INDEPENDENT_HUMAN_REVIEW,DEVELOPMENT,,,,,,,,,,,,,,
D2-0171,24f40ecd-605f-4d62-b748-afed33706583,bd1bb49f-f0e6-4441-a2cd-648e3ccf4a4c,Emboar,White Flare,98,illustration_rare,v1|158257216277|459388628496,Pokemon White Flare Reverse Holo Pick Your Card SV11 TCG,,Ungraded,4000,[],"[""FIXED_PRICE""]",mac_tcgandsports,https://i.ebayimg.com/images/g/mAcAAeSw5bdqmtOT/s-l225.jpg,https://www.ebay.com/itm/158257216277?_skw=Emboar+98+White+Flare+Pokemon+card&var=459388628496&hash=item24d8dd7b15:g:mAcAAeSw5bdqmtOT,"{""value"": ""1.49"", ""currency"": ""USD""}","[{""shippingCostType"": ""FIXED"", ""shippingCost"": {""value"": ""0.00"", ""currency"": ""USD""}, ""minEstimatedDeliveryDate"": ""2026-09-15T07:00:00.000Z"", ""maxEstimatedDeliveryDate"": ""2026-09-21T07:00:00.000Z""}]",,,PENDING_INDEPENDENT_HUMAN_REVIEW,DEVELOPMENT,,,,,,,,,,,,,,
D2-0172,24f40ecd-605f-4d62-b748-afed33706583,bd1bb49f-f0e6-4441-a2cd-648e3ccf4a4c,Emboar,White Flare,98,illustration_rare,v1|205688006094|506439103831,"Pokemon White Flare - Pick your card - Holo, Reverse Holo, Common, Uncommon",,Ungraded,4000,[],"[""FIXED_PRICE""]",yh-tcg,https://i.ebayimg.com/images/g/UOQAAeSwPDtoqkcG/s-l225.jpg,https://www.ebay.com/itm/205688006094?_skw=Emboar+98+White+Flare+Pokemon+card&var=506439103831&hash=item2fe3f5e5ce:g:UOQAAeSwPDtoqkcG,"{""value"": ""1.50"", ""currency"": ""USD""}","[{""shippingCostType"": ""FIXED"", ""shippingCost"": {""value"": ""0.00"", ""currency"": ""USD""}, ""minEstimatedDeliveryDate"": ""2026-09-14T07:00:00.000Z"", ""maxEstimatedDeliveryDate"": ""2026-09-17T07:00:00.000Z""}]",,,PENDING_INDEPENDENT_HUMAN_REVIEW,DEVELOPMENT,,,,,,,,,,,,,,
D2-0173,24f40ecd-605f-4d62-b748-afed33706583,bd1bb49f-f0e6-4441-a2cd-648e3ccf4a4c,Emboar,White Flare,98,illustration_rare,v1|127924855200|0,Pokemon Emboar White Flare Illustration Rare 98/86 PSA 10,,Graded,2750,[],"[""FIXED_PRICE"", ""BEST_OFFER""]",almu6843,https://i.ebayimg.com/images/g/yuwAAeSwf9FqMN48/s-l225.jpg,https://www.ebay.com/itm/127924855200?_skw=Emboar+98+White+Flare+Pokemon+card&hash=item1dc8ea61a0:g:yuwAAeSwf9FqMN48,"{""value"": ""600.00"", ""currency"": ""USD""}","[{""shippingCostType"": ""FIXED"", ""shippingCost"": {""value"": ""8.99"", ""currency"": ""USD""}, ""minEstimatedDeliveryDate"": ""2026-09-16T07:00:00.000Z"", ""maxEstimatedDeliveryDate"": ""2026-09-22T07:00:00.000Z""}]",,,PENDING_INDEPENDENT_HUMAN_REVIEW,DEVELOPMENT,,,,,,,,,,,,,,
D2-0174,24f40ecd-605f-4d62-b748-afed33706583,bd1bb49f-f0e6-4441-a2cd-648e3ccf4a4c,Emboar,White Flare,98,illustration_rare,v1|398024525891|0,Pokemon TCG White Flare Emboar 98/086 Illustration Rare Japanese,,Ungraded,4000,[],"[""FIXED_PRICE"", ""BEST_OFFER""]",fonzcollectibles,https://i.ebayimg.com/images/g/nPsAAeSwmxdqINvw/s-l225.jpg,https://www.ebay.com/itm/398024525891?_skw=Emboar+98+White+Flare+Pokemon+card&hash=item5cac1c4843:g:nPsAAeSwmxdqINvw&amdata=enc%3AAQALAAABAACCtXRWQnOEpyOqnQQ8KGa6tQn8QOzRsF5lUZvVJmtuKQnhrFyHReaIEOwezTLL%2F8SzydKNtDogfXyPcpL%2BUGPSH2XiCs4TWqR1gOn2WLMiGv6hD5ODdWXAjYZ0nXjERLQA5W4sbPikFsvFaFRQckLJh45vpkpjhvkmF43Q927UToDXFB%2B%2FtVgxUZ6%2FoP%2FelbZLOhZDjmS63UXVwvXLGzExFy01%2FiOsFr%2BSgUp3MBUGRzOO2Q3yKTxGNLQW0vaZekYxWVGAndEMqb3oGXG3%2BWjSyXjgoUpjt4WeSwRHJAsZxWd7o9J1%2BU271SqeD8r4JuzUtDKmBocaNPTNnt7OMlM%3D,"{""value"": ""30.00"", ""currency"": ""USD""}","[{""shippingCostType"": ""CALCULATED""}]",,,PENDING_INDEPENDENT_HUMAN_REVIEW,DEVELOPMENT,,,,,,,,,,,,,,
D2-0178,24f40ecd-605f-4d62-b748-afed33706583,bd1bb49f-f0e6-4441-a2cd-648e3ccf4a4c,Emboar,White Flare,98,illustration_rare,v1|117389157304|0,POKEMON WHITE FLARE EMBOAR 013/086 RARE HOLO NM,,Ungraded,4000,[],"[""FIXED_PRICE""]",farmershawncollectables,https://i.ebayimg.com/images/g/GewAAeSwzbZqljU-/s-l225.jpg,https://www.ebay.com/itm/117389157304?_skw=Emboar+98+White+Flare+Pokemon+card&hash=item1b54f063b8:g:GewAAeSwzbZqljU-,"{""value"": ""1.85"", ""currency"": ""USD""}","[{""shippingCostType"": ""FIXED"", ""shippingCost"": {""value"": ""0.00"", ""currency"": ""USD""}, ""minEstimatedDeliveryDate"": ""2026-09-15T07:00:00.000Z"", ""maxEstimatedDeliveryDate"": ""2026-09-21T07:00:00.000Z""}]",,,PENDING_INDEPENDENT_HUMAN_REVIEW,DEVELOPMENT,,,,,,,,,,,,,,
D2-0183,25638dbd-2434-4a4f-ba0d-dcf3e3e114ca,b3f17a3e-c2cb-447e-8873-c5970a4372c9,Clemont's Quick Wit,Surging Sparks,243,special_illustration_rare,v1|127889258060|0,Clemont's Quick Wit 243/191 Pokemon TCG Surging Sparks SIR NM,,Ungraded,4000,[],"[""FIXED_PRICE"", ""BEST_OFFER""]",dad_deanpokedudes,https://i.ebayimg.com/images/g/wGMAAeSwuMVqF6eM/s-l225.jpg,https://www.ebay.com/itm/127889258060?_skw=Clemont%27s+Quick+Wit+243+Surging+Sparks+Pokemon+card&hash=item1dc6cb364c:g:wGMAAeSwuMVqF6eM,"{""value"": ""14.99"", ""currency"": ""USD""}","[{""shippingCostType"": ""CALCULATED""}]",,,PENDING_INDEPENDENT_HUMAN_REVIEW,DEVELOPMENT,,,,,,,,,,,,,,
D2-0184,25638dbd-2434-4a4f-ba0d-dcf3e3e114ca,b3f17a3e-c2cb-447e-8873-c5970a4372c9,Clemont's Quick Wit,Surging Sparks,243,special_illustration_rare,v1|267724546895|0,Clemont's Quick Wit SIR - SSP 243/191 EN NM Holofoil Pokemon,,Ungraded,4000,[],"[""FIXED_PRICE""]",godpackgaming,https://i.ebayimg.com/images/g/gVIAAeSwnzJqoCeV/s-l225.jpg,https://www.ebay.com/itm/267724546895?_skw=Clemont%27s+Quick+Wit+243+Surging+Sparks+Pokemon+card&hash=item3e55a0634f:g:gVIAAeSwnzJqoCeV,"{""value"": ""10.49"", ""currency"": ""USD""}","[{""shippingCostType"": ""FIXED"", ""shippingCost"": {""value"": ""0.00"", ""currency"": ""USD""}, ""minEstimatedDeliveryDate"": ""2026-09-15T07:00:00.000Z"", ""maxEstimatedDeliveryDate"": ""2026-09-21T07:00:00.000Z""}]",,,PENDING_INDEPENDENT_HUMAN_REVIEW,DEVELOPMENT,,,,,,,,,,,,,,
D2-0185,25638dbd-2434-4a4f-ba0d-dcf3e3e114ca,b3f17a3e-c2cb-447e-8873-c5970a4372c9,Clemont's Quick Wit,Surging Sparks,243,special_illustration_rare,v1|318609188747|0,The Pokémon Company Pokémon TCG Clemont's Quick Wit Full Art Holo SIR 243/191 EN,,Ungraded,4000,[],"[""FIXED_PRICE"", ""BEST_OFFER""]",var_33578,https://i.ebayimg.com/images/g/Yp4AAeSwYttqXfFV/s-l225.jpg,https://www.ebay.com/itm/318609188747?_skw=Clemont%27s+Quick+Wit+243+Surging+Sparks+Pokemon+card&hash=item4a2e96678b:g:Yp4AAeSwYttqXfFV&amdata=enc%3AAQALAAABEACCtXRWQnOEpyOqnQQ8KGab9VmWxLVxQYWCUhsFjiuuX0tZHMQ4xuRdv0%2F7gOO2qTnlpaUZroE1YAEuZErBvpYDGD0nrARIfIIdWu7f1fnU7J5ECBl9PxLSDQsW5XHpd5njVDf7TjklefCiMjn3VhJxsoOeVg6WqTQ3ZLidvTjrs8vSz6x8o5q5c60Ou4lMyicguMth0sz3qkSPOyx9sgvSGyXu7BHrNeKwwCthB5Fy7awpfWYLGwEkestJwSlaUR28ZPAiaGIQsI3pHIvttlAhX%2FzfcfSfY7GFGs95oOzZm0YzDPudtRbYK%2Fg5YhWmiC%2BtBH26CfVKoD9gmuBI6Kso1O1BuxiV4r4PithHrEPY,"{""value"": ""12.00"", ""currency"": ""USD""}","[{""shippingCostType"": ""CALCULATED""}]",,,PENDING_INDEPENDENT_HUMAN_REVIEW,DEVELOPMENT,,,,,,,,,,,,,,
D2-0190,25638dbd-2434-4a4f-ba0d-dcf3e3e114ca,b3f17a3e-c2cb-447e-8873-c5970a4372c9,Clemont's Quick Wit,Surging Sparks,243,special_illustration_rare,v1|127913424834|0,Clemont's Quick Wit - 243/191 Holo - SV08: Surging Sparks (SSP),,Ungraded,4000,[],"[""FIXED_PRICE"", ""BEST_OFFER""]",ellieemporium,https://i.ebayimg.com/images/g/JtcAAeSwkh1qKMjI/s-l225.jpg,https://www.ebay.com/itm/127913424834?_skw=Clemont%27s+Quick+Wit+243+Surging+Sparks+Pokemon+card&hash=item1dc83bf7c2:g:JtcAAeSwkh1qKMjI&amdata=enc%3AAQALAAABEACCtXRWQnOEpyOqnQQ8KGa9tyRAYHmZK9ft1lPfZs9t8tA9yoY%2FdExtVCIK4HPsu%2FWB7YYzN%2BSphfy59wawNeKMTYSBH3s3u8MrHmxpdpZZUbNGGywHTBttLG6%2BVUpEaPBT3Mep2kIe7vm%2FKwfaDhbaA6%2FOX1zyKSllhJyVxppIClLavUJ0HPtv18bxuQpIl81MQqWwSWpKGuuA%2FBVEkE1qZ9buOiBj6HSQI1NJS0Kct%2BdgmnLYuHgPEOlQbDN3Y%2FKHoIaev8JqQQq71EesJk4dNdjGM%2FrV25PwS1Gekw60aIKiUEG0Ks47h5t23Z6aVOK%2F40yz%2FEwbayZG5fd5D5N4qkWERR0s4NPApJPOwglO,"{""value"": ""8.54"", ""currency"": ""USD""}","[{""shippingCostType"": ""CALCULATED""}]",,,PENDING_INDEPENDENT_HUMAN_REVIEW,DEVELOPMENT,,,,,,,,,,,,,,
D2-0191,25638dbd-2434-4a4f-ba0d-dcf3e3e114ca,b3f17a3e-c2cb-447e-8873-c5970a4372c9,Clemont's Quick Wit,Surging Sparks,243,special_illustration_rare,v1|127929493967|0,Clemont's Quick Wit 243/191 Special Illustration Rare Surging Sparks Pokemon NM,,Ungraded,4000,[],"[""FIXED_PRICE""]",bigdeckenergies,https://i.ebayimg.com/images/g/bJ0AAeSwPmNqC1cd/s-l225.jpg,https://www.ebay.com/itm/127929493967?_skw=Clemont%27s+Quick+Wit+243+Surging+Sparks+Pokemon+card&hash=item1dc93129cf:g:bJ0AAeSwPmNqC1cd,"{""value"": ""9.74"", ""currency"": ""USD""}","[{""shippingCostType"": ""FIXED"", ""shippingCost"": {""value"": ""0.00"", ""currency"": ""USD""}, ""minEstimatedDeliveryDate"": ""2026-09-15T07:00:00.000Z"", ""maxEstimatedDeliveryDate"": ""2026-09-21T07:00:00.000Z""}]",,,PENDING_INDEPENDENT_HUMAN_REVIEW,DEVELOPMENT,,,,,,,,,,,,,,
D2-0193,25638dbd-2434-4a4f-ba0d-dcf3e3e114ca,b3f17a3e-c2cb-447e-8873-c5970a4372c9,Clemont's Quick Wit,Surging Sparks,243,special_illustration_rare,v1|137503163059|0,Clemont's Quick Wit #243 Pokemon Surging Sparks,,Ungraded,4000,[],"[""FIXED_PRICE"", ""BEST_OFFER""]",velaenterprises-resellers,https://i.ebayimg.com/images/g/VXsAAeSw0XBqUaJA/s-l225.jpg,https://www.ebay.com/itm/137503163059?_skw=Clemont%27s+Quick+Wit+243+Surging+Sparks+Pokemon+card&hash=item2003d3c2b3:g:VXsAAeSw0XBqUaJA,"{""value"": ""9.99"", ""currency"": ""USD""}","[{""shippingCostType"": ""FIXED"", ""shippingCost"": {""value"": ""1.00"", ""currency"": ""USD""}, ""minEstimatedDeliveryDate"": ""2026-09-15T07:00:00.000Z"", ""maxEstimatedDeliveryDate"": ""2026-09-21T07:00:00.000Z""}]",,,PENDING_INDEPENDENT_HUMAN_REVIEW,DEVELOPMENT,,,,,,,,,,,,,,
D2-0195,25638dbd-2434-4a4f-ba0d-dcf3e3e114ca,b3f17a3e-c2cb-447e-8873-c5970a4372c9,Clemont's Quick Wit,Surging Sparks,243,special_illustration_rare,v1|147543657001|0,SV08: Surging Sparks #243/191 Clemont's Quick Wit,,Ungraded,4000,[],"[""FIXED_PRICE""]",thecardsourceshop,https://i.ebayimg.com/images/g/REgAAeSwjhxql5lA/s-l225.jpg,https://www.ebay.com/itm/147543657001?_skw=Clemont%27s+Quick+Wit+243+Surging+Sparks+Pokemon+card&hash=item225a498a29:g:REgAAeSwjhxql5lA,"{""value"": ""8.99"", ""currency"": ""USD""}","[{""shippingCostType"": ""CALCULATED""}]",,,PENDING_INDEPENDENT_HUMAN_REVIEW,DEVELOPMENT,,,,,,,,,,,,,,
D2-0196,2a67a99c-dbba-4c41-846c-39ed4659c916,dfda2049-d87b-4be0-ad51-dcc005688d93,Grubbin,Temporal Forces,18,common,v1|128073950194|0,Grubbin 18/162 Temporal Forces Common Near Mint Pokemon,,Ungraded,4000,[],"[""FIXED_PRICE"", ""BEST_OFFER""]",zappypulls,https://i.ebayimg.com/images/g/AwEAAeSwPLRqo~2D/s-l225.jpg,https://www.ebay.com/itm/128073950194?_skw=Grubbin+18+Temporal+Forces+Pokemon+card&hash=item1dd1cd63f2:g:AwEAAeSwPLRqo~2D,"{""value"": ""1.79"", ""currency"": ""USD""}","[{""shippingCostType"": ""FIXED"", ""shippingCost"": {""value"": ""0.00"", ""currency"": ""USD""}, ""minEstimatedDeliveryDate"": ""2026-09-16T07:00:00.000Z"", ""maxEstimatedDeliveryDate"": ""2026-09-22T07:00:00.000Z""}]",,,PENDING_INDEPENDENT_HUMAN_REVIEW,DEVELOPMENT,,,,,,,,,,,,,,
D2-0198,2a67a99c-dbba-4c41-846c-39ed4659c916,dfda2049-d87b-4be0-ad51-dcc005688d93,Grubbin,Temporal Forces,18,common,v1|188858377680|0,Grubbin Reverse Holo 18/162 Temporal Forces Pokemon Card NM Art Kagemaru Himeno,,Ungraded,4000,[],"[""FIXED_PRICE""]",wexfordpawn,https://i.ebayimg.com/images/g/wk0AAeSwcJ1qkxjN/s-l225.jpg,https://www.ebay.com/itm/188858377680?_skw=Grubbin+18+Temporal+Forces+Pokemon+card&hash=item2bf8d625d0:g:wk0AAeSwcJ1qkxjN,"{""value"": ""1.89"", ""currency"": ""USD""}","[{""shippingCostType"": ""FIXED"", ""shippingCost"": {""value"": ""0.00"", ""currency"": ""USD""}, ""minEstimatedDeliveryDate"": ""2026-09-15T07:00:00.000Z"", ""maxEstimatedDeliveryDate"": ""2026-09-18T07:00:00.000Z""}]",,,PENDING_INDEPENDENT_HUMAN_REVIEW,DEVELOPMENT,,,,,,,,,,,,,,
D2-0199,2a67a99c-dbba-4c41-846c-39ed4659c916,dfda2049-d87b-4be0-ad51-dcc005688d93,Grubbin,Temporal Forces,18,common,v1|117071817418|0,Grubbin | #18 | TEF | Pokemon | Regular | LP,,Ungraded,4000,[],"[""FIXED_PRICE""]",trusted_trading_cards,https://i.ebayimg.com/images/g/JY0AAeSw6JVqa00o/s-l225.jpg,https://www.ebay.com/itm/117071817418?_skw=Grubbin+18+Temporal+Forces+Pokemon+card&hash=item1b42062aca:g:JY0AAeSw6JVqa00o,"{""value"": ""1.88"", ""currency"": ""USD"", ""convertedFromValue"": ""1.39"", ""convertedFromCurrency"": ""GBP""}",[],,,PENDING_INDEPENDENT_HUMAN_REVIEW,DEVELOPMENT,,,,,,,,,,,,,,
D2-0200,2a67a99c-dbba-4c41-846c-39ed4659c916,dfda2049-d87b-4be0-ad51-dcc005688d93,Grubbin,Temporal Forces,18,common,v1|127813827101|0,Pokémon TCG Reverse Holo Grubbin 18/162,,Ungraded,4000,[],"[""FIXED_PRICE""]",garyvee123,https://i.ebayimg.com/images/g/NcoAAeSw-Bhp4SFP/s-l225.jpg,https://www.ebay.com/itm/127813827101?_skw=Grubbin+18+Temporal+Forces+Pokemon+card&hash=item1dc24c3a1d:g:NcoAAeSw-Bhp4SFP,"{""value"": ""1.39"", ""currency"": ""USD""}","[{""shippingCostType"": ""FIXED"", ""shippingCost"": {""value"": ""0.00"", ""currency"": ""USD""}, ""minEstimatedDeliveryDate"": ""2026-09-18T07:00:00.000Z"", ""maxEstimatedDeliveryDate"": ""2026-09-22T07:00:00.000Z""}]",,,PENDING_INDEPENDENT_HUMAN_REVIEW,DEVELOPMENT,,,,,,,,,,,,,,
D2-0201,2a67a99c-dbba-4c41-846c-39ed4659c916,dfda2049-d87b-4be0-ad51-dcc005688d93,Grubbin,Temporal Forces,18,common,v1|257441708476|0,Pokemon TCG * SV Temporal Force * 18/162 Grubbin REVERSE HOLO Common  ,,Ungraded,4000,[],"[""FIXED_PRICE"", ""BEST_OFFER""]",isellstuff19,https://i.ebayimg.com/images/g/Eq0AAeSwvqRp0Fk~/s-l225.jpg,https://www.ebay.com/itm/257441708476?_skw=Grubbin+18+Temporal+Forces+Pokemon+card&hash=item3bf0b8b9bc:g:Eq0AAeSwvqRp0Fk~,"{""value"": ""2.65"", ""currency"": ""USD"", ""convertedFromValue"": ""1.96"", ""convertedFromCurrency"": ""GBP""}",[],,,PENDING_INDEPENDENT_HUMAN_REVIEW,DEVELOPMENT,,,,,,,,,,,,,,
D2-0202,2a67a99c-dbba-4c41-846c-39ed4659c916,dfda2049-d87b-4be0-ad51-dcc005688d93,Grubbin,Temporal Forces,18,common,v1|128048865519|0,Grubbin Temporal Forces 018/162 Common PokéMon — English Near Mint,,Ungraded,4000,[],"[""FIXED_PRICE""]",qscollectibles98,https://i.ebayimg.com/images/g/8voAAeSwy-ZqkWBc/s-l225.jpg,https://www.ebay.com/itm/128048865519?_skw=Grubbin+18+Temporal+Forces+Pokemon+card&hash=item1dd04ea0ef:g:8voAAeSwy-ZqkWBc,"{""value"": ""1.99"", ""currency"": ""USD""}","[{""shippingCostType"": ""FIXED"", ""shippingCost"": {""value"": ""0.00"", ""currency"": ""USD""}, ""minEstimatedDeliveryDate"": ""2026-09-16T07:00:00.000Z"", ""maxEstimatedDeliveryDate"": ""2026-09-23T07:00:00.000Z""}]",,,PENDING_INDEPENDENT_HUMAN_REVIEW,DEVELOPMENT,,,,,,,,,,,,,,
D2-0208,2a67a99c-dbba-4c41-846c-39ed4659c916,dfda2049-d87b-4be0-ad51-dcc005688d93,Grubbin,Temporal Forces,18,common,v1|226085546612|525206044984,Grubbin 18/162 Common | Temporal Forces | Pokemon Card,,Ungraded,4000,[],"[""FIXED_PRICE""]",brickheadscollectables,https://i.ebayimg.com/images/g/CvAAAOSwvTtmFm3I/s-l225.jpg,https://www.ebay.com/itm/226085546612?_skw=Grubbin+18+Temporal+Forces+Pokemon+card&hash=item34a3bfaa74:g:CvAAAOSwvTtmFm3I&amdata=enc%3AAQALAAABAACCtXRWQnOEpyOqnQQ8KGaioaBCaVydD9yE%2BcjOrtJKqiYbzoSEVmdBegM8oVKK7VNCcdgI5ubbS2J9iV%2FEPntO9E8gCPoriaV4%2Bx7TRXhZG0DDi%2Fod13FD0Zc58uj1NFMEnIzV5Skg%2F4hhjaDVgsdaHsTOCkWTpD9tQ5q23GM3eC0SMQf9Ljr0TmOTHYMo1G73IEFgod5uD1zXi3BiQ9cNbD2GhPz8qlqR712PhPGHyy2HSDQTZVBtKQJsoe9ejpK7QHlJeCMCD4fz6wCvz8MUJCxCNAcA9pLDNoPA4aedHFpf2MlYOgniIwHIQNA4K5YmA4585HBv71mEIfJSXqY%3D,"{""value"": ""1.43"", ""currency"": ""USD"", ""convertedFromValue"": ""2.00"", ""convertedFromCurrency"": ""AUD""}","[{""shippingCostType"": ""FIXED"", ""shippingCost"": {""value"": ""12.88"", ""currency"": ""USD"", ""convertedFromValue"": ""18.00"", ""convertedFromCurrency"": ""AUD""}, ""minEstimatedDeliveryDate"": ""2026-09-21T07:00:00.000Z"", ""maxEstimatedDeliveryDate"": ""2026-09-25T07:00:00.000Z""}]",,,PENDING_INDEPENDENT_HUMAN_REVIEW,DEVELOPMENT,,,,,,,,,,,,,,
D2-0211,2bf67447-75e1-4e97-ac08-c7f3e7f2c88c,ea7d59b7-a934-43b2-a230-9520fb6e6048,Dhelmise,Mega Evolution,18,common,v1|127690736066|0,Dhelmise 18/132  Pokemon ME: Mega Evolution ,,Ungraded,4000,[],"[""FIXED_PRICE""]",racknstack-sportscards,https://i.ebayimg.com/images/g/Kn0AAeSwpZRplRU-/s-l225.jpg,https://www.ebay.com/itm/127690736066?_skw=Dhelmise+18+Mega+Evolution+Pokemon+card&hash=item1dbaf601c2:g:Kn0AAeSwpZRplRU-,"{""value"": ""0.99"", ""currency"": ""USD""}","[{""shippingCostType"": ""FIXED"", ""shippingCost"": {""value"": ""0.95"", ""currency"": ""USD""}, ""minEstimatedDeliveryDate"": ""2026-09-15T07:00:00.000Z"", ""maxEstimatedDeliveryDate"": ""2026-09-18T07:00:00.000Z""}]",,,PENDING_INDEPENDENT_HUMAN_REVIEW,DEVELOPMENT,,,,,,,,,,,,,,
D2-0213,2bf67447-75e1-4e97-ac08-c7f3e7f2c88c,ea7d59b7-a934-43b2-a230-9520fb6e6048,Dhelmise,Mega Evolution,18,common,v1|146883924749|0,Pokemon Dhelmise (18/189) Mega Evolution NM,,Ungraded,4000,[],"[""FIXED_PRICE""]",ninetyfive,https://i.ebayimg.com/images/g/C90AAeSwVplo565U/s-l225.jpg,https://www.ebay.com/itm/146883924749?_skw=Dhelmise+18+Mega+Evolution+Pokemon+card&hash=item2232f6d30d:g:C90AAeSwVplo565U,"{""value"": ""0.99"", ""currency"": ""USD""}","[{""shippingCostType"": ""FIXED"", ""shippingCost"": {""value"": ""0.49"", ""currency"": ""USD""}, ""minEstimatedDeliveryDate"": ""2026-09-16T07:00:00.000Z"", ""maxEstimatedDeliveryDate"": ""2026-09-23T07:00:00.000Z""}]",,,PENDING_INDEPENDENT_HUMAN_REVIEW,DEVELOPMENT,,,,,,,,,,,,,,
D2-0216,2bf67447-75e1-4e97-ac08-c7f3e7f2c88c,ea7d59b7-a934-43b2-a230-9520fb6e6048,Dhelmise,Mega Evolution,18,common,v1|128055266597|0,Dhelmise Mega Evolution 018/132 Common PokéMon — English Near Mint,,Ungraded,4000,[],"[""FIXED_PRICE""]",qscollectibles98,https://i.ebayimg.com/images/g/TV4AAeSwzbZqlqnP/s-l225.jpg,https://www.ebay.com/itm/128055266597?_skw=Dhelmise+18+Mega+Evolution+Pokemon+card&hash=item1dd0b04d25:g:TV4AAeSwzbZqlqnP,"{""value"": ""1.99"", ""currency"": ""USD""}","[{""shippingCostType"": ""FIXED"", ""shippingCost"": {""value"": ""0.00"", ""currency"": ""USD""}, ""minEstimatedDeliveryDate"": ""2026-09-16T07:00:00.000Z"", ""maxEstimatedDeliveryDate"": ""2026-09-23T07:00:00.000Z""}]",,,PENDING_INDEPENDENT_HUMAN_REVIEW,DEVELOPMENT,,,,,,,,,,,,,,
D2-0218,2bf67447-75e1-4e97-ac08-c7f3e7f2c88c,ea7d59b7-a934-43b2-a230-9520fb6e6048,Dhelmise,Mega Evolution,18,common,v1|117379731159|417265201954,Mega Evolution Pokémon Cards! Holo/Reverse Holo EX SIR Illustration Rare Card!,,Ungraded,4000,[],"[""FIXED_PRICE""]",ewoks_adventure,https://i.ebayimg.com/images/g/N50AAeSwOa9qj0O~/s-l225.jpg,https://www.ebay.com/itm/117379731159?_skw=Dhelmise+18+Mega+Evolution+Pokemon+card&hash=item1b54608ed7:g:N50AAeSwOa9qj0O~,"{""value"": ""1.49"", ""currency"": ""USD""}","[{""shippingCostType"": ""FIXED"", ""shippingCost"": {""value"": ""0.00"", ""currency"": ""USD""}, ""minEstimatedDeliveryDate"": ""2026-09-14T07:00:00.000Z"", ""maxEstimatedDeliveryDate"": ""2026-09-17T07:00:00.000Z""}]",,,PENDING_INDEPENDENT_HUMAN_REVIEW,DEVELOPMENT,,,,,,,,,,,,,,
D2-0220,2bf67447-75e1-4e97-ac08-c7f3e7f2c88c,ea7d59b7-a934-43b2-a230-9520fb6e6048,Dhelmise,Mega Evolution,18,common,v1|127811005132|429018459182,Mega Evolution - Pick Your Card - Pokemon TCG,,Ungraded,4000,[],"[""FIXED_PRICE""]",tcgrowze,https://i.ebayimg.com/images/g/HSwAAeSwcIBp3xfk/s-l225.jpg,https://www.ebay.com/itm/127811005132?_skw=Dhelmise+18+Mega+Evolution+Pokemon+card&hash=item1dc2212acc:g:HSwAAeSwcIBp3xfk,"{""value"": ""1.80"", ""currency"": ""USD"", ""convertedFromValue"": ""2.49"", ""convertedFromCurrency"": ""CAD""}",[],,,PENDING_INDEPENDENT_HUMAN_REVIEW,DEVELOPMENT,,,,,,,,,,,,,,
D2-0223,2bf67447-75e1-4e97-ac08-c7f3e7f2c88c,ea7d59b7-a934-43b2-a230-9520fb6e6048,Dhelmise,Mega Evolution,18,common,v1|147087184650|445588585203,Pokemon Cards Mega Evolution,,Ungraded,4000,[],"[""FIXED_PRICE""]",nashpp,https://i.ebayimg.com/images/g/LbYAAeSwWO9pZFbT/s-l225.jpg,https://www.ebay.com/itm/147087184650?_skw=Dhelmise+18+Mega+Evolution+Pokemon+card&hash=item223f14530a:g:LbYAAeSwWO9pZFbT,"{""value"": ""0.99"", ""currency"": ""USD""}","[{""shippingCostType"": ""FIXED"", ""shippingCost"": {""value"": ""0.50"", ""currency"": ""USD""}, ""minEstimatedDeliveryDate"": ""2026-09-30T07:00:00.000Z"", ""maxEstimatedDeliveryDate"": ""2026-10-10T07:00:00.000Z""}]",,,PENDING_INDEPENDENT_HUMAN_REVIEW,DEVELOPMENT,,,,,,,,,,,,,,
D2-0225,2bf67447-75e1-4e97-ac08-c7f3e7f2c88c,ea7d59b7-a934-43b2-a230-9520fb6e6048,Dhelmise,Mega Evolution,18,common,v1|167934819382|467481232706,Mega Evolutions Singles ME1: Commons & Uncommons – Pick Your Card,,Ungraded,4000,[],"[""FIXED_PRICE""]",pokebroshq,https://i.ebayimg.com/images/g/-SQAAeSwS~JpGnGd/s-l225.jpg,https://www.ebay.com/itm/167934819382?_skw=Dhelmise+18+Mega+Evolution+Pokemon+card&hash=item2719b1fc36:g:-SQAAeSwS~JpGnGd,"{""value"": ""0.99"", ""currency"": ""USD""}","[{""shippingCostType"": ""FIXED"", ""shippingCost"": {""value"": ""0.00"", ""currency"": ""USD""}, ""minEstimatedDeliveryDate"": ""2026-09-15T07:00:00.000Z"", ""maxEstimatedDeliveryDate"": ""2026-09-18T07:00:00.000Z""}]",,,PENDING_INDEPENDENT_HUMAN_REVIEW,DEVELOPMENT,,,,,,,,,,,,,,
D2-0227,2c445258-b198-43de-b710-0921ebe3f0ab,4411dcaa-280b-4355-bc49-f27c3f6580f2,Pikachu ex,Ascended Heroes,277,special_illustration_rare,v1|117293774903|0,[NM] Pikachu ex Ascended Heroes 277/217 Special Illustration Rare Holo,,Ungraded,4000,[],"[""FIXED_PRICE""]",tbc_games,https://i.ebayimg.com/images/g/TeMAAeSwMm1qT-EI/s-l225.jpg,https://www.ebay.com/itm/117293774903?_skw=Pikachu+ex+277+Ascended+Heroes+Pokemon+card&hash=item1b4f40f837:g:TeMAAeSwMm1qT-EI,"{""value"": ""325.00"", ""currency"": ""USD""}","[{""shippingCostType"": ""FIXED"", ""shippingCost"": {""value"": ""0.00"", ""currency"": ""USD""}, ""minEstimatedDeliveryDate"": ""2026-09-14T07:00:00.000Z"", ""maxEstimatedDeliveryDate"": ""2026-09-17T07:00:00.000Z""}]",,,PENDING_INDEPENDENT_HUMAN_REVIEW,DEVELOPMENT,,,,,,,,,,,,,,
D2-0228,2c445258-b198-43de-b710-0921ebe3f0ab,4411dcaa-280b-4355-bc49-f27c3f6580f2,Pikachu ex,Ascended Heroes,277,special_illustration_rare,v1|117390591885|0,2026 Pokemon 277/217 Pikachu ex Ascended Heroes,,Ungraded,4000,[],"[""FIXED_PRICE"", ""BEST_OFFER""]",tntcards.mi,https://i.ebayimg.com/images/g/ImYAAeSw1INqlxjV/s-l225.jpg,https://www.ebay.com/itm/117390591885?_skw=Pikachu+ex+277+Ascended+Heroes+Pokemon+card&hash=item1b5506478d:g:ImYAAeSw1INqlxjV,"{""value"": ""375.00"", ""currency"": ""USD""}","[{""shippingCostType"": ""FIXED"", ""shippingCost"": {""value"": ""5.99"", ""currency"": ""USD""}, ""minEstimatedDeliveryDate"": ""2026-09-15T07:00:00.000Z"", ""maxEstimatedDeliveryDate"": ""2026-09-21T07:00:00.000Z""}]",,,PENDING_INDEPENDENT_HUMAN_REVIEW,DEVELOPMENT,,,,,,,,,,,,,,
D2-0230,2c445258-b198-43de-b710-0921ebe3f0ab,4411dcaa-280b-4355-bc49-f27c3f6580f2,Pikachu ex,Ascended Heroes,277,special_illustration_rare,v1|307165068688|0,2026 Mega Evolution Ascended Hereos Pikachu EX SIR #277,,Graded,2750,[],"[""AUCTION""]",mayja612,https://i.ebayimg.com/images/g/RJwAAeSwqlBqnKLp/s-l225.jpg,https://www.ebay.com/itm/307165068688?_skw=Pikachu+ex+277+Ascended+Heroes+Pokemon+card&hash=item478476fd90:g:RJwAAeSwqlBqnKLp,{},"[{""shippingCostType"": ""CALCULATED""}]",,,PENDING_INDEPENDENT_HUMAN_REVIEW,DEVELOPMENT,,,,,,,,,,,,,,
D2-0231,2c445258-b198-43de-b710-0921ebe3f0ab,4411dcaa-280b-4355-bc49-f27c3f6580f2,Pikachu ex,Ascended Heroes,277,special_illustration_rare,v1|358498132869|0,2026 POKEMON ASC EN-ASCENDED HEROES SPECIAL ILLUSTRATION RARE PIKACHU EX TAG 10,,Graded,2750,[],"[""FIXED_PRICE""]",poke_mom_jdbhobby,https://i.ebayimg.com/images/g/5hUAAeSwvPRp8R5E/s-l225.jpg,https://www.ebay.com/itm/358498132869?_skw=Pikachu+ex+277+Ascended+Heroes+Pokemon+card&hash=item5378276385:g:5hUAAeSwvPRp8R5E,"{""value"": ""1900.00"", ""currency"": ""USD""}","[{""shippingCostType"": ""FIXED"", ""shippingCost"": {""value"": ""0.00"", ""currency"": ""USD""}, ""minEstimatedDeliveryDate"": ""2026-09-15T07:00:00.000Z"", ""maxEstimatedDeliveryDate"": ""2026-09-18T07:00:00.000Z""}]",,,PENDING_INDEPENDENT_HUMAN_REVIEW,DEVELOPMENT,,,,,,,,,,,,,,
D2-0235,2c445258-b198-43de-b710-0921ebe3f0ab,4411dcaa-280b-4355-bc49-f27c3f6580f2,Pikachu ex,Ascended Heroes,277,special_illustration_rare,v1|117402825048|0,PIKACHU EX 277/217 SPECIAL ILLUSTRATION RARE ASCENDED HEROES POKEMON HOLO NM/M,,Ungraded,4000,[],"[""FIXED_PRICE"", ""BEST_OFFER""]",wayward_vintage,https://i.ebayimg.com/images/g/IFMAAeSw~bRqoFky/s-l225.jpg,https://www.ebay.com/itm/117402825048?_skw=Pikachu+ex+277+Ascended+Heroes+Pokemon+card&hash=item1b55c0f158:g:IFMAAeSw~bRqoFky,"{""value"": ""399.99"", ""currency"": ""USD""}","[{""shippingCostType"": ""CALCULATED""}]",,,PENDING_INDEPENDENT_HUMAN_REVIEW,DEVELOPMENT,,,,,,,,,,,,,,
D2-0236,2c445258-b198-43de-b710-0921ebe3f0ab,4411dcaa-280b-4355-bc49-f27c3f6580f2,Pikachu ex,Ascended Heroes,277,special_illustration_rare,v1|117406203100|0,2026 POKEMON ASCENDED HEROES PIKACHU EX SIR #277/217 HOLO CGC 10 GM,,Graded,2750,[],"[""FIXED_PRICE""]",psa,https://i.ebayimg.com/images/g/-64AAeSwZERqlaPZ/s-l225.jpg,https://www.ebay.com/itm/117406203100?_skw=Pikachu+ex+277+Ascended+Heroes+Pokemon+card&hash=item1b55f47cdc:g:-64AAeSwZERqlaPZ,"{""value"": ""448.99"", ""currency"": ""USD""}","[{""shippingCostType"": ""FIXED"", ""shippingCost"": {""value"": ""5.99"", ""currency"": ""USD""}}]",,,PENDING_INDEPENDENT_HUMAN_REVIEW,DEVELOPMENT,,,,,,,,,,,,,,
D2-0238,2c445258-b198-43de-b710-0921ebe3f0ab,4411dcaa-280b-4355-bc49-f27c3f6580f2,Pikachu ex,Ascended Heroes,277,special_illustration_rare,v1|137419208811|0,Ascended Heroes Pikachu Combo: Pikachu ex 277/217 and 276/217 Pikachu EX,,Ungraded,4000,[],"[""FIXED_PRICE"", ""BEST_OFFER""]",nic-445762,https://i.ebayimg.com/images/g/wPkAAeSwAbNqMELx/s-l225.jpg,https://www.ebay.com/itm/137419208811?_skw=Pikachu+ex+277+Ascended+Heroes+Pokemon+card&hash=item1ffed2b86b:g:wPkAAeSwAbNqMELx,"{""value"": ""1800.00"", ""currency"": ""USD""}","[{""shippingCostType"": ""FIXED"", ""shippingCost"": {""value"": ""6.95"", ""currency"": ""USD""}, ""minEstimatedDeliveryDate"": ""2026-09-15T07:00:00.000Z"", ""maxEstimatedDeliveryDate"": ""2026-09-21T07:00:00.000Z""}]",,,PENDING_INDEPENDENT_HUMAN_REVIEW,DEVELOPMENT,,,,,,,,,,,,,,
D2-0242,2cef0dfb-a5fd-4aed-b8ae-34a82f414587,3d276bff-a869-4634-840f-d5eb4f33aa1d,Reshiram ex,White Flare,166,special_illustration_rare,v1|128038494485|0,Reshiram Ex #166 Pokemon White Flare,,Ungraded,4000,[],"[""FIXED_PRICE"", ""BEST_OFFER""]",alto-bir,https://i.ebayimg.com/images/g/CzgAAeSwR7pqiL38/s-l225.jpg,https://www.ebay.com/itm/128038494485?_skw=Reshiram+ex+166+White+Flare+Pokemon+card&hash=item1dcfb06115:g:CzgAAeSwR7pqiL38,"{""value"": ""191.95"", ""currency"": ""USD""}","[{""shippingCostType"": ""CALCULATED""}]",,,PENDING_INDEPENDENT_HUMAN_REVIEW,DEVELOPMENT,,,,,,,,,,,,,,
D2-0244,2cef0dfb-a5fd-4aed-b8ae-34a82f414587,3d276bff-a869-4634-840f-d5eb4f33aa1d,Reshiram ex,White Flare,166,special_illustration_rare,v1|117406486707|0,Reshiram EX SIR 166/086 English,,Ungraded,4000,[],"[""FIXED_PRICE"", ""BEST_OFFER""]",mrg_collection,https://i.ebayimg.com/images/g/9EQAAeSw3wNqoyPr/s-l225.jpg,https://www.ebay.com/itm/117406486707?_skw=Reshiram+ex+166+White+Flare+Pokemon+card&hash=item1b55f8d0b3:g:9EQAAeSw3wNqoyPr,"{""value"": ""199.99"", ""currency"": ""USD""}","[{""shippingCostType"": ""CALCULATED""}]",,,PENDING_INDEPENDENT_HUMAN_REVIEW,DEVELOPMENT,,,,,,,,,,,,,,
D2-0246,2cef0dfb-a5fd-4aed-b8ae-34a82f414587,3d276bff-a869-4634-840f-d5eb4f33aa1d,Reshiram ex,White Flare,166,special_illustration_rare,v1|398344928934|0,2025 Pokemon Reshiram EX #166/86 SAR,,Ungraded,4000,[],"[""FIXED_PRICE"", ""BEST_OFFER""]",collectorscorner_nw,https://i.ebayimg.com/images/g/XvIAAeSwGFpqlfo-/s-l225.jpg,https://www.ebay.com/itm/398344928934?_skw=Reshiram+ex+166+White+Flare+Pokemon+card&hash=item5cbf353ea6:g:XvIAAeSwGFpqlfo-,"{""value"": ""315.00"", ""currency"": ""USD""}","[{""shippingCostType"": ""FIXED"", ""shippingCost"": {""value"": ""5.00"", ""currency"": ""USD""}, ""minEstimatedDeliveryDate"": ""2026-09-15T07:00:00.000Z"", ""maxEstimatedDeliveryDate"": ""2026-09-21T07:00:00.000Z""}]",,,PENDING_INDEPENDENT_HUMAN_REVIEW,DEVELOPMENT,,,,,,,,,,,,,,
D2-0249,2cef0dfb-a5fd-4aed-b8ae-34a82f414587,3d276bff-a869-4634-840f-d5eb4f33aa1d,Reshiram ex,White Flare,166,special_illustration_rare,v1|278334195652|0,Reshiram Holo Full Art Sir 166/086 White Flare Pokémon NM,,Ungraded,4000,[],"[""FIXED_PRICE""]",island.gaming,https://i.ebayimg.com/images/g/wl0AAeSwR7pql3O1/s-l225.jpg,https://www.ebay.com/itm/278334195652?_skw=Reshiram+ex+166+White+Flare+Pokemon+card&hash=item40ce02c7c4:g:wl0AAeSwR7pql3O1,"{""value"": ""199.99"", ""currency"": ""USD""}","[{""shippingCostType"": ""FIXED"", ""shippingCost"": {""value"": ""0.00"", ""currency"": ""USD""}, ""minEstimatedDeliveryDate"": ""2026-09-26T07:00:00.000Z"", ""maxEstimatedDeliveryDate"": ""2026-10-16T07:00:00.000Z""}]",,,PENDING_INDEPENDENT_HUMAN_REVIEW,DEVELOPMENT,,,,,,,,,,,,,,
D2-0251,2cef0dfb-a5fd-4aed-b8ae-34a82f414587,3d276bff-a869-4634-840f-d5eb4f33aa1d,Reshiram ex,White Flare,166,special_illustration_rare,v1|127330095928|0,Reshiram ex SAR 166/086 Sv: White Flare Holo Pokemon Card (Korean) NM,,Ungraded,4000,[],"[""FIXED_PRICE""]",okoreamarketo,https://i.ebayimg.com/images/g/wDoAAeSwtI9pdpIt/s-l225.jpg,https://www.ebay.com/itm/127330095928?_skw=Reshiram+ex+166+White+Flare+Pokemon+card&hash=item1da5771338:g:wDoAAeSwtI9pdpIt,"{""value"": ""84.00"", ""currency"": ""USD""}","[{""shippingCostType"": ""FIXED"", ""shippingCost"": {""value"": ""0.00"", ""currency"": ""USD""}}]",,,PENDING_INDEPENDENT_HUMAN_REVIEW,DEVELOPMENT,,,,,,,,,,,,,,
D2-0252,2cef0dfb-a5fd-4aed-b8ae-34a82f414587,3d276bff-a869-4634-840f-d5eb4f33aa1d,Reshiram ex,White Flare,166,special_illustration_rare,v1|157414359240|0,Reshiram EX English SIR 166/086 White Flare Pokemon Extended Art Case,,Ungraded,4000,[],"[""FIXED_PRICE""]",outback_originals,https://i.ebayimg.com/images/g/gY4AAeSwxbxp0TRr/s-l225.jpg,https://www.ebay.com/itm/157414359240?_skw=Reshiram+ex+166+White+Flare+Pokemon+card&hash=item24a6a080c8:g:gY4AAeSwxbxp0TRr,"{""value"": ""12.00"", ""currency"": ""USD""}","[{""shippingCostType"": ""FIXED"", ""shippingCost"": {""value"": ""5.50"", ""currency"": ""USD""}, ""minEstimatedDeliveryDate"": ""2026-09-15T07:00:00.000Z"", ""maxEstimatedDeliveryDate"": ""2026-09-18T07:00:00.000Z""}]",,,PENDING_INDEPENDENT_HUMAN_REVIEW,DEVELOPMENT,,,,,,,,,,,,,,
D2-0254,2cef0dfb-a5fd-4aed-b8ae-34a82f414587,3d276bff-a869-4634-840f-d5eb4f33aa1d,Reshiram ex,White Flare,166,special_illustration_rare,v1|137711085655|0,Pokémon Reshiram ex 166/086 Sv: White Flare Special Illustration Rare EX PSA 9,,Graded,2750,[],"[""FIXED_PRICE""]",thinknerds,https://i.ebayimg.com/images/g/kmwAAeSwoL9qnyuG/s-l225.jpg,https://www.ebay.com/itm/137711085655?_skw=Reshiram+ex+166+White+Flare+Pokemon+card&hash=item2010386857:g:kmwAAeSwoL9qnyuG,"{""value"": ""206.96"", ""currency"": ""USD"", ""convertedFromValue"": ""153.17"", ""convertedFromCurrency"": ""GBP""}",[],,,PENDING_INDEPENDENT_HUMAN_REVIEW,DEVELOPMENT,,,,,,,,,,,,,,
D2-0256,2e5780f8-1769-4d26-9e3e-87e4a27d4dfe,09b7c446-d89f-4a64-b721-bc1293308747,Dachsbun ex,Stellar Crown,169,special_illustration_rare,v1|117392868347|0,Dachsbun ex 2024 Pokemon Stellar Crown #169/142,,Ungraded,4000,[],"[""FIXED_PRICE"", ""BEST_OFFER""]",summersleepin,https://i.ebayimg.com/images/g/MbIAAeSweY5qmN4k/s-l225.jpg,https://www.ebay.com/itm/117392868347?_skw=Dachsbun+ex+169+Stellar+Crown+Pokemon+card&hash=item1b552903fb:g:MbIAAeSweY5qmN4k,"{""value"": ""66.00"", ""currency"": ""USD""}","[{""shippingCostType"": ""CALCULATED""}]",,,PENDING_INDEPENDENT_HUMAN_REVIEW,DEVELOPMENT,,,,,,,,,,,,,,
D2-0259,2e5780f8-1769-4d26-9e3e-87e4a27d4dfe,09b7c446-d89f-4a64-b721-bc1293308747,Dachsbun ex,Stellar Crown,169,special_illustration_rare,v1|147555616929|0,Pokémon Dachsbun EX 169/142,,Ungraded,4000,[],"[""FIXED_PRICE"", ""BEST_OFFER""]",joe4690,https://i.ebayimg.com/images/g/OFgAAeSwXeFqnhCw/s-l225.jpg,https://www.ebay.com/itm/147555616929?_skw=Dachsbun+ex+169+Stellar+Crown+Pokemon+card&hash=item225b0008a1:g:OFgAAeSwXeFqnhCw,"{""value"": ""65.00"", ""currency"": ""USD""}","[{""shippingCostType"": ""CALCULATED""}]",,,PENDING_INDEPENDENT_HUMAN_REVIEW,DEVELOPMENT,,,,,,,,,,,,,,
D2-0261,2e5780f8-1769-4d26-9e3e-87e4a27d4dfe,09b7c446-d89f-4a64-b721-bc1293308747,Dachsbun ex,Stellar Crown,169,special_illustration_rare,v1|227402622591|0,Dachsbun SIR ex - 169/142,,Ungraded,4000,[],"[""FIXED_PRICE"", ""BEST_OFFER""]",hartfordpm,https://i.ebayimg.com/images/g/EgoAAeSw35RqPCsD/s-l225.jpg,https://www.ebay.com/itm/227402622591?_skw=Dachsbun+ex+169+Stellar+Crown+Pokemon+card&hash=item34f240a67f:g:EgoAAeSw35RqPCsD,"{""value"": ""78.00"", ""currency"": ""USD""}","[{""shippingCostType"": ""FIXED"", ""shippingCost"": {""value"": ""6.36"", ""currency"": ""USD""}, ""minEstimatedDeliveryDate"": ""2026-09-16T07:00:00.000Z"", ""maxEstimatedDeliveryDate"": ""2026-09-22T07:00:00.000Z""}]",,,PENDING_INDEPENDENT_HUMAN_REVIEW,DEVELOPMENT,,,,,,,,,,,,,,
D2-0262,2e5780f8-1769-4d26-9e3e-87e4a27d4dfe,09b7c446-d89f-4a64-b721-bc1293308747,Dachsbun ex,Stellar Crown,169,special_illustration_rare,v1|366630787671|0,Dachsbun ex Special Illustration Rare Pokémon SV:07 Stellar Crown ,,Ungraded,4000,[],"[""FIXED_PRICE""]",jmkb_cards,https://i.ebayimg.com/images/g/H0YAAeSwaclqj1n1/s-l225.jpg,https://www.ebay.com/itm/366630787671?_skw=Dachsbun+ex+169+Stellar+Crown+Pokemon+card&hash=item555ce5da57:g:H0YAAeSwaclqj1n1,"{""value"": ""70.00"", ""currency"": ""USD""}","[{""shippingCostType"": ""CALCULATED""}]",,,PENDING_INDEPENDENT_HUMAN_REVIEW,DEVELOPMENT,,,,,,,,,,,,,,
D2-0266,2e5780f8-1769-4d26-9e3e-87e4a27d4dfe,09b7c446-d89f-4a64-b721-bc1293308747,Dachsbun ex,Stellar Crown,169,special_illustration_rare,v1|117407846662|0,2024 Pokemon Scr En-Stellar Crown Dachsbun Ex #169 PSA 10,,Graded,2750,[],"[""FIXED_PRICE""]",thetradingfloor_hq,https://i.ebayimg.com/images/g/9tQAAeSwFXJqpGZA/s-l225.jpg,https://www.ebay.com/itm/117407846662?_skw=Dachsbun+ex+169+Stellar+Crown+Pokemon+card&hash=item1b560d9106:g:9tQAAeSwFXJqpGZA,"{""value"": ""210.00"", ""currency"": ""USD""}","[{""shippingCostType"": ""CALCULATED""}]",,,PENDING_INDEPENDENT_HUMAN_REVIEW,DEVELOPMENT,,,,,,,,,,,,,,
D2-0267,2e5780f8-1769-4d26-9e3e-87e4a27d4dfe,09b7c446-d89f-4a64-b721-bc1293308747,Dachsbun ex,Stellar Crown,169,special_illustration_rare,v1|157414254326|0,Dachsbun EX SIR Stellar Crown 169/142  Pokemon Extended Artwork Case,,Ungraded,4000,[],"[""FIXED_PRICE""]",outback_originals,https://i.ebayimg.com/images/g/5KMAAeSwMA5pJp0E/s-l225.jpg,https://www.ebay.com/itm/157414254326?_skw=Dachsbun+ex+169+Stellar+Crown+Pokemon+card&hash=item24a69ee6f6:g:5KMAAeSwMA5pJp0E,"{""value"": ""12.00"", ""currency"": ""USD""}","[{""shippingCostType"": ""FIXED"", ""shippingCost"": {""value"": ""5.00"", ""currency"": ""USD""}, ""minEstimatedDeliveryDate"": ""2026-09-15T07:00:00.000Z"", ""maxEstimatedDeliveryDate"": ""2026-09-18T07:00:00.000Z""}]",,,PENDING_INDEPENDENT_HUMAN_REVIEW,DEVELOPMENT,,,,,,,,,,,,,,
D2-0269,2e5780f8-1769-4d26-9e3e-87e4a27d4dfe,09b7c446-d89f-4a64-b721-bc1293308747,Dachsbun ex,Stellar Crown,169,special_illustration_rare,v1|147310073437|0,Dachsbun ex 169/142 Special Illustration Rare Pokemon Stellar Crown ENG Mint,,Ungraded,4000,[],"[""FIXED_PRICE""]",lampinlarry,https://i.ebayimg.com/images/g/4FIAAeSwYudqBXH5/s-l225.jpg,https://www.ebay.com/itm/147310073437?_skw=Dachsbun+ex+169+Stellar+Crown+Pokemon+card&hash=item224c5d565d:g:4FIAAeSwYudqBXH5,"{""value"": ""85.00"", ""currency"": ""USD""}","[{""shippingCostType"": ""CALCULATED""}]",,,PENDING_INDEPENDENT_HUMAN_REVIEW,DEVELOPMENT,,,,,,,,,,,,,,
D2-0272,301185dd-2bde-4699-80bd-8b2a3cfd8f7f,af28bc66-9c8b-4dbb-bf83-fa6215bd26f0,Pikachu ex,Ascended Heroes,276,special_illustration_rare,v1|128070001394|0,Pokemon TCG Pikachu ex 276/217 Ascended Heroes SIR TAG 10 [974] English,,Graded,2750,[],"[""FIXED_PRICE"", ""BEST_OFFER""]",viengu41,https://i.ebayimg.com/images/g/08wAAeSwikBqoQSS/s-l225.jpg,https://www.ebay.com/itm/128070001394?_skw=Pikachu+ex+276+Ascended+Heroes+Pokemon+card&hash=item1dd19122f2:g:08wAAeSwikBqoQSS,"{""value"": ""2350.00"", ""currency"": ""USD""}","[{""shippingCostType"": ""FIXED"", ""shippingCost"": {""value"": ""8.40"", ""currency"": ""USD""}, ""minEstimatedDeliveryDate"": ""2026-09-14T07:00:00.000Z"", ""maxEstimatedDeliveryDate"": ""2026-09-16T07:00:00.000Z""}]",,,PENDING_INDEPENDENT_HUMAN_REVIEW,DEVELOPMENT,,,,,,,,,,,,,,
D2-0273,301185dd-2bde-4699-80bd-8b2a3cfd8f7f,af28bc66-9c8b-4dbb-bf83-fa6215bd26f0,Pikachu ex,Ascended Heroes,276,special_illustration_rare,v1|128072569404|0,Pokemon TCG Pikachu EX 276/217 Special Illustration Rare Ascended Heroes RAW,,Ungraded,4000,[],"[""FIXED_PRICE"", ""BEST_OFFER""]",strawberrydimples86,https://i.ebayimg.com/images/g/nq0AAeSwODBqouDj/s-l225.jpg,https://www.ebay.com/itm/128072569404?_skw=Pikachu+ex+276+Ascended+Heroes+Pokemon+card&hash=item1dd1b8523c:g:nq0AAeSwODBqouDj,"{""value"": ""950.00"", ""currency"": ""USD""}","[{""shippingCostType"": ""FIXED"", ""shippingCost"": {""value"": ""0.00"", ""currency"": ""USD""}, ""minEstimatedDeliveryDate"": ""2026-09-14T07:00:00.000Z"", ""maxEstimatedDeliveryDate"": ""2026-09-17T07:00:00.000Z""}]",,,PENDING_INDEPENDENT_HUMAN_REVIEW,DEVELOPMENT,,,,,,,,,,,,,,
D2-0274,301185dd-2bde-4699-80bd-8b2a3cfd8f7f,af28bc66-9c8b-4dbb-bf83-fa6215bd26f0,Pikachu ex,Ascended Heroes,276,special_illustration_rare,v1|287580634016|0,Pokemon Ascended Heroes Pikachu EX Full Art,,Ungraded,4000,[],"[""AUCTION""]",braharr_1557,https://i.ebayimg.com/images/g/no4AAeSwSHBqmEB4/s-l225.jpg,https://www.ebay.com/itm/287580634016?_skw=Pikachu+ex+276+Ascended+Heroes+Pokemon+card&hash=item42f5243ba0:g:no4AAeSwSHBqmEB4,{},"[{""shippingCostType"": ""CALCULATED""}]",,,PENDING_INDEPENDENT_HUMAN_REVIEW,DEVELOPMENT,,,,,,,,,,,,,,
D2-0277,301185dd-2bde-4699-80bd-8b2a3cfd8f7f,af28bc66-9c8b-4dbb-bf83-fa6215bd26f0,Pikachu ex,Ascended Heroes,276,special_illustration_rare,v1|178354844518|0,2026 Pokmon Pikachu EX 276217 SIR Special Illustration Rare Ascended Her G2U,,Ungraded,4000,[],"[""FIXED_PRICE""]",shipcycle,https://i.ebayimg.com/images/g/bKkAAeSw24tp1yYs/s-l225.jpg,https://www.ebay.com/itm/178354844518?_skw=Pikachu+ex+276+Ascended+Heroes+Pokemon+card&hash=item2986c6f366:g:bKkAAeSw24tp1yYs&amdata=enc%3AAQALAAABEACCtXRWQnOEpyOqnQQ8KGb0B6kKbiPuBWYCJGadEysINA5TUufMpgDic2HucGp17TtXTIMbB42j8ARS6RP2DR25iPXvkiwOnTRRP%2FLOeeVXvvRuRkB1fKAvjNtaTusEdc1tNHEI3L%2F9Lh9%2BW9b8%2BY9tk0wJXDAX4GhvGHTSUv4L613ywJvhAIVq5q3T9tNBHvAAZpsYAr%2FQ%2BsUU5L44XO%2BxaahOQach6mE9wlhBJyhbJ%2Ff7YAN1VGDoKw9gqNBvDKNdDLHNvkAbFJv8nH8rdwoc0EBHcLW0zhdv1kkj8NjL9Ak9zAjGh74Xi1ZJBwziH1uV4rkzaaxvNJCTMPbhFO%2BtP1yGNSV0QOJC8cKg%2BTEN,"{""value"": ""869.00"", ""currency"": ""USD""}","[{""shippingCostType"": ""FIXED"", ""shippingCost"": {""value"": ""0.00"", ""currency"": ""USD""}, ""minEstimatedDeliveryDate"": ""2026-09-15T07:00:00.000Z"", ""maxEstimatedDeliveryDate"": ""2026-09-21T07:00:00.000Z""}]",,,PENDING_INDEPENDENT_HUMAN_REVIEW,DEVELOPMENT,,,,,,,,,,,,,,
D2-0278,301185dd-2bde-4699-80bd-8b2a3cfd8f7f,af28bc66-9c8b-4dbb-bf83-fa6215bd26f0,Pikachu ex,Ascended Heroes,276,special_illustration_rare,v1|198626004208|0,Pokemon Ascended Heroes Pikachu SIR 276/216 TAG Gem Mint 10,,Graded,2750,[],"[""FIXED_PRICE"", ""BEST_OFFER""]",andnae_18,https://i.ebayimg.com/images/g/8HMAAeSwuTZqn1Kb/s-l225.jpg,https://www.ebay.com/itm/198626004208?_skw=Pikachu+ex+276+Ascended+Heroes+Pokemon+card&hash=item2e3f084cf0:g:8HMAAeSwuTZqn1Kb&amdata=enc%3AAQALAAABEACCtXRWQnOEpyOqnQQ8KGZ%2BGXjBZl%2Bi81amyV%2FXattNJMfsrykF7mRKFl1HgLZKNpLtjI5kibltsTJxpFF1hFihnmIsMkHnxtIJEw6yULW3DXkPy3XQF9cdcXs7araEPVChAQtTdW%2FkgjmP%2BwBNMAxOcaBwRluQC5FI7Gk6T%2B3N%2FpVjXXxD1dRk4NUVKpRLv7pjcG4dQww%2FubsbDD9cLYfURkBfZbrvSpyvT1ykkyMe8KyOPCs0NQ1ZdCvzzaRmArIS6%2BG0pvq853fsP5qy6VXTa%2B5WUixBsM1vItVmnf5om1MqoWwY7Z4%2BZv4VU40NXuOl3GyLoOJn7ziLyj%2BQyDTqXILcYyjEzornFPFynSZB,"{""value"": ""2200.00"", ""currency"": ""USD""}","[{""shippingCostType"": ""FIXED"", ""shippingCost"": {""value"": ""0.00"", ""currency"": ""USD""}, ""minEstimatedDeliveryDate"": ""2026-09-16T07:00:00.000Z"", ""maxEstimatedDeliveryDate"": ""2026-09-23T07:00:00.000Z""}]",,,PENDING_INDEPENDENT_HUMAN_REVIEW,DEVELOPMENT,,,,,,,,,,,,,,
D2-0282,301185dd-2bde-4699-80bd-8b2a3cfd8f7f,af28bc66-9c8b-4dbb-bf83-fa6215bd26f0,Pikachu ex,Ascended Heroes,276,special_illustration_rare,v1|168679085048|0,2026 Pokemon Ascended Heroes Pikachu ex #276/217 SIR DAMAGED,,Ungraded,4000,[],"[""FIXED_PRICE"", ""BEST_OFFER""]",sweetdeee69,https://i.ebayimg.com/images/g/eGsAAeSwvA9qovuk/s-l225.jpg,https://www.ebay.com/itm/168679085048?_skw=Pikachu+ex+276+Ascended+Heroes+Pokemon+card&hash=item27460e93f8:g:eGsAAeSwvA9qovuk,"{""value"": ""600.00"", ""currency"": ""USD""}","[{""shippingCostType"": ""CALCULATED""}]",,,PENDING_INDEPENDENT_HUMAN_REVIEW,DEVELOPMENT,,,,,,,,,,,,,,
D2-0284,301185dd-2bde-4699-80bd-8b2a3cfd8f7f,af28bc66-9c8b-4dbb-bf83-fa6215bd26f0,Pikachu ex,Ascended Heroes,276,special_illustration_rare,v1|137305829558|0,Pikachu Ex Sir Ascended Heroes 276/217 Pokemon Card,,Ungraded,4000,[],"[""FIXED_PRICE"", ""BEST_OFFER""]",mooro91,https://i.ebayimg.com/images/g/f2AAAeSwGjRp9mAY/s-l225.jpg,https://www.ebay.com/itm/137305829558?_skw=Pikachu+ex+276+Ascended+Heroes+Pokemon+card&hash=item1ff810b0b6:g:f2AAAeSwGjRp9mAY,"{""value"": ""918.41"", ""currency"": ""USD"", ""convertedFromValue"": ""679.70"", ""convertedFromCurrency"": ""GBP""}",[],,,PENDING_INDEPENDENT_HUMAN_REVIEW,DEVELOPMENT,,,,,,,,,,,,,,
D2-0289,31566cbb-0eeb-499e-aa6d-b9b0bd85fc8b,fc81462a-2c3e-4b7a-a7be-ad7f88d98ace,Mega Greninja ex,Chaos Rising,122,mega_hyper_rare,v1|117400471738|0,Mega Greninja Ex 122/086 Pokemon Card NM/LP,,Ungraded,4000,[],"[""FIXED_PRICE""]",ad123link,https://i.ebayimg.com/images/g/xosAAeSw6xpqnqzi/s-l225.jpg,https://www.ebay.com/itm/117400471738?_skw=Mega+Greninja+ex+122+Chaos+Rising+Pokemon+card&hash=item1b559d08ba:g:xosAAeSw6xpqnqzi,"{""value"": ""151.00"", ""currency"": ""USD""}","[{""shippingCostType"": ""FIXED"", ""shippingCost"": {""value"": ""0.00"", ""currency"": ""USD""}, ""minEstimatedDeliveryDate"": ""2026-09-15T07:00:00.000Z"", ""maxEstimatedDeliveryDate"": ""2026-09-19T07:00:00.000Z""}]",,,PENDING_INDEPENDENT_HUMAN_REVIEW,DEVELOPMENT,,,,,,,,,,,,,,
D2-0290,31566cbb-0eeb-499e-aa6d-b9b0bd85fc8b,fc81462a-2c3e-4b7a-a7be-ad7f88d98ace,Mega Greninja ex,Chaos Rising,122,mega_hyper_rare,v1|147564368200|0,Pokémon TCG Mega Greninja EX 122/086 Breakpoint Secret Rare Full Art Holo EN,,Ungraded,4000,[],"[""FIXED_PRICE"", ""BEST_OFFER""]",svmmoner,https://i.ebayimg.com/images/g/mFEAAeSwFdZqoPva/s-l225.jpg,https://www.ebay.com/itm/147564368200?_skw=Mega+Greninja+ex+122+Chaos+Rising+Pokemon+card&hash=item225b859148:g:mFEAAeSwFdZqoPva,"{""value"": ""160.00"", ""currency"": ""USD""}","[{""shippingCostType"": ""CALCULATED""}]",,,PENDING_INDEPENDENT_HUMAN_REVIEW,DEVELOPMENT,,,,,,,,,,,,,,
D2-0291,31566cbb-0eeb-499e-aa6d-b9b0bd85fc8b,fc81462a-2c3e-4b7a-a7be-ad7f88d98ace,Mega Greninja ex,Chaos Rising,122,mega_hyper_rare,v1|188881521509|0,Pokemon Mega Greninja ex #122/086 Near Mint,,Ungraded,4000,[],"[""FIXED_PRICE"", ""BEST_OFFER""]",wypfi_0,https://i.ebayimg.com/images/g/96MAAeSwX4xqmdLE/s-l225.jpg,https://www.ebay.com/itm/188881521509?_skw=Mega+Greninja+ex+122+Chaos+Rising+Pokemon+card&hash=item2bfa374b65:g:96MAAeSwX4xqmdLE,"{""value"": ""169.99"", ""currency"": ""USD""}","[{""shippingCostType"": ""FIXED"", ""shippingCost"": {""value"": ""0.00"", ""currency"": ""USD""}, ""minEstimatedDeliveryDate"": ""2026-09-15T07:00:00.000Z"", ""maxEstimatedDeliveryDate"": ""2026-09-21T07:00:00.000Z""}]",,,PENDING_INDEPENDENT_HUMAN_REVIEW,DEVELOPMENT,,,,,,,,,,,,,,
D2-0293,31566cbb-0eeb-499e-aa6d-b9b0bd85fc8b,fc81462a-2c3e-4b7a-a7be-ad7f88d98ace,Mega Greninja ex,Chaos Rising,122,mega_hyper_rare,v1|128060641158|0,Pokemon Mega Greninja Ex Hyper Rare #122 Chaos Rising ACE 9 Mint,,Graded,2750,[],"[""FIXED_PRICE""]",crossguildtcg239,https://i.ebayimg.com/images/g/hqEAAeSw2bhqmiDU/s-l225.jpg,https://www.ebay.com/itm/128060641158?_skw=Mega+Greninja+ex+122+Chaos+Rising+Pokemon+card&hash=item1dd1024f86:g:hqEAAeSw2bhqmiDU,"{""value"": ""175.00"", ""currency"": ""USD""}","[{""shippingCostType"": ""CALCULATED""}]",,,PENDING_INDEPENDENT_HUMAN_REVIEW,DEVELOPMENT,,,,,,,,,,,,,,
D2-0294,31566cbb-0eeb-499e-aa6d-b9b0bd85fc8b,fc81462a-2c3e-4b7a-a7be-ad7f88d98ace,Mega Greninja ex,Chaos Rising,122,mega_hyper_rare,v1|147506745120|0,Mega Greninja ex 122/086 Me04: Chaos Rising Holo Mega Hyper Rare Gold,,Ungraded,4000,[],"[""FIXED_PRICE"", ""BEST_OFFER""]",cbongi_sales,https://i.ebayimg.com/images/g/l5kAAeSw9~xqgGpg/s-l225.jpg,https://www.ebay.com/itm/147506745120?_skw=Mega+Greninja+ex+122+Chaos+Rising+Pokemon+card&hash=item2258164f20:g:l5kAAeSw9~xqgGpg,"{""value"": ""178.00"", ""currency"": ""USD""}","[{""shippingCostType"": ""CALCULATED""}]",,,PENDING_INDEPENDENT_HUMAN_REVIEW,DEVELOPMENT,,,,,,,,,,,,,,
D2-0297,31566cbb-0eeb-499e-aa6d-b9b0bd85fc8b,fc81462a-2c3e-4b7a-a7be-ad7f88d98ace,Mega Greninja ex,Chaos Rising,122,mega_hyper_rare,v1|158171266631|0,Mega Greninja ex Gold 122/086 Pokemon Chaos Rising English NM,,Ungraded,4000,[],"[""FIXED_PRICE"", ""BEST_OFFER""]",ash-7295,https://i.ebayimg.com/images/g/~M4AAeSw3lhqeQ0r/s-l225.jpg,https://www.ebay.com/itm/158171266631?_skw=Mega+Greninja+ex+122+Chaos+Rising+Pokemon+card&hash=item24d3bdfe47:g:~M4AAeSw3lhqeQ0r,"{""value"": ""175.00"", ""currency"": ""USD""}","[{""shippingCostType"": ""FIXED"", ""shippingCost"": {""value"": ""8.40"", ""currency"": ""USD""}, ""minEstimatedDeliveryDate"": ""2026-09-16T07:00:00.000Z"", ""maxEstimatedDeliveryDate"": ""2026-09-22T07:00:00.000Z""}]",,,PENDING_INDEPENDENT_HUMAN_REVIEW,DEVELOPMENT,,,,,,,,,,,,,,
D2-0300,31566cbb-0eeb-499e-aa6d-b9b0bd85fc8b,fc81462a-2c3e-4b7a-a7be-ad7f88d98ace,Mega Greninja ex,Chaos Rising,122,mega_hyper_rare,v1|168601800183|0,GOLD Mega Greninja ex 122/086 Chaos Rising Pokémon 2026 Mega Hyper Rare,,Ungraded,4000,[],"[""FIXED_PRICE"", ""BEST_OFFER""]",rysi-77,https://i.ebayimg.com/images/g/SlEAAeSwwyJqeS4G/s-l225.jpg,https://www.ebay.com/itm/168601800183?_skw=Mega+Greninja+ex+122+Chaos+Rising+Pokemon+card&hash=item2741734df7:g:SlEAAeSwwyJqeS4G&amdata=enc%3AAQALAAABEACCtXRWQnOEpyOqnQQ8KGZ8EhOfRhiMRUDB2iG2omMBfPqnV5CpYkIy6b9f%2Bg5T5s%2FUMeCKWcKhaPlt4vzhiuziRCDL%2BevV6hJOFhDhz3AWfNFyxdUvcikRsVDY081wqyWfcDDSGK%2F7i%2F4k4BuFRM3C6y%2FAWdEIdS%2FK2yJ%2BtkXSz9qgFLtiOuMLsOnCrSoxz6WE3rP3oUiP%2BdTZAxp14NExCK4LkKO5TGCbhmRgJaidOejXOMurcSyTXkAPypyJmjmPxP2Dii9NrRDkojo2dwFLS7nzPqLrYrBk7ffhsfeaj3wUnd9PZWqaVlUEnNxc5rAKyeyfH%2FidY4udd5g1%2Fc%2FIkFRCRkqVuM548knIuWhR,"{""value"": ""210.00"", ""currency"": ""USD""}","[{""shippingCostType"": ""FIXED"", ""shippingCost"": {""value"": ""0.00"", ""currency"": ""USD""}, ""minEstimatedDeliveryDate"": ""2026-09-15T07:00:00.000Z"", ""maxEstimatedDeliveryDate"": ""2026-09-18T07:00:00.000Z""}]",,,PENDING_INDEPENDENT_HUMAN_REVIEW,DEVELOPMENT,,,,,,,,,,,,,,
D2-0303,33dca102-b449-4da6-bfa6-7b72de711596,c2d7a5e7-cfdd-4f37-9748-a2259857c6e3,Charizard ex,Paldean Fates,234,special_illustration_rare,v1|128017181203|0,Pokemon TCG Paldean Fates 234/091 Charizard ex Special Illustration Rare NM,,Ungraded,4000,[],"[""FIXED_PRICE""]",hltreasure916,https://i.ebayimg.com/images/g/HjsAAeSw211qRI9B/s-l225.jpg,https://www.ebay.com/itm/128017181203?_skw=Charizard+ex+234+Paldean+Fates+Pokemon+card&hash=item1dce6b2a13:g:HjsAAeSw211qRI9B,"{""value"": ""320.00"", ""currency"": ""USD""}","[{""shippingCostType"": ""CALCULATED""}]",,,PENDING_INDEPENDENT_HUMAN_REVIEW,DEVELOPMENT,,,,,,,,,,,,,,
D2-0304,33dca102-b449-4da6-bfa6-7b72de711596,c2d7a5e7-cfdd-4f37-9748-a2259857c6e3,Charizard ex,Paldean Fates,234,special_illustration_rare,v1|365769607732|0,Pokemon Tcg Card Charizard EX 234/091 Sir Paldean BLANKET 50x 60 Inch,,Ungraded,4000,[],"[""FIXED_PRICE"", ""BEST_OFFER""]",one_stop_shop_510,https://i.ebayimg.com/images/g/JrMAAeSw5PRoi4KZ/s-l225.jpg,https://www.ebay.com/itm/365769607732?_skw=Charizard+ex+234+Paldean+Fates+Pokemon+card&hash=item5529914a34:g:JrMAAeSw5PRoi4KZ&amdata=enc%3AAQALAAABAACCtXRWQnOEpyOqnQQ8KGbXzxI58KjUmBCBkoyUtNEJKgpVhmvsQ8RnglYg9XMdmZBrSPcXcktf358TXOqIKQ%2F4hZLHEHYMW0iF%2FDbPlClbkHWSSP3oiDyihID0cPUDnDPjz2GUwdC3XvnyPz%2FzIgeN5%2F541GX%2FWAjsRy8cOZZ0KylA9bDp2ujg3wiRTotbV%2FK6K1bVx4V57OdNG41ucfz9Yk9PxH6zjTdKBmhrfJmUZXeaFo3QhZ64BBg%2BV6dBa7i4t%2FijcF6Hj9KzJ9GTLc5QrI9flbiU1x%2B2TMTZm8CfDhVR8CpyxsJTovgzN7JNlB8%2Bk4UeUkXfZ9r4DsTUKcg%3D,"{""value"": ""75.00"", ""currency"": ""USD""}",[],,,PENDING_INDEPENDENT_HUMAN_REVIEW,DEVELOPMENT,,,,,,,,,,,,,,
D2-0305,33dca102-b449-4da6-bfa6-7b72de711596,c2d7a5e7-cfdd-4f37-9748-a2259857c6e3,Charizard ex,Paldean Fates,234,special_illustration_rare,v1|156472416863|458560847429,Pokemon Paldean Fates: Choose Your Card! - Holos/Reverse Holos EX Baby Shiny NM,,Ungraded,4000,[],"[""FIXED_PRICE""]",overstackedcards,https://i.ebayimg.com/images/g/9oUAAeSwMspoZJt5/s-l225.jpg,https://www.ebay.com/itm/156472416863?_skw=Charizard+ex+234+Paldean+Fates+Pokemon+card&hash=item246e7b9a5f:g:9oUAAeSwMspoZJt5,"{""value"": ""379.99"", ""currency"": ""USD""}","[{""shippingCostType"": ""FIXED"", ""shippingCost"": {""value"": ""0.00"", ""currency"": ""USD""}, ""minEstimatedDeliveryDate"": ""2026-09-15T07:00:00.000Z"", ""maxEstimatedDeliveryDate"": ""2026-09-18T07:00:00.000Z""}]",,,PENDING_INDEPENDENT_HUMAN_REVIEW,DEVELOPMENT,,,,,,,,,,,,,,
D2-0306,33dca102-b449-4da6-bfa6-7b72de711596,c2d7a5e7-cfdd-4f37-9748-a2259857c6e3,Charizard ex,Paldean Fates,234,special_illustration_rare,v1|147493416370|0,Pokemon Charizard EX Paldean Fates 234/091 Special Illustration Rare PSA 9 Mint,,Graded,2750,[],"[""FIXED_PRICE"", ""BEST_OFFER""]",ffpmjess,https://i.ebayimg.com/images/g/hZUAAeSwDzRqeKHE/s-l225.jpg,https://www.ebay.com/itm/147493416370?_skw=Charizard+ex+234+Paldean+Fates+Pokemon+card&hash=item22574aedb2:g:hZUAAeSwDzRqeKHE,"{""value"": ""300.00"", ""currency"": ""USD""}","[{""shippingCostType"": ""CALCULATED""}]",,,PENDING_INDEPENDENT_HUMAN_REVIEW,DEVELOPMENT,,,,,,,,,,,,,,
D2-0308,33dca102-b449-4da6-bfa6-7b72de711596,c2d7a5e7-cfdd-4f37-9748-a2259857c6e3,Charizard ex,Paldean Fates,234,special_illustration_rare,v1|318799332323|0,2024 POKEMON PALDEAN FATES 234 CHARIZARD EX SIR PSA POOR 1,,Graded,2750,[],"[""FIXED_PRICE"", ""BEST_OFFER""]",aqxuaz,https://i.ebayimg.com/images/g/dAUAAeSwrWpqk-rC/s-l225.jpg,https://www.ebay.com/itm/318799332323?_skw=Charizard+ex+234+Paldean+Fates+Pokemon+card&hash=item4a39ebc3e3:g:dAUAAeSwrWpqk-rC,"{""value"": ""499.99"", ""currency"": ""USD""}","[{""shippingCostType"": ""CALCULATED""}]",,,PENDING_INDEPENDENT_HUMAN_REVIEW,DEVELOPMENT,,,,,,,,,,,,,,
D2-0311,33dca102-b449-4da6-bfa6-7b72de711596,c2d7a5e7-cfdd-4f37-9748-a2259857c6e3,Charizard ex,Paldean Fates,234,special_illustration_rare,v1|147501063630|0,Pokémon TCG Charizard EX SIR 234/91 Paldean Fates - PSA 8,,Graded,2750,[],"[""FIXED_PRICE""]",flaresfindings,https://i.ebayimg.com/images/g/86EAAeSwWKNqfRqg/s-l225.jpg,https://www.ebay.com/itm/147501063630?_skw=Charizard+ex+234+Paldean+Fates+Pokemon+card&hash=item2257bf9dce:g:86EAAeSwWKNqfRqg,"{""value"": ""269.99"", ""currency"": ""USD""}","[{""shippingCostType"": ""FIXED"", ""shippingCost"": {""value"": ""0.00"", ""currency"": ""USD""}, ""minEstimatedDeliveryDate"": ""2026-09-15T07:00:00.000Z"", ""maxEstimatedDeliveryDate"": ""2026-09-21T07:00:00.000Z""}]",,,PENDING_INDEPENDENT_HUMAN_REVIEW,DEVELOPMENT,,,,,,,,,,,,,,
D2-0312,33dca102-b449-4da6-bfa6-7b72de711596,c2d7a5e7-cfdd-4f37-9748-a2259857c6e3,Charizard ex,Paldean Fates,234,special_illustration_rare,v1|147566672665|0,The Pokémon Company Pokémon TCG Charizard ex 234/091 Paldean Fates SIR Holo ENG,,Ungraded,4000,[],"[""FIXED_PRICE""]",guz-7950,https://i.ebayimg.com/images/g/EaEAAeSwx9pqpFEX/s-l225.jpg,https://www.ebay.com/itm/147566672665?_skw=Charizard+ex+234+Paldean+Fates+Pokemon+card&hash=item225ba8bb19:g:EaEAAeSwx9pqpFEX,"{""value"": ""300.00"", ""currency"": ""USD""}","[{""shippingCostType"": ""CALCULATED""}]",,,PENDING_INDEPENDENT_HUMAN_REVIEW,DEVELOPMENT,,,,,,,,,,,,,,
D2-0316,3755e7ef-e482-4186-8377-e717f80b3759,aa88bdd2-2ebe-4f9b-b53b-ab077c63f98c,Secret Box,Twilight Masquerade,163,ace_spec,v1|117271919763|0,Pokemon SV06: Twilight Masquerade #163/167 Secret Box,,Ungraded,4000,[],"[""FIXED_PRICE""]",hawks_phins,https://i.ebayimg.com/images/g/PcUAAeSwYN1qQAN0/s-l225.jpg,https://www.ebay.com/itm/117271919763?_skw=Secret+Box+163+Twilight+Masquerade+Pokemon+card&hash=item1b4df37c93:g:PcUAAeSwYN1qQAN0,"{""value"": ""7.49"", ""currency"": ""USD""}","[{""shippingCostType"": ""FIXED"", ""shippingCost"": {""value"": ""0.00"", ""currency"": ""USD""}, ""minEstimatedDeliveryDate"": ""2026-09-16T07:00:00.000Z"", ""maxEstimatedDeliveryDate"": ""2026-09-23T07:00:00.000Z""}]",,,PENDING_INDEPENDENT_HUMAN_REVIEW,DEVELOPMENT,,,,,,,,,,,,,,
D2-0319,3755e7ef-e482-4186-8377-e717f80b3759,aa88bdd2-2ebe-4f9b-b53b-ab077c63f98c,Secret Box,Twilight Masquerade,163,ace_spec,v1|407204613921|0,TCG Pokemon Secret Box 163/167 Twighlight Masquerade,,Ungraded,4000,[],"[""FIXED_PRICE"", ""AUCTION""]",texascardstcg,https://i.ebayimg.com/images/g/XBAAAeSwxYdp4Pdi/s-l225.jpg,https://www.ebay.com/itm/407204613921?_skw=Secret+Box+163+Twilight+Masquerade+Pokemon+card&hash=item5ecf494f21:g:XBAAAeSwxYdp4Pdi,"{""value"": ""15.99"", ""currency"": ""USD""}","[{""shippingCostType"": ""FIXED"", ""shippingCost"": {""value"": ""0.78"", ""currency"": ""USD""}, ""minEstimatedDeliveryDate"": ""2026-09-15T07:00:00.000Z"", ""maxEstimatedDeliveryDate"": ""2026-09-21T07:00:00.000Z""}]",,,PENDING_INDEPENDENT_HUMAN_REVIEW,DEVELOPMENT,,,,,,,,,,,,,,
D2-0323,3755e7ef-e482-4186-8377-e717f80b3759,aa88bdd2-2ebe-4f9b-b53b-ab077c63f98c,Secret Box,Twilight Masquerade,163,ace_spec,v1|137614022471|0,Secret Box 163/167 ACE SPEC Rare Twilight Masquerade Pokemon Holo ,,Ungraded,4000,[],"[""FIXED_PRICE"", ""BEST_OFFER""]",chris_yan88tcg,https://i.ebayimg.com/images/g/JrcAAeSw1CBqG1pK/s-l225.jpg,https://www.ebay.com/itm/137614022471?_skw=Secret+Box+163+Twilight+Masquerade+Pokemon+card&hash=item200a6f5747:g:JrcAAeSw1CBqG1pK,"{""value"": ""6.50"", ""currency"": ""USD""}","[{""shippingCostType"": ""CALCULATED""}]",,,PENDING_INDEPENDENT_HUMAN_REVIEW,DEVELOPMENT,,,,,,,,,,,,,,
D2-0324,3755e7ef-e482-4186-8377-e717f80b3759,aa88bdd2-2ebe-4f9b-b53b-ab077c63f98c,Secret Box,Twilight Masquerade,163,ace_spec,v1|137657577955|0,Secret Box 163/167 ACE SPEC Rare Twilight Masquerade Pokemon Holo Near Mint,,Ungraded,4000,[],"[""FIXED_PRICE""]",rhyolite,https://i.ebayimg.com/images/g/1b8AAeSwpN5qjNMp/s-l225.jpg,https://www.ebay.com/itm/137657577955?_skw=Secret+Box+163+Twilight+Masquerade+Pokemon+card&hash=item200d07f1e3:g:1b8AAeSwpN5qjNMp,"{""value"": ""7.50"", ""currency"": ""USD""}","[{""shippingCostType"": ""FIXED"", ""shippingCost"": {""value"": ""0.00"", ""currency"": ""USD""}, ""minEstimatedDeliveryDate"": ""2026-09-15T07:00:00.000Z"", ""maxEstimatedDeliveryDate"": ""2026-09-21T07:00:00.000Z""}]",,,PENDING_INDEPENDENT_HUMAN_REVIEW,DEVELOPMENT,,,,,,,,,,,,,,
D2-0325,3755e7ef-e482-4186-8377-e717f80b3759,aa88bdd2-2ebe-4f9b-b53b-ab077c63f98c,Secret Box,Twilight Masquerade,163,ace_spec,v1|137684514848|0,Secret Box 163/167 ACE SPEC Rare Twilight Masquerade Pokemon Holo Near Mint,,Ungraded,4000,[],"[""FIXED_PRICE""]",trtradingco,https://i.ebayimg.com/images/g/3u0AAeSwieZqljDm/s-l225.jpg,https://www.ebay.com/itm/137684514848?_skw=Secret+Box+163+Twilight+Masquerade+Pokemon+card&hash=item200ea2f820:g:3u0AAeSwieZqljDm,"{""value"": ""7.99"", ""currency"": ""USD""}","[{""shippingCostType"": ""FIXED"", ""shippingCost"": {""value"": ""0.00"", ""currency"": ""USD""}, ""minEstimatedDeliveryDate"": ""2026-09-14T07:00:00.000Z"", ""maxEstimatedDeliveryDate"": ""2026-09-17T07:00:00.000Z""}]",,,PENDING_INDEPENDENT_HUMAN_REVIEW,DEVELOPMENT,,,,,,,,,,,,,,
D2-0327,3755e7ef-e482-4186-8377-e717f80b3759,aa88bdd2-2ebe-4f9b-b53b-ab077c63f98c,Secret Box,Twilight Masquerade,163,ace_spec,v1|147559398475|0,Secret Box 163/167 Sv06: Twilight Masquerade Holo,,Ungraded,4000,[],"[""FIXED_PRICE""]",germzcardsngames,https://i.ebayimg.com/images/g/7B4AAeSw5y9qoAuA/s-l225.jpg,https://www.ebay.com/itm/147559398475?_skw=Secret+Box+163+Twilight+Masquerade+Pokemon+card&hash=item225b39bc4b:g:7B4AAeSw5y9qoAuA,"{""value"": ""6.17"", ""currency"": ""USD""}","[{""shippingCostType"": ""FIXED"", ""shippingCost"": {""value"": ""0.00"", ""currency"": ""USD""}, ""minEstimatedDeliveryDate"": ""2026-09-14T07:00:00.000Z"", ""maxEstimatedDeliveryDate"": ""2026-09-17T07:00:00.000Z""}]",,,PENDING_INDEPENDENT_HUMAN_REVIEW,DEVELOPMENT,,,,,,,,,,,,,,
D2-0328,3755e7ef-e482-4186-8377-e717f80b3759,aa88bdd2-2ebe-4f9b-b53b-ab077c63f98c,Secret Box,Twilight Masquerade,163,ace_spec,v1|147563358445|0,Secret Box 163/167 Twilight Masquerade NM,,Ungraded,4000,[],"[""FIXED_PRICE"", ""BEST_OFFER""]",crazytcgcollectors,https://i.ebayimg.com/images/g/Qt8AAeSwh1Rqoh8n/s-l225.jpg,https://www.ebay.com/itm/147563358445?_skw=Secret+Box+163+Twilight+Masquerade+Pokemon+card&hash=item225b7628ed:g:Qt8AAeSwh1Rqoh8n,"{""value"": ""5.99"", ""currency"": ""USD""}","[{""shippingCostType"": ""FIXED"", ""shippingCost"": {""value"": ""0.00"", ""currency"": ""USD""}, ""minEstimatedDeliveryDate"": ""2026-09-15T07:00:00.000Z"", ""maxEstimatedDeliveryDate"": ""2026-09-21T07:00:00.000Z""}]",,,PENDING_INDEPENDENT_HUMAN_REVIEW,DEVELOPMENT,,,,,,,,,,,,,,
D2-0331,3b5294d0-4738-4296-952e-f32b2788e3c4,10ab9aee-5f8c-4938-aec5-aa4a4314f745,Sunflora,Twilight Masquerade,169,illustration_rare,v1|117402891337|0,Sunflora 169/167 Illustration Rare Twilight Masquerade Pokemon Card NM,,Ungraded,4000,[],"[""FIXED_PRICE"", ""BEST_OFFER""]",shiny_celebi_tcg,https://i.ebayimg.com/images/g/x9QAAeSwhB5oMMl5/s-l225.jpg,https://www.ebay.com/itm/117402891337?_skw=Sunflora+169+Twilight+Masquerade+Pokemon+card&hash=item1b55c1f449:g:x9QAAeSwhB5oMMl5,"{""value"": ""8.00"", ""currency"": ""USD""}","[{""shippingCostType"": ""FIXED"", ""shippingCost"": {""value"": ""4.51"", ""currency"": ""USD""}, ""minEstimatedDeliveryDate"": ""2026-09-15T07:00:00.000Z"", ""maxEstimatedDeliveryDate"": ""2026-09-19T07:00:00.000Z""}]",,,PENDING_INDEPENDENT_HUMAN_REVIEW,DEVELOPMENT,,,,,,,,,,,,,,
D2-0332,3b5294d0-4738-4296-952e-f32b2788e3c4,10ab9aee-5f8c-4938-aec5-aa4a4314f745,Sunflora,Twilight Masquerade,169,illustration_rare,v1|127846185317|0,Sunflora - Illustration Rare SV06: Twilight Masquerade 169/167 NM,,Ungraded,4000,[],"[""FIXED_PRICE"", ""BEST_OFFER""]",jaybirdscollectibles,https://i.ebayimg.com/images/g/qZgAAeSwPZBp-NO6/s-l225.jpg,https://www.ebay.com/itm/127846185317?_skw=Sunflora+169+Twilight+Masquerade+Pokemon+card&hash=item1dc439f965:g:qZgAAeSwPZBp-NO6,"{""value"": ""9.68"", ""currency"": ""USD""}","[{""shippingCostType"": ""FIXED"", ""shippingCost"": {""value"": ""0.00"", ""currency"": ""USD""}, ""minEstimatedDeliveryDate"": ""2026-09-15T07:00:00.000Z"", ""maxEstimatedDeliveryDate"": ""2026-09-21T07:00:00.000Z""}]",,,PENDING_INDEPENDENT_HUMAN_REVIEW,DEVELOPMENT,,,,,,,,,,,,,,
D2-0338,3b5294d0-4738-4296-952e-f32b2788e3c4,10ab9aee-5f8c-4938-aec5-aa4a4314f745,Sunflora,Twilight Masquerade,169,illustration_rare,v1|168621994989|0,Sunflora 169/167 Illustration Rare Twm En-Twilight Masquerade Pokemon PSA 10,,Graded,2750,[],"[""FIXED_PRICE""]",theprofessorstcg,https://i.ebayimg.com/images/g/4U4AAeSwF-Zqg8yI/s-l225.jpg,https://www.ebay.com/itm/168621994989?_skw=Sunflora+169+Twilight+Masquerade+Pokemon+card&hash=item2742a773ed:g:4U4AAeSwF-Zqg8yI,"{""value"": ""120.00"", ""currency"": ""USD""}","[{""shippingCostType"": ""CALCULATED""}]",,,PENDING_INDEPENDENT_HUMAN_REVIEW,DEVELOPMENT,,,,,,,,,,,,,,
D2-0340,3b5294d0-4738-4296-952e-f32b2788e3c4,10ab9aee-5f8c-4938-aec5-aa4a4314f745,Sunflora,Twilight Masquerade,169,illustration_rare,v1|128067971006|0,Pokemon TCG Sunflora 169/167 SV06 Twilight Masquerade IR Holo English 2024,,Ungraded,4000,[],"[""FIXED_PRICE"", ""BEST_OFFER""]",gordys_goodies,https://i.ebayimg.com/images/g/7AIAAeSw4ZFqn2UY/s-l225.jpg,https://www.ebay.com/itm/128067971006?_skw=Sunflora+169+Twilight+Masquerade+Pokemon+card&hash=item1dd17227be:g:7AIAAeSw4ZFqn2UY,"{""value"": ""7.55"", ""currency"": ""USD""}","[{""shippingCostType"": ""CALCULATED""}]",,,PENDING_INDEPENDENT_HUMAN_REVIEW,DEVELOPMENT,,,,,,,,,,,,,,
D2-0342,3b5294d0-4738-4296-952e-f32b2788e3c4,10ab9aee-5f8c-4938-aec5-aa4a4314f745,Sunflora,Twilight Masquerade,169,illustration_rare,v1|137687695595|0,Sunflora 169/167 Holo SV06: Twilight Masquerade LP Pokémon TCG,,Ungraded,4000,[],"[""FIXED_PRICE""]",thetradingpostcc,https://i.ebayimg.com/images/g/W0wAAeSw6o5ql0Hb/s-l225.jpg,https://www.ebay.com/itm/137687695595?_skw=Sunflora+169+Twilight+Masquerade+Pokemon+card&hash=item200ed380eb:g:W0wAAeSw6o5ql0Hb,"{""value"": ""9.19"", ""currency"": ""USD""}","[{""shippingCostType"": ""FIXED"", ""shippingCost"": {""value"": ""1.00"", ""currency"": ""USD""}, ""minEstimatedDeliveryDate"": ""2026-09-16T07:00:00.000Z"", ""maxEstimatedDeliveryDate"": ""2026-09-23T07:00:00.000Z""}]",,,PENDING_INDEPENDENT_HUMAN_REVIEW,DEVELOPMENT,,,,,,,,,,,,,,
D2-0343,3b5294d0-4738-4296-952e-f32b2788e3c4,10ab9aee-5f8c-4938-aec5-aa4a4314f745,Sunflora,Twilight Masquerade,169,illustration_rare,v1|137725448401|0,Sunflora 169/167 Holo SV06: Twilight Masquerade LP Pokémon TCG,,Ungraded,4000,[],"[""FIXED_PRICE""]",thetradingpostcc,https://i.ebayimg.com/images/g/TxQAAeSwFXJqpDQD/s-l225.jpg,https://www.ebay.com/itm/137725448401?_skw=Sunflora+169+Twilight+Masquerade+Pokemon+card&hash=item20111390d1:g:TxQAAeSwFXJqpDQD,"{""value"": ""9.09"", ""currency"": ""USD""}","[{""shippingCostType"": ""FIXED"", ""shippingCost"": {""value"": ""1.00"", ""currency"": ""USD""}, ""minEstimatedDeliveryDate"": ""2026-09-16T07:00:00.000Z"", ""maxEstimatedDeliveryDate"": ""2026-09-23T07:00:00.000Z""}]",,,PENDING_INDEPENDENT_HUMAN_REVIEW,DEVELOPMENT,,,,,,,,,,,,,,
D2-0345,3b5294d0-4738-4296-952e-f32b2788e3c4,10ab9aee-5f8c-4938-aec5-aa4a4314f745,Sunflora,Twilight Masquerade,169,illustration_rare,v1|157963115292|0,The Pokémon Company Sunflora 169/167 Sv06 Twilight Masquerade IR Holo Full Art,,Ungraded,4000,[],"[""FIXED_PRICE"", ""BEST_OFFER""]",marzamtcg,https://i.ebayimg.com/images/g/C6sAAeSwTUFqHsci/s-l225.jpg,https://www.ebay.com/itm/157963115292?_skw=Sunflora+169+Twilight+Masquerade+Pokemon+card&hash=item24c755db1c:g:C6sAAeSwTUFqHsci&amdata=enc%3AAQALAAABEACCtXRWQnOEpyOqnQQ8KGaOV2HhDdlmncR%2FFbxLrt9VpJB7O9VfPHb0ujTIWExgMdJ6lAbIWgTJphXfkbUrUd30O7UHi5EkPtSvuGytKe7OxpwfPvtZa4kVGriwtaP%2BDZG6fc%2FMpZJRYOSrlyZw%2BzDIzOrqAq9qG7eGIVI6MQFhgpRvdXxLuCgOd4JtxiR0%2BUl5dkDy8IVXGJtM6OwPOgtXI46X0Fr7%2FrLB8B9Uj9A1qKlgKG0fHkihRy8z2LFOSgL4C4sBJSRRyCGV%2B2UrmVFUBu6sed5d%2BiooWm0PL5OJ4HpPSVJ5uBC4XRcWWEcKR%2B7DQjDJcKPyeOv5JndK5rk2tOqtsrK7S4kUhu5Omhy9,"{""value"": ""9.99"", ""currency"": ""USD""}","[{""shippingCostType"": ""CALCULATED""}]",,,PENDING_INDEPENDENT_HUMAN_REVIEW,DEVELOPMENT,,,,,,,,,,,,,,
D2-0347,3baf2f12-759f-427a-b8d0-2511e639310f,886acc91-d523-4628-bb4a-6ef8db1d8543,Mega Gardevoir ex,Mega Evolution,187,mega_hyper_rare,v1|117352906919|0,2025 Pokemon 187/132 Gardevoir EX Mega Evolution,,Ungraded,4000,[],"[""FIXED_PRICE"", ""BEST_OFFER""]",tntcards.mi,https://i.ebayimg.com/images/g/Cb0AAeSwSOpqeyyP/s-l225.jpg,https://www.ebay.com/itm/117352906919?_skw=Mega+Gardevoir+ex+187+Mega+Evolution+Pokemon+card&hash=item1b52c740a7:g:Cb0AAeSwSOpqeyyP,"{""value"": ""220.00"", ""currency"": ""USD""}","[{""shippingCostType"": ""FIXED"", ""shippingCost"": {""value"": ""5.99"", ""currency"": ""USD""}, ""minEstimatedDeliveryDate"": ""2026-09-15T07:00:00.000Z"", ""maxEstimatedDeliveryDate"": ""2026-09-21T07:00:00.000Z""}]",,,PENDING_INDEPENDENT_HUMAN_REVIEW,DEVELOPMENT,,,,,,,,,,,,,,
D2-0348,3baf2f12-759f-427a-b8d0-2511e639310f,886acc91-d523-4628-bb4a-6ef8db1d8543,Mega Gardevoir ex,Mega Evolution,187,mega_hyper_rare,v1|128054483391|0,Mega Gardevoir EX 187/132 Me01: Mega Evolution Holo,,Ungraded,4000,[],"[""FIXED_PRICE"", ""BEST_OFFER""]",bretro4903,https://i.ebayimg.com/images/g/ns0AAeSwddFqlg8S/s-l225.jpg,https://www.ebay.com/itm/128054483391?_skw=Mega+Gardevoir+ex+187+Mega+Evolution+Pokemon+card&hash=item1dd0a459bf:g:ns0AAeSwddFqlg8S,"{""value"": ""210.00"", ""currency"": ""USD""}","[{""shippingCostType"": ""CALCULATED""}]",,,PENDING_INDEPENDENT_HUMAN_REVIEW,DEVELOPMENT,,,,,,,,,,,,,,
D2-0349,3baf2f12-759f-427a-b8d0-2511e639310f,886acc91-d523-4628-bb4a-6ef8db1d8543,Mega Gardevoir ex,Mega Evolution,187,mega_hyper_rare,v1|137715652208|0,Mega Gardevoir ex Holofoil [MEG - 187/132],,Ungraded,4000,[],"[""FIXED_PRICE"", ""BEST_OFFER""]",touchoftizmtcg,https://i.ebayimg.com/images/g/U~gAAeSww5ZqoKtO/s-l225.jpg,https://www.ebay.com/itm/137715652208?_skw=Mega+Gardevoir+ex+187+Mega+Evolution+Pokemon+card&hash=item20107e1670:g:U~gAAeSww5ZqoKtO,"{""value"": ""196.43"", ""currency"": ""USD""}","[{""shippingCostType"": ""CALCULATED""}]",,,PENDING_INDEPENDENT_HUMAN_REVIEW,DEVELOPMENT,,,,,,,,,,,,,,
D2-0350,3baf2f12-759f-427a-b8d0-2511e639310f,886acc91-d523-4628-bb4a-6ef8db1d8543,Mega Gardevoir ex,Mega Evolution,187,mega_hyper_rare,v1|178258734617|0,Pokemon Mega Evolutions Mega Gardevoir EX 187/132 Mega Hyper Rare Gold English,,Ungraded,4000,[],"[""FIXED_PRICE""]",huntertcc_tcg,https://i.ebayimg.com/images/g/CpMAAeSwQONqPzIR/s-l225.jpg,https://www.ebay.com/itm/178258734617?_skw=Mega+Gardevoir+ex+187+Mega+Evolution+Pokemon+card&hash=item29810c6e19:g:CpMAAeSwQONqPzIR,"{""value"": ""240.00"", ""currency"": ""USD""}","[{""shippingCostType"": ""CALCULATED""}]",,,PENDING_INDEPENDENT_HUMAN_REVIEW,DEVELOPMENT,,,,,,,,,,,,,,
D2-0351,3baf2f12-759f-427a-b8d0-2511e639310f,886acc91-d523-4628-bb4a-6ef8db1d8543,Mega Gardevoir ex,Mega Evolution,187,mega_hyper_rare,v1|178455134835|0,Mega Gardevoir ex [MEG - 187/132] Holofoil LP,,Ungraded,4000,[],"[""FIXED_PRICE""]",bontadelligamevault,https://i.ebayimg.com/images/g/5YEAAeSwjFZqlRmD/s-l225.jpg,https://www.ebay.com/itm/178455134835?_skw=Mega+Gardevoir+ex+187+Mega+Evolution+Pokemon+card&hash=item298cc14273:g:5YEAAeSwjFZqlRmD,"{""value"": ""209.69"", ""currency"": ""USD""}",[],,,PENDING_INDEPENDENT_HUMAN_REVIEW,DEVELOPMENT,,,,,,,,,,,,,,
D2-0353,3baf2f12-759f-427a-b8d0-2511e639310f,886acc91-d523-4628-bb4a-6ef8db1d8543,Mega Gardevoir ex,Mega Evolution,187,mega_hyper_rare,v1|158033631304|0,Mega Gardevoir EX 2025 Pokemon Mega Evolution,,Ungraded,4000,[],"[""FIXED_PRICE""]",tradingcardconsign,https://i.ebayimg.com/images/g/ne8AAeSw7QpqQIg5/s-l225.jpg,https://www.ebay.com/itm/158033631304?_skw=Mega+Gardevoir+ex+187+Mega+Evolution+Pokemon+card&hash=item24cb89d848:g:ne8AAeSw7QpqQIg5,"{""value"": ""225.00"", ""currency"": ""USD""}","[{""shippingCostType"": ""CALCULATED""}]",,,PENDING_INDEPENDENT_HUMAN_REVIEW,DEVELOPMENT,,,,,,,,,,,,,,
D2-0359,3baf2f12-759f-427a-b8d0-2511e639310f,886acc91-d523-4628-bb4a-6ef8db1d8543,Mega Gardevoir ex,Mega Evolution,187,mega_hyper_rare,v1|128033562942|0,2025 Pokemon Mega Evolution Gardevoir ex Mega Hyper Rare CGC 10 Gem Mint #187,,Graded,2750,[],"[""FIXED_PRICE"", ""BEST_OFFER""]",enzoscardsandcollectibles,https://i.ebayimg.com/images/g/O5UAAeSwFH9qR9kL/s-l225.jpg,https://www.ebay.com/itm/128033562942?_skw=Mega+Gardevoir+ex+187+Mega+Evolution+Pokemon+card&hash=item1dcf65213e:g:O5UAAeSwFH9qR9kL,"{""value"": ""349.99"", ""currency"": ""USD""}","[{""shippingCostType"": ""FIXED"", ""shippingCost"": {""value"": ""0.00"", ""currency"": ""USD""}, ""minEstimatedDeliveryDate"": ""2026-09-15T07:00:00.000Z"", ""maxEstimatedDeliveryDate"": ""2026-09-21T07:00:00.000Z""}]",,,PENDING_INDEPENDENT_HUMAN_REVIEW,DEVELOPMENT,,,,,,,,,,,,,,
D2-0362,3c75f577-62ee-4bdf-865c-ab2384f4379b,ecf458ed-ed92-4f04-bf27-1912d59bdbc0,Mega Charizard Y ex,Ascended Heroes,294,mega_hyper_rare,v1|127883009561|0,Mega Charizard Y ex 294/217 Me: Ascended Heroes Holo NM/M,,Ungraded,4000,[],"[""FIXED_PRICE"", ""BEST_OFFER""]",laketown_trading,https://i.ebayimg.com/images/g/ph4AAeSwn75qE0AH/s-l225.jpg,https://www.ebay.com/itm/127883009561?_skw=Mega+Charizard+Y+ex+294+Ascended+Heroes+Pokemon+card&hash=item1dc66bde19:g:ph4AAeSwn75qE0AH,"{""value"": ""499.97"", ""currency"": ""USD""}","[{""shippingCostType"": ""CALCULATED""}]",,,PENDING_INDEPENDENT_HUMAN_REVIEW,DEVELOPMENT,,,,,,,,,,,,,,
D2-0363,3c75f577-62ee-4bdf-865c-ab2384f4379b,ecf458ed-ed92-4f04-bf27-1912d59bdbc0,Mega Charizard Y ex,Ascended Heroes,294,mega_hyper_rare,v1|127982290071|0,Mega Charizard Y EX 294/217 Gold Hyper Rare Ascended Heroes Pokemon TCG - NM,,Ungraded,4000,[],"[""FIXED_PRICE"", ""BEST_OFFER""]",taskprocrastinator,https://i.ebayimg.com/images/g/V8kAAeSw3yhqXBLd/s-l225.jpg,https://www.ebay.com/itm/127982290071?_skw=Mega+Charizard+Y+ex+294+Ascended+Heroes+Pokemon+card&hash=item1dcc56c497:g:V8kAAeSw3yhqXBLd,"{""value"": ""580.00"", ""currency"": ""USD""}","[{""shippingCostType"": ""CALCULATED""}]",,,PENDING_INDEPENDENT_HUMAN_REVIEW,DEVELOPMENT,,,,,,,,,,,,,,
D2-0364,3c75f577-62ee-4bdf-865c-ab2384f4379b,ecf458ed-ed92-4f04-bf27-1912d59bdbc0,Mega Charizard Y ex,Ascended Heroes,294,mega_hyper_rare,v1|257686702491|0,MEGA CHARIZARD Y EX ASCENDED HEROS 294/217 GOLD MINT CONDITION POKEMON CARD,,Ungraded,4000,[],"[""FIXED_PRICE"", ""BEST_OFFER""]",franknbeans28,https://i.ebayimg.com/images/g/Z58AAeSwhKZqdyjZ/s-l225.jpg,https://www.ebay.com/itm/257686702491?_skw=Mega+Charizard+Y+ex+294+Ascended+Heroes+Pokemon+card&hash=item3bff53099b:g:Z58AAeSwhKZqdyjZ,"{""value"": ""425.00"", ""currency"": ""USD""}","[{""shippingCostType"": ""CALCULATED""}]",,,PENDING_INDEPENDENT_HUMAN_REVIEW,DEVELOPMENT,,,,,,,,,,,,,,
D2-0365,3c75f577-62ee-4bdf-865c-ab2384f4379b,ecf458ed-ed92-4f04-bf27-1912d59bdbc0,Mega Charizard Y ex,Ascended Heroes,294,mega_hyper_rare,v1|327228409445|0,Pokemon Mega Charizard Y Ex 294/217 ASC Ascended Heros Mega Hyper Rare Gold Card,,Bewertet,2750,[],"[""FIXED_PRICE"", ""BEST_OFFER""]",mrgrey91,https://i.ebayimg.com/images/g/o~4AAeSw1cZqOmk5/s-l225.jpg,https://www.ebay.com/itm/327228409445?_skw=Mega+Charizard+Y+ex+294+Ascended+Heroes+Pokemon+card&hash=item4c30554665:g:o~4AAeSw1cZqOmk5,"{""value"": ""695.56"", ""currency"": ""USD"", ""convertedFromValue"": ""599.00"", ""convertedFromCurrency"": ""EUR""}","[{""shippingCostType"": ""FIXED"", ""shippingCost"": {""value"": ""23.22"", ""currency"": ""USD"", ""convertedFromValue"": ""20.00"", ""convertedFromCurrency"": ""EUR""}, ""minEstimatedDeliveryDate"": ""2026-09-24T07:00:00.000Z"", ""maxEstimatedDeliveryDate"": ""2026-10-07T07:00:00.000Z""}]",,,PENDING_INDEPENDENT_HUMAN_REVIEW,DEVELOPMENT,,,,,,,,,,,,,,
D2-0368,3c75f577-62ee-4bdf-865c-ab2384f4379b,ecf458ed-ed92-4f04-bf27-1912d59bdbc0,Mega Charizard Y ex,Ascended Heroes,294,mega_hyper_rare,v1|398269092531|0,Mega Charizard x EX294 Ascended Heroes,,Ungraded,4000,[],"[""FIXED_PRICE"", ""BEST_OFFER""]",josnoo83,https://i.ebayimg.com/images/g/vSsAAeSwBXxqeWuy/s-l225.jpg,https://www.ebay.com/itm/398269092531?_skw=Mega+Charizard+Y+ex+294+Ascended+Heroes+Pokemon+card&hash=item5cbab012b3:g:vSsAAeSwBXxqeWuy,"{""value"": ""400.00"", ""currency"": ""USD""}","[{""shippingCostType"": ""CALCULATED""}]",,,PENDING_INDEPENDENT_HUMAN_REVIEW,DEVELOPMENT,,,,,,,,,,,,,,
D2-0372,3c75f577-62ee-4bdf-865c-ab2384f4379b,ecf458ed-ed92-4f04-bf27-1912d59bdbc0,Mega Charizard Y ex,Ascended Heroes,294,mega_hyper_rare,v1|147565498549|0,TAG 9 Mega Charizard Y EX 294/217 Me: Ascended Heroes Holo Mega HR + Gold Case,,Graded,2750,[],"[""FIXED_PRICE""]",pokeartisan,https://i.ebayimg.com/images/g/tMoAAeSwMgZqo39i/s-l225.jpg,https://www.ebay.com/itm/147565498549?_skw=Mega+Charizard+Y+ex+294+Ascended+Heroes+Pokemon+card&hash=item225b96d0b5:g:tMoAAeSwMgZqo39i&amdata=enc%3AAQALAAABEACCtXRWQnOEpyOqnQQ8KGbutAezXytFxJaaj6OP7%2Bpzxcbn3Iu678h12inEOSVfBWT%2FfzHXQL6ZEq9KADpJShRoYMVqzyeKAbO0PGrY%2FzTHbgC2UaYpbTbcTkmoSCQTxJYvJzxZu5CszEN1CQC1M3fVUWBBMDdRG5DYGFVxbOemBo9kRMeS0TiB%2FV2eBzOQP60ta5nPAfZyThGnOPoQfwp1tnKZB50x9oM6dc8EB7Q5BKtww%2BK7mdFVbh8qIDNnoHBmQOoWkP2bGtl25DDXDx49DG8tGdnidDpT5pGxIwJkJcERzjeaIrS9ovBh8WWgqZL7lPAr8BrO22XxEpSD2LLH1YDOj5Qv19cTlKuxnGiV,"{""value"": ""540.00"", ""currency"": ""USD""}","[{""shippingCostType"": ""FIXED"", ""shippingCost"": {""value"": ""0.00"", ""currency"": ""USD""}, ""minEstimatedDeliveryDate"": ""2026-09-15T07:00:00.000Z"", ""maxEstimatedDeliveryDate"": ""2026-09-18T07:00:00.000Z""}]",,,PENDING_INDEPENDENT_HUMAN_REVIEW,DEVELOPMENT,,,,,,,,,,,,,,
D2-0374,3c75f577-62ee-4bdf-865c-ab2384f4379b,ecf458ed-ed92-4f04-bf27-1912d59bdbc0,Mega Charizard Y ex,Ascended Heroes,294,mega_hyper_rare,v1|137653996066|0,Mega Charizard Y EX 294/217 Gold Hyper Rare -Ascended Heroes -Pokemon TCG NM,,Ungraded,4000,[],"[""FIXED_PRICE"", ""BEST_OFFER""]",chris_yan88tcg,https://i.ebayimg.com/images/g/GBwAAeSwZl5qVCsI/s-l225.jpg,https://www.ebay.com/itm/137653996066?_skw=Mega+Charizard+Y+ex+294+Ascended+Heroes+Pokemon+card&hash=item200cd14a22:g:GBwAAeSwZl5qVCsI,"{""value"": ""425.00"", ""currency"": ""USD""}","[{""shippingCostType"": ""CALCULATED""}]",,,PENDING_INDEPENDENT_HUMAN_REVIEW,DEVELOPMENT,,,,,,,,,,,,,,
D2-0376,4206e794-1ec6-4d55-94d4-63267ac9a183,9d5ddc90-8f9d-4759-b73d-fff0cd877d73,Mega Dragonite ex,Ascended Heroes,290,special_illustration_rare,v1|117356405326|0,Mega Dragonite ex 370 HP Full Art Holo Secret Rare Ascended Heroes 290/217,,Ungraded,4000,[],"[""FIXED_PRICE""]",restocked-vintage-collectibles-sneakers,https://i.ebayimg.com/images/g/lG0AAeSwiodqfSSW/s-l225.jpg,https://www.ebay.com/itm/117356405326?_skw=Mega+Dragonite+ex+290+Ascended+Heroes+Pokemon+card&hash=item1b52fca24e:g:lG0AAeSwiodqfSSW,"{""value"": ""725.00"", ""currency"": ""USD""}","[{""shippingCostType"": ""FIXED"", ""shippingCost"": {""value"": ""0.00"", ""currency"": ""USD""}, ""minEstimatedDeliveryDate"": ""2026-09-15T07:00:00.000Z"", ""maxEstimatedDeliveryDate"": ""2026-09-18T07:00:00.000Z""}]",,,PENDING_INDEPENDENT_HUMAN_REVIEW,DEVELOPMENT,,,,,,,,,,,,,,
D2-0382,4206e794-1ec6-4d55-94d4-63267ac9a183,9d5ddc90-8f9d-4759-b73d-fff0cd877d73,Mega Dragonite ex,Ascended Heroes,290,special_illustration_rare,v1|298658951918|0,2026 Pokemon Ascended Heroes Mega Dragonite Ex SIR,,Graded,2750,[],"[""FIXED_PRICE"", ""BEST_OFFER""]",tirya_8,https://i.ebayimg.com/images/g/V3gAAeSwTy1qoVCq/s-l225.jpg,https://www.ebay.com/itm/298658951918?_skw=Mega+Dragonite+ex+290+Ascended+Heroes+Pokemon+card&hash=item458975f2ee:g:V3gAAeSwTy1qoVCq&amdata=enc%3AAQALAAABEACCtXRWQnOEpyOqnQQ8KGbOW7Y85suVoeCKP%2FxNP3AEw8VDqaXx4uhm04p6q3PxSPbqcDj8ZaGtIlqDvWoH0JaYunzjWepSPSOeLNFf0qdzPbyaZxlpziKGH52mR5AQqEzcl9MSX8Pi52gV6bwf5NEe85H71ItbWOm5D8x%2B8Mo3wo97HxB5yFb%2BSbYXexrhbdyumY%2BnG5O6FEEjDcPmaN5suk8w4gWhkQu1KChmF6ShOlWHF8Qb5R%2Bo%2FGZJvBvDwzg%2BQyp6YEXQgg0iOGnhB6GFPUSQ1OHeD95k3DGFlrSS%2Fygcnzf%2FN6nFgy7mkyx%2F7LegO8IaEHrX9QvhCxta0UJ7xNeJOrmLJ9jMfP3u0RjD,"{""value"": ""1250.00"", ""currency"": ""USD""}","[{""shippingCostType"": ""CALCULATED""}]",,,PENDING_INDEPENDENT_HUMAN_REVIEW,DEVELOPMENT,,,,,,,,,,,,,,
D2-0383,4206e794-1ec6-4d55-94d4-63267ac9a183,9d5ddc90-8f9d-4759-b73d-fff0cd877d73,Mega Dragonite ex,Ascended Heroes,290,special_illustration_rare,v1|137702610165|0,Mega Dragonite SIR 290/217 Near Mint Condition,,Ungraded,4000,[],"[""FIXED_PRICE"", ""BEST_OFFER""]",sc00ptcg,https://i.ebayimg.com/images/g/jCYAAeSwU0FqnCwS/s-l225.jpg,https://www.ebay.com/itm/137702610165?_skw=Mega+Dragonite+ex+290+Ascended+Heroes+Pokemon+card&hash=item200fb714f5:g:jCYAAeSwU0FqnCwS,"{""value"": ""640.00"", ""currency"": ""USD""}","[{""shippingCostType"": ""CALCULATED""}]",,,PENDING_INDEPENDENT_HUMAN_REVIEW,DEVELOPMENT,,,,,,,,,,,,,,
D2-0385,4206e794-1ec6-4d55-94d4-63267ac9a183,9d5ddc90-8f9d-4759-b73d-fff0cd877d73,Mega Dragonite ex,Ascended Heroes,290,special_illustration_rare,v1|117392015009|0,Mega Dragonite ex 290/217 SIR - PSA 10 - Ascended Heroes - Pokemon TCG,,Graded,2750,[],"[""AUCTION"", ""BEST_OFFER""]",qtimeenterprizes,https://i.ebayimg.com/images/g/EusAAeSwwTlqmDvL/s-l225.jpg,https://www.ebay.com/itm/117392015009?_skw=Mega+Dragonite+ex+290+Ascended+Heroes+Pokemon+card&hash=item1b551bfea1:g:EusAAeSwwTlqmDvL,{},"[{""shippingCostType"": ""FIXED"", ""shippingCost"": {""value"": ""0.00"", ""currency"": ""USD""}, ""minEstimatedDeliveryDate"": ""2026-09-16T07:00:00.000Z"", ""maxEstimatedDeliveryDate"": ""2026-09-19T07:00:00.000Z""}]",,,PENDING_INDEPENDENT_HUMAN_REVIEW,DEVELOPMENT,,,,,,,,,,,,,,
D2-0386,4206e794-1ec6-4d55-94d4-63267ac9a183,9d5ddc90-8f9d-4759-b73d-fff0cd877d73,Mega Dragonite ex,Ascended Heroes,290,special_illustration_rare,v1|398363872415|0,*SPANISH* Mega Dragonite ex 290/217 SIR Ascended Heroes Pokemon NM,,Ungraded,4000,[],"[""FIXED_PRICE"", ""BEST_OFFER""]",mi8997,https://i.ebayimg.com/images/g/bY0AAeSwJHdqfg0Q/s-l225.jpg,https://www.ebay.com/itm/398363872415?_skw=Mega+Dragonite+ex+290+Ascended+Heroes+Pokemon+card&hash=item5cc0564c9f:g:bY0AAeSwJHdqfg0Q,"{""value"": ""450.00"", ""currency"": ""USD""}","[{""shippingCostType"": ""FIXED"", ""shippingCost"": {""value"": ""0.00"", ""currency"": ""USD""}, ""minEstimatedDeliveryDate"": ""2026-09-15T07:00:00.000Z"", ""maxEstimatedDeliveryDate"": ""2026-09-21T07:00:00.000Z""}]",,,PENDING_INDEPENDENT_HUMAN_REVIEW,DEVELOPMENT,,,,,,,,,,,,,,
D2-0387,4206e794-1ec6-4d55-94d4-63267ac9a183,9d5ddc90-8f9d-4759-b73d-fff0cd877d73,Mega Dragonite ex,Ascended Heroes,290,special_illustration_rare,v1|227192745469|0,Pokemon Mega Dragonite EX 290/217 SIR Ascended Heroes Extended Artwork Case,,Ungraded,4000,[],"[""FIXED_PRICE""]",dragarious,https://i.ebayimg.com/images/g/iogAAeSwnR9pejxm/s-l225.jpg,https://www.ebay.com/itm/227192745469?_skw=Mega+Dragonite+ex+290+Ascended+Heroes+Pokemon+card&hash=item34e5be2dfd:g:iogAAeSwnR9pejxm,"{""value"": ""12.00"", ""currency"": ""USD""}","[{""shippingCostType"": ""CALCULATED""}]",,,PENDING_INDEPENDENT_HUMAN_REVIEW,DEVELOPMENT,,,,,,,,,,,,,,
D2-0389,4206e794-1ec6-4d55-94d4-63267ac9a183,9d5ddc90-8f9d-4759-b73d-fff0cd877d73,Mega Dragonite ex,Ascended Heroes,290,special_illustration_rare,v1|137641777315|0,Mega Dragonite ex 290/217 Set: Ascended Heroes SIR Near Mint,,Ungraded,4000,[],"[""FIXED_PRICE""]",joltneru,https://i.ebayimg.com/images/g/OHkAAeSwVzdqhnRN/s-l225.jpg,https://www.ebay.com/itm/137641777315?_skw=Mega+Dragonite+ex+290+Ascended+Heroes+Pokemon+card&hash=item200c16d8a3:g:OHkAAeSwVzdqhnRN,"{""value"": ""650.00"", ""currency"": ""USD""}",[],,,PENDING_INDEPENDENT_HUMAN_REVIEW,DEVELOPMENT,,,,,,,,,,,,,,
D2-0393,4299cd6b-98e3-4e65-865f-26a39b19fe5b,041717c6-a2b6-40d1-867a-b1abb1d65ec8,Durant ex,Surging Sparks,236,special_illustration_rare,v1|147485522094|0,Durant ex 236/191 Special Illustration Rare SV08 Surging Sparks Holo Pokemon TCG,,Ungraded,4000,[],"[""FIXED_PRICE"", ""BEST_OFFER""]",indigoplateaupa,https://i.ebayimg.com/images/g/Vs4AAeSwrsFqc5v3/s-l225.jpg,https://www.ebay.com/itm/147485522094?_skw=Durant+ex+236+Surging+Sparks+Pokemon+card&hash=item2256d278ae:g:Vs4AAeSwrsFqc5v3,"{""value"": ""39.99"", ""currency"": ""USD""}","[{""shippingCostType"": ""CALCULATED""}]",,,PENDING_INDEPENDENT_HUMAN_REVIEW,DEVELOPMENT,,,,,,,,,,,,,,
D2-0395,4299cd6b-98e3-4e65-865f-26a39b19fe5b,041717c6-a2b6-40d1-867a-b1abb1d65ec8,Durant ex,Surging Sparks,236,special_illustration_rare,v1|267727998860|0,Durant ex Special Illustration Rare - SSP 236/191 EN NM Holofoil Pokemon,,Ungraded,4000,[],"[""FIXED_PRICE"", ""BEST_OFFER""]",godpackgaming,https://i.ebayimg.com/images/g/5~MAAeSwd89qo4W6/s-l225.jpg,https://www.ebay.com/itm/267727998860?_skw=Durant+ex+236+Surging+Sparks+Pokemon+card&hash=item3e55d50f8c:g:5~MAAeSwd89qo4W6,"{""value"": ""49.49"", ""currency"": ""USD""}","[{""shippingCostType"": ""FIXED"", ""shippingCost"": {""value"": ""0.00"", ""currency"": ""USD""}, ""minEstimatedDeliveryDate"": ""2026-09-15T07:00:00.000Z"", ""maxEstimatedDeliveryDate"": ""2026-09-21T07:00:00.000Z""}]",,,PENDING_INDEPENDENT_HUMAN_REVIEW,DEVELOPMENT,,,,,,,,,,,,,,
D2-0396,4299cd6b-98e3-4e65-865f-26a39b19fe5b,041717c6-a2b6-40d1-867a-b1abb1d65ec8,Durant ex,Surging Sparks,236,special_illustration_rare,v1|336759928958|0,Durant ex Holofoil EN [SSP - 236/191] NM,,Ungraded,4000,[],"[""FIXED_PRICE"", ""BEST_OFFER""]",hiddenmachine602,https://i.ebayimg.com/images/g/2mcAAeSw6RlqkN6T/s-l225.jpg,https://www.ebay.com/itm/336759928958?_skw=Durant+ex+236+Surging+Sparks+Pokemon+card&hash=item4e6874b87e:g:2mcAAeSw6RlqkN6T,"{""value"": ""38.57"", ""currency"": ""USD""}","[{""shippingCostType"": ""CALCULATED""}]",,,PENDING_INDEPENDENT_HUMAN_REVIEW,DEVELOPMENT,,,,,,,,,,,,,,
D2-0399,4299cd6b-98e3-4e65-865f-26a39b19fe5b,041717c6-a2b6-40d1-867a-b1abb1d65ec8,Durant ex,Surging Sparks,236,special_illustration_rare,v1|156641391983|458343818456,Pokemon Surging Sparks: Choose Your Card! Holos/EX/Full Arts! NM,,Ungraded,4000,[],"[""FIXED_PRICE""]",overstackedcards,https://i.ebayimg.com/images/g/q5EAAOSw03doANFJ/s-l225.jpg,https://www.ebay.com/itm/156641391983?_skw=Durant+ex+236+Surging+Sparks+Pokemon+card&hash=item24788df56f:g:q5EAAOSw03doANFJ,"{""value"": ""66.49"", ""currency"": ""USD""}","[{""shippingCostType"": ""FIXED"", ""shippingCost"": {""value"": ""0.00"", ""currency"": ""USD""}, ""minEstimatedDeliveryDate"": ""2026-09-15T07:00:00.000Z"", ""maxEstimatedDeliveryDate"": ""2026-09-18T07:00:00.000Z""}]",,,PENDING_INDEPENDENT_HUMAN_REVIEW,DEVELOPMENT,,,,,,,,,,,,,,
D2-0402,4299cd6b-98e3-4e65-865f-26a39b19fe5b,041717c6-a2b6-40d1-867a-b1abb1d65ec8,Durant ex,Surging Sparks,236,special_illustration_rare,v1|227225064653|0,Pokemon Durant EX 236 SIR Surging Sparks Extended Artwork Case,,Ungraded,4000,[],"[""FIXED_PRICE""]",dragarious,https://i.ebayimg.com/images/g/hrcAAeSwMdJpmIHZ/s-l225.jpg,https://www.ebay.com/itm/227225064653?_skw=Durant+ex+236+Surging+Sparks+Pokemon+card&hash=item34e7ab54cd:g:hrcAAeSwMdJpmIHZ,"{""value"": ""12.00"", ""currency"": ""USD""}","[{""shippingCostType"": ""CALCULATED""}]",,,PENDING_INDEPENDENT_HUMAN_REVIEW,DEVELOPMENT,,,,,,,,,,,,,,
D2-0404,4299cd6b-98e3-4e65-865f-26a39b19fe5b,041717c6-a2b6-40d1-867a-b1abb1d65ec8,Durant ex,Surging Sparks,236,special_illustration_rare,v1|157639756028|0,2024 POKEMON SSP SURGING SPARKS #236 DURANT EX SPECIAL ILLUSTRATION RARE PSA 9,,Graded,2750,[],"[""FIXED_PRICE"", ""BEST_OFFER""]",jpscollectablesny,https://i.ebayimg.com/images/g/ILkAAeSwFMZpd98x/s-l225.jpg,https://www.ebay.com/itm/157639756028?_skw=Durant+ex+236+Surging+Sparks+Pokemon+card&hash=item24b40fc8fc:g:ILkAAeSwFMZpd98x,"{""value"": ""50.00"", ""currency"": ""USD""}","[{""shippingCostType"": ""CALCULATED""}]",,,PENDING_INDEPENDENT_HUMAN_REVIEW,DEVELOPMENT,,,,,,,,,,,,,,
D2-0405,4299cd6b-98e3-4e65-865f-26a39b19fe5b,041717c6-a2b6-40d1-867a-b1abb1d65ec8,Durant ex,Surging Sparks,236,special_illustration_rare,v1|158122664299|0,Pokémon TCG Durant EX Card 236/191 SIR- Surging Sparks. NM,,Ungraded,4000,[],"[""FIXED_PRICE""]",lootexchange,https://i.ebayimg.com/images/g/KhgAAeSwdJpqZqWH/s-l225.jpg,https://www.ebay.com/itm/158122664299?_skw=Durant+ex+236+Surging+Sparks+Pokemon+card&hash=item24d0d8616b:g:KhgAAeSwdJpqZqWH,"{""value"": ""35.00"", ""currency"": ""USD""}","[{""shippingCostType"": ""CALCULATED""}]",,,PENDING_INDEPENDENT_HUMAN_REVIEW,DEVELOPMENT,,,,,,,,,,,,,,
D2-0406,50f67b41-059d-4c14-842f-8b48fba46bc2,304de4f2-c09c-4d1c-a57e-5b83867aee55,Lt. Surge's Bargain,Mega Evolution,120,uncommon,v1|117288573527|0,Lt. Surge's Bargain#120/132 Me01 Mega Evolution Reverse Holo Pokemon TCG NM,,Ungraded,4000,[],"[""FIXED_PRICE""]",cardcachemn,https://i.ebayimg.com/images/g/MOMAAeSwVSNqTGWB/s-l225.jpg,https://www.ebay.com/itm/117288573527?_skw=Lt.+Surge%27s+Bargain+120+Mega+Evolution+Pokemon+card&hash=item1b4ef19a57:g:MOMAAeSwVSNqTGWB,"{""value"": ""1.48"", ""currency"": ""USD""}","[{""shippingCostType"": ""FIXED"", ""shippingCost"": {""value"": ""0.00"", ""currency"": ""USD""}, ""minEstimatedDeliveryDate"": ""2026-09-15T07:00:00.000Z"", ""maxEstimatedDeliveryDate"": ""2026-09-21T07:00:00.000Z""}]",,,PENDING_INDEPENDENT_HUMAN_REVIEW,DEVELOPMENT,,,,,,,,,,,,,,
D2-0408,50f67b41-059d-4c14-842f-8b48fba46bc2,304de4f2-c09c-4d1c-a57e-5b83867aee55,Lt. Surge's Bargain,Mega Evolution,120,uncommon,v1|127562558523|0,Lt. Surge's Bargain 120/132 Mega Evolution,,Ungraded,4000,[],"[""FIXED_PRICE""]",cruzjgomezjr21,https://i.ebayimg.com/images/g/BbYAAeSwOkdpOdVL/s-l225.jpg,https://www.ebay.com/itm/127562558523?_skw=Lt.+Surge%27s+Bargain+120+Mega+Evolution+Pokemon+card&hash=item1db3522c3b:g:BbYAAeSwOkdpOdVL,"{""value"": ""1.30"", ""currency"": ""USD""}","[{""shippingCostType"": ""FIXED"", ""shippingCost"": {""value"": ""0.00"", ""currency"": ""USD""}, ""minEstimatedDeliveryDate"": ""2026-09-15T07:00:00.000Z"", ""maxEstimatedDeliveryDate"": ""2026-09-21T07:00:00.000Z""}]",,,PENDING_INDEPENDENT_HUMAN_REVIEW,DEVELOPMENT,,,,,,,,,,,,,,
D2-0409,50f67b41-059d-4c14-842f-8b48fba46bc2,304de4f2-c09c-4d1c-a57e-5b83867aee55,Lt. Surge's Bargain,Mega Evolution,120,uncommon,v1|127448692623|428542840205,Pokemon TCG Mega Evolution Choose Your Card,,Ungraded,4000,[],"[""FIXED_PRICE""]",therespectablecollectable,https://i.ebayimg.com/images/g/CjgAAeSwjmdo-lAS/s-l225.jpg,https://www.ebay.com/itm/127448692623?_skw=Lt.+Surge%27s+Bargain+120+Mega+Evolution+Pokemon+card&hash=item1dac88b78f:g:CjgAAeSwjmdo-lAS,"{""value"": ""1.74"", ""currency"": ""USD""}","[{""shippingCostType"": ""FIXED"", ""shippingCost"": {""value"": ""0.00"", ""currency"": ""USD""}, ""minEstimatedDeliveryDate"": ""2026-09-15T07:00:00.000Z"", ""maxEstimatedDeliveryDate"": ""2026-09-18T07:00:00.000Z""}]",,,PENDING_INDEPENDENT_HUMAN_REVIEW,DEVELOPMENT,,,,,,,,,,,,,,
D2-0413,50f67b41-059d-4c14-842f-8b48fba46bc2,304de4f2-c09c-4d1c-a57e-5b83867aee55,Lt. Surge's Bargain,Mega Evolution,120,uncommon,v1|127691557304|0,Pokemon Lt. Surge's Bargain (120/197) Mega Evolution LP REVERSE HOLO,,Ungraded,4000,[],"[""FIXED_PRICE""]",ninetyfive,https://i.ebayimg.com/images/g/wJoAAeSwOcNplbeg/s-l225.jpg,https://www.ebay.com/itm/127691557304?_skw=Lt.+Surge%27s+Bargain+120+Mega+Evolution+Pokemon+card&hash=item1dbb0289b8:g:wJoAAeSwOcNplbeg,"{""value"": ""0.99"", ""currency"": ""USD""}","[{""shippingCostType"": ""FIXED"", ""shippingCost"": {""value"": ""0.49"", ""currency"": ""USD""}, ""minEstimatedDeliveryDate"": ""2026-09-16T07:00:00.000Z"", ""maxEstimatedDeliveryDate"": ""2026-09-23T07:00:00.000Z""}]",,,PENDING_INDEPENDENT_HUMAN_REVIEW,DEVELOPMENT,,,,,,,,,,,,,,
D2-0415,50f67b41-059d-4c14-842f-8b48fba46bc2,304de4f2-c09c-4d1c-a57e-5b83867aee55,Lt. Surge's Bargain,Mega Evolution,120,uncommon,v1|137711959830|0,Lt. Surge's Bargain - 120/132 Reverse Holo Mega Evolution NM Pokemon,,Ungraded,4000,[],"[""FIXED_PRICE"", ""BEST_OFFER""]",fire-cards,https://i.ebayimg.com/images/g/fZcAAeSw0kNqo0aA/s-l225.jpg,https://www.ebay.com/itm/137711959830?_skw=Lt.+Surge%27s+Bargain+120+Mega+Evolution+Pokemon+card&hash=item201045bf16:g:fZcAAeSw0kNqo0aA,"{""value"": ""1.99"", ""currency"": ""USD""}","[{""shippingCostType"": ""FIXED"", ""shippingCost"": {""value"": ""0.00"", ""currency"": ""USD""}, ""minEstimatedDeliveryDate"": ""2026-09-15T07:00:00.000Z"", ""maxEstimatedDeliveryDate"": ""2026-09-19T07:00:00.000Z""}]",,,PENDING_INDEPENDENT_HUMAN_REVIEW,DEVELOPMENT,,,,,,,,,,,,,,
D2-0417,50f67b41-059d-4c14-842f-8b48fba46bc2,304de4f2-c09c-4d1c-a57e-5b83867aee55,Lt. Surge's Bargain,Mega Evolution,120,uncommon,v1|147245550821|0,Lt. Surge's Bargain 120/132 Mega Evolution Reverse Holo Pokemon Card,,Ungraded,4000,[],"[""FIXED_PRICE""]",hivemind_collectibles,https://i.ebayimg.com/images/g/of8AAeSwGTpp1Dh~/s-l225.jpg,https://www.ebay.com/itm/147245550821?_skw=Lt.+Surge%27s+Bargain+120+Mega+Evolution+Pokemon+card&hash=item224884cce5:g:of8AAeSwGTpp1Dh~,"{""value"": ""1.99"", ""currency"": ""USD""}","[{""shippingCostType"": ""FIXED"", ""shippingCost"": {""value"": ""0.00"", ""currency"": ""USD""}, ""minEstimatedDeliveryDate"": ""2026-09-15T07:00:00.000Z"", ""maxEstimatedDeliveryDate"": ""2026-09-18T07:00:00.000Z""}]",,,PENDING_INDEPENDENT_HUMAN_REVIEW,DEVELOPMENT,,,,,,,,,,,,,,
D2-0419,50f67b41-059d-4c14-842f-8b48fba46bc2,304de4f2-c09c-4d1c-a57e-5b83867aee55,Lt. Surge's Bargain,Mega Evolution,120,uncommon,v1|158230135276|0,120/132 Lt Surge's Bargain - ME01 Mega Evolution Reverse Holo NM Pokemon Trainer,,Ungraded,4000,[],"[""FIXED_PRICE""]",mountvariety,https://i.ebayimg.com/images/g/KVwAAeSwyv9o4XMg/s-l225.jpg,https://www.ebay.com/itm/158230135276?_skw=Lt.+Surge%27s+Bargain+120+Mega+Evolution+Pokemon+card&hash=item24d74041ec:g:KVwAAeSwyv9o4XMg,"{""value"": ""1.53"", ""currency"": ""USD""}","[{""shippingCostType"": ""FIXED"", ""shippingCost"": {""value"": ""0.00"", ""currency"": ""USD""}, ""minEstimatedDeliveryDate"": ""2026-09-14T07:00:00.000Z"", ""maxEstimatedDeliveryDate"": ""2026-09-17T07:00:00.000Z""}]",,,PENDING_INDEPENDENT_HUMAN_REVIEW,DEVELOPMENT,,,,,,,,,,,,,,
D2-0421,53466d2d-94fd-4230-9505-694297a9030d,3451abaf-acc7-41aa-a60c-25f24b7ac07f,Perrin,Twilight Masquerade,220,special_illustration_rare,v1|117264939363|0,Perrin Holo Twilight Masquerade 220/167 SIR NM Pokemon,,Ungraded,4000,[],"[""FIXED_PRICE""]",cardthrone,https://i.ebayimg.com/images/g/3zwAAeSwf55qOtxl/s-l225.jpg,https://www.ebay.com/itm/117264939363?_skw=Perrin+220+Twilight+Masquerade+Pokemon+card&hash=item1b4d88f963:g:3zwAAeSwf55qOtxl,"{""value"": ""213.99"", ""currency"": ""USD""}","[{""shippingCostType"": ""FIXED"", ""shippingCost"": {""value"": ""0.00"", ""currency"": ""USD""}, ""minEstimatedDeliveryDate"": ""2026-09-15T07:00:00.000Z"", ""maxEstimatedDeliveryDate"": ""2026-09-21T07:00:00.000Z""}]",,,PENDING_INDEPENDENT_HUMAN_REVIEW,DEVELOPMENT,,,,,,,,,,,,,,
D2-0423,53466d2d-94fd-4230-9505-694297a9030d,3451abaf-acc7-41aa-a60c-25f24b7ac07f,Perrin,Twilight Masquerade,220,special_illustration_rare,v1|128025338767|0,Perrin Special Illustration Rare Pokemon SV Twilight Masquerade [TWM] #220 NM,,Ungraded,4000,[],"[""FIXED_PRICE"", ""BEST_OFFER""]",collect_n_tech,https://i.ebayimg.com/images/g/z60AAeSwSOpqfjWy/s-l225.jpg,https://www.ebay.com/itm/128025338767?_skw=Perrin+220+Twilight+Masquerade+Pokemon+card&hash=item1dcee7a38f:g:z60AAeSwSOpqfjWy,"{""value"": ""179.99"", ""currency"": ""USD""}","[{""shippingCostType"": ""FIXED"", ""shippingCost"": {""value"": ""0.00"", ""currency"": ""USD""}, ""minEstimatedDeliveryDate"": ""2026-09-15T07:00:00.000Z"", ""maxEstimatedDeliveryDate"": ""2026-09-18T07:00:00.000Z""}]",,,PENDING_INDEPENDENT_HUMAN_REVIEW,DEVELOPMENT,,,,,,,,,,,,,,
D2-0426,53466d2d-94fd-4230-9505-694297a9030d,3451abaf-acc7-41aa-a60c-25f24b7ac07f,Perrin,Twilight Masquerade,220,special_illustration_rare,v1|156447979868|458659080288,Pokemon TCG - Twilight Masquerade: Choose Your Card! - All Holos/Reverse Holos!,,Ungraded,4000,[],"[""FIXED_PRICE""]",overstackedcards,https://i.ebayimg.com/images/g/dYIAAeSwg-NodKpf/s-l225.jpg,https://www.ebay.com/itm/156447979868?_skw=Perrin+220+Twilight+Masquerade+Pokemon+card&hash=item246d06b95c:g:dYIAAeSwg-NodKpf,"{""value"": ""239.99"", ""currency"": ""USD""}","[{""shippingCostType"": ""FIXED"", ""shippingCost"": {""value"": ""0.00"", ""currency"": ""USD""}, ""minEstimatedDeliveryDate"": ""2026-09-15T07:00:00.000Z"", ""maxEstimatedDeliveryDate"": ""2026-09-18T07:00:00.000Z""}]",,,PENDING_INDEPENDENT_HUMAN_REVIEW,DEVELOPMENT,,,,,,,,,,,,,,
D2-0427,53466d2d-94fd-4230-9505-694297a9030d,3451abaf-acc7-41aa-a60c-25f24b7ac07f,Perrin,Twilight Masquerade,220,special_illustration_rare,v1|128040998374|0,2024 POKEMON TWM EN-TWILIGHT MASQUERADE SPECIAL ILLUSTRATION RARE PERRIN PSA 10,,Graded,2750,[],"[""FIXED_PRICE"", ""BEST_OFFER""]",carolinamoontcg,https://i.ebayimg.com/images/g/3XEAAeSwlyZqi5KM/s-l225.jpg,https://www.ebay.com/itm/128040998374?_skw=Perrin+220+Twilight+Masquerade+Pokemon+card&hash=item1dcfd695e6:g:3XEAAeSwlyZqi5KM,"{""value"": ""450.00"", ""currency"": ""USD""}","[{""shippingCostType"": ""FIXED"", ""shippingCost"": {""value"": ""20.00"", ""currency"": ""USD""}, ""minEstimatedDeliveryDate"": ""2026-09-15T07:00:00.000Z"", ""maxEstimatedDeliveryDate"": ""2026-09-19T07:00:00.000Z""}]",,,PENDING_INDEPENDENT_HUMAN_REVIEW,DEVELOPMENT,,,,,,,,,,,,,,
D2-0430,53466d2d-94fd-4230-9505-694297a9030d,3451abaf-acc7-41aa-a60c-25f24b7ac07f,Perrin,Twilight Masquerade,220,special_illustration_rare,v1|137321599733|0,POKEMON TWM EN-TWILIGHT MASQUERADE 220 PERRIN SPECIAL ILLUSTRATION RARE PSA 10,,Graded,2750,[],"[""FIXED_PRICE""]",tnkcards,https://i.ebayimg.com/images/g/uqcAAeSwz5hqCyKz/s-l225.jpg,https://www.ebay.com/itm/137321599733?_skw=Perrin+220+Twilight+Masquerade+Pokemon+card&hash=item1ff90152f5:g:uqcAAeSwz5hqCyKz,"{""value"": ""350.00"", ""currency"": ""USD""}","[{""shippingCostType"": ""FIXED"", ""shippingCost"": {""value"": ""0.00"", ""currency"": ""USD""}, ""minEstimatedDeliveryDate"": ""2026-09-15T07:00:00.000Z"", ""maxEstimatedDeliveryDate"": ""2026-09-21T07:00:00.000Z""}]",,,PENDING_INDEPENDENT_HUMAN_REVIEW,DEVELOPMENT,,,,,,,,,,,,,,
D2-0433,53466d2d-94fd-4230-9505-694297a9030d,3451abaf-acc7-41aa-a60c-25f24b7ac07f,Perrin,Twilight Masquerade,220,special_illustration_rare,v1|157843231068|0,Perrin 220/167 TCG Sv06 Twilight Masquerade Magnetic 🧲 Extended Art Case,,Ungraded,4000,[],"[""FIXED_PRICE""]",outback_originals,https://i.ebayimg.com/images/g/H8oAAeSw935qJ1Pu/s-l225.jpg,https://www.ebay.com/itm/157843231068?_skw=Perrin+220+Twilight+Masquerade+Pokemon+card&hash=item24c030915c:g:H8oAAeSw935qJ1Pu,"{""value"": ""16.00"", ""currency"": ""USD""}","[{""shippingCostType"": ""FIXED"", ""shippingCost"": {""value"": ""7.00"", ""currency"": ""USD""}, ""minEstimatedDeliveryDate"": ""2026-09-15T07:00:00.000Z"", ""maxEstimatedDeliveryDate"": ""2026-09-18T07:00:00.000Z""}]",,,PENDING_INDEPENDENT_HUMAN_REVIEW,DEVELOPMENT,,,,,,,,,,,,,,
D2-0435,53466d2d-94fd-4230-9505-694297a9030d,3451abaf-acc7-41aa-a60c-25f24b7ac07f,Perrin,Twilight Masquerade,220,special_illustration_rare,v1|157991697184|0,Pokémon Perrin 220/167 Twilight Masquerade Special Illustration Rare Holo PSA 10,,Graded,2750,[],"[""FIXED_PRICE"", ""BEST_OFFER""]",hiero_9,https://i.ebayimg.com/images/g/9A8AAeSwielqK1VA/s-l225.jpg,https://www.ebay.com/itm/157991697184?_skw=Perrin+220+Twilight+Masquerade+Pokemon+card&hash=item24c909fb20:g:9A8AAeSwielqK1VA,"{""value"": ""369.00"", ""currency"": ""USD""}","[{""shippingCostType"": ""CALCULATED""}]",,,PENDING_INDEPENDENT_HUMAN_REVIEW,DEVELOPMENT,,,,,,,,,,,,,,
D2-0436,55096ab6-1773-47c4-bbff-20c1db011223,9f4a2888-2f11-47aa-a5c5-2ccac8ca7c71,Victini,Black Bolt,171,rare,v1|128062796019|0,Red Victini 171/086 BWR Holo Rare Pokemon Black Bolt,,Ungraded,4000,[],"[""FIXED_PRICE""]",holohauscards,https://i.ebayimg.com/images/g/PvAAAeSwzMRqm4Kj/s-l225.jpg,https://www.ebay.com/itm/128062796019?_skw=Victini+171+Black+Bolt+Pokemon+card&hash=item1dd12330f3:g:PvAAAeSwzMRqm4Kj,"{""value"": ""599.00"", ""currency"": ""USD""}","[{""shippingCostType"": ""CALCULATED""}]",,,PENDING_INDEPENDENT_HUMAN_REVIEW,DEVELOPMENT,,,,,,,,,,,,,,
D2-0439,55096ab6-1773-47c4-bbff-20c1db011223,9f4a2888-2f11-47aa-a5c5-2ccac8ca7c71,Victini,Black Bolt,171,rare,v1|407125616861|0,Victini 171/086 BLK Pokemon Card EN Holofoil NM 5ban Graphics,,Ungraded,4000,[],"[""FIXED_PRICE""]",dusted_diamonds,https://i.ebayimg.com/images/g/scYAAeSw2G9qlKB4/s-l225.jpg,https://www.ebay.com/itm/407125616861?_skw=Victini+171+Black+Bolt+Pokemon+card&hash=item5eca93e8dd:g:scYAAeSw2G9qlKB4&amdata=enc%3AAQALAAABAACCtXRWQnOEpyOqnQQ8KGZ9T%2FvqRxPoHMgJRPpXyhXZx%2FGMewtSOsNn%2B3HQIWxYVUOVY%2FA3rPRjSk4xINR3h8Pm8DvXkf1GZqfpIc80WClnM24vas46LJ3Cl2hhwFANAeOIiuRaPzQmUAnRnNj7Hia4DHU2MXYy0qm1SL3MZEqKL%2B%2BuI9sWBYhFpch9zqSaJsWUiEpDg9ACoXpP1VEavopILkjkdrYPsFBxDk593ZTY4YC%2BOw6GpOoI1hcuNyPBRmtdlIy%2FbWYwhJRENJCy9yFNSw4BDc2m45i8X1p2ulPXVmeNdhvyzNOH3YXXiV%2FoEzOn4lLEkFgGFJfAv%2FFzhF8%3D,"{""value"": ""635.30"", ""currency"": ""USD""}","[{""shippingCostType"": ""CALCULATED""}]",,,PENDING_INDEPENDENT_HUMAN_REVIEW,DEVELOPMENT,,,,,,,,,,,,,,
D2-0440,55096ab6-1773-47c4-bbff-20c1db011223,9f4a2888-2f11-47aa-a5c5-2ccac8ca7c71,Victini,Black Bolt,171,rare,v1|127347285352|0,Pokemon Victini (12/324) Black Bolt LP HOLO,,Ungraded,4000,[],"[""FIXED_PRICE""]",ninetyfive,https://i.ebayimg.com/images/g/SRQAAeSwvVZotvMh/s-l225.jpg,https://www.ebay.com/itm/127347285352?_skw=Victini+171+Black+Bolt+Pokemon+card&hash=item1da67d5d68:g:SRQAAeSwvVZotvMh,"{""value"": ""0.99"", ""currency"": ""USD""}","[{""shippingCostType"": ""FIXED"", ""shippingCost"": {""value"": ""0.49"", ""currency"": ""USD""}, ""minEstimatedDeliveryDate"": ""2026-09-16T07:00:00.000Z"", ""maxEstimatedDeliveryDate"": ""2026-09-23T07:00:00.000Z""}]",,,PENDING_INDEPENDENT_HUMAN_REVIEW,DEVELOPMENT,,,,,,,,,,,,,,
D2-0443,55096ab6-1773-47c4-bbff-20c1db011223,9f4a2888-2f11-47aa-a5c5-2ccac8ca7c71,Victini,Black Bolt,171,rare,v1|157214137167|458744442243,Black Bolt Pokemon Cards! Holo/Reverse Holo Rare Illustration Full Art SIR Card!,,Ungraded,4000,[],"[""FIXED_PRICE""]",overstackedcards,https://i.ebayimg.com/images/g/KKQAAeSwkd5ooXzT/s-l225.jpg,https://www.ebay.com/itm/157214137167?_skw=Victini+171+Black+Bolt+Pokemon+card&var=458744442243&hash=item249ab15b4f:g:KKQAAeSwkd5ooXzT,"{""value"": ""18.99"", ""currency"": ""USD""}","[{""shippingCostType"": ""FIXED"", ""shippingCost"": {""value"": ""0.00"", ""currency"": ""USD""}, ""minEstimatedDeliveryDate"": ""2026-09-15T07:00:00.000Z"", ""maxEstimatedDeliveryDate"": ""2026-09-18T07:00:00.000Z""}]",,,PENDING_INDEPENDENT_HUMAN_REVIEW,DEVELOPMENT,,,,,,,,,,,,,,
D2-0446,55096ab6-1773-47c4-bbff-20c1db011223,9f4a2888-2f11-47aa-a5c5-2ccac8ca7c71,Victini,Black Bolt,171,rare,v1|178137250195|0,2025 Pokémon Black Bolt Victini #171 Black White Rare PSA 9,,Graded,2750,[],"[""FIXED_PRICE"", ""BEST_OFFER""]",iansretrorelics,https://i.ebayimg.com/images/g/-hoAAeSwLQ1qB2QX/s-l225.jpg,https://www.ebay.com/itm/178137250195?_skw=Victini+171+Black+Bolt+Pokemon+card&hash=item2979ceb993:g:-hoAAeSwLQ1qB2QX,"{""value"": ""995.00"", ""currency"": ""USD""}","[{""shippingCostType"": ""FIXED"", ""shippingCost"": {""value"": ""0.00"", ""currency"": ""USD""}, ""minEstimatedDeliveryDate"": ""2026-09-15T07:00:00.000Z"", ""maxEstimatedDeliveryDate"": ""2026-09-16T07:00:00.000Z""}]",,,PENDING_INDEPENDENT_HUMAN_REVIEW,DEVELOPMENT,,,,,,,,,,,,,,
D2-0447,55096ab6-1773-47c4-bbff-20c1db011223,9f4a2888-2f11-47aa-a5c5-2ccac8ca7c71,Victini,Black Bolt,171,rare,v1|336772896713|0,Victini 265/SV-P Chinese Promo NEW (like White Flare 172/086 Black Bolt 171/086),,Ungraded,4000,[],"[""FIXED_PRICE"", ""BEST_OFFER""]",shibahobby,https://i.ebayimg.com/images/g/YJ0AAeSwVsxqltYw/s-l225.jpg,https://www.ebay.com/itm/336772896713?_skw=Victini+171+Black+Bolt+Pokemon+card&hash=item4e693a97c9:g:YJ0AAeSwVsxqltYw,"{""value"": ""249.99"", ""currency"": ""USD""}","[{""shippingCostType"": ""FIXED"", ""shippingCost"": {""value"": ""60.00"", ""currency"": ""USD""}, ""minEstimatedDeliveryDate"": ""2026-09-17T07:00:00.000Z"", ""maxEstimatedDeliveryDate"": ""2026-09-23T07:00:00.000Z""}]",,,PENDING_INDEPENDENT_HUMAN_REVIEW,DEVELOPMENT,,,,,,,,,,,,,,
D2-0449,55096ab6-1773-47c4-bbff-20c1db011223,9f4a2888-2f11-47aa-a5c5-2ccac8ca7c71,Victini,Black Bolt,171,rare,v1|147311445759|0,Pokemon TCG Victini Card 12/86 Black Bolt Holo Rare Near Mint,,Ungraded,4000,[],"[""FIXED_PRICE"", ""BEST_OFFER""]",redherring41,https://i.ebayimg.com/images/g/JjsAAeSw2wNqBpeT/s-l225.jpg,https://www.ebay.com/itm/147311445759?_skw=Victini+171+Black+Bolt+Pokemon+card&hash=item224c7246ff:g:JjsAAeSw2wNqBpeT&amdata=enc%3AAQALAAABAACCtXRWQnOEpyOqnQQ8KGaEsGyiyOgfjYw1RTF0zeMqscmBOnkGji9N2oujRTUr6v0KBDwXSYWawpt4oObHC1FeN%2BXpduARcmA4iXGvHYaiotg09lGR7Uu4uIL9zjV3Wc7iSkC6wKKcKD2zSF9rNSuiPVZHbcn0rSnQ4oiV7wEAGnbCzmt6X2y8a%2FvqKGXwHnDBd%2Bkrlph2KQAzFKMpHQQkizb2b4l5FMpNiXBmLS5oKpuneB5WTPjYFEvPVVcvu3Hb3Bw5pkqRCvcP0Y2IoETBCF%2Fw3ETXO2b4ULQWQMwIR5CmSGZHhGYwcAz%2BJwOvEhXgVRECjd3%2BJZ9cy6oPk3U%3D,"{""value"": ""1.39"", ""currency"": ""USD""}","[{""shippingCostType"": ""CALCULATED""}]",,,PENDING_INDEPENDENT_HUMAN_REVIEW,DEVELOPMENT,,,,,,,,,,,,,,
D2-0456,5576e4b9-4873-40fa-84c4-da9f28cec096,8614b6c4-8840-4b33-9908-4ded064f570f,Gulpin,Stellar Crown,154,illustration_rare,v1|137626767808|0,2024 Gulpin #154 PSA 8 Near Mint Illustration Rare Pokemon Stellar Crown SCR,,Graded,2750,[],"[""FIXED_PRICE""]",rogers_garage,https://i.ebayimg.com/images/g/VOIAAeSwMYFqT~jw/s-l225.jpg,https://www.ebay.com/itm/137626767808?_skw=Gulpin+154+Stellar+Crown+Pokemon+card&hash=item200b31d1c0:g:VOIAAeSwMYFqT~jw&amdata=enc%3AAQALAAABAACCtXRWQnOEpyOqnQQ8KGaNyO7u8dd1B2M5XJwbb5S95wg6SGAbuRNE3HtI%2Bgp%2FbenuNkXgzR811xxHa8zrQCysS%2B49W0Tpcagy0azWsrRbIdXn0EZcr3UAzq8PPeBwBl3zMJPMY7Qj7rJb8gibaZ%2F5CZQBam3fu22Lc%2Fei3KKlvuLbEu8HK3qkzfswNd7exILBDVN1Ch16bmR3s6EKAThZUkVqKSOj8tILRyN0QCvmkOYINlf4yOwxjHsDQ0Kbc%2FlML2ZDvnkDEUiO3i7S9I6i%2BndEfKz6qCSrEY5LfjnGY5x8bVcEOKxnb%2BO4S6Pz8SPIHTPjBZhQK27rBpAju88%3D,"{""value"": ""25.30"", ""currency"": ""USD"", ""convertedFromValue"": ""35.00"", ""convertedFromCurrency"": ""CAD""}","[{""shippingCostType"": ""CALCULATED""}]",,,PENDING_INDEPENDENT_HUMAN_REVIEW,DEVELOPMENT,,,,,,,,,,,,,,
D2-0458,5576e4b9-4873-40fa-84c4-da9f28cec096,8614b6c4-8840-4b33-9908-4ded064f570f,Gulpin,Stellar Crown,154,illustration_rare,v1|127976497889|0,2024 POKEMON STELLAR CROWN #154/142 GULPIN ILLUSTRATION RARE NM 🎂,,Ungraded,4000,[],"[""FIXED_PRICE""]",pristine_10_collectibles,https://i.ebayimg.com/images/g/eL0AAeSwpx9qV8Cc/s-l225.jpg,https://www.ebay.com/itm/127976497889?_skw=Gulpin+154+Stellar+Crown+Pokemon+card&hash=item1dcbfe62e1:g:eL0AAeSwpx9qV8Cc,"{""value"": ""19.99"", ""currency"": ""USD""}","[{""shippingCostType"": ""CALCULATED""}]",,,PENDING_INDEPENDENT_HUMAN_REVIEW,DEVELOPMENT,,,,,,,,,,,,,,
D2-0461,5576e4b9-4873-40fa-84c4-da9f28cec096,8614b6c4-8840-4b33-9908-4ded064f570f,Gulpin,Stellar Crown,154,illustration_rare,v1|137467265691|0,Pokemon Gulpin 154/142 Illustration Rare Stellar Crown Pokemon Near Mint,,Ungraded,4000,[],"[""FIXED_PRICE""]",sneathawk,https://i.ebayimg.com/images/g/KMwAAeSwaPdqQ6pO/s-l225.jpg,https://www.ebay.com/itm/137467265691?_skw=Gulpin+154+Stellar+Crown+Pokemon+card&hash=item2001b0029b:g:KMwAAeSwaPdqQ6pO,"{""value"": ""14.50"", ""currency"": ""USD""}","[{""shippingCostType"": ""FIXED"", ""shippingCost"": {""value"": ""1.25"", ""currency"": ""USD""}, ""minEstimatedDeliveryDate"": ""2026-09-15T07:00:00.000Z"", ""maxEstimatedDeliveryDate"": ""2026-09-21T07:00:00.000Z""}]",,,PENDING_INDEPENDENT_HUMAN_REVIEW,DEVELOPMENT,,,,,,,,,,,,,,
D2-0462,5576e4b9-4873-40fa-84c4-da9f28cec096,8614b6c4-8840-4b33-9908-4ded064f570f,Gulpin,Stellar Crown,154,illustration_rare,v1|137522904138|0,Gulpin 154/142 - SV07: Stellar Crown - (LP-/MP+),,Ungraded,4000,[],"[""FIXED_PRICE"", ""BEST_OFFER""]",myferrouswheel,https://i.ebayimg.com/images/g/eOcAAeSwzM5qWoJj/s-l225.jpg,https://www.ebay.com/itm/137522904138?_skw=Gulpin+154+Stellar+Crown+Pokemon+card&hash=item200500fc4a:g:eOcAAeSwzM5qWoJj,"{""value"": ""14.49"", ""currency"": ""USD""}","[{""shippingCostType"": ""CALCULATED""}]",,,PENDING_INDEPENDENT_HUMAN_REVIEW,DEVELOPMENT,,,,,,,,,,,,,,
D2-0464,5576e4b9-4873-40fa-84c4-da9f28cec096,8614b6c4-8840-4b33-9908-4ded064f570f,Gulpin,Stellar Crown,154,illustration_rare,v1|137687695567|0,Gulpin 154/142 Holo SV07: Stellar Crown LP Pokémon TCG,,Ungraded,4000,[],"[""FIXED_PRICE""]",thetradingpostcc,https://i.ebayimg.com/images/g/y9UAAeSwhPJql0Gf/s-l225.jpg,https://www.ebay.com/itm/137687695567?_skw=Gulpin+154+Stellar+Crown+Pokemon+card&hash=item200ed380cf:g:y9UAAeSwhPJql0Gf,"{""value"": ""15.49"", ""currency"": ""USD""}","[{""shippingCostType"": ""FIXED"", ""shippingCost"": {""value"": ""1.00"", ""currency"": ""USD""}, ""minEstimatedDeliveryDate"": ""2026-09-16T07:00:00.000Z"", ""maxEstimatedDeliveryDate"": ""2026-09-23T07:00:00.000Z""}]",,,PENDING_INDEPENDENT_HUMAN_REVIEW,DEVELOPMENT,,,,,,,,,,,,,,
D2-0465,5576e4b9-4873-40fa-84c4-da9f28cec096,8614b6c4-8840-4b33-9908-4ded064f570f,Gulpin,Stellar Crown,154,illustration_rare,v1|147486002711|0,Pokémon TCG Stellar Crown Gulpin Illustration Rare Holo Card 154/142,,Ungraded,4000,[],"[""FIXED_PRICE"", ""BEST_OFFER""]",mkid1666,https://i.ebayimg.com/images/g/1R4AAeSwan9qc-1Q/s-l225.jpg,https://www.ebay.com/itm/147486002711?_skw=Gulpin+154+Stellar+Crown+Pokemon+card&hash=item2256d9ce17:g:1R4AAeSwan9qc-1Q,"{""value"": ""14.00"", ""currency"": ""USD""}","[{""shippingCostType"": ""CALCULATED""}]",,,PENDING_INDEPENDENT_HUMAN_REVIEW,DEVELOPMENT,,,,,,,,,,,,,,
D2-0466,605a2c1a-6a14-463e-b1e2-b55cd9c16244,14ea6011-0e3d-4eff-ac53-6b13e2976a71,Krookodile,Black Bolt,137,illustration_rare,v1|127429637742|0,Krookodile 137/086 Sv: Black Bolt Holo,,Ungraded,4000,[],"[""FIXED_PRICE"", ""BEST_OFFER""]",taylorxmarrie00,https://i.ebayimg.com/images/g/tvYAAeSwx7do7SDg/s-l225.jpg,https://www.ebay.com/itm/127429637742?_skw=Krookodile+137+Black+Bolt+Pokemon+card&hash=item1dab65f66e:g:tvYAAeSwx7do7SDg,"{""value"": ""70.00"", ""currency"": ""USD""}",[],,,PENDING_INDEPENDENT_HUMAN_REVIEW,DEVELOPMENT,,,,,,,,,,,,,,
D2-0472,605a2c1a-6a14-463e-b1e2-b55cd9c16244,14ea6011-0e3d-4eff-ac53-6b13e2976a71,Krookodile,Black Bolt,137,illustration_rare,v1|147549400107|0,2025 POKEMON SV BLACK BOLT KROOKODILE ILLUSTRATION RARE #137/086,,Ungraded,4000,[],"[""FIXED_PRICE"", ""BEST_OFFER""]",phdbeckett,https://i.ebayimg.com/images/g/y5EAAeSwBD9qmsJA/s-l225.jpg,https://www.ebay.com/itm/147549400107?_skw=Krookodile+137+Black+Bolt+Pokemon+card&hash=item225aa12c2b:g:y5EAAeSwBD9qmsJA,"{""value"": ""54.99"", ""currency"": ""USD""}","[{""shippingCostType"": ""FIXED"", ""shippingCost"": {""value"": ""0.00"", ""currency"": ""USD""}, ""minEstimatedDeliveryDate"": ""2026-09-15T07:00:00.000Z"", ""maxEstimatedDeliveryDate"": ""2026-09-18T07:00:00.000Z""}]",,,PENDING_INDEPENDENT_HUMAN_REVIEW,DEVELOPMENT,,,,,,,,,,,,,,
D2-0473,605a2c1a-6a14-463e-b1e2-b55cd9c16244,14ea6011-0e3d-4eff-ac53-6b13e2976a71,Krookodile,Black Bolt,137,illustration_rare,v1|147564017381|0,Krookodile 137/086 - Illustration Rare - Black Bolt - Pokemon TCG - NM/M,,Ungraded,4000,[],"[""AUCTION""]",ashhucker,https://i.ebayimg.com/images/g/3agAAeSwVDVqonob/s-l225.jpg,https://www.ebay.com/itm/147564017381?_skw=Krookodile+137+Black+Bolt+Pokemon+card&hash=item225b8036e5:g:3agAAeSwVDVqonob,{},"[{""shippingCostType"": ""FIXED"", ""shippingCost"": {""value"": ""21.47"", ""currency"": ""USD"", ""convertedFromValue"": ""30.00"", ""convertedFromCurrency"": ""AUD""}, ""minEstimatedDeliveryDate"": ""2026-09-23T07:00:00.000Z"", ""maxEstimatedDeliveryDate"": ""2026-09-29T07:00:00.000Z""}]",,,PENDING_INDEPENDENT_HUMAN_REVIEW,DEVELOPMENT,,,,,,,,,,,,,,
D2-0476,605a2c1a-6a14-463e-b1e2-b55cd9c16244,14ea6011-0e3d-4eff-ac53-6b13e2976a71,Krookodile,Black Bolt,137,illustration_rare,v1|168677251180|0,Pokémon TCG Krookodile 137/086 SV Black Bolt Illustration Rare Full Art Holo NM,,Ungraded,4000,[],"[""FIXED_PRICE"", ""BEST_OFFER""]",amumpokemon,https://i.ebayimg.com/images/g/mJAAAeSw9LdqogyP/s-l225.jpg,https://www.ebay.com/itm/168677251180?_skw=Krookodile+137+Black+Bolt+Pokemon+card&hash=item2745f2986c:g:mJAAAeSw9LdqogyP,"{""value"": ""43.95"", ""currency"": ""USD""}","[{""shippingCostType"": ""CALCULATED""}]",,,PENDING_INDEPENDENT_HUMAN_REVIEW,DEVELOPMENT,,,,,,,,,,,,,,
D2-0479,605a2c1a-6a14-463e-b1e2-b55cd9c16244,14ea6011-0e3d-4eff-ac53-6b13e2976a71,Krookodile,Black Bolt,137,illustration_rare,v1|178369829723|0,2025 Pokemon Scarlet & Violet Black Bolt Krookodile 137/86 Holo Secret Rare,,Ungraded,4000,[],"[""FIXED_PRICE""]",mint_card_co,https://i.ebayimg.com/images/g/XpIAAeSw529qcHLc/s-l225.jpg,https://www.ebay.com/itm/178369829723?_skw=Krookodile+137+Black+Bolt+Pokemon+card&hash=item2987ab9b5b:g:XpIAAeSw529qcHLc,"{""value"": ""71.65"", ""currency"": ""USD""}","[{""shippingCostType"": ""FIXED"", ""shippingCost"": {""value"": ""5.99"", ""currency"": ""USD""}, ""minEstimatedDeliveryDate"": ""2026-09-15T07:00:00.000Z"", ""maxEstimatedDeliveryDate"": ""2026-09-19T07:00:00.000Z""}]",,,PENDING_INDEPENDENT_HUMAN_REVIEW,DEVELOPMENT,,,,,,,,,,,,,,
D2-0480,605a2c1a-6a14-463e-b1e2-b55cd9c16244,14ea6011-0e3d-4eff-ac53-6b13e2976a71,Krookodile,Black Bolt,137,illustration_rare,v1|178423141918|0,Krookodile 137/086 Black Bolt NM Holo Illustration Rare Pokemon,,Ungraded,4000,[],"[""FIXED_PRICE""]",pcamart,https://i.ebayimg.com/images/g/0AgAAeSwbr9qhaoK/s-l225.jpg,https://www.ebay.com/itm/178423141918?_skw=Krookodile+137+Black+Bolt+Pokemon+card&hash=item298ad9161e:g:0AgAAeSwbr9qhaoK,"{""value"": ""85.88"", ""currency"": ""USD"", ""convertedFromValue"": ""120.00"", ""convertedFromCurrency"": ""AUD""}","[{""shippingCostType"": ""FIXED"", ""shippingCost"": {""value"": ""63.70"", ""currency"": ""USD"", ""convertedFromValue"": ""89.00"", ""convertedFromCurrency"": ""AUD""}, ""minEstimatedDeliveryDate"": ""2026-09-16T07:00:00.000Z"", ""maxEstimatedDeliveryDate"": ""2026-09-18T07:00:00.000Z""}]",,,PENDING_INDEPENDENT_HUMAN_REVIEW,DEVELOPMENT,,,,,,,,,,,,,,
D2-0484,640cd931-d97f-4173-ad9d-3ab86f91d92c,c79d38c0-0768-4f3e-80fe-8490d79b00b1,Pecharunt ex,Shrouded Fable,93,special_illustration_rare,v1|117137602960|0,Pecharunt EX 39/64 Pokemon Shrouded Fable Holo Double Rare. Pk001401,,Ungraded,4000,[],"[""FIXED_PRICE"", ""BEST_OFFER""]",camaroboysam,https://i.ebayimg.com/images/g/fkwAAeSwAxtp2n2M/s-l225.jpg,https://www.ebay.com/itm/117137602960?_skw=Pecharunt+ex+93+Shrouded+Fable+Pokemon+card&hash=item1b45f1f990:g:fkwAAeSwAxtp2n2M,"{""value"": ""5.00"", ""currency"": ""USD""}","[{""shippingCostType"": ""FIXED"", ""shippingCost"": {""value"": ""1.50"", ""currency"": ""USD""}, ""minEstimatedDeliveryDate"": ""2026-09-15T07:00:00.000Z"", ""maxEstimatedDeliveryDate"": ""2026-09-21T07:00:00.000Z""}]",,,PENDING_INDEPENDENT_HUMAN_REVIEW,DEVELOPMENT,,,,,,,,,,,,,,
D2-0485,640cd931-d97f-4173-ad9d-3ab86f91d92c,c79d38c0-0768-4f3e-80fe-8490d79b00b1,Pecharunt ex,Shrouded Fable,93,special_illustration_rare,v1|127124892546|0,Pokemon Pecharunt EX 85/64 Full Art Shrouded Fable,,Ungraded,4000,[],"[""FIXED_PRICE"", ""BEST_OFFER""]",cofis_8896,https://i.ebayimg.com/images/g/MIcAAeSwBFVoLUJi/s-l225.jpg,https://www.ebay.com/itm/127124892546?_skw=Pecharunt+ex+93+Shrouded+Fable+Pokemon+card&hash=item1d993beb82:g:MIcAAeSwBFVoLUJi,"{""value"": ""5.00"", ""currency"": ""USD""}","[{""shippingCostType"": ""CALCULATED""}]",,,PENDING_INDEPENDENT_HUMAN_REVIEW,DEVELOPMENT,,,,,,,,,,,,,,
D2-0487,640cd931-d97f-4173-ad9d-3ab86f91d92c,c79d38c0-0768-4f3e-80fe-8490d79b00b1,Pecharunt ex,Shrouded Fable,93,special_illustration_rare,v1|335553765532|545048298830,Pokemon SV6.5 Shrouded Fable NM YouPICK! 1-99 Reverse Holo RH ex IR FA SIR HR,,Ungraded,4000,[],"[""FIXED_PRICE""]",biggyfish,https://i.ebayimg.com/images/g/DAUAAOSwdfZm0Ldg/s-l225.jpg,https://www.ebay.com/itm/335553765532?_skw=Pecharunt+ex+93+Shrouded+Fable+Pokemon+card&hash=item4e2090209c:g:DAUAAOSwdfZm0Ldg,"{""value"": ""7.99"", ""currency"": ""USD""}","[{""shippingCostType"": ""FIXED"", ""shippingCost"": {""value"": ""0.79"", ""currency"": ""USD""}, ""minEstimatedDeliveryDate"": ""2026-09-15T07:00:00.000Z"", ""maxEstimatedDeliveryDate"": ""2026-09-18T07:00:00.000Z""}]",,,PENDING_INDEPENDENT_HUMAN_REVIEW,DEVELOPMENT,,,,,,,,,,,,,,
D2-0493,640cd931-d97f-4173-ad9d-3ab86f91d92c,c79d38c0-0768-4f3e-80fe-8490d79b00b1,Pecharunt ex,Shrouded Fable,93,special_illustration_rare,v1|206534796963|0,Pokemon Pecharunt ex 39/64 Shrouded Fable Double Rare Normal NM TCG Darkness,,Ungraded,4000,[],"[""FIXED_PRICE""]",theotrades1,https://i.ebayimg.com/images/g/cL0AAeSwfyppqa~b/s-l225.jpg,https://www.ebay.com/itm/206534796963?_skw=Pecharunt+ex+93+Shrouded+Fable+Pokemon+card&hash=item30166ee6a3:g:cL0AAeSwfyppqa~b,"{""value"": ""7.99"", ""currency"": ""USD""}","[{""shippingCostType"": ""FIXED"", ""shippingCost"": {""value"": ""1.00"", ""currency"": ""USD""}, ""minEstimatedDeliveryDate"": ""2026-09-14T07:00:00.000Z"", ""maxEstimatedDeliveryDate"": ""2026-09-17T07:00:00.000Z""}]",,,PENDING_INDEPENDENT_HUMAN_REVIEW,DEVELOPMENT,,,,,,,,,,,,,,
D2-0494,640cd931-d97f-4173-ad9d-3ab86f91d92c,c79d38c0-0768-4f3e-80fe-8490d79b00b1,Pecharunt ex,Shrouded Fable,93,special_illustration_rare,v1|227311493993|0,Pokémon TCG Pecharunt EX Ultra Rare Shrouded Fable Card 085/064,,Ungraded,4000,[],"[""FIXED_PRICE""]",alb-3118,https://i.ebayimg.com/images/g/VlUAAeSwmvtp6DcS/s-l225.jpg,https://www.ebay.com/itm/227311493993?_skw=Pecharunt+ex+93+Shrouded+Fable+Pokemon+card&hash=item34ecd22369:g:VlUAAeSwmvtp6DcS,"{""value"": ""7.00"", ""currency"": ""USD""}","[{""shippingCostType"": ""CALCULATED""}]",,,PENDING_INDEPENDENT_HUMAN_REVIEW,DEVELOPMENT,,,,,,,,,,,,,,
D2-0495,640cd931-d97f-4173-ad9d-3ab86f91d92c,c79d38c0-0768-4f3e-80fe-8490d79b00b1,Pecharunt ex,Shrouded Fable,93,special_illustration_rare,v1|236433364329|0,Pokémon TCG Pecharunt ex 39/64 Shrouded Fable Double Rare NM Holo 2024,,Ungraded,4000,[],"[""FIXED_PRICE""]",jon_jons_toys,https://i.ebayimg.com/images/g/Ek8AAeSw8sRpCIsq/s-l225.jpg,https://www.ebay.com/itm/236433364329?_skw=Pecharunt+ex+93+Shrouded+Fable+Pokemon+card&hash=item370c86d569:g:Ek8AAeSw8sRpCIsq,"{""value"": ""2.23"", ""currency"": ""USD""}","[{""shippingCostType"": ""CALCULATED""}]",,,PENDING_INDEPENDENT_HUMAN_REVIEW,DEVELOPMENT,,,,,,,,,,,,,,
D2-0496,64c0404b-826f-493d-9c10-738b2b56eca4,9f6c24f7-6a76-471f-ad81-d3901c5e9088,Mega Audino ex,Ascended Heroes,253,ultra_rare,v1|117396661022|0,Mega Audino ex 253/217 Ultra Rare Ascended Heroes Pokemon Holo Near Mint,,Ungraded,4000,[],"[""FIXED_PRICE""]",sendittcg,https://i.ebayimg.com/images/g/R2cAAeSwM2lqm5Gi/s-l225.jpg,https://www.ebay.com/itm/117396661022?_skw=Mega+Audino+ex+253+Ascended+Heroes+Pokemon+card&hash=item1b5562e31e:g:R2cAAeSwM2lqm5Gi,"{""value"": ""2.41"", ""currency"": ""USD""}","[{""shippingCostType"": ""FIXED"", ""shippingCost"": {""value"": ""0.00"", ""currency"": ""USD""}, ""minEstimatedDeliveryDate"": ""2026-09-16T07:00:00.000Z"", ""maxEstimatedDeliveryDate"": ""2026-09-23T07:00:00.000Z""}]",,,PENDING_INDEPENDENT_HUMAN_REVIEW,DEVELOPMENT,,,,,,,,,,,,,,
D2-0498,64c0404b-826f-493d-9c10-738b2b56eca4,9f6c24f7-6a76-471f-ad81-d3901c5e9088,Mega Audino ex,Ascended Heroes,253,ultra_rare,v1|128054399371|0,Pokemon: Ascended Heroes - Mega Audino Ex 253/217 Full Art English,,Ungraded,4000,[],"[""FIXED_PRICE""]",dittosquirtle_6,https://i.ebayimg.com/images/g/snIAAeSwzkRqlfwM/s-l225.jpg,https://www.ebay.com/itm/128054399371?_skw=Mega+Audino+ex+253+Ascended+Heroes+Pokemon+card&hash=item1dd0a3118b:g:snIAAeSwzkRqlfwM,"{""value"": ""1.99"", ""currency"": ""USD""}","[{""shippingCostType"": ""CALCULATED""}]",,,PENDING_INDEPENDENT_HUMAN_REVIEW,DEVELOPMENT,,,,,,,,,,,,,,
D2-0500,64c0404b-826f-493d-9c10-738b2b56eca4,9f6c24f7-6a76-471f-ad81-d3901c5e9088,Mega Audino ex,Ascended Heroes,253,ultra_rare,v1|158122597813|0,2026 Pokemon Ascended Heroes #253 Mega Audino EX Ultra Rare PSA 10 Card GEM MINT,,Graded,2750,[],"[""FIXED_PRICE""]",pokefeensstore,https://i.ebayimg.com/images/g/oKwAAeSw0XBqZpG7/s-l225.jpg,https://www.ebay.com/itm/158122597813?_skw=Mega+Audino+ex+253+Ascended+Heroes+Pokemon+card&hash=item24d0d75db5:g:oKwAAeSw0XBqZpG7,"{""value"": ""68.88"", ""currency"": ""USD""}","[{""shippingCostType"": ""FIXED"", ""shippingCost"": {""value"": ""0.00"", ""currency"": ""USD""}, ""minEstimatedDeliveryDate"": ""2026-09-14T07:00:00.000Z"", ""maxEstimatedDeliveryDate"": ""2026-09-17T07:00:00.000Z""}]",,,PENDING_INDEPENDENT_HUMAN_REVIEW,DEVELOPMENT,,,,,,,,,,,,,,
D2-0505,64c0404b-826f-493d-9c10-738b2b56eca4,9f6c24f7-6a76-471f-ad81-d3901c5e9088,Mega Audino ex,Ascended Heroes,253,ultra_rare,v1|137686098184|0,Mega Audino ex 253/217 Ascended Heroes Holo Ultra Rare Pokemon English Near Mint,,Ungraded,4000,[],"[""FIXED_PRICE""]",ftmgrp,https://i.ebayimg.com/images/g/UagAAeSwxFVqlsMu/s-l225.jpg,https://www.ebay.com/itm/137686098184?_skw=Mega+Audino+ex+253+Ascended+Heroes+Pokemon+card&hash=item200ebb2108:g:UagAAeSwxFVqlsMu,"{""value"": ""1.99"", ""currency"": ""USD""}",[],,,PENDING_INDEPENDENT_HUMAN_REVIEW,DEVELOPMENT,,,,,,,,,,,,,,
D2-0509,64c0404b-826f-493d-9c10-738b2b56eca4,9f6c24f7-6a76-471f-ad81-d3901c5e9088,Mega Audino ex,Ascended Heroes,253,ultra_rare,v1|158279336928|0,MEGA AUDINO EX 253/217 ULTRA RARE ASCENDED HEROES POKEMON HOLO NEAR MINT,,Ungraded,4000,[],"[""FIXED_PRICE""]",collectandcompound,https://i.ebayimg.com/images/g/n4gAAeSwrOlqoxog/s-l225.jpg,https://www.ebay.com/itm/158279336928?_skw=Mega+Audino+ex+253+Ascended+Heroes+Pokemon+card&hash=item24da2f03e0:g:n4gAAeSwrOlqoxog,"{""value"": ""2.99"", ""currency"": ""USD""}","[{""shippingCostType"": ""FIXED"", ""shippingCost"": {""value"": ""0.00"", ""currency"": ""USD""}, ""minEstimatedDeliveryDate"": ""2026-09-16T07:00:00.000Z"", ""maxEstimatedDeliveryDate"": ""2026-09-23T07:00:00.000Z""}]",,,PENDING_INDEPENDENT_HUMAN_REVIEW,DEVELOPMENT,,,,,,,,,,,,,,
D2-0510,64c0404b-826f-493d-9c10-738b2b56eca4,9f6c24f7-6a76-471f-ad81-d3901c5e9088,Mega Audino ex,Ascended Heroes,253,ultra_rare,v1|168439500651|0,POKEMON MEGA AUDINO EX 253/217 ASCENDED HEROES ULTRA RARE HOLO NM,,Ungraded,4000,[],"[""FIXED_PRICE""]",thebetterdealpage,https://i.ebayimg.com/images/g/fFcAAeSwK6xqJhE3/s-l225.jpg,https://www.ebay.com/itm/168439500651?_skw=Mega+Audino+ex+253+Ascended+Heroes+Pokemon+card&hash=item2737c6cf6b:g:fFcAAeSwK6xqJhE3,"{""value"": ""2.77"", ""currency"": ""USD""}","[{""shippingCostType"": ""CALCULATED""}]",,,PENDING_INDEPENDENT_HUMAN_REVIEW,DEVELOPMENT,,,,,,,,,,,,,,
D2-0514,67611b34-a7e9-497f-9708-651cc015ca6c,f02f5725-b24c-4ee9-a9b5-55edd91d7697,Lillie's Determination,Mega Evolution,184,special_illustration_rare,v1|117406295992|0,Lillie’s Determination 184/132 Holo Mega Evolutions Textured *Fan Art*,,Ungraded,4000,[],"[""FIXED_PRICE""]",thedetailsmatter,https://i.ebayimg.com/images/g/GbQAAeSw73xqovab/s-l225.jpg,https://www.ebay.com/itm/117406295992?_skw=Lillie%27s+Determination+184+Mega+Evolution+Pokemon+card&hash=item1b55f5e7b8:g:GbQAAeSw73xqovab,"{""value"": ""10.00"", ""currency"": ""USD""}","[{""shippingCostType"": ""CALCULATED""}]",,,PENDING_INDEPENDENT_HUMAN_REVIEW,DEVELOPMENT,,,,,,,,,,,,,,
D2-0518,67611b34-a7e9-497f-9708-651cc015ca6c,f02f5725-b24c-4ee9-a9b5-55edd91d7697,Lillie's Determination,Mega Evolution,184,special_illustration_rare,v1|287484338763|0,Lillies Determination 184/132 Mega Evolution Special Illustration Rare,,Ungraded,4000,[],"[""FIXED_PRICE""]",tangandtanq,https://i.ebayimg.com/images/g/tq0AAeSwGs1qZW-W/s-l225.jpg,https://www.ebay.com/itm/287484338763?_skw=Lillie%27s+Determination+184+Mega+Evolution+Pokemon+card&hash=item42ef66e24b:g:tq0AAeSwGs1qZW-W,"{""value"": ""63.67"", ""currency"": ""USD""}","[{""shippingCostType"": ""CALCULATED""}]",,,PENDING_INDEPENDENT_HUMAN_REVIEW,DEVELOPMENT,,,,,,,,,,,,,,
D2-0519,67611b34-a7e9-497f-9708-651cc015ca6c,f02f5725-b24c-4ee9-a9b5-55edd91d7697,Lillie's Determination,Mega Evolution,184,special_illustration_rare,v1|318648920521|0,Lillies Determination 184/132 English Trainer Mega Evolutions,,Ungraded,4000,[],"[""FIXED_PRICE""]",5div_buqhutq,https://i.ebayimg.com/images/g/l5MAAeSw9apqaWCB/s-l225.jpg,https://www.ebay.com/itm/318648920521?_skw=Lillie%27s+Determination+184+Mega+Evolution+Pokemon+card&hash=item4a30f4a9c9:g:l5MAAeSw9apqaWCB,"{""value"": ""63.95"", ""currency"": ""USD""}","[{""shippingCostType"": ""FIXED"", ""shippingCost"": {""value"": ""5.95"", ""currency"": ""USD""}, ""minEstimatedDeliveryDate"": ""2026-09-15T07:00:00.000Z"", ""maxEstimatedDeliveryDate"": ""2026-09-18T07:00:00.000Z""}]",,,PENDING_INDEPENDENT_HUMAN_REVIEW,DEVELOPMENT,,,,,,,,,,,,,,
D2-0520,67611b34-a7e9-497f-9708-651cc015ca6c,f02f5725-b24c-4ee9-a9b5-55edd91d7697,Lillie's Determination,Mega Evolution,184,special_illustration_rare,v1|116892249236|0,2025 Pokemon Mega Evolution Lillie's Determination SIR #184 CGC 10 PRISTINE,,Graded,2750,[],"[""FIXED_PRICE"", ""BEST_OFFER""]",tidaldreams,https://i.ebayimg.com/images/g/kpgAAeSwnt5pIN~c/s-l225.jpg,https://www.ebay.com/itm/116892249236?_skw=Lillie%27s+Determination+184+Mega+Evolution+Pokemon+card&hash=item1b37522c94:g:kpgAAeSwnt5pIN~c,"{""value"": ""549.00"", ""currency"": ""USD""}","[{""shippingCostType"": ""FIXED"", ""shippingCost"": {""value"": ""0.00"", ""currency"": ""USD""}, ""minEstimatedDeliveryDate"": ""2026-09-15T07:00:00.000Z"", ""maxEstimatedDeliveryDate"": ""2026-09-18T07:00:00.000Z""}]",,,PENDING_INDEPENDENT_HUMAN_REVIEW,DEVELOPMENT,,,,,,,,,,,,,,
D2-0522,67611b34-a7e9-497f-9708-651cc015ca6c,f02f5725-b24c-4ee9-a9b5-55edd91d7697,Lillie's Determination,Mega Evolution,184,special_illustration_rare,v1|127993997675|0,Lillie's Determination SIR 184/132 Me01: Mega Evolution NM,,Ungraded,4000,[],"[""FIXED_PRICE"", ""BEST_OFFER""]",rb7cards,https://i.ebayimg.com/images/g/dy0AAeSwjF1qZRtS/s-l225.jpg,https://www.ebay.com/itm/127993997675?_skw=Lillie%27s+Determination+184+Mega+Evolution+Pokemon+card&hash=item1dcd09696b:g:dy0AAeSwjF1qZRtS,"{""value"": ""67.00"", ""currency"": ""USD""}","[{""shippingCostType"": ""FIXED"", ""shippingCost"": {""value"": ""6.00"", ""currency"": ""USD""}, ""minEstimatedDeliveryDate"": ""2026-09-15T07:00:00.000Z"", ""maxEstimatedDeliveryDate"": ""2026-09-19T07:00:00.000Z""}]",,,PENDING_INDEPENDENT_HUMAN_REVIEW,DEVELOPMENT,,,,,,,,,,,,,,
D2-0523,67611b34-a7e9-497f-9708-651cc015ca6c,f02f5725-b24c-4ee9-a9b5-55edd91d7697,Lillie's Determination,Mega Evolution,184,special_illustration_rare,v1|128018420325|0,Pokemon Lillie's Determination Mega Evolution Special Illus. Rare #184 PSA 10,,Graded,2750,[],"[""FIXED_PRICE"", ""BEST_OFFER""]",abcollectibles2025,https://i.ebayimg.com/images/g/iuwAAeSwhyNqeSO6/s-l225.jpg,https://www.ebay.com/itm/128018420325?_skw=Lillie%27s+Determination+184+Mega+Evolution+Pokemon+card&hash=item1dce7e1265:g:iuwAAeSwhyNqeSO6,"{""value"": ""155.00"", ""currency"": ""USD""}","[{""shippingCostType"": ""CALCULATED""}]",,,PENDING_INDEPENDENT_HUMAN_REVIEW,DEVELOPMENT,,,,,,,,,,,,,,
D2-0526,6a1e2c02-b24d-4001-96f1-8bc2a24d8ccd,de749ceb-28f9-4977-b425-a83f69a3cf55,Gouging Fire ex,Temporal Forces,204,special_illustration_rare,v1|117286738967|0,Gouging Fire ex Special Illustration Rare SV05: Temporal Forces Holo 204/162 NM,,Ungraded,4000,[],"[""FIXED_PRICE""]",the.tradingcardguy,https://i.ebayimg.com/images/g/RWsAAeSwb~BqSxbG/s-l225.jpg,https://www.ebay.com/itm/117286738967?_skw=Gouging+Fire+ex+204+Temporal+Forces+Pokemon+card&hash=item1b4ed59c17:g:RWsAAeSwb~BqSxbG,"{""value"": ""65.00"", ""currency"": ""USD""}","[{""shippingCostType"": ""FIXED"", ""shippingCost"": {""value"": ""4.99"", ""currency"": ""USD""}, ""minEstimatedDeliveryDate"": ""2026-09-15T07:00:00.000Z"", ""maxEstimatedDeliveryDate"": ""2026-09-18T07:00:00.000Z""}]",,,PENDING_INDEPENDENT_HUMAN_REVIEW,DEVELOPMENT,,,,,,,,,,,,,,
D2-0527,6a1e2c02-b24d-4001-96f1-8bc2a24d8ccd,de749ceb-28f9-4977-b425-a83f69a3cf55,Gouging Fire ex,Temporal Forces,204,special_illustration_rare,v1|117400542930|0,Gouging Fire ex 204/162 SIR Temporal Forces Pokemon Holo NM,,Ungraded,4000,[],"[""FIXED_PRICE""]",tinyspace40cards,https://i.ebayimg.com/images/g/-5AAAeSwOCtqiicp/s-l225.jpg,https://www.ebay.com/itm/117400542930?_skw=Gouging+Fire+ex+204+Temporal+Forces+Pokemon+card&hash=item1b559e1ed2:g:-5AAAeSwOCtqiicp,"{""value"": ""57.13"", ""currency"": ""USD""}","[{""shippingCostType"": ""CALCULATED""}]",,,PENDING_INDEPENDENT_HUMAN_REVIEW,DEVELOPMENT,,,,,,,,,,,,,,
D2-0528,6a1e2c02-b24d-4001-96f1-8bc2a24d8ccd,de749ceb-28f9-4977-b425-a83f69a3cf55,Gouging Fire ex,Temporal Forces,204,special_illustration_rare,v1|128033772063|0,Gouging Fire ex 204/162 Temporal Forces Special Illustration Rare Pokemon - NM,,Ungraded,4000,[],"[""FIXED_PRICE""]",swibbycards,https://i.ebayimg.com/images/g/XKwAAeSw0FZqhSqH/s-l225.jpg,https://www.ebay.com/itm/128033772063?_skw=Gouging+Fire+ex+204+Temporal+Forces+Pokemon+card&hash=item1dcf68521f:g:XKwAAeSw0FZqhSqH&amdata=enc%3AAQALAAABEACCtXRWQnOEpyOqnQQ8KGYzAgWolhtLMULT9AXJsvWFZxnxctU%2F1zSCGLT9oJHDlty7SIlnavi8DivWpCBCF2X%2BhI2rA7BNaZyADWKvOTwNX4lMuwIC06BpcXGTEpUQOi4slhoCk5l8AHIJTRG%2BCQqy8MtaMgMb6VX7uefx%2FwZhH2BjV4AAgZxEvCagUYCBdUyXa3g8loWP%2BJMS70QAsOl6iaDg8rjYBC6%2F23LsgO83HLdatWsK0E5IizVdPXVwAJ5d%2BPOh0kXSTpUKUQCdcYPZC2a5beagU7ihTlErXhmI%2FRl6f8p1qpCrHumsBnbFwFQgvdEMg6ePSQOO1CuGXyJr76No6BEW1rA0M99SAbCI,"{""value"": ""61.98"", ""currency"": ""USD""}","[{""shippingCostType"": ""FIXED"", ""shippingCost"": {""value"": ""0.00"", ""currency"": ""USD""}, ""minEstimatedDeliveryDate"": ""2026-09-14T07:00:00.000Z"", ""maxEstimatedDeliveryDate"": ""2026-09-17T07:00:00.000Z""}]",,,PENDING_INDEPENDENT_HUMAN_REVIEW,DEVELOPMENT,,,,,,,,,,,,,,
D2-0529,6a1e2c02-b24d-4001-96f1-8bc2a24d8ccd,de749ceb-28f9-4977-b425-a83f69a3cf55,Gouging Fire ex,Temporal Forces,204,special_illustration_rare,v1|137685281776|0,Gouging Fire ex - 204/162 - Special Illustration Rare - NM/M - Pokemon TCG,,Ungraded,4000,[],"[""FIXED_PRICE""]",kami.collectibles,https://i.ebayimg.com/images/g/nAMAAeSwoAJqln2S/s-l225.jpg,https://www.ebay.com/itm/137685281776?_skw=Gouging+Fire+ex+204+Temporal+Forces+Pokemon+card&hash=item200eaeabf0:g:nAMAAeSwoAJqln2S,"{""value"": ""64.41"", ""currency"": ""USD"", ""convertedFromValue"": ""89.99"", ""convertedFromCurrency"": ""AUD""}","[{""shippingCostType"": ""CALCULATED"", ""shippingCost"": {""value"": ""14.53"", ""currency"": ""USD"", ""convertedFromValue"": ""20.30"", ""convertedFromCurrency"": ""AUD""}, ""minEstimatedDeliveryDate"": ""2026-10-05T07:00:00.000Z"", ""maxEstimatedDeliveryDate"": ""2026-10-20T07:00:00.000Z""}]",,,PENDING_INDEPENDENT_HUMAN_REVIEW,DEVELOPMENT,,,,,,,,,,,,,,
D2-0534,6a1e2c02-b24d-4001-96f1-8bc2a24d8ccd,de749ceb-28f9-4977-b425-a83f69a3cf55,Gouging Fire ex,Temporal Forces,204,special_illustration_rare,v1|127301268733|0,2024 POKEMON TEF EN-SPECIAL ILLUSTRATION RARE #204 GOUGING FIRE EX PSA 9,,Graded,2750,[],"[""FIXED_PRICE"", ""BEST_OFFER""]",cokoe5526,https://i.ebayimg.com/images/g/L0gAAeSwdh5omXFH/s-l225.jpg,https://www.ebay.com/itm/127301268733?_skw=Gouging+Fire+ex+204+Temporal+Forces+Pokemon+card&hash=item1da3bf34fd:g:L0gAAeSwdh5omXFH,"{""value"": ""60.00"", ""currency"": ""USD""}","[{""shippingCostType"": ""CALCULATED""}]",,,PENDING_INDEPENDENT_HUMAN_REVIEW,DEVELOPMENT,,,,,,,,,,,,,,
D2-0535,6a1e2c02-b24d-4001-96f1-8bc2a24d8ccd,de749ceb-28f9-4977-b425-a83f69a3cf55,Gouging Fire ex,Temporal Forces,204,special_illustration_rare,v1|236949031057|0,Gouging Fire ex 051/204 Pokémon TCG Chinese Holo RR HP 230 SV05 2025,,Ungraded,4000,[],"[""FIXED_PRICE"", ""BEST_OFFER""]",mearle8141,https://i.ebayimg.com/images/g/4AMAAeSwv99qXRev/s-l225.jpg,https://www.ebay.com/itm/236949031057?_skw=Gouging+Fire+ex+204+Temporal+Forces+Pokemon+card&hash=item372b434891:g:4AMAAeSwv99qXRev,"{""value"": ""20.50"", ""currency"": ""USD""}","[{""shippingCostType"": ""CALCULATED""}]",,,PENDING_INDEPENDENT_HUMAN_REVIEW,DEVELOPMENT,,,,,,,,,,,,,,
D2-0545,6a2b87e5-f90b-48f4-be30-a77258bee660,36134e45-4899-474f-88f0-b540ba618b49,Marill,Paldea Evolved,204,illustration_rare,v1|366629270269|0,Marill Holofoil [PAL - 204/193]NM,,Ungraded,4000,[],"[""FIXED_PRICE""]",ohsocktcg,https://i.ebayimg.com/images/g/5u0AAeSwYspqjnsI/s-l225.jpg,https://www.ebay.com/itm/366629270269?_skw=Marill+204+Paldea+Evolved+Pokemon+card&hash=item555cceb2fd:g:5u0AAeSwYspqjnsI&amdata=enc%3AAQALAAABAACCtXRWQnOEpyOqnQQ8KGYyALCKWXB3a3D1CljJ439rhYgKg0yQLtQD5la2x8twCfdL8NIxqctIIWfIiqS0EwxkSfoR6OUScdSGlY9kucBfw1%2FLRJQ36bNpvOR0H%2BewwIeAxYltAqlDTifSrPlQCOj6RSNYCO1DQpmGVf7d9YetgyclPKYg8vpsh1ZbcYQiicfIauwzu9CTwrh1CELMZJMFr8xPAxr6IdzFGd56Q%2Fa8FZ22%2FcCTNtRCVSwjqeXAAuwbDvTjK7HnqRkdm4oXH2qUrAmccBZdkXeNg%2FtFMLqOOlnEO4YqRhBqmZznUYgoLGA28Go%2F8YJmQhebW7os5bw%3D,"{""value"": ""58.32"", ""currency"": ""USD""}","[{""shippingCostType"": ""FIXED"", ""shippingCost"": {""value"": ""0.00"", ""currency"": ""USD""}, ""minEstimatedDeliveryDate"": ""2026-09-16T07:00:00.000Z"", ""maxEstimatedDeliveryDate"": ""2026-09-23T07:00:00.000Z""}]",,,PENDING_INDEPENDENT_HUMAN_REVIEW,DEVELOPMENT,,,,,,,,,,,,,,
D2-0546,6a2b87e5-f90b-48f4-be30-a77258bee660,36134e45-4899-474f-88f0-b540ba618b49,Marill,Paldea Evolved,204,illustration_rare,v1|287390854805|0,Pokemon TCG Marill 232/217 Paldea Evolved Illustration Rare Holo,,Ungraded,4000,[],"[""FIXED_PRICE"", ""BEST_OFFER""]",bbenardis,https://i.ebayimg.com/images/g/KcIAAeSwf-hqQVbr/s-l225.jpg,https://www.ebay.com/itm/287390854805?_skw=Marill+204+Paldea+Evolved+Pokemon+card&hash=item42e9d46e95:g:KcIAAeSwf-hqQVbr&amdata=enc%3AAQALAAABAACCtXRWQnOEpyOqnQQ8KGZTd4p9NRcv1NTWHx2U%2BjE4I4vWZ176JAxFYErPo1mhPEanA0IGIGieIRswlj%2F559t6tfGvj3TrX3ZuIi6mP0%2FGgJcnktP1bSXsOBpCiFb41WDgTPkNiE6qpnyHbPnrXjjte%2FJJj6ryhO5F2jsuAGguvR25pZBabqkw%2F7X46GQ%2BshMCL%2Flh6gms2Sc2i%2BKjScjoy3tEAktEHzTBR3KkdS3kyGVeUU%2FWuzoTQLTuyYDrDnr0OuPFQsxKorA8ENZVlhV8Hqz9WdJ1E7IPB%2FdMNa6HHRoRNsJXq1860JSVWwXA4X6hE42o%2Feo%2FYDpPTqrnW3s%3D,"{""value"": ""37.00"", ""currency"": ""USD""}","[{""shippingCostType"": ""CALCULATED""}]",,,PENDING_INDEPENDENT_HUMAN_REVIEW,DEVELOPMENT,,,,,,,,,,,,,,
D2-0549,6a2b87e5-f90b-48f4-be30-a77258bee660,36134e45-4899-474f-88f0-b540ba618b49,Marill,Paldea Evolved,204,illustration_rare,v1|358889161296|0,Pokémon TCG Maril Paldea Evolved Illustration Card 204/193 English Edition,,Ungraded,4000,[],"[""FIXED_PRICE"", ""BEST_OFFER""]",areeve24,https://i.ebayimg.com/images/g/ZNcAAeSwFJVqc7wz/s-l225.jpg,https://www.ebay.com/itm/358889161296?_skw=Marill+204+Paldea+Evolved+Pokemon+card&hash=item538f760250:g:ZNcAAeSwFJVqc7wz,"{""value"": ""52.00"", ""currency"": ""USD""}","[{""shippingCostType"": ""FIXED"", ""shippingCost"": {""value"": ""6.00"", ""currency"": ""USD""}, ""minEstimatedDeliveryDate"": ""2026-09-16T07:00:00.000Z"", ""maxEstimatedDeliveryDate"": ""2026-09-22T07:00:00.000Z""}]",,,PENDING_INDEPENDENT_HUMAN_REVIEW,DEVELOPMENT,,,,,,,,,,,,,,
D2-0550,6a2b87e5-f90b-48f4-be30-a77258bee660,36134e45-4899-474f-88f0-b540ba618b49,Marill,Paldea Evolved,204,illustration_rare,v1|117304515068|0,Pokemon 2023 Marill 204/193 Illustration Rare Paldea Evolved GEM MINT PSA 10,,Graded,2750,[],"[""FIXED_PRICE"", ""BEST_OFFER""]",restocked-vintage-collectibles-sneakers,https://i.ebayimg.com/images/g/o2IAAeSwQw5qWDk9/s-l225.jpg,https://www.ebay.com/itm/117304515068?_skw=Marill+204+Paldea+Evolved+Pokemon+card&hash=item1b4fe4d9fc:g:o2IAAeSwQw5qWDk9,"{""value"": ""599.99"", ""currency"": ""USD""}","[{""shippingCostType"": ""FIXED"", ""shippingCost"": {""value"": ""6.99"", ""currency"": ""USD""}, ""minEstimatedDeliveryDate"": ""2026-09-15T07:00:00.000Z"", ""maxEstimatedDeliveryDate"": ""2026-09-18T07:00:00.000Z""}]",,,PENDING_INDEPENDENT_HUMAN_REVIEW,DEVELOPMENT,,,,,,,,,,,,,,
D2-0553,6a2b87e5-f90b-48f4-be30-a77258bee660,36134e45-4899-474f-88f0-b540ba618b49,Marill,Paldea Evolved,204,illustration_rare,v1|117352129777|0,Pokemon 2023 Paldea Evolved Marill 204/193 Illustration Rare Holo PSA 9 EN,,Graded,2750,[],"[""FIXED_PRICE"", ""BEST_OFFER""]",slabkingg,https://i.ebayimg.com/images/g/~L4AAeSwxxdqeu1z/s-l225.jpg,https://www.ebay.com/itm/117352129777?_skw=Marill+204+Paldea+Evolved+Pokemon+card&hash=item1b52bb64f1:g:~L4AAeSwxxdqeu1z,"{""value"": ""79.00"", ""currency"": ""USD""}","[{""shippingCostType"": ""CALCULATED""}]",,,PENDING_INDEPENDENT_HUMAN_REVIEW,DEVELOPMENT,,,,,,,,,,,,,,
D2-0555,6a2b87e5-f90b-48f4-be30-a77258bee660,36134e45-4899-474f-88f0-b540ba618b49,Marill,Paldea Evolved,204,illustration_rare,v1|128069477695|0,Marill NM IR 204/193 Sv02: Paldea Evolved Pokemon TCG Holo,,Ungraded,4000,[],"[""FIXED_PRICE""]",shadetreebg,https://i.ebayimg.com/images/g/hloAAeSwNRJqivmv/s-l225.jpg,https://www.ebay.com/itm/128069477695?_skw=Marill+204+Paldea+Evolved+Pokemon+card&hash=item1dd189253f:g:hloAAeSwNRJqivmv,"{""value"": ""64.99"", ""currency"": ""USD""}","[{""shippingCostType"": ""FIXED"", ""shippingCost"": {""value"": ""0.00"", ""currency"": ""USD""}, ""minEstimatedDeliveryDate"": ""2026-09-15T07:00:00.000Z"", ""maxEstimatedDeliveryDate"": ""2026-09-21T07:00:00.000Z""}]",,,PENDING_INDEPENDENT_HUMAN_REVIEW,DEVELOPMENT,,,,,,,,,,,,,,
D2-0557,6a980108-6683-4461-ac9a-c81a27326dee,129a7668-0ba7-4f77-8585-3847e6c3d342,Team Rocket's Mewtwo ex,Destined Rivals,231,special_illustration_rare,v1|117402985182|0,Team Rocket's Mewtwo ex 231/182 SV10 Destined Rivals NM,,Ungraded,4000,[],"[""FIXED_PRICE"", ""BEST_OFFER""]",bodnarsbigbox,https://i.ebayimg.com/images/g/yj8AAeSwCNFqoHZi/s-l225.jpg,https://www.ebay.com/itm/117402985182?_skw=Team+Rocket%27s+Mewtwo+ex+231+Destined+Rivals+Pokemon+card&hash=item1b55c362de:g:yj8AAeSwCNFqoHZi,"{""value"": ""500.00"", ""currency"": ""USD""}","[{""shippingCostType"": ""CALCULATED""}]",,,PENDING_INDEPENDENT_HUMAN_REVIEW,DEVELOPMENT,,,,,,,,,,,,,,
D2-0558,6a980108-6683-4461-ac9a-c81a27326dee,129a7668-0ba7-4f77-8585-3847e6c3d342,Team Rocket's Mewtwo ex,Destined Rivals,231,special_illustration_rare,v1|127969743744|0,Team Rocket's Mewtwo ex 231/182 SIR Destined Rivals Pokemon Card,,Ungraded,4000,[],"[""FIXED_PRICE""]",chartcgstore,https://i.ebayimg.com/images/g/k14AAeSwtD9qUpQq/s-l225.jpg,https://www.ebay.com/itm/127969743744?_skw=Team+Rocket%27s+Mewtwo+ex+231+Destined+Rivals+Pokemon+card&hash=item1dcb975380:g:k14AAeSwtD9qUpQq,"{""value"": ""510.00"", ""currency"": ""USD""}","[{""shippingCostType"": ""CALCULATED""}]",,,PENDING_INDEPENDENT_HUMAN_REVIEW,DEVELOPMENT,,,,,,,,,,,,,,
D2-0560,6a980108-6683-4461-ac9a-c81a27326dee,129a7668-0ba7-4f77-8585-3847e6c3d342,Team Rocket's Mewtwo ex,Destined Rivals,231,special_illustration_rare,v1|137715189779|0,Pokemon Mewtwo EX SIR Destined Rivals 231/182,,Ungraded,4000,[],"[""FIXED_PRICE""]",vbs_10,https://i.ebayimg.com/images/g/BuIAAeSwezBqoIZA/s-l225.jpg,https://www.ebay.com/itm/137715189779?_skw=Team+Rocket%27s+Mewtwo+ex+231+Destined+Rivals+Pokemon+card&hash=item2010770813:g:BuIAAeSwezBqoIZA,"{""value"": ""503.32"", ""currency"": ""USD"", ""convertedFromValue"": ""372.50"", ""convertedFromCurrency"": ""GBP""}",[],,,PENDING_INDEPENDENT_HUMAN_REVIEW,DEVELOPMENT,,,,,,,,,,,,,,
D2-0562,6a980108-6683-4461-ac9a-c81a27326dee,129a7668-0ba7-4f77-8585-3847e6c3d342,Team Rocket's Mewtwo ex,Destined Rivals,231,special_illustration_rare,v1|206436205999|0,Pokémon TCG Destined Rivals Team Rockets Mewtwo EX Card 231/182 NM Condition,,Ungraded,4000,[],"[""FIXED_PRICE"", ""BEST_OFFER""]",bananabo6,https://i.ebayimg.com/images/g/MvAAAeSw-DtqYm--/s-l225.jpg,https://www.ebay.com/itm/206436205999?_skw=Team+Rocket%27s+Mewtwo+ex+231+Destined+Rivals+Pokemon+card&hash=item30108e85af:g:MvAAAeSw-DtqYm--&amdata=enc%3AAQALAAABIACCtXRWQnOEpyOqnQQ8KGYmbDB7djy53KThoZHfu8K%2F95w47yOcS4SDCZMiriNtv9XqGnJ4IwQTc0JMO4h4sbOnp8TYYy4UML4F4u6SdFs8Qsgaph0euzvVhi3Yhlf7X1OSaaePtSpg679y%2BhncY4W0Vhvk33EvrntZphTdw%2Bo%2By6vMh7bod6%2FQAGt20FMhr3b3iAt9u37MAzsdfKCWnwLDhTrcTo0EGkDBrlw1LqA2PgXNV276iB1vi8aiM4LtK7fOZORQP8Usmq0ZlQXWusymmjKw8nB3AjZLYVaxuqSBQK9KqGFog1Yo6X%2BiuwZMiT616BxUYBYC7UQx9NF6KYI%2FcS1syL3hX2OJ4NoRh7QmXbReW3OsUi25fU5qDu%2FTQg%3D%3D,"{""value"": ""590.00"", ""currency"": ""USD""}","[{""shippingCostType"": ""CALCULATED""}]",,,PENDING_INDEPENDENT_HUMAN_REVIEW,DEVELOPMENT,,,,,,,,,,,,,,
D2-0564,6a980108-6683-4461-ac9a-c81a27326dee,129a7668-0ba7-4f77-8585-3847e6c3d342,Team Rocket's Mewtwo ex,Destined Rivals,231,special_illustration_rare,v1|157415561606|0,Pokemon Team Rocket's Mewtwo ex SIR 231/182 Destined Rival Extended Art Case,,Ungraded,4000,[],"[""FIXED_PRICE""]",outback_originals,https://i.ebayimg.com/images/g/4N0AAeSwhftpNxY5/s-l225.jpg,https://www.ebay.com/itm/157415561606?_skw=Team+Rocket%27s+Mewtwo+ex+231+Destined+Rivals+Pokemon+card&hash=item24a6b2d986:g:4N0AAeSwhftpNxY5,"{""value"": ""12.00"", ""currency"": ""USD""}","[{""shippingCostType"": ""FIXED"", ""shippingCost"": {""value"": ""5.00"", ""currency"": ""USD""}, ""minEstimatedDeliveryDate"": ""2026-09-15T07:00:00.000Z"", ""maxEstimatedDeliveryDate"": ""2026-09-18T07:00:00.000Z""}]",,,PENDING_INDEPENDENT_HUMAN_REVIEW,DEVELOPMENT,,,,,,,,,,,,,,
D2-0569,6a980108-6683-4461-ac9a-c81a27326dee,129a7668-0ba7-4f77-8585-3847e6c3d342,Team Rocket's Mewtwo ex,Destined Rivals,231,special_illustration_rare,v1|137613009937|0,TEAM ROCKET'S MEWTWO EX POKEMON DESTINED RIVALS 231/182 HOLO,,Ungraded,4000,[],"[""FIXED_PRICE""]",pardonmycardboard,https://i.ebayimg.com/images/g/1GYAAeSwA6tqfHZB/s-l225.jpg,https://www.ebay.com/itm/137613009937?_skw=Team+Rocket%27s+Mewtwo+ex+231+Destined+Rivals+Pokemon+card&hash=item200a5fe411:g:1GYAAeSwA6tqfHZB,"{""value"": ""549.99"", ""currency"": ""USD""}","[{""shippingCostType"": ""FIXED"", ""shippingCost"": {""value"": ""0.00"", ""currency"": ""USD""}, ""minEstimatedDeliveryDate"": ""2026-09-15T07:00:00.000Z"", ""maxEstimatedDeliveryDate"": ""2026-09-21T07:00:00.000Z""}]",,,PENDING_INDEPENDENT_HUMAN_REVIEW,DEVELOPMENT,,,,,,,,,,,,,,
D2-0572,740ad74c-8c0c-411f-9ec7-2c734210b8f1,e8c344f6-9bee-4ad6-8356-63ee4e2988cf,Arbok,Temporal Forces,101,common,v1|127871558303|0,Arbok 101/162 Common Temporal Forces Pokemon Reverse Holo Near Mint,,Ungraded,4000,[],"[""FIXED_PRICE""]",doodersfinds,https://i.ebayimg.com/images/g/u6YAAeSwvPRqCy7v/s-l225.jpg,https://www.ebay.com/itm/127871558303?_skw=Arbok+101+Temporal+Forces+Pokemon+card&hash=item1dc5bd229f:g:u6YAAeSwvPRqCy7v,"{""value"": ""1.79"", ""currency"": ""USD""}","[{""shippingCostType"": ""FIXED"", ""shippingCost"": {""value"": ""0.00"", ""currency"": ""USD""}, ""minEstimatedDeliveryDate"": ""2026-09-16T07:00:00.000Z"", ""maxEstimatedDeliveryDate"": ""2026-09-23T07:00:00.000Z""}]",,,PENDING_INDEPENDENT_HUMAN_REVIEW,DEVELOPMENT,,,,,,,,,,,,,,
D2-0573,740ad74c-8c0c-411f-9ec7-2c734210b8f1,e8c344f6-9bee-4ad6-8356-63ee4e2988cf,Arbok,Temporal Forces,101,common,v1|128055549674|0,"Arbok #101/162 Common, Reverse Holo SV05: Temporal Forces Pokemon",,Ungraded,4000,[],"[""FIXED_PRICE"", ""BEST_OFFER""]",tcg_coastal_sales,https://i.ebayimg.com/images/g/1AMAAeSwWhdqltv9/s-l225.jpg,https://www.ebay.com/itm/128055549674?_skw=Arbok+101+Temporal+Forces+Pokemon+card&hash=item1dd0b49eea:g:1AMAAeSwWhdqltv9,"{""value"": ""0.99"", ""currency"": ""USD""}","[{""shippingCostType"": ""CALCULATED""}]",,,PENDING_INDEPENDENT_HUMAN_REVIEW,DEVELOPMENT,,,,,,,,,,,,,,
D2-0574,740ad74c-8c0c-411f-9ec7-2c734210b8f1,e8c344f6-9bee-4ad6-8356-63ee4e2988cf,Arbok,Temporal Forces,101,common,v1|134998956309|434451972283,"Pokemon Temporal Forces Regular, Reverse holos, holo, ex - Pick Your Card",,Ungraded,4000,[],"[""FIXED_PRICE""]",escapetherealm,https://i.ebayimg.com/images/g/qeEAAOSwAKFmCH2j/s-l225.jpg,https://www.ebay.com/itm/134998956309?_skw=Arbok+101+Temporal+Forces+Pokemon+card&hash=item1f6e909915:g:qeEAAOSwAKFmCH2j,"{""value"": ""0.99"", ""currency"": ""USD""}","[{""shippingCostType"": ""FIXED"", ""shippingCost"": {""value"": ""0.00"", ""currency"": ""USD""}, ""minEstimatedDeliveryDate"": ""2026-09-15T07:00:00.000Z"", ""maxEstimatedDeliveryDate"": ""2026-09-19T07:00:00.000Z""}]",,,PENDING_INDEPENDENT_HUMAN_REVIEW,DEVELOPMENT,,,,,,,,,,,,,,
D2-0580,740ad74c-8c0c-411f-9ec7-2c734210b8f1,e8c344f6-9bee-4ad6-8356-63ee4e2988cf,Arbok,Temporal Forces,101,common,v1|137329124573|0,Arbok 101/162 Common Pokemon SV05: Temporal Forces NM,,Ungraded,4000,[],"[""FIXED_PRICE""]",category5collectibles,https://i.ebayimg.com/images/g/TRwAAeSw73lqDjwS/s-l225.jpg,https://www.ebay.com/itm/137329124573?_skw=Arbok+101+Temporal+Forces+Pokemon+card&hash=item1ff97424dd:g:TRwAAeSw73lqDjwS,"{""value"": ""1.79"", ""currency"": ""USD""}","[{""shippingCostType"": ""FIXED"", ""shippingCost"": {""value"": ""0.00"", ""currency"": ""USD""}, ""minEstimatedDeliveryDate"": ""2026-09-16T07:00:00.000Z"", ""maxEstimatedDeliveryDate"": ""2026-09-23T07:00:00.000Z""}]",,,PENDING_INDEPENDENT_HUMAN_REVIEW,DEVELOPMENT,,,,,,,,,,,,,,
D2-0584,740ad74c-8c0c-411f-9ec7-2c734210b8f1,e8c344f6-9bee-4ad6-8356-63ee4e2988cf,Arbok,Temporal Forces,101,common,v1|158257171479|459388682912,Pokemon Temporal Forces Reverse Holo Pick Your Card SV05 TCG,,Ungraded,4000,[],"[""FIXED_PRICE""]",mac_tcgandsports,https://i.ebayimg.com/images/g/qMQAAeSwMf5qms~k/s-l225.jpg,https://www.ebay.com/itm/158257171479?_skw=Arbok+101+Temporal+Forces+Pokemon+card&hash=item24d8dccc17:g:qMQAAeSwMf5qms~k,"{""value"": ""1.49"", ""currency"": ""USD""}","[{""shippingCostType"": ""FIXED"", ""shippingCost"": {""value"": ""0.00"", ""currency"": ""USD""}, ""minEstimatedDeliveryDate"": ""2026-09-15T07:00:00.000Z"", ""maxEstimatedDeliveryDate"": ""2026-09-21T07:00:00.000Z""}]",,,PENDING_INDEPENDENT_HUMAN_REVIEW,DEVELOPMENT,,,,,,,,,,,,,,
D2-0585,740ad74c-8c0c-411f-9ec7-2c734210b8f1,e8c344f6-9bee-4ad6-8356-63ee4e2988cf,Arbok,Temporal Forces,101,common,v1|168325725650|467844101849,Temporal Forces POKEMON CHOOSE YOUR CARD REVERSE HOLO,,Ungraded,4000,[],"[""FIXED_PRICE""]",royal_tcg,https://i.ebayimg.com/images/g/RRMAAeSwN~xp6S58/s-l225.jpg,https://www.ebay.com/itm/168325725650?_skw=Arbok+101+Temporal+Forces+Pokemon+card&hash=item2730febdd2:g:RRMAAeSwN~xp6S58,"{""value"": ""1.42"", ""currency"": ""USD""}","[{""shippingCostType"": ""FIXED"", ""shippingCost"": {""value"": ""0.00"", ""currency"": ""USD""}, ""minEstimatedDeliveryDate"": ""2026-09-15T07:00:00.000Z"", ""maxEstimatedDeliveryDate"": ""2026-09-21T07:00:00.000Z""}]",,,PENDING_INDEPENDENT_HUMAN_REVIEW,DEVELOPMENT,,,,,,,,,,,,,,
D2-0586,75720435-3807-46b6-b3da-5e1c53b77822,9ad0c133-f133-45ab-9b3f-494199354e20,Mega Darkrai ex,Pitch Black,116,special_illustration_rare,v1|117390508583|0,Mega Darkrai ex Holo ME05: Pitch Black 116/084 LP,,Ungraded,4000,[],"[""FIXED_PRICE""]",soldbyrem,https://i.ebayimg.com/images/g/9-AAAeSwmX1qlygH/s-l225.jpg,https://www.ebay.com/itm/117390508583?_skw=Mega+Darkrai+ex+116+Pitch+Black+Pokemon+card&hash=item1b55050227:g:9-AAAeSwmX1qlygH,"{""value"": ""242.99"", ""currency"": ""USD""}","[{""shippingCostType"": ""FIXED"", ""shippingCost"": {""value"": ""6.99"", ""currency"": ""USD""}, ""minEstimatedDeliveryDate"": ""2026-09-15T07:00:00.000Z"", ""maxEstimatedDeliveryDate"": ""2026-09-19T07:00:00.000Z""}]",,,PENDING_INDEPENDENT_HUMAN_REVIEW,DEVELOPMENT,,,,,,,,,,,,,,
D2-0587,75720435-3807-46b6-b3da-5e1c53b77822,9ad0c133-f133-45ab-9b3f-494199354e20,Mega Darkrai ex,Pitch Black,116,special_illustration_rare,v1|128044109554|0,Pokemon Pitch Black Mega Darkrai EX 116/084 SIR ,,Ungraded,4000,[],"[""FIXED_PRICE"", ""BEST_OFFER""]",floridamantreasurez,https://i.ebayimg.com/images/g/dQwAAeSwDqFqjbuc/s-l225.jpg,https://www.ebay.com/itm/128044109554?_skw=Mega+Darkrai+ex+116+Pitch+Black+Pokemon+card&hash=item1dd0060ef2:g:dQwAAeSwDqFqjbuc,"{""value"": ""274.99"", ""currency"": ""USD""}","[{""shippingCostType"": ""FIXED"", ""shippingCost"": {""value"": ""1.25"", ""currency"": ""USD""}, ""minEstimatedDeliveryDate"": ""2026-09-15T07:00:00.000Z"", ""maxEstimatedDeliveryDate"": ""2026-09-19T07:00:00.000Z""}]",,,PENDING_INDEPENDENT_HUMAN_REVIEW,DEVELOPMENT,,,,,,,,,,,,,,
D2-0590,75720435-3807-46b6-b3da-5e1c53b77822,9ad0c133-f133-45ab-9b3f-494199354e20,Mega Darkrai ex,Pitch Black,116,special_illustration_rare,v1|318733788982|0,2026 Mega Darkrai EX 116/084 SR Full Art,,Ungraded,4000,[],"[""FIXED_PRICE"", ""BEST_OFFER""]",willy375622,https://i.ebayimg.com/images/g/gzIAAeSw76lqgE2V/s-l225.jpg,https://www.ebay.com/itm/318733788982?_skw=Mega+Darkrai+ex+116+Pitch+Black+Pokemon+card&hash=item4a3603a736:g:gzIAAeSw76lqgE2V&amdata=enc%3AAQALAAABEACCtXRWQnOEpyOqnQQ8KGbeZdRb2evDBauKU0o0UD%2Fi5%2FthW64Dk2%2BlSpwtJcwW8UhcCTi8DXMUk0iZaabjhGLICwsMiH7ThnItxJ3qxNtfnwdtjCi9Y85ROaJm7DlJ93A0q4f6CaQ%2F2VhdmnUjxnZ08L2uIB8FzC%2FMr5z%2B%2Fi3P3nb4PyPi0TQEguJc4CAShS33nGYH%2BkbSNxR%2Fh4RM3gLx0GP06XGQHb42%2F3TOSTilDz%2FVr22qUpK%2BXFMSaTudqlwZIrYwaM7hSoQhIruR209m4REI2Mn08zPI0InUmNSvPFEHqPhlHUQKrY0mLEc1m0IKOxqjH6te9d8%2FeeIm2A17uRCDobjuJMvdeUaBmOpf,"{""value"": ""224.99"", ""currency"": ""USD""}","[{""shippingCostType"": ""FIXED"", ""shippingCost"": {""value"": ""0.00"", ""currency"": ""USD""}, ""minEstimatedDeliveryDate"": ""2026-09-16T07:00:00.000Z"", ""maxEstimatedDeliveryDate"": ""2026-09-22T07:00:00.000Z""}]",,,PENDING_INDEPENDENT_HUMAN_REVIEW,DEVELOPMENT,,,,,,,,,,,,,,
D2-0597,75720435-3807-46b6-b3da-5e1c53b77822,9ad0c133-f133-45ab-9b3f-494199354e20,Mega Darkrai ex,Pitch Black,116,special_illustration_rare,v1|117404661409|0,Mega Darkrai ex 116/084 Me05: Pitch Black Special Illustration Rare Holo PSA 9,,Graded,2750,[],"[""FIXED_PRICE"", ""AUCTION""]",afsolly,https://i.ebayimg.com/images/g/ELoAAeSwBBBqoa53/s-l225.jpg,https://www.ebay.com/itm/117404661409?_skw=Mega+Darkrai+ex+116+Pitch+Black+Pokemon+card&hash=item1b55dcf6a1:g:ELoAAeSwBBBqoa53,"{""value"": ""875.00"", ""currency"": ""USD""}","[{""shippingCostType"": ""FIXED"", ""shippingCost"": {""value"": ""6.93"", ""currency"": ""USD""}, ""minEstimatedDeliveryDate"": ""2026-09-16T07:00:00.000Z"", ""maxEstimatedDeliveryDate"": ""2026-09-22T07:00:00.000Z""}]",,,PENDING_INDEPENDENT_HUMAN_REVIEW,DEVELOPMENT,,,,,,,,,,,,,,
D2-0598,75720435-3807-46b6-b3da-5e1c53b77822,9ad0c133-f133-45ab-9b3f-494199354e20,Mega Darkrai ex,Pitch Black,116,special_illustration_rare,v1|227429593434|0,Pokemon Mega Darkrai EX 116/084 Pitch Black Extended Artwork Case,,Ungraded,4000,[],"[""FIXED_PRICE""]",dragarious,https://i.ebayimg.com/images/g/l6AAAeSwB-dqVPz7/s-l225.jpg,https://www.ebay.com/itm/227429593434?_skw=Mega+Darkrai+ex+116+Pitch+Black+Pokemon+card&hash=item34f3dc315a:g:l6AAAeSwB-dqVPz7,"{""value"": ""12.00"", ""currency"": ""USD""}","[{""shippingCostType"": ""CALCULATED""}]",,,PENDING_INDEPENDENT_HUMAN_REVIEW,DEVELOPMENT,,,,,,,,,,,,,,
D2-0599,75720435-3807-46b6-b3da-5e1c53b77822,9ad0c133-f133-45ab-9b3f-494199354e20,Mega Darkrai ex,Pitch Black,116,special_illustration_rare,v1|298662559883|0,Mega Darkrai ex 116 SIR + Sealed ETB Promo Zarude - Pitch Black - Near Mint (+),,Ungraded,4000,[],"[""FIXED_PRICE""]",pokemepokeu,https://i.ebayimg.com/images/g/ifYAAeSw2u5qowv-/s-l225.jpg,https://www.ebay.com/itm/298662559883?_skw=Mega+Darkrai+ex+116+Pitch+Black+Pokemon+card&hash=item4589ad008b:g:ifYAAeSw2u5qowv-,"{""value"": ""234.99"", ""currency"": ""USD""}","[{""shippingCostType"": ""CALCULATED""}]",,,PENDING_INDEPENDENT_HUMAN_REVIEW,DEVELOPMENT,,,,,,,,,,,,,,
D2-0601,77b44a76-26f7-4fa0-a548-c29870a7bb68,63f84d31-df83-456f-bd4c-e59b7e2ba541,Crustle,Paradox Rift,183,illustration_rare,v1|117335761546|0,Pokemon Paradox Rift Crustle 183/182 Illustration Rare HOLO Near Mint,,Ungraded,4000,[],"[""FIXED_PRICE""]",graybeardgames,https://i.ebayimg.com/images/g/wiMAAeSwrptqbs-F/s-l225.jpg,https://www.ebay.com/itm/117335761546?_skw=Crustle+183+Paradox+Rift+Pokemon+card&hash=item1b51c1a28a:g:wiMAAeSwrptqbs-F,"{""value"": ""6.43"", ""currency"": ""USD""}","[{""shippingCostType"": ""FIXED"", ""shippingCost"": {""value"": ""0.00"", ""currency"": ""USD""}, ""minEstimatedDeliveryDate"": ""2026-09-15T07:00:00.000Z"", ""maxEstimatedDeliveryDate"": ""2026-09-19T07:00:00.000Z""}]",,,PENDING_INDEPENDENT_HUMAN_REVIEW,DEVELOPMENT,,,,,,,,,,,,,,
D2-0602,77b44a76-26f7-4fa0-a548-c29870a7bb68,63f84d31-df83-456f-bd4c-e59b7e2ba541,Crustle,Paradox Rift,183,illustration_rare,v1|127474487641|0,CGC Gem Mint 10 Crustle 183/182 Pokémon Paradox Rift PAR EN,,Graded,2750,[],"[""FIXED_PRICE"", ""BEST_OFFER""]",fortytwo-tcg,https://i.ebayimg.com/images/g/Rp4AAeSw8FhpDMJt/s-l225.jpg,https://www.ebay.com/itm/127474487641?_skw=Crustle+183+Paradox+Rift+Pokemon+card&hash=item1dae125159:g:Rp4AAeSw8FhpDMJt&amdata=enc%3AAQALAAABAACCtXRWQnOEpyOqnQQ8KGb4OXbF8CGADvYzFp%2FhQiwlcRz29MnBDcqgmSHttkhcztBaiLU%2Bo7DifptpXGrkEXXnBelZLaHQgq5ea%2FsXAHjAjr6gCEgVy4ptNtbES0ZIp4ISvmR--p2zny5jgod7xqHqFBZh6pV41Lm8P3VX%2F0gQ9l7GTSKg9UtuZDTMttEp1YRKQijcm3stvjhOTM8HmwGjMttIgOayYeWeFWgSBjZjH2abHHHsAkkVnNqIlTgA8%2Fv7ccURU%2Bzwm12oo%2BFR88CvQ6r93rfZ4uVznH3gJkrDP0NmTLr5ACmjxhjL7VZ2pSbPbDvNczXp2%2BZo7jt0NPk%3D,"{""value"": ""99.99"", ""currency"": ""USD""}","[{""shippingCostType"": ""FIXED"", ""shippingCost"": {""value"": ""0.00"", ""currency"": ""USD""}, ""minEstimatedDeliveryDate"": ""2026-09-15T07:00:00.000Z"", ""maxEstimatedDeliveryDate"": ""2026-09-21T07:00:00.000Z""}]",,,PENDING_INDEPENDENT_HUMAN_REVIEW,DEVELOPMENT,,,,,,,,,,,,,,
D2-0605,77b44a76-26f7-4fa0-a548-c29870a7bb68,63f84d31-df83-456f-bd4c-e59b7e2ba541,Crustle,Paradox Rift,183,illustration_rare,v1|227465239476|526683585561,Pokemon Trading Card Scarlet & Violet/Mega Illustration Rare: Choose Your Card,,Ungraded,4000,[],"[""FIXED_PRICE""]",calebdann1,https://i.ebayimg.com/images/g/3MYAAeSwiodqdPo7/s-l225.jpg,https://www.ebay.com/itm/227465239476?_skw=Crustle+183+Paradox+Rift+Pokemon+card&hash=item34f5fc1bb4:g:3MYAAeSwiodqdPo7,"{""value"": ""6.99"", ""currency"": ""USD""}","[{""shippingCostType"": ""CALCULATED""}]",,,PENDING_INDEPENDENT_HUMAN_REVIEW,DEVELOPMENT,,,,,,,,,,,,,,
D2-0606,77b44a76-26f7-4fa0-a548-c29870a7bb68,63f84d31-df83-456f-bd4c-e59b7e2ba541,Crustle,Paradox Rift,183,illustration_rare,v1|335101632502|544400030892,Pokemon SV4 Paradox Rift NM YouPICK! 1-266 Reverse Holo RH ex IR FA SIR HR,,Ungraded,4000,[],"[""FIXED_PRICE""]",biggyfish,https://i.ebayimg.com/images/g/VJIAAOSwowRldo8Q/s-l225.jpg,https://www.ebay.com/itm/335101632502?_skw=Crustle+183+Paradox+Rift+Pokemon+card&hash=item4e059d1ff6:g:VJIAAOSwowRldo8Q,"{""value"": ""11.99"", ""currency"": ""USD""}","[{""shippingCostType"": ""FIXED"", ""shippingCost"": {""value"": ""0.79"", ""currency"": ""USD""}, ""minEstimatedDeliveryDate"": ""2026-09-15T07:00:00.000Z"", ""maxEstimatedDeliveryDate"": ""2026-09-18T07:00:00.000Z""}]",,,PENDING_INDEPENDENT_HUMAN_REVIEW,DEVELOPMENT,,,,,,,,,,,,,,
D2-0607,77b44a76-26f7-4fa0-a548-c29870a7bb68,63f84d31-df83-456f-bd4c-e59b7e2ba541,Crustle,Paradox Rift,183,illustration_rare,v1|168573278129|0,Crustle 183/182 Illustration Rare Par En-Paradox Rift Pokemon PSA 10,,Graded,2750,[],"[""FIXED_PRICE""]",cardforgenny,https://i.ebayimg.com/images/g/w-cAAeSwRo9qajml/s-l225.jpg,https://www.ebay.com/itm/168573278129?_skw=Crustle+183+Paradox+Rift+Pokemon+card&hash=item273fc017b1:g:w-cAAeSwRo9qajml,"{""value"": ""119.99"", ""currency"": ""USD""}","[{""shippingCostType"": ""FIXED"", ""shippingCost"": {""value"": ""0.00"", ""currency"": ""USD""}, ""minEstimatedDeliveryDate"": ""2026-09-15T07:00:00.000Z"", ""maxEstimatedDeliveryDate"": ""2026-09-21T07:00:00.000Z""}]",,,PENDING_INDEPENDENT_HUMAN_REVIEW,DEVELOPMENT,,,,,,,,,,,,,,
D2-0613,77b44a76-26f7-4fa0-a548-c29870a7bb68,63f84d31-df83-456f-bd4c-e59b7e2ba541,Crustle,Paradox Rift,183,illustration_rare,v1|157296420115|0,Crustle Illustration Rare #183 CGC GEM MINT 10 2023 Paradox Rift Pokemon 183/182,,Graded,2750,[],"[""FIXED_PRICE"", ""BEST_OFFER""]",montyshop26,https://i.ebayimg.com/images/g/csIAAeSwvqxouaYU/s-l225.jpg,https://www.ebay.com/itm/157296420115?_skw=Crustle+183+Paradox+Rift+Pokemon+card&hash=item249f98e513:g:csIAAeSwvqxouaYU,"{""value"": ""29.75"", ""currency"": ""USD""}","[{""shippingCostType"": ""FIXED"", ""shippingCost"": {""value"": ""4.95"", ""currency"": ""USD""}, ""minEstimatedDeliveryDate"": ""2026-09-15T07:00:00.000Z"", ""maxEstimatedDeliveryDate"": ""2026-09-21T07:00:00.000Z""}]",,,PENDING_INDEPENDENT_HUMAN_REVIEW,DEVELOPMENT,,,,,,,,,,,,,,
D2-0616,7b00ea04-5c2a-4172-8025-afba48ddacb3,94d01e3d-09de-4d04-a0d8-1f36a5cfe684,Cresselia,Shrouded Fable,71,illustration_rare,v1|116422697663|0,Cresselia 021/064 Reverse Holo Shrouded Fable Pokemon Card - NM Near Mint,,Ungraded,4000,[],"[""FIXED_PRICE""]",sharinganstcg,https://i.ebayimg.com/images/g/zJ0AAOSwpmtnYjxB/s-l225.jpg,https://www.ebay.com/itm/116422697663?_skw=Cresselia+71+Shrouded+Fable+Pokemon+card&hash=item1b1b5562bf:g:zJ0AAOSwpmtnYjxB,"{""value"": ""1.03"", ""currency"": ""USD""}","[{""shippingCostType"": ""FIXED"", ""shippingCost"": {""value"": ""0.70"", ""currency"": ""USD""}, ""minEstimatedDeliveryDate"": ""2026-09-16T07:00:00.000Z"", ""maxEstimatedDeliveryDate"": ""2026-09-22T07:00:00.000Z""}]",,,PENDING_INDEPENDENT_HUMAN_REVIEW,DEVELOPMENT,,,,,,,,,,,,,,
D2-0621,7b00ea04-5c2a-4172-8025-afba48ddacb3,94d01e3d-09de-4d04-a0d8-1f36a5cfe684,Cresselia,Shrouded Fable,71,illustration_rare,v1|117404404618|0,Cresselia Holofoil 071/064 SV: Shrouded Fable Illustration Rare,,Ungraded,4000,[],"[""FIXED_PRICE""]",durb.blak,https://i.ebayimg.com/images/g/m0wAAeSwy-xqoeNU/s-l225.jpg,https://www.ebay.com/itm/117404404618?_skw=Cresselia+71+Shrouded+Fable+Pokemon+card&hash=item1b55d90b8a:g:m0wAAeSwy-xqoeNU,"{""value"": ""30.54"", ""currency"": ""USD""}","[{""shippingCostType"": ""FIXED"", ""shippingCost"": {""value"": ""0.00"", ""currency"": ""USD""}, ""minEstimatedDeliveryDate"": ""2026-09-14T07:00:00.000Z"", ""maxEstimatedDeliveryDate"": ""2026-09-17T07:00:00.000Z""}]",,,PENDING_INDEPENDENT_HUMAN_REVIEW,DEVELOPMENT,,,,,,,,,,,,,,
D2-0626,7b00ea04-5c2a-4172-8025-afba48ddacb3,94d01e3d-09de-4d04-a0d8-1f36a5cfe684,Cresselia,Shrouded Fable,71,illustration_rare,v1|128066806616|0,Cresselia 021/064 Rare Shrouded Fable Pokemon Holo Near Mint,,Ungraded,4000,[],"[""FIXED_PRICE""]",silverwing_tcg,https://i.ebayimg.com/images/g/KzgAAeSw3h9qnnsA/s-l225.jpg,https://www.ebay.com/itm/128066806616?_skw=Cresselia+71+Shrouded+Fable+Pokemon+card&hash=item1dd1606358:g:KzgAAeSw3h9qnnsA,"{""value"": ""1.49"", ""currency"": ""USD""}","[{""shippingCostType"": ""FIXED"", ""shippingCost"": {""value"": ""0.00"", ""currency"": ""USD""}, ""minEstimatedDeliveryDate"": ""2026-09-15T07:00:00.000Z"", ""maxEstimatedDeliveryDate"": ""2026-09-21T07:00:00.000Z""}]",,,PENDING_INDEPENDENT_HUMAN_REVIEW,DEVELOPMENT,,,,,,,,,,,,,,
D2-0628,7b00ea04-5c2a-4172-8025-afba48ddacb3,94d01e3d-09de-4d04-a0d8-1f36a5cfe684,Cresselia,Shrouded Fable,71,illustration_rare,v1|147560470737|0,SV: Shrouded Fable 071/064 Cresselia,,Ungraded,4000,[],"[""FIXED_PRICE""]",thecardsourceshop,https://i.ebayimg.com/images/g/v5AAAeSwIf5qoK51/s-l225.jpg,https://www.ebay.com/itm/147560470737?_skw=Cresselia+71+Shrouded+Fable+Pokemon+card&hash=item225b4a18d1:g:v5AAAeSwIf5qoK51,"{""value"": ""28.99"", ""currency"": ""USD""}","[{""shippingCostType"": ""CALCULATED""}]",,,PENDING_INDEPENDENT_HUMAN_REVIEW,DEVELOPMENT,,,,,,,,,,,,,,
D2-0629,7b00ea04-5c2a-4172-8025-afba48ddacb3,94d01e3d-09de-4d04-a0d8-1f36a5cfe684,Cresselia,Shrouded Fable,71,illustration_rare,v1|147565065090|0,SV: Shrouded Fable 021/064 Cresselia Holo NM,,Ungraded,4000,[],"[""FIXED_PRICE""]",cliffbarz,https://i.ebayimg.com/images/g/bhsAAeSwd89qoy67/s-l225.jpg,https://www.ebay.com/itm/147565065090?_skw=Cresselia+71+Shrouded+Fable+Pokemon+card&hash=item225b903382:g:bhsAAeSwd89qoy67,"{""value"": ""1.50"", ""currency"": ""USD""}","[{""shippingCostType"": ""FIXED"", ""shippingCost"": {""value"": ""0.00"", ""currency"": ""USD""}, ""minEstimatedDeliveryDate"": ""2026-09-15T07:00:00.000Z"", ""maxEstimatedDeliveryDate"": ""2026-09-19T07:00:00.000Z""}]",,,PENDING_INDEPENDENT_HUMAN_REVIEW,DEVELOPMENT,,,,,,,,,,,,,,
D2-0630,7b00ea04-5c2a-4172-8025-afba48ddacb3,94d01e3d-09de-4d04-a0d8-1f36a5cfe684,Cresselia,Shrouded Fable,71,illustration_rare,v1|147565065092|0,SV: Shrouded Fable 021/064 Cresselia Holo NM,,Ungraded,4000,[],"[""FIXED_PRICE""]",cliffbarz,https://i.ebayimg.com/images/g/j4gAAeSwmeVqoy67/s-l225.jpg,https://www.ebay.com/itm/147565065092?_skw=Cresselia+71+Shrouded+Fable+Pokemon+card&hash=item225b903384:g:j4gAAeSwmeVqoy67,"{""value"": ""1.50"", ""currency"": ""USD""}","[{""shippingCostType"": ""FIXED"", ""shippingCost"": {""value"": ""0.00"", ""currency"": ""USD""}, ""minEstimatedDeliveryDate"": ""2026-09-15T07:00:00.000Z"", ""maxEstimatedDeliveryDate"": ""2026-09-19T07:00:00.000Z""}]",,,PENDING_INDEPENDENT_HUMAN_REVIEW,DEVELOPMENT,,,,,,,,,,,,,,
D2-0632,7f065a2b-5cab-45c8-8fd8-96d4c07c4ee8,3805ddb2-e4cd-40b3-8a52-82398effa130,Canari,Ascended Heroes,291,special_illustration_rare,v1|117350677120|0,2026 Pokemon 291/217 Canari Ascended Heroes,,Ungraded,4000,[],"[""FIXED_PRICE"", ""BEST_OFFER""]",tntcards.mi,https://i.ebayimg.com/images/g/vr8AAeSwEi9qefKr/s-l225.jpg,https://www.ebay.com/itm/117350677120?_skw=Canari+291+Ascended+Heroes+Pokemon+card&hash=item1b52a53a80:g:vr8AAeSwEi9qefKr,"{""value"": ""60.00"", ""currency"": ""USD""}","[{""shippingCostType"": ""FIXED"", ""shippingCost"": {""value"": ""5.99"", ""currency"": ""USD""}, ""minEstimatedDeliveryDate"": ""2026-09-15T07:00:00.000Z"", ""maxEstimatedDeliveryDate"": ""2026-09-21T07:00:00.000Z""}]",,,PENDING_INDEPENDENT_HUMAN_REVIEW,DEVELOPMENT,,,,,,,,,,,,,,
D2-0634,7f065a2b-5cab-45c8-8fd8-96d4c07c4ee8,3805ddb2-e4cd-40b3-8a52-82398effa130,Canari,Ascended Heroes,291,special_illustration_rare,v1|168255390848|0,Clean Canari SIR 291/217 Ascended Hero’s Pokemon Card NM Near Mint,,Ungraded,4000,[],"[""FIXED_PRICE""]",threedkingdom,https://i.ebayimg.com/images/g/wrUAAeSwaFdpwNER/s-l225.jpg,https://www.ebay.com/itm/168255390848?_skw=Canari+291+Ascended+Heroes+Pokemon+card&hash=item272ccd8480:g:wrUAAeSwaFdpwNER,"{""value"": ""48.50"", ""currency"": ""USD""}","[{""shippingCostType"": ""CALCULATED""}]",,,PENDING_INDEPENDENT_HUMAN_REVIEW,DEVELOPMENT,,,,,,,,,,,,,,
D2-0635,7f065a2b-5cab-45c8-8fd8-96d4c07c4ee8,3805ddb2-e4cd-40b3-8a52-82398effa130,Canari,Ascended Heroes,291,special_illustration_rare,v1|257715147151|0,Canari SIR 291/217 Pack Fresh Near Mint English Ascended Heros Pokemon Card,,Ungraded,4000,[],"[""FIXED_PRICE""]",flabeetle,https://i.ebayimg.com/images/g/dwMAAeSwG9FqlhAk/s-l225.jpg,https://www.ebay.com/itm/257715147151?_skw=Canari+291+Ascended+Heroes+Pokemon+card&hash=item3c0105118f:g:dwMAAeSwG9FqlhAk,"{""value"": ""35.00"", ""currency"": ""USD""}","[{""shippingCostType"": ""CALCULATED""}]",,,PENDING_INDEPENDENT_HUMAN_REVIEW,DEVELOPMENT,,,,,,,,,,,,,,
D2-0639,7f065a2b-5cab-45c8-8fd8-96d4c07c4ee8,3805ddb2-e4cd-40b3-8a52-82398effa130,Canari,Ascended Heroes,291,special_illustration_rare,v1|227480535052|526657945051,Pokemon TCG Extended Art Case Canari SIR 291/217 ME Ascended Heroes ASC,,Ungraded,4000,[],"[""FIXED_PRICE""]",buiq22,https://i.ebayimg.com/images/g/zoYAAeSwRvdqg-DR/s-l225.jpg,https://www.ebay.com/itm/227480535052?_skw=Canari+291+Ascended+Heroes+Pokemon+card&hash=item34f6e5800c:g:zoYAAeSwRvdqg-DR,"{""value"": ""24.90"", ""currency"": ""USD""}","[{""shippingCostType"": ""FIXED"", ""shippingCost"": {""value"": ""7.90"", ""currency"": ""USD""}}]",,,PENDING_INDEPENDENT_HUMAN_REVIEW,DEVELOPMENT,,,,,,,,,,,,,,
D2-0642,7f065a2b-5cab-45c8-8fd8-96d4c07c4ee8,3805ddb2-e4cd-40b3-8a52-82398effa130,Canari,Ascended Heroes,291,special_illustration_rare,v1|128052989177|0,Pokemon Canari 291/217 Me: Ascended Heroes Holo,,Ungraded,4000,[],"[""FIXED_PRICE"", ""BEST_OFFER""]",scubastevescardsandcollectibles,https://i.ebayimg.com/images/g/BigAAeSw7SlqlOvh/s-l225.jpg,https://www.ebay.com/itm/128052989177?_skw=Canari+291+Ascended+Heroes+Pokemon+card&hash=item1dd08d8cf9:g:BigAAeSw7SlqlOvh,"{""value"": ""40.00"", ""currency"": ""USD""}","[{""shippingCostType"": ""CALCULATED""}]",,,PENDING_INDEPENDENT_HUMAN_REVIEW,DEVELOPMENT,,,,,,,,,,,,,,
D2-0645,7f065a2b-5cab-45c8-8fd8-96d4c07c4ee8,3805ddb2-e4cd-40b3-8a52-82398effa130,Canari,Ascended Heroes,291,special_illustration_rare,v1|158105965529|0,Pokemon TCG Ascended Heroes  Canari 291/217 SIR NM,,Ungraded,4000,[],"[""FIXED_PRICE"", ""BEST_OFFER""]",courtneys_collectibles,https://i.ebayimg.com/images/g/kAIAAeSwZy5qgo~F/s-l225.jpg,https://www.ebay.com/itm/158105965529?_skw=Canari+291+Ascended+Heroes+Pokemon+card&hash=item24cfd993d9:g:kAIAAeSwZy5qgo~F,"{""value"": ""40.00"", ""currency"": ""USD""}","[{""shippingCostType"": ""CALCULATED""}]",,,PENDING_INDEPENDENT_HUMAN_REVIEW,DEVELOPMENT,,,,,,,,,,,,,,
D2-0647,828c0d0d-2ede-4bab-bed4-407cd3cf8662,06c45a41-2b44-401a-9703-5c9952f2580f,Mega Gengar ex,Ascended Heroes,284,special_illustration_rare,v1|117406805836|0,Mega Gengar ex 284/217 Me: Ascended Heroes Holo NM (card slightly bowed),,Ungraded,4000,[],"[""FIXED_PRICE""]",soldbyrem,https://i.ebayimg.com/images/g/jH4AAeSwWS9qo4CV/s-l225.jpg,https://www.ebay.com/itm/117406805836?_skw=Mega+Gengar+ex+284+Ascended+Heroes+Pokemon+card&hash=item1b55fdaf4c:g:jH4AAeSwWS9qo4CV,"{""value"": ""1199.99"", ""currency"": ""USD""}","[{""shippingCostType"": ""FIXED"", ""shippingCost"": {""value"": ""6.99"", ""currency"": ""USD""}, ""minEstimatedDeliveryDate"": ""2026-09-15T07:00:00.000Z"", ""maxEstimatedDeliveryDate"": ""2026-09-19T07:00:00.000Z""}]",,,PENDING_INDEPENDENT_HUMAN_REVIEW,DEVELOPMENT,,,,,,,,,,,,,,
D2-0649,828c0d0d-2ede-4bab-bed4-407cd3cf8662,06c45a41-2b44-401a-9703-5c9952f2580f,Mega Gengar ex,Ascended Heroes,284,special_illustration_rare,v1|188876454193|696101336289,Pokemon Ascended Mega Gengar EX  284 240 RAW Extended Artwork Framed Display,,Ungraded,4000,[],"[""FIXED_PRICE""]",order66designs,https://i.ebayimg.com/images/g/ezgAAeSwG9FqmFil/s-l225.jpg,https://www.ebay.com/itm/188876454193?_skw=Mega+Gengar+ex+284+Ascended+Heroes+Pokemon+card&hash=item2bf9e9f931:g:ezgAAeSwG9FqmFil&amdata=enc%3AAQALAAABEACCtXRWQnOEpyOqnQQ8KGY4Kp6Wybri6M6OsbiJE%2FOLhbo2DdzZs0Pj5q8gwWo3I73djotKV1QRKoaXQLmXNiNDfO6rP1PGIXmpfpap7KqinTciSliqTN91p0IKza9I7%2B66uLI5BYbGlbyD8hDpZM3dc8l4hw1iQRkA8A8TKNMDOVgmDrkuZGloALozYDB4jqFX5MaI8JRcJGcoM38lcwi2OwNvGlg3%2B9mo5A16GcHx8r%2Bzus9vWxU1PEuCkas82oJlPIjgAcLV9Afol238iswGu1EUW6NWGQBuOQ2vzBpboVAOzdtD3SjETVdFKkSc3DTVQ4asfmUoHzKpH4mqn2Iajxqe92Sx8nSAHZOVztAp,"{""value"": ""54.99"", ""currency"": ""USD""}","[{""shippingCostType"": ""CALCULATED""}]",,,PENDING_INDEPENDENT_HUMAN_REVIEW,DEVELOPMENT,,,,,,,,,,,,,,
D2-0651,828c0d0d-2ede-4bab-bed4-407cd3cf8662,06c45a41-2b44-401a-9703-5c9952f2580f,Mega Gengar ex,Ascended Heroes,284,special_illustration_rare,v1|257734211852|0,Mega Gengar EX 284/217 Ascended hero’s. HP 350,,Ungraded,4000,[],"[""FIXED_PRICE"", ""AUCTION""]",gamecha83,https://i.ebayimg.com/images/g/4I4AAeSwR-1qlJnq/s-l225.jpg,https://www.ebay.com/itm/257734211852?_skw=Mega+Gengar+ex+284+Ascended+Heroes+Pokemon+card&hash=item3c0227f90c:g:4I4AAeSwR-1qlJnq,"{""value"": ""1500.00"", ""currency"": ""USD""}","[{""shippingCostType"": ""CALCULATED""}]",,,PENDING_INDEPENDENT_HUMAN_REVIEW,DEVELOPMENT,,,,,,,,,,,,,,
D2-0654,828c0d0d-2ede-4bab-bed4-407cd3cf8662,06c45a41-2b44-401a-9703-5c9952f2580f,Mega Gengar ex,Ascended Heroes,284,special_illustration_rare,v1|128025357682|0,2026 Pokemon ASC EN Special Illustration Rare #284 Mega Gengar ex PSA 10,,Graded,2750,[],"[""FIXED_PRICE"", ""BEST_OFFER""]",ghi11i3,https://i.ebayimg.com/images/g/H5YAAeSwDDdqbWSO/s-l225.jpg,https://www.ebay.com/itm/128025357682?_skw=Mega+Gengar+ex+284+Ascended+Heroes+Pokemon+card&hash=item1dcee7ed72:g:H5YAAeSwDDdqbWSO&amdata=enc%3AAQALAAABEACCtXRWQnOEpyOqnQQ8KGbnuxQHesWFGjxunPvksfB7hqM6Q9yG11FkKE%2BSRygsBC%2FTHEZzWveBKWI1mPq3qcN%2BvYc0qDQTNoOTV%2F0aR2CtPGFeXekYc4F093aC3Gq0wacxnntOhSoe1vLkHgF5Qi6l8wUo2dPYU7jKI3ywL0MWT9%2FTv3X%2BAxEt3aliREFzE7Dn1ULiH%2FrWFIsiZpngrTha3aYboIoveGylXyKued7qO9OUXv3%2Fv1YhTK%2BXe8zVeEsXoSao1X0X6Dc7ILF30lkluPGJ2uutYRpoFqWDm88Cvv8mvQW73F3HY%2B7Jcdqjoc%2B%2BZT8jSpPnbV8lKXUtTyZZzgT83dOd8aFqqDZUXGYV,"{""value"": ""2205.00"", ""currency"": ""USD""}","[{""shippingCostType"": ""CALCULATED""}]",,,PENDING_INDEPENDENT_HUMAN_REVIEW,DEVELOPMENT,,,,,,,,,,,,,,
D2-0657,828c0d0d-2ede-4bab-bed4-407cd3cf8662,06c45a41-2b44-401a-9703-5c9952f2580f,Mega Gengar ex,Ascended Heroes,284,special_illustration_rare,v1|128039837091|0,2026 Pokemon ME Ascended Heroes 284/217 Mega Gengar EX SIR TAG 10,,Graded,2750,[],"[""FIXED_PRICE"", ""BEST_OFFER""]",dtigers214,https://i.ebayimg.com/images/g/W~YAAeSwEjtqikEu/s-l225.jpg,https://www.ebay.com/itm/128039837091?_skw=Mega+Gengar+ex+284+Ascended+Heroes+Pokemon+card&hash=item1dcfc4dda3:g:W~YAAeSwEjtqikEu,"{""value"": ""2200.00"", ""currency"": ""USD""}","[{""shippingCostType"": ""FIXED"", ""shippingCost"": {""value"": ""20.75"", ""currency"": ""USD""}, ""minEstimatedDeliveryDate"": ""2026-09-14T07:00:00.000Z"", ""maxEstimatedDeliveryDate"": ""2026-09-16T07:00:00.000Z""}]",,,PENDING_INDEPENDENT_HUMAN_REVIEW,DEVELOPMENT,,,,,,,,,,,,,,
D2-0660,828c0d0d-2ede-4bab-bed4-407cd3cf8662,06c45a41-2b44-401a-9703-5c9952f2580f,Mega Gengar ex,Ascended Heroes,284,special_illustration_rare,v1|137688520283|0,Pokémon TCG Mega Gengar ex 284/217 ASC EN ASCENDED HEROES TAG 9 ,,Graded,2750,[],"[""FIXED_PRICE"", ""BEST_OFFER""]",slabsandsealed,https://i.ebayimg.com/images/g/0M4AAeSwR7pql4e-/s-l225.jpg,https://www.ebay.com/itm/137688520283?_skw=Mega+Gengar+ex+284+Ascended+Heroes+Pokemon+card&hash=item200ee0165b:g:0M4AAeSwR7pql4e-,"{""value"": ""1049.98"", ""currency"": ""USD""}","[{""shippingCostType"": ""FIXED"", ""shippingCost"": {""value"": ""0.00"", ""currency"": ""USD""}, ""minEstimatedDeliveryDate"": ""2026-09-15T07:00:00.000Z"", ""maxEstimatedDeliveryDate"": ""2026-09-19T07:00:00.000Z""}]",,,PENDING_INDEPENDENT_HUMAN_REVIEW,DEVELOPMENT,,,,,,,,,,,,,,
D2-0662,829b12ba-c7f5-4796-9a57-a2a2463c8461,0fc5990b-19e3-4716-b616-b221acc480a6,Houndour,Obsidian Flames,204,illustration_rare,v1|117376092805|0,Houndour Holo SV03: Obsidian Flames 204/197 NM,,Ungraded,4000,[],"[""FIXED_PRICE""]",soldbyrem,https://i.ebayimg.com/images/g/VM0AAeSw2o5qjRYd/s-l225.jpg,https://www.ebay.com/itm/117376092805?_skw=Houndour+204+Obsidian+Flames+Pokemon+card&hash=item1b54290a85:g:VM0AAeSw2o5qjRYd,"{""value"": ""13.99"", ""currency"": ""USD""}","[{""shippingCostType"": ""FIXED"", ""shippingCost"": {""value"": ""0.00"", ""currency"": ""USD""}, ""minEstimatedDeliveryDate"": ""2026-09-15T07:00:00.000Z"", ""maxEstimatedDeliveryDate"": ""2026-09-19T07:00:00.000Z""}]",,,PENDING_INDEPENDENT_HUMAN_REVIEW,DEVELOPMENT,,,,,,,,,,,,,,
D2-0665,829b12ba-c7f5-4796-9a57-a2a2463c8461,0fc5990b-19e3-4716-b616-b221acc480a6,Houndour,Obsidian Flames,204,illustration_rare,v1|156351363276|457722988978,Pokemon TCG - Obsidian Flames: Choose Your Card! - All Holos/Reverse Holo Cards!,,Ungraded,4000,[],"[""FIXED_PRICE""]",overstackedcards,https://i.ebayimg.com/images/g/14sAAOSwE2Nn9lK1/s-l225.jpg,https://www.ebay.com/itm/156351363276?_skw=Houndour+204+Obsidian+Flames+Pokemon+card&hash=item24674478cc:g:14sAAOSwE2Nn9lK1,"{""value"": ""18.99"", ""currency"": ""USD""}","[{""shippingCostType"": ""FIXED"", ""shippingCost"": {""value"": ""0.00"", ""currency"": ""USD""}, ""minEstimatedDeliveryDate"": ""2026-09-15T07:00:00.000Z"", ""maxEstimatedDeliveryDate"": ""2026-09-18T07:00:00.000Z""}]",,,PENDING_INDEPENDENT_HUMAN_REVIEW,DEVELOPMENT,,,,,,,,,,,,,,
D2-0667,829b12ba-c7f5-4796-9a57-a2a2463c8461,0fc5990b-19e3-4716-b616-b221acc480a6,Houndour,Obsidian Flames,204,illustration_rare,v1|127965154305|0,Houndour 204/197 PSA 9 Mint Obsidian Flames Illustration Rare Pokemon Card 🔥🔥,,Graded,2750,[],"[""FIXED_PRICE"", ""BEST_OFFER""]",westicide92,https://i.ebayimg.com/images/g/2OAAAeSwoolqTw0S/s-l225.jpg,https://www.ebay.com/itm/127965154305?_skw=Houndour+204+Obsidian+Flames+Pokemon+card&hash=item1dcb514c01:g:2OAAAeSwoolqTw0S,"{""value"": ""29.99"", ""currency"": ""USD""}","[{""shippingCostType"": ""FIXED"", ""shippingCost"": {""value"": ""0.00"", ""currency"": ""USD""}, ""minEstimatedDeliveryDate"": ""2026-09-15T07:00:00.000Z"", ""maxEstimatedDeliveryDate"": ""2026-09-18T07:00:00.000Z""}]",,,PENDING_INDEPENDENT_HUMAN_REVIEW,DEVELOPMENT,,,,,,,,,,,,,,
D2-0668,829b12ba-c7f5-4796-9a57-a2a2463c8461,0fc5990b-19e3-4716-b616-b221acc480a6,Houndour,Obsidian Flames,204,illustration_rare,v1|287526820270|0,Houndour 204/197 Illustration Rare Obsidian Flames Pokemon Holo Lightly Played,,Ungraded,4000,[],"[""FIXED_PRICE""]",nufoundtreasure,https://i.ebayimg.com/images/g/j9sAAeSwMk1qgIRT/s-l225.jpg,https://www.ebay.com/itm/287526820270?_skw=Houndour+204+Obsidian+Flames+Pokemon+card&hash=item42f1ef19ae:g:j9sAAeSwMk1qgIRT,"{""value"": ""12.99"", ""currency"": ""USD""}","[{""shippingCostType"": ""FIXED"", ""shippingCost"": {""value"": ""0.00"", ""currency"": ""USD""}, ""minEstimatedDeliveryDate"": ""2026-09-15T07:00:00.000Z"", ""maxEstimatedDeliveryDate"": ""2026-09-21T07:00:00.000Z""}]",,,PENDING_INDEPENDENT_HUMAN_REVIEW,DEVELOPMENT,,,,,,,,,,,,,,
D2-0671,829b12ba-c7f5-4796-9a57-a2a2463c8461,0fc5990b-19e3-4716-b616-b221acc480a6,Houndour,Obsidian Flames,204,illustration_rare,v1|127994290290|0,Houndour 204/197 Illustration Rare Obsidian Flames Pokemon Holo Near Mint,,Ungraded,4000,[],"[""FIXED_PRICE"", ""BEST_OFFER""]",cardswithbigben,https://i.ebayimg.com/images/g/JmEAAeSwLDFqZXyW/s-l225.jpg,https://www.ebay.com/itm/127994290290?_skw=Houndour+204+Obsidian+Flames+Pokemon+card&hash=item1dcd0de072:g:JmEAAeSwLDFqZXyW,"{""value"": ""12.99"", ""currency"": ""USD""}","[{""shippingCostType"": ""CALCULATED""}]",,,PENDING_INDEPENDENT_HUMAN_REVIEW,DEVELOPMENT,,,,,,,,,,,,,,
D2-0672,829b12ba-c7f5-4796-9a57-a2a2463c8461,0fc5990b-19e3-4716-b616-b221acc480a6,Houndour,Obsidian Flames,204,illustration_rare,v1|128052613318|0,Houndour 204/197 SV03: Obsidian Flames Holo NM Illustration Rare Pokemon Card,,Ungraded,4000,[],"[""FIXED_PRICE""]",jonatweave.dn50kprmp,https://i.ebayimg.com/images/g/170AAeSwzMRqlKbm/s-l225.jpg,https://www.ebay.com/itm/128052613318?_skw=Houndour+204+Obsidian+Flames+Pokemon+card&hash=item1dd087d0c6:g:170AAeSwzMRqlKbm,"{""value"": ""10.99"", ""currency"": ""USD""}","[{""shippingCostType"": ""CALCULATED""}]",,,PENDING_INDEPENDENT_HUMAN_REVIEW,DEVELOPMENT,,,,,,,,,,,,,,
D2-0676,8a2827bc-48b7-4dfd-b240-501fe24100b9,4db4cc1d-2bfd-45e2-a457-7cb450d1f79a,Bronzor,Temporal Forces,68,common,v1|145801617143|0,Pokemon Temporal Forces Bronzor 68/162,,Ungraded,4000,[],"[""FIXED_PRICE""]",collectors_extreme,https://i.ebayimg.com/images/g/2qMAAOSwF79mVfoN/s-l225.jpg,https://www.ebay.com/itm/145801617143?_skw=Bronzor+68+Temporal+Forces+Pokemon+card&hash=item21f2741ef7:g:2qMAAOSwF79mVfoN,"{""value"": ""0.99"", ""currency"": ""USD""}","[{""shippingCostType"": ""CALCULATED"", ""shippingCost"": {""value"": ""1.34"", ""currency"": ""USD""}, ""minEstimatedDeliveryDate"": ""2026-09-16T07:00:00.000Z"", ""maxEstimatedDeliveryDate"": ""2026-09-22T07:00:00.000Z""}]",,,PENDING_INDEPENDENT_HUMAN_REVIEW,DEVELOPMENT,,,,,,,,,,,,,,
D2-0677,8a2827bc-48b7-4dfd-b240-501fe24100b9,4db4cc1d-2bfd-45e2-a457-7cb450d1f79a,Bronzor,Temporal Forces,68,common,v1|158184971877|0,2024 Scarlet & Violet Series - Temporal Forces Bronzor Common #68,,Ungraded,4000,[],"[""FIXED_PRICE"", ""BEST_OFFER""]",coopero36kcb,https://i.ebayimg.com/images/g/Pd8AAeSwAY9qY8no/s-l225.jpg,https://www.ebay.com/itm/158184971877?_skw=Bronzor+68+Temporal+Forces+Pokemon+card&hash=item24d48f1e65:g:Pd8AAeSwAY9qY8no,"{""value"": ""1.99"", ""currency"": ""USD""}","[{""shippingCostType"": ""FIXED"", ""shippingCost"": {""value"": ""0.00"", ""currency"": ""USD""}, ""minEstimatedDeliveryDate"": ""2026-09-15T07:00:00.000Z"", ""maxEstimatedDeliveryDate"": ""2026-09-19T07:00:00.000Z""}]",,,PENDING_INDEPENDENT_HUMAN_REVIEW,DEVELOPMENT,,,,,,,,,,,,,,
D2-0678,8a2827bc-48b7-4dfd-b240-501fe24100b9,4db4cc1d-2bfd-45e2-a457-7cb450d1f79a,Bronzor,Temporal Forces,68,common,v1|158195234907|0,2024 Scarlet & Violet Series - Temporal Forces Bronzor Common #68,,Ungraded,4000,[],"[""FIXED_PRICE"", ""BEST_OFFER""]",coopero36kcb,https://i.ebayimg.com/images/g/B30AAeSwcGlqY7EB/s-l225.jpg,https://www.ebay.com/itm/158195234907?_skw=Bronzor+68+Temporal+Forces+Pokemon+card&hash=item24d52bb85b:g:B30AAeSwcGlqY7EB,"{""value"": ""1.99"", ""currency"": ""USD""}","[{""shippingCostType"": ""FIXED"", ""shippingCost"": {""value"": ""0.00"", ""currency"": ""USD""}, ""minEstimatedDeliveryDate"": ""2026-09-15T07:00:00.000Z"", ""maxEstimatedDeliveryDate"": ""2026-09-19T07:00:00.000Z""}]",,,PENDING_INDEPENDENT_HUMAN_REVIEW,DEVELOPMENT,,,,,,,,,,,,,,
D2-0682,8a2827bc-48b7-4dfd-b240-501fe24100b9,4db4cc1d-2bfd-45e2-a457-7cb450d1f79a,Bronzor,Temporal Forces,68,common,v1|128048864625|0,Bronzor Temporal Forces 068/162 Common PokéMon — English Near Mint,,Ungraded,4000,[],"[""FIXED_PRICE""]",qscollectibles98,https://i.ebayimg.com/images/g/u6UAAeSw8NRqkWDB/s-l225.jpg,https://www.ebay.com/itm/128048864625?_skw=Bronzor+68+Temporal+Forces+Pokemon+card&hash=item1dd04e9d71:g:u6UAAeSw8NRqkWDB,"{""value"": ""1.99"", ""currency"": ""USD""}","[{""shippingCostType"": ""FIXED"", ""shippingCost"": {""value"": ""0.00"", ""currency"": ""USD""}, ""minEstimatedDeliveryDate"": ""2026-09-16T07:00:00.000Z"", ""maxEstimatedDeliveryDate"": ""2026-09-23T07:00:00.000Z""}]",,,PENDING_INDEPENDENT_HUMAN_REVIEW,DEVELOPMENT,,,,,,,,,,,,,,
D2-0686,8a2827bc-48b7-4dfd-b240-501fe24100b9,4db4cc1d-2bfd-45e2-a457-7cb450d1f79a,Bronzor,Temporal Forces,68,common,v1|127668439147|428874963397,Temporal Forces - Pick Your Card - Pokemon TCG,,Ungraded,4000,[],"[""FIXED_PRICE""]",tcgrowze,https://i.ebayimg.com/images/g/wMkAAeSwV2dphWiW/s-l225.jpg,https://www.ebay.com/itm/127668439147?_skw=Bronzor+68+Temporal+Forces+Pokemon+card&hash=item1db9a1c86b:g:wMkAAeSwV2dphWiW,"{""value"": ""1.80"", ""currency"": ""USD"", ""convertedFromValue"": ""2.49"", ""convertedFromCurrency"": ""CAD""}",[],,,PENDING_INDEPENDENT_HUMAN_REVIEW,DEVELOPMENT,,,,,,,,,,,,,,
D2-0690,8a2827bc-48b7-4dfd-b240-501fe24100b9,4db4cc1d-2bfd-45e2-a457-7cb450d1f79a,Bronzor,Temporal Forces,68,common,v1|166724829750|0,Bronzor - Normal Pokemon Scarlet & Violet Temporal Forces (068/162),,Ungraded,4000,[],"[""FIXED_PRICE""]",lando-games,https://i.ebayimg.com/images/g/qIEAAeSwrWpqgytP/s-l225.jpg,https://www.ebay.com/itm/166724829750?_skw=Bronzor+68+Temporal+Forces+Pokemon+card&hash=item26d1930236:g:qIEAAeSwrWpqgytP,"{""value"": ""1.02"", ""currency"": ""USD""}","[{""shippingCostType"": ""CALCULATED""}]",,,PENDING_INDEPENDENT_HUMAN_REVIEW,DEVELOPMENT,,,,,,,,,,,,,,
D2-0694,8a2cce32-ad4f-4468-8a28-8a9ea9653365,9cc8f6b0-2c28-442b-bdd1-11cbd9a4068e,Leavanny,White Flare,89,illustration_rare,v1|117341427468|0,Leavanny 003/086 Uncommon White Flare Pokemon Reverse Holo Near Mint,,Ungraded,4000,[],"[""FIXED_PRICE""]",themerinotcg,https://i.ebayimg.com/images/g/~ogAAeSwhEBqcq58/s-l225.jpg,https://www.ebay.com/itm/117341427468?_skw=Leavanny+89+White+Flare+Pokemon+card&hash=item1b5218170c:g:~ogAAeSwhEBqcq58,"{""value"": ""1.99"", ""currency"": ""USD""}","[{""shippingCostType"": ""FIXED"", ""shippingCost"": {""value"": ""0.00"", ""currency"": ""USD""}, ""minEstimatedDeliveryDate"": ""2026-09-15T07:00:00.000Z"", ""maxEstimatedDeliveryDate"": ""2026-09-21T07:00:00.000Z""}]",,,PENDING_INDEPENDENT_HUMAN_REVIEW,DEVELOPMENT,,,,,,,,,,,,,,
D2-0699,8a2cce32-ad4f-4468-8a28-8a9ea9653365,9cc8f6b0-2c28-442b-bdd1-11cbd9a4068e,Leavanny,White Flare,89,illustration_rare,v1|178338335299|0,Leavanny 003/086 Uncommon White Flare Pokemon Reverse Holo Lightly Played,,Ungraded,4000,[],"[""FIXED_PRICE"", ""BEST_OFFER""]",greedentno5cards,https://i.ebayimg.com/images/g/xXoAAeSw3QFqYnGo/s-l225.jpg,https://www.ebay.com/itm/178338335299?_skw=Leavanny+89+White+Flare+Pokemon+card&hash=item2985cb0a43:g:xXoAAeSw3QFqYnGo,"{""value"": ""1.89"", ""currency"": ""USD""}","[{""shippingCostType"": ""FIXED"", ""shippingCost"": {""value"": ""0.00"", ""currency"": ""USD""}, ""minEstimatedDeliveryDate"": ""2026-09-15T07:00:00.000Z"", ""maxEstimatedDeliveryDate"": ""2026-09-21T07:00:00.000Z""}]",,,PENDING_INDEPENDENT_HUMAN_REVIEW,DEVELOPMENT,,,,,,,,,,,,,,
D2-0701,8a2cce32-ad4f-4468-8a28-8a9ea9653365,9cc8f6b0-2c28-442b-bdd1-11cbd9a4068e,Leavanny,White Flare,89,illustration_rare,v1|127916544659|0,Leavanny 003/086 Uncommon White Flare Pokemon Reverse Holo Near Mint,,Ungraded,4000,[],"[""FIXED_PRICE""]",shop.snorlax,https://i.ebayimg.com/images/g/PakAAeSwXMpqKu5u/s-l225.jpg,https://www.ebay.com/itm/127916544659?_skw=Leavanny+89+White+Flare+Pokemon+card&hash=item1dc86b9293:g:PakAAeSwXMpqKu5u,"{""value"": ""1.79"", ""currency"": ""USD""}","[{""shippingCostType"": ""FIXED"", ""shippingCost"": {""value"": ""0.00"", ""currency"": ""USD""}, ""minEstimatedDeliveryDate"": ""2026-09-15T07:00:00.000Z"", ""maxEstimatedDeliveryDate"": ""2026-09-18T07:00:00.000Z""}]",,,PENDING_INDEPENDENT_HUMAN_REVIEW,DEVELOPMENT,,,,,,,,,,,,,,
D2-0703,8a2cce32-ad4f-4468-8a28-8a9ea9653365,9cc8f6b0-2c28-442b-bdd1-11cbd9a4068e,Leavanny,White Flare,89,illustration_rare,v1|128069147842|0,Leavanny 003/086 Uncommon White Flare Pokemon Reverse Holo Near Mint,,Ungraded,4000,[],"[""FIXED_PRICE"", ""BEST_OFFER""]",r-technology,https://i.ebayimg.com/images/g/0-IAAeSwuyRqoE1r/s-l225.jpg,https://www.ebay.com/itm/128069147842?_skw=Leavanny+89+White+Flare+Pokemon+card&hash=item1dd1841cc2:g:0-IAAeSwuyRqoE1r,"{""value"": ""1.79"", ""currency"": ""USD""}","[{""shippingCostType"": ""FIXED"", ""shippingCost"": {""value"": ""0.00"", ""currency"": ""USD""}, ""minEstimatedDeliveryDate"": ""2026-09-15T07:00:00.000Z"", ""maxEstimatedDeliveryDate"": ""2026-09-21T07:00:00.000Z""}]",,,PENDING_INDEPENDENT_HUMAN_REVIEW,DEVELOPMENT,,,,,,,,,,,,,,
D2-0704,8a2cce32-ad4f-4468-8a28-8a9ea9653365,9cc8f6b0-2c28-442b-bdd1-11cbd9a4068e,Leavanny,White Flare,89,illustration_rare,v1|137641487462|0,Leavanny 003/086 Uncommon White Flare Pokemon Reverse Holo Near Mint,,Ungraded,4000,[],"[""FIXED_PRICE""]",samscollectablespnw,https://i.ebayimg.com/images/g/~PwAAeSw94Nqhlrh/s-l225.jpg,https://www.ebay.com/itm/137641487462?_skw=Leavanny+89+White+Flare+Pokemon+card&hash=item200c126c66:g:~PwAAeSw94Nqhlrh,"{""value"": ""1.99"", ""currency"": ""USD""}","[{""shippingCostType"": ""FIXED"", ""shippingCost"": {""value"": ""0.00"", ""currency"": ""USD""}, ""minEstimatedDeliveryDate"": ""2026-09-15T07:00:00.000Z"", ""maxEstimatedDeliveryDate"": ""2026-09-18T07:00:00.000Z""}]",,,PENDING_INDEPENDENT_HUMAN_REVIEW,DEVELOPMENT,,,,,,,,,,,,,,
D2-0705,8a2cce32-ad4f-4468-8a28-8a9ea9653365,9cc8f6b0-2c28-442b-bdd1-11cbd9a4068e,Leavanny,White Flare,89,illustration_rare,v1|137723275346|0,Leavanny 003/086 Uncommon White Flare Pokemon Reverse Holo Near Mint,,Ungraded,4000,[],"[""FIXED_PRICE""]",samscollectablespnw,https://i.ebayimg.com/images/g/0mcAAeSwp9Fqo1IJ/s-l225.jpg,https://www.ebay.com/itm/137723275346?_skw=Leavanny+89+White+Flare+Pokemon+card&hash=item2010f26852:g:0mcAAeSwp9Fqo1IJ,"{""value"": ""1.99"", ""currency"": ""USD""}","[{""shippingCostType"": ""FIXED"", ""shippingCost"": {""value"": ""0.00"", ""currency"": ""USD""}, ""minEstimatedDeliveryDate"": ""2026-09-15T07:00:00.000Z"", ""maxEstimatedDeliveryDate"": ""2026-09-18T07:00:00.000Z""}]",,,PENDING_INDEPENDENT_HUMAN_REVIEW,DEVELOPMENT,,,,,,,,,,,,,,
D2-0710,966bcb61-bf43-4cd7-8287-42f4bb9fa76d,9d636c4c-055f-4e85-b5ef-64675007d904,Leafeon ex,Prismatic Evolutions,144,special_illustration_rare,v1|398359405468|0,Leafeon ex Holofoil NM[PRE - 144/131],,Ungraded,4000,[],"[""FIXED_PRICE"", ""BEST_OFFER""]",brendan_75,https://i.ebayimg.com/images/g/8KoAAeSwaGNqmwHm/s-l225.jpg,https://www.ebay.com/itm/398359405468?_skw=Leafeon+ex+144+Prismatic+Evolutions+Pokemon+card&hash=item5cc012239c:g:8KoAAeSwaGNqmwHm,"{""value"": ""340.14"", ""currency"": ""USD""}","[{""shippingCostType"": ""FIXED"", ""shippingCost"": {""value"": ""0.00"", ""currency"": ""USD""}, ""minEstimatedDeliveryDate"": ""2026-09-15T07:00:00.000Z"", ""maxEstimatedDeliveryDate"": ""2026-09-18T07:00:00.000Z""}]",,,PENDING_INDEPENDENT_HUMAN_REVIEW,DEVELOPMENT,,,,,,,,,,,,,,
D2-0712,966bcb61-bf43-4cd7-8287-42f4bb9fa76d,9d636c4c-055f-4e85-b5ef-64675007d904,Leafeon ex,Prismatic Evolutions,144,special_illustration_rare,v1|117387012355|0,Pokemon - Leafeon ex 144/131 Prismatic Evolutions SIR PSA 9,,Graded,2750,[],"[""FIXED_PRICE""]",chakochan5,https://i.ebayimg.com/images/g/-zoAAeSw0jpqlK~S/s-l225.jpg,https://www.ebay.com/itm/117387012355?_skw=Leafeon+ex+144+Prismatic+Evolutions+Pokemon+card&hash=item1b54cfa903:g:-zoAAeSw0jpqlK~S,"{""value"": ""349.99"", ""currency"": ""USD""}","[{""shippingCostType"": ""CALCULATED""}]",,,PENDING_INDEPENDENT_HUMAN_REVIEW,DEVELOPMENT,,,,,,,,,,,,,,
D2-0714,966bcb61-bf43-4cd7-8287-42f4bb9fa76d,9d636c4c-055f-4e85-b5ef-64675007d904,Leafeon ex,Prismatic Evolutions,144,special_illustration_rare,v1|128069297559|0,Leafeon ex 144/131 Sv: Prismatic Evolutions Holo,,Graded,2750,[],"[""AUCTION"", ""BEST_OFFER""]",jo_240125,https://i.ebayimg.com/images/g/cPoAAeSw-TtqoG8Z/s-l225.jpg,https://www.ebay.com/itm/128069297559?_skw=Leafeon+ex+144+Prismatic+Evolutions+Pokemon+card&hash=item1dd1866597:g:cPoAAeSw-TtqoG8Z,{},"[{""shippingCostType"": ""FIXED"", ""shippingCost"": {""value"": ""5.99"", ""currency"": ""USD""}, ""minEstimatedDeliveryDate"": ""2026-09-22T07:00:00.000Z"", ""maxEstimatedDeliveryDate"": ""2026-09-28T07:00:00.000Z""}]",,,PENDING_INDEPENDENT_HUMAN_REVIEW,DEVELOPMENT,,,,,,,,,,,,,,
D2-0716,966bcb61-bf43-4cd7-8287-42f4bb9fa76d,9d636c4c-055f-4e85-b5ef-64675007d904,Leafeon ex,Prismatic Evolutions,144,special_illustration_rare,v1|137632425342|0,PSA10 💎🔥Leafeon Prismatic Evolutions Sir 144/131,,Graded,2750,[],"[""FIXED_PRICE"", ""BEST_OFFER""]",roadrunnerbro,https://i.ebayimg.com/images/g/pfwAAeSwYspqg0Id/s-l225.jpg,https://www.ebay.com/itm/137632425342?_skw=Leafeon+ex+144+Prismatic+Evolutions+Pokemon+card&hash=item200b88257e:g:pfwAAeSwYspqg0Id&amdata=enc%3AAQALAAABEACCtXRWQnOEpyOqnQQ8KGa5vsWw0cf%2FLmmLxWoStGOxkknbfEsDnO%2Fw5j1MnQErtrwUQrKEd6pFn4g6Mhp85ZR9UgLMz8vNFQaa0x1wW9B1s2bCUPoswYzKchUTDBUlomO3WHm39svXENX4Ln4QVFz8IKjs46mFucKSWbWS7CAIfb5iC7MB2Aa2Bx8NwZAP18eLWEKB7WjgWUKt%2B%2Fkdme6cEMznHgdxfZFDC5nMn46wgYkh1GzrcOHnW1njaN10objCDr79CQEUHak04FxL9xiNF4u96oC71J3F4RnIhtbcPlkK4T4sw%2Fo0Ku%2Fxrt5DselDQwGl5uFSk4maGOiq1k3RMYirgOQlktV94X13UbJ7,"{""value"": ""1200.00"", ""currency"": ""USD""}","[{""shippingCostType"": ""FIXED"", ""shippingCost"": {""value"": ""0.00"", ""currency"": ""USD""}, ""minEstimatedDeliveryDate"": ""2026-09-16T07:00:00.000Z"", ""maxEstimatedDeliveryDate"": ""2026-09-22T07:00:00.000Z""}]",,,PENDING_INDEPENDENT_HUMAN_REVIEW,DEVELOPMENT,,,,,,,,,,,,,,
D2-0717,966bcb61-bf43-4cd7-8287-42f4bb9fa76d,9d636c4c-055f-4e85-b5ef-64675007d904,Leafeon ex,Prismatic Evolutions,144,special_illustration_rare,v1|147480943402|0,PSA 9 MINT Leafeon ex 144/131 Sv: Prismatic Evolutions Holo,,Graded,2750,[],"[""FIXED_PRICE"", ""BEST_OFFER""]",blackbeartcg,https://i.ebayimg.com/images/g/IDEAAeSwMndqcOyb/s-l225.jpg,https://www.ebay.com/itm/147480943402?_skw=Leafeon+ex+144+Prismatic+Evolutions+Pokemon+card&hash=item22568c9b2a:g:IDEAAeSwMndqcOyb,"{""value"": ""314.99"", ""currency"": ""USD""}","[{""shippingCostType"": ""CALCULATED""}]",,,PENDING_INDEPENDENT_HUMAN_REVIEW,DEVELOPMENT,,,,,,,,,,,,,,
D2-0718,966bcb61-bf43-4cd7-8287-42f4bb9fa76d,9d636c4c-055f-4e85-b5ef-64675007d904,Leafeon ex,Prismatic Evolutions,144,special_illustration_rare,v1|147522547928|0,Pokémon TCG Leafeon EX 144/131 Prismatic Evolutions,,Ungraded,4000,[],"[""FIXED_PRICE""]",mr._chickens_card_shack,https://i.ebayimg.com/images/g/TLUAAeSwSHBqi0SG/s-l225.jpg,https://www.ebay.com/itm/147522547928?_skw=Leafeon+ex+144+Prismatic+Evolutions+Pokemon+card&hash=item22590770d8:g:TLUAAeSwSHBqi0SG,"{""value"": ""329.99"", ""currency"": ""USD""}","[{""shippingCostType"": ""CALCULATED""}]",,,PENDING_INDEPENDENT_HUMAN_REVIEW,DEVELOPMENT,,,,,,,,,,,,,,
D2-0727,97165c7e-1d85-4962-807e-5661c2115d7d,b592d276-ceb3-4a5e-90d5-d759808b7da3,Furret,Journey Together,168,illustration_rare,v1|128066310938|0,Furret 168/159 Illustration Rare Journey Together Pokemon Holo Near Mint,,Ungraded,4000,[],"[""FIXED_PRICE""]",zenvault_00,https://i.ebayimg.com/images/g/UJUAAeSwy-ZqniTR/s-l225.jpg,https://www.ebay.com/itm/128066310938?_skw=Furret+168+Journey+Together+Pokemon+card&hash=item1dd158d31a:g:UJUAAeSwy-ZqniTR,"{""value"": ""11.49"", ""currency"": ""USD""}","[{""shippingCostType"": ""FIXED"", ""shippingCost"": {""value"": ""0.00"", ""currency"": ""USD""}, ""minEstimatedDeliveryDate"": ""2026-09-26T07:00:00.000Z"", ""maxEstimatedDeliveryDate"": ""2026-10-07T07:00:00.000Z""}]",,,PENDING_INDEPENDENT_HUMAN_REVIEW,DEVELOPMENT,,,,,,,,,,,,,,
D2-0728,97165c7e-1d85-4962-807e-5661c2115d7d,b592d276-ceb3-4a5e-90d5-d759808b7da3,Furret,Journey Together,168,illustration_rare,v1|128072654314|0,The Pokémon Company Furret Sv09 Journey Together IR 168/159 Full Art Holo EN,,Ungraded,4000,[],"[""FIXED_PRICE"", ""BEST_OFFER""]",theadfam_0,https://i.ebayimg.com/images/g/RU0AAeSwl2dqovbd/s-l225.jpg,https://www.ebay.com/itm/128072654314?_skw=Furret+168+Journey+Together+Pokemon+card&hash=item1dd1b99dea:g:RU0AAeSwl2dqovbd&amdata=enc%3AAQALAAABAACCtXRWQnOEpyOqnQQ8KGZ1TTyYYNm59NsZbwYkk9%2FeLaa4kU0ODadXRn%2BaPfTj4w3tX9GWas4xb2BJW0Zm8aT9lCrgscTgTfoq07paXrA9ffccRMq4HGM%2B1t8g17kZ7Ti%2FSR96j1gV5uwj0qBX9NLVgZc1K8E3D4sTyBWBDiJrBADjy3CPDfAIYwENO6H5BswqQXdtF8oOxZMk%2BxOHxYqCV%2BiIiZtSF7HOxjuu6CgpAS5ayTw9VRWiJuSIwoIH0llt7QOL3sCB5SjVvjl9171Zdg0qZ8P13rW5yxRHz%2BjhO7imirKnOXgo%2BO29YdjXiusfvjTVAb4%2FHtv5BULjvZs%3D,"{""value"": ""9.00"", ""currency"": ""USD""}","[{""shippingCostType"": ""CALCULATED""}]",,,PENDING_INDEPENDENT_HUMAN_REVIEW,DEVELOPMENT,,,,,,,,,,,,,,
D2-0731,97165c7e-1d85-4962-807e-5661c2115d7d,b592d276-ceb3-4a5e-90d5-d759808b7da3,Furret,Journey Together,168,illustration_rare,v1|137582381124|0,Pokemon English TCG Card JTG EN Journey Together Furret 168/159 Full Art,,Ungraded,4000,[],"[""FIXED_PRICE""]",jarvom,https://i.ebayimg.com/images/g/JKAAAeSwrhBqcP1f/s-l225.jpg,https://www.ebay.com/itm/137582381124?_skw=Furret+168+Journey+Together+Pokemon+card&hash=item20088c8844:g:JKAAAeSwrhBqcP1f,"{""value"": ""10.00"", ""currency"": ""USD""}","[{""shippingCostType"": ""FIXED"", ""shippingCost"": {""value"": ""0.00"", ""currency"": ""USD""}, ""minEstimatedDeliveryDate"": ""2026-09-15T07:00:00.000Z"", ""maxEstimatedDeliveryDate"": ""2026-09-21T07:00:00.000Z""}]",,,PENDING_INDEPENDENT_HUMAN_REVIEW,DEVELOPMENT,,,,,,,,,,,,,,
D2-0733,97165c7e-1d85-4962-807e-5661c2115d7d,b592d276-ceb3-4a5e-90d5-d759808b7da3,Furret,Journey Together,168,illustration_rare,v1|147566474443|0,Furret 168/159 Sv09: Journey Together Holo NM,,Ungraded,4000,[],"[""AUCTION""]",blackbeartcg,https://i.ebayimg.com/images/g/RX4AAeSweGhqpDMg/s-l225.jpg,https://www.ebay.com/itm/147566474443?_skw=Furret+168+Journey+Together+Pokemon+card&hash=item225ba5b4cb:g:RX4AAeSweGhqpDMg,{},"[{""shippingCostType"": ""CALCULATED""}]",,,PENDING_INDEPENDENT_HUMAN_REVIEW,DEVELOPMENT,,,,,,,,,,,,,,
D2-0734,97165c7e-1d85-4962-807e-5661c2115d7d,b592d276-ceb3-4a5e-90d5-d759808b7da3,Furret,Journey Together,168,illustration_rare,v1|158240745395|0,2025 Pokemon Journey Together Furret 168/159 IR NM (Read Description),,Ungraded,4000,[],"[""FIXED_PRICE""]",lockman101,https://i.ebayimg.com/images/g/PNEAAeSwVf1qlLCr/s-l225.jpg,https://www.ebay.com/itm/158240745395?_skw=Furret+168+Journey+Together+Pokemon+card&hash=item24d7e227b3:g:PNEAAeSwVf1qlLCr,"{""value"": ""9.99"", ""currency"": ""USD""}","[{""shippingCostType"": ""FIXED"", ""shippingCost"": {""value"": ""0.00"", ""currency"": ""USD""}, ""minEstimatedDeliveryDate"": ""2026-09-14T07:00:00.000Z"", ""maxEstimatedDeliveryDate"": ""2026-09-17T07:00:00.000Z""}]",,,PENDING_INDEPENDENT_HUMAN_REVIEW,DEVELOPMENT,,,,,,,,,,,,,,
D2-0735,97165c7e-1d85-4962-807e-5661c2115d7d,b592d276-ceb3-4a5e-90d5-d759808b7da3,Furret,Journey Together,168,illustration_rare,v1|158258375532|0,Furret 168/159 Sv09: Journey Together Holo Illus Rare EN Nm,,Ungraded,4000,[],"[""FIXED_PRICE"", ""BEST_OFFER""]",ryhol-6480,https://i.ebayimg.com/images/g/SnUAAeSwuxVqmzbP/s-l225.jpg,https://www.ebay.com/itm/158258375532?_skw=Furret+168+Journey+Together+Pokemon+card&hash=item24d8ef2b6c:g:SnUAAeSwuxVqmzbP,"{""value"": ""8.49"", ""currency"": ""USD""}","[{""shippingCostType"": ""FIXED"", ""shippingCost"": {""value"": ""0.78"", ""currency"": ""USD""}, ""minEstimatedDeliveryDate"": ""2026-09-15T07:00:00.000Z"", ""maxEstimatedDeliveryDate"": ""2026-09-21T07:00:00.000Z""}]",,,PENDING_INDEPENDENT_HUMAN_REVIEW,DEVELOPMENT,,,,,,,,,,,,,,
D2-0739,9f323989-e972-4a9e-9e7b-3166e85d0690,0f3466bf-92b1-4d3d-913b-181fcec68996,Mega Feraligatr ex,Ascended Heroes,274,special_illustration_rare,v1|147425507390|0,Mega Feraligatr ex - #274/217 - ME: Asceneded Heros - SIR - NM,,Ungraded,4000,[],"[""FIXED_PRICE""]",grand_papi_cards,https://i.ebayimg.com/images/g/iRkAAeSwmbxqTsic/s-l225.jpg,https://www.ebay.com/itm/147425507390?_skw=Mega+Feraligatr+ex+274+Ascended+Heroes+Pokemon+card&hash=item22533eb83e:g:iRkAAeSwmbxqTsic&amdata=enc%3AAQALAAABEACCtXRWQnOEpyOqnQQ8KGZGcyeb7bv90kS1FgTH6bHieE7AD8a1O%2FCI0sllEEyJp%2FVEjwIWrvNAM4EaJ8An6WmAqx5d5bKmJv0aN8%2F6ah1Fjkic6daN7xAgE6Al%2BOdUuCA1ve4Lbp0b5l1kVTj%2BgrBTIyFG0URpdYgFc3hlRgKhj2ysu98Qp1mhv4J%2B%2BEpvFtanTF1OFbfIE51oz0U2EDSQ7XySlhd4EG7yOi0I505oSYd10c4M50dWm9TsXkmC23m%2Fasu69XIHW5yCO7CAh5UZjzzqO8wu7Ba0CMpzqZ5J6S6dZlYEMFZNuDLhYy09KReW4ZCsJwQ1VPRM5pkZAQkwDYHPOGMJFQnZKKvKKqQS,"{""value"": ""160.00"", ""currency"": ""USD""}","[{""shippingCostType"": ""FIXED"", ""shippingCost"": {""value"": ""0.00"", ""currency"": ""USD""}, ""minEstimatedDeliveryDate"": ""2026-09-14T07:00:00.000Z"", ""maxEstimatedDeliveryDate"": ""2026-09-17T07:00:00.000Z""}]",,,PENDING_INDEPENDENT_HUMAN_REVIEW,DEVELOPMENT,,,,,,,,,,,,,,
D2-0742,9f323989-e972-4a9e-9e7b-3166e85d0690,0f3466bf-92b1-4d3d-913b-181fcec68996,Mega Feraligatr ex,Ascended Heroes,274,special_illustration_rare,v1|227502501942|0,Mega Feraligatr ex 184/217 SIR Ascended Heroes Pokémon Card NM🐊⭐️⭐️,,Ungraded,4000,[],"[""FIXED_PRICE"", ""BEST_OFFER""]",scavotradingco,https://i.ebayimg.com/images/g/gxMAAeSw3vtqmB1m/s-l225.jpg,https://www.ebay.com/itm/227502501942?_skw=Mega+Feraligatr+ex+274+Ascended+Heroes+Pokemon+card&hash=item34f834b036:g:gxMAAeSw3vtqmB1m&amdata=enc%3AAQALAAABEACCtXRWQnOEpyOqnQQ8KGZPavXpW6S32UIfn1hc2%2BuyDT0ZhOVxSn1oGLSOlN%2BaMZQ9rlAuCykKOYzEL1QF32ov1FYFvpE2%2FC%2FCjIZV%2BREz9qnSfWU21DWGNfGk9uns%2Fn8u1ksMQj2afDuO6aMSRxqX9g3cOgRvCbFZaQZbHnI6onRxPhCTpN8pIYfpvWTzKEVC3WWpdueUgAJUWq04ryUBtLBiEWKfFoNR93x0iVZVobLtB50kiscAdwSaiMJd3Obn3kFMM88fbyr7kaM%2Bj53%2FIP1jFed9HpFY5B0HJgXqOCCL7KVRcddRVY3NlBnn5bD%2Fisy9WAw%2BU%2F2UuoJL5Kohtn6P9w264BDnaK1tj0R3,"{""value"": ""129.99"", ""currency"": ""USD""}","[{""shippingCostType"": ""FIXED"", ""shippingCost"": {""value"": ""0.00"", ""currency"": ""USD""}}]",,,PENDING_INDEPENDENT_HUMAN_REVIEW,DEVELOPMENT,,,,,,,,,,,,,,
D2-0746,9f323989-e972-4a9e-9e7b-3166e85d0690,0f3466bf-92b1-4d3d-913b-181fcec68996,Mega Feraligatr ex,Ascended Heroes,274,special_illustration_rare,v1|137684059988|0,2026 Pokemon Ascended Mega Feraligatr Ex SIR PSA 10,,Graded,2750,[],"[""FIXED_PRICE"", ""BEST_OFFER""]",deaesp_4,https://i.ebayimg.com/images/g/gxoAAeSwL3Vqlgeo/s-l225.jpg,https://www.ebay.com/itm/137684059988?_skw=Mega+Feraligatr+ex+274+Ascended+Heroes+Pokemon+card&hash=item200e9c0754:g:gxoAAeSwL3Vqlgeo,"{""value"": ""285.00"", ""currency"": ""USD""}","[{""shippingCostType"": ""CALCULATED""}]",,,PENDING_INDEPENDENT_HUMAN_REVIEW,DEVELOPMENT,,,,,,,,,,,,,,
D2-0747,9f323989-e972-4a9e-9e7b-3166e85d0690,0f3466bf-92b1-4d3d-913b-181fcec68996,Mega Feraligatr ex,Ascended Heroes,274,special_illustration_rare,v1|117399574243|0,ITALIAN NM Mega Feraligatr EX 274/217 Ascended Heroes 2026 Pokemon SIR,,Ungraded,4000,[],"[""FIXED_PRICE"", ""BEST_OFFER""]",pikapikavic,https://i.ebayimg.com/images/g/btEAAeSwzVlqmj~f/s-l225.jpg,https://www.ebay.com/itm/117399574243?_skw=Mega+Feraligatr+ex+274+Ascended+Heroes+Pokemon+card&hash=item1b558f56e3:g:btEAAeSwzVlqmj~f,"{""value"": ""109.99"", ""currency"": ""USD""}","[{""shippingCostType"": ""CALCULATED""}]",,,PENDING_INDEPENDENT_HUMAN_REVIEW,DEVELOPMENT,,,,,,,,,,,,,,
D2-0749,9f323989-e972-4a9e-9e7b-3166e85d0690,0f3466bf-92b1-4d3d-913b-181fcec68996,Mega Feraligatr ex,Ascended Heroes,274,special_illustration_rare,v1|127909424067|0,Pokémon TCG Mega Feraligatr EX 274/217 SIR Ascended Heroes NM Condition,,Ungraded,4000,[],"[""FIXED_PRICE""]",pokechester,https://i.ebayimg.com/images/g/jY4AAeSwmCZqJhQJ/s-l225.jpg,https://www.ebay.com/itm/127909424067?_skw=Mega+Feraligatr+ex+274+Ascended+Heroes+Pokemon+card&hash=item1dc7feebc3:g:jY4AAeSwmCZqJhQJ,"{""value"": ""160.00"", ""currency"": ""USD""}","[{""shippingCostType"": ""FIXED"", ""shippingCost"": {""value"": ""8.00"", ""currency"": ""USD""}, ""minEstimatedDeliveryDate"": ""2026-09-15T07:00:00.000Z"", ""maxEstimatedDeliveryDate"": ""2026-09-21T07:00:00.000Z""}]",,,PENDING_INDEPENDENT_HUMAN_REVIEW,DEVELOPMENT,,,,,,,,,,,,,,
D2-0750,9f323989-e972-4a9e-9e7b-3166e85d0690,0f3466bf-92b1-4d3d-913b-181fcec68996,Mega Feraligatr ex,Ascended Heroes,274,special_illustration_rare,v1|128063890096|0,Pokémon TCG Card Mega Feraligatr EX 274/217 SIR Ascended Heroes ENGLISH NM,,Ungraded,4000,[],"[""FIXED_PRICE"", ""BEST_OFFER""]",tobr2952,https://i.ebayimg.com/images/g/8uMAAeSwweRqnD9l/s-l225.jpg,https://www.ebay.com/itm/128063890096?_skw=Mega+Feraligatr+ex+274+Ascended+Heroes+Pokemon+card&hash=item1dd133e2b0:g:8uMAAeSwweRqnD9l,"{""value"": ""159.99"", ""currency"": ""USD""}","[{""shippingCostType"": ""CALCULATED""}]",,,PENDING_INDEPENDENT_HUMAN_REVIEW,DEVELOPMENT,,,,,,,,,,,,,,
D2-0751,a3d56338-1f3f-4b99-8920-5d71b8b85737,66f1f173-3a34-44b4-95a3-d0031fa9d3ee,Pikachu ex,Surging Sparks,247,hyper_rare_gold,v1|126937659557|0,Pikachu ex 247/191 Sv08: Surging Sparks Holo,,Ungraded,4000,[],"[""FIXED_PRICE"", ""BEST_OFFER""]",budst8383,https://i.ebayimg.com/images/g/RvgAAeSwrv9nrMLn/s-l225.jpg,https://www.ebay.com/itm/126937659557?_skw=Pikachu+ex+247+Surging+Sparks+Pokemon+card&hash=item1d8e12f8a5:g:RvgAAeSwrv9nrMLn&amdata=enc%3AAQALAAABEACCtXRWQnOEpyOqnQQ8KGZa26fbEKi9ZYCuKeML3ThjqupLsy6u2KJZR9cwDccZGwmjr8E%2BS33%2BZ7TzEr%2Fs4oomswm2qtzrcjqlZPNuzM1ZJcwkrrMHYBuUSRXfTPWNnHFXFtJqSEBn73MrtRvQFpe7W3FqGSPkGUUld%2BdnONLJKIY%2FQcJ0uwq2LtFHcRnCx7Hc%2FeCDvIJiZz0IrUg6WqSWdwOAM49px73SiOPi0snmvh1l%2F606fww0Xx%2BVCa8mVFM%2BCZ8ja%2F%2B1vQu2VCdvLpqJbJD3aWdkIp6EYVC0QydPylsYkSscacD3zpr0BxvQEZlolhuM%2FAFuJeETHQ11ovZtl362xSi%2BrLFpk1VNmXfQ,"{""value"": ""120.00"", ""currency"": ""USD""}",[],,,PENDING_INDEPENDENT_HUMAN_REVIEW,DEVELOPMENT,,,,,,,,,,,,,,
D2-0753,a3d56338-1f3f-4b99-8920-5d71b8b85737,66f1f173-3a34-44b4-95a3-d0031fa9d3ee,Pikachu ex,Surging Sparks,247,hyper_rare_gold,v1|137707182305|0,Pikachu ex 247/191 Sv08: Surging Sparks Holo Gold Card,,Ungraded,4000,[],"[""FIXED_PRICE"", ""BEST_OFFER""]",valsen38,https://i.ebayimg.com/images/g/e2kAAeSwva1qndey/s-l225.jpg,https://www.ebay.com/itm/137707182305?_skw=Pikachu+ex+247+Surging+Sparks+Pokemon+card&hash=item200ffcd8e1:g:e2kAAeSwva1qndey,"{""value"": ""100.00"", ""currency"": ""USD""}","[{""shippingCostType"": ""CALCULATED""}]",,,PENDING_INDEPENDENT_HUMAN_REVIEW,DEVELOPMENT,,,,,,,,,,,,,,
D2-0756,a3d56338-1f3f-4b99-8920-5d71b8b85737,66f1f173-3a34-44b4-95a3-d0031fa9d3ee,Pikachu ex,Surging Sparks,247,hyper_rare_gold,v1|267731943105|0,Pokemon TCG New Set Pikachu 247/191 Hyper Rare Gold Card Surging Sparks,,Ungraded,4000,[],"[""FIXED_PRICE"", ""BEST_OFFER""]",mountaingamingnc,https://i.ebayimg.com/images/g/-VgAAeSwDTBqXB1I/s-l225.jpg,https://www.ebay.com/itm/267731943105?_skw=Pikachu+ex+247+Surging+Sparks+Pokemon+card&hash=item3e56113ec1:g:-VgAAeSwDTBqXB1I,"{""value"": ""81.00"", ""currency"": ""USD""}","[{""shippingCostType"": ""CALCULATED""}]",,,PENDING_INDEPENDENT_HUMAN_REVIEW,DEVELOPMENT,,,,,,,,,,,,,,
D2-0759,a3d56338-1f3f-4b99-8920-5d71b8b85737,66f1f173-3a34-44b4-95a3-d0031fa9d3ee,Pikachu ex,Surging Sparks,247,hyper_rare_gold,v1|366643516272|0,Pikachu EX 247/191 Surging Sparks Holo Hyper Rare Custom Gold Metal Fan Art Card,,Ungraded,4000,[],"[""FIXED_PRICE"", ""BEST_OFFER""]",cardshaq07,https://i.ebayimg.com/images/g/aKYAAeSw0DZqhyj1/s-l225.jpg,https://www.ebay.com/itm/366643516272?_skw=Pikachu+ex+247+Surging+Sparks+Pokemon+card&hash=item555da81370:g:aKYAAeSw0DZqhyj1,"{""value"": ""12.99"", ""currency"": ""USD""}","[{""shippingCostType"": ""FIXED"", ""shippingCost"": {""value"": ""3.00"", ""currency"": ""USD""}, ""minEstimatedDeliveryDate"": ""2026-09-15T07:00:00.000Z"", ""maxEstimatedDeliveryDate"": ""2026-09-21T07:00:00.000Z""}]",,,PENDING_INDEPENDENT_HUMAN_REVIEW,DEVELOPMENT,,,,,,,,,,,,,,
D2-0764,a3d56338-1f3f-4b99-8920-5d71b8b85737,66f1f173-3a34-44b4-95a3-d0031fa9d3ee,Pikachu ex,Surging Sparks,247,hyper_rare_gold,v1|158260213199|0,The Pokémon Company Pikachu ex 247/191 Surging Sparks Hyper Rare Tera Holo,,Ungraded,4000,[],"[""AUCTION"", ""BEST_OFFER""]",vyb_07,https://i.ebayimg.com/images/g/qHYAAeSwEbBqUm~2/s-l225.jpg,https://www.ebay.com/itm/158260213199?_skw=Pikachu+ex+247+Surging+Sparks+Pokemon+card&hash=item24d90b35cf:g:qHYAAeSwEbBqUm~2,{},"[{""shippingCostType"": ""CALCULATED""}]",,,PENDING_INDEPENDENT_HUMAN_REVIEW,DEVELOPMENT,,,,,,,,,,,,,,
D2-0765,a3d56338-1f3f-4b99-8920-5d71b8b85737,66f1f173-3a34-44b4-95a3-d0031fa9d3ee,Pikachu ex,Surging Sparks,247,hyper_rare_gold,v1|158272872924|0,Pikachu ex 247/191 Sv08: Surging Sparks Holo,,Graded,2750,[],"[""FIXED_PRICE"", ""BEST_OFFER""]",cardforestllc26,https://i.ebayimg.com/images/g/pJgAAeSwwyhqoKiK/s-l225.jpg,https://www.ebay.com/itm/158272872924?_skw=Pikachu+ex+247+Surging+Sparks+Pokemon+card&hash=item24d9cc61dc:g:pJgAAeSwwyhqoKiK&amdata=enc%3AAQALAAABEACCtXRWQnOEpyOqnQQ8KGbZ%2FTRHQMknuWX1njEe1Qpzgdm61x%2FNdVM8egojAl2tk6syBGAofPZX%2BfQib4WNQo7WAWTf8Uzkuq5IkUf6MhhKJ3vuSPvJQZKdvcp%2B9AircWfhLlBzHi%2BwAl8TaXl%2Fnc7%2FAXjxILIDKE5dxKiIOu%2B96%2Ba5KNw2Jw7Gvo5I9ItEuHZCj9joAJbxDzIrr6%2BvR5Xt2j3Ax02%2Bmwa7cov83gcSxVowkLwBATbXRFSy%2FwSBMjmfzgONkStN9YiEmJP122KyBX2%2BIGCwhcTK%2BLRUu7beyKhGFfodZraeMO9ObwKyXtj3ahPOa02ONQtnYvJNlOIh1oXJ%2BJlXW0Iyfq2ETQ%2BK,"{""value"": ""94.99"", ""currency"": ""USD""}","[{""shippingCostType"": ""CALCULATED""}]",,,PENDING_INDEPENDENT_HUMAN_REVIEW,DEVELOPMENT,,,,,,,,,,,,,,
D2-0766,a6969678-b361-4b27-bee3-e3cdc127a5e4,bb6ebfa8-886c-4b5c-822a-7431870bb339,Dragapult ex,Prismatic Evolutions,165,special_illustration_rare,v1|117286680842|0,Dragapult ex Special Illustration Rare SV: Prismatic Evolutions Holo 165/131 NM,,Ungraded,4000,[],"[""FIXED_PRICE""]",the.tradingcardguy,https://i.ebayimg.com/images/g/bcAAAeSwVSNqSwZ9/s-l225.jpg,https://www.ebay.com/itm/117286680842?_skw=Dragapult+ex+165+Prismatic+Evolutions+Pokemon+card&hash=item1b4ed4b90a:g:bcAAAeSwVSNqSwZ9,"{""value"": ""149.99"", ""currency"": ""USD""}","[{""shippingCostType"": ""FIXED"", ""shippingCost"": {""value"": ""4.99"", ""currency"": ""USD""}, ""minEstimatedDeliveryDate"": ""2026-09-15T07:00:00.000Z"", ""maxEstimatedDeliveryDate"": ""2026-09-18T07:00:00.000Z""}]",,,PENDING_INDEPENDENT_HUMAN_REVIEW,DEVELOPMENT,,,,,,,,,,,,,,
D2-0767,a6969678-b361-4b27-bee3-e3cdc127a5e4,bb6ebfa8-886c-4b5c-822a-7431870bb339,Dragapult ex,Prismatic Evolutions,165,special_illustration_rare,v1|117342125061|0,Dragapult ex - Special Illustration 165/131 SV: Prismatic Evolutions NM Jerky,,Ungraded,4000,[],"[""FIXED_PRICE""]",newleafcollectibles-tx,https://i.ebayimg.com/images/g/7-oAAeSwB-dqczes/s-l225.jpg,https://www.ebay.com/itm/117342125061?_skw=Dragapult+ex+165+Prismatic+Evolutions+Pokemon+card&hash=item1b5222bc05:g:7-oAAeSwB-dqczes,"{""value"": ""135.99"", ""currency"": ""USD""}","[{""shippingCostType"": ""FIXED"", ""shippingCost"": {""value"": ""0.00"", ""currency"": ""USD""}, ""minEstimatedDeliveryDate"": ""2026-09-15T07:00:00.000Z"", ""maxEstimatedDeliveryDate"": ""2026-09-18T07:00:00.000Z""}]",,,PENDING_INDEPENDENT_HUMAN_REVIEW,DEVELOPMENT,,,,,,,,,,,,,,
D2-0772,a6969678-b361-4b27-bee3-e3cdc127a5e4,bb6ebfa8-886c-4b5c-822a-7431870bb339,Dragapult ex,Prismatic Evolutions,165,special_illustration_rare,v1|156750664346|458824091900,Pokemon Prismatic Evolutions: Choose Your Card! Reverse Holo/Holo EX Full Art NM,,Ungraded,4000,[],"[""FIXED_PRICE""]",overstackedcards,https://i.ebayimg.com/images/g/GcgAAeSw~wdoy7z6/s-l225.jpg,https://www.ebay.com/itm/156750664346?_skw=Dragapult+ex+165+Prismatic+Evolutions+Pokemon+card&hash=item247f11529a:g:GcgAAeSw~wdoy7z6,"{""value"": ""161.49"", ""currency"": ""USD""}","[{""shippingCostType"": ""FIXED"", ""shippingCost"": {""value"": ""0.00"", ""currency"": ""USD""}, ""minEstimatedDeliveryDate"": ""2026-09-15T07:00:00.000Z"", ""maxEstimatedDeliveryDate"": ""2026-09-18T07:00:00.000Z""}]",,,PENDING_INDEPENDENT_HUMAN_REVIEW,DEVELOPMENT,,,,,,,,,,,,,,
D2-0773,a6969678-b361-4b27-bee3-e3cdc127a5e4,bb6ebfa8-886c-4b5c-822a-7431870bb339,Dragapult ex,Prismatic Evolutions,165,special_illustration_rare,v1|158203613093|0,2025 Pokémon Pre En-Prismatic Evolutions SIR Dragapult Ex #165 PSA 10,,Graded,2750,[],"[""FIXED_PRICE""]",youtime_tcg,https://i.ebayimg.com/images/g/loQAAeSwR7pqhO9U/s-l225.jpg,https://www.ebay.com/itm/158203613093?_skw=Dragapult+ex+165+Prismatic+Evolutions+Pokemon+card&hash=item24d5ab8fa5:g:loQAAeSwR7pqhO9U,"{""value"": ""274.99"", ""currency"": ""USD""}","[{""shippingCostType"": ""CALCULATED""}]",,,PENDING_INDEPENDENT_HUMAN_REVIEW,DEVELOPMENT,,,,,,,,,,,,,,
D2-0776,a6969678-b361-4b27-bee3-e3cdc127a5e4,bb6ebfa8-886c-4b5c-822a-7431870bb339,Dragapult ex,Prismatic Evolutions,165,special_illustration_rare,v1|117399428907|0,Pokemon Dragapult ex 165/131 SIR Prismatic Evolutions NM SIR ,,Ungraded,4000,[],"[""FIXED_PRICE"", ""BEST_OFFER""]",m1kesosa,https://i.ebayimg.com/images/g/xhIAAeSwT-hqncbB/s-l225.jpg,https://www.ebay.com/itm/117399428907?_skw=Dragapult+ex+165+Prismatic+Evolutions+Pokemon+card&hash=item1b558d1f2b:g:xhIAAeSwT-hqncbB,"{""value"": ""130.00"", ""currency"": ""USD""}","[{""shippingCostType"": ""FIXED"", ""shippingCost"": {""value"": ""0.00"", ""currency"": ""USD""}, ""minEstimatedDeliveryDate"": ""2026-09-15T07:00:00.000Z"", ""maxEstimatedDeliveryDate"": ""2026-09-18T07:00:00.000Z""}]",,,PENDING_INDEPENDENT_HUMAN_REVIEW,DEVELOPMENT,,,,,,,,,,,,,,
D2-0779,a6969678-b361-4b27-bee3-e3cdc127a5e4,bb6ebfa8-886c-4b5c-822a-7431870bb339,Dragapult ex,Prismatic Evolutions,165,special_illustration_rare,v1|127932722950|0,Dragapult ex 165/131 Sv: Prismatic Evolutions Holo,,Ungraded,4000,[],"[""FIXED_PRICE"", ""BEST_OFFER""]",realestatemogul23,https://i.ebayimg.com/images/g/RgUAAeSw4PlqNpBn/s-l225.jpg,https://www.ebay.com/itm/127932722950?_skw=Dragapult+ex+165+Prismatic+Evolutions+Pokemon+card&hash=item1dc9626f06:g:RgUAAeSw4PlqNpBn,"{""value"": ""170.00"", ""currency"": ""USD""}","[{""shippingCostType"": ""CALCULATED""}]",,,PENDING_INDEPENDENT_HUMAN_REVIEW,DEVELOPMENT,,,,,,,,,,,,,,
D2-0783,a922341e-4646-470b-95cf-2a59055b18ce,2bf9f356-230d-42e8-99e7-0b10161b9392,Spidops ex,Scarlet and Violet Base Set,243,special_illustration_rare,v1|127069773974|0,Spidops ex 243/198 Sv01: Scarlet & Violet Base Set Holo NM,,Ungraded,4000,[],"[""FIXED_PRICE""]",packs_and_brix,https://i.ebayimg.com/images/g/kaIAAeSwCiZoCDbp/s-l225.jpg,https://www.ebay.com/itm/127069773974?_skw=Spidops+ex+243+Scarlet+and+Violet+Base+Set+Pokemon+card&hash=item1d95f2e096:g:kaIAAeSwCiZoCDbp,"{""value"": ""7.74"", ""currency"": ""USD""}",[],,,PENDING_INDEPENDENT_HUMAN_REVIEW,DEVELOPMENT,,,,,,,,,,,,,,
D2-0784,a922341e-4646-470b-95cf-2a59055b18ce,2bf9f356-230d-42e8-99e7-0b10161b9392,Spidops ex,Scarlet and Violet Base Set,243,special_illustration_rare,v1|168574133631|0,Pokémon TCG Spidops ex 243/198 SV01 Scarlet & Violet SIR Full Art Holo ENG,,Ungraded,4000,[],"[""FIXED_PRICE"", ""BEST_OFFER""]",anderd_4963,https://i.ebayimg.com/images/g/ITkAAeSwqNVqaqwo/s-l225.jpg,https://www.ebay.com/itm/168574133631?_skw=Spidops+ex+243+Scarlet+and+Violet+Base+Set+Pokemon+card&hash=item273fcd257f:g:ITkAAeSwqNVqaqwo&amdata=enc%3AAQALAAABEACCtXRWQnOEpyOqnQQ8KGYJeirTlQnB2K3s7C%2BMMYIrO1WziAAvFC4c%2B20p2ARRHb%2BYRP25SlmtPRU5sgrKxqyzwOAe5KYOYOI22KHkiYItav7uNZjKQE3tesS1WOJRPTiWaiJGwSjuAFjMDrQa3G%2Bec780Cf5j%2BeC7eIvP5HKj467F4dOfZb6aHqZnAWpHlI0bRFxv%2BYmYyOT2qt0%2FiaZB%2FN%2Bm6VBL1nbsNmk6d%2Bgewnt2TxHaiRaUxO8FuplhiBZKTzd8eac0ZwC6mBX7nZFHzMXww9SAHCRhGAQMhnKY5%2BEPeyD%2Bks08E7ZVb1bAFhdsYiuox58UdzGc2TO6uBNb9fJqLmzIqxokc7%2BIVMmo,"{""value"": ""10.00"", ""currency"": ""USD""}","[{""shippingCostType"": ""CALCULATED""}]",,,PENDING_INDEPENDENT_HUMAN_REVIEW,DEVELOPMENT,,,,,,,,,,,,,,
D2-0787,a922341e-4646-470b-95cf-2a59055b18ce,2bf9f356-230d-42e8-99e7-0b10161b9392,Spidops ex,Scarlet and Violet Base Set,243,special_illustration_rare,v1|117344213567|0,Spidops ex Ultra Rare 223/198 SV01: Scarlet & Violet Base Set NM takuyoa,,Ungraded,4000,[],"[""FIXED_PRICE""]",newleafcollectibles-tx,https://i.ebayimg.com/images/g/8pQAAeSwuKZqdJoU/s-l225.jpg,https://www.ebay.com/itm/117344213567?_skw=Spidops+ex+243+Scarlet+and+Violet+Base+Set+Pokemon+card&hash=item1b52429a3f:g:8pQAAeSwuKZqdJoU,"{""value"": ""1.99"", ""currency"": ""USD""}","[{""shippingCostType"": ""FIXED"", ""shippingCost"": {""value"": ""0.00"", ""currency"": ""USD""}, ""minEstimatedDeliveryDate"": ""2026-09-15T07:00:00.000Z"", ""maxEstimatedDeliveryDate"": ""2026-09-21T07:00:00.000Z""}]",,,PENDING_INDEPENDENT_HUMAN_REVIEW,DEVELOPMENT,,,,,,,,,,,,,,
D2-0788,a922341e-4646-470b-95cf-2a59055b18ce,2bf9f356-230d-42e8-99e7-0b10161b9392,Spidops ex,Scarlet and Violet Base Set,243,special_illustration_rare,v1|117373274843|0,Spidops ex 223/198 Pokemon TCG SV01: Scarlet & Violet Base Set Ultra Rare NM,,Ungraded,4000,[],"[""FIXED_PRICE""]",beasers_closet,https://i.ebayimg.com/images/g/AEoAAeSwmOBqiqL-/s-l225.jpg,https://www.ebay.com/itm/117373274843?_skw=Spidops+ex+243+Scarlet+and+Violet+Base+Set+Pokemon+card&hash=item1b53fe0adb:g:AEoAAeSwmOBqiqL-,"{""value"": ""1.99"", ""currency"": ""USD""}","[{""shippingCostType"": ""CALCULATED""}]",,,PENDING_INDEPENDENT_HUMAN_REVIEW,DEVELOPMENT,,,,,,,,,,,,,,
D2-0789,a922341e-4646-470b-95cf-2a59055b18ce,2bf9f356-230d-42e8-99e7-0b10161b9392,Spidops ex,Scarlet and Violet Base Set,243,special_illustration_rare,v1|117404580322|0,Pokemon SV01: Scarlet & Violet Base Set #019/198 Spidops ex,,Ungraded,4000,[],"[""FIXED_PRICE""]",hawks_phins,https://i.ebayimg.com/images/g/R7sAAeSwVDVqoZ5G/s-l225.jpg,https://www.ebay.com/itm/117404580322?_skw=Spidops+ex+243+Scarlet+and+Violet+Base+Set+Pokemon+card&hash=item1b55dbb9e2:g:R7sAAeSwVDVqoZ5G,"{""value"": ""2.49"", ""currency"": ""USD""}","[{""shippingCostType"": ""FIXED"", ""shippingCost"": {""value"": ""0.00"", ""currency"": ""USD""}, ""minEstimatedDeliveryDate"": ""2026-09-16T07:00:00.000Z"", ""maxEstimatedDeliveryDate"": ""2026-09-23T07:00:00.000Z""}]",,,PENDING_INDEPENDENT_HUMAN_REVIEW,DEVELOPMENT,,,,,,,,,,,,,,
D2-0794,a922341e-4646-470b-95cf-2a59055b18ce,2bf9f356-230d-42e8-99e7-0b10161b9392,Spidops ex,Scarlet and Violet Base Set,243,special_illustration_rare,v1|128052237582|0,Pokemon TCG Spidops ex 019/198 SV01: Scarlet & Violet Base Set Holo NM,,Ungraded,4000,[],"[""FIXED_PRICE"", ""BEST_OFFER""]",fenix_collectibles,https://i.ebayimg.com/images/g/hUYAAeSwuTdqlFD2/s-l225.jpg,https://www.ebay.com/itm/128052237582?_skw=Spidops+ex+243+Scarlet+and+Violet+Base+Set+Pokemon+card&hash=item1dd082150e:g:hUYAAeSwuTdqlFD2,"{""value"": ""1.50"", ""currency"": ""USD""}","[{""shippingCostType"": ""FIXED"", ""shippingCost"": {""value"": ""0.00"", ""currency"": ""USD""}, ""minEstimatedDeliveryDate"": ""2026-09-16T07:00:00.000Z"", ""maxEstimatedDeliveryDate"": ""2026-09-23T07:00:00.000Z""}]",,,PENDING_INDEPENDENT_HUMAN_REVIEW,DEVELOPMENT,,,,,,,,,,,,,,
D2-0797,ae4a6acb-3a88-4547-a165-7a617bfb2ce8,cd7798fe-711e-4cad-a015-7139b3d49bf6,Jolteon ex,Prismatic Evolutions,153,special_illustration_rare,v1|117300849997|0,Jolteon ex Special Illustration Rare SV: Prismatic Evolutions 153/131 NM,,Ungraded,4000,[],"[""FIXED_PRICE""]",the.tradingcardguy,https://i.ebayimg.com/images/g/xGgAAeSwt4FqVblD/s-l225.jpg,https://www.ebay.com/itm/117300849997?_skw=Jolteon+ex+153+Prismatic+Evolutions+Pokemon+card&hash=item1b4faced4d:g:xGgAAeSwt4FqVblD&amdata=enc%3AAQALAAABEACCtXRWQnOEpyOqnQQ8KGaxMLJT1LQyIdKdNd065FfhlwLgU0erUAq0hRQ76vxoTLbWxUR8G6VXJCenjGuiJn3EoVpEl5F8PQ%2FsHHxa5LQz6wULCRwDCQ2U90dX1keqdSzSe%2BA26SOjabX75bQiAotMXaEeivkAvl4dyMKtCL3IrEghx6R9bIIgkxh1DVkm0CgA8tsPd6yqfohylChes7%2BBPFlDnSHc8brZSKmiuSmedwBBIah7r3%2F9qIsh1c9Tv2ADjGFvEue79ZTpfi%2B5Su6xcihzFsi6vDCpzv8Bcwfy6gJs8jboVqsNyb3HiM2SRKFDZR0urM93NbgJjstvnje0xVLtnzy6QCckZtgYK1Rr,"{""value"": ""229.99"", ""currency"": ""USD""}","[{""shippingCostType"": ""FIXED"", ""shippingCost"": {""value"": ""4.99"", ""currency"": ""USD""}, ""minEstimatedDeliveryDate"": ""2026-09-15T07:00:00.000Z"", ""maxEstimatedDeliveryDate"": ""2026-09-18T07:00:00.000Z""}]",,,PENDING_INDEPENDENT_HUMAN_REVIEW,DEVELOPMENT,,,,,,,,,,,,,,
D2-0798,ae4a6acb-3a88-4547-a165-7a617bfb2ce8,cd7798fe-711e-4cad-a015-7139b3d49bf6,Jolteon ex,Prismatic Evolutions,153,special_illustration_rare,v1|117404551701|0,Pokémon TCG Jolteon ex - 153/131 - SV: Prismatic Evolutions (PRE),,Ungraded,4000,[],"[""FIXED_PRICE"", ""BEST_OFFER""]",h3artl3ss696,https://i.ebayimg.com/images/g/7h0AAeSwv8BqoZiP/s-l225.jpg,https://www.ebay.com/itm/117404551701?_skw=Jolteon+ex+153+Prismatic+Evolutions+Pokemon+card&hash=item1b55db4a15:g:7h0AAeSwv8BqoZiP,"{""value"": ""160.00"", ""currency"": ""USD""}","[{""shippingCostType"": ""CALCULATED""}]",,,PENDING_INDEPENDENT_HUMAN_REVIEW,DEVELOPMENT,,,,,,,,,,,,,,
D2-0801,ae4a6acb-3a88-4547-a165-7a617bfb2ce8,cd7798fe-711e-4cad-a015-7139b3d49bf6,Jolteon ex,Prismatic Evolutions,153,special_illustration_rare,v1|357276000098|0,Pokémon Jolteon EX Prismatic Evolution TCG Card 153/131 Holo,,Ungraded,4000,[],"[""FIXED_PRICE"", ""BEST_OFFER""]",goshynz1101-4,https://i.ebayimg.com/images/g/xukAAeSw-W5ocd81/s-l225.jpg,https://www.ebay.com/itm/357276000098?_skw=Jolteon+ex+153+Prismatic+Evolutions+Pokemon+card&hash=item532f4f1f62:g:xukAAeSw-W5ocd81,"{""value"": ""205.00"", ""currency"": ""USD""}","[{""shippingCostType"": ""FIXED"", ""shippingCost"": {""value"": ""0.00"", ""currency"": ""USD""}, ""minEstimatedDeliveryDate"": ""2026-09-16T07:00:00.000Z"", ""maxEstimatedDeliveryDate"": ""2026-09-22T07:00:00.000Z""}]",,,PENDING_INDEPENDENT_HUMAN_REVIEW,DEVELOPMENT,,,,,,,,,,,,,,
D2-0804,ae4a6acb-3a88-4547-a165-7a617bfb2ce8,cd7798fe-711e-4cad-a015-7139b3d49bf6,Jolteon ex,Prismatic Evolutions,153,special_illustration_rare,v1|377234168425|0,2025 Pokemon Prismatic Evolution Jolteon Ex Special Illustration Rare,,Ungraded,4000,[],"[""FIXED_PRICE""]",ty-422136,https://i.ebayimg.com/images/g/HbkAAeSwfE5qIZZ7/s-l225.jpg,https://www.ebay.com/itm/377234168425?_skw=Jolteon+ex+153+Prismatic+Evolutions+Pokemon+card&hash=item57d4e89a69:g:HbkAAeSwfE5qIZZ7,"{""value"": ""165.00"", ""currency"": ""USD""}","[{""shippingCostType"": ""CALCULATED""}]",,,PENDING_INDEPENDENT_HUMAN_REVIEW,DEVELOPMENT,,,,,,,,,,,,,,
D2-0809,ae4a6acb-3a88-4547-a165-7a617bfb2ce8,cd7798fe-711e-4cad-a015-7139b3d49bf6,Jolteon ex,Prismatic Evolutions,153,special_illustration_rare,v1|128027112464|0,2025 Prismatic Evolutions Special Illustration Rare 153/131 Jolteon ex CGC 10,,Graded,2750,[],"[""FIXED_PRICE""]",jparris89ab,https://i.ebayimg.com/images/g/HOEAAeSwSOpqf6MA/s-l225.jpg,https://www.ebay.com/itm/128027112464?_skw=Jolteon+ex+153+Prismatic+Evolutions+Pokemon+card&hash=item1dcf02b410:g:HOEAAeSwSOpqf6MA&amdata=enc%3AAQALAAABEACCtXRWQnOEpyOqnQQ8KGbQj9PJ3xfT1Hluh31TPtNQ41xOq6wGV8YFagiq13fbi547RhFc%2F5TtuWMkyv1SCSfA1dG2UIlzUUBs%2B6eDJwhPZrYiARIM7ZNk407T2EWan0ISwyT7TMrvmzjfoQDqCDpIIGVWOIU2x4wSUeJug9f171faQib9GXnvw3eP2puVk7EAlQCF6D59UfsNQ1T4Z%2BuggkcDP91cJDtpEmsVroWQoDJRrCIvGmEJTddD4GdMy9eP41sUe1U7%2BgFeCAG7UsXw%2FUOczp1NKS5BUNVyWMt1yhkK1Px03YDVbrPwh2PxZaEntusXDA7zIxFBdJibWu1Hh8v3CExzNAWUl0J4LQvM,"{""value"": ""325.00"", ""currency"": ""USD""}","[{""shippingCostType"": ""CALCULATED""}]",,,PENDING_INDEPENDENT_HUMAN_REVIEW,DEVELOPMENT,,,,,,,,,,,,,,
D2-0810,ae4a6acb-3a88-4547-a165-7a617bfb2ce8,cd7798fe-711e-4cad-a015-7139b3d49bf6,Jolteon ex,Prismatic Evolutions,153,special_illustration_rare,v1|128061907598|0,Pokémon TCG Jolteon ex - 153/131 - SV: Prismatic Evolutions (PRE),,Ungraded,4000,[],"[""FIXED_PRICE""]",playmakersgcc,https://i.ebayimg.com/images/g/2EcAAeSwaGNqmujH/s-l225.jpg,https://www.ebay.com/itm/128061907598?_skw=Jolteon+ex+153+Prismatic+Evolutions+Pokemon+card&hash=item1dd115a28e:g:2EcAAeSwaGNqmujH,"{""value"": ""200.00"", ""currency"": ""USD""}","[{""shippingCostType"": ""CALCULATED""}]",,,PENDING_INDEPENDENT_HUMAN_REVIEW,DEVELOPMENT,,,,,,,,,,,,,,
D2-0812,b3020b76-9ff0-449a-85b8-924878fa0e8b,b70cd4ec-81c4-4e81-a677-901a43af62d9,Archeops,White Flare,132,illustration_rare,v1|137571766912|0,Archeops Holo Illustration Rare SV: White Flare 132/086 NM,,Ungraded,4000,[],"[""FIXED_PRICE"", ""BEST_OFFER""]",zacj3,https://i.ebayimg.com/images/g/SaMAAeSwo4NqbPae/s-l225.jpg,https://www.ebay.com/itm/137571766912?_skw=Archeops+132+White+Flare+Pokemon+card&hash=item2007ea9280:g:SaMAAeSwo4NqbPae,"{""value"": ""15.00"", ""currency"": ""USD""}","[{""shippingCostType"": ""FIXED"", ""shippingCost"": {""value"": ""1.99"", ""currency"": ""USD""}, ""minEstimatedDeliveryDate"": ""2026-09-15T07:00:00.000Z"", ""maxEstimatedDeliveryDate"": ""2026-09-19T07:00:00.000Z""}]",,,PENDING_INDEPENDENT_HUMAN_REVIEW,DEVELOPMENT,,,,,,,,,,,,,,
D2-0814,b3020b76-9ff0-449a-85b8-924878fa0e8b,b70cd4ec-81c4-4e81-a677-901a43af62d9,Archeops,White Flare,132,illustration_rare,v1|128068393435|0,Archeops 132/086 WHT NM Holofoil,,Ungraded,4000,[],"[""FIXED_PRICE""]",shodashop,https://i.ebayimg.com/images/g/-AAAAeSwMKBqn7~y/s-l225.jpg,https://www.ebay.com/itm/128068393435?_skw=Archeops+132+White+Flare+Pokemon+card&hash=item1dd17899db:g:-AAAAeSwMKBqn7~y,"{""value"": ""13.99"", ""currency"": ""USD""}","[{""shippingCostType"": ""CALCULATED""}]",,,PENDING_INDEPENDENT_HUMAN_REVIEW,DEVELOPMENT,,,,,,,,,,,,,,
D2-0820,b3020b76-9ff0-449a-85b8-924878fa0e8b,b70cd4ec-81c4-4e81-a677-901a43af62d9,Archeops,White Flare,132,illustration_rare,v1|127934506173|0,Archeops IR 132/086 White Flare 2025 Pokemon TCG - ACE 9 Mint Graded ,,Graded,2750,[],"[""FIXED_PRICE"", ""BEST_OFFER""]",packsandparcels,https://i.ebayimg.com/images/g/YfUAAeSwTU5p~NL9/s-l225.jpg,https://www.ebay.com/itm/127934506173?_skw=Archeops+132+White+Flare+Pokemon+card&hash=item1dc97da4bd:g:YfUAAeSwTU5p~NL9,"{""value"": ""33.77"", ""currency"": ""USD"", ""convertedFromValue"": ""24.99"", ""convertedFromCurrency"": ""GBP""}",[],,,PENDING_INDEPENDENT_HUMAN_REVIEW,DEVELOPMENT,,,,,,,,,,,,,,
D2-0822,b3020b76-9ff0-449a-85b8-924878fa0e8b,b70cd4ec-81c4-4e81-a677-901a43af62d9,Archeops,White Flare,132,illustration_rare,v1|147415082752|0,Archeops 132/086 Illustration Rare 2025 Pokemon White Flare Card NM,,Ungraded,4000,[],"[""FIXED_PRICE"", ""BEST_OFFER""]",spheal123,https://i.ebayimg.com/images/g/SvcAAeSwqYlqSIM2/s-l225.jpg,https://www.ebay.com/itm/147415082752?_skw=Archeops+132+White+Flare+Pokemon+card&hash=item22529fa700:g:SvcAAeSwqYlqSIM2,"{""value"": ""18.00"", ""currency"": ""USD""}","[{""shippingCostType"": ""FIXED"", ""shippingCost"": {""value"": ""0.00"", ""currency"": ""USD""}, ""minEstimatedDeliveryDate"": ""2026-09-15T07:00:00.000Z"", ""maxEstimatedDeliveryDate"": ""2026-09-19T07:00:00.000Z""}]",,,PENDING_INDEPENDENT_HUMAN_REVIEW,DEVELOPMENT,,,,,,,,,,,,,,
D2-0824,b3020b76-9ff0-449a-85b8-924878fa0e8b,b70cd4ec-81c4-4e81-a677-901a43af62d9,Archeops,White Flare,132,illustration_rare,v1|147557488571|0,Pokemon Archeops 132/086 White Flare Illustration Rare IR Holo NM,,Ungraded,4000,[],"[""FIXED_PRICE"", ""BEST_OFFER""]",lukan_n_kicks,https://i.ebayimg.com/images/g/CYgAAeSw7RFqnwSi/s-l225.jpg,https://www.ebay.com/itm/147557488571?_skw=Archeops+132+White+Flare+Pokemon+card&hash=item225b1c97bb:g:CYgAAeSw7RFqnwSi,"{""value"": ""14.00"", ""currency"": ""USD""}","[{""shippingCostType"": ""CALCULATED""}]",,,PENDING_INDEPENDENT_HUMAN_REVIEW,DEVELOPMENT,,,,,,,,,,,,,,
D2-0825,b3020b76-9ff0-449a-85b8-924878fa0e8b,b70cd4ec-81c4-4e81-a677-901a43af62d9,Archeops,White Flare,132,illustration_rare,v1|147566655147|0,Archeops Holo Illustration Rare SV: White Flare 132/086 NM,,Ungraded,4000,[],"[""FIXED_PRICE""]",totaltortugatrades,https://i.ebayimg.com/images/g/hFkAAeSwqrhqpE65/s-l225.jpg,https://www.ebay.com/itm/147566655147?_skw=Archeops+132+White+Flare+Pokemon+card&hash=item225ba876ab:g:hFkAAeSwqrhqpE65,"{""value"": ""15.92"", ""currency"": ""USD""}","[{""shippingCostType"": ""FIXED"", ""shippingCost"": {""value"": ""0.00"", ""currency"": ""USD""}, ""minEstimatedDeliveryDate"": ""2026-09-15T07:00:00.000Z"", ""maxEstimatedDeliveryDate"": ""2026-09-21T07:00:00.000Z""}]",,,PENDING_INDEPENDENT_HUMAN_REVIEW,DEVELOPMENT,,,,,,,,,,,,,,
D2-0827,b547c5c3-7082-4a7f-9290-3d569b91b462,2c272732-fdb3-4639-aa6b-ea9fa3ad9c24,Team Rocket's Giovanni,Destined Rivals,225,ultra_rare,v1|128072523514|0,Pokemon Team Rocket's Giovanni 225/182 Destined Rivals Ultra Rare Full Art NM,,Ungraded,4000,[],"[""FIXED_PRICE"", ""BEST_OFFER""]",kingjimmy02,https://i.ebayimg.com/images/g/b0YAAeSwxPVqotci/s-l225.jpg,https://www.ebay.com/itm/128072523514?_skw=Team+Rocket%27s+Giovanni+225+Destined+Rivals+Pokemon+card&hash=item1dd1b79efa:g:b0YAAeSwxPVqotci,"{""value"": ""6.00"", ""currency"": ""USD""}","[{""shippingCostType"": ""CALCULATED""}]",,,PENDING_INDEPENDENT_HUMAN_REVIEW,DEVELOPMENT,,,,,,,,,,,,,,
D2-0829,b547c5c3-7082-4a7f-9290-3d569b91b462,2c272732-fdb3-4639-aa6b-ea9fa3ad9c24,Team Rocket's Giovanni,Destined Rivals,225,ultra_rare,v1|157077521788|458585815746,Pokemon Cards! Destined Rivals Holo/Reverse Holo EX Ultra Rare SIR Full Art Card,,Ungraded,4000,[],"[""FIXED_PRICE""]",overstackedcards,https://i.ebayimg.com/images/g/4C0AAOSwApBoRrAI/s-l225.jpg,https://www.ebay.com/itm/157077521788?_skw=Team+Rocket%27s+Giovanni+225+Destined+Rivals+Pokemon+card&hash=item24928cc57c:g:4C0AAOSwApBoRrAI,"{""value"": ""14.24"", ""currency"": ""USD""}","[{""shippingCostType"": ""FIXED"", ""shippingCost"": {""value"": ""0.00"", ""currency"": ""USD""}, ""minEstimatedDeliveryDate"": ""2026-09-15T07:00:00.000Z"", ""maxEstimatedDeliveryDate"": ""2026-09-18T07:00:00.000Z""}]",,,PENDING_INDEPENDENT_HUMAN_REVIEW,DEVELOPMENT,,,,,,,,,,,,,,
D2-0830,b547c5c3-7082-4a7f-9290-3d569b91b462,2c272732-fdb3-4639-aa6b-ea9fa3ad9c24,Team Rocket's Giovanni,Destined Rivals,225,ultra_rare,v1|158262805996|0,Pokémon TCG Destined Rivals Team Rockets Giovanni Card 225/182,,Ungraded,4000,[],"[""FIXED_PRICE"", ""BEST_OFFER""]",jacol5761,https://i.ebayimg.com/images/g/h-oAAeSwmpZqnOV-/s-l225.jpg,https://www.ebay.com/itm/158262805996?_skw=Team+Rocket%27s+Giovanni+225+Destined+Rivals+Pokemon+card&hash=item24d932c5ec:g:h-oAAeSwmpZqnOV-,"{""value"": ""8.99"", ""currency"": ""USD""}","[{""shippingCostType"": ""CALCULATED""}]",,,PENDING_INDEPENDENT_HUMAN_REVIEW,DEVELOPMENT,,,,,,,,,,,,,,
D2-0832,b547c5c3-7082-4a7f-9290-3d569b91b462,2c272732-fdb3-4639-aa6b-ea9fa3ad9c24,Team Rocket's Giovanni,Destined Rivals,225,ultra_rare,v1|128074143866|0,ACE 10 Team Rocket's Giovanni 225/182 Destined Rivals Gem Mint 10 Pokemon,,Graded,2750,[],"[""FIXED_PRICE"", ""BEST_OFFER""]",matfos6578,https://i.ebayimg.com/images/g/fC0AAeSwj6RqpBru/s-l225.jpg,https://www.ebay.com/itm/128074143866?_skw=Team+Rocket%27s+Giovanni+225+Destined+Rivals+Pokemon+card&hash=item1dd1d0587a:g:fC0AAeSwj6RqpBru&amdata=enc%3AAQALAAABEACCtXRWQnOEpyOqnQQ8KGZTLYCFOZvAihBN3xKq4ThpIjD7P7PGeAbEcSGfTzb0HBXhU3ZQ9YvZ2%2BpAekzK1pW6XCv87pDiD8F3LgCS3%2F7veU%2BquhPH2y5RW59QULb1KAA5J69qrBdcd5VceGTW%2FQlHA9t7TGuLtLxuzA8NOE2tcZ%2Fn6p9zVvHXK3dIJ7bWQO%2B8sy0LLwWBJM3fT5WgkU9TNGVzmch%2FV8IvSweNLsLt%2F5JWFEnNiXrf6S1SiJGozQ7z3tAtgPNgH6R0MffwidOOENOOURbFZSU6EIluH7ZvZ85kOU5r469TWDy1R9UY47wTNqlnKaCzZ5FEGbAK8QalytppVdOGdIR4FwhPptyC,"{""value"": ""47.14"", ""currency"": ""USD"", ""convertedFromValue"": ""34.89"", ""convertedFromCurrency"": ""GBP""}",[],,,PENDING_INDEPENDENT_HUMAN_REVIEW,DEVELOPMENT,,,,,,,,,,,,,,
D2-0833,b547c5c3-7082-4a7f-9290-3d569b91b462,2c272732-fdb3-4639-aa6b-ea9fa3ad9c24,Team Rocket's Giovanni,Destined Rivals,225,ultra_rare,v1|147550506379|0,TEAM ROCKET'S GIOVANNI POKEMON DESTINED RIVALS 225/182 ULTRA RARE LIGHTLY PLAYED,,Ungraded,4000,[],"[""FIXED_PRICE""]",halocop237,https://i.ebayimg.com/images/g/kPYAAeSwNXNqmz0I/s-l225.jpg,https://www.ebay.com/itm/147550506379?_skw=Team+Rocket%27s+Giovanni+225+Destined+Rivals+Pokemon+card&hash=item225ab20d8b:g:kPYAAeSwNXNqmz0I,"{""value"": ""5.46"", ""currency"": ""USD""}","[{""shippingCostType"": ""FIXED"", ""shippingCost"": {""value"": ""1.00"", ""currency"": ""USD""}, ""minEstimatedDeliveryDate"": ""2026-09-15T07:00:00.000Z"", ""maxEstimatedDeliveryDate"": ""2026-09-19T07:00:00.000Z""}]",,,PENDING_INDEPENDENT_HUMAN_REVIEW,DEVELOPMENT,,,,,,,,,,,,,,
D2-0834,b547c5c3-7082-4a7f-9290-3d569b91b462,2c272732-fdb3-4639-aa6b-ea9fa3ad9c24,Team Rocket's Giovanni,Destined Rivals,225,ultra_rare,v1|137397464334|0,Team Rocket's Giovanni 225/182 Ultra Rare Destined Rivals Pokemon Near Mint,,Ungraded,4000,[],"[""FIXED_PRICE""]",sj_collections,https://i.ebayimg.com/images/g/pBEAAeSw9RVqKIeR/s-l225.jpg,https://www.ebay.com/itm/137397464334?_skw=Team+Rocket%27s+Giovanni+225+Destined+Rivals+Pokemon+card&hash=item1ffd86ed0e:g:pBEAAeSw9RVqKIeR,"{""value"": ""7.97"", ""currency"": ""USD""}","[{""shippingCostType"": ""CALCULATED""}]",,,PENDING_INDEPENDENT_HUMAN_REVIEW,DEVELOPMENT,,,,,,,,,,,,,,
D2-0843,b620ec1c-c0ac-4e7e-919d-a7df98bcb84b,8af678f4-09f0-486c-9617-b56896ebeea0,Zweilous,White Flare,147,illustration_rare,v1|117373992930|0,Zweilous - 147/086 - SV: White Flare (WHT),,Ungraded,4000,[],"[""FIXED_PRICE"", ""BEST_OFFER""]",danmar269,https://i.ebayimg.com/images/g/TJoAAeSwbLhqi3NQ/s-l225.jpg,https://www.ebay.com/itm/117373992930?_skw=Zweilous+147+White+Flare+Pokemon+card&hash=item1b5408ffe2:g:TJoAAeSwbLhqi3NQ,"{""value"": ""14.00"", ""currency"": ""USD""}","[{""shippingCostType"": ""FIXED"", ""shippingCost"": {""value"": ""1.00"", ""currency"": ""USD""}, ""minEstimatedDeliveryDate"": ""2026-09-15T07:00:00.000Z"", ""maxEstimatedDeliveryDate"": ""2026-09-18T07:00:00.000Z""}]",,,PENDING_INDEPENDENT_HUMAN_REVIEW,DEVELOPMENT,,,,,,,,,,,,,,
D2-0845,b620ec1c-c0ac-4e7e-919d-a7df98bcb84b,8af678f4-09f0-486c-9617-b56896ebeea0,Zweilous,White Flare,147,illustration_rare,v1|287548084362|0,Zweilous Holofoil NM Illustration Rare [WHT - 147/086],,Ungraded,4000,[],"[""FIXED_PRICE""]",blackstarcardsco,https://i.ebayimg.com/images/g/0OYAAeSwiCJqj6Gt/s-l225.jpg,https://www.ebay.com/itm/287548084362?_skw=Zweilous+147+White+Flare+Pokemon+card&hash=item42f333908a:g:0OYAAeSwiCJqj6Gt,"{""value"": ""14.99"", ""currency"": ""USD""}","[{""shippingCostType"": ""FIXED"", ""shippingCost"": {""value"": ""0.99"", ""currency"": ""USD""}, ""minEstimatedDeliveryDate"": ""2026-09-15T07:00:00.000Z"", ""maxEstimatedDeliveryDate"": ""2026-09-21T07:00:00.000Z""}]",,,PENDING_INDEPENDENT_HUMAN_REVIEW,DEVELOPMENT,,,,,,,,,,,,,,
D2-0847,b620ec1c-c0ac-4e7e-919d-a7df98bcb84b,8af678f4-09f0-486c-9617-b56896ebeea0,Zweilous,White Flare,147,illustration_rare,v1|188858948623|0,Zweilous 66/86 White Flare Common Pokemon TCG Card Trading Near Mint Art kodama,,Ungraded,4000,[],"[""FIXED_PRICE""]",wexfordpawn,https://i.ebayimg.com/images/g/X~IAAeSwKVxqk0MV/s-l225.jpg,https://www.ebay.com/itm/188858948623?_skw=Zweilous+147+White+Flare+Pokemon+card&hash=item2bf8dedc0f:g:X~IAAeSwKVxqk0MV,"{""value"": ""1.89"", ""currency"": ""USD""}","[{""shippingCostType"": ""FIXED"", ""shippingCost"": {""value"": ""0.00"", ""currency"": ""USD""}, ""minEstimatedDeliveryDate"": ""2026-09-15T07:00:00.000Z"", ""maxEstimatedDeliveryDate"": ""2026-09-18T07:00:00.000Z""}]",,,PENDING_INDEPENDENT_HUMAN_REVIEW,DEVELOPMENT,,,,,,,,,,,,,,
D2-0850,b620ec1c-c0ac-4e7e-919d-a7df98bcb84b,8af678f4-09f0-486c-9617-b56896ebeea0,Zweilous,White Flare,147,illustration_rare,v1|127937772002|0,Zweilous 147/086 Illustration Rare White Flare Holo Full Art Pokemon Near Mint,,Ungraded,4000,[],"[""FIXED_PRICE""]",booksale,https://i.ebayimg.com/images/g/eEoAAeSw8D1qOnqD/s-l225.jpg,https://www.ebay.com/itm/127937772002?_skw=Zweilous+147+White+Flare+Pokemon+card&hash=item1dc9af79e2:g:eEoAAeSw8D1qOnqD,"{""value"": ""13.00"", ""currency"": ""USD""}","[{""shippingCostType"": ""CALCULATED""}]",,,PENDING_INDEPENDENT_HUMAN_REVIEW,DEVELOPMENT,,,,,,,,,,,,,,
D2-0853,b620ec1c-c0ac-4e7e-919d-a7df98bcb84b,8af678f4-09f0-486c-9617-b56896ebeea0,Zweilous,White Flare,147,illustration_rare,v1|128060594200|0,Pokémon TCG Zweilous 147/086 SV: White Flare Illustration Rare Holo IR NM,,Ungraded,4000,[],"[""FIXED_PRICE"", ""BEST_OFFER""]",omnivtg,https://i.ebayimg.com/images/g/6wYAAeSwK6Fqmhfx/s-l225.jpg,https://www.ebay.com/itm/128060594200?_skw=Zweilous+147+White+Flare+Pokemon+card&hash=item1dd1019818:g:6wYAAeSwK6Fqmhfx,"{""value"": ""14.99"", ""currency"": ""USD""}","[{""shippingCostType"": ""FIXED"", ""shippingCost"": {""value"": ""0.00"", ""currency"": ""USD""}, ""minEstimatedDeliveryDate"": ""2026-09-15T07:00:00.000Z"", ""maxEstimatedDeliveryDate"": ""2026-09-21T07:00:00.000Z""}]",,,PENDING_INDEPENDENT_HUMAN_REVIEW,DEVELOPMENT,,,,,,,,,,,,,,
D2-0855,b620ec1c-c0ac-4e7e-919d-a7df98bcb84b,8af678f4-09f0-486c-9617-b56896ebeea0,Zweilous,White Flare,147,illustration_rare,v1|137184611398|0,Zweilous 147/086 Illustration Rare Pokemon Card SV: White Flare,,Ungraded,4000,[],"[""FIXED_PRICE""]",crystaltcg,https://i.ebayimg.com/images/g/q~EAAeSwsl9pzBUg/s-l225.jpg,https://www.ebay.com/itm/137184611398?_skw=Zweilous+147+White+Flare+Pokemon+card&hash=item1ff0d70c46:g:q~EAAeSwsl9pzBUg,"{""value"": ""20.00"", ""currency"": ""USD""}","[{""shippingCostType"": ""FIXED"", ""shippingCost"": {""value"": ""0.00"", ""currency"": ""USD""}, ""minEstimatedDeliveryDate"": ""2026-09-15T07:00:00.000Z"", ""maxEstimatedDeliveryDate"": ""2026-09-21T07:00:00.000Z""}]",,,PENDING_INDEPENDENT_HUMAN_REVIEW,DEVELOPMENT,,,,,,,,,,,,,,
D2-0856,b801a524-e703-4f4c-ad99-1ec742cf30ec,586dac04-6254-4241-b628-b6d3dac61063,Bianca's Devotion,Temporal Forces,209,special_illustration_rare,v1|116495726061|0,Bianca's Devotion 209/162 Sv05: Temporal Forces Holo,,Graded,2750,[],"[""FIXED_PRICE""]",jedoy,https://i.ebayimg.com/images/g/h0AAAeSwQUhnvozY/s-l225.jpg,https://www.ebay.com/itm/116495726061?_skw=Bianca%27s+Devotion+209+Temporal+Forces+Pokemon+card&hash=item1b1fafb5ed:g:h0AAAeSwQUhnvozY,"{""value"": ""70.00"", ""currency"": ""USD""}","[{""shippingCostType"": ""CALCULATED""}]",,,PENDING_INDEPENDENT_HUMAN_REVIEW,DEVELOPMENT,,,,,,,,,,,,,,
D2-0857,b801a524-e703-4f4c-ad99-1ec742cf30ec,586dac04-6254-4241-b628-b6d3dac61063,Bianca's Devotion,Temporal Forces,209,special_illustration_rare,v1|117141770730|0,Bianca's Devotion 209/162 Sv05: Temporal Forces Holo,,Ungraded,4000,[],"[""FIXED_PRICE"", ""BEST_OFFER""]",klyes68_resales,https://i.ebayimg.com/images/g/N~MAAeSwxApp3Zig/s-l225.jpg,https://www.ebay.com/itm/117141770730?_skw=Bianca%27s+Devotion+209+Temporal+Forces+Pokemon+card&hash=item1b463191ea:g:N~MAAeSwxApp3Zig,"{""value"": ""40.00"", ""currency"": ""USD""}","[{""shippingCostType"": ""CALCULATED""}]",,,PENDING_INDEPENDENT_HUMAN_REVIEW,DEVELOPMENT,,,,,,,,,,,,,,
D2-0861,b801a524-e703-4f4c-ad99-1ec742cf30ec,586dac04-6254-4241-b628-b6d3dac61063,Bianca's Devotion,Temporal Forces,209,special_illustration_rare,v1|168609165127|0,Bianca's Devotion 209/162,,Ungraded,4000,[],"[""FIXED_PRICE"", ""BEST_OFFER""]",bigtimecards_collectibles,https://i.ebayimg.com/images/g/MZkAAeSw64ZqfPTu/s-l225.jpg,https://www.ebay.com/itm/168609165127?_skw=Bianca%27s+Devotion+209+Temporal+Forces+Pokemon+card&hash=item2741e3af47:g:MZkAAeSw64ZqfPTu,"{""value"": ""28.00"", ""currency"": ""USD""}","[{""shippingCostType"": ""CALCULATED""}]",,,PENDING_INDEPENDENT_HUMAN_REVIEW,DEVELOPMENT,,,,,,,,,,,,,,
D2-0863,b801a524-e703-4f4c-ad99-1ec742cf30ec,586dac04-6254-4241-b628-b6d3dac61063,Bianca's Devotion,Temporal Forces,209,special_illustration_rare,v1|227464092893|0,Biancas Devotion 209/162 Special Illustration Rare SIR Temporal Forces Pokemon,,Ungraded,4000,[],"[""FIXED_PRICE"", ""BEST_OFFER""]",curated-collects,https://i.ebayimg.com/images/g/SYUAAeSwU7xqc93p/s-l225.jpg,https://www.ebay.com/itm/227464092893?_skw=Bianca%27s+Devotion+209+Temporal+Forces+Pokemon+card&hash=item34f5ea9cdd:g:SYUAAeSwU7xqc93p,"{""value"": ""3.12"", ""currency"": ""USD""}","[{""shippingCostType"": ""FIXED"", ""shippingCost"": {""value"": ""0.78"", ""currency"": ""USD""}, ""minEstimatedDeliveryDate"": ""2026-09-16T07:00:00.000Z"", ""maxEstimatedDeliveryDate"": ""2026-09-22T07:00:00.000Z""}]",,,PENDING_INDEPENDENT_HUMAN_REVIEW,DEVELOPMENT,,,,,,,,,,,,,,
D2-0869,b801a524-e703-4f4c-ad99-1ec742cf30ec,586dac04-6254-4241-b628-b6d3dac61063,Bianca's Devotion,Temporal Forces,209,special_illustration_rare,v1|127236403953|0,POP 1 BGS 10 Pristine Bianca’s Devotion SIR 209/162 Temporal Forces,,Graded,2750,[],"[""FIXED_PRICE"", ""BEST_OFFER""]",jindoscardz,https://i.ebayimg.com/images/g/ddQAAeSwWNdod-S2/s-l225.jpg,https://www.ebay.com/itm/127236403953?_skw=Bianca%27s+Devotion+209+Temporal+Forces+Pokemon+card&hash=item1d9fe172f1:g:ddQAAeSwWNdod-S2,"{""value"": ""500.00"", ""currency"": ""USD""}","[{""shippingCostType"": ""CALCULATED""}]",,,PENDING_INDEPENDENT_HUMAN_REVIEW,DEVELOPMENT,,,,,,,,,,,,,,
D2-0870,b801a524-e703-4f4c-ad99-1ec742cf30ec,586dac04-6254-4241-b628-b6d3dac61063,Bianca's Devotion,Temporal Forces,209,special_illustration_rare,v1|128054129503|0,Bianca's Devotion 209/162 SV05: Temporal Forces Holo,,Ungraded,4000,[],"[""FIXED_PRICE"", ""BEST_OFFER""]",wnew9462,https://i.ebayimg.com/images/g/9b0AAeSw75ZqY-Wy/s-l225.jpg,https://www.ebay.com/itm/128054129503?_skw=Bianca%27s+Devotion+209+Temporal+Forces+Pokemon+card&hash=item1dd09ef35f:g:9b0AAeSw75ZqY-Wy,"{""value"": ""26.99"", ""currency"": ""USD""}","[{""shippingCostType"": ""FIXED"", ""shippingCost"": {""value"": ""7.00"", ""currency"": ""USD""}, ""minEstimatedDeliveryDate"": ""2026-09-15T07:00:00.000Z"", ""maxEstimatedDeliveryDate"": ""2026-09-21T07:00:00.000Z""}]",,,PENDING_INDEPENDENT_HUMAN_REVIEW,DEVELOPMENT,,,,,,,,,,,,,,
D2-0874,bf928dd7-24bc-4e16-bb5e-afb8122c3241,311abf3f-15cb-4cb8-995f-1937555c4bdd,Fidough,Scarlet and Violet Base Set,213,illustration_rare,v1|127921257052|0,Fidough 213/198 Illustration Rare Scarlet & Violet Pokemon Near Mint,,Ungraded,4000,[],"[""FIXED_PRICE""]",doodersfinds,https://i.ebayimg.com/images/g/pW8AAeSwNk5qLj0q/s-l225.jpg,https://www.ebay.com/itm/127921257052?_skw=Fidough+213+Scarlet+and+Violet+Base+Set+Pokemon+card&hash=item1dc8b37a5c:g:pW8AAeSwNk5qLj0q,"{""value"": ""35.48"", ""currency"": ""USD""}","[{""shippingCostType"": ""FIXED"", ""shippingCost"": {""value"": ""0.00"", ""currency"": ""USD""}, ""minEstimatedDeliveryDate"": ""2026-09-16T07:00:00.000Z"", ""maxEstimatedDeliveryDate"": ""2026-09-23T07:00:00.000Z""}]",,,PENDING_INDEPENDENT_HUMAN_REVIEW,DEVELOPMENT,,,,,,,,,,,,,,
D2-0876,bf928dd7-24bc-4e16-bb5e-afb8122c3241,311abf3f-15cb-4cb8-995f-1937555c4bdd,Fidough,Scarlet and Violet Base Set,213,illustration_rare,v1|158157698964|0,Fidough 213/198 Illustration Rare Scarlet & Violet Pokemon Holo Near Mint,,Ungraded,4000,[],"[""FIXED_PRICE"", ""BEST_OFFER""]",drillsergeanttrade,https://i.ebayimg.com/images/g/x54AAeSwcUpqc3Yq/s-l225.jpg,https://www.ebay.com/itm/158157698964?_skw=Fidough+213+Scarlet+and+Violet+Base+Set+Pokemon+card&hash=item24d2eef794:g:x54AAeSwcUpqc3Yq,"{""value"": ""26.59"", ""currency"": ""USD""}","[{""shippingCostType"": ""FIXED"", ""shippingCost"": {""value"": ""5.99"", ""currency"": ""USD""}, ""minEstimatedDeliveryDate"": ""2026-09-15T07:00:00.000Z"", ""maxEstimatedDeliveryDate"": ""2026-09-21T07:00:00.000Z""}]",,,PENDING_INDEPENDENT_HUMAN_REVIEW,DEVELOPMENT,,,,,,,,,,,,,,
D2-0879,bf928dd7-24bc-4e16-bb5e-afb8122c3241,311abf3f-15cb-4cb8-995f-1937555c4bdd,Fidough,Scarlet and Violet Base Set,213,illustration_rare,v1|127483418471|0,Fidough - Reverse Holo 097/198 SV01: Scarlet & Violet Base Set NM,,Ungraded,4000,[],"[""FIXED_PRICE""]",wpmcardsllc,https://i.ebayimg.com/images/g/QJIAAeSwTIJpEpe-/s-l225.jpg,https://www.ebay.com/itm/127483418471?_skw=Fidough+213+Scarlet+and+Violet+Base+Set+Pokemon+card&hash=item1dae9a9767:g:QJIAAeSwTIJpEpe-,"{""value"": ""1.00"", ""currency"": ""USD""}","[{""shippingCostType"": ""FIXED"", ""shippingCost"": {""value"": ""0.74"", ""currency"": ""USD""}, ""minEstimatedDeliveryDate"": ""2026-09-14T07:00:00.000Z"", ""maxEstimatedDeliveryDate"": ""2026-09-17T07:00:00.000Z""}]",,,PENDING_INDEPENDENT_HUMAN_REVIEW,DEVELOPMENT,,,,,,,,,,,,,,
D2-0880,bf928dd7-24bc-4e16-bb5e-afb8122c3241,311abf3f-15cb-4cb8-995f-1937555c4bdd,Fidough,Scarlet and Violet Base Set,213,illustration_rare,v1|156318673773|457934876312,Pokemon Scarlet & Violet Base Set | Choose Your Card! | Reverse Holo/Holo,,Ungraded,4000,[],"[""FIXED_PRICE""]",overstackedcards,https://i.ebayimg.com/images/g/g4QAAOSwwLFoM-03/s-l225.jpg,https://www.ebay.com/itm/156318673773?_skw=Fidough+213+Scarlet+and+Violet+Base+Set+Pokemon+card&var=457934876312&hash=item246551ab6d:g:g4QAAOSwwLFoM-03,"{""value"": ""37.99"", ""currency"": ""USD""}","[{""shippingCostType"": ""FIXED"", ""shippingCost"": {""value"": ""0.00"", ""currency"": ""USD""}, ""minEstimatedDeliveryDate"": ""2026-09-15T07:00:00.000Z"", ""maxEstimatedDeliveryDate"": ""2026-09-18T07:00:00.000Z""}]",,,PENDING_INDEPENDENT_HUMAN_REVIEW,DEVELOPMENT,,,,,,,,,,,,,,
D2-0882,bf928dd7-24bc-4e16-bb5e-afb8122c3241,311abf3f-15cb-4cb8-995f-1937555c4bdd,Fidough,Scarlet and Violet Base Set,213,illustration_rare,v1|276546096379|579148247798,Fidough - 097/198 - Scarlet & Violet,,Ungraded,4000,[],"[""FIXED_PRICE""]",cardcaverntradingcards,https://i.ebayimg.com/images/g/E-wAAOSw9VNmjvZq/s-l225.jpg,https://www.ebay.com/itm/276546096379?_skw=Fidough+213+Scarlet+and+Violet+Base+Set+Pokemon+card&var=579148247798&hash=item40636e8cfb:g:E-wAAOSw9VNmjvZq,"{""value"": ""0.99"", ""currency"": ""USD""}","[{""shippingCostType"": ""FIXED"", ""shippingCost"": {""value"": ""0.99"", ""currency"": ""USD""}, ""minEstimatedDeliveryDate"": ""2026-09-14T07:00:00.000Z"", ""maxEstimatedDeliveryDate"": ""2026-09-17T07:00:00.000Z""}]",,,PENDING_INDEPENDENT_HUMAN_REVIEW,DEVELOPMENT,,,,,,,,,,,,,,
D2-0885,bf928dd7-24bc-4e16-bb5e-afb8122c3241,311abf3f-15cb-4cb8-995f-1937555c4bdd,Fidough,Scarlet and Violet Base Set,213,illustration_rare,v1|137194766178|0,Fidough 097/198 Common SV01: Scarlet & Violet Base Set Pokemon NM,,Ungraded,4000,[],"[""FIXED_PRICE""]",ofgamesandnerds,https://i.ebayimg.com/images/g/PtkAAeSwG4pp0Eva/s-l225.jpg,https://www.ebay.com/itm/137194766178?_skw=Fidough+213+Scarlet+and+Violet+Base+Set+Pokemon+card&hash=item1ff171ff62:g:PtkAAeSwG4pp0Eva,"{""value"": ""1.89"", ""currency"": ""USD""}","[{""shippingCostType"": ""FIXED"", ""shippingCost"": {""value"": ""0.00"", ""currency"": ""USD""}, ""minEstimatedDeliveryDate"": ""2026-09-14T07:00:00.000Z"", ""maxEstimatedDeliveryDate"": ""2026-09-17T07:00:00.000Z""}]",,,PENDING_INDEPENDENT_HUMAN_REVIEW,DEVELOPMENT,,,,,,,,,,,,,,
D2-0887,c7e36a14-236f-4b93-a4a8-a4be2ddc7193,590cc9ca-0f7d-413e-ae31-68433716e01b,Mega Lucario ex,Mega Evolution,179,special_illustration_rare,v1|128067595184|0,Mega Lucario ex 179/132 Me01: Mega Evolution Holo,,Graded,2750,[],"[""FIXED_PRICE"", ""BEST_OFFER""]",cmcollectibles094,https://i.ebayimg.com/images/g/uvwAAeSw0EJqnxXG/s-l225.jpg,https://www.ebay.com/itm/128067595184?_skw=Mega+Lucario+ex+179+Mega+Evolution+Pokemon+card&hash=item1dd16c6bb0:g:uvwAAeSw0EJqnxXG,"{""value"": ""450.00"", ""currency"": ""USD""}","[{""shippingCostType"": ""CALCULATED""}]",,,PENDING_INDEPENDENT_HUMAN_REVIEW,DEVELOPMENT,,,,,,,,,,,,,,
D2-0889,c7e36a14-236f-4b93-a4a8-a4be2ddc7193,590cc9ca-0f7d-413e-ae31-68433716e01b,Mega Lucario ex,Mega Evolution,179,special_illustration_rare,v1|168648922665|0,The Pokemon Company Pokemon TCG ME01 Mega Lucario Ex 179/132 SIR Holo EX,,Ungraded,4000,[],"[""FIXED_PRICE"", ""BEST_OFFER""]",gab_964563,https://i.ebayimg.com/images/g/5OcAAeSw5rdqk0av/s-l225.jpg,https://www.ebay.com/itm/168648922665?_skw=Mega+Lucario+ex+179+Mega+Evolution+Pokemon+card&hash=item2744425629:g:5OcAAeSw5rdqk0av,"{""value"": ""189.99"", ""currency"": ""USD""}","[{""shippingCostType"": ""CALCULATED""}]",,,PENDING_INDEPENDENT_HUMAN_REVIEW,DEVELOPMENT,,,,,,,,,,,,,,
D2-0890,c7e36a14-236f-4b93-a4a8-a4be2ddc7193,590cc9ca-0f7d-413e-ae31-68433716e01b,Mega Lucario ex,Mega Evolution,179,special_illustration_rare,v1|227517492222|0,The Pokémon Company Mega Lucario ex 179/132 ME01 SAR Holo Eng 340HP,,Graded,2750,[],"[""FIXED_PRICE""]",nxcollectr,https://i.ebayimg.com/images/g/fIQAAeSwqR1qpHGP/s-l225.jpg,https://www.ebay.com/itm/227517492222?_skw=Mega+Lucario+ex+179+Mega+Evolution+Pokemon+card&hash=item34f9196bfe:g:fIQAAeSwqR1qpHGP,"{""value"": ""380.00"", ""currency"": ""USD""}","[{""shippingCostType"": ""CALCULATED""}]",,,PENDING_INDEPENDENT_HUMAN_REVIEW,DEVELOPMENT,,,,,,,,,,,,,,
D2-0891,c7e36a14-236f-4b93-a4a8-a4be2ddc7193,590cc9ca-0f7d-413e-ae31-68433716e01b,Mega Lucario ex,Mega Evolution,179,special_illustration_rare,v1|298549079663|0,Pokémon TCG BGS Pristine 10 Mega Lucario ex SIR Mega Evolutions #179/132,,Graded,2750,[],"[""FIXED_PRICE"", ""BEST_OFFER""]",nerdomcollectibles,https://i.ebayimg.com/images/g/37QAAeSwGs1qbTcA/s-l225.jpg,https://www.ebay.com/itm/298549079663?_skw=Mega+Lucario+ex+179+Mega+Evolution+Pokemon+card&hash=item4582e96e6f:g:37QAAeSwGs1qbTcA&amdata=enc%3AAQALAAABEACCtXRWQnOEpyOqnQQ8KGbWDo2nnqSpengRYnssU%2B8srD1l1u8IwxpjoSSrszUsE5PbtaObxmxmlUvnUhep6xnIYAQ%2Bj9nm6Uw6dtRwNE2IQTH0jRfpbJs%2FnnQGlSFMm4j50jUCPKLcTtWNn%2FOE4gyAl5X6VS%2FbIIowOlkO77Yx18ruEh%2FdfAh3jk59VMXNffnlUiK%2FN6nZaB2F4NoHty%2BTeGpeXGf2sK48Y%2B8rAxdzYVCXQWNTufaXqKKwIWb2pRj%2FyiTz3posgVhKMu74hcFTaXLG1FViP14jKCKgTmEQU7T5haQSMShjsYxdXKIzEy58cPs2WM6lTeIH8148BWGwYPrYjXo8FdvGE2ONAJW7,"{""value"": ""2800.00"", ""currency"": ""USD""}","[{""shippingCostType"": ""FIXED"", ""shippingCost"": {""value"": ""0.00"", ""currency"": ""USD""}, ""minEstimatedDeliveryDate"": ""2026-09-15T07:00:00.000Z"", ""maxEstimatedDeliveryDate"": ""2026-09-21T07:00:00.000Z""}]",,,PENDING_INDEPENDENT_HUMAN_REVIEW,DEVELOPMENT,,,,,,,,,,,,,,
D2-0898,c7e36a14-236f-4b93-a4a8-a4be2ddc7193,590cc9ca-0f7d-413e-ae31-68433716e01b,Mega Lucario ex,Mega Evolution,179,special_illustration_rare,v1|127946619052|0,2025 POKEMON MEGA LUCARIO ex SPEC ILLUS RARE MEGA EVOLUTION #179 PSA 9,,Graded,2750,[],"[""FIXED_PRICE"", ""BEST_OFFER""]",chriconwa_61,https://i.ebayimg.com/images/g/j48AAeSwpJ1qQXo7/s-l225.jpg,https://www.ebay.com/itm/127946619052?_skw=Mega+Lucario+ex+179+Mega+Evolution+Pokemon+card&hash=item1dca3678ac:g:j48AAeSwpJ1qQXo7&amdata=enc%3AAQALAAABEACCtXRWQnOEpyOqnQQ8KGYwH43Q8AAEA7izDCno0dE9VNTScoIunNyiRYGZ2cX5JEs0wqNTKvZ--ZssE06ralJl%2BZuxPsjPqSa%2Bc5ommapsLxkqFoljTyYDpxRCl8y%2FAeV%2FLBM0iMdwcPoV0czn%2BrMle8xVtAXoC8%2FTK1%2Bum01L9RedWFyaQ8frefAOdDqAwlJZemtxVYZMrCzUIloI%2BkZUfiXiC2%2BprcczgHBSnWPbn8H7mWIrqJRODHANQbMB9%2FkMNQHAXgcGgDPgaZgDvVRlxXe0WzZFSs2rnebdBhfwTy53RkF4uxmZoKRrKQgnUoQLWQye9snaUrVRrUPtVsHqPpUfBzvykAAv5PO5F11v,"{""value"": ""550.00"", ""currency"": ""USD""}","[{""shippingCostType"": ""FIXED"", ""shippingCost"": {""value"": ""0.00"", ""currency"": ""USD""}, ""minEstimatedDeliveryDate"": ""2026-09-15T07:00:00.000Z"", ""maxEstimatedDeliveryDate"": ""2026-09-21T07:00:00.000Z""}]",,,PENDING_INDEPENDENT_HUMAN_REVIEW,DEVELOPMENT,,,,,,,,,,,,,,
D2-0900,c7e36a14-236f-4b93-a4a8-a4be2ddc7193,590cc9ca-0f7d-413e-ae31-68433716e01b,Mega Lucario ex,Mega Evolution,179,special_illustration_rare,v1|137661555522|0,PSA 10 Mega Lucario ex 179/132 SIR Mega Evolution Pokemon English,,Graded,2750,[],"[""FIXED_PRICE"", ""BEST_OFFER""]",cannonscards,https://i.ebayimg.com/images/g/TwYAAeSwW8NqjjH-/s-l225.jpg,https://www.ebay.com/itm/137661555522?_skw=Mega+Lucario+ex+179+Mega+Evolution+Pokemon+card&hash=item200d44a342:g:TwYAAeSwW8NqjjH-,"{""value"": ""400.00"", ""currency"": ""USD""}","[{""shippingCostType"": ""CALCULATED""}]",,,PENDING_INDEPENDENT_HUMAN_REVIEW,DEVELOPMENT,,,,,,,,,,,,,,
D2-0901,cc59d868-d0e5-4557-9423-3f9b7c9d2591,04f90621-b7cb-49bf-b962-8ba0790d6e62,Team Rocket's Giovanni,Destined Rivals,238,special_illustration_rare,v1|117167906568|0,Team Rocket’s Giovanni Destined Rivals 238/182 SIR NM Pokemon,,Ungraded,4000,[],"[""FIXED_PRICE""]",cardthrone,https://i.ebayimg.com/images/g/NT0AAeSw1rlp8db9/s-l225.jpg,https://www.ebay.com/itm/117167906568?_skw=Team+Rocket%27s+Giovanni+238+Destined+Rivals+Pokemon+card&hash=item1b47c05f08:g:NT0AAeSw1rlp8db9,"{""value"": ""43.99"", ""currency"": ""USD""}","[{""shippingCostType"": ""FIXED"", ""shippingCost"": {""value"": ""0.00"", ""currency"": ""USD""}, ""minEstimatedDeliveryDate"": ""2026-09-15T07:00:00.000Z"", ""maxEstimatedDeliveryDate"": ""2026-09-21T07:00:00.000Z""}]",,,PENDING_INDEPENDENT_HUMAN_REVIEW,DEVELOPMENT,,,,,,,,,,,,,,
D2-0902,cc59d868-d0e5-4557-9423-3f9b7c9d2591,04f90621-b7cb-49bf-b962-8ba0790d6e62,Team Rocket's Giovanni,Destined Rivals,238,special_illustration_rare,v1|117398097007|0,Team Rocket's Giovanni 238/182 Sv10: Destined Rivals Holo,,Ungraded,4000,[],"[""FIXED_PRICE"", ""BEST_OFFER""]",wates-trading,https://i.ebayimg.com/images/g/w84AAeSwqV1qQd9w/s-l225.jpg,https://www.ebay.com/itm/117398097007?_skw=Team+Rocket%27s+Giovanni+238+Destined+Rivals+Pokemon+card&hash=item1b5578cc6f:g:w84AAeSwqV1qQd9w,"{""value"": ""27.00"", ""currency"": ""USD""}",[],,,PENDING_INDEPENDENT_HUMAN_REVIEW,DEVELOPMENT,,,,,,,,,,,,,,
D2-0905,cc59d868-d0e5-4557-9423-3f9b7c9d2591,04f90621-b7cb-49bf-b962-8ba0790d6e62,Team Rocket's Giovanni,Destined Rivals,238,special_illustration_rare,v1|117406740251|0,Team Rockets Giovanni 238/182 Destined Rivals SIR Holo Pokemon Card - Near Mint,,Ungraded,4000,[],"[""AUCTION""]",pokemonfrommichigan,https://i.ebayimg.com/images/g/vPAAAeSwHg9qWsyM/s-l225.jpg,https://www.ebay.com/itm/117406740251?_skw=Team+Rocket%27s+Giovanni+238+Destined+Rivals+Pokemon+card&hash=item1b55fcaf1b:g:vPAAAeSwHg9qWsyM,{},"[{""shippingCostType"": ""CALCULATED""}]",,,PENDING_INDEPENDENT_HUMAN_REVIEW,DEVELOPMENT,,,,,,,,,,,,,,
D2-0907,cc59d868-d0e5-4557-9423-3f9b7c9d2591,04f90621-b7cb-49bf-b962-8ba0790d6e62,Team Rocket's Giovanni,Destined Rivals,238,special_illustration_rare,v1|177555959711|0,Team Rockets Giovanni 238/182 SIR Destined Rivals NM-M Pokemon Card Very clean,,Ungraded,4000,[],"[""FIXED_PRICE"", ""BEST_OFFER""]",howey445,https://i.ebayimg.com/images/g/vR4AAeSw0cxpDiGe/s-l225.jpg,https://www.ebay.com/itm/177555959711?_skw=Team+Rocket%27s+Giovanni+238+Destined+Rivals+Pokemon+card&hash=item295728ef9f:g:vR4AAeSw0cxpDiGe,"{""value"": ""30.00"", ""currency"": ""USD""}","[{""shippingCostType"": ""CALCULATED""}]",,,PENDING_INDEPENDENT_HUMAN_REVIEW,DEVELOPMENT,,,,,,,,,,,,,,
D2-0910,cc59d868-d0e5-4557-9423-3f9b7c9d2591,04f90621-b7cb-49bf-b962-8ba0790d6e62,Team Rocket's Giovanni,Destined Rivals,238,special_illustration_rare,v1|127145721639|0,Team Rocket’s Giovanni 238/182 SIR Destined Rivals English Pokemon Card NM,,Ungraded,4000,[],"[""FIXED_PRICE"", ""BEST_OFFER""]",podsycards,https://i.ebayimg.com/images/g/ziUAAeSwUCpoOlwQ/s-l225.jpg,https://www.ebay.com/itm/127145721639?_skw=Team+Rocket%27s+Giovanni+238+Destined+Rivals+Pokemon+card&hash=item1d9a79bf27:g:ziUAAeSwUCpoOlwQ,"{""value"": ""50.00"", ""currency"": ""USD""}","[{""shippingCostType"": ""FIXED"", ""shippingCost"": {""value"": ""5.00"", ""currency"": ""USD""}, ""minEstimatedDeliveryDate"": ""2026-09-15T07:00:00.000Z"", ""maxEstimatedDeliveryDate"": ""2026-09-21T07:00:00.000Z""}]",,,PENDING_INDEPENDENT_HUMAN_REVIEW,DEVELOPMENT,,,,,,,,,,,,,,
D2-0913,cc59d868-d0e5-4557-9423-3f9b7c9d2591,04f90621-b7cb-49bf-b962-8ba0790d6e62,Team Rocket's Giovanni,Destined Rivals,238,special_illustration_rare,v1|137626128467|0,Team Rocket's Giovanni 238/182 Destined Rivals Pokemon Holo,,Ungraded,4000,[],"[""FIXED_PRICE""]",kinghobbyco,https://i.ebayimg.com/images/g/DikAAeSwnCZqgQjw/s-l225.jpg,https://www.ebay.com/itm/137626128467?_skw=Team+Rocket%27s+Giovanni+238+Destined+Rivals+Pokemon+card&hash=item200b281053:g:DikAAeSwnCZqgQjw,"{""value"": ""30.99"", ""currency"": ""USD""}","[{""shippingCostType"": ""CALCULATED""}]",,,PENDING_INDEPENDENT_HUMAN_REVIEW,DEVELOPMENT,,,,,,,,,,,,,,
D2-0920,cdfc0223-40ef-4e4b-a9f2-3a809ae1c3df,f6e9d756-3a7b-4c8e-b87c-06cacb0d3c7e,Flareon,Scarlet and Violet 151,136,rare,v1|117046777755|417111955613,"Pokemon 151 Singles - Complete Your Set - Common, Reverse Holo and Holo",,Ungraded,4000,[],"[""FIXED_PRICE""]",shinydecktraders,https://i.ebayimg.com/images/g/Le4AAeSwEdRpmtCj/s-l225.jpg,https://www.ebay.com/itm/117046777755?_skw=Flareon+136+Scarlet+and+Violet+151+Pokemon+card&var=417111955613&hash=item1b4088179b:g:Le4AAeSwEdRpmtCj,"{""value"": ""2.00"", ""currency"": ""USD""}","[{""shippingCostType"": ""FIXED"", ""shippingCost"": {""value"": ""0.99"", ""currency"": ""USD""}, ""minEstimatedDeliveryDate"": ""2026-09-16T07:00:00.000Z"", ""maxEstimatedDeliveryDate"": ""2026-09-23T07:00:00.000Z""}]",,,PENDING_INDEPENDENT_HUMAN_REVIEW,DEVELOPMENT,,,,,,,,,,,,,,
D2-0921,cdfc0223-40ef-4e4b-a9f2-3a809ae1c3df,f6e9d756-3a7b-4c8e-b87c-06cacb0d3c7e,Flareon,Scarlet and Violet 151,136,rare,v1|136122320291|435143311447,Pokemon Scarlet & Violet 151 Reverse Holos and Holos: Choose Your Card,,Ungraded,4000,[],"[""FIXED_PRICE""]",tmacademy,https://i.ebayimg.com/images/g/idwAAeSwigJobIly/s-l225.jpg,https://www.ebay.com/itm/136122320291?_skw=Flareon+136+Scarlet+and+Violet+151+Pokemon+card&var=435143311447&hash=item1fb185c5a3:g:idwAAeSwigJobIly,"{""value"": ""1.49"", ""currency"": ""USD""}","[{""shippingCostType"": ""FIXED"", ""shippingCost"": {""value"": ""0.00"", ""currency"": ""USD""}, ""minEstimatedDeliveryDate"": ""2026-09-15T07:00:00.000Z"", ""maxEstimatedDeliveryDate"": ""2026-09-21T07:00:00.000Z""}]",,,PENDING_INDEPENDENT_HUMAN_REVIEW,DEVELOPMENT,,,,,,,,,,,,,,
D2-0923,cdfc0223-40ef-4e4b-a9f2-3a809ae1c3df,f6e9d756-3a7b-4c8e-b87c-06cacb0d3c7e,Flareon,Scarlet and Violet 151,136,rare,v1|406881394951|0,Flareon Holo 36/165 Rare Scarlet and Violet 151 LP Playset (4x) Pokemon,,Ungraded,4000,[],"[""FIXED_PRICE"", ""BEST_OFFER""]",b.white-475,https://i.ebayimg.com/images/g/tOQAAeSwVqBp6HVY/s-l225.jpg,https://www.ebay.com/itm/406881394951?_skw=Flareon+136+Scarlet+and+Violet+151+Pokemon+card&hash=item5ebc056107:g:tOQAAeSwVqBp6HVY,"{""value"": ""6.99"", ""currency"": ""USD""}","[{""shippingCostType"": ""FIXED"", ""shippingCost"": {""value"": ""0.00"", ""currency"": ""USD""}, ""minEstimatedDeliveryDate"": ""2026-09-15T07:00:00.000Z"", ""maxEstimatedDeliveryDate"": ""2026-09-21T07:00:00.000Z""}]",,,PENDING_INDEPENDENT_HUMAN_REVIEW,DEVELOPMENT,,,,,,,,,,,,,,
D2-0924,cdfc0223-40ef-4e4b-a9f2-3a809ae1c3df,f6e9d756-3a7b-4c8e-b87c-06cacb0d3c7e,Flareon,Scarlet and Violet 151,136,rare,v1|166599459454|0,Vaporeon Jolteon Flareon Set of 3 Holo Japanese Scarlet Violet 151 Pokemon Cards,,Ungraded,4000,[],"[""FIXED_PRICE""]",mrmukscardshop,https://i.ebayimg.com/images/g/AsYAAOSwoNVlzVq~/s-l225.jpg,https://www.ebay.com/itm/166599459454?_skw=Flareon+136+Scarlet+and+Violet+151+Pokemon+card&hash=item26ca1a027e:g:AsYAAOSwoNVlzVq~,"{""value"": ""15.00"", ""currency"": ""USD""}","[{""shippingCostType"": ""FIXED"", ""shippingCost"": {""value"": ""0.00"", ""currency"": ""USD""}, ""minEstimatedDeliveryDate"": ""2026-09-15T07:00:00.000Z"", ""maxEstimatedDeliveryDate"": ""2026-09-18T07:00:00.000Z""}]",,,PENDING_INDEPENDENT_HUMAN_REVIEW,DEVELOPMENT,,,,,,,,,,,,,,
D2-0925,cdfc0223-40ef-4e4b-a9f2-3a809ae1c3df,f6e9d756-3a7b-4c8e-b87c-06cacb0d3c7e,Flareon,Scarlet and Violet 151,136,rare,v1|136127924277|435144470181,151 Scarlet & Violet Singles/ Reverse Holo/ Holo YOU CHOOSE,,Ungraded,4000,[],"[""FIXED_PRICE""]",poke-woz,https://i.ebayimg.com/images/g/C9sAAeSwXw9osf8E/s-l225.jpg,https://www.ebay.com/itm/136127924277?_skw=Flareon+136+Scarlet+and+Violet+151+Pokemon+card&var=435144470181&hash=item1fb1db4835:g:C9sAAeSwXw9osf8E&amdata=enc%3AAQALAAABEACCtXRWQnOEpyOqnQQ8KGbRIvG7CtO%2BlvHtxZXhhrLtW74B8f6nHVJXD%2FAFTStrSRkD%2Fyxrl41dNU0iYzEB8mjzsqG%2Finbc37q2KG0aA8%2Bpm2dt4aF8Gp%2BrhNFIRkhvSOC0Nu5dltedOc%2F6lTMK%2FjU92%2FYDJTUDLBzOFT%2FyWX2Zt1M3Me1dU1mMH%2BSdbVRzwSV1LpOndTQz5Ff9iQNRFnY%2Fp0dExYMkNFISK09Y1dmP4%2FoL7GGiyrWKvi1znVJZZg3tIRql3wO7Cv0OiqOA29vL9EwNOJAKe7JK0yoXf48QW2jxbipEmjKyKgdvG57wCKqP36OFXc3uRQxR8vqY6raV0fkt4fXbqHZ6JJ3kuLOt,"{""value"": ""4.99"", ""currency"": ""USD"", ""convertedFromValue"": ""3.69"", ""convertedFromCurrency"": ""GBP""}","[{""shippingCostType"": ""FIXED"", ""shippingCost"": {""value"": ""24.32"", ""currency"": ""USD"", ""convertedFromValue"": ""18.00"", ""convertedFromCurrency"": ""GBP""}, ""minEstimatedDeliveryDate"": ""2026-09-18T07:00:00.000Z"", ""maxEstimatedDeliveryDate"": ""2026-09-26T07:00:00.000Z""}]",,,PENDING_INDEPENDENT_HUMAN_REVIEW,DEVELOPMENT,,,,,,,,,,,,,,
D2-0929,cdfc0223-40ef-4e4b-a9f2-3a809ae1c3df,f6e9d756-3a7b-4c8e-b87c-06cacb0d3c7e,Flareon,Scarlet and Violet 151,136,rare,v1|137452362846|0,FLAREON 136/165 SCARLET AND VIOLET 151 POKEMON TCG,,Ungraded,4000,[],"[""FIXED_PRICE""]",lugiasden,https://i.ebayimg.com/images/g/5sAAAeSwLrFpTzSO/s-l225.jpg,https://www.ebay.com/itm/137452362846?_skw=Flareon+136+Scarlet+and+Violet+151+Pokemon+card&hash=item2000cc9c5e:g:5sAAAeSwLrFpTzSO,"{""value"": ""2.52"", ""currency"": ""USD""}","[{""shippingCostType"": ""FIXED"", ""shippingCost"": {""value"": ""0.00"", ""currency"": ""USD""}, ""minEstimatedDeliveryDate"": ""2026-09-16T07:00:00.000Z"", ""maxEstimatedDeliveryDate"": ""2026-09-23T07:00:00.000Z""}]",,,PENDING_INDEPENDENT_HUMAN_REVIEW,DEVELOPMENT,,,,,,,,,,,,,,
D2-0931,d09b2fb5-41b6-4d1e-88cf-629402434501,efae0727-f8c2-48c5-a33e-c308be0d288d,Roaring Moon ex,Prismatic Evolutions,162,special_illustration_rare,v1|127460057729|0,Roaring Moon ex 162/131 Sv: Prismatic Evolutions Holo,,Graded,2750,[],"[""FIXED_PRICE"", ""BEST_OFFER""]",seng6672,https://i.ebayimg.com/images/g/1hAAAeSw7IhpArhx/s-l225.jpg,https://www.ebay.com/itm/127460057729?_skw=Roaring+Moon+ex+162+Prismatic+Evolutions+Pokemon+card&hash=item1dad362281:g:1hAAAeSw7IhpArhx,"{""value"": ""330.00"", ""currency"": ""USD""}","[{""shippingCostType"": ""CALCULATED""}]",,,PENDING_INDEPENDENT_HUMAN_REVIEW,DEVELOPMENT,,,,,,,,,,,,,,
D2-0933,d09b2fb5-41b6-4d1e-88cf-629402434501,efae0727-f8c2-48c5-a33e-c308be0d288d,Roaring Moon ex,Prismatic Evolutions,162,special_illustration_rare,v1|128074859217|0,Roaring Moon ex 162/131 Prismatic Evolutions Pokemon Holo NM,,Ungraded,4000,[],"[""FIXED_PRICE""]",zenvault_00,https://i.ebayimg.com/images/g/cnkAAeSw0l5qpKeJ/s-l225.jpg,https://www.ebay.com/itm/128074859217?_skw=Roaring+Moon+ex+162+Prismatic+Evolutions+Pokemon+card&hash=item1dd1db42d1:g:cnkAAeSw0l5qpKeJ,"{""value"": ""189.99"", ""currency"": ""USD""}","[{""shippingCostType"": ""FIXED"", ""shippingCost"": {""value"": ""0.00"", ""currency"": ""USD""}, ""minEstimatedDeliveryDate"": ""2026-09-26T07:00:00.000Z"", ""maxEstimatedDeliveryDate"": ""2026-10-07T07:00:00.000Z""}]",,,PENDING_INDEPENDENT_HUMAN_REVIEW,DEVELOPMENT,,,,,,,,,,,,,,
D2-0934,d09b2fb5-41b6-4d1e-88cf-629402434501,efae0727-f8c2-48c5-a33e-c308be0d288d,Roaring Moon ex,Prismatic Evolutions,162,special_illustration_rare,v1|188146908043|0,2025 POKEMON PRE EN-PRISMATIC EV 162 ROARING MOON EX SPECIAL ILLUSTRATION RARE ,,Graded,2750,[],"[""FIXED_PRICE"", ""BEST_OFFER""]",eliteprocardz,https://i.ebayimg.com/images/g/N6AAAeSwsGZpsgUN/s-l225.jpg,https://www.ebay.com/itm/188146908043?_skw=Roaring+Moon+ex+162+Prismatic+Evolutions+Pokemon+card&hash=item2bce6dfb8b:g:N6AAAeSwsGZpsgUN,"{""value"": ""1500.00"", ""currency"": ""USD""}","[{""shippingCostType"": ""CALCULATED""}]",,,PENDING_INDEPENDENT_HUMAN_REVIEW,DEVELOPMENT,,,,,,,,,,,,,,
D2-0939,d09b2fb5-41b6-4d1e-88cf-629402434501,efae0727-f8c2-48c5-a33e-c308be0d288d,Roaring Moon ex,Prismatic Evolutions,162,special_illustration_rare,v1|168485741452|0,NM Roaring Moon (162/131) Prismatic Evolutions Special Illustration Pokemon Card,,Ungraded,4000,[],"[""FIXED_PRICE""]",imwithstephen,https://i.ebayimg.com/images/g/71AAAeSw7QVqOt3M/s-l225.jpg,https://www.ebay.com/itm/168485741452?_skw=Roaring+Moon+ex+162+Prismatic+Evolutions+Pokemon+card&hash=item273a88638c:g:71AAAeSw7QVqOt3M,"{""value"": ""243.22"", ""currency"": ""USD"", ""convertedFromValue"": ""180.00"", ""convertedFromCurrency"": ""GBP""}",[],,,PENDING_INDEPENDENT_HUMAN_REVIEW,DEVELOPMENT,,,,,,,,,,,,,,
D2-0940,d09b2fb5-41b6-4d1e-88cf-629402434501,efae0727-f8c2-48c5-a33e-c308be0d288d,Roaring Moon ex,Prismatic Evolutions,162,special_illustration_rare,v1|116575580328|0,2025 POKEMON PRE EN-PRISMATIC EVOLUTIONS #162 ROARING MOON EX PSA 8.5,,Graded,2750,[],"[""FIXED_PRICE"", ""BEST_OFFER""]",suprimx,https://i.ebayimg.com/images/g/B-8AAeSwh0FoC4CV/s-l225.jpg,https://www.ebay.com/itm/116575580328?_skw=Roaring+Moon+ex+162+Prismatic+Evolutions+Pokemon+card&hash=item1b247230a8:g:B-8AAeSwh0FoC4CV,"{""value"": ""300.00"", ""currency"": ""USD""}","[{""shippingCostType"": ""CALCULATED""}]",,,PENDING_INDEPENDENT_HUMAN_REVIEW,DEVELOPMENT,,,,,,,,,,,,,,
D2-0943,d09b2fb5-41b6-4d1e-88cf-629402434501,efae0727-f8c2-48c5-a33e-c308be0d288d,Roaring Moon ex,Prismatic Evolutions,162,special_illustration_rare,v1|127419641542|0,2025 POKEMON PRE EN-PRISMATIC EVOLUTIONS #162 ROARING MOON EX PSA 9,,Graded,2750,[],"[""FIXED_PRICE"", ""BEST_OFFER""]",pokesporttradingcards,https://i.ebayimg.com/images/g/4MYAAeSwZxJo5nCD/s-l225.jpg,https://www.ebay.com/itm/127419641542?_skw=Roaring+Moon+ex+162+Prismatic+Evolutions+Pokemon+card&hash=item1daacd6ec6:g:4MYAAeSwZxJo5nCD,"{""value"": ""325.00"", ""currency"": ""USD""}","[{""shippingCostType"": ""CALCULATED""}]",,,PENDING_INDEPENDENT_HUMAN_REVIEW,DEVELOPMENT,,,,,,,,,,,,,,
D2-0953,d12a209b-06a3-4b46-82d3-a374e6bbe7b4,d0d523dc-3f95-4bbc-beb6-75b3d2a15cae,Grafaiai,Paldea Evolved,223,illustration_rare,v1|334903449758|545469728795,Pokemon SV2 Paldea Evolved NM YouPICK! 1-278 Reverse Holo RH ex IR FA SIR HR,,Ungraded,4000,[],"[""FIXED_PRICE""]",biggyfish,https://i.ebayimg.com/images/g/peYAAOSwzoNoCGh5/s-l225.jpg,https://www.ebay.com/itm/334903449758?_skw=Grafaiai+223+Paldea+Evolved+Pokemon+card&hash=item4df9cd189e:g:peYAAOSwzoNoCGh5,"{""value"": ""13.99"", ""currency"": ""USD""}","[{""shippingCostType"": ""FIXED"", ""shippingCost"": {""value"": ""0.79"", ""currency"": ""USD""}, ""minEstimatedDeliveryDate"": ""2026-09-15T07:00:00.000Z"", ""maxEstimatedDeliveryDate"": ""2026-09-18T07:00:00.000Z""}]",,,PENDING_INDEPENDENT_HUMAN_REVIEW,DEVELOPMENT,,,,,,,,,,,,,,
D2-0954,d12a209b-06a3-4b46-82d3-a374e6bbe7b4,d0d523dc-3f95-4bbc-beb6-75b3d2a15cae,Grafaiai,Paldea Evolved,223,illustration_rare,v1|157645135666|0,2023 POKEMON PAL EN-PALDEA EVOLVED ILLUSTRATION RARE #223 GRAFAIAI PSA 9,,Graded,2750,[],"[""FIXED_PRICE"", ""BEST_OFFER""]",jpscollectablesny,https://i.ebayimg.com/images/g/3NAAAeSw5M9pexXW/s-l225.jpg,https://www.ebay.com/itm/157645135666?_skw=Grafaiai+223+Paldea+Evolved+Pokemon+card&hash=item24b461df32:g:3NAAAeSw5M9pexXW&amdata=enc%3AAQALAAABAACCtXRWQnOEpyOqnQQ8KGbwsVarcKMaOzK37yd3JwMl9MM1MC3TgPpizswLJhq4vV1UpN0IfD228wKC2%2BCxvMHRcQ0qQ4rVq62wsjdXhWOEhnQnjWtu3m8UC%2Bw4%2BE6XXGW%2FcQ94qyfv5%2FVjC44Dx5f4lvhWPf%2FQj1R0jKFM7r2xrw%2Fl31WadPj3lKMIP4BnPngEz76koYY79fiVQmJBp6pCI0he3Tr%2BTKkxDieuzNGcT9OGfmppIoL2Qsuoj0PfuAypsiTw2rkfQejRyuYWv%2F8KQyjal4f8FCzHC81NPod3PU%2BQIZhDBr87qcAr0jRZTthrswK56e8CVDLlZCb1%2F1o%3D,"{""value"": ""27.50"", ""currency"": ""USD""}","[{""shippingCostType"": ""CALCULATED""}]",,,PENDING_INDEPENDENT_HUMAN_REVIEW,DEVELOPMENT,,,,,,,,,,,,,,
D2-0957,d12a209b-06a3-4b46-82d3-a374e6bbe7b4,d0d523dc-3f95-4bbc-beb6-75b3d2a15cae,Grafaiai,Paldea Evolved,223,illustration_rare,v1|147412419309|0,Pokemon TCG Grafaiai Illustration Rare Card 223/193 Sv02: Paldea Evolved,,Ungraded,4000,[],"[""FIXED_PRICE""]",tmo_6777,https://i.ebayimg.com/images/g/xo0AAeSw6AZqRts2/s-l225.jpg,https://www.ebay.com/itm/147412419309?_skw=Grafaiai+223+Paldea+Evolved+Pokemon+card&hash=item22527702ed:g:xo0AAeSw6AZqRts2,"{""value"": ""8.00"", ""currency"": ""USD""}","[{""shippingCostType"": ""CALCULATED""}]",,,PENDING_INDEPENDENT_HUMAN_REVIEW,DEVELOPMENT,,,,,,,,,,,,,,
D2-0958,d12a209b-06a3-4b46-82d3-a374e6bbe7b4,d0d523dc-3f95-4bbc-beb6-75b3d2a15cae,Grafaiai,Paldea Evolved,223,illustration_rare,v1|147543402719|0,Pokemon TCG Grafaiai 223/193 Sv02 Paldea Evolved Full Art Holo IR EN 90HP,,Ungraded,4000,[],"[""FIXED_PRICE"", ""BEST_OFFER""]",legacy-loot-collectibles,https://i.ebayimg.com/images/g/O7UAAeSwvSNql35m/s-l225.jpg,https://www.ebay.com/itm/147543402719?_skw=Grafaiai+223+Paldea+Evolved+Pokemon+card&hash=item225a45a8df:g:O7UAAeSwvSNql35m,"{""value"": ""9.99"", ""currency"": ""USD""}","[{""shippingCostType"": ""CALCULATED""}]",,,PENDING_INDEPENDENT_HUMAN_REVIEW,DEVELOPMENT,,,,,,,,,,,,,,
D2-0959,d12a209b-06a3-4b46-82d3-a374e6bbe7b4,d0d523dc-3f95-4bbc-beb6-75b3d2a15cae,Grafaiai,Paldea Evolved,223,illustration_rare,v1|147564679017|0,Grafaiai Paldea Evolved #223/193 Parallel / Insert Variant 2023 Pokemon DCM 9,,Graded,2750,[],"[""FIXED_PRICE"", ""BEST_OFFER""]",advancedesellers,https://i.ebayimg.com/images/g/~V0AAeSwPtNqoufu/s-l225.jpg,https://www.ebay.com/itm/147564679017?_skw=Grafaiai+223+Paldea+Evolved+Pokemon+card&hash=item225b8a4f69:g:~V0AAeSwPtNqoufu&amdata=enc%3AAQALAAABAACCtXRWQnOEpyOqnQQ8KGYlRIISTcJ8r0DHGVx9Es7npYZvLhSZ%2BsFZApkKH7Dp%2FUOZfwKQdeG8EzrnlUlWlrmDebXjzpa8K%2F8p00l281sgeRwTfY0LMm3eZGK64PE8k%2BK23d8BCzARho8wCaQFa0r%2FGMXiWDLoHQckdxRt3wSSMolX6yuyMC8e9FKBSNL4OG0K9Q4w%2BxhvM55pXP9rrqU5VZT2tSnuKZ55L4dcUomCKm4CztghVRTX78sr1zN7IaDRI2FJlrm0CdgCRjViCtl6N%2FPpsfK5Wwxl8O30IWlVINgusLA5z67a%2BtOVchYuyC6QuuJgdl28gPMVqq3SBj8%3D,"{""value"": ""13.40"", ""currency"": ""USD""}","[{""shippingCostType"": ""CALCULATED""}]",,,PENDING_INDEPENDENT_HUMAN_REVIEW,DEVELOPMENT,,,,,,,,,,,,,,
D2-0960,d12a209b-06a3-4b46-82d3-a374e6bbe7b4,d0d523dc-3f95-4bbc-beb6-75b3d2a15cae,Grafaiai,Paldea Evolved,223,illustration_rare,v1|157955090516|0,Grafaiai Paldea Evolved Illustration Rare 223/193 Nm,,Ungraded,4000,[],"[""FIXED_PRICE"", ""BEST_OFFER""]",lethargiccollectables,https://i.ebayimg.com/images/g/8zYAAeSwpp1qGxjo/s-l225.jpg,https://www.ebay.com/itm/157955090516?_skw=Grafaiai+223+Paldea+Evolved+Pokemon+card&hash=item24c6db6854:g:8zYAAeSwpp1qGxjo,"{""value"": ""20.00"", ""currency"": ""USD""}","[{""shippingCostType"": ""CALCULATED""}]",,,PENDING_INDEPENDENT_HUMAN_REVIEW,DEVELOPMENT,,,,,,,,,,,,,,
D2-0962,d4ff3ebb-7e40-4a36-88e6-f07af2977641,1424e3da-f59e-47f2-8310-dfad3baf354b,Zekrom ex,Black Bolt,166,special_illustration_rare,v1|117397568551|0,Zekrom ex - 166/086 Black Bolt Special Illustration Pokemon - MINT,,Ungraded,4000,[],"[""FIXED_PRICE"", ""AUCTION""]",dandatcgman,https://i.ebayimg.com/images/g/zBAAAeSwJfhqnD-B/s-l225.jpg,https://www.ebay.com/itm/117397568551?_skw=Zekrom+ex+166+Black+Bolt+Pokemon+card&hash=item1b5570bc27:g:zBAAAeSwJfhqnD-B,"{""value"": ""360.00"", ""currency"": ""USD""}","[{""shippingCostType"": ""FIXED"", ""shippingCost"": {""value"": ""0.00"", ""currency"": ""USD""}, ""minEstimatedDeliveryDate"": ""2026-09-15T07:00:00.000Z"", ""maxEstimatedDeliveryDate"": ""2026-09-21T07:00:00.000Z""}]",,,PENDING_INDEPENDENT_HUMAN_REVIEW,DEVELOPMENT,,,,,,,,,,,,,,
D2-0967,d4ff3ebb-7e40-4a36-88e6-f07af2977641,1424e3da-f59e-47f2-8310-dfad3baf354b,Zekrom ex,Black Bolt,166,special_illustration_rare,v1|117071056219|0,Pokémon TCG Zekrom EX Black Bolt Special Illustration Card #166/086 PSA 9 Mint,,Graded,2750,[],"[""FIXED_PRICE""]",mesomarket,https://i.ebayimg.com/images/g/g-4AAeSwV8lpqVde/s-l225.jpg,https://www.ebay.com/itm/117071056219?_skw=Zekrom+ex+166+Black+Bolt+Pokemon+card&hash=item1b41fa8d5b:g:g-4AAeSwV8lpqVde,"{""value"": ""399.99"", ""currency"": ""USD""}","[{""shippingCostType"": ""FIXED"", ""shippingCost"": {""value"": ""0.00"", ""currency"": ""USD""}, ""minEstimatedDeliveryDate"": ""2026-09-15T07:00:00.000Z"", ""maxEstimatedDeliveryDate"": ""2026-09-18T07:00:00.000Z""}]",,,PENDING_INDEPENDENT_HUMAN_REVIEW,DEVELOPMENT,,,,,,,,,,,,,,
D2-0970,d4ff3ebb-7e40-4a36-88e6-f07af2977641,1424e3da-f59e-47f2-8310-dfad3baf354b,Zekrom ex,Black Bolt,166,special_illustration_rare,v1|128054575718|0,2025 Pokemon BLK EN #166 Zekrom ex Special Illustration Rare PSA 10 GEM MINT,,Graded,2750,[],"[""FIXED_PRICE"", ""BEST_OFFER""]",marksor88,https://i.ebayimg.com/images/g/ERIAAeSwAnRqliLK/s-l225.jpg,https://www.ebay.com/itm/128054575718?_skw=Zekrom+ex+166+Black+Bolt+Pokemon+card&hash=item1dd0a5c266:g:ERIAAeSwAnRqliLK,"{""value"": ""650.00"", ""currency"": ""USD""}","[{""shippingCostType"": ""CALCULATED""}]",,,PENDING_INDEPENDENT_HUMAN_REVIEW,DEVELOPMENT,,,,,,,,,,,,,,
D2-0971,d4ff3ebb-7e40-4a36-88e6-f07af2977641,1424e3da-f59e-47f2-8310-dfad3baf354b,Zekrom ex,Black Bolt,166,special_illustration_rare,v1|128071623587|0,2025 POKEMON BLK EN-BLACK BOLT SPECIAL ILLUSTRATION RARE #166 ZEKROM EX PSA 10,,Graded,2750,[],"[""FIXED_PRICE"", ""BEST_OFFER""]",101vik,https://i.ebayimg.com/images/g/VVUAAeSw0EJqoi7q/s-l225.jpg,https://www.ebay.com/itm/128071623587?_skw=Zekrom+ex+166+Black+Bolt+Pokemon+card&hash=item1dd1a9e3a3:g:VVUAAeSw0EJqoi7q,"{""value"": ""535.00"", ""currency"": ""USD""}","[{""shippingCostType"": ""CALCULATED""}]",,,PENDING_INDEPENDENT_HUMAN_REVIEW,DEVELOPMENT,,,,,,,,,,,,,,
D2-0973,d4ff3ebb-7e40-4a36-88e6-f07af2977641,1424e3da-f59e-47f2-8310-dfad3baf354b,Zekrom ex,Black Bolt,166,special_illustration_rare,v1|136578330738|0,Pokemon TCG - Zekrom ex 166/086 Sv: Black Bolt Holo NM Grading Ready,,Ungraded,4000,[],"[""FIXED_PRICE"", ""BEST_OFFER""]",jhocollectibles,https://i.ebayimg.com/images/g/yuEAAeSwkBdo6pn4/s-l225.jpg,https://www.ebay.com/itm/136578330738?_skw=Zekrom+ex+166+Black+Bolt+Pokemon+card&hash=item1fccb3f072:g:yuEAAeSwkBdo6pn4,"{""value"": ""429.99"", ""currency"": ""USD""}","[{""shippingCostType"": ""FIXED"", ""shippingCost"": {""value"": ""5.49"", ""currency"": ""USD""}, ""minEstimatedDeliveryDate"": ""2026-09-15T07:00:00.000Z"", ""maxEstimatedDeliveryDate"": ""2026-09-21T07:00:00.000Z""}]",,,PENDING_INDEPENDENT_HUMAN_REVIEW,DEVELOPMENT,,,,,,,,,,,,,,
D2-0974,d4ff3ebb-7e40-4a36-88e6-f07af2977641,1424e3da-f59e-47f2-8310-dfad3baf354b,Zekrom ex,Black Bolt,166,special_illustration_rare,v1|137600590599|0,2025 Pokemon Zekrom ex 166/086 Black Bolt SIR Blk-Eng BGS 9.5 (STRONG QUADS),,Graded,2750,[],"[""FIXED_PRICE""]",boink2004,https://i.ebayimg.com/images/g/t4gAAeSw5Tlqd9W7/s-l225.jpg,https://www.ebay.com/itm/137600590599?_skw=Zekrom+ex+166+Black+Bolt+Pokemon+card&hash=item2009a26307:g:t4gAAeSw5Tlqd9W7,"{""value"": ""415.00"", ""currency"": ""USD""}","[{""shippingCostType"": ""FIXED"", ""shippingCost"": {""value"": ""9.99"", ""currency"": ""USD""}, ""minEstimatedDeliveryDate"": ""2026-09-14T07:00:00.000Z"", ""maxEstimatedDeliveryDate"": ""2026-09-16T07:00:00.000Z""}]",,,PENDING_INDEPENDENT_HUMAN_REVIEW,DEVELOPMENT,,,,,,,,,,,,,,
D2-0976,e26de7b7-434e-4bec-8fc2-fb15b971b1a7,44b0372c-396d-43e9-84bb-afad2d04128f,Jamming Tower,Ascended Heroes,261,ultra_rare,v1|128030096487|0,Jamming Tower 261/217 Ultra Rare Ascended Heroes Pokemon Holo Near Mint,,Ungraded,4000,[],"[""FIXED_PRICE"", ""BEST_OFFER""]",kri-1716,https://i.ebayimg.com/images/g/LPoAAeSwSJFqgjQL/s-l225.jpg,https://www.ebay.com/itm/128030096487?_skw=Jamming+Tower+261+Ascended+Heroes+Pokemon+card&hash=item1dcf303c67:g:LPoAAeSwSJFqgjQL,"{""value"": ""1.10"", ""currency"": ""USD""}","[{""shippingCostType"": ""CALCULATED""}]",,,PENDING_INDEPENDENT_HUMAN_REVIEW,DEVELOPMENT,,,,,,,,,,,,,,
D2-0979,e26de7b7-434e-4bec-8fc2-fb15b971b1a7,44b0372c-396d-43e9-84bb-afad2d04128f,Jamming Tower,Ascended Heroes,261,ultra_rare,v1|137700262713|0,JAMMING TOWER POKEMON ASCENDED HEROES 261/217 ULTRA RARE LIGHTLY PLAYED,,Ungraded,4000,[],"[""FIXED_PRICE""]",halocop237,https://i.ebayimg.com/images/g/FGEAAeSwZsBqm2Vr/s-l225.jpg,https://www.ebay.com/itm/137700262713?_skw=Jamming+Tower+261+Ascended+Heroes+Pokemon+card&hash=item200f934339:g:FGEAAeSwZsBqm2Vr,"{""value"": ""1.00"", ""currency"": ""USD""}","[{""shippingCostType"": ""FIXED"", ""shippingCost"": {""value"": ""1.00"", ""currency"": ""USD""}, ""minEstimatedDeliveryDate"": ""2026-09-15T07:00:00.000Z"", ""maxEstimatedDeliveryDate"": ""2026-09-19T07:00:00.000Z""}]",,,PENDING_INDEPENDENT_HUMAN_REVIEW,DEVELOPMENT,,,,,,,,,,,,,,
D2-0981,e26de7b7-434e-4bec-8fc2-fb15b971b1a7,44b0372c-396d-43e9-84bb-afad2d04128f,Jamming Tower,Ascended Heroes,261,ultra_rare,v1|137641701279|0,Jamming Tower 261/217 SIR Pokemon TCG Ascended Heroes Special Illustration Rare,,Ungraded,4000,[],"[""FIXED_PRICE"", ""BEST_OFFER""]",duttonsports_tcg,https://i.ebayimg.com/images/g/AgAAAeSw0Hxqhm8M/s-l225.jpg,https://www.ebay.com/itm/137641701279?_skw=Jamming+Tower+261+Ascended+Heroes+Pokemon+card&hash=item200c15af9f:g:AgAAAeSw0Hxqhm8M,"{""value"": ""7.00"", ""currency"": ""USD""}","[{""shippingCostType"": ""CALCULATED""}]",,,PENDING_INDEPENDENT_HUMAN_REVIEW,DEVELOPMENT,,,,,,,,,,,,,,
D2-0982,e26de7b7-434e-4bec-8fc2-fb15b971b1a7,44b0372c-396d-43e9-84bb-afad2d04128f,Jamming Tower,Ascended Heroes,261,ultra_rare,v1|147452944888|0,Jamming Tower 261/217 Holo Ultra Rare Ascended Heroes Pokemon Card,,Ungraded,4000,[],"[""FIXED_PRICE""]",rayspsas,https://i.ebayimg.com/images/g/yfYAAeSwWUhqYD9R/s-l225.jpg,https://www.ebay.com/itm/147452944888?_skw=Jamming+Tower+261+Ascended+Heroes+Pokemon+card&hash=item2254e161f8:g:yfYAAeSwWUhqYD9R,"{""value"": ""1.99"", ""currency"": ""USD""}","[{""shippingCostType"": ""FIXED"", ""shippingCost"": {""value"": ""0.00"", ""currency"": ""USD""}, ""minEstimatedDeliveryDate"": ""2026-09-14T07:00:00.000Z"", ""maxEstimatedDeliveryDate"": ""2026-09-17T07:00:00.000Z""}]",,,PENDING_INDEPENDENT_HUMAN_REVIEW,DEVELOPMENT,,,,,,,,,,,,,,
D2-0984,e26de7b7-434e-4bec-8fc2-fb15b971b1a7,44b0372c-396d-43e9-84bb-afad2d04128f,Jamming Tower,Ascended Heroes,261,ultra_rare,v1|147563527708|0,Jamming Tower 261/217 UR Ascended Heroes Pokemon Holo Near Mint,,Ungraded,4000,[],"[""FIXED_PRICE""]",zkingcollectibles,https://i.ebayimg.com/images/g/jEoAAeSwEn5qojG7/s-l225.jpg,https://www.ebay.com/itm/147563527708?_skw=Jamming+Tower+261+Ascended+Heroes+Pokemon+card&hash=item225b78be1c:g:jEoAAeSwEn5qojG7,"{""value"": ""2.49"", ""currency"": ""USD""}","[{""shippingCostType"": ""FIXED"", ""shippingCost"": {""value"": ""0.00"", ""currency"": ""USD""}, ""minEstimatedDeliveryDate"": ""2026-09-16T07:00:00.000Z"", ""maxEstimatedDeliveryDate"": ""2026-09-22T07:00:00.000Z""}]",,,PENDING_INDEPENDENT_HUMAN_REVIEW,DEVELOPMENT,,,,,,,,,,,,,,
D2-0986,e26de7b7-434e-4bec-8fc2-fb15b971b1a7,44b0372c-396d-43e9-84bb-afad2d04128f,Jamming Tower,Ascended Heroes,261,ultra_rare,v1|158239857879|0,Jamming Tower 261/217 Ascended Heroes - Holo Pokemon NM/M (Ultra Rare),,Ungraded,4000,[],"[""FIXED_PRICE"", ""BEST_OFFER""]",vibeyvault,https://i.ebayimg.com/images/g/gucAAeSwcXFqlFkm/s-l225.jpg,https://www.ebay.com/itm/158239857879?_skw=Jamming+Tower+261+Ascended+Heroes+Pokemon+card&hash=item24d7d49cd7:g:gucAAeSwcXFqlFkm,"{""value"": ""2.37"", ""currency"": ""USD""}","[{""shippingCostType"": ""FIXED"", ""shippingCost"": {""value"": ""0.00"", ""currency"": ""USD""}, ""minEstimatedDeliveryDate"": ""2026-09-15T07:00:00.000Z"", ""maxEstimatedDeliveryDate"": ""2026-09-21T07:00:00.000Z""}]",,,PENDING_INDEPENDENT_HUMAN_REVIEW,DEVELOPMENT,,,,,,,,,,,,,,
D2-0994,ec8fec81-b57d-442a-baf0-91882c40de6e,67ea57e5-8821-4372-ac63-4c6e3f81f261,Team Rocket's Giovanni,Ascended Heroes,204,uncommon,v1|128074424802|429485368395,Pokemon TCG Ascended Heroes Choose A Card,,Ungraded,4000,[],"[""FIXED_PRICE""]",hits.and.hounds.collectibles,https://i.ebayimg.com/images/g/0lUAAeSwANVqpFQe/s-l225.jpg,https://www.ebay.com/itm/128074424802?_skw=Team+Rocket%27s+Giovanni+204+Ascended+Heroes+Pokemon+card&hash=item1dd1d4a1e2:g:0lUAAeSwANVqpFQe,"{""value"": ""1.54"", ""currency"": ""USD""}","[{""shippingCostType"": ""CALCULATED""}]",,,PENDING_INDEPENDENT_HUMAN_REVIEW,DEVELOPMENT,,,,,,,,,,,,,,
D2-0995,ec8fec81-b57d-442a-baf0-91882c40de6e,67ea57e5-8821-4372-ac63-4c6e3f81f261,Team Rocket's Giovanni,Ascended Heroes,204,uncommon,v1|198459223782|497495629398,"Pokemon Ascended Heroes - Pick Your Card - Holo, Reverse Energy/Ball 103-217",,Ungraded,4000,[],"[""FIXED_PRICE""]",happylilcards,https://i.ebayimg.com/images/g/CxYAAeSwNk5qQI9W/s-l225.jpg,https://www.ebay.com/itm/198459223782?_skw=Team+Rocket%27s+Giovanni+204+Ascended+Heroes+Pokemon+card&hash=item2e35176ee6:g:CxYAAeSwNk5qQI9W,"{""value"": ""1.49"", ""currency"": ""USD""}","[{""shippingCostType"": ""FIXED"", ""shippingCost"": {""value"": ""0.00"", ""currency"": ""USD""}, ""minEstimatedDeliveryDate"": ""2026-09-14T07:00:00.000Z"", ""maxEstimatedDeliveryDate"": ""2026-09-17T07:00:00.000Z""}]",,,PENDING_INDEPENDENT_HUMAN_REVIEW,DEVELOPMENT,,,,,,,,,,,,,,
D2-0999,ec8fec81-b57d-442a-baf0-91882c40de6e,67ea57e5-8821-4372-ac63-4c6e3f81f261,Team Rocket's Giovanni,Ascended Heroes,204,uncommon,v1|117373210746|0,Team Rocket's Giovanni ME: Ascended Heroes 204/217 NM Pokemon,,Ungraded,4000,[],"[""FIXED_PRICE"", ""BEST_OFFER""]",mastascards,https://i.ebayimg.com/images/g/E-oAAeSwq3hqn0oM/s-l225.jpg,https://www.ebay.com/itm/117373210746?_skw=Team+Rocket%27s+Giovanni+204+Ascended+Heroes+Pokemon+card&hash=item1b53fd107a:g:E-oAAeSwq3hqn0oM,"{""value"": ""1.59"", ""currency"": ""USD""}","[{""shippingCostType"": ""FIXED"", ""shippingCost"": {""value"": ""0.00"", ""currency"": ""USD""}, ""minEstimatedDeliveryDate"": ""2026-09-15T07:00:00.000Z"", ""maxEstimatedDeliveryDate"": ""2026-09-19T07:00:00.000Z""}]",,,PENDING_INDEPENDENT_HUMAN_REVIEW,DEVELOPMENT,,,,,,,,,,,,,,
D2-1001,ec8fec81-b57d-442a-baf0-91882c40de6e,67ea57e5-8821-4372-ac63-4c6e3f81f261,Team Rocket's Giovanni,Ascended Heroes,204,uncommon,v1|137344835623|0,Team Rocket's Giovanni 204/217 Reverse Holo Pokemon ME: Ascended Heroes NM,,Ungraded,4000,[],"[""FIXED_PRICE""]",category5collectibles,https://i.ebayimg.com/images/g/R0cAAeSw6oxqFLS8/s-l225.jpg,https://www.ebay.com/itm/137344835623?_skw=Team+Rocket%27s+Giovanni+204+Ascended+Heroes+Pokemon+card&hash=item1ffa63e027:g:R0cAAeSw6oxqFLS8,"{""value"": ""1.79"", ""currency"": ""USD""}","[{""shippingCostType"": ""FIXED"", ""shippingCost"": {""value"": ""0.00"", ""currency"": ""USD""}, ""minEstimatedDeliveryDate"": ""2026-09-16T07:00:00.000Z"", ""maxEstimatedDeliveryDate"": ""2026-09-23T07:00:00.000Z""}]",,,PENDING_INDEPENDENT_HUMAN_REVIEW,DEVELOPMENT,,,,,,,,,,,,,,
D2-1002,ec8fec81-b57d-442a-baf0-91882c40de6e,67ea57e5-8821-4372-ac63-4c6e3f81f261,Team Rocket's Giovanni,Ascended Heroes,204,uncommon,v1|137355760263|0,Team Rocket's Giovanni 204/217 Reverse Holo Pokemon ME: Ascended Heroes NM,,Ungraded,4000,[],"[""FIXED_PRICE""]",category5collectibles,https://i.ebayimg.com/images/g/5E0AAeSwzvpqGNn3/s-l225.jpg,https://www.ebay.com/itm/137355760263?_skw=Team+Rocket%27s+Giovanni+204+Ascended+Heroes+Pokemon+card&hash=item1ffb0a9287:g:5E0AAeSwzvpqGNn3,"{""value"": ""1.89"", ""currency"": ""USD""}","[{""shippingCostType"": ""FIXED"", ""shippingCost"": {""value"": ""0.00"", ""currency"": ""USD""}, ""minEstimatedDeliveryDate"": ""2026-09-16T07:00:00.000Z"", ""maxEstimatedDeliveryDate"": ""2026-09-23T07:00:00.000Z""}]",,,PENDING_INDEPENDENT_HUMAN_REVIEW,DEVELOPMENT,,,,,,,,,,,,,,
D2-1005,ec8fec81-b57d-442a-baf0-91882c40de6e,67ea57e5-8821-4372-ac63-4c6e3f81f261,Team Rocket's Giovanni,Ascended Heroes,204,uncommon,v1|158224475301|0,Team Rocket's Giovanni 204/217 - Reverse Holo Ascended Heroes Uncommon - NM -,,Ungraded,4000,[],"[""FIXED_PRICE"", ""BEST_OFFER""]",scopeland87,https://i.ebayimg.com/images/g/zcAAAeSwHQBqjmAC/s-l225.jpg,https://www.ebay.com/itm/158224475301?_skw=Team+Rocket%27s+Giovanni+204+Ascended+Heroes+Pokemon+card&hash=item24d6e9e4a5:g:zcAAAeSwHQBqjmAC,"{""value"": ""1.51"", ""currency"": ""USD""}","[{""shippingCostType"": ""FIXED"", ""shippingCost"": {""value"": ""0.00"", ""currency"": ""USD""}, ""minEstimatedDeliveryDate"": ""2026-09-15T07:00:00.000Z"", ""maxEstimatedDeliveryDate"": ""2026-09-21T07:00:00.000Z""}]",,,PENDING_INDEPENDENT_HUMAN_REVIEW,DEVELOPMENT,,,,,,,,,,,,,,
D2-1007,ecfe51fb-3435-4e1c-8542-8809cd6f95ff,db1498a4-579d-4bbe-b887-8368299e735f,Coalossal,Temporal Forces,95,uncommon,v1|226085555710|525205690389,Coalossal 95/162 Reverse Holo | Temporal Forces | Pokemon Card,,Ungraded,4000,[],"[""FIXED_PRICE""]",brickheadscollectables,https://i.ebayimg.com/images/g/rPoAAOSwAQBmKfp5/s-l225.jpg,https://www.ebay.com/itm/226085555710?_skw=Coalossal+95+Temporal+Forces+Pokemon+card&hash=item34a3bfcdfe:g:rPoAAOSwAQBmKfp5&amdata=enc%3AAQALAAABAACCtXRWQnOEpyOqnQQ8KGZAzNJxjMsDIF5EN%2FkrVJOM5JFGLTFsD4W2%2FCIfm7x%2FERKcr4Bzi1nUNWzk8SVf%2F1dzhaO2MK7C%2B6lUVkWXz2BKn0x2SdxCaArOoU%2BsvNS1ZMTJo8M5CHp9J%2FsO2gDeIkWESVHVLkZNvu%2Bhp%2BN0L0nbtaP6KvARuHQ%2FBOlpkzqyXHdf3Eao53biIVzcPq3U9UUnyra2z3%2F5qu9OgJx0Rgc3OuRiFCwhQIb7KCFkyLJhiuDxynDFFIwPgK%2BxOZ1hnBitdSCtJmsCO5Nyc%2Ba50%2FfnY%2B1AJIDRI1hZl3kaSeoTykgynPQd%2BkSJ3KwR87bHN%2FA%3D,"{""value"": ""1.43"", ""currency"": ""USD"", ""convertedFromValue"": ""2.00"", ""convertedFromCurrency"": ""AUD""}","[{""shippingCostType"": ""FIXED"", ""shippingCost"": {""value"": ""12.88"", ""currency"": ""USD"", ""convertedFromValue"": ""18.00"", ""convertedFromCurrency"": ""AUD""}, ""minEstimatedDeliveryDate"": ""2026-09-21T07:00:00.000Z"", ""maxEstimatedDeliveryDate"": ""2026-09-25T07:00:00.000Z""}]",,,PENDING_INDEPENDENT_HUMAN_REVIEW,DEVELOPMENT,,,,,,,,,,,,,,
D2-1008,ecfe51fb-3435-4e1c-8542-8809cd6f95ff,db1498a4-579d-4bbe-b887-8368299e735f,Coalossal,Temporal Forces,95,uncommon,v1|226085558399|525205770650,Coalossal 95/162 Uncommon | Temporal Forces | Pokemon Card,,Ungraded,4000,[],"[""FIXED_PRICE""]",brickheadscollectables,https://i.ebayimg.com/images/g/iocAAOSwfQBmFnAL/s-l225.jpg,https://www.ebay.com/itm/226085558399?_skw=Coalossal+95+Temporal+Forces+Pokemon+card&hash=item34a3bfd87f:g:iocAAOSwfQBmFnAL&amdata=enc%3AAQALAAABAACCtXRWQnOEpyOqnQQ8KGYSKj3KZs6s6UcUFaefFWm%2BFs4LyOog7D9q7R288Qdmcb%2Bn0fjpDcnVjd4OhLtwrNTfp9c7o%2F8CLDiSqq2OLgcLxXy6ahEtL1fka5Z7%2FsuANTJIDF1peGDj5GvP3G3%2FqwxzGnmRK3OKZoNm7eNH3Dy3RK506%2Fdu8eoBNr06wDMZcqzY4LshaOOB8ikb9bunvwvEefj3MXcQiRUCUKEjmJ64MT%2BaJzTFJ19nVkfIuNGiKUrM%2BHRZHoV515PXecy0dDi9KCepLUnmfcJc9VTPSbvdMpBrVMnvLvwTz2%2FYUJ45ZbACfnD%2FSHKccRFGUVZleOI%3D,"{""value"": ""1.43"", ""currency"": ""USD"", ""convertedFromValue"": ""2.00"", ""convertedFromCurrency"": ""AUD""}","[{""shippingCostType"": ""FIXED"", ""shippingCost"": {""value"": ""12.88"", ""currency"": ""USD"", ""convertedFromValue"": ""18.00"", ""convertedFromCurrency"": ""AUD""}, ""minEstimatedDeliveryDate"": ""2026-09-21T07:00:00.000Z"", ""maxEstimatedDeliveryDate"": ""2026-09-25T07:00:00.000Z""}]",,,PENDING_INDEPENDENT_HUMAN_REVIEW,DEVELOPMENT,,,,,,,,,,,,,,
D2-1011,ecfe51fb-3435-4e1c-8542-8809cd6f95ff,db1498a4-579d-4bbe-b887-8368299e735f,Coalossal,Temporal Forces,95,uncommon,v1|117232445201|0,Coalossal 095/162 UC Temporal Forces NM Pokemon,,Ungraded,4000,[],"[""FIXED_PRICE""]",bwise12241224,https://i.ebayimg.com/images/g/4FYAAeSwSfhqIld2/s-l225.jpg,https://www.ebay.com/itm/117232445201?_skw=Coalossal+95+Temporal+Forces+Pokemon+card&hash=item1b4b992711:g:4FYAAeSwSfhqIld2,"{""value"": ""1.45"", ""currency"": ""USD""}","[{""shippingCostType"": ""FIXED"", ""shippingCost"": {""value"": ""0.00"", ""currency"": ""USD""}, ""minEstimatedDeliveryDate"": ""2026-09-14T07:00:00.000Z"", ""maxEstimatedDeliveryDate"": ""2026-09-17T07:00:00.000Z""}]",,,PENDING_INDEPENDENT_HUMAN_REVIEW,DEVELOPMENT,,,,,,,,,,,,,,
D2-1013,ecfe51fb-3435-4e1c-8542-8809cd6f95ff,db1498a4-579d-4bbe-b887-8368299e735f,Coalossal,Temporal Forces,95,uncommon,v1|136259945601|435177368049,Pokemon TCG: SV05 Temporal Forces /162 You Pick (2 Card Minimum),,Ungraded,4000,[],"[""FIXED_PRICE""]",4urpc_collectables,https://i.ebayimg.com/images/g/NpEAAeSwjQxojde8/s-l225.jpg,https://www.ebay.com/itm/136259945601?_skw=Coalossal+95+Temporal+Forces+Pokemon+card&hash=item1fb9b9c481:g:NpEAAeSwjQxojde8,"{""value"": ""1.19"", ""currency"": ""USD""}","[{""shippingCostType"": ""FIXED"", ""shippingCost"": {""value"": ""0.00"", ""currency"": ""USD""}, ""minEstimatedDeliveryDate"": ""2026-09-22T07:00:00.000Z"", ""maxEstimatedDeliveryDate"": ""2026-09-28T07:00:00.000Z""}]",,,PENDING_INDEPENDENT_HUMAN_REVIEW,DEVELOPMENT,,,,,,,,,,,,,,
D2-1017,ecfe51fb-3435-4e1c-8542-8809cd6f95ff,db1498a4-579d-4bbe-b887-8368299e735f,Coalossal,Temporal Forces,95,uncommon,v1|127026589174|0,Coalossal 095/162 Temporal Forces,,Ungraded,4000,[],"[""FIXED_PRICE""]",cruzjgomezjr21,https://i.ebayimg.com/images/g/8ZkAAOSwVcxn6JUR/s-l225.jpg,https://www.ebay.com/itm/127026589174?_skw=Coalossal+95+Temporal+Forces+Pokemon+card&hash=item1d935fedf6:g:8ZkAAOSwVcxn6JUR,"{""value"": ""1.15"", ""currency"": ""USD""}","[{""shippingCostType"": ""FIXED"", ""shippingCost"": {""value"": ""0.00"", ""currency"": ""USD""}, ""minEstimatedDeliveryDate"": ""2026-09-15T07:00:00.000Z"", ""maxEstimatedDeliveryDate"": ""2026-09-21T07:00:00.000Z""}]",,,PENDING_INDEPENDENT_HUMAN_REVIEW,DEVELOPMENT,,,,,,,,,,,,,,
D2-1018,ecfe51fb-3435-4e1c-8542-8809cd6f95ff,db1498a4-579d-4bbe-b887-8368299e735f,Coalossal,Temporal Forces,95,uncommon,v1|127673636567|0,Coalossal - 095/162 - Temporal Forces Pokemon 2024,,Ungraded,4000,[],"[""FIXED_PRICE"", ""BEST_OFFER""]",ezvj0dv,https://i.ebayimg.com/images/g/igUAAeSwwFFpiPVN/s-l225.jpg,https://www.ebay.com/itm/127673636567?_skw=Coalossal+95+Temporal+Forces+Pokemon+card&hash=item1db9f116d7:g:igUAAeSwwFFpiPVN,"{""value"": ""1.39"", ""currency"": ""USD""}","[{""shippingCostType"": ""FIXED"", ""shippingCost"": {""value"": ""0.00"", ""currency"": ""USD""}, ""minEstimatedDeliveryDate"": ""2026-09-14T07:00:00.000Z"", ""maxEstimatedDeliveryDate"": ""2026-09-17T07:00:00.000Z""}]",,,PENDING_INDEPENDENT_HUMAN_REVIEW,DEVELOPMENT,,,,,,,,,,,,,,
D2-1022,f01e01fe-17e4-48b7-8ba3-9a88f876acd4,7c3e24f9-be0e-4de8-86fc-9fb913792294,Meowth,Phantasmal Flames,106,illustration_rare,v1|128056450522|0,Meowth 106/094 ME Phantasmal Flames Illustration Rare Pokemon Card - NM,,Ungraded,4000,[],"[""FIXED_PRICE""]",swibbycards,https://i.ebayimg.com/images/g/gE8AAeSwvk9ql2mq/s-l225.jpg,https://www.ebay.com/itm/128056450522?_skw=Meowth+106+Phantasmal+Flames+Pokemon+card&hash=item1dd0c25dda:g:gE8AAeSwvk9ql2mq,"{""value"": ""28.00"", ""currency"": ""USD""}","[{""shippingCostType"": ""FIXED"", ""shippingCost"": {""value"": ""0.00"", ""currency"": ""USD""}, ""minEstimatedDeliveryDate"": ""2026-09-14T07:00:00.000Z"", ""maxEstimatedDeliveryDate"": ""2026-09-17T07:00:00.000Z""}]",,,PENDING_INDEPENDENT_HUMAN_REVIEW,DEVELOPMENT,,,,,,,,,,,,,,
D2-1027,f01e01fe-17e4-48b7-8ba3-9a88f876acd4,7c3e24f9-be0e-4de8-86fc-9fb913792294,Meowth,Phantasmal Flames,106,illustration_rare,v1|147566562155|0,Meowth 106/094 Illustration Rare Phantasmal Flames Pokemon Holo Near Mint,,Ungraded,4000,[],"[""FIXED_PRICE"", ""BEST_OFFER""]",fiftiethalloy,https://i.ebayimg.com/images/g/syEAAeSwiHtqpD~g/s-l225.jpg,https://www.ebay.com/itm/147566562155?_skw=Meowth+106+Phantasmal+Flames+Pokemon+card&hash=item225ba70b6b:g:syEAAeSwiHtqpD~g,"{""value"": ""18.00"", ""currency"": ""USD""}","[{""shippingCostType"": ""CALCULATED""}]",,,PENDING_INDEPENDENT_HUMAN_REVIEW,DEVELOPMENT,,,,,,,,,,,,,,
D2-1031,f01e01fe-17e4-48b7-8ba3-9a88f876acd4,7c3e24f9-be0e-4de8-86fc-9fb913792294,Meowth,Phantasmal Flames,106,illustration_rare,v1|158273487325|0,Meowth 106/094 ME02: Phantasmal Flames Pokemon TCG ENG NM,,Ungraded,4000,[],"[""FIXED_PRICE""]",poke-wo-mon,https://i.ebayimg.com/images/g/U5gAAeSw7cVqoN~-/s-l225.jpg,https://www.ebay.com/itm/158273487325?_skw=Meowth+106+Phantasmal+Flames+Pokemon+card&hash=item24d9d5c1dd:g:U5gAAeSw7cVqoN~-,"{""value"": ""20.00"", ""currency"": ""USD""}","[{""shippingCostType"": ""FIXED"", ""shippingCost"": {""value"": ""1.95"", ""currency"": ""USD""}, ""minEstimatedDeliveryDate"": ""2026-09-15T07:00:00.000Z"", ""maxEstimatedDeliveryDate"": ""2026-09-21T07:00:00.000Z""}]",,,PENDING_INDEPENDENT_HUMAN_REVIEW,DEVELOPMENT,,,,,,,,,,,,,,
D2-1033,f01e01fe-17e4-48b7-8ba3-9a88f876acd4,7c3e24f9-be0e-4de8-86fc-9fb913792294,Meowth,Phantasmal Flames,106,illustration_rare,v1|158279703194|0,ME02: Phantasmal Flames #106/094 Meowth,,Ungraded,4000,[],"[""FIXED_PRICE""]",flexworthyfinds,https://i.ebayimg.com/images/g/jAYAAeSwHHVqo0m~/s-l225.jpg,https://www.ebay.com/itm/158279703194?_skw=Meowth+106+Phantasmal+Flames+Pokemon+card&hash=item24da349a9a:g:jAYAAeSwHHVqo0m~,"{""value"": ""19.99"", ""currency"": ""USD""}","[{""shippingCostType"": ""FIXED"", ""shippingCost"": {""value"": ""0.80"", ""currency"": ""USD""}, ""minEstimatedDeliveryDate"": ""2026-09-16T07:00:00.000Z"", ""maxEstimatedDeliveryDate"": ""2026-09-22T07:00:00.000Z""}]",,,PENDING_INDEPENDENT_HUMAN_REVIEW,DEVELOPMENT,,,,,,,,,,,,,,
D2-1034,f01e01fe-17e4-48b7-8ba3-9a88f876acd4,7c3e24f9-be0e-4de8-86fc-9fb913792294,Meowth,Phantasmal Flames,106,illustration_rare,v1|168681408274|0,Meowth 106/094 Me02: Phantasmal Flames Illustrate Pokemon Card NM,,Ungraded,4000,[],"[""FIXED_PRICE""]",greatthings4less,https://i.ebayimg.com/images/g/6YoAAeSw4PZqf1ZS/s-l225.jpg,https://www.ebay.com/itm/168681408274?_skw=Meowth+106+Phantasmal+Flames+Pokemon+card&hash=item2746320712:g:6YoAAeSw4PZqf1ZS&amdata=enc%3AAQALAAABAACCtXRWQnOEpyOqnQQ8KGYihkPtChp4CiVOAPzAUFomMwHTSf4tdU1GrK2MULVo1ZHae1POYbyE3k9BJYdO04Jj7TRjHhD4%2FekDE6L1Mv7yEd0lK1YuVulZ5CL87uj7YDpWiqmz2cvUcSRFKunT31z%2Fl2j1PXTjYtiiUD1On6P61ubWqRCnyC1nEKmL9WiFbi%2B0p%2BvdNwW1aFl7xeFMTCEDZDJhWKK%2BLegHFd169WQ9BDNfD%2BZIvYidsl0F%2BgvHhpwUzOTecPQklNQkqbpZWO4Ru4yKF3OO4KQUFacdRyittjSOqCvN3QB2x7g3fUha%2FCMK34gAIisioteItPETmd4%3D,"{""value"": ""19.99"", ""currency"": ""USD""}","[{""shippingCostType"": ""FIXED"", ""shippingCost"": {""value"": ""6.50"", ""currency"": ""USD""}, ""minEstimatedDeliveryDate"": ""2026-09-15T07:00:00.000Z"", ""maxEstimatedDeliveryDate"": ""2026-09-18T07:00:00.000Z""}]",,,PENDING_INDEPENDENT_HUMAN_REVIEW,DEVELOPMENT,,,,,,,,,,,,,,
D2-1035,f01e01fe-17e4-48b7-8ba3-9a88f876acd4,7c3e24f9-be0e-4de8-86fc-9fb913792294,Meowth,Phantasmal Flames,106,illustration_rare,v1|178231701284|0,Pokemon TCG #106/064 Meowth Phantasmal Flames,,Ungraded,4000,[],"[""FIXED_PRICE""]",cw-valuecards2,https://i.ebayimg.com/images/g/ulUAAeSwdi1qMxAi/s-l225.jpg,https://www.ebay.com/itm/178231701284?_skw=Meowth+106+Phantasmal+Flames+Pokemon+card&hash=item297f6fef24:g:ulUAAeSwdi1qMxAi,"{""value"": ""30.00"", ""currency"": ""USD""}","[{""shippingCostType"": ""FIXED"", ""shippingCost"": {""value"": ""1.50"", ""currency"": ""USD""}, ""minEstimatedDeliveryDate"": ""2026-09-15T07:00:00.000Z"", ""maxEstimatedDeliveryDate"": ""2026-09-18T07:00:00.000Z""}]",,,PENDING_INDEPENDENT_HUMAN_REVIEW,DEVELOPMENT,,,,,,,,,,,,,,
D2-1037,fd225f1d-3765-4209-a5ec-42caf35933b0,92fdb409-1454-43ef-87ee-19095f700462,Team Rocket's Nidoking ex,Destined Rivals,233,special_illustration_rare,v1|117379766553|0,Team Rocket's Nidoking ex 233/182 NM Holofoil Destined Rivals,,Ungraded,4000,[],"[""FIXED_PRICE"", ""BEST_OFFER""]",mastascards,https://i.ebayimg.com/images/g/ckQAAeSw-qlqj0ne/s-l225.jpg,https://www.ebay.com/itm/117379766553?_skw=Team+Rocket%27s+Nidoking+ex+233+Destined+Rivals+Pokemon+card&hash=item1b54611919:g:ckQAAeSw-qlqj0ne,"{""value"": ""113.07"", ""currency"": ""USD""}","[{""shippingCostType"": ""FIXED"", ""shippingCost"": {""value"": ""0.00"", ""currency"": ""USD""}, ""minEstimatedDeliveryDate"": ""2026-09-15T07:00:00.000Z"", ""maxEstimatedDeliveryDate"": ""2026-09-21T07:00:00.000Z""}]",,,PENDING_INDEPENDENT_HUMAN_REVIEW,DEVELOPMENT,,,,,,,,,,,,,,
D2-1039,fd225f1d-3765-4209-a5ec-42caf35933b0,92fdb409-1454-43ef-87ee-19095f700462,Team Rocket's Nidoking ex,Destined Rivals,233,special_illustration_rare,v1|147550187321|0,Team Rocket's Nidoking Ex #233/182 NM/M Pokemon Card | Multiple Available,,Ungraded,4000,[],"[""FIXED_PRICE""]",sellit,https://i.ebayimg.com/images/g/cxMAAeSwXm5qmwvP/s-l225.jpg,https://www.ebay.com/itm/147550187321?_skw=Team+Rocket%27s+Nidoking+ex+233+Destined+Rivals+Pokemon+card&hash=item225aad2f39:g:cxMAAeSwXm5qmwvP,"{""value"": ""105.00"", ""currency"": ""USD""}","[{""shippingCostType"": ""FIXED"", ""shippingCost"": {""value"": ""3.00"", ""currency"": ""USD""}, ""minEstimatedDeliveryDate"": ""2026-09-15T07:00:00.000Z"", ""maxEstimatedDeliveryDate"": ""2026-09-18T07:00:00.000Z""}]",,,PENDING_INDEPENDENT_HUMAN_REVIEW,DEVELOPMENT,,,,,,,,,,,,,,
D2-1040,fd225f1d-3765-4209-a5ec-42caf35933b0,92fdb409-1454-43ef-87ee-19095f700462,Team Rocket's Nidoking ex,Destined Rivals,233,special_illustration_rare,v1|336782417851|0, Pokémon Team Rocket's Nidoking ex 233/182 Sv10 Holo SIR EN 330HP,,Ungraded,4000,[],"[""FIXED_PRICE""]",b.e.treasures,https://i.ebayimg.com/images/g/HngAAeSwVzdqnhcA/s-l225.jpg,https://www.ebay.com/itm/336782417851?_skw=Team+Rocket%27s+Nidoking+ex+233+Destined+Rivals+Pokemon+card&hash=item4e69cbdfbb:g:HngAAeSwVzdqnhcA,"{""value"": ""102.00"", ""currency"": ""USD""}","[{""shippingCostType"": ""CALCULATED""}]",,,PENDING_INDEPENDENT_HUMAN_REVIEW,DEVELOPMENT,,,,,,,,,,,,,,
D2-1041,fd225f1d-3765-4209-a5ec-42caf35933b0,92fdb409-1454-43ef-87ee-19095f700462,Team Rocket's Nidoking ex,Destined Rivals,233,special_illustration_rare,v1|407181207787|0,Pokémon TCG Team Rocket's Nidoking ex 233/182 Double Rare Holo Full Art Sv10,,Ungraded,4000,[],"[""FIXED_PRICE""]",catchemallmarket,https://i.ebayimg.com/images/g/FasAAeSwWkZqlHdu/s-l225.jpg,https://www.ebay.com/itm/407181207787?_skw=Team+Rocket%27s+Nidoking+ex+233+Destined+Rivals+Pokemon+card&hash=item5ecde428eb:g:FasAAeSwWkZqlHdu,"{""value"": ""99.99"", ""currency"": ""USD""}","[{""shippingCostType"": ""CALCULATED""}]",,,PENDING_INDEPENDENT_HUMAN_REVIEW,DEVELOPMENT,,,,,,,,,,,,,,
D2-1045,fd225f1d-3765-4209-a5ec-42caf35933b0,92fdb409-1454-43ef-87ee-19095f700462,Team Rocket's Nidoking ex,Destined Rivals,233,special_illustration_rare,v1|158181696281|0,Pokémon TCG Team Rockets Nidoking EX 233/182 Sir Destined Rivals,,Ungraded,4000,[],"[""FIXED_PRICE"", ""BEST_OFFER""]",dmayer8,https://i.ebayimg.com/images/g/7TIAAeSww5NqfO3R/s-l225.jpg,https://www.ebay.com/itm/158181696281?_skw=Team+Rocket%27s+Nidoking+ex+233+Destined+Rivals+Pokemon+card&hash=item24d45d2319:g:7TIAAeSww5NqfO3R,"{""value"": ""105.00"", ""currency"": ""USD""}","[{""shippingCostType"": ""CALCULATED""}]",,,PENDING_INDEPENDENT_HUMAN_REVIEW,DEVELOPMENT,,,,,,,,,,,,,,
D2-1046,fd225f1d-3765-4209-a5ec-42caf35933b0,92fdb409-1454-43ef-87ee-19095f700462,Team Rocket's Nidoking ex,Destined Rivals,233,special_illustration_rare,v1|267780146806|0,Pokémon Team Rockets Nidoking 233/182 SIR Destined Rivals Gem Mint 10 Contender,,Ungraded,4000,[],"[""FIXED_PRICE"", ""BEST_OFFER""]",soldyoursole,https://i.ebayimg.com/images/g/B-oAAeSw5RdqmS5m/s-l225.jpg,https://www.ebay.com/itm/267780146806?_skw=Team+Rocket%27s+Nidoking+ex+233+Destined+Rivals+Pokemon+card&hash=item3e58f0c676:g:B-oAAeSw5RdqmS5m,"{""value"": ""249.00"", ""currency"": ""USD""}","[{""shippingCostType"": ""FIXED"", ""shippingCost"": {""value"": ""7.00"", ""currency"": ""USD""}, ""minEstimatedDeliveryDate"": ""2026-09-15T07:00:00.000Z"", ""maxEstimatedDeliveryDate"": ""2026-09-21T07:00:00.000Z""}]",,,PENDING_INDEPENDENT_HUMAN_REVIEW,DEVELOPMENT,,,,,,,,,,,,,,
