benchmark_row_id,canonical_card_id,card_variant_id,target_card_name,target_set_name,target_card_number,target_treatment,listing_item_id,listing_title,category_id,condition,condition_id,localized_aspects_json,buying_options_json,seller_id,image_url,item_url,price_json,shipping_json,gold_label,reviewer_notes,review_status
D2-0001,018c983e-b1d0-41df-880e-ebf3f2e2fb12,4eb8f140-a9c3-41c4-85aa-c2f6b7131746,Penny,Scarlet and Violet Base Set,252,special_illustration_rare,v1|127913258556|0,Penny 252/198 SV01: Scarlet & Violet Base Set Holo Pokemon Card,,Ungraded,4000,[],"[""FIXED_PRICE""]",sunken_ship,https://i.ebayimg.com/images/g/tXsAAeSwrVtqKLFf/s-l225.jpg,https://www.ebay.com/itm/127913258556?_skw=Penny+252+Scarlet+and+Violet+Base+Set+Pokemon+card&hash=item1dc8396e3c:g:tXsAAeSwrVtqKLFf,"{""value"": ""9.75"", ""currency"": ""USD""}","[{""shippingCostType"": ""FIXED"", ""shippingCost"": {""value"": ""0.00"", ""currency"": ""USD""}, ""minEstimatedDeliveryDate"": ""2026-09-15T07:00:00.000Z"", ""maxEstimatedDeliveryDate"": ""2026-09-18T07:00:00.000Z""}]",,,PENDING_INDEPENDENT_HUMAN_REVIEW
D2-0002,018c983e-b1d0-41df-880e-ebf3f2e2fb12,4eb8f140-a9c3-41c4-85aa-c2f6b7131746,Penny,Scarlet and Violet Base Set,252,special_illustration_rare,v1|137212789266|0,Penny #252/198 SIR NM/M | Scarlet & Violet Base Set - 2023 Pokemon Card,,Ungraded,4000,[],"[""FIXED_PRICE"", ""BEST_OFFER""]",oxzeee,https://i.ebayimg.com/images/g/BioAAeSweSZp2DLu/s-l225.jpg,https://www.ebay.com/itm/137212789266?_skw=Penny+252+Scarlet+and+Violet+Base+Set+Pokemon+card&hash=item1ff2850212:g:BioAAeSweSZp2DLu,"{""value"": ""10.00"", ""currency"": ""USD""}","[{""shippingCostType"": ""CALCULATED""}]",,,PENDING_INDEPENDENT_HUMAN_REVIEW
D2-0003,018c983e-b1d0-41df-880e-ebf3f2e2fb12,4eb8f140-a9c3-41c4-85aa-c2f6b7131746,Penny,Scarlet and Violet Base Set,252,special_illustration_rare,v1|137691206606|0,Penny 252/198 SV01: Scarlet & Violet Base Set Holo,,Ungraded,4000,[],"[""FIXED_PRICE"", ""BEST_OFFER""]",brokeazzbreakerzllc,https://i.ebayimg.com/images/g/GhMAAeSwvW9qmF6-/s-l225.jpg,https://www.ebay.com/itm/137691206606?_skw=Penny+252+Scarlet+and+Violet+Base+Set+Pokemon+card&hash=item200f0913ce:g:GhMAAeSwvW9qmF6-&amdata=enc%3AAQALAAABEACCtXRWQnOEpyOqnQQ8KGbEY1Hw1ir2gBliqjkUkBaKZbwKtv%2F3EHfh7j5kCX%2BUOOCdSWz5IFovD9n9kOxvimmyO9jy3yQ9GD%2BmpyWDR1QhTtUfteuD7n9109c4V3f6JkLAIP4e5COFv5vLIfh--7OJlvQeXmWD%2Bn8ZZxLqxNXC2aGvc4Cw40PXyTXQ%2FbhAZ6reeifeD3aVja8phb9cE4rc2%2FkNgtgPo7okga%2BMhtZrBPCd7yCrt6CelI1j6ntTMowghmuULjIxC9cQnRHnE7Gq6rVV%2FU%2Bj8FnGXecYuJjY3TvygQTD%2B4cBZT6oKDoU4XhefO9zZRumYvFyqnsHi2YOp1plXP%2FNn3IOe2j9rxyx,"{""value"": ""6.50"", ""currency"": ""USD""}","[{""shippingCostType"": ""CALCULATED""}]",,,PENDING_INDEPENDENT_HUMAN_REVIEW
D2-0004,018c983e-b1d0-41df-880e-ebf3f2e2fb12,4eb8f140-a9c3-41c4-85aa-c2f6b7131746,Penny,Scarlet and Violet Base Set,252,special_illustration_rare,v1|168528621239|0,Penny 252/198 Special Illustration Rare Scarlet & Violet Pokemon Holo Near Mint,,Ungraded,4000,[],"[""FIXED_PRICE""]",cardwavegaming,https://i.ebayimg.com/images/g/bcoAAeSw0ttqUafa/s-l225.jpg,https://www.ebay.com/itm/168528621239?_skw=Penny+252+Scarlet+and+Violet+Base+Set+Pokemon+card&hash=item273d16aeb7:g:bcoAAeSw0ttqUafa,"{""value"": ""8.38"", ""currency"": ""USD""}","[{""shippingCostType"": ""FIXED"", ""shippingCost"": {""value"": ""0.00"", ""currency"": ""USD""}, ""minEstimatedDeliveryDate"": ""2026-09-15T07:00:00.000Z"", ""maxEstimatedDeliveryDate"": ""2026-09-18T07:00:00.000Z""}]",,,PENDING_INDEPENDENT_HUMAN_REVIEW
D2-0005,018c983e-b1d0-41df-880e-ebf3f2e2fb12,4eb8f140-a9c3-41c4-85aa-c2f6b7131746,Penny,Scarlet and Violet Base Set,252,special_illustration_rare,v1|198596942577|0,Pokémon TCG Penny 252/198 Special Illustration Rare (SIR) - Scarlet & Violet,,Ungraded,4000,[],"[""FIXED_PRICE"", ""BEST_OFFER""]",1luckyshuckle,https://i.ebayimg.com/images/g/xCcAAeSwFJVqZnCz/s-l225.jpg,https://www.ebay.com/itm/198596942577?_skw=Penny+252+Scarlet+and+Violet+Base+Set+Pokemon+card&hash=item2e3d4cdaf1:g:xCcAAeSwFJVqZnCz&amdata=enc%3AAQALAAABEACCtXRWQnOEpyOqnQQ8KGYePk94OZRz1Rf8CCfaoMOmil7rStR9z65q6Ftwp6YCevcpXyE5q05qE%2FQB95LMeHETjMBR7u1c%2Fqf0vXXMGfKmLHOuZW3wPoibB4YYsUxF3uG8TCM2BeBVo4O1Wvc8NlcZ8PDUSqu7KzJ4dUyBHyOz0KKKckW%2FW5vzZuUIw18qL3fO%2FcXYnpegSANjyUDCjj0svJcEPYxfZUdWPvWMpFHawvgla3iAZGhMWm2Q2C0BkZ68WVHJPVXVyaIRbgbudkfvis3TlLFKZ2g%2B5NONS0CX1fuP0vxwK%2Bq67wgxdHDG5OJbGh7DfqgE2xrVUZV%2BChqFydvuBrpooTIor6oX0Iny,"{""value"": ""19.40"", ""currency"": ""USD""}","[{""shippingCostType"": ""FIXED"", ""shippingCost"": {""value"": ""5.00"", ""currency"": ""USD""}, ""minEstimatedDeliveryDate"": ""2026-09-15T07:00:00.000Z"", ""maxEstimatedDeliveryDate"": ""2026-09-21T07:00:00.000Z""}]",,,PENDING_INDEPENDENT_HUMAN_REVIEW
D2-0006,018c983e-b1d0-41df-880e-ebf3f2e2fb12,4eb8f140-a9c3-41c4-85aa-c2f6b7131746,Penny,Scarlet and Violet Base Set,252,special_illustration_rare,v1|236992183388|0,Penny 252/198 Special Illustration Rare Scarlet & Violet Pokemon Holo Near Mint,,Ungraded,4000,[],"[""FIXED_PRICE"", ""BEST_OFFER""]",redlandscollectibles,https://i.ebayimg.com/images/g/IeUAAeSwOwdqdjUb/s-l225.jpg,https://www.ebay.com/itm/236992183388?_skw=Penny+252+Scarlet+and+Violet+Base+Set+Pokemon+card&hash=item372dd5bc5c:g:IeUAAeSwOwdqdjUb,"{""value"": ""7.59"", ""currency"": ""USD""}","[{""shippingCostType"": ""FIXED"", ""shippingCost"": {""value"": ""0.00"", ""currency"": ""USD""}, ""minEstimatedDeliveryDate"": ""2026-09-15T07:00:00.000Z"", ""maxEstimatedDeliveryDate"": ""2026-09-18T07:00:00.000Z""}]",,,PENDING_INDEPENDENT_HUMAN_REVIEW
D2-0007,018c983e-b1d0-41df-880e-ebf3f2e2fb12,4eb8f140-a9c3-41c4-85aa-c2f6b7131746,Penny,Scarlet and Violet Base Set,252,special_illustration_rare,v1|117359516491|0,Pokemon SV01: Scarlet & Violet Base Set #239/198 Penny,,Ungraded,4000,[],"[""FIXED_PRICE""]",hawks_phins,https://i.ebayimg.com/images/g/KggAAeSwJtNqf1x8/s-l225.jpg,https://www.ebay.com/itm/117359516491?_skw=Penny+252+Scarlet+and+Violet+Base+Set+Pokemon+card&hash=item1b532c1b4b:g:KggAAeSwJtNqf1x8,"{""value"": ""4.99"", ""currency"": ""USD""}","[{""shippingCostType"": ""FIXED"", ""shippingCost"": {""value"": ""0.00"", ""currency"": ""USD""}, ""minEstimatedDeliveryDate"": ""2026-09-16T07:00:00.000Z"", ""maxEstimatedDeliveryDate"": ""2026-09-23T07:00:00.000Z""}]",,,PENDING_INDEPENDENT_HUMAN_REVIEW
D2-0008,018c983e-b1d0-41df-880e-ebf3f2e2fb12,4eb8f140-a9c3-41c4-85aa-c2f6b7131746,Penny,Scarlet and Violet Base Set,252,special_illustration_rare,v1|117378006874|0,Penny Scarlet & Violet Base Set 183/198 NM Pokemon,,Ungraded,4000,[],"[""FIXED_PRICE"", ""BEST_OFFER""]",mastascards,https://i.ebayimg.com/images/g/5hEAAeSw73Zqn08A/s-l225.jpg,https://www.ebay.com/itm/117378006874?_skw=Penny+252+Scarlet+and+Violet+Base+Set+Pokemon+card&hash=item1b54463f5a:g:5hEAAeSw73Zqn08A,"{""value"": ""1.59"", ""currency"": ""USD""}","[{""shippingCostType"": ""FIXED"", ""shippingCost"": {""value"": ""0.00"", ""currency"": ""USD""}, ""minEstimatedDeliveryDate"": ""2026-09-15T07:00:00.000Z"", ""maxEstimatedDeliveryDate"": ""2026-09-19T07:00:00.000Z""}]",,,PENDING_INDEPENDENT_HUMAN_REVIEW
D2-0009,018c983e-b1d0-41df-880e-ebf3f2e2fb12,4eb8f140-a9c3-41c4-85aa-c2f6b7131746,Penny,Scarlet and Violet Base Set,252,special_illustration_rare,v1|137687379012|0,Penny 239/198 Holo SV01: Scarlet & Violet Base Set LP Pokémon TCG,,Ungraded,4000,[],"[""FIXED_PRICE""]",thetradingpostcc,https://i.ebayimg.com/images/g/sAYAAeSwE~Fqlygi/s-l225.jpg,https://www.ebay.com/itm/137687379012?_skw=Penny+252+Scarlet+and+Violet+Base+Set+Pokemon+card&hash=item200eceac44:g:sAYAAeSwE~Fqlygi,"{""value"": ""4.39"", ""currency"": ""USD""}","[{""shippingCostType"": ""FIXED"", ""shippingCost"": {""value"": ""1.00"", ""currency"": ""USD""}, ""minEstimatedDeliveryDate"": ""2026-09-16T07:00:00.000Z"", ""maxEstimatedDeliveryDate"": ""2026-09-23T07:00:00.000Z""}]",,,PENDING_INDEPENDENT_HUMAN_REVIEW
D2-0010,018c983e-b1d0-41df-880e-ebf3f2e2fb12,4eb8f140-a9c3-41c4-85aa-c2f6b7131746,Penny,Scarlet and Violet Base Set,252,special_illustration_rare,v1|156318673773|458146516333,Pokemon Scarlet & Violet Base Set | Choose Your Card! | Reverse Holo/Holo,,Ungraded,4000,[],"[""FIXED_PRICE""]",overstackedcards,https://i.ebayimg.com/images/g/8YkAAOSwLMNoM-Z4/s-l225.jpg,https://www.ebay.com/itm/156318673773?_skw=Penny+252+Scarlet+and+Violet+Base+Set+Pokemon+card&var=458146516333&hash=item246551ab6d:g:8YkAAOSwLMNoM-Z4,"{""value"": ""14.24"", ""currency"": ""USD""}","[{""shippingCostType"": ""FIXED"", ""shippingCost"": {""value"": ""0.00"", ""currency"": ""USD""}, ""minEstimatedDeliveryDate"": ""2026-09-15T07:00:00.000Z"", ""maxEstimatedDeliveryDate"": ""2026-09-18T07:00:00.000Z""}]",,,PENDING_INDEPENDENT_HUMAN_REVIEW
D2-0011,018c983e-b1d0-41df-880e-ebf3f2e2fb12,4eb8f140-a9c3-41c4-85aa-c2f6b7131746,Penny,Scarlet and Violet Base Set,252,special_illustration_rare,v1|267559359111|567376548194,(2 Card Minimum) - 15% off 4+ | Pokemon: Scarlet & Violet Base Set,,Ungraded,4000,[],"[""FIXED_PRICE""]",consoulgames,https://i.ebayimg.com/images/g/-7oAAeSwP-hqpE-r/s-l225.jpg,https://www.ebay.com/itm/267559359111?_skw=Penny+252+Scarlet+and+Violet+Base+Set+Pokemon+card&var=567376548194&hash=item3e4bc7d287:g:-7oAAeSwP-hqpE-r,"{""value"": ""0.99"", ""currency"": ""USD""}","[{""shippingCostType"": ""FIXED"", ""shippingCost"": {""value"": ""0.00"", ""currency"": ""USD""}, ""minEstimatedDeliveryDate"": ""2026-09-15T07:00:00.000Z"", ""maxEstimatedDeliveryDate"": ""2026-09-21T07:00:00.000Z""}]",,,PENDING_INDEPENDENT_HUMAN_REVIEW
D2-0012,018c983e-b1d0-41df-880e-ebf3f2e2fb12,4eb8f140-a9c3-41c4-85aa-c2f6b7131746,Penny,Scarlet and Violet Base Set,252,special_illustration_rare,v1|364198382892|634797169705,Pokemon Scarlet and Violet Base Holo to Ultra Rare Single Cards 1-198 YOU PICK,,Ungraded,4000,[],"[""FIXED_PRICE""]",biggyfish2021,https://i.ebayimg.com/images/g/PnIAAOSwSlRm9fUI/s-l225.jpg,https://www.ebay.com/itm/364198382892?_skw=Penny+252+Scarlet+and+Violet+Base+Set+Pokemon+card&var=634797169705&hash=item54cbea4d2c:g:PnIAAOSwSlRm9fUI,"{""value"": ""17.99"", ""currency"": ""USD""}","[{""shippingCostType"": ""FIXED"", ""shippingCost"": {""value"": ""0.84"", ""currency"": ""USD""}, ""minEstimatedDeliveryDate"": ""2026-09-14T07:00:00.000Z"", ""maxEstimatedDeliveryDate"": ""2026-09-17T07:00:00.000Z""}]",,,PENDING_INDEPENDENT_HUMAN_REVIEW
D2-0013,018c983e-b1d0-41df-880e-ebf3f2e2fb12,4eb8f140-a9c3-41c4-85aa-c2f6b7131746,Penny,Scarlet and Violet Base Set,252,special_illustration_rare,v1|406718769020|0,Penny 183/198 Uncommon Scarlet and Violet Base Set Lightly Played Pokemon Card,,Ungraded,4000,[],"[""FIXED_PRICE"", ""BEST_OFFER""]",b.white-475,https://i.ebayimg.com/images/g/BosAAeSwG9Rpnaen/s-l225.jpg,https://www.ebay.com/itm/406718769020?_skw=Penny+252+Scarlet+and+Violet+Base+Set+Pokemon+card&hash=item5eb253e77c:g:BosAAeSwG9Rpnaen,"{""value"": ""2.49"", ""currency"": ""USD""}","[{""shippingCostType"": ""FIXED"", ""shippingCost"": {""value"": ""0.00"", ""currency"": ""USD""}, ""minEstimatedDeliveryDate"": ""2026-09-15T07:00:00.000Z"", ""maxEstimatedDeliveryDate"": ""2026-09-21T07:00:00.000Z""}]",,,PENDING_INDEPENDENT_HUMAN_REVIEW
D2-0014,018c983e-b1d0-41df-880e-ebf3f2e2fb12,4eb8f140-a9c3-41c4-85aa-c2f6b7131746,Penny,Scarlet and Violet Base Set,252,special_illustration_rare,v1|147359349921|0,SV01: Scarlet & Violet Base Set #252/198 Penny,,Ungraded,4000,[],"[""FIXED_PRICE""]",thecardsourceshop,https://i.ebayimg.com/images/g/wOsAAeSwqwJqJnl7/s-l225.jpg,https://www.ebay.com/itm/147359349921?_skw=Penny+252+Scarlet+and+Violet+Base+Set+Pokemon+card&hash=item224f4d3ca1:g:wOsAAeSwqwJqJnl7,"{""value"": ""7.00"", ""currency"": ""USD""}","[{""shippingCostType"": ""CALCULATED""}]",,,PENDING_INDEPENDENT_HUMAN_REVIEW
D2-0015,018c983e-b1d0-41df-880e-ebf3f2e2fb12,4eb8f140-a9c3-41c4-85aa-c2f6b7131746,Penny,Scarlet and Violet Base Set,252,special_illustration_rare,v1|147536463513|0,Penny 252/198 SIR Pokemon SV01: Scarlet & Violet Base Set Holo,,Ungraded,4000,[],"[""FIXED_PRICE"", ""BEST_OFFER""]",costnerscollectibles,https://i.ebayimg.com/images/g/FUoAAeSwislqk3ot/s-l225.jpg,https://www.ebay.com/itm/147536463513?_skw=Penny+252+Scarlet+and+Violet+Base+Set+Pokemon+card&hash=item2259dbc699:g:FUoAAeSwislqk3ot,"{""value"": ""6.49"", ""currency"": ""USD""}","[{""shippingCostType"": ""CALCULATED""}]",,,PENDING_INDEPENDENT_HUMAN_REVIEW
D2-0016,0331d96e-d8af-44d3-9552-85f784d9b4ca,720c16f5-5c19-43bc-a711-0ea9e8545aab,Trubbish,White Flare,140,illustration_rare,v1|128053538732|0,Trubbish 140/086 Illustration Rare White Flare Pokemon Holo Pokemon NM,,Ungraded,4000,[],"[""FIXED_PRICE""]",phoenixpoki33,https://i.ebayimg.com/images/g/pWIAAeSwGGJqlVf~/s-l225.jpg,https://www.ebay.com/itm/128053538732?_skw=Trubbish+140+White+Flare+Pokemon+card&hash=item1dd095efac:g:pWIAAeSwGGJqlVf~,"{""value"": ""18.85"", ""currency"": ""USD"", ""convertedFromValue"": ""13.95"", ""convertedFromCurrency"": ""GBP""}",[],,,PENDING_INDEPENDENT_HUMAN_REVIEW
D2-0017,0331d96e-d8af-44d3-9552-85f784d9b4ca,720c16f5-5c19-43bc-a711-0ea9e8545aab,Trubbish,White Flare,140,illustration_rare,v1|128062225635|0,Trubbish 140/086 Sv: White Flare Holo,,Ungraded,4000,[],"[""FIXED_PRICE"", ""BEST_OFFER""]",sticksnballs,https://i.ebayimg.com/images/g/2D0AAeSwXSZqmyRg/s-l225.jpg,https://www.ebay.com/itm/128062225635?_skw=Trubbish+140+White+Flare+Pokemon+card&hash=item1dd11a7ce3:g:2D0AAeSwXSZqmyRg,"{""value"": ""18.00"", ""currency"": ""USD""}","[{""shippingCostType"": ""FIXED"", ""shippingCost"": {""value"": ""1.85"", ""currency"": ""USD""}, ""minEstimatedDeliveryDate"": ""2026-09-15T07:00:00.000Z"", ""maxEstimatedDeliveryDate"": ""2026-09-21T07:00:00.000Z""}]",,,PENDING_INDEPENDENT_HUMAN_REVIEW
D2-0018,0331d96e-d8af-44d3-9552-85f784d9b4ca,720c16f5-5c19-43bc-a711-0ea9e8545aab,Trubbish,White Flare,140,illustration_rare,v1|137526089862|0,Trubbish - Holo 140/086 NM SV: White Flare Pokemon Card,,Ungraded,4000,[],"[""FIXED_PRICE""]",pntpoke,https://i.ebayimg.com/images/g/vKIAAeSw1stqYNUQ/s-l225.jpg,https://www.ebay.com/itm/137526089862?_skw=Trubbish+140+White+Flare+Pokemon+card&hash=item2005319886:g:vKIAAeSw1stqYNUQ,"{""value"": ""19.99"", ""currency"": ""USD""}","[{""shippingCostType"": ""FIXED"", ""shippingCost"": {""value"": ""0.00"", ""currency"": ""USD""}, ""minEstimatedDeliveryDate"": ""2026-09-15T07:00:00.000Z"", ""maxEstimatedDeliveryDate"": ""2026-09-19T07:00:00.000Z""}]",,,PENDING_INDEPENDENT_HUMAN_REVIEW
D2-0019,0331d96e-d8af-44d3-9552-85f784d9b4ca,720c16f5-5c19-43bc-a711-0ea9e8545aab,Trubbish,White Flare,140,illustration_rare,v1|318490666384|0,Trubbish [WHT - 140/086] - Illustration Rare - NM,,Ungraded,4000,[],"[""FIXED_PRICE""]",thesupercardbrosllc,https://i.ebayimg.com/images/g/PTQAAeSwVf1qkGb3/s-l225.jpg,https://www.ebay.com/itm/318490666384?_skw=Trubbish+140+White+Flare+Pokemon+card&hash=item4a2785e590:g:PTQAAeSwVf1qkGb3,"{""value"": ""20.06"", ""currency"": ""USD""}","[{""shippingCostType"": ""FIXED"", ""shippingCost"": {""value"": ""0.99"", ""currency"": ""USD""}, ""minEstimatedDeliveryDate"": ""2026-09-19T07:00:00.000Z"", ""maxEstimatedDeliveryDate"": ""2026-09-25T07:00:00.000Z""}]",,,PENDING_INDEPENDENT_HUMAN_REVIEW
D2-0020,0331d96e-d8af-44d3-9552-85f784d9b4ca,720c16f5-5c19-43bc-a711-0ea9e8545aab,Trubbish,White Flare,140,illustration_rare,v1|318858860376|0,POKEMON TRUBBISH 140/086 HOLO WHT,,Ungraded,4000,[],"[""FIXED_PRICE""]",yugioh-time-wizard-2026,https://i.ebayimg.com/images/g/aqoAAeSwKxVqpJiQ/s-l225.jpg,https://www.ebay.com/itm/318858860376?_skw=Trubbish+140+White+Flare+Pokemon+card&hash=item4a3d781758:g:aqoAAeSwKxVqpJiQ,"{""value"": ""18.99"", ""currency"": ""USD""}","[{""shippingCostType"": ""FIXED"", ""shippingCost"": {""value"": ""1.36"", ""currency"": ""USD""}, ""minEstimatedDeliveryDate"": ""2026-09-15T07:00:00.000Z"", ""maxEstimatedDeliveryDate"": ""2026-09-21T07:00:00.000Z""}]",,,PENDING_INDEPENDENT_HUMAN_REVIEW
D2-0021,0331d96e-d8af-44d3-9552-85f784d9b4ca,720c16f5-5c19-43bc-a711-0ea9e8545aab,Trubbish,White Flare,140,illustration_rare,v1|358915121609|0,Pokemon TCG Trubbish Surging Sparks 140/086 English Reverse Holo 70 HP,,Ungraded,4000,[],"[""FIXED_PRICE"", ""BEST_OFFER""]",maddie.aldel,https://i.ebayimg.com/images/g/5xAAAeSwsnZqe7eA/s-l225.jpg,https://www.ebay.com/itm/358915121609?_skw=Trubbish+140+White+Flare+Pokemon+card&hash=item53910221c9:g:5xAAAeSwsnZqe7eA,"{""value"": ""15.00"", ""currency"": ""USD""}","[{""shippingCostType"": ""CALCULATED""}]",,,PENDING_INDEPENDENT_HUMAN_REVIEW
D2-0022,0331d96e-d8af-44d3-9552-85f784d9b4ca,720c16f5-5c19-43bc-a711-0ea9e8545aab,Trubbish,White Flare,140,illustration_rare,v1|177790656702|0,Pokemon TCG - Trubbish 059/086 Pokeball - White Flare,,Ungraded,4000,[],"[""FIXED_PRICE"", ""BEST_OFFER""]",laurabrown22790,https://i.ebayimg.com/images/g/pX0AAeSwUtFpboKh/s-l225.jpg,https://www.ebay.com/itm/177790656702?_skw=Trubbish+140+White+Flare+Pokemon+card&hash=item29652620be:g:pX0AAeSwUtFpboKh,"{""value"": ""2.03"", ""currency"": ""USD"", ""convertedFromValue"": ""1.50"", ""convertedFromCurrency"": ""GBP""}",[],,,PENDING_INDEPENDENT_HUMAN_REVIEW
D2-0023,0331d96e-d8af-44d3-9552-85f784d9b4ca,720c16f5-5c19-43bc-a711-0ea9e8545aab,Trubbish,White Flare,140,illustration_rare,v1|157217521409|458745866829,White Flare Pokemon Cards! Holo/Reverse Holo Rare Illustration Full Art SIR Card,,Ungraded,4000,[],"[""FIXED_PRICE""]",overstackedcards,https://i.ebayimg.com/images/g/NcIAAeSwPHBoooEJ/s-l225.jpg,https://www.ebay.com/itm/157217521409?_skw=Trubbish+140+White+Flare+Pokemon+card&var=458745866829&hash=item249ae4ff01:g:NcIAAeSwPHBoooEJ,"{""value"": ""33.24"", ""currency"": ""USD""}","[{""shippingCostType"": ""FIXED"", ""shippingCost"": {""value"": ""0.00"", ""currency"": ""USD""}, ""minEstimatedDeliveryDate"": ""2026-09-15T07:00:00.000Z"", ""maxEstimatedDeliveryDate"": ""2026-09-18T07:00:00.000Z""}]",,,PENDING_INDEPENDENT_HUMAN_REVIEW
D2-0024,0331d96e-d8af-44d3-9552-85f784d9b4ca,720c16f5-5c19-43bc-a711-0ea9e8545aab,Trubbish,White Flare,140,illustration_rare,v1|158257203362|459388769759,Pokemon White Flare Holo and Non Holo Pick Your Card SV11 TCG,,Ungraded,4000,[],"[""FIXED_PRICE""]",mac_tcgandsports,https://i.ebayimg.com/images/g/p1cAAeSwHiZqmtI7/s-l225.jpg,https://www.ebay.com/itm/158257203362?_skw=Trubbish+140+White+Flare+Pokemon+card&var=459388769759&hash=item24d8dd48a2:g:p1cAAeSwHiZqmtI7,"{""value"": ""1.29"", ""currency"": ""USD""}","[{""shippingCostType"": ""FIXED"", ""shippingCost"": {""value"": ""0.00"", ""currency"": ""USD""}, ""minEstimatedDeliveryDate"": ""2026-09-15T07:00:00.000Z"", ""maxEstimatedDeliveryDate"": ""2026-09-21T07:00:00.000Z""}]",,,PENDING_INDEPENDENT_HUMAN_REVIEW
D2-0025,0331d96e-d8af-44d3-9552-85f784d9b4ca,720c16f5-5c19-43bc-a711-0ea9e8545aab,Trubbish,White Flare,140,illustration_rare,v1|178379937316|477733080981,⚪Pokemon White Flare : Choose Your Card! EX/FullArt/IR/SIR llustration Rares!⚪,,Ungraded,4000,[],"[""FIXED_PRICE""]",yiedtcg,https://i.ebayimg.com/images/g/4RcAAeSwinpqdJpd/s-l225.jpg,https://www.ebay.com/itm/178379937316?_skw=Trubbish+140+White+Flare+Pokemon+card&var=477733080981&hash=item298845d624:g:4RcAAeSwinpqdJpd,"{""value"": ""30.00"", ""currency"": ""USD""}","[{""shippingCostType"": ""FIXED"", ""shippingCost"": {""value"": ""0.00"", ""currency"": ""USD""}, ""minEstimatedDeliveryDate"": ""2026-09-15T07:00:00.000Z"", ""maxEstimatedDeliveryDate"": ""2026-09-21T07:00:00.000Z""}]",,,PENDING_INDEPENDENT_HUMAN_REVIEW
D2-0026,0331d96e-d8af-44d3-9552-85f784d9b4ca,720c16f5-5c19-43bc-a711-0ea9e8545aab,Trubbish,White Flare,140,illustration_rare,v1|168526987613|0,PSA 10 GEM MINT - Trubbish #140 Scarlet Violet White Flare Illustration Rare,,Graded,2750,[],"[""FIXED_PRICE"", ""BEST_OFFER""]",ced_collectibles,https://i.ebayimg.com/images/g/lkUAAeSwzmFqUIfg/s-l225.jpg,https://www.ebay.com/itm/168526987613?_skw=Trubbish+140+White+Flare+Pokemon+card&hash=item273cfdc15d:g:lkUAAeSwzmFqUIfg,"{""value"": ""499.99"", ""currency"": ""USD""}","[{""shippingCostType"": ""FIXED"", ""shippingCost"": {""value"": ""5.99"", ""currency"": ""USD""}, ""minEstimatedDeliveryDate"": ""2026-09-16T07:00:00.000Z"", ""maxEstimatedDeliveryDate"": ""2026-09-23T07:00:00.000Z""}]",,,PENDING_INDEPENDENT_HUMAN_REVIEW
D2-0027,0331d96e-d8af-44d3-9552-85f784d9b4ca,720c16f5-5c19-43bc-a711-0ea9e8545aab,Trubbish,White Flare,140,illustration_rare,v1|318799287248|0,Garbodor Pokeball 057/086 White Flare Japanese Pokemon Card NM,,Ungraded,4000,[],"[""FIXED_PRICE"", ""BEST_OFFER""]",aqxuaz,https://i.ebayimg.com/images/g/Q58AAeSwPN5qDUV9/s-l225.jpg,https://www.ebay.com/itm/318799287248?_skw=Trubbish+140+White+Flare+Pokemon+card&hash=item4a39eb13d0:g:Q58AAeSwPN5qDUV9,"{""value"": ""1.99"", ""currency"": ""USD""}","[{""shippingCostType"": ""FIXED"", ""shippingCost"": {""value"": ""0.00"", ""currency"": ""USD""}, ""minEstimatedDeliveryDate"": ""2026-09-14T07:00:00.000Z"", ""maxEstimatedDeliveryDate"": ""2026-09-17T07:00:00.000Z""}]",,,PENDING_INDEPENDENT_HUMAN_REVIEW
D2-0028,0331d96e-d8af-44d3-9552-85f784d9b4ca,720c16f5-5c19-43bc-a711-0ea9e8545aab,Trubbish,White Flare,140,illustration_rare,v1|137634880992|0,Trubbish 140/086 NM White Flare Pokemon Card illustration Rare IR AR 86 Art Bolt,,Ungraded,4000,[],"[""FIXED_PRICE""]",jagru_3470,https://i.ebayimg.com/images/g/cCsAAeSwhFRqhCl5/s-l225.jpg,https://www.ebay.com/itm/137634880992?_skw=Trubbish+140+White+Flare+Pokemon+card&hash=item200bad9de0:g:cCsAAeSwhFRqhCl5,"{""value"": ""40.66"", ""currency"": ""USD"", ""convertedFromValue"": ""30.09"", ""convertedFromCurrency"": ""GBP""}",[],,,PENDING_INDEPENDENT_HUMAN_REVIEW
D2-0029,0331d96e-d8af-44d3-9552-85f784d9b4ca,720c16f5-5c19-43bc-a711-0ea9e8545aab,Trubbish,White Flare,140,illustration_rare,v1|137711919956|0,The Pokémon Company Pokémon TCG Trubbish 140/086 White Flare IR Holo fresh NM,,Ungraded,4000,[],"[""FIXED_PRICE"", ""BEST_OFFER""]",doublejayspokeplayz,https://i.ebayimg.com/images/g/~oQAAeSwXVhqn20u/s-l225.jpg,https://www.ebay.com/itm/137711919956?_skw=Trubbish+140+White+Flare+Pokemon+card&hash=item2010452354:g:~oQAAeSwXVhqn20u,"{""value"": ""19.99"", ""currency"": ""USD""}","[{""shippingCostType"": ""CALCULATED""}]",,,PENDING_INDEPENDENT_HUMAN_REVIEW
D2-0030,0331d96e-d8af-44d3-9552-85f784d9b4ca,720c16f5-5c19-43bc-a711-0ea9e8545aab,Trubbish,White Flare,140,illustration_rare,v1|158003531931|0,Trubbish 140/086 Illustration Rare Holo Sv: White Flare Pokemon TCG EN 2025,,Ungraded,4000,[],"[""FIXED_PRICE"", ""BEST_OFFER""]",theelitecardpros,https://i.ebayimg.com/images/g/ShcAAeSw8hBqMMPL/s-l225.jpg,https://www.ebay.com/itm/158003531931?_skw=Trubbish+140+White+Flare+Pokemon+card&hash=item24c9be909b:g:ShcAAeSw8hBqMMPL,"{""value"": ""22.00"", ""currency"": ""USD""}","[{""shippingCostType"": ""CALCULATED""}]",,,PENDING_INDEPENDENT_HUMAN_REVIEW
D2-0031,0b81872e-b089-49e9-aec3-16a535b12efb,0057b67c-a140-400c-b308-2a6d046cb043,Haxorus,Black Bolt,147,illustration_rare,v1|117357558147|0,Pokémon Haxorus TCG Illustration Rare SV Black Bolt 147/086,,Ungraded,4000,[],"[""FIXED_PRICE"", ""BEST_OFFER""]",matthewryan12,https://i.ebayimg.com/images/g/w8EAAeSw6fRqfeRo/s-l225.jpg,https://www.ebay.com/itm/117357558147?_skw=Haxorus+147+Black+Bolt+Pokemon+card&hash=item1b530e3983:g:w8EAAeSw6fRqfeRo,"{""value"": ""75.00"", ""currency"": ""USD""}","[{""shippingCostType"": ""CALCULATED""}]",,,PENDING_INDEPENDENT_HUMAN_REVIEW
D2-0032,0b81872e-b089-49e9-aec3-16a535b12efb,0057b67c-a140-400c-b308-2a6d046cb043,Haxorus,Black Bolt,147,illustration_rare,v1|117366257998|0,Haxorus 147/086 Black Bolt Holo Illustration Rare Near Mint,,Ungraded,4000,[],"[""FIXED_PRICE"", ""BEST_OFFER""]",primal_blast_collectibles,https://i.ebayimg.com/images/g/d38AAeSwRvdqhGMz/s-l225.jpg,https://www.ebay.com/itm/117366257998?_skw=Haxorus+147+Black+Bolt+Pokemon+card&hash=item1b5392f94e:g:d38AAeSwRvdqhGMz,"{""value"": ""79.99"", ""currency"": ""USD""}","[{""shippingCostType"": ""CALCULATED""}]",,,PENDING_INDEPENDENT_HUMAN_REVIEW
D2-0033,0b81872e-b089-49e9-aec3-16a535b12efb,0057b67c-a140-400c-b308-2a6d046cb043,Haxorus,Black Bolt,147,illustration_rare,v1|128011685895|0,Haxorus 147/086 Sv: Black Bolt Holo Tag 9 Mint Pokémon Card IR,,Graded,2750,[],"[""FIXED_PRICE""]",pokedex_sales,https://i.ebayimg.com/images/g/UvIAAeSw5oRqcucA/s-l225.jpg,https://www.ebay.com/itm/128011685895?_skw=Haxorus+147+Black+Bolt+Pokemon+card&hash=item1dce175007:g:UvIAAeSw5oRqcucA,"{""value"": ""99.99"", ""currency"": ""USD""}","[{""shippingCostType"": ""FIXED"", ""shippingCost"": {""value"": ""0.00"", ""currency"": ""USD""}, ""minEstimatedDeliveryDate"": ""2026-09-14T07:00:00.000Z"", ""maxEstimatedDeliveryDate"": ""2026-09-17T07:00:00.000Z""}]",,,PENDING_INDEPENDENT_HUMAN_REVIEW
D2-0034,0b81872e-b089-49e9-aec3-16a535b12efb,0057b67c-a140-400c-b308-2a6d046cb043,Haxorus,Black Bolt,147,illustration_rare,v1|188713689905|0,Nintendo Pokemon TCG Haxorus 147/086 Dragons Exalted Reverse Holo Rare EN,,Ungraded,4000,[],"[""FIXED_PRICE""]",r497shop,https://i.ebayimg.com/images/g/RwUAAeSw0DZqhSV5/s-l225.jpg,https://www.ebay.com/itm/188713689905?_skw=Haxorus+147+Black+Bolt+Pokemon+card&hash=item2bf0366331:g:RwUAAeSw0DZqhSV5,"{""value"": ""70.00"", ""currency"": ""USD""}","[{""shippingCostType"": ""CALCULATED""}]",,,PENDING_INDEPENDENT_HUMAN_REVIEW
D2-0035,0b81872e-b089-49e9-aec3-16a535b12efb,0057b67c-a140-400c-b308-2a6d046cb043,Haxorus,Black Bolt,147,illustration_rare,v1|318785846842|0,The Pokémon Company Haxorus 97/99 Next Destinies Holo Rare Holo English 170 HP ,,Ungraded,4000,[],"[""FIXED_PRICE"", ""BEST_OFFER""]",nanah882,https://i.ebayimg.com/images/g/f20AAeSwPgVqj--H/s-l225.jpg,https://www.ebay.com/itm/318785846842?_skw=Haxorus+147+Black+Bolt+Pokemon+card&hash=item4a391dfe3a:g:f20AAeSwPgVqj--H,"{""value"": ""66.50"", ""currency"": ""USD""}",[],,,PENDING_INDEPENDENT_HUMAN_REVIEW
D2-0036,0b81872e-b089-49e9-aec3-16a535b12efb,0057b67c-a140-400c-b308-2a6d046cb043,Haxorus,Black Bolt,147,illustration_rare,v1|116980401519|0,2025 POKEMON BLK EN-BLACK BOLT ILLUSTRATION RARE #147 HAXORUS PSA 10,,Graded,2750,[],"[""FIXED_PRICE""]",psa,https://i.ebayimg.com/images/g/3oMAAeSw9oJpZZFX/s-l225.jpg,https://www.ebay.com/itm/116980401519?_skw=Haxorus+147+Black+Bolt+Pokemon+card&hash=item1b3c93456f:g:3oMAAeSw9oJpZZFX,"{""value"": ""1099.00"", ""currency"": ""USD""}","[{""shippingCostType"": ""FIXED"", ""shippingCost"": {""value"": ""5.99"", ""currency"": ""USD""}}]",,,PENDING_INDEPENDENT_HUMAN_REVIEW
D2-0037,0b81872e-b089-49e9-aec3-16a535b12efb,0057b67c-a140-400c-b308-2a6d046cb043,Haxorus,Black Bolt,147,illustration_rare,v1|157413692681|0,Haxorus 147/086 Pokemon TCG Sv: Black Bolt Extended Art Case,,Ungraded,4000,[],"[""FIXED_PRICE""]",outback_originals,https://i.ebayimg.com/images/g/WWMAAeSw~KdpXUkF/s-l225.jpg,https://www.ebay.com/itm/157413692681?_skw=Haxorus+147+Black+Bolt+Pokemon+card&hash=item24a6965509:g:WWMAAeSw~KdpXUkF,"{""value"": ""12.00"", ""currency"": ""USD""}","[{""shippingCostType"": ""FIXED"", ""shippingCost"": {""value"": ""5.00"", ""currency"": ""USD""}, ""minEstimatedDeliveryDate"": ""2026-09-15T07:00:00.000Z"", ""maxEstimatedDeliveryDate"": ""2026-09-18T07:00:00.000Z""}]",,,PENDING_INDEPENDENT_HUMAN_REVIEW
D2-0038,0b81872e-b089-49e9-aec3-16a535b12efb,0057b67c-a140-400c-b308-2a6d046cb043,Haxorus,Black Bolt,147,illustration_rare,v1|116980547571|0,2025 POKEMON BLK EN-BLACK BOLT ILLUSTRATION RARE #147 HAXORUS PSA 10,,Graded,2750,[],"[""FIXED_PRICE""]",psa,https://i.ebayimg.com/images/g/y3EAAeSwe~lpWq8M/s-l225.jpg,https://www.ebay.com/itm/116980547571?_skw=Haxorus+147+Black+Bolt+Pokemon+card&hash=item1b3c957ff3:g:y3EAAeSwe~lpWq8M,"{""value"": ""749.00"", ""currency"": ""USD""}","[{""shippingCostType"": ""FIXED"", ""shippingCost"": {""value"": ""5.99"", ""currency"": ""USD""}}]",,,PENDING_INDEPENDENT_HUMAN_REVIEW
D2-0039,0b81872e-b089-49e9-aec3-16a535b12efb,0057b67c-a140-400c-b308-2a6d046cb043,Haxorus,Black Bolt,147,illustration_rare,v1|117186006459|0,2025 POKEMON BLK EN-BLACK BOLT ILLUSTRATION RARE #147 HAXORUS PSA 10,,Graded,2750,[],"[""FIXED_PRICE""]",psa,https://i.ebayimg.com/images/g/4JEAAeSw5aJpJ719/s-l225.jpg,https://www.ebay.com/itm/117186006459?_skw=Haxorus+147+Black+Bolt+Pokemon+card&hash=item1b48d48dbb:g:4JEAAeSw5aJpJ719,"{""value"": ""1299.00"", ""currency"": ""USD""}","[{""shippingCostType"": ""FIXED"", ""shippingCost"": {""value"": ""5.99"", ""currency"": ""USD""}}]",,,PENDING_INDEPENDENT_HUMAN_REVIEW
D2-0040,0b81872e-b089-49e9-aec3-16a535b12efb,0057b67c-a140-400c-b308-2a6d046cb043,Haxorus,Black Bolt,147,illustration_rare,v1|128066487798|0,2025 POKEMON BLK EN-BLACK BOLT ILLUSTRATION RARE #147 HAXORUS PSA 9,,Graded,2750,[],"[""FIXED_PRICE"", ""BEST_OFFER""]",matrixunlimited,https://i.ebayimg.com/images/g/sI8AAeSw-JRqnjYa/s-l225.jpg,https://www.ebay.com/itm/128066487798?_skw=Haxorus+147+Black+Bolt+Pokemon+card&hash=item1dd15b85f6:g:sI8AAeSw-JRqnjYa,"{""value"": ""84.99"", ""currency"": ""USD""}","[{""shippingCostType"": ""FIXED"", ""shippingCost"": {""value"": ""0.00"", ""currency"": ""USD""}, ""minEstimatedDeliveryDate"": ""2026-09-16T07:00:00.000Z"", ""maxEstimatedDeliveryDate"": ""2026-09-23T07:00:00.000Z""}]",,,PENDING_INDEPENDENT_HUMAN_REVIEW
D2-0041,0b81872e-b089-49e9-aec3-16a535b12efb,0057b67c-a140-400c-b308-2a6d046cb043,Haxorus,Black Bolt,147,illustration_rare,v1|147487437872|0,Haxorus 147/086 Holo Illustration Rare Black Bolt Pokemon Near Mint,,Ungraded,4000,[],"[""FIXED_PRICE""]",ntvtrades,https://i.ebayimg.com/images/g/KR0AAeSwsqlqdM4z/s-l225.jpg,https://www.ebay.com/itm/147487437872?_skw=Haxorus+147+Black+Bolt+Pokemon+card&hash=item2256efb430:g:KR0AAeSwsqlqdM4z,"{""value"": ""70.00"", ""currency"": ""USD""}","[{""shippingCostType"": ""FIXED"", ""shippingCost"": {""value"": ""5.50"", ""currency"": ""USD""}, ""minEstimatedDeliveryDate"": ""2026-09-15T07:00:00.000Z"", ""maxEstimatedDeliveryDate"": ""2026-09-18T07:00:00.000Z""}]",,,PENDING_INDEPENDENT_HUMAN_REVIEW
D2-0042,0b81872e-b089-49e9-aec3-16a535b12efb,0057b67c-a140-400c-b308-2a6d046cb043,Haxorus,Black Bolt,147,illustration_rare,v1|157588688778|0,Haxorus 147/086 Pokemon TCG Sv: Black Bolt Magnetic 🧲 Extended Art Case,,Ungraded,4000,[],"[""FIXED_PRICE""]",outback_originals,https://i.ebayimg.com/images/g/cG4AAeSwOA1pXUix/s-l225.jpg,https://www.ebay.com/itm/157588688778?_skw=Haxorus+147+Black+Bolt+Pokemon+card&hash=item24b1048f8a:g:cG4AAeSwOA1pXUix,"{""value"": ""16.00"", ""currency"": ""USD""}","[{""shippingCostType"": ""FIXED"", ""shippingCost"": {""value"": ""7.00"", ""currency"": ""USD""}, ""minEstimatedDeliveryDate"": ""2026-09-15T07:00:00.000Z"", ""maxEstimatedDeliveryDate"": ""2026-09-18T07:00:00.000Z""}]",,,PENDING_INDEPENDENT_HUMAN_REVIEW
D2-0043,0b81872e-b089-49e9-aec3-16a535b12efb,0057b67c-a140-400c-b308-2a6d046cb043,Haxorus,Black Bolt,147,illustration_rare,v1|157595957944|0,Haxorus 147/086 Pokemon TCG Sv: Black Bolt Extended Art Case,,Ungraded,4000,[],"[""FIXED_PRICE""]",outback_originals,https://i.ebayimg.com/images/g/e5UAAeSwo~RpXUlF/s-l225.jpg,https://www.ebay.com/itm/157595957944?_skw=Haxorus+147+Black+Bolt+Pokemon+card&hash=item24b1737ab8:g:e5UAAeSwo~RpXUlF,"{""value"": ""12.00"", ""currency"": ""USD""}","[{""shippingCostType"": ""CALCULATED""}]",,,PENDING_INDEPENDENT_HUMAN_REVIEW
D2-0044,0b81872e-b089-49e9-aec3-16a535b12efb,0057b67c-a140-400c-b308-2a6d046cb043,Haxorus,Black Bolt,147,illustration_rare,v1|157595958798|0,Haxorus 147/086 Pokemon TCG Sv: Black Bolt Magnetic 🧲 Extended Art Case,,Ungraded,4000,[],"[""FIXED_PRICE""]",outback_originals,https://i.ebayimg.com/images/g/2p4AAeSwOPZqVj1f/s-l225.jpg,https://www.ebay.com/itm/157595958798?_skw=Haxorus+147+Black+Bolt+Pokemon+card&hash=item24b1737e0e:g:2p4AAeSwOPZqVj1f&amdata=enc%3AAQALAAABAACCtXRWQnOEpyOqnQQ8KGaIBzKq0F4clJ9PZDJ2jgYq0xqBxBMRddwXIdjHfsRO9jrd7%2BemZ1rGD1JFc29Ff%2BkgmuGlfuFHkbeLn3V9pemxiIJVn5QUrRRSi2QUE3CHOKA8BHtt7FAzw1OtNaHyKiMQywXKWmqAdrYcC%2B9Rmt7XBPVCGUcJv%2FiOtTSiycY8K%2B0HCCprnrFX4fau5SpcdOiMtgGH5E089RK6Mt8k5oNPm9N%2FMIK%2BEGlAf4DBrVHmRJl9VLpyZ%2BenAIChecB9WksE5CFYXG1W3z920UbCGHdNZQf%2BBkEkTQdbSWDO4TdhGbBzviKVTW%2F7%2FDbmGnHQpoQ%3D,"{""value"": ""16.00"", ""currency"": ""USD""}","[{""shippingCostType"": ""FIXED"", ""shippingCost"": {""value"": ""7.00"", ""currency"": ""USD""}, ""minEstimatedDeliveryDate"": ""2026-09-15T07:00:00.000Z"", ""maxEstimatedDeliveryDate"": ""2026-09-18T07:00:00.000Z""}]",,,PENDING_INDEPENDENT_HUMAN_REVIEW
D2-0045,0b81872e-b089-49e9-aec3-16a535b12efb,0057b67c-a140-400c-b308-2a6d046cb043,Haxorus,Black Bolt,147,illustration_rare,v1|157975738502|0,Haxorus (147/086) Sv: Black Bolt - 2025 - Grade: 8.5 - Full Art - Pokemon TCG,,Graded,2750,[],"[""FIXED_PRICE"", ""BEST_OFFER""]",duskstone13,https://i.ebayimg.com/images/g/MZEAAeSw2-NqH4Qy/s-l225.jpg,https://www.ebay.com/itm/157975738502?_skw=Haxorus+147+Black+Bolt+Pokemon+card&hash=item24c8167886:g:MZEAAeSw2-NqH4Qy,"{""value"": ""159.99"", ""currency"": ""USD""}","[{""shippingCostType"": ""FIXED"", ""shippingCost"": {""value"": ""0.00"", ""currency"": ""USD""}, ""minEstimatedDeliveryDate"": ""2026-09-15T07:00:00.000Z"", ""maxEstimatedDeliveryDate"": ""2026-09-21T07:00:00.000Z""}]",,,PENDING_INDEPENDENT_HUMAN_REVIEW
D2-0046,0dde3317-5162-49d1-b5c9-6b206a086d2c,7a7c3304-cc14-4aab-9f7b-b88270d4228c,Tinkatuff,Paldean Fates,166,shiny_rare,v1|127859916647|0,Tinkatuff 166/091 SV: Paldean Fates Holo. Pk001771,,Ungraded,4000,[],"[""FIXED_PRICE"", ""BEST_OFFER""]",camaroboysam,https://i.ebayimg.com/images/g/RTIAAeSwXbZqAn7j/s-l225.jpg,https://www.ebay.com/itm/127859916647?_skw=Tinkatuff+166+Paldean+Fates+Pokemon+card&hash=item1dc50b7f67:g:RTIAAeSwXbZqAn7j,"{""value"": ""7.00"", ""currency"": ""USD""}","[{""shippingCostType"": ""FIXED"", ""shippingCost"": {""value"": ""1.50"", ""currency"": ""USD""}, ""minEstimatedDeliveryDate"": ""2026-09-15T07:00:00.000Z"", ""maxEstimatedDeliveryDate"": ""2026-09-21T07:00:00.000Z""}]",,,PENDING_INDEPENDENT_HUMAN_REVIEW
D2-0047,0dde3317-5162-49d1-b5c9-6b206a086d2c,7a7c3304-cc14-4aab-9f7b-b88270d4228c,Tinkatuff,Paldean Fates,166,shiny_rare,v1|128032125963|0,Tinkatuff NM 166/091 Paldean Fates Pokemon Shiny Rare,,Ungraded,4000,[],"[""FIXED_PRICE""]",shadetreebg,https://i.ebayimg.com/images/g/ULMAAeSw0-1qNVmt/s-l225.jpg,https://www.ebay.com/itm/128032125963?_skw=Tinkatuff+166+Paldean+Fates+Pokemon+card&hash=item1dcf4f340b:g:ULMAAeSw0-1qNVmt,"{""value"": ""8.35"", ""currency"": ""USD""}","[{""shippingCostType"": ""FIXED"", ""shippingCost"": {""value"": ""0.00"", ""currency"": ""USD""}, ""minEstimatedDeliveryDate"": ""2026-09-15T07:00:00.000Z"", ""maxEstimatedDeliveryDate"": ""2026-09-21T07:00:00.000Z""}]",,,PENDING_INDEPENDENT_HUMAN_REVIEW
D2-0048,0dde3317-5162-49d1-b5c9-6b206a086d2c,7a7c3304-cc14-4aab-9f7b-b88270d4228c,Tinkatuff,Paldean Fates,166,shiny_rare,v1|137374092972|0,Tinkatuff 166/091 SV: Paldean Fates Holo,,Graded,2750,[],"[""FIXED_PRICE"", ""BEST_OFFER""]",winsl-kyl,https://i.ebayimg.com/images/g/g7MAAeSwO6xps5Ih/s-l225.jpg,https://www.ebay.com/itm/137374092972?_skw=Tinkatuff+166+Paldean+Fates+Pokemon+card&hash=item1ffc224eac:g:g7MAAeSwO6xps5Ih,"{""value"": ""30.00"", ""currency"": ""USD""}","[{""shippingCostType"": ""CALCULATED""}]",,,PENDING_INDEPENDENT_HUMAN_REVIEW
D2-0049,0dde3317-5162-49d1-b5c9-6b206a086d2c,7a7c3304-cc14-4aab-9f7b-b88270d4228c,Tinkatuff,Paldean Fates,166,shiny_rare,v1|318825419542|0,Tinkatuff PAF 166/091 Holo,,Ungraded,4000,[],"[""FIXED_PRICE""]",thepokeokie,https://i.ebayimg.com/images/g/ElgAAeSw6NFqmtut/s-l225.jpg,https://www.ebay.com/itm/318825419542?_skw=Tinkatuff+166+Paldean+Fates+Pokemon+card&hash=item4a3b79d316:g:ElgAAeSw6NFqmtut,"{""value"": ""8.25"", ""currency"": ""USD""}","[{""shippingCostType"": ""FIXED"", ""shippingCost"": {""value"": ""0.00"", ""currency"": ""USD""}, ""minEstimatedDeliveryDate"": ""2026-09-15T07:00:00.000Z"", ""maxEstimatedDeliveryDate"": ""2026-09-21T07:00:00.000Z""}]",,,PENDING_INDEPENDENT_HUMAN_REVIEW
D2-0050,0dde3317-5162-49d1-b5c9-6b206a086d2c,7a7c3304-cc14-4aab-9f7b-b88270d4228c,Tinkatuff,Paldean Fates,166,shiny_rare,v1|366633534975|0,Tinkatuff Holofoil [PAF - 166/091]NM,,Ungraded,4000,[],"[""FIXED_PRICE""]",ohsocktcg,https://i.ebayimg.com/images/g/jAUAAeSwuTdqkRwo/s-l225.jpg,https://www.ebay.com/itm/366633534975?_skw=Tinkatuff+166+Paldean+Fates+Pokemon+card&hash=item555d0fc5ff:g:jAUAAeSwuTdqkRwo&amdata=enc%3AAQALAAABAACCtXRWQnOEpyOqnQQ8KGY%2Fr9mHP9mwgKQ%2F2rr%2Bm1Ti55kpXTMDDKQJFLMHP79MvkikuIJuWNs7DHvBUbjmt5JTG%2F7CALJVv3meYTAulAdT1hbcy0t0fimvTQN%2BvSnhuX2%2Fimw9Gal2mQgcO7XRVQoKh8mYYrNP1tZTDmM0I3dgeUZrcOFV%2B1ZGivBFt5Fg6Lzc6lhw%2BgkX6NG8CILYHRVx3JCjiBe11FuMWSPN%2BNAu61TNV3aD5oonLMei8Jdc26vG7lLSm0%2BJBicItB7zNoUCcXFD3OMmB7NOLeIe1gcAS7RjdL1ffJm0FBf%2BPScoC18xQautUy3uu276K3z543w%3D,"{""value"": ""11.49"", ""currency"": ""USD""}","[{""shippingCostType"": ""FIXED"", ""shippingCost"": {""value"": ""0.00"", ""currency"": ""USD""}, ""minEstimatedDeliveryDate"": ""2026-09-16T07:00:00.000Z"", ""maxEstimatedDeliveryDate"": ""2026-09-23T07:00:00.000Z""}]",,,PENDING_INDEPENDENT_HUMAN_REVIEW
D2-0051,0dde3317-5162-49d1-b5c9-6b206a086d2c,7a7c3304-cc14-4aab-9f7b-b88270d4228c,Tinkatuff,Paldean Fates,166,shiny_rare,v1|800499307724|0,Tinkatuff 166/091 - Shiny Rare PAF - Pokemon Holo NM,,Ungraded,4000,[],"[""FIXED_PRICE""]",northeastohiotcg,https://i.ebayimg.com/images/g/OCsAAeSwk1Jqi0ft/s-l225.jpg,https://www.ebay.com/itm/800499307724?_skw=Tinkatuff+166+Paldean+Fates+Pokemon+card&hash=itemba617a14cc:g:OCsAAeSwk1Jqi0ft,"{""value"": ""9.02"", ""currency"": ""USD""}","[{""shippingCostType"": ""FIXED"", ""shippingCost"": {""value"": ""0.00"", ""currency"": ""USD""}, ""minEstimatedDeliveryDate"": ""2026-09-18T07:00:00.000Z"", ""maxEstimatedDeliveryDate"": ""2026-09-24T07:00:00.000Z""}]",,,PENDING_INDEPENDENT_HUMAN_REVIEW
D2-0052,0dde3317-5162-49d1-b5c9-6b206a086d2c,7a7c3304-cc14-4aab-9f7b-b88270d4228c,Tinkatuff,Paldean Fates,166,shiny_rare,v1|227150554736|526654016683,Pokemon Trading Card Sword & Shield/Scarlet & Violet Shiny: Choose Your Card,,Ungraded,4000,[],"[""FIXED_PRICE""]",calebdann1,https://i.ebayimg.com/images/g/C6gAAeSws5tpUZKU/s-l225.jpg,https://www.ebay.com/itm/227150554736?_skw=Tinkatuff+166+Paldean+Fates+Pokemon+card&hash=item34e33a6670:g:C6gAAeSws5tpUZKU,"{""value"": ""7.99"", ""currency"": ""USD""}","[{""shippingCostType"": ""CALCULATED""}]",,,PENDING_INDEPENDENT_HUMAN_REVIEW
D2-0053,0dde3317-5162-49d1-b5c9-6b206a086d2c,7a7c3304-cc14-4aab-9f7b-b88270d4228c,Tinkatuff,Paldean Fates,166,shiny_rare,v1|355815665036|624888401126,2024 Pokemon TCG Paldean Fates Reverse Holos and EX YOU PICK Complete your set,,Ungraded,4000,[],"[""FIXED_PRICE""]",wilbursbestdeals,https://i.ebayimg.com/images/g/TgEAAOSw7Y5mdh3z/s-l225.jpg,https://www.ebay.com/itm/355815665036?_skw=Tinkatuff+166+Paldean+Fates+Pokemon+card&hash=item52d8442d8c:g:TgEAAOSw7Y5mdh3z,"{""value"": ""4.99"", ""currency"": ""USD""}","[{""shippingCostType"": ""FIXED"", ""shippingCost"": {""value"": ""0.98"", ""currency"": ""USD""}, ""minEstimatedDeliveryDate"": ""2026-09-15T07:00:00.000Z"", ""maxEstimatedDeliveryDate"": ""2026-09-19T07:00:00.000Z""}]",,,PENDING_INDEPENDENT_HUMAN_REVIEW
D2-0054,0dde3317-5162-49d1-b5c9-6b206a086d2c,7a7c3304-cc14-4aab-9f7b-b88270d4228c,Tinkatuff,Paldean Fates,166,shiny_rare,v1|197707537167|0,Tinkatuff 166/091 - Paldean Fates - Graded Pokemon Card - BGS 9.5 (PSA 10),,Graded,2750,[],"[""FIXED_PRICE"", ""BEST_OFFER""]",jays.arcade,https://i.ebayimg.com/images/g/pVIAAeSwF8Roy9Mr/s-l225.jpg,https://www.ebay.com/itm/197707537167?_skw=Tinkatuff+166+Paldean+Fates+Pokemon+card&hash=item2e08499b0f:g:pVIAAeSwF8Roy9Mr&amdata=enc%3AAQALAAABAACCtXRWQnOEpyOqnQQ8KGZNu3uVJ2aQFz8dCQDCY7%2Bz4oImhnm6zGMpXBR%2Fb8JngpB5bDTBXRS4gmDVzgxXEI5luBPL9ZlE%2B7ZmNphpbSHAxGFMr3eJ3yaZHKRPt3pssntmags7btmt8yNyB6ZtiPECQmWnYmjXdmbtC24mjmi6GmewELgLvxCd0YbI6uN1sk7PIGaWbKnwKBipoAeHFJgeV%2Fcnn29h3cVos8hNa06T0R%2BctTHTOoPF%2BP0km3ZiIz6Awzcrg1UIhgmfXnl43ZEAdWZyvtptXdEQ9SpKny6LL5tj7%2Fw5B7Y23PEnFs57nZncIf%2B97%2B%2BPbLoYR6Ut8Kg%3D,"{""value"": ""56.45"", ""currency"": ""USD"", ""convertedFromValue"": ""78.88"", ""convertedFromCurrency"": ""AUD""}","[{""shippingCostType"": ""CALCULATED"", ""shippingCost"": {""value"": ""25.67"", ""currency"": ""USD"", ""convertedFromValue"": ""35.87"", ""convertedFromCurrency"": ""AUD""}, ""minEstimatedDeliveryDate"": ""2026-09-21T07:00:00.000Z"", ""maxEstimatedDeliveryDate"": ""2026-09-25T07:00:00.000Z""}]",,,PENDING_INDEPENDENT_HUMAN_REVIEW
D2-0055,0dde3317-5162-49d1-b5c9-6b206a086d2c,7a7c3304-cc14-4aab-9f7b-b88270d4228c,Tinkatuff,Paldean Fates,166,shiny_rare,v1|168003802301|467696265540,Pokemon TCG Paldean Fates Shiny! Complete your Collection! Choose your own! NM,,Ungraded,4000,[],"[""FIXED_PRICE""]",vaultofjo,https://i.ebayimg.com/images/g/7qMAAeSwK8JpPyBn/s-l225.jpg,https://www.ebay.com/itm/168003802301?_skw=Tinkatuff+166+Paldean+Fates+Pokemon+card&hash=item271dce94bd:g:7qMAAeSwK8JpPyBn,"{""value"": ""7.42"", ""currency"": ""USD"", ""convertedFromValue"": ""5.49"", ""convertedFromCurrency"": ""GBP""}",[],,,PENDING_INDEPENDENT_HUMAN_REVIEW
D2-0056,0dde3317-5162-49d1-b5c9-6b206a086d2c,7a7c3304-cc14-4aab-9f7b-b88270d4228c,Tinkatuff,Paldean Fates,166,shiny_rare,v1|137394251948|0,Tinkatuff 166/091 SV Paldean Fates Shiny Rare Reverse Holo English,,Ungraded,4000,[],"[""FIXED_PRICE"", ""BEST_OFFER""]",zesty_rips,https://i.ebayimg.com/images/g/TfYAAeSwmWZqJ3ht/s-l225.jpg,https://www.ebay.com/itm/137394251948?_skw=Tinkatuff+166+Paldean+Fates+Pokemon+card&hash=item1ffd55e8ac:g:TfYAAeSwmWZqJ3ht,"{""value"": ""7.99"", ""currency"": ""USD""}","[{""shippingCostType"": ""FIXED"", ""shippingCost"": {""value"": ""1.99"", ""currency"": ""USD""}, ""minEstimatedDeliveryDate"": ""2026-09-15T07:00:00.000Z"", ""maxEstimatedDeliveryDate"": ""2026-09-18T07:00:00.000Z""}]",,,PENDING_INDEPENDENT_HUMAN_REVIEW
D2-0057,0dde3317-5162-49d1-b5c9-6b206a086d2c,7a7c3304-cc14-4aab-9f7b-b88270d4228c,Tinkatuff,Paldean Fates,166,shiny_rare,v1|147367563083|0,Tinkatuff 166/091 SV: Paldean Fates Holo,,Ungraded,4000,[],"[""FIXED_PRICE"", ""BEST_OFFER""]",jet99*,https://i.ebayimg.com/images/g/g-cAAeSwvkJqKyhv/s-l225.jpg,https://www.ebay.com/itm/147367563083?_skw=Tinkatuff+166+Paldean+Fates+Pokemon+card&hash=item224fca8f4b:g:g-cAAeSwvkJqKyhv,"{""value"": ""4.00"", ""currency"": ""USD""}","[{""shippingCostType"": ""CALCULATED""}]",,,PENDING_INDEPENDENT_HUMAN_REVIEW
D2-0058,0dde3317-5162-49d1-b5c9-6b206a086d2c,7a7c3304-cc14-4aab-9f7b-b88270d4228c,Tinkatuff,Paldean Fates,166,shiny_rare,v1|147382231734|0,Tinkatuff 166/091 SV: Paldean Fates Shiny Rare Holo NM,,Ungraded,4000,[],"[""FIXED_PRICE"", ""BEST_OFFER""]",themornin,https://i.ebayimg.com/images/g/vb0AAeSwI5lqMz11/s-l225.jpg,https://www.ebay.com/itm/147382231734?_skw=Tinkatuff+166+Paldean+Fates+Pokemon+card&hash=item2250aa62b6:g:vb0AAeSwI5lqMz11,"{""value"": ""7.90"", ""currency"": ""USD""}","[{""shippingCostType"": ""FIXED"", ""shippingCost"": {""value"": ""0.00"", ""currency"": ""USD""}, ""minEstimatedDeliveryDate"": ""2026-09-15T07:00:00.000Z"", ""maxEstimatedDeliveryDate"": ""2026-09-19T07:00:00.000Z""}]",,,PENDING_INDEPENDENT_HUMAN_REVIEW
D2-0059,0dde3317-5162-49d1-b5c9-6b206a086d2c,7a7c3304-cc14-4aab-9f7b-b88270d4228c,Tinkatuff,Paldean Fates,166,shiny_rare,v1|147429555502|0,TINKATUFF 166/091 HOLO SHINY RARE PALDEAN FATES POKEMON NM,,Ungraded,4000,[],"[""FIXED_PRICE"", ""BEST_OFFER""]",pandatcgcollects,https://i.ebayimg.com/images/g/AowAAeSwx7pqUVsv/s-l225.jpg,https://www.ebay.com/itm/147429555502?_skw=Tinkatuff+166+Paldean+Fates+Pokemon+card&hash=item22537c7d2e:g:AowAAeSwx7pqUVsv,"{""value"": ""9.99"", ""currency"": ""USD""}","[{""shippingCostType"": ""FIXED"", ""shippingCost"": {""value"": ""0.00"", ""currency"": ""USD""}, ""minEstimatedDeliveryDate"": ""2026-09-14T07:00:00.000Z"", ""maxEstimatedDeliveryDate"": ""2026-09-17T07:00:00.000Z""}]",,,PENDING_INDEPENDENT_HUMAN_REVIEW
D2-0060,0dde3317-5162-49d1-b5c9-6b206a086d2c,7a7c3304-cc14-4aab-9f7b-b88270d4228c,Tinkatuff,Paldean Fates,166,shiny_rare,v1|158026854438|0,SV: Paldean Fates #166/091 Tinkatuff,,Ungraded,4000,[],"[""FIXED_PRICE"", ""BEST_OFFER""]",pastelito_collects,https://i.ebayimg.com/images/g/GL4AAeSw269qPXPy/s-l225.jpg,https://www.ebay.com/itm/158026854438?_skw=Tinkatuff+166+Paldean+Fates+Pokemon+card&hash=item24cb227026:g:GL4AAeSw269qPXPy,"{""value"": ""8.00"", ""currency"": ""USD""}","[{""shippingCostType"": ""CALCULATED""}]",,,PENDING_INDEPENDENT_HUMAN_REVIEW
D2-0061,10a47631-ea19-4b62-8a93-4b1b3e6b3013,780a248c-87ff-4879-955c-3d6bea287aca,Lt. Surge's Bargain,Mega Evolution,185,special_illustration_rare,v1|117404400702|0,Lt. Surge's Bargain Holofoil 185/132 Mega Evolution Special Illustration Rare,,Ungraded,4000,[],"[""FIXED_PRICE""]",durb.blak,https://i.ebayimg.com/images/g/gZUAAeSwrzBqoeMr/s-l225.jpg,https://www.ebay.com/itm/117404400702?_skw=Lt.+Surge%27s+Bargain+185+Mega+Evolution+Pokemon+card&hash=item1b55d8fc3e:g:gZUAAeSwrzBqoeMr,"{""value"": ""19.86"", ""currency"": ""USD""}","[{""shippingCostType"": ""FIXED"", ""shippingCost"": {""value"": ""0.00"", ""currency"": ""USD""}, ""minEstimatedDeliveryDate"": ""2026-09-14T07:00:00.000Z"", ""maxEstimatedDeliveryDate"": ""2026-09-17T07:00:00.000Z""}]",,,PENDING_INDEPENDENT_HUMAN_REVIEW
D2-0062,10a47631-ea19-4b62-8a93-4b1b3e6b3013,780a248c-87ff-4879-955c-3d6bea287aca,Lt. Surge's Bargain,Mega Evolution,185,special_illustration_rare,v1|127415369863|0,Lt. Surge's Bargain 185/132 Special Illustration Rare Pokemon Mega Evolution,,Ungraded,4000,[],"[""FIXED_PRICE""]",kevspokeshop,https://i.ebayimg.com/images/g/DfsAAeSwj79o42SR/s-l225.jpg,https://www.ebay.com/itm/127415369863?_skw=Lt.+Surge%27s+Bargain+185+Mega+Evolution+Pokemon+card&hash=item1daa8c4087:g:DfsAAeSwj79o42SR,"{""value"": ""19.99"", ""currency"": ""USD""}","[{""shippingCostType"": ""CALCULATED""}]",,,PENDING_INDEPENDENT_HUMAN_REVIEW
D2-0063,10a47631-ea19-4b62-8a93-4b1b3e6b3013,780a248c-87ff-4879-955c-3d6bea287aca,Lt. Surge's Bargain,Mega Evolution,185,special_illustration_rare,v1|127683155998|0,Pokémon TCG Lt. Surge's Bargain 185/132 Me01 Mega Evolution Special Illustration,,Ungraded,4000,[],"[""FIXED_PRICE"", ""BEST_OFFER""]",jbtrain,https://i.ebayimg.com/images/g/CaIAAeSwyRppj5zS/s-l225.jpg,https://www.ebay.com/itm/127683155998?_skw=Lt.+Surge%27s+Bargain+185+Mega+Evolution+Pokemon+card&hash=item1dba82581e:g:CaIAAeSwyRppj5zS,"{""value"": ""15.99"", ""currency"": ""USD""}","[{""shippingCostType"": ""CALCULATED""}]",,,PENDING_INDEPENDENT_HUMAN_REVIEW
D2-0064,10a47631-ea19-4b62-8a93-4b1b3e6b3013,780a248c-87ff-4879-955c-3d6bea287aca,Lt. Surge's Bargain,Mega Evolution,185,special_illustration_rare,v1|117269031991|0,The Pokémon Company Lt. Surge's Bargain 185/132 MEGA Full Art Holo ENG,,Ungraded,4000,[],"[""FIXED_PRICE"", ""BEST_OFFER""]",synversallc,https://i.ebayimg.com/images/g/LscAAeSw6B9qPcxT/s-l225.jpg,https://www.ebay.com/itm/117269031991?_skw=Lt.+Surge%27s+Bargain+185+Mega+Evolution+Pokemon+card&hash=item1b4dc76c37:g:LscAAeSw6B9qPcxT&amdata=enc%3AAQALAAABEACCtXRWQnOEpyOqnQQ8KGZ16YkC2nMJiNc0UvFmvZpsMqRw4OhlgRgvqecm%2BliAaAemU0I%2F9kwjVaozOflHyUv6D6Lmd5e4q1R31MG4FN5iIjDxV5PcjDs0nacvxE5SMNGTiuDw7a1aJl5rnsusWAlaYeuNWCdHvZ7ngcFkFMip2ZW9uvvR0d%2F%2BpPgTknE%2BhcHeOz5%2FYFEMNbaoRcNHlx62ah1AcFdGr30HjDMIXsYwaXP%2FvZ5o%2FYOOCUbqaiJhiuC6QHsaMXR34quDVcmWpsofMC5xlEjNXO2p25s%2FsWFfTqM3bt5qmGWQJ54SzKr8KyzgGyyrkcfP%2FdS7UV9cre66qoCVF9b08EF4IhlyxxAx,"{""value"": ""18.00"", ""currency"": ""USD""}","[{""shippingCostType"": ""CALCULATED""}]",,,PENDING_INDEPENDENT_HUMAN_REVIEW
D2-0065,10a47631-ea19-4b62-8a93-4b1b3e6b3013,780a248c-87ff-4879-955c-3d6bea287aca,Lt. Surge's Bargain,Mega Evolution,185,special_illustration_rare,v1|128058522742|0,Pokémon TCG Lt. Surge's Bargain 185/132 ME01 Special illustration  Rare Holo Eng,,Ungraded,4000,[],"[""FIXED_PRICE"", ""BEST_OFFER""]",mrmithtcg,https://i.ebayimg.com/images/g/HN0AAeSw~gJqmL63/s-l225.jpg,https://www.ebay.com/itm/128058522742?_skw=Lt.+Surge%27s+Bargain+185+Mega+Evolution+Pokemon+card&hash=item1dd0e1fc76:g:HN0AAeSw~gJqmL63&amdata=enc%3AAQALAAABEACCtXRWQnOEpyOqnQQ8KGZo3JgIWGY%2Fu2TYyXtydVsYyNXy2T%2Fgw0fIAc15hopluaz%2BetoS0YV0vg771acDdJtbLrP4izbpJ1JDvsxXdgq8N8fA%2F9LtsIrwcR2nz8LmSsNd9Y%2BF6LP%2Bov%2FnMV3ixV%2BNB%2BX2gFF4hfxHTU%2Bx%2FkrAHhdgx5DJzB0AjflaclTUi7jzC2d6YNauRp54gxrGGzbNIn%2FU7tGpIkF7MMIwehSvmSnipoJX8UZ3op2t%2F2S7JZKILwCPZACV1zWxPFEBWuWUgyPI9QNBog53aJATGgarCnJsN0nfZpX8kkYOy8MKMpYpcMTzTpPlGXmu4cMxyUL29Bp8WduEMKMmjApAr5lQ,"{""value"": ""19.99"", ""currency"": ""USD""}","[{""shippingCostType"": ""CALCULATED""}]",,,PENDING_INDEPENDENT_HUMAN_REVIEW
D2-0066,10a47631-ea19-4b62-8a93-4b1b3e6b3013,780a248c-87ff-4879-955c-3d6bea287aca,Lt. Surge's Bargain,Mega Evolution,185,special_illustration_rare,v1|147567260527|0,Pokémon TCG Lt. Surge's Bargain 185/132 ME01 Special illustration Rare Holo MINT,,Ungraded,4000,[],"[""FIXED_PRICE"", ""BEST_OFFER""]",goldzay,https://i.ebayimg.com/images/g/c2cAAeSwnsxqpKgq/s-l225.jpg,https://www.ebay.com/itm/147567260527?_skw=Lt.+Surge%27s+Bargain+185+Mega+Evolution+Pokemon+card&hash=item225bb1b36f:g:c2cAAeSwnsxqpKgq,"{""value"": ""20.00"", ""currency"": ""USD""}","[{""shippingCostType"": ""FIXED"", ""shippingCost"": {""value"": ""0.00"", ""currency"": ""USD""}, ""minEstimatedDeliveryDate"": ""2026-09-16T07:00:00.000Z"", ""maxEstimatedDeliveryDate"": ""2026-09-22T07:00:00.000Z""}]",,,PENDING_INDEPENDENT_HUMAN_REVIEW
D2-0067,10a47631-ea19-4b62-8a93-4b1b3e6b3013,780a248c-87ff-4879-955c-3d6bea287aca,Lt. Surge's Bargain,Mega Evolution,185,special_illustration_rare,v1|157367695863|458875403409,Mega Evolution Pokémon Cards! Holo/Reverse Holo EX SIR Illustration Rare Card!,,Ungraded,4000,[],"[""FIXED_PRICE""]",overstackedcards,https://i.ebayimg.com/images/g/MfcAAeSwlFVo6adY/s-l225.jpg,https://www.ebay.com/itm/157367695863?_skw=Lt.+Surge%27s+Bargain+185+Mega+Evolution+Pokemon+card&hash=item24a3d879f7:g:MfcAAeSwlFVo6adY,"{""value"": ""37.99"", ""currency"": ""USD""}","[{""shippingCostType"": ""FIXED"", ""shippingCost"": {""value"": ""0.00"", ""currency"": ""USD""}, ""minEstimatedDeliveryDate"": ""2026-09-15T07:00:00.000Z"", ""maxEstimatedDeliveryDate"": ""2026-09-18T07:00:00.000Z""}]",,,PENDING_INDEPENDENT_HUMAN_REVIEW
D2-0068,10a47631-ea19-4b62-8a93-4b1b3e6b3013,780a248c-87ff-4879-955c-3d6bea287aca,Lt. Surge's Bargain,Mega Evolution,185,special_illustration_rare,v1|117385833234|0,Pokemon Mega Evolution Lt. Surge's Bargain #185 SIR CGC 10 PRISTINE,,Graded,2750,[],"[""FIXED_PRICE""]",tidaldreams,https://i.ebayimg.com/images/g/6xMAAeSw3vtqk9lL/s-l225.jpg,https://www.ebay.com/itm/117385833234?_skw=Lt.+Surge%27s+Bargain+185+Mega+Evolution+Pokemon+card&hash=item1b54bdab12:g:6xMAAeSw3vtqk9lL,"{""value"": ""99.99"", ""currency"": ""USD""}","[{""shippingCostType"": ""FIXED"", ""shippingCost"": {""value"": ""7.00"", ""currency"": ""USD""}, ""minEstimatedDeliveryDate"": ""2026-09-15T07:00:00.000Z"", ""maxEstimatedDeliveryDate"": ""2026-09-18T07:00:00.000Z""}]",,,PENDING_INDEPENDENT_HUMAN_REVIEW
D2-0069,10a47631-ea19-4b62-8a93-4b1b3e6b3013,780a248c-87ff-4879-955c-3d6bea287aca,Lt. Surge's Bargain,Mega Evolution,185,special_illustration_rare,v1|177563668909|0,Pokémon TCG Lt. Surge’s Bargain Trainer 185/132 Mega Evolution Extended Art Case,,Ungraded,4000,[],"[""FIXED_PRICE""]",ironwood-slabs,https://i.ebayimg.com/images/g/LPcAAeSwakppEYTW/s-l225.jpg,https://www.ebay.com/itm/177563668909?_skw=Lt.+Surge%27s+Bargain+185+Mega+Evolution+Pokemon+card&hash=item29579e91ad:g:LPcAAeSwakppEYTW,"{""value"": ""16.00"", ""currency"": ""USD""}","[{""shippingCostType"": ""CALCULATED""}]",,,PENDING_INDEPENDENT_HUMAN_REVIEW
D2-0070,10a47631-ea19-4b62-8a93-4b1b3e6b3013,780a248c-87ff-4879-955c-3d6bea287aca,Lt. Surge's Bargain,Mega Evolution,185,special_illustration_rare,v1|128002982526|0,2025 Pokemon Mega Evolution #185 Lt. Surge's Bargain Special Illstrn Rare PSA 9,,Graded,2750,[],"[""FIXED_PRICE"", ""BEST_OFFER""]",titletownsc,https://i.ebayimg.com/images/g/0pkAAeSwMjhqgNm4/s-l225.jpg,https://www.ebay.com/itm/128002982526?_skw=Lt.+Surge%27s+Bargain+185+Mega+Evolution+Pokemon+card&hash=item1dcd92827e:g:0pkAAeSwMjhqgNm4,"{""value"": ""26.00"", ""currency"": ""USD""}","[{""shippingCostType"": ""FIXED"", ""shippingCost"": {""value"": ""6.75"", ""currency"": ""USD""}, ""minEstimatedDeliveryDate"": ""2026-09-14T07:00:00.000Z"", ""maxEstimatedDeliveryDate"": ""2026-09-17T07:00:00.000Z""}]",,,PENDING_INDEPENDENT_HUMAN_REVIEW
D2-0071,10a47631-ea19-4b62-8a93-4b1b3e6b3013,780a248c-87ff-4879-955c-3d6bea287aca,Lt. Surge's Bargain,Mega Evolution,185,special_illustration_rare,v1|128071291873|0,Lt. Surge's Bargain Special Illustration Rare ME01: Mega Evolution 185/132 NM os,,Ungraded,4000,[],"[""FIXED_PRICE""]",pokemanbulk,https://i.ebayimg.com/images/g/8GIAAeSwzjZqoedt/s-l225.jpg,https://www.ebay.com/itm/128071291873?_skw=Lt.+Surge%27s+Bargain+185+Mega+Evolution+Pokemon+card&hash=item1dd1a4d3e1:g:8GIAAeSwzjZqoedt,"{""value"": ""18.99"", ""currency"": ""USD""}","[{""shippingCostType"": ""FIXED"", ""shippingCost"": {""value"": ""0.00"", ""currency"": ""USD""}, ""minEstimatedDeliveryDate"": ""2026-09-14T07:00:00.000Z"", ""maxEstimatedDeliveryDate"": ""2026-09-17T07:00:00.000Z""}]",,,PENDING_INDEPENDENT_HUMAN_REVIEW
D2-0072,10a47631-ea19-4b62-8a93-4b1b3e6b3013,780a248c-87ff-4879-955c-3d6bea287aca,Lt. Surge's Bargain,Mega Evolution,185,special_illustration_rare,v1|137579181194|0,Pokemon TCG Lt. Surge's Bargain 185/132 Mega Evolution SIR Holo English,,Ungraded,4000,[],"[""FIXED_PRICE"", ""BEST_OFFER""]",thenostalgiavault00,https://i.ebayimg.com/images/g/eFMAAeSw529qb7~g/s-l225.jpg,https://www.ebay.com/itm/137579181194?_skw=Lt.+Surge%27s+Bargain+185+Mega+Evolution+Pokemon+card&hash=item20085bb48a:g:eFMAAeSw529qb7~g&amdata=enc%3AAQALAAABEACCtXRWQnOEpyOqnQQ8KGYPklvJOX5v9XF3r863c9AMEx%2FVO2CvNd7LjpBZMzJ5HHUKM4ZxfZOoLh20Otr6TiUkbmjqPxRW2arS%2FdFpCr3PFv2CHIUggiyuY83arAoih9MjaOUil7dTeIZBjCIaRJtERRmPfedgJDkB1Xe40puM86ONqIEGP%2FmVL3WdiF1NG2DMEe49Mq%2FJJupn68gQXfsbAAwUQOUNB9feo%2BnU1%2FA%2BeiTPpiz4mCOdnJh7rYZZE2qjMiUQqDE3Ke2H9TLjRsrOElhJ9mRrTZJ3wixSkUDDQ7RZQpUS9TZMdhNMn3DqF4tsGtQ4ZdgvrnVwzkB5Rok6%2F4w7d0HZczNi%2FBes3dWL,"{""value"": ""19.99"", ""currency"": ""USD""}","[{""shippingCostType"": ""CALCULATED""}]",,,PENDING_INDEPENDENT_HUMAN_REVIEW
D2-0073,10a47631-ea19-4b62-8a93-4b1b3e6b3013,780a248c-87ff-4879-955c-3d6bea287aca,Lt. Surge's Bargain,Mega Evolution,185,special_illustration_rare,v1|137683510267|0,The Pokémon Company Lt. Surge's Bargain 185/132 Mega Evolution SIR Holo PSA 10,,Graded,2750,[],"[""FIXED_PRICE"", ""BEST_OFFER""]",gie_1352,https://i.ebayimg.com/images/g/GcYAAeSwj8Nqldhj/s-l225.jpg,https://www.ebay.com/itm/137683510267?_skw=Lt.+Surge%27s+Bargain+185+Mega+Evolution+Pokemon+card&hash=item200e93a3fb:g:GcYAAeSwj8Nqldhj,"{""value"": ""85.16"", ""currency"": ""USD""}","[{""shippingCostType"": ""CALCULATED""}]",,,PENDING_INDEPENDENT_HUMAN_REVIEW
D2-0074,10a47631-ea19-4b62-8a93-4b1b3e6b3013,780a248c-87ff-4879-955c-3d6bea287aca,Lt. Surge's Bargain,Mega Evolution,185,special_illustration_rare,v1|147385466273|0,Lt. Surge's Bargain 185/132 Mega Evolution Pokemon NM/M,,Ungraded,4000,[],"[""FIXED_PRICE""]",404zardnotfound,https://i.ebayimg.com/images/g/61wAAeSw2bRqNSq~/s-l225.jpg,https://www.ebay.com/itm/147385466273?_skw=Lt.+Surge%27s+Bargain+185+Mega+Evolution+Pokemon+card&hash=item2250dbbda1:g:61wAAeSw2bRqNSq~,"{""value"": ""20.75"", ""currency"": ""USD""}","[{""shippingCostType"": ""FIXED"", ""shippingCost"": {""value"": ""5.00"", ""currency"": ""USD""}, ""minEstimatedDeliveryDate"": ""2026-09-15T07:00:00.000Z"", ""maxEstimatedDeliveryDate"": ""2026-09-19T07:00:00.000Z""}]",,,PENDING_INDEPENDENT_HUMAN_REVIEW
D2-0075,10a47631-ea19-4b62-8a93-4b1b3e6b3013,780a248c-87ff-4879-955c-3d6bea287aca,Lt. Surge's Bargain,Mega Evolution,185,special_illustration_rare,v1|147389723921|0,Lt. Surge's Bargain 185/132 Mega Evolution Pokemon NM/M,,Ungraded,4000,[],"[""FIXED_PRICE""]",404zardnotfound,https://i.ebayimg.com/images/g/06IAAeSwXXhqOBz-/s-l225.jpg,https://www.ebay.com/itm/147389723921?_skw=Lt.+Surge%27s+Bargain+185+Mega+Evolution+Pokemon+card&hash=item22511cb511:g:06IAAeSwXXhqOBz-,"{""value"": ""20.50"", ""currency"": ""USD""}","[{""shippingCostType"": ""FIXED"", ""shippingCost"": {""value"": ""5.00"", ""currency"": ""USD""}, ""minEstimatedDeliveryDate"": ""2026-09-15T07:00:00.000Z"", ""maxEstimatedDeliveryDate"": ""2026-09-19T07:00:00.000Z""}]",,,PENDING_INDEPENDENT_HUMAN_REVIEW
D2-0076,147a436d-4ccc-43d1-b19a-20b74d2ff723,a86eb8d9-0e89-4e02-879a-d587dbfe0252,Carmine,Twilight Masquerade,217,special_illustration_rare,v1|117401567751|0,Pokemon TCG Carmine 217/167 Twilight Masquerade SIR Mint Condition ,,Ungraded,4000,[],"[""FIXED_PRICE"", ""BEST_OFFER""]",eye_spy_thrift,https://i.ebayimg.com/images/g/9rUAAeSwtfhqn4jJ/s-l225.jpg,https://www.ebay.com/itm/117401567751?_skw=Carmine+217+Twilight+Masquerade+Pokemon+card&hash=item1b55adc207:g:9rUAAeSwtfhqn4jJ,"{""value"": ""57.50"", ""currency"": ""USD""}","[{""shippingCostType"": ""CALCULATED""}]",,,PENDING_INDEPENDENT_HUMAN_REVIEW
D2-0077,147a436d-4ccc-43d1-b19a-20b74d2ff723,a86eb8d9-0e89-4e02-879a-d587dbfe0252,Carmine,Twilight Masquerade,217,special_illustration_rare,v1|128009860744|0,Carmine 217/167 SIR Pokemon Twilight Masquerade Sv06,,Ungraded,4000,[],"[""FIXED_PRICE"", ""BEST_OFFER""]",fwoozy,https://i.ebayimg.com/images/g/iNkAAeSwkB5qcZFO/s-l225.jpg,https://www.ebay.com/itm/128009860744?_skw=Carmine+217+Twilight+Masquerade+Pokemon+card&hash=item1dcdfb7688:g:iNkAAeSwkB5qcZFO&amdata=enc%3AAQALAAABEACCtXRWQnOEpyOqnQQ8KGYS9%2F2GmLJ3%2FIeIeU%2F9iLICM8mYW7OlrZ9ouDIDJXNrQAwEkORCKDoedFStnt%2FGAMXaj6ZWBMP5iM6JS7mmMOZGlFHfwK6utHwnOpae%2B5SuXeiMLRo%2F100VQxVuZHsBEFBYdo2fOymJKA32xfDxgqfWgAaVULPKe5%2BX5TLT%2BLKoodH33e1gdfQmab8kkKPdQ4bldGDZspYMRQqyI%2Bk2uQKsZGpw3vBpxJRfP5z5d7lE2l9GK3AzsFwBZhsvXuav%2BUjf81qzs82xvSry9OO%2BDxPGNrJLxm1Akqk9bzIdHd55t493WlKo0f%2BfKW3fsMw4BYDAlTE74Bs46Dqhy4dNrqo%2F,"{""value"": ""60.00"", ""currency"": ""USD""}","[{""shippingCostType"": ""CALCULATED""}]",,,PENDING_INDEPENDENT_HUMAN_REVIEW
D2-0078,147a436d-4ccc-43d1-b19a-20b74d2ff723,a86eb8d9-0e89-4e02-879a-d587dbfe0252,Carmine,Twilight Masquerade,217,special_illustration_rare,v1|137465387508|0,Carmine SV06: Twilight Masquerade #217/167,,Ungraded,4000,[],"[""FIXED_PRICE"", ""BEST_OFFER""]",kardkings3,https://i.ebayimg.com/images/g/OlUAAeSwAZtqQtXo/s-l225.jpg,https://www.ebay.com/itm/137465387508?_skw=Carmine+217+Twilight+Masquerade+Pokemon+card&hash=item20019359f4:g:OlUAAeSwAZtqQtXo,"{""value"": ""75.00"", ""currency"": ""USD""}","[{""shippingCostType"": ""FIXED"", ""shippingCost"": {""value"": ""0.00"", ""currency"": ""USD""}, ""minEstimatedDeliveryDate"": ""2026-09-15T07:00:00.000Z"", ""maxEstimatedDeliveryDate"": ""2026-09-21T07:00:00.000Z""}]",,,PENDING_INDEPENDENT_HUMAN_REVIEW
D2-0079,147a436d-4ccc-43d1-b19a-20b74d2ff723,a86eb8d9-0e89-4e02-879a-d587dbfe0252,Carmine,Twilight Masquerade,217,special_illustration_rare,v1|267727999256|0,Carmine Special Illustration Rare - TWM 217/167 EN NM Holofoil Pokemon,,Ungraded,4000,[],"[""FIXED_PRICE"", ""BEST_OFFER""]",godpackgaming,https://i.ebayimg.com/images/g/4wkAAeSwwlxqo4XM/s-l225.jpg,https://www.ebay.com/itm/267727999256?_skw=Carmine+217+Twilight+Masquerade+Pokemon+card&hash=item3e55d51118:g:4wkAAeSwwlxqo4XM,"{""value"": ""63.49"", ""currency"": ""USD""}","[{""shippingCostType"": ""FIXED"", ""shippingCost"": {""value"": ""0.00"", ""currency"": ""USD""}, ""minEstimatedDeliveryDate"": ""2026-09-15T07:00:00.000Z"", ""maxEstimatedDeliveryDate"": ""2026-09-21T07:00:00.000Z""}]",,,PENDING_INDEPENDENT_HUMAN_REVIEW
D2-0080,147a436d-4ccc-43d1-b19a-20b74d2ff723,a86eb8d9-0e89-4e02-879a-d587dbfe0252,Carmine,Twilight Masquerade,217,special_illustration_rare,v1|156447979868|458683854023,Pokemon TCG - Twilight Masquerade: Choose Your Card! - All Holos/Reverse Holos!,,Ungraded,4000,[],"[""FIXED_PRICE""]",overstackedcards,https://i.ebayimg.com/images/g/RgwAAeSwP45ogduC/s-l225.jpg,https://www.ebay.com/itm/156447979868?_skw=Carmine+217+Twilight+Masquerade+Pokemon+card&var=458683854023&hash=item246d06b95c:g:RgwAAeSwP45ogduC,"{""value"": ""89.99"", ""currency"": ""USD""}","[{""shippingCostType"": ""FIXED"", ""shippingCost"": {""value"": ""0.00"", ""currency"": ""USD""}, ""minEstimatedDeliveryDate"": ""2026-09-15T07:00:00.000Z"", ""maxEstimatedDeliveryDate"": ""2026-09-18T07:00:00.000Z""}]",,,PENDING_INDEPENDENT_HUMAN_REVIEW
D2-0081,147a436d-4ccc-43d1-b19a-20b74d2ff723,a86eb8d9-0e89-4e02-879a-d587dbfe0252,Carmine,Twilight Masquerade,217,special_illustration_rare,v1|335404297764|545588121018,Pokemon SV06 Twilight Masquerade NM YouPICK! 1-226 Reverse Holo RH ex IR FA SIR,,Ungraded,4000,[],"[""FIXED_PRICE""]",biggyfish,https://i.ebayimg.com/images/g/goIAAeSwTUtoag4P/s-l225.jpg,https://www.ebay.com/itm/335404297764?_skw=Carmine+217+Twilight+Masquerade+Pokemon+card&var=545588121018&hash=item4e17a76e24:g:goIAAeSwTUtoag4P,"{""value"": ""149.99"", ""currency"": ""USD""}","[{""shippingCostType"": ""FIXED"", ""shippingCost"": {""value"": ""0.79"", ""currency"": ""USD""}, ""minEstimatedDeliveryDate"": ""2026-09-15T07:00:00.000Z"", ""maxEstimatedDeliveryDate"": ""2026-09-18T07:00:00.000Z""}]",,,PENDING_INDEPENDENT_HUMAN_REVIEW
D2-0082,147a436d-4ccc-43d1-b19a-20b74d2ff723,a86eb8d9-0e89-4e02-879a-d587dbfe0252,Carmine,Twilight Masquerade,217,special_illustration_rare,v1|377482020715|0,Pokemon TCG Carmin Twilight Masquerade SIR 217/167,,Ungraded,4000,[],"[""FIXED_PRICE"", ""BEST_OFFER""]",broshybcollectibles,https://i.ebayimg.com/images/g/YzMAAeSwW~dqoHCm/s-l225.jpg,https://www.ebay.com/itm/377482020715?_skw=Carmine+217+Twilight+Masquerade+Pokemon+card&hash=item57e3ae876b:g:YzMAAeSwW~dqoHCm,"{""value"": ""55.62"", ""currency"": ""USD""}","[{""shippingCostType"": ""CALCULATED""}]",,,PENDING_INDEPENDENT_HUMAN_REVIEW
D2-0083,147a436d-4ccc-43d1-b19a-20b74d2ff723,a86eb8d9-0e89-4e02-879a-d587dbfe0252,Carmine,Twilight Masquerade,217,special_illustration_rare,v1|117390725161|0,Carmine 217/167 Pokemon SV06: Twilight Masquerade Special Illustration Rare PSA9,,Graded,2750,[],"[""FIXED_PRICE""]",kp_universe,https://i.ebayimg.com/images/g/W5UAAeSwVM5pBSrd/s-l225.jpg,https://www.ebay.com/itm/117390725161?_skw=Carmine+217+Twilight+Masquerade+Pokemon+card&hash=item1b55085029:g:W5UAAeSwVM5pBSrd,"{""value"": ""109.99"", ""currency"": ""USD""}","[{""shippingCostType"": ""FIXED"", ""shippingCost"": {""value"": ""0.00"", ""currency"": ""USD""}, ""minEstimatedDeliveryDate"": ""2026-09-15T07:00:00.000Z"", ""maxEstimatedDeliveryDate"": ""2026-09-18T07:00:00.000Z""}]",,,PENDING_INDEPENDENT_HUMAN_REVIEW
D2-0084,147a436d-4ccc-43d1-b19a-20b74d2ff723,a86eb8d9-0e89-4e02-879a-d587dbfe0252,Carmine,Twilight Masquerade,217,special_illustration_rare,v1|157580221626|0,Carmine 217 SIR Twilight Masquerade Magnetic 🧲 Extended Art Case,,Ungraded,4000,[],"[""FIXED_PRICE""]",outback_originals,https://i.ebayimg.com/images/g/NT8AAeSw3EZpwY9x/s-l225.jpg,https://www.ebay.com/itm/157580221626?_skw=Carmine+217+Twilight+Masquerade+Pokemon+card&hash=item24b0835cba:g:NT8AAeSw3EZpwY9x,"{""value"": ""16.00"", ""currency"": ""USD""}","[{""shippingCostType"": ""FIXED"", ""shippingCost"": {""value"": ""7.00"", ""currency"": ""USD""}, ""minEstimatedDeliveryDate"": ""2026-09-15T07:00:00.000Z"", ""maxEstimatedDeliveryDate"": ""2026-09-18T07:00:00.000Z""}]",,,PENDING_INDEPENDENT_HUMAN_REVIEW
D2-0085,147a436d-4ccc-43d1-b19a-20b74d2ff723,a86eb8d9-0e89-4e02-879a-d587dbfe0252,Carmine,Twilight Masquerade,217,special_illustration_rare,v1|127646270998|0,CGC 10 PSA Carmine 217/167 SIR Twilight Masquerade TWM Pokemon Card,,Graded,2750,[],"[""FIXED_PRICE"", ""BEST_OFFER""]",itsstock2022,https://i.ebayimg.com/images/g/L0UAAeSwdP5pdyNn/s-l225.jpg,https://www.ebay.com/itm/127646270998?_skw=Carmine+217+Twilight+Masquerade+Pokemon+card&hash=item1db84f8616:g:L0UAAeSwdP5pdyNn,"{""value"": ""140.00"", ""currency"": ""USD""}","[{""shippingCostType"": ""CALCULATED""}]",,,PENDING_INDEPENDENT_HUMAN_REVIEW
D2-0086,147a436d-4ccc-43d1-b19a-20b74d2ff723,a86eb8d9-0e89-4e02-879a-d587dbfe0252,Carmine,Twilight Masquerade,217,special_illustration_rare,v1|128054132669|0,2024 Pokémon Carmine 217/167 SIR PSA 9 MINT Twilight Masquerade Full Art Trainer,,Graded,2750,[],"[""FIXED_PRICE""]",poofyo101jumpmansneakers,https://i.ebayimg.com/images/g/13AAAeSwcXFqlcsd/s-l225.jpg,https://www.ebay.com/itm/128054132669?_skw=Carmine+217+Twilight+Masquerade+Pokemon+card&hash=item1dd09effbd:g:13AAAeSwcXFqlcsd,"{""value"": ""69.99"", ""currency"": ""USD""}","[{""shippingCostType"": ""FIXED"", ""shippingCost"": {""value"": ""0.00"", ""currency"": ""USD""}, ""minEstimatedDeliveryDate"": ""2026-09-15T07:00:00.000Z"", ""maxEstimatedDeliveryDate"": ""2026-09-21T07:00:00.000Z""}]",,,PENDING_INDEPENDENT_HUMAN_REVIEW
D2-0087,147a436d-4ccc-43d1-b19a-20b74d2ff723,a86eb8d9-0e89-4e02-879a-d587dbfe0252,Carmine,Twilight Masquerade,217,special_illustration_rare,v1|137636416210|0,Carmine 217/167 Sv06: Twilight Masquerade Holo PSA 9,,Graded,2750,[],"[""FIXED_PRICE""]",childress2422,https://i.ebayimg.com/images/g/~WsAAeSw-MtqhLHL/s-l225.jpg,https://www.ebay.com/itm/137636416210?_skw=Carmine+217+Twilight+Masquerade+Pokemon+card&hash=item200bc50ad2:g:~WsAAeSw-MtqhLHL&amdata=enc%3AAQALAAABEACCtXRWQnOEpyOqnQQ8KGbAahuXX8OiAHuojTDlGFtDrJ2qnpnuuGvFhOHXP60rjWl%2BNKtRcmI7aFTDUvgdIeLMAolpbWkp6iUtmFuYhinYTN3Gf%2FkqXAM21NKJC5X2FTrJ06GvG%2BGcMV0Qz1hWbP8vXssERU%2FrrZtplP357oiUJstzuM2xGHyeeEmw7Le%2BkzBDF5%2BRgAE4EtOBwx3XE0%2FNplfxsVfEQMw442vuMNCyeT9H7%2BHOFFGjplFNjK5JTjqarZrOLNTAnFOhdvWK7iDdpo%2FZ5TvipknzuajkMVWubHQIIbDV4ICBoTqwXUEuAq2lO21OASOnYPM8efyfrxoaUsFD8NAiXae4k3exmXd6,"{""value"": ""67.99"", ""currency"": ""USD""}","[{""shippingCostType"": ""FIXED"", ""shippingCost"": {""value"": ""5.99"", ""currency"": ""USD""}, ""minEstimatedDeliveryDate"": ""2026-09-16T07:00:00.000Z"", ""maxEstimatedDeliveryDate"": ""2026-09-22T07:00:00.000Z""}]",,,PENDING_INDEPENDENT_HUMAN_REVIEW
D2-0088,147a436d-4ccc-43d1-b19a-20b74d2ff723,a86eb8d9-0e89-4e02-879a-d587dbfe0252,Carmine,Twilight Masquerade,217,special_illustration_rare,v1|146725162970|0,CGC 10 Carmine 217/167 SIR Twilight Masquerade TWM Pokemon Card,,Graded,2750,[],"[""FIXED_PRICE"", ""BEST_OFFER""]",nfm871,https://i.ebayimg.com/images/g/OaMAAeSwdKZogFK5/s-l225.jpg,https://www.ebay.com/itm/146725162970?_skw=Carmine+217+Twilight+Masquerade+Pokemon+card&hash=item2229804fda:g:OaMAAeSwdKZogFK5&amdata=enc%3AAQALAAABEACCtXRWQnOEpyOqnQQ8KGYJ0rTQ4XpviKpcBbd1RL9tXedidSAByJeRScbt1KKzO23nnix4oR3J5u2tqpekSb30LgPPXMzUBnC4xcjVL%2BlebwxqnEe%2BO03LarW1z3CMnRay63kKxtMQ7rCd9cKHxFVd%2FbrDRtOkKUpHjGc0f7hqVO5qMO%2FFfDVr5o83rJDAgZn8rYHKj57Aum300RUSVEQo8jhtF8g7LcJikzBUT9H640WvbLu%2Fqt8eG%2FNsZoA%2Bp%2B0vBBoAozaLbfF%2BIJRs2vfLzzy6luv9SzTmjVISt%2BPClY2hAWXUtEqPH5J5RuyaowAHQyniLpYlcfVpPZB7to7EWTp0H07RlJsUkuAx92mD,"{""value"": ""145.00"", ""currency"": ""USD""}","[{""shippingCostType"": ""CALCULATED""}]",,,PENDING_INDEPENDENT_HUMAN_REVIEW
D2-0089,147a436d-4ccc-43d1-b19a-20b74d2ff723,a86eb8d9-0e89-4e02-879a-d587dbfe0252,Carmine,Twilight Masquerade,217,special_illustration_rare,v1|147412436610|0,Carmine 217 Twilight Masquerade Pokemon TCG NM,,Ungraded,4000,[],"[""FIXED_PRICE"", ""BEST_OFFER""]",csinterpreting,https://i.ebayimg.com/images/g/qd0AAeSw0PVqRt7A/s-l225.jpg,https://www.ebay.com/itm/147412436610?_skw=Carmine+217+Twilight+Masquerade+Pokemon+card&hash=item2252774682:g:qd0AAeSw0PVqRt7A,"{""value"": ""69.99"", ""currency"": ""USD""}","[{""shippingCostType"": ""FIXED"", ""shippingCost"": {""value"": ""0.00"", ""currency"": ""USD""}, ""minEstimatedDeliveryDate"": ""2026-09-15T07:00:00.000Z"", ""maxEstimatedDeliveryDate"": ""2026-09-21T07:00:00.000Z""}]",,,PENDING_INDEPENDENT_HUMAN_REVIEW
D2-0090,147a436d-4ccc-43d1-b19a-20b74d2ff723,a86eb8d9-0e89-4e02-879a-d587dbfe0252,Carmine,Twilight Masquerade,217,special_illustration_rare,v1|147448414870|0,Carmine 217/167 Pokemon SV06: Twilight Masquerade Special Illustration Rare NM,,Ungraded,4000,[],"[""FIXED_PRICE""]",nguyening_plays,https://i.ebayimg.com/images/g/peoAAeSwkN9qXaOo/s-l225.jpg,https://www.ebay.com/itm/147448414870?_skw=Carmine+217+Twilight+Masquerade+Pokemon+card&hash=item22549c4296:g:peoAAeSwkN9qXaOo,"{""value"": ""80.00"", ""currency"": ""USD""}","[{""shippingCostType"": ""FIXED"", ""shippingCost"": {""value"": ""0.00"", ""currency"": ""USD""}, ""minEstimatedDeliveryDate"": ""2026-09-15T07:00:00.000Z"", ""maxEstimatedDeliveryDate"": ""2026-09-21T07:00:00.000Z""}]",,,PENDING_INDEPENDENT_HUMAN_REVIEW
D2-0091,152906c9-3b9f-4f16-bb22-cb4241c7386b,20ddd5ca-77ef-4e3c-a018-ea4c7a44913a,Giovanni's Charisma,Scarlet and Violet 151,204,special_illustration_rare,v1|117376029368|0,Giovanni's Charisma Holo SV: Scarlet & Violet 151 204/165 LP,,Ungraded,4000,[],"[""FIXED_PRICE""]",soldbyrem,https://i.ebayimg.com/images/g/nLYAAeSwy-ZqjQds/s-l225.jpg,https://www.ebay.com/itm/117376029368?_skw=Giovanni%27s+Charisma+204+Scarlet+and+Violet+151+Pokemon+card&hash=item1b542812b8:g:nLYAAeSwy-ZqjQds,"{""value"": ""19.99"", ""currency"": ""USD""}","[{""shippingCostType"": ""FIXED"", ""shippingCost"": {""value"": ""0.00"", ""currency"": ""USD""}, ""minEstimatedDeliveryDate"": ""2026-09-15T07:00:00.000Z"", ""maxEstimatedDeliveryDate"": ""2026-09-19T07:00:00.000Z""}]",,,PENDING_INDEPENDENT_HUMAN_REVIEW
D2-0092,152906c9-3b9f-4f16-bb22-cb4241c7386b,20ddd5ca-77ef-4e3c-a018-ea4c7a44913a,Giovanni's Charisma,Scarlet and Violet 151,204,special_illustration_rare,v1|127998702114|0,Giovanni's Charisma 204/165 Sv: Scarlet & Violet 151 Holo,,Ungraded,4000,[],"[""FIXED_PRICE""]",anpep3617,https://i.ebayimg.com/images/g/pGsAAeSw6wpqaL3o/s-l225.jpg,https://www.ebay.com/itm/127998702114?_skw=Giovanni%27s+Charisma+204+Scarlet+and+Violet+151+Pokemon+card&hash=item1dcd513222:g:pGsAAeSw6wpqaL3o,"{""value"": ""19.99"", ""currency"": ""USD""}","[{""shippingCostType"": ""FIXED"", ""shippingCost"": {""value"": ""0.00"", ""currency"": ""USD""}, ""minEstimatedDeliveryDate"": ""2026-09-15T07:00:00.000Z"", ""maxEstimatedDeliveryDate"": ""2026-09-18T07:00:00.000Z""}]",,,PENDING_INDEPENDENT_HUMAN_REVIEW
D2-0093,152906c9-3b9f-4f16-bb22-cb4241c7386b,20ddd5ca-77ef-4e3c-a018-ea4c7a44913a,Giovanni's Charisma,Scarlet and Violet 151,204,special_illustration_rare,v1|137599762770|0,Giovanni's Charisma 204/165 - 151 Scarlet and Violet - Pokemon TCG,,Ungraded,4000,[],"[""FIXED_PRICE"", ""BEST_OFFER""]",tomscardshop24,https://i.ebayimg.com/images/g/JwIAAeSw~wRqd3m5/s-l225.jpg,https://www.ebay.com/itm/137599762770?_skw=Giovanni%27s+Charisma+204+Scarlet+and+Violet+151+Pokemon+card&hash=item200995c152:g:JwIAAeSw~wRqd3m5,"{""value"": ""21.68"", ""currency"": ""USD"", ""convertedFromValue"": ""29.99"", ""convertedFromCurrency"": ""CAD""}",[],,,PENDING_INDEPENDENT_HUMAN_REVIEW
D2-0094,152906c9-3b9f-4f16-bb22-cb4241c7386b,20ddd5ca-77ef-4e3c-a018-ea4c7a44913a,Giovanni's Charisma,Scarlet and Violet 151,204,special_illustration_rare,v1|128010803033|0,Giovanni's Charisma 197/165 Sv: Scarlet & Violet 151 Holo,,Ungraded,4000,[],"[""FIXED_PRICE""]",choommyymood,https://i.ebayimg.com/images/g/5vQAAeSwU7hqciw5/s-l225.jpg,https://www.ebay.com/itm/128010803033?_skw=Giovanni%27s+Charisma+204+Scarlet+and+Violet+151+Pokemon+card&hash=item1dce09d759:g:5vQAAeSwU7hqciw5,"{""value"": ""5.50"", ""currency"": ""USD""}","[{""shippingCostType"": ""FIXED"", ""shippingCost"": {""value"": ""0.80"", ""currency"": ""USD""}, ""minEstimatedDeliveryDate"": ""2026-09-15T07:00:00.000Z"", ""maxEstimatedDeliveryDate"": ""2026-09-21T07:00:00.000Z""}]",,,PENDING_INDEPENDENT_HUMAN_REVIEW
D2-0095,152906c9-3b9f-4f16-bb22-cb4241c7386b,20ddd5ca-77ef-4e3c-a018-ea4c7a44913a,Giovanni's Charisma,Scarlet and Violet 151,204,special_illustration_rare,v1|128067870628|0,Giovanni's Charisma 197/165 Sv: Scarlet & Violet 151 Holo,,Ungraded,4000,[],"[""AUCTION""]",franknbeans12,https://i.ebayimg.com/images/g/55sAAeSwXVhqn1Gh/s-l225.jpg,https://www.ebay.com/itm/128067870628?_skw=Giovanni%27s+Charisma+204+Scarlet+and+Violet+151+Pokemon+card&hash=item1dd1709fa4:g:55sAAeSwXVhqn1Gh,{},"[{""shippingCostType"": ""CALCULATED""}]",,,PENDING_INDEPENDENT_HUMAN_REVIEW
D2-0096,152906c9-3b9f-4f16-bb22-cb4241c7386b,20ddd5ca-77ef-4e3c-a018-ea4c7a44913a,Giovanni's Charisma,Scarlet and Violet 151,204,special_illustration_rare,v1|137565616610|0,Giovanni's Charisma 197/165 Scarlet & Violet 151 Holo Ultra Rare NM,,Ungraded,4000,[],"[""FIXED_PRICE""]",pokenomics9,https://i.ebayimg.com/images/g/WvQAAeSwlDZqaq73/s-l225.jpg,https://www.ebay.com/itm/137565616610?_skw=Giovanni%27s+Charisma+204+Scarlet+and+Violet+151+Pokemon+card&hash=item20078cb9e2:g:WvQAAeSwlDZqaq73,"{""value"": ""5.34"", ""currency"": ""USD""}","[{""shippingCostType"": ""FIXED"", ""shippingCost"": {""value"": ""0.00"", ""currency"": ""USD""}, ""minEstimatedDeliveryDate"": ""2026-09-15T07:00:00.000Z"", ""maxEstimatedDeliveryDate"": ""2026-09-21T07:00:00.000Z""}]",,,PENDING_INDEPENDENT_HUMAN_REVIEW
D2-0097,152906c9-3b9f-4f16-bb22-cb4241c7386b,20ddd5ca-77ef-4e3c-a018-ea4c7a44913a,Giovanni's Charisma,Scarlet and Violet 151,204,special_illustration_rare,v1|156241664107|458401936684,Pokemon 151 Cards! Holo/Reverse Holo Ex Illustration Ultra Double Rare Card!,,Ungraded,4000,[],"[""FIXED_PRICE""]",overstackedcards,https://i.ebayimg.com/images/g/UzUAAOSwxHdoM6FP/s-l225.jpg,https://www.ebay.com/itm/156241664107?_skw=Giovanni%27s+Charisma+204+Scarlet+and+Violet+151+Pokemon+card&var=458401936684&hash=item2460ba986b:g:UzUAAOSwxHdoM6FP,"{""value"": ""37.99"", ""currency"": ""USD""}","[{""shippingCostType"": ""FIXED"", ""shippingCost"": {""value"": ""0.00"", ""currency"": ""USD""}, ""minEstimatedDeliveryDate"": ""2026-09-15T07:00:00.000Z"", ""maxEstimatedDeliveryDate"": ""2026-09-18T07:00:00.000Z""}]",,,PENDING_INDEPENDENT_HUMAN_REVIEW
D2-0098,152906c9-3b9f-4f16-bb22-cb4241c7386b,20ddd5ca-77ef-4e3c-a018-ea4c7a44913a,Giovanni's Charisma,Scarlet and Violet 151,204,special_illustration_rare,v1|227481484694|0,Giovanni's Charisma161/165PokemonSV: Scarlet & Violet 151MEWNMUncommonEN,,Ungraded,4000,[],"[""FIXED_PRICE""]",vjcardvaulttcg,https://i.ebayimg.com/images/g/YRMAAeSw7RNqhLN2/s-l225.jpg,https://www.ebay.com/itm/227481484694?_skw=Giovanni%27s+Charisma+204+Scarlet+and+Violet+151+Pokemon+card&hash=item34f6f3fd96:g:YRMAAeSw7RNqhLN2,"{""value"": ""1.30"", ""currency"": ""USD""}","[{""shippingCostType"": ""FIXED"", ""shippingCost"": {""value"": ""0.00"", ""currency"": ""USD""}, ""minEstimatedDeliveryDate"": ""2026-09-15T07:00:00.000Z"", ""maxEstimatedDeliveryDate"": ""2026-09-21T07:00:00.000Z""}]",,,PENDING_INDEPENDENT_HUMAN_REVIEW
D2-0099,152906c9-3b9f-4f16-bb22-cb4241c7386b,20ddd5ca-77ef-4e3c-a018-ea4c7a44913a,Giovanni's Charisma,Scarlet and Violet 151,204,special_illustration_rare,v1|257695888294|0,Giovannis Charisma 204/165 Scarlet & Violet 151 Special Illustration Rare SIR NM,,Ungraded,4000,[],"[""FIXED_PRICE"", ""BEST_OFFER""]",cardcaddyaz,https://i.ebayimg.com/images/g/iiYAAeSwJmhqiTim/s-l225.jpg,https://www.ebay.com/itm/257695888294?_skw=Giovanni%27s+Charisma+204+Scarlet+and+Violet+151+Pokemon+card&hash=item3bffdf33a6:g:iiYAAeSwJmhqiTim,"{""value"": ""19.99"", ""currency"": ""USD""}","[{""shippingCostType"": ""CALCULATED""}]",,,PENDING_INDEPENDENT_HUMAN_REVIEW
D2-0100,152906c9-3b9f-4f16-bb22-cb4241c7386b,20ddd5ca-77ef-4e3c-a018-ea4c7a44913a,Giovanni's Charisma,Scarlet and Violet 151,204,special_illustration_rare,v1|147516338748|0,Giovanni's Charisma Special Illustration Rare-Scarlet and Violet: 151-204-PSA 8,,Graded,2750,[],"[""FIXED_PRICE""]",zepphed,https://i.ebayimg.com/images/g/tqsAAeSwNoNqhkah/s-l225.jpg,https://www.ebay.com/itm/147516338748?_skw=Giovanni%27s+Charisma+204+Scarlet+and+Violet+151+Pokemon+card&hash=item2258a8b23c:g:tqsAAeSwNoNqhkah,"{""value"": ""19.00"", ""currency"": ""USD""}","[{""shippingCostType"": ""FIXED"", ""shippingCost"": {""value"": ""6.40"", ""currency"": ""USD""}, ""minEstimatedDeliveryDate"": ""2026-09-16T07:00:00.000Z"", ""maxEstimatedDeliveryDate"": ""2026-09-22T07:00:00.000Z""}]",,,PENDING_INDEPENDENT_HUMAN_REVIEW
D2-0101,152906c9-3b9f-4f16-bb22-cb4241c7386b,20ddd5ca-77ef-4e3c-a018-ea4c7a44913a,Giovanni's Charisma,Scarlet and Violet 151,204,special_illustration_rare,v1|137568739112|0,Giovanni's Charisma Holo Ultra Rare SV: Scarlet & Violet 151 197/165 NM,,Ungraded,4000,[],"[""FIXED_PRICE""]",oakleycards,https://i.ebayimg.com/images/g/CYkAAeSw2Adqa-ES/s-l225.jpg,https://www.ebay.com/itm/137568739112?_skw=Giovanni%27s+Charisma+204+Scarlet+and+Violet+151+Pokemon+card&hash=item2007bc5f28:g:CYkAAeSw2Adqa-ES,"{""value"": ""5.99"", ""currency"": ""USD""}","[{""shippingCostType"": ""FIXED"", ""shippingCost"": {""value"": ""0.00"", ""currency"": ""USD""}, ""minEstimatedDeliveryDate"": ""2026-09-15T07:00:00.000Z"", ""maxEstimatedDeliveryDate"": ""2026-09-21T07:00:00.000Z""}]",,,PENDING_INDEPENDENT_HUMAN_REVIEW
D2-0102,152906c9-3b9f-4f16-bb22-cb4241c7386b,20ddd5ca-77ef-4e3c-a018-ea4c7a44913a,Giovanni's Charisma,Scarlet and Violet 151,204,special_illustration_rare,v1|137696480320|0,Giovanni's Charisma | Holofoil | SV: Scarlet & Violet 151 #204/165,,Ungraded,4000,[],"[""FIXED_PRICE"", ""BEST_OFFER""]",limitbreakloot,https://i.ebayimg.com/images/g/VNYAAeSw2o5qmifF/s-l225.jpg,https://www.ebay.com/itm/137696480320?_skw=Giovanni%27s+Charisma+204+Scarlet+and+Violet+151+Pokemon+card&hash=item200f598c40:g:VNYAAeSw2o5qmifF,"{""value"": ""23.99"", ""currency"": ""USD""}","[{""shippingCostType"": ""FIXED"", ""shippingCost"": {""value"": ""0.00"", ""currency"": ""USD""}, ""minEstimatedDeliveryDate"": ""2026-09-14T07:00:00.000Z"", ""maxEstimatedDeliveryDate"": ""2026-09-17T07:00:00.000Z""}]",,,PENDING_INDEPENDENT_HUMAN_REVIEW
D2-0103,152906c9-3b9f-4f16-bb22-cb4241c7386b,20ddd5ca-77ef-4e3c-a018-ea4c7a44913a,Giovanni's Charisma,Scarlet and Violet 151,204,special_illustration_rare,v1|137718543685|0,SV: Scarlet & Violet 151 #204/165 Giovanni's Charisma,,Ungraded,4000,[],"[""FIXED_PRICE"", ""BEST_OFFER""]",kickoffcollectibles,https://i.ebayimg.com/images/g/JVAAAeSwMxFqoZqA/s-l225.jpg,https://www.ebay.com/itm/137718543685?_skw=Giovanni%27s+Charisma+204+Scarlet+and+Violet+151+Pokemon+card&hash=item2010aa3545:g:JVAAAeSwMxFqoZqA,"{""value"": ""18.00"", ""currency"": ""USD""}","[{""shippingCostType"": ""CALCULATED""}]",,,PENDING_INDEPENDENT_HUMAN_REVIEW
D2-0104,152906c9-3b9f-4f16-bb22-cb4241c7386b,20ddd5ca-77ef-4e3c-a018-ea4c7a44913a,Giovanni's Charisma,Scarlet and Violet 151,204,special_illustration_rare,v1|147479522778|0,SV: Scarlet & Violet 151 #204/165 Giovanni's Charisma,,Ungraded,4000,[],"[""FIXED_PRICE""]",thecardsourceshop,https://i.ebayimg.com/images/g/-LsAAeSwDCFqcBJE/s-l225.jpg,https://www.ebay.com/itm/147479522778?_skw=Giovanni%27s+Charisma+204+Scarlet+and+Violet+151+Pokemon+card&hash=item225676edda:g:-LsAAeSwDCFqcBJE,"{""value"": ""18.00"", ""currency"": ""USD""}","[{""shippingCostType"": ""CALCULATED""}]",,,PENDING_INDEPENDENT_HUMAN_REVIEW
D2-0105,152906c9-3b9f-4f16-bb22-cb4241c7386b,20ddd5ca-77ef-4e3c-a018-ea4c7a44913a,Giovanni's Charisma,Scarlet and Violet 151,204,special_illustration_rare,v1|147493300373|0,Giovanni's Charisma Ultra Rare SV: Scarlet & Violet 151 197/165 NM,,Ungraded,4000,[],"[""FIXED_PRICE""]",spookycards,https://i.ebayimg.com/images/g/pBIAAeSw5thopJA-/s-l225.jpg,https://www.ebay.com/itm/147493300373?_skw=Giovanni%27s+Charisma+204+Scarlet+and+Violet+151+Pokemon+card&hash=item2257492895:g:pBIAAeSw5thopJA-,"{""value"": ""5.69"", ""currency"": ""USD""}","[{""shippingCostType"": ""FIXED"", ""shippingCost"": {""value"": ""0.00"", ""currency"": ""USD""}, ""minEstimatedDeliveryDate"": ""2026-09-15T07:00:00.000Z"", ""maxEstimatedDeliveryDate"": ""2026-09-18T07:00:00.000Z""}]",,,PENDING_INDEPENDENT_HUMAN_REVIEW
D2-0106,15faf94c-4a3b-4f09-a867-f2ded1174419,98ab7334-59cd-47fa-b778-f6526e5e1276,Veluza,Paradox Rift,192,illustration_rare,v1|117377531710|0,Veluza 192/182 IR Paradox Rift Pokemon Holo NM,,Ungraded,4000,[],"[""FIXED_PRICE""]",tinyspace40cards,https://i.ebayimg.com/images/g/7ogAAeSww-Fqi2sx/s-l225.jpg,https://www.ebay.com/itm/117377531710?_skw=Veluza+192+Paradox+Rift+Pokemon+card&hash=item1b543eff3e:g:7ogAAeSww-Fqi2sx,"{""value"": ""12.66"", ""currency"": ""USD""}","[{""shippingCostType"": ""FIXED"", ""shippingCost"": {""value"": ""1.25"", ""currency"": ""USD""}, ""minEstimatedDeliveryDate"": ""2026-09-14T07:00:00.000Z"", ""maxEstimatedDeliveryDate"": ""2026-09-17T07:00:00.000Z""}]",,,PENDING_INDEPENDENT_HUMAN_REVIEW
D2-0107,15faf94c-4a3b-4f09-a867-f2ded1174419,98ab7334-59cd-47fa-b778-f6526e5e1276,Veluza,Paradox Rift,192,illustration_rare,v1|127743488976|0,Pokémon TCG Veluza Card 192/182 Paradox Rift Illustration,,Ungraded,4000,[],"[""FIXED_PRICE"", ""BEST_OFFER""]",daniehirstei-0,https://i.ebayimg.com/images/g/4BMAAeSwlYJpteAO/s-l225.jpg,https://www.ebay.com/itm/127743488976?_skw=Veluza+192+Paradox+Rift+Pokemon+card&hash=item1dbe1af3d0:g:4BMAAeSwlYJpteAO,"{""value"": ""5.99"", ""currency"": ""USD""}","[{""shippingCostType"": ""CALCULATED""}]",,,PENDING_INDEPENDENT_HUMAN_REVIEW
D2-0108,15faf94c-4a3b-4f09-a867-f2ded1174419,98ab7334-59cd-47fa-b778-f6526e5e1276,Veluza,Paradox Rift,192,illustration_rare,v1|127822564559|0,Pokémon TCG Veluza Card 192/182 Paradox Rift Illustration Rare NM Condition,,Ungraded,4000,[],"[""FIXED_PRICE"", ""BEST_OFFER""]",cotho_3431,https://i.ebayimg.com/images/g/cJIAAeSwTU5p59He/s-l225.jpg,https://www.ebay.com/itm/127822564559?_skw=Veluza+192+Paradox+Rift+Pokemon+card&hash=item1dc2d18ccf:g:cJIAAeSwTU5p59He,"{""value"": ""8.40"", ""currency"": ""USD""}","[{""shippingCostType"": ""CALCULATED""}]",,,PENDING_INDEPENDENT_HUMAN_REVIEW
D2-0109,15faf94c-4a3b-4f09-a867-f2ded1174419,98ab7334-59cd-47fa-b778-f6526e5e1276,Veluza,Paradox Rift,192,illustration_rare,v1|206458478096|0,Veluza [PAR - 192/182]NM,,Ungraded,4000,[],"[""FIXED_PRICE"", ""BEST_OFFER""]",notoriousfig-tc,https://i.ebayimg.com/images/g/zlMAAeSwbLhqiOum/s-l225.jpg,https://www.ebay.com/itm/206458478096?_skw=Veluza+192+Paradox+Rift+Pokemon+card&hash=item3011e25e10:g:zlMAAeSwbLhqiOum&amdata=enc%3AAQALAAABAACCtXRWQnOEpyOqnQQ8KGYk0CDCbR%2FJTSuDmyU0uGpwMJ43jruERIAXbCdexXkAcGBTqEZ5EmPTNKy1SA4vTdPkAZOSg%2Bjb3DSfzFoOZWRCf7IGROJCJKbA7IUy17rMm7Jo%2BoMGLY4VcfHkPN3pvcoSerZ86JnCPdJvZ1xmBnwtSRu8pdG%2F0VYyZgXrTnI7gpxG4MiTjL9Fri9%2B8juwQLO3SyhswdLARfVIEJ6FAxeWq965IS%2BdgwC2A2IBbam2eBs6u842XETxfsZJy6lLNfShm7idUz%2FyYoYu%2FmUhF3ONmeC1eN4Ia0vxcbOXEyr4a0eEef4goE%2B%2FsfRfVClRyok%3D,"{""value"": ""15.68"", ""currency"": ""USD""}","[{""shippingCostType"": ""FIXED"", ""shippingCost"": {""value"": ""0.00"", ""currency"": ""USD""}, ""minEstimatedDeliveryDate"": ""2026-09-15T07:00:00.000Z"", ""maxEstimatedDeliveryDate"": ""2026-09-21T07:00:00.000Z""}]",,,PENDING_INDEPENDENT_HUMAN_REVIEW
D2-0110,15faf94c-4a3b-4f09-a867-f2ded1174419,98ab7334-59cd-47fa-b778-f6526e5e1276,Veluza,Paradox Rift,192,illustration_rare,v1|127458371647|0,CGC Gem Mint 10 Veluza 292/182 Pokémon Paradox Rift PAR EN,,Graded,2750,[],"[""FIXED_PRICE"", ""BEST_OFFER""]",fortytwo-tcg,https://i.ebayimg.com/images/g/a6sAAeSw~XFpAYLx/s-l225.jpg,https://www.ebay.com/itm/127458371647?_skw=Veluza+192+Paradox+Rift+Pokemon+card&hash=item1dad1c683f:g:a6sAAeSw~XFpAYLx&amdata=enc%3AAQALAAABAACCtXRWQnOEpyOqnQQ8KGY6puKPX4XfmgBccyLgcZDCsOuHPAVDXbouYOPihO4Lf%2B%2BttT%2F6QfMPbm5GjVdJE6oEe6q2Ah4UY0sW%2BGX0gAYHKjT5nZTBVwrfDp4uuiS7w3BV2Tf8C4jn0m1rRCiIL3EDxBiO4dkeuUB8%2BRBODLsAIEDv%2BgCjVh%2B%2BkXeVgKU7A5blQ4fpIqem%2FoIWEu4AOPtBXDgXuEKCZLRib0tl6%2BGU0oB6SDkhYrDdzRI8WGz6r9lG0Yu8IvJPfZX4aN9K3%2B%2BUAPlR1qFZji%2B8umTFGOuWZh5s2h79FPzIzEeP2i2HZnKdCDYz%2BWBUnZW7dJJVpL8%3D,"{""value"": ""99.99"", ""currency"": ""USD""}","[{""shippingCostType"": ""FIXED"", ""shippingCost"": {""value"": ""0.00"", ""currency"": ""USD""}, ""minEstimatedDeliveryDate"": ""2026-09-15T07:00:00.000Z"", ""maxEstimatedDeliveryDate"": ""2026-09-21T07:00:00.000Z""}]",,,PENDING_INDEPENDENT_HUMAN_REVIEW
D2-0111,15faf94c-4a3b-4f09-a867-f2ded1174419,98ab7334-59cd-47fa-b778-f6526e5e1276,Veluza,Paradox Rift,192,illustration_rare,v1|168670201178|0,Veluza Paradox Rift Illustration,,Ungraded,4000,[],"[""FIXED_PRICE""]",fo_2184,https://i.ebayimg.com/images/g/LvgAAeSwrj5qnlKA/s-l225.jpg,https://www.ebay.com/itm/168670201178?_skw=Veluza+192+Paradox+Rift+Pokemon+card&hash=item274587055a:g:LvgAAeSwrj5qnlKA,"{""value"": ""9.60"", ""currency"": ""USD""}","[{""shippingCostType"": ""CALCULATED""}]",,,PENDING_INDEPENDENT_HUMAN_REVIEW
D2-0112,15faf94c-4a3b-4f09-a867-f2ded1174419,98ab7334-59cd-47fa-b778-f6526e5e1276,Veluza,Paradox Rift,192,illustration_rare,v1|156323652674|458154664251,Pokemon Paradox Rift - Choose Your Card! - Holo/Reverse Holo - NM,,Ungraded,4000,[],"[""FIXED_PRICE""]",overstackedcards,https://i.ebayimg.com/images/g/HyQAAOSwFMloW5e9/s-l225.jpg,https://www.ebay.com/itm/156323652674?_skw=Veluza+192+Paradox+Rift+Pokemon+card&hash=item24659da442:g:HyQAAOSwFMloW5e9,"{""value"": ""19.99"", ""currency"": ""USD""}","[{""shippingCostType"": ""FIXED"", ""shippingCost"": {""value"": ""0.00"", ""currency"": ""USD""}, ""minEstimatedDeliveryDate"": ""2026-09-15T07:00:00.000Z"", ""maxEstimatedDeliveryDate"": ""2026-09-18T07:00:00.000Z""}]",,,PENDING_INDEPENDENT_HUMAN_REVIEW
D2-0113,15faf94c-4a3b-4f09-a867-f2ded1174419,98ab7334-59cd-47fa-b778-f6526e5e1276,Veluza,Paradox Rift,192,illustration_rare,v1|117388269084|0,Pokemon TCG Veluza 192/182 SV04 Paradox Rift Holo PSA 9,,Graded,2750,[],"[""FIXED_PRICE""]",poofyo101jumpmansneakers,https://i.ebayimg.com/images/g/brIAAeSwicVqlZeV/s-l225.jpg,https://www.ebay.com/itm/117388269084?_skw=Veluza+192+Paradox+Rift+Pokemon+card&hash=item1b54e2d61c:g:brIAAeSwicVqlZeV,"{""value"": ""29.99"", ""currency"": ""USD""}","[{""shippingCostType"": ""FIXED"", ""shippingCost"": {""value"": ""0.00"", ""currency"": ""USD""}, ""minEstimatedDeliveryDate"": ""2026-09-15T07:00:00.000Z"", ""maxEstimatedDeliveryDate"": ""2026-09-21T07:00:00.000Z""}]",,,PENDING_INDEPENDENT_HUMAN_REVIEW
D2-0114,15faf94c-4a3b-4f09-a867-f2ded1174419,98ab7334-59cd-47fa-b778-f6526e5e1276,Veluza,Paradox Rift,192,illustration_rare,v1|335883680450|0,Veluza 192/182 (Illustration Rare) Paradox Rift Lightly Played Pokemon TCG,,Ungraded,4000,[],"[""FIXED_PRICE""]",rz_rips,https://i.ebayimg.com/images/g/lvMAAeSwpBZn5dlC/s-l225.jpg,https://www.ebay.com/itm/335883680450?_skw=Veluza+192+Paradox+Rift+Pokemon+card&hash=item4e343a3ac2:g:lvMAAeSwpBZn5dlC,"{""value"": ""11.99"", ""currency"": ""USD""}","[{""shippingCostType"": ""CALCULATED""}]",,,PENDING_INDEPENDENT_HUMAN_REVIEW
D2-0115,15faf94c-4a3b-4f09-a867-f2ded1174419,98ab7334-59cd-47fa-b778-f6526e5e1276,Veluza,Paradox Rift,192,illustration_rare,v1|127481534744|0,2023 Paradox Rift #192/182 Veluza CGC 9.5,,Graded,2750,[],"[""FIXED_PRICE"", ""BEST_OFFER""]",bowerscollectibles,https://i.ebayimg.com/images/g/G50AAeSw8~VpSaoh/s-l225.jpg,https://www.ebay.com/itm/127481534744?_skw=Veluza+192+Paradox+Rift+Pokemon+card&hash=item1dae7dd918:g:G50AAeSw8~VpSaoh,"{""value"": ""24.97"", ""currency"": ""USD""}","[{""shippingCostType"": ""FIXED"", ""shippingCost"": {""value"": ""5.99"", ""currency"": ""USD""}, ""minEstimatedDeliveryDate"": ""2026-09-15T07:00:00.000Z"", ""maxEstimatedDeliveryDate"": ""2026-09-18T07:00:00.000Z""}]",,,PENDING_INDEPENDENT_HUMAN_REVIEW
D2-0116,15faf94c-4a3b-4f09-a867-f2ded1174419,98ab7334-59cd-47fa-b778-f6526e5e1276,Veluza,Paradox Rift,192,illustration_rare,v1|127987843227|0,Veluza NM 192/182 Holo Paradox Rift Pokemon Illustration Rare,,Ungraded,4000,[],"[""FIXED_PRICE""]",shadetreebg,https://i.ebayimg.com/images/g/vmYAAeSwR-dqYDXo/s-l225.jpg,https://www.ebay.com/itm/127987843227?_skw=Veluza+192+Paradox+Rift+Pokemon+card&hash=item1dccab809b:g:vmYAAeSwR-dqYDXo,"{""value"": ""14.31"", ""currency"": ""USD""}","[{""shippingCostType"": ""FIXED"", ""shippingCost"": {""value"": ""0.00"", ""currency"": ""USD""}, ""minEstimatedDeliveryDate"": ""2026-09-15T07:00:00.000Z"", ""maxEstimatedDeliveryDate"": ""2026-09-21T07:00:00.000Z""}]",,,PENDING_INDEPENDENT_HUMAN_REVIEW
D2-0117,15faf94c-4a3b-4f09-a867-f2ded1174419,98ab7334-59cd-47fa-b778-f6526e5e1276,Veluza,Paradox Rift,192,illustration_rare,v1|128030285314|0,Pokémon TCG Veluza Card 192/182 Paradox Rift Illustration,,Ungraded,4000,[],"[""FIXED_PRICE"", ""BEST_OFFER""]",bergstromtcg,https://i.ebayimg.com/images/g/L78AAeSwbspqgl2G/s-l225.jpg,https://www.ebay.com/itm/128030285314?_skw=Veluza+192+Paradox+Rift+Pokemon+card&hash=item1dcf331e02:g:L78AAeSwbspqgl2G,"{""value"": ""10.00"", ""currency"": ""USD""}","[{""shippingCostType"": ""CALCULATED""}]",,,PENDING_INDEPENDENT_HUMAN_REVIEW
D2-0118,15faf94c-4a3b-4f09-a867-f2ded1174419,98ab7334-59cd-47fa-b778-f6526e5e1276,Veluza,Paradox Rift,192,illustration_rare,v1|128065706457|0,Veluza Holo Illustration Rare SV04: Paradox Rift 192/182 NM,,Ungraded,4000,[],"[""FIXED_PRICE"", ""BEST_OFFER""]",lscardvault,https://i.ebayimg.com/images/g/25EAAeSwWIxqnZvD/s-l225.jpg,https://www.ebay.com/itm/128065706457?_skw=Veluza+192+Paradox+Rift+Pokemon+card&hash=item1dd14f99d9:g:25EAAeSwWIxqnZvD,"{""value"": ""11.65"", ""currency"": ""USD""}","[{""shippingCostType"": ""FIXED"", ""shippingCost"": {""value"": ""1.25"", ""currency"": ""USD""}, ""minEstimatedDeliveryDate"": ""2026-09-15T07:00:00.000Z"", ""maxEstimatedDeliveryDate"": ""2026-09-21T07:00:00.000Z""}]",,,PENDING_INDEPENDENT_HUMAN_REVIEW
D2-0119,15faf94c-4a3b-4f09-a867-f2ded1174419,98ab7334-59cd-47fa-b778-f6526e5e1276,Veluza,Paradox Rift,192,illustration_rare,v1|137010885836|0,Pokémon TCG Veluza Card 192/182 Paradox Rift Illustration,,Ungraded,4000,[],"[""FIXED_PRICE"", ""BEST_OFFER""]",cassellscards,https://i.ebayimg.com/images/g/s~sAAeSwf4Rpgjhm/s-l225.jpg,https://www.ebay.com/itm/137010885836?_skw=Veluza+192+Paradox+Rift+Pokemon+card&hash=item1fe67c34cc:g:s~sAAeSwf4Rpgjhm,"{""value"": ""5.98"", ""currency"": ""USD""}","[{""shippingCostType"": ""CALCULATED""}]",,,PENDING_INDEPENDENT_HUMAN_REVIEW
D2-0120,15faf94c-4a3b-4f09-a867-f2ded1174419,98ab7334-59cd-47fa-b778-f6526e5e1276,Veluza,Paradox Rift,192,illustration_rare,v1|137184611395|0,Veluza 192/182 Illustration Rare Pokemon Card SV04: Paradox Rift,,Ungraded,4000,[],"[""FIXED_PRICE""]",crystaltcg,https://i.ebayimg.com/images/g/a9YAAeSwQ15pzBUm/s-l225.jpg,https://www.ebay.com/itm/137184611395?_skw=Veluza+192+Paradox+Rift+Pokemon+card&hash=item1ff0d70c43:g:a9YAAeSwQ15pzBUm,"{""value"": ""16.00"", ""currency"": ""USD""}","[{""shippingCostType"": ""FIXED"", ""shippingCost"": {""value"": ""0.00"", ""currency"": ""USD""}, ""minEstimatedDeliveryDate"": ""2026-09-15T07:00:00.000Z"", ""maxEstimatedDeliveryDate"": ""2026-09-21T07:00:00.000Z""}]",,,PENDING_INDEPENDENT_HUMAN_REVIEW
D2-0121,209f02db-d953-4dde-bbd6-0822671fe1d1,eb38e2d2-2e6a-41e2-939d-335c8a5e50d1,Oshawott,White Flare,105,illustration_rare,v1|137526089875|0,Oshawott - Holo 105/086 NM SV: White Flare Pokemon Card,,Ungraded,4000,[],"[""FIXED_PRICE""]",pntpoke,https://i.ebayimg.com/images/g/PkYAAeSwIX5qW7nn/s-l225.jpg,https://www.ebay.com/itm/137526089875?_skw=Oshawott+105+White+Flare+Pokemon+card&hash=item2005319893:g:PkYAAeSwIX5qW7nn,"{""value"": ""115.00"", ""currency"": ""USD""}","[{""shippingCostType"": ""FIXED"", ""shippingCost"": {""value"": ""0.00"", ""currency"": ""USD""}, ""minEstimatedDeliveryDate"": ""2026-09-15T07:00:00.000Z"", ""maxEstimatedDeliveryDate"": ""2026-09-18T07:00:00.000Z""}]",,,PENDING_INDEPENDENT_HUMAN_REVIEW
D2-0122,209f02db-d953-4dde-bbd6-0822671fe1d1,eb38e2d2-2e6a-41e2-939d-335c8a5e50d1,Oshawott,White Flare,105,illustration_rare,v1|137687379053|0,Oshawott 105/086 Holo SV: White Flare LP Pokémon TCG,,Ungraded,4000,[],"[""FIXED_PRICE""]",thetradingpostcc,https://i.ebayimg.com/images/g/QXsAAeSwau1qlyeq/s-l225.jpg,https://www.ebay.com/itm/137687379053?_skw=Oshawott+105+White+Flare+Pokemon+card&hash=item200eceac6d:g:QXsAAeSwau1qlyeq,"{""value"": ""101.29"", ""currency"": ""USD""}","[{""shippingCostType"": ""FIXED"", ""shippingCost"": {""value"": ""6.00"", ""currency"": ""USD""}, ""minEstimatedDeliveryDate"": ""2026-09-16T07:00:00.000Z"", ""maxEstimatedDeliveryDate"": ""2026-09-23T07:00:00.000Z""}]",,,PENDING_INDEPENDENT_HUMAN_REVIEW
D2-0123,209f02db-d953-4dde-bbd6-0822671fe1d1,eb38e2d2-2e6a-41e2-939d-335c8a5e50d1,Oshawott,White Flare,105,illustration_rare,v1|137687418860|0,Oshawott 105/086 Illustration Rare White Flare Pokemon Holo Near Mint,,Ungraded,4000,[],"[""FIXED_PRICE""]",blackout-tcg,https://i.ebayimg.com/images/g/XNYAAeSwRjVqlyrh/s-l225.jpg,https://www.ebay.com/itm/137687418860?_skw=Oshawott+105+White+Flare+Pokemon+card&hash=item200ecf47ec:g:XNYAAeSwRjVqlyrh,"{""value"": ""90.69"", ""currency"": ""USD""}","[{""shippingCostType"": ""CALCULATED""}]",,,PENDING_INDEPENDENT_HUMAN_REVIEW
D2-0124,209f02db-d953-4dde-bbd6-0822671fe1d1,eb38e2d2-2e6a-41e2-939d-335c8a5e50d1,Oshawott,White Flare,105,illustration_rare,v1|157217521409|458745866820,White Flare Pokemon Cards! Holo/Reverse Holo Rare Illustration Full Art SIR Card,,Ungraded,4000,[],"[""FIXED_PRICE""]",overstackedcards,https://i.ebayimg.com/images/g/hmMAAeSwDdJoon0n/s-l225.jpg,https://www.ebay.com/itm/157217521409?_skw=Oshawott+105+White+Flare+Pokemon+card&var=458745866820&hash=item249ae4ff01:g:hmMAAeSwDdJoon0n,"{""value"": ""161.49"", ""currency"": ""USD""}","[{""shippingCostType"": ""FIXED"", ""shippingCost"": {""value"": ""0.00"", ""currency"": ""USD""}, ""minEstimatedDeliveryDate"": ""2026-09-15T07:00:00.000Z"", ""maxEstimatedDeliveryDate"": ""2026-09-18T07:00:00.000Z""}]",,,PENDING_INDEPENDENT_HUMAN_REVIEW
D2-0125,209f02db-d953-4dde-bbd6-0822671fe1d1,eb38e2d2-2e6a-41e2-939d-335c8a5e50d1,Oshawott,White Flare,105,illustration_rare,v1|407192857495|0,Pokemon,,Ungraded,4000,[],"[""FIXED_PRICE"", ""BEST_OFFER""]",javflo-53,https://i.ebayimg.com/images/g/lNQAAeSwM8Fqmt5w/s-l225.jpg,https://www.ebay.com/itm/407192857495?_skw=Oshawott+105+White+Flare+Pokemon+card&hash=item5ece95eb97:g:lNQAAeSwM8Fqmt5w,"{""value"": ""78.00"", ""currency"": ""USD""}","[{""shippingCostType"": ""CALCULATED""}]",,,PENDING_INDEPENDENT_HUMAN_REVIEW
D2-0126,209f02db-d953-4dde-bbd6-0822671fe1d1,eb38e2d2-2e6a-41e2-939d-335c8a5e50d1,Oshawott,White Flare,105,illustration_rare,v1|800643416437|0,Oshawatt Illustration 105/086 SV White Flare Edition,,Ungraded,4000,[],"[""AUCTION"", ""BEST_OFFER""]",andsalasc-0,https://i.ebayimg.com/images/g/pbUAAeSw1uFqYrPh/s-l225.jpg,https://www.ebay.com/itm/800643416437?_skw=Oshawott+105+White+Flare+Pokemon+card&hash=itemba6a110175:g:pbUAAeSw1uFqYrPh,{},[],,,PENDING_INDEPENDENT_HUMAN_REVIEW
D2-0127,209f02db-d953-4dde-bbd6-0822671fe1d1,eb38e2d2-2e6a-41e2-939d-335c8a5e50d1,Oshawott,White Flare,105,illustration_rare,v1|147440658723|0,2025 Pokemon WHT EN-White Flare Oshawott PSA 9 #105,,Graded,2750,[],"[""FIXED_PRICE""]",mobrostc,https://i.ebayimg.com/images/g/SDIAAeSw2VhqWP-p/s-l225.jpg,https://www.ebay.com/itm/147440658723?_skw=Oshawott+105+White+Flare+Pokemon+card&hash=item225425e923:g:SDIAAeSw2VhqWP-p,"{""value"": ""133.40"", ""currency"": ""USD""}","[{""shippingCostType"": ""FIXED"", ""shippingCost"": {""value"": ""0.00"", ""currency"": ""USD""}, ""minEstimatedDeliveryDate"": ""2026-09-15T07:00:00.000Z"", ""maxEstimatedDeliveryDate"": ""2026-09-21T07:00:00.000Z""}]",,,PENDING_INDEPENDENT_HUMAN_REVIEW
D2-0128,209f02db-d953-4dde-bbd6-0822671fe1d1,eb38e2d2-2e6a-41e2-939d-335c8a5e50d1,Oshawott,White Flare,105,illustration_rare,v1|157414069421|0,Oshawott 105/086 Pokemon Sv: White Flare Pokémon Extended Art Case,,Ungraded,4000,[],"[""FIXED_PRICE""]",outback_originals,https://i.ebayimg.com/images/g/9-cAAeSwrQppKx9h/s-l225.jpg,https://www.ebay.com/itm/157414069421?_skw=Oshawott+105+White+Flare+Pokemon+card&hash=item24a69c14ad:g:9-cAAeSwrQppKx9h,"{""value"": ""12.00"", ""currency"": ""USD""}","[{""shippingCostType"": ""FIXED"", ""shippingCost"": {""value"": ""5.00"", ""currency"": ""USD""}, ""minEstimatedDeliveryDate"": ""2026-09-15T07:00:00.000Z"", ""maxEstimatedDeliveryDate"": ""2026-09-18T07:00:00.000Z""}]",,,PENDING_INDEPENDENT_HUMAN_REVIEW
D2-0129,209f02db-d953-4dde-bbd6-0822671fe1d1,eb38e2d2-2e6a-41e2-939d-335c8a5e50d1,Oshawott,White Flare,105,illustration_rare,v1|137704755230|0,Oshawott 105/086 - Pokemon White Flare - Illustration Rare (NM),,Ungraded,4000,[],"[""FIXED_PRICE"", ""BEST_OFFER""]",hntrstcs,https://i.ebayimg.com/images/g/k-4AAeSwHiZqnPkL/s-l225.jpg,https://www.ebay.com/itm/137704755230?_skw=Oshawott+105+White+Flare+Pokemon+card&hash=item200fd7d01e:g:k-4AAeSwHiZqnPkL,"{""value"": ""100.19"", ""currency"": ""USD"", ""convertedFromValue"": ""139.99"", ""convertedFromCurrency"": ""AUD""}","[{""shippingCostType"": ""FIXED"", ""shippingCost"": {""value"": ""10.73"", ""currency"": ""USD"", ""convertedFromValue"": ""14.99"", ""convertedFromCurrency"": ""AUD""}, ""minEstimatedDeliveryDate"": ""2026-09-21T07:00:00.000Z"", ""maxEstimatedDeliveryDate"": ""2026-09-25T07:00:00.000Z""}]",,,PENDING_INDEPENDENT_HUMAN_REVIEW
D2-0130,209f02db-d953-4dde-bbd6-0822671fe1d1,eb38e2d2-2e6a-41e2-939d-335c8a5e50d1,Oshawott,White Flare,105,illustration_rare,v1|147536632353|0,Oshawott 105/086 Illustration Rare Full Art Holo - White Flare (English),,Ungraded,4000,[],"[""FIXED_PRICE"", ""BEST_OFFER""]",humdream,https://i.ebayimg.com/images/g/R-AAAeSwj8Nqk5C0/s-l225.jpg,https://www.ebay.com/itm/147536632353?_skw=Oshawott+105+White+Flare+Pokemon+card&hash=item2259de5a21:g:R-AAAeSwj8Nqk5C0,"{""value"": ""89.00"", ""currency"": ""USD""}",[],,,PENDING_INDEPENDENT_HUMAN_REVIEW
D2-0131,209f02db-d953-4dde-bbd6-0822671fe1d1,eb38e2d2-2e6a-41e2-939d-335c8a5e50d1,Oshawott,White Flare,105,illustration_rare,v1|147564675994|0,Oshawott 105/086 Illustration Rare White Flare Pokemon Holo Near Mint,,Ungraded,4000,[],"[""FIXED_PRICE""]",wonthetrade,https://i.ebayimg.com/images/g/sLwAAeSwzelqovqI/s-l225.jpg,https://www.ebay.com/itm/147564675994?_skw=Oshawott+105+White+Flare+Pokemon+card&hash=item225b8a439a:g:sLwAAeSwzelqovqI,"{""value"": ""110.00"", ""currency"": ""USD""}","[{""shippingCostType"": ""FIXED"", ""shippingCost"": {""value"": ""6.00"", ""currency"": ""USD""}, ""minEstimatedDeliveryDate"": ""2026-09-15T07:00:00.000Z"", ""maxEstimatedDeliveryDate"": ""2026-09-21T07:00:00.000Z""}]",,,PENDING_INDEPENDENT_HUMAN_REVIEW
D2-0132,209f02db-d953-4dde-bbd6-0822671fe1d1,eb38e2d2-2e6a-41e2-939d-335c8a5e50d1,Oshawott,White Flare,105,illustration_rare,v1|147565870533|0,White Flare #105/086 Oshawott Holo Illustration Rare 70 HP EN 2025,,Ungraded,4000,[],"[""FIXED_PRICE"", ""BEST_OFFER""]",jamotcg,https://i.ebayimg.com/images/g/prIAAeSwwDVqo8~9/s-l225.jpg,https://www.ebay.com/itm/147565870533?_skw=Oshawott+105+White+Flare+Pokemon+card&hash=item225b9c7dc5:g:prIAAeSwwDVqo8~9&amdata=enc%3AAQALAAABAACCtXRWQnOEpyOqnQQ8KGZSHlp%2BBgT6Y5j4cltUCNqAg1jiizAvzNluPiQndG8Pbq7S89s%2BVqpt0TdosqEZzEUFo32ollKQstLMyhsueAQOtpKUct4sdyvbqLul%2BCFrc6ymAedAvM2PjIS%2BLDn8prnew0WkdJqBBCPpL0rDhZUqmzaRZpGLtQPKkrj7BVIccEay%2BsUVhVPfl%2Fl3AkUMSipiUl%2B8ckIEvAloqfX8q%2B%2Bwd%2FoVQ9lBJ45mkIxbvHfkIGJaHJ2lLanZ97qw4tvaYuZlckqCy4VECX84iji5AKAT7RsZPDFUGW%2FpMez9aXq29UqIzROKhPvldrrBJxNA8ao%3D,"{""value"": ""95.00"", ""currency"": ""USD""}","[{""shippingCostType"": ""CALCULATED""}]",,,PENDING_INDEPENDENT_HUMAN_REVIEW
D2-0133,209f02db-d953-4dde-bbd6-0822671fe1d1,eb38e2d2-2e6a-41e2-939d-335c8a5e50d1,Oshawott,White Flare,105,illustration_rare,v1|158143293203|0,Oshawott Illustration Rare SV White Flare #105/086 Pokémon TCG,,Ungraded,4000,[],"[""FIXED_PRICE""]",the_gallant,https://i.ebayimg.com/images/g/iuwAAeSw5eRqbgj~/s-l225.jpg,https://www.ebay.com/itm/158143293203?_skw=Oshawott+105+White+Flare+Pokemon+card&hash=item24d2132713:g:iuwAAeSw5eRqbgj~,"{""value"": ""81.99"", ""currency"": ""USD""}","[{""shippingCostType"": ""FIXED"", ""shippingCost"": {""value"": ""9.99"", ""currency"": ""USD""}, ""minEstimatedDeliveryDate"": ""2026-09-15T07:00:00.000Z"", ""maxEstimatedDeliveryDate"": ""2026-09-18T07:00:00.000Z""}]",,,PENDING_INDEPENDENT_HUMAN_REVIEW
D2-0134,209f02db-d953-4dde-bbd6-0822671fe1d1,eb38e2d2-2e6a-41e2-939d-335c8a5e50d1,Oshawott,White Flare,105,illustration_rare,v1|158215828156|0,Oshawott Illustration Rare Water Holo SV White Flare #105/086 Pokémon TCG,,Ungraded,4000,[],"[""FIXED_PRICE"", ""BEST_OFFER""]",nberggren87,https://i.ebayimg.com/images/g/2VUAAeSwiIVqiuHz/s-l225.jpg,https://www.ebay.com/itm/158215828156?_skw=Oshawott+105+White+Flare+Pokemon+card&hash=item24d665f2bc:g:2VUAAeSwiIVqiuHz,"{""value"": ""90.00"", ""currency"": ""USD""}","[{""shippingCostType"": ""FIXED"", ""shippingCost"": {""value"": ""8.00"", ""currency"": ""USD""}, ""minEstimatedDeliveryDate"": ""2026-09-15T07:00:00.000Z"", ""maxEstimatedDeliveryDate"": ""2026-09-21T07:00:00.000Z""}]",,,PENDING_INDEPENDENT_HUMAN_REVIEW
D2-0135,209f02db-d953-4dde-bbd6-0822671fe1d1,eb38e2d2-2e6a-41e2-939d-335c8a5e50d1,Oshawott,White Flare,105,illustration_rare,v1|168451217537|0,Oshawott - Illustration Rare SV: White Flare 105/086 Holo NM,,Ungraded,4000,[],"[""FIXED_PRICE"", ""BEST_OFFER""]",gem.state.gems,https://i.ebayimg.com/images/g/BeIAAeSwt5tqK1zP/s-l225.jpg,https://www.ebay.com/itm/168451217537?_skw=Oshawott+105+White+Flare+Pokemon+card&hash=item2738799881:g:BeIAAeSwt5tqK1zP,"{""value"": ""99.99"", ""currency"": ""USD""}","[{""shippingCostType"": ""CALCULATED""}]",,,PENDING_INDEPENDENT_HUMAN_REVIEW
D2-0136,21e9ddc5-2751-4886-9e08-a1c6e2cc14e4,53abbd65-a601-4185-b08c-3721e963fa3d,Kyurem ex,Black Bolt,165,special_illustration_rare,v1|117339340257|0,Kyurem ex - Special Illustration Rare 165/086 SV: Black Bolt NM chibi,,Ungraded,4000,[],"[""FIXED_PRICE""]",newleafcollectibles-tx,https://i.ebayimg.com/images/g/cZ0AAeSwAQ9qcUbn/s-l225.jpg,https://www.ebay.com/itm/117339340257?_skw=Kyurem+ex+165+Black+Bolt+Pokemon+card&hash=item1b51f83de1:g:cZ0AAeSwAQ9qcUbn,"{""value"": ""94.99"", ""currency"": ""USD""}","[{""shippingCostType"": ""FIXED"", ""shippingCost"": {""value"": ""0.00"", ""currency"": ""USD""}, ""minEstimatedDeliveryDate"": ""2026-09-15T07:00:00.000Z"", ""maxEstimatedDeliveryDate"": ""2026-09-18T07:00:00.000Z""}]",,,PENDING_INDEPENDENT_HUMAN_REVIEW
D2-0137,21e9ddc5-2751-4886-9e08-a1c6e2cc14e4,53abbd65-a601-4185-b08c-3721e963fa3d,Kyurem ex,Black Bolt,165,special_illustration_rare,v1|128060622623|0,Pokémon TCG Kyurem ex 165/086 Sv: Black Bolt SIR English,,Ungraded,4000,[],"[""FIXED_PRICE"", ""BEST_OFFER""]",omnivtg,https://i.ebayimg.com/images/g/u9gAAeSwe9Zqmh0b/s-l225.jpg,https://www.ebay.com/itm/128060622623?_skw=Kyurem+ex+165+Black+Bolt+Pokemon+card&hash=item1dd102071f:g:u9gAAeSwe9Zqmh0b,"{""value"": ""78.99"", ""currency"": ""USD""}","[{""shippingCostType"": ""CALCULATED""}]",,,PENDING_INDEPENDENT_HUMAN_REVIEW
D2-0138,21e9ddc5-2751-4886-9e08-a1c6e2cc14e4,53abbd65-a601-4185-b08c-3721e963fa3d,Kyurem ex,Black Bolt,165,special_illustration_rare,v1|128062607734|0,Pokemon card Kyurem ex 165/086 Sv: Black Bolt Holo,,Ungraded,4000,[],"[""FIXED_PRICE""]",nel-collector,https://i.ebayimg.com/images/g/ywoAAeSwjhxqm2Fe/s-l225.jpg,https://www.ebay.com/itm/128062607734?_skw=Kyurem+ex+165+Black+Bolt+Pokemon+card&hash=item1dd1205176:g:ywoAAeSwjhxqm2Fe,"{""value"": ""74.95"", ""currency"": ""USD""}","[{""shippingCostType"": ""CALCULATED""}]",,,PENDING_INDEPENDENT_HUMAN_REVIEW
D2-0139,21e9ddc5-2751-4886-9e08-a1c6e2cc14e4,53abbd65-a601-4185-b08c-3721e963fa3d,Kyurem ex,Black Bolt,165,special_illustration_rare,v1|336753799143|0,Pokemon TCG Kyurem EX Full Art Holo Ultra Rare 230 HP 165/086 Plasma Storm 2013,,Ungraded,4000,[],"[""FIXED_PRICE"", ""BEST_OFFER""]",omsan-62,https://i.ebayimg.com/images/g/qvYAAeSwFLNqh-TJ/s-l225.jpg,https://www.ebay.com/itm/336753799143?_skw=Kyurem+ex+165+Black+Bolt+Pokemon+card&hash=item4e68172fe7:g:qvYAAeSwFLNqh-TJ,"{""value"": ""82.00"", ""currency"": ""USD""}","[{""shippingCostType"": ""CALCULATED""}]",,,PENDING_INDEPENDENT_HUMAN_REVIEW
D2-0140,21e9ddc5-2751-4886-9e08-a1c6e2cc14e4,53abbd65-a601-4185-b08c-3721e963fa3d,Kyurem ex,Black Bolt,165,special_illustration_rare,v1|147326063439|0,Kyurem 165/086 Special Illustration Rare Full Art Black Bolt Pokemon TCG Holo,,Ungraded,4000,[],"[""FIXED_PRICE""]",ezcollect26,https://i.ebayimg.com/images/g/eEYAAeSwgsVqDsRG/s-l225.jpg,https://www.ebay.com/itm/147326063439?_skw=Kyurem+ex+165+Black+Bolt+Pokemon+card&hash=item224d51534f:g:eEYAAeSwgsVqDsRG,"{""value"": ""80.00"", ""currency"": ""USD""}","[{""shippingCostType"": ""FIXED"", ""shippingCost"": {""value"": ""6.99"", ""currency"": ""USD""}, ""minEstimatedDeliveryDate"": ""2026-09-14T07:00:00.000Z"", ""maxEstimatedDeliveryDate"": ""2026-09-16T07:00:00.000Z""}]",,,PENDING_INDEPENDENT_HUMAN_REVIEW
D2-0141,21e9ddc5-2751-4886-9e08-a1c6e2cc14e4,53abbd65-a601-4185-b08c-3721e963fa3d,Kyurem ex,Black Bolt,165,special_illustration_rare,v1|157214137167|458705598692,Black Bolt Pokemon Cards! Holo/Reverse Holo Rare Illustration Full Art SIR Card!,,Ungraded,4000,[],"[""FIXED_PRICE""]",overstackedcards,https://i.ebayimg.com/images/g/2cEAAeSwvwVojZHi/s-l225.jpg,https://www.ebay.com/itm/157214137167?_skw=Kyurem+ex+165+Black+Bolt+Pokemon+card&var=458705598692&hash=item249ab15b4f:g:2cEAAeSwvwVojZHi,"{""value"": ""132.99"", ""currency"": ""USD""}","[{""shippingCostType"": ""FIXED"", ""shippingCost"": {""value"": ""0.00"", ""currency"": ""USD""}, ""minEstimatedDeliveryDate"": ""2026-09-15T07:00:00.000Z"", ""maxEstimatedDeliveryDate"": ""2026-09-18T07:00:00.000Z""}]",,,PENDING_INDEPENDENT_HUMAN_REVIEW
D2-0142,21e9ddc5-2751-4886-9e08-a1c6e2cc14e4,53abbd65-a601-4185-b08c-3721e963fa3d,Kyurem ex,Black Bolt,165,special_illustration_rare,v1|117071068194|0,2025 POKEMON BLK EN-BLACK BOLT SPECIAL ILLUSTRATION RARE #165 KYUREM EX PSA 9,,Graded,2750,[],"[""FIXED_PRICE""]",mesomarket,https://i.ebayimg.com/images/g/lz4AAeSwEGZpqVmn/s-l225.jpg,https://www.ebay.com/itm/117071068194?_skw=Kyurem+ex+165+Black+Bolt+Pokemon+card&hash=item1b41fabc22:g:lz4AAeSwEGZpqVmn,"{""value"": ""179.99"", ""currency"": ""USD""}","[{""shippingCostType"": ""FIXED"", ""shippingCost"": {""value"": ""0.00"", ""currency"": ""USD""}, ""minEstimatedDeliveryDate"": ""2026-09-15T07:00:00.000Z"", ""maxEstimatedDeliveryDate"": ""2026-09-18T07:00:00.000Z""}]",,,PENDING_INDEPENDENT_HUMAN_REVIEW
D2-0143,21e9ddc5-2751-4886-9e08-a1c6e2cc14e4,53abbd65-a601-4185-b08c-3721e963fa3d,Kyurem ex,Black Bolt,165,special_illustration_rare,v1|188818333209|0,Pokemon Kyurem ex 165/086 SIR Black Bolt Extended Art Binder Insert 3x3 9-Pocket,,Ungraded,4000,[],"[""FIXED_PRICE"", ""BEST_OFFER""]",the-alt-art-co,https://i.ebayimg.com/images/g/xHUAAeSw5NJqhgCz/s-l225.jpg,https://www.ebay.com/itm/188818333209?_skw=Kyurem+ex+165+Black+Bolt+Pokemon+card&hash=item2bf6731e19:g:xHUAAeSw5NJqhgCz&amdata=enc%3AAQALAAABAACCtXRWQnOEpyOqnQQ8KGY0%2BH0F4L7CUih3RKnTeCwOixSx3aSYSXQusNDYLt%2Bjy%2FAHXeOuAzAETgkgfBXbFK48zo28llXphRDYLE7NSgkaAk1eh5z9SptC7lQ9MfZJXUehVKkB7IbtGa5cDM1cc05GZKcPyYJRk5sDnkqN6fEN2fNCLWWs8COqZ%2BipcIByyaF4P8hYc%2FOze6mPHRmLOJXa1zx8%2FNQP%2FTLSxjDiRqtbVFRuKAX4kbzl8Hp2L5dBYrd6%2BOi0DnHMMrKYOFqZ%2BLqrU9b%2FL6845JYRyma645lfgN1f4TZUiRlGdk%2FW%2BIxCVOCBlzZOR0XIAz%2FlEWbqwgA%3D,"{""value"": ""18.47"", ""currency"": ""USD"", ""convertedFromValue"": ""13.67"", ""convertedFromCurrency"": ""GBP""}","[{""shippingCostType"": ""FIXED"", ""shippingCost"": {""value"": ""6.73"", ""currency"": ""USD"", ""convertedFromValue"": ""4.98"", ""convertedFromCurrency"": ""GBP""}, ""minEstimatedDeliveryDate"": ""2026-09-17T07:00:00.000Z"", ""maxEstimatedDeliveryDate"": ""2026-09-30T07:00:00.000Z""}]",,,PENDING_INDEPENDENT_HUMAN_REVIEW
D2-0144,21e9ddc5-2751-4886-9e08-a1c6e2cc14e4,53abbd65-a601-4185-b08c-3721e963fa3d,Kyurem ex,Black Bolt,165,special_illustration_rare,v1|117405041756|0,2025 POKEMON BLK EN-BLACK BOLT SPECIAL ILLUSTRATION RARE #165 KYUREM EX PSA 9,,Graded,2750,[],"[""FIXED_PRICE"", ""BEST_OFFER""]",digitallyvee,https://i.ebayimg.com/images/g/dYQAAeSwoiJqofca/s-l225.jpg,https://www.ebay.com/itm/117405041756?_skw=Kyurem+ex+165+Black+Bolt+Pokemon+card&hash=item1b55e2c45c:g:dYQAAeSwoiJqofca,"{""value"": ""79.95"", ""currency"": ""USD""}","[{""shippingCostType"": ""CALCULATED""}]",,,PENDING_INDEPENDENT_HUMAN_REVIEW
D2-0145,21e9ddc5-2751-4886-9e08-a1c6e2cc14e4,53abbd65-a601-4185-b08c-3721e963fa3d,Kyurem ex,Black Bolt,165,special_illustration_rare,v1|127950620213|0,Kyurem ex 165/086 Sv: Black Bolt Holo PSA 10,,Graded,2750,[],"[""FIXED_PRICE""]",base_set_dad,https://i.ebayimg.com/images/g/oZQAAeSw509qRH4X/s-l225.jpg,https://www.ebay.com/itm/127950620213?_skw=Kyurem+ex+165+Black+Bolt+Pokemon+card&hash=item1dca738635:g:oZQAAeSw509qRH4X,"{""value"": ""274.00"", ""currency"": ""USD""}","[{""shippingCostType"": ""FIXED"", ""shippingCost"": {""value"": ""4.99"", ""currency"": ""USD""}, ""minEstimatedDeliveryDate"": ""2026-09-14T07:00:00.000Z"", ""maxEstimatedDeliveryDate"": ""2026-09-17T07:00:00.000Z""}]",,,PENDING_INDEPENDENT_HUMAN_REVIEW
D2-0146,21e9ddc5-2751-4886-9e08-a1c6e2cc14e4,53abbd65-a601-4185-b08c-3721e963fa3d,Kyurem ex,Black Bolt,165,special_illustration_rare,v1|128038730617|0,The Pokémon Company 2025 Kyurem ex 165/086 Sv: Black Bolt SIR Holo PSA 10 EN,,Graded,2750,[],"[""FIXED_PRICE""]",nocalnick,https://i.ebayimg.com/images/g/7nMAAeSwuxVqiP8t/s-l225.jpg,https://www.ebay.com/itm/128038730617?_skw=Kyurem+ex+165+Black+Bolt+Pokemon+card&hash=item1dcfb3fb79:g:7nMAAeSwuxVqiP8t,"{""value"": ""199.97"", ""currency"": ""USD""}","[{""shippingCostType"": ""CALCULATED""}]",,,PENDING_INDEPENDENT_HUMAN_REVIEW
D2-0147,21e9ddc5-2751-4886-9e08-a1c6e2cc14e4,53abbd65-a601-4185-b08c-3721e963fa3d,Kyurem ex,Black Bolt,165,special_illustration_rare,v1|128071209472|0,Pokémon Kyurem EX Black Bolt Special Illustration Rare Card 165/086 NM,,Ungraded,4000,[],"[""FIXED_PRICE"", ""BEST_OFFER""]",zaetcg,https://i.ebayimg.com/images/g/GJ4AAeSw1WNqodZ5/s-l225.jpg,https://www.ebay.com/itm/128071209472?_skw=Kyurem+ex+165+Black+Bolt+Pokemon+card&hash=item1dd1a39200:g:GJ4AAeSw1WNqodZ5,"{""value"": ""70.00"", ""currency"": ""USD""}","[{""shippingCostType"": ""CALCULATED""}]",,,PENDING_INDEPENDENT_HUMAN_REVIEW
D2-0148,21e9ddc5-2751-4886-9e08-a1c6e2cc14e4,53abbd65-a601-4185-b08c-3721e963fa3d,Kyurem ex,Black Bolt,165,special_illustration_rare,v1|137240712433|0,Pokémon Kyurem EX 165/086 Sv: Black Bolt Holo Special Illustration Rare 230 HP,,Ungraded,4000,[],"[""FIXED_PRICE"", ""BEST_OFFER""]",aleden-1938,https://i.ebayimg.com/images/g/7aoAAeSwaERp5VWi/s-l225.jpg,https://www.ebay.com/itm/137240712433?_skw=Kyurem+ex+165+Black+Bolt+Pokemon+card&hash=item1ff42f14f1:g:7aoAAeSwaERp5VWi,"{""value"": ""80.00"", ""currency"": ""USD""}","[{""shippingCostType"": ""CALCULATED""}]",,,PENDING_INDEPENDENT_HUMAN_REVIEW
D2-0149,21e9ddc5-2751-4886-9e08-a1c6e2cc14e4,53abbd65-a601-4185-b08c-3721e963fa3d,Kyurem ex,Black Bolt,165,special_illustration_rare,v1|137421778465|0,2025 Pokémon BLK EN Kyurem Ex Special Illustration Rare PSA 10 Gem,,Graded,2750,[],"[""FIXED_PRICE"", ""BEST_OFFER""]",ravens6957,https://i.ebayimg.com/images/g/X58AAeSwV0tqMTJ1/s-l225.jpg,https://www.ebay.com/itm/137421778465?_skw=Kyurem+ex+165+Black+Bolt+Pokemon+card&hash=item1ffef9ee21:g:X58AAeSwV0tqMTJ1&amdata=enc%3AAQALAAABAACCtXRWQnOEpyOqnQQ8KGYL5Lajf%2FyGy1MXGh9FIjAxZ35mudJe3%2B%2Fs5h0nMiBoWUjqwt9XGn95zqSh6%2Bk6XvNwAFBRLvw9ZOrwd6V3E%2FNY9ZtGvjJwy%2BmUshPKNG7Qkv3Qpp1qcRv83jkFSc34elo0PaG6PMpSfTyBjjwauuWyHV8CIuNORxRP7GXlx0ENOmCdfMtB2r%2FdEDShN8M%2FI45MOMK7verHKTeRnppt56yuuhmfbJ%2Bw1FfE1FtLBbFOI8Xwi75etBLmPKwQaQksK1ArOLBvZg5%2F23eheTN8GF3V8%2FGgrw5iJdBHfLKdpDaFAfMcEjLTVNEQq5UWUX%2Bx7yI%3D,"{""value"": ""260.00"", ""currency"": ""USD""}","[{""shippingCostType"": ""FIXED"", ""shippingCost"": {""value"": ""10.50"", ""currency"": ""USD""}, ""minEstimatedDeliveryDate"": ""2026-09-15T07:00:00.000Z"", ""maxEstimatedDeliveryDate"": ""2026-09-21T07:00:00.000Z""}]",,,PENDING_INDEPENDENT_HUMAN_REVIEW
D2-0150,21e9ddc5-2751-4886-9e08-a1c6e2cc14e4,53abbd65-a601-4185-b08c-3721e963fa3d,Kyurem ex,Black Bolt,165,special_illustration_rare,v1|137687418857|0,Kyurem ex 165/086 Holo Special Illustration Rare Black Bolt Pokemon Near Mint,,Ungraded,4000,[],"[""FIXED_PRICE""]",blackout-tcg,https://i.ebayimg.com/images/g/JG4AAeSwfPFqlysd/s-l225.jpg,https://www.ebay.com/itm/137687418857?_skw=Kyurem+ex+165+Black+Bolt+Pokemon+card&hash=item200ecf47e9:g:JG4AAeSwfPFqlysd,"{""value"": ""75.78"", ""currency"": ""USD""}","[{""shippingCostType"": ""CALCULATED""}]",,,PENDING_INDEPENDENT_HUMAN_REVIEW
D2-0151,23d6bd35-bbf0-49b2-911e-4949e66ff8bb,9326d67b-4017-4430-ac3c-bae6eb088be7,Pachirisu,Paldean Fates,138,shiny_rare,v1|128053173194|0,Pachirisu 138/091 SV: Paldean Fates Shiny Rare Holo English 70 HP Basic,,Ungraded,4000,[],"[""FIXED_PRICE"", ""BEST_OFFER""]",alpres_76,https://i.ebayimg.com/images/g/LzgAAeSw3EVqlQq-/s-l225.jpg,https://www.ebay.com/itm/128053173194?_skw=Pachirisu+138+Paldean+Fates+Pokemon+card&hash=item1dd0905bca:g:LzgAAeSw3EVqlQq-,"{""value"": ""10.13"", ""currency"": ""USD""}","[{""shippingCostType"": ""CALCULATED""}]",,,PENDING_INDEPENDENT_HUMAN_REVIEW
D2-0152,23d6bd35-bbf0-49b2-911e-4949e66ff8bb,9326d67b-4017-4430-ac3c-bae6eb088be7,Pachirisu,Paldean Fates,138,shiny_rare,v1|147434677442|0,Pachirisu 138/091 SV: Paldean Fates Holo,,Ungraded,4000,[],"[""FIXED_PRICE"", ""BEST_OFFER""]",pikadreww,https://i.ebayimg.com/images/g/5SwAAeSwPpdqVXj3/s-l225.jpg,https://www.ebay.com/itm/147434677442?_skw=Pachirisu+138+Paldean+Fates+Pokemon+card&hash=item2253caa4c2:g:5SwAAeSwPpdqVXj3,"{""value"": ""10.00"", ""currency"": ""USD""}","[{""shippingCostType"": ""CALCULATED""}]",,,PENDING_INDEPENDENT_HUMAN_REVIEW
D2-0153,23d6bd35-bbf0-49b2-911e-4949e66ff8bb,9326d67b-4017-4430-ac3c-bae6eb088be7,Pachirisu,Paldean Fates,138,shiny_rare,v1|158273381194|0,Pokémon TCG Pachirisu Paldean Fates Baby Shiny Holo Rare 138/091 NM!,,Ungraded,4000,[],"[""FIXED_PRICE""]",lootexchange,https://i.ebayimg.com/images/g/6HMAAeSw5fpqoNTA/s-l225.jpg,https://www.ebay.com/itm/158273381194?_skw=Pachirisu+138+Paldean+Fates+Pokemon+card&hash=item24d9d4234a:g:6HMAAeSw5fpqoNTA,"{""value"": ""11.25"", ""currency"": ""USD""}","[{""shippingCostType"": ""CALCULATED""}]",,,PENDING_INDEPENDENT_HUMAN_REVIEW
D2-0154,23d6bd35-bbf0-49b2-911e-4949e66ff8bb,9326d67b-4017-4430-ac3c-bae6eb088be7,Pachirisu,Paldean Fates,138,shiny_rare,v1|206514827799|0,Pachirisu 138/091 Holo NM,,Ungraded,4000,[],"[""FIXED_PRICE""]",cardforge-tcg,https://i.ebayimg.com/images/g/MBwAAeSwpPFqoIDv/s-l225.jpg,https://www.ebay.com/itm/206514827799?_skw=Pachirisu+138+Paldean+Fates+Pokemon+card&hash=item30153e3217:g:MBwAAeSwpPFqoIDv&amdata=enc%3AAQALAAABEACCtXRWQnOEpyOqnQQ8KGZpJlxPH9oq%2F3hSbZ%2B8E%2BmUY%2FcdEYoD9M%2FGZfo5VVhmmH4ZJO982gP0rdX2CcsGFJUmiWz73GYitvflPV4kTze8WI2y%2FqWIw9AapmVuemXGz9WuBOsTMctOQ%2FAzP584WDyOQobjN0US1X4RrZoW5YSc%2FYKOYNyXGW0ZV9TIVIxRicdSAsI5E6UCmJ0AvI7XRndSDF4vsXhzQQw7PR%2B%2BwGMTgUuwQtiWMMrc2JTRaUBl96KgfE%2BwrFnO0gzTOWtpm488yEnDEb2LFQW%2BAdeXkhIZJfsVerz9VDSjQnH4Nam7gzpnlzUgkRzhCMViD2S4DMuKrDB%2BccRJHaZ8ETSj1QiC,"{""value"": ""16.88"", ""currency"": ""USD"", ""convertedFromValue"": ""12.49"", ""convertedFromCurrency"": ""GBP""}",[],,,PENDING_INDEPENDENT_HUMAN_REVIEW
D2-0155,23d6bd35-bbf0-49b2-911e-4949e66ff8bb,9326d67b-4017-4430-ac3c-bae6eb088be7,Pachirisu,Paldean Fates,138,shiny_rare,v1|800529131781|0,Pachirisu Holofoil [PAF - 138/091],,Ungraded,4000,[],"[""FIXED_PRICE""]",knucklezcardco,https://i.ebayimg.com/images/g/lyEAAeSwSUlqhGTs/s-l225.jpg,https://www.ebay.com/itm/800529131781?_skw=Pachirisu+138+Paldean+Fates+Pokemon+card&hash=itemba63412905:g:lyEAAeSwSUlqhGTs,"{""value"": ""12.39"", ""currency"": ""USD""}","[{""shippingCostType"": ""FIXED"", ""shippingCost"": {""value"": ""0.00"", ""currency"": ""USD""}, ""minEstimatedDeliveryDate"": ""2026-09-15T07:00:00.000Z"", ""maxEstimatedDeliveryDate"": ""2026-09-19T07:00:00.000Z""}]",,,PENDING_INDEPENDENT_HUMAN_REVIEW
D2-0156,23d6bd35-bbf0-49b2-911e-4949e66ff8bb,9326d67b-4017-4430-ac3c-bae6eb088be7,Pachirisu,Paldean Fates,138,shiny_rare,v1|157101355863|458600933212,Shiny Pokémon Cards! Holo Rare Fates Shining EX V VMAX Promo - Choose Your Card!,,Ungraded,4000,[],"[""FIXED_PRICE""]",overstackedcards,https://i.ebayimg.com/images/g/8dwAAOSwRGNoT0QG/s-l225.jpg,https://www.ebay.com/itm/157101355863?_skw=Pachirisu+138+Paldean+Fates+Pokemon+card&hash=item2493f87357:g:8dwAAOSwRGNoT0QG,"{""value"": ""18.99"", ""currency"": ""USD""}","[{""shippingCostType"": ""FIXED"", ""shippingCost"": {""value"": ""0.00"", ""currency"": ""USD""}, ""minEstimatedDeliveryDate"": ""2026-09-15T07:00:00.000Z"", ""maxEstimatedDeliveryDate"": ""2026-09-18T07:00:00.000Z""}]",,,PENDING_INDEPENDENT_HUMAN_REVIEW
D2-0157,23d6bd35-bbf0-49b2-911e-4949e66ff8bb,9326d67b-4017-4430-ac3c-bae6eb088be7,Pachirisu,Paldean Fates,138,shiny_rare,v1|227150554736|526683536668,Pokemon Trading Card Sword & Shield/Scarlet & Violet Shiny: Choose Your Card,,Ungraded,4000,[],"[""FIXED_PRICE""]",calebdann1,https://i.ebayimg.com/images/g/C6gAAeSws5tpUZKU/s-l225.jpg,https://www.ebay.com/itm/227150554736?_skw=Pachirisu+138+Paldean+Fates+Pokemon+card&hash=item34e33a6670:g:C6gAAeSws5tpUZKU,"{""value"": ""12.99"", ""currency"": ""USD""}","[{""shippingCostType"": ""CALCULATED""}]",,,PENDING_INDEPENDENT_HUMAN_REVIEW
D2-0158,23d6bd35-bbf0-49b2-911e-4949e66ff8bb,9326d67b-4017-4430-ac3c-bae6eb088be7,Pachirisu,Paldean Fates,138,shiny_rare,v1|306424277790|606387734951,Pokemon SV Paldean Fates Shiny Choose Your Card! Ultra Rare ex Near Mint NM,,Ungraded,4000,[],"[""FIXED_PRICE""]",diazpokemon,https://i.ebayimg.com/images/g/ZV0AAeSwybxo8z8K/s-l225.jpg,https://www.ebay.com/itm/306424277790?_skw=Pachirisu+138+Paldean+Fates+Pokemon+card&hash=item47584f6b1e:g:ZV0AAeSwybxo8z8K,"{""value"": ""15.00"", ""currency"": ""USD""}","[{""shippingCostType"": ""FIXED"", ""shippingCost"": {""value"": ""0.00"", ""currency"": ""USD""}, ""minEstimatedDeliveryDate"": ""2026-09-16T07:00:00.000Z"", ""maxEstimatedDeliveryDate"": ""2026-09-23T07:00:00.000Z""}]",,,PENDING_INDEPENDENT_HUMAN_REVIEW
D2-0159,23d6bd35-bbf0-49b2-911e-4949e66ff8bb,9326d67b-4017-4430-ac3c-bae6eb088be7,Pachirisu,Paldean Fates,138,shiny_rare,v1|227500260100|0,Pachirisu 138 Pokemon Paf En-Paldean Fates PSA 9,,Graded,2750,[],"[""FIXED_PRICE"", ""BEST_OFFER""]",w2cllc,https://i.ebayimg.com/images/g/7vUAAeSwgW9qlmtR/s-l225.jpg,https://www.ebay.com/itm/227500260100?_skw=Pachirisu+138+Paldean+Fates+Pokemon+card&hash=item34f8127b04:g:7vUAAeSwgW9qlmtR,"{""value"": ""149.99"", ""currency"": ""USD""}","[{""shippingCostType"": ""CALCULATED""}]",,,PENDING_INDEPENDENT_HUMAN_REVIEW
D2-0160,23d6bd35-bbf0-49b2-911e-4949e66ff8bb,9326d67b-4017-4430-ac3c-bae6eb088be7,Pachirisu,Paldean Fates,138,shiny_rare,v1|188464475882|0,Pachirisu 138/091 Shiny Rare Paldean Fates Pokemon Lightly Played,,Ungraded,4000,[],"[""FIXED_PRICE"", ""BEST_OFFER""]",tcgdans,https://i.ebayimg.com/images/g/iqcAAeSww3lqIQDt/s-l225.jpg,https://www.ebay.com/itm/188464475882?_skw=Pachirisu+138+Paldean+Fates+Pokemon+card&hash=item2be15baeea:g:iqcAAeSww3lqIQDt,"{""value"": ""12.64"", ""currency"": ""USD"", ""convertedFromValue"": ""17.49"", ""convertedFromCurrency"": ""CAD""}","[{""shippingCostType"": ""FIXED"", ""shippingCost"": {""value"": ""2.71"", ""currency"": ""USD"", ""convertedFromValue"": ""3.75"", ""convertedFromCurrency"": ""CAD""}, ""minEstimatedDeliveryDate"": ""2026-09-23T07:00:00.000Z"", ""maxEstimatedDeliveryDate"": ""2026-10-06T07:00:00.000Z""}]",,,PENDING_INDEPENDENT_HUMAN_REVIEW
D2-0161,23d6bd35-bbf0-49b2-911e-4949e66ff8bb,9326d67b-4017-4430-ac3c-bae6eb088be7,Pachirisu,Paldean Fates,138,shiny_rare,v1|168469135463|0,Pachirisu Shiny Holo Rare SV 138/091 Paldean Fates Pokémon TCG NM,,Ungraded,4000,[],"[""FIXED_PRICE""]",panic_at_the_hobby_shop,https://i.ebayimg.com/images/g/pzIAAeSwag5qM09s/s-l225.jpg,https://www.ebay.com/itm/168469135463?_skw=Pachirisu+138+Paldean+Fates+Pokemon+card&hash=item27398b0067:g:pzIAAeSwag5qM09s,"{""value"": ""15.67"", ""currency"": ""USD""}","[{""shippingCostType"": ""FIXED"", ""shippingCost"": {""value"": ""0.00"", ""currency"": ""USD""}, ""minEstimatedDeliveryDate"": ""2026-09-15T07:00:00.000Z"", ""maxEstimatedDeliveryDate"": ""2026-09-21T07:00:00.000Z""}]",,,PENDING_INDEPENDENT_HUMAN_REVIEW
D2-0162,23d6bd35-bbf0-49b2-911e-4949e66ff8bb,9326d67b-4017-4430-ac3c-bae6eb088be7,Pachirisu,Paldean Fates,138,shiny_rare,v1|168546001285|0,Pachirisu 138/091 - Paldean Fates Pokemon Card - NM,,Ungraded,4000,[],"[""FIXED_PRICE"", ""BEST_OFFER""]",jarogeliii,https://i.ebayimg.com/images/g/P0oAAeSwgm9qXBl5/s-l225.jpg,https://www.ebay.com/itm/168546001285?_skw=Pachirisu+138+Paldean+Fates+Pokemon+card&hash=item273e1fe185:g:P0oAAeSwgm9qXBl5,"{""value"": ""13.37"", ""currency"": ""USD"", ""convertedFromValue"": ""18.50"", ""convertedFromCurrency"": ""CAD""}","[{""shippingCostType"": ""FIXED"", ""shippingCost"": {""value"": ""3.61"", ""currency"": ""USD"", ""convertedFromValue"": ""5.00"", ""convertedFromCurrency"": ""CAD""}, ""minEstimatedDeliveryDate"": ""2026-09-30T07:00:00.000Z"", ""maxEstimatedDeliveryDate"": ""2026-10-14T07:00:00.000Z""}]",,,PENDING_INDEPENDENT_HUMAN_REVIEW
D2-0163,23d6bd35-bbf0-49b2-911e-4949e66ff8bb,9326d67b-4017-4430-ac3c-bae6eb088be7,Pachirisu,Paldean Fates,138,shiny_rare,v1|178258237247|0,Pachirisu 138/091 - Shiny Holo Rare - Paldean Fates Pokemon Card,,Ungraded,4000,[],"[""FIXED_PRICE""]",tcgjohny,https://i.ebayimg.com/images/g/hxoAAeSwQONqPuvY/s-l225.jpg,https://www.ebay.com/itm/178258237247?_skw=Pachirisu+138+Paldean+Fates+Pokemon+card&hash=item298104d73f:g:hxoAAeSwQONqPuvY,"{""value"": ""13.51"", ""currency"": ""USD"", ""convertedFromValue"": ""10.00"", ""convertedFromCurrency"": ""GBP""}",[],,,PENDING_INDEPENDENT_HUMAN_REVIEW
D2-0164,23d6bd35-bbf0-49b2-911e-4949e66ff8bb,9326d67b-4017-4430-ac3c-bae6eb088be7,Pachirisu,Paldean Fates,138,shiny_rare,v1|188581633775|0,Pachirisu 138/091 Pokemon Paldean Fates Shiny Rare Near Mint (NM) 2024,,Ungraded,4000,[],"[""FIXED_PRICE"", ""BEST_OFFER""]",trailwoodcolllectables,https://i.ebayimg.com/images/g/ewMAAeSwsXNqRATe/s-l225.jpg,https://www.ebay.com/itm/188581633775?_skw=Pachirisu+138+Paldean+Fates+Pokemon+card&hash=item2be8575eef:g:ewMAAeSwsXNqRATe,"{""value"": ""10.84"", ""currency"": ""USD"", ""convertedFromValue"": ""15.00"", ""convertedFromCurrency"": ""CAD""}","[{""shippingCostType"": ""FIXED"", ""shippingCost"": {""value"": ""3.61"", ""currency"": ""USD"", ""convertedFromValue"": ""5.00"", ""convertedFromCurrency"": ""CAD""}, ""minEstimatedDeliveryDate"": ""2026-09-22T07:00:00.000Z"", ""maxEstimatedDeliveryDate"": ""2026-10-05T07:00:00.000Z""}]",,,PENDING_INDEPENDENT_HUMAN_REVIEW
D2-0165,23d6bd35-bbf0-49b2-911e-4949e66ff8bb,9326d67b-4017-4430-ac3c-bae6eb088be7,Pachirisu,Paldean Fates,138,shiny_rare,v1|188822702949|0,Pachirisu 138/091 PAF NM Paldean Fates Shiny Rare Holo Pokemon saino misaki,,Ungraded,4000,[],"[""FIXED_PRICE""]",chasingfireco,https://i.ebayimg.com/images/g/8K0AAeSwWIxqhyQC/s-l225.jpg,https://www.ebay.com/itm/188822702949?_skw=Pachirisu+138+Paldean+Fates+Pokemon+card&hash=item2bf6b5cb65:g:8K0AAeSwWIxqhyQC,"{""value"": ""21.46"", ""currency"": ""USD"", ""convertedFromValue"": ""29.99"", ""convertedFromCurrency"": ""AUD""}","[{""shippingCostType"": ""CALCULATED"", ""shippingCost"": {""value"": ""13.57"", ""currency"": ""USD"", ""convertedFromValue"": ""18.96"", ""convertedFromCurrency"": ""AUD""}, ""minEstimatedDeliveryDate"": ""2026-09-22T07:00:00.000Z"", ""maxEstimatedDeliveryDate"": ""2026-09-28T07:00:00.000Z""}]",,,PENDING_INDEPENDENT_HUMAN_REVIEW
D2-0166,24f40ecd-605f-4d62-b748-afed33706583,bd1bb49f-f0e6-4441-a2cd-648e3ccf4a4c,Emboar,White Flare,98,illustration_rare,v1|358920834672|0,2025 Pokémon Scarlet & Violet - White Flare #98 Emboar,,Ungraded,4000,[],"[""FIXED_PRICE""]",hiddengemantiques,https://i.ebayimg.com/images/g/Kz4AAeSwBCJqfXQX/s-l225.jpg,https://www.ebay.com/itm/358920834672?_skw=Emboar+98+White+Flare+Pokemon+card&hash=item5391594e70:g:Kz4AAeSwBCJqfXQX,"{""value"": ""46.99"", ""currency"": ""USD""}","[{""shippingCostType"": ""FIXED"", ""shippingCost"": {""value"": ""0.00"", ""currency"": ""USD""}, ""minEstimatedDeliveryDate"": ""2026-09-15T07:00:00.000Z"", ""maxEstimatedDeliveryDate"": ""2026-09-21T07:00:00.000Z""}]",,,PENDING_INDEPENDENT_HUMAN_REVIEW
D2-0167,24f40ecd-605f-4d62-b748-afed33706583,bd1bb49f-f0e6-4441-a2cd-648e3ccf4a4c,Emboar,White Flare,98,illustration_rare,v1|117279987205|0,Emboar 013/086 Holo Rare White Flare Pokemon Near Mint,,Ungraded,4000,[],"[""FIXED_PRICE""]",sendittcg,https://i.ebayimg.com/images/g/kxoAAeSwVf1qhoVa/s-l225.jpg,https://www.ebay.com/itm/117279987205?_skw=Emboar+98+White+Flare+Pokemon+card&hash=item1b4e6e9605:g:kxoAAeSwVf1qhoVa,"{""value"": ""1.48"", ""currency"": ""USD""}","[{""shippingCostType"": ""FIXED"", ""shippingCost"": {""value"": ""0.00"", ""currency"": ""USD""}, ""minEstimatedDeliveryDate"": ""2026-09-16T07:00:00.000Z"", ""maxEstimatedDeliveryDate"": ""2026-09-23T07:00:00.000Z""}]",,,PENDING_INDEPENDENT_HUMAN_REVIEW
D2-0168,24f40ecd-605f-4d62-b748-afed33706583,bd1bb49f-f0e6-4441-a2cd-648e3ccf4a4c,Emboar,White Flare,98,illustration_rare,v1|117286427285|0,Emboar #013/086 Sv White Flare Rare Reverse Holo Pokemon TCG NM,,Ungraded,4000,[],"[""FIXED_PRICE""]",cardcachemn,https://i.ebayimg.com/images/g/~bcAAeSwCOdqSsmU/s-l225.jpg,https://www.ebay.com/itm/117286427285?_skw=Emboar+98+White+Flare+Pokemon+card&hash=item1b4ed0da95:g:~bcAAeSwCOdqSsmU,"{""value"": ""1.48"", ""currency"": ""USD""}","[{""shippingCostType"": ""FIXED"", ""shippingCost"": {""value"": ""0.00"", ""currency"": ""USD""}, ""minEstimatedDeliveryDate"": ""2026-09-15T07:00:00.000Z"", ""maxEstimatedDeliveryDate"": ""2026-09-21T07:00:00.000Z""}]",,,PENDING_INDEPENDENT_HUMAN_REVIEW
D2-0169,24f40ecd-605f-4d62-b748-afed33706583,bd1bb49f-f0e6-4441-a2cd-648e3ccf4a4c,Emboar,White Flare,98,illustration_rare,v1|117292686431|0,Emboar 013/086 Holo Rare White Flare Pokemon Reverse Holo,,Ungraded,4000,[],"[""FIXED_PRICE""]",sendittcg,https://i.ebayimg.com/images/g/lrkAAeSwC9tqTyMA/s-l225.jpg,https://www.ebay.com/itm/117292686431?_skw=Emboar+98+White+Flare+Pokemon+card&hash=item1b4f305c5f:g:lrkAAeSwC9tqTyMA,"{""value"": ""1.45"", ""currency"": ""USD""}","[{""shippingCostType"": ""FIXED"", ""shippingCost"": {""value"": ""0.00"", ""currency"": ""USD""}, ""minEstimatedDeliveryDate"": ""2026-09-16T07:00:00.000Z"", ""maxEstimatedDeliveryDate"": ""2026-09-23T07:00:00.000Z""}]",,,PENDING_INDEPENDENT_HUMAN_REVIEW
D2-0170,24f40ecd-605f-4d62-b748-afed33706583,bd1bb49f-f0e6-4441-a2cd-648e3ccf4a4c,Emboar,White Flare,98,illustration_rare,v1|157217521409|458709422471,White Flare Pokemon Cards! Holo/Reverse Holo Rare Illustration Full Art SIR Card,,Ungraded,4000,[],"[""FIXED_PRICE""]",overstackedcards,https://i.ebayimg.com/images/g/fhQAAeSwoGlojcnh/s-l225.jpg,https://www.ebay.com/itm/157217521409?_skw=Emboar+98+White+Flare+Pokemon+card&var=458709422471&hash=item249ae4ff01:g:fhQAAeSwoGlojcnh,"{""value"": ""1.23"", ""currency"": ""USD""}","[{""shippingCostType"": ""FIXED"", ""shippingCost"": {""value"": ""0.00"", ""currency"": ""USD""}, ""minEstimatedDeliveryDate"": ""2026-09-15T07:00:00.000Z"", ""maxEstimatedDeliveryDate"": ""2026-09-18T07:00:00.000Z""}]",,,PENDING_INDEPENDENT_HUMAN_REVIEW
D2-0171,24f40ecd-605f-4d62-b748-afed33706583,bd1bb49f-f0e6-4441-a2cd-648e3ccf4a4c,Emboar,White Flare,98,illustration_rare,v1|158257216277|459388628496,Pokemon White Flare Reverse Holo Pick Your Card SV11 TCG,,Ungraded,4000,[],"[""FIXED_PRICE""]",mac_tcgandsports,https://i.ebayimg.com/images/g/mAcAAeSw5bdqmtOT/s-l225.jpg,https://www.ebay.com/itm/158257216277?_skw=Emboar+98+White+Flare+Pokemon+card&var=459388628496&hash=item24d8dd7b15:g:mAcAAeSw5bdqmtOT,"{""value"": ""1.49"", ""currency"": ""USD""}","[{""shippingCostType"": ""FIXED"", ""shippingCost"": {""value"": ""0.00"", ""currency"": ""USD""}, ""minEstimatedDeliveryDate"": ""2026-09-15T07:00:00.000Z"", ""maxEstimatedDeliveryDate"": ""2026-09-21T07:00:00.000Z""}]",,,PENDING_INDEPENDENT_HUMAN_REVIEW
D2-0172,24f40ecd-605f-4d62-b748-afed33706583,bd1bb49f-f0e6-4441-a2cd-648e3ccf4a4c,Emboar,White Flare,98,illustration_rare,v1|205688006094|506439103831,"Pokemon White Flare - Pick your card - Holo, Reverse Holo, Common, Uncommon",,Ungraded,4000,[],"[""FIXED_PRICE""]",yh-tcg,https://i.ebayimg.com/images/g/UOQAAeSwPDtoqkcG/s-l225.jpg,https://www.ebay.com/itm/205688006094?_skw=Emboar+98+White+Flare+Pokemon+card&var=506439103831&hash=item2fe3f5e5ce:g:UOQAAeSwPDtoqkcG,"{""value"": ""1.50"", ""currency"": ""USD""}","[{""shippingCostType"": ""FIXED"", ""shippingCost"": {""value"": ""0.00"", ""currency"": ""USD""}, ""minEstimatedDeliveryDate"": ""2026-09-14T07:00:00.000Z"", ""maxEstimatedDeliveryDate"": ""2026-09-17T07:00:00.000Z""}]",,,PENDING_INDEPENDENT_HUMAN_REVIEW
D2-0173,24f40ecd-605f-4d62-b748-afed33706583,bd1bb49f-f0e6-4441-a2cd-648e3ccf4a4c,Emboar,White Flare,98,illustration_rare,v1|127924855200|0,Pokemon Emboar White Flare Illustration Rare 98/86 PSA 10,,Graded,2750,[],"[""FIXED_PRICE"", ""BEST_OFFER""]",almu6843,https://i.ebayimg.com/images/g/yuwAAeSwf9FqMN48/s-l225.jpg,https://www.ebay.com/itm/127924855200?_skw=Emboar+98+White+Flare+Pokemon+card&hash=item1dc8ea61a0:g:yuwAAeSwf9FqMN48,"{""value"": ""600.00"", ""currency"": ""USD""}","[{""shippingCostType"": ""FIXED"", ""shippingCost"": {""value"": ""8.99"", ""currency"": ""USD""}, ""minEstimatedDeliveryDate"": ""2026-09-16T07:00:00.000Z"", ""maxEstimatedDeliveryDate"": ""2026-09-22T07:00:00.000Z""}]",,,PENDING_INDEPENDENT_HUMAN_REVIEW
D2-0174,24f40ecd-605f-4d62-b748-afed33706583,bd1bb49f-f0e6-4441-a2cd-648e3ccf4a4c,Emboar,White Flare,98,illustration_rare,v1|398024525891|0,Pokemon TCG White Flare Emboar 98/086 Illustration Rare Japanese,,Ungraded,4000,[],"[""FIXED_PRICE"", ""BEST_OFFER""]",fonzcollectibles,https://i.ebayimg.com/images/g/nPsAAeSwmxdqINvw/s-l225.jpg,https://www.ebay.com/itm/398024525891?_skw=Emboar+98+White+Flare+Pokemon+card&hash=item5cac1c4843:g:nPsAAeSwmxdqINvw&amdata=enc%3AAQALAAABAACCtXRWQnOEpyOqnQQ8KGa6tQn8QOzRsF5lUZvVJmtuKQnhrFyHReaIEOwezTLL%2F8SzydKNtDogfXyPcpL%2BUGPSH2XiCs4TWqR1gOn2WLMiGv6hD5ODdWXAjYZ0nXjERLQA5W4sbPikFsvFaFRQckLJh45vpkpjhvkmF43Q927UToDXFB%2B%2FtVgxUZ6%2FoP%2FelbZLOhZDjmS63UXVwvXLGzExFy01%2FiOsFr%2BSgUp3MBUGRzOO2Q3yKTxGNLQW0vaZekYxWVGAndEMqb3oGXG3%2BWjSyXjgoUpjt4WeSwRHJAsZxWd7o9J1%2BU271SqeD8r4JuzUtDKmBocaNPTNnt7OMlM%3D,"{""value"": ""30.00"", ""currency"": ""USD""}","[{""shippingCostType"": ""CALCULATED""}]",,,PENDING_INDEPENDENT_HUMAN_REVIEW
D2-0175,24f40ecd-605f-4d62-b748-afed33706583,bd1bb49f-f0e6-4441-a2cd-648e3ccf4a4c,Emboar,White Flare,98,illustration_rare,v1|127844342124|0,Emboar 013/086 White Flare Pokemon Reverse Holo Lightly Played,,Ungraded,4000,[],"[""FIXED_PRICE""]",dustycollects,https://i.ebayimg.com/images/g/5pkAAeSw6SNp96PA/s-l225.jpg,https://www.ebay.com/itm/127844342124?_skw=Emboar+98+White+Flare+Pokemon+card&hash=item1dc41dd96c:g:5pkAAeSw6SNp96PA,"{""value"": ""1.85"", ""currency"": ""USD""}","[{""shippingCostType"": ""FIXED"", ""shippingCost"": {""value"": ""0.00"", ""currency"": ""USD""}, ""minEstimatedDeliveryDate"": ""2026-09-15T07:00:00.000Z"", ""maxEstimatedDeliveryDate"": ""2026-09-19T07:00:00.000Z""}]",,,PENDING_INDEPENDENT_HUMAN_REVIEW
D2-0176,24f40ecd-605f-4d62-b748-afed33706583,bd1bb49f-f0e6-4441-a2cd-648e3ccf4a4c,Emboar,White Flare,98,illustration_rare,v1|117319388347|0,Emboar 013/086 Holo R White Flare NM Pokemon,,Ungraded,4000,[],"[""FIXED_PRICE""]",bwise12241224,https://i.ebayimg.com/images/g/zXYAAeSwdJpqYvHG/s-l225.jpg,https://www.ebay.com/itm/117319388347?_skw=Emboar+98+White+Flare+Pokemon+card&hash=item1b50c7ccbb:g:zXYAAeSwdJpqYvHG,"{""value"": ""1.59"", ""currency"": ""USD""}","[{""shippingCostType"": ""FIXED"", ""shippingCost"": {""value"": ""0.00"", ""currency"": ""USD""}, ""minEstimatedDeliveryDate"": ""2026-09-14T07:00:00.000Z"", ""maxEstimatedDeliveryDate"": ""2026-09-17T07:00:00.000Z""}]",,,PENDING_INDEPENDENT_HUMAN_REVIEW
D2-0177,24f40ecd-605f-4d62-b748-afed33706583,bd1bb49f-f0e6-4441-a2cd-648e3ccf4a4c,Emboar,White Flare,98,illustration_rare,v1|117333379264|0,Emboar 013/086 Holo Rare White Flare Pokemon TCG Near Mint,,Ungraded,4000,[],"[""FIXED_PRICE"", ""BEST_OFFER""]",habibisrarecandy,https://i.ebayimg.com/images/g/wakAAeSwuzZqbQLH/s-l225.jpg,https://www.ebay.com/itm/117333379264?_skw=Emboar+98+White+Flare+Pokemon+card&hash=item1b519d48c0:g:wakAAeSwuzZqbQLH,"{""value"": ""1.59"", ""currency"": ""USD""}","[{""shippingCostType"": ""FIXED"", ""shippingCost"": {""value"": ""0.00"", ""currency"": ""USD""}, ""minEstimatedDeliveryDate"": ""2026-09-15T07:00:00.000Z"", ""maxEstimatedDeliveryDate"": ""2026-09-21T07:00:00.000Z""}]",,,PENDING_INDEPENDENT_HUMAN_REVIEW
D2-0178,24f40ecd-605f-4d62-b748-afed33706583,bd1bb49f-f0e6-4441-a2cd-648e3ccf4a4c,Emboar,White Flare,98,illustration_rare,v1|117389157304|0,POKEMON WHITE FLARE EMBOAR 013/086 RARE HOLO NM,,Ungraded,4000,[],"[""FIXED_PRICE""]",farmershawncollectables,https://i.ebayimg.com/images/g/GewAAeSwzbZqljU-/s-l225.jpg,https://www.ebay.com/itm/117389157304?_skw=Emboar+98+White+Flare+Pokemon+card&hash=item1b54f063b8:g:GewAAeSwzbZqljU-,"{""value"": ""1.85"", ""currency"": ""USD""}","[{""shippingCostType"": ""FIXED"", ""shippingCost"": {""value"": ""0.00"", ""currency"": ""USD""}, ""minEstimatedDeliveryDate"": ""2026-09-15T07:00:00.000Z"", ""maxEstimatedDeliveryDate"": ""2026-09-21T07:00:00.000Z""}]",,,PENDING_INDEPENDENT_HUMAN_REVIEW
D2-0179,24f40ecd-605f-4d62-b748-afed33706583,bd1bb49f-f0e6-4441-a2cd-648e3ccf4a4c,Emboar,White Flare,98,illustration_rare,v1|117406285200|0,Emboar Holofoil SV: White Flare 013/086 NM Pokemon,,Ungraded,4000,[],"[""FIXED_PRICE"", ""BEST_OFFER""]",mastascards,https://i.ebayimg.com/images/g/Pp0AAeSwSoBqovUX/s-l225.jpg,https://www.ebay.com/itm/117406285200?_skw=Emboar+98+White+Flare+Pokemon+card&hash=item1b55f5bd90:g:Pp0AAeSwSoBqovUX,"{""value"": ""1.59"", ""currency"": ""USD""}","[{""shippingCostType"": ""FIXED"", ""shippingCost"": {""value"": ""0.00"", ""currency"": ""USD""}, ""minEstimatedDeliveryDate"": ""2026-09-15T07:00:00.000Z"", ""maxEstimatedDeliveryDate"": ""2026-09-19T07:00:00.000Z""}]",,,PENDING_INDEPENDENT_HUMAN_REVIEW
D2-0180,24f40ecd-605f-4d62-b748-afed33706583,bd1bb49f-f0e6-4441-a2cd-648e3ccf4a4c,Emboar,White Flare,98,illustration_rare,v1|128051370860|0,Emboar 13/86 White Flare Rare Holo Near Mint Pokemon,,Ungraded,4000,[],"[""FIXED_PRICE"", ""BEST_OFFER""]",zappypulls,https://i.ebayimg.com/images/g/U9IAAeSw61hqmzgN/s-l225.jpg,https://www.ebay.com/itm/128051370860?_skw=Emboar+98+White+Flare+Pokemon+card&hash=item1dd074db6c:g:U9IAAeSw61hqmzgN,"{""value"": ""1.79"", ""currency"": ""USD""}","[{""shippingCostType"": ""FIXED"", ""shippingCost"": {""value"": ""0.00"", ""currency"": ""USD""}, ""minEstimatedDeliveryDate"": ""2026-09-16T07:00:00.000Z"", ""maxEstimatedDeliveryDate"": ""2026-09-22T07:00:00.000Z""}]",,,PENDING_INDEPENDENT_HUMAN_REVIEW
D2-0181,25638dbd-2434-4a4f-ba0d-dcf3e3e114ca,b3f17a3e-c2cb-447e-8873-c5970a4372c9,Clemont's Quick Wit,Surging Sparks,243,special_illustration_rare,v1|117386650256|0,Pokemon SV08: Surging Sparks #243/191 Clemont's Quick Wit,,Ungraded,4000,[],"[""FIXED_PRICE""]",hawks_phins,https://i.ebayimg.com/images/g/iWcAAeSwD~1qlGii/s-l225.jpg,https://www.ebay.com/itm/117386650256?_skw=Clemont%27s+Quick+Wit+243+Surging+Sparks+Pokemon+card&hash=item1b54ca2290:g:iWcAAeSwD~1qlGii,"{""value"": ""8.99"", ""currency"": ""USD""}","[{""shippingCostType"": ""FIXED"", ""shippingCost"": {""value"": ""0.00"", ""currency"": ""USD""}, ""minEstimatedDeliveryDate"": ""2026-09-16T07:00:00.000Z"", ""maxEstimatedDeliveryDate"": ""2026-09-23T07:00:00.000Z""}]",,,PENDING_INDEPENDENT_HUMAN_REVIEW
D2-0182,25638dbd-2434-4a4f-ba0d-dcf3e3e114ca,b3f17a3e-c2cb-447e-8873-c5970a4372c9,Clemont's Quick Wit,Surging Sparks,243,special_illustration_rare,v1|127881697985|0,2024 Pokemon Surging Sparks Clemont's Quick Wit #243/191,,Ungraded,4000,[],"[""FIXED_PRICE"", ""BEST_OFFER""]",bearsupplyco,https://i.ebayimg.com/images/g/~HsAAeSwku5pf4UH/s-l225.jpg,https://www.ebay.com/itm/127881697985?_skw=Clemont%27s+Quick+Wit+243+Surging+Sparks+Pokemon+card&hash=item1dc657dac1:g:~HsAAeSwku5pf4UH,"{""value"": ""11.64"", ""currency"": ""USD""}","[{""shippingCostType"": ""FIXED"", ""shippingCost"": {""value"": ""0.99"", ""currency"": ""USD""}, ""minEstimatedDeliveryDate"": ""2026-09-15T07:00:00.000Z"", ""maxEstimatedDeliveryDate"": ""2026-09-21T07:00:00.000Z""}]",,,PENDING_INDEPENDENT_HUMAN_REVIEW
D2-0183,25638dbd-2434-4a4f-ba0d-dcf3e3e114ca,b3f17a3e-c2cb-447e-8873-c5970a4372c9,Clemont's Quick Wit,Surging Sparks,243,special_illustration_rare,v1|127889258060|0,Clemont's Quick Wit 243/191 Pokemon TCG Surging Sparks SIR NM,,Ungraded,4000,[],"[""FIXED_PRICE"", ""BEST_OFFER""]",dad_deanpokedudes,https://i.ebayimg.com/images/g/wGMAAeSwuMVqF6eM/s-l225.jpg,https://www.ebay.com/itm/127889258060?_skw=Clemont%27s+Quick+Wit+243+Surging+Sparks+Pokemon+card&hash=item1dc6cb364c:g:wGMAAeSwuMVqF6eM,"{""value"": ""14.99"", ""currency"": ""USD""}","[{""shippingCostType"": ""CALCULATED""}]",,,PENDING_INDEPENDENT_HUMAN_REVIEW
D2-0184,25638dbd-2434-4a4f-ba0d-dcf3e3e114ca,b3f17a3e-c2cb-447e-8873-c5970a4372c9,Clemont's Quick Wit,Surging Sparks,243,special_illustration_rare,v1|267724546895|0,Clemont's Quick Wit SIR - SSP 243/191 EN NM Holofoil Pokemon,,Ungraded,4000,[],"[""FIXED_PRICE""]",godpackgaming,https://i.ebayimg.com/images/g/gVIAAeSwnzJqoCeV/s-l225.jpg,https://www.ebay.com/itm/267724546895?_skw=Clemont%27s+Quick+Wit+243+Surging+Sparks+Pokemon+card&hash=item3e55a0634f:g:gVIAAeSwnzJqoCeV,"{""value"": ""10.49"", ""currency"": ""USD""}","[{""shippingCostType"": ""FIXED"", ""shippingCost"": {""value"": ""0.00"", ""currency"": ""USD""}, ""minEstimatedDeliveryDate"": ""2026-09-15T07:00:00.000Z"", ""maxEstimatedDeliveryDate"": ""2026-09-21T07:00:00.000Z""}]",,,PENDING_INDEPENDENT_HUMAN_REVIEW
D2-0185,25638dbd-2434-4a4f-ba0d-dcf3e3e114ca,b3f17a3e-c2cb-447e-8873-c5970a4372c9,Clemont's Quick Wit,Surging Sparks,243,special_illustration_rare,v1|318609188747|0,The Pokémon Company Pokémon TCG Clemont's Quick Wit Full Art Holo SIR 243/191 EN,,Ungraded,4000,[],"[""FIXED_PRICE"", ""BEST_OFFER""]",var_33578,https://i.ebayimg.com/images/g/Yp4AAeSwYttqXfFV/s-l225.jpg,https://www.ebay.com/itm/318609188747?_skw=Clemont%27s+Quick+Wit+243+Surging+Sparks+Pokemon+card&hash=item4a2e96678b:g:Yp4AAeSwYttqXfFV&amdata=enc%3AAQALAAABEACCtXRWQnOEpyOqnQQ8KGab9VmWxLVxQYWCUhsFjiuuX0tZHMQ4xuRdv0%2F7gOO2qTnlpaUZroE1YAEuZErBvpYDGD0nrARIfIIdWu7f1fnU7J5ECBl9PxLSDQsW5XHpd5njVDf7TjklefCiMjn3VhJxsoOeVg6WqTQ3ZLidvTjrs8vSz6x8o5q5c60Ou4lMyicguMth0sz3qkSPOyx9sgvSGyXu7BHrNeKwwCthB5Fy7awpfWYLGwEkestJwSlaUR28ZPAiaGIQsI3pHIvttlAhX%2FzfcfSfY7GFGs95oOzZm0YzDPudtRbYK%2Fg5YhWmiC%2BtBH26CfVKoD9gmuBI6Kso1O1BuxiV4r4PithHrEPY,"{""value"": ""12.00"", ""currency"": ""USD""}","[{""shippingCostType"": ""CALCULATED""}]",,,PENDING_INDEPENDENT_HUMAN_REVIEW
D2-0186,25638dbd-2434-4a4f-ba0d-dcf3e3e114ca,b3f17a3e-c2cb-447e-8873-c5970a4372c9,Clemont's Quick Wit,Surging Sparks,243,special_illustration_rare,v1|156641391983|459334965383,Pokemon Surging Sparks: Choose Your Card! Holos/EX/Full Arts! NM,,Ungraded,4000,[],"[""FIXED_PRICE""]",overstackedcards,https://i.ebayimg.com/images/g/XKUAAeSw-HhoZ4A5/s-l225.jpg,https://www.ebay.com/itm/156641391983?_skw=Clemont%27s+Quick+Wit+243+Surging+Sparks+Pokemon+card&hash=item24788df56f:g:XKUAAeSw-HhoZ4A5,"{""value"": ""18.99"", ""currency"": ""USD""}","[{""shippingCostType"": ""FIXED"", ""shippingCost"": {""value"": ""0.00"", ""currency"": ""USD""}, ""minEstimatedDeliveryDate"": ""2026-09-15T07:00:00.000Z"", ""maxEstimatedDeliveryDate"": ""2026-09-18T07:00:00.000Z""}]",,,PENDING_INDEPENDENT_HUMAN_REVIEW
D2-0187,25638dbd-2434-4a4f-ba0d-dcf3e3e114ca,b3f17a3e-c2cb-447e-8873-c5970a4372c9,Clemont's Quick Wit,Surging Sparks,243,special_illustration_rare,v1|178280209974|0,Clemonts Quick Wit 243/191 SSP Surging Sparks NM Special Illustration Rare Card,,Ungraded,4000,[],"[""FIXED_PRICE""]",ja_deti_dallas,https://i.ebayimg.com/images/g/jHQAAeSwJrVqSHno/s-l225.jpg,https://www.ebay.com/itm/178280209974?_skw=Clemont%27s+Quick+Wit+243+Surging+Sparks+Pokemon+card&hash=item2982541e36:g:jHQAAeSwJrVqSHno,"{""value"": ""19.99"", ""currency"": ""USD""}","[{""shippingCostType"": ""FIXED"", ""shippingCost"": {""value"": ""0.00"", ""currency"": ""USD""}, ""minEstimatedDeliveryDate"": ""2026-09-16T07:00:00.000Z"", ""maxEstimatedDeliveryDate"": ""2026-09-23T07:00:00.000Z""}]",,,PENDING_INDEPENDENT_HUMAN_REVIEW
D2-0188,25638dbd-2434-4a4f-ba0d-dcf3e3e114ca,b3f17a3e-c2cb-447e-8873-c5970a4372c9,Clemont's Quick Wit,Surging Sparks,243,special_illustration_rare,v1|267781613046|0,Clemonts Quick Wit 243/191 - Pokemon TCG Surging Sparks  Special Illustration NM,,Ungraded,4000,[],"[""AUCTION""]",junglejoints,https://i.ebayimg.com/images/g/eWsAAeSwS1tqoY9K/s-l225.jpg,https://www.ebay.com/itm/267781613046?_skw=Clemont%27s+Quick+Wit+243+Surging+Sparks+Pokemon+card&hash=item3e590725f6:g:eWsAAeSwS1tqoY9K,{},"[{""shippingCostType"": ""CALCULATED""}]",,,PENDING_INDEPENDENT_HUMAN_REVIEW
D2-0189,25638dbd-2434-4a4f-ba0d-dcf3e3e114ca,b3f17a3e-c2cb-447e-8873-c5970a4372c9,Clemont's Quick Wit,Surging Sparks,243,special_illustration_rare,v1|158276262367|0,Pokemon TCG SV08 Surging Sparks Clemont's Quick Wit 243/191 SIR Holo PSA 9 EN,,Graded,2750,[],"[""FIXED_PRICE"", ""BEST_OFFER""]",alexsteven,https://i.ebayimg.com/images/g/1fAAAeSww5ZqoemV/s-l225.jpg,https://www.ebay.com/itm/158276262367?_skw=Clemont%27s+Quick+Wit+243+Surging+Sparks+Pokemon+card&hash=item24da0019df:g:1fAAAeSww5ZqoemV,"{""value"": ""24.99"", ""currency"": ""USD""}","[{""shippingCostType"": ""CALCULATED""}]",,,PENDING_INDEPENDENT_HUMAN_REVIEW
D2-0190,25638dbd-2434-4a4f-ba0d-dcf3e3e114ca,b3f17a3e-c2cb-447e-8873-c5970a4372c9,Clemont's Quick Wit,Surging Sparks,243,special_illustration_rare,v1|127913424834|0,Clemont's Quick Wit - 243/191 Holo - SV08: Surging Sparks (SSP),,Ungraded,4000,[],"[""FIXED_PRICE"", ""BEST_OFFER""]",ellieemporium,https://i.ebayimg.com/images/g/JtcAAeSwkh1qKMjI/s-l225.jpg,https://www.ebay.com/itm/127913424834?_skw=Clemont%27s+Quick+Wit+243+Surging+Sparks+Pokemon+card&hash=item1dc83bf7c2:g:JtcAAeSwkh1qKMjI&amdata=enc%3AAQALAAABEACCtXRWQnOEpyOqnQQ8KGa9tyRAYHmZK9ft1lPfZs9t8tA9yoY%2FdExtVCIK4HPsu%2FWB7YYzN%2BSphfy59wawNeKMTYSBH3s3u8MrHmxpdpZZUbNGGywHTBttLG6%2BVUpEaPBT3Mep2kIe7vm%2FKwfaDhbaA6%2FOX1zyKSllhJyVxppIClLavUJ0HPtv18bxuQpIl81MQqWwSWpKGuuA%2FBVEkE1qZ9buOiBj6HSQI1NJS0Kct%2BdgmnLYuHgPEOlQbDN3Y%2FKHoIaev8JqQQq71EesJk4dNdjGM%2FrV25PwS1Gekw60aIKiUEG0Ks47h5t23Z6aVOK%2F40yz%2FEwbayZG5fd5D5N4qkWERR0s4NPApJPOwglO,"{""value"": ""8.54"", ""currency"": ""USD""}","[{""shippingCostType"": ""CALCULATED""}]",,,PENDING_INDEPENDENT_HUMAN_REVIEW
D2-0191,25638dbd-2434-4a4f-ba0d-dcf3e3e114ca,b3f17a3e-c2cb-447e-8873-c5970a4372c9,Clemont's Quick Wit,Surging Sparks,243,special_illustration_rare,v1|127929493967|0,Clemont's Quick Wit 243/191 Special Illustration Rare Surging Sparks Pokemon NM,,Ungraded,4000,[],"[""FIXED_PRICE""]",bigdeckenergies,https://i.ebayimg.com/images/g/bJ0AAeSwPmNqC1cd/s-l225.jpg,https://www.ebay.com/itm/127929493967?_skw=Clemont%27s+Quick+Wit+243+Surging+Sparks+Pokemon+card&hash=item1dc93129cf:g:bJ0AAeSwPmNqC1cd,"{""value"": ""9.74"", ""currency"": ""USD""}","[{""shippingCostType"": ""FIXED"", ""shippingCost"": {""value"": ""0.00"", ""currency"": ""USD""}, ""minEstimatedDeliveryDate"": ""2026-09-15T07:00:00.000Z"", ""maxEstimatedDeliveryDate"": ""2026-09-21T07:00:00.000Z""}]",,,PENDING_INDEPENDENT_HUMAN_REVIEW
D2-0192,25638dbd-2434-4a4f-ba0d-dcf3e3e114ca,b3f17a3e-c2cb-447e-8873-c5970a4372c9,Clemont's Quick Wit,Surging Sparks,243,special_illustration_rare,v1|128049957365|0,Clemont's Quick Wit 243/191 Sv08: Surging Sparks Holo Pokemon Card,,Ungraded,4000,[],"[""FIXED_PRICE""]",sunken_ship,https://i.ebayimg.com/images/g/x1IAAeSwBD9qkjrF/s-l225.jpg,https://www.ebay.com/itm/128049957365?_skw=Clemont%27s+Quick+Wit+243+Surging+Sparks+Pokemon+card&hash=item1dd05f49f5:g:x1IAAeSwBD9qkjrF,"{""value"": ""12.49"", ""currency"": ""USD""}","[{""shippingCostType"": ""FIXED"", ""shippingCost"": {""value"": ""0.00"", ""currency"": ""USD""}, ""minEstimatedDeliveryDate"": ""2026-09-15T07:00:00.000Z"", ""maxEstimatedDeliveryDate"": ""2026-09-18T07:00:00.000Z""}]",,,PENDING_INDEPENDENT_HUMAN_REVIEW
D2-0193,25638dbd-2434-4a4f-ba0d-dcf3e3e114ca,b3f17a3e-c2cb-447e-8873-c5970a4372c9,Clemont's Quick Wit,Surging Sparks,243,special_illustration_rare,v1|137503163059|0,Clemont's Quick Wit #243 Pokemon Surging Sparks,,Ungraded,4000,[],"[""FIXED_PRICE"", ""BEST_OFFER""]",velaenterprises-resellers,https://i.ebayimg.com/images/g/VXsAAeSw0XBqUaJA/s-l225.jpg,https://www.ebay.com/itm/137503163059?_skw=Clemont%27s+Quick+Wit+243+Surging+Sparks+Pokemon+card&hash=item2003d3c2b3:g:VXsAAeSw0XBqUaJA,"{""value"": ""9.99"", ""currency"": ""USD""}","[{""shippingCostType"": ""FIXED"", ""shippingCost"": {""value"": ""1.00"", ""currency"": ""USD""}, ""minEstimatedDeliveryDate"": ""2026-09-15T07:00:00.000Z"", ""maxEstimatedDeliveryDate"": ""2026-09-21T07:00:00.000Z""}]",,,PENDING_INDEPENDENT_HUMAN_REVIEW
D2-0194,25638dbd-2434-4a4f-ba0d-dcf3e3e114ca,b3f17a3e-c2cb-447e-8873-c5970a4372c9,Clemont's Quick Wit,Surging Sparks,243,special_illustration_rare,v1|137725448369|0,Clemont's Quick Wit 243/191 Holo SV08: Surging Sparks LP Pokémon TCG,,Ungraded,4000,[],"[""FIXED_PRICE""]",thetradingpostcc,https://i.ebayimg.com/images/g/pa8AAeSwZ6VqpDQC/s-l225.jpg,https://www.ebay.com/itm/137725448369?_skw=Clemont%27s+Quick+Wit+243+Surging+Sparks+Pokemon+card&hash=item20111390b1:g:pa8AAeSwZ6VqpDQC,"{""value"": ""10.19"", ""currency"": ""USD""}","[{""shippingCostType"": ""FIXED"", ""shippingCost"": {""value"": ""1.00"", ""currency"": ""USD""}, ""minEstimatedDeliveryDate"": ""2026-09-16T07:00:00.000Z"", ""maxEstimatedDeliveryDate"": ""2026-09-23T07:00:00.000Z""}]",,,PENDING_INDEPENDENT_HUMAN_REVIEW
D2-0195,25638dbd-2434-4a4f-ba0d-dcf3e3e114ca,b3f17a3e-c2cb-447e-8873-c5970a4372c9,Clemont's Quick Wit,Surging Sparks,243,special_illustration_rare,v1|147543657001|0,SV08: Surging Sparks #243/191 Clemont's Quick Wit,,Ungraded,4000,[],"[""FIXED_PRICE""]",thecardsourceshop,https://i.ebayimg.com/images/g/REgAAeSwjhxql5lA/s-l225.jpg,https://www.ebay.com/itm/147543657001?_skw=Clemont%27s+Quick+Wit+243+Surging+Sparks+Pokemon+card&hash=item225a498a29:g:REgAAeSwjhxql5lA,"{""value"": ""8.99"", ""currency"": ""USD""}","[{""shippingCostType"": ""CALCULATED""}]",,,PENDING_INDEPENDENT_HUMAN_REVIEW
D2-0196,2a67a99c-dbba-4c41-846c-39ed4659c916,dfda2049-d87b-4be0-ad51-dcc005688d93,Grubbin,Temporal Forces,18,common,v1|128073950194|0,Grubbin 18/162 Temporal Forces Common Near Mint Pokemon,,Ungraded,4000,[],"[""FIXED_PRICE"", ""BEST_OFFER""]",zappypulls,https://i.ebayimg.com/images/g/AwEAAeSwPLRqo~2D/s-l225.jpg,https://www.ebay.com/itm/128073950194?_skw=Grubbin+18+Temporal+Forces+Pokemon+card&hash=item1dd1cd63f2:g:AwEAAeSwPLRqo~2D,"{""value"": ""1.79"", ""currency"": ""USD""}","[{""shippingCostType"": ""FIXED"", ""shippingCost"": {""value"": ""0.00"", ""currency"": ""USD""}, ""minEstimatedDeliveryDate"": ""2026-09-16T07:00:00.000Z"", ""maxEstimatedDeliveryDate"": ""2026-09-22T07:00:00.000Z""}]",,,PENDING_INDEPENDENT_HUMAN_REVIEW
D2-0197,2a67a99c-dbba-4c41-846c-39ed4659c916,dfda2049-d87b-4be0-ad51-dcc005688d93,Grubbin,Temporal Forces,18,common,v1|177303644682|0,Pokemon Temporal Forces Grubbin Reverse Holo Card 18/162 (MINT-NEAR MINT),,Ungraded,4000,[],"[""FIXED_PRICE"", ""BEST_OFFER""]",vintagetoysales,https://i.ebayimg.com/images/g/Pt4AAeSwIvxoioLH/s-l225.jpg,https://www.ebay.com/itm/177303644682?_skw=Grubbin+18+Temporal+Forces+Pokemon+card&hash=item29481eea0a:g:Pt4AAeSwIvxoioLH,"{""value"": ""1.53"", ""currency"": ""USD"", ""convertedFromValue"": ""1.13"", ""convertedFromCurrency"": ""GBP""}",[],,,PENDING_INDEPENDENT_HUMAN_REVIEW
D2-0198,2a67a99c-dbba-4c41-846c-39ed4659c916,dfda2049-d87b-4be0-ad51-dcc005688d93,Grubbin,Temporal Forces,18,common,v1|188858377680|0,Grubbin Reverse Holo 18/162 Temporal Forces Pokemon Card NM Art Kagemaru Himeno,,Ungraded,4000,[],"[""FIXED_PRICE""]",wexfordpawn,https://i.ebayimg.com/images/g/wk0AAeSwcJ1qkxjN/s-l225.jpg,https://www.ebay.com/itm/188858377680?_skw=Grubbin+18+Temporal+Forces+Pokemon+card&hash=item2bf8d625d0:g:wk0AAeSwcJ1qkxjN,"{""value"": ""1.89"", ""currency"": ""USD""}","[{""shippingCostType"": ""FIXED"", ""shippingCost"": {""value"": ""0.00"", ""currency"": ""USD""}, ""minEstimatedDeliveryDate"": ""2026-09-15T07:00:00.000Z"", ""maxEstimatedDeliveryDate"": ""2026-09-18T07:00:00.000Z""}]",,,PENDING_INDEPENDENT_HUMAN_REVIEW
D2-0199,2a67a99c-dbba-4c41-846c-39ed4659c916,dfda2049-d87b-4be0-ad51-dcc005688d93,Grubbin,Temporal Forces,18,common,v1|117071817418|0,Grubbin | #18 | TEF | Pokemon | Regular | LP,,Ungraded,4000,[],"[""FIXED_PRICE""]",trusted_trading_cards,https://i.ebayimg.com/images/g/JY0AAeSw6JVqa00o/s-l225.jpg,https://www.ebay.com/itm/117071817418?_skw=Grubbin+18+Temporal+Forces+Pokemon+card&hash=item1b42062aca:g:JY0AAeSw6JVqa00o,"{""value"": ""1.88"", ""currency"": ""USD"", ""convertedFromValue"": ""1.39"", ""convertedFromCurrency"": ""GBP""}",[],,,PENDING_INDEPENDENT_HUMAN_REVIEW
D2-0200,2a67a99c-dbba-4c41-846c-39ed4659c916,dfda2049-d87b-4be0-ad51-dcc005688d93,Grubbin,Temporal Forces,18,common,v1|127813827101|0,Pokémon TCG Reverse Holo Grubbin 18/162,,Ungraded,4000,[],"[""FIXED_PRICE""]",garyvee123,https://i.ebayimg.com/images/g/NcoAAeSw-Bhp4SFP/s-l225.jpg,https://www.ebay.com/itm/127813827101?_skw=Grubbin+18+Temporal+Forces+Pokemon+card&hash=item1dc24c3a1d:g:NcoAAeSw-Bhp4SFP,"{""value"": ""1.39"", ""currency"": ""USD""}","[{""shippingCostType"": ""FIXED"", ""shippingCost"": {""value"": ""0.00"", ""currency"": ""USD""}, ""minEstimatedDeliveryDate"": ""2026-09-18T07:00:00.000Z"", ""maxEstimatedDeliveryDate"": ""2026-09-22T07:00:00.000Z""}]",,,PENDING_INDEPENDENT_HUMAN_REVIEW
D2-0201,2a67a99c-dbba-4c41-846c-39ed4659c916,dfda2049-d87b-4be0-ad51-dcc005688d93,Grubbin,Temporal Forces,18,common,v1|257441708476|0,Pokemon TCG * SV Temporal Force * 18/162 Grubbin REVERSE HOLO Common  ,,Ungraded,4000,[],"[""FIXED_PRICE"", ""BEST_OFFER""]",isellstuff19,https://i.ebayimg.com/images/g/Eq0AAeSwvqRp0Fk~/s-l225.jpg,https://www.ebay.com/itm/257441708476?_skw=Grubbin+18+Temporal+Forces+Pokemon+card&hash=item3bf0b8b9bc:g:Eq0AAeSwvqRp0Fk~,"{""value"": ""2.65"", ""currency"": ""USD"", ""convertedFromValue"": ""1.96"", ""convertedFromCurrency"": ""GBP""}",[],,,PENDING_INDEPENDENT_HUMAN_REVIEW
D2-0202,2a67a99c-dbba-4c41-846c-39ed4659c916,dfda2049-d87b-4be0-ad51-dcc005688d93,Grubbin,Temporal Forces,18,common,v1|128048865519|0,Grubbin Temporal Forces 018/162 Common PokéMon — English Near Mint,,Ungraded,4000,[],"[""FIXED_PRICE""]",qscollectibles98,https://i.ebayimg.com/images/g/8voAAeSwy-ZqkWBc/s-l225.jpg,https://www.ebay.com/itm/128048865519?_skw=Grubbin+18+Temporal+Forces+Pokemon+card&hash=item1dd04ea0ef:g:8voAAeSwy-ZqkWBc,"{""value"": ""1.99"", ""currency"": ""USD""}","[{""shippingCostType"": ""FIXED"", ""shippingCost"": {""value"": ""0.00"", ""currency"": ""USD""}, ""minEstimatedDeliveryDate"": ""2026-09-16T07:00:00.000Z"", ""maxEstimatedDeliveryDate"": ""2026-09-23T07:00:00.000Z""}]",,,PENDING_INDEPENDENT_HUMAN_REVIEW
D2-0203,2a67a99c-dbba-4c41-846c-39ed4659c916,dfda2049-d87b-4be0-ad51-dcc005688d93,Grubbin,Temporal Forces,18,common,v1|127145359491|428254765488,Pokemon TCG Temporal Forces Choose Your Card! - NM- BULK SAVINGS!,,Ungraded,4000,[],"[""FIXED_PRICE""]",cheesehead_collectibles,https://i.ebayimg.com/images/g/2JkAAOSwL5loF7GM/s-l225.jpg,https://www.ebay.com/itm/127145359491?_skw=Grubbin+18+Temporal+Forces+Pokemon+card&hash=item1d9a743883:g:2JkAAOSwL5loF7GM,"{""value"": ""1.00"", ""currency"": ""USD""}","[{""shippingCostType"": ""FIXED"", ""shippingCost"": {""value"": ""1.25"", ""currency"": ""USD""}, ""minEstimatedDeliveryDate"": ""2026-09-16T07:00:00.000Z"", ""maxEstimatedDeliveryDate"": ""2026-09-23T07:00:00.000Z""}]",,,PENDING_INDEPENDENT_HUMAN_REVIEW
D2-0204,2a67a99c-dbba-4c41-846c-39ed4659c916,dfda2049-d87b-4be0-ad51-dcc005688d93,Grubbin,Temporal Forces,18,common,v1|168659056950|468012226290,Temporal Forces Singles - Complete your Master Set Combined Shipping Pokemon NM,,Ungraded,4000,[],"[""FIXED_PRICE""]",big_deuce,https://i.ebayimg.com/images/g/~~wAAeSwRRNqamsg/s-l225.jpg,https://www.ebay.com/itm/168659056950?_skw=Grubbin+18+Temporal+Forces+Pokemon+card&hash=item2744dcf936:g:~~wAAeSwRRNqamsg,"{""value"": ""0.72"", ""currency"": ""USD"", ""convertedFromValue"": ""1.00"", ""convertedFromCurrency"": ""CAD""}",[],,,PENDING_INDEPENDENT_HUMAN_REVIEW
D2-0205,2a67a99c-dbba-4c41-846c-39ed4659c916,dfda2049-d87b-4be0-ad51-dcc005688d93,Grubbin,Temporal Forces,18,common,v1|188036629201|695700393798,YOU PICK: Pokemon Temporal Forces Single Cards (Complete Your Set),,Ungraded,4000,[],"[""FIXED_PRICE""]",jeffsvinylandmore,https://i.ebayimg.com/images/g/T3YAAeSwjdlph6kH/s-l225.jpg,https://www.ebay.com/itm/188036629201?_skw=Grubbin+18+Temporal+Forces+Pokemon+card&hash=item2bc7db42d1:g:T3YAAeSwjdlph6kH,"{""value"": ""0.99"", ""currency"": ""USD""}","[{""shippingCostType"": ""CALCULATED""}]",,,PENDING_INDEPENDENT_HUMAN_REVIEW
D2-0206,2a67a99c-dbba-4c41-846c-39ed4659c916,dfda2049-d87b-4be0-ad51-dcc005688d93,Grubbin,Temporal Forces,18,common,v1|188889578063|696106652706,Grubbin ( 18) Temporal Forces - Common Pokemon Card,,Ungraded,4000,[],"[""FIXED_PRICE""]",fanofthingscouk,https://i.ebayimg.com/images/g/UucAAeSw6o5qnBOs/s-l225.jpg,https://www.ebay.com/itm/188889578063?_skw=Grubbin+18+Temporal+Forces+Pokemon+card&hash=item2bfab23a4f:g:UucAAeSw6o5qnBOs,"{""value"": ""1.34"", ""currency"": ""USD"", ""convertedFromValue"": ""0.99"", ""convertedFromCurrency"": ""GBP""}",[],,,PENDING_INDEPENDENT_HUMAN_REVIEW
D2-0207,2a67a99c-dbba-4c41-846c-39ed4659c916,dfda2049-d87b-4be0-ad51-dcc005688d93,Grubbin,Temporal Forces,18,common,v1|206374709681|0,Grubbin 18/162 Reverse Holo | Temporal Forces | Pokemon Card,,Ungraded,4000,[],"[""FIXED_PRICE"", ""BEST_OFFER""]",leisurebeamgames,https://i.ebayimg.com/images/g/Mf4AAeSwrOpqPoLT/s-l225.jpg,https://www.ebay.com/itm/206374709681?_skw=Grubbin+18+Temporal+Forces+Pokemon+card&hash=item300ce429b1:g:Mf4AAeSwrOpqPoLT,"{""value"": ""2.16"", ""currency"": ""USD"", ""convertedFromValue"": ""2.99"", ""convertedFromCurrency"": ""CAD""}",[],,,PENDING_INDEPENDENT_HUMAN_REVIEW
D2-0208,2a67a99c-dbba-4c41-846c-39ed4659c916,dfda2049-d87b-4be0-ad51-dcc005688d93,Grubbin,Temporal Forces,18,common,v1|226085546612|525206044984,Grubbin 18/162 Common | Temporal Forces | Pokemon Card,,Ungraded,4000,[],"[""FIXED_PRICE""]",brickheadscollectables,https://i.ebayimg.com/images/g/CvAAAOSwvTtmFm3I/s-l225.jpg,https://www.ebay.com/itm/226085546612?_skw=Grubbin+18+Temporal+Forces+Pokemon+card&hash=item34a3bfaa74:g:CvAAAOSwvTtmFm3I&amdata=enc%3AAQALAAABAACCtXRWQnOEpyOqnQQ8KGaioaBCaVydD9yE%2BcjOrtJKqiYbzoSEVmdBegM8oVKK7VNCcdgI5ubbS2J9iV%2FEPntO9E8gCPoriaV4%2Bx7TRXhZG0DDi%2Fod13FD0Zc58uj1NFMEnIzV5Skg%2F4hhjaDVgsdaHsTOCkWTpD9tQ5q23GM3eC0SMQf9Ljr0TmOTHYMo1G73IEFgod5uD1zXi3BiQ9cNbD2GhPz8qlqR712PhPGHyy2HSDQTZVBtKQJsoe9ejpK7QHlJeCMCD4fz6wCvz8MUJCxCNAcA9pLDNoPA4aedHFpf2MlYOgniIwHIQNA4K5YmA4585HBv71mEIfJSXqY%3D,"{""value"": ""1.43"", ""currency"": ""USD"", ""convertedFromValue"": ""2.00"", ""convertedFromCurrency"": ""AUD""}","[{""shippingCostType"": ""FIXED"", ""shippingCost"": {""value"": ""12.88"", ""currency"": ""USD"", ""convertedFromValue"": ""18.00"", ""convertedFromCurrency"": ""AUD""}, ""minEstimatedDeliveryDate"": ""2026-09-21T07:00:00.000Z"", ""maxEstimatedDeliveryDate"": ""2026-09-25T07:00:00.000Z""}]",,,PENDING_INDEPENDENT_HUMAN_REVIEW
D2-0209,2a67a99c-dbba-4c41-846c-39ed4659c916,dfda2049-d87b-4be0-ad51-dcc005688d93,Grubbin,Temporal Forces,18,common,v1|226085546663|525205858044,Grubbin 18/162 Reverse Holo | Temporal Forces | Pokemon Card,,Ungraded,4000,[],"[""FIXED_PRICE""]",brickheadscollectables,https://i.ebayimg.com/images/g/qXoAAOSwo4NmKfwl/s-l225.jpg,https://www.ebay.com/itm/226085546663?_skw=Grubbin+18+Temporal+Forces+Pokemon+card&hash=item34a3bfaaa7:g:qXoAAOSwo4NmKfwl&amdata=enc%3AAQALAAABAACCtXRWQnOEpyOqnQQ8KGbGcTNBi37paQYF4fnva1PVJGvwzvFaHyW7zsE6g%2BWsY4I3HVvnCGqqwxKK%2FpTcXBkMa4Z5q9JLkJCue0N8D87we5CELljlh73CiW9Zl4VeIaOmWfpQB2e3D2ehCkMfWHrnddlh%2BI5lFzVWnhMoHzJikx7e5JQHV6Jlq61APf38cHQKRN1YCuEM8FJS9a07heZPN7kZRyJE9J8DCZsus6H82s4CxsJaTNvIE%2B1iQhV51NvLURCVUzJhHcJDmk0k%2FbL2BtiiCUbB6KiAfqCCc%2BwyYkYWblZY4yPxLFUG2VWc8qfeUSqi%2BATppwIYwTjwddk%3D,"{""value"": ""1.43"", ""currency"": ""USD"", ""convertedFromValue"": ""2.00"", ""convertedFromCurrency"": ""AUD""}","[{""shippingCostType"": ""FIXED"", ""shippingCost"": {""value"": ""12.88"", ""currency"": ""USD"", ""convertedFromValue"": ""18.00"", ""convertedFromCurrency"": ""AUD""}, ""minEstimatedDeliveryDate"": ""2026-09-21T07:00:00.000Z"", ""maxEstimatedDeliveryDate"": ""2026-09-25T07:00:00.000Z""}]",,,PENDING_INDEPENDENT_HUMAN_REVIEW
D2-0210,2a67a99c-dbba-4c41-846c-39ed4659c916,dfda2049-d87b-4be0-ad51-dcc005688d93,Grubbin,Temporal Forces,18,common,v1|227267417522|526472350375,Pokemon Pick Your Temporal Forces Reverse Holo Pokémon Card! Near Mint,,Ungraded,4000,[],"[""FIXED_PRICE""]",origins_collectibles,https://i.ebayimg.com/images/g/yX4AAeSwFWxpv1p~/s-l225.jpg,https://www.ebay.com/itm/227267417522?_skw=Grubbin+18+Temporal+Forces+Pokemon+card&hash=item34ea3195b2:g:yX4AAeSwFWxpv1p~,"{""value"": ""2.00"", ""currency"": ""USD""}","[{""shippingCostType"": ""FIXED"", ""shippingCost"": {""value"": ""1.25"", ""currency"": ""USD""}, ""minEstimatedDeliveryDate"": ""2026-09-15T07:00:00.000Z"", ""maxEstimatedDeliveryDate"": ""2026-09-21T07:00:00.000Z""}]",,,PENDING_INDEPENDENT_HUMAN_REVIEW
D2-0211,2bf67447-75e1-4e97-ac08-c7f3e7f2c88c,ea7d59b7-a934-43b2-a230-9520fb6e6048,Dhelmise,Mega Evolution,18,common,v1|127690736066|0,Dhelmise 18/132  Pokemon ME: Mega Evolution ,,Ungraded,4000,[],"[""FIXED_PRICE""]",racknstack-sportscards,https://i.ebayimg.com/images/g/Kn0AAeSwpZRplRU-/s-l225.jpg,https://www.ebay.com/itm/127690736066?_skw=Dhelmise+18+Mega+Evolution+Pokemon+card&hash=item1dbaf601c2:g:Kn0AAeSwpZRplRU-,"{""value"": ""0.99"", ""currency"": ""USD""}","[{""shippingCostType"": ""FIXED"", ""shippingCost"": {""value"": ""0.95"", ""currency"": ""USD""}, ""minEstimatedDeliveryDate"": ""2026-09-15T07:00:00.000Z"", ""maxEstimatedDeliveryDate"": ""2026-09-18T07:00:00.000Z""}]",,,PENDING_INDEPENDENT_HUMAN_REVIEW
D2-0212,2bf67447-75e1-4e97-ac08-c7f3e7f2c88c,ea7d59b7-a934-43b2-a230-9520fb6e6048,Dhelmise,Mega Evolution,18,common,v1|127838758803|0,Pokemon - Dhelmise 18/132 Mega Evolution Common Reverse Holo 2025 NM,,Ungraded,4000,[],"[""FIXED_PRICE""]",antgen726,https://i.ebayimg.com/images/g/j0oAAeSw16pp896B/s-l225.jpg,https://www.ebay.com/itm/127838758803?_skw=Dhelmise+18+Mega+Evolution+Pokemon+card&hash=item1dc3c8a793:g:j0oAAeSw16pp896B,"{""value"": ""1.79"", ""currency"": ""USD""}","[{""shippingCostType"": ""FIXED"", ""shippingCost"": {""value"": ""0.00"", ""currency"": ""USD""}, ""minEstimatedDeliveryDate"": ""2026-09-15T07:00:00.000Z"", ""maxEstimatedDeliveryDate"": ""2026-09-18T07:00:00.000Z""}]",,,PENDING_INDEPENDENT_HUMAN_REVIEW
D2-0213,2bf67447-75e1-4e97-ac08-c7f3e7f2c88c,ea7d59b7-a934-43b2-a230-9520fb6e6048,Dhelmise,Mega Evolution,18,common,v1|146883924749|0,Pokemon Dhelmise (18/189) Mega Evolution NM,,Ungraded,4000,[],"[""FIXED_PRICE""]",ninetyfive,https://i.ebayimg.com/images/g/C90AAeSwVplo565U/s-l225.jpg,https://www.ebay.com/itm/146883924749?_skw=Dhelmise+18+Mega+Evolution+Pokemon+card&hash=item2232f6d30d:g:C90AAeSwVplo565U,"{""value"": ""0.99"", ""currency"": ""USD""}","[{""shippingCostType"": ""FIXED"", ""shippingCost"": {""value"": ""0.49"", ""currency"": ""USD""}, ""minEstimatedDeliveryDate"": ""2026-09-16T07:00:00.000Z"", ""maxEstimatedDeliveryDate"": ""2026-09-23T07:00:00.000Z""}]",,,PENDING_INDEPENDENT_HUMAN_REVIEW
D2-0214,2bf67447-75e1-4e97-ac08-c7f3e7f2c88c,ea7d59b7-a934-43b2-a230-9520fb6e6048,Dhelmise,Mega Evolution,18,common,v1|317729718309|0,Pokémon TCG Mega Evolutions - Dhelmise #18 Reverse Holo,,Ungraded,4000,[],"[""FIXED_PRICE"", ""BEST_OFFER""]",wolfpacksllc,https://i.ebayimg.com/images/g/JsYAAeSwATBpWdVR/s-l225.jpg,https://www.ebay.com/itm/317729718309?_skw=Dhelmise+18+Mega+Evolution+Pokemon+card&hash=item49fa2ac025:g:JsYAAeSwATBpWdVR,"{""value"": ""1.59"", ""currency"": ""USD""}","[{""shippingCostType"": ""FIXED"", ""shippingCost"": {""value"": ""0.74"", ""currency"": ""USD""}, ""minEstimatedDeliveryDate"": ""2026-09-15T07:00:00.000Z"", ""maxEstimatedDeliveryDate"": ""2026-09-21T07:00:00.000Z""}]",,,PENDING_INDEPENDENT_HUMAN_REVIEW
D2-0215,2bf67447-75e1-4e97-ac08-c7f3e7f2c88c,ea7d59b7-a934-43b2-a230-9520fb6e6048,Dhelmise,Mega Evolution,18,common,v1|406377054990|0,Pokémon TCG Dhelmise 18/132,,Ungraded,4000,[],"[""FIXED_PRICE""]",kehleedoesthings,https://i.ebayimg.com/images/g/gJkAAeSw4sxpFPVC/s-l225.jpg,https://www.ebay.com/itm/406377054990?_skw=Dhelmise+18+Mega+Evolution+Pokemon+card&hash=item5e9df5c30e:g:gJkAAeSw4sxpFPVC,"{""value"": ""1.72"", ""currency"": ""USD""}","[{""shippingCostType"": ""FIXED"", ""shippingCost"": {""value"": ""0.00"", ""currency"": ""USD""}, ""minEstimatedDeliveryDate"": ""2026-09-16T07:00:00.000Z"", ""maxEstimatedDeliveryDate"": ""2026-09-23T07:00:00.000Z""}]",,,PENDING_INDEPENDENT_HUMAN_REVIEW
D2-0216,2bf67447-75e1-4e97-ac08-c7f3e7f2c88c,ea7d59b7-a934-43b2-a230-9520fb6e6048,Dhelmise,Mega Evolution,18,common,v1|128055266597|0,Dhelmise Mega Evolution 018/132 Common PokéMon — English Near Mint,,Ungraded,4000,[],"[""FIXED_PRICE""]",qscollectibles98,https://i.ebayimg.com/images/g/TV4AAeSwzbZqlqnP/s-l225.jpg,https://www.ebay.com/itm/128055266597?_skw=Dhelmise+18+Mega+Evolution+Pokemon+card&hash=item1dd0b04d25:g:TV4AAeSwzbZqlqnP,"{""value"": ""1.99"", ""currency"": ""USD""}","[{""shippingCostType"": ""FIXED"", ""shippingCost"": {""value"": ""0.00"", ""currency"": ""USD""}, ""minEstimatedDeliveryDate"": ""2026-09-16T07:00:00.000Z"", ""maxEstimatedDeliveryDate"": ""2026-09-23T07:00:00.000Z""}]",,,PENDING_INDEPENDENT_HUMAN_REVIEW
D2-0217,2bf67447-75e1-4e97-ac08-c7f3e7f2c88c,ea7d59b7-a934-43b2-a230-9520fb6e6048,Dhelmise,Mega Evolution,18,common,v1|287372645135|589304067332,Dhelmise 018 - Reverse Holofoil ME01 Mega Evolution - Common,,Ungraded,4000,[],"[""FIXED_PRICE""]",bricksindemandca,https://i.ebayimg.com/images/g/G4cAAeSws0dqHzzZ/s-l225.jpg,https://www.ebay.com/itm/287372645135?_skw=Dhelmise+18+Mega+Evolution+Pokemon+card&hash=item42e8be930f:g:G4cAAeSws0dqHzzZ,"{""value"": ""2.33"", ""currency"": ""USD"", ""convertedFromValue"": ""3.22"", ""convertedFromCurrency"": ""CAD""}","[{""shippingCostType"": ""FIXED"", ""shippingCost"": {""value"": ""0.00"", ""currency"": ""USD"", ""convertedFromValue"": ""0.00"", ""convertedFromCurrency"": ""CAD""}, ""minEstimatedDeliveryDate"": ""2026-10-09T07:00:00.000Z"", ""maxEstimatedDeliveryDate"": ""2026-11-16T08:00:00.000Z""}]",,,PENDING_INDEPENDENT_HUMAN_REVIEW
D2-0218,2bf67447-75e1-4e97-ac08-c7f3e7f2c88c,ea7d59b7-a934-43b2-a230-9520fb6e6048,Dhelmise,Mega Evolution,18,common,v1|117379731159|417265201954,Mega Evolution Pokémon Cards! Holo/Reverse Holo EX SIR Illustration Rare Card!,,Ungraded,4000,[],"[""FIXED_PRICE""]",ewoks_adventure,https://i.ebayimg.com/images/g/N50AAeSwOa9qj0O~/s-l225.jpg,https://www.ebay.com/itm/117379731159?_skw=Dhelmise+18+Mega+Evolution+Pokemon+card&hash=item1b54608ed7:g:N50AAeSwOa9qj0O~,"{""value"": ""1.49"", ""currency"": ""USD""}","[{""shippingCostType"": ""FIXED"", ""shippingCost"": {""value"": ""0.00"", ""currency"": ""USD""}, ""minEstimatedDeliveryDate"": ""2026-09-14T07:00:00.000Z"", ""maxEstimatedDeliveryDate"": ""2026-09-17T07:00:00.000Z""}]",,,PENDING_INDEPENDENT_HUMAN_REVIEW
D2-0219,2bf67447-75e1-4e97-ac08-c7f3e7f2c88c,ea7d59b7-a934-43b2-a230-9520fb6e6048,Dhelmise,Mega Evolution,18,common,v1|127713228364|428874887269,Pokemon TCG Mega Evolution- Choose Your Card! Common Uncommon NM/M,,Ungraded,4000,[],"[""FIXED_PRICE""]",pokebrojourneystcg,https://i.ebayimg.com/images/g/AzEAAeSweBZppPO4/s-l225.jpg,https://www.ebay.com/itm/127713228364?_skw=Dhelmise+18+Mega+Evolution+Pokemon+card&hash=item1dbc4d364c:g:AzEAAeSweBZppPO4,"{""value"": ""1.00"", ""currency"": ""USD""}","[{""shippingCostType"": ""FIXED"", ""shippingCost"": {""value"": ""0.50"", ""currency"": ""USD""}, ""minEstimatedDeliveryDate"": ""2026-09-15T07:00:00.000Z"", ""maxEstimatedDeliveryDate"": ""2026-09-21T07:00:00.000Z""}]",,,PENDING_INDEPENDENT_HUMAN_REVIEW
D2-0220,2bf67447-75e1-4e97-ac08-c7f3e7f2c88c,ea7d59b7-a934-43b2-a230-9520fb6e6048,Dhelmise,Mega Evolution,18,common,v1|127811005132|429018459182,Mega Evolution - Pick Your Card - Pokemon TCG,,Ungraded,4000,[],"[""FIXED_PRICE""]",tcgrowze,https://i.ebayimg.com/images/g/HSwAAeSwcIBp3xfk/s-l225.jpg,https://www.ebay.com/itm/127811005132?_skw=Dhelmise+18+Mega+Evolution+Pokemon+card&hash=item1dc2212acc:g:HSwAAeSwcIBp3xfk,"{""value"": ""1.80"", ""currency"": ""USD"", ""convertedFromValue"": ""2.49"", ""convertedFromCurrency"": ""CAD""}",[],,,PENDING_INDEPENDENT_HUMAN_REVIEW
D2-0221,2bf67447-75e1-4e97-ac08-c7f3e7f2c88c,ea7d59b7-a934-43b2-a230-9520fb6e6048,Dhelmise,Mega Evolution,18,common,v1|127947161802|429131893747,Pokemon Mega Evolution (Reverse Holo/Holo) | Complete Your Set | Pick Your Card,,Ungraded,4000,[],"[""FIXED_PRICE""]",glacier_vault,https://i.ebayimg.com/images/g/qkIAAeSw2Jtqcr~u/s-l225.jpg,https://www.ebay.com/itm/127947161802?_skw=Dhelmise+18+Mega+Evolution+Pokemon+card&hash=item1dca3ec0ca:g:qkIAAeSw2Jtqcr~u,"{""value"": ""1.27"", ""currency"": ""USD"", ""convertedFromValue"": ""1.75"", ""convertedFromCurrency"": ""CAD""}",[],,,PENDING_INDEPENDENT_HUMAN_REVIEW
D2-0222,2bf67447-75e1-4e97-ac08-c7f3e7f2c88c,ea7d59b7-a934-43b2-a230-9520fb6e6048,Dhelmise,Mega Evolution,18,common,v1|136572547049|435278478369,Mega Evolution Common/Uncommon/Rare Pokemon Card Singles,,Ungraded,4000,[],"[""FIXED_PRICE""]",poke-woz,https://i.ebayimg.com/images/g/XqMAAeSwSdJo6WcU/s-l225.jpg,https://www.ebay.com/itm/136572547049?_skw=Dhelmise+18+Mega+Evolution+Pokemon+card&hash=item1fcc5bafe9:g:XqMAAeSwSdJo6WcU&amdata=enc%3AAQALAAABAACCtXRWQnOEpyOqnQQ8KGY1f0Kj014mk4izsiSliEnM5EtufT%2FTxiR7n0ki70ldU80iU%2FDn15qp3U%2BqDKCOm9XvY2Jkk0DprMStCfk9c%2BSnFSDin1htbOIwZxgXIBLJVA1kN0Xv36gfd0ZXCtJh3l%2B0tjZeARozIYzudyUorezpV48R7ojEfEfJxO%2FD%2FXxGGqv%2Fy%2FCazP42T7au8IHgr5fSR2xJRyit9sHFw5ZTyJR02fitlb5r91HbbneyZardOcra950PVzvhi0YN4oWELUF4mfspJ%2FCSuy%2BwvFxeNUrTZPnFpMMuXueh%2FP1MwUtBoZ9punObTDUta4AybyomJSE%3D,"{""value"": ""3.24"", ""currency"": ""USD"", ""convertedFromValue"": ""2.40"", ""convertedFromCurrency"": ""GBP""}","[{""shippingCostType"": ""FIXED"", ""shippingCost"": {""value"": ""40.54"", ""currency"": ""USD"", ""convertedFromValue"": ""30.00"", ""convertedFromCurrency"": ""GBP""}, ""minEstimatedDeliveryDate"": ""2026-09-18T07:00:00.000Z"", ""maxEstimatedDeliveryDate"": ""2026-09-25T07:00:00.000Z""}]",,,PENDING_INDEPENDENT_HUMAN_REVIEW
D2-0223,2bf67447-75e1-4e97-ac08-c7f3e7f2c88c,ea7d59b7-a934-43b2-a230-9520fb6e6048,Dhelmise,Mega Evolution,18,common,v1|147087184650|445588585203,Pokemon Cards Mega Evolution,,Ungraded,4000,[],"[""FIXED_PRICE""]",nashpp,https://i.ebayimg.com/images/g/LbYAAeSwWO9pZFbT/s-l225.jpg,https://www.ebay.com/itm/147087184650?_skw=Dhelmise+18+Mega+Evolution+Pokemon+card&hash=item223f14530a:g:LbYAAeSwWO9pZFbT,"{""value"": ""0.99"", ""currency"": ""USD""}","[{""shippingCostType"": ""FIXED"", ""shippingCost"": {""value"": ""0.50"", ""currency"": ""USD""}, ""minEstimatedDeliveryDate"": ""2026-09-30T07:00:00.000Z"", ""maxEstimatedDeliveryDate"": ""2026-10-10T07:00:00.000Z""}]",,,PENDING_INDEPENDENT_HUMAN_REVIEW
D2-0224,2bf67447-75e1-4e97-ac08-c7f3e7f2c88c,ea7d59b7-a934-43b2-a230-9520fb6e6048,Dhelmise,Mega Evolution,18,common,v1|158143905167|0,Dhelmise #18/132 (Reverse Holo) (LP) ME01: Mega Evolution MEG Pokemon,,Ungraded,4000,[],"[""FIXED_PRICE""]",feywildfinds,https://i.ebayimg.com/images/g/GvkAAeSwVZ5qno7T/s-l225.jpg,https://www.ebay.com/itm/158143905167?_skw=Dhelmise+18+Mega+Evolution+Pokemon+card&hash=item24d21c7d8f:g:GvkAAeSwVZ5qno7T,"{""value"": ""1.99"", ""currency"": ""USD""}","[{""shippingCostType"": ""FIXED"", ""shippingCost"": {""value"": ""0.00"", ""currency"": ""USD""}, ""minEstimatedDeliveryDate"": ""2026-09-15T07:00:00.000Z"", ""maxEstimatedDeliveryDate"": ""2026-09-21T07:00:00.000Z""}]",,,PENDING_INDEPENDENT_HUMAN_REVIEW
D2-0225,2bf67447-75e1-4e97-ac08-c7f3e7f2c88c,ea7d59b7-a934-43b2-a230-9520fb6e6048,Dhelmise,Mega Evolution,18,common,v1|167934819382|467481232706,Mega Evolutions Singles ME1: Commons & Uncommons – Pick Your Card,,Ungraded,4000,[],"[""FIXED_PRICE""]",pokebroshq,https://i.ebayimg.com/images/g/-SQAAeSwS~JpGnGd/s-l225.jpg,https://www.ebay.com/itm/167934819382?_skw=Dhelmise+18+Mega+Evolution+Pokemon+card&hash=item2719b1fc36:g:-SQAAeSwS~JpGnGd,"{""value"": ""0.99"", ""currency"": ""USD""}","[{""shippingCostType"": ""FIXED"", ""shippingCost"": {""value"": ""0.00"", ""currency"": ""USD""}, ""minEstimatedDeliveryDate"": ""2026-09-15T07:00:00.000Z"", ""maxEstimatedDeliveryDate"": ""2026-09-18T07:00:00.000Z""}]",,,PENDING_INDEPENDENT_HUMAN_REVIEW
D2-0226,2c445258-b198-43de-b710-0921ebe3f0ab,4411dcaa-280b-4355-bc49-f27c3f6580f2,Pikachu ex,Ascended Heroes,277,special_illustration_rare,v1|117248849856|0,Pikachu ex 277/217 Special Illustration Rare Ascended Heroes,,Ungraded,4000,[],"[""FIXED_PRICE""]",tandtconnection,https://i.ebayimg.com/images/g/81sAAeSweeRqLvpi/s-l225.jpg,https://www.ebay.com/itm/117248849856?_skw=Pikachu+ex+277+Ascended+Heroes+Pokemon+card&hash=item1b4c9377c0:g:81sAAeSweeRqLvpi,"{""value"": ""350.00"", ""currency"": ""USD""}","[{""shippingCostType"": ""CALCULATED""}]",,,PENDING_INDEPENDENT_HUMAN_REVIEW
D2-0227,2c445258-b198-43de-b710-0921ebe3f0ab,4411dcaa-280b-4355-bc49-f27c3f6580f2,Pikachu ex,Ascended Heroes,277,special_illustration_rare,v1|117293774903|0,[NM] Pikachu ex Ascended Heroes 277/217 Special Illustration Rare Holo,,Ungraded,4000,[],"[""FIXED_PRICE""]",tbc_games,https://i.ebayimg.com/images/g/TeMAAeSwMm1qT-EI/s-l225.jpg,https://www.ebay.com/itm/117293774903?_skw=Pikachu+ex+277+Ascended+Heroes+Pokemon+card&hash=item1b4f40f837:g:TeMAAeSwMm1qT-EI,"{""value"": ""325.00"", ""currency"": ""USD""}","[{""shippingCostType"": ""FIXED"", ""shippingCost"": {""value"": ""0.00"", ""currency"": ""USD""}, ""minEstimatedDeliveryDate"": ""2026-09-14T07:00:00.000Z"", ""maxEstimatedDeliveryDate"": ""2026-09-17T07:00:00.000Z""}]",,,PENDING_INDEPENDENT_HUMAN_REVIEW
D2-0228,2c445258-b198-43de-b710-0921ebe3f0ab,4411dcaa-280b-4355-bc49-f27c3f6580f2,Pikachu ex,Ascended Heroes,277,special_illustration_rare,v1|117390591885|0,2026 Pokemon 277/217 Pikachu ex Ascended Heroes,,Ungraded,4000,[],"[""FIXED_PRICE"", ""BEST_OFFER""]",tntcards.mi,https://i.ebayimg.com/images/g/ImYAAeSw1INqlxjV/s-l225.jpg,https://www.ebay.com/itm/117390591885?_skw=Pikachu+ex+277+Ascended+Heroes+Pokemon+card&hash=item1b5506478d:g:ImYAAeSw1INqlxjV,"{""value"": ""375.00"", ""currency"": ""USD""}","[{""shippingCostType"": ""FIXED"", ""shippingCost"": {""value"": ""5.99"", ""currency"": ""USD""}, ""minEstimatedDeliveryDate"": ""2026-09-15T07:00:00.000Z"", ""maxEstimatedDeliveryDate"": ""2026-09-21T07:00:00.000Z""}]",,,PENDING_INDEPENDENT_HUMAN_REVIEW
D2-0229,2c445258-b198-43de-b710-0921ebe3f0ab,4411dcaa-280b-4355-bc49-f27c3f6580f2,Pikachu ex,Ascended Heroes,277,special_illustration_rare,v1|298651533702|0,Pikachu EX 277/217 Mega Evolution Ascended Heros,,Ungraded,4000,[],"[""AUCTION""]",daniac1995,https://i.ebayimg.com/images/g/NgQAAeSwzadqndLv/s-l225.jpg,https://www.ebay.com/itm/298651533702?_skw=Pikachu+ex+277+Ascended+Heroes+Pokemon+card&hash=item458904c186:g:NgQAAeSwzadqndLv,{},"[{""shippingCostType"": ""CALCULATED""}]",,,PENDING_INDEPENDENT_HUMAN_REVIEW
D2-0230,2c445258-b198-43de-b710-0921ebe3f0ab,4411dcaa-280b-4355-bc49-f27c3f6580f2,Pikachu ex,Ascended Heroes,277,special_illustration_rare,v1|307165068688|0,2026 Mega Evolution Ascended Hereos Pikachu EX SIR #277,,Graded,2750,[],"[""AUCTION""]",mayja612,https://i.ebayimg.com/images/g/RJwAAeSwqlBqnKLp/s-l225.jpg,https://www.ebay.com/itm/307165068688?_skw=Pikachu+ex+277+Ascended+Heroes+Pokemon+card&hash=item478476fd90:g:RJwAAeSwqlBqnKLp,{},"[{""shippingCostType"": ""CALCULATED""}]",,,PENDING_INDEPENDENT_HUMAN_REVIEW
D2-0231,2c445258-b198-43de-b710-0921ebe3f0ab,4411dcaa-280b-4355-bc49-f27c3f6580f2,Pikachu ex,Ascended Heroes,277,special_illustration_rare,v1|358498132869|0,2026 POKEMON ASC EN-ASCENDED HEROES SPECIAL ILLUSTRATION RARE PIKACHU EX TAG 10,,Graded,2750,[],"[""FIXED_PRICE""]",poke_mom_jdbhobby,https://i.ebayimg.com/images/g/5hUAAeSwvPRp8R5E/s-l225.jpg,https://www.ebay.com/itm/358498132869?_skw=Pikachu+ex+277+Ascended+Heroes+Pokemon+card&hash=item5378276385:g:5hUAAeSwvPRp8R5E,"{""value"": ""1900.00"", ""currency"": ""USD""}","[{""shippingCostType"": ""FIXED"", ""shippingCost"": {""value"": ""0.00"", ""currency"": ""USD""}, ""minEstimatedDeliveryDate"": ""2026-09-15T07:00:00.000Z"", ""maxEstimatedDeliveryDate"": ""2026-09-18T07:00:00.000Z""}]",,,PENDING_INDEPENDENT_HUMAN_REVIEW
D2-0232,2c445258-b198-43de-b710-0921ebe3f0ab,4411dcaa-280b-4355-bc49-f27c3f6580f2,Pikachu ex,Ascended Heroes,277,special_illustration_rare,v1|178440324389|0,Ascended hero’s crown Pikachu SIR  277/217 Fresh Pull,,Ungraded,4000,[],"[""FIXED_PRICE""]",jstine91,https://i.ebayimg.com/images/g/XJ8AAeSw0FZqjfto/s-l225.jpg,https://www.ebay.com/itm/178440324389?_skw=Pikachu+ex+277+Ascended+Heroes+Pokemon+card&hash=item298bdf4525:g:XJ8AAeSw0FZqjfto,"{""value"": ""349.99"", ""currency"": ""USD""}","[{""shippingCostType"": ""FIXED"", ""shippingCost"": {""value"": ""1.32"", ""currency"": ""USD""}, ""minEstimatedDeliveryDate"": ""2026-09-15T07:00:00.000Z"", ""maxEstimatedDeliveryDate"": ""2026-09-19T07:00:00.000Z""}]",,,PENDING_INDEPENDENT_HUMAN_REVIEW
D2-0233,2c445258-b198-43de-b710-0921ebe3f0ab,4411dcaa-280b-4355-bc49-f27c3f6580f2,Pikachu ex,Ascended Heroes,277,special_illustration_rare,v1|117390591897|0,2026 Pokemon 277/217 Pikachu ex Special Illustration Rare Ascended Heroes PSA 10,,Graded,2750,[],"[""FIXED_PRICE"", ""BEST_OFFER""]",tntcards.mi,https://i.ebayimg.com/images/g/EZ4AAeSwLrNqlxjV/s-l225.jpg,https://www.ebay.com/itm/117390591897?_skw=Pikachu+ex+277+Ascended+Heroes+Pokemon+card&hash=item1b55064799:g:EZ4AAeSwLrNqlxjV,"{""value"": ""1000.00"", ""currency"": ""USD""}","[{""shippingCostType"": ""FIXED"", ""shippingCost"": {""value"": ""5.99"", ""currency"": ""USD""}, ""minEstimatedDeliveryDate"": ""2026-09-15T07:00:00.000Z"", ""maxEstimatedDeliveryDate"": ""2026-09-21T07:00:00.000Z""}]",,,PENDING_INDEPENDENT_HUMAN_REVIEW
D2-0234,2c445258-b198-43de-b710-0921ebe3f0ab,4411dcaa-280b-4355-bc49-f27c3f6580f2,Pikachu ex,Ascended Heroes,277,special_illustration_rare,v1|227201462552|0,Pokemon Pikachu EX 277/217 Ultra Rare Ascended Heroes Extended Artwork Case,,Ungraded,4000,[],"[""FIXED_PRICE""]",dragarious,https://i.ebayimg.com/images/g/VwYAAeSwreJpgiQ7/s-l225.jpg,https://www.ebay.com/itm/227201462552?_skw=Pikachu+ex+277+Ascended+Heroes+Pokemon+card&hash=item34e6433118:g:VwYAAeSwreJpgiQ7,"{""value"": ""12.00"", ""currency"": ""USD""}","[{""shippingCostType"": ""CALCULATED""}]",,,PENDING_INDEPENDENT_HUMAN_REVIEW
D2-0235,2c445258-b198-43de-b710-0921ebe3f0ab,4411dcaa-280b-4355-bc49-f27c3f6580f2,Pikachu ex,Ascended Heroes,277,special_illustration_rare,v1|117402825048|0,PIKACHU EX 277/217 SPECIAL ILLUSTRATION RARE ASCENDED HEROES POKEMON HOLO NM/M,,Ungraded,4000,[],"[""FIXED_PRICE"", ""BEST_OFFER""]",wayward_vintage,https://i.ebayimg.com/images/g/IFMAAeSw~bRqoFky/s-l225.jpg,https://www.ebay.com/itm/117402825048?_skw=Pikachu+ex+277+Ascended+Heroes+Pokemon+card&hash=item1b55c0f158:g:IFMAAeSw~bRqoFky,"{""value"": ""399.99"", ""currency"": ""USD""}","[{""shippingCostType"": ""CALCULATED""}]",,,PENDING_INDEPENDENT_HUMAN_REVIEW
D2-0236,2c445258-b198-43de-b710-0921ebe3f0ab,4411dcaa-280b-4355-bc49-f27c3f6580f2,Pikachu ex,Ascended Heroes,277,special_illustration_rare,v1|117406203100|0,2026 POKEMON ASCENDED HEROES PIKACHU EX SIR #277/217 HOLO CGC 10 GM,,Graded,2750,[],"[""FIXED_PRICE""]",psa,https://i.ebayimg.com/images/g/-64AAeSwZERqlaPZ/s-l225.jpg,https://www.ebay.com/itm/117406203100?_skw=Pikachu+ex+277+Ascended+Heroes+Pokemon+card&hash=item1b55f47cdc:g:-64AAeSwZERqlaPZ,"{""value"": ""448.99"", ""currency"": ""USD""}","[{""shippingCostType"": ""FIXED"", ""shippingCost"": {""value"": ""5.99"", ""currency"": ""USD""}}]",,,PENDING_INDEPENDENT_HUMAN_REVIEW
D2-0237,2c445258-b198-43de-b710-0921ebe3f0ab,4411dcaa-280b-4355-bc49-f27c3f6580f2,Pikachu ex,Ascended Heroes,277,special_illustration_rare,v1|128073058758|0,Pikachu ex 277/217 Me: Ascended Heroes Holo,,Ungraded,4000,[],"[""FIXED_PRICE"", ""BEST_OFFER""]",geekedupp,https://i.ebayimg.com/images/g/lNsAAeSwzjRqo0re/s-l225.jpg,https://www.ebay.com/itm/128073058758?_skw=Pikachu+ex+277+Ascended+Heroes+Pokemon+card&hash=item1dd1bfc9c6:g:lNsAAeSwzjRqo0re,"{""value"": ""400.00"", ""currency"": ""USD""}","[{""shippingCostType"": ""CALCULATED""}]",,,PENDING_INDEPENDENT_HUMAN_REVIEW
D2-0238,2c445258-b198-43de-b710-0921ebe3f0ab,4411dcaa-280b-4355-bc49-f27c3f6580f2,Pikachu ex,Ascended Heroes,277,special_illustration_rare,v1|137419208811|0,Ascended Heroes Pikachu Combo: Pikachu ex 277/217 and 276/217 Pikachu EX,,Ungraded,4000,[],"[""FIXED_PRICE"", ""BEST_OFFER""]",nic-445762,https://i.ebayimg.com/images/g/wPkAAeSwAbNqMELx/s-l225.jpg,https://www.ebay.com/itm/137419208811?_skw=Pikachu+ex+277+Ascended+Heroes+Pokemon+card&hash=item1ffed2b86b:g:wPkAAeSwAbNqMELx,"{""value"": ""1800.00"", ""currency"": ""USD""}","[{""shippingCostType"": ""FIXED"", ""shippingCost"": {""value"": ""6.95"", ""currency"": ""USD""}, ""minEstimatedDeliveryDate"": ""2026-09-15T07:00:00.000Z"", ""maxEstimatedDeliveryDate"": ""2026-09-21T07:00:00.000Z""}]",,,PENDING_INDEPENDENT_HUMAN_REVIEW
D2-0239,2c445258-b198-43de-b710-0921ebe3f0ab,4411dcaa-280b-4355-bc49-f27c3f6580f2,Pikachu ex,Ascended Heroes,277,special_illustration_rare,v1|137726723746|0,2026 POKEMON ASC EN-ASCENDED HEROES SPECIAL ILLUSTRATION RARE PIKACHU EX PSA 9,,Graded,2750,[],"[""FIXED_PRICE"", ""BEST_OFFER""]",lotsogoodstuff,https://i.ebayimg.com/images/g/K8AAAeSwDaxqpKDe/s-l225.jpg,https://www.ebay.com/itm/137726723746?_skw=Pikachu+ex+277+Ascended+Heroes+Pokemon+card&hash=item20112706a2:g:K8AAAeSwDaxqpKDe&amdata=enc%3AAQALAAABEACCtXRWQnOEpyOqnQQ8KGYeTtzm1Bc%2F0M10Sxf3pW1lM9qZibAXtWW0j3jOh6sq%2BE2ntdHBIX%2FdORJrj8pYJWlBFqovoSw%2FNUdi1pD0EfRERZduAP6dhcJKaw086XXZN1iPuIVecpt%2BTtnAH9ghqBCgzF1dUtUUrzXEg1rckrB10UP4fgeIXRazg8W8hvpIatF82iRblE3b%2FIPDVXcKRFToPwvavO13eUbRiMA5%2FqHEJGMOTAvh89Nu%2FlRlOaLDz1YmkDCnfg41MzthWRheP9ehozwD40FBTtmhjZaasSD6132xlgTw4rGb%2F281O8hoKPdbrYB9mf6cHPMTttw7klpCAy%2Bki87DxXCdrrfJq8IU,"{""value"": ""455.00"", ""currency"": ""USD""}","[{""shippingCostType"": ""FIXED"", ""shippingCost"": {""value"": ""0.00"", ""currency"": ""USD""}, ""minEstimatedDeliveryDate"": ""2026-09-15T07:00:00.000Z"", ""maxEstimatedDeliveryDate"": ""2026-09-18T07:00:00.000Z""}]",,,PENDING_INDEPENDENT_HUMAN_REVIEW
D2-0240,2c445258-b198-43de-b710-0921ebe3f0ab,4411dcaa-280b-4355-bc49-f27c3f6580f2,Pikachu ex,Ascended Heroes,277,special_illustration_rare,v1|147478704324|0,Pikachu ex 277/217 Me: Ascended Heroes Holo,,Ungraded,4000,[],"[""FIXED_PRICE""]",nation_of_cards,https://i.ebayimg.com/images/g/frUAAeSwYexqb5GF/s-l225.jpg,https://www.ebay.com/itm/147478704324?_skw=Pikachu+ex+277+Ascended+Heroes+Pokemon+card&hash=item22566a70c4:g:frUAAeSwYexqb5GF,"{""value"": ""450.00"", ""currency"": ""USD""}","[{""shippingCostType"": ""FIXED"", ""shippingCost"": {""value"": ""5.99"", ""currency"": ""USD""}, ""minEstimatedDeliveryDate"": ""2026-09-14T07:00:00.000Z"", ""maxEstimatedDeliveryDate"": ""2026-09-17T07:00:00.000Z""}]",,,PENDING_INDEPENDENT_HUMAN_REVIEW
D2-0241,2cef0dfb-a5fd-4aed-b8ae-34a82f414587,3d276bff-a869-4634-840f-d5eb4f33aa1d,Reshiram ex,White Flare,166,special_illustration_rare,v1|117390844454|0,Pokemon TCG Reshiram EX 166/086 White Flare CLEAN,,Ungraded,4000,[],"[""FIXED_PRICE"", ""BEST_OFFER""]",nycbesttcg,https://i.ebayimg.com/images/g/BHEAAeSwpfhql2OS/s-l225.jpg,https://www.ebay.com/itm/117390844454?_skw=Reshiram+ex+166+White+Flare+Pokemon+card&hash=item1b550a2226:g:BHEAAeSwpfhql2OS,"{""value"": ""183.00"", ""currency"": ""USD""}","[{""shippingCostType"": ""CALCULATED""}]",,,PENDING_INDEPENDENT_HUMAN_REVIEW
D2-0242,2cef0dfb-a5fd-4aed-b8ae-34a82f414587,3d276bff-a869-4634-840f-d5eb4f33aa1d,Reshiram ex,White Flare,166,special_illustration_rare,v1|128038494485|0,Reshiram Ex #166 Pokemon White Flare,,Ungraded,4000,[],"[""FIXED_PRICE"", ""BEST_OFFER""]",alto-bir,https://i.ebayimg.com/images/g/CzgAAeSwR7pqiL38/s-l225.jpg,https://www.ebay.com/itm/128038494485?_skw=Reshiram+ex+166+White+Flare+Pokemon+card&hash=item1dcfb06115:g:CzgAAeSwR7pqiL38,"{""value"": ""191.95"", ""currency"": ""USD""}","[{""shippingCostType"": ""CALCULATED""}]",,,PENDING_INDEPENDENT_HUMAN_REVIEW
D2-0243,2cef0dfb-a5fd-4aed-b8ae-34a82f414587,3d276bff-a869-4634-840f-d5eb4f33aa1d,Reshiram ex,White Flare,166,special_illustration_rare,v1|128058692590|0,Pokémon TCG Reshiram ex Sv: White Flare 166/086 SIR Holo 230 HP,,Ungraded,4000,[],"[""FIXED_PRICE"", ""BEST_OFFER""]",quick.flipzzz,https://i.ebayimg.com/images/g/3kgAAeSw0HxqmN2H/s-l225.jpg,https://www.ebay.com/itm/128058692590?_skw=Reshiram+ex+166+White+Flare+Pokemon+card&hash=item1dd0e493ee:g:3kgAAeSw0HxqmN2H,"{""value"": ""250.00"", ""currency"": ""USD""}","[{""shippingCostType"": ""CALCULATED""}]",,,PENDING_INDEPENDENT_HUMAN_REVIEW
D2-0244,2cef0dfb-a5fd-4aed-b8ae-34a82f414587,3d276bff-a869-4634-840f-d5eb4f33aa1d,Reshiram ex,White Flare,166,special_illustration_rare,v1|117406486707|0,Reshiram EX SIR 166/086 English,,Ungraded,4000,[],"[""FIXED_PRICE"", ""BEST_OFFER""]",mrg_collection,https://i.ebayimg.com/images/g/9EQAAeSw3wNqoyPr/s-l225.jpg,https://www.ebay.com/itm/117406486707?_skw=Reshiram+ex+166+White+Flare+Pokemon+card&hash=item1b55f8d0b3:g:9EQAAeSw3wNqoyPr,"{""value"": ""199.99"", ""currency"": ""USD""}","[{""shippingCostType"": ""CALCULATED""}]",,,PENDING_INDEPENDENT_HUMAN_REVIEW
D2-0245,2cef0dfb-a5fd-4aed-b8ae-34a82f414587,3d276bff-a869-4634-840f-d5eb4f33aa1d,Reshiram ex,White Flare,166,special_illustration_rare,v1|168679829571|0,Pokémon Reshiram EX 166/086 Full Art Holo Special Illustration Rare TCG,,Ungraded,4000,[],"[""FIXED_PRICE""]",julissa_momma,https://i.ebayimg.com/images/g/xPQAAeSw9aJqo1Sb/s-l225.jpg,https://www.ebay.com/itm/168679829571?_skw=Reshiram+ex+166+White+Flare+Pokemon+card&hash=item274619f043:g:xPQAAeSw9aJqo1Sb,"{""value"": ""200.50"", ""currency"": ""USD""}","[{""shippingCostType"": ""FIXED"", ""shippingCost"": {""value"": ""0.00"", ""currency"": ""USD""}, ""minEstimatedDeliveryDate"": ""2026-09-18T07:00:00.000Z"", ""maxEstimatedDeliveryDate"": ""2026-09-22T07:00:00.000Z""}]",,,PENDING_INDEPENDENT_HUMAN_REVIEW
D2-0246,2cef0dfb-a5fd-4aed-b8ae-34a82f414587,3d276bff-a869-4634-840f-d5eb4f33aa1d,Reshiram ex,White Flare,166,special_illustration_rare,v1|398344928934|0,2025 Pokemon Reshiram EX #166/86 SAR,,Ungraded,4000,[],"[""FIXED_PRICE"", ""BEST_OFFER""]",collectorscorner_nw,https://i.ebayimg.com/images/g/XvIAAeSwGFpqlfo-/s-l225.jpg,https://www.ebay.com/itm/398344928934?_skw=Reshiram+ex+166+White+Flare+Pokemon+card&hash=item5cbf353ea6:g:XvIAAeSwGFpqlfo-,"{""value"": ""315.00"", ""currency"": ""USD""}","[{""shippingCostType"": ""FIXED"", ""shippingCost"": {""value"": ""5.00"", ""currency"": ""USD""}, ""minEstimatedDeliveryDate"": ""2026-09-15T07:00:00.000Z"", ""maxEstimatedDeliveryDate"": ""2026-09-21T07:00:00.000Z""}]",,,PENDING_INDEPENDENT_HUMAN_REVIEW
D2-0247,2cef0dfb-a5fd-4aed-b8ae-34a82f414587,3d276bff-a869-4634-840f-d5eb4f33aa1d,Reshiram ex,White Flare,166,special_illustration_rare,v1|157217521409|458745866837,White Flare Pokemon Cards! Holo/Reverse Holo Rare Illustration Full Art SIR Card,,Ungraded,4000,[],"[""FIXED_PRICE""]",overstackedcards,https://i.ebayimg.com/images/g/n7QAAeSw9VNoonzm/s-l225.jpg,https://www.ebay.com/itm/157217521409?_skw=Reshiram+ex+166+White+Flare+Pokemon+card&var=458745866837&hash=item249ae4ff01:g:n7QAAeSw9VNoonzm,"{""value"": ""299.24"", ""currency"": ""USD""}","[{""shippingCostType"": ""FIXED"", ""shippingCost"": {""value"": ""0.00"", ""currency"": ""USD""}, ""minEstimatedDeliveryDate"": ""2026-09-15T07:00:00.000Z"", ""maxEstimatedDeliveryDate"": ""2026-09-18T07:00:00.000Z""}]",,,PENDING_INDEPENDENT_HUMAN_REVIEW
D2-0248,2cef0dfb-a5fd-4aed-b8ae-34a82f414587,3d276bff-a869-4634-840f-d5eb4f33aa1d,Reshiram ex,White Flare,166,special_illustration_rare,v1|237037072557|0,Pokémon TCG Reshiram Holo Full Art Sir 166/086 White Flare NM,,Ungraded,4000,[],"[""FIXED_PRICE""]",tsj_deals,https://i.ebayimg.com/images/g/j4AAAeSwc8Fqkrlz/s-l225.jpg,https://www.ebay.com/itm/237037072557?_skw=Reshiram+ex+166+White+Flare+Pokemon+card&hash=item373082b0ad:g:j4AAAeSwc8Fqkrlz,"{""value"": ""194.99"", ""currency"": ""USD""}","[{""shippingCostType"": ""FIXED"", ""shippingCost"": {""value"": ""0.00"", ""currency"": ""USD""}, ""minEstimatedDeliveryDate"": ""2026-09-15T07:00:00.000Z"", ""maxEstimatedDeliveryDate"": ""2026-09-21T07:00:00.000Z""}]",,,PENDING_INDEPENDENT_HUMAN_REVIEW
D2-0249,2cef0dfb-a5fd-4aed-b8ae-34a82f414587,3d276bff-a869-4634-840f-d5eb4f33aa1d,Reshiram ex,White Flare,166,special_illustration_rare,v1|278334195652|0,Reshiram Holo Full Art Sir 166/086 White Flare Pokémon NM,,Ungraded,4000,[],"[""FIXED_PRICE""]",island.gaming,https://i.ebayimg.com/images/g/wl0AAeSwR7pql3O1/s-l225.jpg,https://www.ebay.com/itm/278334195652?_skw=Reshiram+ex+166+White+Flare+Pokemon+card&hash=item40ce02c7c4:g:wl0AAeSwR7pql3O1,"{""value"": ""199.99"", ""currency"": ""USD""}","[{""shippingCostType"": ""FIXED"", ""shippingCost"": {""value"": ""0.00"", ""currency"": ""USD""}, ""minEstimatedDeliveryDate"": ""2026-09-26T07:00:00.000Z"", ""maxEstimatedDeliveryDate"": ""2026-10-16T07:00:00.000Z""}]",,,PENDING_INDEPENDENT_HUMAN_REVIEW
D2-0250,2cef0dfb-a5fd-4aed-b8ae-34a82f414587,3d276bff-a869-4634-840f-d5eb4f33aa1d,Reshiram ex,White Flare,166,special_illustration_rare,v1|117390591898|0,2025 Pokemon 166/086 Reshiram ex Special Illustration Rare White Flare PSA 10,,Graded,2750,[],"[""FIXED_PRICE"", ""BEST_OFFER""]",tntcards.mi,https://i.ebayimg.com/images/g/L3oAAeSwyIRqlxjV/s-l225.jpg,https://www.ebay.com/itm/117390591898?_skw=Reshiram+ex+166+White+Flare+Pokemon+card&hash=item1b5506479a:g:L3oAAeSwyIRqlxjV,"{""value"": ""550.00"", ""currency"": ""USD""}","[{""shippingCostType"": ""FIXED"", ""shippingCost"": {""value"": ""5.99"", ""currency"": ""USD""}, ""minEstimatedDeliveryDate"": ""2026-09-15T07:00:00.000Z"", ""maxEstimatedDeliveryDate"": ""2026-09-21T07:00:00.000Z""}]",,,PENDING_INDEPENDENT_HUMAN_REVIEW
D2-0251,2cef0dfb-a5fd-4aed-b8ae-34a82f414587,3d276bff-a869-4634-840f-d5eb4f33aa1d,Reshiram ex,White Flare,166,special_illustration_rare,v1|127330095928|0,Reshiram ex SAR 166/086 Sv: White Flare Holo Pokemon Card (Korean) NM,,Ungraded,4000,[],"[""FIXED_PRICE""]",okoreamarketo,https://i.ebayimg.com/images/g/wDoAAeSwtI9pdpIt/s-l225.jpg,https://www.ebay.com/itm/127330095928?_skw=Reshiram+ex+166+White+Flare+Pokemon+card&hash=item1da5771338:g:wDoAAeSwtI9pdpIt,"{""value"": ""84.00"", ""currency"": ""USD""}","[{""shippingCostType"": ""FIXED"", ""shippingCost"": {""value"": ""0.00"", ""currency"": ""USD""}}]",,,PENDING_INDEPENDENT_HUMAN_REVIEW
D2-0252,2cef0dfb-a5fd-4aed-b8ae-34a82f414587,3d276bff-a869-4634-840f-d5eb4f33aa1d,Reshiram ex,White Flare,166,special_illustration_rare,v1|157414359240|0,Reshiram EX English SIR 166/086 White Flare Pokemon Extended Art Case,,Ungraded,4000,[],"[""FIXED_PRICE""]",outback_originals,https://i.ebayimg.com/images/g/gY4AAeSwxbxp0TRr/s-l225.jpg,https://www.ebay.com/itm/157414359240?_skw=Reshiram+ex+166+White+Flare+Pokemon+card&hash=item24a6a080c8:g:gY4AAeSwxbxp0TRr,"{""value"": ""12.00"", ""currency"": ""USD""}","[{""shippingCostType"": ""FIXED"", ""shippingCost"": {""value"": ""5.50"", ""currency"": ""USD""}, ""minEstimatedDeliveryDate"": ""2026-09-15T07:00:00.000Z"", ""maxEstimatedDeliveryDate"": ""2026-09-18T07:00:00.000Z""}]",,,PENDING_INDEPENDENT_HUMAN_REVIEW
D2-0253,2cef0dfb-a5fd-4aed-b8ae-34a82f414587,3d276bff-a869-4634-840f-d5eb4f33aa1d,Reshiram ex,White Flare,166,special_illustration_rare,v1|137609910507|0,RESHIRAM EX POKEMON WHITE FLARE 166/086 SPECIAL ILLUSTRATION RARE HOLO,,Ungraded,4000,[],"[""FIXED_PRICE""]",pardonmycardboard,https://i.ebayimg.com/images/g/QPYAAeSwSLlqe2iv/s-l225.jpg,https://www.ebay.com/itm/137609910507?_skw=Reshiram+ex+166+White+Flare+Pokemon+card&hash=item200a3098eb:g:QPYAAeSwSLlqe2iv,"{""value"": ""224.99"", ""currency"": ""USD""}","[{""shippingCostType"": ""FIXED"", ""shippingCost"": {""value"": ""0.00"", ""currency"": ""USD""}, ""minEstimatedDeliveryDate"": ""2026-09-15T07:00:00.000Z"", ""maxEstimatedDeliveryDate"": ""2026-09-21T07:00:00.000Z""}]",,,PENDING_INDEPENDENT_HUMAN_REVIEW
D2-0254,2cef0dfb-a5fd-4aed-b8ae-34a82f414587,3d276bff-a869-4634-840f-d5eb4f33aa1d,Reshiram ex,White Flare,166,special_illustration_rare,v1|137711085655|0,Pokémon Reshiram ex 166/086 Sv: White Flare Special Illustration Rare EX PSA 9,,Graded,2750,[],"[""FIXED_PRICE""]",thinknerds,https://i.ebayimg.com/images/g/kmwAAeSwoL9qnyuG/s-l225.jpg,https://www.ebay.com/itm/137711085655?_skw=Reshiram+ex+166+White+Flare+Pokemon+card&hash=item2010386857:g:kmwAAeSwoL9qnyuG,"{""value"": ""206.96"", ""currency"": ""USD"", ""convertedFromValue"": ""153.17"", ""convertedFromCurrency"": ""GBP""}",[],,,PENDING_INDEPENDENT_HUMAN_REVIEW
D2-0255,2cef0dfb-a5fd-4aed-b8ae-34a82f414587,3d276bff-a869-4634-840f-d5eb4f33aa1d,Reshiram ex,White Flare,166,special_illustration_rare,v1|147518717653|0,PSA 9  Reshiram ex White Flare 166/086 Special Illustration Rare - Pokemon Card,,Graded,2750,[],"[""FIXED_PRICE"", ""BEST_OFFER""]",kateaus_66,https://i.ebayimg.com/images/g/qJIAAeSwiIVqh6ag/s-l225.jpg,https://www.ebay.com/itm/147518717653?_skw=Reshiram+ex+166+White+Flare+Pokemon+card&hash=item2258ccfed5:g:qJIAAeSwiIVqh6ag,"{""value"": ""225.00"", ""currency"": ""USD""}","[{""shippingCostType"": ""FIXED"", ""shippingCost"": {""value"": ""0.00"", ""currency"": ""USD""}, ""minEstimatedDeliveryDate"": ""2026-09-15T07:00:00.000Z"", ""maxEstimatedDeliveryDate"": ""2026-09-21T07:00:00.000Z""}]",,,PENDING_INDEPENDENT_HUMAN_REVIEW
D2-0256,2e5780f8-1769-4d26-9e3e-87e4a27d4dfe,09b7c446-d89f-4a64-b721-bc1293308747,Dachsbun ex,Stellar Crown,169,special_illustration_rare,v1|117392868347|0,Dachsbun ex 2024 Pokemon Stellar Crown #169/142,,Ungraded,4000,[],"[""FIXED_PRICE"", ""BEST_OFFER""]",summersleepin,https://i.ebayimg.com/images/g/MbIAAeSweY5qmN4k/s-l225.jpg,https://www.ebay.com/itm/117392868347?_skw=Dachsbun+ex+169+Stellar+Crown+Pokemon+card&hash=item1b552903fb:g:MbIAAeSweY5qmN4k,"{""value"": ""66.00"", ""currency"": ""USD""}","[{""shippingCostType"": ""CALCULATED""}]",,,PENDING_INDEPENDENT_HUMAN_REVIEW
D2-0257,2e5780f8-1769-4d26-9e3e-87e4a27d4dfe,09b7c446-d89f-4a64-b721-bc1293308747,Dachsbun ex,Stellar Crown,169,special_illustration_rare,v1|127876265034|0,Dachsbun ex 169/142 Sv07: Stellar Crown Holo. Pk001813,,Ungraded,4000,[],"[""FIXED_PRICE"", ""BEST_OFFER""]",camaroboysam,https://i.ebayimg.com/images/g/XQMAAeSwd2xqDmq9/s-l225.jpg,https://www.ebay.com/itm/127876265034?_skw=Dachsbun+ex+169+Stellar+Crown+Pokemon+card&hash=item1dc604f44a:g:XQMAAeSwd2xqDmq9,"{""value"": ""80.00"", ""currency"": ""USD""}","[{""shippingCostType"": ""FIXED"", ""shippingCost"": {""value"": ""5.00"", ""currency"": ""USD""}, ""minEstimatedDeliveryDate"": ""2026-09-16T07:00:00.000Z"", ""maxEstimatedDeliveryDate"": ""2026-09-23T07:00:00.000Z""}]",,,PENDING_INDEPENDENT_HUMAN_REVIEW
D2-0258,2e5780f8-1769-4d26-9e3e-87e4a27d4dfe,09b7c446-d89f-4a64-b721-bc1293308747,Dachsbun ex,Stellar Crown,169,special_illustration_rare,v1|128067780473|0,Dachsbun ex 169/142 Sv07: Stellar Crown Holo,,Graded,2750,[],"[""FIXED_PRICE"", ""BEST_OFFER""]",jonnyups123,https://i.ebayimg.com/images/g/XNUAAeSwzf9qnz0s/s-l225.jpg,https://www.ebay.com/itm/128067780473?_skw=Dachsbun+ex+169+Stellar+Crown+Pokemon+card&hash=item1dd16f3f79:g:XNUAAeSwzf9qnz0s,"{""value"": ""85.00"", ""currency"": ""USD""}","[{""shippingCostType"": ""FIXED"", ""shippingCost"": {""value"": ""8.95"", ""currency"": ""USD""}, ""minEstimatedDeliveryDate"": ""2026-09-15T07:00:00.000Z"", ""maxEstimatedDeliveryDate"": ""2026-09-18T07:00:00.000Z""}]",,,PENDING_INDEPENDENT_HUMAN_REVIEW
D2-0259,2e5780f8-1769-4d26-9e3e-87e4a27d4dfe,09b7c446-d89f-4a64-b721-bc1293308747,Dachsbun ex,Stellar Crown,169,special_illustration_rare,v1|147555616929|0,Pokémon Dachsbun EX 169/142,,Ungraded,4000,[],"[""FIXED_PRICE"", ""BEST_OFFER""]",joe4690,https://i.ebayimg.com/images/g/OFgAAeSwXeFqnhCw/s-l225.jpg,https://www.ebay.com/itm/147555616929?_skw=Dachsbun+ex+169+Stellar+Crown+Pokemon+card&hash=item225b0008a1:g:OFgAAeSwXeFqnhCw,"{""value"": ""65.00"", ""currency"": ""USD""}","[{""shippingCostType"": ""CALCULATED""}]",,,PENDING_INDEPENDENT_HUMAN_REVIEW
D2-0260,2e5780f8-1769-4d26-9e3e-87e4a27d4dfe,09b7c446-d89f-4a64-b721-bc1293308747,Dachsbun ex,Stellar Crown,169,special_illustration_rare,v1|178487814679|0,Pokémon Dachsbun EX 169/142,,Ungraded,4000,[],"[""FIXED_PRICE""]",red_moon_1llusions,https://i.ebayimg.com/images/g/YIEAAeSw8SBqpCED/s-l225.jpg,https://www.ebay.com/itm/178487814679?_skw=Dachsbun+ex+169+Stellar+Crown+Pokemon+card&hash=item298eb3ea17:g:YIEAAeSw8SBqpCED,"{""value"": ""70.00"", ""currency"": ""USD""}","[{""shippingCostType"": ""FIXED"", ""shippingCost"": {""value"": ""0.00"", ""currency"": ""USD""}, ""minEstimatedDeliveryDate"": ""2026-09-15T07:00:00.000Z"", ""maxEstimatedDeliveryDate"": ""2026-09-21T07:00:00.000Z""}]",,,PENDING_INDEPENDENT_HUMAN_REVIEW
D2-0261,2e5780f8-1769-4d26-9e3e-87e4a27d4dfe,09b7c446-d89f-4a64-b721-bc1293308747,Dachsbun ex,Stellar Crown,169,special_illustration_rare,v1|227402622591|0,Dachsbun SIR ex - 169/142,,Ungraded,4000,[],"[""FIXED_PRICE"", ""BEST_OFFER""]",hartfordpm,https://i.ebayimg.com/images/g/EgoAAeSw35RqPCsD/s-l225.jpg,https://www.ebay.com/itm/227402622591?_skw=Dachsbun+ex+169+Stellar+Crown+Pokemon+card&hash=item34f240a67f:g:EgoAAeSw35RqPCsD,"{""value"": ""78.00"", ""currency"": ""USD""}","[{""shippingCostType"": ""FIXED"", ""shippingCost"": {""value"": ""6.36"", ""currency"": ""USD""}, ""minEstimatedDeliveryDate"": ""2026-09-16T07:00:00.000Z"", ""maxEstimatedDeliveryDate"": ""2026-09-22T07:00:00.000Z""}]",,,PENDING_INDEPENDENT_HUMAN_REVIEW
D2-0262,2e5780f8-1769-4d26-9e3e-87e4a27d4dfe,09b7c446-d89f-4a64-b721-bc1293308747,Dachsbun ex,Stellar Crown,169,special_illustration_rare,v1|366630787671|0,Dachsbun ex Special Illustration Rare Pokémon SV:07 Stellar Crown ,,Ungraded,4000,[],"[""FIXED_PRICE""]",jmkb_cards,https://i.ebayimg.com/images/g/H0YAAeSwaclqj1n1/s-l225.jpg,https://www.ebay.com/itm/366630787671?_skw=Dachsbun+ex+169+Stellar+Crown+Pokemon+card&hash=item555ce5da57:g:H0YAAeSwaclqj1n1,"{""value"": ""70.00"", ""currency"": ""USD""}","[{""shippingCostType"": ""CALCULATED""}]",,,PENDING_INDEPENDENT_HUMAN_REVIEW
D2-0263,2e5780f8-1769-4d26-9e3e-87e4a27d4dfe,09b7c446-d89f-4a64-b721-bc1293308747,Dachsbun ex,Stellar Crown,169,special_illustration_rare,v1|156482511744|458839706171,Pokemon TCG - Stellar Crown: Choose Your Card - All Reverse Holos/ex/Ace Spec,,Ungraded,4000,[],"[""FIXED_PRICE""]",overstackedcards,https://i.ebayimg.com/images/g/PtwAAeSw6Vdo1Nu4/s-l225.jpg,https://www.ebay.com/itm/156482511744?_skw=Dachsbun+ex+169+Stellar+Crown+Pokemon+card&hash=item246f15a380:g:PtwAAeSw6Vdo1Nu4,"{""value"": ""85.49"", ""currency"": ""USD""}","[{""shippingCostType"": ""FIXED"", ""shippingCost"": {""value"": ""0.00"", ""currency"": ""USD""}, ""minEstimatedDeliveryDate"": ""2026-09-15T07:00:00.000Z"", ""maxEstimatedDeliveryDate"": ""2026-09-18T07:00:00.000Z""}]",,,PENDING_INDEPENDENT_HUMAN_REVIEW
D2-0264,2e5780f8-1769-4d26-9e3e-87e4a27d4dfe,09b7c446-d89f-4a64-b721-bc1293308747,Dachsbun ex,Stellar Crown,169,special_illustration_rare,v1|178323484865|0,pokemon cards ex dachsbun,,Ungraded,4000,[],"[""FIXED_PRICE"", ""BEST_OFFER""]",ol947573,https://i.ebayimg.com/images/g/1eYAAeSwdbtqXC-W/s-l225.jpg,https://www.ebay.com/itm/178323484865?_skw=Dachsbun+ex+169+Stellar+Crown+Pokemon+card&hash=item2984e870c1:g:1eYAAeSwdbtqXC-W,"{""value"": ""65.00"", ""currency"": ""USD""}","[{""shippingCostType"": ""FIXED"", ""shippingCost"": {""value"": ""5.17"", ""currency"": ""USD""}, ""minEstimatedDeliveryDate"": ""2026-09-15T07:00:00.000Z"", ""maxEstimatedDeliveryDate"": ""2026-09-21T07:00:00.000Z""}]",,,PENDING_INDEPENDENT_HUMAN_REVIEW
D2-0265,2e5780f8-1769-4d26-9e3e-87e4a27d4dfe,09b7c446-d89f-4a64-b721-bc1293308747,Dachsbun ex,Stellar Crown,169,special_illustration_rare,v1|187911936207|0,Pokémon TCG,,Ungraded,4000,[],"[""FIXED_PRICE"", ""BEST_OFFER""]",felicboon0,https://i.ebayimg.com/images/g/-SUAAeSwfH9pWaZA/s-l225.jpg,https://www.ebay.com/itm/187911936207?_skw=Dachsbun+ex+169+Stellar+Crown+Pokemon+card&hash=item2bc06c98cf:g:-SUAAeSwfH9pWaZA,"{""value"": ""30.00"", ""currency"": ""USD""}","[{""shippingCostType"": ""CALCULATED""}]",,,PENDING_INDEPENDENT_HUMAN_REVIEW
D2-0266,2e5780f8-1769-4d26-9e3e-87e4a27d4dfe,09b7c446-d89f-4a64-b721-bc1293308747,Dachsbun ex,Stellar Crown,169,special_illustration_rare,v1|117407846662|0,2024 Pokemon Scr En-Stellar Crown Dachsbun Ex #169 PSA 10,,Graded,2750,[],"[""FIXED_PRICE""]",thetradingfloor_hq,https://i.ebayimg.com/images/g/9tQAAeSwFXJqpGZA/s-l225.jpg,https://www.ebay.com/itm/117407846662?_skw=Dachsbun+ex+169+Stellar+Crown+Pokemon+card&hash=item1b560d9106:g:9tQAAeSwFXJqpGZA,"{""value"": ""210.00"", ""currency"": ""USD""}","[{""shippingCostType"": ""CALCULATED""}]",,,PENDING_INDEPENDENT_HUMAN_REVIEW
D2-0267,2e5780f8-1769-4d26-9e3e-87e4a27d4dfe,09b7c446-d89f-4a64-b721-bc1293308747,Dachsbun ex,Stellar Crown,169,special_illustration_rare,v1|157414254326|0,Dachsbun EX SIR Stellar Crown 169/142  Pokemon Extended Artwork Case,,Ungraded,4000,[],"[""FIXED_PRICE""]",outback_originals,https://i.ebayimg.com/images/g/5KMAAeSwMA5pJp0E/s-l225.jpg,https://www.ebay.com/itm/157414254326?_skw=Dachsbun+ex+169+Stellar+Crown+Pokemon+card&hash=item24a69ee6f6:g:5KMAAeSwMA5pJp0E,"{""value"": ""12.00"", ""currency"": ""USD""}","[{""shippingCostType"": ""FIXED"", ""shippingCost"": {""value"": ""5.00"", ""currency"": ""USD""}, ""minEstimatedDeliveryDate"": ""2026-09-15T07:00:00.000Z"", ""maxEstimatedDeliveryDate"": ""2026-09-18T07:00:00.000Z""}]",,,PENDING_INDEPENDENT_HUMAN_REVIEW
D2-0268,2e5780f8-1769-4d26-9e3e-87e4a27d4dfe,09b7c446-d89f-4a64-b721-bc1293308747,Dachsbun ex,Stellar Crown,169,special_illustration_rare,v1|147303278034|0,Dachsbun ex 169/142 Sv07: Stellar Crown Holo CGC 9.5,,Graded,2750,[],"[""FIXED_PRICE"", ""BEST_OFFER""]",davi-hau,https://i.ebayimg.com/images/g/lQ8AAeSw0fJqjMwL/s-l225.jpg,https://www.ebay.com/itm/147303278034?_skw=Dachsbun+ex+169+Stellar+Crown+Pokemon+card&hash=item224bf5a5d2:g:lQ8AAeSw0fJqjMwL,"{""value"": ""80.00"", ""currency"": ""USD""}",[],,,PENDING_INDEPENDENT_HUMAN_REVIEW
D2-0269,2e5780f8-1769-4d26-9e3e-87e4a27d4dfe,09b7c446-d89f-4a64-b721-bc1293308747,Dachsbun ex,Stellar Crown,169,special_illustration_rare,v1|147310073437|0,Dachsbun ex 169/142 Special Illustration Rare Pokemon Stellar Crown ENG Mint,,Ungraded,4000,[],"[""FIXED_PRICE""]",lampinlarry,https://i.ebayimg.com/images/g/4FIAAeSwYudqBXH5/s-l225.jpg,https://www.ebay.com/itm/147310073437?_skw=Dachsbun+ex+169+Stellar+Crown+Pokemon+card&hash=item224c5d565d:g:4FIAAeSwYudqBXH5,"{""value"": ""85.00"", ""currency"": ""USD""}","[{""shippingCostType"": ""CALCULATED""}]",,,PENDING_INDEPENDENT_HUMAN_REVIEW
D2-0270,2e5780f8-1769-4d26-9e3e-87e4a27d4dfe,09b7c446-d89f-4a64-b721-bc1293308747,Dachsbun ex,Stellar Crown,169,special_illustration_rare,v1|147507267763|0,Dachsbun ex 169/142 Sv07: Stellar Crown Holo,,Graded,2750,[],"[""FIXED_PRICE""]",nation_of_cards,https://i.ebayimg.com/images/g/d5YAAeSweEtqgMS~/s-l225.jpg,https://www.ebay.com/itm/147507267763?_skw=Dachsbun+ex+169+Stellar+Crown+Pokemon+card&hash=item22581e48b3:g:d5YAAeSweEtqgMS~,"{""value"": ""200.00"", ""currency"": ""USD""}","[{""shippingCostType"": ""FIXED"", ""shippingCost"": {""value"": ""5.99"", ""currency"": ""USD""}, ""minEstimatedDeliveryDate"": ""2026-09-14T07:00:00.000Z"", ""maxEstimatedDeliveryDate"": ""2026-09-17T07:00:00.000Z""}]",,,PENDING_INDEPENDENT_HUMAN_REVIEW
D2-0271,301185dd-2bde-4699-80bd-8b2a3cfd8f7f,af28bc66-9c8b-4dbb-bf83-fa6215bd26f0,Pikachu ex,Ascended Heroes,276,special_illustration_rare,v1|117362864232|0,2026 Mega Evolution Ascended Heroes #276 Pikachu Ex SIR BGS pristine 10,,Graded,2750,[],"[""FIXED_PRICE"", ""BEST_OFFER""]",greyscalez,https://i.ebayimg.com/images/g/G7IAAeSw6glqgeQK/s-l225.jpg,https://www.ebay.com/itm/117362864232?_skw=Pikachu+ex+276+Ascended+Heroes+Pokemon+card&hash=item1b535f3068:g:G7IAAeSw6glqgeQK,"{""value"": ""4500.00"", ""currency"": ""USD""}","[{""shippingCostType"": ""CALCULATED""}]",,,PENDING_INDEPENDENT_HUMAN_REVIEW
D2-0272,301185dd-2bde-4699-80bd-8b2a3cfd8f7f,af28bc66-9c8b-4dbb-bf83-fa6215bd26f0,Pikachu ex,Ascended Heroes,276,special_illustration_rare,v1|128070001394|0,Pokemon TCG Pikachu ex 276/217 Ascended Heroes SIR TAG 10 [974] English,,Graded,2750,[],"[""FIXED_PRICE"", ""BEST_OFFER""]",viengu41,https://i.ebayimg.com/images/g/08wAAeSwikBqoQSS/s-l225.jpg,https://www.ebay.com/itm/128070001394?_skw=Pikachu+ex+276+Ascended+Heroes+Pokemon+card&hash=item1dd19122f2:g:08wAAeSwikBqoQSS,"{""value"": ""2350.00"", ""currency"": ""USD""}","[{""shippingCostType"": ""FIXED"", ""shippingCost"": {""value"": ""8.40"", ""currency"": ""USD""}, ""minEstimatedDeliveryDate"": ""2026-09-14T07:00:00.000Z"", ""maxEstimatedDeliveryDate"": ""2026-09-16T07:00:00.000Z""}]",,,PENDING_INDEPENDENT_HUMAN_REVIEW
D2-0273,301185dd-2bde-4699-80bd-8b2a3cfd8f7f,af28bc66-9c8b-4dbb-bf83-fa6215bd26f0,Pikachu ex,Ascended Heroes,276,special_illustration_rare,v1|128072569404|0,Pokemon TCG Pikachu EX 276/217 Special Illustration Rare Ascended Heroes RAW,,Ungraded,4000,[],"[""FIXED_PRICE"", ""BEST_OFFER""]",strawberrydimples86,https://i.ebayimg.com/images/g/nq0AAeSwODBqouDj/s-l225.jpg,https://www.ebay.com/itm/128072569404?_skw=Pikachu+ex+276+Ascended+Heroes+Pokemon+card&hash=item1dd1b8523c:g:nq0AAeSwODBqouDj,"{""value"": ""950.00"", ""currency"": ""USD""}","[{""shippingCostType"": ""FIXED"", ""shippingCost"": {""value"": ""0.00"", ""currency"": ""USD""}, ""minEstimatedDeliveryDate"": ""2026-09-14T07:00:00.000Z"", ""maxEstimatedDeliveryDate"": ""2026-09-17T07:00:00.000Z""}]",,,PENDING_INDEPENDENT_HUMAN_REVIEW
D2-0274,301185dd-2bde-4699-80bd-8b2a3cfd8f7f,af28bc66-9c8b-4dbb-bf83-fa6215bd26f0,Pikachu ex,Ascended Heroes,276,special_illustration_rare,v1|287580634016|0,Pokemon Ascended Heroes Pikachu EX Full Art,,Ungraded,4000,[],"[""AUCTION""]",braharr_1557,https://i.ebayimg.com/images/g/no4AAeSwSHBqmEB4/s-l225.jpg,https://www.ebay.com/itm/287580634016?_skw=Pikachu+ex+276+Ascended+Heroes+Pokemon+card&hash=item42f5243ba0:g:no4AAeSwSHBqmEB4,{},"[{""shippingCostType"": ""CALCULATED""}]",,,PENDING_INDEPENDENT_HUMAN_REVIEW
D2-0275,301185dd-2bde-4699-80bd-8b2a3cfd8f7f,af28bc66-9c8b-4dbb-bf83-fa6215bd26f0,Pikachu ex,Ascended Heroes,276,special_illustration_rare,v1|336780810100|0,🌲 Pikachu ex #278/217 Special Illustration Rare Ascended Heroes NM Pokemon Card,,Ungraded,4000,[],"[""FIXED_PRICE"", ""BEST_OFFER""]",no.this.is.patrick,https://i.ebayimg.com/images/g/fvsAAeSwpN5qnMF5/s-l225.jpg,https://www.ebay.com/itm/336780810100?_skw=Pikachu+ex+276+Ascended+Heroes+Pokemon+card&hash=item4e69b35774:g:fvsAAeSwpN5qnMF5&amdata=enc%3AAQALAAABEACCtXRWQnOEpyOqnQQ8KGZBboY8H899th44MqeR1xLw8gMOvv2n32TmasF6%2FytvdycpZzmea%2BflLeVz5VAB2AHX6pmUCKK10L6asRMoPQjMpsJIdCjbBZP5KZF01YIg6S739P0tCMTb4k6weUvQ6IV36WbBgMbROxyWWB%2BsyrRaXlGD9ibEf5F0KT105ldet8n9Vp9HuFqbS2zT5NCntVQctBNz1QQkxTDbcCzPzy7xanPAZvD%2FBf4LTyc3fKg7WZSqXbkr7Qk7ni0euPUKMUjOZvTm1KC99noW6cBlnoMI%2FgAZFr0thDYwY2496RSWqaK6MCmfRrYocfOfJ%2Bg00YwH7eU4pE5ErV2y9N5h69qc,"{""value"": ""1000.00"", ""currency"": ""USD""}","[{""shippingCostType"": ""FIXED"", ""shippingCost"": {""value"": ""0.00"", ""currency"": ""USD""}, ""minEstimatedDeliveryDate"": ""2026-09-14T07:00:00.000Z"", ""maxEstimatedDeliveryDate"": ""2026-09-17T07:00:00.000Z""}]",,,PENDING_INDEPENDENT_HUMAN_REVIEW
D2-0276,301185dd-2bde-4699-80bd-8b2a3cfd8f7f,af28bc66-9c8b-4dbb-bf83-fa6215bd26f0,Pikachu ex,Ascended Heroes,276,special_illustration_rare,v1|178354822529|0,DEFECTIVE PokmonPikachu ex 276217 SIR  Ascended Heroes Special Illustrat G3D,,Ungraded,4000,[],"[""FIXED_PRICE""]",shipcycle,https://i.ebayimg.com/images/g/RQ4AAeSw459qak~r/s-l225.jpg,https://www.ebay.com/itm/178354822529?_skw=Pikachu+ex+276+Ascended+Heroes+Pokemon+card&hash=item2986c69d81:g:RQ4AAeSw459qak~r&amdata=enc%3AAQALAAABEACCtXRWQnOEpyOqnQQ8KGbkiidA9AtuY%2BHezmYXZBa4aE1wfXaChQIIZtMXtehFfgLwi6yeigS7lcf%2FVgmeoEf6uzihNv3Gj5oG9PrSJSs6LBrVPC8sn0vbklTqIBNqeFZANgRmOfwKQt3wY1TBIMYOKy3bhzOlUqs%2F7wGudPc6lOaMaE7sb11jL3v%2FYBjV7W%2FqZsBL8FmbqdqZVXAYAh02cl7Hk%2FSQ3JOOcLzIAxCsnvAoTYVJR5hyx9YzDNfuvhmmNwXrWglzcpE5AZ8Yz%2Fd8JQjCKH17KB3%2FsZNwdMuQDVlw620hGIf%2FXStuf6X%2Ff%2FWPYirNH%2BXiZCuyUVkuSKAObTOA0f52SNLppVH5qbtt,"{""value"": ""1007.25"", ""currency"": ""USD""}","[{""shippingCostType"": ""FIXED"", ""shippingCost"": {""value"": ""0.00"", ""currency"": ""USD""}, ""minEstimatedDeliveryDate"": ""2026-09-15T07:00:00.000Z"", ""maxEstimatedDeliveryDate"": ""2026-09-21T07:00:00.000Z""}]",,,PENDING_INDEPENDENT_HUMAN_REVIEW
D2-0277,301185dd-2bde-4699-80bd-8b2a3cfd8f7f,af28bc66-9c8b-4dbb-bf83-fa6215bd26f0,Pikachu ex,Ascended Heroes,276,special_illustration_rare,v1|178354844518|0,2026 Pokmon Pikachu EX 276217 SIR Special Illustration Rare Ascended Her G2U,,Ungraded,4000,[],"[""FIXED_PRICE""]",shipcycle,https://i.ebayimg.com/images/g/bKkAAeSw24tp1yYs/s-l225.jpg,https://www.ebay.com/itm/178354844518?_skw=Pikachu+ex+276+Ascended+Heroes+Pokemon+card&hash=item2986c6f366:g:bKkAAeSw24tp1yYs&amdata=enc%3AAQALAAABEACCtXRWQnOEpyOqnQQ8KGb0B6kKbiPuBWYCJGadEysINA5TUufMpgDic2HucGp17TtXTIMbB42j8ARS6RP2DR25iPXvkiwOnTRRP%2FLOeeVXvvRuRkB1fKAvjNtaTusEdc1tNHEI3L%2F9Lh9%2BW9b8%2BY9tk0wJXDAX4GhvGHTSUv4L613ywJvhAIVq5q3T9tNBHvAAZpsYAr%2FQ%2BsUU5L44XO%2BxaahOQach6mE9wlhBJyhbJ%2Ff7YAN1VGDoKw9gqNBvDKNdDLHNvkAbFJv8nH8rdwoc0EBHcLW0zhdv1kkj8NjL9Ak9zAjGh74Xi1ZJBwziH1uV4rkzaaxvNJCTMPbhFO%2BtP1yGNSV0QOJC8cKg%2BTEN,"{""value"": ""869.00"", ""currency"": ""USD""}","[{""shippingCostType"": ""FIXED"", ""shippingCost"": {""value"": ""0.00"", ""currency"": ""USD""}, ""minEstimatedDeliveryDate"": ""2026-09-15T07:00:00.000Z"", ""maxEstimatedDeliveryDate"": ""2026-09-21T07:00:00.000Z""}]",,,PENDING_INDEPENDENT_HUMAN_REVIEW
D2-0278,301185dd-2bde-4699-80bd-8b2a3cfd8f7f,af28bc66-9c8b-4dbb-bf83-fa6215bd26f0,Pikachu ex,Ascended Heroes,276,special_illustration_rare,v1|198626004208|0,Pokemon Ascended Heroes Pikachu SIR 276/216 TAG Gem Mint 10,,Graded,2750,[],"[""FIXED_PRICE"", ""BEST_OFFER""]",andnae_18,https://i.ebayimg.com/images/g/8HMAAeSwuTZqn1Kb/s-l225.jpg,https://www.ebay.com/itm/198626004208?_skw=Pikachu+ex+276+Ascended+Heroes+Pokemon+card&hash=item2e3f084cf0:g:8HMAAeSwuTZqn1Kb&amdata=enc%3AAQALAAABEACCtXRWQnOEpyOqnQQ8KGZ%2BGXjBZl%2Bi81amyV%2FXattNJMfsrykF7mRKFl1HgLZKNpLtjI5kibltsTJxpFF1hFihnmIsMkHnxtIJEw6yULW3DXkPy3XQF9cdcXs7araEPVChAQtTdW%2FkgjmP%2BwBNMAxOcaBwRluQC5FI7Gk6T%2B3N%2FpVjXXxD1dRk4NUVKpRLv7pjcG4dQww%2FubsbDD9cLYfURkBfZbrvSpyvT1ykkyMe8KyOPCs0NQ1ZdCvzzaRmArIS6%2BG0pvq853fsP5qy6VXTa%2B5WUixBsM1vItVmnf5om1MqoWwY7Z4%2BZv4VU40NXuOl3GyLoOJn7ziLyj%2BQyDTqXILcYyjEzornFPFynSZB,"{""value"": ""2200.00"", ""currency"": ""USD""}","[{""shippingCostType"": ""FIXED"", ""shippingCost"": {""value"": ""0.00"", ""currency"": ""USD""}, ""minEstimatedDeliveryDate"": ""2026-09-16T07:00:00.000Z"", ""maxEstimatedDeliveryDate"": ""2026-09-23T07:00:00.000Z""}]",,,PENDING_INDEPENDENT_HUMAN_REVIEW
D2-0279,301185dd-2bde-4699-80bd-8b2a3cfd8f7f,af28bc66-9c8b-4dbb-bf83-fa6215bd26f0,Pikachu ex,Ascended Heroes,276,special_illustration_rare,v1|128054338432|0,2026 POKEMON ASCENDED HEROES #276/217 PIKACHU EX SIR CGC 9.5,,Graded,2750,[],"[""FIXED_PRICE"", ""BEST_OFFER""]",laketown_trading,https://i.ebayimg.com/images/g/K8UAAeSw69pqlfKG/s-l225.jpg,https://www.ebay.com/itm/128054338432?_skw=Pikachu+ex+276+Ascended+Heroes+Pokemon+card&hash=item1dd0a22380:g:K8UAAeSw69pqlfKG,"{""value"": ""999.97"", ""currency"": ""USD""}","[{""shippingCostType"": ""CALCULATED""}]",,,PENDING_INDEPENDENT_HUMAN_REVIEW
D2-0280,301185dd-2bde-4699-80bd-8b2a3cfd8f7f,af28bc66-9c8b-4dbb-bf83-fa6215bd26f0,Pikachu ex,Ascended Heroes,276,special_illustration_rare,v1|398130637359|0,Pikachu ex #276 Pokemon Ascended Heroes (Spanish),,Ungraded,4000,[],"[""FIXED_PRICE"", ""BEST_OFFER""]",jojo1011-10,https://i.ebayimg.com/images/g/UZMAAeSw0G5qQLOI/s-l225.jpg,https://www.ebay.com/itm/398130637359?_skw=Pikachu+ex+276+Ascended+Heroes+Pokemon+card&hash=item5cb26f6a2f:g:UZMAAeSw0G5qQLOI,"{""value"": ""900.00"", ""currency"": ""USD""}","[{""shippingCostType"": ""FIXED"", ""shippingCost"": {""value"": ""0.00"", ""currency"": ""USD""}, ""minEstimatedDeliveryDate"": ""2026-09-15T07:00:00.000Z"", ""maxEstimatedDeliveryDate"": ""2026-09-21T07:00:00.000Z""}]",,,PENDING_INDEPENDENT_HUMAN_REVIEW
D2-0281,301185dd-2bde-4699-80bd-8b2a3cfd8f7f,af28bc66-9c8b-4dbb-bf83-fa6215bd26f0,Pikachu ex,Ascended Heroes,276,special_illustration_rare,v1|127915356687|0,Pikachu EX 276/212 Premium Custom Gold Metal Pokemon Card Collectible,,Ungraded,4000,[],"[""FIXED_PRICE""]",goldanime,https://i.ebayimg.com/images/g/EuoAAeSwPb5qKgyJ/s-l225.jpg,https://www.ebay.com/itm/127915356687?_skw=Pikachu+ex+276+Ascended+Heroes+Pokemon+card&hash=item1dc859720f:g:EuoAAeSwPb5qKgyJ,"{""value"": ""8.95"", ""currency"": ""USD""}","[{""shippingCostType"": ""FIXED"", ""shippingCost"": {""value"": ""0.00"", ""currency"": ""USD""}, ""minEstimatedDeliveryDate"": ""2026-09-15T07:00:00.000Z"", ""maxEstimatedDeliveryDate"": ""2026-09-21T07:00:00.000Z""}]",,,PENDING_INDEPENDENT_HUMAN_REVIEW
D2-0282,301185dd-2bde-4699-80bd-8b2a3cfd8f7f,af28bc66-9c8b-4dbb-bf83-fa6215bd26f0,Pikachu ex,Ascended Heroes,276,special_illustration_rare,v1|168679085048|0,2026 Pokemon Ascended Heroes Pikachu ex #276/217 SIR DAMAGED,,Ungraded,4000,[],"[""FIXED_PRICE"", ""BEST_OFFER""]",sweetdeee69,https://i.ebayimg.com/images/g/eGsAAeSwvA9qovuk/s-l225.jpg,https://www.ebay.com/itm/168679085048?_skw=Pikachu+ex+276+Ascended+Heroes+Pokemon+card&hash=item27460e93f8:g:eGsAAeSwvA9qovuk,"{""value"": ""600.00"", ""currency"": ""USD""}","[{""shippingCostType"": ""CALCULATED""}]",,,PENDING_INDEPENDENT_HUMAN_REVIEW
D2-0283,301185dd-2bde-4699-80bd-8b2a3cfd8f7f,af28bc66-9c8b-4dbb-bf83-fa6215bd26f0,Pikachu ex,Ascended Heroes,276,special_illustration_rare,v1|128074283448|0,Pikachu ex 276/217 Ascended Heroes Special Illustration Rare Pokemon Card - NM,,Ungraded,4000,[],"[""FIXED_PRICE""]",swibbycards,https://i.ebayimg.com/images/g/jugAAeSw7fFqpDgL/s-l225.jpg,https://www.ebay.com/itm/128074283448?_skw=Pikachu+ex+276+Ascended+Heroes+Pokemon+card&hash=item1dd1d279b8:g:jugAAeSw7fFqpDgL,"{""value"": ""1105.65"", ""currency"": ""USD""}","[{""shippingCostType"": ""FIXED"", ""shippingCost"": {""value"": ""0.00"", ""currency"": ""USD""}, ""minEstimatedDeliveryDate"": ""2026-09-14T07:00:00.000Z"", ""maxEstimatedDeliveryDate"": ""2026-09-17T07:00:00.000Z""}]",,,PENDING_INDEPENDENT_HUMAN_REVIEW
D2-0284,301185dd-2bde-4699-80bd-8b2a3cfd8f7f,af28bc66-9c8b-4dbb-bf83-fa6215bd26f0,Pikachu ex,Ascended Heroes,276,special_illustration_rare,v1|137305829558|0,Pikachu Ex Sir Ascended Heroes 276/217 Pokemon Card,,Ungraded,4000,[],"[""FIXED_PRICE"", ""BEST_OFFER""]",mooro91,https://i.ebayimg.com/images/g/f2AAAeSwGjRp9mAY/s-l225.jpg,https://www.ebay.com/itm/137305829558?_skw=Pikachu+ex+276+Ascended+Heroes+Pokemon+card&hash=item1ff810b0b6:g:f2AAAeSwGjRp9mAY,"{""value"": ""918.41"", ""currency"": ""USD"", ""convertedFromValue"": ""679.70"", ""convertedFromCurrency"": ""GBP""}",[],,,PENDING_INDEPENDENT_HUMAN_REVIEW
D2-0285,301185dd-2bde-4699-80bd-8b2a3cfd8f7f,af28bc66-9c8b-4dbb-bf83-fa6215bd26f0,Pikachu ex,Ascended Heroes,276,special_illustration_rare,v1|137713921360|0,Pokemon Ascended Heroes Pikachu ex Special Illustration Rare #276/217,,Ungraded,4000,[],"[""FIXED_PRICE""]",mlemae34,https://i.ebayimg.com/images/g/KlwAAeSw25hqoBYi/s-l225.jpg,https://www.ebay.com/itm/137713921360?_skw=Pikachu+ex+276+Ascended+Heroes+Pokemon+card&hash=item201063ad50:g:KlwAAeSw25hqoBYi,"{""value"": ""980.00"", ""currency"": ""USD""}","[{""shippingCostType"": ""CALCULATED""}]",,,PENDING_INDEPENDENT_HUMAN_REVIEW
D2-0286,31566cbb-0eeb-499e-aa6d-b9b0bd85fc8b,fc81462a-2c3e-4b7a-a7be-ad7f88d98ace,Mega Greninja ex,Chaos Rising,122,mega_hyper_rare,v1|137548055331|0,Pokemon TCG Chaos Rising Mega Greninja EX 122/086 Mega Hyper Rare Gold,,Ungraded,4000,[],"[""FIXED_PRICE""]",justibarri-0,https://i.ebayimg.com/images/g/NZsAAeSwrsFqY7jD/s-l225.jpg,https://www.ebay.com/itm/137548055331?_skw=Mega+Greninja+ex+122+Chaos+Rising+Pokemon+card&hash=item200680c323:g:NZsAAeSwrsFqY7jD,"{""value"": ""180.00"", ""currency"": ""USD""}","[{""shippingCostType"": ""CALCULATED""}]",,,PENDING_INDEPENDENT_HUMAN_REVIEW
D2-0287,31566cbb-0eeb-499e-aa6d-b9b0bd85fc8b,fc81462a-2c3e-4b7a-a7be-ad7f88d98ace,Mega Greninja ex,Chaos Rising,122,mega_hyper_rare,v1|137650832023|0,Mega Greninja ex 122/086 Mega Hyper Rare Chaos Rising Pokemon Holo ERROR Miscut,,Ungraded,4000,[],"[""FIXED_PRICE"", ""BEST_OFFER""]",pokevault_co,https://i.ebayimg.com/images/g/bZ8AAeSwicVqihhm/s-l225.jpg,https://www.ebay.com/itm/137650832023?_skw=Mega+Greninja+ex+122+Chaos+Rising+Pokemon+card&hash=item200ca10297:g:bZ8AAeSwicVqihhm,"{""value"": ""200.00"", ""currency"": ""USD""}","[{""shippingCostType"": ""FIXED"", ""shippingCost"": {""value"": ""0.00"", ""currency"": ""USD""}, ""minEstimatedDeliveryDate"": ""2026-09-14T07:00:00.000Z"", ""maxEstimatedDeliveryDate"": ""2026-09-17T07:00:00.000Z""}]",,,PENDING_INDEPENDENT_HUMAN_REVIEW
D2-0288,31566cbb-0eeb-499e-aa6d-b9b0bd85fc8b,fc81462a-2c3e-4b7a-a7be-ad7f88d98ace,Mega Greninja ex,Chaos Rising,122,mega_hyper_rare,v1|137718720185|0,Pokémon Mega Greninja ex 122/086 Gold Hyper Rare Holo Card 2025 Chaos Rising,,Ungraded,4000,[],"[""FIXED_PRICE"", ""BEST_OFFER""]",resellerengineer,https://i.ebayimg.com/images/g/-iIAAeSwaRxqoaa3/s-l225.jpg,https://www.ebay.com/itm/137718720185?_skw=Mega+Greninja+ex+122+Chaos+Rising+Pokemon+card&hash=item2010ace6b9:g:-iIAAeSwaRxqoaa3,"{""value"": ""200.00"", ""currency"": ""USD""}","[{""shippingCostType"": ""CALCULATED""}]",,,PENDING_INDEPENDENT_HUMAN_REVIEW
D2-0289,31566cbb-0eeb-499e-aa6d-b9b0bd85fc8b,fc81462a-2c3e-4b7a-a7be-ad7f88d98ace,Mega Greninja ex,Chaos Rising,122,mega_hyper_rare,v1|117400471738|0,Mega Greninja Ex 122/086 Pokemon Card NM/LP,,Ungraded,4000,[],"[""FIXED_PRICE""]",ad123link,https://i.ebayimg.com/images/g/xosAAeSw6xpqnqzi/s-l225.jpg,https://www.ebay.com/itm/117400471738?_skw=Mega+Greninja+ex+122+Chaos+Rising+Pokemon+card&hash=item1b559d08ba:g:xosAAeSw6xpqnqzi,"{""value"": ""151.00"", ""currency"": ""USD""}","[{""shippingCostType"": ""FIXED"", ""shippingCost"": {""value"": ""0.00"", ""currency"": ""USD""}, ""minEstimatedDeliveryDate"": ""2026-09-15T07:00:00.000Z"", ""maxEstimatedDeliveryDate"": ""2026-09-19T07:00:00.000Z""}]",,,PENDING_INDEPENDENT_HUMAN_REVIEW
D2-0290,31566cbb-0eeb-499e-aa6d-b9b0bd85fc8b,fc81462a-2c3e-4b7a-a7be-ad7f88d98ace,Mega Greninja ex,Chaos Rising,122,mega_hyper_rare,v1|147564368200|0,Pokémon TCG Mega Greninja EX 122/086 Breakpoint Secret Rare Full Art Holo EN,,Ungraded,4000,[],"[""FIXED_PRICE"", ""BEST_OFFER""]",svmmoner,https://i.ebayimg.com/images/g/mFEAAeSwFdZqoPva/s-l225.jpg,https://www.ebay.com/itm/147564368200?_skw=Mega+Greninja+ex+122+Chaos+Rising+Pokemon+card&hash=item225b859148:g:mFEAAeSwFdZqoPva,"{""value"": ""160.00"", ""currency"": ""USD""}","[{""shippingCostType"": ""CALCULATED""}]",,,PENDING_INDEPENDENT_HUMAN_REVIEW
D2-0291,31566cbb-0eeb-499e-aa6d-b9b0bd85fc8b,fc81462a-2c3e-4b7a-a7be-ad7f88d98ace,Mega Greninja ex,Chaos Rising,122,mega_hyper_rare,v1|188881521509|0,Pokemon Mega Greninja ex #122/086 Near Mint,,Ungraded,4000,[],"[""FIXED_PRICE"", ""BEST_OFFER""]",wypfi_0,https://i.ebayimg.com/images/g/96MAAeSwX4xqmdLE/s-l225.jpg,https://www.ebay.com/itm/188881521509?_skw=Mega+Greninja+ex+122+Chaos+Rising+Pokemon+card&hash=item2bfa374b65:g:96MAAeSwX4xqmdLE,"{""value"": ""169.99"", ""currency"": ""USD""}","[{""shippingCostType"": ""FIXED"", ""shippingCost"": {""value"": ""0.00"", ""currency"": ""USD""}, ""minEstimatedDeliveryDate"": ""2026-09-15T07:00:00.000Z"", ""maxEstimatedDeliveryDate"": ""2026-09-21T07:00:00.000Z""}]",,,PENDING_INDEPENDENT_HUMAN_REVIEW
D2-0292,31566cbb-0eeb-499e-aa6d-b9b0bd85fc8b,fc81462a-2c3e-4b7a-a7be-ad7f88d98ace,Mega Greninja ex,Chaos Rising,122,mega_hyper_rare,v1|117359417868|0,2026 Pokemon Chaos Rising PSA 9 MEGA GRENINJA EX Hyper Rare #122 *NICE*,,Graded,2750,[],"[""FIXED_PRICE"", ""BEST_OFFER""]",cardmarketempire1,https://i.ebayimg.com/images/g/STIAAeSwBVhqf0h7/s-l225.jpg,https://www.ebay.com/itm/117359417868?_skw=Mega+Greninja+ex+122+Chaos+Rising+Pokemon+card&hash=item1b532a9a0c:g:STIAAeSwBVhqf0h7,"{""value"": ""289.99"", ""currency"": ""USD""}","[{""shippingCostType"": ""FIXED"", ""shippingCost"": {""value"": ""5.00"", ""currency"": ""USD""}, ""minEstimatedDeliveryDate"": ""2026-09-15T07:00:00.000Z"", ""maxEstimatedDeliveryDate"": ""2026-09-21T07:00:00.000Z""}]",,,PENDING_INDEPENDENT_HUMAN_REVIEW
D2-0293,31566cbb-0eeb-499e-aa6d-b9b0bd85fc8b,fc81462a-2c3e-4b7a-a7be-ad7f88d98ace,Mega Greninja ex,Chaos Rising,122,mega_hyper_rare,v1|128060641158|0,Pokemon Mega Greninja Ex Hyper Rare #122 Chaos Rising ACE 9 Mint,,Graded,2750,[],"[""FIXED_PRICE""]",crossguildtcg239,https://i.ebayimg.com/images/g/hqEAAeSw2bhqmiDU/s-l225.jpg,https://www.ebay.com/itm/128060641158?_skw=Mega+Greninja+ex+122+Chaos+Rising+Pokemon+card&hash=item1dd1024f86:g:hqEAAeSw2bhqmiDU,"{""value"": ""175.00"", ""currency"": ""USD""}","[{""shippingCostType"": ""CALCULATED""}]",,,PENDING_INDEPENDENT_HUMAN_REVIEW
D2-0294,31566cbb-0eeb-499e-aa6d-b9b0bd85fc8b,fc81462a-2c3e-4b7a-a7be-ad7f88d98ace,Mega Greninja ex,Chaos Rising,122,mega_hyper_rare,v1|147506745120|0,Mega Greninja ex 122/086 Me04: Chaos Rising Holo Mega Hyper Rare Gold,,Ungraded,4000,[],"[""FIXED_PRICE"", ""BEST_OFFER""]",cbongi_sales,https://i.ebayimg.com/images/g/l5kAAeSw9~xqgGpg/s-l225.jpg,https://www.ebay.com/itm/147506745120?_skw=Mega+Greninja+ex+122+Chaos+Rising+Pokemon+card&hash=item2258164f20:g:l5kAAeSw9~xqgGpg,"{""value"": ""178.00"", ""currency"": ""USD""}","[{""shippingCostType"": ""CALCULATED""}]",,,PENDING_INDEPENDENT_HUMAN_REVIEW
D2-0295,31566cbb-0eeb-499e-aa6d-b9b0bd85fc8b,fc81462a-2c3e-4b7a-a7be-ad7f88d98ace,Mega Greninja ex,Chaos Rising,122,mega_hyper_rare,v1|147548369719|0,2026 Pokemon Me04: Chaos Rising Mega Greninja ex 122/086 Gold Holo English Mint,,Ungraded,4000,[],"[""FIXED_PRICE""]",cryfshr,https://i.ebayimg.com/images/g/Q4MAAeSwLKFqmjKW/s-l225.jpg,https://www.ebay.com/itm/147548369719?_skw=Mega+Greninja+ex+122+Chaos+Rising+Pokemon+card&hash=item225a917337:g:Q4MAAeSwLKFqmjKW,"{""value"": ""219.99"", ""currency"": ""USD""}","[{""shippingCostType"": ""CALCULATED""}]",,,PENDING_INDEPENDENT_HUMAN_REVIEW
D2-0296,31566cbb-0eeb-499e-aa6d-b9b0bd85fc8b,fc81462a-2c3e-4b7a-a7be-ad7f88d98ace,Mega Greninja ex,Chaos Rising,122,mega_hyper_rare,v1|147555563207|0,Mega Greninja ex 122/086 Chaos Rising Mega Hyper Rare MHR Gold Pokemon TCG,,Ungraded,4000,[],"[""FIXED_PRICE"", ""BEST_OFFER""]",xxamberxx423,https://i.ebayimg.com/images/g/88oAAeSwrmBqnglk/s-l225.jpg,https://www.ebay.com/itm/147555563207?_skw=Mega+Greninja+ex+122+Chaos+Rising+Pokemon+card&hash=item225aff36c7:g:88oAAeSwrmBqnglk,"{""value"": ""219.99"", ""currency"": ""USD""}","[{""shippingCostType"": ""CALCULATED""}]",,,PENDING_INDEPENDENT_HUMAN_REVIEW
D2-0297,31566cbb-0eeb-499e-aa6d-b9b0bd85fc8b,fc81462a-2c3e-4b7a-a7be-ad7f88d98ace,Mega Greninja ex,Chaos Rising,122,mega_hyper_rare,v1|158171266631|0,Mega Greninja ex Gold 122/086 Pokemon Chaos Rising English NM,,Ungraded,4000,[],"[""FIXED_PRICE"", ""BEST_OFFER""]",ash-7295,https://i.ebayimg.com/images/g/~M4AAeSw3lhqeQ0r/s-l225.jpg,https://www.ebay.com/itm/158171266631?_skw=Mega+Greninja+ex+122+Chaos+Rising+Pokemon+card&hash=item24d3bdfe47:g:~M4AAeSw3lhqeQ0r,"{""value"": ""175.00"", ""currency"": ""USD""}","[{""shippingCostType"": ""FIXED"", ""shippingCost"": {""value"": ""8.40"", ""currency"": ""USD""}, ""minEstimatedDeliveryDate"": ""2026-09-16T07:00:00.000Z"", ""maxEstimatedDeliveryDate"": ""2026-09-22T07:00:00.000Z""}]",,,PENDING_INDEPENDENT_HUMAN_REVIEW
D2-0298,31566cbb-0eeb-499e-aa6d-b9b0bd85fc8b,fc81462a-2c3e-4b7a-a7be-ad7f88d98ace,Mega Greninja ex,Chaos Rising,122,mega_hyper_rare,v1|158276627835|0,2026 Pokemon Mega Greninja ex #122/086 Chaos Rising Mega Hyper Rare PSA 10,,Graded,2750,[],"[""AUCTION""]",you-gotta-deal,https://i.ebayimg.com/images/g/m1cAAeSwaRxqohAj/s-l225.jpg,https://www.ebay.com/itm/158276627835?_skw=Mega+Greninja+ex+122+Chaos+Rising+Pokemon+card&hash=item24da05ad7b:g:m1cAAeSwaRxqohAj,{},"[{""shippingCostType"": ""FIXED"", ""shippingCost"": {""value"": ""8.50"", ""currency"": ""USD""}, ""minEstimatedDeliveryDate"": ""2026-09-17T07:00:00.000Z"", ""maxEstimatedDeliveryDate"": ""2026-09-21T07:00:00.000Z""}]",,,PENDING_INDEPENDENT_HUMAN_REVIEW
D2-0299,31566cbb-0eeb-499e-aa6d-b9b0bd85fc8b,fc81462a-2c3e-4b7a-a7be-ad7f88d98ace,Mega Greninja ex,Chaos Rising,122,mega_hyper_rare,v1|158281173807|0,MEGA GRENINJA EX 122/086 MEGA HYPER RARE CHAOS RISING POKEMON HOLO NEAR MINT,,Ungraded,4000,[],"[""FIXED_PRICE"", ""BEST_OFFER""]",slip1_5502,https://i.ebayimg.com/images/g/8TMAAeSwM0NqpAdT/s-l225.jpg,https://www.ebay.com/itm/158281173807?_skw=Mega+Greninja+ex+122+Chaos+Rising+Pokemon+card&hash=item24da4b0b2f:g:8TMAAeSwM0NqpAdT,"{""value"": ""200.00"", ""currency"": ""USD""}","[{""shippingCostType"": ""CALCULATED""}]",,,PENDING_INDEPENDENT_HUMAN_REVIEW
D2-0300,31566cbb-0eeb-499e-aa6d-b9b0bd85fc8b,fc81462a-2c3e-4b7a-a7be-ad7f88d98ace,Mega Greninja ex,Chaos Rising,122,mega_hyper_rare,v1|168601800183|0,GOLD Mega Greninja ex 122/086 Chaos Rising Pokémon 2026 Mega Hyper Rare,,Ungraded,4000,[],"[""FIXED_PRICE"", ""BEST_OFFER""]",rysi-77,https://i.ebayimg.com/images/g/SlEAAeSwwyJqeS4G/s-l225.jpg,https://www.ebay.com/itm/168601800183?_skw=Mega+Greninja+ex+122+Chaos+Rising+Pokemon+card&hash=item2741734df7:g:SlEAAeSwwyJqeS4G&amdata=enc%3AAQALAAABEACCtXRWQnOEpyOqnQQ8KGZ8EhOfRhiMRUDB2iG2omMBfPqnV5CpYkIy6b9f%2Bg5T5s%2FUMeCKWcKhaPlt4vzhiuziRCDL%2BevV6hJOFhDhz3AWfNFyxdUvcikRsVDY081wqyWfcDDSGK%2F7i%2F4k4BuFRM3C6y%2FAWdEIdS%2FK2yJ%2BtkXSz9qgFLtiOuMLsOnCrSoxz6WE3rP3oUiP%2BdTZAxp14NExCK4LkKO5TGCbhmRgJaidOejXOMurcSyTXkAPypyJmjmPxP2Dii9NrRDkojo2dwFLS7nzPqLrYrBk7ffhsfeaj3wUnd9PZWqaVlUEnNxc5rAKyeyfH%2FidY4udd5g1%2Fc%2FIkFRCRkqVuM548knIuWhR,"{""value"": ""210.00"", ""currency"": ""USD""}","[{""shippingCostType"": ""FIXED"", ""shippingCost"": {""value"": ""0.00"", ""currency"": ""USD""}, ""minEstimatedDeliveryDate"": ""2026-09-15T07:00:00.000Z"", ""maxEstimatedDeliveryDate"": ""2026-09-18T07:00:00.000Z""}]",,,PENDING_INDEPENDENT_HUMAN_REVIEW
D2-0301,33dca102-b449-4da6-bfa6-7b72de711596,c2d7a5e7-cfdd-4f37-9748-a2259857c6e3,Charizard ex,Paldean Fates,234,special_illustration_rare,v1|117350677134|0,2024 Pokemon 234/091 Charizard EX Paldean Fates,,Ungraded,4000,[],"[""FIXED_PRICE"", ""BEST_OFFER""]",tntcards.mi,https://i.ebayimg.com/images/g/LyIAAeSwXRhqefKr/s-l225.jpg,https://www.ebay.com/itm/117350677134?_skw=Charizard+ex+234+Paldean+Fates+Pokemon+card&hash=item1b52a53a8e:g:LyIAAeSwXRhqefKr,"{""value"": ""350.00"", ""currency"": ""USD""}","[{""shippingCostType"": ""FIXED"", ""shippingCost"": {""value"": ""5.99"", ""currency"": ""USD""}, ""minEstimatedDeliveryDate"": ""2026-09-15T07:00:00.000Z"", ""maxEstimatedDeliveryDate"": ""2026-09-21T07:00:00.000Z""}]",,,PENDING_INDEPENDENT_HUMAN_REVIEW
D2-0302,33dca102-b449-4da6-bfa6-7b72de711596,c2d7a5e7-cfdd-4f37-9748-a2259857c6e3,Charizard ex,Paldean Fates,234,special_illustration_rare,v1|127947834433|0,Pokémon Charizard ex Special Illustration Rare Holo 234/091 SV: Paldean Fates,,Ungraded,4000,[],"[""FIXED_PRICE"", ""BEST_OFFER""]",castellarn,https://i.ebayimg.com/images/g/qd8AAeSwTt1qQmY1/s-l225.jpg,https://www.ebay.com/itm/127947834433?_skw=Charizard+ex+234+Paldean+Fates+Pokemon+card&hash=item1dca490441:g:qd8AAeSwTt1qQmY1,"{""value"": ""275.00"", ""currency"": ""USD""}","[{""shippingCostType"": ""CALCULATED""}]",,,PENDING_INDEPENDENT_HUMAN_REVIEW
D2-0303,33dca102-b449-4da6-bfa6-7b72de711596,c2d7a5e7-cfdd-4f37-9748-a2259857c6e3,Charizard ex,Paldean Fates,234,special_illustration_rare,v1|128017181203|0,Pokemon TCG Paldean Fates 234/091 Charizard ex Special Illustration Rare NM,,Ungraded,4000,[],"[""FIXED_PRICE""]",hltreasure916,https://i.ebayimg.com/images/g/HjsAAeSw211qRI9B/s-l225.jpg,https://www.ebay.com/itm/128017181203?_skw=Charizard+ex+234+Paldean+Fates+Pokemon+card&hash=item1dce6b2a13:g:HjsAAeSw211qRI9B,"{""value"": ""320.00"", ""currency"": ""USD""}","[{""shippingCostType"": ""CALCULATED""}]",,,PENDING_INDEPENDENT_HUMAN_REVIEW
D2-0304,33dca102-b449-4da6-bfa6-7b72de711596,c2d7a5e7-cfdd-4f37-9748-a2259857c6e3,Charizard ex,Paldean Fates,234,special_illustration_rare,v1|365769607732|0,Pokemon Tcg Card Charizard EX 234/091 Sir Paldean BLANKET 50x 60 Inch,,Ungraded,4000,[],"[""FIXED_PRICE"", ""BEST_OFFER""]",one_stop_shop_510,https://i.ebayimg.com/images/g/JrMAAeSw5PRoi4KZ/s-l225.jpg,https://www.ebay.com/itm/365769607732?_skw=Charizard+ex+234+Paldean+Fates+Pokemon+card&hash=item5529914a34:g:JrMAAeSw5PRoi4KZ&amdata=enc%3AAQALAAABAACCtXRWQnOEpyOqnQQ8KGbXzxI58KjUmBCBkoyUtNEJKgpVhmvsQ8RnglYg9XMdmZBrSPcXcktf358TXOqIKQ%2F4hZLHEHYMW0iF%2FDbPlClbkHWSSP3oiDyihID0cPUDnDPjz2GUwdC3XvnyPz%2FzIgeN5%2F541GX%2FWAjsRy8cOZZ0KylA9bDp2ujg3wiRTotbV%2FK6K1bVx4V57OdNG41ucfz9Yk9PxH6zjTdKBmhrfJmUZXeaFo3QhZ64BBg%2BV6dBa7i4t%2FijcF6Hj9KzJ9GTLc5QrI9flbiU1x%2B2TMTZm8CfDhVR8CpyxsJTovgzN7JNlB8%2Bk4UeUkXfZ9r4DsTUKcg%3D,"{""value"": ""75.00"", ""currency"": ""USD""}",[],,,PENDING_INDEPENDENT_HUMAN_REVIEW
D2-0305,33dca102-b449-4da6-bfa6-7b72de711596,c2d7a5e7-cfdd-4f37-9748-a2259857c6e3,Charizard ex,Paldean Fates,234,special_illustration_rare,v1|156472416863|458560847429,Pokemon Paldean Fates: Choose Your Card! - Holos/Reverse Holos EX Baby Shiny NM,,Ungraded,4000,[],"[""FIXED_PRICE""]",overstackedcards,https://i.ebayimg.com/images/g/9oUAAeSwMspoZJt5/s-l225.jpg,https://www.ebay.com/itm/156472416863?_skw=Charizard+ex+234+Paldean+Fates+Pokemon+card&hash=item246e7b9a5f:g:9oUAAeSwMspoZJt5,"{""value"": ""379.99"", ""currency"": ""USD""}","[{""shippingCostType"": ""FIXED"", ""shippingCost"": {""value"": ""0.00"", ""currency"": ""USD""}, ""minEstimatedDeliveryDate"": ""2026-09-15T07:00:00.000Z"", ""maxEstimatedDeliveryDate"": ""2026-09-18T07:00:00.000Z""}]",,,PENDING_INDEPENDENT_HUMAN_REVIEW
D2-0306,33dca102-b449-4da6-bfa6-7b72de711596,c2d7a5e7-cfdd-4f37-9748-a2259857c6e3,Charizard ex,Paldean Fates,234,special_illustration_rare,v1|147493416370|0,Pokemon Charizard EX Paldean Fates 234/091 Special Illustration Rare PSA 9 Mint,,Graded,2750,[],"[""FIXED_PRICE"", ""BEST_OFFER""]",ffpmjess,https://i.ebayimg.com/images/g/hZUAAeSwDzRqeKHE/s-l225.jpg,https://www.ebay.com/itm/147493416370?_skw=Charizard+ex+234+Paldean+Fates+Pokemon+card&hash=item22574aedb2:g:hZUAAeSwDzRqeKHE,"{""value"": ""300.00"", ""currency"": ""USD""}","[{""shippingCostType"": ""CALCULATED""}]",,,PENDING_INDEPENDENT_HUMAN_REVIEW
D2-0307,33dca102-b449-4da6-bfa6-7b72de711596,c2d7a5e7-cfdd-4f37-9748-a2259857c6e3,Charizard ex,Paldean Fates,234,special_illustration_rare,v1|336756352851|0,Pokemon Charizard ex Paldean Fates 234 Special Ill Rare SIR PSA 10 with Case,,Graded,2750,[],"[""FIXED_PRICE"", ""BEST_OFFER""]",showgoatcards,https://i.ebayimg.com/images/g/CRQAAeSwUXpqig-9/s-l225.jpg,https://www.ebay.com/itm/336756352851?_skw=Charizard+ex+234+Paldean+Fates+Pokemon+card&hash=item4e683e2753:g:CRQAAeSwUXpqig-9,"{""value"": ""925.00"", ""currency"": ""USD""}","[{""shippingCostType"": ""FIXED"", ""shippingCost"": {""value"": ""6.00"", ""currency"": ""USD""}, ""minEstimatedDeliveryDate"": ""2026-09-15T07:00:00.000Z"", ""maxEstimatedDeliveryDate"": ""2026-09-21T07:00:00.000Z""}]",,,PENDING_INDEPENDENT_HUMAN_REVIEW
D2-0308,33dca102-b449-4da6-bfa6-7b72de711596,c2d7a5e7-cfdd-4f37-9748-a2259857c6e3,Charizard ex,Paldean Fates,234,special_illustration_rare,v1|318799332323|0,2024 POKEMON PALDEAN FATES 234 CHARIZARD EX SIR PSA POOR 1,,Graded,2750,[],"[""FIXED_PRICE"", ""BEST_OFFER""]",aqxuaz,https://i.ebayimg.com/images/g/dAUAAeSwrWpqk-rC/s-l225.jpg,https://www.ebay.com/itm/318799332323?_skw=Charizard+ex+234+Paldean+Fates+Pokemon+card&hash=item4a39ebc3e3:g:dAUAAeSwrWpqk-rC,"{""value"": ""499.99"", ""currency"": ""USD""}","[{""shippingCostType"": ""CALCULATED""}]",,,PENDING_INDEPENDENT_HUMAN_REVIEW
D2-0309,33dca102-b449-4da6-bfa6-7b72de711596,c2d7a5e7-cfdd-4f37-9748-a2259857c6e3,Charizard ex,Paldean Fates,234,special_illustration_rare,v1|128062508437|0,2024 Pokemon Paldean Fates Charizard ex Full Art #234/091,,Ungraded,4000,[],"[""AUCTION""]",supremecardshop,https://i.ebayimg.com/images/g/18cAAeSw~gJqm1CO/s-l225.jpg,https://www.ebay.com/itm/128062508437?_skw=Charizard+ex+234+Paldean+Fates+Pokemon+card&hash=item1dd11ecd95:g:18cAAeSw~gJqm1CO,{},"[{""shippingCostType"": ""FIXED"", ""shippingCost"": {""value"": ""4.80"", ""currency"": ""USD""}, ""minEstimatedDeliveryDate"": ""2026-09-16T07:00:00.000Z"", ""maxEstimatedDeliveryDate"": ""2026-09-18T07:00:00.000Z""}]",,,PENDING_INDEPENDENT_HUMAN_REVIEW
D2-0310,33dca102-b449-4da6-bfa6-7b72de711596,c2d7a5e7-cfdd-4f37-9748-a2259857c6e3,Charizard ex,Paldean Fates,234,special_illustration_rare,v1|147456671828|0,Charizard EX #234/091 NM Paldean Fates Pokemon Card,,Ungraded,4000,[],"[""FIXED_PRICE""]",sellit,https://i.ebayimg.com/images/g/PGgAAeSwizZqYmdO/s-l225.jpg,https://www.ebay.com/itm/147456671828?_skw=Charizard+ex+234+Paldean+Fates+Pokemon+card&hash=item22551a4054:g:PGgAAeSwizZqYmdO,"{""value"": ""325.00"", ""currency"": ""USD""}","[{""shippingCostType"": ""FIXED"", ""shippingCost"": {""value"": ""3.00"", ""currency"": ""USD""}, ""minEstimatedDeliveryDate"": ""2026-09-15T07:00:00.000Z"", ""maxEstimatedDeliveryDate"": ""2026-09-18T07:00:00.000Z""}]",,,PENDING_INDEPENDENT_HUMAN_REVIEW
D2-0311,33dca102-b449-4da6-bfa6-7b72de711596,c2d7a5e7-cfdd-4f37-9748-a2259857c6e3,Charizard ex,Paldean Fates,234,special_illustration_rare,v1|147501063630|0,Pokémon TCG Charizard EX SIR 234/91 Paldean Fates - PSA 8,,Graded,2750,[],"[""FIXED_PRICE""]",flaresfindings,https://i.ebayimg.com/images/g/86EAAeSwWKNqfRqg/s-l225.jpg,https://www.ebay.com/itm/147501063630?_skw=Charizard+ex+234+Paldean+Fates+Pokemon+card&hash=item2257bf9dce:g:86EAAeSwWKNqfRqg,"{""value"": ""269.99"", ""currency"": ""USD""}","[{""shippingCostType"": ""FIXED"", ""shippingCost"": {""value"": ""0.00"", ""currency"": ""USD""}, ""minEstimatedDeliveryDate"": ""2026-09-15T07:00:00.000Z"", ""maxEstimatedDeliveryDate"": ""2026-09-21T07:00:00.000Z""}]",,,PENDING_INDEPENDENT_HUMAN_REVIEW
D2-0312,33dca102-b449-4da6-bfa6-7b72de711596,c2d7a5e7-cfdd-4f37-9748-a2259857c6e3,Charizard ex,Paldean Fates,234,special_illustration_rare,v1|147566672665|0,The Pokémon Company Pokémon TCG Charizard ex 234/091 Paldean Fates SIR Holo ENG,,Ungraded,4000,[],"[""FIXED_PRICE""]",guz-7950,https://i.ebayimg.com/images/g/EaEAAeSwx9pqpFEX/s-l225.jpg,https://www.ebay.com/itm/147566672665?_skw=Charizard+ex+234+Paldean+Fates+Pokemon+card&hash=item225ba8bb19:g:EaEAAeSwx9pqpFEX,"{""value"": ""300.00"", ""currency"": ""USD""}","[{""shippingCostType"": ""CALCULATED""}]",,,PENDING_INDEPENDENT_HUMAN_REVIEW
D2-0313,33dca102-b449-4da6-bfa6-7b72de711596,c2d7a5e7-cfdd-4f37-9748-a2259857c6e3,Charizard ex,Paldean Fates,234,special_illustration_rare,v1|158046245245|0,Pokemon TCG Charizard ex EX Full Art Holo SIR Paldean Fates ENG 2024 234/091,,Ungraded,4000,[],"[""FIXED_PRICE"", ""BEST_OFFER""]",moneymad-30,https://i.ebayimg.com/images/g/wXoAAeSwnlxqRbMv/s-l225.jpg,https://www.ebay.com/itm/158046245245?_skw=Charizard+ex+234+Paldean+Fates+Pokemon+card&hash=item24cc4a517d:g:wXoAAeSwnlxqRbMv,"{""value"": ""320.00"", ""currency"": ""USD""}","[{""shippingCostType"": ""FIXED"", ""shippingCost"": {""value"": ""10.99"", ""currency"": ""USD""}, ""minEstimatedDeliveryDate"": ""2026-09-15T07:00:00.000Z"", ""maxEstimatedDeliveryDate"": ""2026-09-19T07:00:00.000Z""}]",,,PENDING_INDEPENDENT_HUMAN_REVIEW
D2-0314,33dca102-b449-4da6-bfa6-7b72de711596,c2d7a5e7-cfdd-4f37-9748-a2259857c6e3,Charizard ex,Paldean Fates,234,special_illustration_rare,v1|158160846190|0,2024 Pokemon Paldean Fates 234 Charizard ex PSA 10 125420170,,Graded,2750,[],"[""FIXED_PRICE"", ""BEST_OFFER""]",pc_sportscards,https://i.ebayimg.com/images/g/psYAAeSw4vtqdK9p/s-l225.jpg,https://www.ebay.com/itm/158160846190?_skw=Charizard+ex+234+Paldean+Fates+Pokemon+card&hash=item24d31efd6e:g:psYAAeSw4vtqdK9p,"{""value"": ""924.99"", ""currency"": ""USD""}","[{""shippingCostType"": ""FIXED"", ""shippingCost"": {""value"": ""6.00"", ""currency"": ""USD""}, ""minEstimatedDeliveryDate"": ""2026-09-15T07:00:00.000Z"", ""maxEstimatedDeliveryDate"": ""2026-09-21T07:00:00.000Z""}]",,,PENDING_INDEPENDENT_HUMAN_REVIEW
D2-0315,33dca102-b449-4da6-bfa6-7b72de711596,c2d7a5e7-cfdd-4f37-9748-a2259857c6e3,Charizard ex,Paldean Fates,234,special_illustration_rare,v1|158268313052|0,Charizard ex 234/091 SV Paldean Fates SIR Holo 2024 English TAG Graded,,Graded,2750,[],"[""FIXED_PRICE""]",jandythrift,https://i.ebayimg.com/images/g/A0QAAeSwvtNqnwYh/s-l225.jpg,https://www.ebay.com/itm/158268313052?_skw=Charizard+ex+234+Paldean+Fates+Pokemon+card&hash=item24d986cddc:g:A0QAAeSwvtNqnwYh&amdata=enc%3AAQALAAABEACCtXRWQnOEpyOqnQQ8KGYjaPTGKVwWyzLZ2qp3n6Y9bYg1gLjV8BGjqoGVraChCZDNSZAA4bFszSmvHqrWOesCifQp1rlMhILLYMyP2v7tsHHMbBSWe2wXsw4giD55q9nZEhKBY2W7Xc6HUk8v3tgTswPMtvQS2eW4qmewtuiU65ODFB44FFX9z1Nxuk26XYrc1rPmmvn1%2B7Xb2D%2FhuvtaXlG1qmG8Usw82Bp5%2BDVD0LrxcCllRApdXqRnsKmByJdlfR0SvfMb%2BCHF%2BYTzTjShPXWo6LcI5tZ7bdNjF8z0P7M2pExsIYVfPSGZdTp9If6TZxBOxgVPu6xAwl79vJuUmAySggvBUj8FsqnLjMnD,"{""value"": ""265.00"", ""currency"": ""USD""}","[{""shippingCostType"": ""FIXED"", ""shippingCost"": {""value"": ""0.00"", ""currency"": ""USD""}, ""minEstimatedDeliveryDate"": ""2026-09-16T07:00:00.000Z"", ""maxEstimatedDeliveryDate"": ""2026-09-22T07:00:00.000Z""}]",,,PENDING_INDEPENDENT_HUMAN_REVIEW
D2-0316,3755e7ef-e482-4186-8377-e717f80b3759,aa88bdd2-2ebe-4f9b-b53b-ab077c63f98c,Secret Box,Twilight Masquerade,163,ace_spec,v1|117271919763|0,Pokemon SV06: Twilight Masquerade #163/167 Secret Box,,Ungraded,4000,[],"[""FIXED_PRICE""]",hawks_phins,https://i.ebayimg.com/images/g/PcUAAeSwYN1qQAN0/s-l225.jpg,https://www.ebay.com/itm/117271919763?_skw=Secret+Box+163+Twilight+Masquerade+Pokemon+card&hash=item1b4df37c93:g:PcUAAeSwYN1qQAN0,"{""value"": ""7.49"", ""currency"": ""USD""}","[{""shippingCostType"": ""FIXED"", ""shippingCost"": {""value"": ""0.00"", ""currency"": ""USD""}, ""minEstimatedDeliveryDate"": ""2026-09-16T07:00:00.000Z"", ""maxEstimatedDeliveryDate"": ""2026-09-23T07:00:00.000Z""}]",,,PENDING_INDEPENDENT_HUMAN_REVIEW
D2-0317,3755e7ef-e482-4186-8377-e717f80b3759,aa88bdd2-2ebe-4f9b-b53b-ab077c63f98c,Secret Box,Twilight Masquerade,163,ace_spec,v1|117406485678|0,Secret Box #163/167 (Holo) (NM) SV06: Twilight Masquerade TWM Pokemon,,Ungraded,4000,[],"[""FIXED_PRICE""]",cardboard_champion,https://i.ebayimg.com/images/g/rhgAAeSwW~Bqo0xi/s-l225.jpg,https://www.ebay.com/itm/117406485678?_skw=Secret+Box+163+Twilight+Masquerade+Pokemon+card&hash=item1b55f8ccae:g:rhgAAeSwW~Bqo0xi,"{""value"": ""7.79"", ""currency"": ""USD""}","[{""shippingCostType"": ""FIXED"", ""shippingCost"": {""value"": ""0.00"", ""currency"": ""USD""}, ""minEstimatedDeliveryDate"": ""2026-09-15T07:00:00.000Z"", ""maxEstimatedDeliveryDate"": ""2026-09-18T07:00:00.000Z""}]",,,PENDING_INDEPENDENT_HUMAN_REVIEW
D2-0318,3755e7ef-e482-4186-8377-e717f80b3759,aa88bdd2-2ebe-4f9b-b53b-ab077c63f98c,Secret Box,Twilight Masquerade,163,ace_spec,v1|128042944565|0,Secret Box 163/167 Sv06: Twilight Masquerade Holo,,Ungraded,4000,[],"[""FIXED_PRICE"", ""BEST_OFFER""]",jo273669,https://i.ebayimg.com/images/g/gGEAAeSwjh5qjO1C/s-l225.jpg,https://www.ebay.com/itm/128042944565?_skw=Secret+Box+163+Twilight+Masquerade+Pokemon+card&hash=item1dcff44835:g:gGEAAeSwjh5qjO1C,"{""value"": ""6.00"", ""currency"": ""USD""}","[{""shippingCostType"": ""CALCULATED""}]",,,PENDING_INDEPENDENT_HUMAN_REVIEW
D2-0319,3755e7ef-e482-4186-8377-e717f80b3759,aa88bdd2-2ebe-4f9b-b53b-ab077c63f98c,Secret Box,Twilight Masquerade,163,ace_spec,v1|407204613921|0,TCG Pokemon Secret Box 163/167 Twighlight Masquerade,,Ungraded,4000,[],"[""FIXED_PRICE"", ""AUCTION""]",texascardstcg,https://i.ebayimg.com/images/g/XBAAAeSwxYdp4Pdi/s-l225.jpg,https://www.ebay.com/itm/407204613921?_skw=Secret+Box+163+Twilight+Masquerade+Pokemon+card&hash=item5ecf494f21:g:XBAAAeSwxYdp4Pdi,"{""value"": ""15.99"", ""currency"": ""USD""}","[{""shippingCostType"": ""FIXED"", ""shippingCost"": {""value"": ""0.78"", ""currency"": ""USD""}, ""minEstimatedDeliveryDate"": ""2026-09-15T07:00:00.000Z"", ""maxEstimatedDeliveryDate"": ""2026-09-21T07:00:00.000Z""}]",,,PENDING_INDEPENDENT_HUMAN_REVIEW
D2-0320,3755e7ef-e482-4186-8377-e717f80b3759,aa88bdd2-2ebe-4f9b-b53b-ab077c63f98c,Secret Box,Twilight Masquerade,163,ace_spec,v1|156447979868|457549416059,Pokemon TCG - Twilight Masquerade: Choose Your Card! - All Holos/Reverse Holos!,,Ungraded,4000,[],"[""FIXED_PRICE""]",overstackedcards,https://i.ebayimg.com/images/g/zkoAAOSw0T1oSqPE/s-l225.jpg,https://www.ebay.com/itm/156447979868?_skw=Secret+Box+163+Twilight+Masquerade+Pokemon+card&hash=item246d06b95c:g:zkoAAOSw0T1oSqPE,"{""value"": ""9.99"", ""currency"": ""USD""}","[{""shippingCostType"": ""FIXED"", ""shippingCost"": {""value"": ""0.00"", ""currency"": ""USD""}, ""minEstimatedDeliveryDate"": ""2026-09-15T07:00:00.000Z"", ""maxEstimatedDeliveryDate"": ""2026-09-18T07:00:00.000Z""}]",,,PENDING_INDEPENDENT_HUMAN_REVIEW
D2-0321,3755e7ef-e482-4186-8377-e717f80b3759,aa88bdd2-2ebe-4f9b-b53b-ab077c63f98c,Secret Box,Twilight Masquerade,163,ace_spec,v1|307007262155|606839699825,Pokémon TWILIGHT MASQUERADE: Choose Your Card! REVERSE/HOLO/EX NM,,Ungraded,4000,[],"[""FIXED_PRICE""]",hardfoiled,https://i.ebayimg.com/images/g/BvcAAeSw2Vhqaa-2/s-l225.jpg,https://www.ebay.com/itm/307007262155?_skw=Secret+Box+163+Twilight+Masquerade+Pokemon+card&hash=item477b0f0dcb:g:BvcAAeSw2Vhqaa-2&amdata=enc%3AAQALAAABEACCtXRWQnOEpyOqnQQ8KGZ4a9AJyY8NX5cAjQ1p7CtUk%2BansOC%2Bj0M8QNyZjDPhP7YGfHDPdoLOooUSuX2IrJ0TFo7F1Un%2FR45%2FroKKU%2BSRTONcGo3fOV7CTm9Lrqm1FJrY6XHiJHYS%2BguuDbCOXmz8L9F6i5SFY8YGKE1e7qhTIbp%2FY8tJIjyChJywSecVYbx5Hx0mCdAt4AlyW%2BgeM2%2FBnbaa9OXwlpOkx0gw0HulWr8%2Fn8vW4E8MblP9oyd5f0r%2Beq0QBkUblQC5el1g5UUlDik6aPV1aKpfQmNX2ij3qDAM1LwHkOgYuVpIHvTxAIY8m31NrxvdZjLe3XblNemF0ws5YqHMKIZLr04zStLV,"{""value"": ""13.79"", ""currency"": ""USD""}","[{""shippingCostType"": ""FIXED"", ""shippingCost"": {""value"": ""0.00"", ""currency"": ""USD""}, ""minEstimatedDeliveryDate"": ""2026-09-14T07:00:00.000Z"", ""maxEstimatedDeliveryDate"": ""2026-09-17T07:00:00.000Z""}]",,,PENDING_INDEPENDENT_HUMAN_REVIEW
D2-0322,3755e7ef-e482-4186-8377-e717f80b3759,aa88bdd2-2ebe-4f9b-b53b-ab077c63f98c,Secret Box,Twilight Masquerade,163,ace_spec,v1|128072526527|0,Secret Box 163/167 ACE SPEC Rare Twilight Masquerade Pokemon Holo Near Mint,,Ungraded,4000,[],"[""FIXED_PRICE"", ""BEST_OFFER""]",kingjimmy02,https://i.ebayimg.com/images/g/seAAAeSwaClqotf3/s-l225.jpg,https://www.ebay.com/itm/128072526527?_skw=Secret+Box+163+Twilight+Masquerade+Pokemon+card&hash=item1dd1b7aabf:g:seAAAeSwaClqotf3,"{""value"": ""5.99"", ""currency"": ""USD""}","[{""shippingCostType"": ""CALCULATED""}]",,,PENDING_INDEPENDENT_HUMAN_REVIEW
D2-0323,3755e7ef-e482-4186-8377-e717f80b3759,aa88bdd2-2ebe-4f9b-b53b-ab077c63f98c,Secret Box,Twilight Masquerade,163,ace_spec,v1|137614022471|0,Secret Box 163/167 ACE SPEC Rare Twilight Masquerade Pokemon Holo ,,Ungraded,4000,[],"[""FIXED_PRICE"", ""BEST_OFFER""]",chris_yan88tcg,https://i.ebayimg.com/images/g/JrcAAeSw1CBqG1pK/s-l225.jpg,https://www.ebay.com/itm/137614022471?_skw=Secret+Box+163+Twilight+Masquerade+Pokemon+card&hash=item200a6f5747:g:JrcAAeSw1CBqG1pK,"{""value"": ""6.50"", ""currency"": ""USD""}","[{""shippingCostType"": ""CALCULATED""}]",,,PENDING_INDEPENDENT_HUMAN_REVIEW
D2-0324,3755e7ef-e482-4186-8377-e717f80b3759,aa88bdd2-2ebe-4f9b-b53b-ab077c63f98c,Secret Box,Twilight Masquerade,163,ace_spec,v1|137657577955|0,Secret Box 163/167 ACE SPEC Rare Twilight Masquerade Pokemon Holo Near Mint,,Ungraded,4000,[],"[""FIXED_PRICE""]",rhyolite,https://i.ebayimg.com/images/g/1b8AAeSwpN5qjNMp/s-l225.jpg,https://www.ebay.com/itm/137657577955?_skw=Secret+Box+163+Twilight+Masquerade+Pokemon+card&hash=item200d07f1e3:g:1b8AAeSwpN5qjNMp,"{""value"": ""7.50"", ""currency"": ""USD""}","[{""shippingCostType"": ""FIXED"", ""shippingCost"": {""value"": ""0.00"", ""currency"": ""USD""}, ""minEstimatedDeliveryDate"": ""2026-09-15T07:00:00.000Z"", ""maxEstimatedDeliveryDate"": ""2026-09-21T07:00:00.000Z""}]",,,PENDING_INDEPENDENT_HUMAN_REVIEW
D2-0325,3755e7ef-e482-4186-8377-e717f80b3759,aa88bdd2-2ebe-4f9b-b53b-ab077c63f98c,Secret Box,Twilight Masquerade,163,ace_spec,v1|137684514848|0,Secret Box 163/167 ACE SPEC Rare Twilight Masquerade Pokemon Holo Near Mint,,Ungraded,4000,[],"[""FIXED_PRICE""]",trtradingco,https://i.ebayimg.com/images/g/3u0AAeSwieZqljDm/s-l225.jpg,https://www.ebay.com/itm/137684514848?_skw=Secret+Box+163+Twilight+Masquerade+Pokemon+card&hash=item200ea2f820:g:3u0AAeSwieZqljDm,"{""value"": ""7.99"", ""currency"": ""USD""}","[{""shippingCostType"": ""FIXED"", ""shippingCost"": {""value"": ""0.00"", ""currency"": ""USD""}, ""minEstimatedDeliveryDate"": ""2026-09-14T07:00:00.000Z"", ""maxEstimatedDeliveryDate"": ""2026-09-17T07:00:00.000Z""}]",,,PENDING_INDEPENDENT_HUMAN_REVIEW
D2-0326,3755e7ef-e482-4186-8377-e717f80b3759,aa88bdd2-2ebe-4f9b-b53b-ab077c63f98c,Secret Box,Twilight Masquerade,163,ace_spec,v1|137712058087|0,Pokemon Twilight Masquerade Secret Box 163/167 - NM,,Ungraded,4000,[],"[""FIXED_PRICE""]",lvsell42,https://i.ebayimg.com/images/g/n~UAAeSwS0Rqn3sV/s-l225.jpg,https://www.ebay.com/itm/137712058087?_skw=Secret+Box+163+Twilight+Masquerade+Pokemon+card&hash=item2010473ee7:g:n~UAAeSwS0Rqn3sV,"{""value"": ""4.99"", ""currency"": ""USD""}","[{""shippingCostType"": ""CALCULATED""}]",,,PENDING_INDEPENDENT_HUMAN_REVIEW
D2-0327,3755e7ef-e482-4186-8377-e717f80b3759,aa88bdd2-2ebe-4f9b-b53b-ab077c63f98c,Secret Box,Twilight Masquerade,163,ace_spec,v1|147559398475|0,Secret Box 163/167 Sv06: Twilight Masquerade Holo,,Ungraded,4000,[],"[""FIXED_PRICE""]",germzcardsngames,https://i.ebayimg.com/images/g/7B4AAeSw5y9qoAuA/s-l225.jpg,https://www.ebay.com/itm/147559398475?_skw=Secret+Box+163+Twilight+Masquerade+Pokemon+card&hash=item225b39bc4b:g:7B4AAeSw5y9qoAuA,"{""value"": ""6.17"", ""currency"": ""USD""}","[{""shippingCostType"": ""FIXED"", ""shippingCost"": {""value"": ""0.00"", ""currency"": ""USD""}, ""minEstimatedDeliveryDate"": ""2026-09-14T07:00:00.000Z"", ""maxEstimatedDeliveryDate"": ""2026-09-17T07:00:00.000Z""}]",,,PENDING_INDEPENDENT_HUMAN_REVIEW
D2-0328,3755e7ef-e482-4186-8377-e717f80b3759,aa88bdd2-2ebe-4f9b-b53b-ab077c63f98c,Secret Box,Twilight Masquerade,163,ace_spec,v1|147563358445|0,Secret Box 163/167 Twilight Masquerade NM,,Ungraded,4000,[],"[""FIXED_PRICE"", ""BEST_OFFER""]",crazytcgcollectors,https://i.ebayimg.com/images/g/Qt8AAeSwh1Rqoh8n/s-l225.jpg,https://www.ebay.com/itm/147563358445?_skw=Secret+Box+163+Twilight+Masquerade+Pokemon+card&hash=item225b7628ed:g:Qt8AAeSwh1Rqoh8n,"{""value"": ""5.99"", ""currency"": ""USD""}","[{""shippingCostType"": ""FIXED"", ""shippingCost"": {""value"": ""0.00"", ""currency"": ""USD""}, ""minEstimatedDeliveryDate"": ""2026-09-15T07:00:00.000Z"", ""maxEstimatedDeliveryDate"": ""2026-09-21T07:00:00.000Z""}]",,,PENDING_INDEPENDENT_HUMAN_REVIEW
D2-0329,3755e7ef-e482-4186-8377-e717f80b3759,aa88bdd2-2ebe-4f9b-b53b-ab077c63f98c,Secret Box,Twilight Masquerade,163,ace_spec,v1|157961198670|0,Secret Box 163/167 NM Twilight Masquerade ACE SPEC Rare Pokemon TCG Card,,Ungraded,4000,[],"[""FIXED_PRICE""]",dk-pokedex,https://i.ebayimg.com/images/g/CAsAAeSw8fpqHd4e/s-l225.jpg,https://www.ebay.com/itm/157961198670?_skw=Secret+Box+163+Twilight+Masquerade+Pokemon+card&hash=item24c7389c4e:g:CAsAAeSw8fpqHd4e,"{""value"": ""8.00"", ""currency"": ""USD""}","[{""shippingCostType"": ""CALCULATED""}]",,,PENDING_INDEPENDENT_HUMAN_REVIEW
D2-0330,3755e7ef-e482-4186-8377-e717f80b3759,aa88bdd2-2ebe-4f9b-b53b-ab077c63f98c,Secret Box,Twilight Masquerade,163,ace_spec,v1|158061000076|0,Secret Box 163/167 Twilight Masquerade Holo ACE Spec Pokemon Card,,Ungraded,4000,[],"[""FIXED_PRICE""]",tcg_select,https://i.ebayimg.com/images/g/DnMAAeSwxOdqTAEy/s-l225.jpg,https://www.ebay.com/itm/158061000076?_skw=Secret+Box+163+Twilight+Masquerade+Pokemon+card&hash=item24cd2b758c:g:DnMAAeSwxOdqTAEy,"{""value"": ""5.99"", ""currency"": ""USD""}","[{""shippingCostType"": ""CALCULATED""}]",,,PENDING_INDEPENDENT_HUMAN_REVIEW
D2-0331,3b5294d0-4738-4296-952e-f32b2788e3c4,10ab9aee-5f8c-4938-aec5-aa4a4314f745,Sunflora,Twilight Masquerade,169,illustration_rare,v1|117402891337|0,Sunflora 169/167 Illustration Rare Twilight Masquerade Pokemon Card NM,,Ungraded,4000,[],"[""FIXED_PRICE"", ""BEST_OFFER""]",shiny_celebi_tcg,https://i.ebayimg.com/images/g/x9QAAeSwhB5oMMl5/s-l225.jpg,https://www.ebay.com/itm/117402891337?_skw=Sunflora+169+Twilight+Masquerade+Pokemon+card&hash=item1b55c1f449:g:x9QAAeSwhB5oMMl5,"{""value"": ""8.00"", ""currency"": ""USD""}","[{""shippingCostType"": ""FIXED"", ""shippingCost"": {""value"": ""4.51"", ""currency"": ""USD""}, ""minEstimatedDeliveryDate"": ""2026-09-15T07:00:00.000Z"", ""maxEstimatedDeliveryDate"": ""2026-09-19T07:00:00.000Z""}]",,,PENDING_INDEPENDENT_HUMAN_REVIEW
D2-0332,3b5294d0-4738-4296-952e-f32b2788e3c4,10ab9aee-5f8c-4938-aec5-aa4a4314f745,Sunflora,Twilight Masquerade,169,illustration_rare,v1|127846185317|0,Sunflora - Illustration Rare SV06: Twilight Masquerade 169/167 NM,,Ungraded,4000,[],"[""FIXED_PRICE"", ""BEST_OFFER""]",jaybirdscollectibles,https://i.ebayimg.com/images/g/qZgAAeSwPZBp-NO6/s-l225.jpg,https://www.ebay.com/itm/127846185317?_skw=Sunflora+169+Twilight+Masquerade+Pokemon+card&hash=item1dc439f965:g:qZgAAeSwPZBp-NO6,"{""value"": ""9.68"", ""currency"": ""USD""}","[{""shippingCostType"": ""FIXED"", ""shippingCost"": {""value"": ""0.00"", ""currency"": ""USD""}, ""minEstimatedDeliveryDate"": ""2026-09-15T07:00:00.000Z"", ""maxEstimatedDeliveryDate"": ""2026-09-21T07:00:00.000Z""}]",,,PENDING_INDEPENDENT_HUMAN_REVIEW
D2-0333,3b5294d0-4738-4296-952e-f32b2788e3c4,10ab9aee-5f8c-4938-aec5-aa4a4314f745,Sunflora,Twilight Masquerade,169,illustration_rare,v1|128066948625|0,Sunflora 169/167 Illustration Rare Twilight Masquerade Pokemon Holo Near Mint,,Ungraded,4000,[],"[""FIXED_PRICE""]",scarlettstcg,https://i.ebayimg.com/images/g/ZMcAAeSwSUNqnpgY/s-l225.jpg,https://www.ebay.com/itm/128066948625?_skw=Sunflora+169+Twilight+Masquerade+Pokemon+card&hash=item1dd1628e11:g:ZMcAAeSwSUNqnpgY,"{""value"": ""12.99"", ""currency"": ""USD""}","[{""shippingCostType"": ""FIXED"", ""shippingCost"": {""value"": ""0.00"", ""currency"": ""USD""}, ""minEstimatedDeliveryDate"": ""2026-09-15T07:00:00.000Z"", ""maxEstimatedDeliveryDate"": ""2026-09-21T07:00:00.000Z""}]",,,PENDING_INDEPENDENT_HUMAN_REVIEW
D2-0334,3b5294d0-4738-4296-952e-f32b2788e3c4,10ab9aee-5f8c-4938-aec5-aa4a4314f745,Sunflora,Twilight Masquerade,169,illustration_rare,v1|318835293650|0,Sunflora 169/167 Sv06 IR  Holo Eng 100HP,,Ungraded,4000,[],"[""FIXED_PRICE""]",rhopow40,https://i.ebayimg.com/images/g/ZrsAAeSwyIRqncWA/s-l225.jpg,https://www.ebay.com/itm/318835293650?_skw=Sunflora+169+Twilight+Masquerade+Pokemon+card&hash=item4a3c107dd2:g:ZrsAAeSwyIRqncWA,"{""value"": ""8.99"", ""currency"": ""USD""}","[{""shippingCostType"": ""FIXED"", ""shippingCost"": {""value"": ""0.00"", ""currency"": ""USD""}, ""minEstimatedDeliveryDate"": ""2026-09-15T07:00:00.000Z"", ""maxEstimatedDeliveryDate"": ""2026-09-21T07:00:00.000Z""}]",,,PENDING_INDEPENDENT_HUMAN_REVIEW
D2-0335,3b5294d0-4738-4296-952e-f32b2788e3c4,10ab9aee-5f8c-4938-aec5-aa4a4314f745,Sunflora,Twilight Masquerade,169,illustration_rare,v1|377320856221|0,Sv06: Twilight Masquerade Pokémon TCG Sunflora NM,,Ungraded,4000,[],"[""FIXED_PRICE""]",viridiantradingco,https://i.ebayimg.com/images/g/FYcAAeSwnlxqSEWu/s-l225.jpg,https://www.ebay.com/itm/377320856221?_skw=Sunflora+169+Twilight+Masquerade+Pokemon+card&hash=item57da135a9d:g:FYcAAeSwnlxqSEWu,"{""value"": ""8.30"", ""currency"": ""USD""}","[{""shippingCostType"": ""CALCULATED""}]",,,PENDING_INDEPENDENT_HUMAN_REVIEW
D2-0336,3b5294d0-4738-4296-952e-f32b2788e3c4,10ab9aee-5f8c-4938-aec5-aa4a4314f745,Sunflora,Twilight Masquerade,169,illustration_rare,v1|156447979868|457575923995,Pokemon TCG - Twilight Masquerade: Choose Your Card! - All Holos/Reverse Holos!,,Ungraded,4000,[],"[""FIXED_PRICE""]",overstackedcards,https://i.ebayimg.com/images/g/UUIAAOSw9qFoSqS-/s-l225.jpg,https://www.ebay.com/itm/156447979868?_skw=Sunflora+169+Twilight+Masquerade+Pokemon+card&hash=item246d06b95c:g:UUIAAOSw9qFoSqS-,"{""value"": ""14.99"", ""currency"": ""USD""}","[{""shippingCostType"": ""FIXED"", ""shippingCost"": {""value"": ""0.00"", ""currency"": ""USD""}, ""minEstimatedDeliveryDate"": ""2026-09-15T07:00:00.000Z"", ""maxEstimatedDeliveryDate"": ""2026-09-18T07:00:00.000Z""}]",,,PENDING_INDEPENDENT_HUMAN_REVIEW
D2-0337,3b5294d0-4738-4296-952e-f32b2788e3c4,10ab9aee-5f8c-4938-aec5-aa4a4314f745,Sunflora,Twilight Masquerade,169,illustration_rare,v1|335404297764|544832379069,Pokemon SV06 Twilight Masquerade NM YouPICK! 1-226 Reverse Holo RH ex IR FA SIR,,Ungraded,4000,[],"[""FIXED_PRICE""]",biggyfish,https://i.ebayimg.com/images/g/uxMAAOSwq2ZmYTnP/s-l225.jpg,https://www.ebay.com/itm/335404297764?_skw=Sunflora+169+Twilight+Masquerade+Pokemon+card&hash=item4e17a76e24:g:uxMAAOSwq2ZmYTnP,"{""value"": ""9.99"", ""currency"": ""USD""}","[{""shippingCostType"": ""FIXED"", ""shippingCost"": {""value"": ""0.79"", ""currency"": ""USD""}, ""minEstimatedDeliveryDate"": ""2026-09-15T07:00:00.000Z"", ""maxEstimatedDeliveryDate"": ""2026-09-18T07:00:00.000Z""}]",,,PENDING_INDEPENDENT_HUMAN_REVIEW
D2-0338,3b5294d0-4738-4296-952e-f32b2788e3c4,10ab9aee-5f8c-4938-aec5-aa4a4314f745,Sunflora,Twilight Masquerade,169,illustration_rare,v1|168621994989|0,Sunflora 169/167 Illustration Rare Twm En-Twilight Masquerade Pokemon PSA 10,,Graded,2750,[],"[""FIXED_PRICE""]",theprofessorstcg,https://i.ebayimg.com/images/g/4U4AAeSwF-Zqg8yI/s-l225.jpg,https://www.ebay.com/itm/168621994989?_skw=Sunflora+169+Twilight+Masquerade+Pokemon+card&hash=item2742a773ed:g:4U4AAeSwF-Zqg8yI,"{""value"": ""120.00"", ""currency"": ""USD""}","[{""shippingCostType"": ""CALCULATED""}]",,,PENDING_INDEPENDENT_HUMAN_REVIEW
D2-0339,3b5294d0-4738-4296-952e-f32b2788e3c4,10ab9aee-5f8c-4938-aec5-aa4a4314f745,Sunflora,Twilight Masquerade,169,illustration_rare,v1|198556877236|0,Sunflora Illustration Rare Twilight Masquerade 169/167 Moderately Played,,Ungraded,4000,[],"[""FIXED_PRICE""]",mxf_tcg,https://i.ebayimg.com/images/g/JfUAAeSwIvJqd2ee/s-l225.jpg,https://www.ebay.com/itm/198556877236?_skw=Sunflora+169+Twilight+Masquerade+Pokemon+card&hash=item2e3ae981b4:g:JfUAAeSwIvJqd2ee,"{""value"": ""9.99"", ""currency"": ""USD""}","[{""shippingCostType"": ""FIXED"", ""shippingCost"": {""value"": ""0.00"", ""currency"": ""USD""}, ""minEstimatedDeliveryDate"": ""2026-09-15T07:00:00.000Z"", ""maxEstimatedDeliveryDate"": ""2026-09-18T07:00:00.000Z""}]",,,PENDING_INDEPENDENT_HUMAN_REVIEW
D2-0340,3b5294d0-4738-4296-952e-f32b2788e3c4,10ab9aee-5f8c-4938-aec5-aa4a4314f745,Sunflora,Twilight Masquerade,169,illustration_rare,v1|128067971006|0,Pokemon TCG Sunflora 169/167 SV06 Twilight Masquerade IR Holo English 2024,,Ungraded,4000,[],"[""FIXED_PRICE"", ""BEST_OFFER""]",gordys_goodies,https://i.ebayimg.com/images/g/7AIAAeSw4ZFqn2UY/s-l225.jpg,https://www.ebay.com/itm/128067971006?_skw=Sunflora+169+Twilight+Masquerade+Pokemon+card&hash=item1dd17227be:g:7AIAAeSw4ZFqn2UY,"{""value"": ""7.55"", ""currency"": ""USD""}","[{""shippingCostType"": ""CALCULATED""}]",,,PENDING_INDEPENDENT_HUMAN_REVIEW
D2-0341,3b5294d0-4738-4296-952e-f32b2788e3c4,10ab9aee-5f8c-4938-aec5-aa4a4314f745,Sunflora,Twilight Masquerade,169,illustration_rare,v1|137456061556|0,SV06: Twilight Masquerade #169/167 Sunflora,,Ungraded,4000,[],"[""FIXED_PRICE"", ""BEST_OFFER""]",slabsandspares,https://i.ebayimg.com/images/g/3CYAAeSwG4ppwxLo/s-l225.jpg,https://www.ebay.com/itm/137456061556?_skw=Sunflora+169+Twilight+Masquerade+Pokemon+card&hash=item2001050c74:g:3CYAAeSwG4ppwxLo,"{""value"": ""9.95"", ""currency"": ""USD""}","[{""shippingCostType"": ""FIXED"", ""shippingCost"": {""value"": ""1.32"", ""currency"": ""USD""}, ""minEstimatedDeliveryDate"": ""2026-09-16T07:00:00.000Z"", ""maxEstimatedDeliveryDate"": ""2026-09-22T07:00:00.000Z""}]",,,PENDING_INDEPENDENT_HUMAN_REVIEW
D2-0342,3b5294d0-4738-4296-952e-f32b2788e3c4,10ab9aee-5f8c-4938-aec5-aa4a4314f745,Sunflora,Twilight Masquerade,169,illustration_rare,v1|137687695595|0,Sunflora 169/167 Holo SV06: Twilight Masquerade LP Pokémon TCG,,Ungraded,4000,[],"[""FIXED_PRICE""]",thetradingpostcc,https://i.ebayimg.com/images/g/W0wAAeSw6o5ql0Hb/s-l225.jpg,https://www.ebay.com/itm/137687695595?_skw=Sunflora+169+Twilight+Masquerade+Pokemon+card&hash=item200ed380eb:g:W0wAAeSw6o5ql0Hb,"{""value"": ""9.19"", ""currency"": ""USD""}","[{""shippingCostType"": ""FIXED"", ""shippingCost"": {""value"": ""1.00"", ""currency"": ""USD""}, ""minEstimatedDeliveryDate"": ""2026-09-16T07:00:00.000Z"", ""maxEstimatedDeliveryDate"": ""2026-09-23T07:00:00.000Z""}]",,,PENDING_INDEPENDENT_HUMAN_REVIEW
D2-0343,3b5294d0-4738-4296-952e-f32b2788e3c4,10ab9aee-5f8c-4938-aec5-aa4a4314f745,Sunflora,Twilight Masquerade,169,illustration_rare,v1|137725448401|0,Sunflora 169/167 Holo SV06: Twilight Masquerade LP Pokémon TCG,,Ungraded,4000,[],"[""FIXED_PRICE""]",thetradingpostcc,https://i.ebayimg.com/images/g/TxQAAeSwFXJqpDQD/s-l225.jpg,https://www.ebay.com/itm/137725448401?_skw=Sunflora+169+Twilight+Masquerade+Pokemon+card&hash=item20111390d1:g:TxQAAeSwFXJqpDQD,"{""value"": ""9.09"", ""currency"": ""USD""}","[{""shippingCostType"": ""FIXED"", ""shippingCost"": {""value"": ""1.00"", ""currency"": ""USD""}, ""minEstimatedDeliveryDate"": ""2026-09-16T07:00:00.000Z"", ""maxEstimatedDeliveryDate"": ""2026-09-23T07:00:00.000Z""}]",,,PENDING_INDEPENDENT_HUMAN_REVIEW
D2-0344,3b5294d0-4738-4296-952e-f32b2788e3c4,10ab9aee-5f8c-4938-aec5-aa4a4314f745,Sunflora,Twilight Masquerade,169,illustration_rare,v1|147403459279|0,Pokemon - Sunflora - 169/167 SV06: Twilight Masquerade - Illustration Rare - NM,,Ungraded,4000,[],"[""FIXED_PRICE""]",db-decks,https://i.ebayimg.com/images/g/bkwAAeSwrOpqQYY5/s-l225.jpg,https://www.ebay.com/itm/147403459279?_skw=Sunflora+169+Twilight+Masquerade+Pokemon+card&hash=item2251ee4acf:g:bkwAAeSwrOpqQYY5,"{""value"": ""11.19"", ""currency"": ""USD""}","[{""shippingCostType"": ""FIXED"", ""shippingCost"": {""value"": ""0.00"", ""currency"": ""USD""}, ""minEstimatedDeliveryDate"": ""2026-09-15T07:00:00.000Z"", ""maxEstimatedDeliveryDate"": ""2026-09-19T07:00:00.000Z""}]",,,PENDING_INDEPENDENT_HUMAN_REVIEW
D2-0345,3b5294d0-4738-4296-952e-f32b2788e3c4,10ab9aee-5f8c-4938-aec5-aa4a4314f745,Sunflora,Twilight Masquerade,169,illustration_rare,v1|157963115292|0,The Pokémon Company Sunflora 169/167 Sv06 Twilight Masquerade IR Holo Full Art,,Ungraded,4000,[],"[""FIXED_PRICE"", ""BEST_OFFER""]",marzamtcg,https://i.ebayimg.com/images/g/C6sAAeSwTUFqHsci/s-l225.jpg,https://www.ebay.com/itm/157963115292?_skw=Sunflora+169+Twilight+Masquerade+Pokemon+card&hash=item24c755db1c:g:C6sAAeSwTUFqHsci&amdata=enc%3AAQALAAABEACCtXRWQnOEpyOqnQQ8KGaOV2HhDdlmncR%2FFbxLrt9VpJB7O9VfPHb0ujTIWExgMdJ6lAbIWgTJphXfkbUrUd30O7UHi5EkPtSvuGytKe7OxpwfPvtZa4kVGriwtaP%2BDZG6fc%2FMpZJRYOSrlyZw%2BzDIzOrqAq9qG7eGIVI6MQFhgpRvdXxLuCgOd4JtxiR0%2BUl5dkDy8IVXGJtM6OwPOgtXI46X0Fr7%2FrLB8B9Uj9A1qKlgKG0fHkihRy8z2LFOSgL4C4sBJSRRyCGV%2B2UrmVFUBu6sed5d%2BiooWm0PL5OJ4HpPSVJ5uBC4XRcWWEcKR%2B7DQjDJcKPyeOv5JndK5rk2tOqtsrK7S4kUhu5Omhy9,"{""value"": ""9.99"", ""currency"": ""USD""}","[{""shippingCostType"": ""CALCULATED""}]",,,PENDING_INDEPENDENT_HUMAN_REVIEW
D2-0346,3baf2f12-759f-427a-b8d0-2511e639310f,886acc91-d523-4628-bb4a-6ef8db1d8543,Mega Gardevoir ex,Mega Evolution,187,mega_hyper_rare,v1|117269971266|0,Mega Gardevoir ex 187/132 Me01: Mega Evolution Holo,,Ungraded,4000,[],"[""FIXED_PRICE"", ""BEST_OFFER""]",rrie6743,https://i.ebayimg.com/images/g/uQUAAeSweK1ppexr/s-l225.jpg,https://www.ebay.com/itm/117269971266?_skw=Mega+Gardevoir+ex+187+Mega+Evolution+Pokemon+card&hash=item1b4dd5c142:g:uQUAAeSweK1ppexr,"{""value"": ""200.00"", ""currency"": ""USD""}","[{""shippingCostType"": ""CALCULATED""}]",,,PENDING_INDEPENDENT_HUMAN_REVIEW
D2-0347,3baf2f12-759f-427a-b8d0-2511e639310f,886acc91-d523-4628-bb4a-6ef8db1d8543,Mega Gardevoir ex,Mega Evolution,187,mega_hyper_rare,v1|117352906919|0,2025 Pokemon 187/132 Gardevoir EX Mega Evolution,,Ungraded,4000,[],"[""FIXED_PRICE"", ""BEST_OFFER""]",tntcards.mi,https://i.ebayimg.com/images/g/Cb0AAeSwSOpqeyyP/s-l225.jpg,https://www.ebay.com/itm/117352906919?_skw=Mega+Gardevoir+ex+187+Mega+Evolution+Pokemon+card&hash=item1b52c740a7:g:Cb0AAeSwSOpqeyyP,"{""value"": ""220.00"", ""currency"": ""USD""}","[{""shippingCostType"": ""FIXED"", ""shippingCost"": {""value"": ""5.99"", ""currency"": ""USD""}, ""minEstimatedDeliveryDate"": ""2026-09-15T07:00:00.000Z"", ""maxEstimatedDeliveryDate"": ""2026-09-21T07:00:00.000Z""}]",,,PENDING_INDEPENDENT_HUMAN_REVIEW
D2-0348,3baf2f12-759f-427a-b8d0-2511e639310f,886acc91-d523-4628-bb4a-6ef8db1d8543,Mega Gardevoir ex,Mega Evolution,187,mega_hyper_rare,v1|128054483391|0,Mega Gardevoir EX 187/132 Me01: Mega Evolution Holo,,Ungraded,4000,[],"[""FIXED_PRICE"", ""BEST_OFFER""]",bretro4903,https://i.ebayimg.com/images/g/ns0AAeSwddFqlg8S/s-l225.jpg,https://www.ebay.com/itm/128054483391?_skw=Mega+Gardevoir+ex+187+Mega+Evolution+Pokemon+card&hash=item1dd0a459bf:g:ns0AAeSwddFqlg8S,"{""value"": ""210.00"", ""currency"": ""USD""}","[{""shippingCostType"": ""CALCULATED""}]",,,PENDING_INDEPENDENT_HUMAN_REVIEW
D2-0349,3baf2f12-759f-427a-b8d0-2511e639310f,886acc91-d523-4628-bb4a-6ef8db1d8543,Mega Gardevoir ex,Mega Evolution,187,mega_hyper_rare,v1|137715652208|0,Mega Gardevoir ex Holofoil [MEG - 187/132],,Ungraded,4000,[],"[""FIXED_PRICE"", ""BEST_OFFER""]",touchoftizmtcg,https://i.ebayimg.com/images/g/U~gAAeSww5ZqoKtO/s-l225.jpg,https://www.ebay.com/itm/137715652208?_skw=Mega+Gardevoir+ex+187+Mega+Evolution+Pokemon+card&hash=item20107e1670:g:U~gAAeSww5ZqoKtO,"{""value"": ""196.43"", ""currency"": ""USD""}","[{""shippingCostType"": ""CALCULATED""}]",,,PENDING_INDEPENDENT_HUMAN_REVIEW
D2-0350,3baf2f12-759f-427a-b8d0-2511e639310f,886acc91-d523-4628-bb4a-6ef8db1d8543,Mega Gardevoir ex,Mega Evolution,187,mega_hyper_rare,v1|178258734617|0,Pokemon Mega Evolutions Mega Gardevoir EX 187/132 Mega Hyper Rare Gold English,,Ungraded,4000,[],"[""FIXED_PRICE""]",huntertcc_tcg,https://i.ebayimg.com/images/g/CpMAAeSwQONqPzIR/s-l225.jpg,https://www.ebay.com/itm/178258734617?_skw=Mega+Gardevoir+ex+187+Mega+Evolution+Pokemon+card&hash=item29810c6e19:g:CpMAAeSwQONqPzIR,"{""value"": ""240.00"", ""currency"": ""USD""}","[{""shippingCostType"": ""CALCULATED""}]",,,PENDING_INDEPENDENT_HUMAN_REVIEW
D2-0351,3baf2f12-759f-427a-b8d0-2511e639310f,886acc91-d523-4628-bb4a-6ef8db1d8543,Mega Gardevoir ex,Mega Evolution,187,mega_hyper_rare,v1|178455134835|0,Mega Gardevoir ex [MEG - 187/132] Holofoil LP,,Ungraded,4000,[],"[""FIXED_PRICE""]",bontadelligamevault,https://i.ebayimg.com/images/g/5YEAAeSwjFZqlRmD/s-l225.jpg,https://www.ebay.com/itm/178455134835?_skw=Mega+Gardevoir+ex+187+Mega+Evolution+Pokemon+card&hash=item298cc14273:g:5YEAAeSwjFZqlRmD,"{""value"": ""209.69"", ""currency"": ""USD""}",[],,,PENDING_INDEPENDENT_HUMAN_REVIEW
D2-0352,3baf2f12-759f-427a-b8d0-2511e639310f,886acc91-d523-4628-bb4a-6ef8db1d8543,Mega Gardevoir ex,Mega Evolution,187,mega_hyper_rare,v1|158033456802|0,Mega Gardevoir EX 2025 Pokemon Mega Evolution,,Ungraded,4000,[],"[""FIXED_PRICE""]",tradingcardconsign,https://i.ebayimg.com/images/g/23kAAeSw4rJqQHLe/s-l225.jpg,https://www.ebay.com/itm/158033456802?_skw=Mega+Gardevoir+ex+187+Mega+Evolution+Pokemon+card&hash=item24cb872ea2:g:23kAAeSw4rJqQHLe,"{""value"": ""225.00"", ""currency"": ""USD""}","[{""shippingCostType"": ""CALCULATED""}]",,,PENDING_INDEPENDENT_HUMAN_REVIEW
D2-0353,3baf2f12-759f-427a-b8d0-2511e639310f,886acc91-d523-4628-bb4a-6ef8db1d8543,Mega Gardevoir ex,Mega Evolution,187,mega_hyper_rare,v1|158033631304|0,Mega Gardevoir EX 2025 Pokemon Mega Evolution,,Ungraded,4000,[],"[""FIXED_PRICE""]",tradingcardconsign,https://i.ebayimg.com/images/g/ne8AAeSw7QpqQIg5/s-l225.jpg,https://www.ebay.com/itm/158033631304?_skw=Mega+Gardevoir+ex+187+Mega+Evolution+Pokemon+card&hash=item24cb89d848:g:ne8AAeSw7QpqQIg5,"{""value"": ""225.00"", ""currency"": ""USD""}","[{""shippingCostType"": ""CALCULATED""}]",,,PENDING_INDEPENDENT_HUMAN_REVIEW
D2-0354,3baf2f12-759f-427a-b8d0-2511e639310f,886acc91-d523-4628-bb4a-6ef8db1d8543,Mega Gardevoir ex,Mega Evolution,187,mega_hyper_rare,v1|168006123217|0,Pokemon 2025 Mega Gardevoir ex187 Mega Evolution Mega Hyper Rare,,Ungraded,4000,[],"[""FIXED_PRICE"", ""BEST_OFFER""]",dholmes92,https://i.ebayimg.com/images/g/H70AAeSwRHFpQGTI/s-l225.jpg,https://www.ebay.com/itm/168006123217?_skw=Mega+Gardevoir+ex+187+Mega+Evolution+Pokemon+card&hash=item271df1fed1:g:H70AAeSwRHFpQGTI,"{""value"": ""220.00"", ""currency"": ""USD""}","[{""shippingCostType"": ""CALCULATED""}]",,,PENDING_INDEPENDENT_HUMAN_REVIEW
D2-0355,3baf2f12-759f-427a-b8d0-2511e639310f,886acc91-d523-4628-bb4a-6ef8db1d8543,Mega Gardevoir ex,Mega Evolution,187,mega_hyper_rare,v1|117398095245|0,2025 POKEMON MEG EN-MEGA EVOLUTION MEGA HYPER RARE #187 MEGA GARDEVOIR EX PSA 9,,Graded,2750,[],"[""FIXED_PRICE""]",breakpointcollectibles,https://i.ebayimg.com/images/g/-uAAAeSwGflqnKub/s-l225.jpg,https://www.ebay.com/itm/117398095245?_skw=Mega+Gardevoir+ex+187+Mega+Evolution+Pokemon+card&hash=item1b5578c58d:g:-uAAAeSwGflqnKub,"{""value"": ""186.00"", ""currency"": ""USD""}","[{""shippingCostType"": ""CALCULATED""}]",,,PENDING_INDEPENDENT_HUMAN_REVIEW
D2-0356,3baf2f12-759f-427a-b8d0-2511e639310f,886acc91-d523-4628-bb4a-6ef8db1d8543,Mega Gardevoir ex,Mega Evolution,187,mega_hyper_rare,v1|157575354602|0,Mega Gardevoir EX - 187/132 - Gold Secret Rare - Extended Art Case,,Ungraded,4000,[],"[""FIXED_PRICE""]",outback_originals,https://i.ebayimg.com/images/g/ksgAAeSwNnlpUZpn/s-l225.jpg,https://www.ebay.com/itm/157575354602?_skw=Mega+Gardevoir+ex+187+Mega+Evolution+Pokemon+card&hash=item24b03918ea:g:ksgAAeSwNnlpUZpn,"{""value"": ""12.00"", ""currency"": ""USD""}","[{""shippingCostType"": ""FIXED"", ""shippingCost"": {""value"": ""5.00"", ""currency"": ""USD""}, ""minEstimatedDeliveryDate"": ""2026-09-15T07:00:00.000Z"", ""maxEstimatedDeliveryDate"": ""2026-09-18T07:00:00.000Z""}]",,,PENDING_INDEPENDENT_HUMAN_REVIEW
D2-0357,3baf2f12-759f-427a-b8d0-2511e639310f,886acc91-d523-4628-bb4a-6ef8db1d8543,Mega Gardevoir ex,Mega Evolution,187,mega_hyper_rare,v1|406614117501|0,Mega Gardevoir EX 187/132 Gold Secret Pokemon TCG Card/ Never Played/Near Mint,,Ungraded,4000,[],"[""FIXED_PRICE"", ""BEST_OFFER""]",luckyfindsparadise,https://i.ebayimg.com/images/g/vJYAAeSwN4JpbUU6/s-l225.jpg,https://www.ebay.com/itm/406614117501?_skw=Mega+Gardevoir+ex+187+Mega+Evolution+Pokemon+card&hash=item5eac170c7d:g:vJYAAeSwN4JpbUU6&amdata=enc%3AAQALAAABEACCtXRWQnOEpyOqnQQ8KGasRea2preA9SBFmMQFcHp0mua4e0xXSTzl43At2Wk4mZ8J9ydr%2B9VNQAbupfVZ0sBGQkaZ4Zud27IUtmYF%2FO0Q5QtLSb%2F49gRWC%2FuakChv7a%2BoF3sQAg%2FXZj4DEwuxWDxAGbEr7FILjhic4LGhHu8YW%2FzU0QAH%2Fmj7NtrIV47hEe7Gl2CVuYPNSlO25Kqbh1D1%2BSl6Vkc5GJFd8iDrn8wGM5DnfsNeFOIV7CY%2BppRwkk7%2B%2FD8w%2FGvyUrEV%2FqHF%2BNJN7LCKCq8kXrM%2FZ8zy8zXoifrEvfdNpmC19VGB0zuWFsFgzgVNtNX%2F0zIlQ0YYtOKMH6mpjxE7kFufsdSjuXQp,"{""value"": ""500.00"", ""currency"": ""USD""}","[{""shippingCostType"": ""FIXED"", ""shippingCost"": {""value"": ""10.00"", ""currency"": ""USD""}, ""minEstimatedDeliveryDate"": ""2026-09-15T07:00:00.000Z"", ""maxEstimatedDeliveryDate"": ""2026-09-19T07:00:00.000Z""}]",,,PENDING_INDEPENDENT_HUMAN_REVIEW
D2-0358,3baf2f12-759f-427a-b8d0-2511e639310f,886acc91-d523-4628-bb4a-6ef8db1d8543,Mega Gardevoir ex,Mega Evolution,187,mega_hyper_rare,v1|127822504209|0,2025 POKEMON MEG EN-MEGA EVOLUTION MEGA HYPER RARE #187 MEGA GARDEVOIR EX PSA 9,,Graded,2750,[],"[""FIXED_PRICE""]",poofyo101jumpmansneakers,https://i.ebayimg.com/images/g/E4UAAeSwur5p58R2/s-l225.jpg,https://www.ebay.com/itm/127822504209?_skw=Mega+Gardevoir+ex+187+Mega+Evolution+Pokemon+card&hash=item1dc2d0a111:g:E4UAAeSwur5p58R2,"{""value"": ""399.99"", ""currency"": ""USD""}","[{""shippingCostType"": ""FIXED"", ""shippingCost"": {""value"": ""0.00"", ""currency"": ""USD""}, ""minEstimatedDeliveryDate"": ""2026-09-15T07:00:00.000Z"", ""maxEstimatedDeliveryDate"": ""2026-09-21T07:00:00.000Z""}]",,,PENDING_INDEPENDENT_HUMAN_REVIEW
D2-0359,3baf2f12-759f-427a-b8d0-2511e639310f,886acc91-d523-4628-bb4a-6ef8db1d8543,Mega Gardevoir ex,Mega Evolution,187,mega_hyper_rare,v1|128033562942|0,2025 Pokemon Mega Evolution Gardevoir ex Mega Hyper Rare CGC 10 Gem Mint #187,,Graded,2750,[],"[""FIXED_PRICE"", ""BEST_OFFER""]",enzoscardsandcollectibles,https://i.ebayimg.com/images/g/O5UAAeSwFH9qR9kL/s-l225.jpg,https://www.ebay.com/itm/128033562942?_skw=Mega+Gardevoir+ex+187+Mega+Evolution+Pokemon+card&hash=item1dcf65213e:g:O5UAAeSwFH9qR9kL,"{""value"": ""349.99"", ""currency"": ""USD""}","[{""shippingCostType"": ""FIXED"", ""shippingCost"": {""value"": ""0.00"", ""currency"": ""USD""}, ""minEstimatedDeliveryDate"": ""2026-09-15T07:00:00.000Z"", ""maxEstimatedDeliveryDate"": ""2026-09-21T07:00:00.000Z""}]",,,PENDING_INDEPENDENT_HUMAN_REVIEW
D2-0360,3baf2f12-759f-427a-b8d0-2511e639310f,886acc91-d523-4628-bb4a-6ef8db1d8543,Mega Gardevoir ex,Mega Evolution,187,mega_hyper_rare,v1|137626220793|0,2025 Pokémon Mega Gardevoir ex #187 Mega Hyper Rare – PSA 10 Gem Mint (English),,Graded,2750,[],"[""FIXED_PRICE"", ""BEST_OFFER""]",danztcg,https://i.ebayimg.com/images/g/wm0AAeSwawdqgQ2a/s-l225.jpg,https://www.ebay.com/itm/137626220793?_skw=Mega+Gardevoir+ex+187+Mega+Evolution+Pokemon+card&hash=item200b2978f9:g:wm0AAeSwawdqgQ2a&amdata=enc%3AAQALAAABEACCtXRWQnOEpyOqnQQ8KGZctr0cnimg7D2FOXPIOvcijb0l99Uxum1%2FuwRcgORBnIwhpV7z1UxIohnXW1xwms7BHNle6VzSa4kmQlWNojbnhUJ3n6O7HcuUTJ57tTTRlp7mg0i1GqUxDcuCxbgFgN440sPCniH2vB5KkdPk2sEPy%2FF4U%2FOdcqHHvz%2FNy61BshGfsEYALrPYyOici2UI8tN%2BGdh%2FLHM%2Fh3CldiutfSaSbrGMe8Kt%2Flw6L0Icw0U2Vfgd3igCWpob%2BmAEZWfrKbMWlwE4EEGoCif22JxXARmib%2FyBuP%2FMNit8CVwaDNQufgebaqvrB%2FXm0J1rXAmhyh1MMwhlQW6sLu28VRQAG0U9,"{""value"": ""675.00"", ""currency"": ""USD""}","[{""shippingCostType"": ""CALCULATED""}]",,,PENDING_INDEPENDENT_HUMAN_REVIEW
D2-0361,3c75f577-62ee-4bdf-865c-ab2384f4379b,ecf458ed-ed92-4f04-bf27-1912d59bdbc0,Mega Charizard Y ex,Ascended Heroes,294,mega_hyper_rare,v1|117407685834|0,Mega Charizard Y EX 294/217 Me: Ascended Heroes Full Art Holo Mega Hyper Rare EN,,Ungraded,4000,[],"[""FIXED_PRICE"", ""BEST_OFFER""]",wiso_67,https://i.ebayimg.com/images/g/9JUAAeSwCvBqpERA/s-l225.jpg,https://www.ebay.com/itm/117407685834?_skw=Mega+Charizard+Y+ex+294+Ascended+Heroes+Pokemon+card&hash=item1b560b1cca:g:9JUAAeSwCvBqpERA,"{""value"": ""375.00"", ""currency"": ""USD""}","[{""shippingCostType"": ""FIXED"", ""shippingCost"": {""value"": ""0.00"", ""currency"": ""USD""}, ""minEstimatedDeliveryDate"": ""2026-09-16T07:00:00.000Z"", ""maxEstimatedDeliveryDate"": ""2026-09-22T07:00:00.000Z""}]",,,PENDING_INDEPENDENT_HUMAN_REVIEW
D2-0362,3c75f577-62ee-4bdf-865c-ab2384f4379b,ecf458ed-ed92-4f04-bf27-1912d59bdbc0,Mega Charizard Y ex,Ascended Heroes,294,mega_hyper_rare,v1|127883009561|0,Mega Charizard Y ex 294/217 Me: Ascended Heroes Holo NM/M,,Ungraded,4000,[],"[""FIXED_PRICE"", ""BEST_OFFER""]",laketown_trading,https://i.ebayimg.com/images/g/ph4AAeSwn75qE0AH/s-l225.jpg,https://www.ebay.com/itm/127883009561?_skw=Mega+Charizard+Y+ex+294+Ascended+Heroes+Pokemon+card&hash=item1dc66bde19:g:ph4AAeSwn75qE0AH,"{""value"": ""499.97"", ""currency"": ""USD""}","[{""shippingCostType"": ""CALCULATED""}]",,,PENDING_INDEPENDENT_HUMAN_REVIEW
D2-0363,3c75f577-62ee-4bdf-865c-ab2384f4379b,ecf458ed-ed92-4f04-bf27-1912d59bdbc0,Mega Charizard Y ex,Ascended Heroes,294,mega_hyper_rare,v1|127982290071|0,Mega Charizard Y EX 294/217 Gold Hyper Rare Ascended Heroes Pokemon TCG - NM,,Ungraded,4000,[],"[""FIXED_PRICE"", ""BEST_OFFER""]",taskprocrastinator,https://i.ebayimg.com/images/g/V8kAAeSw3yhqXBLd/s-l225.jpg,https://www.ebay.com/itm/127982290071?_skw=Mega+Charizard+Y+ex+294+Ascended+Heroes+Pokemon+card&hash=item1dcc56c497:g:V8kAAeSw3yhqXBLd,"{""value"": ""580.00"", ""currency"": ""USD""}","[{""shippingCostType"": ""CALCULATED""}]",,,PENDING_INDEPENDENT_HUMAN_REVIEW
D2-0364,3c75f577-62ee-4bdf-865c-ab2384f4379b,ecf458ed-ed92-4f04-bf27-1912d59bdbc0,Mega Charizard Y ex,Ascended Heroes,294,mega_hyper_rare,v1|257686702491|0,MEGA CHARIZARD Y EX ASCENDED HEROS 294/217 GOLD MINT CONDITION POKEMON CARD,,Ungraded,4000,[],"[""FIXED_PRICE"", ""BEST_OFFER""]",franknbeans28,https://i.ebayimg.com/images/g/Z58AAeSwhKZqdyjZ/s-l225.jpg,https://www.ebay.com/itm/257686702491?_skw=Mega+Charizard+Y+ex+294+Ascended+Heroes+Pokemon+card&hash=item3bff53099b:g:Z58AAeSwhKZqdyjZ,"{""value"": ""425.00"", ""currency"": ""USD""}","[{""shippingCostType"": ""CALCULATED""}]",,,PENDING_INDEPENDENT_HUMAN_REVIEW
D2-0365,3c75f577-62ee-4bdf-865c-ab2384f4379b,ecf458ed-ed92-4f04-bf27-1912d59bdbc0,Mega Charizard Y ex,Ascended Heroes,294,mega_hyper_rare,v1|327228409445|0,Pokemon Mega Charizard Y Ex 294/217 ASC Ascended Heros Mega Hyper Rare Gold Card,,Bewertet,2750,[],"[""FIXED_PRICE"", ""BEST_OFFER""]",mrgrey91,https://i.ebayimg.com/images/g/o~4AAeSw1cZqOmk5/s-l225.jpg,https://www.ebay.com/itm/327228409445?_skw=Mega+Charizard+Y+ex+294+Ascended+Heroes+Pokemon+card&hash=item4c30554665:g:o~4AAeSw1cZqOmk5,"{""value"": ""695.56"", ""currency"": ""USD"", ""convertedFromValue"": ""599.00"", ""convertedFromCurrency"": ""EUR""}","[{""shippingCostType"": ""FIXED"", ""shippingCost"": {""value"": ""23.22"", ""currency"": ""USD"", ""convertedFromValue"": ""20.00"", ""convertedFromCurrency"": ""EUR""}, ""minEstimatedDeliveryDate"": ""2026-09-24T07:00:00.000Z"", ""maxEstimatedDeliveryDate"": ""2026-10-07T07:00:00.000Z""}]",,,PENDING_INDEPENDENT_HUMAN_REVIEW
D2-0366,3c75f577-62ee-4bdf-865c-ab2384f4379b,ecf458ed-ed92-4f04-bf27-1912d59bdbc0,Mega Charizard Y ex,Ascended Heroes,294,mega_hyper_rare,v1|800602429144|0,2026 Pokemon Ascending Heroes Mega Charizard Y ex 294/217 Gold Holo,,Ungraded,4000,[],"[""FIXED_PRICE"", ""BEST_OFFER""]",yvng_gohan,https://i.ebayimg.com/images/g/Z4IAAeSwwTlqmFQ3/s-l225.jpg,https://www.ebay.com/itm/800602429144?_skw=Mega+Charizard+Y+ex+294+Ascended+Heroes+Pokemon+card&hash=itemba679f96d8:g:Z4IAAeSwwTlqmFQ3,"{""value"": ""950.00"", ""currency"": ""USD""}","[{""shippingCostType"": ""FIXED"", ""shippingCost"": {""value"": ""0.00"", ""currency"": ""USD""}, ""minEstimatedDeliveryDate"": ""2026-09-16T07:00:00.000Z"", ""maxEstimatedDeliveryDate"": ""2026-09-22T07:00:00.000Z""}]",,,PENDING_INDEPENDENT_HUMAN_REVIEW
D2-0367,3c75f577-62ee-4bdf-865c-ab2384f4379b,ecf458ed-ed92-4f04-bf27-1912d59bdbc0,Mega Charizard Y ex,Ascended Heroes,294,mega_hyper_rare,v1|178370668021|0,Mega Charizard Y EX 294217 Gold Mega Hyper Rare Ascended Heroes Mega G2U,,Ungraded,4000,[],"[""FIXED_PRICE""]",shipcycle,https://i.ebayimg.com/images/g/Lr8AAeSw1KlqcM4P/s-l225.jpg,https://www.ebay.com/itm/178370668021?_skw=Mega+Charizard+Y+ex+294+Ascended+Heroes+Pokemon+card&hash=item2987b865f5:g:Lr8AAeSw1KlqcM4P&amdata=enc%3AAQALAAABEACCtXRWQnOEpyOqnQQ8KGYopIBT60bERx5OaXuuWaq7LAKAbde%2B4jSo86D7Kip6G%2FAuInfthrcZHpsgDYneQsMmrR6fiSAg%2FZ9APfkRfddkkFujaC1C4RC0xOsulyVQiiYfRlcRtvJ3b7jo92nK6C8ckJ%2BrJOqhq31%2FxZpI0qT4zzvL557hyYUIUbcP5KxueZl3jNvoZD5z%2FT8IDGtbAjoSbWypSiJRJ%2Fa%2BL21k1orwSntR9EyRb%2F4DY1sEKnrmEj63s7%2BNo8MEd5zD92WeN13KsSv7bsS%2FnX1%2BCGzqLaf2TEsdiN5Y3iqGv%2FbeqMmOwPB8XU1aWHYcCuNa61Wc4BvsliwOOO5NPvTLxxy5D38s,"{""value"": ""446.35"", ""currency"": ""USD""}","[{""shippingCostType"": ""FIXED"", ""shippingCost"": {""value"": ""0.00"", ""currency"": ""USD""}, ""minEstimatedDeliveryDate"": ""2026-09-16T07:00:00.000Z"", ""maxEstimatedDeliveryDate"": ""2026-09-22T07:00:00.000Z""}]",,,PENDING_INDEPENDENT_HUMAN_REVIEW
D2-0368,3c75f577-62ee-4bdf-865c-ab2384f4379b,ecf458ed-ed92-4f04-bf27-1912d59bdbc0,Mega Charizard Y ex,Ascended Heroes,294,mega_hyper_rare,v1|398269092531|0,Mega Charizard x EX294 Ascended Heroes,,Ungraded,4000,[],"[""FIXED_PRICE"", ""BEST_OFFER""]",josnoo83,https://i.ebayimg.com/images/g/vSsAAeSwBXxqeWuy/s-l225.jpg,https://www.ebay.com/itm/398269092531?_skw=Mega+Charizard+Y+ex+294+Ascended+Heroes+Pokemon+card&hash=item5cbab012b3:g:vSsAAeSwBXxqeWuy,"{""value"": ""400.00"", ""currency"": ""USD""}","[{""shippingCostType"": ""CALCULATED""}]",,,PENDING_INDEPENDENT_HUMAN_REVIEW
D2-0369,3c75f577-62ee-4bdf-865c-ab2384f4379b,ecf458ed-ed92-4f04-bf27-1912d59bdbc0,Mega Charizard Y ex,Ascended Heroes,294,mega_hyper_rare,v1|800648128613|0,Mega Charizard Y EX ascended hero’s hyper rare,,Ungraded,4000,[],"[""FIXED_PRICE"", ""BEST_OFFER""]",blbra35,https://i.ebayimg.com/images/g/OW0AAeSw5hJqpLHX/s-l225.jpg,https://www.ebay.com/itm/800648128613?_skw=Mega+Charizard+Y+ex+294+Ascended+Heroes+Pokemon+card&hash=itemba6a58e865:g:OW0AAeSw5hJqpLHX,"{""value"": ""422.50"", ""currency"": ""USD""}","[{""shippingCostType"": ""CALCULATED""}]",,,PENDING_INDEPENDENT_HUMAN_REVIEW
D2-0370,3c75f577-62ee-4bdf-865c-ab2384f4379b,ecf458ed-ed92-4f04-bf27-1912d59bdbc0,Mega Charizard Y ex,Ascended Heroes,294,mega_hyper_rare,v1|128072584854|0,2026 Pokemon Ascended Heroes Mega Charizard Y ex Hyper Rare #294/217 BGS 9 Mint,,Graded,2750,[],"[""FIXED_PRICE"", ""BEST_OFFER""]",allyouneedisthriftocalafl,https://i.ebayimg.com/images/g/8c4AAeSw7~tqouYK/s-l225.jpg,https://www.ebay.com/itm/128072584854?_skw=Mega+Charizard+Y+ex+294+Ascended+Heroes+Pokemon+card&hash=item1dd1b88e96:g:8c4AAeSw7~tqouYK,"{""value"": ""600.00"", ""currency"": ""USD""}","[{""shippingCostType"": ""CALCULATED""}]",,,PENDING_INDEPENDENT_HUMAN_REVIEW
D2-0371,3c75f577-62ee-4bdf-865c-ab2384f4379b,ecf458ed-ed92-4f04-bf27-1912d59bdbc0,Mega Charizard Y ex,Ascended Heroes,294,mega_hyper_rare,v1|257494551783|0,Pokemon Mega Charizard Y ex 294/217 Gold HyperRare Ascended Heroes - Portuguese,,Ungraded,4000,[],"[""FIXED_PRICE""]",percival22forever,https://i.ebayimg.com/images/g/8gMAAeSw3Wpp-3x8/s-l225.jpg,https://www.ebay.com/itm/257494551783?_skw=Mega+Charizard+Y+ex+294+Ascended+Heroes+Pokemon+card&hash=item3bf3df0ce7:g:8gMAAeSw3Wpp-3x8,"{""value"": ""580.00"", ""currency"": ""USD""}","[{""shippingCostType"": ""FIXED"", ""shippingCost"": {""value"": ""35.00"", ""currency"": ""USD""}}]",,,PENDING_INDEPENDENT_HUMAN_REVIEW
D2-0372,3c75f577-62ee-4bdf-865c-ab2384f4379b,ecf458ed-ed92-4f04-bf27-1912d59bdbc0,Mega Charizard Y ex,Ascended Heroes,294,mega_hyper_rare,v1|147565498549|0,TAG 9 Mega Charizard Y EX 294/217 Me: Ascended Heroes Holo Mega HR + Gold Case,,Graded,2750,[],"[""FIXED_PRICE""]",pokeartisan,https://i.ebayimg.com/images/g/tMoAAeSwMgZqo39i/s-l225.jpg,https://www.ebay.com/itm/147565498549?_skw=Mega+Charizard+Y+ex+294+Ascended+Heroes+Pokemon+card&hash=item225b96d0b5:g:tMoAAeSwMgZqo39i&amdata=enc%3AAQALAAABEACCtXRWQnOEpyOqnQQ8KGbutAezXytFxJaaj6OP7%2Bpzxcbn3Iu678h12inEOSVfBWT%2FfzHXQL6ZEq9KADpJShRoYMVqzyeKAbO0PGrY%2FzTHbgC2UaYpbTbcTkmoSCQTxJYvJzxZu5CszEN1CQC1M3fVUWBBMDdRG5DYGFVxbOemBo9kRMeS0TiB%2FV2eBzOQP60ta5nPAfZyThGnOPoQfwp1tnKZB50x9oM6dc8EB7Q5BKtww%2BK7mdFVbh8qIDNnoHBmQOoWkP2bGtl25DDXDx49DG8tGdnidDpT5pGxIwJkJcERzjeaIrS9ovBh8WWgqZL7lPAr8BrO22XxEpSD2LLH1YDOj5Qv19cTlKuxnGiV,"{""value"": ""540.00"", ""currency"": ""USD""}","[{""shippingCostType"": ""FIXED"", ""shippingCost"": {""value"": ""0.00"", ""currency"": ""USD""}, ""minEstimatedDeliveryDate"": ""2026-09-15T07:00:00.000Z"", ""maxEstimatedDeliveryDate"": ""2026-09-18T07:00:00.000Z""}]",,,PENDING_INDEPENDENT_HUMAN_REVIEW
D2-0373,3c75f577-62ee-4bdf-865c-ab2384f4379b,ecf458ed-ed92-4f04-bf27-1912d59bdbc0,Mega Charizard Y ex,Ascended Heroes,294,mega_hyper_rare,v1|128072193343|0,Mega Charizard Y EX 294/217 Ascended Heroes Gold Hyper Rare Pokemon TCG Mint,,Ungraded,4000,[],"[""FIXED_PRICE""]",rdellafave78,https://i.ebayimg.com/images/g/MH4AAeSwnc9qo5Gh/s-l225.jpg,https://www.ebay.com/itm/128072193343?_skw=Mega+Charizard+Y+ex+294+Ascended+Heroes+Pokemon+card&hash=item1dd1b2953f:g:MH4AAeSwnc9qo5Gh,"{""value"": ""380.00"", ""currency"": ""USD""}","[{""shippingCostType"": ""FIXED"", ""shippingCost"": {""value"": ""7.99"", ""currency"": ""USD""}, ""minEstimatedDeliveryDate"": ""2026-09-15T07:00:00.000Z"", ""maxEstimatedDeliveryDate"": ""2026-09-21T07:00:00.000Z""}]",,,PENDING_INDEPENDENT_HUMAN_REVIEW
D2-0374,3c75f577-62ee-4bdf-865c-ab2384f4379b,ecf458ed-ed92-4f04-bf27-1912d59bdbc0,Mega Charizard Y ex,Ascended Heroes,294,mega_hyper_rare,v1|137653996066|0,Mega Charizard Y EX 294/217 Gold Hyper Rare -Ascended Heroes -Pokemon TCG NM,,Ungraded,4000,[],"[""FIXED_PRICE"", ""BEST_OFFER""]",chris_yan88tcg,https://i.ebayimg.com/images/g/GBwAAeSwZl5qVCsI/s-l225.jpg,https://www.ebay.com/itm/137653996066?_skw=Mega+Charizard+Y+ex+294+Ascended+Heroes+Pokemon+card&hash=item200cd14a22:g:GBwAAeSwZl5qVCsI,"{""value"": ""425.00"", ""currency"": ""USD""}","[{""shippingCostType"": ""CALCULATED""}]",,,PENDING_INDEPENDENT_HUMAN_REVIEW
D2-0375,3c75f577-62ee-4bdf-865c-ab2384f4379b,ecf458ed-ed92-4f04-bf27-1912d59bdbc0,Mega Charizard Y ex,Ascended Heroes,294,mega_hyper_rare,v1|137715103138|0,2026 POKEMON EN-ASCENDED HEROES 294 MEGA CHARIZARD Y EX MEGA HYPER RARE - PSA 10,,Graded,2750,[],"[""FIXED_PRICE"", ""BEST_OFFER""]",poketimid,https://i.ebayimg.com/images/g/-N0AAeSwThtqoIC1/s-l225.jpg,https://www.ebay.com/itm/137715103138?_skw=Mega+Charizard+Y+ex+294+Ascended+Heroes+Pokemon+card&hash=item201075b5a2:g:-N0AAeSwThtqoIC1,"{""value"": ""2199.99"", ""currency"": ""USD""}","[{""shippingCostType"": ""FIXED"", ""shippingCost"": {""value"": ""0.00"", ""currency"": ""USD""}, ""minEstimatedDeliveryDate"": ""2026-09-15T07:00:00.000Z"", ""maxEstimatedDeliveryDate"": ""2026-09-21T07:00:00.000Z""}]",,,PENDING_INDEPENDENT_HUMAN_REVIEW
D2-0376,4206e794-1ec6-4d55-94d4-63267ac9a183,9d5ddc90-8f9d-4759-b73d-fff0cd877d73,Mega Dragonite ex,Ascended Heroes,290,special_illustration_rare,v1|117356405326|0,Mega Dragonite ex 370 HP Full Art Holo Secret Rare Ascended Heroes 290/217,,Ungraded,4000,[],"[""FIXED_PRICE""]",restocked-vintage-collectibles-sneakers,https://i.ebayimg.com/images/g/lG0AAeSwiodqfSSW/s-l225.jpg,https://www.ebay.com/itm/117356405326?_skw=Mega+Dragonite+ex+290+Ascended+Heroes+Pokemon+card&hash=item1b52fca24e:g:lG0AAeSwiodqfSSW,"{""value"": ""725.00"", ""currency"": ""USD""}","[{""shippingCostType"": ""FIXED"", ""shippingCost"": {""value"": ""0.00"", ""currency"": ""USD""}, ""minEstimatedDeliveryDate"": ""2026-09-15T07:00:00.000Z"", ""maxEstimatedDeliveryDate"": ""2026-09-18T07:00:00.000Z""}]",,,PENDING_INDEPENDENT_HUMAN_REVIEW
D2-0377,4206e794-1ec6-4d55-94d4-63267ac9a183,9d5ddc90-8f9d-4759-b73d-fff0cd877d73,Mega Dragonite ex,Ascended Heroes,290,special_illustration_rare,v1|117390591890|0,2026 Pokemon 290/217 Mega Dragonite ex Ascended Heroes,,Ungraded,4000,[],"[""FIXED_PRICE"", ""BEST_OFFER""]",tntcards.mi,https://i.ebayimg.com/images/g/s8cAAeSw72hqlxjV/s-l225.jpg,https://www.ebay.com/itm/117390591890?_skw=Mega+Dragonite+ex+290+Ascended+Heroes+Pokemon+card&hash=item1b55064792:g:s8cAAeSw72hqlxjV,"{""value"": ""700.00"", ""currency"": ""USD""}","[{""shippingCostType"": ""FIXED"", ""shippingCost"": {""value"": ""5.99"", ""currency"": ""USD""}, ""minEstimatedDeliveryDate"": ""2026-09-15T07:00:00.000Z"", ""maxEstimatedDeliveryDate"": ""2026-09-21T07:00:00.000Z""}]",,,PENDING_INDEPENDENT_HUMAN_REVIEW
D2-0378,4206e794-1ec6-4d55-94d4-63267ac9a183,9d5ddc90-8f9d-4759-b73d-fff0cd877d73,Mega Dragonite ex,Ascended Heroes,290,special_illustration_rare,v1|117404883606|0,Mega Dragonite ex 290/217 Me: Ascended Heroes Holo,,Ungraded,4000,[],"[""FIXED_PRICE"", ""BEST_OFFER""]",vin_cec,https://i.ebayimg.com/images/g/FL4AAeSwbHBqodh5/s-l225.jpg,https://www.ebay.com/itm/117404883606?_skw=Mega+Dragonite+ex+290+Ascended+Heroes+Pokemon+card&hash=item1b55e05a96:g:FL4AAeSwbHBqodh5,"{""value"": ""699.00"", ""currency"": ""USD""}","[{""shippingCostType"": ""FIXED"", ""shippingCost"": {""value"": ""0.00"", ""currency"": ""USD""}, ""minEstimatedDeliveryDate"": ""2026-09-15T07:00:00.000Z"", ""maxEstimatedDeliveryDate"": ""2026-09-19T07:00:00.000Z""}]",,,PENDING_INDEPENDENT_HUMAN_REVIEW
D2-0379,4206e794-1ec6-4d55-94d4-63267ac9a183,9d5ddc90-8f9d-4759-b73d-fff0cd877d73,Mega Dragonite ex,Ascended Heroes,290,special_illustration_rare,v1|128067446800|0,Mega Dragonite EX 290/217 Evolutions Secret Rare Full Art Holo Pokemon ,,Ungraded,4000,[],"[""FIXED_PRICE"", ""BEST_OFFER""]",mr.rios97,https://i.ebayimg.com/images/g/XqwAAeSw90tqnvXK/s-l225.jpg,https://www.ebay.com/itm/128067446800?_skw=Mega+Dragonite+ex+290+Ascended+Heroes+Pokemon+card&hash=item1dd16a2810:g:XqwAAeSw90tqnvXK,"{""value"": ""635.00"", ""currency"": ""USD""}","[{""shippingCostType"": ""CALCULATED""}]",,,PENDING_INDEPENDENT_HUMAN_REVIEW
D2-0380,4206e794-1ec6-4d55-94d4-63267ac9a183,9d5ddc90-8f9d-4759-b73d-fff0cd877d73,Mega Dragonite ex,Ascended Heroes,290,special_illustration_rare,v1|227459751649|0,2026 Pokemon Mega Dragonite ex Special Illustration Rare #290/217 NM,,Ungraded,4000,[],"[""FIXED_PRICE"", ""BEST_OFFER""]",rogerscomics,https://i.ebayimg.com/images/g/bo8AAeSwDF1qcA~0/s-l225.jpg,https://www.ebay.com/itm/227459751649?_skw=Mega+Dragonite+ex+290+Ascended+Heroes+Pokemon+card&hash=item34f5a85ee1:g:bo8AAeSwDF1qcA~0,"{""value"": ""700.00"", ""currency"": ""USD""}","[{""shippingCostType"": ""FIXED"", ""shippingCost"": {""value"": ""0.00"", ""currency"": ""USD""}, ""minEstimatedDeliveryDate"": ""2026-09-15T07:00:00.000Z"", ""maxEstimatedDeliveryDate"": ""2026-09-21T07:00:00.000Z""}]",,,PENDING_INDEPENDENT_HUMAN_REVIEW
D2-0381,4206e794-1ec6-4d55-94d4-63267ac9a183,9d5ddc90-8f9d-4759-b73d-fff0cd877d73,Mega Dragonite ex,Ascended Heroes,290,special_illustration_rare,v1|318841464379|0,Mega Dragonite Ex 290/217 Sir Ascended Hero’s Pokemon Card,,Ungraded,4000,[],"[""AUCTION""]",dtls2026,https://i.ebayimg.com/images/g/kTwAAeSwcvRqn3XJ/s-l225.jpg,https://www.ebay.com/itm/318841464379?_skw=Mega+Dragonite+ex+290+Ascended+Heroes+Pokemon+card&hash=item4a3c6ea63b:g:kTwAAeSwcvRqn3XJ,{},"[{""shippingCostType"": ""CALCULATED""}]",,,PENDING_INDEPENDENT_HUMAN_REVIEW
D2-0382,4206e794-1ec6-4d55-94d4-63267ac9a183,9d5ddc90-8f9d-4759-b73d-fff0cd877d73,Mega Dragonite ex,Ascended Heroes,290,special_illustration_rare,v1|298658951918|0,2026 Pokemon Ascended Heroes Mega Dragonite Ex SIR,,Graded,2750,[],"[""FIXED_PRICE"", ""BEST_OFFER""]",tirya_8,https://i.ebayimg.com/images/g/V3gAAeSwTy1qoVCq/s-l225.jpg,https://www.ebay.com/itm/298658951918?_skw=Mega+Dragonite+ex+290+Ascended+Heroes+Pokemon+card&hash=item458975f2ee:g:V3gAAeSwTy1qoVCq&amdata=enc%3AAQALAAABEACCtXRWQnOEpyOqnQQ8KGbOW7Y85suVoeCKP%2FxNP3AEw8VDqaXx4uhm04p6q3PxSPbqcDj8ZaGtIlqDvWoH0JaYunzjWepSPSOeLNFf0qdzPbyaZxlpziKGH52mR5AQqEzcl9MSX8Pi52gV6bwf5NEe85H71ItbWOm5D8x%2B8Mo3wo97HxB5yFb%2BSbYXexrhbdyumY%2BnG5O6FEEjDcPmaN5suk8w4gWhkQu1KChmF6ShOlWHF8Qb5R%2Bo%2FGZJvBvDwzg%2BQyp6YEXQgg0iOGnhB6GFPUSQ1OHeD95k3DGFlrSS%2Fygcnzf%2FN6nFgy7mkyx%2F7LegO8IaEHrX9QvhCxta0UJ7xNeJOrmLJ9jMfP3u0RjD,"{""value"": ""1250.00"", ""currency"": ""USD""}","[{""shippingCostType"": ""CALCULATED""}]",,,PENDING_INDEPENDENT_HUMAN_REVIEW
D2-0383,4206e794-1ec6-4d55-94d4-63267ac9a183,9d5ddc90-8f9d-4759-b73d-fff0cd877d73,Mega Dragonite ex,Ascended Heroes,290,special_illustration_rare,v1|137702610165|0,Mega Dragonite SIR 290/217 Near Mint Condition,,Ungraded,4000,[],"[""FIXED_PRICE"", ""BEST_OFFER""]",sc00ptcg,https://i.ebayimg.com/images/g/jCYAAeSwU0FqnCwS/s-l225.jpg,https://www.ebay.com/itm/137702610165?_skw=Mega+Dragonite+ex+290+Ascended+Heroes+Pokemon+card&hash=item200fb714f5:g:jCYAAeSwU0FqnCwS,"{""value"": ""640.00"", ""currency"": ""USD""}","[{""shippingCostType"": ""CALCULATED""}]",,,PENDING_INDEPENDENT_HUMAN_REVIEW
D2-0384,4206e794-1ec6-4d55-94d4-63267ac9a183,9d5ddc90-8f9d-4759-b73d-fff0cd877d73,Mega Dragonite ex,Ascended Heroes,290,special_illustration_rare,v1|227515713076|0,Mega Dragonite SIR 290/217 ASCENED HEROES,,Ungraded,4000,[],"[""FIXED_PRICE"", ""BEST_OFFER""]",freezydatrainer,https://i.ebayimg.com/images/g/LyEAAeSwECpqouak/s-l225.jpg,https://www.ebay.com/itm/227515713076?_skw=Mega+Dragonite+ex+290+Ascended+Heroes+Pokemon+card&hash=item34f8fe4634:g:LyEAAeSwECpqouak&amdata=enc%3AAQALAAABEACCtXRWQnOEpyOqnQQ8KGasRbaaDss3sagiGp1GPlEGzv%2FDndeUw%2B7WYLG6qjti3dP%2BztLSwhTZI5zreEQdkejuQHAtSpYGvwzQY%2B5TtBiCT0QsllS5Df7iZHxAVwe4yzLKHgt4donnmI%2B0j6MXz3tVuEGUsWtTn1yv4056O3pLOPoFf5AnUEPIu%2FvvshiDiuXFrAXzNxK2U7VZMvM6tewdjhaZA%2B2X6TsjWmdC55BrV33HaucmlZoTJgVRaezRc0k54LpNmuiTW16FXY9%2FGelaOvfEvucdGjUac%2BZljkDfL5yB6l1WUXmGToPb0hfpJHZzyU%2FRowagGonVgvk2r%2ByB1Zg3K4y%2Flh%2F%2BVt6rHqBb,"{""value"": ""725.00"", ""currency"": ""USD""}","[{""shippingCostType"": ""CALCULATED""}]",,,PENDING_INDEPENDENT_HUMAN_REVIEW
D2-0385,4206e794-1ec6-4d55-94d4-63267ac9a183,9d5ddc90-8f9d-4759-b73d-fff0cd877d73,Mega Dragonite ex,Ascended Heroes,290,special_illustration_rare,v1|117392015009|0,Mega Dragonite ex 290/217 SIR - PSA 10 - Ascended Heroes - Pokemon TCG,,Graded,2750,[],"[""AUCTION"", ""BEST_OFFER""]",qtimeenterprizes,https://i.ebayimg.com/images/g/EusAAeSwwTlqmDvL/s-l225.jpg,https://www.ebay.com/itm/117392015009?_skw=Mega+Dragonite+ex+290+Ascended+Heroes+Pokemon+card&hash=item1b551bfea1:g:EusAAeSwwTlqmDvL,{},"[{""shippingCostType"": ""FIXED"", ""shippingCost"": {""value"": ""0.00"", ""currency"": ""USD""}, ""minEstimatedDeliveryDate"": ""2026-09-16T07:00:00.000Z"", ""maxEstimatedDeliveryDate"": ""2026-09-19T07:00:00.000Z""}]",,,PENDING_INDEPENDENT_HUMAN_REVIEW
D2-0386,4206e794-1ec6-4d55-94d4-63267ac9a183,9d5ddc90-8f9d-4759-b73d-fff0cd877d73,Mega Dragonite ex,Ascended Heroes,290,special_illustration_rare,v1|398363872415|0,*SPANISH* Mega Dragonite ex 290/217 SIR Ascended Heroes Pokemon NM,,Ungraded,4000,[],"[""FIXED_PRICE"", ""BEST_OFFER""]",mi8997,https://i.ebayimg.com/images/g/bY0AAeSwJHdqfg0Q/s-l225.jpg,https://www.ebay.com/itm/398363872415?_skw=Mega+Dragonite+ex+290+Ascended+Heroes+Pokemon+card&hash=item5cc0564c9f:g:bY0AAeSwJHdqfg0Q,"{""value"": ""450.00"", ""currency"": ""USD""}","[{""shippingCostType"": ""FIXED"", ""shippingCost"": {""value"": ""0.00"", ""currency"": ""USD""}, ""minEstimatedDeliveryDate"": ""2026-09-15T07:00:00.000Z"", ""maxEstimatedDeliveryDate"": ""2026-09-21T07:00:00.000Z""}]",,,PENDING_INDEPENDENT_HUMAN_REVIEW
D2-0387,4206e794-1ec6-4d55-94d4-63267ac9a183,9d5ddc90-8f9d-4759-b73d-fff0cd877d73,Mega Dragonite ex,Ascended Heroes,290,special_illustration_rare,v1|227192745469|0,Pokemon Mega Dragonite EX 290/217 SIR Ascended Heroes Extended Artwork Case,,Ungraded,4000,[],"[""FIXED_PRICE""]",dragarious,https://i.ebayimg.com/images/g/iogAAeSwnR9pejxm/s-l225.jpg,https://www.ebay.com/itm/227192745469?_skw=Mega+Dragonite+ex+290+Ascended+Heroes+Pokemon+card&hash=item34e5be2dfd:g:iogAAeSwnR9pejxm,"{""value"": ""12.00"", ""currency"": ""USD""}","[{""shippingCostType"": ""CALCULATED""}]",,,PENDING_INDEPENDENT_HUMAN_REVIEW
D2-0388,4206e794-1ec6-4d55-94d4-63267ac9a183,9d5ddc90-8f9d-4759-b73d-fff0cd877d73,Mega Dragonite ex,Ascended Heroes,290,special_illustration_rare,v1|128074808843|0,Mega Dragonite ex SIR Ascended Heroes 290/217 English Pokémon TCG NM,,Ungraded,4000,[],"[""FIXED_PRICE"", ""BEST_OFFER""]",tpizzle70,https://i.ebayimg.com/images/g/FJQAAeSwZBRqpJ3d/s-l225.jpg,https://www.ebay.com/itm/128074808843?_skw=Mega+Dragonite+ex+290+Ascended+Heroes+Pokemon+card&hash=item1dd1da7e0b:g:FJQAAeSwZBRqpJ3d,"{""value"": ""650.00"", ""currency"": ""USD""}","[{""shippingCostType"": ""FIXED"", ""shippingCost"": {""value"": ""0.00"", ""currency"": ""USD""}, ""minEstimatedDeliveryDate"": ""2026-09-16T07:00:00.000Z"", ""maxEstimatedDeliveryDate"": ""2026-09-22T07:00:00.000Z""}]",,,PENDING_INDEPENDENT_HUMAN_REVIEW
D2-0389,4206e794-1ec6-4d55-94d4-63267ac9a183,9d5ddc90-8f9d-4759-b73d-fff0cd877d73,Mega Dragonite ex,Ascended Heroes,290,special_illustration_rare,v1|137641777315|0,Mega Dragonite ex 290/217 Set: Ascended Heroes SIR Near Mint,,Ungraded,4000,[],"[""FIXED_PRICE""]",joltneru,https://i.ebayimg.com/images/g/OHkAAeSwVzdqhnRN/s-l225.jpg,https://www.ebay.com/itm/137641777315?_skw=Mega+Dragonite+ex+290+Ascended+Heroes+Pokemon+card&hash=item200c16d8a3:g:OHkAAeSwVzdqhnRN,"{""value"": ""650.00"", ""currency"": ""USD""}",[],,,PENDING_INDEPENDENT_HUMAN_REVIEW
D2-0390,4206e794-1ec6-4d55-94d4-63267ac9a183,9d5ddc90-8f9d-4759-b73d-fff0cd877d73,Mega Dragonite ex,Ascended Heroes,290,special_illustration_rare,v1|137662679941|0,POKEMON TCG MEGA DRAGONITE EX 290/217 ASCENDED HEROES SIR HOLO ENG,,Ungraded,4000,[],"[""FIXED_PRICE""]",mufa808,https://i.ebayimg.com/images/g/QsMAAeSwWaNqjp4U/s-l225.jpg,https://www.ebay.com/itm/137662679941?_skw=Mega+Dragonite+ex+290+Ascended+Heroes+Pokemon+card&hash=item200d55cb85:g:QsMAAeSwWaNqjp4U,"{""value"": ""699.99"", ""currency"": ""USD""}","[{""shippingCostType"": ""CALCULATED""}]",,,PENDING_INDEPENDENT_HUMAN_REVIEW
D2-0391,4299cd6b-98e3-4e65-865f-26a39b19fe5b,041717c6-a2b6-40d1-867a-b1abb1d65ec8,Durant ex,Surging Sparks,236,special_illustration_rare,v1|117190995917|0,Pokemon - Durant ex 236/191 Special Illustration Rare Ungraded Surging Sparks,,Ungraded,4000,[],"[""FIXED_PRICE""]",chakochan5,https://i.ebayimg.com/images/g/QQUAAeSw7pFqAtLE/s-l225.jpg,https://www.ebay.com/itm/117190995917?_skw=Durant+ex+236+Surging+Sparks+Pokemon+card&hash=item1b4920afcd:g:QQUAAeSw7pFqAtLE,"{""value"": ""29.99"", ""currency"": ""USD""}","[{""shippingCostType"": ""CALCULATED""}]",,,PENDING_INDEPENDENT_HUMAN_REVIEW
D2-0392,4299cd6b-98e3-4e65-865f-26a39b19fe5b,041717c6-a2b6-40d1-867a-b1abb1d65ec8,Durant ex,Surging Sparks,236,special_illustration_rare,v1|137590647311|0,Durant ex Special Illustration Rare SSP SV08: Surging Sparks 236/191,,Ungraded,4000,[],"[""FIXED_PRICE"", ""BEST_OFFER""]",collectorsfromdade,https://i.ebayimg.com/images/g/sEkAAeSwH5FqEi-a/s-l225.jpg,https://www.ebay.com/itm/137590647311?_skw=Durant+ex+236+Surging+Sparks+Pokemon+card&hash=item20090aaa0f:g:sEkAAeSwH5FqEi-a,"{""value"": ""34.99"", ""currency"": ""USD""}","[{""shippingCostType"": ""CALCULATED""}]",,,PENDING_INDEPENDENT_HUMAN_REVIEW
D2-0393,4299cd6b-98e3-4e65-865f-26a39b19fe5b,041717c6-a2b6-40d1-867a-b1abb1d65ec8,Durant ex,Surging Sparks,236,special_illustration_rare,v1|147485522094|0,Durant ex 236/191 Special Illustration Rare SV08 Surging Sparks Holo Pokemon TCG,,Ungraded,4000,[],"[""FIXED_PRICE"", ""BEST_OFFER""]",indigoplateaupa,https://i.ebayimg.com/images/g/Vs4AAeSwrsFqc5v3/s-l225.jpg,https://www.ebay.com/itm/147485522094?_skw=Durant+ex+236+Surging+Sparks+Pokemon+card&hash=item2256d278ae:g:Vs4AAeSwrsFqc5v3,"{""value"": ""39.99"", ""currency"": ""USD""}","[{""shippingCostType"": ""CALCULATED""}]",,,PENDING_INDEPENDENT_HUMAN_REVIEW
D2-0394,4299cd6b-98e3-4e65-865f-26a39b19fe5b,041717c6-a2b6-40d1-867a-b1abb1d65ec8,Durant ex,Surging Sparks,236,special_illustration_rare,v1|137723669523|0,Pokemon TCG Durant ex 236/191 SV08 Ultra Rare Holo Full Art EN,,Ungraded,4000,[],"[""FIXED_PRICE"", ""BEST_OFFER""]",412cardshop,https://i.ebayimg.com/images/g/QfkAAeSw0l5qo4k1/s-l225.jpg,https://www.ebay.com/itm/137723669523?_skw=Durant+ex+236+Surging+Sparks+Pokemon+card&hash=item2010f86c13:g:QfkAAeSw0l5qo4k1,"{""value"": ""28.00"", ""currency"": ""USD""}","[{""shippingCostType"": ""CALCULATED""}]",,,PENDING_INDEPENDENT_HUMAN_REVIEW
D2-0395,4299cd6b-98e3-4e65-865f-26a39b19fe5b,041717c6-a2b6-40d1-867a-b1abb1d65ec8,Durant ex,Surging Sparks,236,special_illustration_rare,v1|267727998860|0,Durant ex Special Illustration Rare - SSP 236/191 EN NM Holofoil Pokemon,,Ungraded,4000,[],"[""FIXED_PRICE"", ""BEST_OFFER""]",godpackgaming,https://i.ebayimg.com/images/g/5~MAAeSwd89qo4W6/s-l225.jpg,https://www.ebay.com/itm/267727998860?_skw=Durant+ex+236+Surging+Sparks+Pokemon+card&hash=item3e55d50f8c:g:5~MAAeSwd89qo4W6,"{""value"": ""49.49"", ""currency"": ""USD""}","[{""shippingCostType"": ""FIXED"", ""shippingCost"": {""value"": ""0.00"", ""currency"": ""USD""}, ""minEstimatedDeliveryDate"": ""2026-09-15T07:00:00.000Z"", ""maxEstimatedDeliveryDate"": ""2026-09-21T07:00:00.000Z""}]",,,PENDING_INDEPENDENT_HUMAN_REVIEW
D2-0396,4299cd6b-98e3-4e65-865f-26a39b19fe5b,041717c6-a2b6-40d1-867a-b1abb1d65ec8,Durant ex,Surging Sparks,236,special_illustration_rare,v1|336759928958|0,Durant ex Holofoil EN [SSP - 236/191] NM,,Ungraded,4000,[],"[""FIXED_PRICE"", ""BEST_OFFER""]",hiddenmachine602,https://i.ebayimg.com/images/g/2mcAAeSw6RlqkN6T/s-l225.jpg,https://www.ebay.com/itm/336759928958?_skw=Durant+ex+236+Surging+Sparks+Pokemon+card&hash=item4e6874b87e:g:2mcAAeSw6RlqkN6T,"{""value"": ""38.57"", ""currency"": ""USD""}","[{""shippingCostType"": ""CALCULATED""}]",,,PENDING_INDEPENDENT_HUMAN_REVIEW
D2-0397,4299cd6b-98e3-4e65-865f-26a39b19fe5b,041717c6-a2b6-40d1-867a-b1abb1d65ec8,Durant ex,Surging Sparks,236,special_illustration_rare,v1|377360035587|0,P0KEMAN SURGING SPARKS DURANT EX,,Ungraded,4000,[],"[""FIXED_PRICE"", ""BEST_OFFER""]",landlthisorthat26,https://i.ebayimg.com/images/g/uiMAAeSw1bNqX9KI/s-l225.jpg,https://www.ebay.com/itm/377360035587?_skw=Durant+ex+236+Surging+Sparks+Pokemon+card&hash=item57dc692f03:g:uiMAAeSw1bNqX9KI&amdata=enc%3AAQALAAABEACCtXRWQnOEpyOqnQQ8KGZI1yJf5i%2B7q05%2BDEp%2F4y7eFRsClPh5%2F6YyuoVAJQhYX5kCZB5x3tTqf9Xya7N5KL5NovRq44IiQXp1WaFKX4%2Buz6d0ypRsm%2F5vmJydCvF46GGqzNRHmjC%2BboW0u19I4fcD8D8ODK0%2Bdn6Hz6Y9dxRQyIcDBVnToPR%2F7XA8h3hbreUcLtE6YyeBVxU%2BideDUSTJWQXvR%2FsZo8h%2B1g%2B5UwpaE243FQaA9%2BkfB14tZM%2Ff1gOUVg4It792uyvJUtWw7jhXZslctkCqRn%2BuufFHKxEAAG9aSKBEQ6e%2BIfzSAnSXCUyW5KnYY%2FJRddtbdnPK026ZVtotULyIYrvjR%2BgD%2B4Ow,"{""value"": ""47.00"", ""currency"": ""USD""}","[{""shippingCostType"": ""CALCULATED""}]",,,PENDING_INDEPENDENT_HUMAN_REVIEW
D2-0398,4299cd6b-98e3-4e65-865f-26a39b19fe5b,041717c6-a2b6-40d1-867a-b1abb1d65ec8,Durant ex,Surging Sparks,236,special_illustration_rare,v1|398175931204|0,2024 POKEMON SSP EN-SURGING SPARKS SPECIAL ILLUSTRATION RARE DURANT EX,,Ungraded,4000,[],"[""FIXED_PRICE"", ""BEST_OFFER""]",palm_tree_cards,https://i.ebayimg.com/images/g/BcAAAeSwU7xqVw06/s-l225.jpg,https://www.ebay.com/itm/398175931204?_skw=Durant+ex+236+Surging+Sparks+Pokemon+card&hash=item5cb5228b44:g:BcAAAeSwU7xqVw06,"{""value"": ""39.99"", ""currency"": ""USD""}","[{""shippingCostType"": ""CALCULATED""}]",,,PENDING_INDEPENDENT_HUMAN_REVIEW
D2-0399,4299cd6b-98e3-4e65-865f-26a39b19fe5b,041717c6-a2b6-40d1-867a-b1abb1d65ec8,Durant ex,Surging Sparks,236,special_illustration_rare,v1|156641391983|458343818456,Pokemon Surging Sparks: Choose Your Card! Holos/EX/Full Arts! NM,,Ungraded,4000,[],"[""FIXED_PRICE""]",overstackedcards,https://i.ebayimg.com/images/g/q5EAAOSw03doANFJ/s-l225.jpg,https://www.ebay.com/itm/156641391983?_skw=Durant+ex+236+Surging+Sparks+Pokemon+card&hash=item24788df56f:g:q5EAAOSw03doANFJ,"{""value"": ""66.49"", ""currency"": ""USD""}","[{""shippingCostType"": ""FIXED"", ""shippingCost"": {""value"": ""0.00"", ""currency"": ""USD""}, ""minEstimatedDeliveryDate"": ""2026-09-15T07:00:00.000Z"", ""maxEstimatedDeliveryDate"": ""2026-09-18T07:00:00.000Z""}]",,,PENDING_INDEPENDENT_HUMAN_REVIEW
D2-0400,4299cd6b-98e3-4e65-865f-26a39b19fe5b,041717c6-a2b6-40d1-867a-b1abb1d65ec8,Durant ex,Surging Sparks,236,special_illustration_rare,v1|335662210469|545461535961,Pokemon SV08 Surging Sparks NM YouPICK! 1-252 Reverse Holo RH ex IR FA SIR HR,,Ungraded,4000,[],"[""FIXED_PRICE""]",biggyfish,https://i.ebayimg.com/images/g/nxoAAOSwElJoAcDY/s-l225.jpg,https://www.ebay.com/itm/335662210469?_skw=Durant+ex+236+Surging+Sparks+Pokemon+card&hash=item4e2706dda5:g:nxoAAOSwElJoAcDY,"{""value"": ""79.99"", ""currency"": ""USD""}","[{""shippingCostType"": ""FIXED"", ""shippingCost"": {""value"": ""0.79"", ""currency"": ""USD""}, ""minEstimatedDeliveryDate"": ""2026-09-15T07:00:00.000Z"", ""maxEstimatedDeliveryDate"": ""2026-09-18T07:00:00.000Z""}]",,,PENDING_INDEPENDENT_HUMAN_REVIEW
D2-0401,4299cd6b-98e3-4e65-865f-26a39b19fe5b,041717c6-a2b6-40d1-867a-b1abb1d65ec8,Durant ex,Surging Sparks,236,special_illustration_rare,v1|117305679173|0,Durant EX 236/191 Sir Surging Sparks Holo Special Illustration Rare Card PSA 10,,Graded,2750,[],"[""FIXED_PRICE"", ""BEST_OFFER""]",mountainmantcg,https://i.ebayimg.com/images/g/kx8AAeSwNwVqWP3p/s-l225.jpg,https://www.ebay.com/itm/117305679173?_skw=Durant+ex+236+Surging+Sparks+Pokemon+card&hash=item1b4ff69d45:g:kx8AAeSwNwVqWP3p,"{""value"": ""125.00"", ""currency"": ""USD""}","[{""shippingCostType"": ""CALCULATED""}]",,,PENDING_INDEPENDENT_HUMAN_REVIEW
D2-0402,4299cd6b-98e3-4e65-865f-26a39b19fe5b,041717c6-a2b6-40d1-867a-b1abb1d65ec8,Durant ex,Surging Sparks,236,special_illustration_rare,v1|227225064653|0,Pokemon Durant EX 236 SIR Surging Sparks Extended Artwork Case,,Ungraded,4000,[],"[""FIXED_PRICE""]",dragarious,https://i.ebayimg.com/images/g/hrcAAeSwMdJpmIHZ/s-l225.jpg,https://www.ebay.com/itm/227225064653?_skw=Durant+ex+236+Surging+Sparks+Pokemon+card&hash=item34e7ab54cd:g:hrcAAeSwMdJpmIHZ,"{""value"": ""12.00"", ""currency"": ""USD""}","[{""shippingCostType"": ""CALCULATED""}]",,,PENDING_INDEPENDENT_HUMAN_REVIEW
D2-0403,4299cd6b-98e3-4e65-865f-26a39b19fe5b,041717c6-a2b6-40d1-867a-b1abb1d65ec8,Durant ex,Surging Sparks,236,special_illustration_rare,v1|147566056082|0,Durant ex 236/191 Special Illustration Rare - Surging Sparks - Pokemon TCG NM/M,,Ungraded,4000,[],"[""AUCTION""]",ashhucker,https://i.ebayimg.com/images/g/Pr8AAeSwjsRqo-4Z/s-l225.jpg,https://www.ebay.com/itm/147566056082?_skw=Durant+ex+236+Surging+Sparks+Pokemon+card&hash=item225b9f5292:g:Pr8AAeSwjsRqo-4Z,{},"[{""shippingCostType"": ""FIXED"", ""shippingCost"": {""value"": ""21.47"", ""currency"": ""USD"", ""convertedFromValue"": ""30.00"", ""convertedFromCurrency"": ""AUD""}, ""minEstimatedDeliveryDate"": ""2026-09-22T07:00:00.000Z"", ""maxEstimatedDeliveryDate"": ""2026-09-28T07:00:00.000Z""}]",,,PENDING_INDEPENDENT_HUMAN_REVIEW
D2-0404,4299cd6b-98e3-4e65-865f-26a39b19fe5b,041717c6-a2b6-40d1-867a-b1abb1d65ec8,Durant ex,Surging Sparks,236,special_illustration_rare,v1|157639756028|0,2024 POKEMON SSP SURGING SPARKS #236 DURANT EX SPECIAL ILLUSTRATION RARE PSA 9,,Graded,2750,[],"[""FIXED_PRICE"", ""BEST_OFFER""]",jpscollectablesny,https://i.ebayimg.com/images/g/ILkAAeSwFMZpd98x/s-l225.jpg,https://www.ebay.com/itm/157639756028?_skw=Durant+ex+236+Surging+Sparks+Pokemon+card&hash=item24b40fc8fc:g:ILkAAeSwFMZpd98x,"{""value"": ""50.00"", ""currency"": ""USD""}","[{""shippingCostType"": ""CALCULATED""}]",,,PENDING_INDEPENDENT_HUMAN_REVIEW
D2-0405,4299cd6b-98e3-4e65-865f-26a39b19fe5b,041717c6-a2b6-40d1-867a-b1abb1d65ec8,Durant ex,Surging Sparks,236,special_illustration_rare,v1|158122664299|0,Pokémon TCG Durant EX Card 236/191 SIR- Surging Sparks. NM,,Ungraded,4000,[],"[""FIXED_PRICE""]",lootexchange,https://i.ebayimg.com/images/g/KhgAAeSwdJpqZqWH/s-l225.jpg,https://www.ebay.com/itm/158122664299?_skw=Durant+ex+236+Surging+Sparks+Pokemon+card&hash=item24d0d8616b:g:KhgAAeSwdJpqZqWH,"{""value"": ""35.00"", ""currency"": ""USD""}","[{""shippingCostType"": ""CALCULATED""}]",,,PENDING_INDEPENDENT_HUMAN_REVIEW
D2-0406,50f67b41-059d-4c14-842f-8b48fba46bc2,304de4f2-c09c-4d1c-a57e-5b83867aee55,Lt. Surge's Bargain,Mega Evolution,120,uncommon,v1|117288573527|0,Lt. Surge's Bargain#120/132 Me01 Mega Evolution Reverse Holo Pokemon TCG NM,,Ungraded,4000,[],"[""FIXED_PRICE""]",cardcachemn,https://i.ebayimg.com/images/g/MOMAAeSwVSNqTGWB/s-l225.jpg,https://www.ebay.com/itm/117288573527?_skw=Lt.+Surge%27s+Bargain+120+Mega+Evolution+Pokemon+card&hash=item1b4ef19a57:g:MOMAAeSwVSNqTGWB,"{""value"": ""1.48"", ""currency"": ""USD""}","[{""shippingCostType"": ""FIXED"", ""shippingCost"": {""value"": ""0.00"", ""currency"": ""USD""}, ""minEstimatedDeliveryDate"": ""2026-09-15T07:00:00.000Z"", ""maxEstimatedDeliveryDate"": ""2026-09-21T07:00:00.000Z""}]",,,PENDING_INDEPENDENT_HUMAN_REVIEW
D2-0407,50f67b41-059d-4c14-842f-8b48fba46bc2,304de4f2-c09c-4d1c-a57e-5b83867aee55,Lt. Surge's Bargain,Mega Evolution,120,uncommon,v1|127421746135|0,Pokemon Lt. Surge's Bargain (120/189) Mega Evolution NM,,Ungraded,4000,[],"[""FIXED_PRICE""]",ninetyfive,https://i.ebayimg.com/images/g/Du8AAeSwVplo567J/s-l225.jpg,https://www.ebay.com/itm/127421746135?_skw=Lt.+Surge%27s+Bargain+120+Mega+Evolution+Pokemon+card&hash=item1daaed8bd7:g:Du8AAeSwVplo567J,"{""value"": ""0.99"", ""currency"": ""USD""}","[{""shippingCostType"": ""FIXED"", ""shippingCost"": {""value"": ""0.49"", ""currency"": ""USD""}, ""minEstimatedDeliveryDate"": ""2026-09-16T07:00:00.000Z"", ""maxEstimatedDeliveryDate"": ""2026-09-23T07:00:00.000Z""}]",,,PENDING_INDEPENDENT_HUMAN_REVIEW
D2-0408,50f67b41-059d-4c14-842f-8b48fba46bc2,304de4f2-c09c-4d1c-a57e-5b83867aee55,Lt. Surge's Bargain,Mega Evolution,120,uncommon,v1|127562558523|0,Lt. Surge's Bargain 120/132 Mega Evolution,,Ungraded,4000,[],"[""FIXED_PRICE""]",cruzjgomezjr21,https://i.ebayimg.com/images/g/BbYAAeSwOkdpOdVL/s-l225.jpg,https://www.ebay.com/itm/127562558523?_skw=Lt.+Surge%27s+Bargain+120+Mega+Evolution+Pokemon+card&hash=item1db3522c3b:g:BbYAAeSwOkdpOdVL,"{""value"": ""1.30"", ""currency"": ""USD""}","[{""shippingCostType"": ""FIXED"", ""shippingCost"": {""value"": ""0.00"", ""currency"": ""USD""}, ""minEstimatedDeliveryDate"": ""2026-09-15T07:00:00.000Z"", ""maxEstimatedDeliveryDate"": ""2026-09-21T07:00:00.000Z""}]",,,PENDING_INDEPENDENT_HUMAN_REVIEW
D2-0409,50f67b41-059d-4c14-842f-8b48fba46bc2,304de4f2-c09c-4d1c-a57e-5b83867aee55,Lt. Surge's Bargain,Mega Evolution,120,uncommon,v1|127448692623|428542840205,Pokemon TCG Mega Evolution Choose Your Card,,Ungraded,4000,[],"[""FIXED_PRICE""]",therespectablecollectable,https://i.ebayimg.com/images/g/CjgAAeSwjmdo-lAS/s-l225.jpg,https://www.ebay.com/itm/127448692623?_skw=Lt.+Surge%27s+Bargain+120+Mega+Evolution+Pokemon+card&hash=item1dac88b78f:g:CjgAAeSwjmdo-lAS,"{""value"": ""1.74"", ""currency"": ""USD""}","[{""shippingCostType"": ""FIXED"", ""shippingCost"": {""value"": ""0.00"", ""currency"": ""USD""}, ""minEstimatedDeliveryDate"": ""2026-09-15T07:00:00.000Z"", ""maxEstimatedDeliveryDate"": ""2026-09-18T07:00:00.000Z""}]",,,PENDING_INDEPENDENT_HUMAN_REVIEW
D2-0410,50f67b41-059d-4c14-842f-8b48fba46bc2,304de4f2-c09c-4d1c-a57e-5b83867aee55,Lt. Surge's Bargain,Mega Evolution,120,uncommon,v1|136799794887|435361106424,Pokemon TCG: ME: 01 Mega Evolution /132 You Pick (2 Card Minimum) ,,Ungraded,4000,[],"[""FIXED_PRICE""]",4urpc_collectables,https://i.ebayimg.com/images/g/pMIAAeSw4VRpISC~/s-l225.jpg,https://www.ebay.com/itm/136799794887?_skw=Lt.+Surge%27s+Bargain+120+Mega+Evolution+Pokemon+card&hash=item1fd9e736c7:g:pMIAAeSw4VRpISC~,"{""value"": ""0.99"", ""currency"": ""USD""}","[{""shippingCostType"": ""FIXED"", ""shippingCost"": {""value"": ""0.00"", ""currency"": ""USD""}, ""minEstimatedDeliveryDate"": ""2026-09-22T07:00:00.000Z"", ""maxEstimatedDeliveryDate"": ""2026-09-28T07:00:00.000Z""}]",,,PENDING_INDEPENDENT_HUMAN_REVIEW
D2-0411,50f67b41-059d-4c14-842f-8b48fba46bc2,304de4f2-c09c-4d1c-a57e-5b83867aee55,Lt. Surge's Bargain,Mega Evolution,120,uncommon,v1|157367695863|458863644107,Mega Evolution Pokémon Cards! Holo/Reverse Holo EX SIR Illustration Rare Card!,,Ungraded,4000,[],"[""FIXED_PRICE""]",overstackedcards,https://i.ebayimg.com/images/g/jIkAAeSwrxVo4fR2/s-l225.jpg,https://www.ebay.com/itm/157367695863?_skw=Lt.+Surge%27s+Bargain+120+Mega+Evolution+Pokemon+card&hash=item24a3d879f7:g:jIkAAeSwrxVo4fR2,"{""value"": ""1.42"", ""currency"": ""USD""}","[{""shippingCostType"": ""FIXED"", ""shippingCost"": {""value"": ""0.00"", ""currency"": ""USD""}, ""minEstimatedDeliveryDate"": ""2026-09-15T07:00:00.000Z"", ""maxEstimatedDeliveryDate"": ""2026-09-18T07:00:00.000Z""}]",,,PENDING_INDEPENDENT_HUMAN_REVIEW
D2-0412,50f67b41-059d-4c14-842f-8b48fba46bc2,304de4f2-c09c-4d1c-a57e-5b83867aee55,Lt. Surge's Bargain,Mega Evolution,120,uncommon,v1|158035579243|0,Lt. Surge's Bargain 120/132 Mega Evolution Pokemon TCG 2x Playset Reverse & Reg,,Ungraded,4000,[],"[""FIXED_PRICE"", ""BEST_OFFER""]",kno039,https://i.ebayimg.com/images/g/-CQAAeSwslZpD6Zi/s-l225.jpg,https://www.ebay.com/itm/158035579243?_skw=Lt.+Surge%27s+Bargain+120+Mega+Evolution+Pokemon+card&hash=item24cba7916b:g:-CQAAeSwslZpD6Zi,"{""value"": ""1.31"", ""currency"": ""USD""}","[{""shippingCostType"": ""FIXED"", ""shippingCost"": {""value"": ""0.00"", ""currency"": ""USD""}, ""minEstimatedDeliveryDate"": ""2026-09-16T07:00:00.000Z"", ""maxEstimatedDeliveryDate"": ""2026-09-22T07:00:00.000Z""}]",,,PENDING_INDEPENDENT_HUMAN_REVIEW
D2-0413,50f67b41-059d-4c14-842f-8b48fba46bc2,304de4f2-c09c-4d1c-a57e-5b83867aee55,Lt. Surge's Bargain,Mega Evolution,120,uncommon,v1|127691557304|0,Pokemon Lt. Surge's Bargain (120/197) Mega Evolution LP REVERSE HOLO,,Ungraded,4000,[],"[""FIXED_PRICE""]",ninetyfive,https://i.ebayimg.com/images/g/wJoAAeSwOcNplbeg/s-l225.jpg,https://www.ebay.com/itm/127691557304?_skw=Lt.+Surge%27s+Bargain+120+Mega+Evolution+Pokemon+card&hash=item1dbb0289b8:g:wJoAAeSwOcNplbeg,"{""value"": ""0.99"", ""currency"": ""USD""}","[{""shippingCostType"": ""FIXED"", ""shippingCost"": {""value"": ""0.49"", ""currency"": ""USD""}, ""minEstimatedDeliveryDate"": ""2026-09-16T07:00:00.000Z"", ""maxEstimatedDeliveryDate"": ""2026-09-23T07:00:00.000Z""}]",,,PENDING_INDEPENDENT_HUMAN_REVIEW
D2-0414,50f67b41-059d-4c14-842f-8b48fba46bc2,304de4f2-c09c-4d1c-a57e-5b83867aee55,Lt. Surge's Bargain,Mega Evolution,120,uncommon,v1|128072043491|0,Lt. Surge's Bargain 120/132 Uncommon Mega Evolution Pokemon Near Mint,,Ungraded,4000,[],"[""FIXED_PRICE""]",dragonwindtcg,https://i.ebayimg.com/images/g/~2wAAeSwHGpqon-T/s-l225.jpg,https://www.ebay.com/itm/128072043491?_skw=Lt.+Surge%27s+Bargain+120+Mega+Evolution+Pokemon+card&hash=item1dd1b04be3:g:~2wAAeSwHGpqon-T,"{""value"": ""1.49"", ""currency"": ""USD""}","[{""shippingCostType"": ""FIXED"", ""shippingCost"": {""value"": ""0.00"", ""currency"": ""USD""}, ""minEstimatedDeliveryDate"": ""2026-09-16T07:00:00.000Z"", ""maxEstimatedDeliveryDate"": ""2026-09-22T07:00:00.000Z""}]",,,PENDING_INDEPENDENT_HUMAN_REVIEW
D2-0415,50f67b41-059d-4c14-842f-8b48fba46bc2,304de4f2-c09c-4d1c-a57e-5b83867aee55,Lt. Surge's Bargain,Mega Evolution,120,uncommon,v1|137711959830|0,Lt. Surge's Bargain - 120/132 Reverse Holo Mega Evolution NM Pokemon,,Ungraded,4000,[],"[""FIXED_PRICE"", ""BEST_OFFER""]",fire-cards,https://i.ebayimg.com/images/g/fZcAAeSw0kNqo0aA/s-l225.jpg,https://www.ebay.com/itm/137711959830?_skw=Lt.+Surge%27s+Bargain+120+Mega+Evolution+Pokemon+card&hash=item201045bf16:g:fZcAAeSw0kNqo0aA,"{""value"": ""1.99"", ""currency"": ""USD""}","[{""shippingCostType"": ""FIXED"", ""shippingCost"": {""value"": ""0.00"", ""currency"": ""USD""}, ""minEstimatedDeliveryDate"": ""2026-09-15T07:00:00.000Z"", ""maxEstimatedDeliveryDate"": ""2026-09-19T07:00:00.000Z""}]",,,PENDING_INDEPENDENT_HUMAN_REVIEW
D2-0416,50f67b41-059d-4c14-842f-8b48fba46bc2,304de4f2-c09c-4d1c-a57e-5b83867aee55,Lt. Surge's Bargain,Mega Evolution,120,uncommon,v1|137726868639|0,Lt. Surge's Bargain 120/132 ME01: Mega Evolution Uncommon Reverse Holo NM,,Ungraded,4000,[],"[""FIXED_PRICE"", ""BEST_OFFER""]",vishripz,https://i.ebayimg.com/images/g/~pIAAeSw7k9qpLN0/s-l225.jpg,https://www.ebay.com/itm/137726868639?_skw=Lt.+Surge%27s+Bargain+120+Mega+Evolution+Pokemon+card&hash=item2011293c9f:g:~pIAAeSw7k9qpLN0,"{""value"": ""1.99"", ""currency"": ""USD""}","[{""shippingCostType"": ""FIXED"", ""shippingCost"": {""value"": ""0.00"", ""currency"": ""USD""}, ""minEstimatedDeliveryDate"": ""2026-09-15T07:00:00.000Z"", ""maxEstimatedDeliveryDate"": ""2026-09-18T07:00:00.000Z""}]",,,PENDING_INDEPENDENT_HUMAN_REVIEW
D2-0417,50f67b41-059d-4c14-842f-8b48fba46bc2,304de4f2-c09c-4d1c-a57e-5b83867aee55,Lt. Surge's Bargain,Mega Evolution,120,uncommon,v1|147245550821|0,Lt. Surge's Bargain 120/132 Mega Evolution Reverse Holo Pokemon Card,,Ungraded,4000,[],"[""FIXED_PRICE""]",hivemind_collectibles,https://i.ebayimg.com/images/g/of8AAeSwGTpp1Dh~/s-l225.jpg,https://www.ebay.com/itm/147245550821?_skw=Lt.+Surge%27s+Bargain+120+Mega+Evolution+Pokemon+card&hash=item224884cce5:g:of8AAeSwGTpp1Dh~,"{""value"": ""1.99"", ""currency"": ""USD""}","[{""shippingCostType"": ""FIXED"", ""shippingCost"": {""value"": ""0.00"", ""currency"": ""USD""}, ""minEstimatedDeliveryDate"": ""2026-09-15T07:00:00.000Z"", ""maxEstimatedDeliveryDate"": ""2026-09-18T07:00:00.000Z""}]",,,PENDING_INDEPENDENT_HUMAN_REVIEW
D2-0418,50f67b41-059d-4c14-842f-8b48fba46bc2,304de4f2-c09c-4d1c-a57e-5b83867aee55,Lt. Surge's Bargain,Mega Evolution,120,uncommon,v1|157516936242|0,Pokemon - Lt. Surge's Bargain - 120/132  - Reverse Holo - Mega Evolution - NM/M,,Ungraded,4000,[],"[""FIXED_PRICE""]",sunbreak,https://i.ebayimg.com/images/g/2wEAAeSwzBhpL1Lw/s-l225.jpg,https://www.ebay.com/itm/157516936242?_skw=Lt.+Surge%27s+Bargain+120+Mega+Evolution+Pokemon+card&hash=item24acbdb432:g:2wEAAeSwzBhpL1Lw,"{""value"": ""1.75"", ""currency"": ""USD""}","[{""shippingCostType"": ""FIXED"", ""shippingCost"": {""value"": ""0.00"", ""currency"": ""USD""}, ""minEstimatedDeliveryDate"": ""2026-09-15T07:00:00.000Z"", ""maxEstimatedDeliveryDate"": ""2026-09-18T07:00:00.000Z""}]",,,PENDING_INDEPENDENT_HUMAN_REVIEW
D2-0419,50f67b41-059d-4c14-842f-8b48fba46bc2,304de4f2-c09c-4d1c-a57e-5b83867aee55,Lt. Surge's Bargain,Mega Evolution,120,uncommon,v1|158230135276|0,120/132 Lt Surge's Bargain - ME01 Mega Evolution Reverse Holo NM Pokemon Trainer,,Ungraded,4000,[],"[""FIXED_PRICE""]",mountvariety,https://i.ebayimg.com/images/g/KVwAAeSwyv9o4XMg/s-l225.jpg,https://www.ebay.com/itm/158230135276?_skw=Lt.+Surge%27s+Bargain+120+Mega+Evolution+Pokemon+card&hash=item24d74041ec:g:KVwAAeSwyv9o4XMg,"{""value"": ""1.53"", ""currency"": ""USD""}","[{""shippingCostType"": ""FIXED"", ""shippingCost"": {""value"": ""0.00"", ""currency"": ""USD""}, ""minEstimatedDeliveryDate"": ""2026-09-14T07:00:00.000Z"", ""maxEstimatedDeliveryDate"": ""2026-09-17T07:00:00.000Z""}]",,,PENDING_INDEPENDENT_HUMAN_REVIEW
D2-0420,50f67b41-059d-4c14-842f-8b48fba46bc2,304de4f2-c09c-4d1c-a57e-5b83867aee55,Lt. Surge's Bargain,Mega Evolution,120,uncommon,v1|158257208664|459388718844,Pokemon Mega Evolution Reverse Holo Pick Your Card ME01 TCG NM,,Ungraded,4000,[],"[""FIXED_PRICE""]",mac_tcgandsports,https://i.ebayimg.com/images/g/vnMAAeSwA-tqmtMJ/s-l225.jpg,https://www.ebay.com/itm/158257208664?_skw=Lt.+Surge%27s+Bargain+120+Mega+Evolution+Pokemon+card&hash=item24d8dd5d58:g:vnMAAeSwA-tqmtMJ,"{""value"": ""1.49"", ""currency"": ""USD""}","[{""shippingCostType"": ""FIXED"", ""shippingCost"": {""value"": ""0.00"", ""currency"": ""USD""}, ""minEstimatedDeliveryDate"": ""2026-09-15T07:00:00.000Z"", ""maxEstimatedDeliveryDate"": ""2026-09-21T07:00:00.000Z""}]",,,PENDING_INDEPENDENT_HUMAN_REVIEW
D2-0421,53466d2d-94fd-4230-9505-694297a9030d,3451abaf-acc7-41aa-a60c-25f24b7ac07f,Perrin,Twilight Masquerade,220,special_illustration_rare,v1|117264939363|0,Perrin Holo Twilight Masquerade 220/167 SIR NM Pokemon,,Ungraded,4000,[],"[""FIXED_PRICE""]",cardthrone,https://i.ebayimg.com/images/g/3zwAAeSwf55qOtxl/s-l225.jpg,https://www.ebay.com/itm/117264939363?_skw=Perrin+220+Twilight+Masquerade+Pokemon+card&hash=item1b4d88f963:g:3zwAAeSwf55qOtxl,"{""value"": ""213.99"", ""currency"": ""USD""}","[{""shippingCostType"": ""FIXED"", ""shippingCost"": {""value"": ""0.00"", ""currency"": ""USD""}, ""minEstimatedDeliveryDate"": ""2026-09-15T07:00:00.000Z"", ""maxEstimatedDeliveryDate"": ""2026-09-21T07:00:00.000Z""}]",,,PENDING_INDEPENDENT_HUMAN_REVIEW
D2-0422,53466d2d-94fd-4230-9505-694297a9030d,3451abaf-acc7-41aa-a60c-25f24b7ac07f,Perrin,Twilight Masquerade,220,special_illustration_rare,v1|117294377001|0,Pokemon TCG Perrin 220/167 Twilight Masquerade Trainer Rare Full Art Holo NM,,Ungraded,4000,[],"[""FIXED_PRICE""]",pokegraff,https://i.ebayimg.com/images/g/YqsAAeSwPpdqUFuU/s-l225.jpg,https://www.ebay.com/itm/117294377001?_skw=Perrin+220+Twilight+Masquerade+Pokemon+card&hash=item1b4f4a2829:g:YqsAAeSwPpdqUFuU,"{""value"": ""169.95"", ""currency"": ""USD""}","[{""shippingCostType"": ""CALCULATED""}]",,,PENDING_INDEPENDENT_HUMAN_REVIEW
D2-0423,53466d2d-94fd-4230-9505-694297a9030d,3451abaf-acc7-41aa-a60c-25f24b7ac07f,Perrin,Twilight Masquerade,220,special_illustration_rare,v1|128025338767|0,Perrin Special Illustration Rare Pokemon SV Twilight Masquerade [TWM] #220 NM,,Ungraded,4000,[],"[""FIXED_PRICE"", ""BEST_OFFER""]",collect_n_tech,https://i.ebayimg.com/images/g/z60AAeSwSOpqfjWy/s-l225.jpg,https://www.ebay.com/itm/128025338767?_skw=Perrin+220+Twilight+Masquerade+Pokemon+card&hash=item1dcee7a38f:g:z60AAeSwSOpqfjWy,"{""value"": ""179.99"", ""currency"": ""USD""}","[{""shippingCostType"": ""FIXED"", ""shippingCost"": {""value"": ""0.00"", ""currency"": ""USD""}, ""minEstimatedDeliveryDate"": ""2026-09-15T07:00:00.000Z"", ""maxEstimatedDeliveryDate"": ""2026-09-18T07:00:00.000Z""}]",,,PENDING_INDEPENDENT_HUMAN_REVIEW
D2-0424,53466d2d-94fd-4230-9505-694297a9030d,3451abaf-acc7-41aa-a60c-25f24b7ac07f,Perrin,Twilight Masquerade,220,special_illustration_rare,v1|158144885999|0,Perrin 220/167 Special Illustration Rare TWM Pokemon Holofoil Near Mint,,Ungraded,4000,[],"[""FIXED_PRICE"", ""BEST_OFFER""]",swiftrare,https://i.ebayimg.com/images/g/vTcAAeSwsDVqlHVx/s-l225.jpg,https://www.ebay.com/itm/158144885999?_skw=Perrin+220+Twilight+Masquerade+Pokemon+card&hash=item24d22b74ef:g:vTcAAeSwsDVqlHVx&amdata=enc%3AAQALAAABEACCtXRWQnOEpyOqnQQ8KGaJwgFlINVM6O9gu4aTk%2F5CsCs1dhOGqLGrtjzbt0VZ4PN5m39fjCo7FFYgJdNi8GkVBrAoeiNJiYvXXaxr7rxMGA632M6L7S4BYhxX9Jw%2F8oKKD9mUHa2VHfNCaxXh2JcPJ7UMg56veBONhSs0%2BPBNYwD2nvEBGBqICXj9P7j4juznp6HUEqjEKEKo3DaK0oeUdgG27RH6dpH8lvmYOXRXAOcMFgTzAkTdTO002Lh6Ky4ObfSYgO3XdfDRV3sjaktra%2BilTVLWNUSqJsnUWHzYSeSV%2BXIlFiAbigyYFEC004tGe%2FMcTV4r9GH%2FDQuxJjQfYIhAtx0BXaaCeoQHKvhj,"{""value"": ""180.49"", ""currency"": ""USD""}","[{""shippingCostType"": ""FIXED"", ""shippingCost"": {""value"": ""0.00"", ""currency"": ""USD""}, ""minEstimatedDeliveryDate"": ""2026-09-14T07:00:00.000Z"", ""maxEstimatedDeliveryDate"": ""2026-09-16T07:00:00.000Z""}]",,,PENDING_INDEPENDENT_HUMAN_REVIEW
D2-0425,53466d2d-94fd-4230-9505-694297a9030d,3451abaf-acc7-41aa-a60c-25f24b7ac07f,Perrin,Twilight Masquerade,220,special_illustration_rare,v1|307159232425|0,Pokemon Perrin 220/167 Special Illustration Rare Full Art Holo Twilight SIR (NM),,Ungraded,4000,[],"[""FIXED_PRICE"", ""BEST_OFFER""]",brandon23930169,https://i.ebayimg.com/images/g/U3AAAeSwMcdqmHOI/s-l225.jpg,https://www.ebay.com/itm/307159232425?_skw=Perrin+220+Twilight+Masquerade+Pokemon+card&hash=item47841defa9:g:U3AAAeSwMcdqmHOI,"{""value"": ""160.00"", ""currency"": ""USD""}","[{""shippingCostType"": ""CALCULATED""}]",,,PENDING_INDEPENDENT_HUMAN_REVIEW
D2-0426,53466d2d-94fd-4230-9505-694297a9030d,3451abaf-acc7-41aa-a60c-25f24b7ac07f,Perrin,Twilight Masquerade,220,special_illustration_rare,v1|156447979868|458659080288,Pokemon TCG - Twilight Masquerade: Choose Your Card! - All Holos/Reverse Holos!,,Ungraded,4000,[],"[""FIXED_PRICE""]",overstackedcards,https://i.ebayimg.com/images/g/dYIAAeSwg-NodKpf/s-l225.jpg,https://www.ebay.com/itm/156447979868?_skw=Perrin+220+Twilight+Masquerade+Pokemon+card&hash=item246d06b95c:g:dYIAAeSwg-NodKpf,"{""value"": ""239.99"", ""currency"": ""USD""}","[{""shippingCostType"": ""FIXED"", ""shippingCost"": {""value"": ""0.00"", ""currency"": ""USD""}, ""minEstimatedDeliveryDate"": ""2026-09-15T07:00:00.000Z"", ""maxEstimatedDeliveryDate"": ""2026-09-18T07:00:00.000Z""}]",,,PENDING_INDEPENDENT_HUMAN_REVIEW
D2-0427,53466d2d-94fd-4230-9505-694297a9030d,3451abaf-acc7-41aa-a60c-25f24b7ac07f,Perrin,Twilight Masquerade,220,special_illustration_rare,v1|128040998374|0,2024 POKEMON TWM EN-TWILIGHT MASQUERADE SPECIAL ILLUSTRATION RARE PERRIN PSA 10,,Graded,2750,[],"[""FIXED_PRICE"", ""BEST_OFFER""]",carolinamoontcg,https://i.ebayimg.com/images/g/3XEAAeSwlyZqi5KM/s-l225.jpg,https://www.ebay.com/itm/128040998374?_skw=Perrin+220+Twilight+Masquerade+Pokemon+card&hash=item1dcfd695e6:g:3XEAAeSwlyZqi5KM,"{""value"": ""450.00"", ""currency"": ""USD""}","[{""shippingCostType"": ""FIXED"", ""shippingCost"": {""value"": ""20.00"", ""currency"": ""USD""}, ""minEstimatedDeliveryDate"": ""2026-09-15T07:00:00.000Z"", ""maxEstimatedDeliveryDate"": ""2026-09-19T07:00:00.000Z""}]",,,PENDING_INDEPENDENT_HUMAN_REVIEW
D2-0428,53466d2d-94fd-4230-9505-694297a9030d,3451abaf-acc7-41aa-a60c-25f24b7ac07f,Perrin,Twilight Masquerade,220,special_illustration_rare,v1|157843229997|0,Perrin 220/167 TCG Sv06 Twilight Masquerade Extended Art Case,,Ungraded,4000,[],"[""FIXED_PRICE""]",outback_originals,https://i.ebayimg.com/images/g/Af4AAeSwcSpp48TB/s-l225.jpg,https://www.ebay.com/itm/157843229997?_skw=Perrin+220+Twilight+Masquerade+Pokemon+card&hash=item24c0308d2d:g:Af4AAeSwcSpp48TB,"{""value"": ""12.00"", ""currency"": ""USD""}","[{""shippingCostType"": ""FIXED"", ""shippingCost"": {""value"": ""5.50"", ""currency"": ""USD""}, ""minEstimatedDeliveryDate"": ""2026-09-15T07:00:00.000Z"", ""maxEstimatedDeliveryDate"": ""2026-09-18T07:00:00.000Z""}]",,,PENDING_INDEPENDENT_HUMAN_REVIEW
D2-0429,53466d2d-94fd-4230-9505-694297a9030d,3451abaf-acc7-41aa-a60c-25f24b7ac07f,Perrin,Twilight Masquerade,220,special_illustration_rare,v1|128072253021|0,Perrin 220/167 Special Illustration Rare Twilight Masquerade Pokemon Holo NM,,Ungraded,4000,[],"[""FIXED_PRICE""]",herbstradebinder,https://i.ebayimg.com/images/g/GK8AAeSwvA9qoqxU/s-l225.jpg,https://www.ebay.com/itm/128072253021?_skw=Perrin+220+Twilight+Masquerade+Pokemon+card&hash=item1dd1b37e5d:g:GK8AAeSwvA9qoqxU,"{""value"": ""175.93"", ""currency"": ""USD""}","[{""shippingCostType"": ""FIXED"", ""shippingCost"": {""value"": ""0.00"", ""currency"": ""USD""}, ""minEstimatedDeliveryDate"": ""2026-09-15T07:00:00.000Z"", ""maxEstimatedDeliveryDate"": ""2026-09-18T07:00:00.000Z""}]",,,PENDING_INDEPENDENT_HUMAN_REVIEW
D2-0430,53466d2d-94fd-4230-9505-694297a9030d,3451abaf-acc7-41aa-a60c-25f24b7ac07f,Perrin,Twilight Masquerade,220,special_illustration_rare,v1|137321599733|0,POKEMON TWM EN-TWILIGHT MASQUERADE 220 PERRIN SPECIAL ILLUSTRATION RARE PSA 10,,Graded,2750,[],"[""FIXED_PRICE""]",tnkcards,https://i.ebayimg.com/images/g/uqcAAeSwz5hqCyKz/s-l225.jpg,https://www.ebay.com/itm/137321599733?_skw=Perrin+220+Twilight+Masquerade+Pokemon+card&hash=item1ff90152f5:g:uqcAAeSwz5hqCyKz,"{""value"": ""350.00"", ""currency"": ""USD""}","[{""shippingCostType"": ""FIXED"", ""shippingCost"": {""value"": ""0.00"", ""currency"": ""USD""}, ""minEstimatedDeliveryDate"": ""2026-09-15T07:00:00.000Z"", ""maxEstimatedDeliveryDate"": ""2026-09-21T07:00:00.000Z""}]",,,PENDING_INDEPENDENT_HUMAN_REVIEW
D2-0431,53466d2d-94fd-4230-9505-694297a9030d,3451abaf-acc7-41aa-a60c-25f24b7ac07f,Perrin,Twilight Masquerade,220,special_illustration_rare,v1|137409219447|0,Perrin 220/167 Sv06: Twilight Masquerade Holo,,Ungraded,4000,[],"[""FIXED_PRICE"", ""BEST_OFFER""]",drsteeze,https://i.ebayimg.com/images/g/Y8kAAeSw7rBqLMGi/s-l225.jpg,https://www.ebay.com/itm/137409219447?_skw=Perrin+220+Twilight+Masquerade+Pokemon+card&hash=item1ffe3a4b77:g:Y8kAAeSw7rBqLMGi,"{""value"": ""180.00"", ""currency"": ""USD""}","[{""shippingCostType"": ""CALCULATED""}]",,,PENDING_INDEPENDENT_HUMAN_REVIEW
D2-0432,53466d2d-94fd-4230-9505-694297a9030d,3451abaf-acc7-41aa-a60c-25f24b7ac07f,Perrin,Twilight Masquerade,220,special_illustration_rare,v1|137485560410|0,Pokemon TCG Twilight Masquerade Perrin 220/167 Special Illustration Rare SIR,,Ungraded,4000,[],"[""FIXED_PRICE""]",luistreasuresandfinds,https://i.ebayimg.com/images/g/SMIAAeSw4qRqSqy-/s-l225.jpg,https://www.ebay.com/itm/137485560410?_skw=Perrin+220+Twilight+Masquerade+Pokemon+card&hash=item2002c72a5a:g:SMIAAeSw4qRqSqy-,"{""value"": ""189.99"", ""currency"": ""USD""}","[{""shippingCostType"": ""CALCULATED""}]",,,PENDING_INDEPENDENT_HUMAN_REVIEW
D2-0433,53466d2d-94fd-4230-9505-694297a9030d,3451abaf-acc7-41aa-a60c-25f24b7ac07f,Perrin,Twilight Masquerade,220,special_illustration_rare,v1|157843231068|0,Perrin 220/167 TCG Sv06 Twilight Masquerade Magnetic 🧲 Extended Art Case,,Ungraded,4000,[],"[""FIXED_PRICE""]",outback_originals,https://i.ebayimg.com/images/g/H8oAAeSw935qJ1Pu/s-l225.jpg,https://www.ebay.com/itm/157843231068?_skw=Perrin+220+Twilight+Masquerade+Pokemon+card&hash=item24c030915c:g:H8oAAeSw935qJ1Pu,"{""value"": ""16.00"", ""currency"": ""USD""}","[{""shippingCostType"": ""FIXED"", ""shippingCost"": {""value"": ""7.00"", ""currency"": ""USD""}, ""minEstimatedDeliveryDate"": ""2026-09-15T07:00:00.000Z"", ""maxEstimatedDeliveryDate"": ""2026-09-18T07:00:00.000Z""}]",,,PENDING_INDEPENDENT_HUMAN_REVIEW
D2-0434,53466d2d-94fd-4230-9505-694297a9030d,3451abaf-acc7-41aa-a60c-25f24b7ac07f,Perrin,Twilight Masquerade,220,special_illustration_rare,v1|157900522248|0,Perrin 220/167 - Twilight Masquerade Pokemon TCG - NM,,Ungraded,4000,[],"[""FIXED_PRICE""]",hippo_cards,https://i.ebayimg.com/images/g/5q4AAeSw7pFqASoy/s-l225.jpg,https://www.ebay.com/itm/157900522248?_skw=Perrin+220+Twilight+Masquerade+Pokemon+card&hash=item24c39ac308:g:5q4AAeSw7pFqASoy,"{""value"": ""195.92"", ""currency"": ""USD"", ""convertedFromValue"": ""145.00"", ""convertedFromCurrency"": ""GBP""}",[],,,PENDING_INDEPENDENT_HUMAN_REVIEW
D2-0435,53466d2d-94fd-4230-9505-694297a9030d,3451abaf-acc7-41aa-a60c-25f24b7ac07f,Perrin,Twilight Masquerade,220,special_illustration_rare,v1|157991697184|0,Pokémon Perrin 220/167 Twilight Masquerade Special Illustration Rare Holo PSA 10,,Graded,2750,[],"[""FIXED_PRICE"", ""BEST_OFFER""]",hiero_9,https://i.ebayimg.com/images/g/9A8AAeSwielqK1VA/s-l225.jpg,https://www.ebay.com/itm/157991697184?_skw=Perrin+220+Twilight+Masquerade+Pokemon+card&hash=item24c909fb20:g:9A8AAeSwielqK1VA,"{""value"": ""369.00"", ""currency"": ""USD""}","[{""shippingCostType"": ""CALCULATED""}]",,,PENDING_INDEPENDENT_HUMAN_REVIEW
D2-0436,55096ab6-1773-47c4-bbff-20c1db011223,9f4a2888-2f11-47aa-a5c5-2ccac8ca7c71,Victini,Black Bolt,171,rare,v1|128062796019|0,Red Victini 171/086 BWR Holo Rare Pokemon Black Bolt,,Ungraded,4000,[],"[""FIXED_PRICE""]",holohauscards,https://i.ebayimg.com/images/g/PvAAAeSwzMRqm4Kj/s-l225.jpg,https://www.ebay.com/itm/128062796019?_skw=Victini+171+Black+Bolt+Pokemon+card&hash=item1dd12330f3:g:PvAAAeSwzMRqm4Kj,"{""value"": ""599.00"", ""currency"": ""USD""}","[{""shippingCostType"": ""CALCULATED""}]",,,PENDING_INDEPENDENT_HUMAN_REVIEW
D2-0437,55096ab6-1773-47c4-bbff-20c1db011223,9f4a2888-2f11-47aa-a5c5-2ccac8ca7c71,Victini,Black Bolt,171,rare,v1|137585938171|0,Victini 171/086 Black Bolt & White Flare Red,,Ungraded,4000,[],"[""FIXED_PRICE""]",elbeecards,https://i.ebayimg.com/images/g/VEIAAeSwJaRqcjSF/s-l225.jpg,https://www.ebay.com/itm/137585938171?_skw=Victini+171+Black+Bolt+Pokemon+card&hash=item2008c2cefb:g:VEIAAeSwJaRqcjSF,"{""value"": ""549.99"", ""currency"": ""USD""}","[{""shippingCostType"": ""FIXED"", ""shippingCost"": {""value"": ""10.00"", ""currency"": ""USD""}, ""minEstimatedDeliveryDate"": ""2026-09-15T07:00:00.000Z"", ""maxEstimatedDeliveryDate"": ""2026-09-21T07:00:00.000Z""}]",,,PENDING_INDEPENDENT_HUMAN_REVIEW
D2-0438,55096ab6-1773-47c4-bbff-20c1db011223,9f4a2888-2f11-47aa-a5c5-2ccac8ca7c71,Victini,Black Bolt,171,rare,v1|158243638792|0,Victini SV: Black Bolt 171/086 Black White Rare Pokemon card,,Ungraded,4000,[],"[""FIXED_PRICE"", ""BEST_OFFER""]",ledva0,https://i.ebayimg.com/images/g/HvUAAeSwbr9qlcz2/s-l225.jpg,https://www.ebay.com/itm/158243638792?_skw=Victini+171+Black+Bolt+Pokemon+card&hash=item24d80e4e08:g:HvUAAeSwbr9qlcz2,"{""value"": ""439.14"", ""currency"": ""USD"", ""convertedFromValue"": ""325.00"", ""convertedFromCurrency"": ""GBP""}",[],,,PENDING_INDEPENDENT_HUMAN_REVIEW
D2-0439,55096ab6-1773-47c4-bbff-20c1db011223,9f4a2888-2f11-47aa-a5c5-2ccac8ca7c71,Victini,Black Bolt,171,rare,v1|407125616861|0,Victini 171/086 BLK Pokemon Card EN Holofoil NM 5ban Graphics,,Ungraded,4000,[],"[""FIXED_PRICE""]",dusted_diamonds,https://i.ebayimg.com/images/g/scYAAeSw2G9qlKB4/s-l225.jpg,https://www.ebay.com/itm/407125616861?_skw=Victini+171+Black+Bolt+Pokemon+card&hash=item5eca93e8dd:g:scYAAeSw2G9qlKB4&amdata=enc%3AAQALAAABAACCtXRWQnOEpyOqnQQ8KGZ9T%2FvqRxPoHMgJRPpXyhXZx%2FGMewtSOsNn%2B3HQIWxYVUOVY%2FA3rPRjSk4xINR3h8Pm8DvXkf1GZqfpIc80WClnM24vas46LJ3Cl2hhwFANAeOIiuRaPzQmUAnRnNj7Hia4DHU2MXYy0qm1SL3MZEqKL%2B%2BuI9sWBYhFpch9zqSaJsWUiEpDg9ACoXpP1VEavopILkjkdrYPsFBxDk593ZTY4YC%2BOw6GpOoI1hcuNyPBRmtdlIy%2FbWYwhJRENJCy9yFNSw4BDc2m45i8X1p2ulPXVmeNdhvyzNOH3YXXiV%2FoEzOn4lLEkFgGFJfAv%2FFzhF8%3D,"{""value"": ""635.30"", ""currency"": ""USD""}","[{""shippingCostType"": ""CALCULATED""}]",,,PENDING_INDEPENDENT_HUMAN_REVIEW
D2-0440,55096ab6-1773-47c4-bbff-20c1db011223,9f4a2888-2f11-47aa-a5c5-2ccac8ca7c71,Victini,Black Bolt,171,rare,v1|127347285352|0,Pokemon Victini (12/324) Black Bolt LP HOLO,,Ungraded,4000,[],"[""FIXED_PRICE""]",ninetyfive,https://i.ebayimg.com/images/g/SRQAAeSwvVZotvMh/s-l225.jpg,https://www.ebay.com/itm/127347285352?_skw=Victini+171+Black+Bolt+Pokemon+card&hash=item1da67d5d68:g:SRQAAeSwvVZotvMh,"{""value"": ""0.99"", ""currency"": ""USD""}","[{""shippingCostType"": ""FIXED"", ""shippingCost"": {""value"": ""0.49"", ""currency"": ""USD""}, ""minEstimatedDeliveryDate"": ""2026-09-16T07:00:00.000Z"", ""maxEstimatedDeliveryDate"": ""2026-09-23T07:00:00.000Z""}]",,,PENDING_INDEPENDENT_HUMAN_REVIEW
D2-0441,55096ab6-1773-47c4-bbff-20c1db011223,9f4a2888-2f11-47aa-a5c5-2ccac8ca7c71,Victini,Black Bolt,171,rare,v1|128055855990|0,Victini 12/86 Black Bolt Rare Holo Near Mint Pokemon,,Ungraded,4000,[],"[""FIXED_PRICE"", ""BEST_OFFER""]",zappypulls,https://i.ebayimg.com/images/g/LDQAAeSwjFZqmzgK/s-l225.jpg,https://www.ebay.com/itm/128055855990?_skw=Victini+171+Black+Bolt+Pokemon+card&hash=item1dd0b94b76:g:LDQAAeSwjFZqmzgK,"{""value"": ""1.79"", ""currency"": ""USD""}","[{""shippingCostType"": ""FIXED"", ""shippingCost"": {""value"": ""0.00"", ""currency"": ""USD""}, ""minEstimatedDeliveryDate"": ""2026-09-16T07:00:00.000Z"", ""maxEstimatedDeliveryDate"": ""2026-09-22T07:00:00.000Z""}]",,,PENDING_INDEPENDENT_HUMAN_REVIEW
D2-0442,55096ab6-1773-47c4-bbff-20c1db011223,9f4a2888-2f11-47aa-a5c5-2ccac8ca7c71,Victini,Black Bolt,171,rare,v1|137640042417|0,Victini 12/86 Holo Rare Black Bolt NM Pokemon TCG,,Ungraded,4000,[],"[""FIXED_PRICE"", ""BEST_OFFER""]",thehobbyarchive,https://i.ebayimg.com/images/g/xcUAAeSwSytqheI~/s-l225.jpg,https://www.ebay.com/itm/137640042417?_skw=Victini+171+Black+Bolt+Pokemon+card&hash=item200bfc5fb1:g:xcUAAeSwSytqheI~,"{""value"": ""1.99"", ""currency"": ""USD""}","[{""shippingCostType"": ""FIXED"", ""shippingCost"": {""value"": ""0.00"", ""currency"": ""USD""}, ""minEstimatedDeliveryDate"": ""2026-09-15T07:00:00.000Z"", ""maxEstimatedDeliveryDate"": ""2026-09-19T07:00:00.000Z""}]",,,PENDING_INDEPENDENT_HUMAN_REVIEW
D2-0443,55096ab6-1773-47c4-bbff-20c1db011223,9f4a2888-2f11-47aa-a5c5-2ccac8ca7c71,Victini,Black Bolt,171,rare,v1|157214137167|458744442243,Black Bolt Pokemon Cards! Holo/Reverse Holo Rare Illustration Full Art SIR Card!,,Ungraded,4000,[],"[""FIXED_PRICE""]",overstackedcards,https://i.ebayimg.com/images/g/KKQAAeSwkd5ooXzT/s-l225.jpg,https://www.ebay.com/itm/157214137167?_skw=Victini+171+Black+Bolt+Pokemon+card&var=458744442243&hash=item249ab15b4f:g:KKQAAeSwkd5ooXzT,"{""value"": ""18.99"", ""currency"": ""USD""}","[{""shippingCostType"": ""FIXED"", ""shippingCost"": {""value"": ""0.00"", ""currency"": ""USD""}, ""minEstimatedDeliveryDate"": ""2026-09-15T07:00:00.000Z"", ""maxEstimatedDeliveryDate"": ""2026-09-18T07:00:00.000Z""}]",,,PENDING_INDEPENDENT_HUMAN_REVIEW
D2-0444,55096ab6-1773-47c4-bbff-20c1db011223,9f4a2888-2f11-47aa-a5c5-2ccac8ca7c71,Victini,Black Bolt,171,rare,v1|158190067274|0,Victini 172/086 Sv: WHT EN /White Flare Holo,,Ungraded,4000,[],"[""FIXED_PRICE""]",jessiemae2a_t,https://i.ebayimg.com/images/g/GxoAAeSwXyBqf-i9/s-l225.jpg,https://www.ebay.com/itm/158190067274?_skw=Victini+171+Black+Bolt+Pokemon+card&hash=item24d4dcde4a:g:GxoAAeSwXyBqf-i9&amdata=enc%3AAQALAAABAACCtXRWQnOEpyOqnQQ8KGb%2FPkvRscTkymmYCafhCbMo%2BzoM003BHOiVxdo8t%2FCbP1yE1IluadAnIZYkcUw3MSCydkzMZ2KgKwlqQx3yDTy0yyxN0mAYTUEexb0rHqJUHv4U1qqK%2BOJ4guUGor0Tdh5ODo%2F0KcxeouVeeYVNel9SLDqcgP3t9Z1sFAGJs9NhZMD51MxWDY7IJtiL0rkfqA59yIXZNR3jtr%2B5s%2FrMfL3WANpzUMFX7Z%2BZur91QGXQ%2BmEX5OzGjX%2FizSJCpIj%2BUDkt3G1McnhPYcxyYaXxQGgBc5O3IUXG%2BAHzolYOKp%2FmRErFBfZT4WguZnFuLWoetKs%3D,"{""value"": ""675.00"", ""currency"": ""USD""}","[{""shippingCostType"": ""CALCULATED""}]",,,PENDING_INDEPENDENT_HUMAN_REVIEW
D2-0445,55096ab6-1773-47c4-bbff-20c1db011223,9f4a2888-2f11-47aa-a5c5-2ccac8ca7c71,Victini,Black Bolt,171,rare,v1|317328672868|0,WHT Victini 172/086 BGS Beckett Gem Mint 9.5,,Graded,2750,[],"[""FIXED_PRICE"", ""BEST_OFFER""]",imdrillin,https://i.ebayimg.com/images/g/wlUAAeSw-npo1FVI/s-l225.jpg,https://www.ebay.com/itm/317328672868?_skw=Victini+171+Black+Bolt+Pokemon+card&hash=item49e2434864:g:wlUAAeSw-npo1FVI&amdata=enc%3AAQALAAABEACCtXRWQnOEpyOqnQQ8KGYrDQLnz0hku8g6drLq%2Bps3bjRpKyftJNNncuyIrvp%2FJ1REFYEYv3HgkdKTPi3BFCsVI2sLO3blWaBSOADkAZfdaksTVjxPKJ8xXk2jdyYm74O%2BF5k4IHDlOz02n4Fc%2FhrYoUVY85HZELQ%2BO3lGUxle02iWNm4I1UbobON5bNwIH%2BxjNTSYiGeIKf96cGaXMKVom%2BgE4Tjc4ZQM2wC4Xg7Kszhx%2BEjO%2B90F85tARxcVNMiXb8U9apM5JJ8W5pS4TIpOiYi8NPTPmUSsZZkW1Q6C1VQrSQ8L8EzroWn5R5Ipki3dysWqtI2ldxG%2BPC0bZppUHjL5a86auZGifto3Xvf9,"{""value"": ""10000.00"", ""currency"": ""USD""}","[{""shippingCostType"": ""CALCULATED""}]",,,PENDING_INDEPENDENT_HUMAN_REVIEW
D2-0446,55096ab6-1773-47c4-bbff-20c1db011223,9f4a2888-2f11-47aa-a5c5-2ccac8ca7c71,Victini,Black Bolt,171,rare,v1|178137250195|0,2025 Pokémon Black Bolt Victini #171 Black White Rare PSA 9,,Graded,2750,[],"[""FIXED_PRICE"", ""BEST_OFFER""]",iansretrorelics,https://i.ebayimg.com/images/g/-hoAAeSwLQ1qB2QX/s-l225.jpg,https://www.ebay.com/itm/178137250195?_skw=Victini+171+Black+Bolt+Pokemon+card&hash=item2979ceb993:g:-hoAAeSwLQ1qB2QX,"{""value"": ""995.00"", ""currency"": ""USD""}","[{""shippingCostType"": ""FIXED"", ""shippingCost"": {""value"": ""0.00"", ""currency"": ""USD""}, ""minEstimatedDeliveryDate"": ""2026-09-15T07:00:00.000Z"", ""maxEstimatedDeliveryDate"": ""2026-09-16T07:00:00.000Z""}]",,,PENDING_INDEPENDENT_HUMAN_REVIEW
D2-0447,55096ab6-1773-47c4-bbff-20c1db011223,9f4a2888-2f11-47aa-a5c5-2ccac8ca7c71,Victini,Black Bolt,171,rare,v1|336772896713|0,Victini 265/SV-P Chinese Promo NEW (like White Flare 172/086 Black Bolt 171/086),,Ungraded,4000,[],"[""FIXED_PRICE"", ""BEST_OFFER""]",shibahobby,https://i.ebayimg.com/images/g/YJ0AAeSwVsxqltYw/s-l225.jpg,https://www.ebay.com/itm/336772896713?_skw=Victini+171+Black+Bolt+Pokemon+card&hash=item4e693a97c9:g:YJ0AAeSwVsxqltYw,"{""value"": ""249.99"", ""currency"": ""USD""}","[{""shippingCostType"": ""FIXED"", ""shippingCost"": {""value"": ""60.00"", ""currency"": ""USD""}, ""minEstimatedDeliveryDate"": ""2026-09-17T07:00:00.000Z"", ""maxEstimatedDeliveryDate"": ""2026-09-23T07:00:00.000Z""}]",,,PENDING_INDEPENDENT_HUMAN_REVIEW
D2-0448,55096ab6-1773-47c4-bbff-20c1db011223,9f4a2888-2f11-47aa-a5c5-2ccac8ca7c71,Victini,Black Bolt,171,rare,v1|157477960049|0,Victini 171/086 Sv: Black Bolt Pokemon Extended Artwork Case,,Ungraded,4000,[],"[""FIXED_PRICE""]",outback_originals,https://i.ebayimg.com/images/g/xR8AAeSwrxppKdsl/s-l225.jpg,https://www.ebay.com/itm/157477960049?_skw=Victini+171+Black+Bolt+Pokemon+card&hash=item24aa6af971:g:xR8AAeSwrxppKdsl,"{""value"": ""12.00"", ""currency"": ""USD""}","[{""shippingCostType"": ""FIXED"", ""shippingCost"": {""value"": ""5.00"", ""currency"": ""USD""}, ""minEstimatedDeliveryDate"": ""2026-09-15T07:00:00.000Z"", ""maxEstimatedDeliveryDate"": ""2026-09-18T07:00:00.000Z""}]",,,PENDING_INDEPENDENT_HUMAN_REVIEW
D2-0449,55096ab6-1773-47c4-bbff-20c1db011223,9f4a2888-2f11-47aa-a5c5-2ccac8ca7c71,Victini,Black Bolt,171,rare,v1|147311445759|0,Pokemon TCG Victini Card 12/86 Black Bolt Holo Rare Near Mint,,Ungraded,4000,[],"[""FIXED_PRICE"", ""BEST_OFFER""]",redherring41,https://i.ebayimg.com/images/g/JjsAAeSw2wNqBpeT/s-l225.jpg,https://www.ebay.com/itm/147311445759?_skw=Victini+171+Black+Bolt+Pokemon+card&hash=item224c7246ff:g:JjsAAeSw2wNqBpeT&amdata=enc%3AAQALAAABAACCtXRWQnOEpyOqnQQ8KGaEsGyiyOgfjYw1RTF0zeMqscmBOnkGji9N2oujRTUr6v0KBDwXSYWawpt4oObHC1FeN%2BXpduARcmA4iXGvHYaiotg09lGR7Uu4uIL9zjV3Wc7iSkC6wKKcKD2zSF9rNSuiPVZHbcn0rSnQ4oiV7wEAGnbCzmt6X2y8a%2FvqKGXwHnDBd%2Bkrlph2KQAzFKMpHQQkizb2b4l5FMpNiXBmLS5oKpuneB5WTPjYFEvPVVcvu3Hb3Bw5pkqRCvcP0Y2IoETBCF%2Fw3ETXO2b4ULQWQMwIR5CmSGZHhGYwcAz%2BJwOvEhXgVRECjd3%2BJZ9cy6oPk3U%3D,"{""value"": ""1.39"", ""currency"": ""USD""}","[{""shippingCostType"": ""CALCULATED""}]",,,PENDING_INDEPENDENT_HUMAN_REVIEW
D2-0450,55096ab6-1773-47c4-bbff-20c1db011223,9f4a2888-2f11-47aa-a5c5-2ccac8ca7c71,Victini,Black Bolt,171,rare,v1|158046398782|0,Victini [BLK - 012/086] Rare Reverse Holofoil NM SV: Black Bolt,,Ungraded,4000,[],"[""FIXED_PRICE""]",nearlyplayedtcg,https://i.ebayimg.com/images/g/dkYAAeSw2ZtqmzVS/s-l225.jpg,https://www.ebay.com/itm/158046398782?_skw=Victini+171+Black+Bolt+Pokemon+card&hash=item24cc4ca93e:g:dkYAAeSw2ZtqmzVS,"{""value"": ""1.69"", ""currency"": ""USD""}","[{""shippingCostType"": ""FIXED"", ""shippingCost"": {""value"": ""0.00"", ""currency"": ""USD""}, ""minEstimatedDeliveryDate"": ""2026-09-15T07:00:00.000Z"", ""maxEstimatedDeliveryDate"": ""2026-09-19T07:00:00.000Z""}]",,,PENDING_INDEPENDENT_HUMAN_REVIEW
D2-0451,5576e4b9-4873-40fa-84c4-da9f28cec096,8614b6c4-8840-4b33-9908-4ded064f570f,Gulpin,Stellar Crown,154,illustration_rare,v1|117286738973|0,Gulpin Illustration Rare SV07: Stellar Crown Holo 154/142 NM,,Ungraded,4000,[],"[""FIXED_PRICE""]",the.tradingcardguy,https://i.ebayimg.com/images/g/06gAAeSwHWVqSxZS/s-l225.jpg,https://www.ebay.com/itm/117286738973?_skw=Gulpin+154+Stellar+Crown+Pokemon+card&hash=item1b4ed59c1d:g:06gAAeSwHWVqSxZS,"{""value"": ""14.99"", ""currency"": ""USD""}","[{""shippingCostType"": ""FIXED"", ""shippingCost"": {""value"": ""0.99"", ""currency"": ""USD""}, ""minEstimatedDeliveryDate"": ""2026-09-15T07:00:00.000Z"", ""maxEstimatedDeliveryDate"": ""2026-09-18T07:00:00.000Z""}]",,,PENDING_INDEPENDENT_HUMAN_REVIEW
D2-0452,5576e4b9-4873-40fa-84c4-da9f28cec096,8614b6c4-8840-4b33-9908-4ded064f570f,Gulpin,Stellar Crown,154,illustration_rare,v1|127458398190|0,CGC Gem Mint 10 Gulpin 154/142 Pokémon Stellar Crown SCR EN,,Graded,2750,[],"[""FIXED_PRICE"", ""BEST_OFFER""]",fortytwo-tcg,https://i.ebayimg.com/images/g/VjUAAeSwrfZpAYcm/s-l225.jpg,https://www.ebay.com/itm/127458398190?_skw=Gulpin+154+Stellar+Crown+Pokemon+card&hash=item1dad1ccfee:g:VjUAAeSwrfZpAYcm&amdata=enc%3AAQALAAABAACCtXRWQnOEpyOqnQQ8KGYftQR8YJ9KHFzCmuanT4%2FNuXclJi9bZmVFMBaETaLkOwbm5lnCbH%2Fwnasy%2FJeftzfdyPD7uugfO0f8REZbuwXciljmwmTJdApLZTBd%2BCoBrTVkrJSr%2FMz2C6wxKUEvuPmTBMsyl0zr7A9j1sphcT5P%2FLPCWIFtFPCxA7qBCLqQcaIpJy2DVnhVliYtpU%2F6ywjlHwYKSL%2Btzf5X01LW%2Bm55aYwQe73Y5Hz1EYp8uwHp0fvWlJj46xnRWLHjf34edp6VqoOx0ERcZD5kZSd7R8L5Rs8sE2hjJPuorW3DFrhB6G6XxcuBLUknBNuvaa4vAcE%3D,"{""value"": ""99.99"", ""currency"": ""USD""}","[{""shippingCostType"": ""FIXED"", ""shippingCost"": {""value"": ""0.00"", ""currency"": ""USD""}, ""minEstimatedDeliveryDate"": ""2026-09-15T07:00:00.000Z"", ""maxEstimatedDeliveryDate"": ""2026-09-21T07:00:00.000Z""}]",,,PENDING_INDEPENDENT_HUMAN_REVIEW
D2-0453,5576e4b9-4873-40fa-84c4-da9f28cec096,8614b6c4-8840-4b33-9908-4ded064f570f,Gulpin,Stellar Crown,154,illustration_rare,v1|127729972792|0,Gulpin 154/142: Stellar Crown Holo NM Near Mint Illustration Rare IR - Collect,,Ungraded,4000,[],"[""FIXED_PRICE"", ""BEST_OFFER""]",bigjsmerch,https://i.ebayimg.com/images/g/RwoAAeSw27lpr2G8/s-l225.jpg,https://www.ebay.com/itm/127729972792?_skw=Gulpin+154+Stellar+Crown+Pokemon+card&hash=item1dbd4cb638:g:RwoAAeSw27lpr2G8,"{""value"": ""18.50"", ""currency"": ""USD""}","[{""shippingCostType"": ""CALCULATED""}]",,,PENDING_INDEPENDENT_HUMAN_REVIEW
D2-0454,5576e4b9-4873-40fa-84c4-da9f28cec096,8614b6c4-8840-4b33-9908-4ded064f570f,Gulpin,Stellar Crown,154,illustration_rare,v1|237052313963|0,Pokemon SCR Gulpin 154/142 NM,,Ungraded,4000,[],"[""FIXED_PRICE""]",stoosert,https://i.ebayimg.com/images/g/33sAAeSwmpZqnM58/s-l225.jpg,https://www.ebay.com/itm/237052313963?_skw=Gulpin+154+Stellar+Crown+Pokemon+card&hash=item37316b416b:g:33sAAeSwmpZqnM58,"{""value"": ""17.38"", ""currency"": ""USD""}","[{""shippingCostType"": ""FIXED"", ""shippingCost"": {""value"": ""0.00"", ""currency"": ""USD""}, ""minEstimatedDeliveryDate"": ""2026-09-15T07:00:00.000Z"", ""maxEstimatedDeliveryDate"": ""2026-09-21T07:00:00.000Z""}]",,,PENDING_INDEPENDENT_HUMAN_REVIEW
D2-0455,5576e4b9-4873-40fa-84c4-da9f28cec096,8614b6c4-8840-4b33-9908-4ded064f570f,Gulpin,Stellar Crown,154,illustration_rare,v1|227465239476|526647808053,Pokemon Trading Card Scarlet & Violet/Mega Illustration Rare: Choose Your Card,,Ungraded,4000,[],"[""FIXED_PRICE""]",calebdann1,https://i.ebayimg.com/images/g/3MYAAeSwiodqdPo7/s-l225.jpg,https://www.ebay.com/itm/227465239476?_skw=Gulpin+154+Stellar+Crown+Pokemon+card&hash=item34f5fc1bb4:g:3MYAAeSwiodqdPo7,"{""value"": ""15.99"", ""currency"": ""USD""}","[{""shippingCostType"": ""CALCULATED""}]",,,PENDING_INDEPENDENT_HUMAN_REVIEW
D2-0456,5576e4b9-4873-40fa-84c4-da9f28cec096,8614b6c4-8840-4b33-9908-4ded064f570f,Gulpin,Stellar Crown,154,illustration_rare,v1|137626767808|0,2024 Gulpin #154 PSA 8 Near Mint Illustration Rare Pokemon Stellar Crown SCR,,Graded,2750,[],"[""FIXED_PRICE""]",rogers_garage,https://i.ebayimg.com/images/g/VOIAAeSwMYFqT~jw/s-l225.jpg,https://www.ebay.com/itm/137626767808?_skw=Gulpin+154+Stellar+Crown+Pokemon+card&hash=item200b31d1c0:g:VOIAAeSwMYFqT~jw&amdata=enc%3AAQALAAABAACCtXRWQnOEpyOqnQQ8KGaNyO7u8dd1B2M5XJwbb5S95wg6SGAbuRNE3HtI%2Bgp%2FbenuNkXgzR811xxHa8zrQCysS%2B49W0Tpcagy0azWsrRbIdXn0EZcr3UAzq8PPeBwBl3zMJPMY7Qj7rJb8gibaZ%2F5CZQBam3fu22Lc%2Fei3KKlvuLbEu8HK3qkzfswNd7exILBDVN1Ch16bmR3s6EKAThZUkVqKSOj8tILRyN0QCvmkOYINlf4yOwxjHsDQ0Kbc%2FlML2ZDvnkDEUiO3i7S9I6i%2BndEfKz6qCSrEY5LfjnGY5x8bVcEOKxnb%2BO4S6Pz8SPIHTPjBZhQK27rBpAju88%3D,"{""value"": ""25.30"", ""currency"": ""USD"", ""convertedFromValue"": ""35.00"", ""convertedFromCurrency"": ""CAD""}","[{""shippingCostType"": ""CALCULATED""}]",,,PENDING_INDEPENDENT_HUMAN_REVIEW
D2-0457,5576e4b9-4873-40fa-84c4-da9f28cec096,8614b6c4-8840-4b33-9908-4ded064f570f,Gulpin,Stellar Crown,154,illustration_rare,v1|127843249262|0,Gulpin 154/142 Sv07: Stellar Crown Holo,,Ungraded,4000,[],"[""FIXED_PRICE"", ""BEST_OFFER""]",eclecticcardsa0,https://i.ebayimg.com/images/g/d8MAAeSwctZp9s4s/s-l225.jpg,https://www.ebay.com/itm/127843249262?_skw=Gulpin+154+Stellar+Crown+Pokemon+card&hash=item1dc40d2c6e:g:d8MAAeSwctZp9s4s&amdata=enc%3AAQALAAABAACCtXRWQnOEpyOqnQQ8KGbt9skXvBUrP4zfTS53f6xOwBKLN%2BujcbFv%2BZrkQppKUrZpPRw0wI6v2tiBblG9UAjJOqv1dm6%2BOSW%2B2evhhURu97FFn8boaPeVj4%2BYWZgmDakZIEyMk0yiukSM301GTXz89WdwMixZbrlOedZ7jKcQozG%2BtZSqzn4CPnVq9FdwOHFRpxqdDpr43MzDgHEjhP3Z3xTNs0hVzGJWyL%2B2a1gFrn13AWQbkv5IRbpr9aasC3DIWIXhQu3AdRfWemXX%2Bj%2F18mfq1lk6xVqgz0luNynazKEQ%2BqmQFoG2G2HWtvYjmp6yyRL9U38S9My39yeviVE%3D,"{""value"": ""11.11"", ""currency"": ""USD""}","[{""shippingCostType"": ""FIXED"", ""shippingCost"": {""value"": ""8.22"", ""currency"": ""USD""}, ""minEstimatedDeliveryDate"": ""2026-09-15T07:00:00.000Z"", ""maxEstimatedDeliveryDate"": ""2026-09-21T07:00:00.000Z""}]",,,PENDING_INDEPENDENT_HUMAN_REVIEW
D2-0458,5576e4b9-4873-40fa-84c4-da9f28cec096,8614b6c4-8840-4b33-9908-4ded064f570f,Gulpin,Stellar Crown,154,illustration_rare,v1|127976497889|0,2024 POKEMON STELLAR CROWN #154/142 GULPIN ILLUSTRATION RARE NM 🎂,,Ungraded,4000,[],"[""FIXED_PRICE""]",pristine_10_collectibles,https://i.ebayimg.com/images/g/eL0AAeSwpx9qV8Cc/s-l225.jpg,https://www.ebay.com/itm/127976497889?_skw=Gulpin+154+Stellar+Crown+Pokemon+card&hash=item1dcbfe62e1:g:eL0AAeSwpx9qV8Cc,"{""value"": ""19.99"", ""currency"": ""USD""}","[{""shippingCostType"": ""CALCULATED""}]",,,PENDING_INDEPENDENT_HUMAN_REVIEW
D2-0459,5576e4b9-4873-40fa-84c4-da9f28cec096,8614b6c4-8840-4b33-9908-4ded064f570f,Gulpin,Stellar Crown,154,illustration_rare,v1|128039481039|0,Gulpin 154/142 Illustration Rare Stellar Crown Pokemon Holo Near Mint,,Ungraded,4000,[],"[""FIXED_PRICE""]",dvldawg33,https://i.ebayimg.com/images/g/Wk0AAeSwWaNqidm4/s-l225.jpg,https://www.ebay.com/itm/128039481039?_skw=Gulpin+154+Stellar+Crown+Pokemon+card&hash=item1dcfbf6ecf:g:Wk0AAeSwWaNqidm4,"{""value"": ""14.00"", ""currency"": ""USD""}","[{""shippingCostType"": ""FIXED"", ""shippingCost"": {""value"": ""1.00"", ""currency"": ""USD""}, ""minEstimatedDeliveryDate"": ""2026-09-15T07:00:00.000Z"", ""maxEstimatedDeliveryDate"": ""2026-09-21T07:00:00.000Z""}]",,,PENDING_INDEPENDENT_HUMAN_REVIEW
D2-0460,5576e4b9-4873-40fa-84c4-da9f28cec096,8614b6c4-8840-4b33-9908-4ded064f570f,Gulpin,Stellar Crown,154,illustration_rare,v1|137373030808|0,Gulpin Illustration Rare SCR SV07: Stellar Crown 154/142 NM Jerky,,Ungraded,4000,[],"[""FIXED_PRICE"", ""BEST_OFFER""]",holofiendtcg,https://i.ebayimg.com/images/g/dJYAAeSwrgZqH1do/s-l225.jpg,https://www.ebay.com/itm/137373030808?_skw=Gulpin+154+Stellar+Crown+Pokemon+card&hash=item1ffc121998:g:dJYAAeSwrgZqH1do,"{""value"": ""16.99"", ""currency"": ""USD""}","[{""shippingCostType"": ""FIXED"", ""shippingCost"": {""value"": ""0.00"", ""currency"": ""USD""}, ""minEstimatedDeliveryDate"": ""2026-09-15T07:00:00.000Z"", ""maxEstimatedDeliveryDate"": ""2026-09-18T07:00:00.000Z""}]",,,PENDING_INDEPENDENT_HUMAN_REVIEW
D2-0461,5576e4b9-4873-40fa-84c4-da9f28cec096,8614b6c4-8840-4b33-9908-4ded064f570f,Gulpin,Stellar Crown,154,illustration_rare,v1|137467265691|0,Pokemon Gulpin 154/142 Illustration Rare Stellar Crown Pokemon Near Mint,,Ungraded,4000,[],"[""FIXED_PRICE""]",sneathawk,https://i.ebayimg.com/images/g/KMwAAeSwaPdqQ6pO/s-l225.jpg,https://www.ebay.com/itm/137467265691?_skw=Gulpin+154+Stellar+Crown+Pokemon+card&hash=item2001b0029b:g:KMwAAeSwaPdqQ6pO,"{""value"": ""14.50"", ""currency"": ""USD""}","[{""shippingCostType"": ""FIXED"", ""shippingCost"": {""value"": ""1.25"", ""currency"": ""USD""}, ""minEstimatedDeliveryDate"": ""2026-09-15T07:00:00.000Z"", ""maxEstimatedDeliveryDate"": ""2026-09-21T07:00:00.000Z""}]",,,PENDING_INDEPENDENT_HUMAN_REVIEW
D2-0462,5576e4b9-4873-40fa-84c4-da9f28cec096,8614b6c4-8840-4b33-9908-4ded064f570f,Gulpin,Stellar Crown,154,illustration_rare,v1|137522904138|0,Gulpin 154/142 - SV07: Stellar Crown - (LP-/MP+),,Ungraded,4000,[],"[""FIXED_PRICE"", ""BEST_OFFER""]",myferrouswheel,https://i.ebayimg.com/images/g/eOcAAeSwzM5qWoJj/s-l225.jpg,https://www.ebay.com/itm/137522904138?_skw=Gulpin+154+Stellar+Crown+Pokemon+card&hash=item200500fc4a:g:eOcAAeSwzM5qWoJj,"{""value"": ""14.49"", ""currency"": ""USD""}","[{""shippingCostType"": ""CALCULATED""}]",,,PENDING_INDEPENDENT_HUMAN_REVIEW
D2-0463,5576e4b9-4873-40fa-84c4-da9f28cec096,8614b6c4-8840-4b33-9908-4ded064f570f,Gulpin,Stellar Crown,154,illustration_rare,v1|137526920574|0,Gulpin 154/142 Illustration Rare Pokemon Card SV07: Stellar Crown,,Ungraded,4000,[],"[""FIXED_PRICE""]",crystaltcg,https://i.ebayimg.com/images/g/ewYAAeSwP19qXBjN/s-l225.jpg,https://www.ebay.com/itm/137526920574?_skw=Gulpin+154+Stellar+Crown+Pokemon+card&hash=item20053e457e:g:ewYAAeSwP19qXBjN,"{""value"": ""20.00"", ""currency"": ""USD""}","[{""shippingCostType"": ""FIXED"", ""shippingCost"": {""value"": ""0.00"", ""currency"": ""USD""}, ""minEstimatedDeliveryDate"": ""2026-09-15T07:00:00.000Z"", ""maxEstimatedDeliveryDate"": ""2026-09-21T07:00:00.000Z""}]",,,PENDING_INDEPENDENT_HUMAN_REVIEW
D2-0464,5576e4b9-4873-40fa-84c4-da9f28cec096,8614b6c4-8840-4b33-9908-4ded064f570f,Gulpin,Stellar Crown,154,illustration_rare,v1|137687695567|0,Gulpin 154/142 Holo SV07: Stellar Crown LP Pokémon TCG,,Ungraded,4000,[],"[""FIXED_PRICE""]",thetradingpostcc,https://i.ebayimg.com/images/g/y9UAAeSwhPJql0Gf/s-l225.jpg,https://www.ebay.com/itm/137687695567?_skw=Gulpin+154+Stellar+Crown+Pokemon+card&hash=item200ed380cf:g:y9UAAeSwhPJql0Gf,"{""value"": ""15.49"", ""currency"": ""USD""}","[{""shippingCostType"": ""FIXED"", ""shippingCost"": {""value"": ""1.00"", ""currency"": ""USD""}, ""minEstimatedDeliveryDate"": ""2026-09-16T07:00:00.000Z"", ""maxEstimatedDeliveryDate"": ""2026-09-23T07:00:00.000Z""}]",,,PENDING_INDEPENDENT_HUMAN_REVIEW
D2-0465,5576e4b9-4873-40fa-84c4-da9f28cec096,8614b6c4-8840-4b33-9908-4ded064f570f,Gulpin,Stellar Crown,154,illustration_rare,v1|147486002711|0,Pokémon TCG Stellar Crown Gulpin Illustration Rare Holo Card 154/142,,Ungraded,4000,[],"[""FIXED_PRICE"", ""BEST_OFFER""]",mkid1666,https://i.ebayimg.com/images/g/1R4AAeSwan9qc-1Q/s-l225.jpg,https://www.ebay.com/itm/147486002711?_skw=Gulpin+154+Stellar+Crown+Pokemon+card&hash=item2256d9ce17:g:1R4AAeSwan9qc-1Q,"{""value"": ""14.00"", ""currency"": ""USD""}","[{""shippingCostType"": ""CALCULATED""}]",,,PENDING_INDEPENDENT_HUMAN_REVIEW
D2-0466,605a2c1a-6a14-463e-b1e2-b55cd9c16244,14ea6011-0e3d-4eff-ac53-6b13e2976a71,Krookodile,Black Bolt,137,illustration_rare,v1|127429637742|0,Krookodile 137/086 Sv: Black Bolt Holo,,Ungraded,4000,[],"[""FIXED_PRICE"", ""BEST_OFFER""]",taylorxmarrie00,https://i.ebayimg.com/images/g/tvYAAeSwx7do7SDg/s-l225.jpg,https://www.ebay.com/itm/127429637742?_skw=Krookodile+137+Black+Bolt+Pokemon+card&hash=item1dab65f66e:g:tvYAAeSwx7do7SDg,"{""value"": ""70.00"", ""currency"": ""USD""}",[],,,PENDING_INDEPENDENT_HUMAN_REVIEW
D2-0467,605a2c1a-6a14-463e-b1e2-b55cd9c16244,14ea6011-0e3d-4eff-ac53-6b13e2976a71,Krookodile,Black Bolt,137,illustration_rare,v1|128071291868|0,Krookodile Illustration Rare SV: Black Bolt 137/086 NM Uninori Holo,,Ungraded,4000,[],"[""FIXED_PRICE""]",pokemanbulk,https://i.ebayimg.com/images/g/oNYAAeSw18JqoeZ8/s-l225.jpg,https://www.ebay.com/itm/128071291868?_skw=Krookodile+137+Black+Bolt+Pokemon+card&hash=item1dd1a4d3dc:g:oNYAAeSw18JqoeZ8,"{""value"": ""51.99"", ""currency"": ""USD""}","[{""shippingCostType"": ""FIXED"", ""shippingCost"": {""value"": ""0.00"", ""currency"": ""USD""}, ""minEstimatedDeliveryDate"": ""2026-09-14T07:00:00.000Z"", ""maxEstimatedDeliveryDate"": ""2026-09-17T07:00:00.000Z""}]",,,PENDING_INDEPENDENT_HUMAN_REVIEW
D2-0468,605a2c1a-6a14-463e-b1e2-b55cd9c16244,14ea6011-0e3d-4eff-ac53-6b13e2976a71,Krookodile,Black Bolt,137,illustration_rare,v1|147452125608|0,Krookodile 137/086 Holo Illustration Rare Black Bolt Pokemon Near Mint,,Ungraded,4000,[],"[""FIXED_PRICE""]",nguyening_plays,https://i.ebayimg.com/images/g/GLgAAeSwfE5qX7yY/s-l225.jpg,https://www.ebay.com/itm/147452125608?_skw=Krookodile+137+Black+Bolt+Pokemon+card&hash=item2254d4e1a8:g:GLgAAeSwfE5qX7yY,"{""value"": ""70.00"", ""currency"": ""USD""}","[{""shippingCostType"": ""FIXED"", ""shippingCost"": {""value"": ""0.00"", ""currency"": ""USD""}, ""minEstimatedDeliveryDate"": ""2026-09-15T07:00:00.000Z"", ""maxEstimatedDeliveryDate"": ""2026-09-21T07:00:00.000Z""}]",,,PENDING_INDEPENDENT_HUMAN_REVIEW
D2-0469,605a2c1a-6a14-463e-b1e2-b55cd9c16244,14ea6011-0e3d-4eff-ac53-6b13e2976a71,Krookodile,Black Bolt,137,illustration_rare,v1|398316668273|0,The Pokémon Company Pokemon TCG Krookodile Full Art Holo English 137/162 170HP,,Ungraded,4000,[],"[""FIXED_PRICE"", ""BEST_OFFER""]",amar_zard,https://i.ebayimg.com/images/g/iRQAAeSwX4xqi06B/s-l225.jpg,https://www.ebay.com/itm/398316668273?_skw=Krookodile+137+Black+Bolt+Pokemon+card&hash=item5cbd860571:g:iRQAAeSwX4xqi06B,"{""value"": ""55.00"", ""currency"": ""USD""}","[{""shippingCostType"": ""CALCULATED""}]",,,PENDING_INDEPENDENT_HUMAN_REVIEW
D2-0470,605a2c1a-6a14-463e-b1e2-b55cd9c16244,14ea6011-0e3d-4eff-ac53-6b13e2976a71,Krookodile,Black Bolt,137,illustration_rare,v1|168663502711|0,Krookodile 137/086 Sv: Black Bolt Holo PSA 9,,Graded,2750,[],"[""FIXED_PRICE""]",nasets81,https://i.ebayimg.com/images/g/XIUAAeSwS8tqmsNA/s-l225.jpg,https://www.ebay.com/itm/168663502711?_skw=Krookodile+137+Black+Bolt+Pokemon+card&hash=item274520cf77:g:XIUAAeSwS8tqmsNA,"{""value"": ""70.00"", ""currency"": ""USD""}","[{""shippingCostType"": ""CALCULATED""}]",,,PENDING_INDEPENDENT_HUMAN_REVIEW
D2-0471,605a2c1a-6a14-463e-b1e2-b55cd9c16244,14ea6011-0e3d-4eff-ac53-6b13e2976a71,Krookodile,Black Bolt,137,illustration_rare,v1|227195840184|0,Pokemon Krookodile IR 137/086 Black Bolt Extended Artwork Case,,Ungraded,4000,[],"[""FIXED_PRICE""]",dragarious,https://i.ebayimg.com/images/g/SBkAAeSwQAVpfTdo/s-l225.jpg,https://www.ebay.com/itm/227195840184?_skw=Krookodile+137+Black+Bolt+Pokemon+card&hash=item34e5ed66b8:g:SBkAAeSwQAVpfTdo,"{""value"": ""12.00"", ""currency"": ""USD""}","[{""shippingCostType"": ""CALCULATED""}]",,,PENDING_INDEPENDENT_HUMAN_REVIEW
D2-0472,605a2c1a-6a14-463e-b1e2-b55cd9c16244,14ea6011-0e3d-4eff-ac53-6b13e2976a71,Krookodile,Black Bolt,137,illustration_rare,v1|147549400107|0,2025 POKEMON SV BLACK BOLT KROOKODILE ILLUSTRATION RARE #137/086,,Ungraded,4000,[],"[""FIXED_PRICE"", ""BEST_OFFER""]",phdbeckett,https://i.ebayimg.com/images/g/y5EAAeSwBD9qmsJA/s-l225.jpg,https://www.ebay.com/itm/147549400107?_skw=Krookodile+137+Black+Bolt+Pokemon+card&hash=item225aa12c2b:g:y5EAAeSwBD9qmsJA,"{""value"": ""54.99"", ""currency"": ""USD""}","[{""shippingCostType"": ""FIXED"", ""shippingCost"": {""value"": ""0.00"", ""currency"": ""USD""}, ""minEstimatedDeliveryDate"": ""2026-09-15T07:00:00.000Z"", ""maxEstimatedDeliveryDate"": ""2026-09-18T07:00:00.000Z""}]",,,PENDING_INDEPENDENT_HUMAN_REVIEW
D2-0473,605a2c1a-6a14-463e-b1e2-b55cd9c16244,14ea6011-0e3d-4eff-ac53-6b13e2976a71,Krookodile,Black Bolt,137,illustration_rare,v1|147564017381|0,Krookodile 137/086 - Illustration Rare - Black Bolt - Pokemon TCG - NM/M,,Ungraded,4000,[],"[""AUCTION""]",ashhucker,https://i.ebayimg.com/images/g/3agAAeSwVDVqonob/s-l225.jpg,https://www.ebay.com/itm/147564017381?_skw=Krookodile+137+Black+Bolt+Pokemon+card&hash=item225b8036e5:g:3agAAeSwVDVqonob,{},"[{""shippingCostType"": ""FIXED"", ""shippingCost"": {""value"": ""21.47"", ""currency"": ""USD"", ""convertedFromValue"": ""30.00"", ""convertedFromCurrency"": ""AUD""}, ""minEstimatedDeliveryDate"": ""2026-09-23T07:00:00.000Z"", ""maxEstimatedDeliveryDate"": ""2026-09-29T07:00:00.000Z""}]",,,PENDING_INDEPENDENT_HUMAN_REVIEW
D2-0474,605a2c1a-6a14-463e-b1e2-b55cd9c16244,14ea6011-0e3d-4eff-ac53-6b13e2976a71,Krookodile,Black Bolt,137,illustration_rare,v1|158192609663|0,Pokemon Krookodile 137/086 Sv: Black Bolt EN Illustration Rare Full Art Holo,,Ungraded,4000,[],"[""FIXED_PRICE"", ""BEST_OFFER""]",jessiemae2a_t,https://i.ebayimg.com/images/g/HgQAAeSw-h9qgPdA/s-l225.jpg,https://www.ebay.com/itm/158192609663?_skw=Krookodile+137+Black+Bolt+Pokemon+card&hash=item24d503a97f:g:HgQAAeSw-h9qgPdA&amdata=enc%3AAQALAAABAACCtXRWQnOEpyOqnQQ8KGZALThHrI5bmiJfOF5%2FmJOfulbwHQGptsCZQ5bx1W04Dl7v9kHim%2Bgaz614KrUcptss1IyQbgMNwfgng0te9Y3sKmMl0zllzRtNP6P3H2pcoqT33tksfqY0hgr7CCR4oM73021D7H5S%2B9z6YbRCzQi%2F1wK9cjm2a%2Ba0IUSg6YiDtUX7jwEM%2BgUZd%2BdQjzaeuGiM5vMATut5MdOpaHS3nGatwpy3bxJ%2FU3meQF%2Fphv8UNRAWGjpX%2F9a7y79QIKE7DkmNpnDEivtFnxXgWx9Ana8yMrb6O%2FpmVXwlk09LUUea9aCmNAkVvT%2BajyspluCh7%2FI%3D,"{""value"": ""60.00"", ""currency"": ""USD""}","[{""shippingCostType"": ""CALCULATED""}]",,,PENDING_INDEPENDENT_HUMAN_REVIEW
D2-0475,605a2c1a-6a14-463e-b1e2-b55cd9c16244,14ea6011-0e3d-4eff-ac53-6b13e2976a71,Krookodile,Black Bolt,137,illustration_rare,v1|158271691590|0,Krookodile 137/086 Illustration Rare Black Bolt Pokemon Near Mint,,Ungraded,4000,[],"[""FIXED_PRICE"", ""BEST_OFFER""]",theprestigelifestyle,https://i.ebayimg.com/images/g/whoAAeSwdRdqoD1s/s-l225.jpg,https://www.ebay.com/itm/158271691590?_skw=Krookodile+137+Black+Bolt+Pokemon+card&hash=item24d9ba5b46:g:whoAAeSwdRdqoD1s,"{""value"": ""49.99"", ""currency"": ""USD""}","[{""shippingCostType"": ""CALCULATED""}]",,,PENDING_INDEPENDENT_HUMAN_REVIEW
D2-0476,605a2c1a-6a14-463e-b1e2-b55cd9c16244,14ea6011-0e3d-4eff-ac53-6b13e2976a71,Krookodile,Black Bolt,137,illustration_rare,v1|168677251180|0,Pokémon TCG Krookodile 137/086 SV Black Bolt Illustration Rare Full Art Holo NM,,Ungraded,4000,[],"[""FIXED_PRICE"", ""BEST_OFFER""]",amumpokemon,https://i.ebayimg.com/images/g/mJAAAeSw9LdqogyP/s-l225.jpg,https://www.ebay.com/itm/168677251180?_skw=Krookodile+137+Black+Bolt+Pokemon+card&hash=item2745f2986c:g:mJAAAeSw9LdqogyP,"{""value"": ""43.95"", ""currency"": ""USD""}","[{""shippingCostType"": ""CALCULATED""}]",,,PENDING_INDEPENDENT_HUMAN_REVIEW
D2-0477,605a2c1a-6a14-463e-b1e2-b55cd9c16244,14ea6011-0e3d-4eff-ac53-6b13e2976a71,Krookodile,Black Bolt,137,illustration_rare,v1|178236831563|0,2025 Pokemon #137/086 Krookodile Illustration Rare - Holo CGC 10,,Graded,2750,[],"[""FIXED_PRICE""]",monmouthcards,https://i.ebayimg.com/images/g/lmcAAeSw0vRqNXze/s-l225.jpg,https://www.ebay.com/itm/178236831563?_skw=Krookodile+137+Black+Bolt+Pokemon+card&hash=item297fbe374b:g:lmcAAeSw0vRqNXze,"{""value"": ""215.99"", ""currency"": ""USD""}","[{""shippingCostType"": ""FIXED"", ""shippingCost"": {""value"": ""4.99"", ""currency"": ""USD""}, ""minEstimatedDeliveryDate"": ""2026-09-15T07:00:00.000Z"", ""maxEstimatedDeliveryDate"": ""2026-09-21T07:00:00.000Z""}]",,,PENDING_INDEPENDENT_HUMAN_REVIEW
D2-0478,605a2c1a-6a14-463e-b1e2-b55cd9c16244,14ea6011-0e3d-4eff-ac53-6b13e2976a71,Krookodile,Black Bolt,137,illustration_rare,v1|178319400449|0,2025 Pokemon Scarlet & Violet Black Bolt Krookodile Secret Rare #137/86,,Ungraded,4000,[],"[""FIXED_PRICE""]",mint_card_co,https://i.ebayimg.com/images/g/0FwAAeSwsFZqcL0p/s-l225.jpg,https://www.ebay.com/itm/178319400449?_skw=Krookodile+137+Black+Bolt+Pokemon+card&hash=item2984aa1e01:g:0FwAAeSwsFZqcL0p,"{""value"": ""71.65"", ""currency"": ""USD""}","[{""shippingCostType"": ""FIXED"", ""shippingCost"": {""value"": ""5.99"", ""currency"": ""USD""}, ""minEstimatedDeliveryDate"": ""2026-09-15T07:00:00.000Z"", ""maxEstimatedDeliveryDate"": ""2026-09-19T07:00:00.000Z""}]",,,PENDING_INDEPENDENT_HUMAN_REVIEW
D2-0479,605a2c1a-6a14-463e-b1e2-b55cd9c16244,14ea6011-0e3d-4eff-ac53-6b13e2976a71,Krookodile,Black Bolt,137,illustration_rare,v1|178369829723|0,2025 Pokemon Scarlet & Violet Black Bolt Krookodile 137/86 Holo Secret Rare,,Ungraded,4000,[],"[""FIXED_PRICE""]",mint_card_co,https://i.ebayimg.com/images/g/XpIAAeSw529qcHLc/s-l225.jpg,https://www.ebay.com/itm/178369829723?_skw=Krookodile+137+Black+Bolt+Pokemon+card&hash=item2987ab9b5b:g:XpIAAeSw529qcHLc,"{""value"": ""71.65"", ""currency"": ""USD""}","[{""shippingCostType"": ""FIXED"", ""shippingCost"": {""value"": ""5.99"", ""currency"": ""USD""}, ""minEstimatedDeliveryDate"": ""2026-09-15T07:00:00.000Z"", ""maxEstimatedDeliveryDate"": ""2026-09-19T07:00:00.000Z""}]",,,PENDING_INDEPENDENT_HUMAN_REVIEW
D2-0480,605a2c1a-6a14-463e-b1e2-b55cd9c16244,14ea6011-0e3d-4eff-ac53-6b13e2976a71,Krookodile,Black Bolt,137,illustration_rare,v1|178423141918|0,Krookodile 137/086 Black Bolt NM Holo Illustration Rare Pokemon,,Ungraded,4000,[],"[""FIXED_PRICE""]",pcamart,https://i.ebayimg.com/images/g/0AgAAeSwbr9qhaoK/s-l225.jpg,https://www.ebay.com/itm/178423141918?_skw=Krookodile+137+Black+Bolt+Pokemon+card&hash=item298ad9161e:g:0AgAAeSwbr9qhaoK,"{""value"": ""85.88"", ""currency"": ""USD"", ""convertedFromValue"": ""120.00"", ""convertedFromCurrency"": ""AUD""}","[{""shippingCostType"": ""FIXED"", ""shippingCost"": {""value"": ""63.70"", ""currency"": ""USD"", ""convertedFromValue"": ""89.00"", ""convertedFromCurrency"": ""AUD""}, ""minEstimatedDeliveryDate"": ""2026-09-16T07:00:00.000Z"", ""maxEstimatedDeliveryDate"": ""2026-09-18T07:00:00.000Z""}]",,,PENDING_INDEPENDENT_HUMAN_REVIEW
D2-0481,640cd931-d97f-4173-ad9d-3ab86f91d92c,c79d38c0-0768-4f3e-80fe-8490d79b00b1,Pecharunt ex,Shrouded Fable,93,special_illustration_rare,v1|156711262056|0,Pecharunt Ex Shrouded Fable 93,,Ungraded,4000,[],"[""FIXED_PRICE"", ""BEST_OFFER""]",whe-4454,https://i.ebayimg.com/images/g/uLAAAeSwlFtns8JL/s-l225.jpg,https://www.ebay.com/itm/156711262056?_skw=Pecharunt+ex+93+Shrouded+Fable+Pokemon+card&hash=item247cb81768:g:uLAAAeSwlFtns8JL,"{""value"": ""20.00"", ""currency"": ""USD""}",[],,,PENDING_INDEPENDENT_HUMAN_REVIEW
D2-0482,640cd931-d97f-4173-ad9d-3ab86f91d92c,c79d38c0-0768-4f3e-80fe-8490d79b00b1,Pecharunt ex,Shrouded Fable,93,special_illustration_rare,v1|318399228216|0,Pecharunt ex - Holo SV6PT5 Shrouded Fable 93/64 NM Pokemon,,Ungraded,4000,[],"[""FIXED_PRICE""]",ripdat1,https://i.ebayimg.com/images/g/mU0AAeSwTAhqHswY/s-l225.jpg,https://www.ebay.com/itm/318399228216?_skw=Pecharunt+ex+93+Shrouded+Fable+Pokemon+card&hash=item4a2212a938:g:mU0AAeSwTAhqHswY,"{""value"": ""24.99"", ""currency"": ""USD""}","[{""shippingCostType"": ""CALCULATED""}]",,,PENDING_INDEPENDENT_HUMAN_REVIEW
D2-0483,640cd931-d97f-4173-ad9d-3ab86f91d92c,c79d38c0-0768-4f3e-80fe-8490d79b00b1,Pecharunt ex,Shrouded Fable,93,special_illustration_rare,v1|355993623739|0,Pecharunt Ex 93/64,,Ungraded,4000,[],"[""FIXED_PRICE"", ""BEST_OFFER""]",tdtw_29,https://i.ebayimg.com/images/g/~lEAAOSwlD9mz96d/s-l225.jpg,https://www.ebay.com/itm/355993623739?_skw=Pecharunt+ex+93+Shrouded+Fable+Pokemon+card&hash=item52e2df9cbb:g:~lEAAOSwlD9mz96d,"{""value"": ""28.70"", ""currency"": ""USD""}","[{""shippingCostType"": ""CALCULATED""}]",,,PENDING_INDEPENDENT_HUMAN_REVIEW
D2-0484,640cd931-d97f-4173-ad9d-3ab86f91d92c,c79d38c0-0768-4f3e-80fe-8490d79b00b1,Pecharunt ex,Shrouded Fable,93,special_illustration_rare,v1|117137602960|0,Pecharunt EX 39/64 Pokemon Shrouded Fable Holo Double Rare. Pk001401,,Ungraded,4000,[],"[""FIXED_PRICE"", ""BEST_OFFER""]",camaroboysam,https://i.ebayimg.com/images/g/fkwAAeSwAxtp2n2M/s-l225.jpg,https://www.ebay.com/itm/117137602960?_skw=Pecharunt+ex+93+Shrouded+Fable+Pokemon+card&hash=item1b45f1f990:g:fkwAAeSwAxtp2n2M,"{""value"": ""5.00"", ""currency"": ""USD""}","[{""shippingCostType"": ""FIXED"", ""shippingCost"": {""value"": ""1.50"", ""currency"": ""USD""}, ""minEstimatedDeliveryDate"": ""2026-09-15T07:00:00.000Z"", ""maxEstimatedDeliveryDate"": ""2026-09-21T07:00:00.000Z""}]",,,PENDING_INDEPENDENT_HUMAN_REVIEW
D2-0485,640cd931-d97f-4173-ad9d-3ab86f91d92c,c79d38c0-0768-4f3e-80fe-8490d79b00b1,Pecharunt ex,Shrouded Fable,93,special_illustration_rare,v1|127124892546|0,Pokemon Pecharunt EX 85/64 Full Art Shrouded Fable,,Ungraded,4000,[],"[""FIXED_PRICE"", ""BEST_OFFER""]",cofis_8896,https://i.ebayimg.com/images/g/MIcAAeSwBFVoLUJi/s-l225.jpg,https://www.ebay.com/itm/127124892546?_skw=Pecharunt+ex+93+Shrouded+Fable+Pokemon+card&hash=item1d993beb82:g:MIcAAeSwBFVoLUJi,"{""value"": ""5.00"", ""currency"": ""USD""}","[{""shippingCostType"": ""CALCULATED""}]",,,PENDING_INDEPENDENT_HUMAN_REVIEW
D2-0486,640cd931-d97f-4173-ad9d-3ab86f91d92c,c79d38c0-0768-4f3e-80fe-8490d79b00b1,Pecharunt ex,Shrouded Fable,93,special_illustration_rare,v1|127461341516|0,CGC Gem Mint 10 Pecharunt ex 093/064 Pokémon Shrouded Fable SFA EN,,Graded,2750,[],"[""FIXED_PRICE"", ""BEST_OFFER""]",fortytwo-tcg,https://i.ebayimg.com/images/g/6t0AAeSwBy9pA6q4/s-l225.jpg,https://www.ebay.com/itm/127461341516?_skw=Pecharunt+ex+93+Shrouded+Fable+Pokemon+card&hash=item1dad49b94c:g:6t0AAeSwBy9pA6q4&amdata=enc%3AAQALAAABEACCtXRWQnOEpyOqnQQ8KGZWWuzz60YZ9KuryAgGmU3FKFipP9N%2FIGqlg%2F3vvj6V3kPuh6Bkj5VkdLsIl5Ok1nP3fKNo0wGSxAotSyzacjlzhq2AmuxSCvKbBFWFsp5ltXd4kAILDCIKSUY3QyhIlBPS%2BB%2Bf7vi3yoD6UJni48Y%2B2LB1giI8LhAqMy9QS%2BphaWYZUP7RNpnidp8Bl7spP%2BBSDlcvMkZivvzV%2BIILsNXFnrGD0VmfkrFhiTecTfY9b3j%2BTzSZhliAodBU7ff31kYC1npXcfSDyzidKXq8%2B8tLWX5ADxaEM7m8UglNGSTpLzzSSUjtJx5vp9VpoWmb4cWBkIqhcJAnu6ZUNPhIqQFy,"{""value"": ""174.99"", ""currency"": ""USD""}","[{""shippingCostType"": ""FIXED"", ""shippingCost"": {""value"": ""0.00"", ""currency"": ""USD""}, ""minEstimatedDeliveryDate"": ""2026-09-15T07:00:00.000Z"", ""maxEstimatedDeliveryDate"": ""2026-09-21T07:00:00.000Z""}]",,,PENDING_INDEPENDENT_HUMAN_REVIEW
D2-0487,640cd931-d97f-4173-ad9d-3ab86f91d92c,c79d38c0-0768-4f3e-80fe-8490d79b00b1,Pecharunt ex,Shrouded Fable,93,special_illustration_rare,v1|335553765532|545048298830,Pokemon SV6.5 Shrouded Fable NM YouPICK! 1-99 Reverse Holo RH ex IR FA SIR HR,,Ungraded,4000,[],"[""FIXED_PRICE""]",biggyfish,https://i.ebayimg.com/images/g/DAUAAOSwdfZm0Ldg/s-l225.jpg,https://www.ebay.com/itm/335553765532?_skw=Pecharunt+ex+93+Shrouded+Fable+Pokemon+card&hash=item4e2090209c:g:DAUAAOSwdfZm0Ldg,"{""value"": ""7.99"", ""currency"": ""USD""}","[{""shippingCostType"": ""FIXED"", ""shippingCost"": {""value"": ""0.79"", ""currency"": ""USD""}, ""minEstimatedDeliveryDate"": ""2026-09-15T07:00:00.000Z"", ""maxEstimatedDeliveryDate"": ""2026-09-18T07:00:00.000Z""}]",,,PENDING_INDEPENDENT_HUMAN_REVIEW
D2-0488,640cd931-d97f-4173-ad9d-3ab86f91d92c,c79d38c0-0768-4f3e-80fe-8490d79b00b1,Pecharunt ex,Shrouded Fable,93,special_illustration_rare,v1|375624282343|645237667969,"Shrouded Fable You Pick Holo, Reverse Holo,Ex, Foil Energy Cards",,Ungraded,4000,[],"[""FIXED_PRICE""]",jrsunique_17,https://i.ebayimg.com/images/g/IM0AAeSwA-lo9Kiw/s-l225.jpg,https://www.ebay.com/itm/375624282343?_skw=Pecharunt+ex+93+Shrouded+Fable+Pokemon+card&hash=item5774f3b0e7:g:IM0AAeSwA-lo9Kiw,"{""value"": ""30.00"", ""currency"": ""USD""}","[{""shippingCostType"": ""FIXED"", ""shippingCost"": {""value"": ""1.00"", ""currency"": ""USD""}, ""minEstimatedDeliveryDate"": ""2026-09-15T07:00:00.000Z"", ""maxEstimatedDeliveryDate"": ""2026-09-21T07:00:00.000Z""}]",,,PENDING_INDEPENDENT_HUMAN_REVIEW
D2-0489,640cd931-d97f-4173-ad9d-3ab86f91d92c,c79d38c0-0768-4f3e-80fe-8490d79b00b1,Pecharunt ex,Shrouded Fable,93,special_illustration_rare,v1|137305486390|0,Pokemon Pecharunt ex 085/064 Shrouded Fable Holo Near Mint,,Ungraded,4000,[],"[""FIXED_PRICE""]",vantasupplyco,https://i.ebayimg.com/images/g/n9IAAeSw37VqA-3T/s-l225.jpg,https://www.ebay.com/itm/137305486390?_skw=Pecharunt+ex+93+Shrouded+Fable+Pokemon+card&hash=item1ff80b7436:g:n9IAAeSw37VqA-3T,"{""value"": ""7.00"", ""currency"": ""USD""}","[{""shippingCostType"": ""CALCULATED""}]",,,PENDING_INDEPENDENT_HUMAN_REVIEW
D2-0490,640cd931-d97f-4173-ad9d-3ab86f91d92c,c79d38c0-0768-4f3e-80fe-8490d79b00b1,Pecharunt ex,Shrouded Fable,93,special_illustration_rare,v1|178170103808|0,Pokémon TCG Pecharunt EX Shrouded Fable Ultra Rare Holo Card 085/064 FA,,Ungraded,4000,[],"[""FIXED_PRICE"", ""BEST_OFFER""]",alfri-59,https://i.ebayimg.com/images/g/sbQAAeSwANdqFy76/s-l225.jpg,https://www.ebay.com/itm/178170103808?_skw=Pecharunt+ex+93+Shrouded+Fable+Pokemon+card&hash=item297bc40800:g:sbQAAeSwANdqFy76,"{""value"": ""6.30"", ""currency"": ""USD""}","[{""shippingCostType"": ""CALCULATED""}]",,,PENDING_INDEPENDENT_HUMAN_REVIEW
D2-0491,640cd931-d97f-4173-ad9d-3ab86f91d92c,c79d38c0-0768-4f3e-80fe-8490d79b00b1,Pecharunt ex,Shrouded Fable,93,special_illustration_rare,v1|188830400706|0,Pokémon Pecharunt ex 039/064 Shrouded Fable Holo Nm,,Ungraded,4000,[],"[""FIXED_PRICE"", ""BEST_OFFER""]",cards_n_stuff4,https://i.ebayimg.com/images/g/gO4AAeSwnsNqilwG/s-l225.jpg,https://www.ebay.com/itm/188830400706?_skw=Pecharunt+ex+93+Shrouded+Fable+Pokemon+card&hash=item2bf72b40c2:g:gO4AAeSwnsNqilwG,"{""value"": ""3.99"", ""currency"": ""USD""}","[{""shippingCostType"": ""FIXED"", ""shippingCost"": {""value"": ""0.99"", ""currency"": ""USD""}, ""minEstimatedDeliveryDate"": ""2026-09-16T07:00:00.000Z"", ""maxEstimatedDeliveryDate"": ""2026-09-22T07:00:00.000Z""}]",,,PENDING_INDEPENDENT_HUMAN_REVIEW
D2-0492,640cd931-d97f-4173-ad9d-3ab86f91d92c,c79d38c0-0768-4f3e-80fe-8490d79b00b1,Pecharunt ex,Shrouded Fable,93,special_illustration_rare,v1|198535827134|0,Pokémon TCG - Pecharunt ex 39/64 - Shrouded Fable Double Rare - NM,,Ungraded,4000,[],"[""FIXED_PRICE"", ""BEST_OFFER""]",pokemonstuhz,https://i.ebayimg.com/images/g/GogAAeSww8NpKTe6/s-l225.jpg,https://www.ebay.com/itm/198535827134?_skw=Pecharunt+ex+93+Shrouded+Fable+Pokemon+card&hash=item2e39a84ebe:g:GogAAeSww8NpKTe6,"{""value"": ""5.99"", ""currency"": ""USD""}","[{""shippingCostType"": ""CALCULATED""}]",,,PENDING_INDEPENDENT_HUMAN_REVIEW
D2-0493,640cd931-d97f-4173-ad9d-3ab86f91d92c,c79d38c0-0768-4f3e-80fe-8490d79b00b1,Pecharunt ex,Shrouded Fable,93,special_illustration_rare,v1|206534796963|0,Pokemon Pecharunt ex 39/64 Shrouded Fable Double Rare Normal NM TCG Darkness,,Ungraded,4000,[],"[""FIXED_PRICE""]",theotrades1,https://i.ebayimg.com/images/g/cL0AAeSwfyppqa~b/s-l225.jpg,https://www.ebay.com/itm/206534796963?_skw=Pecharunt+ex+93+Shrouded+Fable+Pokemon+card&hash=item30166ee6a3:g:cL0AAeSwfyppqa~b,"{""value"": ""7.99"", ""currency"": ""USD""}","[{""shippingCostType"": ""FIXED"", ""shippingCost"": {""value"": ""1.00"", ""currency"": ""USD""}, ""minEstimatedDeliveryDate"": ""2026-09-14T07:00:00.000Z"", ""maxEstimatedDeliveryDate"": ""2026-09-17T07:00:00.000Z""}]",,,PENDING_INDEPENDENT_HUMAN_REVIEW
D2-0494,640cd931-d97f-4173-ad9d-3ab86f91d92c,c79d38c0-0768-4f3e-80fe-8490d79b00b1,Pecharunt ex,Shrouded Fable,93,special_illustration_rare,v1|227311493993|0,Pokémon TCG Pecharunt EX Ultra Rare Shrouded Fable Card 085/064,,Ungraded,4000,[],"[""FIXED_PRICE""]",alb-3118,https://i.ebayimg.com/images/g/VlUAAeSwmvtp6DcS/s-l225.jpg,https://www.ebay.com/itm/227311493993?_skw=Pecharunt+ex+93+Shrouded+Fable+Pokemon+card&hash=item34ecd22369:g:VlUAAeSwmvtp6DcS,"{""value"": ""7.00"", ""currency"": ""USD""}","[{""shippingCostType"": ""CALCULATED""}]",,,PENDING_INDEPENDENT_HUMAN_REVIEW
D2-0495,640cd931-d97f-4173-ad9d-3ab86f91d92c,c79d38c0-0768-4f3e-80fe-8490d79b00b1,Pecharunt ex,Shrouded Fable,93,special_illustration_rare,v1|236433364329|0,Pokémon TCG Pecharunt ex 39/64 Shrouded Fable Double Rare NM Holo 2024,,Ungraded,4000,[],"[""FIXED_PRICE""]",jon_jons_toys,https://i.ebayimg.com/images/g/Ek8AAeSw8sRpCIsq/s-l225.jpg,https://www.ebay.com/itm/236433364329?_skw=Pecharunt+ex+93+Shrouded+Fable+Pokemon+card&hash=item370c86d569:g:Ek8AAeSw8sRpCIsq,"{""value"": ""2.23"", ""currency"": ""USD""}","[{""shippingCostType"": ""CALCULATED""}]",,,PENDING_INDEPENDENT_HUMAN_REVIEW
D2-0496,64c0404b-826f-493d-9c10-738b2b56eca4,9f6c24f7-6a76-471f-ad81-d3901c5e9088,Mega Audino ex,Ascended Heroes,253,ultra_rare,v1|117396661022|0,Mega Audino ex 253/217 Ultra Rare Ascended Heroes Pokemon Holo Near Mint,,Ungraded,4000,[],"[""FIXED_PRICE""]",sendittcg,https://i.ebayimg.com/images/g/R2cAAeSwM2lqm5Gi/s-l225.jpg,https://www.ebay.com/itm/117396661022?_skw=Mega+Audino+ex+253+Ascended+Heroes+Pokemon+card&hash=item1b5562e31e:g:R2cAAeSwM2lqm5Gi,"{""value"": ""2.41"", ""currency"": ""USD""}","[{""shippingCostType"": ""FIXED"", ""shippingCost"": {""value"": ""0.00"", ""currency"": ""USD""}, ""minEstimatedDeliveryDate"": ""2026-09-16T07:00:00.000Z"", ""maxEstimatedDeliveryDate"": ""2026-09-23T07:00:00.000Z""}]",,,PENDING_INDEPENDENT_HUMAN_REVIEW
D2-0497,64c0404b-826f-493d-9c10-738b2b56eca4,9f6c24f7-6a76-471f-ad81-d3901c5e9088,Mega Audino ex,Ascended Heroes,253,ultra_rare,v1|128049921145|0,Mega Audino ex 253/217 Ultra Rare ME: Ascended Heroes Pokemon Near Mint,,Ungraded,4000,[],"[""FIXED_PRICE"", ""BEST_OFFER""]",olsensportscards,https://i.ebayimg.com/images/g/bdwAAeSwEu1qkjI-/s-l225.jpg,https://www.ebay.com/itm/128049921145?_skw=Mega+Audino+ex+253+Ascended+Heroes+Pokemon+card&hash=item1dd05ebc79:g:bdwAAeSwEu1qkjI-,"{""value"": ""2.99"", ""currency"": ""USD""}","[{""shippingCostType"": ""CALCULATED""}]",,,PENDING_INDEPENDENT_HUMAN_REVIEW
D2-0498,64c0404b-826f-493d-9c10-738b2b56eca4,9f6c24f7-6a76-471f-ad81-d3901c5e9088,Mega Audino ex,Ascended Heroes,253,ultra_rare,v1|128054399371|0,Pokemon: Ascended Heroes - Mega Audino Ex 253/217 Full Art English,,Ungraded,4000,[],"[""FIXED_PRICE""]",dittosquirtle_6,https://i.ebayimg.com/images/g/snIAAeSwzkRqlfwM/s-l225.jpg,https://www.ebay.com/itm/128054399371?_skw=Mega+Audino+ex+253+Ascended+Heroes+Pokemon+card&hash=item1dd0a3118b:g:snIAAeSwzkRqlfwM,"{""value"": ""1.99"", ""currency"": ""USD""}","[{""shippingCostType"": ""CALCULATED""}]",,,PENDING_INDEPENDENT_HUMAN_REVIEW
D2-0499,64c0404b-826f-493d-9c10-738b2b56eca4,9f6c24f7-6a76-471f-ad81-d3901c5e9088,Mega Audino ex,Ascended Heroes,253,ultra_rare,v1|366638726351|0,Mega Audino EX #253/217 Full Art ME:Ascended Heros,,Ungraded,4000,[],"[""FIXED_PRICE"", ""BEST_OFFER""]",avselitecards,https://i.ebayimg.com/images/g/dD0AAeSwyTVqlNV6/s-l225.jpg,https://www.ebay.com/itm/366638726351?_skw=Mega+Audino+ex+253+Ascended+Heroes+Pokemon+card&hash=item555d5efccf:g:dD0AAeSwyTVqlNV6,"{""value"": ""2.00"", ""currency"": ""USD""}","[{""shippingCostType"": ""FIXED"", ""shippingCost"": {""value"": ""0.78"", ""currency"": ""USD""}, ""minEstimatedDeliveryDate"": ""2026-09-15T07:00:00.000Z"", ""maxEstimatedDeliveryDate"": ""2026-09-21T07:00:00.000Z""}]",,,PENDING_INDEPENDENT_HUMAN_REVIEW
D2-0500,64c0404b-826f-493d-9c10-738b2b56eca4,9f6c24f7-6a76-471f-ad81-d3901c5e9088,Mega Audino ex,Ascended Heroes,253,ultra_rare,v1|158122597813|0,2026 Pokemon Ascended Heroes #253 Mega Audino EX Ultra Rare PSA 10 Card GEM MINT,,Graded,2750,[],"[""FIXED_PRICE""]",pokefeensstore,https://i.ebayimg.com/images/g/oKwAAeSw0XBqZpG7/s-l225.jpg,https://www.ebay.com/itm/158122597813?_skw=Mega+Audino+ex+253+Ascended+Heroes+Pokemon+card&hash=item24d0d75db5:g:oKwAAeSw0XBqZpG7,"{""value"": ""68.88"", ""currency"": ""USD""}","[{""shippingCostType"": ""FIXED"", ""shippingCost"": {""value"": ""0.00"", ""currency"": ""USD""}, ""minEstimatedDeliveryDate"": ""2026-09-14T07:00:00.000Z"", ""maxEstimatedDeliveryDate"": ""2026-09-17T07:00:00.000Z""}]",,,PENDING_INDEPENDENT_HUMAN_REVIEW
D2-0501,64c0404b-826f-493d-9c10-738b2b56eca4,9f6c24f7-6a76-471f-ad81-d3901c5e9088,Mega Audino ex,Ascended Heroes,253,ultra_rare,v1|287565218457|0,~ESP~ SPANISH Mega Audino ex 253 Ascended Heroes LA Pokemon Card (q2),,Ungraded,4000,[],"[""FIXED_PRICE""]",darkshadeoriginal,https://i.ebayimg.com/images/g/QYYAAeSwEu1qmtQ0/s-l225.jpg,https://www.ebay.com/itm/287565218457?_skw=Mega+Audino+ex+253+Ascended+Heroes+Pokemon+card&hash=item42f4390299:g:QYYAAeSwEu1qmtQ0,"{""value"": ""4.00"", ""currency"": ""USD""}","[{""shippingCostType"": ""FIXED"", ""shippingCost"": {""value"": ""0.78"", ""currency"": ""USD""}, ""minEstimatedDeliveryDate"": ""2026-09-15T07:00:00.000Z"", ""maxEstimatedDeliveryDate"": ""2026-09-21T07:00:00.000Z""}]",,,PENDING_INDEPENDENT_HUMAN_REVIEW
D2-0502,64c0404b-826f-493d-9c10-738b2b56eca4,9f6c24f7-6a76-471f-ad81-d3901c5e9088,Mega Audino ex,Ascended Heroes,253,ultra_rare,v1|147565169829|0,MEGA AUDINO EX POKEMON ASCENDED HEROES 253/217 ULTRA RARE LIGHTLY PLAYED,,Ungraded,4000,[],"[""FIXED_PRICE""]",halocop237,https://i.ebayimg.com/images/g/YosAAeSwAt5qo0PL/s-l225.jpg,https://www.ebay.com/itm/147565169829?_skw=Mega+Audino+ex+253+Ascended+Heroes+Pokemon+card&hash=item225b91cca5:g:YosAAeSwAt5qo0PL,"{""value"": ""1.72"", ""currency"": ""USD""}","[{""shippingCostType"": ""FIXED"", ""shippingCost"": {""value"": ""1.00"", ""currency"": ""USD""}, ""minEstimatedDeliveryDate"": ""2026-09-15T07:00:00.000Z"", ""maxEstimatedDeliveryDate"": ""2026-09-19T07:00:00.000Z""}]",,,PENDING_INDEPENDENT_HUMAN_REVIEW
D2-0503,64c0404b-826f-493d-9c10-738b2b56eca4,9f6c24f7-6a76-471f-ad81-d3901c5e9088,Mega Audino ex,Ascended Heroes,253,ultra_rare,v1|128064615353|0,Mega Audino ex 253/217 Ultra Rare Ascended Heroes Pokemon TCG NM,,Ungraded,4000,[],"[""AUCTION"", ""BEST_OFFER""]",danav242424,https://i.ebayimg.com/images/g/HysAAeSw86Vqbpjn/s-l225.jpg,https://www.ebay.com/itm/128064615353?_skw=Mega+Audino+ex+253+Ascended+Heroes+Pokemon+card&hash=item1dd13ef3b9:g:HysAAeSw86Vqbpjn,{},"[{""shippingCostType"": ""CALCULATED""}]",,,PENDING_INDEPENDENT_HUMAN_REVIEW
D2-0504,64c0404b-826f-493d-9c10-738b2b56eca4,9f6c24f7-6a76-471f-ad81-d3901c5e9088,Mega Audino ex,Ascended Heroes,253,ultra_rare,v1|137664883542|0,Mega Audino ex - 253/217 - Ultra Rare - Ascended Heroes - Pokemon Holo - - NM,,Ungraded,4000,[],"[""FIXED_PRICE""]",mibr-4990,https://i.ebayimg.com/images/g/unEAAeSw-8lqj1ak/s-l225.jpg,https://www.ebay.com/itm/137664883542?_skw=Mega+Audino+ex+253+Ascended+Heroes+Pokemon+card&hash=item200d776b56:g:unEAAeSw-8lqj1ak,"{""value"": ""2.49"", ""currency"": ""USD""}","[{""shippingCostType"": ""CALCULATED""}]",,,PENDING_INDEPENDENT_HUMAN_REVIEW
D2-0505,64c0404b-826f-493d-9c10-738b2b56eca4,9f6c24f7-6a76-471f-ad81-d3901c5e9088,Mega Audino ex,Ascended Heroes,253,ultra_rare,v1|137686098184|0,Mega Audino ex 253/217 Ascended Heroes Holo Ultra Rare Pokemon English Near Mint,,Ungraded,4000,[],"[""FIXED_PRICE""]",ftmgrp,https://i.ebayimg.com/images/g/UagAAeSwxFVqlsMu/s-l225.jpg,https://www.ebay.com/itm/137686098184?_skw=Mega+Audino+ex+253+Ascended+Heroes+Pokemon+card&hash=item200ebb2108:g:UagAAeSwxFVqlsMu,"{""value"": ""1.99"", ""currency"": ""USD""}",[],,,PENDING_INDEPENDENT_HUMAN_REVIEW
D2-0506,64c0404b-826f-493d-9c10-738b2b56eca4,9f6c24f7-6a76-471f-ad81-d3901c5e9088,Mega Audino ex,Ascended Heroes,253,ultra_rare,v1|137706817558|0,Mega Audino EX #253/217 2026 Mega Evolution – Ascended Heroes Pokemon TCG NM,,Ungraded,4000,[],"[""FIXED_PRICE"", ""BEST_OFFER""]",pokeskye-com,https://i.ebayimg.com/images/g/fucAAeSwjh5qnbIc/s-l225.jpg,https://www.ebay.com/itm/137706817558?_skw=Mega+Audino+ex+253+Ascended+Heroes+Pokemon+card&hash=item200ff74816:g:fucAAeSwjh5qnbIc,"{""value"": ""16.61"", ""currency"": ""USD""}","[{""shippingCostType"": ""FIXED"", ""shippingCost"": {""value"": ""1.99"", ""currency"": ""USD""}, ""minEstimatedDeliveryDate"": ""2026-09-15T07:00:00.000Z"", ""maxEstimatedDeliveryDate"": ""2026-09-18T07:00:00.000Z""}]",,,PENDING_INDEPENDENT_HUMAN_REVIEW
D2-0507,64c0404b-826f-493d-9c10-738b2b56eca4,9f6c24f7-6a76-471f-ad81-d3901c5e9088,Mega Audino ex,Ascended Heroes,253,ultra_rare,v1|147534584372|0,Mega Audino ex Holo Ultra Rare ME: Ascended Heroes 253/217 NM,,Ungraded,4000,[],"[""FIXED_PRICE"", ""BEST_OFFER""]",peak_collective,https://i.ebayimg.com/images/g/2uIAAeSwCjpqklfL/s-l225.jpg,https://www.ebay.com/itm/147534584372?_skw=Mega+Audino+ex+253+Ascended+Heroes+Pokemon+card&hash=item2259bf1a34:g:2uIAAeSwCjpqklfL,"{""value"": ""1.86"", ""currency"": ""USD""}","[{""shippingCostType"": ""FIXED"", ""shippingCost"": {""value"": ""0.79"", ""currency"": ""USD""}, ""minEstimatedDeliveryDate"": ""2026-09-15T07:00:00.000Z"", ""maxEstimatedDeliveryDate"": ""2026-09-18T07:00:00.000Z""}]",,,PENDING_INDEPENDENT_HUMAN_REVIEW
D2-0508,64c0404b-826f-493d-9c10-738b2b56eca4,9f6c24f7-6a76-471f-ad81-d3901c5e9088,Mega Audino ex,Ascended Heroes,253,ultra_rare,v1|158239857900|0,Mega Audino ex 253/217 Ascended Heroes - Holo Pokemon NM/M (Ultra Rare),,Ungraded,4000,[],"[""FIXED_PRICE"", ""BEST_OFFER""]",vibeyvault,https://i.ebayimg.com/images/g/88YAAeSwyIRqlFkr/s-l225.jpg,https://www.ebay.com/itm/158239857900?_skw=Mega+Audino+ex+253+Ascended+Heroes+Pokemon+card&hash=item24d7d49cec:g:88YAAeSwyIRqlFkr,"{""value"": ""3.32"", ""currency"": ""USD""}","[{""shippingCostType"": ""FIXED"", ""shippingCost"": {""value"": ""0.00"", ""currency"": ""USD""}, ""minEstimatedDeliveryDate"": ""2026-09-15T07:00:00.000Z"", ""maxEstimatedDeliveryDate"": ""2026-09-21T07:00:00.000Z""}]",,,PENDING_INDEPENDENT_HUMAN_REVIEW
D2-0509,64c0404b-826f-493d-9c10-738b2b56eca4,9f6c24f7-6a76-471f-ad81-d3901c5e9088,Mega Audino ex,Ascended Heroes,253,ultra_rare,v1|158279336928|0,MEGA AUDINO EX 253/217 ULTRA RARE ASCENDED HEROES POKEMON HOLO NEAR MINT,,Ungraded,4000,[],"[""FIXED_PRICE""]",collectandcompound,https://i.ebayimg.com/images/g/n4gAAeSwrOlqoxog/s-l225.jpg,https://www.ebay.com/itm/158279336928?_skw=Mega+Audino+ex+253+Ascended+Heroes+Pokemon+card&hash=item24da2f03e0:g:n4gAAeSwrOlqoxog,"{""value"": ""2.99"", ""currency"": ""USD""}","[{""shippingCostType"": ""FIXED"", ""shippingCost"": {""value"": ""0.00"", ""currency"": ""USD""}, ""minEstimatedDeliveryDate"": ""2026-09-16T07:00:00.000Z"", ""maxEstimatedDeliveryDate"": ""2026-09-23T07:00:00.000Z""}]",,,PENDING_INDEPENDENT_HUMAN_REVIEW
D2-0510,64c0404b-826f-493d-9c10-738b2b56eca4,9f6c24f7-6a76-471f-ad81-d3901c5e9088,Mega Audino ex,Ascended Heroes,253,ultra_rare,v1|168439500651|0,POKEMON MEGA AUDINO EX 253/217 ASCENDED HEROES ULTRA RARE HOLO NM,,Ungraded,4000,[],"[""FIXED_PRICE""]",thebetterdealpage,https://i.ebayimg.com/images/g/fFcAAeSwK6xqJhE3/s-l225.jpg,https://www.ebay.com/itm/168439500651?_skw=Mega+Audino+ex+253+Ascended+Heroes+Pokemon+card&hash=item2737c6cf6b:g:fFcAAeSwK6xqJhE3,"{""value"": ""2.77"", ""currency"": ""USD""}","[{""shippingCostType"": ""CALCULATED""}]",,,PENDING_INDEPENDENT_HUMAN_REVIEW
D2-0511,67611b34-a7e9-497f-9708-651cc015ca6c,f02f5725-b24c-4ee9-a9b5-55edd91d7697,Lillie's Determination,Mega Evolution,184,special_illustration_rare,v1|117069141527|0,Lillie's Determination 184/132 Me01: Mega Evolution Holo,,Ungraded,4000,[],"[""FIXED_PRICE""]",bat_fancollects,https://i.ebayimg.com/images/g/NrYAAeSwSMppp9cq/s-l225.jpg,https://www.ebay.com/itm/117069141527?_skw=Lillie%27s+Determination+184+Mega+Evolution+Pokemon+card&hash=item1b41dd5617:g:NrYAAeSwSMppp9cq&amdata=enc%3AAQALAAABEACCtXRWQnOEpyOqnQQ8KGauFo36xAkMyHF%2FVmOlcXCkAZ5IHg9te%2BPW7zGpyTSiSO8tuPqqwLQWpRjQxJxiPy8y1fQq7rA0tssRDFNIDmZGHjcoq1%2FQE6mHtWQyU6T294pQjLubPoZRzsLGpKWaPN1EphZCt18MgpspYXPyojLnAqkh2kjebQ9wvBIGsczEt8du1IvO6%2BpXkNT7SJQ4pbn1hfzaVyKzL4Tj%2BSopXxhkQPoXAfc3SSvEmmu3kiEpQ4%2FCJ1NewoR8h%2F5iW2EGXJYQtfx%2BkjWtTSAVjcwhNyGObyW1sbcRHdksgiT24kJ%2F1T3XTOWvdPS%2BuvsjxIAFPz6PDMNRrEmymr%2Fvdz8SaQQg,"{""value"": ""75.00"", ""currency"": ""USD""}","[{""shippingCostType"": ""CALCULATED""}]",,,PENDING_INDEPENDENT_HUMAN_REVIEW
D2-0512,67611b34-a7e9-497f-9708-651cc015ca6c,f02f5725-b24c-4ee9-a9b5-55edd91d7697,Lillie's Determination,Mega Evolution,184,special_illustration_rare,v1|127716109658|0,Pokemon TCG Lillie's Determination SIR 184/132 Mega Evolution English Holo,,Ungraded,4000,[],"[""FIXED_PRICE"", ""BEST_OFFER""]",andrelawrenc97,https://i.ebayimg.com/images/g/cvkAAeSwCPFo7wnu/s-l225.jpg,https://www.ebay.com/itm/127716109658?_skw=Lillie%27s+Determination+184+Mega+Evolution+Pokemon+card&hash=item1dbc792d5a:g:cvkAAeSwCPFo7wnu,"{""value"": ""74.99"", ""currency"": ""USD""}","[{""shippingCostType"": ""FIXED"", ""shippingCost"": {""value"": ""2.99"", ""currency"": ""USD""}, ""minEstimatedDeliveryDate"": ""2026-09-15T07:00:00.000Z"", ""maxEstimatedDeliveryDate"": ""2026-09-21T07:00:00.000Z""}]",,,PENDING_INDEPENDENT_HUMAN_REVIEW
D2-0513,67611b34-a7e9-497f-9708-651cc015ca6c,f02f5725-b24c-4ee9-a9b5-55edd91d7697,Lillie's Determination,Mega Evolution,184,special_illustration_rare,v1|127953967538|0,LILLIE’S DETERMINATION TAG 10 GEM MINT 184/132 MEGA EVOLUTION ENGLISH POKEMON,,Graded,2750,[],"[""FIXED_PRICE""]",jaybirdscollectibles,https://i.ebayimg.com/images/g/teoAAeSwUypqRqbf/s-l225.jpg,https://www.ebay.com/itm/127953967538?_skw=Lillie%27s+Determination+184+Mega+Evolution+Pokemon+card&hash=item1dcaa699b2:g:teoAAeSwUypqRqbf,"{""value"": ""220.00"", ""currency"": ""USD""}","[{""shippingCostType"": ""FIXED"", ""shippingCost"": {""value"": ""0.00"", ""currency"": ""USD""}, ""minEstimatedDeliveryDate"": ""2026-09-15T07:00:00.000Z"", ""maxEstimatedDeliveryDate"": ""2026-09-21T07:00:00.000Z""}]",,,PENDING_INDEPENDENT_HUMAN_REVIEW
D2-0514,67611b34-a7e9-497f-9708-651cc015ca6c,f02f5725-b24c-4ee9-a9b5-55edd91d7697,Lillie's Determination,Mega Evolution,184,special_illustration_rare,v1|117406295992|0,Lillie’s Determination 184/132 Holo Mega Evolutions Textured *Fan Art*,,Ungraded,4000,[],"[""FIXED_PRICE""]",thedetailsmatter,https://i.ebayimg.com/images/g/GbQAAeSw73xqovab/s-l225.jpg,https://www.ebay.com/itm/117406295992?_skw=Lillie%27s+Determination+184+Mega+Evolution+Pokemon+card&hash=item1b55f5e7b8:g:GbQAAeSw73xqovab,"{""value"": ""10.00"", ""currency"": ""USD""}","[{""shippingCostType"": ""CALCULATED""}]",,,PENDING_INDEPENDENT_HUMAN_REVIEW
D2-0515,67611b34-a7e9-497f-9708-651cc015ca6c,f02f5725-b24c-4ee9-a9b5-55edd91d7697,Lillie's Determination,Mega Evolution,184,special_illustration_rare,v1|128056440413|0,Lillie's Determination 184/132 ME Special Illustration Rare Pokemon Card - NM,,Ungraded,4000,[],"[""FIXED_PRICE""]",swibbycards,https://i.ebayimg.com/images/g/jTQAAeSwA-tql2hR/s-l225.jpg,https://www.ebay.com/itm/128056440413?_skw=Lillie%27s+Determination+184+Mega+Evolution+Pokemon+card&hash=item1dd0c2365d:g:jTQAAeSwA-tql2hR,"{""value"": ""76.80"", ""currency"": ""USD""}","[{""shippingCostType"": ""FIXED"", ""shippingCost"": {""value"": ""0.00"", ""currency"": ""USD""}, ""minEstimatedDeliveryDate"": ""2026-09-14T07:00:00.000Z"", ""maxEstimatedDeliveryDate"": ""2026-09-17T07:00:00.000Z""}]",,,PENDING_INDEPENDENT_HUMAN_REVIEW
D2-0516,67611b34-a7e9-497f-9708-651cc015ca6c,f02f5725-b24c-4ee9-a9b5-55edd91d7697,Lillie's Determination,Mega Evolution,184,special_illustration_rare,v1|237053745080|0,Pokemon Co. Lillie's Determination 184/132 Guardians Rising Full Art Holo UR,,Ungraded,4000,[],"[""FIXED_PRICE"", ""BEST_OFFER""]",wdd7j_72,https://i.ebayimg.com/images/g/wSAAAeSwAKZqnasE/s-l225.jpg,https://www.ebay.com/itm/237053745080?_skw=Lillie%27s+Determination+184+Mega+Evolution+Pokemon+card&hash=item37318117b8:g:wSAAAeSwAKZqnasE,"{""value"": ""59.99"", ""currency"": ""USD""}","[{""shippingCostType"": ""CALCULATED""}]",,,PENDING_INDEPENDENT_HUMAN_REVIEW
D2-0517,67611b34-a7e9-497f-9708-651cc015ca6c,f02f5725-b24c-4ee9-a9b5-55edd91d7697,Lillie's Determination,Mega Evolution,184,special_illustration_rare,v1|157367695863|458882946622,Mega Evolution Pokémon Cards! Holo/Reverse Holo EX SIR Illustration Rare Card!,,Ungraded,4000,[],"[""FIXED_PRICE""]",overstackedcards,https://i.ebayimg.com/images/g/gA8AAeSwBjVo70cw/s-l225.jpg,https://www.ebay.com/itm/157367695863?_skw=Lillie%27s+Determination+184+Mega+Evolution+Pokemon+card&hash=item24a3d879f7:g:gA8AAeSwBjVo70cw,"{""value"": ""85.49"", ""currency"": ""USD""}","[{""shippingCostType"": ""FIXED"", ""shippingCost"": {""value"": ""0.00"", ""currency"": ""USD""}, ""minEstimatedDeliveryDate"": ""2026-09-15T07:00:00.000Z"", ""maxEstimatedDeliveryDate"": ""2026-09-18T07:00:00.000Z""}]",,,PENDING_INDEPENDENT_HUMAN_REVIEW
D2-0518,67611b34-a7e9-497f-9708-651cc015ca6c,f02f5725-b24c-4ee9-a9b5-55edd91d7697,Lillie's Determination,Mega Evolution,184,special_illustration_rare,v1|287484338763|0,Lillies Determination 184/132 Mega Evolution Special Illustration Rare,,Ungraded,4000,[],"[""FIXED_PRICE""]",tangandtanq,https://i.ebayimg.com/images/g/tq0AAeSwGs1qZW-W/s-l225.jpg,https://www.ebay.com/itm/287484338763?_skw=Lillie%27s+Determination+184+Mega+Evolution+Pokemon+card&hash=item42ef66e24b:g:tq0AAeSwGs1qZW-W,"{""value"": ""63.67"", ""currency"": ""USD""}","[{""shippingCostType"": ""CALCULATED""}]",,,PENDING_INDEPENDENT_HUMAN_REVIEW
D2-0519,67611b34-a7e9-497f-9708-651cc015ca6c,f02f5725-b24c-4ee9-a9b5-55edd91d7697,Lillie's Determination,Mega Evolution,184,special_illustration_rare,v1|318648920521|0,Lillies Determination 184/132 English Trainer Mega Evolutions,,Ungraded,4000,[],"[""FIXED_PRICE""]",5div_buqhutq,https://i.ebayimg.com/images/g/l5MAAeSw9apqaWCB/s-l225.jpg,https://www.ebay.com/itm/318648920521?_skw=Lillie%27s+Determination+184+Mega+Evolution+Pokemon+card&hash=item4a30f4a9c9:g:l5MAAeSw9apqaWCB,"{""value"": ""63.95"", ""currency"": ""USD""}","[{""shippingCostType"": ""FIXED"", ""shippingCost"": {""value"": ""5.95"", ""currency"": ""USD""}, ""minEstimatedDeliveryDate"": ""2026-09-15T07:00:00.000Z"", ""maxEstimatedDeliveryDate"": ""2026-09-18T07:00:00.000Z""}]",,,PENDING_INDEPENDENT_HUMAN_REVIEW
D2-0520,67611b34-a7e9-497f-9708-651cc015ca6c,f02f5725-b24c-4ee9-a9b5-55edd91d7697,Lillie's Determination,Mega Evolution,184,special_illustration_rare,v1|116892249236|0,2025 Pokemon Mega Evolution Lillie's Determination SIR #184 CGC 10 PRISTINE,,Graded,2750,[],"[""FIXED_PRICE"", ""BEST_OFFER""]",tidaldreams,https://i.ebayimg.com/images/g/kpgAAeSwnt5pIN~c/s-l225.jpg,https://www.ebay.com/itm/116892249236?_skw=Lillie%27s+Determination+184+Mega+Evolution+Pokemon+card&hash=item1b37522c94:g:kpgAAeSwnt5pIN~c,"{""value"": ""549.00"", ""currency"": ""USD""}","[{""shippingCostType"": ""FIXED"", ""shippingCost"": {""value"": ""0.00"", ""currency"": ""USD""}, ""minEstimatedDeliveryDate"": ""2026-09-15T07:00:00.000Z"", ""maxEstimatedDeliveryDate"": ""2026-09-18T07:00:00.000Z""}]",,,PENDING_INDEPENDENT_HUMAN_REVIEW
D2-0521,67611b34-a7e9-497f-9708-651cc015ca6c,f02f5725-b24c-4ee9-a9b5-55edd91d7697,Lillie's Determination,Mega Evolution,184,special_illustration_rare,v1|157416879931|0,Lillie’s Determination Mega Evolution 184/132 Pokemon Extended Artwork Case,,Ungraded,4000,[],"[""FIXED_PRICE""]",outback_originals,https://i.ebayimg.com/images/g/isUAAeSwadlpRsOG/s-l225.jpg,https://www.ebay.com/itm/157416879931?_skw=Lillie%27s+Determination+184+Mega+Evolution+Pokemon+card&hash=item24a6c6f73b:g:isUAAeSwadlpRsOG,"{""value"": ""12.00"", ""currency"": ""USD""}","[{""shippingCostType"": ""FIXED"", ""shippingCost"": {""value"": ""5.00"", ""currency"": ""USD""}, ""minEstimatedDeliveryDate"": ""2026-09-15T07:00:00.000Z"", ""maxEstimatedDeliveryDate"": ""2026-09-18T07:00:00.000Z""}]",,,PENDING_INDEPENDENT_HUMAN_REVIEW
D2-0522,67611b34-a7e9-497f-9708-651cc015ca6c,f02f5725-b24c-4ee9-a9b5-55edd91d7697,Lillie's Determination,Mega Evolution,184,special_illustration_rare,v1|127993997675|0,Lillie's Determination SIR 184/132 Me01: Mega Evolution NM,,Ungraded,4000,[],"[""FIXED_PRICE"", ""BEST_OFFER""]",rb7cards,https://i.ebayimg.com/images/g/dy0AAeSwjF1qZRtS/s-l225.jpg,https://www.ebay.com/itm/127993997675?_skw=Lillie%27s+Determination+184+Mega+Evolution+Pokemon+card&hash=item1dcd09696b:g:dy0AAeSwjF1qZRtS,"{""value"": ""67.00"", ""currency"": ""USD""}","[{""shippingCostType"": ""FIXED"", ""shippingCost"": {""value"": ""6.00"", ""currency"": ""USD""}, ""minEstimatedDeliveryDate"": ""2026-09-15T07:00:00.000Z"", ""maxEstimatedDeliveryDate"": ""2026-09-19T07:00:00.000Z""}]",,,PENDING_INDEPENDENT_HUMAN_REVIEW
D2-0523,67611b34-a7e9-497f-9708-651cc015ca6c,f02f5725-b24c-4ee9-a9b5-55edd91d7697,Lillie's Determination,Mega Evolution,184,special_illustration_rare,v1|128018420325|0,Pokemon Lillie's Determination Mega Evolution Special Illus. Rare #184 PSA 10,,Graded,2750,[],"[""FIXED_PRICE"", ""BEST_OFFER""]",abcollectibles2025,https://i.ebayimg.com/images/g/iuwAAeSwhyNqeSO6/s-l225.jpg,https://www.ebay.com/itm/128018420325?_skw=Lillie%27s+Determination+184+Mega+Evolution+Pokemon+card&hash=item1dce7e1265:g:iuwAAeSwhyNqeSO6,"{""value"": ""155.00"", ""currency"": ""USD""}","[{""shippingCostType"": ""CALCULATED""}]",,,PENDING_INDEPENDENT_HUMAN_REVIEW
D2-0524,67611b34-a7e9-497f-9708-651cc015ca6c,f02f5725-b24c-4ee9-a9b5-55edd91d7697,Lillie's Determination,Mega Evolution,184,special_illustration_rare,v1|137514632076|0,Lillie's Determination 184/132 Mega Evolution Pokemon Holo NM,,Ungraded,4000,[],"[""FIXED_PRICE""]",new_fashion_mart,https://i.ebayimg.com/images/g/wL8AAeSwyWFqV05I/s-l225.jpg,https://www.ebay.com/itm/137514632076?_skw=Lillie%27s+Determination+184+Mega+Evolution+Pokemon+card&hash=item200482c38c:g:wL8AAeSwyWFqV05I,"{""value"": ""66.99"", ""currency"": ""USD""}","[{""shippingCostType"": ""FIXED"", ""shippingCost"": {""value"": ""5.99"", ""currency"": ""USD""}, ""minEstimatedDeliveryDate"": ""2026-09-14T07:00:00.000Z"", ""maxEstimatedDeliveryDate"": ""2026-09-17T07:00:00.000Z""}]",,,PENDING_INDEPENDENT_HUMAN_REVIEW
D2-0525,67611b34-a7e9-497f-9708-651cc015ca6c,f02f5725-b24c-4ee9-a9b5-55edd91d7697,Lillie's Determination,Mega Evolution,184,special_illustration_rare,v1|147536893255|0,Lillie's Determination 184/132 ME01: Mega Evolution MEG SIR Holo,,Ungraded,4000,[],"[""FIXED_PRICE"", ""BEST_OFFER""]",rocketcitytoys,https://i.ebayimg.com/images/g/8nEAAeSwGDJqk7IT/s-l225.jpg,https://www.ebay.com/itm/147536893255?_skw=Lillie%27s+Determination+184+Mega+Evolution+Pokemon+card&hash=item2259e25547:g:8nEAAeSwGDJqk7IT,"{""value"": ""68.00"", ""currency"": ""USD""}",[],,,PENDING_INDEPENDENT_HUMAN_REVIEW
D2-0526,6a1e2c02-b24d-4001-96f1-8bc2a24d8ccd,de749ceb-28f9-4977-b425-a83f69a3cf55,Gouging Fire ex,Temporal Forces,204,special_illustration_rare,v1|117286738967|0,Gouging Fire ex Special Illustration Rare SV05: Temporal Forces Holo 204/162 NM,,Ungraded,4000,[],"[""FIXED_PRICE""]",the.tradingcardguy,https://i.ebayimg.com/images/g/RWsAAeSwb~BqSxbG/s-l225.jpg,https://www.ebay.com/itm/117286738967?_skw=Gouging+Fire+ex+204+Temporal+Forces+Pokemon+card&hash=item1b4ed59c17:g:RWsAAeSwb~BqSxbG,"{""value"": ""65.00"", ""currency"": ""USD""}","[{""shippingCostType"": ""FIXED"", ""shippingCost"": {""value"": ""4.99"", ""currency"": ""USD""}, ""minEstimatedDeliveryDate"": ""2026-09-15T07:00:00.000Z"", ""maxEstimatedDeliveryDate"": ""2026-09-18T07:00:00.000Z""}]",,,PENDING_INDEPENDENT_HUMAN_REVIEW
D2-0527,6a1e2c02-b24d-4001-96f1-8bc2a24d8ccd,de749ceb-28f9-4977-b425-a83f69a3cf55,Gouging Fire ex,Temporal Forces,204,special_illustration_rare,v1|117400542930|0,Gouging Fire ex 204/162 SIR Temporal Forces Pokemon Holo NM,,Ungraded,4000,[],"[""FIXED_PRICE""]",tinyspace40cards,https://i.ebayimg.com/images/g/-5AAAeSwOCtqiicp/s-l225.jpg,https://www.ebay.com/itm/117400542930?_skw=Gouging+Fire+ex+204+Temporal+Forces+Pokemon+card&hash=item1b559e1ed2:g:-5AAAeSwOCtqiicp,"{""value"": ""57.13"", ""currency"": ""USD""}","[{""shippingCostType"": ""CALCULATED""}]",,,PENDING_INDEPENDENT_HUMAN_REVIEW
D2-0528,6a1e2c02-b24d-4001-96f1-8bc2a24d8ccd,de749ceb-28f9-4977-b425-a83f69a3cf55,Gouging Fire ex,Temporal Forces,204,special_illustration_rare,v1|128033772063|0,Gouging Fire ex 204/162 Temporal Forces Special Illustration Rare Pokemon - NM,,Ungraded,4000,[],"[""FIXED_PRICE""]",swibbycards,https://i.ebayimg.com/images/g/XKwAAeSw0FZqhSqH/s-l225.jpg,https://www.ebay.com/itm/128033772063?_skw=Gouging+Fire+ex+204+Temporal+Forces+Pokemon+card&hash=item1dcf68521f:g:XKwAAeSw0FZqhSqH&amdata=enc%3AAQALAAABEACCtXRWQnOEpyOqnQQ8KGYzAgWolhtLMULT9AXJsvWFZxnxctU%2F1zSCGLT9oJHDlty7SIlnavi8DivWpCBCF2X%2BhI2rA7BNaZyADWKvOTwNX4lMuwIC06BpcXGTEpUQOi4slhoCk5l8AHIJTRG%2BCQqy8MtaMgMb6VX7uefx%2FwZhH2BjV4AAgZxEvCagUYCBdUyXa3g8loWP%2BJMS70QAsOl6iaDg8rjYBC6%2F23LsgO83HLdatWsK0E5IizVdPXVwAJ5d%2BPOh0kXSTpUKUQCdcYPZC2a5beagU7ihTlErXhmI%2FRl6f8p1qpCrHumsBnbFwFQgvdEMg6ePSQOO1CuGXyJr76No6BEW1rA0M99SAbCI,"{""value"": ""61.98"", ""currency"": ""USD""}","[{""shippingCostType"": ""FIXED"", ""shippingCost"": {""value"": ""0.00"", ""currency"": ""USD""}, ""minEstimatedDeliveryDate"": ""2026-09-14T07:00:00.000Z"", ""maxEstimatedDeliveryDate"": ""2026-09-17T07:00:00.000Z""}]",,,PENDING_INDEPENDENT_HUMAN_REVIEW
D2-0529,6a1e2c02-b24d-4001-96f1-8bc2a24d8ccd,de749ceb-28f9-4977-b425-a83f69a3cf55,Gouging Fire ex,Temporal Forces,204,special_illustration_rare,v1|137685281776|0,Gouging Fire ex - 204/162 - Special Illustration Rare - NM/M - Pokemon TCG,,Ungraded,4000,[],"[""FIXED_PRICE""]",kami.collectibles,https://i.ebayimg.com/images/g/nAMAAeSwoAJqln2S/s-l225.jpg,https://www.ebay.com/itm/137685281776?_skw=Gouging+Fire+ex+204+Temporal+Forces+Pokemon+card&hash=item200eaeabf0:g:nAMAAeSwoAJqln2S,"{""value"": ""64.41"", ""currency"": ""USD"", ""convertedFromValue"": ""89.99"", ""convertedFromCurrency"": ""AUD""}","[{""shippingCostType"": ""CALCULATED"", ""shippingCost"": {""value"": ""14.53"", ""currency"": ""USD"", ""convertedFromValue"": ""20.30"", ""convertedFromCurrency"": ""AUD""}, ""minEstimatedDeliveryDate"": ""2026-10-05T07:00:00.000Z"", ""maxEstimatedDeliveryDate"": ""2026-10-20T07:00:00.000Z""}]",,,PENDING_INDEPENDENT_HUMAN_REVIEW
D2-0530,6a1e2c02-b24d-4001-96f1-8bc2a24d8ccd,de749ceb-28f9-4977-b425-a83f69a3cf55,Gouging Fire ex,Temporal Forces,204,special_illustration_rare,v1|158084382631|0,The Pokémon Company Gouging Fire ex 204/162 SV05 SIR Full Art ENG 230 HP Holo,,Ungraded,4000,[],"[""FIXED_PRICE"", ""BEST_OFFER""]",redeemedrips24,https://i.ebayimg.com/images/g/jqYAAeSwaStqVwIA/s-l225.jpg,https://www.ebay.com/itm/158084382631?_skw=Gouging+Fire+ex+204+Temporal+Forces+Pokemon+card&hash=item24ce903fa7:g:jqYAAeSwaStqVwIA,"{""value"": ""65.00"", ""currency"": ""USD""}","[{""shippingCostType"": ""CALCULATED""}]",,,PENDING_INDEPENDENT_HUMAN_REVIEW
D2-0531,6a1e2c02-b24d-4001-96f1-8bc2a24d8ccd,de749ceb-28f9-4977-b425-a83f69a3cf55,Gouging Fire ex,Temporal Forces,204,special_illustration_rare,v1|227509014337|0,Pokemon TCG Gouging Fire ex 204/162 SV05 Secret Rare Full Art Holo,,Ungraded,4000,[],"[""FIXED_PRICE"", ""BEST_OFFER""]",momentensity,https://i.ebayimg.com/images/g/-54AAeSwu7ZqnXTP/s-l225.jpg,https://www.ebay.com/itm/227509014337?_skw=Gouging+Fire+ex+204+Temporal+Forces+Pokemon+card&hash=item34f8980f41:g:-54AAeSwu7ZqnXTP,"{""value"": ""64.99"", ""currency"": ""USD""}","[{""shippingCostType"": ""CALCULATED""}]",,,PENDING_INDEPENDENT_HUMAN_REVIEW
D2-0532,6a1e2c02-b24d-4001-96f1-8bc2a24d8ccd,de749ceb-28f9-4977-b425-a83f69a3cf55,Gouging Fire ex,Temporal Forces,204,special_illustration_rare,v1|137710708300|0,Pokemon TCG Temporal Forces Gouging Fire 204/162 Special Illustration Rare IR NM,,Ungraded,4000,[],"[""FIXED_PRICE"", ""BEST_OFFER""]",shiversk24,https://i.ebayimg.com/images/g/A2YAAeSwEZZqnwjj/s-l225.jpg,https://www.ebay.com/itm/137710708300?_skw=Gouging+Fire+ex+204+Temporal+Forces+Pokemon+card&hash=item201032a64c:g:A2YAAeSwEZZqnwjj,"{""value"": ""50.00"", ""currency"": ""USD""}","[{""shippingCostType"": ""FIXED"", ""shippingCost"": {""value"": ""6.50"", ""currency"": ""USD""}, ""minEstimatedDeliveryDate"": ""2026-09-15T07:00:00.000Z"", ""maxEstimatedDeliveryDate"": ""2026-09-18T07:00:00.000Z""}]",,,PENDING_INDEPENDENT_HUMAN_REVIEW
D2-0533,6a1e2c02-b24d-4001-96f1-8bc2a24d8ccd,de749ceb-28f9-4977-b425-a83f69a3cf55,Gouging Fire ex,Temporal Forces,204,special_illustration_rare,v1|156452864205|459188974183,Pokemon TCG - Temporal Forces: Choose Your Card! - All Holos/Reverse Holos! NM,,Ungraded,4000,[],"[""FIXED_PRICE""]",overstackedcards,https://i.ebayimg.com/images/g/vmAAAeSwKO1ptNpQ/s-l225.jpg,https://www.ebay.com/itm/156452864205?_skw=Gouging+Fire+ex+204+Temporal+Forces+Pokemon+card&hash=item246d5140cd:g:vmAAAeSwKO1ptNpQ,"{""value"": ""69.99"", ""currency"": ""USD""}","[{""shippingCostType"": ""FIXED"", ""shippingCost"": {""value"": ""0.00"", ""currency"": ""USD""}, ""minEstimatedDeliveryDate"": ""2026-09-15T07:00:00.000Z"", ""maxEstimatedDeliveryDate"": ""2026-09-18T07:00:00.000Z""}]",,,PENDING_INDEPENDENT_HUMAN_REVIEW
D2-0534,6a1e2c02-b24d-4001-96f1-8bc2a24d8ccd,de749ceb-28f9-4977-b425-a83f69a3cf55,Gouging Fire ex,Temporal Forces,204,special_illustration_rare,v1|127301268733|0,2024 POKEMON TEF EN-SPECIAL ILLUSTRATION RARE #204 GOUGING FIRE EX PSA 9,,Graded,2750,[],"[""FIXED_PRICE"", ""BEST_OFFER""]",cokoe5526,https://i.ebayimg.com/images/g/L0gAAeSwdh5omXFH/s-l225.jpg,https://www.ebay.com/itm/127301268733?_skw=Gouging+Fire+ex+204+Temporal+Forces+Pokemon+card&hash=item1da3bf34fd:g:L0gAAeSwdh5omXFH,"{""value"": ""60.00"", ""currency"": ""USD""}","[{""shippingCostType"": ""CALCULATED""}]",,,PENDING_INDEPENDENT_HUMAN_REVIEW
D2-0535,6a1e2c02-b24d-4001-96f1-8bc2a24d8ccd,de749ceb-28f9-4977-b425-a83f69a3cf55,Gouging Fire ex,Temporal Forces,204,special_illustration_rare,v1|236949031057|0,Gouging Fire ex 051/204 Pokémon TCG Chinese Holo RR HP 230 SV05 2025,,Ungraded,4000,[],"[""FIXED_PRICE"", ""BEST_OFFER""]",mearle8141,https://i.ebayimg.com/images/g/4AMAAeSwv99qXRev/s-l225.jpg,https://www.ebay.com/itm/236949031057?_skw=Gouging+Fire+ex+204+Temporal+Forces+Pokemon+card&hash=item372b434891:g:4AMAAeSwv99qXRev,"{""value"": ""20.50"", ""currency"": ""USD""}","[{""shippingCostType"": ""CALCULATED""}]",,,PENDING_INDEPENDENT_HUMAN_REVIEW
D2-0536,6a1e2c02-b24d-4001-96f1-8bc2a24d8ccd,de749ceb-28f9-4977-b425-a83f69a3cf55,Gouging Fire ex,Temporal Forces,204,special_illustration_rare,v1|157990964259|0,Gouging Fire ex 204/162 Sv05: Temporal Forces Pokémon Extended Art Case,,Ungraded,4000,[],"[""FIXED_PRICE""]",outback_originals,https://i.ebayimg.com/images/g/mZ4AAeSwkcBqKwq7/s-l225.jpg,https://www.ebay.com/itm/157990964259?_skw=Gouging+Fire+ex+204+Temporal+Forces+Pokemon+card&hash=item24c8fecc23:g:mZ4AAeSwkcBqKwq7,"{""value"": ""12.00"", ""currency"": ""USD""}","[{""shippingCostType"": ""FIXED"", ""shippingCost"": {""value"": ""5.50"", ""currency"": ""USD""}, ""minEstimatedDeliveryDate"": ""2026-09-15T07:00:00.000Z"", ""maxEstimatedDeliveryDate"": ""2026-09-18T07:00:00.000Z""}]",,,PENDING_INDEPENDENT_HUMAN_REVIEW
D2-0537,6a1e2c02-b24d-4001-96f1-8bc2a24d8ccd,de749ceb-28f9-4977-b425-a83f69a3cf55,Gouging Fire ex,Temporal Forces,204,special_illustration_rare,v1|137168278145|0,Gouging Fire ex 204/162 SV CGC 10,,Graded,2750,[],"[""FIXED_PRICE"", ""BEST_OFFER""]",davisl_15,https://i.ebayimg.com/images/g/yd4AAeSwzutpMMTj/s-l225.jpg,https://www.ebay.com/itm/137168278145?_skw=Gouging+Fire+ex+204+Temporal+Forces+Pokemon+card&hash=item1fefddd281:g:yd4AAeSwzutpMMTj,"{""value"": ""199.00"", ""currency"": ""USD""}","[{""shippingCostType"": ""CALCULATED""}]",,,PENDING_INDEPENDENT_HUMAN_REVIEW
D2-0538,6a1e2c02-b24d-4001-96f1-8bc2a24d8ccd,de749ceb-28f9-4977-b425-a83f69a3cf55,Gouging Fire ex,Temporal Forces,204,special_illustration_rare,v1|147249001249|0,Pokemon Gouging Fire Ex 204/162 SIR Temporal Forces PSA 9,,Graded,2750,[],"[""FIXED_PRICE"", ""BEST_OFFER""]",hedj9720,https://i.ebayimg.com/images/g/DE4AAeSwEJpp1wdc/s-l225.jpg,https://www.ebay.com/itm/147249001249?_skw=Gouging+Fire+ex+204+Temporal+Forces+Pokemon+card&hash=item2248b97321:g:DE4AAeSwEJpp1wdc,"{""value"": ""75.00"", ""currency"": ""USD""}","[{""shippingCostType"": ""FIXED"", ""shippingCost"": {""value"": ""0.00"", ""currency"": ""USD""}, ""minEstimatedDeliveryDate"": ""2026-09-18T07:00:00.000Z"", ""maxEstimatedDeliveryDate"": ""2026-09-22T07:00:00.000Z""}]",,,PENDING_INDEPENDENT_HUMAN_REVIEW
D2-0539,6a1e2c02-b24d-4001-96f1-8bc2a24d8ccd,de749ceb-28f9-4977-b425-a83f69a3cf55,Gouging Fire ex,Temporal Forces,204,special_illustration_rare,v1|147500518262|0,Gouging Fire ex 204/162 SIR Temporal Forces Pokémon Card NM,,Ungraded,4000,[],"[""FIXED_PRICE"", ""BEST_OFFER""]",houseofcardzco,https://i.ebayimg.com/images/g/X9IAAeSwCQJqfMCh/s-l225.jpg,https://www.ebay.com/itm/147500518262?_skw=Gouging+Fire+ex+204+Temporal+Forces+Pokemon+card&hash=item2257b74b76:g:X9IAAeSwCQJqfMCh,"{""value"": ""64.99"", ""currency"": ""USD""}","[{""shippingCostType"": ""CALCULATED""}]",,,PENDING_INDEPENDENT_HUMAN_REVIEW
D2-0540,6a1e2c02-b24d-4001-96f1-8bc2a24d8ccd,de749ceb-28f9-4977-b425-a83f69a3cf55,Gouging Fire ex,Temporal Forces,204,special_illustration_rare,v1|147529106832|0,🚀 CGC 10 ENGLISH Gouging Fire ex 204/162 Sv05 SIR Temporal Forces Holo Pokemon,,Graded,2750,[],"[""FIXED_PRICE"", ""BEST_OFFER""]",sabzero,https://i.ebayimg.com/images/g/UCUAAeSwvEZqjzRy/s-l225.jpg,https://www.ebay.com/itm/147529106832?_skw=Gouging+Fire+ex+204+Temporal+Forces+Pokemon+card&hash=item22596b8590:g:UCUAAeSwvEZqjzRy,"{""value"": ""105.00"", ""currency"": ""USD""}","[{""shippingCostType"": ""FIXED"", ""shippingCost"": {""value"": ""0.00"", ""currency"": ""USD""}, ""minEstimatedDeliveryDate"": ""2026-09-16T07:00:00.000Z"", ""maxEstimatedDeliveryDate"": ""2026-09-22T07:00:00.000Z""}]",,,PENDING_INDEPENDENT_HUMAN_REVIEW
D2-0541,6a2b87e5-f90b-48f4-be30-a77258bee660,36134e45-4899-474f-88f0-b540ba618b49,Marill,Paldea Evolved,204,illustration_rare,v1|117264939666|0,Marill Holo Paldea Evolved 204/193 IR LP Pokemon,,Ungraded,4000,[],"[""FIXED_PRICE""]",cardthrone,https://i.ebayimg.com/images/g/iLkAAeSwwHJqOtZR/s-l225.jpg,https://www.ebay.com/itm/117264939666?_skw=Marill+204+Paldea+Evolved+Pokemon+card&hash=item1b4d88fa92:g:iLkAAeSwwHJqOtZR,"{""value"": ""69.99"", ""currency"": ""USD""}","[{""shippingCostType"": ""FIXED"", ""shippingCost"": {""value"": ""0.00"", ""currency"": ""USD""}, ""minEstimatedDeliveryDate"": ""2026-09-15T07:00:00.000Z"", ""maxEstimatedDeliveryDate"": ""2026-09-21T07:00:00.000Z""}]",,,PENDING_INDEPENDENT_HUMAN_REVIEW
D2-0542,6a2b87e5-f90b-48f4-be30-a77258bee660,36134e45-4899-474f-88f0-b540ba618b49,Marill,Paldea Evolved,204,illustration_rare,v1|128018396589|0,Marill 204/193 Illustration Rare Paldea Evolved Pokemon Holo Near Mint,,Ungraded,4000,[],"[""FIXED_PRICE"", ""BEST_OFFER""]",abcollectibles2025,https://i.ebayimg.com/images/g/dJ8AAeSwiiFqeRxh/s-l225.jpg,https://www.ebay.com/itm/128018396589?_skw=Marill+204+Paldea+Evolved+Pokemon+card&hash=item1dce7db5ad:g:dJ8AAeSwiiFqeRxh,"{""value"": ""53.00"", ""currency"": ""USD""}","[{""shippingCostType"": ""CALCULATED""}]",,,PENDING_INDEPENDENT_HUMAN_REVIEW
D2-0543,6a2b87e5-f90b-48f4-be30-a77258bee660,36134e45-4899-474f-88f0-b540ba618b49,Marill,Paldea Evolved,204,illustration_rare,v1|128023429856|0,Marill - 204/193 Paldea Evolved Illustration Rare Pokemon - NM,,Ungraded,4000,[],"[""FIXED_PRICE"", ""BEST_OFFER""]",collect_n_tech,https://i.ebayimg.com/images/g/aE8AAeSw5fZqfNLo/s-l225.jpg,https://www.ebay.com/itm/128023429856?_skw=Marill+204+Paldea+Evolved+Pokemon+card&hash=item1dceca82e0:g:aE8AAeSw5fZqfNLo,"{""value"": ""59.99"", ""currency"": ""USD""}","[{""shippingCostType"": ""FIXED"", ""shippingCost"": {""value"": ""0.00"", ""currency"": ""USD""}, ""minEstimatedDeliveryDate"": ""2026-09-15T07:00:00.000Z"", ""maxEstimatedDeliveryDate"": ""2026-09-18T07:00:00.000Z""}]",,,PENDING_INDEPENDENT_HUMAN_REVIEW
D2-0544,6a2b87e5-f90b-48f4-be30-a77258bee660,36134e45-4899-474f-88f0-b540ba618b49,Marill,Paldea Evolved,204,illustration_rare,v1|287569384785|0,Pokemon TCG Marill Illustration Rare Full Art Holo SV02 204/193 ENG,,Ungraded,4000,[],"[""FIXED_PRICE""]",emergencylesbian,https://i.ebayimg.com/images/g/wH0AAeSwaepqnYmD/s-l225.jpg,https://www.ebay.com/itm/287569384785?_skw=Marill+204+Paldea+Evolved+Pokemon+card&hash=item42f4789551:g:wH0AAeSwaepqnYmD,"{""value"": ""45.00"", ""currency"": ""USD""}","[{""shippingCostType"": ""CALCULATED""}]",,,PENDING_INDEPENDENT_HUMAN_REVIEW
D2-0545,6a2b87e5-f90b-48f4-be30-a77258bee660,36134e45-4899-474f-88f0-b540ba618b49,Marill,Paldea Evolved,204,illustration_rare,v1|366629270269|0,Marill Holofoil [PAL - 204/193]NM,,Ungraded,4000,[],"[""FIXED_PRICE""]",ohsocktcg,https://i.ebayimg.com/images/g/5u0AAeSwYspqjnsI/s-l225.jpg,https://www.ebay.com/itm/366629270269?_skw=Marill+204+Paldea+Evolved+Pokemon+card&hash=item555cceb2fd:g:5u0AAeSwYspqjnsI&amdata=enc%3AAQALAAABAACCtXRWQnOEpyOqnQQ8KGYyALCKWXB3a3D1CljJ439rhYgKg0yQLtQD5la2x8twCfdL8NIxqctIIWfIiqS0EwxkSfoR6OUScdSGlY9kucBfw1%2FLRJQ36bNpvOR0H%2BewwIeAxYltAqlDTifSrPlQCOj6RSNYCO1DQpmGVf7d9YetgyclPKYg8vpsh1ZbcYQiicfIauwzu9CTwrh1CELMZJMFr8xPAxr6IdzFGd56Q%2Fa8FZ22%2FcCTNtRCVSwjqeXAAuwbDvTjK7HnqRkdm4oXH2qUrAmccBZdkXeNg%2FtFMLqOOlnEO4YqRhBqmZznUYgoLGA28Go%2F8YJmQhebW7os5bw%3D,"{""value"": ""58.32"", ""currency"": ""USD""}","[{""shippingCostType"": ""FIXED"", ""shippingCost"": {""value"": ""0.00"", ""currency"": ""USD""}, ""minEstimatedDeliveryDate"": ""2026-09-16T07:00:00.000Z"", ""maxEstimatedDeliveryDate"": ""2026-09-23T07:00:00.000Z""}]",,,PENDING_INDEPENDENT_HUMAN_REVIEW
D2-0546,6a2b87e5-f90b-48f4-be30-a77258bee660,36134e45-4899-474f-88f0-b540ba618b49,Marill,Paldea Evolved,204,illustration_rare,v1|287390854805|0,Pokemon TCG Marill 232/217 Paldea Evolved Illustration Rare Holo,,Ungraded,4000,[],"[""FIXED_PRICE"", ""BEST_OFFER""]",bbenardis,https://i.ebayimg.com/images/g/KcIAAeSwf-hqQVbr/s-l225.jpg,https://www.ebay.com/itm/287390854805?_skw=Marill+204+Paldea+Evolved+Pokemon+card&hash=item42e9d46e95:g:KcIAAeSwf-hqQVbr&amdata=enc%3AAQALAAABAACCtXRWQnOEpyOqnQQ8KGZTd4p9NRcv1NTWHx2U%2BjE4I4vWZ176JAxFYErPo1mhPEanA0IGIGieIRswlj%2F559t6tfGvj3TrX3ZuIi6mP0%2FGgJcnktP1bSXsOBpCiFb41WDgTPkNiE6qpnyHbPnrXjjte%2FJJj6ryhO5F2jsuAGguvR25pZBabqkw%2F7X46GQ%2BshMCL%2Flh6gms2Sc2i%2BKjScjoy3tEAktEHzTBR3KkdS3kyGVeUU%2FWuzoTQLTuyYDrDnr0OuPFQsxKorA8ENZVlhV8Hqz9WdJ1E7IPB%2FdMNa6HHRoRNsJXq1860JSVWwXA4X6hE42o%2Feo%2FYDpPTqrnW3s%3D,"{""value"": ""37.00"", ""currency"": ""USD""}","[{""shippingCostType"": ""CALCULATED""}]",,,PENDING_INDEPENDENT_HUMAN_REVIEW
D2-0547,6a2b87e5-f90b-48f4-be30-a77258bee660,36134e45-4899-474f-88f0-b540ba618b49,Marill,Paldea Evolved,204,illustration_rare,v1|298375812323|0,Pokémon TCG Cards Scarlet & Violet Paldea Evolved Marill Illustration Rare,,Ungraded,4000,[],"[""FIXED_PRICE""]",dshopco,https://i.ebayimg.com/images/g/9usAAeSweCpqHgDw/s-l225.jpg,https://www.ebay.com/itm/298375812323?_skw=Marill+204+Paldea+Evolved+Pokemon+card&hash=item45789594e3:g:9usAAeSweCpqHgDw,"{""value"": ""64.99"", ""currency"": ""USD""}","[{""shippingCostType"": ""FIXED"", ""shippingCost"": {""value"": ""5.00"", ""currency"": ""USD""}, ""minEstimatedDeliveryDate"": ""2026-09-29T07:00:00.000Z"", ""maxEstimatedDeliveryDate"": ""2026-10-19T07:00:00.000Z""}]",,,PENDING_INDEPENDENT_HUMAN_REVIEW
D2-0548,6a2b87e5-f90b-48f4-be30-a77258bee660,36134e45-4899-474f-88f0-b540ba618b49,Marill,Paldea Evolved,204,illustration_rare,v1|156317227742|458631983165,Pokemon Paldea Evolved - Choose Your Card! - Holos/Reverse Holo EX Rare Cards!,,Ungraded,4000,[],"[""FIXED_PRICE""]",overstackedcards,https://i.ebayimg.com/images/g/tFEAAeSwTS9oY5-8/s-l225.jpg,https://www.ebay.com/itm/156317227742?_skw=Marill+204+Paldea+Evolved+Pokemon+card&hash=item24653b9ade:g:tFEAAeSwTS9oY5-8,"{""value"": ""85.49"", ""currency"": ""USD""}","[{""shippingCostType"": ""FIXED"", ""shippingCost"": {""value"": ""0.00"", ""currency"": ""USD""}, ""minEstimatedDeliveryDate"": ""2026-09-15T07:00:00.000Z"", ""maxEstimatedDeliveryDate"": ""2026-09-18T07:00:00.000Z""}]",,,PENDING_INDEPENDENT_HUMAN_REVIEW
D2-0549,6a2b87e5-f90b-48f4-be30-a77258bee660,36134e45-4899-474f-88f0-b540ba618b49,Marill,Paldea Evolved,204,illustration_rare,v1|358889161296|0,Pokémon TCG Maril Paldea Evolved Illustration Card 204/193 English Edition,,Ungraded,4000,[],"[""FIXED_PRICE"", ""BEST_OFFER""]",areeve24,https://i.ebayimg.com/images/g/ZNcAAeSwFJVqc7wz/s-l225.jpg,https://www.ebay.com/itm/358889161296?_skw=Marill+204+Paldea+Evolved+Pokemon+card&hash=item538f760250:g:ZNcAAeSwFJVqc7wz,"{""value"": ""52.00"", ""currency"": ""USD""}","[{""shippingCostType"": ""FIXED"", ""shippingCost"": {""value"": ""6.00"", ""currency"": ""USD""}, ""minEstimatedDeliveryDate"": ""2026-09-16T07:00:00.000Z"", ""maxEstimatedDeliveryDate"": ""2026-09-22T07:00:00.000Z""}]",,,PENDING_INDEPENDENT_HUMAN_REVIEW
D2-0550,6a2b87e5-f90b-48f4-be30-a77258bee660,36134e45-4899-474f-88f0-b540ba618b49,Marill,Paldea Evolved,204,illustration_rare,v1|117304515068|0,Pokemon 2023 Marill 204/193 Illustration Rare Paldea Evolved GEM MINT PSA 10,,Graded,2750,[],"[""FIXED_PRICE"", ""BEST_OFFER""]",restocked-vintage-collectibles-sneakers,https://i.ebayimg.com/images/g/o2IAAeSwQw5qWDk9/s-l225.jpg,https://www.ebay.com/itm/117304515068?_skw=Marill+204+Paldea+Evolved+Pokemon+card&hash=item1b4fe4d9fc:g:o2IAAeSwQw5qWDk9,"{""value"": ""599.99"", ""currency"": ""USD""}","[{""shippingCostType"": ""FIXED"", ""shippingCost"": {""value"": ""6.99"", ""currency"": ""USD""}, ""minEstimatedDeliveryDate"": ""2026-09-15T07:00:00.000Z"", ""maxEstimatedDeliveryDate"": ""2026-09-18T07:00:00.000Z""}]",,,PENDING_INDEPENDENT_HUMAN_REVIEW
D2-0551,6a2b87e5-f90b-48f4-be30-a77258bee660,36134e45-4899-474f-88f0-b540ba618b49,Marill,Paldea Evolved,204,illustration_rare,v1|157586477625|0,Marill 204/193 Sv02: Paldea Evolved Magnetic 🧲 Extended Art Case,,Ungraded,4000,[],"[""FIXED_PRICE""]",outback_originals,https://i.ebayimg.com/images/g/RAwAAeSwmnNpWCvk/s-l225.jpg,https://www.ebay.com/itm/157586477625?_skw=Marill+204+Paldea+Evolved+Pokemon+card&hash=item24b0e2d239:g:RAwAAeSwmnNpWCvk,"{""value"": ""16.00"", ""currency"": ""USD""}","[{""shippingCostType"": ""FIXED"", ""shippingCost"": {""value"": ""7.00"", ""currency"": ""USD""}, ""minEstimatedDeliveryDate"": ""2026-09-15T07:00:00.000Z"", ""maxEstimatedDeliveryDate"": ""2026-09-18T07:00:00.000Z""}]",,,PENDING_INDEPENDENT_HUMAN_REVIEW
D2-0552,6a2b87e5-f90b-48f4-be30-a77258bee660,36134e45-4899-474f-88f0-b540ba618b49,Marill,Paldea Evolved,204,illustration_rare,v1|158279152156|0,Marill 204/193 Sv02: Paldea Evolved Illustration Rare Holo 2023 *DAMAGED*,,Ungraded,4000,[],"[""FIXED_PRICE"", ""BEST_OFFER""]",fourkidsandamousetradingcardco,https://i.ebayimg.com/images/g/4u8AAeSw1hdqowG5/s-l225.jpg,https://www.ebay.com/itm/158279152156?_skw=Marill+204+Paldea+Evolved+Pokemon+card&hash=item24da2c321c:g:4u8AAeSw1hdqowG5,"{""value"": ""29.99"", ""currency"": ""USD""}","[{""shippingCostType"": ""FIXED"", ""shippingCost"": {""value"": ""7.50"", ""currency"": ""USD""}, ""minEstimatedDeliveryDate"": ""2026-09-16T07:00:00.000Z"", ""maxEstimatedDeliveryDate"": ""2026-09-22T07:00:00.000Z""}]",,,PENDING_INDEPENDENT_HUMAN_REVIEW
D2-0553,6a2b87e5-f90b-48f4-be30-a77258bee660,36134e45-4899-474f-88f0-b540ba618b49,Marill,Paldea Evolved,204,illustration_rare,v1|117352129777|0,Pokemon 2023 Paldea Evolved Marill 204/193 Illustration Rare Holo PSA 9 EN,,Graded,2750,[],"[""FIXED_PRICE"", ""BEST_OFFER""]",slabkingg,https://i.ebayimg.com/images/g/~L4AAeSwxxdqeu1z/s-l225.jpg,https://www.ebay.com/itm/117352129777?_skw=Marill+204+Paldea+Evolved+Pokemon+card&hash=item1b52bb64f1:g:~L4AAeSwxxdqeu1z,"{""value"": ""79.00"", ""currency"": ""USD""}","[{""shippingCostType"": ""CALCULATED""}]",,,PENDING_INDEPENDENT_HUMAN_REVIEW
D2-0554,6a2b87e5-f90b-48f4-be30-a77258bee660,36134e45-4899-474f-88f0-b540ba618b49,Marill,Paldea Evolved,204,illustration_rare,v1|128040789566|0,Pokemon TCG Marill 204/193 SV02 Paldea Evolved Illustration Rare Holo PSA 9,,Graded,2750,[],"[""FIXED_PRICE""]",dvldawg33,https://i.ebayimg.com/images/g/DP8AAeSwu7Zqi2Og/s-l225.jpg,https://www.ebay.com/itm/128040789566?_skw=Marill+204+Paldea+Evolved+Pokemon+card&hash=item1dcfd3663e:g:DP8AAeSwu7Zqi2Og,"{""value"": ""83.00"", ""currency"": ""USD""}","[{""shippingCostType"": ""CALCULATED""}]",,,PENDING_INDEPENDENT_HUMAN_REVIEW
D2-0555,6a2b87e5-f90b-48f4-be30-a77258bee660,36134e45-4899-474f-88f0-b540ba618b49,Marill,Paldea Evolved,204,illustration_rare,v1|128069477695|0,Marill NM IR 204/193 Sv02: Paldea Evolved Pokemon TCG Holo,,Ungraded,4000,[],"[""FIXED_PRICE""]",shadetreebg,https://i.ebayimg.com/images/g/hloAAeSwNRJqivmv/s-l225.jpg,https://www.ebay.com/itm/128069477695?_skw=Marill+204+Paldea+Evolved+Pokemon+card&hash=item1dd189253f:g:hloAAeSwNRJqivmv,"{""value"": ""64.99"", ""currency"": ""USD""}","[{""shippingCostType"": ""FIXED"", ""shippingCost"": {""value"": ""0.00"", ""currency"": ""USD""}, ""minEstimatedDeliveryDate"": ""2026-09-15T07:00:00.000Z"", ""maxEstimatedDeliveryDate"": ""2026-09-21T07:00:00.000Z""}]",,,PENDING_INDEPENDENT_HUMAN_REVIEW
D2-0556,6a980108-6683-4461-ac9a-c81a27326dee,129a7668-0ba7-4f77-8585-3847e6c3d342,Team Rocket's Mewtwo ex,Destined Rivals,231,special_illustration_rare,v1|117353475627|0,Team Rocket's Mewtwo ex 231/182 Sv10 Destined Rivals SIR Holo English 280HP,,Ungraded,4000,[],"[""FIXED_PRICE"", ""BEST_OFFER""]",restocked-vintage-collectibles-sneakers,https://i.ebayimg.com/images/g/5F4AAeSwMeVqe36w/s-l225.jpg,https://www.ebay.com/itm/117353475627?_skw=Team+Rocket%27s+Mewtwo+ex+231+Destined+Rivals+Pokemon+card&hash=item1b52cfee2b:g:5F4AAeSwMeVqe36w,"{""value"": ""525.00"", ""currency"": ""USD""}","[{""shippingCostType"": ""FIXED"", ""shippingCost"": {""value"": ""0.00"", ""currency"": ""USD""}, ""minEstimatedDeliveryDate"": ""2026-09-15T07:00:00.000Z"", ""maxEstimatedDeliveryDate"": ""2026-09-18T07:00:00.000Z""}]",,,PENDING_INDEPENDENT_HUMAN_REVIEW
D2-0557,6a980108-6683-4461-ac9a-c81a27326dee,129a7668-0ba7-4f77-8585-3847e6c3d342,Team Rocket's Mewtwo ex,Destined Rivals,231,special_illustration_rare,v1|117402985182|0,Team Rocket's Mewtwo ex 231/182 SV10 Destined Rivals NM,,Ungraded,4000,[],"[""FIXED_PRICE"", ""BEST_OFFER""]",bodnarsbigbox,https://i.ebayimg.com/images/g/yj8AAeSwCNFqoHZi/s-l225.jpg,https://www.ebay.com/itm/117402985182?_skw=Team+Rocket%27s+Mewtwo+ex+231+Destined+Rivals+Pokemon+card&hash=item1b55c362de:g:yj8AAeSwCNFqoHZi,"{""value"": ""500.00"", ""currency"": ""USD""}","[{""shippingCostType"": ""CALCULATED""}]",,,PENDING_INDEPENDENT_HUMAN_REVIEW
D2-0558,6a980108-6683-4461-ac9a-c81a27326dee,129a7668-0ba7-4f77-8585-3847e6c3d342,Team Rocket's Mewtwo ex,Destined Rivals,231,special_illustration_rare,v1|127969743744|0,Team Rocket's Mewtwo ex 231/182 SIR Destined Rivals Pokemon Card,,Ungraded,4000,[],"[""FIXED_PRICE""]",chartcgstore,https://i.ebayimg.com/images/g/k14AAeSwtD9qUpQq/s-l225.jpg,https://www.ebay.com/itm/127969743744?_skw=Team+Rocket%27s+Mewtwo+ex+231+Destined+Rivals+Pokemon+card&hash=item1dcb975380:g:k14AAeSwtD9qUpQq,"{""value"": ""510.00"", ""currency"": ""USD""}","[{""shippingCostType"": ""CALCULATED""}]",,,PENDING_INDEPENDENT_HUMAN_REVIEW
D2-0559,6a980108-6683-4461-ac9a-c81a27326dee,129a7668-0ba7-4f77-8585-3847e6c3d342,Team Rocket's Mewtwo ex,Destined Rivals,231,special_illustration_rare,v1|377399712880|0,Pokemon TCG Team Rocket's Mewtwo ex 231/182 Rivals Special Illustration NM B,,Ungraded,4000,[],"[""FIXED_PRICE"", ""BEST_OFFER""]",mn-sportscards,https://i.ebayimg.com/images/g/8LQAAeSw~wRqdMeM/s-l225.jpg,https://www.ebay.com/itm/377399712880?_skw=Team+Rocket%27s+Mewtwo+ex+231+Destined+Rivals+Pokemon+card&hash=item57dec69c70:g:8LQAAeSw~wRqdMeM,"{""value"": ""519.99"", ""currency"": ""USD""}","[{""shippingCostType"": ""FIXED"", ""shippingCost"": {""value"": ""6.50"", ""currency"": ""USD""}, ""minEstimatedDeliveryDate"": ""2026-09-15T07:00:00.000Z"", ""maxEstimatedDeliveryDate"": ""2026-09-21T07:00:00.000Z""}]",,,PENDING_INDEPENDENT_HUMAN_REVIEW
D2-0560,6a980108-6683-4461-ac9a-c81a27326dee,129a7668-0ba7-4f77-8585-3847e6c3d342,Team Rocket's Mewtwo ex,Destined Rivals,231,special_illustration_rare,v1|137715189779|0,Pokemon Mewtwo EX SIR Destined Rivals 231/182,,Ungraded,4000,[],"[""FIXED_PRICE""]",vbs_10,https://i.ebayimg.com/images/g/BuIAAeSwezBqoIZA/s-l225.jpg,https://www.ebay.com/itm/137715189779?_skw=Team+Rocket%27s+Mewtwo+ex+231+Destined+Rivals+Pokemon+card&hash=item2010770813:g:BuIAAeSwezBqoIZA,"{""value"": ""503.32"", ""currency"": ""USD"", ""convertedFromValue"": ""372.50"", ""convertedFromCurrency"": ""GBP""}",[],,,PENDING_INDEPENDENT_HUMAN_REVIEW
D2-0561,6a980108-6683-4461-ac9a-c81a27326dee,129a7668-0ba7-4f77-8585-3847e6c3d342,Team Rocket's Mewtwo ex,Destined Rivals,231,special_illustration_rare,v1|178480994351|0,Pokémon TCG Destined Rivals Team Rockets Mewtwo EX Card 231/182,,Ungraded,4000,[],"[""FIXED_PRICE"", ""BEST_OFFER""]",nbsoulglowff5,https://i.ebayimg.com/images/g/MfIAAeSwTNpqoND-/s-l225.jpg,https://www.ebay.com/itm/178480994351?_skw=Team+Rocket%27s+Mewtwo+ex+231+Destined+Rivals+Pokemon+card&hash=item298e4bd82f:g:MfIAAeSwTNpqoND-,"{""value"": ""499.99"", ""currency"": ""USD""}","[{""shippingCostType"": ""FIXED"", ""shippingCost"": {""value"": ""0.00"", ""currency"": ""USD""}, ""minEstimatedDeliveryDate"": ""2026-09-15T07:00:00.000Z"", ""maxEstimatedDeliveryDate"": ""2026-09-19T07:00:00.000Z""}]",,,PENDING_INDEPENDENT_HUMAN_REVIEW
D2-0562,6a980108-6683-4461-ac9a-c81a27326dee,129a7668-0ba7-4f77-8585-3847e6c3d342,Team Rocket's Mewtwo ex,Destined Rivals,231,special_illustration_rare,v1|206436205999|0,Pokémon TCG Destined Rivals Team Rockets Mewtwo EX Card 231/182 NM Condition,,Ungraded,4000,[],"[""FIXED_PRICE"", ""BEST_OFFER""]",bananabo6,https://i.ebayimg.com/images/g/MvAAAeSw-DtqYm--/s-l225.jpg,https://www.ebay.com/itm/206436205999?_skw=Team+Rocket%27s+Mewtwo+ex+231+Destined+Rivals+Pokemon+card&hash=item30108e85af:g:MvAAAeSw-DtqYm--&amdata=enc%3AAQALAAABIACCtXRWQnOEpyOqnQQ8KGYmbDB7djy53KThoZHfu8K%2F95w47yOcS4SDCZMiriNtv9XqGnJ4IwQTc0JMO4h4sbOnp8TYYy4UML4F4u6SdFs8Qsgaph0euzvVhi3Yhlf7X1OSaaePtSpg679y%2BhncY4W0Vhvk33EvrntZphTdw%2Bo%2By6vMh7bod6%2FQAGt20FMhr3b3iAt9u37MAzsdfKCWnwLDhTrcTo0EGkDBrlw1LqA2PgXNV276iB1vi8aiM4LtK7fOZORQP8Usmq0ZlQXWusymmjKw8nB3AjZLYVaxuqSBQK9KqGFog1Yo6X%2BiuwZMiT616BxUYBYC7UQx9NF6KYI%2FcS1syL3hX2OJ4NoRh7QmXbReW3OsUi25fU5qDu%2FTQg%3D%3D,"{""value"": ""590.00"", ""currency"": ""USD""}","[{""shippingCostType"": ""CALCULATED""}]",,,PENDING_INDEPENDENT_HUMAN_REVIEW
D2-0563,6a980108-6683-4461-ac9a-c81a27326dee,129a7668-0ba7-4f77-8585-3847e6c3d342,Team Rocket's Mewtwo ex,Destined Rivals,231,special_illustration_rare,v1|117304226467|0,Team Rocket's Mewtwo ex 231/182 Destined Rivals Holo BGS 9,,Graded,2750,[],"[""FIXED_PRICE""]",jstar_16,https://i.ebayimg.com/images/g/oisAAeSw1ihqWAO1/s-l225.jpg,https://www.ebay.com/itm/117304226467?_skw=Team+Rocket%27s+Mewtwo+ex+231+Destined+Rivals+Pokemon+card&hash=item1b4fe072a3:g:oisAAeSw1ihqWAO1,"{""value"": ""799.99"", ""currency"": ""USD""}","[{""shippingCostType"": ""FIXED"", ""shippingCost"": {""value"": ""0.00"", ""currency"": ""USD""}, ""minEstimatedDeliveryDate"": ""2026-09-15T07:00:00.000Z"", ""maxEstimatedDeliveryDate"": ""2026-09-18T07:00:00.000Z""}]",,,PENDING_INDEPENDENT_HUMAN_REVIEW
D2-0564,6a980108-6683-4461-ac9a-c81a27326dee,129a7668-0ba7-4f77-8585-3847e6c3d342,Team Rocket's Mewtwo ex,Destined Rivals,231,special_illustration_rare,v1|157415561606|0,Pokemon Team Rocket's Mewtwo ex SIR 231/182 Destined Rival Extended Art Case,,Ungraded,4000,[],"[""FIXED_PRICE""]",outback_originals,https://i.ebayimg.com/images/g/4N0AAeSwhftpNxY5/s-l225.jpg,https://www.ebay.com/itm/157415561606?_skw=Team+Rocket%27s+Mewtwo+ex+231+Destined+Rivals+Pokemon+card&hash=item24a6b2d986:g:4N0AAeSwhftpNxY5,"{""value"": ""12.00"", ""currency"": ""USD""}","[{""shippingCostType"": ""FIXED"", ""shippingCost"": {""value"": ""5.00"", ""currency"": ""USD""}, ""minEstimatedDeliveryDate"": ""2026-09-15T07:00:00.000Z"", ""maxEstimatedDeliveryDate"": ""2026-09-18T07:00:00.000Z""}]",,,PENDING_INDEPENDENT_HUMAN_REVIEW
D2-0565,6a980108-6683-4461-ac9a-c81a27326dee,129a7668-0ba7-4f77-8585-3847e6c3d342,Team Rocket's Mewtwo ex,Destined Rivals,231,special_illustration_rare,v1|127971700150|0,Team Rocket's Mewtwo ex 231/182 SV Destined Rivals SIR Pokemon Card - NM,,Ungraded,4000,[],"[""FIXED_PRICE""]",swibbycards,https://i.ebayimg.com/images/g/WSMAAeSwMndqVFuZ/s-l225.jpg,https://www.ebay.com/itm/127971700150?_skw=Team+Rocket%27s+Mewtwo+ex+231+Destined+Rivals+Pokemon+card&hash=item1dcbb52db6:g:WSMAAeSwMndqVFuZ,"{""value"": ""525.31"", ""currency"": ""USD""}","[{""shippingCostType"": ""FIXED"", ""shippingCost"": {""value"": ""0.00"", ""currency"": ""USD""}, ""minEstimatedDeliveryDate"": ""2026-09-14T07:00:00.000Z"", ""maxEstimatedDeliveryDate"": ""2026-09-17T07:00:00.000Z""}]",,,PENDING_INDEPENDENT_HUMAN_REVIEW
D2-0566,6a980108-6683-4461-ac9a-c81a27326dee,129a7668-0ba7-4f77-8585-3847e6c3d342,Team Rocket's Mewtwo ex,Destined Rivals,231,special_illustration_rare,v1|128004642528|0,Pokemon Team Rocket’s Mewtwo ex 231/182 (SIR) - Destined Rivals - Near Mint,,Ungraded,4000,[],"[""FIXED_PRICE"", ""BEST_OFFER""]",krobinson98,https://i.ebayimg.com/images/g/1DAAAeSw8KNqbVJU/s-l225.jpg,https://www.ebay.com/itm/128004642528?_skw=Team+Rocket%27s+Mewtwo+ex+231+Destined+Rivals+Pokemon+card&hash=item1dcdabd6e0:g:1DAAAeSw8KNqbVJU,"{""value"": ""550.00"", ""currency"": ""USD""}","[{""shippingCostType"": ""FIXED"", ""shippingCost"": {""value"": ""0.00"", ""currency"": ""USD""}, ""minEstimatedDeliveryDate"": ""2026-09-15T07:00:00.000Z"", ""maxEstimatedDeliveryDate"": ""2026-09-21T07:00:00.000Z""}]",,,PENDING_INDEPENDENT_HUMAN_REVIEW
D2-0567,6a980108-6683-4461-ac9a-c81a27326dee,129a7668-0ba7-4f77-8585-3847e6c3d342,Team Rocket's Mewtwo ex,Destined Rivals,231,special_illustration_rare,v1|128058686009|0,Pokémon TCG Team Rocket's Mewtwo ex Sv10 Destined Rivals 231/182 SIR Holo,,Ungraded,4000,[],"[""FIXED_PRICE"", ""BEST_OFFER""]",quick.flipzzz,https://i.ebayimg.com/images/g/0SIAAeSwh3NqmNwZ/s-l225.jpg,https://www.ebay.com/itm/128058686009?_skw=Team+Rocket%27s+Mewtwo+ex+231+Destined+Rivals+Pokemon+card&hash=item1dd0e47a39:g:0SIAAeSwh3NqmNwZ,"{""value"": ""555.55"", ""currency"": ""USD""}","[{""shippingCostType"": ""CALCULATED""}]",,,PENDING_INDEPENDENT_HUMAN_REVIEW
D2-0568,6a980108-6683-4461-ac9a-c81a27326dee,129a7668-0ba7-4f77-8585-3847e6c3d342,Team Rocket's Mewtwo ex,Destined Rivals,231,special_illustration_rare,v1|137597111460|0,Team Rocket's Mewtwo ex #231 2025 Pokemon Destined Rivals,,Ungraded,4000,[],"[""FIXED_PRICE""]",ev610512,https://i.ebayimg.com/images/g/m7EAAeSwMwFqdkN6/s-l225.jpg,https://www.ebay.com/itm/137597111460?_skw=Team+Rocket%27s+Mewtwo+ex+231+Destined+Rivals+Pokemon+card&hash=item20096d4ca4:g:m7EAAeSwMwFqdkN6,"{""value"": ""475.00"", ""currency"": ""USD""}","[{""shippingCostType"": ""FIXED"", ""shippingCost"": {""value"": ""5.17"", ""currency"": ""USD""}, ""minEstimatedDeliveryDate"": ""2026-09-15T07:00:00.000Z"", ""maxEstimatedDeliveryDate"": ""2026-09-21T07:00:00.000Z""}]",,,PENDING_INDEPENDENT_HUMAN_REVIEW
D2-0569,6a980108-6683-4461-ac9a-c81a27326dee,129a7668-0ba7-4f77-8585-3847e6c3d342,Team Rocket's Mewtwo ex,Destined Rivals,231,special_illustration_rare,v1|137613009937|0,TEAM ROCKET'S MEWTWO EX POKEMON DESTINED RIVALS 231/182 HOLO,,Ungraded,4000,[],"[""FIXED_PRICE""]",pardonmycardboard,https://i.ebayimg.com/images/g/1GYAAeSwA6tqfHZB/s-l225.jpg,https://www.ebay.com/itm/137613009937?_skw=Team+Rocket%27s+Mewtwo+ex+231+Destined+Rivals+Pokemon+card&hash=item200a5fe411:g:1GYAAeSwA6tqfHZB,"{""value"": ""549.99"", ""currency"": ""USD""}","[{""shippingCostType"": ""FIXED"", ""shippingCost"": {""value"": ""0.00"", ""currency"": ""USD""}, ""minEstimatedDeliveryDate"": ""2026-09-15T07:00:00.000Z"", ""maxEstimatedDeliveryDate"": ""2026-09-21T07:00:00.000Z""}]",,,PENDING_INDEPENDENT_HUMAN_REVIEW
D2-0570,6a980108-6683-4461-ac9a-c81a27326dee,129a7668-0ba7-4f77-8585-3847e6c3d342,Team Rocket's Mewtwo ex,Destined Rivals,231,special_illustration_rare,v1|137715635796|0,Pokemon 2025 Team Rocket's Mewtwo ex 231/182 SIR Destined Rivals GEM MINT PSA 10,,Graded,2750,[],"[""FIXED_PRICE""]",jabberwocky*1974,https://i.ebayimg.com/images/g/or0AAeSwzjZqoKlY/s-l225.jpg,https://www.ebay.com/itm/137715635796?_skw=Team+Rocket%27s+Mewtwo+ex+231+Destined+Rivals+Pokemon+card&hash=item20107dd654:g:or0AAeSwzjZqoKlY,"{""value"": ""1049.95"", ""currency"": ""USD""}","[{""shippingCostType"": ""FIXED"", ""shippingCost"": {""value"": ""0.00"", ""currency"": ""USD""}, ""minEstimatedDeliveryDate"": ""2026-09-15T07:00:00.000Z"", ""maxEstimatedDeliveryDate"": ""2026-09-21T07:00:00.000Z""}]",,,PENDING_INDEPENDENT_HUMAN_REVIEW
D2-0571,740ad74c-8c0c-411f-9ec7-2c734210b8f1,e8c344f6-9bee-4ad6-8356-63ee4e2988cf,Arbok,Temporal Forces,101,common,v1|117223656952|0,Arbok 101/162 C Temporal Forces NM Pokemon,,Ungraded,4000,[],"[""FIXED_PRICE""]",bwise12241224,https://i.ebayimg.com/images/g/PD4AAeSwqvNqG1aT/s-l225.jpg,https://www.ebay.com/itm/117223656952?_skw=Arbok+101+Temporal+Forces+Pokemon+card&hash=item1b4b130df8:g:PD4AAeSwqvNqG1aT,"{""value"": ""1.45"", ""currency"": ""USD""}","[{""shippingCostType"": ""FIXED"", ""shippingCost"": {""value"": ""0.00"", ""currency"": ""USD""}, ""minEstimatedDeliveryDate"": ""2026-09-14T07:00:00.000Z"", ""maxEstimatedDeliveryDate"": ""2026-09-17T07:00:00.000Z""}]",,,PENDING_INDEPENDENT_HUMAN_REVIEW
D2-0572,740ad74c-8c0c-411f-9ec7-2c734210b8f1,e8c344f6-9bee-4ad6-8356-63ee4e2988cf,Arbok,Temporal Forces,101,common,v1|127871558303|0,Arbok 101/162 Common Temporal Forces Pokemon Reverse Holo Near Mint,,Ungraded,4000,[],"[""FIXED_PRICE""]",doodersfinds,https://i.ebayimg.com/images/g/u6YAAeSwvPRqCy7v/s-l225.jpg,https://www.ebay.com/itm/127871558303?_skw=Arbok+101+Temporal+Forces+Pokemon+card&hash=item1dc5bd229f:g:u6YAAeSwvPRqCy7v,"{""value"": ""1.79"", ""currency"": ""USD""}","[{""shippingCostType"": ""FIXED"", ""shippingCost"": {""value"": ""0.00"", ""currency"": ""USD""}, ""minEstimatedDeliveryDate"": ""2026-09-16T07:00:00.000Z"", ""maxEstimatedDeliveryDate"": ""2026-09-23T07:00:00.000Z""}]",,,PENDING_INDEPENDENT_HUMAN_REVIEW
D2-0573,740ad74c-8c0c-411f-9ec7-2c734210b8f1,e8c344f6-9bee-4ad6-8356-63ee4e2988cf,Arbok,Temporal Forces,101,common,v1|128055549674|0,"Arbok #101/162 Common, Reverse Holo SV05: Temporal Forces Pokemon",,Ungraded,4000,[],"[""FIXED_PRICE"", ""BEST_OFFER""]",tcg_coastal_sales,https://i.ebayimg.com/images/g/1AMAAeSwWhdqltv9/s-l225.jpg,https://www.ebay.com/itm/128055549674?_skw=Arbok+101+Temporal+Forces+Pokemon+card&hash=item1dd0b49eea:g:1AMAAeSwWhdqltv9,"{""value"": ""0.99"", ""currency"": ""USD""}","[{""shippingCostType"": ""CALCULATED""}]",,,PENDING_INDEPENDENT_HUMAN_REVIEW
D2-0574,740ad74c-8c0c-411f-9ec7-2c734210b8f1,e8c344f6-9bee-4ad6-8356-63ee4e2988cf,Arbok,Temporal Forces,101,common,v1|134998956309|434451972283,"Pokemon Temporal Forces Regular, Reverse holos, holo, ex - Pick Your Card",,Ungraded,4000,[],"[""FIXED_PRICE""]",escapetherealm,https://i.ebayimg.com/images/g/qeEAAOSwAKFmCH2j/s-l225.jpg,https://www.ebay.com/itm/134998956309?_skw=Arbok+101+Temporal+Forces+Pokemon+card&hash=item1f6e909915:g:qeEAAOSwAKFmCH2j,"{""value"": ""0.99"", ""currency"": ""USD""}","[{""shippingCostType"": ""FIXED"", ""shippingCost"": {""value"": ""0.00"", ""currency"": ""USD""}, ""minEstimatedDeliveryDate"": ""2026-09-15T07:00:00.000Z"", ""maxEstimatedDeliveryDate"": ""2026-09-19T07:00:00.000Z""}]",,,PENDING_INDEPENDENT_HUMAN_REVIEW
D2-0575,740ad74c-8c0c-411f-9ec7-2c734210b8f1,e8c344f6-9bee-4ad6-8356-63ee4e2988cf,Arbok,Temporal Forces,101,common,v1|136259945601|435177368056,Pokemon TCG: SV05 Temporal Forces /162 You Pick (2 Card Minimum),,Ungraded,4000,[],"[""FIXED_PRICE""]",4urpc_collectables,https://i.ebayimg.com/images/g/Hf8AAeSwAjJojd2E/s-l225.jpg,https://www.ebay.com/itm/136259945601?_skw=Arbok+101+Temporal+Forces+Pokemon+card&hash=item1fb9b9c481:g:Hf8AAeSwAjJojd2E,"{""value"": ""0.99"", ""currency"": ""USD""}","[{""shippingCostType"": ""FIXED"", ""shippingCost"": {""value"": ""0.00"", ""currency"": ""USD""}, ""minEstimatedDeliveryDate"": ""2026-09-22T07:00:00.000Z"", ""maxEstimatedDeliveryDate"": ""2026-09-28T07:00:00.000Z""}]",,,PENDING_INDEPENDENT_HUMAN_REVIEW
D2-0576,740ad74c-8c0c-411f-9ec7-2c734210b8f1,e8c344f6-9bee-4ad6-8356-63ee4e2988cf,Arbok,Temporal Forces,101,common,v1|156452864205|457555881471,Pokemon TCG - Temporal Forces: Choose Your Card! - All Holos/Reverse Holos! NM,,Ungraded,4000,[],"[""FIXED_PRICE""]",overstackedcards,https://i.ebayimg.com/images/g/WAsAAOSw839oSo9r/s-l225.jpg,https://www.ebay.com/itm/156452864205?_skw=Arbok+101+Temporal+Forces+Pokemon+card&hash=item246d5140cd:g:WAsAAOSw839oSo9r,"{""value"": ""1.49"", ""currency"": ""USD""}","[{""shippingCostType"": ""FIXED"", ""shippingCost"": {""value"": ""0.00"", ""currency"": ""USD""}, ""minEstimatedDeliveryDate"": ""2026-09-15T07:00:00.000Z"", ""maxEstimatedDeliveryDate"": ""2026-09-18T07:00:00.000Z""}]",,,PENDING_INDEPENDENT_HUMAN_REVIEW
D2-0577,740ad74c-8c0c-411f-9ec7-2c734210b8f1,e8c344f6-9bee-4ad6-8356-63ee4e2988cf,Arbok,Temporal Forces,101,common,v1|800623792108|0,2X - Arbok 101/162 Common Temporal Forces Pokemon Near Mint TWO TOTAL - PLAYSET,,Ungraded,4000,[],"[""AUCTION"", ""BEST_OFFER""]",squashy_cards,https://i.ebayimg.com/images/g/lYgAAeSwVDJqbslc/s-l225.jpg,https://www.ebay.com/itm/800623792108?_skw=Arbok+101+Temporal+Forces+Pokemon+card&hash=itemba68e58fec:g:lYgAAeSwVDJqbslc,{},"[{""shippingCostType"": ""CALCULATED""}]",,,PENDING_INDEPENDENT_HUMAN_REVIEW
D2-0578,740ad74c-8c0c-411f-9ec7-2c734210b8f1,e8c344f6-9bee-4ad6-8356-63ee4e2988cf,Arbok,Temporal Forces,101,common,v1|178444683255|0,Arbok 101/162 Common Temporal Forces Pokemon Reverse Holo Lightly Played,,Ungraded,4000,[],"[""FIXED_PRICE""]",mikestgs,https://i.ebayimg.com/images/g/ihIAAeSw6o5qkBIg/s-l225.jpg,https://www.ebay.com/itm/178444683255?_skw=Arbok+101+Temporal+Forces+Pokemon+card&hash=item298c21c7f7:g:ihIAAeSw6o5qkBIg,"{""value"": ""1.79"", ""currency"": ""USD""}","[{""shippingCostType"": ""FIXED"", ""shippingCost"": {""value"": ""0.00"", ""currency"": ""USD""}, ""minEstimatedDeliveryDate"": ""2026-09-15T07:00:00.000Z"", ""maxEstimatedDeliveryDate"": ""2026-09-21T07:00:00.000Z""}]",,,PENDING_INDEPENDENT_HUMAN_REVIEW
D2-0579,740ad74c-8c0c-411f-9ec7-2c734210b8f1,e8c344f6-9bee-4ad6-8356-63ee4e2988cf,Arbok,Temporal Forces,101,common,v1|128058127725|0,Arbok 101/162 Common Temporal Forces Pokemon Reverse Holo Near Mint,,Ungraded,4000,[],"[""FIXED_PRICE""]",silverwing_tcg,https://i.ebayimg.com/images/g/YQwAAeSwjh5qmHfO/s-l225.jpg,https://www.ebay.com/itm/128058127725?_skw=Arbok+101+Temporal+Forces+Pokemon+card&hash=item1dd0dbf56d:g:YQwAAeSwjh5qmHfO,"{""value"": ""1.79"", ""currency"": ""USD""}","[{""shippingCostType"": ""FIXED"", ""shippingCost"": {""value"": ""0.00"", ""currency"": ""USD""}, ""minEstimatedDeliveryDate"": ""2026-09-15T07:00:00.000Z"", ""maxEstimatedDeliveryDate"": ""2026-09-21T07:00:00.000Z""}]",,,PENDING_INDEPENDENT_HUMAN_REVIEW
D2-0580,740ad74c-8c0c-411f-9ec7-2c734210b8f1,e8c344f6-9bee-4ad6-8356-63ee4e2988cf,Arbok,Temporal Forces,101,common,v1|137329124573|0,Arbok 101/162 Common Pokemon SV05: Temporal Forces NM,,Ungraded,4000,[],"[""FIXED_PRICE""]",category5collectibles,https://i.ebayimg.com/images/g/TRwAAeSw73lqDjwS/s-l225.jpg,https://www.ebay.com/itm/137329124573?_skw=Arbok+101+Temporal+Forces+Pokemon+card&hash=item1ff97424dd:g:TRwAAeSw73lqDjwS,"{""value"": ""1.79"", ""currency"": ""USD""}","[{""shippingCostType"": ""FIXED"", ""shippingCost"": {""value"": ""0.00"", ""currency"": ""USD""}, ""minEstimatedDeliveryDate"": ""2026-09-16T07:00:00.000Z"", ""maxEstimatedDeliveryDate"": ""2026-09-23T07:00:00.000Z""}]",,,PENDING_INDEPENDENT_HUMAN_REVIEW
D2-0581,740ad74c-8c0c-411f-9ec7-2c734210b8f1,e8c344f6-9bee-4ad6-8356-63ee4e2988cf,Arbok,Temporal Forces,101,common,v1|137446020157|0,Arbok 101/162 Common Temporal Forces Pokemon Reverse Holo Near Mint,,Ungraded,4000,[],"[""FIXED_PRICE""]",deuxdogstradingtcg,https://i.ebayimg.com/images/g/k4UAAeSwUCdqOqnF/s-l225.jpg,https://www.ebay.com/itm/137446020157?_skw=Arbok+101+Temporal+Forces+Pokemon+card&hash=item20006bd43d:g:k4UAAeSwUCdqOqnF,"{""value"": ""1.79"", ""currency"": ""USD""}","[{""shippingCostType"": ""FIXED"", ""shippingCost"": {""value"": ""0.00"", ""currency"": ""USD""}, ""minEstimatedDeliveryDate"": ""2026-09-15T07:00:00.000Z"", ""maxEstimatedDeliveryDate"": ""2026-09-18T07:00:00.000Z""}]",,,PENDING_INDEPENDENT_HUMAN_REVIEW
D2-0582,740ad74c-8c0c-411f-9ec7-2c734210b8f1,e8c344f6-9bee-4ad6-8356-63ee4e2988cf,Arbok,Temporal Forces,101,common,v1|137723275403|0,Arbok 101/162 Common Temporal Forces Pokemon Reverse Holo Near Mint,,Ungraded,4000,[],"[""FIXED_PRICE""]",samscollectablespnw,https://i.ebayimg.com/images/g/4bYAAeSwXFVqo1IL/s-l225.jpg,https://www.ebay.com/itm/137723275403?_skw=Arbok+101+Temporal+Forces+Pokemon+card&hash=item2010f2688b:g:4bYAAeSwXFVqo1IL,"{""value"": ""1.99"", ""currency"": ""USD""}","[{""shippingCostType"": ""FIXED"", ""shippingCost"": {""value"": ""0.00"", ""currency"": ""USD""}, ""minEstimatedDeliveryDate"": ""2026-09-15T07:00:00.000Z"", ""maxEstimatedDeliveryDate"": ""2026-09-18T07:00:00.000Z""}]",,,PENDING_INDEPENDENT_HUMAN_REVIEW
D2-0583,740ad74c-8c0c-411f-9ec7-2c734210b8f1,e8c344f6-9bee-4ad6-8356-63ee4e2988cf,Arbok,Temporal Forces,101,common,v1|147566392131|0,SV05: Temporal Forces 101/162 Arbok Reverse Holo NM,,Ungraded,4000,[],"[""FIXED_PRICE""]",cliffbarz,https://i.ebayimg.com/images/g/VVsAAeSwxfNqpCai/s-l225.jpg,https://www.ebay.com/itm/147566392131?_skw=Arbok+101+Temporal+Forces+Pokemon+card&hash=item225ba47343:g:VVsAAeSwxfNqpCai,"{""value"": ""1.50"", ""currency"": ""USD""}","[{""shippingCostType"": ""FIXED"", ""shippingCost"": {""value"": ""0.00"", ""currency"": ""USD""}, ""minEstimatedDeliveryDate"": ""2026-09-15T07:00:00.000Z"", ""maxEstimatedDeliveryDate"": ""2026-09-19T07:00:00.000Z""}]",,,PENDING_INDEPENDENT_HUMAN_REVIEW
D2-0584,740ad74c-8c0c-411f-9ec7-2c734210b8f1,e8c344f6-9bee-4ad6-8356-63ee4e2988cf,Arbok,Temporal Forces,101,common,v1|158257171479|459388682912,Pokemon Temporal Forces Reverse Holo Pick Your Card SV05 TCG,,Ungraded,4000,[],"[""FIXED_PRICE""]",mac_tcgandsports,https://i.ebayimg.com/images/g/qMQAAeSwMf5qms~k/s-l225.jpg,https://www.ebay.com/itm/158257171479?_skw=Arbok+101+Temporal+Forces+Pokemon+card&hash=item24d8dccc17:g:qMQAAeSwMf5qms~k,"{""value"": ""1.49"", ""currency"": ""USD""}","[{""shippingCostType"": ""FIXED"", ""shippingCost"": {""value"": ""0.00"", ""currency"": ""USD""}, ""minEstimatedDeliveryDate"": ""2026-09-15T07:00:00.000Z"", ""maxEstimatedDeliveryDate"": ""2026-09-21T07:00:00.000Z""}]",,,PENDING_INDEPENDENT_HUMAN_REVIEW
D2-0585,740ad74c-8c0c-411f-9ec7-2c734210b8f1,e8c344f6-9bee-4ad6-8356-63ee4e2988cf,Arbok,Temporal Forces,101,common,v1|168325725650|467844101849,Temporal Forces POKEMON CHOOSE YOUR CARD REVERSE HOLO,,Ungraded,4000,[],"[""FIXED_PRICE""]",royal_tcg,https://i.ebayimg.com/images/g/RRMAAeSwN~xp6S58/s-l225.jpg,https://www.ebay.com/itm/168325725650?_skw=Arbok+101+Temporal+Forces+Pokemon+card&hash=item2730febdd2:g:RRMAAeSwN~xp6S58,"{""value"": ""1.42"", ""currency"": ""USD""}","[{""shippingCostType"": ""FIXED"", ""shippingCost"": {""value"": ""0.00"", ""currency"": ""USD""}, ""minEstimatedDeliveryDate"": ""2026-09-15T07:00:00.000Z"", ""maxEstimatedDeliveryDate"": ""2026-09-21T07:00:00.000Z""}]",,,PENDING_INDEPENDENT_HUMAN_REVIEW
D2-0586,75720435-3807-46b6-b3da-5e1c53b77822,9ad0c133-f133-45ab-9b3f-494199354e20,Mega Darkrai ex,Pitch Black,116,special_illustration_rare,v1|117390508583|0,Mega Darkrai ex Holo ME05: Pitch Black 116/084 LP,,Ungraded,4000,[],"[""FIXED_PRICE""]",soldbyrem,https://i.ebayimg.com/images/g/9-AAAeSwmX1qlygH/s-l225.jpg,https://www.ebay.com/itm/117390508583?_skw=Mega+Darkrai+ex+116+Pitch+Black+Pokemon+card&hash=item1b55050227:g:9-AAAeSwmX1qlygH,"{""value"": ""242.99"", ""currency"": ""USD""}","[{""shippingCostType"": ""FIXED"", ""shippingCost"": {""value"": ""6.99"", ""currency"": ""USD""}, ""minEstimatedDeliveryDate"": ""2026-09-15T07:00:00.000Z"", ""maxEstimatedDeliveryDate"": ""2026-09-19T07:00:00.000Z""}]",,,PENDING_INDEPENDENT_HUMAN_REVIEW
D2-0587,75720435-3807-46b6-b3da-5e1c53b77822,9ad0c133-f133-45ab-9b3f-494199354e20,Mega Darkrai ex,Pitch Black,116,special_illustration_rare,v1|128044109554|0,Pokemon Pitch Black Mega Darkrai EX 116/084 SIR ,,Ungraded,4000,[],"[""FIXED_PRICE"", ""BEST_OFFER""]",floridamantreasurez,https://i.ebayimg.com/images/g/dQwAAeSwDqFqjbuc/s-l225.jpg,https://www.ebay.com/itm/128044109554?_skw=Mega+Darkrai+ex+116+Pitch+Black+Pokemon+card&hash=item1dd0060ef2:g:dQwAAeSwDqFqjbuc,"{""value"": ""274.99"", ""currency"": ""USD""}","[{""shippingCostType"": ""FIXED"", ""shippingCost"": {""value"": ""1.25"", ""currency"": ""USD""}, ""minEstimatedDeliveryDate"": ""2026-09-15T07:00:00.000Z"", ""maxEstimatedDeliveryDate"": ""2026-09-19T07:00:00.000Z""}]",,,PENDING_INDEPENDENT_HUMAN_REVIEW
D2-0588,75720435-3807-46b6-b3da-5e1c53b77822,9ad0c133-f133-45ab-9b3f-494199354e20,Mega Darkrai ex,Pitch Black,116,special_illustration_rare,v1|137544768498|0,2026 Pokemon Mega Darkrai EX SIR 116/084 Me05: Pitch Black NM/M+,,Ungraded,4000,[],"[""FIXED_PRICE""]",boink2004,https://i.ebayimg.com/images/g/mYwAAeSwP19qYond/s-l225.jpg,https://www.ebay.com/itm/137544768498?_skw=Mega+Darkrai+ex+116+Pitch+Black+Pokemon+card&hash=item20064e9bf2:g:mYwAAeSwP19qYond,"{""value"": ""210.00"", ""currency"": ""USD""}","[{""shippingCostType"": ""FIXED"", ""shippingCost"": {""value"": ""9.00"", ""currency"": ""USD""}, ""minEstimatedDeliveryDate"": ""2026-09-14T07:00:00.000Z"", ""maxEstimatedDeliveryDate"": ""2026-09-16T07:00:00.000Z""}]",,,PENDING_INDEPENDENT_HUMAN_REVIEW
D2-0589,75720435-3807-46b6-b3da-5e1c53b77822,9ad0c133-f133-45ab-9b3f-494199354e20,Mega Darkrai ex,Pitch Black,116,special_illustration_rare,v1|188705689792|0,2026 pokemon mega darkrai ex #116/084,,Ungraded,4000,[],"[""FIXED_PRICE"", ""BEST_OFFER""]",zfer_us_hlems2j,https://i.ebayimg.com/images/g/pTwAAeSwvA9qaDNd/s-l225.jpg,https://www.ebay.com/itm/188705689792?_skw=Mega+Darkrai+ex+116+Pitch+Black+Pokemon+card&hash=item2befbc50c0:g:pTwAAeSwvA9qaDNd&amdata=enc%3AAQALAAABEACCtXRWQnOEpyOqnQQ8KGYR4UgHrNSLlc18V2Kth5Or%2F02kaVi71yafogSv5vj%2BilD1KOEv8gI1f4o%2Fal1jY4bHZc4AW3LhnypB%2BgECbDYghGYpKeV5p10c84iycfSUIA5EySdfwWqPfsaD3DaTh4W9H4sfJqS0LO7dxO9Gmap5YdYEa4DQfOLAZ5h9SFKWoQeTevN%2FT01DEhEp256yGKf2hFkcZYlE8e9kS3fmZ1pVdV9d8L5s3TZNNr%2BtT8Zrz4nImsqgvhzPJmtZDlN0%2F8ixKt91kfEzi7DiEhFW22VuvqtpVOPPHMJrprX9cpOfi5ov5YG5jOziHhzgyFRObD5AWfojF4wUaJ9rq1LvpJ42,"{""value"": ""275.00"", ""currency"": ""USD""}","[{""shippingCostType"": ""FIXED"", ""shippingCost"": {""value"": ""7.99"", ""currency"": ""USD""}, ""minEstimatedDeliveryDate"": ""2026-09-16T07:00:00.000Z"", ""maxEstimatedDeliveryDate"": ""2026-09-23T07:00:00.000Z""}]",,,PENDING_INDEPENDENT_HUMAN_REVIEW
D2-0590,75720435-3807-46b6-b3da-5e1c53b77822,9ad0c133-f133-45ab-9b3f-494199354e20,Mega Darkrai ex,Pitch Black,116,special_illustration_rare,v1|318733788982|0,2026 Mega Darkrai EX 116/084 SR Full Art,,Ungraded,4000,[],"[""FIXED_PRICE"", ""BEST_OFFER""]",willy375622,https://i.ebayimg.com/images/g/gzIAAeSw76lqgE2V/s-l225.jpg,https://www.ebay.com/itm/318733788982?_skw=Mega+Darkrai+ex+116+Pitch+Black+Pokemon+card&hash=item4a3603a736:g:gzIAAeSw76lqgE2V&amdata=enc%3AAQALAAABEACCtXRWQnOEpyOqnQQ8KGbeZdRb2evDBauKU0o0UD%2Fi5%2FthW64Dk2%2BlSpwtJcwW8UhcCTi8DXMUk0iZaabjhGLICwsMiH7ThnItxJ3qxNtfnwdtjCi9Y85ROaJm7DlJ93A0q4f6CaQ%2F2VhdmnUjxnZ08L2uIB8FzC%2FMr5z%2B%2Fi3P3nb4PyPi0TQEguJc4CAShS33nGYH%2BkbSNxR%2Fh4RM3gLx0GP06XGQHb42%2F3TOSTilDz%2FVr22qUpK%2BXFMSaTudqlwZIrYwaM7hSoQhIruR209m4REI2Mn08zPI0InUmNSvPFEHqPhlHUQKrY0mLEc1m0IKOxqjH6te9d8%2FeeIm2A17uRCDobjuJMvdeUaBmOpf,"{""value"": ""224.99"", ""currency"": ""USD""}","[{""shippingCostType"": ""FIXED"", ""shippingCost"": {""value"": ""0.00"", ""currency"": ""USD""}, ""minEstimatedDeliveryDate"": ""2026-09-16T07:00:00.000Z"", ""maxEstimatedDeliveryDate"": ""2026-09-22T07:00:00.000Z""}]",,,PENDING_INDEPENDENT_HUMAN_REVIEW
D2-0591,75720435-3807-46b6-b3da-5e1c53b77822,9ad0c133-f133-45ab-9b3f-494199354e20,Mega Darkrai ex,Pitch Black,116,special_illustration_rare,v1|318848414865|0,Pokemon TCG Mega Darkrai Ex Ultra Rare Full  116/084,,Ungraded,4000,[],"[""FIXED_PRICE"", ""AUCTION""]",chazzman-57,https://i.ebayimg.com/images/g/wMoAAeSwPdNqmsuP/s-l225.jpg,https://www.ebay.com/itm/318848414865?_skw=Mega+Darkrai+ex+116+Pitch+Black+Pokemon+card&hash=item4a3cd8b491:g:wMoAAeSwPdNqmsuP,"{""value"": ""259.00"", ""currency"": ""USD""}","[{""shippingCostType"": ""CALCULATED""}]",,,PENDING_INDEPENDENT_HUMAN_REVIEW
D2-0592,75720435-3807-46b6-b3da-5e1c53b77822,9ad0c133-f133-45ab-9b3f-494199354e20,Mega Darkrai ex,Pitch Black,116,special_illustration_rare,v1|236976176219|0,"Pokemon Pitch Black  MEGA DARKRAI EX. Near mint, border near perfect.",,Ungraded,4000,[],"[""FIXED_PRICE"", ""BEST_OFFER""]",lu_232351,https://i.ebayimg.com/images/g/rv0AAeSwlcJqbWHi/s-l225.jpg,https://www.ebay.com/itm/236976176219?_skw=Mega+Darkrai+ex+116+Pitch+Black+Pokemon+card&hash=item372ce17c5b:g:rv0AAeSwlcJqbWHi,"{""value"": ""225.00"", ""currency"": ""USD""}","[{""shippingCostType"": ""CALCULATED""}]",,,PENDING_INDEPENDENT_HUMAN_REVIEW
D2-0593,75720435-3807-46b6-b3da-5e1c53b77822,9ad0c133-f133-45ab-9b3f-494199354e20,Mega Darkrai ex,Pitch Black,116,special_illustration_rare,v1|336781872486|0,Mega Darkrai EX SIR Pitch Black Chase Card,,Ungraded,4000,[],"[""FIXED_PRICE"", ""BEST_OFFER""]",hjacardz,https://i.ebayimg.com/images/g/RvMAAeSww-FqnZ0V/s-l225.jpg,https://www.ebay.com/itm/336781872486?_skw=Mega+Darkrai+ex+116+Pitch+Black+Pokemon+card&hash=item4e69c38d66:g:RvMAAeSww-FqnZ0V,"{""value"": ""230.00"", ""currency"": ""USD""}","[{""shippingCostType"": ""CALCULATED""}]",,,PENDING_INDEPENDENT_HUMAN_REVIEW
D2-0594,75720435-3807-46b6-b3da-5e1c53b77822,9ad0c133-f133-45ab-9b3f-494199354e20,Mega Darkrai ex,Pitch Black,116,special_illustration_rare,v1|227484808412|0,Mega Darkest EX 116/084 Pitch Black SIR Art English,,Ungraded,4000,[],"[""FIXED_PRICE"", ""BEST_OFFER""]",cellis1986,https://i.ebayimg.com/images/g/cPQAAeSwpEtqh6fd/s-l225.jpg,https://www.ebay.com/itm/227484808412?_skw=Mega+Darkrai+ex+116+Pitch+Black+Pokemon+card&hash=item34f726b4dc:g:cPQAAeSwpEtqh6fd,"{""value"": ""219.99"", ""currency"": ""USD""}","[{""shippingCostType"": ""FIXED"", ""shippingCost"": {""value"": ""0.00"", ""currency"": ""USD""}, ""minEstimatedDeliveryDate"": ""2026-09-15T07:00:00.000Z"", ""maxEstimatedDeliveryDate"": ""2026-09-19T07:00:00.000Z""}]",,,PENDING_INDEPENDENT_HUMAN_REVIEW
D2-0595,75720435-3807-46b6-b3da-5e1c53b77822,9ad0c133-f133-45ab-9b3f-494199354e20,Mega Darkrai ex,Pitch Black,116,special_illustration_rare,v1|227495986384|0,Mega Darkai Ex 116/084 SIR Pitch Black,,Ungraded,4000,[],"[""FIXED_PRICE""]",nismoserspecv,https://i.ebayimg.com/images/g/bJQAAeSwfPFqkkLf/s-l225.jpg,https://www.ebay.com/itm/227495986384?_skw=Mega+Darkrai+ex+116+Pitch+Black+Pokemon+card&hash=item34f7d144d0:g:bJQAAeSwfPFqkkLf,"{""value"": ""275.00"", ""currency"": ""USD""}","[{""shippingCostType"": ""FIXED"", ""shippingCost"": {""value"": ""6.99"", ""currency"": ""USD""}, ""minEstimatedDeliveryDate"": ""2026-09-15T07:00:00.000Z"", ""maxEstimatedDeliveryDate"": ""2026-09-21T07:00:00.000Z""}]",,,PENDING_INDEPENDENT_HUMAN_REVIEW
D2-0596,75720435-3807-46b6-b3da-5e1c53b77822,9ad0c133-f133-45ab-9b3f-494199354e20,Mega Darkrai ex,Pitch Black,116,special_illustration_rare,v1|820039647227|0,Mega Darkrai #116 Pokemon Card,,Ungraded,4000,[],"[""FIXED_PRICE"", ""BEST_OFFER""]",trdfrankie,https://i.ebayimg.com/images/g/zMMAAeSwUXpqi6U5/s-l225.jpg,https://www.ebay.com/itm/820039647227?_skw=Mega+Darkrai+ex+116+Pitch+Black+Pokemon+card&hash=itembeee2bfffb:g:zMMAAeSwUXpqi6U5,"{""value"": ""220.00"", ""currency"": ""USD""}",[],,,PENDING_INDEPENDENT_HUMAN_REVIEW
D2-0597,75720435-3807-46b6-b3da-5e1c53b77822,9ad0c133-f133-45ab-9b3f-494199354e20,Mega Darkrai ex,Pitch Black,116,special_illustration_rare,v1|117404661409|0,Mega Darkrai ex 116/084 Me05: Pitch Black Special Illustration Rare Holo PSA 9,,Graded,2750,[],"[""FIXED_PRICE"", ""AUCTION""]",afsolly,https://i.ebayimg.com/images/g/ELoAAeSwBBBqoa53/s-l225.jpg,https://www.ebay.com/itm/117404661409?_skw=Mega+Darkrai+ex+116+Pitch+Black+Pokemon+card&hash=item1b55dcf6a1:g:ELoAAeSwBBBqoa53,"{""value"": ""875.00"", ""currency"": ""USD""}","[{""shippingCostType"": ""FIXED"", ""shippingCost"": {""value"": ""6.93"", ""currency"": ""USD""}, ""minEstimatedDeliveryDate"": ""2026-09-16T07:00:00.000Z"", ""maxEstimatedDeliveryDate"": ""2026-09-22T07:00:00.000Z""}]",,,PENDING_INDEPENDENT_HUMAN_REVIEW
D2-0598,75720435-3807-46b6-b3da-5e1c53b77822,9ad0c133-f133-45ab-9b3f-494199354e20,Mega Darkrai ex,Pitch Black,116,special_illustration_rare,v1|227429593434|0,Pokemon Mega Darkrai EX 116/084 Pitch Black Extended Artwork Case,,Ungraded,4000,[],"[""FIXED_PRICE""]",dragarious,https://i.ebayimg.com/images/g/l6AAAeSwB-dqVPz7/s-l225.jpg,https://www.ebay.com/itm/227429593434?_skw=Mega+Darkrai+ex+116+Pitch+Black+Pokemon+card&hash=item34f3dc315a:g:l6AAAeSwB-dqVPz7,"{""value"": ""12.00"", ""currency"": ""USD""}","[{""shippingCostType"": ""CALCULATED""}]",,,PENDING_INDEPENDENT_HUMAN_REVIEW
D2-0599,75720435-3807-46b6-b3da-5e1c53b77822,9ad0c133-f133-45ab-9b3f-494199354e20,Mega Darkrai ex,Pitch Black,116,special_illustration_rare,v1|298662559883|0,Mega Darkrai ex 116 SIR + Sealed ETB Promo Zarude - Pitch Black - Near Mint (+),,Ungraded,4000,[],"[""FIXED_PRICE""]",pokemepokeu,https://i.ebayimg.com/images/g/ifYAAeSw2u5qowv-/s-l225.jpg,https://www.ebay.com/itm/298662559883?_skw=Mega+Darkrai+ex+116+Pitch+Black+Pokemon+card&hash=item4589ad008b:g:ifYAAeSw2u5qowv-,"{""value"": ""234.99"", ""currency"": ""USD""}","[{""shippingCostType"": ""CALCULATED""}]",,,PENDING_INDEPENDENT_HUMAN_REVIEW
D2-0600,75720435-3807-46b6-b3da-5e1c53b77822,9ad0c133-f133-45ab-9b3f-494199354e20,Mega Darkrai ex,Pitch Black,116,special_illustration_rare,v1|137718421903|0,Mega Darkrai ex 116/084 Special Illustration Rare Pitch Black Pokemon Holo NM,,Ungraded,4000,[],"[""FIXED_PRICE"", ""BEST_OFFER""]",shinyrockcards,https://i.ebayimg.com/images/g/nOkAAeSwUrBqoZAx/s-l225.jpg,https://www.ebay.com/itm/137718421903?_skw=Mega+Darkrai+ex+116+Pitch+Black+Pokemon+card&hash=item2010a8598f:g:nOkAAeSwUrBqoZAx,"{""value"": ""245.00"", ""currency"": ""USD""}","[{""shippingCostType"": ""FIXED"", ""shippingCost"": {""value"": ""0.00"", ""currency"": ""USD""}, ""minEstimatedDeliveryDate"": ""2026-09-15T07:00:00.000Z"", ""maxEstimatedDeliveryDate"": ""2026-09-18T07:00:00.000Z""}]",,,PENDING_INDEPENDENT_HUMAN_REVIEW
D2-0601,77b44a76-26f7-4fa0-a548-c29870a7bb68,63f84d31-df83-456f-bd4c-e59b7e2ba541,Crustle,Paradox Rift,183,illustration_rare,v1|117335761546|0,Pokemon Paradox Rift Crustle 183/182 Illustration Rare HOLO Near Mint,,Ungraded,4000,[],"[""FIXED_PRICE""]",graybeardgames,https://i.ebayimg.com/images/g/wiMAAeSwrptqbs-F/s-l225.jpg,https://www.ebay.com/itm/117335761546?_skw=Crustle+183+Paradox+Rift+Pokemon+card&hash=item1b51c1a28a:g:wiMAAeSwrptqbs-F,"{""value"": ""6.43"", ""currency"": ""USD""}","[{""shippingCostType"": ""FIXED"", ""shippingCost"": {""value"": ""0.00"", ""currency"": ""USD""}, ""minEstimatedDeliveryDate"": ""2026-09-15T07:00:00.000Z"", ""maxEstimatedDeliveryDate"": ""2026-09-19T07:00:00.000Z""}]",,,PENDING_INDEPENDENT_HUMAN_REVIEW
D2-0602,77b44a76-26f7-4fa0-a548-c29870a7bb68,63f84d31-df83-456f-bd4c-e59b7e2ba541,Crustle,Paradox Rift,183,illustration_rare,v1|127474487641|0,CGC Gem Mint 10 Crustle 183/182 Pokémon Paradox Rift PAR EN,,Graded,2750,[],"[""FIXED_PRICE"", ""BEST_OFFER""]",fortytwo-tcg,https://i.ebayimg.com/images/g/Rp4AAeSw8FhpDMJt/s-l225.jpg,https://www.ebay.com/itm/127474487641?_skw=Crustle+183+Paradox+Rift+Pokemon+card&hash=item1dae125159:g:Rp4AAeSw8FhpDMJt&amdata=enc%3AAQALAAABAACCtXRWQnOEpyOqnQQ8KGb4OXbF8CGADvYzFp%2FhQiwlcRz29MnBDcqgmSHttkhcztBaiLU%2Bo7DifptpXGrkEXXnBelZLaHQgq5ea%2FsXAHjAjr6gCEgVy4ptNtbES0ZIp4ISvmR--p2zny5jgod7xqHqFBZh6pV41Lm8P3VX%2F0gQ9l7GTSKg9UtuZDTMttEp1YRKQijcm3stvjhOTM8HmwGjMttIgOayYeWeFWgSBjZjH2abHHHsAkkVnNqIlTgA8%2Fv7ccURU%2Bzwm12oo%2BFR88CvQ6r93rfZ4uVznH3gJkrDP0NmTLr5ACmjxhjL7VZ2pSbPbDvNczXp2%2BZo7jt0NPk%3D,"{""value"": ""99.99"", ""currency"": ""USD""}","[{""shippingCostType"": ""FIXED"", ""shippingCost"": {""value"": ""0.00"", ""currency"": ""USD""}, ""minEstimatedDeliveryDate"": ""2026-09-15T07:00:00.000Z"", ""maxEstimatedDeliveryDate"": ""2026-09-21T07:00:00.000Z""}]",,,PENDING_INDEPENDENT_HUMAN_REVIEW
D2-0603,77b44a76-26f7-4fa0-a548-c29870a7bb68,63f84d31-df83-456f-bd4c-e59b7e2ba541,Crustle,Paradox Rift,183,illustration_rare,v1|137540028368|0,Crustle - Holo 183/182 NM SV04: Paradox Rift Pokemon Card,,Ungraded,4000,[],"[""FIXED_PRICE""]",pntpoke,https://i.ebayimg.com/images/g/-T0AAeSwP19qYNTd/s-l225.jpg,https://www.ebay.com/itm/137540028368?_skw=Crustle+183+Paradox+Rift+Pokemon+card&hash=item20060647d0:g:-T0AAeSwP19qYNTd,"{""value"": ""8.00"", ""currency"": ""USD""}","[{""shippingCostType"": ""FIXED"", ""shippingCost"": {""value"": ""0.00"", ""currency"": ""USD""}, ""minEstimatedDeliveryDate"": ""2026-09-15T07:00:00.000Z"", ""maxEstimatedDeliveryDate"": ""2026-09-19T07:00:00.000Z""}]",,,PENDING_INDEPENDENT_HUMAN_REVIEW
D2-0604,77b44a76-26f7-4fa0-a548-c29870a7bb68,63f84d31-df83-456f-bd4c-e59b7e2ba541,Crustle,Paradox Rift,183,illustration_rare,v1|156323652674|458638519077,Pokemon Paradox Rift - Choose Your Card! - Holo/Reverse Holo - NM,,Ungraded,4000,[],"[""FIXED_PRICE""]",overstackedcards,https://i.ebayimg.com/images/g/2REAAOSw5kpoW5wO/s-l225.jpg,https://www.ebay.com/itm/156323652674?_skw=Crustle+183+Paradox+Rift+Pokemon+card&hash=item24659da442:g:2REAAOSw5kpoW5wO,"{""value"": ""13.99"", ""currency"": ""USD""}","[{""shippingCostType"": ""FIXED"", ""shippingCost"": {""value"": ""0.00"", ""currency"": ""USD""}, ""minEstimatedDeliveryDate"": ""2026-09-15T07:00:00.000Z"", ""maxEstimatedDeliveryDate"": ""2026-09-18T07:00:00.000Z""}]",,,PENDING_INDEPENDENT_HUMAN_REVIEW
D2-0605,77b44a76-26f7-4fa0-a548-c29870a7bb68,63f84d31-df83-456f-bd4c-e59b7e2ba541,Crustle,Paradox Rift,183,illustration_rare,v1|227465239476|526683585561,Pokemon Trading Card Scarlet & Violet/Mega Illustration Rare: Choose Your Card,,Ungraded,4000,[],"[""FIXED_PRICE""]",calebdann1,https://i.ebayimg.com/images/g/3MYAAeSwiodqdPo7/s-l225.jpg,https://www.ebay.com/itm/227465239476?_skw=Crustle+183+Paradox+Rift+Pokemon+card&hash=item34f5fc1bb4:g:3MYAAeSwiodqdPo7,"{""value"": ""6.99"", ""currency"": ""USD""}","[{""shippingCostType"": ""CALCULATED""}]",,,PENDING_INDEPENDENT_HUMAN_REVIEW
D2-0606,77b44a76-26f7-4fa0-a548-c29870a7bb68,63f84d31-df83-456f-bd4c-e59b7e2ba541,Crustle,Paradox Rift,183,illustration_rare,v1|335101632502|544400030892,Pokemon SV4 Paradox Rift NM YouPICK! 1-266 Reverse Holo RH ex IR FA SIR HR,,Ungraded,4000,[],"[""FIXED_PRICE""]",biggyfish,https://i.ebayimg.com/images/g/VJIAAOSwowRldo8Q/s-l225.jpg,https://www.ebay.com/itm/335101632502?_skw=Crustle+183+Paradox+Rift+Pokemon+card&hash=item4e059d1ff6:g:VJIAAOSwowRldo8Q,"{""value"": ""11.99"", ""currency"": ""USD""}","[{""shippingCostType"": ""FIXED"", ""shippingCost"": {""value"": ""0.79"", ""currency"": ""USD""}, ""minEstimatedDeliveryDate"": ""2026-09-15T07:00:00.000Z"", ""maxEstimatedDeliveryDate"": ""2026-09-18T07:00:00.000Z""}]",,,PENDING_INDEPENDENT_HUMAN_REVIEW
D2-0607,77b44a76-26f7-4fa0-a548-c29870a7bb68,63f84d31-df83-456f-bd4c-e59b7e2ba541,Crustle,Paradox Rift,183,illustration_rare,v1|168573278129|0,Crustle 183/182 Illustration Rare Par En-Paradox Rift Pokemon PSA 10,,Graded,2750,[],"[""FIXED_PRICE""]",cardforgenny,https://i.ebayimg.com/images/g/w-cAAeSwRo9qajml/s-l225.jpg,https://www.ebay.com/itm/168573278129?_skw=Crustle+183+Paradox+Rift+Pokemon+card&hash=item273fc017b1:g:w-cAAeSwRo9qajml,"{""value"": ""119.99"", ""currency"": ""USD""}","[{""shippingCostType"": ""FIXED"", ""shippingCost"": {""value"": ""0.00"", ""currency"": ""USD""}, ""minEstimatedDeliveryDate"": ""2026-09-15T07:00:00.000Z"", ""maxEstimatedDeliveryDate"": ""2026-09-21T07:00:00.000Z""}]",,,PENDING_INDEPENDENT_HUMAN_REVIEW
D2-0608,77b44a76-26f7-4fa0-a548-c29870a7bb68,63f84d31-df83-456f-bd4c-e59b7e2ba541,Crustle,Paradox Rift,183,illustration_rare,v1|188692922588|0,Crustle 183/182 Illustration Rare Paradox Rift Pokemon Holo Lightly Played,,Ungraded,4000,[],"[""FIXED_PRICE"", ""BEST_OFFER""]",jamesbrr,https://i.ebayimg.com/images/g/wfkAAeSw5eRqZAEL/s-l225.jpg,https://www.ebay.com/itm/188692922588?_skw=Crustle+183+Paradox+Rift+Pokemon+card&hash=item2beef980dc:g:wfkAAeSw5eRqZAEL,"{""value"": ""5.59"", ""currency"": ""USD""}","[{""shippingCostType"": ""FIXED"", ""shippingCost"": {""value"": ""1.36"", ""currency"": ""USD""}, ""minEstimatedDeliveryDate"": ""2026-09-15T07:00:00.000Z"", ""maxEstimatedDeliveryDate"": ""2026-09-21T07:00:00.000Z""}]",,,PENDING_INDEPENDENT_HUMAN_REVIEW
D2-0609,77b44a76-26f7-4fa0-a548-c29870a7bb68,63f84d31-df83-456f-bd4c-e59b7e2ba541,Crustle,Paradox Rift,183,illustration_rare,v1|137562499127|0,Crustle 183/182 Illustration Rare Pokemon Card SV04: Paradox Rift,,Ungraded,4000,[],"[""FIXED_PRICE""]",crystaltcg,https://i.ebayimg.com/images/g/108AAeSw2MxqaZqS/s-l225.jpg,https://www.ebay.com/itm/137562499127?_skw=Crustle+183+Paradox+Rift+Pokemon+card&hash=item20075d2837:g:108AAeSw2MxqaZqS,"{""value"": ""11.00"", ""currency"": ""USD""}","[{""shippingCostType"": ""FIXED"", ""shippingCost"": {""value"": ""0.00"", ""currency"": ""USD""}, ""minEstimatedDeliveryDate"": ""2026-09-15T07:00:00.000Z"", ""maxEstimatedDeliveryDate"": ""2026-09-21T07:00:00.000Z""}]",,,PENDING_INDEPENDENT_HUMAN_REVIEW
D2-0610,77b44a76-26f7-4fa0-a548-c29870a7bb68,63f84d31-df83-456f-bd4c-e59b7e2ba541,Crustle,Paradox Rift,183,illustration_rare,v1|137564159056|0,Crustle Illustration Rare SV04: Paradox Rift 183/182 NMHolo,,Ungraded,4000,[],"[""FIXED_PRICE""]",tvsoup,https://i.ebayimg.com/images/g/L5IAAeSwfVNqajMT/s-l225.jpg,https://www.ebay.com/itm/137564159056?_skw=Crustle+183+Paradox+Rift+Pokemon+card&hash=item2007767c50:g:L5IAAeSwfVNqajMT,"{""value"": ""5.48"", ""currency"": ""USD""}","[{""shippingCostType"": ""FIXED"", ""shippingCost"": {""value"": ""1.32"", ""currency"": ""USD""}, ""minEstimatedDeliveryDate"": ""2026-09-15T07:00:00.000Z"", ""maxEstimatedDeliveryDate"": ""2026-09-19T07:00:00.000Z""}]",,,PENDING_INDEPENDENT_HUMAN_REVIEW
D2-0611,77b44a76-26f7-4fa0-a548-c29870a7bb68,63f84d31-df83-456f-bd4c-e59b7e2ba541,Crustle,Paradox Rift,183,illustration_rare,v1|147403405631|0,Pokemon - Crustle - 183/182 SV04: Paradox Rift - Illustration Rare - NM,,Ungraded,4000,[],"[""FIXED_PRICE""]",db-decks,https://i.ebayimg.com/images/g/ETQAAeSwQMRqQX27/s-l225.jpg,https://www.ebay.com/itm/147403405631?_skw=Crustle+183+Paradox+Rift+Pokemon+card&hash=item2251ed793f:g:ETQAAeSwQMRqQX27,"{""value"": ""7.49"", ""currency"": ""USD""}","[{""shippingCostType"": ""FIXED"", ""shippingCost"": {""value"": ""0.00"", ""currency"": ""USD""}, ""minEstimatedDeliveryDate"": ""2026-09-15T07:00:00.000Z"", ""maxEstimatedDeliveryDate"": ""2026-09-19T07:00:00.000Z""}]",,,PENDING_INDEPENDENT_HUMAN_REVIEW
D2-0612,77b44a76-26f7-4fa0-a548-c29870a7bb68,63f84d31-df83-456f-bd4c-e59b7e2ba541,Crustle,Paradox Rift,183,illustration_rare,v1|147529427748|0,Crustle 183/182 SV04: Paradox Rift Illustration Rare Holo- Pokemon,,Ungraded,4000,[],"[""FIXED_PRICE""]",tinytitancards,https://i.ebayimg.com/images/g/G6AAAeSwzadqj2Ta/s-l225.jpg,https://www.ebay.com/itm/147529427748?_skw=Crustle+183+Paradox+Rift+Pokemon+card&hash=item2259706b24:g:G6AAAeSwzadqj2Ta,"{""value"": ""5.85"", ""currency"": ""USD""}","[{""shippingCostType"": ""FIXED"", ""shippingCost"": {""value"": ""0.84"", ""currency"": ""USD""}, ""minEstimatedDeliveryDate"": ""2026-09-16T07:00:00.000Z"", ""maxEstimatedDeliveryDate"": ""2026-09-22T07:00:00.000Z""}]",,,PENDING_INDEPENDENT_HUMAN_REVIEW
D2-0613,77b44a76-26f7-4fa0-a548-c29870a7bb68,63f84d31-df83-456f-bd4c-e59b7e2ba541,Crustle,Paradox Rift,183,illustration_rare,v1|157296420115|0,Crustle Illustration Rare #183 CGC GEM MINT 10 2023 Paradox Rift Pokemon 183/182,,Graded,2750,[],"[""FIXED_PRICE"", ""BEST_OFFER""]",montyshop26,https://i.ebayimg.com/images/g/csIAAeSwvqxouaYU/s-l225.jpg,https://www.ebay.com/itm/157296420115?_skw=Crustle+183+Paradox+Rift+Pokemon+card&hash=item249f98e513:g:csIAAeSwvqxouaYU,"{""value"": ""29.75"", ""currency"": ""USD""}","[{""shippingCostType"": ""FIXED"", ""shippingCost"": {""value"": ""4.95"", ""currency"": ""USD""}, ""minEstimatedDeliveryDate"": ""2026-09-15T07:00:00.000Z"", ""maxEstimatedDeliveryDate"": ""2026-09-21T07:00:00.000Z""}]",,,PENDING_INDEPENDENT_HUMAN_REVIEW
D2-0614,77b44a76-26f7-4fa0-a548-c29870a7bb68,63f84d31-df83-456f-bd4c-e59b7e2ba541,Crustle,Paradox Rift,183,illustration_rare,v1|158204485392|0,Crustle 183/182 Paradox Rift - Holo Pokemon NM/M (Illustration Rare),,Ungraded,4000,[],"[""FIXED_PRICE"", ""BEST_OFFER""]",vibeyvault,https://i.ebayimg.com/images/g/g-0AAeSwbS9qhUop/s-l225.jpg,https://www.ebay.com/itm/158204485392?_skw=Crustle+183+Paradox+Rift+Pokemon+card&hash=item24d5b8df10:g:g-0AAeSwbS9qhUop,"{""value"": ""7.59"", ""currency"": ""USD""}","[{""shippingCostType"": ""FIXED"", ""shippingCost"": {""value"": ""0.00"", ""currency"": ""USD""}, ""minEstimatedDeliveryDate"": ""2026-09-15T07:00:00.000Z"", ""maxEstimatedDeliveryDate"": ""2026-09-21T07:00:00.000Z""}]",,,PENDING_INDEPENDENT_HUMAN_REVIEW
D2-0615,77b44a76-26f7-4fa0-a548-c29870a7bb68,63f84d31-df83-456f-bd4c-e59b7e2ba541,Crustle,Paradox Rift,183,illustration_rare,v1|168631787725|0,Crustle 183 182 Illustration Rare SV04: Paradox Rift 183/182 Holo NM,,Ungraded,4000,[],"[""FIXED_PRICE"", ""BEST_OFFER""]",gem.state.gems,https://i.ebayimg.com/images/g/EscAAeSw6RlqiRnT/s-l225.jpg,https://www.ebay.com/itm/168631787725?_skw=Crustle+183+Paradox+Rift+Pokemon+card&hash=item27433ce0cd:g:EscAAeSw6RlqiRnT,"{""value"": ""8.99"", ""currency"": ""USD""}","[{""shippingCostType"": ""FIXED"", ""shippingCost"": {""value"": ""0.85"", ""currency"": ""USD""}, ""minEstimatedDeliveryDate"": ""2026-09-15T07:00:00.000Z"", ""maxEstimatedDeliveryDate"": ""2026-09-18T07:00:00.000Z""}]",,,PENDING_INDEPENDENT_HUMAN_REVIEW
D2-0616,7b00ea04-5c2a-4172-8025-afba48ddacb3,94d01e3d-09de-4d04-a0d8-1f36a5cfe684,Cresselia,Shrouded Fable,71,illustration_rare,v1|116422697663|0,Cresselia 021/064 Reverse Holo Shrouded Fable Pokemon Card - NM Near Mint,,Ungraded,4000,[],"[""FIXED_PRICE""]",sharinganstcg,https://i.ebayimg.com/images/g/zJ0AAOSwpmtnYjxB/s-l225.jpg,https://www.ebay.com/itm/116422697663?_skw=Cresselia+71+Shrouded+Fable+Pokemon+card&hash=item1b1b5562bf:g:zJ0AAOSwpmtnYjxB,"{""value"": ""1.03"", ""currency"": ""USD""}","[{""shippingCostType"": ""FIXED"", ""shippingCost"": {""value"": ""0.70"", ""currency"": ""USD""}, ""minEstimatedDeliveryDate"": ""2026-09-16T07:00:00.000Z"", ""maxEstimatedDeliveryDate"": ""2026-09-22T07:00:00.000Z""}]",,,PENDING_INDEPENDENT_HUMAN_REVIEW
D2-0617,7b00ea04-5c2a-4172-8025-afba48ddacb3,94d01e3d-09de-4d04-a0d8-1f36a5cfe684,Cresselia,Shrouded Fable,71,illustration_rare,v1|117344303817|0,Cresselia 021/064 Rare Shrouded Fable Pokemon TCG Reverse Holo Near Mint,,Ungraded,4000,[],"[""FIXED_PRICE"", ""BEST_OFFER""]",habibisrarecandy,https://i.ebayimg.com/images/g/9X8AAeSwj-VqdKYM/s-l225.jpg,https://www.ebay.com/itm/117344303817?_skw=Cresselia+71+Shrouded+Fable+Pokemon+card&hash=item1b5243fac9:g:9X8AAeSwj-VqdKYM,"{""value"": ""1.59"", ""currency"": ""USD""}","[{""shippingCostType"": ""FIXED"", ""shippingCost"": {""value"": ""0.00"", ""currency"": ""USD""}, ""minEstimatedDeliveryDate"": ""2026-09-15T07:00:00.000Z"", ""maxEstimatedDeliveryDate"": ""2026-09-21T07:00:00.000Z""}]",,,PENDING_INDEPENDENT_HUMAN_REVIEW
D2-0618,7b00ea04-5c2a-4172-8025-afba48ddacb3,94d01e3d-09de-4d04-a0d8-1f36a5cfe684,Cresselia,Shrouded Fable,71,illustration_rare,v1|117400952662|0,Cresselia #021/064 Sv Shrouded Fable Holo Rare Pokemon TCG NM,,Ungraded,4000,[],"[""FIXED_PRICE""]",cardcachemn,https://i.ebayimg.com/images/g/OacAAeSwzQhqnvMc/s-l225.jpg,https://www.ebay.com/itm/117400952662?_skw=Cresselia+71+Shrouded+Fable+Pokemon+card&hash=item1b55a45f56:g:OacAAeSwzQhqnvMc,"{""value"": ""1.48"", ""currency"": ""USD""}","[{""shippingCostType"": ""FIXED"", ""shippingCost"": {""value"": ""0.00"", ""currency"": ""USD""}, ""minEstimatedDeliveryDate"": ""2026-09-15T07:00:00.000Z"", ""maxEstimatedDeliveryDate"": ""2026-09-21T07:00:00.000Z""}]",,,PENDING_INDEPENDENT_HUMAN_REVIEW
D2-0619,7b00ea04-5c2a-4172-8025-afba48ddacb3,94d01e3d-09de-4d04-a0d8-1f36a5cfe684,Cresselia,Shrouded Fable,71,illustration_rare,v1|406856636292|0,Cresselia Holo 021/064 Rare Shrouded Fable Lightly Played Pokemon Card,,Ungraded,4000,[],"[""FIXED_PRICE"", ""BEST_OFFER""]",b.white-475,https://i.ebayimg.com/images/g/lW0AAeSw0k5p3mYM/s-l225.jpg,https://www.ebay.com/itm/406856636292?_skw=Cresselia+71+Shrouded+Fable+Pokemon+card&hash=item5eba8b9784:g:lW0AAeSw0k5p3mYM,"{""value"": ""1.99"", ""currency"": ""USD""}","[{""shippingCostType"": ""FIXED"", ""shippingCost"": {""value"": ""0.00"", ""currency"": ""USD""}, ""minEstimatedDeliveryDate"": ""2026-09-15T07:00:00.000Z"", ""maxEstimatedDeliveryDate"": ""2026-09-21T07:00:00.000Z""}]",,,PENDING_INDEPENDENT_HUMAN_REVIEW
D2-0620,7b00ea04-5c2a-4172-8025-afba48ddacb3,94d01e3d-09de-4d04-a0d8-1f36a5cfe684,Cresselia,Shrouded Fable,71,illustration_rare,v1|117402565841|0,Pokemon Shrouded Fable Cresselia Illustration Rare Card NM/MT 071/064,,Ungraded,4000,[],"[""FIXED_PRICE"", ""BEST_OFFER""]",brokedude,https://i.ebayimg.com/images/g/NzcAAeSwA-tqnllb/s-l225.jpg,https://www.ebay.com/itm/117402565841?_skw=Cresselia+71+Shrouded+Fable+Pokemon+card&hash=item1b55bcfcd1:g:NzcAAeSwA-tqnllb,"{""value"": ""22.00"", ""currency"": ""USD""}","[{""shippingCostType"": ""FIXED"", ""shippingCost"": {""value"": ""4.99"", ""currency"": ""USD""}, ""minEstimatedDeliveryDate"": ""2026-09-16T07:00:00.000Z"", ""maxEstimatedDeliveryDate"": ""2026-09-22T07:00:00.000Z""}]",,,PENDING_INDEPENDENT_HUMAN_REVIEW
D2-0621,7b00ea04-5c2a-4172-8025-afba48ddacb3,94d01e3d-09de-4d04-a0d8-1f36a5cfe684,Cresselia,Shrouded Fable,71,illustration_rare,v1|117404404618|0,Cresselia Holofoil 071/064 SV: Shrouded Fable Illustration Rare,,Ungraded,4000,[],"[""FIXED_PRICE""]",durb.blak,https://i.ebayimg.com/images/g/m0wAAeSwy-xqoeNU/s-l225.jpg,https://www.ebay.com/itm/117404404618?_skw=Cresselia+71+Shrouded+Fable+Pokemon+card&hash=item1b55d90b8a:g:m0wAAeSwy-xqoeNU,"{""value"": ""30.54"", ""currency"": ""USD""}","[{""shippingCostType"": ""FIXED"", ""shippingCost"": {""value"": ""0.00"", ""currency"": ""USD""}, ""minEstimatedDeliveryDate"": ""2026-09-14T07:00:00.000Z"", ""maxEstimatedDeliveryDate"": ""2026-09-17T07:00:00.000Z""}]",,,PENDING_INDEPENDENT_HUMAN_REVIEW
D2-0622,7b00ea04-5c2a-4172-8025-afba48ddacb3,94d01e3d-09de-4d04-a0d8-1f36a5cfe684,Cresselia,Shrouded Fable,71,illustration_rare,v1|126779168326|0,Pokemon Cresselia (21/99) Shrouded Fable LP HOLO,,Ungraded,4000,[],"[""FIXED_PRICE""]",ninetyfive,https://i.ebayimg.com/images/g/XtMAAOSwWQlnN2Qb/s-l225.jpg,https://www.ebay.com/itm/126779168326?_skw=Cresselia+71+Shrouded+Fable+Pokemon+card&hash=item1d84a09646:g:XtMAAOSwWQlnN2Qb,"{""value"": ""0.99"", ""currency"": ""USD""}","[{""shippingCostType"": ""FIXED"", ""shippingCost"": {""value"": ""0.49"", ""currency"": ""USD""}, ""minEstimatedDeliveryDate"": ""2026-09-16T07:00:00.000Z"", ""maxEstimatedDeliveryDate"": ""2026-09-23T07:00:00.000Z""}]",,,PENDING_INDEPENDENT_HUMAN_REVIEW
D2-0623,7b00ea04-5c2a-4172-8025-afba48ddacb3,94d01e3d-09de-4d04-a0d8-1f36a5cfe684,Cresselia,Shrouded Fable,71,illustration_rare,v1|127424267806|0,Cresselia Holo Rare - 021/064 - Shrouded Fable Pokemon 2024,,Ungraded,4000,[],"[""FIXED_PRICE"", ""BEST_OFFER""]",ezvj0dv,https://i.ebayimg.com/images/g/IoIAAeSwUW1o6Wp9/s-l225.jpg,https://www.ebay.com/itm/127424267806?_skw=Cresselia+71+Shrouded+Fable+Pokemon+card&hash=item1dab14061e:g:IoIAAeSwUW1o6Wp9,"{""value"": ""1.39"", ""currency"": ""USD""}","[{""shippingCostType"": ""FIXED"", ""shippingCost"": {""value"": ""0.00"", ""currency"": ""USD""}, ""minEstimatedDeliveryDate"": ""2026-09-14T07:00:00.000Z"", ""maxEstimatedDeliveryDate"": ""2026-09-17T07:00:00.000Z""}]",,,PENDING_INDEPENDENT_HUMAN_REVIEW
D2-0624,7b00ea04-5c2a-4172-8025-afba48ddacb3,94d01e3d-09de-4d04-a0d8-1f36a5cfe684,Cresselia,Shrouded Fable,71,illustration_rare,v1|127865859732|0,Cresselia 021/064 Rare Shrouded Fable Pokemon Holo Near Mint,,Ungraded,4000,[],"[""FIXED_PRICE""]",doodersfinds,https://i.ebayimg.com/images/g/RGEAAeSwZqJqBrPK/s-l225.jpg,https://www.ebay.com/itm/127865859732?_skw=Cresselia+71+Shrouded+Fable+Pokemon+card&hash=item1dc5662e94:g:RGEAAeSwZqJqBrPK,"{""value"": ""1.59"", ""currency"": ""USD""}","[{""shippingCostType"": ""FIXED"", ""shippingCost"": {""value"": ""0.00"", ""currency"": ""USD""}, ""minEstimatedDeliveryDate"": ""2026-09-16T07:00:00.000Z"", ""maxEstimatedDeliveryDate"": ""2026-09-23T07:00:00.000Z""}]",,,PENDING_INDEPENDENT_HUMAN_REVIEW
D2-0625,7b00ea04-5c2a-4172-8025-afba48ddacb3,94d01e3d-09de-4d04-a0d8-1f36a5cfe684,Cresselia,Shrouded Fable,71,illustration_rare,v1|128036617744|0,Cresselia 021/064 Rare Shrouded Fable Pokemon Holo Near Mint,,Ungraded,4000,[],"[""FIXED_PRICE"", ""BEST_OFFER""]",r-technology,https://i.ebayimg.com/images/g/P5MAAeSw7zhqhzyp/s-l225.jpg,https://www.ebay.com/itm/128036617744?_skw=Cresselia+71+Shrouded+Fable+Pokemon+card&hash=item1dcf93be10:g:P5MAAeSw7zhqhzyp,"{""value"": ""1.70"", ""currency"": ""USD""}","[{""shippingCostType"": ""FIXED"", ""shippingCost"": {""value"": ""0.00"", ""currency"": ""USD""}, ""minEstimatedDeliveryDate"": ""2026-09-15T07:00:00.000Z"", ""maxEstimatedDeliveryDate"": ""2026-09-21T07:00:00.000Z""}]",,,PENDING_INDEPENDENT_HUMAN_REVIEW
D2-0626,7b00ea04-5c2a-4172-8025-afba48ddacb3,94d01e3d-09de-4d04-a0d8-1f36a5cfe684,Cresselia,Shrouded Fable,71,illustration_rare,v1|128066806616|0,Cresselia 021/064 Rare Shrouded Fable Pokemon Holo Near Mint,,Ungraded,4000,[],"[""FIXED_PRICE""]",silverwing_tcg,https://i.ebayimg.com/images/g/KzgAAeSw3h9qnnsA/s-l225.jpg,https://www.ebay.com/itm/128066806616?_skw=Cresselia+71+Shrouded+Fable+Pokemon+card&hash=item1dd1606358:g:KzgAAeSw3h9qnnsA,"{""value"": ""1.49"", ""currency"": ""USD""}","[{""shippingCostType"": ""FIXED"", ""shippingCost"": {""value"": ""0.00"", ""currency"": ""USD""}, ""minEstimatedDeliveryDate"": ""2026-09-15T07:00:00.000Z"", ""maxEstimatedDeliveryDate"": ""2026-09-21T07:00:00.000Z""}]",,,PENDING_INDEPENDENT_HUMAN_REVIEW
D2-0627,7b00ea04-5c2a-4172-8025-afba48ddacb3,94d01e3d-09de-4d04-a0d8-1f36a5cfe684,Cresselia,Shrouded Fable,71,illustration_rare,v1|128067076052|0,Pokemon TCG Cresselia 071/064 SV Shrouded Fable Illustration Rare Holo ENG,,Ungraded,4000,[],"[""FIXED_PRICE""]",superpaydro,https://i.ebayimg.com/images/g/kkwAAeSw4C1qnqxq/s-l225.jpg,https://www.ebay.com/itm/128067076052?_skw=Cresselia+71+Shrouded+Fable+Pokemon+card&hash=item1dd1647fd4:g:kkwAAeSw4C1qnqxq,"{""value"": ""30.00"", ""currency"": ""USD""}","[{""shippingCostType"": ""FIXED"", ""shippingCost"": {""value"": ""0.00"", ""currency"": ""USD""}, ""minEstimatedDeliveryDate"": ""2026-09-15T07:00:00.000Z"", ""maxEstimatedDeliveryDate"": ""2026-09-21T07:00:00.000Z""}]",,,PENDING_INDEPENDENT_HUMAN_REVIEW
D2-0628,7b00ea04-5c2a-4172-8025-afba48ddacb3,94d01e3d-09de-4d04-a0d8-1f36a5cfe684,Cresselia,Shrouded Fable,71,illustration_rare,v1|147560470737|0,SV: Shrouded Fable 071/064 Cresselia,,Ungraded,4000,[],"[""FIXED_PRICE""]",thecardsourceshop,https://i.ebayimg.com/images/g/v5AAAeSwIf5qoK51/s-l225.jpg,https://www.ebay.com/itm/147560470737?_skw=Cresselia+71+Shrouded+Fable+Pokemon+card&hash=item225b4a18d1:g:v5AAAeSwIf5qoK51,"{""value"": ""28.99"", ""currency"": ""USD""}","[{""shippingCostType"": ""CALCULATED""}]",,,PENDING_INDEPENDENT_HUMAN_REVIEW
D2-0629,7b00ea04-5c2a-4172-8025-afba48ddacb3,94d01e3d-09de-4d04-a0d8-1f36a5cfe684,Cresselia,Shrouded Fable,71,illustration_rare,v1|147565065090|0,SV: Shrouded Fable 021/064 Cresselia Holo NM,,Ungraded,4000,[],"[""FIXED_PRICE""]",cliffbarz,https://i.ebayimg.com/images/g/bhsAAeSwd89qoy67/s-l225.jpg,https://www.ebay.com/itm/147565065090?_skw=Cresselia+71+Shrouded+Fable+Pokemon+card&hash=item225b903382:g:bhsAAeSwd89qoy67,"{""value"": ""1.50"", ""currency"": ""USD""}","[{""shippingCostType"": ""FIXED"", ""shippingCost"": {""value"": ""0.00"", ""currency"": ""USD""}, ""minEstimatedDeliveryDate"": ""2026-09-15T07:00:00.000Z"", ""maxEstimatedDeliveryDate"": ""2026-09-19T07:00:00.000Z""}]",,,PENDING_INDEPENDENT_HUMAN_REVIEW
D2-0630,7b00ea04-5c2a-4172-8025-afba48ddacb3,94d01e3d-09de-4d04-a0d8-1f36a5cfe684,Cresselia,Shrouded Fable,71,illustration_rare,v1|147565065092|0,SV: Shrouded Fable 021/064 Cresselia Holo NM,,Ungraded,4000,[],"[""FIXED_PRICE""]",cliffbarz,https://i.ebayimg.com/images/g/j4gAAeSwmeVqoy67/s-l225.jpg,https://www.ebay.com/itm/147565065092?_skw=Cresselia+71+Shrouded+Fable+Pokemon+card&hash=item225b903384:g:j4gAAeSwmeVqoy67,"{""value"": ""1.50"", ""currency"": ""USD""}","[{""shippingCostType"": ""FIXED"", ""shippingCost"": {""value"": ""0.00"", ""currency"": ""USD""}, ""minEstimatedDeliveryDate"": ""2026-09-15T07:00:00.000Z"", ""maxEstimatedDeliveryDate"": ""2026-09-19T07:00:00.000Z""}]",,,PENDING_INDEPENDENT_HUMAN_REVIEW
D2-0631,7f065a2b-5cab-45c8-8fd8-96d4c07c4ee8,3805ddb2-e4cd-40b3-8a52-82398effa130,Canari,Ascended Heroes,291,special_illustration_rare,v1|117266419631|0,Pokemon ME: Ascended Heroes #291/217 Canari,,Ungraded,4000,[],"[""FIXED_PRICE""]",hawks_phins,https://i.ebayimg.com/images/g/5CwAAeSw0vRqO~Mo/s-l225.jpg,https://www.ebay.com/itm/117266419631?_skw=Canari+291+Ascended+Heroes+Pokemon+card&hash=item1b4d9f8faf:g:5CwAAeSw0vRqO~Mo,"{""value"": ""44.99"", ""currency"": ""USD""}","[{""shippingCostType"": ""FIXED"", ""shippingCost"": {""value"": ""0.00"", ""currency"": ""USD""}, ""minEstimatedDeliveryDate"": ""2026-09-16T07:00:00.000Z"", ""maxEstimatedDeliveryDate"": ""2026-09-23T07:00:00.000Z""}]",,,PENDING_INDEPENDENT_HUMAN_REVIEW
D2-0632,7f065a2b-5cab-45c8-8fd8-96d4c07c4ee8,3805ddb2-e4cd-40b3-8a52-82398effa130,Canari,Ascended Heroes,291,special_illustration_rare,v1|117350677120|0,2026 Pokemon 291/217 Canari Ascended Heroes,,Ungraded,4000,[],"[""FIXED_PRICE"", ""BEST_OFFER""]",tntcards.mi,https://i.ebayimg.com/images/g/vr8AAeSwEi9qefKr/s-l225.jpg,https://www.ebay.com/itm/117350677120?_skw=Canari+291+Ascended+Heroes+Pokemon+card&hash=item1b52a53a80:g:vr8AAeSwEi9qefKr,"{""value"": ""60.00"", ""currency"": ""USD""}","[{""shippingCostType"": ""FIXED"", ""shippingCost"": {""value"": ""5.99"", ""currency"": ""USD""}, ""minEstimatedDeliveryDate"": ""2026-09-15T07:00:00.000Z"", ""maxEstimatedDeliveryDate"": ""2026-09-21T07:00:00.000Z""}]",,,PENDING_INDEPENDENT_HUMAN_REVIEW
D2-0633,7f065a2b-5cab-45c8-8fd8-96d4c07c4ee8,3805ddb2-e4cd-40b3-8a52-82398effa130,Canari,Ascended Heroes,291,special_illustration_rare,v1|127960912711|0,Pokemon TCG Canari 291/217 Ascended Heroes Special Illustration Rare MINT,,Ungraded,4000,[],"[""FIXED_PRICE"", ""BEST_OFFER""]",nightslashtcg,https://i.ebayimg.com/images/g/xM8AAeSwJS5qTDGJ/s-l225.jpg,https://www.ebay.com/itm/127960912711?_skw=Canari+291+Ascended+Heroes+Pokemon+card&hash=item1dcb109347:g:xM8AAeSwJS5qTDGJ,"{""value"": ""42.00"", ""currency"": ""USD""}","[{""shippingCostType"": ""CALCULATED""}]",,,PENDING_INDEPENDENT_HUMAN_REVIEW
D2-0634,7f065a2b-5cab-45c8-8fd8-96d4c07c4ee8,3805ddb2-e4cd-40b3-8a52-82398effa130,Canari,Ascended Heroes,291,special_illustration_rare,v1|168255390848|0,Clean Canari SIR 291/217 Ascended Hero’s Pokemon Card NM Near Mint,,Ungraded,4000,[],"[""FIXED_PRICE""]",threedkingdom,https://i.ebayimg.com/images/g/wrUAAeSwaFdpwNER/s-l225.jpg,https://www.ebay.com/itm/168255390848?_skw=Canari+291+Ascended+Heroes+Pokemon+card&hash=item272ccd8480:g:wrUAAeSwaFdpwNER,"{""value"": ""48.50"", ""currency"": ""USD""}","[{""shippingCostType"": ""CALCULATED""}]",,,PENDING_INDEPENDENT_HUMAN_REVIEW
D2-0635,7f065a2b-5cab-45c8-8fd8-96d4c07c4ee8,3805ddb2-e4cd-40b3-8a52-82398effa130,Canari,Ascended Heroes,291,special_illustration_rare,v1|257715147151|0,Canari SIR 291/217 Pack Fresh Near Mint English Ascended Heros Pokemon Card,,Ungraded,4000,[],"[""FIXED_PRICE""]",flabeetle,https://i.ebayimg.com/images/g/dwMAAeSwG9FqlhAk/s-l225.jpg,https://www.ebay.com/itm/257715147151?_skw=Canari+291+Ascended+Heroes+Pokemon+card&hash=item3c0105118f:g:dwMAAeSwG9FqlhAk,"{""value"": ""35.00"", ""currency"": ""USD""}","[{""shippingCostType"": ""CALCULATED""}]",,,PENDING_INDEPENDENT_HUMAN_REVIEW
D2-0636,7f065a2b-5cab-45c8-8fd8-96d4c07c4ee8,3805ddb2-e4cd-40b3-8a52-82398effa130,Canari,Ascended Heroes,291,special_illustration_rare,v1|407159028248|0,Pokémon TCG Canari 291/217 Ascended Hero’s Sir Near Mint,,Ungraded,4000,[],"[""FIXED_PRICE"", ""BEST_OFFER""]",j.scards,https://i.ebayimg.com/images/g/yfwAAeSwhDJqhzJs/s-l225.jpg,https://www.ebay.com/itm/407159028248?_skw=Canari+291+Ascended+Heroes+Pokemon+card&hash=item5ecc91ba18:g:yfwAAeSwhDJqhzJs,"{""value"": ""35.00"", ""currency"": ""USD""}","[{""shippingCostType"": ""CALCULATED""}]",,,PENDING_INDEPENDENT_HUMAN_REVIEW
D2-0637,7f065a2b-5cab-45c8-8fd8-96d4c07c4ee8,3805ddb2-e4cd-40b3-8a52-82398effa130,Canari,Ascended Heroes,291,special_illustration_rare,v1|157744132970|459271270581,Ascended Heroes Pokémon Cards! Poké Ball Reverse Holo EX Rare - Choose Your Card,,Ungraded,4000,[],"[""FIXED_PRICE""]",overstackedcards,https://i.ebayimg.com/images/g/2FUAAeSw--9qCCEm/s-l225.jpg,https://www.ebay.com/itm/157744132970?_skw=Canari+291+Ascended+Heroes+Pokemon+card&hash=item24ba48736a:g:2FUAAeSw--9qCCEm,"{""value"": ""75.99"", ""currency"": ""USD""}","[{""shippingCostType"": ""FIXED"", ""shippingCost"": {""value"": ""0.00"", ""currency"": ""USD""}, ""minEstimatedDeliveryDate"": ""2026-09-15T07:00:00.000Z"", ""maxEstimatedDeliveryDate"": ""2026-09-18T07:00:00.000Z""}]",,,PENDING_INDEPENDENT_HUMAN_REVIEW
D2-0638,7f065a2b-5cab-45c8-8fd8-96d4c07c4ee8,3805ddb2-e4cd-40b3-8a52-82398effa130,Canari,Ascended Heroes,291,special_illustration_rare,v1|137628993526|0,2026 POKEMON ASC EN-ASCENDED HEROES SPECIAL ILLUSTRATION RARE #291 CANARI PSA 10,,Graded,2750,[],"[""FIXED_PRICE""]",gradedgrailz,https://i.ebayimg.com/images/g/wIoAAeSw1KtqgguK/s-l225.jpg,https://www.ebay.com/itm/137628993526?_skw=Canari+291+Ascended+Heroes+Pokemon+card&hash=item200b53c7f6:g:wIoAAeSw1KtqgguK,"{""value"": ""120.00"", ""currency"": ""USD""}","[{""shippingCostType"": ""CALCULATED""}]",,,PENDING_INDEPENDENT_HUMAN_REVIEW
D2-0639,7f065a2b-5cab-45c8-8fd8-96d4c07c4ee8,3805ddb2-e4cd-40b3-8a52-82398effa130,Canari,Ascended Heroes,291,special_illustration_rare,v1|227480535052|526657945051,Pokemon TCG Extended Art Case Canari SIR 291/217 ME Ascended Heroes ASC,,Ungraded,4000,[],"[""FIXED_PRICE""]",buiq22,https://i.ebayimg.com/images/g/zoYAAeSwRvdqg-DR/s-l225.jpg,https://www.ebay.com/itm/227480535052?_skw=Canari+291+Ascended+Heroes+Pokemon+card&hash=item34f6e5800c:g:zoYAAeSwRvdqg-DR,"{""value"": ""24.90"", ""currency"": ""USD""}","[{""shippingCostType"": ""FIXED"", ""shippingCost"": {""value"": ""7.90"", ""currency"": ""USD""}}]",,,PENDING_INDEPENDENT_HUMAN_REVIEW
D2-0640,7f065a2b-5cab-45c8-8fd8-96d4c07c4ee8,3805ddb2-e4cd-40b3-8a52-82398effa130,Canari,Ascended Heroes,291,special_illustration_rare,v1|128041057601|0,Pokemon Ascended Heroes Trainer Canari 291/217 Me: Ascended Heroes Holo,,Ungraded,4000,[],"[""FIXED_PRICE"", ""BEST_OFFER""]",scubastevescardsandcollectibles,https://i.ebayimg.com/images/g/DSsAAeSw2o5qi6GL/s-l225.jpg,https://www.ebay.com/itm/128041057601?_skw=Canari+291+Ascended+Heroes+Pokemon+card&hash=item1dcfd77d41:g:DSsAAeSw2o5qi6GL,"{""value"": ""40.00"", ""currency"": ""USD""}","[{""shippingCostType"": ""CALCULATED""}]",,,PENDING_INDEPENDENT_HUMAN_REVIEW
D2-0641,7f065a2b-5cab-45c8-8fd8-96d4c07c4ee8,3805ddb2-e4cd-40b3-8a52-82398effa130,Canari,Ascended Heroes,291,special_illustration_rare,v1|128050977798|0,Canari 291/217 ME Ascended Heroes Special Illustration Rare Pokemon Card - NM,,Ungraded,4000,[],"[""FIXED_PRICE""]",swibbycards,https://i.ebayimg.com/images/g/ffgAAeSwaclqkzBK/s-l225.jpg,https://www.ebay.com/itm/128050977798?_skw=Canari+291+Ascended+Heroes+Pokemon+card&hash=item1dd06edc06:g:ffgAAeSwaclqkzBK,"{""value"": ""52.88"", ""currency"": ""USD""}","[{""shippingCostType"": ""FIXED"", ""shippingCost"": {""value"": ""0.00"", ""currency"": ""USD""}, ""minEstimatedDeliveryDate"": ""2026-09-14T07:00:00.000Z"", ""maxEstimatedDeliveryDate"": ""2026-09-17T07:00:00.000Z""}]",,,PENDING_INDEPENDENT_HUMAN_REVIEW
D2-0642,7f065a2b-5cab-45c8-8fd8-96d4c07c4ee8,3805ddb2-e4cd-40b3-8a52-82398effa130,Canari,Ascended Heroes,291,special_illustration_rare,v1|128052989177|0,Pokemon Canari 291/217 Me: Ascended Heroes Holo,,Ungraded,4000,[],"[""FIXED_PRICE"", ""BEST_OFFER""]",scubastevescardsandcollectibles,https://i.ebayimg.com/images/g/BigAAeSw7SlqlOvh/s-l225.jpg,https://www.ebay.com/itm/128052989177?_skw=Canari+291+Ascended+Heroes+Pokemon+card&hash=item1dd08d8cf9:g:BigAAeSw7SlqlOvh,"{""value"": ""40.00"", ""currency"": ""USD""}","[{""shippingCostType"": ""CALCULATED""}]",,,PENDING_INDEPENDENT_HUMAN_REVIEW
D2-0643,7f065a2b-5cab-45c8-8fd8-96d4c07c4ee8,3805ddb2-e4cd-40b3-8a52-82398effa130,Canari,Ascended Heroes,291,special_illustration_rare,v1|128072495863|0,Pokemon TCG Canari 291/217 Ascended Heroes Special Illustration Rare MINT,,Ungraded,4000,[],"[""FIXED_PRICE""]",markrou503,https://i.ebayimg.com/images/g/vJAAAeSw~L5qotGJ/s-l225.jpg,https://www.ebay.com/itm/128072495863?_skw=Canari+291+Ascended+Heroes+Pokemon+card&hash=item1dd1b732f7:g:vJAAAeSw~L5qotGJ,"{""value"": ""35.00"", ""currency"": ""USD""}","[{""shippingCostType"": ""CALCULATED""}]",,,PENDING_INDEPENDENT_HUMAN_REVIEW
D2-0644,7f065a2b-5cab-45c8-8fd8-96d4c07c4ee8,3805ddb2-e4cd-40b3-8a52-82398effa130,Canari,Ascended Heroes,291,special_illustration_rare,v1|147552304631|0,Canari 291/217 Special Illustration Rare Ascended Heroes Pokemon Holo Near Mint,,Ungraded,4000,[],"[""FIXED_PRICE""]",cfdff26,https://i.ebayimg.com/images/g/FcUAAeSwTgpqnDrU/s-l225.jpg,https://www.ebay.com/itm/147552304631?_skw=Canari+291+Ascended+Heroes+Pokemon+card&hash=item225acd7df7:g:FcUAAeSwTgpqnDrU&amdata=enc%3AAQALAAABAACCtXRWQnOEpyOqnQQ8KGY1hWqKEEUTEcGfW1hrWkHcBVK%2B%2FEzQo0iCdFW7QaOzCklpZUub4%2BySCEi4Ualwtj%2BumeCUjZdjP6avOh944lfC1FtAwu8UP%2FMQo7KyY1lkrBAx%2FXyKpny7Ibf8i5v--6l%2FiyQEdSV1ntizIxgCsUxYF2s8u1MnP7S8voBxnLKmZf8x%2FXt5GG066TbwyOisLwStBdnIWiG01N9B4uX3c8o46mj0Z5xf51YsbfXXPDBXPhBIgJj7fqPmHYMIRKScAZQeU%2Bms6aIBZBE6%2FU%2BjbJkjQClrYQpGfRZwVp%2BZX5ilwvC7CKcI2BPaFvOz5SMb0l4%3D,"{""value"": ""34.99"", ""currency"": ""USD""}","[{""shippingCostType"": ""CALCULATED""}]",,,PENDING_INDEPENDENT_HUMAN_REVIEW
D2-0645,7f065a2b-5cab-45c8-8fd8-96d4c07c4ee8,3805ddb2-e4cd-40b3-8a52-82398effa130,Canari,Ascended Heroes,291,special_illustration_rare,v1|158105965529|0,Pokemon TCG Ascended Heroes  Canari 291/217 SIR NM,,Ungraded,4000,[],"[""FIXED_PRICE"", ""BEST_OFFER""]",courtneys_collectibles,https://i.ebayimg.com/images/g/kAIAAeSwZy5qgo~F/s-l225.jpg,https://www.ebay.com/itm/158105965529?_skw=Canari+291+Ascended+Heroes+Pokemon+card&hash=item24cfd993d9:g:kAIAAeSwZy5qgo~F,"{""value"": ""40.00"", ""currency"": ""USD""}","[{""shippingCostType"": ""CALCULATED""}]",,,PENDING_INDEPENDENT_HUMAN_REVIEW
D2-0646,828c0d0d-2ede-4bab-bed4-407cd3cf8662,06c45a41-2b44-401a-9703-5c9952f2580f,Mega Gengar ex,Ascended Heroes,284,special_illustration_rare,v1|117404934453|0,2026 Pokemon 284/217 Mega Gengar ex Ascended Heroes,,Ungraded,4000,[],"[""FIXED_PRICE"", ""BEST_OFFER""]",tntcards.mi,https://i.ebayimg.com/images/g/wwYAAeSwKAJqodAz/s-l225.jpg,https://www.ebay.com/itm/117404934453?_skw=Mega+Gengar+ex+284+Ascended+Heroes+Pokemon+card&hash=item1b55e12135:g:wwYAAeSwKAJqodAz,"{""value"": ""1000.00"", ""currency"": ""USD""}","[{""shippingCostType"": ""FIXED"", ""shippingCost"": {""value"": ""5.99"", ""currency"": ""USD""}, ""minEstimatedDeliveryDate"": ""2026-09-15T07:00:00.000Z"", ""maxEstimatedDeliveryDate"": ""2026-09-21T07:00:00.000Z""}]",,,PENDING_INDEPENDENT_HUMAN_REVIEW
D2-0647,828c0d0d-2ede-4bab-bed4-407cd3cf8662,06c45a41-2b44-401a-9703-5c9952f2580f,Mega Gengar ex,Ascended Heroes,284,special_illustration_rare,v1|117406805836|0,Mega Gengar ex 284/217 Me: Ascended Heroes Holo NM (card slightly bowed),,Ungraded,4000,[],"[""FIXED_PRICE""]",soldbyrem,https://i.ebayimg.com/images/g/jH4AAeSwWS9qo4CV/s-l225.jpg,https://www.ebay.com/itm/117406805836?_skw=Mega+Gengar+ex+284+Ascended+Heroes+Pokemon+card&hash=item1b55fdaf4c:g:jH4AAeSwWS9qo4CV,"{""value"": ""1199.99"", ""currency"": ""USD""}","[{""shippingCostType"": ""FIXED"", ""shippingCost"": {""value"": ""6.99"", ""currency"": ""USD""}, ""minEstimatedDeliveryDate"": ""2026-09-15T07:00:00.000Z"", ""maxEstimatedDeliveryDate"": ""2026-09-19T07:00:00.000Z""}]",,,PENDING_INDEPENDENT_HUMAN_REVIEW
D2-0648,828c0d0d-2ede-4bab-bed4-407cd3cf8662,06c45a41-2b44-401a-9703-5c9952f2580f,Mega Gengar ex,Ascended Heroes,284,special_illustration_rare,v1|127966779315|0,Pokemon Ascended Heroes MEGA GENGAR EX 284/217 SIR Tag 9,,Graded,2750,[],"[""FIXED_PRICE"", ""BEST_OFFER""]",hometeamreno,https://i.ebayimg.com/images/g/2VkAAeSwAp9qUDHD/s-l225.jpg,https://www.ebay.com/itm/127966779315?_skw=Mega+Gengar+ex+284+Ascended+Heroes+Pokemon+card&hash=item1dcb6a17b3:g:2VkAAeSwAp9qUDHD,"{""value"": ""1399.99"", ""currency"": ""USD""}","[{""shippingCostType"": ""FIXED"", ""shippingCost"": {""value"": ""0.00"", ""currency"": ""USD""}, ""minEstimatedDeliveryDate"": ""2026-09-15T07:00:00.000Z"", ""maxEstimatedDeliveryDate"": ""2026-09-18T07:00:00.000Z""}]",,,PENDING_INDEPENDENT_HUMAN_REVIEW
D2-0649,828c0d0d-2ede-4bab-bed4-407cd3cf8662,06c45a41-2b44-401a-9703-5c9952f2580f,Mega Gengar ex,Ascended Heroes,284,special_illustration_rare,v1|188876454193|696101336289,Pokemon Ascended Mega Gengar EX  284 240 RAW Extended Artwork Framed Display,,Ungraded,4000,[],"[""FIXED_PRICE""]",order66designs,https://i.ebayimg.com/images/g/ezgAAeSwG9FqmFil/s-l225.jpg,https://www.ebay.com/itm/188876454193?_skw=Mega+Gengar+ex+284+Ascended+Heroes+Pokemon+card&hash=item2bf9e9f931:g:ezgAAeSwG9FqmFil&amdata=enc%3AAQALAAABEACCtXRWQnOEpyOqnQQ8KGY4Kp6Wybri6M6OsbiJE%2FOLhbo2DdzZs0Pj5q8gwWo3I73djotKV1QRKoaXQLmXNiNDfO6rP1PGIXmpfpap7KqinTciSliqTN91p0IKza9I7%2B66uLI5BYbGlbyD8hDpZM3dc8l4hw1iQRkA8A8TKNMDOVgmDrkuZGloALozYDB4jqFX5MaI8JRcJGcoM38lcwi2OwNvGlg3%2B9mo5A16GcHx8r%2Bzus9vWxU1PEuCkas82oJlPIjgAcLV9Afol238iswGu1EUW6NWGQBuOQ2vzBpboVAOzdtD3SjETVdFKkSc3DTVQ4asfmUoHzKpH4mqn2Iajxqe92Sx8nSAHZOVztAp,"{""value"": ""54.99"", ""currency"": ""USD""}","[{""shippingCostType"": ""CALCULATED""}]",,,PENDING_INDEPENDENT_HUMAN_REVIEW
D2-0650,828c0d0d-2ede-4bab-bed4-407cd3cf8662,06c45a41-2b44-401a-9703-5c9952f2580f,Mega Gengar ex,Ascended Heroes,284,special_illustration_rare,v1|257600965427|0,Mega GENGAR EX 284/217 Pokemon TCG AH God Pack ! Clean ! Minty! Minty!,,Ungraded,4000,[],"[""FIXED_PRICE"", ""BEST_OFFER""]",itekhrepaircenter,https://i.ebayimg.com/images/g/AbcAAeSwRslqRpd-/s-l225.jpg,https://www.ebay.com/itm/257600965427?_skw=Mega+Gengar+ex+284+Ascended+Heroes+Pokemon+card&hash=item3bfa36cb33:g:AbcAAeSwRslqRpd-,"{""value"": ""1100.00"", ""currency"": ""USD""}","[{""shippingCostType"": ""FIXED"", ""shippingCost"": {""value"": ""0.00"", ""currency"": ""USD""}, ""minEstimatedDeliveryDate"": ""2026-09-15T07:00:00.000Z"", ""maxEstimatedDeliveryDate"": ""2026-09-19T07:00:00.000Z""}]",,,PENDING_INDEPENDENT_HUMAN_REVIEW
D2-0651,828c0d0d-2ede-4bab-bed4-407cd3cf8662,06c45a41-2b44-401a-9703-5c9952f2580f,Mega Gengar ex,Ascended Heroes,284,special_illustration_rare,v1|257734211852|0,Mega Gengar EX 284/217 Ascended hero’s. HP 350,,Ungraded,4000,[],"[""FIXED_PRICE"", ""AUCTION""]",gamecha83,https://i.ebayimg.com/images/g/4I4AAeSwR-1qlJnq/s-l225.jpg,https://www.ebay.com/itm/257734211852?_skw=Mega+Gengar+ex+284+Ascended+Heroes+Pokemon+card&hash=item3c0227f90c:g:4I4AAeSwR-1qlJnq,"{""value"": ""1500.00"", ""currency"": ""USD""}","[{""shippingCostType"": ""CALCULATED""}]",,,PENDING_INDEPENDENT_HUMAN_REVIEW
D2-0652,828c0d0d-2ede-4bab-bed4-407cd3cf8662,06c45a41-2b44-401a-9703-5c9952f2580f,Mega Gengar ex,Ascended Heroes,284,special_illustration_rare,v1|178354758799|0,DEFECTIVE Pokmon TCG Mega Gengar EX 284217 SIR Ascended Heroes English F G3D,,Ungraded,4000,[],"[""FIXED_PRICE""]",shipcycle,https://i.ebayimg.com/images/g/4AgAAeSwuDpqIH0Z/s-l225.jpg,https://www.ebay.com/itm/178354758799?_skw=Mega+Gengar+ex+284+Ascended+Heroes+Pokemon+card&hash=item2986c5a48f:g:4AgAAeSwuDpqIH0Z&amdata=enc%3AAQALAAABEACCtXRWQnOEpyOqnQQ8KGYsvwqPM%2B8hcGI9EgDQPNWieJHWu4qHVj8Z2SHxC0R0%2FgEYWVJ4piTab8Wg%2FHl%2F1CsD57uP72W05usYmAp2NPHNpZjJ745TjVISc1v%2B3KgWHD1ZOC3%2FZNhGO9thbPt8GA1cvblOdU6LZQjbkKjY2vKKfm%2FSyvECciV9sbaypVSnRw6txQ0Jy4l%2BVrrBV8VPCQ7t86QjAiscd5f%2Bdj0mcQJRcm%2Baai9g%2F150%2F38XkFvXw9X96odP5Tq64DQXXvxGZ39OndPS39C64MtCVKXSQQnt5iAsMjp4ZrtRUkB23v3d2d19ZsPypjFFZYXZmsnns3XR4bDqsgApmHg31xfrNm4g,"{""value"": ""1461.50"", ""currency"": ""USD""}","[{""shippingCostType"": ""FIXED"", ""shippingCost"": {""value"": ""0.00"", ""currency"": ""USD""}, ""minEstimatedDeliveryDate"": ""2026-09-15T07:00:00.000Z"", ""maxEstimatedDeliveryDate"": ""2026-09-21T07:00:00.000Z""}]",,,PENDING_INDEPENDENT_HUMAN_REVIEW
D2-0653,828c0d0d-2ede-4bab-bed4-407cd3cf8662,06c45a41-2b44-401a-9703-5c9952f2580f,Mega Gengar ex,Ascended Heroes,284,special_illustration_rare,v1|398386043813|0,Mega Gengar EX special illustration rare Holo ascended heroes NM,,Ungraded,4000,[],"[""FIXED_PRICE"", ""BEST_OFFER""]",pink_spots,https://i.ebayimg.com/images/g/n1IAAeSw1qtqpLN9/s-l225.jpg,https://www.ebay.com/itm/398386043813?_skw=Mega+Gengar+ex+284+Ascended+Heroes+Pokemon+card&hash=item5cc1a89ba5:g:n1IAAeSw1qtqpLN9,"{""value"": ""890.00"", ""currency"": ""USD""}","[{""shippingCostType"": ""CALCULATED""}]",,,PENDING_INDEPENDENT_HUMAN_REVIEW
D2-0654,828c0d0d-2ede-4bab-bed4-407cd3cf8662,06c45a41-2b44-401a-9703-5c9952f2580f,Mega Gengar ex,Ascended Heroes,284,special_illustration_rare,v1|128025357682|0,2026 Pokemon ASC EN Special Illustration Rare #284 Mega Gengar ex PSA 10,,Graded,2750,[],"[""FIXED_PRICE"", ""BEST_OFFER""]",ghi11i3,https://i.ebayimg.com/images/g/H5YAAeSwDDdqbWSO/s-l225.jpg,https://www.ebay.com/itm/128025357682?_skw=Mega+Gengar+ex+284+Ascended+Heroes+Pokemon+card&hash=item1dcee7ed72:g:H5YAAeSwDDdqbWSO&amdata=enc%3AAQALAAABEACCtXRWQnOEpyOqnQQ8KGbnuxQHesWFGjxunPvksfB7hqM6Q9yG11FkKE%2BSRygsBC%2FTHEZzWveBKWI1mPq3qcN%2BvYc0qDQTNoOTV%2F0aR2CtPGFeXekYc4F093aC3Gq0wacxnntOhSoe1vLkHgF5Qi6l8wUo2dPYU7jKI3ywL0MWT9%2FTv3X%2BAxEt3aliREFzE7Dn1ULiH%2FrWFIsiZpngrTha3aYboIoveGylXyKued7qO9OUXv3%2Fv1YhTK%2BXe8zVeEsXoSao1X0X6Dc7ILF30lkluPGJ2uutYRpoFqWDm88Cvv8mvQW73F3HY%2B7Jcdqjoc%2B%2BZT8jSpPnbV8lKXUtTyZZzgT83dOd8aFqqDZUXGYV,"{""value"": ""2205.00"", ""currency"": ""USD""}","[{""shippingCostType"": ""CALCULATED""}]",,,PENDING_INDEPENDENT_HUMAN_REVIEW
D2-0655,828c0d0d-2ede-4bab-bed4-407cd3cf8662,06c45a41-2b44-401a-9703-5c9952f2580f,Mega Gengar ex,Ascended Heroes,284,special_illustration_rare,v1|336704892811|0,SPANISH Mega Gengar ex SIR Ascended Heroes LA 284 SPECIAL ILLUSTRATION RARE,,Ungraded,4000,[],"[""FIXED_PRICE""]",memories_4all,https://i.ebayimg.com/images/g/ta0AAeSw4NdqYnts/s-l225.jpg,https://www.ebay.com/itm/336704892811?_skw=Mega+Gengar+ex+284+Ascended+Heroes+Pokemon+card&hash=item4e652cef8b:g:ta0AAeSw4NdqYnts,"{""value"": ""779.00"", ""currency"": ""USD""}","[{""shippingCostType"": ""FIXED"", ""shippingCost"": {""value"": ""0.00"", ""currency"": ""USD""}, ""minEstimatedDeliveryDate"": ""2026-09-16T07:00:00.000Z"", ""maxEstimatedDeliveryDate"": ""2026-09-22T07:00:00.000Z""}]",,,PENDING_INDEPENDENT_HUMAN_REVIEW
D2-0656,828c0d0d-2ede-4bab-bed4-407cd3cf8662,06c45a41-2b44-401a-9703-5c9952f2580f,Mega Gengar ex,Ascended Heroes,284,special_illustration_rare,v1|227192755133|0,Pokemon Mega Gengar EX 284/217 SIR Ascended Heroes Extended Artwork Case,,Ungraded,4000,[],"[""FIXED_PRICE""]",dragarious,https://i.ebayimg.com/images/g/l34AAeSwmpNpej86/s-l225.jpg,https://www.ebay.com/itm/227192755133?_skw=Mega+Gengar+ex+284+Ascended+Heroes+Pokemon+card&hash=item34e5be53bd:g:l34AAeSwmpNpej86,"{""value"": ""12.00"", ""currency"": ""USD""}","[{""shippingCostType"": ""CALCULATED""}]",,,PENDING_INDEPENDENT_HUMAN_REVIEW
D2-0657,828c0d0d-2ede-4bab-bed4-407cd3cf8662,06c45a41-2b44-401a-9703-5c9952f2580f,Mega Gengar ex,Ascended Heroes,284,special_illustration_rare,v1|128039837091|0,2026 Pokemon ME Ascended Heroes 284/217 Mega Gengar EX SIR TAG 10,,Graded,2750,[],"[""FIXED_PRICE"", ""BEST_OFFER""]",dtigers214,https://i.ebayimg.com/images/g/W~YAAeSwEjtqikEu/s-l225.jpg,https://www.ebay.com/itm/128039837091?_skw=Mega+Gengar+ex+284+Ascended+Heroes+Pokemon+card&hash=item1dcfc4dda3:g:W~YAAeSwEjtqikEu,"{""value"": ""2200.00"", ""currency"": ""USD""}","[{""shippingCostType"": ""FIXED"", ""shippingCost"": {""value"": ""20.75"", ""currency"": ""USD""}, ""minEstimatedDeliveryDate"": ""2026-09-14T07:00:00.000Z"", ""maxEstimatedDeliveryDate"": ""2026-09-16T07:00:00.000Z""}]",,,PENDING_INDEPENDENT_HUMAN_REVIEW
D2-0658,828c0d0d-2ede-4bab-bed4-407cd3cf8662,06c45a41-2b44-401a-9703-5c9952f2580f,Mega Gengar ex,Ascended Heroes,284,special_illustration_rare,v1|128064564959|0,Pokemon TCG Mega Gengar EX 284/217 SIR Full Art EN ASCENDED HEROES Pack Fresh,,Ungraded,4000,[],"[""FIXED_PRICE"", ""AUCTION""]",ozzyman49,https://i.ebayimg.com/images/g/MQ4AAeSwiOxqnLQg/s-l225.jpg,https://www.ebay.com/itm/128064564959?_skw=Mega+Gengar+ex+284+Ascended+Heroes+Pokemon+card&hash=item1dd13e2edf:g:MQ4AAeSwiOxqnLQg,"{""value"": ""1325.00"", ""currency"": ""USD""}","[{""shippingCostType"": ""CALCULATED""}]",,,PENDING_INDEPENDENT_HUMAN_REVIEW
D2-0659,828c0d0d-2ede-4bab-bed4-407cd3cf8662,06c45a41-2b44-401a-9703-5c9952f2580f,Mega Gengar ex,Ascended Heroes,284,special_illustration_rare,v1|137684553886|0,MEGA GENGAR EX POKEMON ASCENDED HEROES 284 SPECIAL ILLUSTRATION RARE PSA 10,,Graded,2750,[],"[""FIXED_PRICE""]",pardonmycardboard,https://i.ebayimg.com/images/g/tfsAAeSwE~FqljbP/s-l225.jpg,https://www.ebay.com/itm/137684553886?_skw=Mega+Gengar+ex+284+Ascended+Heroes+Pokemon+card&hash=item200ea3909e:g:tfsAAeSwE~FqljbP,"{""value"": ""2249.99"", ""currency"": ""USD""}","[{""shippingCostType"": ""FIXED"", ""shippingCost"": {""value"": ""0.00"", ""currency"": ""USD""}, ""minEstimatedDeliveryDate"": ""2026-09-15T07:00:00.000Z"", ""maxEstimatedDeliveryDate"": ""2026-09-21T07:00:00.000Z""}]",,,PENDING_INDEPENDENT_HUMAN_REVIEW
D2-0660,828c0d0d-2ede-4bab-bed4-407cd3cf8662,06c45a41-2b44-401a-9703-5c9952f2580f,Mega Gengar ex,Ascended Heroes,284,special_illustration_rare,v1|137688520283|0,Pokémon TCG Mega Gengar ex 284/217 ASC EN ASCENDED HEROES TAG 9 ,,Graded,2750,[],"[""FIXED_PRICE"", ""BEST_OFFER""]",slabsandsealed,https://i.ebayimg.com/images/g/0M4AAeSwR7pql4e-/s-l225.jpg,https://www.ebay.com/itm/137688520283?_skw=Mega+Gengar+ex+284+Ascended+Heroes+Pokemon+card&hash=item200ee0165b:g:0M4AAeSwR7pql4e-,"{""value"": ""1049.98"", ""currency"": ""USD""}","[{""shippingCostType"": ""FIXED"", ""shippingCost"": {""value"": ""0.00"", ""currency"": ""USD""}, ""minEstimatedDeliveryDate"": ""2026-09-15T07:00:00.000Z"", ""maxEstimatedDeliveryDate"": ""2026-09-19T07:00:00.000Z""}]",,,PENDING_INDEPENDENT_HUMAN_REVIEW
D2-0661,829b12ba-c7f5-4796-9a57-a2a2463c8461,0fc5990b-19e3-4716-b616-b221acc480a6,Houndour,Obsidian Flames,204,illustration_rare,v1|117281774187|0,Houndour 204/197 Sv03: Obsidian Flames Holo,,Ungraded,4000,[],"[""FIXED_PRICE""]",dylanlee6969,https://i.ebayimg.com/images/g/n0kAAeSwxNpqRxyV/s-l225.jpg,https://www.ebay.com/itm/117281774187?_skw=Houndour+204+Obsidian+Flames+Pokemon+card&hash=item1b4e89da6b:g:n0kAAeSwxNpqRxyV,"{""value"": ""13.00"", ""currency"": ""USD""}","[{""shippingCostType"": ""FIXED"", ""shippingCost"": {""value"": ""0.00"", ""currency"": ""USD""}, ""minEstimatedDeliveryDate"": ""2026-09-16T07:00:00.000Z"", ""maxEstimatedDeliveryDate"": ""2026-09-23T07:00:00.000Z""}]",,,PENDING_INDEPENDENT_HUMAN_REVIEW
D2-0662,829b12ba-c7f5-4796-9a57-a2a2463c8461,0fc5990b-19e3-4716-b616-b221acc480a6,Houndour,Obsidian Flames,204,illustration_rare,v1|117376092805|0,Houndour Holo SV03: Obsidian Flames 204/197 NM,,Ungraded,4000,[],"[""FIXED_PRICE""]",soldbyrem,https://i.ebayimg.com/images/g/VM0AAeSw2o5qjRYd/s-l225.jpg,https://www.ebay.com/itm/117376092805?_skw=Houndour+204+Obsidian+Flames+Pokemon+card&hash=item1b54290a85:g:VM0AAeSw2o5qjRYd,"{""value"": ""13.99"", ""currency"": ""USD""}","[{""shippingCostType"": ""FIXED"", ""shippingCost"": {""value"": ""0.00"", ""currency"": ""USD""}, ""minEstimatedDeliveryDate"": ""2026-09-15T07:00:00.000Z"", ""maxEstimatedDeliveryDate"": ""2026-09-19T07:00:00.000Z""}]",,,PENDING_INDEPENDENT_HUMAN_REVIEW
D2-0663,829b12ba-c7f5-4796-9a57-a2a2463c8461,0fc5990b-19e3-4716-b616-b221acc480a6,Houndour,Obsidian Flames,204,illustration_rare,v1|117395138131|0,Houndour #204/197 Pokemon TCG OBF: SV03: Obsidian Flames Illustration Rare Holo,,Ungraded,4000,[],"[""FIXED_PRICE""]",beasers_closet,https://i.ebayimg.com/images/g/12cAAeSw7RNqmpon/s-l225.jpg,https://www.ebay.com/itm/117395138131?_skw=Houndour+204+Obsidian+Flames+Pokemon+card&hash=item1b554ba653:g:12cAAeSw7RNqmpon,"{""value"": ""12.86"", ""currency"": ""USD""}","[{""shippingCostType"": ""CALCULATED""}]",,,PENDING_INDEPENDENT_HUMAN_REVIEW
D2-0664,829b12ba-c7f5-4796-9a57-a2a2463c8461,0fc5990b-19e3-4716-b616-b221acc480a6,Houndour,Obsidian Flames,204,illustration_rare,v1|318857171630|0,Houndour 204/197 Illustration Rare Pokemon Holo Near Mint,,Ungraded,4000,[],"[""FIXED_PRICE""]",jaren_collectibles,https://i.ebayimg.com/images/g/SFIAAeSwDaxqpCFA/s-l225.jpg,https://www.ebay.com/itm/318857171630?_skw=Houndour+204+Obsidian+Flames+Pokemon+card&hash=item4a3d5e52ae:g:SFIAAeSwDaxqpCFA,"{""value"": ""13.78"", ""currency"": ""USD""}","[{""shippingCostType"": ""FIXED"", ""shippingCost"": {""value"": ""0.00"", ""currency"": ""USD""}, ""minEstimatedDeliveryDate"": ""2026-09-15T07:00:00.000Z"", ""maxEstimatedDeliveryDate"": ""2026-09-21T07:00:00.000Z""}]",,,PENDING_INDEPENDENT_HUMAN_REVIEW
D2-0665,829b12ba-c7f5-4796-9a57-a2a2463c8461,0fc5990b-19e3-4716-b616-b221acc480a6,Houndour,Obsidian Flames,204,illustration_rare,v1|156351363276|457722988978,Pokemon TCG - Obsidian Flames: Choose Your Card! - All Holos/Reverse Holo Cards!,,Ungraded,4000,[],"[""FIXED_PRICE""]",overstackedcards,https://i.ebayimg.com/images/g/14sAAOSwE2Nn9lK1/s-l225.jpg,https://www.ebay.com/itm/156351363276?_skw=Houndour+204+Obsidian+Flames+Pokemon+card&hash=item24674478cc:g:14sAAOSwE2Nn9lK1,"{""value"": ""18.99"", ""currency"": ""USD""}","[{""shippingCostType"": ""FIXED"", ""shippingCost"": {""value"": ""0.00"", ""currency"": ""USD""}, ""minEstimatedDeliveryDate"": ""2026-09-15T07:00:00.000Z"", ""maxEstimatedDeliveryDate"": ""2026-09-18T07:00:00.000Z""}]",,,PENDING_INDEPENDENT_HUMAN_REVIEW
D2-0666,829b12ba-c7f5-4796-9a57-a2a2463c8461,0fc5990b-19e3-4716-b616-b221acc480a6,Houndour,Obsidian Flames,204,illustration_rare,v1|334985403072|544206775204,Pokemon SV3 Obsidian Flames Reverse Holo - Ultra Rare Single Card 1-230 You PICK,,Ungraded,4000,[],"[""FIXED_PRICE""]",biggyfish,https://i.ebayimg.com/images/g/LXIAAOSwpZJk1oI6/s-l225.jpg,https://www.ebay.com/itm/334985403072?_skw=Houndour+204+Obsidian+Flames+Pokemon+card&hash=item4dfeaf9ac0:g:LXIAAOSwpZJk1oI6,"{""value"": ""19.99"", ""currency"": ""USD""}","[{""shippingCostType"": ""FIXED"", ""shippingCost"": {""value"": ""0.79"", ""currency"": ""USD""}, ""minEstimatedDeliveryDate"": ""2026-09-15T07:00:00.000Z"", ""maxEstimatedDeliveryDate"": ""2026-09-18T07:00:00.000Z""}]",,,PENDING_INDEPENDENT_HUMAN_REVIEW
D2-0667,829b12ba-c7f5-4796-9a57-a2a2463c8461,0fc5990b-19e3-4716-b616-b221acc480a6,Houndour,Obsidian Flames,204,illustration_rare,v1|127965154305|0,Houndour 204/197 PSA 9 Mint Obsidian Flames Illustration Rare Pokemon Card 🔥🔥,,Graded,2750,[],"[""FIXED_PRICE"", ""BEST_OFFER""]",westicide92,https://i.ebayimg.com/images/g/2OAAAeSwoolqTw0S/s-l225.jpg,https://www.ebay.com/itm/127965154305?_skw=Houndour+204+Obsidian+Flames+Pokemon+card&hash=item1dcb514c01:g:2OAAAeSwoolqTw0S,"{""value"": ""29.99"", ""currency"": ""USD""}","[{""shippingCostType"": ""FIXED"", ""shippingCost"": {""value"": ""0.00"", ""currency"": ""USD""}, ""minEstimatedDeliveryDate"": ""2026-09-15T07:00:00.000Z"", ""maxEstimatedDeliveryDate"": ""2026-09-18T07:00:00.000Z""}]",,,PENDING_INDEPENDENT_HUMAN_REVIEW
D2-0668,829b12ba-c7f5-4796-9a57-a2a2463c8461,0fc5990b-19e3-4716-b616-b221acc480a6,Houndour,Obsidian Flames,204,illustration_rare,v1|287526820270|0,Houndour 204/197 Illustration Rare Obsidian Flames Pokemon Holo Lightly Played,,Ungraded,4000,[],"[""FIXED_PRICE""]",nufoundtreasure,https://i.ebayimg.com/images/g/j9sAAeSwMk1qgIRT/s-l225.jpg,https://www.ebay.com/itm/287526820270?_skw=Houndour+204+Obsidian+Flames+Pokemon+card&hash=item42f1ef19ae:g:j9sAAeSwMk1qgIRT,"{""value"": ""12.99"", ""currency"": ""USD""}","[{""shippingCostType"": ""FIXED"", ""shippingCost"": {""value"": ""0.00"", ""currency"": ""USD""}, ""minEstimatedDeliveryDate"": ""2026-09-15T07:00:00.000Z"", ""maxEstimatedDeliveryDate"": ""2026-09-21T07:00:00.000Z""}]",,,PENDING_INDEPENDENT_HUMAN_REVIEW
D2-0669,829b12ba-c7f5-4796-9a57-a2a2463c8461,0fc5990b-19e3-4716-b616-b221acc480a6,Houndour,Obsidian Flames,204,illustration_rare,v1|117402825705|0,Houndour Holofoil Obsidian Flames 204/197 LP Pokemon,,Ungraded,4000,[],"[""FIXED_PRICE"", ""BEST_OFFER""]",mastascards,https://i.ebayimg.com/images/g/XDEAAeSw0UxqoFtx/s-l225.jpg,https://www.ebay.com/itm/117402825705?_skw=Houndour+204+Obsidian+Flames+Pokemon+card&hash=item1b55c0f3e9:g:XDEAAeSw0UxqoFtx,"{""value"": ""11.54"", ""currency"": ""USD""}","[{""shippingCostType"": ""FIXED"", ""shippingCost"": {""value"": ""0.00"", ""currency"": ""USD""}, ""minEstimatedDeliveryDate"": ""2026-09-15T07:00:00.000Z"", ""maxEstimatedDeliveryDate"": ""2026-09-21T07:00:00.000Z""}]",,,PENDING_INDEPENDENT_HUMAN_REVIEW
D2-0670,829b12ba-c7f5-4796-9a57-a2a2463c8461,0fc5990b-19e3-4716-b616-b221acc480a6,Houndour,Obsidian Flames,204,illustration_rare,v1|127716463906|0,Houndour 204/197 - OBF Obsidian Flames - Near Mint NM Pokemon Card,,Ungraded,4000,[],"[""FIXED_PRICE"", ""BEST_OFFER""]",masi4chrst,https://i.ebayimg.com/images/g/nyYAAeSw0MhpnNXN/s-l225.jpg,https://www.ebay.com/itm/127716463906?_skw=Houndour+204+Obsidian+Flames+Pokemon+card&hash=item1dbc7e9522:g:nyYAAeSw0MhpnNXN,"{""value"": ""6.48"", ""currency"": ""USD""}","[{""shippingCostType"": ""FIXED"", ""shippingCost"": {""value"": ""6.99"", ""currency"": ""USD""}, ""minEstimatedDeliveryDate"": ""2026-09-16T07:00:00.000Z"", ""maxEstimatedDeliveryDate"": ""2026-09-22T07:00:00.000Z""}]",,,PENDING_INDEPENDENT_HUMAN_REVIEW
D2-0671,829b12ba-c7f5-4796-9a57-a2a2463c8461,0fc5990b-19e3-4716-b616-b221acc480a6,Houndour,Obsidian Flames,204,illustration_rare,v1|127994290290|0,Houndour 204/197 Illustration Rare Obsidian Flames Pokemon Holo Near Mint,,Ungraded,4000,[],"[""FIXED_PRICE"", ""BEST_OFFER""]",cardswithbigben,https://i.ebayimg.com/images/g/JmEAAeSwLDFqZXyW/s-l225.jpg,https://www.ebay.com/itm/127994290290?_skw=Houndour+204+Obsidian+Flames+Pokemon+card&hash=item1dcd0de072:g:JmEAAeSwLDFqZXyW,"{""value"": ""12.99"", ""currency"": ""USD""}","[{""shippingCostType"": ""CALCULATED""}]",,,PENDING_INDEPENDENT_HUMAN_REVIEW
D2-0672,829b12ba-c7f5-4796-9a57-a2a2463c8461,0fc5990b-19e3-4716-b616-b221acc480a6,Houndour,Obsidian Flames,204,illustration_rare,v1|128052613318|0,Houndour 204/197 SV03: Obsidian Flames Holo NM Illustration Rare Pokemon Card,,Ungraded,4000,[],"[""FIXED_PRICE""]",jonatweave.dn50kprmp,https://i.ebayimg.com/images/g/170AAeSwzMRqlKbm/s-l225.jpg,https://www.ebay.com/itm/128052613318?_skw=Houndour+204+Obsidian+Flames+Pokemon+card&hash=item1dd087d0c6:g:170AAeSwzMRqlKbm,"{""value"": ""10.99"", ""currency"": ""USD""}","[{""shippingCostType"": ""CALCULATED""}]",,,PENDING_INDEPENDENT_HUMAN_REVIEW
D2-0673,829b12ba-c7f5-4796-9a57-a2a2463c8461,0fc5990b-19e3-4716-b616-b221acc480a6,Houndour,Obsidian Flames,204,illustration_rare,v1|128070334058|0,Houndour Holo Illustration Rare SV03: Obsidian Flames 204/197 NM,,Ungraded,4000,[],"[""FIXED_PRICE"", ""BEST_OFFER""]",lscardvault,https://i.ebayimg.com/images/g/XqkAAeSwtuBqoT-n/s-l225.jpg,https://www.ebay.com/itm/128070334058?_skw=Houndour+204+Obsidian+Flames+Pokemon+card&hash=item1dd196366a:g:XqkAAeSwtuBqoT-n,"{""value"": ""11.38"", ""currency"": ""USD""}","[{""shippingCostType"": ""FIXED"", ""shippingCost"": {""value"": ""1.25"", ""currency"": ""USD""}, ""minEstimatedDeliveryDate"": ""2026-09-15T07:00:00.000Z"", ""maxEstimatedDeliveryDate"": ""2026-09-21T07:00:00.000Z""}]",,,PENDING_INDEPENDENT_HUMAN_REVIEW
D2-0674,829b12ba-c7f5-4796-9a57-a2a2463c8461,0fc5990b-19e3-4716-b616-b221acc480a6,Houndour,Obsidian Flames,204,illustration_rare,v1|137322265889|0,X2 Houndour Illustration Rare 204/197 Sv03: Pokemon TCG Obsidian Flames MINT,,Ungraded,4000,[],"[""FIXED_PRICE"", ""BEST_OFFER""]",4cloverexchangellc,https://i.ebayimg.com/images/g/~SkAAeSwwRFqC3TG/s-l225.jpg,https://www.ebay.com/itm/137322265889?_skw=Houndour+204+Obsidian+Flames+Pokemon+card&hash=item1ff90b7d21:g:~SkAAeSwwRFqC3TG&amdata=enc%3AAQALAAABAACCtXRWQnOEpyOqnQQ8KGY%2FmoMboLGk5bT6Cxp8DOrJUrnLMg4wCtyq7YwMWlSJ9YHjw3l3%2By2R1Cmf3cyDSNornwpCbgN3X9tIJfntzJfUYSFHrsMB%2FjF1pQIc5r37BsWLkczEjSOWnUC8vcMB95kaV5JiQ%2BDGi1HBnfkTHNBeH%2FpDadZx%2BubwZNki%2Bi1ItcO2OnzeO1zlIjYXFntjObx0DB6eciohX46qEt1A%2Ff0iBjNeWMm%2BNg2fPlh7Jdjm4OymtvcQR6FpfazydON0FF80KfiMYBbgimPErsfEWFhkWrVxgZnjLA65RmGZLiWslE5Pw2C7pkimcXVMXSyxv1Q%3D,"{""value"": ""35.00"", ""currency"": ""USD""}","[{""shippingCostType"": ""CALCULATED""}]",,,PENDING_INDEPENDENT_HUMAN_REVIEW
D2-0675,829b12ba-c7f5-4796-9a57-a2a2463c8461,0fc5990b-19e3-4716-b616-b221acc480a6,Houndour,Obsidian Flames,204,illustration_rare,v1|137602296165|0,Houndour Illustration Rare SV03: Obsidian Flames 204/197 NM,,Ungraded,4000,[],"[""FIXED_PRICE"", ""BEST_OFFER""]",indigoleaguecollectibles,https://i.ebayimg.com/images/g/9bUAAeSwhKZqeJkB/s-l225.jpg,https://www.ebay.com/itm/137602296165?_skw=Houndour+204+Obsidian+Flames+Pokemon+card&hash=item2009bc6965:g:9bUAAeSwhKZqeJkB,"{""value"": ""12.50"", ""currency"": ""USD""}","[{""shippingCostType"": ""CALCULATED""}]",,,PENDING_INDEPENDENT_HUMAN_REVIEW
D2-0676,8a2827bc-48b7-4dfd-b240-501fe24100b9,4db4cc1d-2bfd-45e2-a457-7cb450d1f79a,Bronzor,Temporal Forces,68,common,v1|145801617143|0,Pokemon Temporal Forces Bronzor 68/162,,Ungraded,4000,[],"[""FIXED_PRICE""]",collectors_extreme,https://i.ebayimg.com/images/g/2qMAAOSwF79mVfoN/s-l225.jpg,https://www.ebay.com/itm/145801617143?_skw=Bronzor+68+Temporal+Forces+Pokemon+card&hash=item21f2741ef7:g:2qMAAOSwF79mVfoN,"{""value"": ""0.99"", ""currency"": ""USD""}","[{""shippingCostType"": ""CALCULATED"", ""shippingCost"": {""value"": ""1.34"", ""currency"": ""USD""}, ""minEstimatedDeliveryDate"": ""2026-09-16T07:00:00.000Z"", ""maxEstimatedDeliveryDate"": ""2026-09-22T07:00:00.000Z""}]",,,PENDING_INDEPENDENT_HUMAN_REVIEW
D2-0677,8a2827bc-48b7-4dfd-b240-501fe24100b9,4db4cc1d-2bfd-45e2-a457-7cb450d1f79a,Bronzor,Temporal Forces,68,common,v1|158184971877|0,2024 Scarlet & Violet Series - Temporal Forces Bronzor Common #68,,Ungraded,4000,[],"[""FIXED_PRICE"", ""BEST_OFFER""]",coopero36kcb,https://i.ebayimg.com/images/g/Pd8AAeSwAY9qY8no/s-l225.jpg,https://www.ebay.com/itm/158184971877?_skw=Bronzor+68+Temporal+Forces+Pokemon+card&hash=item24d48f1e65:g:Pd8AAeSwAY9qY8no,"{""value"": ""1.99"", ""currency"": ""USD""}","[{""shippingCostType"": ""FIXED"", ""shippingCost"": {""value"": ""0.00"", ""currency"": ""USD""}, ""minEstimatedDeliveryDate"": ""2026-09-15T07:00:00.000Z"", ""maxEstimatedDeliveryDate"": ""2026-09-19T07:00:00.000Z""}]",,,PENDING_INDEPENDENT_HUMAN_REVIEW
D2-0678,8a2827bc-48b7-4dfd-b240-501fe24100b9,4db4cc1d-2bfd-45e2-a457-7cb450d1f79a,Bronzor,Temporal Forces,68,common,v1|158195234907|0,2024 Scarlet & Violet Series - Temporal Forces Bronzor Common #68,,Ungraded,4000,[],"[""FIXED_PRICE"", ""BEST_OFFER""]",coopero36kcb,https://i.ebayimg.com/images/g/B30AAeSwcGlqY7EB/s-l225.jpg,https://www.ebay.com/itm/158195234907?_skw=Bronzor+68+Temporal+Forces+Pokemon+card&hash=item24d52bb85b:g:B30AAeSwcGlqY7EB,"{""value"": ""1.99"", ""currency"": ""USD""}","[{""shippingCostType"": ""FIXED"", ""shippingCost"": {""value"": ""0.00"", ""currency"": ""USD""}, ""minEstimatedDeliveryDate"": ""2026-09-15T07:00:00.000Z"", ""maxEstimatedDeliveryDate"": ""2026-09-19T07:00:00.000Z""}]",,,PENDING_INDEPENDENT_HUMAN_REVIEW
D2-0679,8a2827bc-48b7-4dfd-b240-501fe24100b9,4db4cc1d-2bfd-45e2-a457-7cb450d1f79a,Bronzor,Temporal Forces,68,common,v1|117071817108|0,Bronzor | #68 | TEF | Pokemon | Regular | LP,,Ungraded,4000,[],"[""FIXED_PRICE""]",trusted_trading_cards,https://i.ebayimg.com/images/g/SaAAAeSw-4Nqa0r0/s-l225.jpg,https://www.ebay.com/itm/117071817108?_skw=Bronzor+68+Temporal+Forces+Pokemon+card&hash=item1b42062994:g:SaAAAeSw-4Nqa0r0,"{""value"": ""1.92"", ""currency"": ""USD"", ""convertedFromValue"": ""1.42"", ""convertedFromCurrency"": ""GBP""}",[],,,PENDING_INDEPENDENT_HUMAN_REVIEW
D2-0680,8a2827bc-48b7-4dfd-b240-501fe24100b9,4db4cc1d-2bfd-45e2-a457-7cb450d1f79a,Bronzor,Temporal Forces,68,common,v1|227269153842|0,135PK068 - Bronzor - 68/162- Temporal Force -(TEF)- Common,,Ungraded,4000,[],"[""FIXED_PRICE""]",eta_1964,https://i.ebayimg.com/images/g/aI8AAeSwnVlpwJuy/s-l225.jpg,https://www.ebay.com/itm/227269153842?_skw=Bronzor+68+Temporal+Forces+Pokemon+card&hash=item34ea4c1432:g:aI8AAeSwnVlpwJuy,"{""value"": ""1.25"", ""currency"": ""USD""}","[{""shippingCostType"": ""FIXED"", ""shippingCost"": {""value"": ""0.99"", ""currency"": ""USD""}, ""minEstimatedDeliveryDate"": ""2026-09-15T07:00:00.000Z"", ""maxEstimatedDeliveryDate"": ""2026-09-18T07:00:00.000Z""}]",,,PENDING_INDEPENDENT_HUMAN_REVIEW
D2-0681,8a2827bc-48b7-4dfd-b240-501fe24100b9,4db4cc1d-2bfd-45e2-a457-7cb450d1f79a,Bronzor,Temporal Forces,68,common,v1|327065079464|0,135PK068r - Bronzor - 68/162- Temporal Force -(TEF)- Common Reverse,,Ungraded,4000,[],"[""FIXED_PRICE""]",eta_1964,https://i.ebayimg.com/images/g/hIwAAeSwMvVpwftr/s-l225.jpg,https://www.ebay.com/itm/327065079464?_skw=Bronzor+68+Temporal+Forces+Pokemon+card&hash=item4c26990ea8:g:hIwAAeSwMvVpwftr,"{""value"": ""1.85"", ""currency"": ""USD""}","[{""shippingCostType"": ""FIXED"", ""shippingCost"": {""value"": ""0.99"", ""currency"": ""USD""}, ""minEstimatedDeliveryDate"": ""2026-09-15T07:00:00.000Z"", ""maxEstimatedDeliveryDate"": ""2026-09-18T07:00:00.000Z""}]",,,PENDING_INDEPENDENT_HUMAN_REVIEW
D2-0682,8a2827bc-48b7-4dfd-b240-501fe24100b9,4db4cc1d-2bfd-45e2-a457-7cb450d1f79a,Bronzor,Temporal Forces,68,common,v1|128048864625|0,Bronzor Temporal Forces 068/162 Common PokéMon — English Near Mint,,Ungraded,4000,[],"[""FIXED_PRICE""]",qscollectibles98,https://i.ebayimg.com/images/g/u6UAAeSw8NRqkWDB/s-l225.jpg,https://www.ebay.com/itm/128048864625?_skw=Bronzor+68+Temporal+Forces+Pokemon+card&hash=item1dd04e9d71:g:u6UAAeSw8NRqkWDB,"{""value"": ""1.99"", ""currency"": ""USD""}","[{""shippingCostType"": ""FIXED"", ""shippingCost"": {""value"": ""0.00"", ""currency"": ""USD""}, ""minEstimatedDeliveryDate"": ""2026-09-16T07:00:00.000Z"", ""maxEstimatedDeliveryDate"": ""2026-09-23T07:00:00.000Z""}]",,,PENDING_INDEPENDENT_HUMAN_REVIEW
D2-0683,8a2827bc-48b7-4dfd-b240-501fe24100b9,4db4cc1d-2bfd-45e2-a457-7cb450d1f79a,Bronzor,Temporal Forces,68,common,v1|137659828143|0,Bronzor 068/162 SV05 Temporal Forces C NM Pokémon — English,,Ungraded,4000,[],"[""FIXED_PRICE""]",deuxdogstradingtcg,https://i.ebayimg.com/images/g/3LcAAeSwuVhqjaUE/s-l225.jpg,https://www.ebay.com/itm/137659828143?_skw=Bronzor+68+Temporal+Forces+Pokemon+card&hash=item200d2a47af:g:3LcAAeSwuVhqjaUE,"{""value"": ""1.79"", ""currency"": ""USD""}","[{""shippingCostType"": ""FIXED"", ""shippingCost"": {""value"": ""0.00"", ""currency"": ""USD""}, ""minEstimatedDeliveryDate"": ""2026-09-15T07:00:00.000Z"", ""maxEstimatedDeliveryDate"": ""2026-09-18T07:00:00.000Z""}]",,,PENDING_INDEPENDENT_HUMAN_REVIEW
D2-0684,8a2827bc-48b7-4dfd-b240-501fe24100b9,4db4cc1d-2bfd-45e2-a457-7cb450d1f79a,Bronzor,Temporal Forces,68,common,v1|146542540026|0,Bronzor - 068/162 - Temporal Forces - Pokemon Card - Mint/NM,,Ungraded,4000,[],"[""FIXED_PRICE""]",the_gaming_citadel,https://i.ebayimg.com/images/g/~usAAeSwcV1oCuhw/s-l225.jpg,https://www.ebay.com/itm/146542540026?_skw=Bronzor+68+Temporal+Forces+Pokemon+card&hash=item221e9db4fa:g:~usAAeSwcV1oCuhw,"{""value"": ""2.36"", ""currency"": ""USD"", ""convertedFromValue"": ""3.30"", ""convertedFromCurrency"": ""AUD""}","[{""shippingCostType"": ""FIXED"", ""shippingCost"": {""value"": ""3.94"", ""currency"": ""USD"", ""convertedFromValue"": ""5.50"", ""convertedFromCurrency"": ""AUD""}, ""minEstimatedDeliveryDate"": ""2026-09-22T07:00:00.000Z"", ""maxEstimatedDeliveryDate"": ""2026-10-01T07:00:00.000Z""}]",,,PENDING_INDEPENDENT_HUMAN_REVIEW
D2-0685,8a2827bc-48b7-4dfd-b240-501fe24100b9,4db4cc1d-2bfd-45e2-a457-7cb450d1f79a,Bronzor,Temporal Forces,68,common,v1|127145359491|428254765537,Pokemon TCG Temporal Forces Choose Your Card! - NM- BULK SAVINGS!,,Ungraded,4000,[],"[""FIXED_PRICE""]",cheesehead_collectibles,https://i.ebayimg.com/images/g/2JkAAOSwL5loF7GM/s-l225.jpg,https://www.ebay.com/itm/127145359491?_skw=Bronzor+68+Temporal+Forces+Pokemon+card&hash=item1d9a743883:g:2JkAAOSwL5loF7GM,"{""value"": ""1.00"", ""currency"": ""USD""}","[{""shippingCostType"": ""FIXED"", ""shippingCost"": {""value"": ""1.25"", ""currency"": ""USD""}, ""minEstimatedDeliveryDate"": ""2026-09-16T07:00:00.000Z"", ""maxEstimatedDeliveryDate"": ""2026-09-23T07:00:00.000Z""}]",,,PENDING_INDEPENDENT_HUMAN_REVIEW
D2-0686,8a2827bc-48b7-4dfd-b240-501fe24100b9,4db4cc1d-2bfd-45e2-a457-7cb450d1f79a,Bronzor,Temporal Forces,68,common,v1|127668439147|428874963397,Temporal Forces - Pick Your Card - Pokemon TCG,,Ungraded,4000,[],"[""FIXED_PRICE""]",tcgrowze,https://i.ebayimg.com/images/g/wMkAAeSwV2dphWiW/s-l225.jpg,https://www.ebay.com/itm/127668439147?_skw=Bronzor+68+Temporal+Forces+Pokemon+card&hash=item1db9a1c86b:g:wMkAAeSwV2dphWiW,"{""value"": ""1.80"", ""currency"": ""USD"", ""convertedFromValue"": ""2.49"", ""convertedFromCurrency"": ""CAD""}",[],,,PENDING_INDEPENDENT_HUMAN_REVIEW
D2-0687,8a2827bc-48b7-4dfd-b240-501fe24100b9,4db4cc1d-2bfd-45e2-a457-7cb450d1f79a,Bronzor,Temporal Forces,68,common,v1|145714129952|444827998433,Reverse Holo Pokemon Scarlet and Violet - Temporal Forces - Choose Your Card(s),,Ungraded,4000,[],"[""FIXED_PRICE""]",zentzpokemart,https://i.ebayimg.com/images/g/jMwAAOSwQGNmFKSo/s-l225.jpg,https://www.ebay.com/itm/145714129952?_skw=Bronzor+68+Temporal+Forces+Pokemon+card&hash=item21ed3d2c20:g:jMwAAOSwQGNmFKSo,"{""value"": ""0.99"", ""currency"": ""USD""}","[{""shippingCostType"": ""CALCULATED""}]",,,PENDING_INDEPENDENT_HUMAN_REVIEW
D2-0688,8a2827bc-48b7-4dfd-b240-501fe24100b9,4db4cc1d-2bfd-45e2-a457-7cb450d1f79a,Bronzor,Temporal Forces,68,common,v1|158195234915|0,2024 Scarlet & Violet Series - Temporal Forces Bronzor Common #68,,Ungraded,4000,[],"[""FIXED_PRICE"", ""BEST_OFFER""]",coopero36kcb,https://i.ebayimg.com/images/g/B18AAeSw4NdqY8nP/s-l225.jpg,https://www.ebay.com/itm/158195234915?_skw=Bronzor+68+Temporal+Forces+Pokemon+card&hash=item24d52bb863:g:B18AAeSw4NdqY8nP,"{""value"": ""1.99"", ""currency"": ""USD""}","[{""shippingCostType"": ""FIXED"", ""shippingCost"": {""value"": ""0.00"", ""currency"": ""USD""}, ""minEstimatedDeliveryDate"": ""2026-09-15T07:00:00.000Z"", ""maxEstimatedDeliveryDate"": ""2026-09-19T07:00:00.000Z""}]",,,PENDING_INDEPENDENT_HUMAN_REVIEW
D2-0689,8a2827bc-48b7-4dfd-b240-501fe24100b9,4db4cc1d-2bfd-45e2-a457-7cb450d1f79a,Bronzor,Temporal Forces,68,common,v1|158199077022|0,2024 Scarlet & Violet Series - Temporal Forces Bronzor Common #68,,Ungraded,4000,[],"[""FIXED_PRICE"", ""BEST_OFFER""]",coopero36kcb,https://i.ebayimg.com/images/g/-fkAAeSwfRBqY8zi/s-l225.jpg,https://www.ebay.com/itm/158199077022?_skw=Bronzor+68+Temporal+Forces+Pokemon+card&hash=item24d566589e:g:-fkAAeSwfRBqY8zi,"{""value"": ""1.99"", ""currency"": ""USD""}","[{""shippingCostType"": ""FIXED"", ""shippingCost"": {""value"": ""0.00"", ""currency"": ""USD""}, ""minEstimatedDeliveryDate"": ""2026-09-15T07:00:00.000Z"", ""maxEstimatedDeliveryDate"": ""2026-09-19T07:00:00.000Z""}]",,,PENDING_INDEPENDENT_HUMAN_REVIEW
D2-0690,8a2827bc-48b7-4dfd-b240-501fe24100b9,4db4cc1d-2bfd-45e2-a457-7cb450d1f79a,Bronzor,Temporal Forces,68,common,v1|166724829750|0,Bronzor - Normal Pokemon Scarlet & Violet Temporal Forces (068/162),,Ungraded,4000,[],"[""FIXED_PRICE""]",lando-games,https://i.ebayimg.com/images/g/qIEAAeSwrWpqgytP/s-l225.jpg,https://www.ebay.com/itm/166724829750?_skw=Bronzor+68+Temporal+Forces+Pokemon+card&hash=item26d1930236:g:qIEAAeSwrWpqgytP,"{""value"": ""1.02"", ""currency"": ""USD""}","[{""shippingCostType"": ""CALCULATED""}]",,,PENDING_INDEPENDENT_HUMAN_REVIEW
D2-0691,8a2cce32-ad4f-4468-8a28-8a9ea9653365,9cc8f6b0-2c28-442b-bdd1-11cbd9a4068e,Leavanny,White Flare,89,illustration_rare,v1|237000724447|0,Pokémon TCG Illustration Rare Leavanny #89/86 Scarlet and Violet White Flare NM,,Ungraded,4000,[],"[""FIXED_PRICE"", ""BEST_OFFER""]",nerdvana_collectibles_217,https://i.ebayimg.com/images/g/-4gAAeSwj0Vqe~Bd/s-l225.jpg,https://www.ebay.com/itm/237000724447?_skw=Leavanny+89+White+Flare+Pokemon+card&hash=item372e580fdf:g:-4gAAeSwj0Vqe~Bd,"{""value"": ""33.99"", ""currency"": ""USD""}","[{""shippingCostType"": ""CALCULATED""}]",,,PENDING_INDEPENDENT_HUMAN_REVIEW
D2-0692,8a2cce32-ad4f-4468-8a28-8a9ea9653365,9cc8f6b0-2c28-442b-bdd1-11cbd9a4068e,Leavanny,White Flare,89,illustration_rare,v1|117302815327|0,Leavanny 003/086 Uncommon White Flare Pokemon Reverse Holo Near Mint,,Ungraded,4000,[],"[""FIXED_PRICE""]",sendittcg,https://i.ebayimg.com/images/g/4S4AAeSwtfhqn4YX/s-l225.jpg,https://www.ebay.com/itm/117302815327?_skw=Leavanny+89+White+Flare+Pokemon+card&hash=item1b4fcaea5f:g:4S4AAeSwtfhqn4YX,"{""value"": ""1.45"", ""currency"": ""USD""}","[{""shippingCostType"": ""FIXED"", ""shippingCost"": {""value"": ""0.00"", ""currency"": ""USD""}, ""minEstimatedDeliveryDate"": ""2026-09-16T07:00:00.000Z"", ""maxEstimatedDeliveryDate"": ""2026-09-23T07:00:00.000Z""}]",,,PENDING_INDEPENDENT_HUMAN_REVIEW
D2-0693,8a2cce32-ad4f-4468-8a28-8a9ea9653365,9cc8f6b0-2c28-442b-bdd1-11cbd9a4068e,Leavanny,White Flare,89,illustration_rare,v1|117333851429|0,Leavanny 003/086 Uncommon White Flare Pokemon Reverse Holo Near Mint,,Ungraded,4000,[],"[""FIXED_PRICE""]",themerinotcg,https://i.ebayimg.com/images/g/FLsAAeSwYexqbVXu/s-l225.jpg,https://www.ebay.com/itm/117333851429?_skw=Leavanny+89+White+Flare+Pokemon+card&hash=item1b51a47d25:g:FLsAAeSwYexqbVXu,"{""value"": ""1.99"", ""currency"": ""USD""}","[{""shippingCostType"": ""FIXED"", ""shippingCost"": {""value"": ""0.00"", ""currency"": ""USD""}, ""minEstimatedDeliveryDate"": ""2026-09-15T07:00:00.000Z"", ""maxEstimatedDeliveryDate"": ""2026-09-21T07:00:00.000Z""}]",,,PENDING_INDEPENDENT_HUMAN_REVIEW
D2-0694,8a2cce32-ad4f-4468-8a28-8a9ea9653365,9cc8f6b0-2c28-442b-bdd1-11cbd9a4068e,Leavanny,White Flare,89,illustration_rare,v1|117341427468|0,Leavanny 003/086 Uncommon White Flare Pokemon Reverse Holo Near Mint,,Ungraded,4000,[],"[""FIXED_PRICE""]",themerinotcg,https://i.ebayimg.com/images/g/~ogAAeSwhEBqcq58/s-l225.jpg,https://www.ebay.com/itm/117341427468?_skw=Leavanny+89+White+Flare+Pokemon+card&hash=item1b5218170c:g:~ogAAeSwhEBqcq58,"{""value"": ""1.99"", ""currency"": ""USD""}","[{""shippingCostType"": ""FIXED"", ""shippingCost"": {""value"": ""0.00"", ""currency"": ""USD""}, ""minEstimatedDeliveryDate"": ""2026-09-15T07:00:00.000Z"", ""maxEstimatedDeliveryDate"": ""2026-09-21T07:00:00.000Z""}]",,,PENDING_INDEPENDENT_HUMAN_REVIEW
D2-0695,8a2cce32-ad4f-4468-8a28-8a9ea9653365,9cc8f6b0-2c28-442b-bdd1-11cbd9a4068e,Leavanny,White Flare,89,illustration_rare,v1|306833455492|606717395439,Pokémon WHITE FLARE: Choose Your Card! REVERSE/HOLO/EX NM,,Ungraded,4000,[],"[""FIXED_PRICE""]",hardfoiled,https://i.ebayimg.com/images/g/wBoAAeSwY0ppvV1Z/s-l225.jpg,https://www.ebay.com/itm/306833455492?_skw=Leavanny+89+White+Flare+Pokemon+card&var=606717395439&hash=item4770b2f984:g:wBoAAeSwY0ppvV1Z,"{""value"": ""1.69"", ""currency"": ""USD""}","[{""shippingCostType"": ""FIXED"", ""shippingCost"": {""value"": ""0.00"", ""currency"": ""USD""}, ""minEstimatedDeliveryDate"": ""2026-09-14T07:00:00.000Z"", ""maxEstimatedDeliveryDate"": ""2026-09-17T07:00:00.000Z""}]",,,PENDING_INDEPENDENT_HUMAN_REVIEW
D2-0696,8a2cce32-ad4f-4468-8a28-8a9ea9653365,9cc8f6b0-2c28-442b-bdd1-11cbd9a4068e,Leavanny,White Flare,89,illustration_rare,v1|327287554256|516061187875,POKEMON WHITE FLARE SV11W SET 2025 NEAR MINT YOU CHOOSE (yourdeckbuilder),,Ungraded,4000,[],"[""FIXED_PRICE""]",yourdeckbuilder,https://i.ebayimg.com/images/g/tf0AAeSwizZqa5J3/s-l225.jpg,https://www.ebay.com/itm/327287554256?_skw=Leavanny+89+White+Flare+Pokemon+card&var=516061187875&hash=item4c33dbc0d0:g:tf0AAeSwizZqa5J3,"{""value"": ""1.49"", ""currency"": ""USD""}","[{""shippingCostType"": ""FIXED"", ""shippingCost"": {""value"": ""0.00"", ""currency"": ""USD""}, ""minEstimatedDeliveryDate"": ""2026-09-14T07:00:00.000Z"", ""maxEstimatedDeliveryDate"": ""2026-09-17T07:00:00.000Z""}]",,,PENDING_INDEPENDENT_HUMAN_REVIEW
D2-0697,8a2cce32-ad4f-4468-8a28-8a9ea9653365,9cc8f6b0-2c28-442b-bdd1-11cbd9a4068e,Leavanny,White Flare,89,illustration_rare,v1|336437246785|545930823147,Pokemon TCG White Flare (WHT) - Mix & Match cards to save up to 50%!,,Ungraded,4000,[],"[""FIXED_PRICE""]",sigglecow,https://i.ebayimg.com/images/g/dloAAeSwKf9pkoRw/s-l225.jpg,https://www.ebay.com/itm/336437246785?_skw=Leavanny+89+White+Flare+Pokemon+card&var=545930823147&hash=item4e5538fb41:g:dloAAeSwKf9pkoRw,"{""value"": ""1.10"", ""currency"": ""USD""}","[{""shippingCostType"": ""CALCULATED"", ""shippingCost"": {""value"": ""0.40"", ""currency"": ""USD""}}]",,,PENDING_INDEPENDENT_HUMAN_REVIEW
D2-0698,8a2cce32-ad4f-4468-8a28-8a9ea9653365,9cc8f6b0-2c28-442b-bdd1-11cbd9a4068e,Leavanny,White Flare,89,illustration_rare,v1|298633107764|0,Leavanny 089/086 Illustration Rare IR Holo Pokemon White Flare CGC 10 GEM MINT,,Graded,2750,[],"[""FIXED_PRICE"", ""BEST_OFFER""]",wisewailmer,https://i.ebayimg.com/images/g/mQ0AAeSwKX9qgwuR/s-l225.jpg,https://www.ebay.com/itm/298633107764?_skw=Leavanny+89+White+Flare+Pokemon+card&hash=item4587eb9934:g:mQ0AAeSwKX9qgwuR&amdata=enc%3AAQALAAABAACCtXRWQnOEpyOqnQQ8KGbEGZVxc2Jpqc3X%2BOIkpimFIbXV6Tfhe%2BVxY0c18vvzHOFGTnPcG2IOq4a4paqp8v3pkEC7iJ9ec6%2BK8dHIfWX9Ed%2B3iEyJSOk%2FBXX0%2BC%2BZBKiTcjjXYrYiFuEPvwxyUPtrnmogYIg96uv3glKc2kVypjiN%2FqvHcl5Xxyg2jj0t1hELDatkXhsNuIZStu1XMg1x%2FO%2FvZeXnN%2BQycvpPvoRsaqpmh69sIO%2Fobqt35gehc88cqeRpbkWlluK8VjrfgZF1Hcry5xD%2Bq22lsXnkJg4De4Ij9DtYatMnpmvwivUw%2FVNVF4S16%2BPOozpgd2ET1AU%3D,"{""value"": ""95.00"", ""currency"": ""USD""}","[{""shippingCostType"": ""FIXED"", ""shippingCost"": {""value"": ""0.00"", ""currency"": ""USD""}, ""minEstimatedDeliveryDate"": ""2026-10-05T07:00:00.000Z"", ""maxEstimatedDeliveryDate"": ""2026-10-08T07:00:00.000Z""}]",,,PENDING_INDEPENDENT_HUMAN_REVIEW
D2-0699,8a2cce32-ad4f-4468-8a28-8a9ea9653365,9cc8f6b0-2c28-442b-bdd1-11cbd9a4068e,Leavanny,White Flare,89,illustration_rare,v1|178338335299|0,Leavanny 003/086 Uncommon White Flare Pokemon Reverse Holo Lightly Played,,Ungraded,4000,[],"[""FIXED_PRICE"", ""BEST_OFFER""]",greedentno5cards,https://i.ebayimg.com/images/g/xXoAAeSw3QFqYnGo/s-l225.jpg,https://www.ebay.com/itm/178338335299?_skw=Leavanny+89+White+Flare+Pokemon+card&hash=item2985cb0a43:g:xXoAAeSw3QFqYnGo,"{""value"": ""1.89"", ""currency"": ""USD""}","[{""shippingCostType"": ""FIXED"", ""shippingCost"": {""value"": ""0.00"", ""currency"": ""USD""}, ""minEstimatedDeliveryDate"": ""2026-09-15T07:00:00.000Z"", ""maxEstimatedDeliveryDate"": ""2026-09-21T07:00:00.000Z""}]",,,PENDING_INDEPENDENT_HUMAN_REVIEW
D2-0700,8a2cce32-ad4f-4468-8a28-8a9ea9653365,9cc8f6b0-2c28-442b-bdd1-11cbd9a4068e,Leavanny,White Flare,89,illustration_rare,v1|127872412234|0,Leavanny 003/086 Uncommon White Flare Pokemon Reverse Holo Near Mint,,Ungraded,4000,[],"[""FIXED_PRICE""]",atticfindsandcoins,https://i.ebayimg.com/images/g/o5sAAeSwr9dqC-yh/s-l225.jpg,https://www.ebay.com/itm/127872412234?_skw=Leavanny+89+White+Flare+Pokemon+card&hash=item1dc5ca2a4a:g:o5sAAeSwr9dqC-yh,"{""value"": ""1.00"", ""currency"": ""USD""}","[{""shippingCostType"": ""FIXED"", ""shippingCost"": {""value"": ""1.00"", ""currency"": ""USD""}, ""minEstimatedDeliveryDate"": ""2026-09-15T07:00:00.000Z"", ""maxEstimatedDeliveryDate"": ""2026-09-21T07:00:00.000Z""}]",,,PENDING_INDEPENDENT_HUMAN_REVIEW
D2-0701,8a2cce32-ad4f-4468-8a28-8a9ea9653365,9cc8f6b0-2c28-442b-bdd1-11cbd9a4068e,Leavanny,White Flare,89,illustration_rare,v1|127916544659|0,Leavanny 003/086 Uncommon White Flare Pokemon Reverse Holo Near Mint,,Ungraded,4000,[],"[""FIXED_PRICE""]",shop.snorlax,https://i.ebayimg.com/images/g/PakAAeSwXMpqKu5u/s-l225.jpg,https://www.ebay.com/itm/127916544659?_skw=Leavanny+89+White+Flare+Pokemon+card&hash=item1dc86b9293:g:PakAAeSwXMpqKu5u,"{""value"": ""1.79"", ""currency"": ""USD""}","[{""shippingCostType"": ""FIXED"", ""shippingCost"": {""value"": ""0.00"", ""currency"": ""USD""}, ""minEstimatedDeliveryDate"": ""2026-09-15T07:00:00.000Z"", ""maxEstimatedDeliveryDate"": ""2026-09-18T07:00:00.000Z""}]",,,PENDING_INDEPENDENT_HUMAN_REVIEW
D2-0702,8a2cce32-ad4f-4468-8a28-8a9ea9653365,9cc8f6b0-2c28-442b-bdd1-11cbd9a4068e,Leavanny,White Flare,89,illustration_rare,v1|127979051451|0,Leavanny 003/086 Uncommon White Flare Pokemon Reverse Holo Near Mint,,Ungraded,4000,[],"[""FIXED_PRICE""]",doodersfinds,https://i.ebayimg.com/images/g/P~wAAeSw7aZp5F7w/s-l225.jpg,https://www.ebay.com/itm/127979051451?_skw=Leavanny+89+White+Flare+Pokemon+card&hash=item1dcc2559bb:g:P~wAAeSw7aZp5F7w,"{""value"": ""1.79"", ""currency"": ""USD""}","[{""shippingCostType"": ""FIXED"", ""shippingCost"": {""value"": ""0.00"", ""currency"": ""USD""}, ""minEstimatedDeliveryDate"": ""2026-09-16T07:00:00.000Z"", ""maxEstimatedDeliveryDate"": ""2026-09-23T07:00:00.000Z""}]",,,PENDING_INDEPENDENT_HUMAN_REVIEW
D2-0703,8a2cce32-ad4f-4468-8a28-8a9ea9653365,9cc8f6b0-2c28-442b-bdd1-11cbd9a4068e,Leavanny,White Flare,89,illustration_rare,v1|128069147842|0,Leavanny 003/086 Uncommon White Flare Pokemon Reverse Holo Near Mint,,Ungraded,4000,[],"[""FIXED_PRICE"", ""BEST_OFFER""]",r-technology,https://i.ebayimg.com/images/g/0-IAAeSwuyRqoE1r/s-l225.jpg,https://www.ebay.com/itm/128069147842?_skw=Leavanny+89+White+Flare+Pokemon+card&hash=item1dd1841cc2:g:0-IAAeSwuyRqoE1r,"{""value"": ""1.79"", ""currency"": ""USD""}","[{""shippingCostType"": ""FIXED"", ""shippingCost"": {""value"": ""0.00"", ""currency"": ""USD""}, ""minEstimatedDeliveryDate"": ""2026-09-15T07:00:00.000Z"", ""maxEstimatedDeliveryDate"": ""2026-09-21T07:00:00.000Z""}]",,,PENDING_INDEPENDENT_HUMAN_REVIEW
D2-0704,8a2cce32-ad4f-4468-8a28-8a9ea9653365,9cc8f6b0-2c28-442b-bdd1-11cbd9a4068e,Leavanny,White Flare,89,illustration_rare,v1|137641487462|0,Leavanny 003/086 Uncommon White Flare Pokemon Reverse Holo Near Mint,,Ungraded,4000,[],"[""FIXED_PRICE""]",samscollectablespnw,https://i.ebayimg.com/images/g/~PwAAeSw94Nqhlrh/s-l225.jpg,https://www.ebay.com/itm/137641487462?_skw=Leavanny+89+White+Flare+Pokemon+card&hash=item200c126c66:g:~PwAAeSw94Nqhlrh,"{""value"": ""1.99"", ""currency"": ""USD""}","[{""shippingCostType"": ""FIXED"", ""shippingCost"": {""value"": ""0.00"", ""currency"": ""USD""}, ""minEstimatedDeliveryDate"": ""2026-09-15T07:00:00.000Z"", ""maxEstimatedDeliveryDate"": ""2026-09-18T07:00:00.000Z""}]",,,PENDING_INDEPENDENT_HUMAN_REVIEW
D2-0705,8a2cce32-ad4f-4468-8a28-8a9ea9653365,9cc8f6b0-2c28-442b-bdd1-11cbd9a4068e,Leavanny,White Flare,89,illustration_rare,v1|137723275346|0,Leavanny 003/086 Uncommon White Flare Pokemon Reverse Holo Near Mint,,Ungraded,4000,[],"[""FIXED_PRICE""]",samscollectablespnw,https://i.ebayimg.com/images/g/0mcAAeSwp9Fqo1IJ/s-l225.jpg,https://www.ebay.com/itm/137723275346?_skw=Leavanny+89+White+Flare+Pokemon+card&hash=item2010f26852:g:0mcAAeSwp9Fqo1IJ,"{""value"": ""1.99"", ""currency"": ""USD""}","[{""shippingCostType"": ""FIXED"", ""shippingCost"": {""value"": ""0.00"", ""currency"": ""USD""}, ""minEstimatedDeliveryDate"": ""2026-09-15T07:00:00.000Z"", ""maxEstimatedDeliveryDate"": ""2026-09-18T07:00:00.000Z""}]",,,PENDING_INDEPENDENT_HUMAN_REVIEW
D2-0706,966bcb61-bf43-4cd7-8287-42f4bb9fa76d,9d636c4c-055f-4e85-b5ef-64675007d904,Leafeon ex,Prismatic Evolutions,144,special_illustration_rare,v1|127637518527|0,Leafeon ex 144/131 Pokemon SV: Prismatic Evolutions NM Special Illustration Rare,,Ungraded,4000,[],"[""FIXED_PRICE"", ""BEST_OFFER""]",dheader,https://i.ebayimg.com/images/g/lsEAAeSwieZqh1j~/s-l225.jpg,https://www.ebay.com/itm/127637518527?_skw=Leafeon+ex+144+Prismatic+Evolutions+Pokemon+card&hash=item1db7c9f8bf:g:lsEAAeSwieZqh1j~,"{""value"": ""319.99"", ""currency"": ""USD""}","[{""shippingCostType"": ""FIXED"", ""shippingCost"": {""value"": ""0.00"", ""currency"": ""USD""}, ""minEstimatedDeliveryDate"": ""2026-09-15T07:00:00.000Z"", ""maxEstimatedDeliveryDate"": ""2026-09-21T07:00:00.000Z""}]",,,PENDING_INDEPENDENT_HUMAN_REVIEW
D2-0707,966bcb61-bf43-4cd7-8287-42f4bb9fa76d,9d636c4c-055f-4e85-b5ef-64675007d904,Leafeon ex,Prismatic Evolutions,144,special_illustration_rare,v1|128039774389|0,2025 Pokemon SV Prismatic Evolutions 144/131 Leafeon EX SIR TAG 10,,Graded,2750,[],"[""FIXED_PRICE"", ""BEST_OFFER""]",dtigers214,https://i.ebayimg.com/images/g/0ugAAeSwuxVqii0d/s-l225.jpg,https://www.ebay.com/itm/128039774389?_skw=Leafeon+ex+144+Prismatic+Evolutions+Pokemon+card&hash=item1dcfc3e8b5:g:0ugAAeSwuxVqii0d,"{""value"": ""775.00"", ""currency"": ""USD""}","[{""shippingCostType"": ""FIXED"", ""shippingCost"": {""value"": ""5.75"", ""currency"": ""USD""}, ""minEstimatedDeliveryDate"": ""2026-09-14T07:00:00.000Z"", ""maxEstimatedDeliveryDate"": ""2026-09-16T07:00:00.000Z""}]",,,PENDING_INDEPENDENT_HUMAN_REVIEW
D2-0708,966bcb61-bf43-4cd7-8287-42f4bb9fa76d,9d636c4c-055f-4e85-b5ef-64675007d904,Leafeon ex,Prismatic Evolutions,144,special_illustration_rare,v1|128063949472|0,Leafeon ex 144/131 Sv: Prismatic Evolutions SIR Full Art Holo English 2025,,Ungraded,4000,[],"[""FIXED_PRICE"", ""AUCTION""]",awywyzkosk0,https://i.ebayimg.com/images/g/cMcAAeSwgW9qidYW/s-l225.jpg,https://www.ebay.com/itm/128063949472?_skw=Leafeon+ex+144+Prismatic+Evolutions+Pokemon+card&hash=item1dd134caa0:g:cMcAAeSwgW9qidYW,"{""value"": ""420.00"", ""currency"": ""USD""}","[{""shippingCostType"": ""CALCULATED""}]",,,PENDING_INDEPENDENT_HUMAN_REVIEW
D2-0709,966bcb61-bf43-4cd7-8287-42f4bb9fa76d,9d636c4c-055f-4e85-b5ef-64675007d904,Leafeon ex,Prismatic Evolutions,144,special_illustration_rare,v1|146346586797|0,Leafeon EX  144/131 PRISMATIC EVOLUTION,,Ungraded,4000,[],"[""FIXED_PRICE"", ""BEST_OFFER""]",honzi98,https://i.ebayimg.com/images/g/UnYAAOSwTVRnkWR1/s-l225.jpg,https://www.ebay.com/itm/146346586797?_skw=Leafeon+ex+144+Prismatic+Evolutions+Pokemon+card&hash=item2212efb2ad:g:UnYAAOSwTVRnkWR1,"{""value"": ""400.00"", ""currency"": ""USD""}","[{""shippingCostType"": ""FIXED"", ""shippingCost"": {""value"": ""5.00"", ""currency"": ""USD""}, ""minEstimatedDeliveryDate"": ""2026-09-21T07:00:00.000Z"", ""maxEstimatedDeliveryDate"": ""2026-10-08T07:00:00.000Z""}]",,,PENDING_INDEPENDENT_HUMAN_REVIEW
D2-0710,966bcb61-bf43-4cd7-8287-42f4bb9fa76d,9d636c4c-055f-4e85-b5ef-64675007d904,Leafeon ex,Prismatic Evolutions,144,special_illustration_rare,v1|398359405468|0,Leafeon ex Holofoil NM[PRE - 144/131],,Ungraded,4000,[],"[""FIXED_PRICE"", ""BEST_OFFER""]",brendan_75,https://i.ebayimg.com/images/g/8KoAAeSwaGNqmwHm/s-l225.jpg,https://www.ebay.com/itm/398359405468?_skw=Leafeon+ex+144+Prismatic+Evolutions+Pokemon+card&hash=item5cc012239c:g:8KoAAeSwaGNqmwHm,"{""value"": ""340.14"", ""currency"": ""USD""}","[{""shippingCostType"": ""FIXED"", ""shippingCost"": {""value"": ""0.00"", ""currency"": ""USD""}, ""minEstimatedDeliveryDate"": ""2026-09-15T07:00:00.000Z"", ""maxEstimatedDeliveryDate"": ""2026-09-18T07:00:00.000Z""}]",,,PENDING_INDEPENDENT_HUMAN_REVIEW
D2-0711,966bcb61-bf43-4cd7-8287-42f4bb9fa76d,9d636c4c-055f-4e85-b5ef-64675007d904,Leafeon ex,Prismatic Evolutions,144,special_illustration_rare,v1|156750664346|458979899493,Pokemon Prismatic Evolutions: Choose Your Card! Reverse Holo/Holo EX Full Art NM,,Ungraded,4000,[],"[""FIXED_PRICE""]",overstackedcards,https://i.ebayimg.com/images/g/fgwAAeSwIl9pLRhg/s-l225.jpg,https://www.ebay.com/itm/156750664346?_skw=Leafeon+ex+144+Prismatic+Evolutions+Pokemon+card&hash=item247f11529a:g:fgwAAeSwIl9pLRhg,"{""value"": ""379.99"", ""currency"": ""USD""}","[{""shippingCostType"": ""FIXED"", ""shippingCost"": {""value"": ""0.00"", ""currency"": ""USD""}, ""minEstimatedDeliveryDate"": ""2026-09-15T07:00:00.000Z"", ""maxEstimatedDeliveryDate"": ""2026-09-18T07:00:00.000Z""}]",,,PENDING_INDEPENDENT_HUMAN_REVIEW
D2-0712,966bcb61-bf43-4cd7-8287-42f4bb9fa76d,9d636c4c-055f-4e85-b5ef-64675007d904,Leafeon ex,Prismatic Evolutions,144,special_illustration_rare,v1|117387012355|0,Pokemon - Leafeon ex 144/131 Prismatic Evolutions SIR PSA 9,,Graded,2750,[],"[""FIXED_PRICE""]",chakochan5,https://i.ebayimg.com/images/g/-zoAAeSw0jpqlK~S/s-l225.jpg,https://www.ebay.com/itm/117387012355?_skw=Leafeon+ex+144+Prismatic+Evolutions+Pokemon+card&hash=item1b54cfa903:g:-zoAAeSw0jpqlK~S,"{""value"": ""349.99"", ""currency"": ""USD""}","[{""shippingCostType"": ""CALCULATED""}]",,,PENDING_INDEPENDENT_HUMAN_REVIEW
D2-0713,966bcb61-bf43-4cd7-8287-42f4bb9fa76d,9d636c4c-055f-4e85-b5ef-64675007d904,Leafeon ex,Prismatic Evolutions,144,special_illustration_rare,v1|147164702973|0,Leafeon EX SIR 144/131 Prismatic Evolutions Extended Art Case No card,,Ungraded,4000,[],"[""FIXED_PRICE""]",blackglovestcg,https://i.ebayimg.com/images/g/7ssAAeSwdW5pmV45/s-l225.jpg,https://www.ebay.com/itm/147164702973?_skw=Leafeon+ex+144+Prismatic+Evolutions+Pokemon+card&hash=item2243b328fd:g:7ssAAeSwdW5pmV45,"{""value"": ""20.00"", ""currency"": ""USD""}","[{""shippingCostType"": ""CALCULATED""}]",,,PENDING_INDEPENDENT_HUMAN_REVIEW
D2-0714,966bcb61-bf43-4cd7-8287-42f4bb9fa76d,9d636c4c-055f-4e85-b5ef-64675007d904,Leafeon ex,Prismatic Evolutions,144,special_illustration_rare,v1|128069297559|0,Leafeon ex 144/131 Sv: Prismatic Evolutions Holo,,Graded,2750,[],"[""AUCTION"", ""BEST_OFFER""]",jo_240125,https://i.ebayimg.com/images/g/cPoAAeSw-TtqoG8Z/s-l225.jpg,https://www.ebay.com/itm/128069297559?_skw=Leafeon+ex+144+Prismatic+Evolutions+Pokemon+card&hash=item1dd1866597:g:cPoAAeSw-TtqoG8Z,{},"[{""shippingCostType"": ""FIXED"", ""shippingCost"": {""value"": ""5.99"", ""currency"": ""USD""}, ""minEstimatedDeliveryDate"": ""2026-09-22T07:00:00.000Z"", ""maxEstimatedDeliveryDate"": ""2026-09-28T07:00:00.000Z""}]",,,PENDING_INDEPENDENT_HUMAN_REVIEW
D2-0715,966bcb61-bf43-4cd7-8287-42f4bb9fa76d,9d636c4c-055f-4e85-b5ef-64675007d904,Leafeon ex,Prismatic Evolutions,144,special_illustration_rare,v1|128074278974|0,Leafeon ex 144/131 Holo Special Illustration Rare SV: Prismatic Evolutions NM,,Ungraded,4000,[],"[""FIXED_PRICE"", ""BEST_OFFER""]",buy_my_crap84,https://i.ebayimg.com/images/g/cWEAAeSwyXtqpDZw/s-l225.jpg,https://www.ebay.com/itm/128074278974?_skw=Leafeon+ex+144+Prismatic+Evolutions+Pokemon+card&hash=item1dd1d2683e:g:cWEAAeSwyXtqpDZw&amdata=enc%3AAQALAAABEACCtXRWQnOEpyOqnQQ8KGaQnKmnR0%2Ffl4W1vyRIq0JV8QkceIKV5p9vJ1Q%2BOWVvOfp35yOtvNKmyZa8rbdyHXox6%2F5ZoUbEsT7S1f2u2lLOeJYe0LxXC5H2GIfslvc75rm84vKg3JKozOx0kJatcpQHaENilKryplqnV%2F4BW8YVa%2BLfmIU0mtTPwLSg2xGGVExwea3IsLFZz4l0ZUjQXqBkESxGPx1mlph%2BXIL6o2011vERVhorUynWaKu0oDlknQ3uh5HwJ6YOpOtsQtSIz9dEM%2BGXjvMfWHpqGDZ0FyLTuAaHa7%2BZr7glQWy8vcChmIbYIB2je8AKr3lDPkOuiIzDUrLhoNPBKyIZa2miqTZ6,"{""value"": ""339.99"", ""currency"": ""USD""}","[{""shippingCostType"": ""FIXED"", ""shippingCost"": {""value"": ""0.00"", ""currency"": ""USD""}, ""minEstimatedDeliveryDate"": ""2026-09-18T07:00:00.000Z"", ""maxEstimatedDeliveryDate"": ""2026-09-24T07:00:00.000Z""}]",,,PENDING_INDEPENDENT_HUMAN_REVIEW
D2-0716,966bcb61-bf43-4cd7-8287-42f4bb9fa76d,9d636c4c-055f-4e85-b5ef-64675007d904,Leafeon ex,Prismatic Evolutions,144,special_illustration_rare,v1|137632425342|0,PSA10 💎🔥Leafeon Prismatic Evolutions Sir 144/131,,Graded,2750,[],"[""FIXED_PRICE"", ""BEST_OFFER""]",roadrunnerbro,https://i.ebayimg.com/images/g/pfwAAeSwYspqg0Id/s-l225.jpg,https://www.ebay.com/itm/137632425342?_skw=Leafeon+ex+144+Prismatic+Evolutions+Pokemon+card&hash=item200b88257e:g:pfwAAeSwYspqg0Id&amdata=enc%3AAQALAAABEACCtXRWQnOEpyOqnQQ8KGa5vsWw0cf%2FLmmLxWoStGOxkknbfEsDnO%2Fw5j1MnQErtrwUQrKEd6pFn4g6Mhp85ZR9UgLMz8vNFQaa0x1wW9B1s2bCUPoswYzKchUTDBUlomO3WHm39svXENX4Ln4QVFz8IKjs46mFucKSWbWS7CAIfb5iC7MB2Aa2Bx8NwZAP18eLWEKB7WjgWUKt%2B%2Fkdme6cEMznHgdxfZFDC5nMn46wgYkh1GzrcOHnW1njaN10objCDr79CQEUHak04FxL9xiNF4u96oC71J3F4RnIhtbcPlkK4T4sw%2Fo0Ku%2Fxrt5DselDQwGl5uFSk4maGOiq1k3RMYirgOQlktV94X13UbJ7,"{""value"": ""1200.00"", ""currency"": ""USD""}","[{""shippingCostType"": ""FIXED"", ""shippingCost"": {""value"": ""0.00"", ""currency"": ""USD""}, ""minEstimatedDeliveryDate"": ""2026-09-16T07:00:00.000Z"", ""maxEstimatedDeliveryDate"": ""2026-09-22T07:00:00.000Z""}]",,,PENDING_INDEPENDENT_HUMAN_REVIEW
D2-0717,966bcb61-bf43-4cd7-8287-42f4bb9fa76d,9d636c4c-055f-4e85-b5ef-64675007d904,Leafeon ex,Prismatic Evolutions,144,special_illustration_rare,v1|147480943402|0,PSA 9 MINT Leafeon ex 144/131 Sv: Prismatic Evolutions Holo,,Graded,2750,[],"[""FIXED_PRICE"", ""BEST_OFFER""]",blackbeartcg,https://i.ebayimg.com/images/g/IDEAAeSwMndqcOyb/s-l225.jpg,https://www.ebay.com/itm/147480943402?_skw=Leafeon+ex+144+Prismatic+Evolutions+Pokemon+card&hash=item22568c9b2a:g:IDEAAeSwMndqcOyb,"{""value"": ""314.99"", ""currency"": ""USD""}","[{""shippingCostType"": ""CALCULATED""}]",,,PENDING_INDEPENDENT_HUMAN_REVIEW
D2-0718,966bcb61-bf43-4cd7-8287-42f4bb9fa76d,9d636c4c-055f-4e85-b5ef-64675007d904,Leafeon ex,Prismatic Evolutions,144,special_illustration_rare,v1|147522547928|0,Pokémon TCG Leafeon EX 144/131 Prismatic Evolutions,,Ungraded,4000,[],"[""FIXED_PRICE""]",mr._chickens_card_shack,https://i.ebayimg.com/images/g/TLUAAeSwSHBqi0SG/s-l225.jpg,https://www.ebay.com/itm/147522547928?_skw=Leafeon+ex+144+Prismatic+Evolutions+Pokemon+card&hash=item22590770d8:g:TLUAAeSwSHBqi0SG,"{""value"": ""329.99"", ""currency"": ""USD""}","[{""shippingCostType"": ""CALCULATED""}]",,,PENDING_INDEPENDENT_HUMAN_REVIEW
D2-0719,966bcb61-bf43-4cd7-8287-42f4bb9fa76d,9d636c4c-055f-4e85-b5ef-64675007d904,Leafeon ex,Prismatic Evolutions,144,special_illustration_rare,v1|147559590686|0,Pokemon Prismatic Evolutions Leafeon ex SIR Holo 144/131 PSA 10,,Graded,2750,[],"[""AUCTION""]",montie343,https://i.ebayimg.com/images/g/uD4AAeSwcXFqkCum/s-l225.jpg,https://www.ebay.com/itm/147559590686?_skw=Leafeon+ex+144+Prismatic+Evolutions+Pokemon+card&hash=item225b3cab1e:g:uD4AAeSwcXFqkCum,{},"[{""shippingCostType"": ""CALCULATED""}]",,,PENDING_INDEPENDENT_HUMAN_REVIEW
D2-0720,966bcb61-bf43-4cd7-8287-42f4bb9fa76d,9d636c4c-055f-4e85-b5ef-64675007d904,Leafeon ex,Prismatic Evolutions,144,special_illustration_rare,v1|157701784286|0,Leafeon EX SIR 144/131 Prismatic Evolutions Extended Art Case,,Ungraded,4000,[],"[""FIXED_PRICE""]",outback_originals,https://i.ebayimg.com/images/g/kAgAAeSwoSBpnBS0/s-l225.jpg,https://www.ebay.com/itm/157701784286?_skw=Leafeon+ex+144+Prismatic+Evolutions+Pokemon+card&hash=item24b7c242de:g:kAgAAeSwoSBpnBS0,"{""value"": ""12.00"", ""currency"": ""USD""}","[{""shippingCostType"": ""FIXED"", ""shippingCost"": {""value"": ""5.00"", ""currency"": ""USD""}, ""minEstimatedDeliveryDate"": ""2026-09-15T07:00:00.000Z"", ""maxEstimatedDeliveryDate"": ""2026-09-18T07:00:00.000Z""}]",,,PENDING_INDEPENDENT_HUMAN_REVIEW
D2-0721,97165c7e-1d85-4962-807e-5661c2115d7d,b592d276-ceb3-4a5e-90d5-d759808b7da3,Furret,Journey Together,168,illustration_rare,v1|117395137697|0,Furret #168/159 Pokemon TCG JTG: SV09: Journey Together Illustration Rare Holo N,,Ungraded,4000,[],"[""FIXED_PRICE""]",beasers_closet,https://i.ebayimg.com/images/g/Mv0AAeSwhVlqmpoc/s-l225.jpg,https://www.ebay.com/itm/117395137697?_skw=Furret+168+Journey+Together+Pokemon+card&hash=item1b554ba4a1:g:Mv0AAeSwhVlqmpoc,"{""value"": ""9.90"", ""currency"": ""USD""}","[{""shippingCostType"": ""CALCULATED""}]",,,PENDING_INDEPENDENT_HUMAN_REVIEW
D2-0722,97165c7e-1d85-4962-807e-5661c2115d7d,b592d276-ceb3-4a5e-90d5-d759808b7da3,Furret,Journey Together,168,illustration_rare,v1|128054530286|0,Furret 168/159 SV Journey Together Illustration Rare Pokemon Card - NM,,Ungraded,4000,[],"[""FIXED_PRICE""]",swibbycards,https://i.ebayimg.com/images/g/9eoAAeSwoxhqlhf~/s-l225.jpg,https://www.ebay.com/itm/128054530286?_skw=Furret+168+Journey+Together+Pokemon+card&hash=item1dd0a510ee:g:9eoAAeSwoxhqlhf~,"{""value"": ""11.51"", ""currency"": ""USD""}","[{""shippingCostType"": ""FIXED"", ""shippingCost"": {""value"": ""0.00"", ""currency"": ""USD""}, ""minEstimatedDeliveryDate"": ""2026-09-15T07:00:00.000Z"", ""maxEstimatedDeliveryDate"": ""2026-09-18T07:00:00.000Z""}]",,,PENDING_INDEPENDENT_HUMAN_REVIEW
D2-0723,97165c7e-1d85-4962-807e-5661c2115d7d,b592d276-ceb3-4a5e-90d5-d759808b7da3,Furret,Journey Together,168,illustration_rare,v1|128066038218|0,Furret Illustration Rare 168/159 Journey Together Pokemon TCG English,,Ungraded,4000,[],"[""FIXED_PRICE""]",chomphouse,https://i.ebayimg.com/images/g/h~AAAeSwuQtqnejS/s-l225.jpg,https://www.ebay.com/itm/128066038218?_skw=Furret+168+Journey+Together+Pokemon+card&hash=item1dd154a9ca:g:h~AAAeSwuQtqnejS,"{""value"": ""9.50"", ""currency"": ""USD""}","[{""shippingCostType"": ""FIXED"", ""shippingCost"": {""value"": ""0.00"", ""currency"": ""USD""}, ""minEstimatedDeliveryDate"": ""2026-09-15T07:00:00.000Z"", ""maxEstimatedDeliveryDate"": ""2026-09-21T07:00:00.000Z""}]",,,PENDING_INDEPENDENT_HUMAN_REVIEW
D2-0724,97165c7e-1d85-4962-807e-5661c2115d7d,b592d276-ceb3-4a5e-90d5-d759808b7da3,Furret,Journey Together,168,illustration_rare,v1|227465239476|526683585570,Pokemon Trading Card Scarlet & Violet/Mega Illustration Rare: Choose Your Card,,Ungraded,4000,[],"[""FIXED_PRICE""]",calebdann1,https://i.ebayimg.com/images/g/3MYAAeSwiodqdPo7/s-l225.jpg,https://www.ebay.com/itm/227465239476?_skw=Furret+168+Journey+Together+Pokemon+card&hash=item34f5fc1bb4:g:3MYAAeSwiodqdPo7,"{""value"": ""11.99"", ""currency"": ""USD""}","[{""shippingCostType"": ""CALCULATED""}]",,,PENDING_INDEPENDENT_HUMAN_REVIEW
D2-0725,97165c7e-1d85-4962-807e-5661c2115d7d,b592d276-ceb3-4a5e-90d5-d759808b7da3,Furret,Journey Together,168,illustration_rare,v1|158133989140|0,2025 Pokémon JTG EN Journey Together Furret #168 Illustration Rare PSA 9,,Graded,2750,[],"[""FIXED_PRICE"", ""BEST_OFFER""]",jpscollectablesny,https://i.ebayimg.com/images/g/-K4AAeSwRg9o2fBO/s-l225.jpg,https://www.ebay.com/itm/158133989140?_skw=Furret+168+Journey+Together+Pokemon+card&hash=item24d1852f14:g:-K4AAeSwRg9o2fBO&amdata=enc%3AAQALAAABAACCtXRWQnOEpyOqnQQ8KGbgOhgzoYXoMAvBj75gpM0oLG5sLvB%2FBRUCHmM%2B8m9HTc9It9XMTV%2F9PUD%2FeZkZFzhk9ENIpPA4ZwKp6Al4OHskpz%2B3DbjGtN4a%2BnteHuL5UkgujF%2BgNAEYTWjnvOymdN0lCo4yNti4shxhMH1EjCY7Ss9fmcME1%2BguWwilDx9ceac%2FKkzuIoM2C9z%2FhFa7dS7IYSTEPYcQ2CXCGQ5ECF9yMWuPF%2BFRWtHOtBAwjnAbLS6JNlBYYl291r1DNeooEweyWOCoupS4mxaxp49K%2FJ%2BmGfzyZboUyqHa56aLGjInJ5M5UtiMB6lsCwfGjGjF%2BVM%3D,"{""value"": ""40.00"", ""currency"": ""USD""}","[{""shippingCostType"": ""CALCULATED""}]",,,PENDING_INDEPENDENT_HUMAN_REVIEW
D2-0726,97165c7e-1d85-4962-807e-5661c2115d7d,b592d276-ceb3-4a5e-90d5-d759808b7da3,Furret,Journey Together,168,illustration_rare,v1|226653247489|0,Pokemon Furret 168/159 Journey Together Extended Art Custom Case,,Ungraded,4000,[],"[""FIXED_PRICE""]",dragarious,https://i.ebayimg.com/images/g/aKwAAeSwkBdo3~OH/s-l225.jpg,https://www.ebay.com/itm/226653247489?_skw=Furret+168+Journey+Together+Pokemon+card&hash=item34c5961801:g:aKwAAeSwkBdo3~OH&amdata=enc%3AAQALAAABAACCtXRWQnOEpyOqnQQ8KGaWVieiM%2F8yKaZ9N6QXhtxmXM2wDB0hNqtI0jxkevs2loKy9bTvs5uBv1RrTsACkF6QKYEESHPWhFmPWaCxHyVocioZnjFKxbJO35ZrhdkHCAP9N6hKvtWc1ZaSuIB0RavuXG6Hojtc424h%2F2eRoIKbNdll6%2BydQuHB3E9sLnK6%2BU9peC88mcYxf3gIZE7tWE0IGjwUS1vHTa7HGSiRE%2BLAc6b8mDDydB0mBapjcGvjK6dHxa%2FLKNvW0pqTaTL%2BPCdRZkj%2FGTx7n2WciVX0YXtXm6lYVQTqk3%2BPiMVpSVxDKW0fmY%2B8dlfAXm0XCnbQcqc%3D,"{""value"": ""12.00"", ""currency"": ""USD""}","[{""shippingCostType"": ""CALCULATED""}]",,,PENDING_INDEPENDENT_HUMAN_REVIEW
D2-0727,97165c7e-1d85-4962-807e-5661c2115d7d,b592d276-ceb3-4a5e-90d5-d759808b7da3,Furret,Journey Together,168,illustration_rare,v1|128066310938|0,Furret 168/159 Illustration Rare Journey Together Pokemon Holo Near Mint,,Ungraded,4000,[],"[""FIXED_PRICE""]",zenvault_00,https://i.ebayimg.com/images/g/UJUAAeSwy-ZqniTR/s-l225.jpg,https://www.ebay.com/itm/128066310938?_skw=Furret+168+Journey+Together+Pokemon+card&hash=item1dd158d31a:g:UJUAAeSwy-ZqniTR,"{""value"": ""11.49"", ""currency"": ""USD""}","[{""shippingCostType"": ""FIXED"", ""shippingCost"": {""value"": ""0.00"", ""currency"": ""USD""}, ""minEstimatedDeliveryDate"": ""2026-09-26T07:00:00.000Z"", ""maxEstimatedDeliveryDate"": ""2026-10-07T07:00:00.000Z""}]",,,PENDING_INDEPENDENT_HUMAN_REVIEW
D2-0728,97165c7e-1d85-4962-807e-5661c2115d7d,b592d276-ceb3-4a5e-90d5-d759808b7da3,Furret,Journey Together,168,illustration_rare,v1|128072654314|0,The Pokémon Company Furret Sv09 Journey Together IR 168/159 Full Art Holo EN,,Ungraded,4000,[],"[""FIXED_PRICE"", ""BEST_OFFER""]",theadfam_0,https://i.ebayimg.com/images/g/RU0AAeSwl2dqovbd/s-l225.jpg,https://www.ebay.com/itm/128072654314?_skw=Furret+168+Journey+Together+Pokemon+card&hash=item1dd1b99dea:g:RU0AAeSwl2dqovbd&amdata=enc%3AAQALAAABAACCtXRWQnOEpyOqnQQ8KGZ1TTyYYNm59NsZbwYkk9%2FeLaa4kU0ODadXRn%2BaPfTj4w3tX9GWas4xb2BJW0Zm8aT9lCrgscTgTfoq07paXrA9ffccRMq4HGM%2B1t8g17kZ7Ti%2FSR96j1gV5uwj0qBX9NLVgZc1K8E3D4sTyBWBDiJrBADjy3CPDfAIYwENO6H5BswqQXdtF8oOxZMk%2BxOHxYqCV%2BiIiZtSF7HOxjuu6CgpAS5ayTw9VRWiJuSIwoIH0llt7QOL3sCB5SjVvjl9171Zdg0qZ8P13rW5yxRHz%2BjhO7imirKnOXgo%2BO29YdjXiusfvjTVAb4%2FHtv5BULjvZs%3D,"{""value"": ""9.00"", ""currency"": ""USD""}","[{""shippingCostType"": ""CALCULATED""}]",,,PENDING_INDEPENDENT_HUMAN_REVIEW
D2-0729,97165c7e-1d85-4962-807e-5661c2115d7d,b592d276-ceb3-4a5e-90d5-d759808b7da3,Furret,Journey Together,168,illustration_rare,v1|137526089925|0,Furret - Holo 168/159 NM SV09: Journey Together Pokemon Card,,Ungraded,4000,[],"[""FIXED_PRICE""]",pntpoke,https://i.ebayimg.com/images/g/hZgAAeSw0hNqf33v/s-l225.jpg,https://www.ebay.com/itm/137526089925?_skw=Furret+168+Journey+Together+Pokemon+card&hash=item20053198c5:g:hZgAAeSw0hNqf33v,"{""value"": ""11.00"", ""currency"": ""USD""}","[{""shippingCostType"": ""FIXED"", ""shippingCost"": {""value"": ""0.00"", ""currency"": ""USD""}, ""minEstimatedDeliveryDate"": ""2026-09-15T07:00:00.000Z"", ""maxEstimatedDeliveryDate"": ""2026-09-19T07:00:00.000Z""}]",,,PENDING_INDEPENDENT_HUMAN_REVIEW
D2-0730,97165c7e-1d85-4962-807e-5661c2115d7d,b592d276-ceb3-4a5e-90d5-d759808b7da3,Furret,Journey Together,168,illustration_rare,v1|137567362929|0,Furret 168/159 S&V Journey Together Illustration Rare Holo Pokemon Card - NM,,Ungraded,4000,[],"[""FIXED_PRICE"", ""BEST_OFFER""]",ski313cards,https://i.ebayimg.com/images/g/xuwAAeSw75Zqa2Jo/s-l225.jpg,https://www.ebay.com/itm/137567362929?_skw=Furret+168+Journey+Together+Pokemon+card&hash=item2007a75f71:g:xuwAAeSw75Zqa2Jo,"{""value"": ""10.00"", ""currency"": ""USD""}","[{""shippingCostType"": ""CALCULATED""}]",,,PENDING_INDEPENDENT_HUMAN_REVIEW
D2-0731,97165c7e-1d85-4962-807e-5661c2115d7d,b592d276-ceb3-4a5e-90d5-d759808b7da3,Furret,Journey Together,168,illustration_rare,v1|137582381124|0,Pokemon English TCG Card JTG EN Journey Together Furret 168/159 Full Art,,Ungraded,4000,[],"[""FIXED_PRICE""]",jarvom,https://i.ebayimg.com/images/g/JKAAAeSwrhBqcP1f/s-l225.jpg,https://www.ebay.com/itm/137582381124?_skw=Furret+168+Journey+Together+Pokemon+card&hash=item20088c8844:g:JKAAAeSwrhBqcP1f,"{""value"": ""10.00"", ""currency"": ""USD""}","[{""shippingCostType"": ""FIXED"", ""shippingCost"": {""value"": ""0.00"", ""currency"": ""USD""}, ""minEstimatedDeliveryDate"": ""2026-09-15T07:00:00.000Z"", ""maxEstimatedDeliveryDate"": ""2026-09-21T07:00:00.000Z""}]",,,PENDING_INDEPENDENT_HUMAN_REVIEW
D2-0732,97165c7e-1d85-4962-807e-5661c2115d7d,b592d276-ceb3-4a5e-90d5-d759808b7da3,Furret,Journey Together,168,illustration_rare,v1|137723447461|0,Pokemon TCG Card Furret 168/159 Journey Together Illustration Rare - NM,,Ungraded,4000,[],"[""AUCTION""]",thriftytease,https://i.ebayimg.com/images/g/qigAAeSwPP9qo2Zq/s-l225.jpg,https://www.ebay.com/itm/137723447461?_skw=Furret+168+Journey+Together+Pokemon+card&hash=item2010f508a5:g:qigAAeSwPP9qo2Zq,{},"[{""shippingCostType"": ""CALCULATED""}]",,,PENDING_INDEPENDENT_HUMAN_REVIEW
D2-0733,97165c7e-1d85-4962-807e-5661c2115d7d,b592d276-ceb3-4a5e-90d5-d759808b7da3,Furret,Journey Together,168,illustration_rare,v1|147566474443|0,Furret 168/159 Sv09: Journey Together Holo NM,,Ungraded,4000,[],"[""AUCTION""]",blackbeartcg,https://i.ebayimg.com/images/g/RX4AAeSweGhqpDMg/s-l225.jpg,https://www.ebay.com/itm/147566474443?_skw=Furret+168+Journey+Together+Pokemon+card&hash=item225ba5b4cb:g:RX4AAeSweGhqpDMg,{},"[{""shippingCostType"": ""CALCULATED""}]",,,PENDING_INDEPENDENT_HUMAN_REVIEW
D2-0734,97165c7e-1d85-4962-807e-5661c2115d7d,b592d276-ceb3-4a5e-90d5-d759808b7da3,Furret,Journey Together,168,illustration_rare,v1|158240745395|0,2025 Pokemon Journey Together Furret 168/159 IR NM (Read Description),,Ungraded,4000,[],"[""FIXED_PRICE""]",lockman101,https://i.ebayimg.com/images/g/PNEAAeSwVf1qlLCr/s-l225.jpg,https://www.ebay.com/itm/158240745395?_skw=Furret+168+Journey+Together+Pokemon+card&hash=item24d7e227b3:g:PNEAAeSwVf1qlLCr,"{""value"": ""9.99"", ""currency"": ""USD""}","[{""shippingCostType"": ""FIXED"", ""shippingCost"": {""value"": ""0.00"", ""currency"": ""USD""}, ""minEstimatedDeliveryDate"": ""2026-09-14T07:00:00.000Z"", ""maxEstimatedDeliveryDate"": ""2026-09-17T07:00:00.000Z""}]",,,PENDING_INDEPENDENT_HUMAN_REVIEW
D2-0735,97165c7e-1d85-4962-807e-5661c2115d7d,b592d276-ceb3-4a5e-90d5-d759808b7da3,Furret,Journey Together,168,illustration_rare,v1|158258375532|0,Furret 168/159 Sv09: Journey Together Holo Illus Rare EN Nm,,Ungraded,4000,[],"[""FIXED_PRICE"", ""BEST_OFFER""]",ryhol-6480,https://i.ebayimg.com/images/g/SnUAAeSwuxVqmzbP/s-l225.jpg,https://www.ebay.com/itm/158258375532?_skw=Furret+168+Journey+Together+Pokemon+card&hash=item24d8ef2b6c:g:SnUAAeSwuxVqmzbP,"{""value"": ""8.49"", ""currency"": ""USD""}","[{""shippingCostType"": ""FIXED"", ""shippingCost"": {""value"": ""0.78"", ""currency"": ""USD""}, ""minEstimatedDeliveryDate"": ""2026-09-15T07:00:00.000Z"", ""maxEstimatedDeliveryDate"": ""2026-09-21T07:00:00.000Z""}]",,,PENDING_INDEPENDENT_HUMAN_REVIEW
D2-0736,9f323989-e972-4a9e-9e7b-3166e85d0690,0f3466bf-92b1-4d3d-913b-181fcec68996,Mega Feraligatr ex,Ascended Heroes,274,special_illustration_rare,v1|117253022842|0,Mega Feraligatr ex Holo Ascended Heroes 274/217 SIR NM Pokemon,,Ungraded,4000,[],"[""FIXED_PRICE""]",cardthrone,https://i.ebayimg.com/images/g/JHYAAeSwiXBqMhey/s-l225.jpg,https://www.ebay.com/itm/117253022842?_skw=Mega+Feraligatr+ex+274+Ascended+Heroes+Pokemon+card&hash=item1b4cd3247a:g:JHYAAeSwiXBqMhey,"{""value"": ""240.99"", ""currency"": ""USD""}","[{""shippingCostType"": ""FIXED"", ""shippingCost"": {""value"": ""0.00"", ""currency"": ""USD""}, ""minEstimatedDeliveryDate"": ""2026-09-15T07:00:00.000Z"", ""maxEstimatedDeliveryDate"": ""2026-09-21T07:00:00.000Z""}]",,,PENDING_INDEPENDENT_HUMAN_REVIEW
D2-0737,9f323989-e972-4a9e-9e7b-3166e85d0690,0f3466bf-92b1-4d3d-913b-181fcec68996,Mega Feraligatr ex,Ascended Heroes,274,special_illustration_rare,v1|117352911848|0,2026 Pokemon 274/217 Mega Feraligatr EX Ascended Heroes,,Ungraded,4000,[],"[""FIXED_PRICE"", ""BEST_OFFER""]",tntcards.mi,https://i.ebayimg.com/images/g/GxoAAeSwvmNqeyyQ/s-l225.jpg,https://www.ebay.com/itm/117352911848?_skw=Mega+Feraligatr+ex+274+Ascended+Heroes+Pokemon+card&hash=item1b52c753e8:g:GxoAAeSwvmNqeyyQ,"{""value"": ""160.00"", ""currency"": ""USD""}","[{""shippingCostType"": ""FIXED"", ""shippingCost"": {""value"": ""5.99"", ""currency"": ""USD""}, ""minEstimatedDeliveryDate"": ""2026-09-15T07:00:00.000Z"", ""maxEstimatedDeliveryDate"": ""2026-09-21T07:00:00.000Z""}]",,,PENDING_INDEPENDENT_HUMAN_REVIEW
D2-0738,9f323989-e972-4a9e-9e7b-3166e85d0690,0f3466bf-92b1-4d3d-913b-181fcec68996,Mega Feraligatr ex,Ascended Heroes,274,special_illustration_rare,v1|117373764994|0,2026 Pokemon ME Ascended Heroes 274/217 Mega Feraligatr EX SIR TAG 10 (966),,Graded,2750,[],"[""FIXED_PRICE"", ""BEST_OFFER""]",dtigers214,https://i.ebayimg.com/images/g/FgsAAeSww99qizOG/s-l225.jpg,https://www.ebay.com/itm/117373764994?_skw=Mega+Feraligatr+ex+274+Ascended+Heroes+Pokemon+card&hash=item1b54058582:g:FgsAAeSww99qizOG,"{""value"": ""335.00"", ""currency"": ""USD""}","[{""shippingCostType"": ""FIXED"", ""shippingCost"": {""value"": ""5.75"", ""currency"": ""USD""}, ""minEstimatedDeliveryDate"": ""2026-09-14T07:00:00.000Z"", ""maxEstimatedDeliveryDate"": ""2026-09-16T07:00:00.000Z""}]",,,PENDING_INDEPENDENT_HUMAN_REVIEW
D2-0739,9f323989-e972-4a9e-9e7b-3166e85d0690,0f3466bf-92b1-4d3d-913b-181fcec68996,Mega Feraligatr ex,Ascended Heroes,274,special_illustration_rare,v1|147425507390|0,Mega Feraligatr ex - #274/217 - ME: Asceneded Heros - SIR - NM,,Ungraded,4000,[],"[""FIXED_PRICE""]",grand_papi_cards,https://i.ebayimg.com/images/g/iRkAAeSwmbxqTsic/s-l225.jpg,https://www.ebay.com/itm/147425507390?_skw=Mega+Feraligatr+ex+274+Ascended+Heroes+Pokemon+card&hash=item22533eb83e:g:iRkAAeSwmbxqTsic&amdata=enc%3AAQALAAABEACCtXRWQnOEpyOqnQQ8KGZGcyeb7bv90kS1FgTH6bHieE7AD8a1O%2FCI0sllEEyJp%2FVEjwIWrvNAM4EaJ8An6WmAqx5d5bKmJv0aN8%2F6ah1Fjkic6daN7xAgE6Al%2BOdUuCA1ve4Lbp0b5l1kVTj%2BgrBTIyFG0URpdYgFc3hlRgKhj2ysu98Qp1mhv4J%2B%2BEpvFtanTF1OFbfIE51oz0U2EDSQ7XySlhd4EG7yOi0I505oSYd10c4M50dWm9TsXkmC23m%2Fasu69XIHW5yCO7CAh5UZjzzqO8wu7Ba0CMpzqZ5J6S6dZlYEMFZNuDLhYy09KReW4ZCsJwQ1VPRM5pkZAQkwDYHPOGMJFQnZKKvKKqQS,"{""value"": ""160.00"", ""currency"": ""USD""}","[{""shippingCostType"": ""FIXED"", ""shippingCost"": {""value"": ""0.00"", ""currency"": ""USD""}, ""minEstimatedDeliveryDate"": ""2026-09-14T07:00:00.000Z"", ""maxEstimatedDeliveryDate"": ""2026-09-17T07:00:00.000Z""}]",,,PENDING_INDEPENDENT_HUMAN_REVIEW
D2-0740,9f323989-e972-4a9e-9e7b-3166e85d0690,0f3466bf-92b1-4d3d-913b-181fcec68996,Mega Feraligatr ex,Ascended Heroes,274,special_illustration_rare,v1|158261210079|0,Pokemon TCG Mega Feraligatr Ex 274/217 Ascended Heros Secret Illustration Rare,,Ungraded,4000,[],"[""AUCTION""]",jator-93,https://i.ebayimg.com/images/g/GKIAAeSwvB9qmrqD/s-l225.jpg,https://www.ebay.com/itm/158261210079?_skw=Mega+Feraligatr+ex+274+Ascended+Heroes+Pokemon+card&hash=item24d91a6bdf:g:GKIAAeSwvB9qmrqD,{},"[{""shippingCostType"": ""CALCULATED""}]",,,PENDING_INDEPENDENT_HUMAN_REVIEW
D2-0741,9f323989-e972-4a9e-9e7b-3166e85d0690,0f3466bf-92b1-4d3d-913b-181fcec68996,Mega Feraligatr ex,Ascended Heroes,274,special_illustration_rare,v1|178443201128|0,Pokemon TCG Mega Feraligatr Ex 274/217 Ascended Heros Secret Illustration Rare,,Ungraded,4000,[],"[""FIXED_PRICE""]",rainier_collectibles,https://i.ebayimg.com/images/g/FCwAAeSw2o5qj1ph/s-l225.jpg,https://www.ebay.com/itm/178443201128?_skw=Mega+Feraligatr+ex+274+Ascended+Heroes+Pokemon+card&hash=item298c0b2a68:g:FCwAAeSw2o5qj1ph,"{""value"": ""127.99"", ""currency"": ""USD""}","[{""shippingCostType"": ""FIXED"", ""shippingCost"": {""value"": ""6.99"", ""currency"": ""USD""}, ""minEstimatedDeliveryDate"": ""2026-09-15T07:00:00.000Z"", ""maxEstimatedDeliveryDate"": ""2026-09-21T07:00:00.000Z""}]",,,PENDING_INDEPENDENT_HUMAN_REVIEW
D2-0742,9f323989-e972-4a9e-9e7b-3166e85d0690,0f3466bf-92b1-4d3d-913b-181fcec68996,Mega Feraligatr ex,Ascended Heroes,274,special_illustration_rare,v1|227502501942|0,Mega Feraligatr ex 184/217 SIR Ascended Heroes Pokémon Card NM🐊⭐️⭐️,,Ungraded,4000,[],"[""FIXED_PRICE"", ""BEST_OFFER""]",scavotradingco,https://i.ebayimg.com/images/g/gxMAAeSw3vtqmB1m/s-l225.jpg,https://www.ebay.com/itm/227502501942?_skw=Mega+Feraligatr+ex+274+Ascended+Heroes+Pokemon+card&hash=item34f834b036:g:gxMAAeSw3vtqmB1m&amdata=enc%3AAQALAAABEACCtXRWQnOEpyOqnQQ8KGZPavXpW6S32UIfn1hc2%2BuyDT0ZhOVxSn1oGLSOlN%2BaMZQ9rlAuCykKOYzEL1QF32ov1FYFvpE2%2FC%2FCjIZV%2BREz9qnSfWU21DWGNfGk9uns%2Fn8u1ksMQj2afDuO6aMSRxqX9g3cOgRvCbFZaQZbHnI6onRxPhCTpN8pIYfpvWTzKEVC3WWpdueUgAJUWq04ryUBtLBiEWKfFoNR93x0iVZVobLtB50kiscAdwSaiMJd3Obn3kFMM88fbyr7kaM%2Bj53%2FIP1jFed9HpFY5B0HJgXqOCCL7KVRcddRVY3NlBnn5bD%2Fisy9WAw%2BU%2F2UuoJL5Kohtn6P9w264BDnaK1tj0R3,"{""value"": ""129.99"", ""currency"": ""USD""}","[{""shippingCostType"": ""FIXED"", ""shippingCost"": {""value"": ""0.00"", ""currency"": ""USD""}}]",,,PENDING_INDEPENDENT_HUMAN_REVIEW
D2-0743,9f323989-e972-4a9e-9e7b-3166e85d0690,0f3466bf-92b1-4d3d-913b-181fcec68996,Mega Feraligatr ex,Ascended Heroes,274,special_illustration_rare,v1|298647828675|0,2026 Mega Feraligatr Ex Ascended Heroes SIR,,Ungraded,4000,[],"[""FIXED_PRICE"", ""BEST_OFFER""]",tirya_8,https://i.ebayimg.com/images/g/HKgAAeSwL3VqnB4Q/s-l225.jpg,https://www.ebay.com/itm/298647828675?_skw=Mega+Feraligatr+ex+274+Ascended+Heroes+Pokemon+card&hash=item4588cc38c3:g:HKgAAeSwL3VqnB4Q&amdata=enc%3AAQALAAABEACCtXRWQnOEpyOqnQQ8KGbhtfxLtp1f0JxLGISZ9JpGvKF%2FCDQGyVVnu%2F%2Bg50RHBR9LsHeLBHPBqvGroAkR%2FOpPsALgskFeCxs8oh2sY2Ygc5d53OMENUsDyGyZ69sH7gxbDsl11%2Br9t9Yg4FwFIsJrlePwuDz8m3a3brdxLJS7%2B%2BySdTJ3aMgFGrUcMqNrDrwC3fApG2KVcsWfZL3LL9fbo6iXQzWXFrVjW0Znkq7VvENDxQ3a7qtlLkujnLOS8J2OSTcmpNo3XFm5kQTKyrbniSZzILAXoX%2BQp0tlFNlFZpl1jBw4g1tz8Xnp9lMoevpJJN%2FlqXbZMjlbFNEXdipjyD3Kf%2FrvMlw6PlZsgAXv,"{""value"": ""130.00"", ""currency"": ""USD""}","[{""shippingCostType"": ""CALCULATED""}]",,,PENDING_INDEPENDENT_HUMAN_REVIEW
D2-0744,9f323989-e972-4a9e-9e7b-3166e85d0690,0f3466bf-92b1-4d3d-913b-181fcec68996,Mega Feraligatr ex,Ascended Heroes,274,special_illustration_rare,v1|318816800288|0,Mega Feraligatr Ex Card SIR Ascended Heroes near mint or better,,Ungraded,4000,[],"[""FIXED_PRICE"", ""BEST_OFFER""]",desnor_94,https://i.ebayimg.com/images/g/Qv0AAeSw6xpqmJ9q/s-l225.jpg,https://www.ebay.com/itm/318816800288?_skw=Mega+Feraligatr+ex+274+Ascended+Heroes+Pokemon+card&hash=item4a3af64e20:g:Qv0AAeSw6xpqmJ9q,"{""value"": ""130.00"", ""currency"": ""USD""}","[{""shippingCostType"": ""CALCULATED""}]",,,PENDING_INDEPENDENT_HUMAN_REVIEW
D2-0745,9f323989-e972-4a9e-9e7b-3166e85d0690,0f3466bf-92b1-4d3d-913b-181fcec68996,Mega Feraligatr ex,Ascended Heroes,274,special_illustration_rare,v1|188893424039|0,Pokémon TCG Mega Feraligatr SIR Ascended Heroes Mega Set #274/234,,Ungraded,4000,[],"[""FIXED_PRICE"", ""BEST_OFFER""]",eflasky,https://i.ebayimg.com/images/g/QnwAAeSwXyxqmGJE/s-l225.jpg,https://www.ebay.com/itm/188893424039?_skw=Mega+Feraligatr+ex+274+Ascended+Heroes+Pokemon+card&hash=item2bfaece9a7:g:QnwAAeSwXyxqmGJE,"{""value"": ""109.00"", ""currency"": ""USD""}",[],,,PENDING_INDEPENDENT_HUMAN_REVIEW
D2-0746,9f323989-e972-4a9e-9e7b-3166e85d0690,0f3466bf-92b1-4d3d-913b-181fcec68996,Mega Feraligatr ex,Ascended Heroes,274,special_illustration_rare,v1|137684059988|0,2026 Pokemon Ascended Mega Feraligatr Ex SIR PSA 10,,Graded,2750,[],"[""FIXED_PRICE"", ""BEST_OFFER""]",deaesp_4,https://i.ebayimg.com/images/g/gxoAAeSwL3Vqlgeo/s-l225.jpg,https://www.ebay.com/itm/137684059988?_skw=Mega+Feraligatr+ex+274+Ascended+Heroes+Pokemon+card&hash=item200e9c0754:g:gxoAAeSwL3Vqlgeo,"{""value"": ""285.00"", ""currency"": ""USD""}","[{""shippingCostType"": ""CALCULATED""}]",,,PENDING_INDEPENDENT_HUMAN_REVIEW
D2-0747,9f323989-e972-4a9e-9e7b-3166e85d0690,0f3466bf-92b1-4d3d-913b-181fcec68996,Mega Feraligatr ex,Ascended Heroes,274,special_illustration_rare,v1|117399574243|0,ITALIAN NM Mega Feraligatr EX 274/217 Ascended Heroes 2026 Pokemon SIR,,Ungraded,4000,[],"[""FIXED_PRICE"", ""BEST_OFFER""]",pikapikavic,https://i.ebayimg.com/images/g/btEAAeSwzVlqmj~f/s-l225.jpg,https://www.ebay.com/itm/117399574243?_skw=Mega+Feraligatr+ex+274+Ascended+Heroes+Pokemon+card&hash=item1b558f56e3:g:btEAAeSwzVlqmj~f,"{""value"": ""109.99"", ""currency"": ""USD""}","[{""shippingCostType"": ""CALCULATED""}]",,,PENDING_INDEPENDENT_HUMAN_REVIEW
D2-0748,9f323989-e972-4a9e-9e7b-3166e85d0690,0f3466bf-92b1-4d3d-913b-181fcec68996,Mega Feraligatr ex,Ascended Heroes,274,special_illustration_rare,v1|227192643097|0,Pokemon Mega Feraligatr EX 274/217 SIR Ascended Heroes Extended Artwork Case,,Ungraded,4000,[],"[""FIXED_PRICE""]",dragarious,https://i.ebayimg.com/images/g/1JsAAeSwLU1peiDn/s-l225.jpg,https://www.ebay.com/itm/227192643097?_skw=Mega+Feraligatr+ex+274+Ascended+Heroes+Pokemon+card&hash=item34e5bc9e19:g:1JsAAeSwLU1peiDn,"{""value"": ""12.00"", ""currency"": ""USD""}","[{""shippingCostType"": ""CALCULATED""}]",,,PENDING_INDEPENDENT_HUMAN_REVIEW
D2-0749,9f323989-e972-4a9e-9e7b-3166e85d0690,0f3466bf-92b1-4d3d-913b-181fcec68996,Mega Feraligatr ex,Ascended Heroes,274,special_illustration_rare,v1|127909424067|0,Pokémon TCG Mega Feraligatr EX 274/217 SIR Ascended Heroes NM Condition,,Ungraded,4000,[],"[""FIXED_PRICE""]",pokechester,https://i.ebayimg.com/images/g/jY4AAeSwmCZqJhQJ/s-l225.jpg,https://www.ebay.com/itm/127909424067?_skw=Mega+Feraligatr+ex+274+Ascended+Heroes+Pokemon+card&hash=item1dc7feebc3:g:jY4AAeSwmCZqJhQJ,"{""value"": ""160.00"", ""currency"": ""USD""}","[{""shippingCostType"": ""FIXED"", ""shippingCost"": {""value"": ""8.00"", ""currency"": ""USD""}, ""minEstimatedDeliveryDate"": ""2026-09-15T07:00:00.000Z"", ""maxEstimatedDeliveryDate"": ""2026-09-21T07:00:00.000Z""}]",,,PENDING_INDEPENDENT_HUMAN_REVIEW
D2-0750,9f323989-e972-4a9e-9e7b-3166e85d0690,0f3466bf-92b1-4d3d-913b-181fcec68996,Mega Feraligatr ex,Ascended Heroes,274,special_illustration_rare,v1|128063890096|0,Pokémon TCG Card Mega Feraligatr EX 274/217 SIR Ascended Heroes ENGLISH NM,,Ungraded,4000,[],"[""FIXED_PRICE"", ""BEST_OFFER""]",tobr2952,https://i.ebayimg.com/images/g/8uMAAeSwweRqnD9l/s-l225.jpg,https://www.ebay.com/itm/128063890096?_skw=Mega+Feraligatr+ex+274+Ascended+Heroes+Pokemon+card&hash=item1dd133e2b0:g:8uMAAeSwweRqnD9l,"{""value"": ""159.99"", ""currency"": ""USD""}","[{""shippingCostType"": ""CALCULATED""}]",,,PENDING_INDEPENDENT_HUMAN_REVIEW
D2-0751,a3d56338-1f3f-4b99-8920-5d71b8b85737,66f1f173-3a34-44b4-95a3-d0031fa9d3ee,Pikachu ex,Surging Sparks,247,hyper_rare_gold,v1|126937659557|0,Pikachu ex 247/191 Sv08: Surging Sparks Holo,,Ungraded,4000,[],"[""FIXED_PRICE"", ""BEST_OFFER""]",budst8383,https://i.ebayimg.com/images/g/RvgAAeSwrv9nrMLn/s-l225.jpg,https://www.ebay.com/itm/126937659557?_skw=Pikachu+ex+247+Surging+Sparks+Pokemon+card&hash=item1d8e12f8a5:g:RvgAAeSwrv9nrMLn&amdata=enc%3AAQALAAABEACCtXRWQnOEpyOqnQQ8KGZa26fbEKi9ZYCuKeML3ThjqupLsy6u2KJZR9cwDccZGwmjr8E%2BS33%2BZ7TzEr%2Fs4oomswm2qtzrcjqlZPNuzM1ZJcwkrrMHYBuUSRXfTPWNnHFXFtJqSEBn73MrtRvQFpe7W3FqGSPkGUUld%2BdnONLJKIY%2FQcJ0uwq2LtFHcRnCx7Hc%2FeCDvIJiZz0IrUg6WqSWdwOAM49px73SiOPi0snmvh1l%2F606fww0Xx%2BVCa8mVFM%2BCZ8ja%2F%2B1vQu2VCdvLpqJbJD3aWdkIp6EYVC0QydPylsYkSscacD3zpr0BxvQEZlolhuM%2FAFuJeETHQ11ovZtl362xSi%2BrLFpk1VNmXfQ,"{""value"": ""120.00"", ""currency"": ""USD""}",[],,,PENDING_INDEPENDENT_HUMAN_REVIEW
D2-0752,a3d56338-1f3f-4b99-8920-5d71b8b85737,66f1f173-3a34-44b4-95a3-d0031fa9d3ee,Pikachu ex,Surging Sparks,247,hyper_rare_gold,v1|128018198037|0,Pikachu ex 247/191 Sv08: Surging Sparks Holo,,Ungraded,4000,[],"[""FIXED_PRICE"", ""BEST_OFFER""]",ray_95_12,https://i.ebayimg.com/images/g/JDQAAeSw0KxqeOLY/s-l225.jpg,https://www.ebay.com/itm/128018198037?_skw=Pikachu+ex+247+Surging+Sparks+Pokemon+card&hash=item1dce7aae15:g:JDQAAeSw0KxqeOLY&amdata=enc%3AAQALAAABEACCtXRWQnOEpyOqnQQ8KGai4MoZIIFpz558nwBFYBkCuwaQ6JnjQVn8YECDwxsm36aylXG0ZVUtv26iuHGZypR4EqKaDciCuo2Lx6Q%2BeJVptVSRen5LKN7xVA8oiY57056tbwuyZoNWAHQBBd%2B3fHn%2BBdEPTM%2BPRb80kSYYEaIBAOeIfJDglRpgHG68EihacXP0SBLB75AJmnqh7TaHQ7fwEf%2BhHT%2F8Kv6%2Bu5KjPcU%2BDPL6bRISk39wH8SNpSS689krpLakXRy361P9ab3e5899xZvIYipytN6Y5rDw6jMQt6GarN2c%2BEYqzKWfxJLnwVRQ%2BuTIxXketwardLSmilgRape1%2B3swlPrix7F3vvT2,"{""value"": ""90.00"", ""currency"": ""USD""}","[{""shippingCostType"": ""CALCULATED""}]",,,PENDING_INDEPENDENT_HUMAN_REVIEW
D2-0753,a3d56338-1f3f-4b99-8920-5d71b8b85737,66f1f173-3a34-44b4-95a3-d0031fa9d3ee,Pikachu ex,Surging Sparks,247,hyper_rare_gold,v1|137707182305|0,Pikachu ex 247/191 Sv08: Surging Sparks Holo Gold Card,,Ungraded,4000,[],"[""FIXED_PRICE"", ""BEST_OFFER""]",valsen38,https://i.ebayimg.com/images/g/e2kAAeSwva1qndey/s-l225.jpg,https://www.ebay.com/itm/137707182305?_skw=Pikachu+ex+247+Surging+Sparks+Pokemon+card&hash=item200ffcd8e1:g:e2kAAeSwva1qndey,"{""value"": ""100.00"", ""currency"": ""USD""}","[{""shippingCostType"": ""CALCULATED""}]",,,PENDING_INDEPENDENT_HUMAN_REVIEW
D2-0754,a3d56338-1f3f-4b99-8920-5d71b8b85737,66f1f173-3a34-44b4-95a3-d0031fa9d3ee,Pikachu ex,Surging Sparks,247,hyper_rare_gold,v1|358798572941|0,Pokemon Pikachu ex [SSPHolofoil - 247/191]NM,,Ungraded,4000,[],"[""FIXED_PRICE"", ""BEST_OFFER""]",jreidd,https://i.ebayimg.com/images/g/ct4AAeSwUiNqdny2/s-l225.jpg,https://www.ebay.com/itm/358798572941?_skw=Pikachu+ex+247+Surging+Sparks+Pokemon+card&hash=item538a0fbd8d:g:ct4AAeSwUiNqdny2&amdata=enc%3AAQALAAABEACCtXRWQnOEpyOqnQQ8KGbRnT7X26UcB1e4LzX5W1pLiQIb%2BhuyfT57CfWh3nQH%2Bh32fnV4Qzgj1FiknPNw6ILHYS9g3Ko1tPXi2w3N6jwPxDBrtu%2BQQj9qrbH4BMN6ha1BbX9tM0XiYApwaY%2FZm3JhLw538S0ScJn37jo%2Bm%2Bfxmoz60YxJpMtYNQGGoaJE6UWLNuFuzBVpj5G8k4sg%2FLhAUMk3MSwiIEuSeAxkUTe2nIKVRW66s0TI8V4XXQiKifbpSi8SemR0CvGwzF3%2BYFr5s5G3HigDOQZcmyfachtMibb9PpfJQ6J5PiUejE%2FZ3obou4zd0nNMPcmIhWcs06D75Vph7IT1yswkgR6W0Fxs,"{""value"": ""105.00"", ""currency"": ""USD""}","[{""shippingCostType"": ""FIXED"", ""shippingCost"": {""value"": ""5.99"", ""currency"": ""USD""}, ""minEstimatedDeliveryDate"": ""2026-09-14T07:00:00.000Z"", ""maxEstimatedDeliveryDate"": ""2026-09-17T07:00:00.000Z""}]",,,PENDING_INDEPENDENT_HUMAN_REVIEW
D2-0755,a3d56338-1f3f-4b99-8920-5d71b8b85737,66f1f173-3a34-44b4-95a3-d0031fa9d3ee,Pikachu ex,Surging Sparks,247,hyper_rare_gold,v1|156501697661|0,Pokemon TCG New Set Pikachu 247/191 Hyper Rare Gold Card Surging Sparks,,Ungraded,4000,[],"[""FIXED_PRICE"", ""BEST_OFFER""]",cheaptechny,https://i.ebayimg.com/images/g/RCMAAeSw0jhqQehm/s-l225.jpg,https://www.ebay.com/itm/156501697661?_skw=Pikachu+ex+247+Surging+Sparks+Pokemon+card&hash=item24703a647d:g:RCMAAeSw0jhqQehm,"{""value"": ""107.24"", ""currency"": ""USD""}","[{""shippingCostType"": ""FIXED"", ""shippingCost"": {""value"": ""0.00"", ""currency"": ""USD""}, ""minEstimatedDeliveryDate"": ""2026-09-15T07:00:00.000Z"", ""maxEstimatedDeliveryDate"": ""2026-09-21T07:00:00.000Z""}]",,,PENDING_INDEPENDENT_HUMAN_REVIEW
D2-0756,a3d56338-1f3f-4b99-8920-5d71b8b85737,66f1f173-3a34-44b4-95a3-d0031fa9d3ee,Pikachu ex,Surging Sparks,247,hyper_rare_gold,v1|267731943105|0,Pokemon TCG New Set Pikachu 247/191 Hyper Rare Gold Card Surging Sparks,,Ungraded,4000,[],"[""FIXED_PRICE"", ""BEST_OFFER""]",mountaingamingnc,https://i.ebayimg.com/images/g/-VgAAeSwDTBqXB1I/s-l225.jpg,https://www.ebay.com/itm/267731943105?_skw=Pikachu+ex+247+Surging+Sparks+Pokemon+card&hash=item3e56113ec1:g:-VgAAeSwDTBqXB1I,"{""value"": ""81.00"", ""currency"": ""USD""}","[{""shippingCostType"": ""CALCULATED""}]",,,PENDING_INDEPENDENT_HUMAN_REVIEW
D2-0757,a3d56338-1f3f-4b99-8920-5d71b8b85737,66f1f173-3a34-44b4-95a3-d0031fa9d3ee,Pikachu ex,Surging Sparks,247,hyper_rare_gold,v1|128047857130|0,PSA 9 Pikachu ex 247/191 Surging Sparks Full Art Holo Rare Pokemon 2024,,Graded,2750,[],"[""FIXED_PRICE"", ""BEST_OFFER""]",matt28999,https://i.ebayimg.com/images/g/VAsAAeSw~gJqkJUS/s-l225.jpg,https://www.ebay.com/itm/128047857130?_skw=Pikachu+ex+247+Surging+Sparks+Pokemon+card&hash=item1dd03f3dea:g:VAsAAeSw~gJqkJUS,"{""value"": ""113.42"", ""currency"": ""USD"", ""convertedFromValue"": ""83.94"", ""convertedFromCurrency"": ""GBP""}",[],,,PENDING_INDEPENDENT_HUMAN_REVIEW
D2-0758,a3d56338-1f3f-4b99-8920-5d71b8b85737,66f1f173-3a34-44b4-95a3-d0031fa9d3ee,Pikachu ex,Surging Sparks,247,hyper_rare_gold,v1|287545620836|0,Pikachu ex - 247/191 Pokemon SV08: Surging Sparks SSP Holo Near Mint Korean,,Ungraded,4000,[],"[""FIXED_PRICE"", ""BEST_OFFER""]",myflyisbreeezy,https://i.ebayimg.com/images/g/95oAAeSwgwRqjdwc/s-l225.jpg,https://www.ebay.com/itm/287545620836?_skw=Pikachu+ex+247+Surging+Sparks+Pokemon+card&hash=item42f30df964:g:95oAAeSwgwRqjdwc,"{""value"": ""59.99"", ""currency"": ""USD""}","[{""shippingCostType"": ""CALCULATED""}]",,,PENDING_INDEPENDENT_HUMAN_REVIEW
D2-0759,a3d56338-1f3f-4b99-8920-5d71b8b85737,66f1f173-3a34-44b4-95a3-d0031fa9d3ee,Pikachu ex,Surging Sparks,247,hyper_rare_gold,v1|366643516272|0,Pikachu EX 247/191 Surging Sparks Holo Hyper Rare Custom Gold Metal Fan Art Card,,Ungraded,4000,[],"[""FIXED_PRICE"", ""BEST_OFFER""]",cardshaq07,https://i.ebayimg.com/images/g/aKYAAeSw0DZqhyj1/s-l225.jpg,https://www.ebay.com/itm/366643516272?_skw=Pikachu+ex+247+Surging+Sparks+Pokemon+card&hash=item555da81370:g:aKYAAeSw0DZqhyj1,"{""value"": ""12.99"", ""currency"": ""USD""}","[{""shippingCostType"": ""FIXED"", ""shippingCost"": {""value"": ""3.00"", ""currency"": ""USD""}, ""minEstimatedDeliveryDate"": ""2026-09-15T07:00:00.000Z"", ""maxEstimatedDeliveryDate"": ""2026-09-21T07:00:00.000Z""}]",,,PENDING_INDEPENDENT_HUMAN_REVIEW
D2-0760,a3d56338-1f3f-4b99-8920-5d71b8b85737,66f1f173-3a34-44b4-95a3-d0031fa9d3ee,Pikachu ex,Surging Sparks,247,hyper_rare_gold,v1|137711475646|0,2024 POKEMON SSP EN-SURGING SPARKS HYPER RARE #247 PIKACHU EX PSA 9,,Graded,2750,[],"[""FIXED_PRICE"", ""BEST_OFFER""]",mmrndx8,https://i.ebayimg.com/images/g/3gAAAeSw5fpqn0XZ/s-l225.jpg,https://www.ebay.com/itm/137711475646?_skw=Pikachu+ex+247+Surging+Sparks+Pokemon+card&hash=item20103e5bbe:g:3gAAAeSw5fpqn0XZ,"{""value"": ""110.00"", ""currency"": ""USD""}","[{""shippingCostType"": ""CALCULATED""}]",,,PENDING_INDEPENDENT_HUMAN_REVIEW
D2-0761,a3d56338-1f3f-4b99-8920-5d71b8b85737,66f1f173-3a34-44b4-95a3-d0031fa9d3ee,Pikachu ex,Surging Sparks,247,hyper_rare_gold,v1|147385799286|0,Pokémon TCG Pikachu EX Surging Sparks Hyper Rare Gold 247/191 Super Clean,,Ungraded,4000,[],"[""FIXED_PRICE"", ""BEST_OFFER""]",mybellycantalk,https://i.ebayimg.com/images/g/cv4AAeSwunVqNV7U/s-l225.jpg,https://www.ebay.com/itm/147385799286?_skw=Pikachu+ex+247+Surging+Sparks+Pokemon+card&hash=item2250e0d276:g:cv4AAeSwunVqNV7U,"{""value"": ""89.99"", ""currency"": ""USD""}","[{""shippingCostType"": ""CALCULATED""}]",,,PENDING_INDEPENDENT_HUMAN_REVIEW
D2-0762,a3d56338-1f3f-4b99-8920-5d71b8b85737,66f1f173-3a34-44b4-95a3-d0031fa9d3ee,Pikachu ex,Surging Sparks,247,hyper_rare_gold,v1|157927887781|0,PSA 10 Pokemon Pikachu ex Surging Sparks 247/191 Gold Hyper Rare Full Art SSP,,Graded,2750,[],"[""FIXED_PRICE"", ""BEST_OFFER""]",bcotrades,https://i.ebayimg.com/images/g/BbwAAeSwJSpqDlSu/s-l225.jpg,https://www.ebay.com/itm/157927887781?_skw=Pikachu+ex+247+Surging+Sparks+Pokemon+card&hash=item24c53c53a5:g:BbwAAeSwJSpqDlSu,"{""value"": ""799.99"", ""currency"": ""USD""}","[{""shippingCostType"": ""CALCULATED""}]",,,PENDING_INDEPENDENT_HUMAN_REVIEW
D2-0763,a3d56338-1f3f-4b99-8920-5d71b8b85737,66f1f173-3a34-44b4-95a3-d0031fa9d3ee,Pikachu ex,Surging Sparks,247,hyper_rare_gold,v1|158199843443|0,2024 Pokemon TCG Pikachu EX Surging Sparks #247 AGS GEM-MT 10,,Graded,2750,[],"[""FIXED_PRICE"", ""BEST_OFFER""]",vaulthit,https://i.ebayimg.com/images/g/Z1kAAeSw2L1qf0Pk/s-l225.jpg,https://www.ebay.com/itm/158199843443?_skw=Pikachu+ex+247+Surging+Sparks+Pokemon+card&hash=item24d5720a73:g:Z1kAAeSw2L1qf0Pk,"{""value"": ""274.99"", ""currency"": ""USD""}","[{""shippingCostType"": ""CALCULATED""}]",,,PENDING_INDEPENDENT_HUMAN_REVIEW
D2-0764,a3d56338-1f3f-4b99-8920-5d71b8b85737,66f1f173-3a34-44b4-95a3-d0031fa9d3ee,Pikachu ex,Surging Sparks,247,hyper_rare_gold,v1|158260213199|0,The Pokémon Company Pikachu ex 247/191 Surging Sparks Hyper Rare Tera Holo,,Ungraded,4000,[],"[""AUCTION"", ""BEST_OFFER""]",vyb_07,https://i.ebayimg.com/images/g/qHYAAeSwEbBqUm~2/s-l225.jpg,https://www.ebay.com/itm/158260213199?_skw=Pikachu+ex+247+Surging+Sparks+Pokemon+card&hash=item24d90b35cf:g:qHYAAeSwEbBqUm~2,{},"[{""shippingCostType"": ""CALCULATED""}]",,,PENDING_INDEPENDENT_HUMAN_REVIEW
D2-0765,a3d56338-1f3f-4b99-8920-5d71b8b85737,66f1f173-3a34-44b4-95a3-d0031fa9d3ee,Pikachu ex,Surging Sparks,247,hyper_rare_gold,v1|158272872924|0,Pikachu ex 247/191 Sv08: Surging Sparks Holo,,Graded,2750,[],"[""FIXED_PRICE"", ""BEST_OFFER""]",cardforestllc26,https://i.ebayimg.com/images/g/pJgAAeSwwyhqoKiK/s-l225.jpg,https://www.ebay.com/itm/158272872924?_skw=Pikachu+ex+247+Surging+Sparks+Pokemon+card&hash=item24d9cc61dc:g:pJgAAeSwwyhqoKiK&amdata=enc%3AAQALAAABEACCtXRWQnOEpyOqnQQ8KGbZ%2FTRHQMknuWX1njEe1Qpzgdm61x%2FNdVM8egojAl2tk6syBGAofPZX%2BfQib4WNQo7WAWTf8Uzkuq5IkUf6MhhKJ3vuSPvJQZKdvcp%2B9AircWfhLlBzHi%2BwAl8TaXl%2Fnc7%2FAXjxILIDKE5dxKiIOu%2B96%2Ba5KNw2Jw7Gvo5I9ItEuHZCj9joAJbxDzIrr6%2BvR5Xt2j3Ax02%2Bmwa7cov83gcSxVowkLwBATbXRFSy%2FwSBMjmfzgONkStN9YiEmJP122KyBX2%2BIGCwhcTK%2BLRUu7beyKhGFfodZraeMO9ObwKyXtj3ahPOa02ONQtnYvJNlOIh1oXJ%2BJlXW0Iyfq2ETQ%2BK,"{""value"": ""94.99"", ""currency"": ""USD""}","[{""shippingCostType"": ""CALCULATED""}]",,,PENDING_INDEPENDENT_HUMAN_REVIEW
D2-0766,a6969678-b361-4b27-bee3-e3cdc127a5e4,bb6ebfa8-886c-4b5c-822a-7431870bb339,Dragapult ex,Prismatic Evolutions,165,special_illustration_rare,v1|117286680842|0,Dragapult ex Special Illustration Rare SV: Prismatic Evolutions Holo 165/131 NM,,Ungraded,4000,[],"[""FIXED_PRICE""]",the.tradingcardguy,https://i.ebayimg.com/images/g/bcAAAeSwVSNqSwZ9/s-l225.jpg,https://www.ebay.com/itm/117286680842?_skw=Dragapult+ex+165+Prismatic+Evolutions+Pokemon+card&hash=item1b4ed4b90a:g:bcAAAeSwVSNqSwZ9,"{""value"": ""149.99"", ""currency"": ""USD""}","[{""shippingCostType"": ""FIXED"", ""shippingCost"": {""value"": ""4.99"", ""currency"": ""USD""}, ""minEstimatedDeliveryDate"": ""2026-09-15T07:00:00.000Z"", ""maxEstimatedDeliveryDate"": ""2026-09-18T07:00:00.000Z""}]",,,PENDING_INDEPENDENT_HUMAN_REVIEW
D2-0767,a6969678-b361-4b27-bee3-e3cdc127a5e4,bb6ebfa8-886c-4b5c-822a-7431870bb339,Dragapult ex,Prismatic Evolutions,165,special_illustration_rare,v1|117342125061|0,Dragapult ex - Special Illustration 165/131 SV: Prismatic Evolutions NM Jerky,,Ungraded,4000,[],"[""FIXED_PRICE""]",newleafcollectibles-tx,https://i.ebayimg.com/images/g/7-oAAeSwB-dqczes/s-l225.jpg,https://www.ebay.com/itm/117342125061?_skw=Dragapult+ex+165+Prismatic+Evolutions+Pokemon+card&hash=item1b5222bc05:g:7-oAAeSwB-dqczes,"{""value"": ""135.99"", ""currency"": ""USD""}","[{""shippingCostType"": ""FIXED"", ""shippingCost"": {""value"": ""0.00"", ""currency"": ""USD""}, ""minEstimatedDeliveryDate"": ""2026-09-15T07:00:00.000Z"", ""maxEstimatedDeliveryDate"": ""2026-09-18T07:00:00.000Z""}]",,,PENDING_INDEPENDENT_HUMAN_REVIEW
D2-0768,a6969678-b361-4b27-bee3-e3cdc127a5e4,bb6ebfa8-886c-4b5c-822a-7431870bb339,Dragapult ex,Prismatic Evolutions,165,special_illustration_rare,v1|117377110612|0,Dragapult ex 165/131 Sv: Prismatic Evolutions Holo,,Ungraded,4000,[],"[""FIXED_PRICE"", ""BEST_OFFER""]",battlecitycollectibles,https://i.ebayimg.com/images/g/XMMAAeSwjU9qjcUC/s-l225.jpg,https://www.ebay.com/itm/117377110612?_skw=Dragapult+ex+165+Prismatic+Evolutions+Pokemon+card&hash=item1b54389254:g:XMMAAeSwjU9qjcUC,"{""value"": ""120.00"", ""currency"": ""USD""}","[{""shippingCostType"": ""CALCULATED""}]",,,PENDING_INDEPENDENT_HUMAN_REVIEW
D2-0769,a6969678-b361-4b27-bee3-e3cdc127a5e4,bb6ebfa8-886c-4b5c-822a-7431870bb339,Dragapult ex,Prismatic Evolutions,165,special_illustration_rare,v1|117394116275|0,Prismatic Evolution SIR Dragapult ex 165/131. Mint condition,,Ungraded,4000,[],"[""FIXED_PRICE"", ""BEST_OFFER""]",chef_boy_r_steve,https://i.ebayimg.com/images/g/~T4AAeSwW8Nqmc9t/s-l225.jpg,https://www.ebay.com/itm/117394116275?_skw=Dragapult+ex+165+Prismatic+Evolutions+Pokemon+card&hash=item1b553c0eb3:g:~T4AAeSwW8Nqmc9t&amdata=enc%3AAQALAAABEACCtXRWQnOEpyOqnQQ8KGYFQwyi6Q2i0kkvLQXb%2FlthKzGat7dAX3%2Fx%2BD3ykq%2Fv%2BQuLR%2FIGT2gnnigIeqVCBWiSXNe4N9vvZxUeVxxMZUCANtFitih5S5oBQptl55RZtiD77z97PBYPsnlm%2F1SwDG71kCbf5ZPETAmjXlfBily3d0E2aiMakaQKoT5an9scW%2FI86aBTceENVTjsy9c8i8Rs%2FzF%2FmjCjzDH5Yp4uERtJItftL9%2BV9MhcCHJ1Lb1BvjNRuVKFtWaK%2BQd2Cd498hR7jev8dOwvPHjXsBxt%2FzJUYH5YMc0ZtD2Lfy1fV32MFAEQoHVuZZQvkXCsefwi%2B%2BiwcQCHca%2F9AmuSi7m2xMEm,"{""value"": ""110.00"", ""currency"": ""USD""}","[{""shippingCostType"": ""FIXED"", ""shippingCost"": {""value"": ""8.00"", ""currency"": ""USD""}, ""minEstimatedDeliveryDate"": ""2026-09-16T07:00:00.000Z"", ""maxEstimatedDeliveryDate"": ""2026-09-22T07:00:00.000Z""}]",,,PENDING_INDEPENDENT_HUMAN_REVIEW
D2-0770,a6969678-b361-4b27-bee3-e3cdc127a5e4,bb6ebfa8-886c-4b5c-822a-7431870bb339,Dragapult ex,Prismatic Evolutions,165,special_illustration_rare,v1|398078265903|0,Dragapult EX 165/131 Special Illustration Rare Pokemon Tag 10 Gem Mint,,Graded,2750,[],"[""FIXED_PRICE""]",youngx_21,https://i.ebayimg.com/images/g/p90AAeSw0QpqM3AC/s-l225.jpg,https://www.ebay.com/itm/398078265903?_skw=Dragapult+ex+165+Prismatic+Evolutions+Pokemon+card&hash=item5caf504a2f:g:p90AAeSw0QpqM3AC,"{""value"": ""295.00"", ""currency"": ""USD""}","[{""shippingCostType"": ""FIXED"", ""shippingCost"": {""value"": ""4.99"", ""currency"": ""USD""}, ""minEstimatedDeliveryDate"": ""2026-09-15T07:00:00.000Z"", ""maxEstimatedDeliveryDate"": ""2026-09-21T07:00:00.000Z""}]",,,PENDING_INDEPENDENT_HUMAN_REVIEW
D2-0771,a6969678-b361-4b27-bee3-e3cdc127a5e4,bb6ebfa8-886c-4b5c-822a-7431870bb339,Dragapult ex,Prismatic Evolutions,165,special_illustration_rare,v1|318848371291|0,2025 Pokemon Prismatic Evolutions Dragapult ex 073/131 Tera Double Rare Holo NM⁠,,Ungraded,4000,[],"[""FIXED_PRICE""]",eczdpllm2055,https://i.ebayimg.com/images/g/IxcAAeSwxTRqoWJX/s-l225.jpg,https://www.ebay.com/itm/318848371291?_skw=Dragapult+ex+165+Prismatic+Evolutions+Pokemon+card&hash=item4a3cd80a5b:g:IxcAAeSwxTRqoWJX,"{""value"": ""1.49"", ""currency"": ""USD""}","[{""shippingCostType"": ""FIXED"", ""shippingCost"": {""value"": ""1.00"", ""currency"": ""USD""}, ""minEstimatedDeliveryDate"": ""2026-09-15T07:00:00.000Z"", ""maxEstimatedDeliveryDate"": ""2026-09-21T07:00:00.000Z""}]",,,PENDING_INDEPENDENT_HUMAN_REVIEW
D2-0772,a6969678-b361-4b27-bee3-e3cdc127a5e4,bb6ebfa8-886c-4b5c-822a-7431870bb339,Dragapult ex,Prismatic Evolutions,165,special_illustration_rare,v1|156750664346|458824091900,Pokemon Prismatic Evolutions: Choose Your Card! Reverse Holo/Holo EX Full Art NM,,Ungraded,4000,[],"[""FIXED_PRICE""]",overstackedcards,https://i.ebayimg.com/images/g/GcgAAeSw~wdoy7z6/s-l225.jpg,https://www.ebay.com/itm/156750664346?_skw=Dragapult+ex+165+Prismatic+Evolutions+Pokemon+card&hash=item247f11529a:g:GcgAAeSw~wdoy7z6,"{""value"": ""161.49"", ""currency"": ""USD""}","[{""shippingCostType"": ""FIXED"", ""shippingCost"": {""value"": ""0.00"", ""currency"": ""USD""}, ""minEstimatedDeliveryDate"": ""2026-09-15T07:00:00.000Z"", ""maxEstimatedDeliveryDate"": ""2026-09-18T07:00:00.000Z""}]",,,PENDING_INDEPENDENT_HUMAN_REVIEW
D2-0773,a6969678-b361-4b27-bee3-e3cdc127a5e4,bb6ebfa8-886c-4b5c-822a-7431870bb339,Dragapult ex,Prismatic Evolutions,165,special_illustration_rare,v1|158203613093|0,2025 Pokémon Pre En-Prismatic Evolutions SIR Dragapult Ex #165 PSA 10,,Graded,2750,[],"[""FIXED_PRICE""]",youtime_tcg,https://i.ebayimg.com/images/g/loQAAeSwR7pqhO9U/s-l225.jpg,https://www.ebay.com/itm/158203613093?_skw=Dragapult+ex+165+Prismatic+Evolutions+Pokemon+card&hash=item24d5ab8fa5:g:loQAAeSwR7pqhO9U,"{""value"": ""274.99"", ""currency"": ""USD""}","[{""shippingCostType"": ""CALCULATED""}]",,,PENDING_INDEPENDENT_HUMAN_REVIEW
D2-0774,a6969678-b361-4b27-bee3-e3cdc127a5e4,bb6ebfa8-886c-4b5c-822a-7431870bb339,Dragapult ex,Prismatic Evolutions,165,special_illustration_rare,v1|377471735279|0,Dragapult ex 165/131 Near Mint portuguese NOT ENGLISH,,Ungraded,4000,[],"[""FIXED_PRICE"", ""BEST_OFFER""]",tryharyouk_0,https://i.ebayimg.com/images/g/rboAAeSwGDJqm3Rm/s-l225.jpg,https://www.ebay.com/itm/377471735279?_skw=Dragapult+ex+165+Prismatic+Evolutions+Pokemon+card&hash=item57e31195ef:g:rboAAeSwGDJqm3Rm,"{""value"": ""95.00"", ""currency"": ""USD""}","[{""shippingCostType"": ""CALCULATED""}]",,,PENDING_INDEPENDENT_HUMAN_REVIEW
D2-0775,a6969678-b361-4b27-bee3-e3cdc127a5e4,bb6ebfa8-886c-4b5c-822a-7431870bb339,Dragapult ex,Prismatic Evolutions,165,special_illustration_rare,v1|226561966009|0,Pokemon Dragapult EX SIR 165/131 Prismatic Evolutions Extended Artwork Case,,Ungraded,4000,[],"[""FIXED_PRICE""]",dragarious,https://i.ebayimg.com/images/g/aRoAAeSwo5ZpDU1w/s-l225.jpg,https://www.ebay.com/itm/226561966009?_skw=Dragapult+ex+165+Prismatic+Evolutions+Pokemon+card&hash=item34c0253fb9:g:aRoAAeSwo5ZpDU1w,"{""value"": ""12.00"", ""currency"": ""USD""}","[{""shippingCostType"": ""CALCULATED""}]",,,PENDING_INDEPENDENT_HUMAN_REVIEW
D2-0776,a6969678-b361-4b27-bee3-e3cdc127a5e4,bb6ebfa8-886c-4b5c-822a-7431870bb339,Dragapult ex,Prismatic Evolutions,165,special_illustration_rare,v1|117399428907|0,Pokemon Dragapult ex 165/131 SIR Prismatic Evolutions NM SIR ,,Ungraded,4000,[],"[""FIXED_PRICE"", ""BEST_OFFER""]",m1kesosa,https://i.ebayimg.com/images/g/xhIAAeSwT-hqncbB/s-l225.jpg,https://www.ebay.com/itm/117399428907?_skw=Dragapult+ex+165+Prismatic+Evolutions+Pokemon+card&hash=item1b558d1f2b:g:xhIAAeSwT-hqncbB,"{""value"": ""130.00"", ""currency"": ""USD""}","[{""shippingCostType"": ""FIXED"", ""shippingCost"": {""value"": ""0.00"", ""currency"": ""USD""}, ""minEstimatedDeliveryDate"": ""2026-09-15T07:00:00.000Z"", ""maxEstimatedDeliveryDate"": ""2026-09-18T07:00:00.000Z""}]",,,PENDING_INDEPENDENT_HUMAN_REVIEW
D2-0777,a6969678-b361-4b27-bee3-e3cdc127a5e4,bb6ebfa8-886c-4b5c-822a-7431870bb339,Dragapult ex,Prismatic Evolutions,165,special_illustration_rare,v1|117399551640|0,Pokémon Dragapult ex 165/131 Prismatic Evolutions SIR,,Ungraded,4000,[],"[""AUCTION"", ""BEST_OFFER""]",lil_paint_star2,https://i.ebayimg.com/images/g/ResAAeSwThVqeN65/s-l225.jpg,https://www.ebay.com/itm/117399551640?_skw=Dragapult+ex+165+Prismatic+Evolutions+Pokemon+card&hash=item1b558efe98:g:ResAAeSwThVqeN65,{},"[{""shippingCostType"": ""CALCULATED""}]",,,PENDING_INDEPENDENT_HUMAN_REVIEW
D2-0778,a6969678-b361-4b27-bee3-e3cdc127a5e4,bb6ebfa8-886c-4b5c-822a-7431870bb339,Dragapult ex,Prismatic Evolutions,165,special_illustration_rare,v1|127482529892|0,CGC Gem Mint 10 Dragapult ex 165/131 Pokémon Prismatic Evolutions PRE EN,,Graded,2750,[],"[""FIXED_PRICE"", ""BEST_OFFER""]",fortytwo-tcg,https://i.ebayimg.com/images/g/fzAAAeSw4JRpEgQ~/s-l225.jpg,https://www.ebay.com/itm/127482529892?_skw=Dragapult+ex+165+Prismatic+Evolutions+Pokemon+card&hash=item1dae8d0864:g:fzAAAeSw4JRpEgQ~&amdata=enc%3AAQALAAABEACCtXRWQnOEpyOqnQQ8KGb3t5B0PrgqudJur5q8KbEKCpASE3PT7hQJccvYUScz0RwRTGFatXfwt%2BzqAqG%2Fw7lq6%2B2zkIonDTI81xSmYvGjNUYrfj%2Bo0PSprSd%2BOBDvKzbp1N5poomy6Oz6E6et3TD8ISVwKh6CDR7CI1t2trv9uEGQTbKLEThOlKQyWkolaC2v9SrnNcamKvY3GsjNlqW1FDfeJggpnmWDoMNierXix6aYJ5Ppkg%2BtP3QztJ6XQDt66%2BFbs%2BJd2Zt7PWkRpBc2%2FO%2BbSmVNmdV%2FdsPzpfaYcAc85acCJJ1VHgdB2dAkKTnY%2B%2F31ncJC2DrQuTXv27zKOeCrw6rLQ6%2FgfsXabef%2F,"{""value"": ""249.99"", ""currency"": ""USD""}","[{""shippingCostType"": ""FIXED"", ""shippingCost"": {""value"": ""0.00"", ""currency"": ""USD""}, ""minEstimatedDeliveryDate"": ""2026-09-15T07:00:00.000Z"", ""maxEstimatedDeliveryDate"": ""2026-09-21T07:00:00.000Z""}]",,,PENDING_INDEPENDENT_HUMAN_REVIEW
D2-0779,a6969678-b361-4b27-bee3-e3cdc127a5e4,bb6ebfa8-886c-4b5c-822a-7431870bb339,Dragapult ex,Prismatic Evolutions,165,special_illustration_rare,v1|127932722950|0,Dragapult ex 165/131 Sv: Prismatic Evolutions Holo,,Ungraded,4000,[],"[""FIXED_PRICE"", ""BEST_OFFER""]",realestatemogul23,https://i.ebayimg.com/images/g/RgUAAeSw4PlqNpBn/s-l225.jpg,https://www.ebay.com/itm/127932722950?_skw=Dragapult+ex+165+Prismatic+Evolutions+Pokemon+card&hash=item1dc9626f06:g:RgUAAeSw4PlqNpBn,"{""value"": ""170.00"", ""currency"": ""USD""}","[{""shippingCostType"": ""CALCULATED""}]",,,PENDING_INDEPENDENT_HUMAN_REVIEW
D2-0780,a6969678-b361-4b27-bee3-e3cdc127a5e4,bb6ebfa8-886c-4b5c-822a-7431870bb339,Dragapult ex,Prismatic Evolutions,165,special_illustration_rare,v1|137307409739|0,Pokémon TCG Dragapult EX Prismatic Evolutions Card 165/131 Full Art NM Rare,,Ungraded,4000,[],"[""FIXED_PRICE"", ""BEST_OFFER""]",hippiedudeee,https://i.ebayimg.com/images/g/21gAAeSwuMVqBL2z/s-l225.jpg,https://www.ebay.com/itm/137307409739?_skw=Dragapult+ex+165+Prismatic+Evolutions+Pokemon+card&hash=item1ff828cd4b:g:21gAAeSwuMVqBL2z&amdata=enc%3AAQALAAABEACCtXRWQnOEpyOqnQQ8KGbAM9%2BV05S%2BPA2%2Fu7TZBDpLroZOkXLEGADF2se8OqdelcN%2FcK7kTfVI%2BdCZBhoLJNdw38UlglvXuvDEPNJ5y1oDYB%2FLMYAooMNfR9FzLcdu4Ho%2Fo6cYmDGVSMnnCJpiDExpHJyKdDxaSkSsKvBBF9aAczGYFfxhTqfQedXsI%2FrM%2Fwj4Jx2iZMOm3--EdMIz4PZwuqLcZtfohD85KA8MA%2BPGpBFM8OZUfOZzf26shOqdgXwjJo%2BJNYxTXikSrYpycCTSDYbvXMUtcUk%2FBrxbd4Ca%2Ba82VUKiT1Af69r0FX37JDKDOOdPil%2BbK3p7CvggphnMH1fKn120bovnvF%2B3n--L,"{""value"": ""120.00"", ""currency"": ""USD""}","[{""shippingCostType"": ""CALCULATED""}]",,,PENDING_INDEPENDENT_HUMAN_REVIEW
D2-0781,a922341e-4646-470b-95cf-2a59055b18ce,2bf9f356-230d-42e8-99e7-0b10161b9392,Spidops ex,Scarlet and Violet Base Set,243,special_illustration_rare,v1|117394284865|0,Pokémon TCG Spidops EX Scarlet & Violet Base Set Holo Card 243/198,,Ungraded,4000,[],"[""FIXED_PRICE"", ""BEST_OFFER""]",siceg6,https://i.ebayimg.com/images/g/dtkAAeSwHQBqmfCK/s-l225.jpg,https://www.ebay.com/itm/117394284865?_skw=Spidops+ex+243+Scarlet+and+Violet+Base+Set+Pokemon+card&hash=item1b553ea141:g:dtkAAeSwHQBqmfCK&amdata=enc%3AAQALAAABEACCtXRWQnOEpyOqnQQ8KGYi%2F%2B7WPMB5SaOo3UFn5eCF54rFR8hH1JMNNGwlXqH%2FFaP8bhf8qzeC2lQb4iv4puvzWVvOiApaVjC63NdhBPmmPRIjjkKlWx%2BBVKCd5HYjxEdGI6VnB8gW0qBlKd%2FljMETjkBNbTjoL0E7QNnQOivZLxH5xyoovDgtFng6gs3FqBhmIEZPw9%2Bs4%2FK3k7NITpMURrLz%2FlgjI9hZmipEV1%2BxMvFEILAIxYXPBf%2BuI4ZmRLX84405VBifSHloutVA60q7IpvNc7GSLkYc8hT9J8%2B1NMLExNChgvSke40UokvugAGzZF%2Fcfxzk75qvKvYKopjOqPxx%2Bj0dzGVc7xRuJJdf,"{""value"": ""10.00"", ""currency"": ""USD""}","[{""shippingCostType"": ""CALCULATED""}]",,,PENDING_INDEPENDENT_HUMAN_REVIEW
D2-0782,a922341e-4646-470b-95cf-2a59055b18ce,2bf9f356-230d-42e8-99e7-0b10161b9392,Spidops ex,Scarlet and Violet Base Set,243,special_illustration_rare,v1|117406726778|0,Spidops ex 243/198 SV01: Scarlet & Violet Base Set Holo NM,,Ungraded,4000,[],"[""FIXED_PRICE""]",soldbyrem,https://i.ebayimg.com/images/g/pzMAAeSwpoJqo2NX/s-l225.jpg,https://www.ebay.com/itm/117406726778?_skw=Spidops+ex+243+Scarlet+and+Violet+Base+Set+Pokemon+card&hash=item1b55fc7a7a:g:pzMAAeSwpoJqo2NX,"{""value"": ""13.99"", ""currency"": ""USD""}","[{""shippingCostType"": ""FIXED"", ""shippingCost"": {""value"": ""0.00"", ""currency"": ""USD""}, ""minEstimatedDeliveryDate"": ""2026-09-15T07:00:00.000Z"", ""maxEstimatedDeliveryDate"": ""2026-09-19T07:00:00.000Z""}]",,,PENDING_INDEPENDENT_HUMAN_REVIEW
D2-0783,a922341e-4646-470b-95cf-2a59055b18ce,2bf9f356-230d-42e8-99e7-0b10161b9392,Spidops ex,Scarlet and Violet Base Set,243,special_illustration_rare,v1|127069773974|0,Spidops ex 243/198 Sv01: Scarlet & Violet Base Set Holo NM,,Ungraded,4000,[],"[""FIXED_PRICE""]",packs_and_brix,https://i.ebayimg.com/images/g/kaIAAeSwCiZoCDbp/s-l225.jpg,https://www.ebay.com/itm/127069773974?_skw=Spidops+ex+243+Scarlet+and+Violet+Base+Set+Pokemon+card&hash=item1d95f2e096:g:kaIAAeSwCiZoCDbp,"{""value"": ""7.74"", ""currency"": ""USD""}",[],,,PENDING_INDEPENDENT_HUMAN_REVIEW
D2-0784,a922341e-4646-470b-95cf-2a59055b18ce,2bf9f356-230d-42e8-99e7-0b10161b9392,Spidops ex,Scarlet and Violet Base Set,243,special_illustration_rare,v1|168574133631|0,Pokémon TCG Spidops ex 243/198 SV01 Scarlet & Violet SIR Full Art Holo ENG,,Ungraded,4000,[],"[""FIXED_PRICE"", ""BEST_OFFER""]",anderd_4963,https://i.ebayimg.com/images/g/ITkAAeSwqNVqaqwo/s-l225.jpg,https://www.ebay.com/itm/168574133631?_skw=Spidops+ex+243+Scarlet+and+Violet+Base+Set+Pokemon+card&hash=item273fcd257f:g:ITkAAeSwqNVqaqwo&amdata=enc%3AAQALAAABEACCtXRWQnOEpyOqnQQ8KGYJeirTlQnB2K3s7C%2BMMYIrO1WziAAvFC4c%2B20p2ARRHb%2BYRP25SlmtPRU5sgrKxqyzwOAe5KYOYOI22KHkiYItav7uNZjKQE3tesS1WOJRPTiWaiJGwSjuAFjMDrQa3G%2Bec780Cf5j%2BeC7eIvP5HKj467F4dOfZb6aHqZnAWpHlI0bRFxv%2BYmYyOT2qt0%2FiaZB%2FN%2Bm6VBL1nbsNmk6d%2Bgewnt2TxHaiRaUxO8FuplhiBZKTzd8eac0ZwC6mBX7nZFHzMXww9SAHCRhGAQMhnKY5%2BEPeyD%2Bks08E7ZVb1bAFhdsYiuox58UdzGc2TO6uBNb9fJqLmzIqxokc7%2BIVMmo,"{""value"": ""10.00"", ""currency"": ""USD""}","[{""shippingCostType"": ""CALCULATED""}]",,,PENDING_INDEPENDENT_HUMAN_REVIEW
D2-0785,a922341e-4646-470b-95cf-2a59055b18ce,2bf9f356-230d-42e8-99e7-0b10161b9392,Spidops ex,Scarlet and Violet Base Set,243,special_illustration_rare,v1|198627828418|0,Pokemon Spidops ex 243/198 SV01 Scarlet & Violet SIR Holo ENG 2023,,Ungraded,4000,[],"[""AUCTION""]",realmrbrat,https://i.ebayimg.com/images/g/rUUAAeSwaVxqoFHl/s-l225.jpg,https://www.ebay.com/itm/198627828418?_skw=Spidops+ex+243+Scarlet+and+Violet+Base+Set+Pokemon+card&hash=item2e3f2422c2:g:rUUAAeSwaVxqoFHl,{},"[{""shippingCostType"": ""FIXED"", ""shippingCost"": {""value"": ""1.36"", ""currency"": ""USD""}, ""minEstimatedDeliveryDate"": ""2026-09-16T07:00:00.000Z"", ""maxEstimatedDeliveryDate"": ""2026-09-22T07:00:00.000Z""}]",,,PENDING_INDEPENDENT_HUMAN_REVIEW
D2-0786,a922341e-4646-470b-95cf-2a59055b18ce,2bf9f356-230d-42e8-99e7-0b10161b9392,Spidops ex,Scarlet and Violet Base Set,243,special_illustration_rare,v1|318695964374|0,Spidops ex 243/198 Scarlet & Violet Pokemon Holo NM,,Ungraded,4000,[],"[""FIXED_PRICE"", ""BEST_OFFER""]",sellmeyourpokemon,https://i.ebayimg.com/images/g/nv0AAeSwmE9qdqcp/s-l225.jpg,https://www.ebay.com/itm/318695964374?_skw=Spidops+ex+243+Scarlet+and+Violet+Base+Set+Pokemon+card&hash=item4a33c27ed6:g:nv0AAeSwmE9qdqcp&amdata=enc%3AAQALAAABEACCtXRWQnOEpyOqnQQ8KGYfyix--2dupwV4cgNeFC5A%2Blv7SwoIH5p3QsYNH2DnLy4PPz5VxWunNwPrbDpu7L53YWjqRs40xQIsP4t3MW7hqqNRdPnxuBJ5VsNi7hSBwGDj3h7YnuPpyUbQDMNzhQ9eZj8hFyJEPTXZEiLjnrxwOMXEzJNMBFSbqjwXVNDPzuGEtFiQx2bZL0w%2FXL4h0t1RP9x%2BXyPNn0ZxaYMEaITOX1qgJflfwvl7G0MM66A8p%2BYQ4YbaW4Xo1YossxuuBft91aLet7x0y3EZcaVDaP4zX4vx1JDmZ4MIdUnYoBlNJkRxTlPHzcGex9roKygPyk7dkWeXWabXzVJgI%2FsLqSfS,"{""value"": ""9.86"", ""currency"": ""USD""}","[{""shippingCostType"": ""FIXED"", ""shippingCost"": {""value"": ""10.00"", ""currency"": ""USD""}, ""minEstimatedDeliveryDate"": ""2026-09-15T07:00:00.000Z"", ""maxEstimatedDeliveryDate"": ""2026-09-21T07:00:00.000Z""}]",,,PENDING_INDEPENDENT_HUMAN_REVIEW
D2-0787,a922341e-4646-470b-95cf-2a59055b18ce,2bf9f356-230d-42e8-99e7-0b10161b9392,Spidops ex,Scarlet and Violet Base Set,243,special_illustration_rare,v1|117344213567|0,Spidops ex Ultra Rare 223/198 SV01: Scarlet & Violet Base Set NM takuyoa,,Ungraded,4000,[],"[""FIXED_PRICE""]",newleafcollectibles-tx,https://i.ebayimg.com/images/g/8pQAAeSwuKZqdJoU/s-l225.jpg,https://www.ebay.com/itm/117344213567?_skw=Spidops+ex+243+Scarlet+and+Violet+Base+Set+Pokemon+card&hash=item1b52429a3f:g:8pQAAeSwuKZqdJoU,"{""value"": ""1.99"", ""currency"": ""USD""}","[{""shippingCostType"": ""FIXED"", ""shippingCost"": {""value"": ""0.00"", ""currency"": ""USD""}, ""minEstimatedDeliveryDate"": ""2026-09-15T07:00:00.000Z"", ""maxEstimatedDeliveryDate"": ""2026-09-21T07:00:00.000Z""}]",,,PENDING_INDEPENDENT_HUMAN_REVIEW
D2-0788,a922341e-4646-470b-95cf-2a59055b18ce,2bf9f356-230d-42e8-99e7-0b10161b9392,Spidops ex,Scarlet and Violet Base Set,243,special_illustration_rare,v1|117373274843|0,Spidops ex 223/198 Pokemon TCG SV01: Scarlet & Violet Base Set Ultra Rare NM,,Ungraded,4000,[],"[""FIXED_PRICE""]",beasers_closet,https://i.ebayimg.com/images/g/AEoAAeSwmOBqiqL-/s-l225.jpg,https://www.ebay.com/itm/117373274843?_skw=Spidops+ex+243+Scarlet+and+Violet+Base+Set+Pokemon+card&hash=item1b53fe0adb:g:AEoAAeSwmOBqiqL-,"{""value"": ""1.99"", ""currency"": ""USD""}","[{""shippingCostType"": ""CALCULATED""}]",,,PENDING_INDEPENDENT_HUMAN_REVIEW
D2-0789,a922341e-4646-470b-95cf-2a59055b18ce,2bf9f356-230d-42e8-99e7-0b10161b9392,Spidops ex,Scarlet and Violet Base Set,243,special_illustration_rare,v1|117404580322|0,Pokemon SV01: Scarlet & Violet Base Set #019/198 Spidops ex,,Ungraded,4000,[],"[""FIXED_PRICE""]",hawks_phins,https://i.ebayimg.com/images/g/R7sAAeSwVDVqoZ5G/s-l225.jpg,https://www.ebay.com/itm/117404580322?_skw=Spidops+ex+243+Scarlet+and+Violet+Base+Set+Pokemon+card&hash=item1b55dbb9e2:g:R7sAAeSwVDVqoZ5G,"{""value"": ""2.49"", ""currency"": ""USD""}","[{""shippingCostType"": ""FIXED"", ""shippingCost"": {""value"": ""0.00"", ""currency"": ""USD""}, ""minEstimatedDeliveryDate"": ""2026-09-16T07:00:00.000Z"", ""maxEstimatedDeliveryDate"": ""2026-09-23T07:00:00.000Z""}]",,,PENDING_INDEPENDENT_HUMAN_REVIEW
D2-0790,a922341e-4646-470b-95cf-2a59055b18ce,2bf9f356-230d-42e8-99e7-0b10161b9392,Spidops ex,Scarlet and Violet Base Set,243,special_illustration_rare,v1|146653641237|445325810033,Pokemon Scarlet & Violet Series - All Double Rare EX - NM or Better - You Pick,,Ungraded,4000,[],"[""FIXED_PRICE""]",blowoutpokemon,https://i.ebayimg.com/images/g/BQ8AAOSwjUtoTZpq/s-l225.jpg,https://www.ebay.com/itm/146653641237?_skw=Spidops+ex+243+Scarlet+and+Violet+Base+Set+Pokemon+card&var=445325810033&hash=item22253cfa15:g:BQ8AAOSwjUtoTZpq,"{""value"": ""1.00"", ""currency"": ""USD""}","[{""shippingCostType"": ""FIXED"", ""shippingCost"": {""value"": ""1.50"", ""currency"": ""USD""}, ""minEstimatedDeliveryDate"": ""2026-09-15T07:00:00.000Z"", ""maxEstimatedDeliveryDate"": ""2026-09-21T07:00:00.000Z""}]",,,PENDING_INDEPENDENT_HUMAN_REVIEW
D2-0791,a922341e-4646-470b-95cf-2a59055b18ce,2bf9f356-230d-42e8-99e7-0b10161b9392,Spidops ex,Scarlet and Violet Base Set,243,special_illustration_rare,v1|147541014787|0,Spidops ex 019/198 Double Rare Scarlet & Violet Pokemon Card NM Holo,,Ungraded,4000,[],"[""FIXED_PRICE"", ""BEST_OFFER""]",trainerscache,https://i.ebayimg.com/images/g/15cAAeSw2bhqlhDX/s-l225.jpg,https://www.ebay.com/itm/147541014787?_skw=Spidops+ex+243+Scarlet+and+Violet+Base+Set+Pokemon+card&hash=item225a213903:g:15cAAeSw2bhqlhDX,"{""value"": ""1.49"", ""currency"": ""USD""}","[{""shippingCostType"": ""FIXED"", ""shippingCost"": {""value"": ""0.99"", ""currency"": ""USD""}, ""minEstimatedDeliveryDate"": ""2026-09-15T07:00:00.000Z"", ""maxEstimatedDeliveryDate"": ""2026-09-19T07:00:00.000Z""}]",,,PENDING_INDEPENDENT_HUMAN_REVIEW
D2-0792,a922341e-4646-470b-95cf-2a59055b18ce,2bf9f356-230d-42e8-99e7-0b10161b9392,Spidops ex,Scarlet and Violet Base Set,243,special_illustration_rare,v1|257698012004|0,Pokemon TCG Spidops ex 019/198 Scarlet Violet Holo LP,,Ungraded,4000,[],"[""FIXED_PRICE""]",mr_redrose12321,https://i.ebayimg.com/images/g/nLcAAeSwu7ZqizdY/s-l225.jpg,https://www.ebay.com/itm/257698012004?_skw=Spidops+ex+243+Scarlet+and+Violet+Base+Set+Pokemon+card&hash=item3bffff9b64:g:nLcAAeSwu7ZqizdY,"{""value"": ""1.74"", ""currency"": ""USD""}","[{""shippingCostType"": ""FIXED"", ""shippingCost"": {""value"": ""0.00"", ""currency"": ""USD""}, ""minEstimatedDeliveryDate"": ""2026-09-15T07:00:00.000Z"", ""maxEstimatedDeliveryDate"": ""2026-09-19T07:00:00.000Z""}]",,,PENDING_INDEPENDENT_HUMAN_REVIEW
D2-0793,a922341e-4646-470b-95cf-2a59055b18ce,2bf9f356-230d-42e8-99e7-0b10161b9392,Spidops ex,Scarlet and Violet Base Set,243,special_illustration_rare,v1|128021472756|0,Spidops ex 223/198 - Scarlet & Violet Base Set Ultra Rare - Pokémon TCG (NM),,Ungraded,4000,[],"[""FIXED_PRICE""]",mechajc,https://i.ebayimg.com/images/g/h5cAAeSwVf1qe2to/s-l225.jpg,https://www.ebay.com/itm/128021472756?_skw=Spidops+ex+243+Scarlet+and+Violet+Base+Set+Pokemon+card&hash=item1dceaca5f4:g:h5cAAeSwVf1qe2to,"{""value"": ""1.85"", ""currency"": ""USD""}","[{""shippingCostType"": ""FIXED"", ""shippingCost"": {""value"": ""0.00"", ""currency"": ""USD""}, ""minEstimatedDeliveryDate"": ""2026-09-15T07:00:00.000Z"", ""maxEstimatedDeliveryDate"": ""2026-09-18T07:00:00.000Z""}]",,,PENDING_INDEPENDENT_HUMAN_REVIEW
D2-0794,a922341e-4646-470b-95cf-2a59055b18ce,2bf9f356-230d-42e8-99e7-0b10161b9392,Spidops ex,Scarlet and Violet Base Set,243,special_illustration_rare,v1|128052237582|0,Pokemon TCG Spidops ex 019/198 SV01: Scarlet & Violet Base Set Holo NM,,Ungraded,4000,[],"[""FIXED_PRICE"", ""BEST_OFFER""]",fenix_collectibles,https://i.ebayimg.com/images/g/hUYAAeSwuTdqlFD2/s-l225.jpg,https://www.ebay.com/itm/128052237582?_skw=Spidops+ex+243+Scarlet+and+Violet+Base+Set+Pokemon+card&hash=item1dd082150e:g:hUYAAeSwuTdqlFD2,"{""value"": ""1.50"", ""currency"": ""USD""}","[{""shippingCostType"": ""FIXED"", ""shippingCost"": {""value"": ""0.00"", ""currency"": ""USD""}, ""minEstimatedDeliveryDate"": ""2026-09-16T07:00:00.000Z"", ""maxEstimatedDeliveryDate"": ""2026-09-23T07:00:00.000Z""}]",,,PENDING_INDEPENDENT_HUMAN_REVIEW
D2-0795,a922341e-4646-470b-95cf-2a59055b18ce,2bf9f356-230d-42e8-99e7-0b10161b9392,Spidops ex,Scarlet and Violet Base Set,243,special_illustration_rare,v1|134515876293|0,Pokemon Spidops ex 019/198 Scarlet & Violet Base Set NM,,Unspecified,,[],"[""FIXED_PRICE""]",dreamofthefayth209,https://i.ebayimg.com/images/g/iu8AAOSwlxFkKRV8/s-l225.jpg,https://www.ebay.com/itm/134515876293?_skw=Spidops+ex+243+Scarlet+and+Violet+Base+Set+Pokemon+card&hash=item1f51c561c5:g:iu8AAOSwlxFkKRV8,"{""value"": ""2.00"", ""currency"": ""USD""}","[{""shippingCostType"": ""FIXED"", ""shippingCost"": {""value"": ""0.00"", ""currency"": ""USD""}, ""minEstimatedDeliveryDate"": ""2026-09-15T07:00:00.000Z"", ""maxEstimatedDeliveryDate"": ""2026-09-21T07:00:00.000Z""}]",,,PENDING_INDEPENDENT_HUMAN_REVIEW
D2-0796,ae4a6acb-3a88-4547-a165-7a617bfb2ce8,cd7798fe-711e-4cad-a015-7139b3d49bf6,Jolteon ex,Prismatic Evolutions,153,special_illustration_rare,v1|117138326899|0,Jolteon ex SIR NM 153/131 SV: Prismatic Evolutions Pokemon Card,,Ungraded,4000,[],"[""FIXED_PRICE""]",cardthrone,https://i.ebayimg.com/images/g/B8sAAOSwCNRn41hx/s-l225.jpg,https://www.ebay.com/itm/117138326899?_skw=Jolteon+ex+153+Prismatic+Evolutions+Pokemon+card&hash=item1b45fd0573:g:B8sAAOSwCNRn41hx,"{""value"": ""317.99"", ""currency"": ""USD""}","[{""shippingCostType"": ""FIXED"", ""shippingCost"": {""value"": ""1.00"", ""currency"": ""USD""}, ""minEstimatedDeliveryDate"": ""2026-09-15T07:00:00.000Z"", ""maxEstimatedDeliveryDate"": ""2026-09-21T07:00:00.000Z""}]",,,PENDING_INDEPENDENT_HUMAN_REVIEW
D2-0797,ae4a6acb-3a88-4547-a165-7a617bfb2ce8,cd7798fe-711e-4cad-a015-7139b3d49bf6,Jolteon ex,Prismatic Evolutions,153,special_illustration_rare,v1|117300849997|0,Jolteon ex Special Illustration Rare SV: Prismatic Evolutions 153/131 NM,,Ungraded,4000,[],"[""FIXED_PRICE""]",the.tradingcardguy,https://i.ebayimg.com/images/g/xGgAAeSwt4FqVblD/s-l225.jpg,https://www.ebay.com/itm/117300849997?_skw=Jolteon+ex+153+Prismatic+Evolutions+Pokemon+card&hash=item1b4faced4d:g:xGgAAeSwt4FqVblD&amdata=enc%3AAQALAAABEACCtXRWQnOEpyOqnQQ8KGaxMLJT1LQyIdKdNd065FfhlwLgU0erUAq0hRQ76vxoTLbWxUR8G6VXJCenjGuiJn3EoVpEl5F8PQ%2FsHHxa5LQz6wULCRwDCQ2U90dX1keqdSzSe%2BA26SOjabX75bQiAotMXaEeivkAvl4dyMKtCL3IrEghx6R9bIIgkxh1DVkm0CgA8tsPd6yqfohylChes7%2BBPFlDnSHc8brZSKmiuSmedwBBIah7r3%2F9qIsh1c9Tv2ADjGFvEue79ZTpfi%2B5Su6xcihzFsi6vDCpzv8Bcwfy6gJs8jboVqsNyb3HiM2SRKFDZR0urM93NbgJjstvnje0xVLtnzy6QCckZtgYK1Rr,"{""value"": ""229.99"", ""currency"": ""USD""}","[{""shippingCostType"": ""FIXED"", ""shippingCost"": {""value"": ""4.99"", ""currency"": ""USD""}, ""minEstimatedDeliveryDate"": ""2026-09-15T07:00:00.000Z"", ""maxEstimatedDeliveryDate"": ""2026-09-18T07:00:00.000Z""}]",,,PENDING_INDEPENDENT_HUMAN_REVIEW
D2-0798,ae4a6acb-3a88-4547-a165-7a617bfb2ce8,cd7798fe-711e-4cad-a015-7139b3d49bf6,Jolteon ex,Prismatic Evolutions,153,special_illustration_rare,v1|117404551701|0,Pokémon TCG Jolteon ex - 153/131 - SV: Prismatic Evolutions (PRE),,Ungraded,4000,[],"[""FIXED_PRICE"", ""BEST_OFFER""]",h3artl3ss696,https://i.ebayimg.com/images/g/7h0AAeSwv8BqoZiP/s-l225.jpg,https://www.ebay.com/itm/117404551701?_skw=Jolteon+ex+153+Prismatic+Evolutions+Pokemon+card&hash=item1b55db4a15:g:7h0AAeSwv8BqoZiP,"{""value"": ""160.00"", ""currency"": ""USD""}","[{""shippingCostType"": ""CALCULATED""}]",,,PENDING_INDEPENDENT_HUMAN_REVIEW
D2-0799,ae4a6acb-3a88-4547-a165-7a617bfb2ce8,cd7798fe-711e-4cad-a015-7139b3d49bf6,Jolteon ex,Prismatic Evolutions,153,special_illustration_rare,v1|198614094138|0,Jolteon Ex 153/131  Prismatic Pokemon Card,,Ungraded,4000,[],"[""FIXED_PRICE"", ""BEST_OFFER""]",ordweb_0,https://i.ebayimg.com/images/g/abMAAeSwTgpqmLKS/s-l225.jpg,https://www.ebay.com/itm/198614094138?_skw=Jolteon+ex+153+Prismatic+Evolutions+Pokemon+card&hash=item2e3e52913a:g:abMAAeSwTgpqmLKS,"{""value"": ""10.00"", ""currency"": ""USD""}","[{""shippingCostType"": ""CALCULATED""}]",,,PENDING_INDEPENDENT_HUMAN_REVIEW
D2-0800,ae4a6acb-3a88-4547-a165-7a617bfb2ce8,cd7798fe-711e-4cad-a015-7139b3d49bf6,Jolteon ex,Prismatic Evolutions,153,special_illustration_rare,v1|317945235162|0,Jolteon EX #153 Prismatic Pokemon Special Illustration Rare 🔥 TAG 9 MINT,,Graded,2750,[],"[""FIXED_PRICE""]",marrochaa-0,https://i.ebayimg.com/images/g/aD0AAeSw615ppchO/s-l225.jpg,https://www.ebay.com/itm/317945235162?_skw=Jolteon+ex+153+Prismatic+Evolutions+Pokemon+card&hash=item4a070346da:g:aD0AAeSw615ppchO,"{""value"": ""324.35"", ""currency"": ""USD""}","[{""shippingCostType"": ""FIXED"", ""shippingCost"": {""value"": ""8.99"", ""currency"": ""USD""}, ""minEstimatedDeliveryDate"": ""2026-09-14T07:00:00.000Z"", ""maxEstimatedDeliveryDate"": ""2026-09-17T07:00:00.000Z""}]",,,PENDING_INDEPENDENT_HUMAN_REVIEW
D2-0801,ae4a6acb-3a88-4547-a165-7a617bfb2ce8,cd7798fe-711e-4cad-a015-7139b3d49bf6,Jolteon ex,Prismatic Evolutions,153,special_illustration_rare,v1|357276000098|0,Pokémon Jolteon EX Prismatic Evolution TCG Card 153/131 Holo,,Ungraded,4000,[],"[""FIXED_PRICE"", ""BEST_OFFER""]",goshynz1101-4,https://i.ebayimg.com/images/g/xukAAeSw-W5ocd81/s-l225.jpg,https://www.ebay.com/itm/357276000098?_skw=Jolteon+ex+153+Prismatic+Evolutions+Pokemon+card&hash=item532f4f1f62:g:xukAAeSw-W5ocd81,"{""value"": ""205.00"", ""currency"": ""USD""}","[{""shippingCostType"": ""FIXED"", ""shippingCost"": {""value"": ""0.00"", ""currency"": ""USD""}, ""minEstimatedDeliveryDate"": ""2026-09-16T07:00:00.000Z"", ""maxEstimatedDeliveryDate"": ""2026-09-22T07:00:00.000Z""}]",,,PENDING_INDEPENDENT_HUMAN_REVIEW
D2-0802,ae4a6acb-3a88-4547-a165-7a617bfb2ce8,cd7798fe-711e-4cad-a015-7139b3d49bf6,Jolteon ex,Prismatic Evolutions,153,special_illustration_rare,v1|318840664851|0,Pokémon TCG Jolteon EX Prismatic Evolutions SIR,,Ungraded,4000,[],"[""FIXED_PRICE"", ""BEST_OFFER""]",anut_7304,https://i.ebayimg.com/images/g/Va4AAeSwl-Zqnz13/s-l225.jpg,https://www.ebay.com/itm/318840664851?_skw=Jolteon+ex+153+Prismatic+Evolutions+Pokemon+card&hash=item4a3c627313:g:Va4AAeSwl-Zqnz13,"{""value"": ""220.00"", ""currency"": ""USD""}","[{""shippingCostType"": ""FIXED"", ""shippingCost"": {""value"": ""15.00"", ""currency"": ""USD""}, ""minEstimatedDeliveryDate"": ""2026-09-15T07:00:00.000Z"", ""maxEstimatedDeliveryDate"": ""2026-09-19T07:00:00.000Z""}]",,,PENDING_INDEPENDENT_HUMAN_REVIEW
D2-0803,ae4a6acb-3a88-4547-a165-7a617bfb2ce8,cd7798fe-711e-4cad-a015-7139b3d49bf6,Jolteon ex,Prismatic Evolutions,153,special_illustration_rare,v1|156750664346|458824091898,Pokemon Prismatic Evolutions: Choose Your Card! Reverse Holo/Holo EX Full Art NM,,Ungraded,4000,[],"[""FIXED_PRICE""]",overstackedcards,https://i.ebayimg.com/images/g/kugAAeSwHEtoy8EY/s-l225.jpg,https://www.ebay.com/itm/156750664346?_skw=Jolteon+ex+153+Prismatic+Evolutions+Pokemon+card&hash=item247f11529a:g:kugAAeSwHEtoy8EY,"{""value"": ""265.99"", ""currency"": ""USD""}","[{""shippingCostType"": ""FIXED"", ""shippingCost"": {""value"": ""0.00"", ""currency"": ""USD""}, ""minEstimatedDeliveryDate"": ""2026-09-15T07:00:00.000Z"", ""maxEstimatedDeliveryDate"": ""2026-09-18T07:00:00.000Z""}]",,,PENDING_INDEPENDENT_HUMAN_REVIEW
D2-0804,ae4a6acb-3a88-4547-a165-7a617bfb2ce8,cd7798fe-711e-4cad-a015-7139b3d49bf6,Jolteon ex,Prismatic Evolutions,153,special_illustration_rare,v1|377234168425|0,2025 Pokemon Prismatic Evolution Jolteon Ex Special Illustration Rare,,Ungraded,4000,[],"[""FIXED_PRICE""]",ty-422136,https://i.ebayimg.com/images/g/HbkAAeSwfE5qIZZ7/s-l225.jpg,https://www.ebay.com/itm/377234168425?_skw=Jolteon+ex+153+Prismatic+Evolutions+Pokemon+card&hash=item57d4e89a69:g:HbkAAeSwfE5qIZZ7,"{""value"": ""165.00"", ""currency"": ""USD""}","[{""shippingCostType"": ""CALCULATED""}]",,,PENDING_INDEPENDENT_HUMAN_REVIEW
D2-0805,ae4a6acb-3a88-4547-a165-7a617bfb2ce8,cd7798fe-711e-4cad-a015-7139b3d49bf6,Jolteon ex,Prismatic Evolutions,153,special_illustration_rare,v1|117387012353|0,Pokemon - Jolteon ex 153/131 Prismatic Evolutions SIR PSA 10,,Graded,2750,[],"[""FIXED_PRICE""]",chakochan5,https://i.ebayimg.com/images/g/JbsAAeSwjspqlK~T/s-l225.jpg,https://www.ebay.com/itm/117387012353?_skw=Jolteon+ex+153+Prismatic+Evolutions+Pokemon+card&hash=item1b54cfa901:g:JbsAAeSwjspqlK~T,"{""value"": ""719.99"", ""currency"": ""USD""}","[{""shippingCostType"": ""CALCULATED""}]",,,PENDING_INDEPENDENT_HUMAN_REVIEW
D2-0806,ae4a6acb-3a88-4547-a165-7a617bfb2ce8,cd7798fe-711e-4cad-a015-7139b3d49bf6,Jolteon ex,Prismatic Evolutions,153,special_illustration_rare,v1|157830855606|0,Jolteon EX 153 Prismatic Evolution Pokemon Extended Artwork Case,,Ungraded,4000,[],"[""FIXED_PRICE""]",outback_originals,https://i.ebayimg.com/images/g/CUsAAeSwvb1p3QqZ/s-l225.jpg,https://www.ebay.com/itm/157830855606?_skw=Jolteon+ex+153+Prismatic+Evolutions+Pokemon+card&hash=item24bf73bbb6:g:CUsAAeSwvb1p3QqZ,"{""value"": ""12.00"", ""currency"": ""USD""}","[{""shippingCostType"": ""FIXED"", ""shippingCost"": {""value"": ""5.50"", ""currency"": ""USD""}, ""minEstimatedDeliveryDate"": ""2026-09-15T07:00:00.000Z"", ""maxEstimatedDeliveryDate"": ""2026-09-18T07:00:00.000Z""}]",,,PENDING_INDEPENDENT_HUMAN_REVIEW
D2-0807,ae4a6acb-3a88-4547-a165-7a617bfb2ce8,cd7798fe-711e-4cad-a015-7139b3d49bf6,Jolteon ex,Prismatic Evolutions,153,special_illustration_rare,v1|286788282560|0,Jolteon EX 153/131 Prismatic Evolutions SIR FACTORY CREASE,,Ungraded,4000,[],"[""FIXED_PRICE"", ""BEST_OFFER""]",ultima-supply,https://i.ebayimg.com/images/g/OCEAAeSwvetor0L1/s-l225.jpg,https://www.ebay.com/itm/286788282560?_skw=Jolteon+ex+153+Prismatic+Evolutions+Pokemon+card&hash=item42c5e9e8c0:g:OCEAAeSwvetor0L1,"{""value"": ""199.99"", ""currency"": ""USD""}","[{""shippingCostType"": ""FIXED"", ""shippingCost"": {""value"": ""0.00"", ""currency"": ""USD""}, ""minEstimatedDeliveryDate"": ""2026-09-16T07:00:00.000Z"", ""maxEstimatedDeliveryDate"": ""2026-09-23T07:00:00.000Z""}]",,,PENDING_INDEPENDENT_HUMAN_REVIEW
D2-0808,ae4a6acb-3a88-4547-a165-7a617bfb2ce8,cd7798fe-711e-4cad-a015-7139b3d49bf6,Jolteon ex,Prismatic Evolutions,153,special_illustration_rare,v1|117406735175|0,2025 Pokemon Prismatic Evolutions Jolteon ex #153/131,,Ungraded,4000,[],"[""AUCTION""]",drizzycollects,https://i.ebayimg.com/images/g/tMwAAeSwhLRqBUeG/s-l225.jpg,https://www.ebay.com/itm/117406735175?_skw=Jolteon+ex+153+Prismatic+Evolutions+Pokemon+card&hash=item1b55fc9b47:g:tMwAAeSwhLRqBUeG,{},"[{""shippingCostType"": ""FIXED"", ""shippingCost"": {""value"": ""5.75"", ""currency"": ""USD""}, ""minEstimatedDeliveryDate"": ""2026-09-17T07:00:00.000Z"", ""maxEstimatedDeliveryDate"": ""2026-09-21T07:00:00.000Z""}]",,,PENDING_INDEPENDENT_HUMAN_REVIEW
D2-0809,ae4a6acb-3a88-4547-a165-7a617bfb2ce8,cd7798fe-711e-4cad-a015-7139b3d49bf6,Jolteon ex,Prismatic Evolutions,153,special_illustration_rare,v1|128027112464|0,2025 Prismatic Evolutions Special Illustration Rare 153/131 Jolteon ex CGC 10,,Graded,2750,[],"[""FIXED_PRICE""]",jparris89ab,https://i.ebayimg.com/images/g/HOEAAeSwSOpqf6MA/s-l225.jpg,https://www.ebay.com/itm/128027112464?_skw=Jolteon+ex+153+Prismatic+Evolutions+Pokemon+card&hash=item1dcf02b410:g:HOEAAeSwSOpqf6MA&amdata=enc%3AAQALAAABEACCtXRWQnOEpyOqnQQ8KGbQj9PJ3xfT1Hluh31TPtNQ41xOq6wGV8YFagiq13fbi547RhFc%2F5TtuWMkyv1SCSfA1dG2UIlzUUBs%2B6eDJwhPZrYiARIM7ZNk407T2EWan0ISwyT7TMrvmzjfoQDqCDpIIGVWOIU2x4wSUeJug9f171faQib9GXnvw3eP2puVk7EAlQCF6D59UfsNQ1T4Z%2BuggkcDP91cJDtpEmsVroWQoDJRrCIvGmEJTddD4GdMy9eP41sUe1U7%2BgFeCAG7UsXw%2FUOczp1NKS5BUNVyWMt1yhkK1Px03YDVbrPwh2PxZaEntusXDA7zIxFBdJibWu1Hh8v3CExzNAWUl0J4LQvM,"{""value"": ""325.00"", ""currency"": ""USD""}","[{""shippingCostType"": ""CALCULATED""}]",,,PENDING_INDEPENDENT_HUMAN_REVIEW
D2-0810,ae4a6acb-3a88-4547-a165-7a617bfb2ce8,cd7798fe-711e-4cad-a015-7139b3d49bf6,Jolteon ex,Prismatic Evolutions,153,special_illustration_rare,v1|128061907598|0,Pokémon TCG Jolteon ex - 153/131 - SV: Prismatic Evolutions (PRE),,Ungraded,4000,[],"[""FIXED_PRICE""]",playmakersgcc,https://i.ebayimg.com/images/g/2EcAAeSwaGNqmujH/s-l225.jpg,https://www.ebay.com/itm/128061907598?_skw=Jolteon+ex+153+Prismatic+Evolutions+Pokemon+card&hash=item1dd115a28e:g:2EcAAeSwaGNqmujH,"{""value"": ""200.00"", ""currency"": ""USD""}","[{""shippingCostType"": ""CALCULATED""}]",,,PENDING_INDEPENDENT_HUMAN_REVIEW
D2-0811,b3020b76-9ff0-449a-85b8-924878fa0e8b,b70cd4ec-81c4-4e81-a677-901a43af62d9,Archeops,White Flare,132,illustration_rare,v1|128046825751|0,Archeops 132/086 Illustration Rare White Flare Pokemon Holo Near Mint,,Ungraded,4000,[],"[""FIXED_PRICE"", ""BEST_OFFER""]",hoffshobbyhaus,https://i.ebayimg.com/images/g/VXsAAeSwc8Fqj8c8/s-l225.jpg,https://www.ebay.com/itm/128046825751?_skw=Archeops+132+White+Flare+Pokemon+card&hash=item1dd02f8117:g:VXsAAeSwc8Fqj8c8,"{""value"": ""19.99"", ""currency"": ""USD""}","[{""shippingCostType"": ""FIXED"", ""shippingCost"": {""value"": ""0.00"", ""currency"": ""USD""}, ""minEstimatedDeliveryDate"": ""2026-09-16T07:00:00.000Z"", ""maxEstimatedDeliveryDate"": ""2026-09-23T07:00:00.000Z""}]",,,PENDING_INDEPENDENT_HUMAN_REVIEW
D2-0812,b3020b76-9ff0-449a-85b8-924878fa0e8b,b70cd4ec-81c4-4e81-a677-901a43af62d9,Archeops,White Flare,132,illustration_rare,v1|137571766912|0,Archeops Holo Illustration Rare SV: White Flare 132/086 NM,,Ungraded,4000,[],"[""FIXED_PRICE"", ""BEST_OFFER""]",zacj3,https://i.ebayimg.com/images/g/SaMAAeSwo4NqbPae/s-l225.jpg,https://www.ebay.com/itm/137571766912?_skw=Archeops+132+White+Flare+Pokemon+card&hash=item2007ea9280:g:SaMAAeSwo4NqbPae,"{""value"": ""15.00"", ""currency"": ""USD""}","[{""shippingCostType"": ""FIXED"", ""shippingCost"": {""value"": ""1.99"", ""currency"": ""USD""}, ""minEstimatedDeliveryDate"": ""2026-09-15T07:00:00.000Z"", ""maxEstimatedDeliveryDate"": ""2026-09-19T07:00:00.000Z""}]",,,PENDING_INDEPENDENT_HUMAN_REVIEW
D2-0813,b3020b76-9ff0-449a-85b8-924878fa0e8b,b70cd4ec-81c4-4e81-a677-901a43af62d9,Archeops,White Flare,132,illustration_rare,v1|137625659611|0,Archeops 132/086 Sv: White Flare Holo,,Ungraded,4000,[],"[""FIXED_PRICE"", ""BEST_OFFER""]",collectorsfromdade,https://i.ebayimg.com/images/g/zWQAAeSwNz9qgN7w/s-l225.jpg,https://www.ebay.com/itm/137625659611?_skw=Archeops+132+White+Flare+Pokemon+card&hash=item200b20e8db:g:zWQAAeSwNz9qgN7w,"{""value"": ""14.99"", ""currency"": ""USD""}","[{""shippingCostType"": ""FIXED"", ""shippingCost"": {""value"": ""0.00"", ""currency"": ""USD""}, ""minEstimatedDeliveryDate"": ""2026-09-15T07:00:00.000Z"", ""maxEstimatedDeliveryDate"": ""2026-09-21T07:00:00.000Z""}]",,,PENDING_INDEPENDENT_HUMAN_REVIEW
D2-0814,b3020b76-9ff0-449a-85b8-924878fa0e8b,b70cd4ec-81c4-4e81-a677-901a43af62d9,Archeops,White Flare,132,illustration_rare,v1|128068393435|0,Archeops 132/086 WHT NM Holofoil,,Ungraded,4000,[],"[""FIXED_PRICE""]",shodashop,https://i.ebayimg.com/images/g/-AAAAeSwMKBqn7~y/s-l225.jpg,https://www.ebay.com/itm/128068393435?_skw=Archeops+132+White+Flare+Pokemon+card&hash=item1dd17899db:g:-AAAAeSwMKBqn7~y,"{""value"": ""13.99"", ""currency"": ""USD""}","[{""shippingCostType"": ""CALCULATED""}]",,,PENDING_INDEPENDENT_HUMAN_REVIEW
D2-0815,b3020b76-9ff0-449a-85b8-924878fa0e8b,b70cd4ec-81c4-4e81-a677-901a43af62d9,Archeops,White Flare,132,illustration_rare,v1|188664595978|0,Archeops 132/086 Illustration Rare Holo Pokemon Card,,Ungraded,4000,[],"[""FIXED_PRICE""]",card_revolution,https://i.ebayimg.com/images/g/UqIAAeSw86VqXK92/s-l225.jpg,https://www.ebay.com/itm/188664595978?_skw=Archeops+132+White+Flare+Pokemon+card&hash=item2bed49460a:g:UqIAAeSw86VqXK92,"{""value"": ""17.86"", ""currency"": ""USD"", ""convertedFromValue"": ""24.95"", ""convertedFromCurrency"": ""AUD""}","[{""shippingCostType"": ""CALCULATED"", ""shippingCost"": {""value"": ""15.68"", ""currency"": ""USD"", ""convertedFromValue"": ""21.91"", ""convertedFromCurrency"": ""AUD""}, ""minEstimatedDeliveryDate"": ""2026-10-01T07:00:00.000Z"", ""maxEstimatedDeliveryDate"": ""2026-10-07T07:00:00.000Z""}]",,,PENDING_INDEPENDENT_HUMAN_REVIEW
D2-0816,b3020b76-9ff0-449a-85b8-924878fa0e8b,b70cd4ec-81c4-4e81-a677-901a43af62d9,Archeops,White Flare,132,illustration_rare,v1|236979819643|0,Pokemon TCG Archeops 132/086 Dark Explorers Full Art Holo Rare English 2012,,Ungraded,4000,[],"[""FIXED_PRICE"", ""BEST_OFFER""]",chadman_m,https://i.ebayimg.com/images/g/Xu8AAeSwWUhqb5XT/s-l225.jpg,https://www.ebay.com/itm/236979819643?_skw=Archeops+132+White+Flare+Pokemon+card&hash=item372d19147b:g:Xu8AAeSwWUhqb5XT,"{""value"": ""12.00"", ""currency"": ""USD""}","[{""shippingCostType"": ""CALCULATED""}]",,,PENDING_INDEPENDENT_HUMAN_REVIEW
D2-0817,b3020b76-9ff0-449a-85b8-924878fa0e8b,b70cd4ec-81c4-4e81-a677-901a43af62d9,Archeops,White Flare,132,illustration_rare,v1|157217521409|458709422580,White Flare Pokemon Cards! Holo/Reverse Holo Rare Illustration Full Art SIR Card,,Ungraded,4000,[],"[""FIXED_PRICE""]",overstackedcards,https://i.ebayimg.com/images/g/IIkAAeSwcjdojcyv/s-l225.jpg,https://www.ebay.com/itm/157217521409?_skw=Archeops+132+White+Flare+Pokemon+card&var=458709422580&hash=item249ae4ff01:g:IIkAAeSwcjdojcyv,"{""value"": ""20.89"", ""currency"": ""USD""}","[{""shippingCostType"": ""FIXED"", ""shippingCost"": {""value"": ""0.00"", ""currency"": ""USD""}, ""minEstimatedDeliveryDate"": ""2026-09-15T07:00:00.000Z"", ""maxEstimatedDeliveryDate"": ""2026-09-18T07:00:00.000Z""}]",,,PENDING_INDEPENDENT_HUMAN_REVIEW
D2-0818,b3020b76-9ff0-449a-85b8-924878fa0e8b,b70cd4ec-81c4-4e81-a677-901a43af62d9,Archeops,White Flare,132,illustration_rare,v1|178379937316|477733080973,⚪Pokemon White Flare : Choose Your Card! EX/FullArt/IR/SIR llustration Rares!⚪,,Ungraded,4000,[],"[""FIXED_PRICE""]",yiedtcg,https://i.ebayimg.com/images/g/5aUAAeSwBCJqdJqY/s-l225.jpg,https://www.ebay.com/itm/178379937316?_skw=Archeops+132+White+Flare+Pokemon+card&var=477733080973&hash=item298845d624:g:5aUAAeSwBCJqdJqY,"{""value"": ""20.00"", ""currency"": ""USD""}","[{""shippingCostType"": ""FIXED"", ""shippingCost"": {""value"": ""0.00"", ""currency"": ""USD""}, ""minEstimatedDeliveryDate"": ""2026-09-15T07:00:00.000Z"", ""maxEstimatedDeliveryDate"": ""2026-09-21T07:00:00.000Z""}]",,,PENDING_INDEPENDENT_HUMAN_REVIEW
D2-0819,b3020b76-9ff0-449a-85b8-924878fa0e8b,b70cd4ec-81c4-4e81-a677-901a43af62d9,Archeops,White Flare,132,illustration_rare,v1|406228793717|0,Archeops 140 HP Pokémon Card Ancient Wing Ability Rock Throw Move,,Ungraded,4000,[],"[""FIXED_PRICE"", ""BEST_OFFER""]",jp12cards,https://i.ebayimg.com/images/g/548AAeSwltloztVG/s-l225.jpg,https://www.ebay.com/itm/406228793717?_skw=Archeops+132+White+Flare+Pokemon+card&hash=item5e951f7975:g:548AAeSwltloztVG,"{""value"": ""8.00"", ""currency"": ""USD""}","[{""shippingCostType"": ""CALCULATED""}]",,,PENDING_INDEPENDENT_HUMAN_REVIEW
D2-0820,b3020b76-9ff0-449a-85b8-924878fa0e8b,b70cd4ec-81c4-4e81-a677-901a43af62d9,Archeops,White Flare,132,illustration_rare,v1|127934506173|0,Archeops IR 132/086 White Flare 2025 Pokemon TCG - ACE 9 Mint Graded ,,Graded,2750,[],"[""FIXED_PRICE"", ""BEST_OFFER""]",packsandparcels,https://i.ebayimg.com/images/g/YfUAAeSwTU5p~NL9/s-l225.jpg,https://www.ebay.com/itm/127934506173?_skw=Archeops+132+White+Flare+Pokemon+card&hash=item1dc97da4bd:g:YfUAAeSwTU5p~NL9,"{""value"": ""33.77"", ""currency"": ""USD"", ""convertedFromValue"": ""24.99"", ""convertedFromCurrency"": ""GBP""}",[],,,PENDING_INDEPENDENT_HUMAN_REVIEW
D2-0821,b3020b76-9ff0-449a-85b8-924878fa0e8b,b70cd4ec-81c4-4e81-a677-901a43af62d9,Archeops,White Flare,132,illustration_rare,v1|137652885810|0,Archeops - 132/086 - SV: White Flare (WHT) - Pokemon TCG - NM,,Ungraded,4000,[],"[""FIXED_PRICE"", ""BEST_OFFER""]",the_gadget_exchange,https://i.ebayimg.com/images/g/~ZUAAeSwtwVqi18Z/s-l225.jpg,https://www.ebay.com/itm/137652885810?_skw=Archeops+132+White+Flare+Pokemon+card&hash=item200cc05932:g:~ZUAAeSwtwVqi18Z,"{""value"": ""15.00"", ""currency"": ""USD""}","[{""shippingCostType"": ""CALCULATED""}]",,,PENDING_INDEPENDENT_HUMAN_REVIEW
D2-0822,b3020b76-9ff0-449a-85b8-924878fa0e8b,b70cd4ec-81c4-4e81-a677-901a43af62d9,Archeops,White Flare,132,illustration_rare,v1|147415082752|0,Archeops 132/086 Illustration Rare 2025 Pokemon White Flare Card NM,,Ungraded,4000,[],"[""FIXED_PRICE"", ""BEST_OFFER""]",spheal123,https://i.ebayimg.com/images/g/SvcAAeSwqYlqSIM2/s-l225.jpg,https://www.ebay.com/itm/147415082752?_skw=Archeops+132+White+Flare+Pokemon+card&hash=item22529fa700:g:SvcAAeSwqYlqSIM2,"{""value"": ""18.00"", ""currency"": ""USD""}","[{""shippingCostType"": ""FIXED"", ""shippingCost"": {""value"": ""0.00"", ""currency"": ""USD""}, ""minEstimatedDeliveryDate"": ""2026-09-15T07:00:00.000Z"", ""maxEstimatedDeliveryDate"": ""2026-09-19T07:00:00.000Z""}]",,,PENDING_INDEPENDENT_HUMAN_REVIEW
D2-0823,b3020b76-9ff0-449a-85b8-924878fa0e8b,b70cd4ec-81c4-4e81-a677-901a43af62d9,Archeops,White Flare,132,illustration_rare,v1|147467439022|0,Archeops - 132/086 - SV: White Flare,,Ungraded,4000,[],"[""FIXED_PRICE"", ""BEST_OFFER""]",coastalsportcollectibles,https://i.ebayimg.com/images/g/7LUAAeSwE55qaPQj/s-l225.jpg,https://www.ebay.com/itm/147467439022?_skw=Archeops+132+White+Flare+Pokemon+card&hash=item2255be8bae:g:7LUAAeSwE55qaPQj,"{""value"": ""15.00"", ""currency"": ""USD""}","[{""shippingCostType"": ""FIXED"", ""shippingCost"": {""value"": ""1.25"", ""currency"": ""USD""}, ""minEstimatedDeliveryDate"": ""2026-09-15T07:00:00.000Z"", ""maxEstimatedDeliveryDate"": ""2026-09-21T07:00:00.000Z""}]",,,PENDING_INDEPENDENT_HUMAN_REVIEW
D2-0824,b3020b76-9ff0-449a-85b8-924878fa0e8b,b70cd4ec-81c4-4e81-a677-901a43af62d9,Archeops,White Flare,132,illustration_rare,v1|147557488571|0,Pokemon Archeops 132/086 White Flare Illustration Rare IR Holo NM,,Ungraded,4000,[],"[""FIXED_PRICE"", ""BEST_OFFER""]",lukan_n_kicks,https://i.ebayimg.com/images/g/CYgAAeSw7RFqnwSi/s-l225.jpg,https://www.ebay.com/itm/147557488571?_skw=Archeops+132+White+Flare+Pokemon+card&hash=item225b1c97bb:g:CYgAAeSw7RFqnwSi,"{""value"": ""14.00"", ""currency"": ""USD""}","[{""shippingCostType"": ""CALCULATED""}]",,,PENDING_INDEPENDENT_HUMAN_REVIEW
D2-0825,b3020b76-9ff0-449a-85b8-924878fa0e8b,b70cd4ec-81c4-4e81-a677-901a43af62d9,Archeops,White Flare,132,illustration_rare,v1|147566655147|0,Archeops Holo Illustration Rare SV: White Flare 132/086 NM,,Ungraded,4000,[],"[""FIXED_PRICE""]",totaltortugatrades,https://i.ebayimg.com/images/g/hFkAAeSwqrhqpE65/s-l225.jpg,https://www.ebay.com/itm/147566655147?_skw=Archeops+132+White+Flare+Pokemon+card&hash=item225ba876ab:g:hFkAAeSwqrhqpE65,"{""value"": ""15.92"", ""currency"": ""USD""}","[{""shippingCostType"": ""FIXED"", ""shippingCost"": {""value"": ""0.00"", ""currency"": ""USD""}, ""minEstimatedDeliveryDate"": ""2026-09-15T07:00:00.000Z"", ""maxEstimatedDeliveryDate"": ""2026-09-21T07:00:00.000Z""}]",,,PENDING_INDEPENDENT_HUMAN_REVIEW
D2-0826,b547c5c3-7082-4a7f-9290-3d569b91b462,2c272732-fdb3-4639-aa6b-ea9fa3ad9c24,Team Rocket's Giovanni,Destined Rivals,225,ultra_rare,v1|117390179451|0,Team Rocket’s Giovanni 225/182 Pokemon Destined Rivals Full Art. Pk003357,,Ungraded,4000,[],"[""FIXED_PRICE"", ""BEST_OFFER""]",camaroboysam,https://i.ebayimg.com/images/g/m-gAAeSwJK9qlu0y/s-l225.jpg,https://www.ebay.com/itm/117390179451?_skw=Team+Rocket%27s+Giovanni+225+Destined+Rivals+Pokemon+card&hash=item1b54fffc7b:g:m-gAAeSwJK9qlu0y,"{""value"": ""6.00"", ""currency"": ""USD""}","[{""shippingCostType"": ""FIXED"", ""shippingCost"": {""value"": ""1.50"", ""currency"": ""USD""}, ""minEstimatedDeliveryDate"": ""2026-09-15T07:00:00.000Z"", ""maxEstimatedDeliveryDate"": ""2026-09-21T07:00:00.000Z""}]",,,PENDING_INDEPENDENT_HUMAN_REVIEW
D2-0827,b547c5c3-7082-4a7f-9290-3d569b91b462,2c272732-fdb3-4639-aa6b-ea9fa3ad9c24,Team Rocket's Giovanni,Destined Rivals,225,ultra_rare,v1|128072523514|0,Pokemon Team Rocket's Giovanni 225/182 Destined Rivals Ultra Rare Full Art NM,,Ungraded,4000,[],"[""FIXED_PRICE"", ""BEST_OFFER""]",kingjimmy02,https://i.ebayimg.com/images/g/b0YAAeSwxPVqotci/s-l225.jpg,https://www.ebay.com/itm/128072523514?_skw=Team+Rocket%27s+Giovanni+225+Destined+Rivals+Pokemon+card&hash=item1dd1b79efa:g:b0YAAeSwxPVqotci,"{""value"": ""6.00"", ""currency"": ""USD""}","[{""shippingCostType"": ""CALCULATED""}]",,,PENDING_INDEPENDENT_HUMAN_REVIEW
D2-0828,b547c5c3-7082-4a7f-9290-3d569b91b462,2c272732-fdb3-4639-aa6b-ea9fa3ad9c24,Team Rocket's Giovanni,Destined Rivals,225,ultra_rare,v1|137362905120|0,Team Rocket's Giovanni #225 Pokemon Destined Rivals,,Ungraded,4000,[],"[""FIXED_PRICE""]",bobs51645,https://i.ebayimg.com/images/g/8RoAAeSwwMlqG5jj/s-l225.jpg,https://www.ebay.com/itm/137362905120?_skw=Team+Rocket%27s+Giovanni+225+Destined+Rivals+Pokemon+card&hash=item1ffb779820:g:8RoAAeSwwMlqG5jj,"{""value"": ""8.00"", ""currency"": ""USD""}","[{""shippingCostType"": ""CALCULATED""}]",,,PENDING_INDEPENDENT_HUMAN_REVIEW
D2-0829,b547c5c3-7082-4a7f-9290-3d569b91b462,2c272732-fdb3-4639-aa6b-ea9fa3ad9c24,Team Rocket's Giovanni,Destined Rivals,225,ultra_rare,v1|157077521788|458585815746,Pokemon Cards! Destined Rivals Holo/Reverse Holo EX Ultra Rare SIR Full Art Card,,Ungraded,4000,[],"[""FIXED_PRICE""]",overstackedcards,https://i.ebayimg.com/images/g/4C0AAOSwApBoRrAI/s-l225.jpg,https://www.ebay.com/itm/157077521788?_skw=Team+Rocket%27s+Giovanni+225+Destined+Rivals+Pokemon+card&hash=item24928cc57c:g:4C0AAOSwApBoRrAI,"{""value"": ""14.24"", ""currency"": ""USD""}","[{""shippingCostType"": ""FIXED"", ""shippingCost"": {""value"": ""0.00"", ""currency"": ""USD""}, ""minEstimatedDeliveryDate"": ""2026-09-15T07:00:00.000Z"", ""maxEstimatedDeliveryDate"": ""2026-09-18T07:00:00.000Z""}]",,,PENDING_INDEPENDENT_HUMAN_REVIEW
D2-0830,b547c5c3-7082-4a7f-9290-3d569b91b462,2c272732-fdb3-4639-aa6b-ea9fa3ad9c24,Team Rocket's Giovanni,Destined Rivals,225,ultra_rare,v1|158262805996|0,Pokémon TCG Destined Rivals Team Rockets Giovanni Card 225/182,,Ungraded,4000,[],"[""FIXED_PRICE"", ""BEST_OFFER""]",jacol5761,https://i.ebayimg.com/images/g/h-oAAeSwmpZqnOV-/s-l225.jpg,https://www.ebay.com/itm/158262805996?_skw=Team+Rocket%27s+Giovanni+225+Destined+Rivals+Pokemon+card&hash=item24d932c5ec:g:h-oAAeSwmpZqnOV-,"{""value"": ""8.99"", ""currency"": ""USD""}","[{""shippingCostType"": ""CALCULATED""}]",,,PENDING_INDEPENDENT_HUMAN_REVIEW
D2-0831,b547c5c3-7082-4a7f-9290-3d569b91b462,2c272732-fdb3-4639-aa6b-ea9fa3ad9c24,Team Rocket's Giovanni,Destined Rivals,225,ultra_rare,v1|287569609957|0,Pokémon TCG Team Rockets Giovanni Destined Rivals Card 225/182,,Ungraded,4000,[],"[""FIXED_PRICE"", ""AUCTION""]",dabcollects_44,https://i.ebayimg.com/images/g/CjsAAeSwhPJqlHdO/s-l225.jpg,https://www.ebay.com/itm/287569609957?_skw=Team+Rocket%27s+Giovanni+225+Destined+Rivals+Pokemon+card&hash=item42f47c04e5:g:CjsAAeSwhPJqlHdO,"{""value"": ""5.79"", ""currency"": ""USD""}","[{""shippingCostType"": ""CALCULATED""}]",,,PENDING_INDEPENDENT_HUMAN_REVIEW
D2-0832,b547c5c3-7082-4a7f-9290-3d569b91b462,2c272732-fdb3-4639-aa6b-ea9fa3ad9c24,Team Rocket's Giovanni,Destined Rivals,225,ultra_rare,v1|128074143866|0,ACE 10 Team Rocket's Giovanni 225/182 Destined Rivals Gem Mint 10 Pokemon,,Graded,2750,[],"[""FIXED_PRICE"", ""BEST_OFFER""]",matfos6578,https://i.ebayimg.com/images/g/fC0AAeSwj6RqpBru/s-l225.jpg,https://www.ebay.com/itm/128074143866?_skw=Team+Rocket%27s+Giovanni+225+Destined+Rivals+Pokemon+card&hash=item1dd1d0587a:g:fC0AAeSwj6RqpBru&amdata=enc%3AAQALAAABEACCtXRWQnOEpyOqnQQ8KGZTLYCFOZvAihBN3xKq4ThpIjD7P7PGeAbEcSGfTzb0HBXhU3ZQ9YvZ2%2BpAekzK1pW6XCv87pDiD8F3LgCS3%2F7veU%2BquhPH2y5RW59QULb1KAA5J69qrBdcd5VceGTW%2FQlHA9t7TGuLtLxuzA8NOE2tcZ%2Fn6p9zVvHXK3dIJ7bWQO%2B8sy0LLwWBJM3fT5WgkU9TNGVzmch%2FV8IvSweNLsLt%2F5JWFEnNiXrf6S1SiJGozQ7z3tAtgPNgH6R0MffwidOOENOOURbFZSU6EIluH7ZvZ85kOU5r469TWDy1R9UY47wTNqlnKaCzZ5FEGbAK8QalytppVdOGdIR4FwhPptyC,"{""value"": ""47.14"", ""currency"": ""USD"", ""convertedFromValue"": ""34.89"", ""convertedFromCurrency"": ""GBP""}",[],,,PENDING_INDEPENDENT_HUMAN_REVIEW
D2-0833,b547c5c3-7082-4a7f-9290-3d569b91b462,2c272732-fdb3-4639-aa6b-ea9fa3ad9c24,Team Rocket's Giovanni,Destined Rivals,225,ultra_rare,v1|147550506379|0,TEAM ROCKET'S GIOVANNI POKEMON DESTINED RIVALS 225/182 ULTRA RARE LIGHTLY PLAYED,,Ungraded,4000,[],"[""FIXED_PRICE""]",halocop237,https://i.ebayimg.com/images/g/kPYAAeSwNXNqmz0I/s-l225.jpg,https://www.ebay.com/itm/147550506379?_skw=Team+Rocket%27s+Giovanni+225+Destined+Rivals+Pokemon+card&hash=item225ab20d8b:g:kPYAAeSwNXNqmz0I,"{""value"": ""5.46"", ""currency"": ""USD""}","[{""shippingCostType"": ""FIXED"", ""shippingCost"": {""value"": ""1.00"", ""currency"": ""USD""}, ""minEstimatedDeliveryDate"": ""2026-09-15T07:00:00.000Z"", ""maxEstimatedDeliveryDate"": ""2026-09-19T07:00:00.000Z""}]",,,PENDING_INDEPENDENT_HUMAN_REVIEW
D2-0834,b547c5c3-7082-4a7f-9290-3d569b91b462,2c272732-fdb3-4639-aa6b-ea9fa3ad9c24,Team Rocket's Giovanni,Destined Rivals,225,ultra_rare,v1|137397464334|0,Team Rocket's Giovanni 225/182 Ultra Rare Destined Rivals Pokemon Near Mint,,Ungraded,4000,[],"[""FIXED_PRICE""]",sj_collections,https://i.ebayimg.com/images/g/pBEAAeSw9RVqKIeR/s-l225.jpg,https://www.ebay.com/itm/137397464334?_skw=Team+Rocket%27s+Giovanni+225+Destined+Rivals+Pokemon+card&hash=item1ffd86ed0e:g:pBEAAeSw9RVqKIeR,"{""value"": ""7.97"", ""currency"": ""USD""}","[{""shippingCostType"": ""CALCULATED""}]",,,PENDING_INDEPENDENT_HUMAN_REVIEW
D2-0835,b547c5c3-7082-4a7f-9290-3d569b91b462,2c272732-fdb3-4639-aa6b-ea9fa3ad9c24,Team Rocket's Giovanni,Destined Rivals,225,ultra_rare,v1|137522893377|0,Team Rocket's Giovanni 225/182 - SV10: Destined Rivals - (NM),,Ungraded,4000,[],"[""FIXED_PRICE"", ""BEST_OFFER""]",myferrouswheel,https://i.ebayimg.com/images/g/KXEAAeSw-1dqWoGA/s-l225.jpg,https://www.ebay.com/itm/137522893377?_skw=Team+Rocket%27s+Giovanni+225+Destined+Rivals+Pokemon+card&hash=item200500d241:g:KXEAAeSw-1dqWoGA,"{""value"": ""7.99"", ""currency"": ""USD""}","[{""shippingCostType"": ""CALCULATED""}]",,,PENDING_INDEPENDENT_HUMAN_REVIEW
D2-0836,b547c5c3-7082-4a7f-9290-3d569b91b462,2c272732-fdb3-4639-aa6b-ea9fa3ad9c24,Team Rocket's Giovanni,Destined Rivals,225,ultra_rare,v1|147289002639|0,Team Rocket's Giovanni 225/182 Ultra Rare Destined Rivals Pokemon Card,,Ungraded,4000,[],"[""FIXED_PRICE""]",rayspsas,https://i.ebayimg.com/images/g/ANEAAeSwFO1p9Vw4/s-l225.jpg,https://www.ebay.com/itm/147289002639?_skw=Team+Rocket%27s+Giovanni+225+Destined+Rivals+Pokemon+card&hash=item224b1bd28f:g:ANEAAeSwFO1p9Vw4,"{""value"": ""12.99"", ""currency"": ""USD""}","[{""shippingCostType"": ""FIXED"", ""shippingCost"": {""value"": ""0.00"", ""currency"": ""USD""}, ""minEstimatedDeliveryDate"": ""2026-09-14T07:00:00.000Z"", ""maxEstimatedDeliveryDate"": ""2026-09-17T07:00:00.000Z""}]",,,PENDING_INDEPENDENT_HUMAN_REVIEW
D2-0837,b547c5c3-7082-4a7f-9290-3d569b91b462,2c272732-fdb3-4639-aa6b-ea9fa3ad9c24,Team Rocket's Giovanni,Destined Rivals,225,ultra_rare,v1|147465206454|0,Pokemon Team Rockets Giovanni Full Art Holo Card Destined Rivals 225/182 PSA 10,,Graded,2750,[],"[""FIXED_PRICE"", ""BEST_OFFER""]",quinnhall,https://i.ebayimg.com/images/g/g1EAAeSwan9qZ8M7/s-l225.jpg,https://www.ebay.com/itm/147465206454?_skw=Team+Rocket%27s+Giovanni+225+Destined+Rivals+Pokemon+card&hash=item22559c7ab6:g:g1EAAeSwan9qZ8M7&amdata=enc%3AAQALAAABEACCtXRWQnOEpyOqnQQ8KGaHyMuSPVRGBnph8BtquHSGDaWpcwJODnhBLjyLVlNN7L%2BxKdKHz3Bk87CRsY7qvr6%2BOobccqIJySDBLz%2FIiIAi6ZtwWxW504pwmTKvShDBw1ugx7rH68CrUVuqvoQ8o1TI%2FY8JO1NpHL8QKR3Vzo5c03vTglN8TEg5X9WuDS1C1CUUhEE8C04nhYg%2FAv2j2AN2JERhImH2shbakc1YSt%2F0hGTLp6m0sBr5Wyf9Mn4uWB5wTy9Zej0Hi5eEIDzip255Up60TyixJddD%2F4%2BA1AkRijPJ1kHZ%2B6KBFaGo2Tj7CKeCevWG%2Ftmco%2Fmmq8S%2Fwf6C3kebFN1VW8iq3hyGUxAT,"{""value"": ""69.99"", ""currency"": ""USD""}","[{""shippingCostType"": ""CALCULATED""}]",,,PENDING_INDEPENDENT_HUMAN_REVIEW
D2-0838,b547c5c3-7082-4a7f-9290-3d569b91b462,2c272732-fdb3-4639-aa6b-ea9fa3ad9c24,Team Rocket's Giovanni,Destined Rivals,225,ultra_rare,v1|147521325833|0,Team Rocket's Giovanni 225/182 Ultra Rare Destined Rivals Pokemon Holo NM,,Ungraded,4000,[],"[""FIXED_PRICE""]",shnew32,https://i.ebayimg.com/images/g/~N4AAeSwTclqidAX/s-l225.jpg,https://www.ebay.com/itm/147521325833?_skw=Team+Rocket%27s+Giovanni+225+Destined+Rivals+Pokemon+card&hash=item2258f4cb09:g:~N4AAeSwTclqidAX,"{""value"": ""6.00"", ""currency"": ""USD""}","[{""shippingCostType"": ""CALCULATED""}]",,,PENDING_INDEPENDENT_HUMAN_REVIEW
D2-0839,b547c5c3-7082-4a7f-9290-3d569b91b462,2c272732-fdb3-4639-aa6b-ea9fa3ad9c24,Team Rocket's Giovanni,Destined Rivals,225,ultra_rare,v1|157685133852|0,2025 POKEMON DRI EN-DESTINED RIVALS ULTRA RARE #225 TEAM ROCKET'S GIOVANNI PSA 8,,Graded,2750,[],"[""FIXED_PRICE"", ""BEST_OFFER""]",jpscollectablesny,https://i.ebayimg.com/images/g/7voAAeSwXLtpko4H/s-l225.jpg,https://www.ebay.com/itm/157685133852?_skw=Team+Rocket%27s+Giovanni+225+Destined+Rivals+Pokemon+card&hash=item24b6c4321c:g:7voAAeSwXLtpko4H&amdata=enc%3AAQALAAABEACCtXRWQnOEpyOqnQQ8KGZbU2jpBcOjBXxQXfeoe4w2pGZg9A%2FeP5sd0kGNS5iaRRNG6Vrt1C9xsNlDK037HlZuZ8jFcD03FtEfDRdlDkjQuYcIVQgFJ5jXooaSIg%2Fv8mgm9F8PIUU64mkcAvYrSV5YQsIdcoyts6SHxyfkAvgusALWGtxKFQN3KQ8jcwv1IKEBxIERPE0m6Y01bcAqRP7nAQhBz2mbIKzX0HZ6DdwaM3mcVXLAo1XgUDHHSafIea%2Bmko1UDkhGbAw6EJjAFuvdlAzSVtesEY3QMuRfWnfYInw%2FY02aIVighDUap4t05Zh7TRBYJTGYPWBmgCHaa51ex%2FbBBR%2Bv78QDW2KJDYMy,"{""value"": ""25.00"", ""currency"": ""USD""}","[{""shippingCostType"": ""CALCULATED""}]",,,PENDING_INDEPENDENT_HUMAN_REVIEW
D2-0840,b547c5c3-7082-4a7f-9290-3d569b91b462,2c272732-fdb3-4639-aa6b-ea9fa3ad9c24,Team Rocket's Giovanni,Destined Rivals,225,ultra_rare,v1|158098028030|0,Team Rocket's Giovanni 225/182 UR Destined Rivals Pokemon Holofoil Near Mint,,Ungraded,4000,[],"[""FIXED_PRICE"", ""BEST_OFFER""]",swiftrare,https://i.ebayimg.com/images/g/hEEAAeSwskFqmTFd/s-l225.jpg,https://www.ebay.com/itm/158098028030?_skw=Team+Rocket%27s+Giovanni+225+Destined+Rivals+Pokemon+card&hash=item24cf6075fe:g:hEEAAeSwskFqmTFd,"{""value"": ""8.99"", ""currency"": ""USD""}","[{""shippingCostType"": ""FIXED"", ""shippingCost"": {""value"": ""0.00"", ""currency"": ""USD""}, ""minEstimatedDeliveryDate"": ""2026-09-14T07:00:00.000Z"", ""maxEstimatedDeliveryDate"": ""2026-09-17T07:00:00.000Z""}]",,,PENDING_INDEPENDENT_HUMAN_REVIEW
D2-0841,b620ec1c-c0ac-4e7e-919d-a7df98bcb84b,8af678f4-09f0-486c-9617-b56896ebeea0,Zweilous,White Flare,147,illustration_rare,v1|117288679749|0,Zweilous Holo Illustration Rare SV: White Flare 147/086 NM,,Ungraded,4000,[],"[""FIXED_PRICE"", ""BEST_OFFER""]",mrekicks,https://i.ebayimg.com/images/g/J4UAAeSwKZRqTIHu/s-l225.jpg,https://www.ebay.com/itm/117288679749?_skw=Zweilous+147+White+Flare+Pokemon+card&hash=item1b4ef33945:g:J4UAAeSwKZRqTIHu,"{""value"": ""14.95"", ""currency"": ""USD""}","[{""shippingCostType"": ""FIXED"", ""shippingCost"": {""value"": ""0.99"", ""currency"": ""USD""}, ""minEstimatedDeliveryDate"": ""2026-09-16T07:00:00.000Z"", ""maxEstimatedDeliveryDate"": ""2026-09-22T07:00:00.000Z""}]",,,PENDING_INDEPENDENT_HUMAN_REVIEW
D2-0842,b620ec1c-c0ac-4e7e-919d-a7df98bcb84b,8af678f4-09f0-486c-9617-b56896ebeea0,Zweilous,White Flare,147,illustration_rare,v1|117359991302|0,Zweilous 147/086 Sv: White Flare Holo,,Ungraded,4000,[],"[""FIXED_PRICE"", ""BEST_OFFER""]",brucelee00,https://i.ebayimg.com/images/g/Z4AAAeSwFplqf7Tp/s-l225.jpg,https://www.ebay.com/itm/117359991302?_skw=Zweilous+147+White+Flare+Pokemon+card&hash=item1b53335a06:g:Z4AAAeSwFplqf7Tp,"{""value"": ""13.00"", ""currency"": ""USD""}","[{""shippingCostType"": ""FIXED"", ""shippingCost"": {""value"": ""5.17"", ""currency"": ""USD""}, ""minEstimatedDeliveryDate"": ""2026-09-15T07:00:00.000Z"", ""maxEstimatedDeliveryDate"": ""2026-09-18T07:00:00.000Z""}]",,,PENDING_INDEPENDENT_HUMAN_REVIEW
D2-0843,b620ec1c-c0ac-4e7e-919d-a7df98bcb84b,8af678f4-09f0-486c-9617-b56896ebeea0,Zweilous,White Flare,147,illustration_rare,v1|117373992930|0,Zweilous - 147/086 - SV: White Flare (WHT),,Ungraded,4000,[],"[""FIXED_PRICE"", ""BEST_OFFER""]",danmar269,https://i.ebayimg.com/images/g/TJoAAeSwbLhqi3NQ/s-l225.jpg,https://www.ebay.com/itm/117373992930?_skw=Zweilous+147+White+Flare+Pokemon+card&hash=item1b5408ffe2:g:TJoAAeSwbLhqi3NQ,"{""value"": ""14.00"", ""currency"": ""USD""}","[{""shippingCostType"": ""FIXED"", ""shippingCost"": {""value"": ""1.00"", ""currency"": ""USD""}, ""minEstimatedDeliveryDate"": ""2026-09-15T07:00:00.000Z"", ""maxEstimatedDeliveryDate"": ""2026-09-18T07:00:00.000Z""}]",,,PENDING_INDEPENDENT_HUMAN_REVIEW
D2-0844,b620ec1c-c0ac-4e7e-919d-a7df98bcb84b,8af678f4-09f0-486c-9617-b56896ebeea0,Zweilous,White Flare,147,illustration_rare,v1|267777052293|0,Zweilous Illustration Rare - WHT 147/086 EN NM Holofoil Pokemon,,Ungraded,4000,[],"[""FIXED_PRICE""]",godpackgaming,https://i.ebayimg.com/images/g/CTQAAeSw~ttqoDOa/s-l225.jpg,https://www.ebay.com/itm/267777052293?_skw=Zweilous+147+White+Flare+Pokemon+card&hash=item3e58c18e85:g:CTQAAeSw~ttqoDOa,"{""value"": ""19.99"", ""currency"": ""USD""}","[{""shippingCostType"": ""FIXED"", ""shippingCost"": {""value"": ""0.00"", ""currency"": ""USD""}, ""minEstimatedDeliveryDate"": ""2026-09-15T07:00:00.000Z"", ""maxEstimatedDeliveryDate"": ""2026-09-21T07:00:00.000Z""}]",,,PENDING_INDEPENDENT_HUMAN_REVIEW
D2-0845,b620ec1c-c0ac-4e7e-919d-a7df98bcb84b,8af678f4-09f0-486c-9617-b56896ebeea0,Zweilous,White Flare,147,illustration_rare,v1|287548084362|0,Zweilous Holofoil NM Illustration Rare [WHT - 147/086],,Ungraded,4000,[],"[""FIXED_PRICE""]",blackstarcardsco,https://i.ebayimg.com/images/g/0OYAAeSwiCJqj6Gt/s-l225.jpg,https://www.ebay.com/itm/287548084362?_skw=Zweilous+147+White+Flare+Pokemon+card&hash=item42f333908a:g:0OYAAeSwiCJqj6Gt,"{""value"": ""14.99"", ""currency"": ""USD""}","[{""shippingCostType"": ""FIXED"", ""shippingCost"": {""value"": ""0.99"", ""currency"": ""USD""}, ""minEstimatedDeliveryDate"": ""2026-09-15T07:00:00.000Z"", ""maxEstimatedDeliveryDate"": ""2026-09-21T07:00:00.000Z""}]",,,PENDING_INDEPENDENT_HUMAN_REVIEW
D2-0846,b620ec1c-c0ac-4e7e-919d-a7df98bcb84b,8af678f4-09f0-486c-9617-b56896ebeea0,Zweilous,White Flare,147,illustration_rare,v1|318582562146|0,Zweilous 147/086 Holo,,Ungraded,4000,[],"[""FIXED_PRICE""]",cubone_vault_shop,https://i.ebayimg.com/images/g/cF0AAeSw7dlqVwQY/s-l225.jpg,https://www.ebay.com/itm/318582562146?_skw=Zweilous+147+White+Flare+Pokemon+card&hash=item4a2d001d62:g:cF0AAeSw7dlqVwQY,"{""value"": ""13.50"", ""currency"": ""USD""}","[{""shippingCostType"": ""FIXED"", ""shippingCost"": {""value"": ""1.32"", ""currency"": ""USD""}, ""minEstimatedDeliveryDate"": ""2026-09-15T07:00:00.000Z"", ""maxEstimatedDeliveryDate"": ""2026-09-19T07:00:00.000Z""}]",,,PENDING_INDEPENDENT_HUMAN_REVIEW
D2-0847,b620ec1c-c0ac-4e7e-919d-a7df98bcb84b,8af678f4-09f0-486c-9617-b56896ebeea0,Zweilous,White Flare,147,illustration_rare,v1|188858948623|0,Zweilous 66/86 White Flare Common Pokemon TCG Card Trading Near Mint Art kodama,,Ungraded,4000,[],"[""FIXED_PRICE""]",wexfordpawn,https://i.ebayimg.com/images/g/X~IAAeSwKVxqk0MV/s-l225.jpg,https://www.ebay.com/itm/188858948623?_skw=Zweilous+147+White+Flare+Pokemon+card&hash=item2bf8dedc0f:g:X~IAAeSwKVxqk0MV,"{""value"": ""1.89"", ""currency"": ""USD""}","[{""shippingCostType"": ""FIXED"", ""shippingCost"": {""value"": ""0.00"", ""currency"": ""USD""}, ""minEstimatedDeliveryDate"": ""2026-09-15T07:00:00.000Z"", ""maxEstimatedDeliveryDate"": ""2026-09-18T07:00:00.000Z""}]",,,PENDING_INDEPENDENT_HUMAN_REVIEW
D2-0848,b620ec1c-c0ac-4e7e-919d-a7df98bcb84b,8af678f4-09f0-486c-9617-b56896ebeea0,Zweilous,White Flare,147,illustration_rare,v1|157217521409|458709422586,White Flare Pokemon Cards! Holo/Reverse Holo Rare Illustration Full Art SIR Card,,Ungraded,4000,[],"[""FIXED_PRICE""]",overstackedcards,https://i.ebayimg.com/images/g/EtkAAeSwie5ojc1-/s-l225.jpg,https://www.ebay.com/itm/157217521409?_skw=Zweilous+147+White+Flare+Pokemon+card&var=458709422586&hash=item249ae4ff01:g:EtkAAeSwie5ojc1-,"{""value"": ""22.79"", ""currency"": ""USD""}","[{""shippingCostType"": ""FIXED"", ""shippingCost"": {""value"": ""0.00"", ""currency"": ""USD""}, ""minEstimatedDeliveryDate"": ""2026-09-15T07:00:00.000Z"", ""maxEstimatedDeliveryDate"": ""2026-09-18T07:00:00.000Z""}]",,,PENDING_INDEPENDENT_HUMAN_REVIEW
D2-0849,b620ec1c-c0ac-4e7e-919d-a7df98bcb84b,8af678f4-09f0-486c-9617-b56896ebeea0,Zweilous,White Flare,147,illustration_rare,v1|137412309069|0,2025 Pokemon Zweilous Illustration Rare White Flare 147/086 PSA 9 MINT,,Graded,2750,[],"[""FIXED_PRICE"", ""BEST_OFFER""]",nic20_23,https://i.ebayimg.com/images/g/MEoAAeSwKqNqLeon/s-l225.jpg,https://www.ebay.com/itm/137412309069?_skw=Zweilous+147+White+Flare+Pokemon+card&hash=item1ffe69704d:g:MEoAAeSwKqNqLeon,"{""value"": ""25.00"", ""currency"": ""USD""}","[{""shippingCostType"": ""CALCULATED""}]",,,PENDING_INDEPENDENT_HUMAN_REVIEW
D2-0850,b620ec1c-c0ac-4e7e-919d-a7df98bcb84b,8af678f4-09f0-486c-9617-b56896ebeea0,Zweilous,White Flare,147,illustration_rare,v1|127937772002|0,Zweilous 147/086 Illustration Rare White Flare Holo Full Art Pokemon Near Mint,,Ungraded,4000,[],"[""FIXED_PRICE""]",booksale,https://i.ebayimg.com/images/g/eEoAAeSw8D1qOnqD/s-l225.jpg,https://www.ebay.com/itm/127937772002?_skw=Zweilous+147+White+Flare+Pokemon+card&hash=item1dc9af79e2:g:eEoAAeSw8D1qOnqD,"{""value"": ""13.00"", ""currency"": ""USD""}","[{""shippingCostType"": ""CALCULATED""}]",,,PENDING_INDEPENDENT_HUMAN_REVIEW
D2-0851,b620ec1c-c0ac-4e7e-919d-a7df98bcb84b,8af678f4-09f0-486c-9617-b56896ebeea0,Zweilous,White Flare,147,illustration_rare,v1|127976507221|0,Zweilous 147/086 Holo Illustration Rare White Flare Pokemon English NM,,Ungraded,4000,[],"[""FIXED_PRICE""]",pristine_10_collectibles,https://i.ebayimg.com/images/g/h1cAAeSweXxqV8Lo/s-l225.jpg,https://www.ebay.com/itm/127976507221?_skw=Zweilous+147+White+Flare+Pokemon+card&hash=item1dcbfe8755:g:h1cAAeSweXxqV8Lo,"{""value"": ""16.99"", ""currency"": ""USD""}","[{""shippingCostType"": ""CALCULATED""}]",,,PENDING_INDEPENDENT_HUMAN_REVIEW
D2-0852,b620ec1c-c0ac-4e7e-919d-a7df98bcb84b,8af678f4-09f0-486c-9617-b56896ebeea0,Zweilous,White Flare,147,illustration_rare,v1|128023847298|0,Zweilous Holo 147/086 SV: White Flare Illustration Rare NM,,Ungraded,4000,[],"[""FIXED_PRICE""]",awol120,https://i.ebayimg.com/images/g/99oAAeSwxghqfSok/s-l225.jpg,https://www.ebay.com/itm/128023847298?_skw=Zweilous+147+White+Flare+Pokemon+card&hash=item1dced0e182:g:99oAAeSwxghqfSok,"{""value"": ""14.31"", ""currency"": ""USD""}","[{""shippingCostType"": ""FIXED"", ""shippingCost"": {""value"": ""0.00"", ""currency"": ""USD""}, ""minEstimatedDeliveryDate"": ""2026-09-15T07:00:00.000Z"", ""maxEstimatedDeliveryDate"": ""2026-09-19T07:00:00.000Z""}]",,,PENDING_INDEPENDENT_HUMAN_REVIEW
D2-0853,b620ec1c-c0ac-4e7e-919d-a7df98bcb84b,8af678f4-09f0-486c-9617-b56896ebeea0,Zweilous,White Flare,147,illustration_rare,v1|128060594200|0,Pokémon TCG Zweilous 147/086 SV: White Flare Illustration Rare Holo IR NM,,Ungraded,4000,[],"[""FIXED_PRICE"", ""BEST_OFFER""]",omnivtg,https://i.ebayimg.com/images/g/6wYAAeSwK6Fqmhfx/s-l225.jpg,https://www.ebay.com/itm/128060594200?_skw=Zweilous+147+White+Flare+Pokemon+card&hash=item1dd1019818:g:6wYAAeSwK6Fqmhfx,"{""value"": ""14.99"", ""currency"": ""USD""}","[{""shippingCostType"": ""FIXED"", ""shippingCost"": {""value"": ""0.00"", ""currency"": ""USD""}, ""minEstimatedDeliveryDate"": ""2026-09-15T07:00:00.000Z"", ""maxEstimatedDeliveryDate"": ""2026-09-21T07:00:00.000Z""}]",,,PENDING_INDEPENDENT_HUMAN_REVIEW
D2-0854,b620ec1c-c0ac-4e7e-919d-a7df98bcb84b,8af678f4-09f0-486c-9617-b56896ebeea0,Zweilous,White Flare,147,illustration_rare,v1|128072382302|0,Pokémon TCG Zweilous 147/086 NM White Flare Illustration Rare Near Mint,,Ungraded,4000,[],"[""FIXED_PRICE""]",lakew,https://i.ebayimg.com/images/g/VkUAAeSwODBqor54/s-l225.jpg,https://www.ebay.com/itm/128072382302?_skw=Zweilous+147+White+Flare+Pokemon+card&hash=item1dd1b5775e:g:VkUAAeSwODBqor54,"{""value"": ""12.45"", ""currency"": ""USD""}","[{""shippingCostType"": ""FIXED"", ""shippingCost"": {""value"": ""0.00"", ""currency"": ""USD""}, ""minEstimatedDeliveryDate"": ""2026-09-15T07:00:00.000Z"", ""maxEstimatedDeliveryDate"": ""2026-09-21T07:00:00.000Z""}]",,,PENDING_INDEPENDENT_HUMAN_REVIEW
D2-0855,b620ec1c-c0ac-4e7e-919d-a7df98bcb84b,8af678f4-09f0-486c-9617-b56896ebeea0,Zweilous,White Flare,147,illustration_rare,v1|137184611398|0,Zweilous 147/086 Illustration Rare Pokemon Card SV: White Flare,,Ungraded,4000,[],"[""FIXED_PRICE""]",crystaltcg,https://i.ebayimg.com/images/g/q~EAAeSwsl9pzBUg/s-l225.jpg,https://www.ebay.com/itm/137184611398?_skw=Zweilous+147+White+Flare+Pokemon+card&hash=item1ff0d70c46:g:q~EAAeSwsl9pzBUg,"{""value"": ""20.00"", ""currency"": ""USD""}","[{""shippingCostType"": ""FIXED"", ""shippingCost"": {""value"": ""0.00"", ""currency"": ""USD""}, ""minEstimatedDeliveryDate"": ""2026-09-15T07:00:00.000Z"", ""maxEstimatedDeliveryDate"": ""2026-09-21T07:00:00.000Z""}]",,,PENDING_INDEPENDENT_HUMAN_REVIEW
D2-0856,b801a524-e703-4f4c-ad99-1ec742cf30ec,586dac04-6254-4241-b628-b6d3dac61063,Bianca's Devotion,Temporal Forces,209,special_illustration_rare,v1|116495726061|0,Bianca's Devotion 209/162 Sv05: Temporal Forces Holo,,Graded,2750,[],"[""FIXED_PRICE""]",jedoy,https://i.ebayimg.com/images/g/h0AAAeSwQUhnvozY/s-l225.jpg,https://www.ebay.com/itm/116495726061?_skw=Bianca%27s+Devotion+209+Temporal+Forces+Pokemon+card&hash=item1b1fafb5ed:g:h0AAAeSwQUhnvozY,"{""value"": ""70.00"", ""currency"": ""USD""}","[{""shippingCostType"": ""CALCULATED""}]",,,PENDING_INDEPENDENT_HUMAN_REVIEW
D2-0857,b801a524-e703-4f4c-ad99-1ec742cf30ec,586dac04-6254-4241-b628-b6d3dac61063,Bianca's Devotion,Temporal Forces,209,special_illustration_rare,v1|117141770730|0,Bianca's Devotion 209/162 Sv05: Temporal Forces Holo,,Ungraded,4000,[],"[""FIXED_PRICE"", ""BEST_OFFER""]",klyes68_resales,https://i.ebayimg.com/images/g/N~MAAeSwxApp3Zig/s-l225.jpg,https://www.ebay.com/itm/117141770730?_skw=Bianca%27s+Devotion+209+Temporal+Forces+Pokemon+card&hash=item1b463191ea:g:N~MAAeSwxApp3Zig,"{""value"": ""40.00"", ""currency"": ""USD""}","[{""shippingCostType"": ""CALCULATED""}]",,,PENDING_INDEPENDENT_HUMAN_REVIEW
D2-0858,b801a524-e703-4f4c-ad99-1ec742cf30ec,586dac04-6254-4241-b628-b6d3dac61063,Bianca's Devotion,Temporal Forces,209,special_illustration_rare,v1|117320979571|0,Pokémon TCG Bianca's Devotion Temporal Forces Illustration Rare 209 Gradeable,,Ungraded,4000,[],"[""FIXED_PRICE"", ""BEST_OFFER""]",rose-city-collectibles,https://i.ebayimg.com/images/g/IIEAAeSwK8xqZBv4/s-l225.jpg,https://www.ebay.com/itm/117320979571?_skw=Bianca%27s+Devotion+209+Temporal+Forces+Pokemon+card&hash=item1b50e01473:g:IIEAAeSwK8xqZBv4,"{""value"": ""32.00"", ""currency"": ""USD""}","[{""shippingCostType"": ""CALCULATED""}]",,,PENDING_INDEPENDENT_HUMAN_REVIEW
D2-0859,b801a524-e703-4f4c-ad99-1ec742cf30ec,586dac04-6254-4241-b628-b6d3dac61063,Bianca's Devotion,Temporal Forces,209,special_illustration_rare,v1|117402912851|0,Bianca's Devotion 209/162 ,,Ungraded,4000,[],"[""FIXED_PRICE""]",ss_tapz,https://i.ebayimg.com/images/g/K30AAeSwpZdqoGoi/s-l225.jpg,https://www.ebay.com/itm/117402912851?_skw=Bianca%27s+Devotion+209+Temporal+Forces+Pokemon+card&hash=item1b55c24853:g:K30AAeSwpZdqoGoi,"{""value"": ""23.99"", ""currency"": ""USD""}","[{""shippingCostType"": ""FIXED"", ""shippingCost"": {""value"": ""0.00"", ""currency"": ""USD""}, ""minEstimatedDeliveryDate"": ""2026-09-15T07:00:00.000Z"", ""maxEstimatedDeliveryDate"": ""2026-09-21T07:00:00.000Z""}]",,,PENDING_INDEPENDENT_HUMAN_REVIEW
D2-0860,b801a524-e703-4f4c-ad99-1ec742cf30ec,586dac04-6254-4241-b628-b6d3dac61063,Bianca's Devotion,Temporal Forces,209,special_illustration_rare,v1|137583705167|0,Bianca's Devotion - 209/162 - Special Illustration Rare - NM/LP- Pokemon TCG,,Ungraded,4000,[],"[""FIXED_PRICE""]",kami.collectibles,https://i.ebayimg.com/images/g/zIcAAeSw1PxqlmZG/s-l225.jpg,https://www.ebay.com/itm/137583705167?_skw=Bianca%27s+Devotion+209+Temporal+Forces+Pokemon+card&hash=item2008a0bc4f:g:zIcAAeSw1PxqlmZG,"{""value"": ""50.09"", ""currency"": ""USD"", ""convertedFromValue"": ""69.99"", ""convertedFromCurrency"": ""AUD""}","[{""shippingCostType"": ""CALCULATED"", ""shippingCost"": {""value"": ""14.53"", ""currency"": ""USD"", ""convertedFromValue"": ""20.30"", ""convertedFromCurrency"": ""AUD""}, ""minEstimatedDeliveryDate"": ""2026-10-05T07:00:00.000Z"", ""maxEstimatedDeliveryDate"": ""2026-10-20T07:00:00.000Z""}]",,,PENDING_INDEPENDENT_HUMAN_REVIEW
D2-0861,b801a524-e703-4f4c-ad99-1ec742cf30ec,586dac04-6254-4241-b628-b6d3dac61063,Bianca's Devotion,Temporal Forces,209,special_illustration_rare,v1|168609165127|0,Bianca's Devotion 209/162,,Ungraded,4000,[],"[""FIXED_PRICE"", ""BEST_OFFER""]",bigtimecards_collectibles,https://i.ebayimg.com/images/g/MZkAAeSw64ZqfPTu/s-l225.jpg,https://www.ebay.com/itm/168609165127?_skw=Bianca%27s+Devotion+209+Temporal+Forces+Pokemon+card&hash=item2741e3af47:g:MZkAAeSw64ZqfPTu,"{""value"": ""28.00"", ""currency"": ""USD""}","[{""shippingCostType"": ""CALCULATED""}]",,,PENDING_INDEPENDENT_HUMAN_REVIEW
D2-0862,b801a524-e703-4f4c-ad99-1ec742cf30ec,586dac04-6254-4241-b628-b6d3dac61063,Bianca's Devotion,Temporal Forces,209,special_illustration_rare,v1|287503885008|0,Pokémon TCG Temporal Forces Bianca's Devotion Holo Card SV05: Trainer,,Ungraded,4000,[],"[""FIXED_PRICE""]",tenbysix,https://i.ebayimg.com/images/g/6doAAeSw6JVqcnnw/s-l225.jpg,https://www.ebay.com/itm/287503885008?_skw=Bianca%27s+Devotion+209+Temporal+Forces+Pokemon+card&hash=item42f09122d0:g:6doAAeSw6JVqcnnw,"{""value"": ""26.26"", ""currency"": ""USD""}","[{""shippingCostType"": ""CALCULATED""}]",,,PENDING_INDEPENDENT_HUMAN_REVIEW
D2-0863,b801a524-e703-4f4c-ad99-1ec742cf30ec,586dac04-6254-4241-b628-b6d3dac61063,Bianca's Devotion,Temporal Forces,209,special_illustration_rare,v1|227464092893|0,Biancas Devotion 209/162 Special Illustration Rare SIR Temporal Forces Pokemon,,Ungraded,4000,[],"[""FIXED_PRICE"", ""BEST_OFFER""]",curated-collects,https://i.ebayimg.com/images/g/SYUAAeSwU7xqc93p/s-l225.jpg,https://www.ebay.com/itm/227464092893?_skw=Bianca%27s+Devotion+209+Temporal+Forces+Pokemon+card&hash=item34f5ea9cdd:g:SYUAAeSwU7xqc93p,"{""value"": ""3.12"", ""currency"": ""USD""}","[{""shippingCostType"": ""FIXED"", ""shippingCost"": {""value"": ""0.78"", ""currency"": ""USD""}, ""minEstimatedDeliveryDate"": ""2026-09-16T07:00:00.000Z"", ""maxEstimatedDeliveryDate"": ""2026-09-22T07:00:00.000Z""}]",,,PENDING_INDEPENDENT_HUMAN_REVIEW
D2-0864,b801a524-e703-4f4c-ad99-1ec742cf30ec,586dac04-6254-4241-b628-b6d3dac61063,Bianca's Devotion,Temporal Forces,209,special_illustration_rare,v1|298573196914|0,Bianca’s Devotion ,,Graded,2750,[],"[""FIXED_PRICE""]",eddiemed100,https://i.ebayimg.com/images/g/akQAAeSwBfVpvJYj/s-l225.jpg,https://www.ebay.com/itm/298573196914?_skw=Bianca%27s+Devotion+209+Temporal+Forces+Pokemon+card&hash=item4584596e72:g:akQAAeSwBfVpvJYj,"{""value"": ""105.00"", ""currency"": ""USD""}","[{""shippingCostType"": ""CALCULATED""}]",,,PENDING_INDEPENDENT_HUMAN_REVIEW
D2-0865,b801a524-e703-4f4c-ad99-1ec742cf30ec,586dac04-6254-4241-b628-b6d3dac61063,Bianca's Devotion,Temporal Forces,209,special_illustration_rare,v1|116851860876|0,2024 POKEMON TEF EN-TEMPORAL FORCES #209 BIANCA'S DEVOTION PSA 9,,Graded,2750,[],"[""FIXED_PRICE""]",psa,https://i.ebayimg.com/images/g/f5EAAeSwHv1pApyg/s-l225.jpg,https://www.ebay.com/itm/116851860876?_skw=Bianca%27s+Devotion+209+Temporal+Forces+Pokemon+card&hash=item1b34e9e58c:g:f5EAAeSwHv1pApyg,"{""value"": ""59.00"", ""currency"": ""USD""}","[{""shippingCostType"": ""FIXED"", ""shippingCost"": {""value"": ""5.99"", ""currency"": ""USD""}}]",,,PENDING_INDEPENDENT_HUMAN_REVIEW
D2-0866,b801a524-e703-4f4c-ad99-1ec742cf30ec,586dac04-6254-4241-b628-b6d3dac61063,Bianca's Devotion,Temporal Forces,209,special_illustration_rare,v1|235547138970|0,Pokémon Japanese Bianca’s Devotion Trainer Full Art Temporal Forces 209/162 SIR,,Ungraded,4000,[],"[""FIXED_PRICE"", ""BEST_OFFER""]",thway-62,https://i.ebayimg.com/images/g/RTsAAOSwMgVmNB12/s-l225.jpg,https://www.ebay.com/itm/235547138970?_skw=Bianca%27s+Devotion+209+Temporal+Forces+Pokemon+card&hash=item36d7b41b9a:g:RTsAAOSwMgVmNB12,"{""value"": ""75.00"", ""currency"": ""USD""}","[{""shippingCostType"": ""FIXED"", ""shippingCost"": {""value"": ""0.00"", ""currency"": ""USD""}, ""minEstimatedDeliveryDate"": ""2026-09-15T07:00:00.000Z"", ""maxEstimatedDeliveryDate"": ""2026-09-21T07:00:00.000Z""}]",,,PENDING_INDEPENDENT_HUMAN_REVIEW
D2-0867,b801a524-e703-4f4c-ad99-1ec742cf30ec,586dac04-6254-4241-b628-b6d3dac61063,Bianca's Devotion,Temporal Forces,209,special_illustration_rare,v1|117404820814|0,Pokemon Temporal Forces Bianca's Devotion SIR 209/162,,Ungraded,4000,[],"[""FIXED_PRICE"", ""BEST_OFFER""]",lsbeads,https://i.ebayimg.com/images/g/TWEAAeSwNjZqobNg/s-l225.jpg,https://www.ebay.com/itm/117404820814?_skw=Bianca%27s+Devotion+209+Temporal+Forces+Pokemon+card&hash=item1b55df654e:g:TWEAAeSwNjZqobNg,"{""value"": ""30.00"", ""currency"": ""USD""}","[{""shippingCostType"": ""FIXED"", ""shippingCost"": {""value"": ""5.99"", ""currency"": ""USD""}, ""minEstimatedDeliveryDate"": ""2026-09-15T07:00:00.000Z"", ""maxEstimatedDeliveryDate"": ""2026-09-21T07:00:00.000Z""}]",,,PENDING_INDEPENDENT_HUMAN_REVIEW
D2-0868,b801a524-e703-4f4c-ad99-1ec742cf30ec,586dac04-6254-4241-b628-b6d3dac61063,Bianca's Devotion,Temporal Forces,209,special_illustration_rare,v1|126589395421|0,CGC Mint 9 Bianca's Devotion 209/162 Pokémon Scarlet & Violet Temporal Forces,,Graded,2750,[],"[""FIXED_PRICE"", ""BEST_OFFER""]",fortytwo-tcg,https://i.ebayimg.com/images/g/tA4AAOSwtZtmnybI/s-l225.jpg,https://www.ebay.com/itm/126589395421?_skw=Bianca%27s+Devotion+209+Temporal+Forces+Pokemon+card&hash=item1d7950e1dd:g:tA4AAOSwtZtmnybI,"{""value"": ""49.99"", ""currency"": ""USD""}","[{""shippingCostType"": ""FIXED"", ""shippingCost"": {""value"": ""0.00"", ""currency"": ""USD""}, ""minEstimatedDeliveryDate"": ""2026-09-15T07:00:00.000Z"", ""maxEstimatedDeliveryDate"": ""2026-09-21T07:00:00.000Z""}]",,,PENDING_INDEPENDENT_HUMAN_REVIEW
D2-0869,b801a524-e703-4f4c-ad99-1ec742cf30ec,586dac04-6254-4241-b628-b6d3dac61063,Bianca's Devotion,Temporal Forces,209,special_illustration_rare,v1|127236403953|0,POP 1 BGS 10 Pristine Bianca’s Devotion SIR 209/162 Temporal Forces,,Graded,2750,[],"[""FIXED_PRICE"", ""BEST_OFFER""]",jindoscardz,https://i.ebayimg.com/images/g/ddQAAeSwWNdod-S2/s-l225.jpg,https://www.ebay.com/itm/127236403953?_skw=Bianca%27s+Devotion+209+Temporal+Forces+Pokemon+card&hash=item1d9fe172f1:g:ddQAAeSwWNdod-S2,"{""value"": ""500.00"", ""currency"": ""USD""}","[{""shippingCostType"": ""CALCULATED""}]",,,PENDING_INDEPENDENT_HUMAN_REVIEW
D2-0870,b801a524-e703-4f4c-ad99-1ec742cf30ec,586dac04-6254-4241-b628-b6d3dac61063,Bianca's Devotion,Temporal Forces,209,special_illustration_rare,v1|128054129503|0,Bianca's Devotion 209/162 SV05: Temporal Forces Holo,,Ungraded,4000,[],"[""FIXED_PRICE"", ""BEST_OFFER""]",wnew9462,https://i.ebayimg.com/images/g/9b0AAeSw75ZqY-Wy/s-l225.jpg,https://www.ebay.com/itm/128054129503?_skw=Bianca%27s+Devotion+209+Temporal+Forces+Pokemon+card&hash=item1dd09ef35f:g:9b0AAeSw75ZqY-Wy,"{""value"": ""26.99"", ""currency"": ""USD""}","[{""shippingCostType"": ""FIXED"", ""shippingCost"": {""value"": ""7.00"", ""currency"": ""USD""}, ""minEstimatedDeliveryDate"": ""2026-09-15T07:00:00.000Z"", ""maxEstimatedDeliveryDate"": ""2026-09-21T07:00:00.000Z""}]",,,PENDING_INDEPENDENT_HUMAN_REVIEW
D2-0871,bf928dd7-24bc-4e16-bb5e-afb8122c3241,311abf3f-15cb-4cb8-995f-1937555c4bdd,Fidough,Scarlet and Violet Base Set,213,illustration_rare,v1|117295418827|0,Fidough Holo Scarlet & Violet Base Set 213/198 Illustration Rare NM Pokemon,,Ungraded,4000,[],"[""FIXED_PRICE""]",cardthrone,https://i.ebayimg.com/images/g/QZgAAeSwqNVqURBC/s-l225.jpg,https://www.ebay.com/itm/117295418827?_skw=Fidough+213+Scarlet+and+Violet+Base+Set+Pokemon+card&hash=item1b4f5a0dcb:g:QZgAAeSwqNVqURBC,"{""value"": ""39.99"", ""currency"": ""USD""}","[{""shippingCostType"": ""FIXED"", ""shippingCost"": {""value"": ""0.00"", ""currency"": ""USD""}, ""minEstimatedDeliveryDate"": ""2026-09-15T07:00:00.000Z"", ""maxEstimatedDeliveryDate"": ""2026-09-21T07:00:00.000Z""}]",,,PENDING_INDEPENDENT_HUMAN_REVIEW
D2-0872,bf928dd7-24bc-4e16-bb5e-afb8122c3241,311abf3f-15cb-4cb8-995f-1937555c4bdd,Fidough,Scarlet and Violet Base Set,213,illustration_rare,v1|127981629201|0,Fidough 213/198 Scarlet & Violet Base Set Holofoil,,Ungraded,4000,[],"[""FIXED_PRICE"", ""BEST_OFFER""]",es_601,https://i.ebayimg.com/images/g/ywIAAeSwSUlqmvs9/s-l225.jpg,https://www.ebay.com/itm/127981629201?_skw=Fidough+213+Scarlet+and+Violet+Base+Set+Pokemon+card&hash=item1dcc4caf11:g:ywIAAeSwSUlqmvs9,"{""value"": ""35.79"", ""currency"": ""USD""}","[{""shippingCostType"": ""FIXED"", ""shippingCost"": {""value"": ""0.00"", ""currency"": ""USD""}, ""minEstimatedDeliveryDate"": ""2026-09-15T07:00:00.000Z"", ""maxEstimatedDeliveryDate"": ""2026-09-21T07:00:00.000Z""}]",,,PENDING_INDEPENDENT_HUMAN_REVIEW
D2-0873,bf928dd7-24bc-4e16-bb5e-afb8122c3241,311abf3f-15cb-4cb8-995f-1937555c4bdd,Fidough,Scarlet and Violet Base Set,213,illustration_rare,v1|137472611243|0,2023 Pokémon TCG - Fidough - Scarlet & Violet Base Set IR No. 213/198 | NM,,Ungraded,4000,[],"[""FIXED_PRICE"", ""BEST_OFFER""]",goldenfawna,https://i.ebayimg.com/images/g/76EAAeSwiYpqRZ4b/s-l225.jpg,https://www.ebay.com/itm/137472611243?_skw=Fidough+213+Scarlet+and+Violet+Base+Set+Pokemon+card&hash=item20020193ab:g:76EAAeSwiYpqRZ4b&amdata=enc%3AAQALAAABEACCtXRWQnOEpyOqnQQ8KGa7rjzDaq2nvkNVuRUilB52TosweG9cIyI%2F6xcXXoTZ%2FLBqQLhfepynMPlXtSOIPNc44YuXV4Ty7P6GJgwSqvzVFa4u8C6BZqCUYDnfP08MTJZijhZuWvIlaOm19Pts583KcFOEfpaS%2FrnofMmZxNchZjP4oZ6WP8veDJuZCQuEOfu4eKvG%2BvBe4VQwLs1ZY%2Fbj0RrkjtIK7AyF7HPVJ%2FiuF4dHIVQeNJh5lEZ%2FFAu%2BnNJtuSrOkrCOtu8%2B9INGIFzVAxOXEA4gQ4Iyt%2FqUJLi2%2FR5IyBktElTIVLBnftR0%2FjWJdxDkzlT8DFMYjkTh56dABnEQln5yeaNSZ4tMmW7o,"{""value"": ""27.50"", ""currency"": ""USD""}","[{""shippingCostType"": ""CALCULATED""}]",,,PENDING_INDEPENDENT_HUMAN_REVIEW
D2-0874,bf928dd7-24bc-4e16-bb5e-afb8122c3241,311abf3f-15cb-4cb8-995f-1937555c4bdd,Fidough,Scarlet and Violet Base Set,213,illustration_rare,v1|127921257052|0,Fidough 213/198 Illustration Rare Scarlet & Violet Pokemon Near Mint,,Ungraded,4000,[],"[""FIXED_PRICE""]",doodersfinds,https://i.ebayimg.com/images/g/pW8AAeSwNk5qLj0q/s-l225.jpg,https://www.ebay.com/itm/127921257052?_skw=Fidough+213+Scarlet+and+Violet+Base+Set+Pokemon+card&hash=item1dc8b37a5c:g:pW8AAeSwNk5qLj0q,"{""value"": ""35.48"", ""currency"": ""USD""}","[{""shippingCostType"": ""FIXED"", ""shippingCost"": {""value"": ""0.00"", ""currency"": ""USD""}, ""minEstimatedDeliveryDate"": ""2026-09-16T07:00:00.000Z"", ""maxEstimatedDeliveryDate"": ""2026-09-23T07:00:00.000Z""}]",,,PENDING_INDEPENDENT_HUMAN_REVIEW
D2-0875,bf928dd7-24bc-4e16-bb5e-afb8122c3241,311abf3f-15cb-4cb8-995f-1937555c4bdd,Fidough,Scarlet and Violet Base Set,213,illustration_rare,v1|147395030566|0,Pokemon Fidough (213/352) Scarlet & Violet LP HOLO,,Ungraded,4000,[],"[""FIXED_PRICE""]",ninetyfive,https://i.ebayimg.com/images/g/ejoAAeSwmOFqO8bb/s-l225.jpg,https://www.ebay.com/itm/147395030566?_skw=Fidough+213+Scarlet+and+Violet+Base+Set+Pokemon+card&hash=item22516dae26:g:ejoAAeSwmOFqO8bb,"{""value"": ""26.95"", ""currency"": ""USD""}","[{""shippingCostType"": ""FIXED"", ""shippingCost"": {""value"": ""0.00"", ""currency"": ""USD""}, ""minEstimatedDeliveryDate"": ""2026-09-16T07:00:00.000Z"", ""maxEstimatedDeliveryDate"": ""2026-09-23T07:00:00.000Z""}]",,,PENDING_INDEPENDENT_HUMAN_REVIEW
D2-0876,bf928dd7-24bc-4e16-bb5e-afb8122c3241,311abf3f-15cb-4cb8-995f-1937555c4bdd,Fidough,Scarlet and Violet Base Set,213,illustration_rare,v1|158157698964|0,Fidough 213/198 Illustration Rare Scarlet & Violet Pokemon Holo Near Mint,,Ungraded,4000,[],"[""FIXED_PRICE"", ""BEST_OFFER""]",drillsergeanttrade,https://i.ebayimg.com/images/g/x54AAeSwcUpqc3Yq/s-l225.jpg,https://www.ebay.com/itm/158157698964?_skw=Fidough+213+Scarlet+and+Violet+Base+Set+Pokemon+card&hash=item24d2eef794:g:x54AAeSwcUpqc3Yq,"{""value"": ""26.59"", ""currency"": ""USD""}","[{""shippingCostType"": ""FIXED"", ""shippingCost"": {""value"": ""5.99"", ""currency"": ""USD""}, ""minEstimatedDeliveryDate"": ""2026-09-15T07:00:00.000Z"", ""maxEstimatedDeliveryDate"": ""2026-09-21T07:00:00.000Z""}]",,,PENDING_INDEPENDENT_HUMAN_REVIEW
D2-0877,bf928dd7-24bc-4e16-bb5e-afb8122c3241,311abf3f-15cb-4cb8-995f-1937555c4bdd,Fidough,Scarlet and Violet Base Set,213,illustration_rare,v1|117002612946|0,Fidough 097/198 Scarlet & Violet Base Set Pokemon Reverse Holo Foil Nice!,,Ungraded,4000,[],"[""FIXED_PRICE""]",ring1979zombies,https://i.ebayimg.com/images/g/MSMAAeSw0clpd5s1/s-l225.jpg,https://www.ebay.com/itm/117002612946?_skw=Fidough+213+Scarlet+and+Violet+Base+Set+Pokemon+card&hash=item1b3de630d2:g:MSMAAeSw0clpd5s1,"{""value"": ""1.39"", ""currency"": ""USD""}","[{""shippingCostType"": ""FIXED"", ""shippingCost"": {""value"": ""0.00"", ""currency"": ""USD""}, ""minEstimatedDeliveryDate"": ""2026-09-15T07:00:00.000Z"", ""maxEstimatedDeliveryDate"": ""2026-09-21T07:00:00.000Z""}]",,,PENDING_INDEPENDENT_HUMAN_REVIEW
D2-0878,bf928dd7-24bc-4e16-bb5e-afb8122c3241,311abf3f-15cb-4cb8-995f-1937555c4bdd,Fidough,Scarlet and Violet Base Set,213,illustration_rare,v1|126467441913|0,Fidough Reverse Holo - 097/198 - Scarlet & Violet Base Pokemon 2023,,Ungraded,4000,[],"[""FIXED_PRICE"", ""BEST_OFFER""]",ezvj0dv,https://i.ebayimg.com/images/g/UBgAAOSwHYJnApkO/s-l225.jpg,https://www.ebay.com/itm/126467441913?_skw=Fidough+213+Scarlet+and+Violet+Base+Set+Pokemon+card&hash=item1d720c04f9:g:UBgAAOSwHYJnApkO,"{""value"": ""1.39"", ""currency"": ""USD""}","[{""shippingCostType"": ""FIXED"", ""shippingCost"": {""value"": ""0.00"", ""currency"": ""USD""}, ""minEstimatedDeliveryDate"": ""2026-09-14T07:00:00.000Z"", ""maxEstimatedDeliveryDate"": ""2026-09-17T07:00:00.000Z""}]",,,PENDING_INDEPENDENT_HUMAN_REVIEW
D2-0879,bf928dd7-24bc-4e16-bb5e-afb8122c3241,311abf3f-15cb-4cb8-995f-1937555c4bdd,Fidough,Scarlet and Violet Base Set,213,illustration_rare,v1|127483418471|0,Fidough - Reverse Holo 097/198 SV01: Scarlet & Violet Base Set NM,,Ungraded,4000,[],"[""FIXED_PRICE""]",wpmcardsllc,https://i.ebayimg.com/images/g/QJIAAeSwTIJpEpe-/s-l225.jpg,https://www.ebay.com/itm/127483418471?_skw=Fidough+213+Scarlet+and+Violet+Base+Set+Pokemon+card&hash=item1dae9a9767:g:QJIAAeSwTIJpEpe-,"{""value"": ""1.00"", ""currency"": ""USD""}","[{""shippingCostType"": ""FIXED"", ""shippingCost"": {""value"": ""0.74"", ""currency"": ""USD""}, ""minEstimatedDeliveryDate"": ""2026-09-14T07:00:00.000Z"", ""maxEstimatedDeliveryDate"": ""2026-09-17T07:00:00.000Z""}]",,,PENDING_INDEPENDENT_HUMAN_REVIEW
D2-0880,bf928dd7-24bc-4e16-bb5e-afb8122c3241,311abf3f-15cb-4cb8-995f-1937555c4bdd,Fidough,Scarlet and Violet Base Set,213,illustration_rare,v1|156318673773|457934876312,Pokemon Scarlet & Violet Base Set | Choose Your Card! | Reverse Holo/Holo,,Ungraded,4000,[],"[""FIXED_PRICE""]",overstackedcards,https://i.ebayimg.com/images/g/g4QAAOSwwLFoM-03/s-l225.jpg,https://www.ebay.com/itm/156318673773?_skw=Fidough+213+Scarlet+and+Violet+Base+Set+Pokemon+card&var=457934876312&hash=item246551ab6d:g:g4QAAOSwwLFoM-03,"{""value"": ""37.99"", ""currency"": ""USD""}","[{""shippingCostType"": ""FIXED"", ""shippingCost"": {""value"": ""0.00"", ""currency"": ""USD""}, ""minEstimatedDeliveryDate"": ""2026-09-15T07:00:00.000Z"", ""maxEstimatedDeliveryDate"": ""2026-09-18T07:00:00.000Z""}]",,,PENDING_INDEPENDENT_HUMAN_REVIEW
D2-0881,bf928dd7-24bc-4e16-bb5e-afb8122c3241,311abf3f-15cb-4cb8-995f-1937555c4bdd,Fidough,Scarlet and Violet Base Set,213,illustration_rare,v1|267559359111|567376432876,(2 Card Minimum) - 15% off 4+ | Pokemon: Scarlet & Violet Base Set,,Ungraded,4000,[],"[""FIXED_PRICE""]",consoulgames,https://i.ebayimg.com/images/g/6ioAAeSwd3NqpE-w/s-l225.jpg,https://www.ebay.com/itm/267559359111?_skw=Fidough+213+Scarlet+and+Violet+Base+Set+Pokemon+card&var=567376432876&hash=item3e4bc7d287:g:6ioAAeSwd3NqpE-w,"{""value"": ""0.99"", ""currency"": ""USD""}","[{""shippingCostType"": ""FIXED"", ""shippingCost"": {""value"": ""0.00"", ""currency"": ""USD""}, ""minEstimatedDeliveryDate"": ""2026-09-15T07:00:00.000Z"", ""maxEstimatedDeliveryDate"": ""2026-09-21T07:00:00.000Z""}]",,,PENDING_INDEPENDENT_HUMAN_REVIEW
D2-0882,bf928dd7-24bc-4e16-bb5e-afb8122c3241,311abf3f-15cb-4cb8-995f-1937555c4bdd,Fidough,Scarlet and Violet Base Set,213,illustration_rare,v1|276546096379|579148247798,Fidough - 097/198 - Scarlet & Violet,,Ungraded,4000,[],"[""FIXED_PRICE""]",cardcaverntradingcards,https://i.ebayimg.com/images/g/E-wAAOSw9VNmjvZq/s-l225.jpg,https://www.ebay.com/itm/276546096379?_skw=Fidough+213+Scarlet+and+Violet+Base+Set+Pokemon+card&var=579148247798&hash=item40636e8cfb:g:E-wAAOSw9VNmjvZq,"{""value"": ""0.99"", ""currency"": ""USD""}","[{""shippingCostType"": ""FIXED"", ""shippingCost"": {""value"": ""0.99"", ""currency"": ""USD""}, ""minEstimatedDeliveryDate"": ""2026-09-14T07:00:00.000Z"", ""maxEstimatedDeliveryDate"": ""2026-09-17T07:00:00.000Z""}]",,,PENDING_INDEPENDENT_HUMAN_REVIEW
D2-0883,bf928dd7-24bc-4e16-bb5e-afb8122c3241,311abf3f-15cb-4cb8-995f-1937555c4bdd,Fidough,Scarlet and Violet Base Set,213,illustration_rare,v1|157588554266|0,Fidough 213/198 Scarlet & Violet Illustration Rare Magnetic 🧲 Extended Art Case,,Ungraded,4000,[],"[""FIXED_PRICE""]",outback_originals,https://i.ebayimg.com/images/g/TyEAAeSwDWppWUjy/s-l225.jpg,https://www.ebay.com/itm/157588554266?_skw=Fidough+213+Scarlet+and+Violet+Base+Set+Pokemon+card&hash=item24b102821a:g:TyEAAeSwDWppWUjy&amdata=enc%3AAQALAAABEACCtXRWQnOEpyOqnQQ8KGaH5X2hhLfcX%2FsxgSRZFfB%2BLdSn5kbOgJGt0F%2FXhnPCG8aXErvFK4%2BhIZ3tXVU5u0UCviGGYyDAgPsP1WqabPLzW2J9yyIgxmX1aAsXi%2BVnpMYkxR8TNFRRpuoJ%2FLOg%2Fl0%2BaiNadIAkHJz06%2FetVWZQ3KxC8pDTKBSaoDl8LT5%2BaRv%2B%2FT%2FkI459XunYPaRnS%2FvCTZLvZqx2X9YYJR7e1cFLiSAiwN1Fi3S22fbIHRV%2FwLPTZn9ksULUIPjGq6J7EG9ST3%2BGisT2RjK5uEC6sKygGkguhrh%2FfwBrJCE7bRjnJrketfWK3prACF4zqZlN8hng%2FvZxYHCcuh%2BEgMST33sN,"{""value"": ""16.00"", ""currency"": ""USD""}","[{""shippingCostType"": ""FIXED"", ""shippingCost"": {""value"": ""7.00"", ""currency"": ""USD""}, ""minEstimatedDeliveryDate"": ""2026-09-15T07:00:00.000Z"", ""maxEstimatedDeliveryDate"": ""2026-09-18T07:00:00.000Z""}]",,,PENDING_INDEPENDENT_HUMAN_REVIEW
D2-0884,bf928dd7-24bc-4e16-bb5e-afb8122c3241,311abf3f-15cb-4cb8-995f-1937555c4bdd,Fidough,Scarlet and Violet Base Set,213,illustration_rare,v1|127635265965|0,Fidough - 097/198 - Scarlet & Violet Base Pokemon 2023,,Ungraded,4000,[],"[""FIXED_PRICE"", ""BEST_OFFER""]",ezvj0dv,https://i.ebayimg.com/images/g/gHQAAeSwxChpb-lG/s-l225.jpg,https://www.ebay.com/itm/127635265965?_skw=Fidough+213+Scarlet+and+Violet+Base+Set+Pokemon+card&hash=item1db7a799ad:g:gHQAAeSwxChpb-lG,"{""value"": ""1.39"", ""currency"": ""USD""}","[{""shippingCostType"": ""FIXED"", ""shippingCost"": {""value"": ""0.00"", ""currency"": ""USD""}, ""minEstimatedDeliveryDate"": ""2026-09-14T07:00:00.000Z"", ""maxEstimatedDeliveryDate"": ""2026-09-17T07:00:00.000Z""}]",,,PENDING_INDEPENDENT_HUMAN_REVIEW
D2-0885,bf928dd7-24bc-4e16-bb5e-afb8122c3241,311abf3f-15cb-4cb8-995f-1937555c4bdd,Fidough,Scarlet and Violet Base Set,213,illustration_rare,v1|137194766178|0,Fidough 097/198 Common SV01: Scarlet & Violet Base Set Pokemon NM,,Ungraded,4000,[],"[""FIXED_PRICE""]",ofgamesandnerds,https://i.ebayimg.com/images/g/PtkAAeSwG4pp0Eva/s-l225.jpg,https://www.ebay.com/itm/137194766178?_skw=Fidough+213+Scarlet+and+Violet+Base+Set+Pokemon+card&hash=item1ff171ff62:g:PtkAAeSwG4pp0Eva,"{""value"": ""1.89"", ""currency"": ""USD""}","[{""shippingCostType"": ""FIXED"", ""shippingCost"": {""value"": ""0.00"", ""currency"": ""USD""}, ""minEstimatedDeliveryDate"": ""2026-09-14T07:00:00.000Z"", ""maxEstimatedDeliveryDate"": ""2026-09-17T07:00:00.000Z""}]",,,PENDING_INDEPENDENT_HUMAN_REVIEW
D2-0886,c7e36a14-236f-4b93-a4a8-a4be2ddc7193,590cc9ca-0f7d-413e-ae31-68433716e01b,Mega Lucario ex,Mega Evolution,179,special_illustration_rare,v1|117381097620|0,Mega Lucario ex Special Illustration Rare 179/132 Holo ME01: Mega Evolution NM 5,,Ungraded,4000,[],"[""FIXED_PRICE""]",newleafcollectibles-tx,https://i.ebayimg.com/images/g/uX8AAeSwJK9qkEER/s-l225.jpg,https://www.ebay.com/itm/117381097620?_skw=Mega+Lucario+ex+179+Mega+Evolution+Pokemon+card&hash=item1b54756894:g:uX8AAeSwJK9qkEER&amdata=enc%3AAQALAAABEACCtXRWQnOEpyOqnQQ8KGaXQuOnCr3dxRSwib5E7enRwCzh0Noy2VQsYJ%2BRc8N3pTgLOIDuW8OBY9frwIdf7TfiOvBb05UPIAslDvfxj%2Ft4AgHLfl3rlazeC8rggdJ3texmHIPyOnR38dWRxN9Gy1AsCqPY7JULFzGVc3FWOAeLSowEtyk%2FtdgBTHZtF5yARimLRtGRJFwDEE%2BhaBx3MSbrwpJvGVbAEL9EWHjH3MMYiJdtTgDQcCkTWYlVI%2BM3F3fWORxJhvXzZrT0DXKoIQzyqCsQox9ZAoPAjJ0UbNY65Uo3hNGrxZG8c2V1y8I5n1x2undrCqOY%2B%2BsudDRsT6y8KQKEV1w6cRtEz%2B4I9opt,"{""value"": ""225.99"", ""currency"": ""USD""}","[{""shippingCostType"": ""FIXED"", ""shippingCost"": {""value"": ""0.00"", ""currency"": ""USD""}, ""minEstimatedDeliveryDate"": ""2026-09-15T07:00:00.000Z"", ""maxEstimatedDeliveryDate"": ""2026-09-21T07:00:00.000Z""}]",,,PENDING_INDEPENDENT_HUMAN_REVIEW
D2-0887,c7e36a14-236f-4b93-a4a8-a4be2ddc7193,590cc9ca-0f7d-413e-ae31-68433716e01b,Mega Lucario ex,Mega Evolution,179,special_illustration_rare,v1|128067595184|0,Mega Lucario ex 179/132 Me01: Mega Evolution Holo,,Graded,2750,[],"[""FIXED_PRICE"", ""BEST_OFFER""]",cmcollectibles094,https://i.ebayimg.com/images/g/uvwAAeSw0EJqnxXG/s-l225.jpg,https://www.ebay.com/itm/128067595184?_skw=Mega+Lucario+ex+179+Mega+Evolution+Pokemon+card&hash=item1dd16c6bb0:g:uvwAAeSw0EJqnxXG,"{""value"": ""450.00"", ""currency"": ""USD""}","[{""shippingCostType"": ""CALCULATED""}]",,,PENDING_INDEPENDENT_HUMAN_REVIEW
D2-0888,c7e36a14-236f-4b93-a4a8-a4be2ddc7193,590cc9ca-0f7d-413e-ae31-68433716e01b,Mega Lucario ex,Mega Evolution,179,special_illustration_rare,v1|147547853999|0,Mega Lucario EX #179/132 NM/M Mega Evolution Pokemon Card,,Ungraded,4000,[],"[""FIXED_PRICE""]",sellit,https://i.ebayimg.com/images/g/i5cAAeSwuNFqmd4d/s-l225.jpg,https://www.ebay.com/itm/147547853999?_skw=Mega+Lucario+ex+179+Mega+Evolution+Pokemon+card&hash=item225a8994af:g:i5cAAeSwuNFqmd4d,"{""value"": ""200.00"", ""currency"": ""USD""}","[{""shippingCostType"": ""FIXED"", ""shippingCost"": {""value"": ""3.00"", ""currency"": ""USD""}, ""minEstimatedDeliveryDate"": ""2026-09-15T07:00:00.000Z"", ""maxEstimatedDeliveryDate"": ""2026-09-18T07:00:00.000Z""}]",,,PENDING_INDEPENDENT_HUMAN_REVIEW
D2-0889,c7e36a14-236f-4b93-a4a8-a4be2ddc7193,590cc9ca-0f7d-413e-ae31-68433716e01b,Mega Lucario ex,Mega Evolution,179,special_illustration_rare,v1|168648922665|0,The Pokemon Company Pokemon TCG ME01 Mega Lucario Ex 179/132 SIR Holo EX,,Ungraded,4000,[],"[""FIXED_PRICE"", ""BEST_OFFER""]",gab_964563,https://i.ebayimg.com/images/g/5OcAAeSw5rdqk0av/s-l225.jpg,https://www.ebay.com/itm/168648922665?_skw=Mega+Lucario+ex+179+Mega+Evolution+Pokemon+card&hash=item2744425629:g:5OcAAeSw5rdqk0av,"{""value"": ""189.99"", ""currency"": ""USD""}","[{""shippingCostType"": ""CALCULATED""}]",,,PENDING_INDEPENDENT_HUMAN_REVIEW
D2-0890,c7e36a14-236f-4b93-a4a8-a4be2ddc7193,590cc9ca-0f7d-413e-ae31-68433716e01b,Mega Lucario ex,Mega Evolution,179,special_illustration_rare,v1|227517492222|0,The Pokémon Company Mega Lucario ex 179/132 ME01 SAR Holo Eng 340HP,,Graded,2750,[],"[""FIXED_PRICE""]",nxcollectr,https://i.ebayimg.com/images/g/fIQAAeSwqR1qpHGP/s-l225.jpg,https://www.ebay.com/itm/227517492222?_skw=Mega+Lucario+ex+179+Mega+Evolution+Pokemon+card&hash=item34f9196bfe:g:fIQAAeSwqR1qpHGP,"{""value"": ""380.00"", ""currency"": ""USD""}","[{""shippingCostType"": ""CALCULATED""}]",,,PENDING_INDEPENDENT_HUMAN_REVIEW
D2-0891,c7e36a14-236f-4b93-a4a8-a4be2ddc7193,590cc9ca-0f7d-413e-ae31-68433716e01b,Mega Lucario ex,Mega Evolution,179,special_illustration_rare,v1|298549079663|0,Pokémon TCG BGS Pristine 10 Mega Lucario ex SIR Mega Evolutions #179/132,,Graded,2750,[],"[""FIXED_PRICE"", ""BEST_OFFER""]",nerdomcollectibles,https://i.ebayimg.com/images/g/37QAAeSwGs1qbTcA/s-l225.jpg,https://www.ebay.com/itm/298549079663?_skw=Mega+Lucario+ex+179+Mega+Evolution+Pokemon+card&hash=item4582e96e6f:g:37QAAeSwGs1qbTcA&amdata=enc%3AAQALAAABEACCtXRWQnOEpyOqnQQ8KGbWDo2nnqSpengRYnssU%2B8srD1l1u8IwxpjoSSrszUsE5PbtaObxmxmlUvnUhep6xnIYAQ%2Bj9nm6Uw6dtRwNE2IQTH0jRfpbJs%2FnnQGlSFMm4j50jUCPKLcTtWNn%2FOE4gyAl5X6VS%2FbIIowOlkO77Yx18ruEh%2FdfAh3jk59VMXNffnlUiK%2FN6nZaB2F4NoHty%2BTeGpeXGf2sK48Y%2B8rAxdzYVCXQWNTufaXqKKwIWb2pRj%2FyiTz3posgVhKMu74hcFTaXLG1FViP14jKCKgTmEQU7T5haQSMShjsYxdXKIzEy58cPs2WM6lTeIH8148BWGwYPrYjXo8FdvGE2ONAJW7,"{""value"": ""2800.00"", ""currency"": ""USD""}","[{""shippingCostType"": ""FIXED"", ""shippingCost"": {""value"": ""0.00"", ""currency"": ""USD""}, ""minEstimatedDeliveryDate"": ""2026-09-15T07:00:00.000Z"", ""maxEstimatedDeliveryDate"": ""2026-09-21T07:00:00.000Z""}]",,,PENDING_INDEPENDENT_HUMAN_REVIEW
D2-0892,c7e36a14-236f-4b93-a4a8-a4be2ddc7193,590cc9ca-0f7d-413e-ae31-68433716e01b,Mega Lucario ex,Mega Evolution,179,special_illustration_rare,v1|227357526947|0,Mega Lucario ex MEP 033 - NM Pokemon Mega Evolution Holo Promo Attack Rare,,Ungraded,4000,[],"[""FIXED_PRICE""]",alohapokedecks,https://i.ebayimg.com/images/g/ZkgAAeSwSzBqE-HF/s-l225.jpg,https://www.ebay.com/itm/227357526947?_skw=Mega+Lucario+ex+179+Mega+Evolution+Pokemon+card&hash=item34ef908ba3:g:ZkgAAeSwSzBqE-HF,"{""value"": ""29.99"", ""currency"": ""USD""}","[{""shippingCostType"": ""FIXED"", ""shippingCost"": {""value"": ""0.00"", ""currency"": ""USD""}, ""minEstimatedDeliveryDate"": ""2026-09-16T07:00:00.000Z"", ""maxEstimatedDeliveryDate"": ""2026-09-22T07:00:00.000Z""}]",,,PENDING_INDEPENDENT_HUMAN_REVIEW
D2-0893,c7e36a14-236f-4b93-a4a8-a4be2ddc7193,590cc9ca-0f7d-413e-ae31-68433716e01b,Mega Lucario ex,Mega Evolution,179,special_illustration_rare,v1|227467390005|0,Mega Lucario ex MEP 033 - NM Pokemon Mega Evolution Holo Promo Attack Rare,,Ungraded,4000,[],"[""FIXED_PRICE"", ""BEST_OFFER""]",jomonter-5,https://i.ebayimg.com/images/g/I8cAAeSw2bRqLhQY/s-l225.jpg,https://www.ebay.com/itm/227467390005?_skw=Mega+Lucario+ex+179+Mega+Evolution+Pokemon+card&hash=item34f61cec35:g:I8cAAeSw2bRqLhQY,"{""value"": ""24.99"", ""currency"": ""USD""}","[{""shippingCostType"": ""CALCULATED""}]",,,PENDING_INDEPENDENT_HUMAN_REVIEW
D2-0894,c7e36a14-236f-4b93-a4a8-a4be2ddc7193,590cc9ca-0f7d-413e-ae31-68433716e01b,Mega Lucario ex,Mega Evolution,179,special_illustration_rare,v1|800558789505|0,Pokemon TCG Mega Lucario EX 033 Mega Evolution Promo Holo,,Ungraded,4000,[],"[""FIXED_PRICE"", ""BEST_OFFER""]",emmyscollectablecorner,https://i.ebayimg.com/images/g/jxUAAeSwGFpqjQRy/s-l225.jpg,https://www.ebay.com/itm/800558789505?_skw=Mega+Lucario+ex+179+Mega+Evolution+Pokemon+card&hash=itemba6505b381:g:jxUAAeSwGFpqjQRy,"{""value"": ""15.99"", ""currency"": ""USD""}","[{""shippingCostType"": ""FIXED"", ""shippingCost"": {""value"": ""0.00"", ""currency"": ""USD""}, ""minEstimatedDeliveryDate"": ""2026-09-16T07:00:00.000Z"", ""maxEstimatedDeliveryDate"": ""2026-09-22T07:00:00.000Z""}]",,,PENDING_INDEPENDENT_HUMAN_REVIEW
D2-0895,c7e36a14-236f-4b93-a4a8-a4be2ddc7193,590cc9ca-0f7d-413e-ae31-68433716e01b,Mega Lucario ex,Mega Evolution,179,special_illustration_rare,v1|157367695863|458930814997,Mega Evolution Pokémon Cards! Holo/Reverse Holo EX SIR Illustration Rare Card!,,Ungraded,4000,[],"[""FIXED_PRICE""]",overstackedcards,https://i.ebayimg.com/images/g/9uMAAeSwvthpEcqB/s-l225.jpg,https://www.ebay.com/itm/157367695863?_skw=Mega+Lucario+ex+179+Mega+Evolution+Pokemon+card&hash=item24a3d879f7:g:9uMAAeSwvthpEcqB,"{""value"": ""256.49"", ""currency"": ""USD""}","[{""shippingCostType"": ""FIXED"", ""shippingCost"": {""value"": ""0.00"", ""currency"": ""USD""}, ""minEstimatedDeliveryDate"": ""2026-09-15T07:00:00.000Z"", ""maxEstimatedDeliveryDate"": ""2026-09-18T07:00:00.000Z""}]",,,PENDING_INDEPENDENT_HUMAN_REVIEW
D2-0896,c7e36a14-236f-4b93-a4a8-a4be2ddc7193,590cc9ca-0f7d-413e-ae31-68433716e01b,Mega Lucario ex,Mega Evolution,179,special_illustration_rare,v1|117350869090|0,2025 Pokémon Mega Evolution Special Illustration Rare Mega Lucario EX 179 PSA 9,,Graded,2750,[],"[""FIXED_PRICE"", ""BEST_OFFER""]",bestbetscollect,https://i.ebayimg.com/images/g/ygEAAeSwddFqluKH/s-l225.jpg,https://www.ebay.com/itm/117350869090?_skw=Mega+Lucario+ex+179+Mega+Evolution+Pokemon+card&hash=item1b52a82862:g:ygEAAeSwddFqluKH,"{""value"": ""200.00"", ""currency"": ""USD""}","[{""shippingCostType"": ""FIXED"", ""shippingCost"": {""value"": ""30.00"", ""currency"": ""USD""}, ""minEstimatedDeliveryDate"": ""2026-09-15T07:00:00.000Z"", ""maxEstimatedDeliveryDate"": ""2026-09-21T07:00:00.000Z""}]",,,PENDING_INDEPENDENT_HUMAN_REVIEW
D2-0897,c7e36a14-236f-4b93-a4a8-a4be2ddc7193,590cc9ca-0f7d-413e-ae31-68433716e01b,Mega Lucario ex,Mega Evolution,179,special_illustration_rare,v1|226991960832|0,Pokemon Mega Lucario ex 179 /132 Mega Evolution Extended Art Custom Case,,Ungraded,4000,[],"[""FIXED_PRICE""]",dragarious,https://i.ebayimg.com/images/g/WLMAAeSwE7No1T7I/s-l225.jpg,https://www.ebay.com/itm/226991960832?_skw=Mega+Lucario+ex+179+Mega+Evolution+Pokemon+card&hash=item34d9c67300:g:WLMAAeSwE7No1T7I,"{""value"": ""12.00"", ""currency"": ""USD""}","[{""shippingCostType"": ""CALCULATED""}]",,,PENDING_INDEPENDENT_HUMAN_REVIEW
D2-0898,c7e36a14-236f-4b93-a4a8-a4be2ddc7193,590cc9ca-0f7d-413e-ae31-68433716e01b,Mega Lucario ex,Mega Evolution,179,special_illustration_rare,v1|127946619052|0,2025 POKEMON MEGA LUCARIO ex SPEC ILLUS RARE MEGA EVOLUTION #179 PSA 9,,Graded,2750,[],"[""FIXED_PRICE"", ""BEST_OFFER""]",chriconwa_61,https://i.ebayimg.com/images/g/j48AAeSwpJ1qQXo7/s-l225.jpg,https://www.ebay.com/itm/127946619052?_skw=Mega+Lucario+ex+179+Mega+Evolution+Pokemon+card&hash=item1dca3678ac:g:j48AAeSwpJ1qQXo7&amdata=enc%3AAQALAAABEACCtXRWQnOEpyOqnQQ8KGYwH43Q8AAEA7izDCno0dE9VNTScoIunNyiRYGZ2cX5JEs0wqNTKvZ--ZssE06ralJl%2BZuxPsjPqSa%2Bc5ommapsLxkqFoljTyYDpxRCl8y%2FAeV%2FLBM0iMdwcPoV0czn%2BrMle8xVtAXoC8%2FTK1%2Bum01L9RedWFyaQ8frefAOdDqAwlJZemtxVYZMrCzUIloI%2BkZUfiXiC2%2BprcczgHBSnWPbn8H7mWIrqJRODHANQbMB9%2FkMNQHAXgcGgDPgaZgDvVRlxXe0WzZFSs2rnebdBhfwTy53RkF4uxmZoKRrKQgnUoQLWQye9snaUrVRrUPtVsHqPpUfBzvykAAv5PO5F11v,"{""value"": ""550.00"", ""currency"": ""USD""}","[{""shippingCostType"": ""FIXED"", ""shippingCost"": {""value"": ""0.00"", ""currency"": ""USD""}, ""minEstimatedDeliveryDate"": ""2026-09-15T07:00:00.000Z"", ""maxEstimatedDeliveryDate"": ""2026-09-21T07:00:00.000Z""}]",,,PENDING_INDEPENDENT_HUMAN_REVIEW
D2-0899,c7e36a14-236f-4b93-a4a8-a4be2ddc7193,590cc9ca-0f7d-413e-ae31-68433716e01b,Mega Lucario ex,Mega Evolution,179,special_illustration_rare,v1|128071622661|0,2025 POKEMON MEGA EVOLUTION SPECIAL ILLUSTRATION RARE MEGA LUCARIO EX PSA 10,,Graded,2750,[],"[""FIXED_PRICE"", ""BEST_OFFER""]",101vik,https://i.ebayimg.com/images/g/2PYAAeSwmfdqoi50/s-l225.jpg,https://www.ebay.com/itm/128071622661?_skw=Mega+Lucario+ex+179+Mega+Evolution+Pokemon+card&hash=item1dd1a9e005:g:2PYAAeSwmfdqoi50,"{""value"": ""385.00"", ""currency"": ""USD""}","[{""shippingCostType"": ""CALCULATED""}]",,,PENDING_INDEPENDENT_HUMAN_REVIEW
D2-0900,c7e36a14-236f-4b93-a4a8-a4be2ddc7193,590cc9ca-0f7d-413e-ae31-68433716e01b,Mega Lucario ex,Mega Evolution,179,special_illustration_rare,v1|137661555522|0,PSA 10 Mega Lucario ex 179/132 SIR Mega Evolution Pokemon English,,Graded,2750,[],"[""FIXED_PRICE"", ""BEST_OFFER""]",cannonscards,https://i.ebayimg.com/images/g/TwYAAeSwW8NqjjH-/s-l225.jpg,https://www.ebay.com/itm/137661555522?_skw=Mega+Lucario+ex+179+Mega+Evolution+Pokemon+card&hash=item200d44a342:g:TwYAAeSwW8NqjjH-,"{""value"": ""400.00"", ""currency"": ""USD""}","[{""shippingCostType"": ""CALCULATED""}]",,,PENDING_INDEPENDENT_HUMAN_REVIEW
D2-0901,cc59d868-d0e5-4557-9423-3f9b7c9d2591,04f90621-b7cb-49bf-b962-8ba0790d6e62,Team Rocket's Giovanni,Destined Rivals,238,special_illustration_rare,v1|117167906568|0,Team Rocket’s Giovanni Destined Rivals 238/182 SIR NM Pokemon,,Ungraded,4000,[],"[""FIXED_PRICE""]",cardthrone,https://i.ebayimg.com/images/g/NT0AAeSw1rlp8db9/s-l225.jpg,https://www.ebay.com/itm/117167906568?_skw=Team+Rocket%27s+Giovanni+238+Destined+Rivals+Pokemon+card&hash=item1b47c05f08:g:NT0AAeSw1rlp8db9,"{""value"": ""43.99"", ""currency"": ""USD""}","[{""shippingCostType"": ""FIXED"", ""shippingCost"": {""value"": ""0.00"", ""currency"": ""USD""}, ""minEstimatedDeliveryDate"": ""2026-09-15T07:00:00.000Z"", ""maxEstimatedDeliveryDate"": ""2026-09-21T07:00:00.000Z""}]",,,PENDING_INDEPENDENT_HUMAN_REVIEW
D2-0902,cc59d868-d0e5-4557-9423-3f9b7c9d2591,04f90621-b7cb-49bf-b962-8ba0790d6e62,Team Rocket's Giovanni,Destined Rivals,238,special_illustration_rare,v1|117398097007|0,Team Rocket's Giovanni 238/182 Sv10: Destined Rivals Holo,,Ungraded,4000,[],"[""FIXED_PRICE"", ""BEST_OFFER""]",wates-trading,https://i.ebayimg.com/images/g/w84AAeSwqV1qQd9w/s-l225.jpg,https://www.ebay.com/itm/117398097007?_skw=Team+Rocket%27s+Giovanni+238+Destined+Rivals+Pokemon+card&hash=item1b5578cc6f:g:w84AAeSwqV1qQd9w,"{""value"": ""27.00"", ""currency"": ""USD""}",[],,,PENDING_INDEPENDENT_HUMAN_REVIEW
D2-0903,cc59d868-d0e5-4557-9423-3f9b7c9d2591,04f90621-b7cb-49bf-b962-8ba0790d6e62,Team Rocket's Giovanni,Destined Rivals,238,special_illustration_rare,v1|117399646549|0,Pokemon - Team Rocket's Giovanni 238/182 Destined Rivals SIR English NM,,Ungraded,4000,[],"[""FIXED_PRICE""]",chakochan5,https://i.ebayimg.com/images/g/Rh0AAeSwT-hqnfjq/s-l225.jpg,https://www.ebay.com/itm/117399646549?_skw=Team+Rocket%27s+Giovanni+238+Destined+Rivals+Pokemon+card&hash=item1b55907155:g:Rh0AAeSwT-hqnfjq,"{""value"": ""29.99"", ""currency"": ""USD""}","[{""shippingCostType"": ""CALCULATED""}]",,,PENDING_INDEPENDENT_HUMAN_REVIEW
D2-0904,cc59d868-d0e5-4557-9423-3f9b7c9d2591,04f90621-b7cb-49bf-b962-8ba0790d6e62,Team Rocket's Giovanni,Destined Rivals,238,special_illustration_rare,v1|267770119427|0,Team Rocket’s Giovanni DRI SIR 238/182 ⭐️⭐️⭐️,,Ungraded,4000,[],"[""FIXED_PRICE"", ""BEST_OFFER""]",valentivault3,https://i.ebayimg.com/images/g/MnMAAeSwS7ZqkhK0/s-l225.jpg,https://www.ebay.com/itm/267770119427?_skw=Team+Rocket%27s+Giovanni+238+Destined+Rivals+Pokemon+card&hash=item3e5857c503:g:MnMAAeSwS7ZqkhK0&amdata=enc%3AAQALAAABEACCtXRWQnOEpyOqnQQ8KGaChpkOLK6z8pOQO3NWF1jpyF%2B7RCPlqoN0mGwR%2Fu2sKGcqWR%2Bj3ideOesH6WjnqgcRrYr%2BqVwO9pYIgwt%2BqYdgMER9df%2F3rWnTqjZiVET8u9hiXKTOnh7gFPyhPt3xE4QV3TrxM1EfWGI4ZIsOsL1wrY5Yz0zs269RekNov%2BSdAAqZ2t1f4umeO4q9OZMPXMWrhQeLYcDfvB577iLaawgaffr5dJAwIuSB1XkPHJYaPFtWSvmnoAXFFKuDvhl8F6L11hq1kDsr%2FjxnHMVzhCtCAW0Lka%2FvA0GXcGoZdCfyqLZdmc%2BRkcEPYDFgxCt0MCqmc4fkJz09kq6UoAErrHCo,"{""value"": ""27.00"", ""currency"": ""USD""}","[{""shippingCostType"": ""CALCULATED""}]",,,PENDING_INDEPENDENT_HUMAN_REVIEW
D2-0905,cc59d868-d0e5-4557-9423-3f9b7c9d2591,04f90621-b7cb-49bf-b962-8ba0790d6e62,Team Rocket's Giovanni,Destined Rivals,238,special_illustration_rare,v1|117406740251|0,Team Rockets Giovanni 238/182 Destined Rivals SIR Holo Pokemon Card - Near Mint,,Ungraded,4000,[],"[""AUCTION""]",pokemonfrommichigan,https://i.ebayimg.com/images/g/vPAAAeSwHg9qWsyM/s-l225.jpg,https://www.ebay.com/itm/117406740251?_skw=Team+Rocket%27s+Giovanni+238+Destined+Rivals+Pokemon+card&hash=item1b55fcaf1b:g:vPAAAeSwHg9qWsyM,{},"[{""shippingCostType"": ""CALCULATED""}]",,,PENDING_INDEPENDENT_HUMAN_REVIEW
D2-0906,cc59d868-d0e5-4557-9423-3f9b7c9d2591,04f90621-b7cb-49bf-b962-8ba0790d6e62,Team Rocket's Giovanni,Destined Rivals,238,special_illustration_rare,v1|157077521788|458930608933,Pokemon Cards! Destined Rivals Holo/Reverse Holo EX Ultra Rare SIR Full Art Card,,Ungraded,4000,[],"[""FIXED_PRICE""]",overstackedcards,https://i.ebayimg.com/images/g/9oMAAeSwexZoYJej/s-l225.jpg,https://www.ebay.com/itm/157077521788?_skw=Team+Rocket%27s+Giovanni+238+Destined+Rivals+Pokemon+card&hash=item24928cc57c:g:9oMAAeSwexZoYJej,"{""value"": ""56.99"", ""currency"": ""USD""}","[{""shippingCostType"": ""FIXED"", ""shippingCost"": {""value"": ""0.00"", ""currency"": ""USD""}, ""minEstimatedDeliveryDate"": ""2026-09-15T07:00:00.000Z"", ""maxEstimatedDeliveryDate"": ""2026-09-18T07:00:00.000Z""}]",,,PENDING_INDEPENDENT_HUMAN_REVIEW
D2-0907,cc59d868-d0e5-4557-9423-3f9b7c9d2591,04f90621-b7cb-49bf-b962-8ba0790d6e62,Team Rocket's Giovanni,Destined Rivals,238,special_illustration_rare,v1|177555959711|0,Team Rockets Giovanni 238/182 SIR Destined Rivals NM-M Pokemon Card Very clean,,Ungraded,4000,[],"[""FIXED_PRICE"", ""BEST_OFFER""]",howey445,https://i.ebayimg.com/images/g/vR4AAeSw0cxpDiGe/s-l225.jpg,https://www.ebay.com/itm/177555959711?_skw=Team+Rocket%27s+Giovanni+238+Destined+Rivals+Pokemon+card&hash=item295728ef9f:g:vR4AAeSw0cxpDiGe,"{""value"": ""30.00"", ""currency"": ""USD""}","[{""shippingCostType"": ""CALCULATED""}]",,,PENDING_INDEPENDENT_HUMAN_REVIEW
D2-0908,cc59d868-d0e5-4557-9423-3f9b7c9d2591,04f90621-b7cb-49bf-b962-8ba0790d6e62,Team Rocket's Giovanni,Destined Rivals,238,special_illustration_rare,v1|206509250224|0,2025 POKEMON DRI EN-DESTINED RIVALS #238 TEAM ROCKET'S GIOVANNI PSA 10,,Graded,2750,[],"[""FIXED_PRICE"", ""BEST_OFFER""]",sargescardscollectibles,https://i.ebayimg.com/images/g/oQ8AAeSww2Bo-vji/s-l225.jpg,https://www.ebay.com/itm/206509250224?_skw=Team+Rocket%27s+Giovanni+238+Destined+Rivals+Pokemon+card&hash=item3014e916b0:g:oQ8AAeSww2Bo-vji,"{""value"": ""169.99"", ""currency"": ""USD""}",[],,,PENDING_INDEPENDENT_HUMAN_REVIEW
D2-0909,cc59d868-d0e5-4557-9423-3f9b7c9d2591,04f90621-b7cb-49bf-b962-8ba0790d6e62,Team Rocket's Giovanni,Destined Rivals,238,special_illustration_rare,v1|226825778993|0,Pokemon Team Rocket's Giovanni 238/182 Destined Rival Extended Art Case,,Ungraded,4000,[],"[""FIXED_PRICE""]",dragarious,https://i.ebayimg.com/images/g/ih4AAeSwBJRpDUeb/s-l225.jpg,https://www.ebay.com/itm/226825778993?_skw=Team+Rocket%27s+Giovanni+238+Destined+Rivals+Pokemon+card&hash=item34cfdeb731:g:ih4AAeSwBJRpDUeb,"{""value"": ""12.00"", ""currency"": ""USD""}","[{""shippingCostType"": ""CALCULATED""}]",,,PENDING_INDEPENDENT_HUMAN_REVIEW
D2-0910,cc59d868-d0e5-4557-9423-3f9b7c9d2591,04f90621-b7cb-49bf-b962-8ba0790d6e62,Team Rocket's Giovanni,Destined Rivals,238,special_illustration_rare,v1|127145721639|0,Team Rocket’s Giovanni 238/182 SIR Destined Rivals English Pokemon Card NM,,Ungraded,4000,[],"[""FIXED_PRICE"", ""BEST_OFFER""]",podsycards,https://i.ebayimg.com/images/g/ziUAAeSwUCpoOlwQ/s-l225.jpg,https://www.ebay.com/itm/127145721639?_skw=Team+Rocket%27s+Giovanni+238+Destined+Rivals+Pokemon+card&hash=item1d9a79bf27:g:ziUAAeSwUCpoOlwQ,"{""value"": ""50.00"", ""currency"": ""USD""}","[{""shippingCostType"": ""FIXED"", ""shippingCost"": {""value"": ""5.00"", ""currency"": ""USD""}, ""minEstimatedDeliveryDate"": ""2026-09-15T07:00:00.000Z"", ""maxEstimatedDeliveryDate"": ""2026-09-21T07:00:00.000Z""}]",,,PENDING_INDEPENDENT_HUMAN_REVIEW
D2-0911,cc59d868-d0e5-4557-9423-3f9b7c9d2591,04f90621-b7cb-49bf-b962-8ba0790d6e62,Team Rocket's Giovanni,Destined Rivals,238,special_illustration_rare,v1|127791586317|0,Team Rocket’s Giovanni 238/182 Destined Rivals Special Illustration Rare,,Ungraded,4000,[],"[""FIXED_PRICE""]",anhuar*perez*mastertoys,https://i.ebayimg.com/images/g/RsYAAeSwTh5p0R9m/s-l225.jpg,https://www.ebay.com/itm/127791586317?_skw=Team+Rocket%27s+Giovanni+238+Destined+Rivals+Pokemon+card&hash=item1dc0f8dc0d:g:RsYAAeSwTh5p0R9m&amdata=enc%3AAQALAAABEACCtXRWQnOEpyOqnQQ8KGZ3oUjr5YxbETJH0MT1Bu97ecPJtZHx0lY97aGSDH0oQalxqxvJpAk8Qplskucm5AozfxjrXjaJEn6hdyHpohokXhJikEuPCXb94HsXppxS4Rl%2BkhAtcSufEBa6G3GvUZwmPqRPEIYktP7M%2BsSeD8f%2BRL5%2FkyAihjIp3CzYrOanmTyvlCXw6M8MtPHJmOAaw6xjbK1fCoJnZ9YtgBXoGiEVXnJciHgVe2vTeXKzKeBfki9U9bP2HzojWwkSg8%2FKfLzh2PhvUkn7PupYm%2FQd1Hwuq%2BXyC1wjucvtKygB5Jr6p7iCcsI2IoMNDmDPRp%2Ftfh%2BbHWguybfIcXYZ4WORMu69,"{""value"": ""50.00"", ""currency"": ""USD""}","[{""shippingCostType"": ""CALCULATED""}]",,,PENDING_INDEPENDENT_HUMAN_REVIEW
D2-0912,cc59d868-d0e5-4557-9423-3f9b7c9d2591,04f90621-b7cb-49bf-b962-8ba0790d6e62,Team Rocket's Giovanni,Destined Rivals,238,special_illustration_rare,v1|128052787705|0,Team Rocket's Giovanni 238/182 Destined Rivals Pokemon Holo NM,,Ungraded,4000,[],"[""FIXED_PRICE""]",coopsca-38,https://i.ebayimg.com/images/g/SsMAAeSwR7pqlM0d/s-l225.jpg,https://www.ebay.com/itm/128052787705?_skw=Team+Rocket%27s+Giovanni+238+Destined+Rivals+Pokemon+card&hash=item1dd08a79f9:g:SsMAAeSwR7pqlM0d,"{""value"": ""32.30"", ""currency"": ""USD""}","[{""shippingCostType"": ""FIXED"", ""shippingCost"": {""value"": ""0.00"", ""currency"": ""USD""}, ""minEstimatedDeliveryDate"": ""2026-09-15T07:00:00.000Z"", ""maxEstimatedDeliveryDate"": ""2026-09-19T07:00:00.000Z""}]",,,PENDING_INDEPENDENT_HUMAN_REVIEW
D2-0913,cc59d868-d0e5-4557-9423-3f9b7c9d2591,04f90621-b7cb-49bf-b962-8ba0790d6e62,Team Rocket's Giovanni,Destined Rivals,238,special_illustration_rare,v1|137626128467|0,Team Rocket's Giovanni 238/182 Destined Rivals Pokemon Holo,,Ungraded,4000,[],"[""FIXED_PRICE""]",kinghobbyco,https://i.ebayimg.com/images/g/DikAAeSwnCZqgQjw/s-l225.jpg,https://www.ebay.com/itm/137626128467?_skw=Team+Rocket%27s+Giovanni+238+Destined+Rivals+Pokemon+card&hash=item200b281053:g:DikAAeSwnCZqgQjw,"{""value"": ""30.99"", ""currency"": ""USD""}","[{""shippingCostType"": ""CALCULATED""}]",,,PENDING_INDEPENDENT_HUMAN_REVIEW
D2-0914,cc59d868-d0e5-4557-9423-3f9b7c9d2591,04f90621-b7cb-49bf-b962-8ba0790d6e62,Team Rocket's Giovanni,Destined Rivals,238,special_illustration_rare,v1|137703135714|0,Pokemon TCG Team Rocket's Giovanni 238/182 SV10 Destined Rivals Full Art Holo UR,,Ungraded,4000,[],"[""FIXED_PRICE"", ""BEST_OFFER""]",mbreg1320,https://i.ebayimg.com/images/g/~w4AAeSwvB9qnFzr/s-l225.jpg,https://www.ebay.com/itm/137703135714?_skw=Team+Rocket%27s+Giovanni+238+Destined+Rivals+Pokemon+card&hash=item200fbf19e2:g:~w4AAeSwvB9qnFzr&amdata=enc%3AAQALAAABEACCtXRWQnOEpyOqnQQ8KGb%2Bhp3U%2BYLyS%2Bz4T63KmQBOhU4xEJfP1Bhnr7foWxxtE3myW%2FRwBLAjHNwDEZT3XJZK0a0uGbq3lC3qUNzpptneznowKJDObaDObN62ZCyC%2F8jj5GR6pCeNFH9Ci2Yoy3xD5RO%2F9QwhzQN6XwH5AfuQl6jxPw10OLvV70UfSYEOv6YdpRkM0%2FSHU7%2F5nsRhXt5szGyy0DUSlcE9oZL87l6Ll1wdBvy50jmSuRpf3NqxDbP3bE40i6FY3VKoGE5eOtmZTyEX92Aho9UrD0H0EBV6q3eo43Epd7e2ZdX8FyzWhFOB0DMIo761XH4GVkjQYu2f64VBLT8ne3vIudHyvT2I,"{""value"": ""26.00"", ""currency"": ""USD""}","[{""shippingCostType"": ""CALCULATED""}]",,,PENDING_INDEPENDENT_HUMAN_REVIEW
D2-0915,cc59d868-d0e5-4557-9423-3f9b7c9d2591,04f90621-b7cb-49bf-b962-8ba0790d6e62,Team Rocket's Giovanni,Destined Rivals,238,special_illustration_rare,v1|147077198038|0,Team Rocket's Giovanni 238/182 Sv10: Destined Rivals Holo,,Graded,2750,[],"[""FIXED_PRICE""]",heights-srl,https://i.ebayimg.com/images/g/sB0AAeSwjsNpXVLz/s-l225.jpg,https://www.ebay.com/itm/147077198038?_skw=Team+Rocket%27s+Giovanni+238+Destined+Rivals+Pokemon+card&hash=item223e7bf0d6:g:sB0AAeSwjsNpXVLz,"{""value"": ""27.00"", ""currency"": ""USD""}","[{""shippingCostType"": ""FIXED"", ""shippingCost"": {""value"": ""5.75"", ""currency"": ""USD""}, ""minEstimatedDeliveryDate"": ""2026-09-15T07:00:00.000Z"", ""maxEstimatedDeliveryDate"": ""2026-09-21T07:00:00.000Z""}]",,,PENDING_INDEPENDENT_HUMAN_REVIEW
D2-0916,cdfc0223-40ef-4e4b-a9f2-3a809ae1c3df,f6e9d756-3a7b-4c8e-b87c-06cacb0d3c7e,Flareon,Scarlet and Violet 151,136,rare,v1|127793400635|0,Holo Flareon 136/165 Rare Scarlet and Violet 151 Pokemon TCG,,Ungraded,4000,[],"[""FIXED_PRICE"", ""BEST_OFFER""]",maggsjh,https://i.ebayimg.com/images/g/hW0AAeSw47Fp0nhQ/s-l225.jpg,https://www.ebay.com/itm/127793400635?_skw=Flareon+136+Scarlet+and+Violet+151+Pokemon+card&hash=item1dc1148b3b:g:hW0AAeSw47Fp0nhQ,"{""value"": ""1.66"", ""currency"": ""USD""}","[{""shippingCostType"": ""FIXED"", ""shippingCost"": {""value"": ""0.00"", ""currency"": ""USD""}, ""minEstimatedDeliveryDate"": ""2026-09-15T07:00:00.000Z"", ""maxEstimatedDeliveryDate"": ""2026-09-18T07:00:00.000Z""}]",,,PENDING_INDEPENDENT_HUMAN_REVIEW
D2-0917,cdfc0223-40ef-4e4b-a9f2-3a809ae1c3df,f6e9d756-3a7b-4c8e-b87c-06cacb0d3c7e,Flareon,Scarlet and Violet 151,136,rare,v1|135781199449|0,Flareon - Pokemon 151 -  136/165 - Holo Rare - Scarlet and Violet,,Ungraded,4000,[],"[""FIXED_PRICE""]",thecrowsnestcache,https://i.ebayimg.com/images/g/s3cAAeSwwvtoHR9W/s-l225.jpg,https://www.ebay.com/itm/135781199449?_skw=Flareon+136+Scarlet+and+Violet+151+Pokemon+card&hash=item1f9d30ae59:g:s3cAAeSwwvtoHR9W,"{""value"": ""0.99"", ""currency"": ""USD""}","[{""shippingCostType"": ""CALCULATED""}]",,,PENDING_INDEPENDENT_HUMAN_REVIEW
D2-0918,cdfc0223-40ef-4e4b-a9f2-3a809ae1c3df,f6e9d756-3a7b-4c8e-b87c-06cacb0d3c7e,Flareon,Scarlet and Violet 151,136,rare,v1|136634866587|0,Flareon Reverse Holo And Holo 136/165 Sv: Scarlet & Violet 151 NM Condition,,Ungraded,4000,[],"[""FIXED_PRICE"", ""BEST_OFFER""]",xdreamkustoms,https://i.ebayimg.com/images/g/7P8AAeSwVvpo991R/s-l225.jpg,https://www.ebay.com/itm/136634866587?_skw=Flareon+136+Scarlet+and+Violet+151+Pokemon+card&hash=item1fd0129b9b:g:7P8AAeSwVvpo991R,"{""value"": ""4.95"", ""currency"": ""USD""}","[{""shippingCostType"": ""CALCULATED""}]",,,PENDING_INDEPENDENT_HUMAN_REVIEW
D2-0919,cdfc0223-40ef-4e4b-a9f2-3a809ae1c3df,f6e9d756-3a7b-4c8e-b87c-06cacb0d3c7e,Flareon,Scarlet and Violet 151,136,rare,v1|115942120020|416197337749,Pokemon S&V 151: Choose Your Cards and Save 40% ! - Reverse Holo and Up - NM,,Ungraded,4000,[],"[""FIXED_PRICE""]",chase_cash69,https://i.ebayimg.com/images/g/mFQAAeSwulxpW-4k/s-l225.jpg,https://www.ebay.com/itm/115942120020?_skw=Flareon+136+Scarlet+and+Violet+151+Pokemon+card&var=416197337749&hash=item1afeb05a54:g:mFQAAeSwulxpW-4k,"{""value"": ""3.99"", ""currency"": ""USD""}","[{""shippingCostType"": ""FIXED"", ""shippingCost"": {""value"": ""0.99"", ""currency"": ""USD""}, ""minEstimatedDeliveryDate"": ""2026-09-15T07:00:00.000Z"", ""maxEstimatedDeliveryDate"": ""2026-09-21T07:00:00.000Z""}]",,,PENDING_INDEPENDENT_HUMAN_REVIEW
D2-0920,cdfc0223-40ef-4e4b-a9f2-3a809ae1c3df,f6e9d756-3a7b-4c8e-b87c-06cacb0d3c7e,Flareon,Scarlet and Violet 151,136,rare,v1|117046777755|417111955613,"Pokemon 151 Singles - Complete Your Set - Common, Reverse Holo and Holo",,Ungraded,4000,[],"[""FIXED_PRICE""]",shinydecktraders,https://i.ebayimg.com/images/g/Le4AAeSwEdRpmtCj/s-l225.jpg,https://www.ebay.com/itm/117046777755?_skw=Flareon+136+Scarlet+and+Violet+151+Pokemon+card&var=417111955613&hash=item1b4088179b:g:Le4AAeSwEdRpmtCj,"{""value"": ""2.00"", ""currency"": ""USD""}","[{""shippingCostType"": ""FIXED"", ""shippingCost"": {""value"": ""0.99"", ""currency"": ""USD""}, ""minEstimatedDeliveryDate"": ""2026-09-16T07:00:00.000Z"", ""maxEstimatedDeliveryDate"": ""2026-09-23T07:00:00.000Z""}]",,,PENDING_INDEPENDENT_HUMAN_REVIEW
D2-0921,cdfc0223-40ef-4e4b-a9f2-3a809ae1c3df,f6e9d756-3a7b-4c8e-b87c-06cacb0d3c7e,Flareon,Scarlet and Violet 151,136,rare,v1|136122320291|435143311447,Pokemon Scarlet & Violet 151 Reverse Holos and Holos: Choose Your Card,,Ungraded,4000,[],"[""FIXED_PRICE""]",tmacademy,https://i.ebayimg.com/images/g/idwAAeSwigJobIly/s-l225.jpg,https://www.ebay.com/itm/136122320291?_skw=Flareon+136+Scarlet+and+Violet+151+Pokemon+card&var=435143311447&hash=item1fb185c5a3:g:idwAAeSwigJobIly,"{""value"": ""1.49"", ""currency"": ""USD""}","[{""shippingCostType"": ""FIXED"", ""shippingCost"": {""value"": ""0.00"", ""currency"": ""USD""}, ""minEstimatedDeliveryDate"": ""2026-09-15T07:00:00.000Z"", ""maxEstimatedDeliveryDate"": ""2026-09-21T07:00:00.000Z""}]",,,PENDING_INDEPENDENT_HUMAN_REVIEW
D2-0922,cdfc0223-40ef-4e4b-a9f2-3a809ae1c3df,f6e9d756-3a7b-4c8e-b87c-06cacb0d3c7e,Flareon,Scarlet and Violet 151,136,rare,v1|326388335238|0,POKEMON 151 #136 FLAREON - PSA 9 -2023 MEW EN SCARLET VIOLET ENGLISH CARD,,Graded,2750,[],"[""FIXED_PRICE"", ""BEST_OFFER""]",startbuysell,https://i.ebayimg.com/images/g/2gUAAOSwoxNncmGu/s-l225.jpg,https://www.ebay.com/itm/326388335238?_skw=Flareon+136+Scarlet+and+Violet+151+Pokemon+card&hash=item4bfe42c286:g:2gUAAOSwoxNncmGu&amdata=enc%3AAQALAAABEACCtXRWQnOEpyOqnQQ8KGZTVoWqJo8z0NAZkBU5nU4jTTKgKibKbx3HzBd7kIFmtdjpjWZQpYDglUwMlnDWWwlLVBILWduPhoLip1Yi7Q1OI9iZ3TNKgrNikd7N9i1KlOIhTPnoj7gMUrNY7HAviU7Cv%2BfMB3l3rlyEi%2Bw9yJm70bevdJShD%2BIXMY4RBFMK994VzcUBmUBiCt%2BBn8%2F00M9u3Ap4zkDL76p9I6aEcuHN2aaYnZEL4QcI7paecGVc0GItt2esMSjIvnkbWzkjoQRg1xKOw96UrbCg6lVLsPutCHCw7gZ%2BelO7S20uh3LlHNtz1croX7nzd%2FvR5YpzbfihpNqPVcrcCGTHunKs2p8e,"{""value"": ""52.20"", ""currency"": ""USD""}","[{""shippingCostType"": ""FIXED"", ""shippingCost"": {""value"": ""0.00"", ""currency"": ""USD""}, ""minEstimatedDeliveryDate"": ""2026-09-14T07:00:00.000Z"", ""maxEstimatedDeliveryDate"": ""2026-09-16T07:00:00.000Z""}]",,,PENDING_INDEPENDENT_HUMAN_REVIEW
D2-0923,cdfc0223-40ef-4e4b-a9f2-3a809ae1c3df,f6e9d756-3a7b-4c8e-b87c-06cacb0d3c7e,Flareon,Scarlet and Violet 151,136,rare,v1|406881394951|0,Flareon Holo 36/165 Rare Scarlet and Violet 151 LP Playset (4x) Pokemon,,Ungraded,4000,[],"[""FIXED_PRICE"", ""BEST_OFFER""]",b.white-475,https://i.ebayimg.com/images/g/tOQAAeSwVqBp6HVY/s-l225.jpg,https://www.ebay.com/itm/406881394951?_skw=Flareon+136+Scarlet+and+Violet+151+Pokemon+card&hash=item5ebc056107:g:tOQAAeSwVqBp6HVY,"{""value"": ""6.99"", ""currency"": ""USD""}","[{""shippingCostType"": ""FIXED"", ""shippingCost"": {""value"": ""0.00"", ""currency"": ""USD""}, ""minEstimatedDeliveryDate"": ""2026-09-15T07:00:00.000Z"", ""maxEstimatedDeliveryDate"": ""2026-09-21T07:00:00.000Z""}]",,,PENDING_INDEPENDENT_HUMAN_REVIEW
D2-0924,cdfc0223-40ef-4e4b-a9f2-3a809ae1c3df,f6e9d756-3a7b-4c8e-b87c-06cacb0d3c7e,Flareon,Scarlet and Violet 151,136,rare,v1|166599459454|0,Vaporeon Jolteon Flareon Set of 3 Holo Japanese Scarlet Violet 151 Pokemon Cards,,Ungraded,4000,[],"[""FIXED_PRICE""]",mrmukscardshop,https://i.ebayimg.com/images/g/AsYAAOSwoNVlzVq~/s-l225.jpg,https://www.ebay.com/itm/166599459454?_skw=Flareon+136+Scarlet+and+Violet+151+Pokemon+card&hash=item26ca1a027e:g:AsYAAOSwoNVlzVq~,"{""value"": ""15.00"", ""currency"": ""USD""}","[{""shippingCostType"": ""FIXED"", ""shippingCost"": {""value"": ""0.00"", ""currency"": ""USD""}, ""minEstimatedDeliveryDate"": ""2026-09-15T07:00:00.000Z"", ""maxEstimatedDeliveryDate"": ""2026-09-18T07:00:00.000Z""}]",,,PENDING_INDEPENDENT_HUMAN_REVIEW
D2-0925,cdfc0223-40ef-4e4b-a9f2-3a809ae1c3df,f6e9d756-3a7b-4c8e-b87c-06cacb0d3c7e,Flareon,Scarlet and Violet 151,136,rare,v1|136127924277|435144470181,151 Scarlet & Violet Singles/ Reverse Holo/ Holo YOU CHOOSE,,Ungraded,4000,[],"[""FIXED_PRICE""]",poke-woz,https://i.ebayimg.com/images/g/C9sAAeSwXw9osf8E/s-l225.jpg,https://www.ebay.com/itm/136127924277?_skw=Flareon+136+Scarlet+and+Violet+151+Pokemon+card&var=435144470181&hash=item1fb1db4835:g:C9sAAeSwXw9osf8E&amdata=enc%3AAQALAAABEACCtXRWQnOEpyOqnQQ8KGbRIvG7CtO%2BlvHtxZXhhrLtW74B8f6nHVJXD%2FAFTStrSRkD%2Fyxrl41dNU0iYzEB8mjzsqG%2Finbc37q2KG0aA8%2Bpm2dt4aF8Gp%2BrhNFIRkhvSOC0Nu5dltedOc%2F6lTMK%2FjU92%2FYDJTUDLBzOFT%2FyWX2Zt1M3Me1dU1mMH%2BSdbVRzwSV1LpOndTQz5Ff9iQNRFnY%2Fp0dExYMkNFISK09Y1dmP4%2FoL7GGiyrWKvi1znVJZZg3tIRql3wO7Cv0OiqOA29vL9EwNOJAKe7JK0yoXf48QW2jxbipEmjKyKgdvG57wCKqP36OFXc3uRQxR8vqY6raV0fkt4fXbqHZ6JJ3kuLOt,"{""value"": ""4.99"", ""currency"": ""USD"", ""convertedFromValue"": ""3.69"", ""convertedFromCurrency"": ""GBP""}","[{""shippingCostType"": ""FIXED"", ""shippingCost"": {""value"": ""24.32"", ""currency"": ""USD"", ""convertedFromValue"": ""18.00"", ""convertedFromCurrency"": ""GBP""}, ""minEstimatedDeliveryDate"": ""2026-09-18T07:00:00.000Z"", ""maxEstimatedDeliveryDate"": ""2026-09-26T07:00:00.000Z""}]",,,PENDING_INDEPENDENT_HUMAN_REVIEW
D2-0926,cdfc0223-40ef-4e4b-a9f2-3a809ae1c3df,f6e9d756-3a7b-4c8e-b87c-06cacb0d3c7e,Flareon,Scarlet and Violet 151,136,rare,v1|137452362772|0,FLAREON 136/165 SCARLET AND VIOLET 151 POKEMON TCG,,Ungraded,4000,[],"[""FIXED_PRICE""]",lugiasden,https://i.ebayimg.com/images/g/99MAAeSwLrFpTzdN/s-l225.jpg,https://www.ebay.com/itm/137452362772?_skw=Flareon+136+Scarlet+and+Violet+151+Pokemon+card&hash=item2000cc9c14:g:99MAAeSwLrFpTzdN,"{""value"": ""2.52"", ""currency"": ""USD""}","[{""shippingCostType"": ""FIXED"", ""shippingCost"": {""value"": ""0.00"", ""currency"": ""USD""}, ""minEstimatedDeliveryDate"": ""2026-09-16T07:00:00.000Z"", ""maxEstimatedDeliveryDate"": ""2026-09-23T07:00:00.000Z""}]",,,PENDING_INDEPENDENT_HUMAN_REVIEW
D2-0927,cdfc0223-40ef-4e4b-a9f2-3a809ae1c3df,f6e9d756-3a7b-4c8e-b87c-06cacb0d3c7e,Flareon,Scarlet and Violet 151,136,rare,v1|137452362806|0,FLAREON 136/165 SCARLET AND VIOLET 151 POKEMON TCG,,Ungraded,4000,[],"[""FIXED_PRICE""]",lugiasden,https://i.ebayimg.com/images/g/ARcAAeSwnXtpTzUD/s-l225.jpg,https://www.ebay.com/itm/137452362806?_skw=Flareon+136+Scarlet+and+Violet+151+Pokemon+card&hash=item2000cc9c36:g:ARcAAeSwnXtpTzUD,"{""value"": ""2.52"", ""currency"": ""USD""}","[{""shippingCostType"": ""FIXED"", ""shippingCost"": {""value"": ""0.00"", ""currency"": ""USD""}, ""minEstimatedDeliveryDate"": ""2026-09-16T07:00:00.000Z"", ""maxEstimatedDeliveryDate"": ""2026-09-23T07:00:00.000Z""}]",,,PENDING_INDEPENDENT_HUMAN_REVIEW
D2-0928,cdfc0223-40ef-4e4b-a9f2-3a809ae1c3df,f6e9d756-3a7b-4c8e-b87c-06cacb0d3c7e,Flareon,Scarlet and Violet 151,136,rare,v1|137452362838|0,FLAREON 136/165 SCARLET AND VIOLET 151 POKEMON TCG,,Ungraded,4000,[],"[""FIXED_PRICE""]",lugiasden,https://i.ebayimg.com/images/g/G7IAAeSwFNhpTzbX/s-l225.jpg,https://www.ebay.com/itm/137452362838?_skw=Flareon+136+Scarlet+and+Violet+151+Pokemon+card&hash=item2000cc9c56:g:G7IAAeSwFNhpTzbX,"{""value"": ""2.52"", ""currency"": ""USD""}","[{""shippingCostType"": ""FIXED"", ""shippingCost"": {""value"": ""0.00"", ""currency"": ""USD""}, ""minEstimatedDeliveryDate"": ""2026-09-16T07:00:00.000Z"", ""maxEstimatedDeliveryDate"": ""2026-09-23T07:00:00.000Z""}]",,,PENDING_INDEPENDENT_HUMAN_REVIEW
D2-0929,cdfc0223-40ef-4e4b-a9f2-3a809ae1c3df,f6e9d756-3a7b-4c8e-b87c-06cacb0d3c7e,Flareon,Scarlet and Violet 151,136,rare,v1|137452362846|0,FLAREON 136/165 SCARLET AND VIOLET 151 POKEMON TCG,,Ungraded,4000,[],"[""FIXED_PRICE""]",lugiasden,https://i.ebayimg.com/images/g/5sAAAeSwLrFpTzSO/s-l225.jpg,https://www.ebay.com/itm/137452362846?_skw=Flareon+136+Scarlet+and+Violet+151+Pokemon+card&hash=item2000cc9c5e:g:5sAAAeSwLrFpTzSO,"{""value"": ""2.52"", ""currency"": ""USD""}","[{""shippingCostType"": ""FIXED"", ""shippingCost"": {""value"": ""0.00"", ""currency"": ""USD""}, ""minEstimatedDeliveryDate"": ""2026-09-16T07:00:00.000Z"", ""maxEstimatedDeliveryDate"": ""2026-09-23T07:00:00.000Z""}]",,,PENDING_INDEPENDENT_HUMAN_REVIEW
D2-0930,cdfc0223-40ef-4e4b-a9f2-3a809ae1c3df,f6e9d756-3a7b-4c8e-b87c-06cacb0d3c7e,Flareon,Scarlet and Violet 151,136,rare,v1|137452362917|0,FLAREON 136/165 SCARLET AND VIOLET 151 POKEMON TCG,,Ungraded,4000,[],"[""FIXED_PRICE""]",lugiasden,https://i.ebayimg.com/images/g/RzQAAeSwoAVpTzac/s-l225.jpg,https://www.ebay.com/itm/137452362917?_skw=Flareon+136+Scarlet+and+Violet+151+Pokemon+card&hash=item2000cc9ca5:g:RzQAAeSwoAVpTzac,"{""value"": ""2.52"", ""currency"": ""USD""}","[{""shippingCostType"": ""FIXED"", ""shippingCost"": {""value"": ""0.00"", ""currency"": ""USD""}, ""minEstimatedDeliveryDate"": ""2026-09-16T07:00:00.000Z"", ""maxEstimatedDeliveryDate"": ""2026-09-23T07:00:00.000Z""}]",,,PENDING_INDEPENDENT_HUMAN_REVIEW
D2-0931,d09b2fb5-41b6-4d1e-88cf-629402434501,efae0727-f8c2-48c5-a33e-c308be0d288d,Roaring Moon ex,Prismatic Evolutions,162,special_illustration_rare,v1|127460057729|0,Roaring Moon ex 162/131 Sv: Prismatic Evolutions Holo,,Graded,2750,[],"[""FIXED_PRICE"", ""BEST_OFFER""]",seng6672,https://i.ebayimg.com/images/g/1hAAAeSw7IhpArhx/s-l225.jpg,https://www.ebay.com/itm/127460057729?_skw=Roaring+Moon+ex+162+Prismatic+Evolutions+Pokemon+card&hash=item1dad362281:g:1hAAAeSw7IhpArhx,"{""value"": ""330.00"", ""currency"": ""USD""}","[{""shippingCostType"": ""CALCULATED""}]",,,PENDING_INDEPENDENT_HUMAN_REVIEW
D2-0932,d09b2fb5-41b6-4d1e-88cf-629402434501,efae0727-f8c2-48c5-a33e-c308be0d288d,Roaring Moon ex,Prismatic Evolutions,162,special_illustration_rare,v1|128066660095|0,Roaring Moon ex 162/131 Sv: Prismatic Evolutions Holo,,Ungraded,4000,[],"[""FIXED_PRICE"", ""BEST_OFFER""]",collector-254,https://i.ebayimg.com/images/g/wkcAAeSwunNqnlvL/s-l225.jpg,https://www.ebay.com/itm/128066660095?_skw=Roaring+Moon+ex+162+Prismatic+Evolutions+Pokemon+card&hash=item1dd15e26ff:g:wkcAAeSwunNqnlvL,"{""value"": ""160.00"", ""currency"": ""USD""}","[{""shippingCostType"": ""CALCULATED""}]",,,PENDING_INDEPENDENT_HUMAN_REVIEW
D2-0933,d09b2fb5-41b6-4d1e-88cf-629402434501,efae0727-f8c2-48c5-a33e-c308be0d288d,Roaring Moon ex,Prismatic Evolutions,162,special_illustration_rare,v1|128074859217|0,Roaring Moon ex 162/131 Prismatic Evolutions Pokemon Holo NM,,Ungraded,4000,[],"[""FIXED_PRICE""]",zenvault_00,https://i.ebayimg.com/images/g/cnkAAeSw0l5qpKeJ/s-l225.jpg,https://www.ebay.com/itm/128074859217?_skw=Roaring+Moon+ex+162+Prismatic+Evolutions+Pokemon+card&hash=item1dd1db42d1:g:cnkAAeSw0l5qpKeJ,"{""value"": ""189.99"", ""currency"": ""USD""}","[{""shippingCostType"": ""FIXED"", ""shippingCost"": {""value"": ""0.00"", ""currency"": ""USD""}, ""minEstimatedDeliveryDate"": ""2026-09-26T07:00:00.000Z"", ""maxEstimatedDeliveryDate"": ""2026-10-07T07:00:00.000Z""}]",,,PENDING_INDEPENDENT_HUMAN_REVIEW
D2-0934,d09b2fb5-41b6-4d1e-88cf-629402434501,efae0727-f8c2-48c5-a33e-c308be0d288d,Roaring Moon ex,Prismatic Evolutions,162,special_illustration_rare,v1|188146908043|0,2025 POKEMON PRE EN-PRISMATIC EV 162 ROARING MOON EX SPECIAL ILLUSTRATION RARE ,,Graded,2750,[],"[""FIXED_PRICE"", ""BEST_OFFER""]",eliteprocardz,https://i.ebayimg.com/images/g/N6AAAeSwsGZpsgUN/s-l225.jpg,https://www.ebay.com/itm/188146908043?_skw=Roaring+Moon+ex+162+Prismatic+Evolutions+Pokemon+card&hash=item2bce6dfb8b:g:N6AAAeSwsGZpsgUN,"{""value"": ""1500.00"", ""currency"": ""USD""}","[{""shippingCostType"": ""CALCULATED""}]",,,PENDING_INDEPENDENT_HUMAN_REVIEW
D2-0935,d09b2fb5-41b6-4d1e-88cf-629402434501,efae0727-f8c2-48c5-a33e-c308be0d288d,Roaring Moon ex,Prismatic Evolutions,162,special_illustration_rare,v1|327324491543|0,2025 PSA MINT 9 Pokemon Prismatic 162/131 Ancient Roaring Moon ex Card #62853B,,Graded,2750,[],"[""FIXED_PRICE""]",katycoin,https://i.ebayimg.com/images/g/OA0AAeSwRvdqjKXV/s-l225.jpg,https://www.ebay.com/itm/327324491543?_skw=Roaring+Moon+ex+162+Prismatic+Evolutions+Pokemon+card&hash=item4c360f5f17:g:OA0AAeSwRvdqjKXV,"{""value"": ""200.00"", ""currency"": ""USD""}","[{""shippingCostType"": ""FIXED"", ""shippingCost"": {""value"": ""0.00"", ""currency"": ""USD""}, ""minEstimatedDeliveryDate"": ""2026-09-14T07:00:00.000Z"", ""maxEstimatedDeliveryDate"": ""2026-09-16T07:00:00.000Z""}]",,,PENDING_INDEPENDENT_HUMAN_REVIEW
D2-0936,d09b2fb5-41b6-4d1e-88cf-629402434501,efae0727-f8c2-48c5-a33e-c308be0d288d,Roaring Moon ex,Prismatic Evolutions,162,special_illustration_rare,v1|336787928796|0,Pokémon Roaring Moon ex Special Illustration Rare 162/131 Sv Prismatic ,,Ungraded,4000,[],"[""AUCTION"", ""BEST_OFFER""]",tommyjoehonaker3,https://i.ebayimg.com/images/g/tmoAAeSwMfVqm-zh/s-l225.jpg,https://www.ebay.com/itm/336787928796?_skw=Roaring+Moon+ex+162+Prismatic+Evolutions+Pokemon+card&hash=item4e6a1ff6dc:g:tmoAAeSwMfVqm-zh,{},"[{""shippingCostType"": ""CALCULATED""}]",,,PENDING_INDEPENDENT_HUMAN_REVIEW
D2-0937,d09b2fb5-41b6-4d1e-88cf-629402434501,efae0727-f8c2-48c5-a33e-c308be0d288d,Roaring Moon ex,Prismatic Evolutions,162,special_illustration_rare,v1|127432158908|0,Pokémon TCG NM Roaring Moon Sir Prismatic Evolutions Card #162/131,,Ungraded,4000,[],"[""FIXED_PRICE"", ""BEST_OFFER""]",nel3322,https://i.ebayimg.com/images/g/7gwAAeSwMr9o7vsT/s-l225.jpg,https://www.ebay.com/itm/127432158908?_skw=Roaring+Moon+ex+162+Prismatic+Evolutions+Pokemon+card&hash=item1dab8c6ebc:g:7gwAAeSwMr9o7vsT,"{""value"": ""250.00"", ""currency"": ""USD""}","[{""shippingCostType"": ""CALCULATED""}]",,,PENDING_INDEPENDENT_HUMAN_REVIEW
D2-0938,d09b2fb5-41b6-4d1e-88cf-629402434501,efae0727-f8c2-48c5-a33e-c308be0d288d,Roaring Moon ex,Prismatic Evolutions,162,special_illustration_rare,v1|156750664346|458589518327,Pokemon Prismatic Evolutions: Choose Your Card! Reverse Holo/Holo EX Full Art NM,,Ungraded,4000,[],"[""FIXED_PRICE""]",overstackedcards,https://i.ebayimg.com/images/g/CdIAAOSwXW5oSU-t/s-l225.jpg,https://www.ebay.com/itm/156750664346?_skw=Roaring+Moon+ex+162+Prismatic+Evolutions+Pokemon+card&hash=item247f11529a:g:CdIAAOSwXW5oSU-t,"{""value"": ""237.49"", ""currency"": ""USD""}","[{""shippingCostType"": ""FIXED"", ""shippingCost"": {""value"": ""0.00"", ""currency"": ""USD""}, ""minEstimatedDeliveryDate"": ""2026-09-15T07:00:00.000Z"", ""maxEstimatedDeliveryDate"": ""2026-09-18T07:00:00.000Z""}]",,,PENDING_INDEPENDENT_HUMAN_REVIEW
D2-0939,d09b2fb5-41b6-4d1e-88cf-629402434501,efae0727-f8c2-48c5-a33e-c308be0d288d,Roaring Moon ex,Prismatic Evolutions,162,special_illustration_rare,v1|168485741452|0,NM Roaring Moon (162/131) Prismatic Evolutions Special Illustration Pokemon Card,,Ungraded,4000,[],"[""FIXED_PRICE""]",imwithstephen,https://i.ebayimg.com/images/g/71AAAeSw7QVqOt3M/s-l225.jpg,https://www.ebay.com/itm/168485741452?_skw=Roaring+Moon+ex+162+Prismatic+Evolutions+Pokemon+card&hash=item273a88638c:g:71AAAeSw7QVqOt3M,"{""value"": ""243.22"", ""currency"": ""USD"", ""convertedFromValue"": ""180.00"", ""convertedFromCurrency"": ""GBP""}",[],,,PENDING_INDEPENDENT_HUMAN_REVIEW
D2-0940,d09b2fb5-41b6-4d1e-88cf-629402434501,efae0727-f8c2-48c5-a33e-c308be0d288d,Roaring Moon ex,Prismatic Evolutions,162,special_illustration_rare,v1|116575580328|0,2025 POKEMON PRE EN-PRISMATIC EVOLUTIONS #162 ROARING MOON EX PSA 8.5,,Graded,2750,[],"[""FIXED_PRICE"", ""BEST_OFFER""]",suprimx,https://i.ebayimg.com/images/g/B-8AAeSwh0FoC4CV/s-l225.jpg,https://www.ebay.com/itm/116575580328?_skw=Roaring+Moon+ex+162+Prismatic+Evolutions+Pokemon+card&hash=item1b247230a8:g:B-8AAeSwh0FoC4CV,"{""value"": ""300.00"", ""currency"": ""USD""}","[{""shippingCostType"": ""CALCULATED""}]",,,PENDING_INDEPENDENT_HUMAN_REVIEW
D2-0941,d09b2fb5-41b6-4d1e-88cf-629402434501,efae0727-f8c2-48c5-a33e-c308be0d288d,Roaring Moon ex,Prismatic Evolutions,162,special_illustration_rare,v1|226561969000|0,Pokemon Roaring Moon EX SIR 162/131 Prismatic Evolutions Extended Artwork Case,,Ungraded,4000,[],"[""FIXED_PRICE""]",dragarious,https://i.ebayimg.com/images/g/750AAeSwPZppD2W2/s-l225.jpg,https://www.ebay.com/itm/226561969000?_skw=Roaring+Moon+ex+162+Prismatic+Evolutions+Pokemon+card&hash=item34c0254b68:g:750AAeSwPZppD2W2,"{""value"": ""12.00"", ""currency"": ""USD""}","[{""shippingCostType"": ""CALCULATED""}]",,,PENDING_INDEPENDENT_HUMAN_REVIEW
D2-0942,d09b2fb5-41b6-4d1e-88cf-629402434501,efae0727-f8c2-48c5-a33e-c308be0d288d,Roaring Moon ex,Prismatic Evolutions,162,special_illustration_rare,v1|117344589830|0,2025 POKEMON PRE EN ROARING MOON EX SIR #162 PSA 9 MINT,,Graded,2750,[],"[""FIXED_PRICE""]",absolutesportscardsllc,https://i.ebayimg.com/images/g/9ucAAeSw3ZJqGbnV/s-l225.jpg,https://www.ebay.com/itm/117344589830?_skw=Roaring+Moon+ex+162+Prismatic+Evolutions+Pokemon+card&hash=item1b52485806:g:9ucAAeSw3ZJqGbnV,"{""value"": ""179.99"", ""currency"": ""USD""}","[{""shippingCostType"": ""FIXED"", ""shippingCost"": {""value"": ""8.65"", ""currency"": ""USD""}, ""minEstimatedDeliveryDate"": ""2026-09-15T07:00:00.000Z"", ""maxEstimatedDeliveryDate"": ""2026-09-18T07:00:00.000Z""}]",,,PENDING_INDEPENDENT_HUMAN_REVIEW
D2-0943,d09b2fb5-41b6-4d1e-88cf-629402434501,efae0727-f8c2-48c5-a33e-c308be0d288d,Roaring Moon ex,Prismatic Evolutions,162,special_illustration_rare,v1|127419641542|0,2025 POKEMON PRE EN-PRISMATIC EVOLUTIONS #162 ROARING MOON EX PSA 9,,Graded,2750,[],"[""FIXED_PRICE"", ""BEST_OFFER""]",pokesporttradingcards,https://i.ebayimg.com/images/g/4MYAAeSwZxJo5nCD/s-l225.jpg,https://www.ebay.com/itm/127419641542?_skw=Roaring+Moon+ex+162+Prismatic+Evolutions+Pokemon+card&hash=item1daacd6ec6:g:4MYAAeSwZxJo5nCD,"{""value"": ""325.00"", ""currency"": ""USD""}","[{""shippingCostType"": ""CALCULATED""}]",,,PENDING_INDEPENDENT_HUMAN_REVIEW
D2-0944,d09b2fb5-41b6-4d1e-88cf-629402434501,efae0727-f8c2-48c5-a33e-c308be0d288d,Roaring Moon ex,Prismatic Evolutions,162,special_illustration_rare,v1|127903622328|0,Roaring Moon ex 162: Prismatic Evolutions Holo PSA9,,Graded,2750,[],"[""FIXED_PRICE"", ""BEST_OFFER""]",kra-2526,https://i.ebayimg.com/images/g/rTwAAeSwYQpqIbjc/s-l225.jpg,https://www.ebay.com/itm/127903622328?_skw=Roaring+Moon+ex+162+Prismatic+Evolutions+Pokemon+card&hash=item1dc7a664b8:g:rTwAAeSwYQpqIbjc,"{""value"": ""199.00"", ""currency"": ""USD""}","[{""shippingCostType"": ""FIXED"", ""shippingCost"": {""value"": ""5.17"", ""currency"": ""USD""}, ""minEstimatedDeliveryDate"": ""2026-09-15T07:00:00.000Z"", ""maxEstimatedDeliveryDate"": ""2026-09-21T07:00:00.000Z""}]",,,PENDING_INDEPENDENT_HUMAN_REVIEW
D2-0945,d09b2fb5-41b6-4d1e-88cf-629402434501,efae0727-f8c2-48c5-a33e-c308be0d288d,Roaring Moon ex,Prismatic Evolutions,162,special_illustration_rare,v1|127954616120|0,Roaring Moon ex 162/131 Sv: Prismatic Evolutions Holo MINT PSA 9,,Graded,2750,[],"[""FIXED_PRICE""]",mbarker43,https://i.ebayimg.com/images/g/i0EAAeSw3lhqf6vl/s-l225.jpg,https://www.ebay.com/itm/127954616120?_skw=Roaring+Moon+ex+162+Prismatic+Evolutions+Pokemon+card&hash=item1dcab07f38:g:i0EAAeSw3lhqf6vl,"{""value"": ""179.99"", ""currency"": ""USD""}","[{""shippingCostType"": ""FIXED"", ""shippingCost"": {""value"": ""5.17"", ""currency"": ""USD""}, ""minEstimatedDeliveryDate"": ""2026-09-15T07:00:00.000Z"", ""maxEstimatedDeliveryDate"": ""2026-09-21T07:00:00.000Z""}]",,,PENDING_INDEPENDENT_HUMAN_REVIEW
D2-0946,d12a209b-06a3-4b46-82d3-a374e6bbe7b4,d0d523dc-3f95-4bbc-beb6-75b3d2a15cae,Grafaiai,Paldea Evolved,223,illustration_rare,v1|127974432437|0,Grafaiai - Illustration Rare SV02: Paldea Evolved 223/193 NM,,Ungraded,4000,[],"[""FIXED_PRICE"", ""BEST_OFFER""]",jaybirdscollectibles,https://i.ebayimg.com/images/g/9esAAeSwKzZqVqL9/s-l225.jpg,https://www.ebay.com/itm/127974432437?_skw=Grafaiai+223+Paldea+Evolved+Pokemon+card&hash=item1dcbdedeb5:g:9esAAeSwKzZqVqL9,"{""value"": ""11.44"", ""currency"": ""USD""}","[{""shippingCostType"": ""FIXED"", ""shippingCost"": {""value"": ""0.00"", ""currency"": ""USD""}, ""minEstimatedDeliveryDate"": ""2026-09-15T07:00:00.000Z"", ""maxEstimatedDeliveryDate"": ""2026-09-21T07:00:00.000Z""}]",,,PENDING_INDEPENDENT_HUMAN_REVIEW
D2-0947,d12a209b-06a3-4b46-82d3-a374e6bbe7b4,d0d523dc-3f95-4bbc-beb6-75b3d2a15cae,Grafaiai,Paldea Evolved,223,illustration_rare,v1|128040842685|0,Grafaiai Holo Illustration Rare SV02: Paldea Evolved 223/193 NM,,Ungraded,4000,[],"[""FIXED_PRICE""]",tradeflexxpkmn,https://i.ebayimg.com/images/g/nVsAAeSwRAVqi28k/s-l225.jpg,https://www.ebay.com/itm/128040842685?_skw=Grafaiai+223+Paldea+Evolved+Pokemon+card&hash=item1dcfd435bd:g:nVsAAeSwRAVqi28k,"{""value"": ""9.99"", ""currency"": ""USD""}","[{""shippingCostType"": ""CALCULATED""}]",,,PENDING_INDEPENDENT_HUMAN_REVIEW
D2-0948,d12a209b-06a3-4b46-82d3-a374e6bbe7b4,d0d523dc-3f95-4bbc-beb6-75b3d2a15cae,Grafaiai,Paldea Evolved,223,illustration_rare,v1|128054596147|0,Grafaiai 223/193 Illustration Rare Paldea Evolved Pokemon Holo Near Mint,,Ungraded,4000,[],"[""FIXED_PRICE"", ""BEST_OFFER""]",kingjimmy02,https://i.ebayimg.com/images/g/agEAAeSwFbZqoL0I/s-l225.jpg,https://www.ebay.com/itm/128054596147?_skw=Grafaiai+223+Paldea+Evolved+Pokemon+card&hash=item1dd0a61233:g:agEAAeSwFbZqoL0I,"{""value"": ""8.55"", ""currency"": ""USD""}","[{""shippingCostType"": ""CALCULATED""}]",,,PENDING_INDEPENDENT_HUMAN_REVIEW
D2-0949,d12a209b-06a3-4b46-82d3-a374e6bbe7b4,d0d523dc-3f95-4bbc-beb6-75b3d2a15cae,Grafaiai,Paldea Evolved,223,illustration_rare,v1|318858860311|0,POKEMON GRAFAIAI 223/193 HOLO PAL,,Ungraded,4000,[],"[""FIXED_PRICE""]",yugioh-time-wizard-2026,https://i.ebayimg.com/images/g/6WoAAeSwpalqpJia/s-l225.jpg,https://www.ebay.com/itm/318858860311?_skw=Grafaiai+223+Paldea+Evolved+Pokemon+card&hash=item4a3d781717:g:6WoAAeSwpalqpJia,"{""value"": ""7.99"", ""currency"": ""USD""}","[{""shippingCostType"": ""FIXED"", ""shippingCost"": {""value"": ""1.36"", ""currency"": ""USD""}, ""minEstimatedDeliveryDate"": ""2026-09-15T07:00:00.000Z"", ""maxEstimatedDeliveryDate"": ""2026-09-21T07:00:00.000Z""}]",,,PENDING_INDEPENDENT_HUMAN_REVIEW
D2-0950,d12a209b-06a3-4b46-82d3-a374e6bbe7b4,d0d523dc-3f95-4bbc-beb6-75b3d2a15cae,Grafaiai,Paldea Evolved,223,illustration_rare,v1|327341891608|0,Grafaiai Holofoil [PAL - 223/193]NM,,Ungraded,4000,[],"[""FIXED_PRICE""]",curatedcollectiblesllc,https://i.ebayimg.com/images/g/s5UAAeSwwtVqmvmk/s-l225.jpg,https://www.ebay.com/itm/327341891608?_skw=Grafaiai+223+Paldea+Evolved+Pokemon+card&hash=item4c3718e018:g:s5UAAeSwwtVqmvmk,"{""value"": ""9.90"", ""currency"": ""USD""}","[{""shippingCostType"": ""FIXED"", ""shippingCost"": {""value"": ""0.00"", ""currency"": ""USD""}, ""minEstimatedDeliveryDate"": ""2026-09-15T07:00:00.000Z"", ""maxEstimatedDeliveryDate"": ""2026-09-21T07:00:00.000Z""}]",,,PENDING_INDEPENDENT_HUMAN_REVIEW
D2-0951,d12a209b-06a3-4b46-82d3-a374e6bbe7b4,d0d523dc-3f95-4bbc-beb6-75b3d2a15cae,Grafaiai,Paldea Evolved,223,illustration_rare,v1|398364400077|0,Grafaiai Holofoil [PAL - 223/193],,Ungraded,4000,[],"[""FIXED_PRICE""]",lowkeychase,https://i.ebayimg.com/images/g/wLcAAeSwwetqoX9P/s-l225.jpg,https://www.ebay.com/itm/398364400077?_skw=Grafaiai+223+Paldea+Evolved+Pokemon+card&hash=item5cc05e59cd:g:wLcAAeSwwetqoX9P,"{""value"": ""8.72"", ""currency"": ""USD""}","[{""shippingCostType"": ""FIXED"", ""shippingCost"": {""value"": ""1.50"", ""currency"": ""USD""}, ""minEstimatedDeliveryDate"": ""2026-09-15T07:00:00.000Z"", ""maxEstimatedDeliveryDate"": ""2026-09-21T07:00:00.000Z""}]",,,PENDING_INDEPENDENT_HUMAN_REVIEW
D2-0952,d12a209b-06a3-4b46-82d3-a374e6bbe7b4,d0d523dc-3f95-4bbc-beb6-75b3d2a15cae,Grafaiai,Paldea Evolved,223,illustration_rare,v1|156317227742|457935315897,Pokemon Paldea Evolved - Choose Your Card! - Holos/Reverse Holo EX Rare Cards!,,Ungraded,4000,[],"[""FIXED_PRICE""]",overstackedcards,https://i.ebayimg.com/images/g/WdsAAeSwLo5oY5cs/s-l225.jpg,https://www.ebay.com/itm/156317227742?_skw=Grafaiai+223+Paldea+Evolved+Pokemon+card&hash=item24653b9ade:g:WdsAAeSwLo5oY5cs,"{""value"": ""14.24"", ""currency"": ""USD""}","[{""shippingCostType"": ""FIXED"", ""shippingCost"": {""value"": ""0.00"", ""currency"": ""USD""}, ""minEstimatedDeliveryDate"": ""2026-09-15T07:00:00.000Z"", ""maxEstimatedDeliveryDate"": ""2026-09-18T07:00:00.000Z""}]",,,PENDING_INDEPENDENT_HUMAN_REVIEW
D2-0953,d12a209b-06a3-4b46-82d3-a374e6bbe7b4,d0d523dc-3f95-4bbc-beb6-75b3d2a15cae,Grafaiai,Paldea Evolved,223,illustration_rare,v1|334903449758|545469728795,Pokemon SV2 Paldea Evolved NM YouPICK! 1-278 Reverse Holo RH ex IR FA SIR HR,,Ungraded,4000,[],"[""FIXED_PRICE""]",biggyfish,https://i.ebayimg.com/images/g/peYAAOSwzoNoCGh5/s-l225.jpg,https://www.ebay.com/itm/334903449758?_skw=Grafaiai+223+Paldea+Evolved+Pokemon+card&hash=item4df9cd189e:g:peYAAOSwzoNoCGh5,"{""value"": ""13.99"", ""currency"": ""USD""}","[{""shippingCostType"": ""FIXED"", ""shippingCost"": {""value"": ""0.79"", ""currency"": ""USD""}, ""minEstimatedDeliveryDate"": ""2026-09-15T07:00:00.000Z"", ""maxEstimatedDeliveryDate"": ""2026-09-18T07:00:00.000Z""}]",,,PENDING_INDEPENDENT_HUMAN_REVIEW
D2-0954,d12a209b-06a3-4b46-82d3-a374e6bbe7b4,d0d523dc-3f95-4bbc-beb6-75b3d2a15cae,Grafaiai,Paldea Evolved,223,illustration_rare,v1|157645135666|0,2023 POKEMON PAL EN-PALDEA EVOLVED ILLUSTRATION RARE #223 GRAFAIAI PSA 9,,Graded,2750,[],"[""FIXED_PRICE"", ""BEST_OFFER""]",jpscollectablesny,https://i.ebayimg.com/images/g/3NAAAeSw5M9pexXW/s-l225.jpg,https://www.ebay.com/itm/157645135666?_skw=Grafaiai+223+Paldea+Evolved+Pokemon+card&hash=item24b461df32:g:3NAAAeSw5M9pexXW&amdata=enc%3AAQALAAABAACCtXRWQnOEpyOqnQQ8KGbwsVarcKMaOzK37yd3JwMl9MM1MC3TgPpizswLJhq4vV1UpN0IfD228wKC2%2BCxvMHRcQ0qQ4rVq62wsjdXhWOEhnQnjWtu3m8UC%2Bw4%2BE6XXGW%2FcQ94qyfv5%2FVjC44Dx5f4lvhWPf%2FQj1R0jKFM7r2xrw%2Fl31WadPj3lKMIP4BnPngEz76koYY79fiVQmJBp6pCI0he3Tr%2BTKkxDieuzNGcT9OGfmppIoL2Qsuoj0PfuAypsiTw2rkfQejRyuYWv%2F8KQyjal4f8FCzHC81NPod3PU%2BQIZhDBr87qcAr0jRZTthrswK56e8CVDLlZCb1%2F1o%3D,"{""value"": ""27.50"", ""currency"": ""USD""}","[{""shippingCostType"": ""CALCULATED""}]",,,PENDING_INDEPENDENT_HUMAN_REVIEW
D2-0955,d12a209b-06a3-4b46-82d3-a374e6bbe7b4,d0d523dc-3f95-4bbc-beb6-75b3d2a15cae,Grafaiai,Paldea Evolved,223,illustration_rare,v1|318640451300|0,Grafaiai 223/193 Illustration Rare Paldea Evolved Pokemon Holo Lightly Played,,Ungraded,4000,[],"[""FIXED_PRICE""]",pokespiritcollections,https://i.ebayimg.com/images/g/CCMAAeSwUKRqZwF9/s-l225.jpg,https://www.ebay.com/itm/318640451300?_skw=Grafaiai+223+Paldea+Evolved+Pokemon+card&hash=item4a30736ee4:g:CCMAAeSwUKRqZwF9,"{""value"": ""9.46"", ""currency"": ""USD""}","[{""shippingCostType"": ""FIXED"", ""shippingCost"": {""value"": ""0.00"", ""currency"": ""USD""}, ""minEstimatedDeliveryDate"": ""2026-09-15T07:00:00.000Z"", ""maxEstimatedDeliveryDate"": ""2026-09-21T07:00:00.000Z""}]",,,PENDING_INDEPENDENT_HUMAN_REVIEW
D2-0956,d12a209b-06a3-4b46-82d3-a374e6bbe7b4,d0d523dc-3f95-4bbc-beb6-75b3d2a15cae,Grafaiai,Paldea Evolved,223,illustration_rare,v1|136956017773|0,Grafaiai 223/193 Illustration Rare Pokemon Card SV02: Paldea Evolved,,Ungraded,4000,[],"[""FIXED_PRICE""]",crystaltcg,https://i.ebayimg.com/images/g/Xn0AAeSwFHhpaugc/s-l225.jpg,https://www.ebay.com/itm/136956017773?_skw=Grafaiai+223+Paldea+Evolved+Pokemon+card&hash=item1fe336fc6d:g:Xn0AAeSwFHhpaugc,"{""value"": ""12.00"", ""currency"": ""USD""}","[{""shippingCostType"": ""FIXED"", ""shippingCost"": {""value"": ""0.00"", ""currency"": ""USD""}, ""minEstimatedDeliveryDate"": ""2026-09-15T07:00:00.000Z"", ""maxEstimatedDeliveryDate"": ""2026-09-21T07:00:00.000Z""}]",,,PENDING_INDEPENDENT_HUMAN_REVIEW
D2-0957,d12a209b-06a3-4b46-82d3-a374e6bbe7b4,d0d523dc-3f95-4bbc-beb6-75b3d2a15cae,Grafaiai,Paldea Evolved,223,illustration_rare,v1|147412419309|0,Pokemon TCG Grafaiai Illustration Rare Card 223/193 Sv02: Paldea Evolved,,Ungraded,4000,[],"[""FIXED_PRICE""]",tmo_6777,https://i.ebayimg.com/images/g/xo0AAeSw6AZqRts2/s-l225.jpg,https://www.ebay.com/itm/147412419309?_skw=Grafaiai+223+Paldea+Evolved+Pokemon+card&hash=item22527702ed:g:xo0AAeSw6AZqRts2,"{""value"": ""8.00"", ""currency"": ""USD""}","[{""shippingCostType"": ""CALCULATED""}]",,,PENDING_INDEPENDENT_HUMAN_REVIEW
D2-0958,d12a209b-06a3-4b46-82d3-a374e6bbe7b4,d0d523dc-3f95-4bbc-beb6-75b3d2a15cae,Grafaiai,Paldea Evolved,223,illustration_rare,v1|147543402719|0,Pokemon TCG Grafaiai 223/193 Sv02 Paldea Evolved Full Art Holo IR EN 90HP,,Ungraded,4000,[],"[""FIXED_PRICE"", ""BEST_OFFER""]",legacy-loot-collectibles,https://i.ebayimg.com/images/g/O7UAAeSwvSNql35m/s-l225.jpg,https://www.ebay.com/itm/147543402719?_skw=Grafaiai+223+Paldea+Evolved+Pokemon+card&hash=item225a45a8df:g:O7UAAeSwvSNql35m,"{""value"": ""9.99"", ""currency"": ""USD""}","[{""shippingCostType"": ""CALCULATED""}]",,,PENDING_INDEPENDENT_HUMAN_REVIEW
D2-0959,d12a209b-06a3-4b46-82d3-a374e6bbe7b4,d0d523dc-3f95-4bbc-beb6-75b3d2a15cae,Grafaiai,Paldea Evolved,223,illustration_rare,v1|147564679017|0,Grafaiai Paldea Evolved #223/193 Parallel / Insert Variant 2023 Pokemon DCM 9,,Graded,2750,[],"[""FIXED_PRICE"", ""BEST_OFFER""]",advancedesellers,https://i.ebayimg.com/images/g/~V0AAeSwPtNqoufu/s-l225.jpg,https://www.ebay.com/itm/147564679017?_skw=Grafaiai+223+Paldea+Evolved+Pokemon+card&hash=item225b8a4f69:g:~V0AAeSwPtNqoufu&amdata=enc%3AAQALAAABAACCtXRWQnOEpyOqnQQ8KGYlRIISTcJ8r0DHGVx9Es7npYZvLhSZ%2BsFZApkKH7Dp%2FUOZfwKQdeG8EzrnlUlWlrmDebXjzpa8K%2F8p00l281sgeRwTfY0LMm3eZGK64PE8k%2BK23d8BCzARho8wCaQFa0r%2FGMXiWDLoHQckdxRt3wSSMolX6yuyMC8e9FKBSNL4OG0K9Q4w%2BxhvM55pXP9rrqU5VZT2tSnuKZ55L4dcUomCKm4CztghVRTX78sr1zN7IaDRI2FJlrm0CdgCRjViCtl6N%2FPpsfK5Wwxl8O30IWlVINgusLA5z67a%2BtOVchYuyC6QuuJgdl28gPMVqq3SBj8%3D,"{""value"": ""13.40"", ""currency"": ""USD""}","[{""shippingCostType"": ""CALCULATED""}]",,,PENDING_INDEPENDENT_HUMAN_REVIEW
D2-0960,d12a209b-06a3-4b46-82d3-a374e6bbe7b4,d0d523dc-3f95-4bbc-beb6-75b3d2a15cae,Grafaiai,Paldea Evolved,223,illustration_rare,v1|157955090516|0,Grafaiai Paldea Evolved Illustration Rare 223/193 Nm,,Ungraded,4000,[],"[""FIXED_PRICE"", ""BEST_OFFER""]",lethargiccollectables,https://i.ebayimg.com/images/g/8zYAAeSwpp1qGxjo/s-l225.jpg,https://www.ebay.com/itm/157955090516?_skw=Grafaiai+223+Paldea+Evolved+Pokemon+card&hash=item24c6db6854:g:8zYAAeSwpp1qGxjo,"{""value"": ""20.00"", ""currency"": ""USD""}","[{""shippingCostType"": ""CALCULATED""}]",,,PENDING_INDEPENDENT_HUMAN_REVIEW
D2-0961,d4ff3ebb-7e40-4a36-88e6-f07af2977641,1424e3da-f59e-47f2-8310-dfad3baf354b,Zekrom ex,Black Bolt,166,special_illustration_rare,v1|117358037347|0,"Pokemon SV11B Black Bolt Zekrom EX Sir 166/086 English, Near Mint",,Ungraded,4000,[],"[""FIXED_PRICE"", ""BEST_OFFER""]",matthewryan12,https://i.ebayimg.com/images/g/oL0AAeSwBJRqfjOi/s-l225.jpg,https://www.ebay.com/itm/117358037347?_skw=Zekrom+ex+166+Black+Bolt+Pokemon+card&hash=item1b53158963:g:oL0AAeSwBJRqfjOi,"{""value"": ""290.00"", ""currency"": ""USD""}","[{""shippingCostType"": ""CALCULATED""}]",,,PENDING_INDEPENDENT_HUMAN_REVIEW
D2-0962,d4ff3ebb-7e40-4a36-88e6-f07af2977641,1424e3da-f59e-47f2-8310-dfad3baf354b,Zekrom ex,Black Bolt,166,special_illustration_rare,v1|117397568551|0,Zekrom ex - 166/086 Black Bolt Special Illustration Pokemon - MINT,,Ungraded,4000,[],"[""FIXED_PRICE"", ""AUCTION""]",dandatcgman,https://i.ebayimg.com/images/g/zBAAAeSwJfhqnD-B/s-l225.jpg,https://www.ebay.com/itm/117397568551?_skw=Zekrom+ex+166+Black+Bolt+Pokemon+card&hash=item1b5570bc27:g:zBAAAeSwJfhqnD-B,"{""value"": ""360.00"", ""currency"": ""USD""}","[{""shippingCostType"": ""FIXED"", ""shippingCost"": {""value"": ""0.00"", ""currency"": ""USD""}, ""minEstimatedDeliveryDate"": ""2026-09-15T07:00:00.000Z"", ""maxEstimatedDeliveryDate"": ""2026-09-21T07:00:00.000Z""}]",,,PENDING_INDEPENDENT_HUMAN_REVIEW
D2-0963,d4ff3ebb-7e40-4a36-88e6-f07af2977641,1424e3da-f59e-47f2-8310-dfad3baf354b,Zekrom ex,Black Bolt,166,special_illustration_rare,v1|128057600487|0,Pokemon TCG Zekrom ex 166/086 Sv: Black Bolt Special Illustration Rare Holo EN,,Ungraded,4000,[],"[""FIXED_PRICE"", ""BEST_OFFER""]",zennxcardhouse134,https://i.ebayimg.com/images/g/9kwAAeSwS9dqmCcN/s-l225.jpg,https://www.ebay.com/itm/128057600487?_skw=Zekrom+ex+166+Black+Bolt+Pokemon+card&hash=item1dd0d3e9e7:g:9kwAAeSwS9dqmCcN,"{""value"": ""269.99"", ""currency"": ""USD""}","[{""shippingCostType"": ""FIXED"", ""shippingCost"": {""value"": ""0.00"", ""currency"": ""USD""}, ""minEstimatedDeliveryDate"": ""2026-09-15T07:00:00.000Z"", ""maxEstimatedDeliveryDate"": ""2026-09-19T07:00:00.000Z""}]",,,PENDING_INDEPENDENT_HUMAN_REVIEW
D2-0964,d4ff3ebb-7e40-4a36-88e6-f07af2977641,1424e3da-f59e-47f2-8310-dfad3baf354b,Zekrom ex,Black Bolt,166,special_illustration_rare,v1|377468595053|0,Zekrom ex [BLK - 166/086],,Ungraded,4000,[],"[""FIXED_PRICE""]",wolfdentcggaming,https://i.ebayimg.com/images/g/DPMAAeSw7F9qmbt5/s-l225.jpg,https://www.ebay.com/itm/377468595053?_skw=Zekrom+ex+166+Black+Bolt+Pokemon+card&hash=item57e2e1ab6d:g:DPMAAeSw7F9qmbt5,"{""value"": ""311.08"", ""currency"": ""USD""}","[{""shippingCostType"": ""FIXED"", ""shippingCost"": {""value"": ""5.99"", ""currency"": ""USD""}, ""minEstimatedDeliveryDate"": ""2026-09-14T07:00:00.000Z"", ""maxEstimatedDeliveryDate"": ""2026-09-17T07:00:00.000Z""}]",,,PENDING_INDEPENDENT_HUMAN_REVIEW
D2-0965,d4ff3ebb-7e40-4a36-88e6-f07af2977641,1424e3da-f59e-47f2-8310-dfad3baf354b,Zekrom ex,Black Bolt,166,special_illustration_rare,v1|398293679497|0,Pokemon Zekrom EX 166 TAG10 #962,,Graded,2750,[],"[""FIXED_PRICE"", ""BEST_OFFER""]",only.merch,https://i.ebayimg.com/images/g/posAAeSw~wRqgj3g/s-l225.jpg,https://www.ebay.com/itm/398293679497?_skw=Zekrom+ex+166+Black+Bolt+Pokemon+card&hash=item5cbc273d89:g:posAAeSw~wRqgj3g,"{""value"": ""850.69"", ""currency"": ""USD""}","[{""shippingCostType"": ""CALCULATED"", ""shippingCost"": {""value"": ""12.95"", ""currency"": ""USD""}}]",,,PENDING_INDEPENDENT_HUMAN_REVIEW
D2-0966,d4ff3ebb-7e40-4a36-88e6-f07af2977641,1424e3da-f59e-47f2-8310-dfad3baf354b,Zekrom ex,Black Bolt,166,special_illustration_rare,v1|406058070224|0,Pokemon Black Bolt Zekrom SIR 166/086 English Raw NM Condition,,Ungraded,4000,[],"[""FIXED_PRICE""]",franciscok22,https://i.ebayimg.com/images/g/zb8AAeSwp5toesjo/s-l225.jpg,https://www.ebay.com/itm/406058070224?_skw=Zekrom+ex+166+Black+Bolt+Pokemon+card&hash=item5e8af270d0:g:zb8AAeSwp5toesjo,"{""value"": ""349.99"", ""currency"": ""USD""}","[{""shippingCostType"": ""FIXED"", ""shippingCost"": {""value"": ""0.00"", ""currency"": ""USD""}, ""minEstimatedDeliveryDate"": ""2026-09-16T07:00:00.000Z"", ""maxEstimatedDeliveryDate"": ""2026-09-22T07:00:00.000Z""}]",,,PENDING_INDEPENDENT_HUMAN_REVIEW
D2-0967,d4ff3ebb-7e40-4a36-88e6-f07af2977641,1424e3da-f59e-47f2-8310-dfad3baf354b,Zekrom ex,Black Bolt,166,special_illustration_rare,v1|117071056219|0,Pokémon TCG Zekrom EX Black Bolt Special Illustration Card #166/086 PSA 9 Mint,,Graded,2750,[],"[""FIXED_PRICE""]",mesomarket,https://i.ebayimg.com/images/g/g-4AAeSwV8lpqVde/s-l225.jpg,https://www.ebay.com/itm/117071056219?_skw=Zekrom+ex+166+Black+Bolt+Pokemon+card&hash=item1b41fa8d5b:g:g-4AAeSwV8lpqVde,"{""value"": ""399.99"", ""currency"": ""USD""}","[{""shippingCostType"": ""FIXED"", ""shippingCost"": {""value"": ""0.00"", ""currency"": ""USD""}, ""minEstimatedDeliveryDate"": ""2026-09-15T07:00:00.000Z"", ""maxEstimatedDeliveryDate"": ""2026-09-18T07:00:00.000Z""}]",,,PENDING_INDEPENDENT_HUMAN_REVIEW
D2-0968,d4ff3ebb-7e40-4a36-88e6-f07af2977641,1424e3da-f59e-47f2-8310-dfad3baf354b,Zekrom ex,Black Bolt,166,special_illustration_rare,v1|157702593127|0,Reshiram EX 166 White Flare Pokémon Magnetic 🧲 Extended Artwork Case,,Ungraded,4000,[],"[""FIXED_PRICE""]",outback_originals,https://i.ebayimg.com/images/g/OPgAAeSwfVxpnIdS/s-l225.jpg,https://www.ebay.com/itm/157702593127?_skw=Zekrom+ex+166+Black+Bolt+Pokemon+card&hash=item24b7ce9a67:g:OPgAAeSwfVxpnIdS&amdata=enc%3AAQALAAABAACCtXRWQnOEpyOqnQQ8KGatHRr4YP2O4ed%2Bvlfxyzw8DsmHIWXwD0VzKy43XKkwLOFkgtFvixlkpCVBNqYnNBbQ0pz39SFfuN4bp%2BiLqRH%2BOGWmkgAiSWA99HBs4njqrdqrzaGKncda%2F9j6JxioRWbePMNloHQnggzlzxXtTQUdFMgzFPJbyL%2FYGqGibyutHUt545h7Fem97kd2pVLrvqrquLJoDUJE3lVr8dw2%2FyeL1dUzcQJY%2BA8gUEq3K0YsfcpgLWU%2FwvzVz9rO7tiU86fjiWDGEwAvKigfZlQS%2BZsYCFgd4%2BkFds4YAVnSx%2F0AiptRDmPXgoS5VW76KFSppZE%3D,"{""value"": ""16.00"", ""currency"": ""USD""}","[{""shippingCostType"": ""FIXED"", ""shippingCost"": {""value"": ""7.00"", ""currency"": ""USD""}, ""minEstimatedDeliveryDate"": ""2026-09-15T07:00:00.000Z"", ""maxEstimatedDeliveryDate"": ""2026-09-18T07:00:00.000Z""}]",,,PENDING_INDEPENDENT_HUMAN_REVIEW
D2-0969,d4ff3ebb-7e40-4a36-88e6-f07af2977641,1424e3da-f59e-47f2-8310-dfad3baf354b,Zekrom ex,Black Bolt,166,special_illustration_rare,v1|127855706344|0,Pokémon Black Bolt Zekrom EX TCG Special Illustration Rare Card 166/086 PSA 10,,Graded,2750,[],"[""FIXED_PRICE"", ""BEST_OFFER""]",pens5340,https://i.ebayimg.com/images/g/p3QAAeSwLDNp~3ES/s-l225.jpg,https://www.ebay.com/itm/127855706344?_skw=Zekrom+ex+166+Black+Bolt+Pokemon+card&hash=item1dc4cb40e8:g:p3QAAeSwLDNp~3ES,"{""value"": ""649.99"", ""currency"": ""USD""}","[{""shippingCostType"": ""CALCULATED""}]",,,PENDING_INDEPENDENT_HUMAN_REVIEW
D2-0970,d4ff3ebb-7e40-4a36-88e6-f07af2977641,1424e3da-f59e-47f2-8310-dfad3baf354b,Zekrom ex,Black Bolt,166,special_illustration_rare,v1|128054575718|0,2025 Pokemon BLK EN #166 Zekrom ex Special Illustration Rare PSA 10 GEM MINT,,Graded,2750,[],"[""FIXED_PRICE"", ""BEST_OFFER""]",marksor88,https://i.ebayimg.com/images/g/ERIAAeSwAnRqliLK/s-l225.jpg,https://www.ebay.com/itm/128054575718?_skw=Zekrom+ex+166+Black+Bolt+Pokemon+card&hash=item1dd0a5c266:g:ERIAAeSwAnRqliLK,"{""value"": ""650.00"", ""currency"": ""USD""}","[{""shippingCostType"": ""CALCULATED""}]",,,PENDING_INDEPENDENT_HUMAN_REVIEW
D2-0971,d4ff3ebb-7e40-4a36-88e6-f07af2977641,1424e3da-f59e-47f2-8310-dfad3baf354b,Zekrom ex,Black Bolt,166,special_illustration_rare,v1|128071623587|0,2025 POKEMON BLK EN-BLACK BOLT SPECIAL ILLUSTRATION RARE #166 ZEKROM EX PSA 10,,Graded,2750,[],"[""FIXED_PRICE"", ""BEST_OFFER""]",101vik,https://i.ebayimg.com/images/g/VVUAAeSw0EJqoi7q/s-l225.jpg,https://www.ebay.com/itm/128071623587?_skw=Zekrom+ex+166+Black+Bolt+Pokemon+card&hash=item1dd1a9e3a3:g:VVUAAeSw0EJqoi7q,"{""value"": ""535.00"", ""currency"": ""USD""}","[{""shippingCostType"": ""CALCULATED""}]",,,PENDING_INDEPENDENT_HUMAN_REVIEW
D2-0972,d4ff3ebb-7e40-4a36-88e6-f07af2977641,1424e3da-f59e-47f2-8310-dfad3baf354b,Zekrom ex,Black Bolt,166,special_illustration_rare,v1|128073500069|0,Pokemon TCG 2025 SV Black Bolt Zekrom ex 166/086 SIR Holo PSA 10,,Graded,2750,[],"[""FIXED_PRICE"", ""BEST_OFFER""]",pokemonkevintgcaz,https://i.ebayimg.com/images/g/qZQAAeSwCJxqo6iI/s-l225.jpg,https://www.ebay.com/itm/128073500069?_skw=Zekrom+ex+166+Black+Bolt+Pokemon+card&hash=item1dd1c685a5:g:qZQAAeSwCJxqo6iI,"{""value"": ""514.99"", ""currency"": ""USD""}","[{""shippingCostType"": ""CALCULATED""}]",,,PENDING_INDEPENDENT_HUMAN_REVIEW
D2-0973,d4ff3ebb-7e40-4a36-88e6-f07af2977641,1424e3da-f59e-47f2-8310-dfad3baf354b,Zekrom ex,Black Bolt,166,special_illustration_rare,v1|136578330738|0,Pokemon TCG - Zekrom ex 166/086 Sv: Black Bolt Holo NM Grading Ready,,Ungraded,4000,[],"[""FIXED_PRICE"", ""BEST_OFFER""]",jhocollectibles,https://i.ebayimg.com/images/g/yuEAAeSwkBdo6pn4/s-l225.jpg,https://www.ebay.com/itm/136578330738?_skw=Zekrom+ex+166+Black+Bolt+Pokemon+card&hash=item1fccb3f072:g:yuEAAeSwkBdo6pn4,"{""value"": ""429.99"", ""currency"": ""USD""}","[{""shippingCostType"": ""FIXED"", ""shippingCost"": {""value"": ""5.49"", ""currency"": ""USD""}, ""minEstimatedDeliveryDate"": ""2026-09-15T07:00:00.000Z"", ""maxEstimatedDeliveryDate"": ""2026-09-21T07:00:00.000Z""}]",,,PENDING_INDEPENDENT_HUMAN_REVIEW
D2-0974,d4ff3ebb-7e40-4a36-88e6-f07af2977641,1424e3da-f59e-47f2-8310-dfad3baf354b,Zekrom ex,Black Bolt,166,special_illustration_rare,v1|137600590599|0,2025 Pokemon Zekrom ex 166/086 Black Bolt SIR Blk-Eng BGS 9.5 (STRONG QUADS),,Graded,2750,[],"[""FIXED_PRICE""]",boink2004,https://i.ebayimg.com/images/g/t4gAAeSw5Tlqd9W7/s-l225.jpg,https://www.ebay.com/itm/137600590599?_skw=Zekrom+ex+166+Black+Bolt+Pokemon+card&hash=item2009a26307:g:t4gAAeSw5Tlqd9W7,"{""value"": ""415.00"", ""currency"": ""USD""}","[{""shippingCostType"": ""FIXED"", ""shippingCost"": {""value"": ""9.99"", ""currency"": ""USD""}, ""minEstimatedDeliveryDate"": ""2026-09-14T07:00:00.000Z"", ""maxEstimatedDeliveryDate"": ""2026-09-16T07:00:00.000Z""}]",,,PENDING_INDEPENDENT_HUMAN_REVIEW
D2-0975,d4ff3ebb-7e40-4a36-88e6-f07af2977641,1424e3da-f59e-47f2-8310-dfad3baf354b,Zekrom ex,Black Bolt,166,special_illustration_rare,v1|137671478856|0,Zekrom ex 166/086 Holo SV: Black Bolt LP Pokémon TCG,,Ungraded,4000,[],"[""FIXED_PRICE""]",thetradingpostcc,https://i.ebayimg.com/images/g/ofsAAeSwZsBqkZay/s-l225.jpg,https://www.ebay.com/itm/137671478856?_skw=Zekrom+ex+166+Black+Bolt+Pokemon+card&hash=item200ddc0e48:g:ofsAAeSwZsBqkZay,"{""value"": ""271.29"", ""currency"": ""USD""}","[{""shippingCostType"": ""FIXED"", ""shippingCost"": {""value"": ""6.00"", ""currency"": ""USD""}, ""minEstimatedDeliveryDate"": ""2026-09-16T07:00:00.000Z"", ""maxEstimatedDeliveryDate"": ""2026-09-22T07:00:00.000Z""}]",,,PENDING_INDEPENDENT_HUMAN_REVIEW
D2-0976,e26de7b7-434e-4bec-8fc2-fb15b971b1a7,44b0372c-396d-43e9-84bb-afad2d04128f,Jamming Tower,Ascended Heroes,261,ultra_rare,v1|128030096487|0,Jamming Tower 261/217 Ultra Rare Ascended Heroes Pokemon Holo Near Mint,,Ungraded,4000,[],"[""FIXED_PRICE"", ""BEST_OFFER""]",kri-1716,https://i.ebayimg.com/images/g/LPoAAeSwSJFqgjQL/s-l225.jpg,https://www.ebay.com/itm/128030096487?_skw=Jamming+Tower+261+Ascended+Heroes+Pokemon+card&hash=item1dcf303c67:g:LPoAAeSwSJFqgjQL,"{""value"": ""1.10"", ""currency"": ""USD""}","[{""shippingCostType"": ""CALCULATED""}]",,,PENDING_INDEPENDENT_HUMAN_REVIEW
D2-0977,e26de7b7-434e-4bec-8fc2-fb15b971b1a7,44b0372c-396d-43e9-84bb-afad2d04128f,Jamming Tower,Ascended Heroes,261,ultra_rare,v1|128062975438|0,Jamming Tower 261/217 ME Ascended Heroes Ultra Rare Pokemon Card - NM,,Ungraded,4000,[],"[""FIXED_PRICE""]",swibbycards,https://i.ebayimg.com/images/g/xHgAAeSwjPFqm6Nn/s-l225.jpg,https://www.ebay.com/itm/128062975438?_skw=Jamming+Tower+261+Ascended+Heroes+Pokemon+card&hash=item1dd125edce:g:xHgAAeSwjPFqm6Nn,"{""value"": ""2.50"", ""currency"": ""USD""}","[{""shippingCostType"": ""FIXED"", ""shippingCost"": {""value"": ""0.00"", ""currency"": ""USD""}, ""minEstimatedDeliveryDate"": ""2026-09-15T07:00:00.000Z"", ""maxEstimatedDeliveryDate"": ""2026-09-18T07:00:00.000Z""}]",,,PENDING_INDEPENDENT_HUMAN_REVIEW
D2-0978,e26de7b7-434e-4bec-8fc2-fb15b971b1a7,44b0372c-396d-43e9-84bb-afad2d04128f,Jamming Tower,Ascended Heroes,261,ultra_rare,v1|128065523736|0,Jamming Tower Holo Ascended Heroes Ultra Rare 261/217 Pokemon TCG,,Ungraded,4000,[],"[""FIXED_PRICE"", ""BEST_OFFER""]",jam72780,https://i.ebayimg.com/images/g/CiwAAeSwcg9p8zbX/s-l225.jpg,https://www.ebay.com/itm/128065523736?_skw=Jamming+Tower+261+Ascended+Heroes+Pokemon+card&hash=item1dd14cd018:g:CiwAAeSwcg9p8zbX&amdata=enc%3AAQALAAABEACCtXRWQnOEpyOqnQQ8KGY3%2FmdFreeNTotjD0Gs9ZywjdRBQwnn5HCYmVMqi1OBUEUU4bB9oEgAGc8OI3TOOoFn0LPEtaQUxODMCOj3qUEVAbwr%2FSsvqqBPF3zjbIkjdR8sifBGDrw0Z3cN8yGRepgUGzhoO0abPxWTNZAfRiYXIpqtY43Rqo3r1tyTFdoqcyKbONe16XrsV1vVttY15uArOS8qYcLcufwh24tfjwBtoSraNHO%2B7cIwNW49KYwKPUqkEEyJ2pFrUiXzOH%2FBsm2Ee5HQBAzWfAEDCNpsvEwg1NY4nz5zPoTBSlgy%2B2wJyB%2BBBmcsSlZpSWxhTVSHonuFZ0mi6mDsnEr5WC%2BnUnhT,"{""value"": ""4.99"", ""currency"": ""USD""}","[{""shippingCostType"": ""CALCULATED""}]",,,PENDING_INDEPENDENT_HUMAN_REVIEW
D2-0979,e26de7b7-434e-4bec-8fc2-fb15b971b1a7,44b0372c-396d-43e9-84bb-afad2d04128f,Jamming Tower,Ascended Heroes,261,ultra_rare,v1|137700262713|0,JAMMING TOWER POKEMON ASCENDED HEROES 261/217 ULTRA RARE LIGHTLY PLAYED,,Ungraded,4000,[],"[""FIXED_PRICE""]",halocop237,https://i.ebayimg.com/images/g/FGEAAeSwZsBqm2Vr/s-l225.jpg,https://www.ebay.com/itm/137700262713?_skw=Jamming+Tower+261+Ascended+Heroes+Pokemon+card&hash=item200f934339:g:FGEAAeSwZsBqm2Vr,"{""value"": ""1.00"", ""currency"": ""USD""}","[{""shippingCostType"": ""FIXED"", ""shippingCost"": {""value"": ""1.00"", ""currency"": ""USD""}, ""minEstimatedDeliveryDate"": ""2026-09-15T07:00:00.000Z"", ""maxEstimatedDeliveryDate"": ""2026-09-19T07:00:00.000Z""}]",,,PENDING_INDEPENDENT_HUMAN_REVIEW
D2-0980,e26de7b7-434e-4bec-8fc2-fb15b971b1a7,44b0372c-396d-43e9-84bb-afad2d04128f,Jamming Tower,Ascended Heroes,261,ultra_rare,v1|137543820702|0,Jamming Tower 261/217 Ultra Rare Ascended Heroes Pokemon Near Mint,,Ungraded,4000,[],"[""FIXED_PRICE"", ""BEST_OFFER""]",simpletimestcg,https://i.ebayimg.com/images/g/hG4AAeSwAbdqYjyM/s-l225.jpg,https://www.ebay.com/itm/137543820702?_skw=Jamming+Tower+261+Ascended+Heroes+Pokemon+card&hash=item200640259e:g:hG4AAeSwAbdqYjyM,"{""value"": ""0.99"", ""currency"": ""USD""}","[{""shippingCostType"": ""CALCULATED""}]",,,PENDING_INDEPENDENT_HUMAN_REVIEW
D2-0981,e26de7b7-434e-4bec-8fc2-fb15b971b1a7,44b0372c-396d-43e9-84bb-afad2d04128f,Jamming Tower,Ascended Heroes,261,ultra_rare,v1|137641701279|0,Jamming Tower 261/217 SIR Pokemon TCG Ascended Heroes Special Illustration Rare,,Ungraded,4000,[],"[""FIXED_PRICE"", ""BEST_OFFER""]",duttonsports_tcg,https://i.ebayimg.com/images/g/AgAAAeSw0Hxqhm8M/s-l225.jpg,https://www.ebay.com/itm/137641701279?_skw=Jamming+Tower+261+Ascended+Heroes+Pokemon+card&hash=item200c15af9f:g:AgAAAeSw0Hxqhm8M,"{""value"": ""7.00"", ""currency"": ""USD""}","[{""shippingCostType"": ""CALCULATED""}]",,,PENDING_INDEPENDENT_HUMAN_REVIEW
D2-0982,e26de7b7-434e-4bec-8fc2-fb15b971b1a7,44b0372c-396d-43e9-84bb-afad2d04128f,Jamming Tower,Ascended Heroes,261,ultra_rare,v1|147452944888|0,Jamming Tower 261/217 Holo Ultra Rare Ascended Heroes Pokemon Card,,Ungraded,4000,[],"[""FIXED_PRICE""]",rayspsas,https://i.ebayimg.com/images/g/yfYAAeSwWUhqYD9R/s-l225.jpg,https://www.ebay.com/itm/147452944888?_skw=Jamming+Tower+261+Ascended+Heroes+Pokemon+card&hash=item2254e161f8:g:yfYAAeSwWUhqYD9R,"{""value"": ""1.99"", ""currency"": ""USD""}","[{""shippingCostType"": ""FIXED"", ""shippingCost"": {""value"": ""0.00"", ""currency"": ""USD""}, ""minEstimatedDeliveryDate"": ""2026-09-14T07:00:00.000Z"", ""maxEstimatedDeliveryDate"": ""2026-09-17T07:00:00.000Z""}]",,,PENDING_INDEPENDENT_HUMAN_REVIEW
D2-0983,e26de7b7-434e-4bec-8fc2-fb15b971b1a7,44b0372c-396d-43e9-84bb-afad2d04128f,Jamming Tower,Ascended Heroes,261,ultra_rare,v1|147477071544|0,Jamming Tower 261/217 Me: Ascended Heroes Holo Ultra Rare Pokemon TCG,,Ungraded,4000,[],"[""FIXED_PRICE"", ""BEST_OFFER""]",nfrizzy21,https://i.ebayimg.com/images/g/140AAeSwrndqbo6g/s-l225.jpg,https://www.ebay.com/itm/147477071544?_skw=Jamming+Tower+261+Ascended+Heroes+Pokemon+card&hash=item22565186b8:g:140AAeSwrndqbo6g,"{""value"": ""0.99"", ""currency"": ""USD""}","[{""shippingCostType"": ""CALCULATED""}]",,,PENDING_INDEPENDENT_HUMAN_REVIEW
D2-0984,e26de7b7-434e-4bec-8fc2-fb15b971b1a7,44b0372c-396d-43e9-84bb-afad2d04128f,Jamming Tower,Ascended Heroes,261,ultra_rare,v1|147563527708|0,Jamming Tower 261/217 UR Ascended Heroes Pokemon Holo Near Mint,,Ungraded,4000,[],"[""FIXED_PRICE""]",zkingcollectibles,https://i.ebayimg.com/images/g/jEoAAeSwEn5qojG7/s-l225.jpg,https://www.ebay.com/itm/147563527708?_skw=Jamming+Tower+261+Ascended+Heroes+Pokemon+card&hash=item225b78be1c:g:jEoAAeSwEn5qojG7,"{""value"": ""2.49"", ""currency"": ""USD""}","[{""shippingCostType"": ""FIXED"", ""shippingCost"": {""value"": ""0.00"", ""currency"": ""USD""}, ""minEstimatedDeliveryDate"": ""2026-09-16T07:00:00.000Z"", ""maxEstimatedDeliveryDate"": ""2026-09-22T07:00:00.000Z""}]",,,PENDING_INDEPENDENT_HUMAN_REVIEW
D2-0985,e26de7b7-434e-4bec-8fc2-fb15b971b1a7,44b0372c-396d-43e9-84bb-afad2d04128f,Jamming Tower,Ascended Heroes,261,ultra_rare,v1|157789691701|0,Jamming Tower 261/217 Ultra Rare ME: Ascended Heroes Pokemon Near Mint NM 13Q,,Ungraded,4000,[],"[""FIXED_PRICE""]",the-legacy-vault,https://i.ebayimg.com/images/g/n~sAAeSw9ChpxfvT/s-l225.jpg,https://www.ebay.com/itm/157789691701?_skw=Jamming+Tower+261+Ascended+Heroes+Pokemon+card&hash=item24bcff9f35:g:n~sAAeSw9ChpxfvT&amdata=enc%3AAQALAAABEACCtXRWQnOEpyOqnQQ8KGbmxEUWoQn8CcY6XK5%2BPd5qBdcXAIZEIgCJWIZGk261cu2JFcRgmQkWnH1ySWSXBIQWgvI0aD3yM7a0JMlm%2FxKsdcT7PbI6tWssT9CumSWAjJ1SuAhDxB%2BERsmtIPnvHs9pxdZGyjTwtg9NdVFkaos1onBmbrv6EZe3NpdcWWZtV38U9THUyMWbqQFgKX44PiSxbUep0wMATrJNJtPt59vXX1Y6PTekVUCtbwyMXUGjrfAl9x9SI1L3WEuHBNy0NJmTSc9wrx2FeXsfE1g8RVS9Sc0GHLXeLTCItS8j3E%2F3nM6RZ3IgIJ6%2BBvO6C2vOe4NnRT4ouzIOI31cxk%2FQWs2b,"{""value"": ""2.65"", ""currency"": ""USD""}","[{""shippingCostType"": ""FIXED"", ""shippingCost"": {""value"": ""1.25"", ""currency"": ""USD""}, ""minEstimatedDeliveryDate"": ""2026-09-16T07:00:00.000Z"", ""maxEstimatedDeliveryDate"": ""2026-09-22T07:00:00.000Z""}]",,,PENDING_INDEPENDENT_HUMAN_REVIEW
D2-0986,e26de7b7-434e-4bec-8fc2-fb15b971b1a7,44b0372c-396d-43e9-84bb-afad2d04128f,Jamming Tower,Ascended Heroes,261,ultra_rare,v1|158239857879|0,Jamming Tower 261/217 Ascended Heroes - Holo Pokemon NM/M (Ultra Rare),,Ungraded,4000,[],"[""FIXED_PRICE"", ""BEST_OFFER""]",vibeyvault,https://i.ebayimg.com/images/g/gucAAeSwcXFqlFkm/s-l225.jpg,https://www.ebay.com/itm/158239857879?_skw=Jamming+Tower+261+Ascended+Heroes+Pokemon+card&hash=item24d7d49cd7:g:gucAAeSwcXFqlFkm,"{""value"": ""2.37"", ""currency"": ""USD""}","[{""shippingCostType"": ""FIXED"", ""shippingCost"": {""value"": ""0.00"", ""currency"": ""USD""}, ""minEstimatedDeliveryDate"": ""2026-09-15T07:00:00.000Z"", ""maxEstimatedDeliveryDate"": ""2026-09-21T07:00:00.000Z""}]",,,PENDING_INDEPENDENT_HUMAN_REVIEW
D2-0987,e26de7b7-434e-4bec-8fc2-fb15b971b1a7,44b0372c-396d-43e9-84bb-afad2d04128f,Jamming Tower,Ascended Heroes,261,ultra_rare,v1|158272709199|0,Jamming Tower 261/217 Holo Ascended Heroes Pokemon TCG NM,,Ungraded,4000,[],"[""FIXED_PRICE""]",mac_tcgandsports,https://i.ebayimg.com/images/g/wxwAAeSwyXpqoJi0/s-l225.jpg,https://www.ebay.com/itm/158272709199?_skw=Jamming+Tower+261+Ascended+Heroes+Pokemon+card&hash=item24d9c9e24f:g:wxwAAeSwyXpqoJi0,"{""value"": ""2.49"", ""currency"": ""USD""}","[{""shippingCostType"": ""FIXED"", ""shippingCost"": {""value"": ""0.00"", ""currency"": ""USD""}, ""minEstimatedDeliveryDate"": ""2026-09-15T07:00:00.000Z"", ""maxEstimatedDeliveryDate"": ""2026-09-21T07:00:00.000Z""}]",,,PENDING_INDEPENDENT_HUMAN_REVIEW
D2-0988,e26de7b7-434e-4bec-8fc2-fb15b971b1a7,44b0372c-396d-43e9-84bb-afad2d04128f,Jamming Tower,Ascended Heroes,261,ultra_rare,v1|168561755390|0,JAMMING TOWER 261/217 ULTRA RARE ASCENDED HEROES POKEMON HOLO NEAR MINT,,Ungraded,4000,[],"[""FIXED_PRICE""]",silverstatecollectiblesllc,https://i.ebayimg.com/images/g/s7EAAeSwXRFqZAIF/s-l225.jpg,https://www.ebay.com/itm/168561755390?_skw=Jamming+Tower+261+Ascended+Heroes+Pokemon+card&hash=item273f1044fe:g:s7EAAeSwXRFqZAIF,"{""value"": ""1.08"", ""currency"": ""USD""}","[{""shippingCostType"": ""FIXED"", ""shippingCost"": {""value"": ""0.80"", ""currency"": ""USD""}, ""minEstimatedDeliveryDate"": ""2026-09-15T07:00:00.000Z"", ""maxEstimatedDeliveryDate"": ""2026-09-21T07:00:00.000Z""}]",,,PENDING_INDEPENDENT_HUMAN_REVIEW
D2-0989,e26de7b7-434e-4bec-8fc2-fb15b971b1a7,44b0372c-396d-43e9-84bb-afad2d04128f,Jamming Tower,Ascended Heroes,261,ultra_rare,v1|168588775293|0,JAMMING TOWER 261/217 -- NEAR MINT -- ULTRA RARE ASCENDED HEROES POKEMON HOLO --,,Ungraded,4000,[],"[""FIXED_PRICE""]",replaycollectionsllc,https://i.ebayimg.com/images/g/cbQAAeSwapBqcjYc/s-l225.jpg,https://www.ebay.com/itm/168588775293?_skw=Jamming+Tower+261+Ascended+Heroes+Pokemon+card&hash=item2740ac8f7d:g:cbQAAeSwapBqcjYc,"{""value"": ""1.99"", ""currency"": ""USD""}","[{""shippingCostType"": ""FIXED"", ""shippingCost"": {""value"": ""0.00"", ""currency"": ""USD""}, ""minEstimatedDeliveryDate"": ""2026-09-15T07:00:00.000Z"", ""maxEstimatedDeliveryDate"": ""2026-09-21T07:00:00.000Z""}]",,,PENDING_INDEPENDENT_HUMAN_REVIEW
D2-0990,e26de7b7-434e-4bec-8fc2-fb15b971b1a7,44b0372c-396d-43e9-84bb-afad2d04128f,Jamming Tower,Ascended Heroes,261,ultra_rare,v1|178132085310|0,2026 Pokemon Ascended Heroes TCG JAMMING TOWER 261/217 Full Art SIR,,Ungraded,4000,[],"[""FIXED_PRICE"", ""BEST_OFFER""]",bspotprod,https://i.ebayimg.com/images/g/GqkAAeSwfCpp~S8t/s-l225.jpg,https://www.ebay.com/itm/178132085310?_skw=Jamming+Tower+261+Ascended+Heroes+Pokemon+card&hash=item29797fea3e:g:GqkAAeSwfCpp~S8t&amdata=enc%3AAQALAAABEACCtXRWQnOEpyOqnQQ8KGaLpScdY0qh4fPWNZATQ1qoM%2FijCST6lSv%2FzxPNuZEuqUzwse64GyPksckdN%2BAGdUnZB1Epiqn%2FB%2BTBRQg08%2BcfiTAS7f%2BGfOv5XH8dAzBgI460Om1OPUxbnR9uSguu5OPQW%2Bk9F4AOv5xU5XRGrKNo6KltV5mm%2ByeQsAKPTGqnWxF7UN9x%2FaI1HUX1KVOs6SaDxofx7F7cgLKMvWq3ANu7IibcAK5o9Kt9OE3IuO%2FQCypC6ydFPD4m2qhlt6IKNzubpdQfEBeG7npGnZRpkr0ZB0JFgjoO1Fsc86Yo02AKT0iOAkG2g3kt3D4KFVp%2FUWys69l%2FKmhFDINqWwn3uMot,"{""value"": ""11.88"", ""currency"": ""USD""}","[{""shippingCostType"": ""FIXED"", ""shippingCost"": {""value"": ""5.95"", ""currency"": ""USD""}, ""minEstimatedDeliveryDate"": ""2026-09-15T07:00:00.000Z"", ""maxEstimatedDeliveryDate"": ""2026-09-21T07:00:00.000Z""}]",,,PENDING_INDEPENDENT_HUMAN_REVIEW
D2-0991,ec8fec81-b57d-442a-baf0-91882c40de6e,67ea57e5-8821-4372-ac63-4c6e3f81f261,Team Rocket's Giovanni,Ascended Heroes,204,uncommon,v1|117279491423|0,Team Rocket's Giovanni 204/217 Reverse Holo UC Ascended Heroes NM Pokemon,,Ungraded,4000,[],"[""FIXED_PRICE""]",bwise12241224,https://i.ebayimg.com/images/g/oW0AAeSwOiBqRx8U/s-l225.jpg,https://www.ebay.com/itm/117279491423?_skw=Team+Rocket%27s+Giovanni+204+Ascended+Heroes+Pokemon+card&hash=item1b4e67055f:g:oW0AAeSwOiBqRx8U,"{""value"": ""1.59"", ""currency"": ""USD""}","[{""shippingCostType"": ""FIXED"", ""shippingCost"": {""value"": ""0.00"", ""currency"": ""USD""}, ""minEstimatedDeliveryDate"": ""2026-09-14T07:00:00.000Z"", ""maxEstimatedDeliveryDate"": ""2026-09-17T07:00:00.000Z""}]",,,PENDING_INDEPENDENT_HUMAN_REVIEW
D2-0992,ec8fec81-b57d-442a-baf0-91882c40de6e,67ea57e5-8821-4372-ac63-4c6e3f81f261,Team Rocket's Giovanni,Ascended Heroes,204,uncommon,v1|117322320149|0,Team Rocket's Giovanni 204/217 Uncommon Ascended Heroes Pokemon Near Mint,,Ungraded,4000,[],"[""FIXED_PRICE""]",sendittcg,https://i.ebayimg.com/images/g/2X0AAeSwZlJqZWfM/s-l225.jpg,https://www.ebay.com/itm/117322320149?_skw=Team+Rocket%27s+Giovanni+204+Ascended+Heroes+Pokemon+card&hash=item1b50f48915:g:2X0AAeSwZlJqZWfM,"{""value"": ""1.45"", ""currency"": ""USD""}","[{""shippingCostType"": ""FIXED"", ""shippingCost"": {""value"": ""0.00"", ""currency"": ""USD""}, ""minEstimatedDeliveryDate"": ""2026-09-16T07:00:00.000Z"", ""maxEstimatedDeliveryDate"": ""2026-09-23T07:00:00.000Z""}]",,,PENDING_INDEPENDENT_HUMAN_REVIEW
D2-0993,ec8fec81-b57d-442a-baf0-91882c40de6e,67ea57e5-8821-4372-ac63-4c6e3f81f261,Team Rocket's Giovanni,Ascended Heroes,204,uncommon,v1|117372169146|0,Team Rocket's Giovanni ME: Ascended Heroes 204/217 NM Pokemon,,Ungraded,4000,[],"[""FIXED_PRICE"", ""BEST_OFFER""]",mastascards,https://i.ebayimg.com/images/g/Cc8AAeSwMxFqn0n2/s-l225.jpg,https://www.ebay.com/itm/117372169146?_skw=Team+Rocket%27s+Giovanni+204+Ascended+Heroes+Pokemon+card&hash=item1b53ed2bba:g:Cc8AAeSwMxFqn0n2,"{""value"": ""1.59"", ""currency"": ""USD""}","[{""shippingCostType"": ""FIXED"", ""shippingCost"": {""value"": ""0.00"", ""currency"": ""USD""}, ""minEstimatedDeliveryDate"": ""2026-09-15T07:00:00.000Z"", ""maxEstimatedDeliveryDate"": ""2026-09-19T07:00:00.000Z""}]",,,PENDING_INDEPENDENT_HUMAN_REVIEW
D2-0994,ec8fec81-b57d-442a-baf0-91882c40de6e,67ea57e5-8821-4372-ac63-4c6e3f81f261,Team Rocket's Giovanni,Ascended Heroes,204,uncommon,v1|128074424802|429485368395,Pokemon TCG Ascended Heroes Choose A Card,,Ungraded,4000,[],"[""FIXED_PRICE""]",hits.and.hounds.collectibles,https://i.ebayimg.com/images/g/0lUAAeSwANVqpFQe/s-l225.jpg,https://www.ebay.com/itm/128074424802?_skw=Team+Rocket%27s+Giovanni+204+Ascended+Heroes+Pokemon+card&hash=item1dd1d4a1e2:g:0lUAAeSwANVqpFQe,"{""value"": ""1.54"", ""currency"": ""USD""}","[{""shippingCostType"": ""CALCULATED""}]",,,PENDING_INDEPENDENT_HUMAN_REVIEW
D2-0995,ec8fec81-b57d-442a-baf0-91882c40de6e,67ea57e5-8821-4372-ac63-4c6e3f81f261,Team Rocket's Giovanni,Ascended Heroes,204,uncommon,v1|198459223782|497495629398,"Pokemon Ascended Heroes - Pick Your Card - Holo, Reverse Energy/Ball 103-217",,Ungraded,4000,[],"[""FIXED_PRICE""]",happylilcards,https://i.ebayimg.com/images/g/CxYAAeSwNk5qQI9W/s-l225.jpg,https://www.ebay.com/itm/198459223782?_skw=Team+Rocket%27s+Giovanni+204+Ascended+Heroes+Pokemon+card&hash=item2e35176ee6:g:CxYAAeSwNk5qQI9W,"{""value"": ""1.49"", ""currency"": ""USD""}","[{""shippingCostType"": ""FIXED"", ""shippingCost"": {""value"": ""0.00"", ""currency"": ""USD""}, ""minEstimatedDeliveryDate"": ""2026-09-14T07:00:00.000Z"", ""maxEstimatedDeliveryDate"": ""2026-09-17T07:00:00.000Z""}]",,,PENDING_INDEPENDENT_HUMAN_REVIEW
D2-0996,ec8fec81-b57d-442a-baf0-91882c40de6e,67ea57e5-8821-4372-ac63-4c6e3f81f261,Team Rocket's Giovanni,Ascended Heroes,204,uncommon,v1|287562070298|589461258990,Pokémon TCG Ascended Heroes Trainer/Energy Cards --- Pick Your Card!!!,,Ungraded,4000,[],"[""FIXED_PRICE""]",cardgamenomad,https://i.ebayimg.com/images/g/VN4AAeSwJFFqnNe~/s-l225.jpg,https://www.ebay.com/itm/287562070298?_skw=Team+Rocket%27s+Giovanni+204+Ascended+Heroes+Pokemon+card&hash=item42f408f91a:g:VN4AAeSwJFFqnNe~,"{""value"": ""1.49"", ""currency"": ""USD""}","[{""shippingCostType"": ""FIXED"", ""shippingCost"": {""value"": ""0.00"", ""currency"": ""USD""}, ""minEstimatedDeliveryDate"": ""2026-09-15T07:00:00.000Z"", ""maxEstimatedDeliveryDate"": ""2026-09-21T07:00:00.000Z""}]",,,PENDING_INDEPENDENT_HUMAN_REVIEW
D2-0997,ec8fec81-b57d-442a-baf0-91882c40de6e,67ea57e5-8821-4372-ac63-4c6e3f81f261,Team Rocket's Giovanni,Ascended Heroes,204,uncommon,v1|800085822823|0,4x Team Rocket's Giovanni 204/217 - ME: Ascended Heroes (ASC) Pokemon Playset x4,,Ungraded,4000,[],"[""FIXED_PRICE""]",ozark_ridge_collectibles,https://i.ebayimg.com/images/g/gf0AAeSwgY5qGIcX/s-l225.jpg,https://www.ebay.com/itm/800085822823?_skw=Team+Rocket%27s+Giovanni+204+Ascended+Heroes+Pokemon+card&hash=itemba48d4cd67:g:gf0AAeSwgY5qGIcX,"{""value"": ""1.99"", ""currency"": ""USD""}","[{""shippingCostType"": ""FIXED"", ""shippingCost"": {""value"": ""0.00"", ""currency"": ""USD""}, ""minEstimatedDeliveryDate"": ""2026-09-16T07:00:00.000Z"", ""maxEstimatedDeliveryDate"": ""2026-09-22T07:00:00.000Z""}]",,,PENDING_INDEPENDENT_HUMAN_REVIEW
D2-0998,ec8fec81-b57d-442a-baf0-91882c40de6e,67ea57e5-8821-4372-ac63-4c6e3f81f261,Team Rocket's Giovanni,Ascended Heroes,204,uncommon,v1|147302918711|0,Team Rocket's Giovanni 204/217 Uncommon Ascended Heroes Pokemon Lightly Played,,Ungraded,4000,[],"[""FIXED_PRICE""]",oranberry,https://i.ebayimg.com/images/g/PMQAAeSw-dNp~8p1/s-l225.jpg,https://www.ebay.com/itm/147302918711?_skw=Team+Rocket%27s+Giovanni+204+Ascended+Heroes+Pokemon+card&hash=item224bf02a37:g:PMQAAeSw-dNp~8p1,"{""value"": ""1.49"", ""currency"": ""USD""}","[{""shippingCostType"": ""FIXED"", ""shippingCost"": {""value"": ""0.00"", ""currency"": ""USD""}, ""minEstimatedDeliveryDate"": ""2026-09-14T07:00:00.000Z"", ""maxEstimatedDeliveryDate"": ""2026-09-17T07:00:00.000Z""}]",,,PENDING_INDEPENDENT_HUMAN_REVIEW
D2-0999,ec8fec81-b57d-442a-baf0-91882c40de6e,67ea57e5-8821-4372-ac63-4c6e3f81f261,Team Rocket's Giovanni,Ascended Heroes,204,uncommon,v1|117373210746|0,Team Rocket's Giovanni ME: Ascended Heroes 204/217 NM Pokemon,,Ungraded,4000,[],"[""FIXED_PRICE"", ""BEST_OFFER""]",mastascards,https://i.ebayimg.com/images/g/E-oAAeSwq3hqn0oM/s-l225.jpg,https://www.ebay.com/itm/117373210746?_skw=Team+Rocket%27s+Giovanni+204+Ascended+Heroes+Pokemon+card&hash=item1b53fd107a:g:E-oAAeSwq3hqn0oM,"{""value"": ""1.59"", ""currency"": ""USD""}","[{""shippingCostType"": ""FIXED"", ""shippingCost"": {""value"": ""0.00"", ""currency"": ""USD""}, ""minEstimatedDeliveryDate"": ""2026-09-15T07:00:00.000Z"", ""maxEstimatedDeliveryDate"": ""2026-09-19T07:00:00.000Z""}]",,,PENDING_INDEPENDENT_HUMAN_REVIEW
D2-1000,ec8fec81-b57d-442a-baf0-91882c40de6e,67ea57e5-8821-4372-ac63-4c6e3f81f261,Team Rocket's Giovanni,Ascended Heroes,204,uncommon,v1|117378074365|0,Team Rocket's Giovanni ME: Ascended Heroes 204/217 NM Pokemon,,Ungraded,4000,[],"[""FIXED_PRICE"", ""BEST_OFFER""]",mastascards,https://i.ebayimg.com/images/g/o3cAAeSwlr9qn0oI/s-l225.jpg,https://www.ebay.com/itm/117378074365?_skw=Team+Rocket%27s+Giovanni+204+Ascended+Heroes+Pokemon+card&hash=item1b544746fd:g:o3cAAeSwlr9qn0oI,"{""value"": ""1.59"", ""currency"": ""USD""}","[{""shippingCostType"": ""FIXED"", ""shippingCost"": {""value"": ""0.00"", ""currency"": ""USD""}, ""minEstimatedDeliveryDate"": ""2026-09-15T07:00:00.000Z"", ""maxEstimatedDeliveryDate"": ""2026-09-19T07:00:00.000Z""}]",,,PENDING_INDEPENDENT_HUMAN_REVIEW
D2-1001,ec8fec81-b57d-442a-baf0-91882c40de6e,67ea57e5-8821-4372-ac63-4c6e3f81f261,Team Rocket's Giovanni,Ascended Heroes,204,uncommon,v1|137344835623|0,Team Rocket's Giovanni 204/217 Reverse Holo Pokemon ME: Ascended Heroes NM,,Ungraded,4000,[],"[""FIXED_PRICE""]",category5collectibles,https://i.ebayimg.com/images/g/R0cAAeSw6oxqFLS8/s-l225.jpg,https://www.ebay.com/itm/137344835623?_skw=Team+Rocket%27s+Giovanni+204+Ascended+Heroes+Pokemon+card&hash=item1ffa63e027:g:R0cAAeSw6oxqFLS8,"{""value"": ""1.79"", ""currency"": ""USD""}","[{""shippingCostType"": ""FIXED"", ""shippingCost"": {""value"": ""0.00"", ""currency"": ""USD""}, ""minEstimatedDeliveryDate"": ""2026-09-16T07:00:00.000Z"", ""maxEstimatedDeliveryDate"": ""2026-09-23T07:00:00.000Z""}]",,,PENDING_INDEPENDENT_HUMAN_REVIEW
D2-1002,ec8fec81-b57d-442a-baf0-91882c40de6e,67ea57e5-8821-4372-ac63-4c6e3f81f261,Team Rocket's Giovanni,Ascended Heroes,204,uncommon,v1|137355760263|0,Team Rocket's Giovanni 204/217 Reverse Holo Pokemon ME: Ascended Heroes NM,,Ungraded,4000,[],"[""FIXED_PRICE""]",category5collectibles,https://i.ebayimg.com/images/g/5E0AAeSwzvpqGNn3/s-l225.jpg,https://www.ebay.com/itm/137355760263?_skw=Team+Rocket%27s+Giovanni+204+Ascended+Heroes+Pokemon+card&hash=item1ffb0a9287:g:5E0AAeSwzvpqGNn3,"{""value"": ""1.89"", ""currency"": ""USD""}","[{""shippingCostType"": ""FIXED"", ""shippingCost"": {""value"": ""0.00"", ""currency"": ""USD""}, ""minEstimatedDeliveryDate"": ""2026-09-16T07:00:00.000Z"", ""maxEstimatedDeliveryDate"": ""2026-09-23T07:00:00.000Z""}]",,,PENDING_INDEPENDENT_HUMAN_REVIEW
D2-1003,ec8fec81-b57d-442a-baf0-91882c40de6e,67ea57e5-8821-4372-ac63-4c6e3f81f261,Team Rocket's Giovanni,Ascended Heroes,204,uncommon,v1|137385225764|0,Team Rocket's Giovanni 204/217 Reverse Holo Pokemon ME: Ascended Heroes NM+,,Ungraded,4000,[],"[""FIXED_PRICE""]",category5collectibles,https://i.ebayimg.com/images/g/XLMAAeSw0-1qJCp-/s-l225.jpg,https://www.ebay.com/itm/137385225764?_skw=Team+Rocket%27s+Giovanni+204+Ascended+Heroes+Pokemon+card&hash=item1ffccc2e24:g:XLMAAeSw0-1qJCp-,"{""value"": ""1.94"", ""currency"": ""USD""}","[{""shippingCostType"": ""FIXED"", ""shippingCost"": {""value"": ""0.00"", ""currency"": ""USD""}, ""minEstimatedDeliveryDate"": ""2026-09-16T07:00:00.000Z"", ""maxEstimatedDeliveryDate"": ""2026-09-23T07:00:00.000Z""}]",,,PENDING_INDEPENDENT_HUMAN_REVIEW
D2-1004,ec8fec81-b57d-442a-baf0-91882c40de6e,67ea57e5-8821-4372-ac63-4c6e3f81f261,Team Rocket's Giovanni,Ascended Heroes,204,uncommon,v1|147565108096|0,TEAM ROCKET'S GIOVANNI POKEMON ASCENDED HEROES 204/217 UNCOMMON LIGHTLY PLAYED,,Ungraded,4000,[],"[""FIXED_PRICE""]",halocop237,https://i.ebayimg.com/images/g/Ow0AAeSw2VRqozvG/s-l225.jpg,https://www.ebay.com/itm/147565108096?_skw=Team+Rocket%27s+Giovanni+204+Ascended+Heroes+Pokemon+card&hash=item225b90db80:g:Ow0AAeSw2VRqozvG,"{""value"": ""1.00"", ""currency"": ""USD""}","[{""shippingCostType"": ""FIXED"", ""shippingCost"": {""value"": ""1.00"", ""currency"": ""USD""}, ""minEstimatedDeliveryDate"": ""2026-09-15T07:00:00.000Z"", ""maxEstimatedDeliveryDate"": ""2026-09-19T07:00:00.000Z""}]",,,PENDING_INDEPENDENT_HUMAN_REVIEW
D2-1005,ec8fec81-b57d-442a-baf0-91882c40de6e,67ea57e5-8821-4372-ac63-4c6e3f81f261,Team Rocket's Giovanni,Ascended Heroes,204,uncommon,v1|158224475301|0,Team Rocket's Giovanni 204/217 - Reverse Holo Ascended Heroes Uncommon - NM -,,Ungraded,4000,[],"[""FIXED_PRICE"", ""BEST_OFFER""]",scopeland87,https://i.ebayimg.com/images/g/zcAAAeSwHQBqjmAC/s-l225.jpg,https://www.ebay.com/itm/158224475301?_skw=Team+Rocket%27s+Giovanni+204+Ascended+Heroes+Pokemon+card&hash=item24d6e9e4a5:g:zcAAAeSwHQBqjmAC,"{""value"": ""1.51"", ""currency"": ""USD""}","[{""shippingCostType"": ""FIXED"", ""shippingCost"": {""value"": ""0.00"", ""currency"": ""USD""}, ""minEstimatedDeliveryDate"": ""2026-09-15T07:00:00.000Z"", ""maxEstimatedDeliveryDate"": ""2026-09-21T07:00:00.000Z""}]",,,PENDING_INDEPENDENT_HUMAN_REVIEW
D2-1006,ecfe51fb-3435-4e1c-8542-8809cd6f95ff,db1498a4-579d-4bbe-b887-8368299e735f,Coalossal,Temporal Forces,95,uncommon,v1|126592028376|0,Pokemon Coalossal (95/224) Temporal Forces LP,,Ungraded,4000,[],"[""FIXED_PRICE""]",ninetyfive,https://i.ebayimg.com/images/g/HOgAAOSwtZtmoU1y/s-l225.jpg,https://www.ebay.com/itm/126592028376?_skw=Coalossal+95+Temporal+Forces+Pokemon+card&hash=item1d79790ed8:g:HOgAAOSwtZtmoU1y,"{""value"": ""0.99"", ""currency"": ""USD""}","[{""shippingCostType"": ""FIXED"", ""shippingCost"": {""value"": ""0.49"", ""currency"": ""USD""}, ""minEstimatedDeliveryDate"": ""2026-09-16T07:00:00.000Z"", ""maxEstimatedDeliveryDate"": ""2026-09-23T07:00:00.000Z""}]",,,PENDING_INDEPENDENT_HUMAN_REVIEW
D2-1007,ecfe51fb-3435-4e1c-8542-8809cd6f95ff,db1498a4-579d-4bbe-b887-8368299e735f,Coalossal,Temporal Forces,95,uncommon,v1|226085555710|525205690389,Coalossal 95/162 Reverse Holo | Temporal Forces | Pokemon Card,,Ungraded,4000,[],"[""FIXED_PRICE""]",brickheadscollectables,https://i.ebayimg.com/images/g/rPoAAOSwAQBmKfp5/s-l225.jpg,https://www.ebay.com/itm/226085555710?_skw=Coalossal+95+Temporal+Forces+Pokemon+card&hash=item34a3bfcdfe:g:rPoAAOSwAQBmKfp5&amdata=enc%3AAQALAAABAACCtXRWQnOEpyOqnQQ8KGZAzNJxjMsDIF5EN%2FkrVJOM5JFGLTFsD4W2%2FCIfm7x%2FERKcr4Bzi1nUNWzk8SVf%2F1dzhaO2MK7C%2B6lUVkWXz2BKn0x2SdxCaArOoU%2BsvNS1ZMTJo8M5CHp9J%2FsO2gDeIkWESVHVLkZNvu%2Bhp%2BN0L0nbtaP6KvARuHQ%2FBOlpkzqyXHdf3Eao53biIVzcPq3U9UUnyra2z3%2F5qu9OgJx0Rgc3OuRiFCwhQIb7KCFkyLJhiuDxynDFFIwPgK%2BxOZ1hnBitdSCtJmsCO5Nyc%2Ba50%2FfnY%2B1AJIDRI1hZl3kaSeoTykgynPQd%2BkSJ3KwR87bHN%2FA%3D,"{""value"": ""1.43"", ""currency"": ""USD"", ""convertedFromValue"": ""2.00"", ""convertedFromCurrency"": ""AUD""}","[{""shippingCostType"": ""FIXED"", ""shippingCost"": {""value"": ""12.88"", ""currency"": ""USD"", ""convertedFromValue"": ""18.00"", ""convertedFromCurrency"": ""AUD""}, ""minEstimatedDeliveryDate"": ""2026-09-21T07:00:00.000Z"", ""maxEstimatedDeliveryDate"": ""2026-09-25T07:00:00.000Z""}]",,,PENDING_INDEPENDENT_HUMAN_REVIEW
D2-1008,ecfe51fb-3435-4e1c-8542-8809cd6f95ff,db1498a4-579d-4bbe-b887-8368299e735f,Coalossal,Temporal Forces,95,uncommon,v1|226085558399|525205770650,Coalossal 95/162 Uncommon | Temporal Forces | Pokemon Card,,Ungraded,4000,[],"[""FIXED_PRICE""]",brickheadscollectables,https://i.ebayimg.com/images/g/iocAAOSwfQBmFnAL/s-l225.jpg,https://www.ebay.com/itm/226085558399?_skw=Coalossal+95+Temporal+Forces+Pokemon+card&hash=item34a3bfd87f:g:iocAAOSwfQBmFnAL&amdata=enc%3AAQALAAABAACCtXRWQnOEpyOqnQQ8KGYSKj3KZs6s6UcUFaefFWm%2BFs4LyOog7D9q7R288Qdmcb%2Bn0fjpDcnVjd4OhLtwrNTfp9c7o%2F8CLDiSqq2OLgcLxXy6ahEtL1fka5Z7%2FsuANTJIDF1peGDj5GvP3G3%2FqwxzGnmRK3OKZoNm7eNH3Dy3RK506%2Fdu8eoBNr06wDMZcqzY4LshaOOB8ikb9bunvwvEefj3MXcQiRUCUKEjmJ64MT%2BaJzTFJ19nVkfIuNGiKUrM%2BHRZHoV515PXecy0dDi9KCepLUnmfcJc9VTPSbvdMpBrVMnvLvwTz2%2FYUJ45ZbACfnD%2FSHKccRFGUVZleOI%3D,"{""value"": ""1.43"", ""currency"": ""USD"", ""convertedFromValue"": ""2.00"", ""convertedFromCurrency"": ""AUD""}","[{""shippingCostType"": ""FIXED"", ""shippingCost"": {""value"": ""12.88"", ""currency"": ""USD"", ""convertedFromValue"": ""18.00"", ""convertedFromCurrency"": ""AUD""}, ""minEstimatedDeliveryDate"": ""2026-09-21T07:00:00.000Z"", ""maxEstimatedDeliveryDate"": ""2026-09-25T07:00:00.000Z""}]",,,PENDING_INDEPENDENT_HUMAN_REVIEW
D2-1009,ecfe51fb-3435-4e1c-8542-8809cd6f95ff,db1498a4-579d-4bbe-b887-8368299e735f,Coalossal,Temporal Forces,95,uncommon,v1|117232438888|0,Coalossal 095/162 UC Temporal Forces NM Pokemon,,Ungraded,4000,[],"[""FIXED_PRICE""]",bwise12241224,https://i.ebayimg.com/images/g/ZJUAAeSwzcxqIlEu/s-l225.jpg,https://www.ebay.com/itm/117232438888?_skw=Coalossal+95+Temporal+Forces+Pokemon+card&hash=item1b4b990e68:g:ZJUAAeSwzcxqIlEu,"{""value"": ""1.45"", ""currency"": ""USD""}","[{""shippingCostType"": ""FIXED"", ""shippingCost"": {""value"": ""0.00"", ""currency"": ""USD""}, ""minEstimatedDeliveryDate"": ""2026-09-14T07:00:00.000Z"", ""maxEstimatedDeliveryDate"": ""2026-09-17T07:00:00.000Z""}]",,,PENDING_INDEPENDENT_HUMAN_REVIEW
D2-1010,ecfe51fb-3435-4e1c-8542-8809cd6f95ff,db1498a4-579d-4bbe-b887-8368299e735f,Coalossal,Temporal Forces,95,uncommon,v1|117232442290|0,Coalossal 095/162 UC Temporal Forces NM Pokemon,,Ungraded,4000,[],"[""FIXED_PRICE""]",bwise12241224,https://i.ebayimg.com/images/g/gXkAAeSwTwlqIlRs/s-l225.jpg,https://www.ebay.com/itm/117232442290?_skw=Coalossal+95+Temporal+Forces+Pokemon+card&hash=item1b4b991bb2:g:gXkAAeSwTwlqIlRs,"{""value"": ""1.45"", ""currency"": ""USD""}","[{""shippingCostType"": ""FIXED"", ""shippingCost"": {""value"": ""0.00"", ""currency"": ""USD""}, ""minEstimatedDeliveryDate"": ""2026-09-14T07:00:00.000Z"", ""maxEstimatedDeliveryDate"": ""2026-09-17T07:00:00.000Z""}]",,,PENDING_INDEPENDENT_HUMAN_REVIEW
D2-1011,ecfe51fb-3435-4e1c-8542-8809cd6f95ff,db1498a4-579d-4bbe-b887-8368299e735f,Coalossal,Temporal Forces,95,uncommon,v1|117232445201|0,Coalossal 095/162 UC Temporal Forces NM Pokemon,,Ungraded,4000,[],"[""FIXED_PRICE""]",bwise12241224,https://i.ebayimg.com/images/g/4FYAAeSwSfhqIld2/s-l225.jpg,https://www.ebay.com/itm/117232445201?_skw=Coalossal+95+Temporal+Forces+Pokemon+card&hash=item1b4b992711:g:4FYAAeSwSfhqIld2,"{""value"": ""1.45"", ""currency"": ""USD""}","[{""shippingCostType"": ""FIXED"", ""shippingCost"": {""value"": ""0.00"", ""currency"": ""USD""}, ""minEstimatedDeliveryDate"": ""2026-09-14T07:00:00.000Z"", ""maxEstimatedDeliveryDate"": ""2026-09-17T07:00:00.000Z""}]",,,PENDING_INDEPENDENT_HUMAN_REVIEW
D2-1012,ecfe51fb-3435-4e1c-8542-8809cd6f95ff,db1498a4-579d-4bbe-b887-8368299e735f,Coalossal,Temporal Forces,95,uncommon,v1|127145359491|428254765562,Pokemon TCG Temporal Forces Choose Your Card! - NM- BULK SAVINGS!,,Ungraded,4000,[],"[""FIXED_PRICE""]",cheesehead_collectibles,https://i.ebayimg.com/images/g/2JkAAOSwL5loF7GM/s-l225.jpg,https://www.ebay.com/itm/127145359491?_skw=Coalossal+95+Temporal+Forces+Pokemon+card&hash=item1d9a743883:g:2JkAAOSwL5loF7GM,"{""value"": ""1.00"", ""currency"": ""USD""}","[{""shippingCostType"": ""FIXED"", ""shippingCost"": {""value"": ""1.25"", ""currency"": ""USD""}, ""minEstimatedDeliveryDate"": ""2026-09-16T07:00:00.000Z"", ""maxEstimatedDeliveryDate"": ""2026-09-23T07:00:00.000Z""}]",,,PENDING_INDEPENDENT_HUMAN_REVIEW
D2-1013,ecfe51fb-3435-4e1c-8542-8809cd6f95ff,db1498a4-579d-4bbe-b887-8368299e735f,Coalossal,Temporal Forces,95,uncommon,v1|136259945601|435177368049,Pokemon TCG: SV05 Temporal Forces /162 You Pick (2 Card Minimum),,Ungraded,4000,[],"[""FIXED_PRICE""]",4urpc_collectables,https://i.ebayimg.com/images/g/NpEAAeSwjQxojde8/s-l225.jpg,https://www.ebay.com/itm/136259945601?_skw=Coalossal+95+Temporal+Forces+Pokemon+card&hash=item1fb9b9c481:g:NpEAAeSwjQxojde8,"{""value"": ""1.19"", ""currency"": ""USD""}","[{""shippingCostType"": ""FIXED"", ""shippingCost"": {""value"": ""0.00"", ""currency"": ""USD""}, ""minEstimatedDeliveryDate"": ""2026-09-22T07:00:00.000Z"", ""maxEstimatedDeliveryDate"": ""2026-09-28T07:00:00.000Z""}]",,,PENDING_INDEPENDENT_HUMAN_REVIEW
D2-1014,ecfe51fb-3435-4e1c-8542-8809cd6f95ff,db1498a4-579d-4bbe-b887-8368299e735f,Coalossal,Temporal Forces,95,uncommon,v1|145714129952|444827998460,Reverse Holo Pokemon Scarlet and Violet - Temporal Forces - Choose Your Card(s),,Ungraded,4000,[],"[""FIXED_PRICE""]",zentzpokemart,https://i.ebayimg.com/images/g/jMwAAOSwQGNmFKSo/s-l225.jpg,https://www.ebay.com/itm/145714129952?_skw=Coalossal+95+Temporal+Forces+Pokemon+card&hash=item21ed3d2c20:g:jMwAAOSwQGNmFKSo,"{""value"": ""0.99"", ""currency"": ""USD""}","[{""shippingCostType"": ""CALCULATED""}]",,,PENDING_INDEPENDENT_HUMAN_REVIEW
D2-1015,ecfe51fb-3435-4e1c-8542-8809cd6f95ff,db1498a4-579d-4bbe-b887-8368299e735f,Coalossal,Temporal Forces,95,uncommon,v1|168027825549|467920384738,Pokemon TCG SV05 Temporal Forces Choose Your Card Common Rare Holo EX Lot,,Ungraded,4000,[],"[""FIXED_PRICE""]",jaycreator,https://i.ebayimg.com/images/g/0JYAAeSwPYBqNfy-/s-l225.jpg,https://www.ebay.com/itm/168027825549?_skw=Coalossal+95+Temporal+Forces+Pokemon+card&hash=item271f3d258d:g:0JYAAeSwPYBqNfy-,"{""value"": ""0.99"", ""currency"": ""USD""}","[{""shippingCostType"": ""FIXED"", ""shippingCost"": {""value"": ""0.74"", ""currency"": ""USD""}, ""minEstimatedDeliveryDate"": ""2026-09-15T07:00:00.000Z"", ""maxEstimatedDeliveryDate"": ""2026-09-18T07:00:00.000Z""}]",,,PENDING_INDEPENDENT_HUMAN_REVIEW
D2-1016,ecfe51fb-3435-4e1c-8542-8809cd6f95ff,db1498a4-579d-4bbe-b887-8368299e735f,Coalossal,Temporal Forces,95,uncommon,v1|147308392035|0,Coalossal 095/162 Uncommon Temporal Forces Pokemon Lightly Played,,Ungraded,4000,[],"[""FIXED_PRICE""]",oranberry,https://i.ebayimg.com/images/g/dXgAAeSw73lqBNum/s-l225.jpg,https://www.ebay.com/itm/147308392035?_skw=Coalossal+95+Temporal+Forces+Pokemon+card&hash=item224c43ae63:g:dXgAAeSw73lqBNum,"{""value"": ""1.49"", ""currency"": ""USD""}","[{""shippingCostType"": ""FIXED"", ""shippingCost"": {""value"": ""0.00"", ""currency"": ""USD""}, ""minEstimatedDeliveryDate"": ""2026-09-14T07:00:00.000Z"", ""maxEstimatedDeliveryDate"": ""2026-09-17T07:00:00.000Z""}]",,,PENDING_INDEPENDENT_HUMAN_REVIEW
D2-1017,ecfe51fb-3435-4e1c-8542-8809cd6f95ff,db1498a4-579d-4bbe-b887-8368299e735f,Coalossal,Temporal Forces,95,uncommon,v1|127026589174|0,Coalossal 095/162 Temporal Forces,,Ungraded,4000,[],"[""FIXED_PRICE""]",cruzjgomezjr21,https://i.ebayimg.com/images/g/8ZkAAOSwVcxn6JUR/s-l225.jpg,https://www.ebay.com/itm/127026589174?_skw=Coalossal+95+Temporal+Forces+Pokemon+card&hash=item1d935fedf6:g:8ZkAAOSwVcxn6JUR,"{""value"": ""1.15"", ""currency"": ""USD""}","[{""shippingCostType"": ""FIXED"", ""shippingCost"": {""value"": ""0.00"", ""currency"": ""USD""}, ""minEstimatedDeliveryDate"": ""2026-09-15T07:00:00.000Z"", ""maxEstimatedDeliveryDate"": ""2026-09-21T07:00:00.000Z""}]",,,PENDING_INDEPENDENT_HUMAN_REVIEW
D2-1018,ecfe51fb-3435-4e1c-8542-8809cd6f95ff,db1498a4-579d-4bbe-b887-8368299e735f,Coalossal,Temporal Forces,95,uncommon,v1|127673636567|0,Coalossal - 095/162 - Temporal Forces Pokemon 2024,,Ungraded,4000,[],"[""FIXED_PRICE"", ""BEST_OFFER""]",ezvj0dv,https://i.ebayimg.com/images/g/igUAAeSwwFFpiPVN/s-l225.jpg,https://www.ebay.com/itm/127673636567?_skw=Coalossal+95+Temporal+Forces+Pokemon+card&hash=item1db9f116d7:g:igUAAeSwwFFpiPVN,"{""value"": ""1.39"", ""currency"": ""USD""}","[{""shippingCostType"": ""FIXED"", ""shippingCost"": {""value"": ""0.00"", ""currency"": ""USD""}, ""minEstimatedDeliveryDate"": ""2026-09-14T07:00:00.000Z"", ""maxEstimatedDeliveryDate"": ""2026-09-17T07:00:00.000Z""}]",,,PENDING_INDEPENDENT_HUMAN_REVIEW
D2-1019,ecfe51fb-3435-4e1c-8542-8809cd6f95ff,db1498a4-579d-4bbe-b887-8368299e735f,Coalossal,Temporal Forces,95,uncommon,v1|137208540158|0,Coalossal 095/162 Uncommon SV05: Temporal Forces Pokemon NM,,Ungraded,4000,[],"[""FIXED_PRICE""]",ofgamesandnerds,https://i.ebayimg.com/images/g/GnEAAeSw1Hpp1n-o/s-l225.jpg,https://www.ebay.com/itm/137208540158?_skw=Coalossal+95+Temporal+Forces+Pokemon+card&hash=item1ff2442bfe:g:GnEAAeSw1Hpp1n-o,"{""value"": ""1.89"", ""currency"": ""USD""}","[{""shippingCostType"": ""FIXED"", ""shippingCost"": {""value"": ""0.00"", ""currency"": ""USD""}, ""minEstimatedDeliveryDate"": ""2026-09-14T07:00:00.000Z"", ""maxEstimatedDeliveryDate"": ""2026-09-17T07:00:00.000Z""}]",,,PENDING_INDEPENDENT_HUMAN_REVIEW
D2-1020,ecfe51fb-3435-4e1c-8542-8809cd6f95ff,db1498a4-579d-4bbe-b887-8368299e735f,Coalossal,Temporal Forces,95,uncommon,v1|137700934816|0,Coalossal Uncommon SV05: Temporal Forces 095/162 NM,,Ungraded,4000,[],"[""FIXED_PRICE"", ""BEST_OFFER""]",woobiedoo,https://i.ebayimg.com/images/g/LNYAAeSwGDJqm6Hz/s-l225.jpg,https://www.ebay.com/itm/137700934816?_skw=Coalossal+95+Temporal+Forces+Pokemon+card&hash=item200f9d84a0:g:LNYAAeSwGDJqm6Hz,"{""value"": ""1.89"", ""currency"": ""USD""}","[{""shippingCostType"": ""FIXED"", ""shippingCost"": {""value"": ""0.00"", ""currency"": ""USD""}, ""minEstimatedDeliveryDate"": ""2026-09-15T07:00:00.000Z"", ""maxEstimatedDeliveryDate"": ""2026-09-21T07:00:00.000Z""}]",,,PENDING_INDEPENDENT_HUMAN_REVIEW
D2-1021,f01e01fe-17e4-48b7-8ba3-9a88f876acd4,7c3e24f9-be0e-4de8-86fc-9fb913792294,Meowth,Phantasmal Flames,106,illustration_rare,v1|127998091980|0,Phantasmal Flames Meowth #106 Degree Gem Mint 10 Pokémon Holo Rare POP!,,Graded,2750,[],"[""FIXED_PRICE"", ""BEST_OFFER""]",mikecw_2222,https://i.ebayimg.com/images/g/D6wAAeSwBGxqX9cc/s-l225.jpg,https://www.ebay.com/itm/127998091980?_skw=Meowth+106+Phantasmal+Flames+Pokemon+card&hash=item1dcd47e2cc:g:D6wAAeSwBGxqX9cc&amdata=enc%3AAQALAAABEACCtXRWQnOEpyOqnQQ8KGapzdz7x7LuRZ86q8G8zGo7TlB8ZT4nb9pft%2BMDwNQY9qnfkY2OgVH5spfEz3b8NGxIDgH%2FA%2B9xltSdcH1YFbt%2Fa8NqiFDczQWzO9mUaCI1BjVjAgfqKszTfQ9MxD3g21je5pkGLfIB6rz7NKyFIRJxkLQ0ndOjnI7rZ3A%2BfyAHeokHGdzGl5jIFQ8yJbGScew%2Bi615qbWnEAhZTGJLEfRERkwh3pwtzZacHNXhckGs8x0%2FW0iFLLo%2BX7e%2FIy8Mxsq8J6ZqqovzV0RP5wRW%2F7gNtFA16DIG9Cro9H0F%2F5Qe%2BX4w7NUkMUkCAXScQPHgis9iKhADfkuFNfU5Vq%2Btv4gr,"{""value"": ""109.99"", ""currency"": ""USD""}","[{""shippingCostType"": ""CALCULATED""}]",,,PENDING_INDEPENDENT_HUMAN_REVIEW
D2-1022,f01e01fe-17e4-48b7-8ba3-9a88f876acd4,7c3e24f9-be0e-4de8-86fc-9fb913792294,Meowth,Phantasmal Flames,106,illustration_rare,v1|128056450522|0,Meowth 106/094 ME Phantasmal Flames Illustration Rare Pokemon Card - NM,,Ungraded,4000,[],"[""FIXED_PRICE""]",swibbycards,https://i.ebayimg.com/images/g/gE8AAeSwvk9ql2mq/s-l225.jpg,https://www.ebay.com/itm/128056450522?_skw=Meowth+106+Phantasmal+Flames+Pokemon+card&hash=item1dd0c25dda:g:gE8AAeSwvk9ql2mq,"{""value"": ""28.00"", ""currency"": ""USD""}","[{""shippingCostType"": ""FIXED"", ""shippingCost"": {""value"": ""0.00"", ""currency"": ""USD""}, ""minEstimatedDeliveryDate"": ""2026-09-14T07:00:00.000Z"", ""maxEstimatedDeliveryDate"": ""2026-09-17T07:00:00.000Z""}]",,,PENDING_INDEPENDENT_HUMAN_REVIEW
D2-1023,f01e01fe-17e4-48b7-8ba3-9a88f876acd4,7c3e24f9-be0e-4de8-86fc-9fb913792294,Meowth,Phantasmal Flames,106,illustration_rare,v1|137609910516|0,MEOWTH POKEMON PHANTASMAL FLAMES 106/094 ILLUSTRATION RARE HOLO,,Ungraded,4000,[],"[""FIXED_PRICE""]",pardonmycardboard,https://i.ebayimg.com/images/g/IWIAAeSwXudqe2jt/s-l225.jpg,https://www.ebay.com/itm/137609910516?_skw=Meowth+106+Phantasmal+Flames+Pokemon+card&hash=item200a3098f4:g:IWIAAeSwXudqe2jt,"{""value"": ""27.99"", ""currency"": ""USD""}","[{""shippingCostType"": ""FIXED"", ""shippingCost"": {""value"": ""0.00"", ""currency"": ""USD""}, ""minEstimatedDeliveryDate"": ""2026-09-15T07:00:00.000Z"", ""maxEstimatedDeliveryDate"": ""2026-09-21T07:00:00.000Z""}]",,,PENDING_INDEPENDENT_HUMAN_REVIEW
D2-1024,f01e01fe-17e4-48b7-8ba3-9a88f876acd4,7c3e24f9-be0e-4de8-86fc-9fb913792294,Meowth,Phantasmal Flames,106,illustration_rare,v1|147540820026|0,Meowth 106/094 Illustration Rare -Phantasmal Flames Pokemon PSA 9,,Graded,2750,[],"[""FIXED_PRICE"", ""BEST_OFFER""]",boricards630,https://i.ebayimg.com/images/g/PBgAAeSwdABqlgVc/s-l225.jpg,https://www.ebay.com/itm/147540820026?_skw=Meowth+106+Phantasmal+Flames+Pokemon+card&hash=item225a1e403a:g:PBgAAeSwdABqlgVc,"{""value"": ""40.25"", ""currency"": ""USD""}","[{""shippingCostType"": ""FIXED"", ""shippingCost"": {""value"": ""5.25"", ""currency"": ""USD""}, ""minEstimatedDeliveryDate"": ""2026-09-15T07:00:00.000Z"", ""maxEstimatedDeliveryDate"": ""2026-09-19T07:00:00.000Z""}]",,,PENDING_INDEPENDENT_HUMAN_REVIEW
D2-1025,f01e01fe-17e4-48b7-8ba3-9a88f876acd4,7c3e24f9-be0e-4de8-86fc-9fb913792294,Meowth,Phantasmal Flames,106,illustration_rare,v1|137703699764|0,ME02: Phantasmal Flames #106/094 Meowth,,Ungraded,4000,[],"[""FIXED_PRICE""]",hobbyboxcc,https://i.ebayimg.com/images/g/sxYAAeSwJaxqnJnn/s-l225.jpg,https://www.ebay.com/itm/137703699764?_skw=Meowth+106+Phantasmal+Flames+Pokemon+card&hash=item200fc7b534:g:sxYAAeSwJaxqnJnn,"{""value"": ""19.99"", ""currency"": ""USD""}","[{""shippingCostType"": ""FIXED"", ""shippingCost"": {""value"": ""0.00"", ""currency"": ""USD""}, ""minEstimatedDeliveryDate"": ""2026-09-14T07:00:00.000Z"", ""maxEstimatedDeliveryDate"": ""2026-09-17T07:00:00.000Z""}]",,,PENDING_INDEPENDENT_HUMAN_REVIEW
D2-1026,f01e01fe-17e4-48b7-8ba3-9a88f876acd4,7c3e24f9-be0e-4de8-86fc-9fb913792294,Meowth,Phantasmal Flames,106,illustration_rare,v1|137703699769|0,ME02: Phantasmal Flames #106/094 Meowth,,Ungraded,4000,[],"[""FIXED_PRICE""]",hobbyboxcc,https://i.ebayimg.com/images/g/Jt4AAeSwFLNqnJnl/s-l225.jpg,https://www.ebay.com/itm/137703699769?_skw=Meowth+106+Phantasmal+Flames+Pokemon+card&hash=item200fc7b539:g:Jt4AAeSwFLNqnJnl,"{""value"": ""19.99"", ""currency"": ""USD""}","[{""shippingCostType"": ""FIXED"", ""shippingCost"": {""value"": ""0.00"", ""currency"": ""USD""}, ""minEstimatedDeliveryDate"": ""2026-09-14T07:00:00.000Z"", ""maxEstimatedDeliveryDate"": ""2026-09-17T07:00:00.000Z""}]",,,PENDING_INDEPENDENT_HUMAN_REVIEW
D2-1027,f01e01fe-17e4-48b7-8ba3-9a88f876acd4,7c3e24f9-be0e-4de8-86fc-9fb913792294,Meowth,Phantasmal Flames,106,illustration_rare,v1|147566562155|0,Meowth 106/094 Illustration Rare Phantasmal Flames Pokemon Holo Near Mint,,Ungraded,4000,[],"[""FIXED_PRICE"", ""BEST_OFFER""]",fiftiethalloy,https://i.ebayimg.com/images/g/syEAAeSwiHtqpD~g/s-l225.jpg,https://www.ebay.com/itm/147566562155?_skw=Meowth+106+Phantasmal+Flames+Pokemon+card&hash=item225ba70b6b:g:syEAAeSwiHtqpD~g,"{""value"": ""18.00"", ""currency"": ""USD""}","[{""shippingCostType"": ""CALCULATED""}]",,,PENDING_INDEPENDENT_HUMAN_REVIEW
D2-1028,f01e01fe-17e4-48b7-8ba3-9a88f876acd4,7c3e24f9-be0e-4de8-86fc-9fb913792294,Meowth,Phantasmal Flames,106,illustration_rare,v1|158261705450|0,2025 Pokemon Phantasmal Flames Meowth Illustration Rare #106/094,,Ungraded,4000,[],"[""FIXED_PRICE""]",palmettocards803,https://i.ebayimg.com/images/g/JbkAAeSwTatqnHze/s-l225.jpg,https://www.ebay.com/itm/158261705450?_skw=Meowth+106+Phantasmal+Flames+Pokemon+card&hash=item24d921faea:g:JbkAAeSwTatqnHze,"{""value"": ""19.99"", ""currency"": ""USD""}","[{""shippingCostType"": ""FIXED"", ""shippingCost"": {""value"": ""5.00"", ""currency"": ""USD""}, ""minEstimatedDeliveryDate"": ""2026-09-15T07:00:00.000Z"", ""maxEstimatedDeliveryDate"": ""2026-09-21T07:00:00.000Z""}]",,,PENDING_INDEPENDENT_HUMAN_REVIEW
D2-1029,f01e01fe-17e4-48b7-8ba3-9a88f876acd4,7c3e24f9-be0e-4de8-86fc-9fb913792294,Meowth,Phantasmal Flames,106,illustration_rare,v1|158264644188|0,Pokemon- PSA 10 - Meowth #106/094 Phantasmal Flames  **FREE GUARD**,,Graded,2750,[],"[""FIXED_PRICE"", ""BEST_OFFER""]",selectivepriorities,https://i.ebayimg.com/images/g/TpEAAeSwdK5qnaKe/s-l225.jpg,https://www.ebay.com/itm/158264644188?_skw=Meowth+106+Phantasmal+Flames+Pokemon+card&hash=item24d94ed25c:g:TpEAAeSwdK5qnaKe,"{""value"": ""159.99"", ""currency"": ""USD""}","[{""shippingCostType"": ""CALCULATED""}]",,,PENDING_INDEPENDENT_HUMAN_REVIEW
D2-1030,f01e01fe-17e4-48b7-8ba3-9a88f876acd4,7c3e24f9-be0e-4de8-86fc-9fb913792294,Meowth,Phantasmal Flames,106,illustration_rare,v1|158268318101|0,168696135 Meowth 2025 Pokemon Phantasmal Flames #106/094 Illustration Rare PSA 9,,Graded,2750,[],"[""AUCTION""]",pc_sportscards,https://i.ebayimg.com/images/g/1SgAAeSwanZqnwtL/s-l225.jpg,https://www.ebay.com/itm/158268318101?_skw=Meowth+106+Phantasmal+Flames+Pokemon+card&hash=item24d986e195:g:1SgAAeSwanZqnwtL,{},"[{""shippingCostType"": ""FIXED"", ""shippingCost"": {""value"": ""6.00"", ""currency"": ""USD""}, ""minEstimatedDeliveryDate"": ""2026-09-17T07:00:00.000Z"", ""maxEstimatedDeliveryDate"": ""2026-09-21T07:00:00.000Z""}]",,,PENDING_INDEPENDENT_HUMAN_REVIEW
D2-1031,f01e01fe-17e4-48b7-8ba3-9a88f876acd4,7c3e24f9-be0e-4de8-86fc-9fb913792294,Meowth,Phantasmal Flames,106,illustration_rare,v1|158273487325|0,Meowth 106/094 ME02: Phantasmal Flames Pokemon TCG ENG NM,,Ungraded,4000,[],"[""FIXED_PRICE""]",poke-wo-mon,https://i.ebayimg.com/images/g/U5gAAeSw7cVqoN~-/s-l225.jpg,https://www.ebay.com/itm/158273487325?_skw=Meowth+106+Phantasmal+Flames+Pokemon+card&hash=item24d9d5c1dd:g:U5gAAeSw7cVqoN~-,"{""value"": ""20.00"", ""currency"": ""USD""}","[{""shippingCostType"": ""FIXED"", ""shippingCost"": {""value"": ""1.95"", ""currency"": ""USD""}, ""minEstimatedDeliveryDate"": ""2026-09-15T07:00:00.000Z"", ""maxEstimatedDeliveryDate"": ""2026-09-21T07:00:00.000Z""}]",,,PENDING_INDEPENDENT_HUMAN_REVIEW
D2-1032,f01e01fe-17e4-48b7-8ba3-9a88f876acd4,7c3e24f9-be0e-4de8-86fc-9fb913792294,Meowth,Phantasmal Flames,106,illustration_rare,v1|158279058228|0,Meowth 106/094 Holo Phantasmal Flames Pokemon TCG NM,,Ungraded,4000,[],"[""FIXED_PRICE""]",mac_tcgandsports,https://i.ebayimg.com/images/g/uEkAAeSw93JqovsN/s-l225.jpg,https://www.ebay.com/itm/158279058228?_skw=Meowth+106+Phantasmal+Flames+Pokemon+card&hash=item24da2ac334:g:uEkAAeSw93JqovsN,"{""value"": ""18.99"", ""currency"": ""USD""}","[{""shippingCostType"": ""FIXED"", ""shippingCost"": {""value"": ""1.79"", ""currency"": ""USD""}, ""minEstimatedDeliveryDate"": ""2026-09-15T07:00:00.000Z"", ""maxEstimatedDeliveryDate"": ""2026-09-21T07:00:00.000Z""}]",,,PENDING_INDEPENDENT_HUMAN_REVIEW
D2-1033,f01e01fe-17e4-48b7-8ba3-9a88f876acd4,7c3e24f9-be0e-4de8-86fc-9fb913792294,Meowth,Phantasmal Flames,106,illustration_rare,v1|158279703194|0,ME02: Phantasmal Flames #106/094 Meowth,,Ungraded,4000,[],"[""FIXED_PRICE""]",flexworthyfinds,https://i.ebayimg.com/images/g/jAYAAeSwHHVqo0m~/s-l225.jpg,https://www.ebay.com/itm/158279703194?_skw=Meowth+106+Phantasmal+Flames+Pokemon+card&hash=item24da349a9a:g:jAYAAeSwHHVqo0m~,"{""value"": ""19.99"", ""currency"": ""USD""}","[{""shippingCostType"": ""FIXED"", ""shippingCost"": {""value"": ""0.80"", ""currency"": ""USD""}, ""minEstimatedDeliveryDate"": ""2026-09-16T07:00:00.000Z"", ""maxEstimatedDeliveryDate"": ""2026-09-22T07:00:00.000Z""}]",,,PENDING_INDEPENDENT_HUMAN_REVIEW
D2-1034,f01e01fe-17e4-48b7-8ba3-9a88f876acd4,7c3e24f9-be0e-4de8-86fc-9fb913792294,Meowth,Phantasmal Flames,106,illustration_rare,v1|168681408274|0,Meowth 106/094 Me02: Phantasmal Flames Illustrate Pokemon Card NM,,Ungraded,4000,[],"[""FIXED_PRICE""]",greatthings4less,https://i.ebayimg.com/images/g/6YoAAeSw4PZqf1ZS/s-l225.jpg,https://www.ebay.com/itm/168681408274?_skw=Meowth+106+Phantasmal+Flames+Pokemon+card&hash=item2746320712:g:6YoAAeSw4PZqf1ZS&amdata=enc%3AAQALAAABAACCtXRWQnOEpyOqnQQ8KGYihkPtChp4CiVOAPzAUFomMwHTSf4tdU1GrK2MULVo1ZHae1POYbyE3k9BJYdO04Jj7TRjHhD4%2FekDE6L1Mv7yEd0lK1YuVulZ5CL87uj7YDpWiqmz2cvUcSRFKunT31z%2Fl2j1PXTjYtiiUD1On6P61ubWqRCnyC1nEKmL9WiFbi%2B0p%2BvdNwW1aFl7xeFMTCEDZDJhWKK%2BLegHFd169WQ9BDNfD%2BZIvYidsl0F%2BgvHhpwUzOTecPQklNQkqbpZWO4Ru4yKF3OO4KQUFacdRyittjSOqCvN3QB2x7g3fUha%2FCMK34gAIisioteItPETmd4%3D,"{""value"": ""19.99"", ""currency"": ""USD""}","[{""shippingCostType"": ""FIXED"", ""shippingCost"": {""value"": ""6.50"", ""currency"": ""USD""}, ""minEstimatedDeliveryDate"": ""2026-09-15T07:00:00.000Z"", ""maxEstimatedDeliveryDate"": ""2026-09-18T07:00:00.000Z""}]",,,PENDING_INDEPENDENT_HUMAN_REVIEW
D2-1035,f01e01fe-17e4-48b7-8ba3-9a88f876acd4,7c3e24f9-be0e-4de8-86fc-9fb913792294,Meowth,Phantasmal Flames,106,illustration_rare,v1|178231701284|0,Pokemon TCG #106/064 Meowth Phantasmal Flames,,Ungraded,4000,[],"[""FIXED_PRICE""]",cw-valuecards2,https://i.ebayimg.com/images/g/ulUAAeSwdi1qMxAi/s-l225.jpg,https://www.ebay.com/itm/178231701284?_skw=Meowth+106+Phantasmal+Flames+Pokemon+card&hash=item297f6fef24:g:ulUAAeSwdi1qMxAi,"{""value"": ""30.00"", ""currency"": ""USD""}","[{""shippingCostType"": ""FIXED"", ""shippingCost"": {""value"": ""1.50"", ""currency"": ""USD""}, ""minEstimatedDeliveryDate"": ""2026-09-15T07:00:00.000Z"", ""maxEstimatedDeliveryDate"": ""2026-09-18T07:00:00.000Z""}]",,,PENDING_INDEPENDENT_HUMAN_REVIEW
D2-1036,fd225f1d-3765-4209-a5ec-42caf35933b0,92fdb409-1454-43ef-87ee-19095f700462,Team Rocket's Nidoking ex,Destined Rivals,233,special_illustration_rare,v1|117274028066|0,Team Rocket's Nidoking ex 233/182 Sv10: Destined Rivals Holo SIR 2025 NM+,,Ungraded,4000,[],"[""FIXED_PRICE"", ""BEST_OFFER""]",pm5kerik,https://i.ebayimg.com/images/g/JWQAAeSwielqQZzV/s-l225.jpg,https://www.ebay.com/itm/117274028066?_skw=Team+Rocket%27s+Nidoking+ex+233+Destined+Rivals+Pokemon+card&hash=item1b4e13a822:g:JWQAAeSwielqQZzV,"{""value"": ""135.00"", ""currency"": ""USD""}","[{""shippingCostType"": ""FIXED"", ""shippingCost"": {""value"": ""0.00"", ""currency"": ""USD""}, ""minEstimatedDeliveryDate"": ""2026-09-15T07:00:00.000Z"", ""maxEstimatedDeliveryDate"": ""2026-09-21T07:00:00.000Z""}]",,,PENDING_INDEPENDENT_HUMAN_REVIEW
D2-1037,fd225f1d-3765-4209-a5ec-42caf35933b0,92fdb409-1454-43ef-87ee-19095f700462,Team Rocket's Nidoking ex,Destined Rivals,233,special_illustration_rare,v1|117379766553|0,Team Rocket's Nidoking ex 233/182 NM Holofoil Destined Rivals,,Ungraded,4000,[],"[""FIXED_PRICE"", ""BEST_OFFER""]",mastascards,https://i.ebayimg.com/images/g/ckQAAeSw-qlqj0ne/s-l225.jpg,https://www.ebay.com/itm/117379766553?_skw=Team+Rocket%27s+Nidoking+ex+233+Destined+Rivals+Pokemon+card&hash=item1b54611919:g:ckQAAeSw-qlqj0ne,"{""value"": ""113.07"", ""currency"": ""USD""}","[{""shippingCostType"": ""FIXED"", ""shippingCost"": {""value"": ""0.00"", ""currency"": ""USD""}, ""minEstimatedDeliveryDate"": ""2026-09-15T07:00:00.000Z"", ""maxEstimatedDeliveryDate"": ""2026-09-21T07:00:00.000Z""}]",,,PENDING_INDEPENDENT_HUMAN_REVIEW
D2-1038,fd225f1d-3765-4209-a5ec-42caf35933b0,92fdb409-1454-43ef-87ee-19095f700462,Team Rocket's Nidoking ex,Destined Rivals,233,special_illustration_rare,v1|128064503969|0,Team Rocket's Nidoking ex SIR SV10: Destined Rivals 233/182 NM,,Ungraded,4000,[],"[""FIXED_PRICE"", ""BEST_OFFER""]",lscardvault,https://i.ebayimg.com/images/g/ZEYAAeSw7dJqnKvo/s-l225.jpg,https://www.ebay.com/itm/128064503969?_skw=Team+Rocket%27s+Nidoking+ex+233+Destined+Rivals+Pokemon+card&hash=item1dd13d40a1:g:ZEYAAeSw7dJqnKvo,"{""value"": ""101.39"", ""currency"": ""USD""}","[{""shippingCostType"": ""CALCULATED""}]",,,PENDING_INDEPENDENT_HUMAN_REVIEW
D2-1039,fd225f1d-3765-4209-a5ec-42caf35933b0,92fdb409-1454-43ef-87ee-19095f700462,Team Rocket's Nidoking ex,Destined Rivals,233,special_illustration_rare,v1|147550187321|0,Team Rocket's Nidoking Ex #233/182 NM/M Pokemon Card | Multiple Available,,Ungraded,4000,[],"[""FIXED_PRICE""]",sellit,https://i.ebayimg.com/images/g/cxMAAeSwXm5qmwvP/s-l225.jpg,https://www.ebay.com/itm/147550187321?_skw=Team+Rocket%27s+Nidoking+ex+233+Destined+Rivals+Pokemon+card&hash=item225aad2f39:g:cxMAAeSwXm5qmwvP,"{""value"": ""105.00"", ""currency"": ""USD""}","[{""shippingCostType"": ""FIXED"", ""shippingCost"": {""value"": ""3.00"", ""currency"": ""USD""}, ""minEstimatedDeliveryDate"": ""2026-09-15T07:00:00.000Z"", ""maxEstimatedDeliveryDate"": ""2026-09-18T07:00:00.000Z""}]",,,PENDING_INDEPENDENT_HUMAN_REVIEW
D2-1040,fd225f1d-3765-4209-a5ec-42caf35933b0,92fdb409-1454-43ef-87ee-19095f700462,Team Rocket's Nidoking ex,Destined Rivals,233,special_illustration_rare,v1|336782417851|0, Pokémon Team Rocket's Nidoking ex 233/182 Sv10 Holo SIR EN 330HP,,Ungraded,4000,[],"[""FIXED_PRICE""]",b.e.treasures,https://i.ebayimg.com/images/g/HngAAeSwVzdqnhcA/s-l225.jpg,https://www.ebay.com/itm/336782417851?_skw=Team+Rocket%27s+Nidoking+ex+233+Destined+Rivals+Pokemon+card&hash=item4e69cbdfbb:g:HngAAeSwVzdqnhcA,"{""value"": ""102.00"", ""currency"": ""USD""}","[{""shippingCostType"": ""CALCULATED""}]",,,PENDING_INDEPENDENT_HUMAN_REVIEW
D2-1041,fd225f1d-3765-4209-a5ec-42caf35933b0,92fdb409-1454-43ef-87ee-19095f700462,Team Rocket's Nidoking ex,Destined Rivals,233,special_illustration_rare,v1|407181207787|0,Pokémon TCG Team Rocket's Nidoking ex 233/182 Double Rare Holo Full Art Sv10,,Ungraded,4000,[],"[""FIXED_PRICE""]",catchemallmarket,https://i.ebayimg.com/images/g/FasAAeSwWkZqlHdu/s-l225.jpg,https://www.ebay.com/itm/407181207787?_skw=Team+Rocket%27s+Nidoking+ex+233+Destined+Rivals+Pokemon+card&hash=item5ecde428eb:g:FasAAeSwWkZqlHdu,"{""value"": ""99.99"", ""currency"": ""USD""}","[{""shippingCostType"": ""CALCULATED""}]",,,PENDING_INDEPENDENT_HUMAN_REVIEW
D2-1042,fd225f1d-3765-4209-a5ec-42caf35933b0,92fdb409-1454-43ef-87ee-19095f700462,Team Rocket's Nidoking ex,Destined Rivals,233,special_illustration_rare,v1|377439216482|0,Team Rocket's Nidoking ex 216/182 Destined Rivals,,Ungraded,4000,[],"[""FIXED_PRICE"", ""BEST_OFFER""]",delawaretcg,https://i.ebayimg.com/images/g/iR8AAeSwiipqiIsn/s-l225.jpg,https://www.ebay.com/itm/377439216482?_skw=Team+Rocket%27s+Nidoking+ex+233+Destined+Rivals+Pokemon+card&hash=item57e1216362:g:iR8AAeSwiipqiIsn,"{""value"": ""5.00"", ""currency"": ""USD""}","[{""shippingCostType"": ""FIXED"", ""shippingCost"": {""value"": ""1.36"", ""currency"": ""USD""}, ""minEstimatedDeliveryDate"": ""2026-09-16T07:00:00.000Z"", ""maxEstimatedDeliveryDate"": ""2026-09-22T07:00:00.000Z""}]",,,PENDING_INDEPENDENT_HUMAN_REVIEW
D2-1043,fd225f1d-3765-4209-a5ec-42caf35933b0,92fdb409-1454-43ef-87ee-19095f700462,Team Rocket's Nidoking ex,Destined Rivals,233,special_illustration_rare,v1|398038439727|0,Team Rocket's Nidoking ex Special Illustration Rare SV10: Destined Rivals DRI Da,,Ungraded,4000,[],"[""FIXED_PRICE""]",mnqualityrares,https://i.ebayimg.com/images/g/zdIAAeSw-JNqJeZK/s-l225.jpg,https://www.ebay.com/itm/398038439727?_skw=Team+Rocket%27s+Nidoking+ex+233+Destined+Rivals+Pokemon+card&hash=item5cacf0972f:g:zdIAAeSw-JNqJeZK&amdata=enc%3AAQALAAABIACCtXRWQnOEpyOqnQQ8KGZXZMgvimORnl3fvQhfG7UtuE6JKdJeHNWj%2B7Tv281geCndQdDB2%2B%2FtjHtKOaoQdrMKMrqqAdEwABLM9AFx8RAVCQksbqsRi15ZnNIw3VBuVNWB2VRXD8XT0349rCE5H7U3D3%2BtdfJK8UktoRQ12URMm2Gif4nzBYz7yUAW4AW8Dnn92soTxHM1GuMrh5Oxupht7EwsA%2FLi8bJ%2FuCz9B8sa%2BPrOHPyeASGpRnbYr63Deyl9o41mFSHB%2BqmBJCfNsBjGY%2BOoE0926AmC%2F05FNOm0WJigUCEehBE4tjJ0BEUYp75vSWFdnrhU9LnmFja4aqwrhK3T3eRK11RZ%2FeHxGqQ0s5pgBtXfw4LROTuuNQfjew%3D%3D,"{""value"": ""153.12"", ""currency"": ""USD""}","[{""shippingCostType"": ""FIXED"", ""shippingCost"": {""value"": ""0.00"", ""currency"": ""USD""}, ""minEstimatedDeliveryDate"": ""2026-09-15T07:00:00.000Z"", ""maxEstimatedDeliveryDate"": ""2026-09-18T07:00:00.000Z""}]",,,PENDING_INDEPENDENT_HUMAN_REVIEW
D2-1044,fd225f1d-3765-4209-a5ec-42caf35933b0,92fdb409-1454-43ef-87ee-19095f700462,Team Rocket's Nidoking ex,Destined Rivals,233,special_illustration_rare,v1|157077521788|458673835621,Pokemon Cards! Destined Rivals Holo/Reverse Holo EX Ultra Rare SIR Full Art Card,,Ungraded,4000,[],"[""FIXED_PRICE""]",overstackedcards,https://i.ebayimg.com/images/g/cZYAAeSwqTBofKLK/s-l225.jpg,https://www.ebay.com/itm/157077521788?_skw=Team+Rocket%27s+Nidoking+ex+233+Destined+Rivals+Pokemon+card&hash=item24928cc57c:g:cZYAAeSwqTBofKLK,"{""value"": ""161.49"", ""currency"": ""USD""}","[{""shippingCostType"": ""FIXED"", ""shippingCost"": {""value"": ""0.00"", ""currency"": ""USD""}, ""minEstimatedDeliveryDate"": ""2026-09-15T07:00:00.000Z"", ""maxEstimatedDeliveryDate"": ""2026-09-18T07:00:00.000Z""}]",,,PENDING_INDEPENDENT_HUMAN_REVIEW
D2-1045,fd225f1d-3765-4209-a5ec-42caf35933b0,92fdb409-1454-43ef-87ee-19095f700462,Team Rocket's Nidoking ex,Destined Rivals,233,special_illustration_rare,v1|158181696281|0,Pokémon TCG Team Rockets Nidoking EX 233/182 Sir Destined Rivals,,Ungraded,4000,[],"[""FIXED_PRICE"", ""BEST_OFFER""]",dmayer8,https://i.ebayimg.com/images/g/7TIAAeSww5NqfO3R/s-l225.jpg,https://www.ebay.com/itm/158181696281?_skw=Team+Rocket%27s+Nidoking+ex+233+Destined+Rivals+Pokemon+card&hash=item24d45d2319:g:7TIAAeSww5NqfO3R,"{""value"": ""105.00"", ""currency"": ""USD""}","[{""shippingCostType"": ""CALCULATED""}]",,,PENDING_INDEPENDENT_HUMAN_REVIEW
D2-1046,fd225f1d-3765-4209-a5ec-42caf35933b0,92fdb409-1454-43ef-87ee-19095f700462,Team Rocket's Nidoking ex,Destined Rivals,233,special_illustration_rare,v1|267780146806|0,Pokémon Team Rockets Nidoking 233/182 SIR Destined Rivals Gem Mint 10 Contender,,Ungraded,4000,[],"[""FIXED_PRICE"", ""BEST_OFFER""]",soldyoursole,https://i.ebayimg.com/images/g/B-oAAeSw5RdqmS5m/s-l225.jpg,https://www.ebay.com/itm/267780146806?_skw=Team+Rocket%27s+Nidoking+ex+233+Destined+Rivals+Pokemon+card&hash=item3e58f0c676:g:B-oAAeSw5RdqmS5m,"{""value"": ""249.00"", ""currency"": ""USD""}","[{""shippingCostType"": ""FIXED"", ""shippingCost"": {""value"": ""7.00"", ""currency"": ""USD""}, ""minEstimatedDeliveryDate"": ""2026-09-15T07:00:00.000Z"", ""maxEstimatedDeliveryDate"": ""2026-09-21T07:00:00.000Z""}]",,,PENDING_INDEPENDENT_HUMAN_REVIEW
D2-1047,fd225f1d-3765-4209-a5ec-42caf35933b0,92fdb409-1454-43ef-87ee-19095f700462,Team Rocket's Nidoking ex,Destined Rivals,233,special_illustration_rare,v1|117363376002|0,Pokemon 2025 Team Rocket's Nidoking ex 233/182 Alt Art SIR Destined Rivals PSA 9,,Graded,2750,[],"[""FIXED_PRICE""]",maj0819,https://i.ebayimg.com/images/g/3ZYAAeSwVnNqgkdS/s-l225.jpg,https://www.ebay.com/itm/117363376002?_skw=Team+Rocket%27s+Nidoking+ex+233+Destined+Rivals+Pokemon+card&hash=item1b5366ff82:g:3ZYAAeSwVnNqgkdS,"{""value"": ""116.95"", ""currency"": ""USD""}","[{""shippingCostType"": ""FIXED"", ""shippingCost"": {""value"": ""6.00"", ""currency"": ""USD""}, ""minEstimatedDeliveryDate"": ""2026-09-15T07:00:00.000Z"", ""maxEstimatedDeliveryDate"": ""2026-09-21T07:00:00.000Z""}]",,,PENDING_INDEPENDENT_HUMAN_REVIEW
D2-1048,fd225f1d-3765-4209-a5ec-42caf35933b0,92fdb409-1454-43ef-87ee-19095f700462,Team Rocket's Nidoking ex,Destined Rivals,233,special_illustration_rare,v1|226777166510|0,Pokemon Nidoking ex 233/182 Destined Rivals Extended Art Case,,Ungraded,4000,[],"[""FIXED_PRICE""]",dragarious,https://i.ebayimg.com/images/g/2VwAAeSwnjtpEMj3/s-l225.jpg,https://www.ebay.com/itm/226777166510?_skw=Team+Rocket%27s+Nidoking+ex+233+Destined+Rivals+Pokemon+card&hash=item34ccf8f2ae:g:2VwAAeSwnjtpEMj3,"{""value"": ""12.00"", ""currency"": ""USD""}","[{""shippingCostType"": ""CALCULATED""}]",,,PENDING_INDEPENDENT_HUMAN_REVIEW
D2-1049,fd225f1d-3765-4209-a5ec-42caf35933b0,92fdb409-1454-43ef-87ee-19095f700462,Team Rocket's Nidoking ex,Destined Rivals,233,special_illustration_rare,v1|117380198270|0,Pokemon Destined Rivals #233 Rocket'S Nidoking Ex Special Illustration PSA 10,,Graded,2750,[],"[""FIXED_PRICE""]",hawks_phins,https://i.ebayimg.com/images/g/eJgAAeSw5NJqj6HG/s-l225.jpg,https://www.ebay.com/itm/117380198270?_skw=Team+Rocket%27s+Nidoking+ex+233+Destined+Rivals+Pokemon+card&hash=item1b5467af7e:g:eJgAAeSw5NJqj6HG,"{""value"": ""274.99"", ""currency"": ""USD""}","[{""shippingCostType"": ""FIXED"", ""shippingCost"": {""value"": ""6.00"", ""currency"": ""USD""}, ""minEstimatedDeliveryDate"": ""2026-09-15T07:00:00.000Z"", ""maxEstimatedDeliveryDate"": ""2026-09-21T07:00:00.000Z""}]",,,PENDING_INDEPENDENT_HUMAN_REVIEW
D2-1050,fd225f1d-3765-4209-a5ec-42caf35933b0,92fdb409-1454-43ef-87ee-19095f700462,Team Rocket's Nidoking ex,Destined Rivals,233,special_illustration_rare,v1|128049994480|0,2025 Pokemon Destined Rivals Team Rocket's Nidoking ex 233/182 PSA 9 SIR,,Graded,2750,[],"[""FIXED_PRICE"", ""BEST_OFFER""]",robgh_19,https://i.ebayimg.com/images/g/mGcAAeSw-dlqkkRa/s-l225.jpg,https://www.ebay.com/itm/128049994480?_skw=Team+Rocket%27s+Nidoking+ex+233+Destined+Rivals+Pokemon+card&hash=item1dd05fdaf0:g:mGcAAeSw-dlqkkRa,"{""value"": ""124.99"", ""currency"": ""USD""}","[{""shippingCostType"": ""CALCULATED""}]",,,PENDING_INDEPENDENT_HUMAN_REVIEW
