benchmark_row_id,partition,canonical_card_id,card_variant_id,target_card_name,target_set_name,target_card_number,target_treatment,listing_item_id,listing_title,category_id,condition,condition_id,localized_aspects_json,buying_options_json,seller_id,image_url,item_url,observed_at
D3-E3D8A8735EC324DF,PRECISION_BLIND,21e9ddc5-2751-4886-9e08-a1c6e2cc14e4,53abbd65-a601-4185-b08c-3721e963fa3d,Kyurem ex,Black Bolt,165,special_illustration_rare,v1|198497752840|0,Pokemon TCG Kyurem ex SV Black Bolt 165/086 Special Illustration Rare Holo EN,,Ungraded,4000,[],"[""FIXED_PRICE"",""BEST_OFFER""]",2girls170,https://i.ebayimg.com/images/g/hYoAAeSwNRxqVoXP/s-l225.jpg,https://www.ebay.com/itm/198497752840?_skw=Kyurem+ex+165+Black+Bolt+Pokemon+card&hash=item2e37635708:g:hYoAAeSwNRxqVoXP,2026-09-12T23:42:48.395762+00:00
D3-F7121A2D28C075DC,PRECISION_BLIND,301185dd-2bde-4699-80bd-8b2a3cfd8f7f,af28bc66-9c8b-4dbb-bf83-fa6215bd26f0,Pikachu ex,Ascended Heroes,276,special_illustration_rare,v1|318826606297|0,Pikachu ex 276/217 Me: Ascended Heroes Holo NM Fresh out of Pack,,Ungraded,4000,[],"[""FIXED_PRICE""]",2fst4u2c,https://i.ebayimg.com/images/g/xG4AAeSwicFqlmjt/s-l225.jpg,https://www.ebay.com/itm/318826606297?_skw=Pikachu+ex+276+Ascended+Heroes+Pokemon+card&hash=item4a3b8beed9:g:xG4AAeSwicFqlmjt,2026-09-12T23:42:48.395762+00:00
D3-9A65521FBAA79EE0,PRECISION_BLIND,b801a524-e703-4f4c-ad99-1ec742cf30ec,586dac04-6254-4241-b628-b6d3dac61063,Bianca's Devotion,Temporal Forces,209,special_illustration_rare,v1|377423068040|0,2024 Pokémon SV05: Temporal Forces Bianca's Devotion - #209 SIR NM,,Ungraded,4000,[],"[""FIXED_PRICE"",""BEST_OFFER""]",2shaecollectibles,https://i.ebayimg.com/images/g/VrgAAeSwtEFqgc~B/s-l225.jpg,https://www.ebay.com/itm/377423068040?_skw=Bianca%27s+Devotion+209+Temporal+Forces+Pokemon+card&hash=item57e02afb88:g:VrgAAeSwtEFqgc~B,2026-09-12T23:42:48.395762+00:00
D3-966E29A4FC761725,PRECISION_BLIND,33dca102-b449-4da6-bfa6-7b72de711596,c2d7a5e7-cfdd-4f37-9748-a2259857c6e3,Charizard ex,Paldean Fates,234,special_illustration_rare,v1|298482459704|0,Charizard EX Holo Card 234/091 SV Paldean Fates LP Pokemon TCG English,,Ungraded,4000,[],"[""FIXED_PRICE"",""BEST_OFFER""]",1upgamesga,https://i.ebayimg.com/images/g/H6wAAeSwwHZqSsJw/s-l225.jpg,https://www.ebay.com/itm/298482459704?_skw=Charizard+ex+234+Paldean+Fates+Pokemon+card&hash=item457ef0e438:g:H6wAAeSwwHZqSsJw,2026-09-12T23:42:48.395762+00:00
D3-782F4123D824D08C,PRECISION_BLIND,3c75f577-62ee-4bdf-865c-ab2384f4379b,ecf458ed-ed92-4f04-bf27-1912d59bdbc0,Mega Charizard Y ex,Ascended Heroes,294,mega_hyper_rare,v1|318748522504|0,Mega Charizard Y ex #294 Pokemon Ascended Heroes,,Ungraded,4000,[],"[""FIXED_PRICE""]",1824s_427,https://i.ebayimg.com/images/g/UQkAAeSwHQBp-MHw/s-l225.jpg,https://www.ebay.com/itm/318748522504?_skw=Mega+Charizard+Y+ex+294+Ascended+Heroes+Pokemon+card&hash=item4a36e47808:g:UQkAAeSwHQBp-MHw,2026-09-12T23:42:48.395762+00:00
D3-B9AA555EBD66AC67,PRECISION_BLIND,147a436d-4ccc-43d1-b19a-20b74d2ff723,a86eb8d9-0e89-4e02-879a-d587dbfe0252,Carmine,Twilight Masquerade,217,special_illustration_rare,v1|267581212188|0,Carmine Special Illustration Rare - 217/167 - Twilight Masquerade 2024,,Ungraded,4000,[],"[""FIXED_PRICE""]",14ksole,https://i.ebayimg.com/images/g/KTEAAeSwqhppl~Fc/s-l225.jpg,https://www.ebay.com/itm/267581212188?_skw=Carmine+217+Twilight+Masquerade+Pokemon+card&hash=item3e4d15461c:g:KTEAAeSwqhppl~Fc,2026-09-12T23:42:48.395762+00:00
D3-CEFA627F8BE0ED78,PRECISION_BLIND,d12a209b-06a3-4b46-82d3-a374e6bbe7b4,d0d523dc-3f95-4bbc-beb6-75b3d2a15cae,Grafaiai,Paldea Evolved,223,illustration_rare,v1|800491614490|0,"Grafaiai, Paldea Evolved 223/193 IR, NM",,Ungraded,4000,[],"[""FIXED_PRICE""]",562cilla650,https://i.ebayimg.com/images/g/fT4AAeSw5glqeotk/s-l225.jpg,https://www.ebay.com/itm/800491614490?_skw=Grafaiai+223+Paldea+Evolved+Pokemon+card&hash=itemba6104b11a:g:fT4AAeSw5glqeotk,2026-09-12T23:42:48.395762+00:00
D3-CEC6C461018DB7FD,PRECISION_BLIND,4299cd6b-98e3-4e65-865f-26a39b19fe5b,041717c6-a2b6-40d1-867a-b1abb1d65ec8,Durant ex,Surging Sparks,236,special_illustration_rare,v1|306899204021|0,Durant EX 236/191 Surging Sparks,,Ungraded,4000,[],"[""FIXED_PRICE"",""BEST_OFFER""]",831alex,https://i.ebayimg.com/images/g/RDcAAeSwtZBp6qy5/s-l225.jpg,https://www.ebay.com/itm/306899204021?_skw=Durant+ex+236+Surging+Sparks+Pokemon+card&hash=item47749e37b5:g:RDcAAeSwtZBp6qy5,2026-09-12T23:42:48.395762+00:00
D3-60E3C9140A40342E,PRECISION_BLIND,152906c9-3b9f-4f16-bb22-cb4241c7386b,20ddd5ca-77ef-4e3c-a018-ea4c7a44913a,Giovanni's Charisma,Scarlet and Violet 151,204,special_illustration_rare,v1|236925471444|0,2023 Pokemon Scarlet and Violet 151 #204 Giovanni's Charisma SIR - NM-MT,,Ungraded,4000,[],"[""FIXED_PRICE"",""BEST_OFFER""]",1967dew,https://i.ebayimg.com/images/g/z58AAeSw38VqTpdj/s-l225.jpg,https://www.ebay.com/itm/236925471444?_skw=Giovanni%27s+Charisma+204+Scarlet+and+Violet+151+Pokemon+card&hash=item3729dbcad4:g:z58AAeSw38VqTpdj,2026-09-12T23:42:48.395762+00:00
D3-73A98383460061F1,PRECISION_BLIND,64c0404b-826f-493d-9c10-738b2b56eca4,9f6c24f7-6a76-471f-ad81-d3901c5e9088,Mega Audino ex,Ascended Heroes,253,ultra_rare,v1|178489483094|0,MEGA AUDINO EX 253/217 UR ASCENDED HEROES POKEMON HOLO NM/M HOLO,,Ungraded,4000,[],"[""FIXED_PRICE"",""BEST_OFFER""]",2sick_tcg,https://i.ebayimg.com/images/g/rHEAAeSwVbhqpPwk/s-l225.jpg,https://www.ebay.com/itm/178489483094?_skw=Mega+Audino+ex+253+Ascended+Heroes+Pokemon+card&hash=item298ecd5f56:g:rHEAAeSwVbhqpPwk,2026-09-12T23:42:48.395762+00:00
D3-E22A1C883B9073C4,PRECISION_BLIND,5576e4b9-4873-40fa-84c4-da9f28cec096,8614b6c4-8840-4b33-9908-4ded064f570f,Gulpin,Stellar Crown,154,illustration_rare,v1|206549805446|0,Gulpin - 154/142 - Stellar Crown - Illustration Rare NM Pokemon TCG Card IR,,Ungraded,4000,[],"[""FIXED_PRICE"",""BEST_OFFER""]",28083003,https://i.ebayimg.com/images/g/w10AAeSwH-Bqo9LK/s-l225.jpg,https://www.ebay.com/itm/206549805446?_skw=Gulpin+154+Stellar+Crown+Pokemon+card&hash=item301753e986:g:w10AAeSwH-Bqo9LK,2026-09-12T23:42:48.395762+00:00
D3-CB6D088E0D6C1472,PRECISION_BLIND,0331d96e-d8af-44d3-9552-85f784d9b4ca,720c16f5-5c19-43bc-a711-0ea9e8545aab,Trubbish,White Flare,140,illustration_rare,v1|307166659032|0,Trubbish Illustration Rare SV: White Flare Holo 140/086 NM,,Ungraded,4000,[],"[""FIXED_PRICE"",""BEST_OFFER""]",airbell-collectibles,https://i.ebayimg.com/images/g/G0wAAeSw0BpqnhxO/s-l225.jpg,https://www.ebay.com/itm/307166659032?_skw=Trubbish+140+White+Flare+Pokemon+card&hash=item47848f41d8:g:G0wAAeSw0BpqnhxO,2026-09-12T23:42:48.395762+00:00
D3-940060DC37033953,PRECISION_BLIND,a6969678-b361-4b27-bee3-e3cdc127a5e4,bb6ebfa8-886c-4b5c-822a-7431870bb339,Dragapult ex,Prismatic Evolutions,165,special_illustration_rare,v1|327167194563|0,Pokémon TCG Dragapult EX Prismatic Evolutions Special Illustration Rare 165/131,,Ungraded,4000,[],"[""FIXED_PRICE"",""BEST_OFFER""]",5.jaso2,https://i.ebayimg.com/images/g/uDkAAeSwnlJqDJPa/s-l225.jpg,https://www.ebay.com/itm/327167194563?_skw=Dragapult+ex+165+Prismatic+Evolutions+Pokemon+card&hash=item4c2caf35c3:g:uDkAAeSwnlJqDJPa,2026-09-12T23:42:48.395762+00:00
D3-DD958C55C390B666,PRECISION_BLIND,640cd931-d97f-4173-ad9d-3ab86f91d92c,c79d38c0-0768-4f3e-80fe-8490d79b00b1,Pecharunt ex,Shrouded Fable,93,special_illustration_rare,v1|407048840555|0,Pokemon TCG Pecharunt ex 093/064 Shrouded Fable Holo 190 HP,,Ungraded,4000,[],"[""FIXED_PRICE"",""BEST_OFFER""]",tyranitarscardgrotto,https://i.ebayimg.com/images/g/IKEAAeSwroZqSZ7y/s-l225.jpg,https://www.ebay.com/itm/407048840555?_skw=Pecharunt+ex+93+Shrouded+Fable+Pokemon+card&hash=item5ec600656b:g:IKEAAeSwroZqSZ7y,2026-09-12T23:42:48.395762+00:00
D3-555D9845C1C19137,PRECISION_BLIND,f01e01fe-17e4-48b7-8ba3-9a88f876acd4,7c3e24f9-be0e-4de8-86fc-9fb913792294,Meowth,Phantasmal Flames,106,illustration_rare,v1|398283748758|0,2025 Pokemon Meowth Phantasmal Flames LP/NM - 106/094,,Ungraded,4000,[],"[""FIXED_PRICE""]",24kcollection,https://i.ebayimg.com/images/g/2BIAAeSwMcpqfqz0/s-l225.jpg,https://www.ebay.com/itm/398283748758?_skw=Meowth+106+Phantasmal+Flames+Pokemon+card&hash=item5cbb8fb596:g:2BIAAeSwMcpqfqz0,2026-09-12T23:42:48.395762+00:00
D3-2CB00E4B5DD709B2,PRECISION_BLIND,0b81872e-b089-49e9-aec3-16a535b12efb,0057b67c-a140-400c-b308-2a6d046cb043,Haxorus,Black Bolt,147,illustration_rare,v1|377470961101|0,2025 POKEMON BLACK BOLT #147/086 HAXORUS ILLUSTRATION RARE,,Ungraded,4000,[],"[""AUCTION""]",4_sharp_corners_raw,https://i.ebayimg.com/images/g/wxsAAeSwUv9qmwMs/s-l225.jpg,https://www.ebay.com/itm/377470961101?_skw=Haxorus+147+Black+Bolt+Pokemon+card&hash=item57e305c5cd:g:wxsAAeSwUv9qmwMs,2026-09-12T23:42:48.395762+00:00
D3-93A982D844B479B2,PRECISION_BLIND,8a2cce32-ad4f-4468-8a28-8a9ea9653365,9cc8f6b0-2c28-442b-bdd1-11cbd9a4068e,Leavanny,White Flare,89,illustration_rare,v1|407159870653|0,2025 Pokemon—Leavanny #89 White Flare—Illustration Rare Holo,,Ungraded,4000,[],"[""FIXED_PRICE"",""BEST_OFFER""]",papajoeyscollectibles,https://i.ebayimg.com/images/g/1LcAAeSwWhdqh7D-/s-l225.jpg,https://www.ebay.com/itm/407159870653?_skw=Leavanny+89+White+Flare+Pokemon+card&hash=item5ecc9e94bd:g:1LcAAeSwWhdqh7D-,2026-09-12T23:42:48.395762+00:00
D3-58D406EFFBA8932A,PRECISION_BLIND,3755e7ef-e482-4186-8377-e717f80b3759,aa88bdd2-2ebe-4f9b-b53b-ab077c63f98c,Secret Box,Twilight Masquerade,163,ace_spec,v1|398261515738|0,SV06: Twilight Masquerade #163/167 Secret Box,,Ungraded,4000,[],"[""FIXED_PRICE"",""BEST_OFFER""]",2ndalarmcardss,https://i.ebayimg.com/images/g/dWwAAeSwSJFqd5wA/s-l225.jpg,https://www.ebay.com/itm/398261515738?_skw=Secret+Box+163+Twilight+Masquerade+Pokemon+card&hash=item5cba3c75da:g:dWwAAeSwSJFqd5wA,2026-09-12T23:42:48.395762+00:00
D3-8A7A34E80BDA6153,PRECISION_BLIND,15faf94c-4a3b-4f09-a867-f2ded1174419,98ab7334-59cd-47fa-b778-f6526e5e1276,Veluza,Paradox Rift,192,illustration_rare,v1|178441543114|0,Pokemon TCG Veluza 192/182 SV04 Paradox Rift Full Art Holo Illus Rare EN,,Ungraded,4000,[],"[""FIXED_PRICE"",""BEST_OFFER""]",2011itsallgottogo,https://i.ebayimg.com/images/g/Pq0AAeSwM2lqjosQ/s-l225.jpg,https://www.ebay.com/itm/178441543114?_skw=Veluza+192+Paradox+Rift+Pokemon+card&hash=item298bf1ddca:g:Pq0AAeSwM2lqjosQ,2026-09-12T23:42:48.395762+00:00
D3-A5113BFA16866E86,PRECISION_BLIND,605a2c1a-6a14-463e-b1e2-b55cd9c16244,14ea6011-0e3d-4eff-ac53-6b13e2976a71,Krookodile,Black Bolt,137,illustration_rare,v1|198547940159|0,Krookodile 137/086 Sv: Black Bolt Holo,,Ungraded,4000,[],"[""FIXED_PRICE"",""BEST_OFFER""]",abrodie_n,https://i.ebayimg.com/images/g/1xQAAeSw~Lpqcm-w/s-l225.jpg,https://www.ebay.com/itm/198547940159?_skw=Krookodile+137+Black+Bolt+Pokemon+card&hash=item2e3a61233f:g:1xQAAeSw~Lpqcm-w,2026-09-12T23:42:48.395762+00:00
D3-CAAD061C286C5EC7,PRECISION_BLIND,77b44a76-26f7-4fa0-a548-c29870a7bb68,63f84d31-df83-456f-bd4c-e59b7e2ba541,Crustle,Paradox Rift,183,illustration_rare,v1|256358148107|0,Pokemon TCG Crustle - 183/182 Paradox Rift Holo Illustration Rare,,Ungraded,4000,[],"[""FIXED_PRICE"",""BEST_OFFER""]",307tradingcards,https://i.ebayimg.com/images/g/bZ8AAOSwvsJljkMF/s-l225.jpg,https://www.ebay.com/itm/256358148107?_skw=Crustle+183+Paradox+Rift+Pokemon+card&hash=item3bb022e80b:g:bZ8AAOSwvsJljkMF,2026-09-12T23:42:48.395762+00:00
D3-4BA8443228C69F4B,PRECISION_BLIND,bf928dd7-24bc-4e16-bb5e-afb8122c3241,311abf3f-15cb-4cb8-995f-1937555c4bdd,Fidough,Scarlet and Violet Base Set,213,illustration_rare,v1|287582098886|0,Pokémon TCG Fidough 213/198 I.R. Scarlet & Violet Base Set Mint Condition,,Ungraded,4000,[],"[""FIXED_PRICE"",""BEST_OFFER""]",add2thafuncollectibles,https://i.ebayimg.com/images/g/V5YAAeSw~n5qpTzo/s-l225.jpg,https://www.ebay.com/itm/287582098886?_skw=Fidough+213+Scarlet+and+Violet+Base+Set+Pokemon+card&hash=item42f53a95c6:g:V5YAAeSw~n5qpTzo,2026-09-12T23:42:48.395762+00:00
D3-73C1C141100F891A,PRECISION_BLIND,829b12ba-c7f5-4796-9a57-a2a2463c8461,0fc5990b-19e3-4716-b616-b221acc480a6,Houndour,Obsidian Flames,204,illustration_rare,v1|820087556697|0,2023 POKEMON SV OBSIDIAN FLAMES - OBF EN #204/197 HOUNDOUR ILLUSTRATION RARE,,Ungraded,4000,[],"[""AUCTION""]",4_sharp_corners_raw,https://i.ebayimg.com/images/g/W30AAeSwvSNqmwLv/s-l225.jpg,https://www.ebay.com/itm/820087556697?_skw=Houndour+204+Obsidian+Flames+Pokemon+card&hash=itembef1070a59:g:W30AAeSwvSNqmwLv,2026-09-12T23:42:48.395762+00:00
D3-5C8403B45262CD95,PRECISION_BLIND,10a47631-ea19-4b62-8a93-4b1b3e6b3013,780a248c-87ff-4879-955c-3d6bea287aca,Lt. Surge's Bargain,Mega Evolution,185,special_illustration_rare,v1|398069651697|0,Lt. Surge's Bargain 185/132 Me01: Mega Evolution Holo,,Ungraded,4000,[],"[""FIXED_PRICE"",""BEST_OFFER""]",23ironw-15,https://i.ebayimg.com/images/g/NfgAAeSwIVVqMKac/s-l225.jpg,https://www.ebay.com/itm/398069651697?_skw=Lt.+Surge%27s+Bargain+185+Mega+Evolution+Pokemon+card&hash=item5caeccd8f1:g:NfgAAeSwIVVqMKac&amdata=enc%3AAQALAAABEACCtXRWQnOEpyOqnQQ8KGY6ibMC4bgbRAeuM5qJlYJiduCndKNqyHwEbSHrn7hnyLCB2kCO%2Fmnd0%2FtmDqsmlTGF95XktnuepGY3byIopPLauP4SUphDndvRC39g2gXlYiPCx%2FxSqtvVBo4eFK5lYqMFX%2BlmYdiQUkCJg8ASQ0y498vpZlaPFbJ17krgiBjsfOJUEp51ihPGvIJkK1hsb6ifDrNzeUFLFFQxqZHgxH1mEpWUqaPb3%2FmymKr3UPD7GLPTjxW5UqpVcitVENkV3TlRCuSedlgLc052ZV7hweRKIeboh%2FtkMJt49FRGlGm31A0RwgU17AUlOhnYtXTUcYxJeNEWY6V8%2F4BVPDMywOg5,2026-09-12T23:42:48.395762+00:00
D3-DFA9A2AA1B22E589,PRECISION_BLIND,a922341e-4646-470b-95cf-2a59055b18ce,2bf9f356-230d-42e8-99e7-0b10161b9392,Spidops ex,Scarlet and Violet Base Set,243,special_illustration_rare,v1|820100228878|0,Spidops ex 243/198 Special Illustration Rare Scarlet & Violet Pokemon,,Ungraded,4000,[],"[""FIXED_PRICE""]",8crazyowl8,https://i.ebayimg.com/images/g/d90AAeSwIHBqn0jw/s-l225.jpg,https://www.ebay.com/itm/820100228878?_skw=Spidops+ex+243+Scarlet+and+Violet+Base+Set+Pokemon+card&hash=itembef1c8670e:g:d90AAeSwIHBqn0jw,2026-09-12T23:42:48.395762+00:00
D3-EDA1D360D5202775,PRECISION_BLIND,7b00ea04-5c2a-4172-8025-afba48ddacb3,94d01e3d-09de-4d04-a0d8-1f36a5cfe684,Cresselia,Shrouded Fable,71,illustration_rare,v1|257695649659|0,Cresselia 071/064 Holofoil Illustration Rare SV: Shrouded Fable Pokemon NM,,Ungraded,4000,[],"[""FIXED_PRICE""]",208gamesandmore,https://i.ebayimg.com/images/g/bCIAAeSwzZZqYbSR/s-l225.jpg,https://www.ebay.com/itm/257695649659?_skw=Cresselia+71+Shrouded+Fable+Pokemon+card&hash=item3bffdb8f7b:g:bCIAAeSwzZZqYbSR&amdata=enc%3AAQALAAABAACCtXRWQnOEpyOqnQQ8KGYiLv9oi%2BrNkzsSp%2FDom6XW6lBP6Iuc0XSJMJZtI7hekY6eI2KsAajFixNnqHAGaHZT060bW6EphRltW1GN%2F23%2FVmAZ5fm%2BVioCTruHyVLCPiQ7wFjo2CLFbe1HBGnCcIyVrICOSPVmEL9WbzVpj6zamFTMkJwAHPZYqtdPXfIp8mtFnEp8MFI2I%2BUuT%2FAMwJ%2BNjveOsNDhSLDNhO5WfOLNo5eE58O0b3NBTJWPbcWREw9cIRqjTvf8M%2FnFr7AYt%2FIHpAwAuCRipjFa71vZemBCWNM3mtnSY1rARr39poWzsVmTEsH5cgEm7x5NIpGxuXY%3D,2026-09-12T23:42:48.395762+00:00
D3-3EA5B10BE1BB6B91,PRECISION_BLIND,a3d56338-1f3f-4b99-8920-5d71b8b85737,66f1f173-3a34-44b4-95a3-d0031fa9d3ee,Pikachu ex,Surging Sparks,247,hyper_rare_gold,v1|307054287744|0,⚡Pokemon - Pikachu ex - 247/191 - GOLD - Hyper Rare - Surging Sparks - NM⚡,,Ungraded,4000,[],"[""FIXED_PRICE""]",151cardstop,https://i.ebayimg.com/images/g/pSUAAeSwXM9qUQEu/s-l225.jpg,https://www.ebay.com/itm/307054287744?_skw=Pikachu+ex+247+Surging+Sparks+Pokemon+card&hash=item477ddc9b80:g:pSUAAeSwXM9qUQEu&amdata=enc%3AAQALAAABEACCtXRWQnOEpyOqnQQ8KGamZRoBgdfGUPdMpv%2FB1v0ABxXJs78DvQ%2F%2B%2FN%2FlH7to0b3%2FNkmoYam2dQcKKekAJCP6XmR0d9NdEodFQH2X60oXv3JkTC7ufbk17D%2BnjTwDyoeakkD2u2ty0zi3Y4pxbL7JyiVdmFcJR7nSkF6xoYJ8dXrIGy79LX60Q5QWgqFEOk6uqgdau98gnP6Xozr0HXra9QHLxADm1b2XIQrCT04tvGddlRfbFuEDnHIo0ZsuymDLWsRrMWaQse7jxSpFo7%2FTDxihtB5MnyxQ%2BWZCSp470MsczuPKS%2BLpav01WUp5I4PuvvWDKkcpgSY6lxZu0BbguIUOt%2BHReQkr7E4MfTTu,2026-09-12T23:42:48.395762+00:00
D3-6403DF148EDB3AC4,PRECISION_BLIND,cc59d868-d0e5-4557-9423-3f9b7c9d2591,04f90621-b7cb-49bf-b962-8ba0790d6e62,Team Rocket's Giovanni,Destined Rivals,238,special_illustration_rare,v1|397194481904|0,Team Rocket's Giovanni 238/182 Destined Rivals Pokemon Special Illustration *B3,,Ungraded,4000,[],"[""FIXED_PRICE""]",adjnor,https://i.ebayimg.com/images/g/YTwAAeSwiCFo~Qg0/s-l225.jpg,https://www.ebay.com/itm/397194481904?_skw=Team+Rocket%27s+Giovanni+238+Destined+Rivals+Pokemon+card&hash=item5c7aa2d0f0:g:YTwAAeSwiCFo~Qg0,2026-09-12T23:42:48.395762+00:00
D3-2E35BB08C916BDBF,PRECISION_BLIND,018c983e-b1d0-41df-880e-ebf3f2e2fb12,4eb8f140-a9c3-41c4-85aa-c2f6b7131746,Penny,Scarlet and Violet Base Set,252,special_illustration_rare,v1|198596950033|0,Penny 252/198 - Special Illustration Rare - Pokémon TCG Scarlet & Violet Base,,Ungraded,4000,[],"[""FIXED_PRICE"",""BEST_OFFER""]",1luckyshuckle,https://i.ebayimg.com/images/g/zUUAAeSwzDRqZnHF/s-l225.jpg,https://www.ebay.com/itm/198596950033?_skw=Penny+252+Scarlet+and+Violet+Base+Set+Pokemon+card&hash=item2e3d4cf811:g:zUUAAeSwzDRqZnHF&amdata=enc%3AAQALAAABEACCtXRWQnOEpyOqnQQ8KGbLfpLkg2bWyFFru2695Jd81ZJSXV5cjG7%2FGnxBacF1EQSxmendFGja0J1JHYrHxWmE32TYrH2nOkYtzRJmkmyIy8IqPWnAqyHBl%2FGLFvB4wtVf6IXI7o2DuNcrPGgzBKi7NZNfuPEiMpAlvCEjupxk1TmbrUt8Y%2Fspi4ozR9zgVN0ns5nFPNSxSzsLeYvxiUzCAyh%2FlzozIUekAq5c0VVxTp1wGONQg%2BPX0VJy3nzE7ureyowXr7Bj0n4sc8a2duimcB1IfpRdeqxzP7QMu209iIWqiEkQvwjMDD2fx9w%2F1wsEk9RP%2BVbY%2BHvQLwXKSvuuxohpsa9sjklenAUh3Yeq,2026-09-12T23:42:48.395762+00:00
D3-7F830BAF1BE45064,PRECISION_BLIND,9f323989-e972-4a9e-9e7b-3166e85d0690,0f3466bf-92b1-4d3d-913b-181fcec68996,Mega Feraligatr ex,Ascended Heroes,274,special_illustration_rare,v1|358769827546|0,Pokemon Mega Feraligatr ex #274/217 – Ascended Heroes Special Illustration Rare,,Ungraded,4000,[],"[""FIXED_PRICE"",""BEST_OFFER""]",algod_8,https://i.ebayimg.com/images/g/TFQAAeSwzNFqTdMj/s-l225.jpg,https://www.ebay.com/itm/358769827546?_skw=Mega+Feraligatr+ex+274+Ascended+Heroes+Pokemon+card&hash=item5388591eda:g:TFQAAeSwzNFqTdMj,2026-09-12T23:42:48.395762+00:00
D3-6C81C543D97F4749,PRECISION_BLIND,0dde3317-5162-49d1-b5c9-6b206a086d2c,7a7c3304-cc14-4aab-9f7b-b88270d4228c,Tinkatuff,Paldean Fates,166,shiny_rare,v1|158119796904|0,Tinkatuff 166/091 Shiny Rare Paldean Fates Pokemon Holo NM,,Ungraded,4000,[],"[""FIXED_PRICE"",""BEST_OFFER""]",828sportscard,https://i.ebayimg.com/images/g/bA8AAeSwvqJqZVYQ/s-l225.jpg,https://www.ebay.com/itm/158119796904?_skw=Tinkatuff+166+Paldean+Fates+Pokemon+card&hash=item24d0aca0a8:g:bA8AAeSwvqJqZVYQ,2026-09-12T23:42:48.395762+00:00
D3-8193A778A065AED0,PRECISION_BLIND,53466d2d-94fd-4230-9505-694297a9030d,3451abaf-acc7-41aa-a60c-25f24b7ac07f,Perrin,Twilight Masquerade,220,special_illustration_rare,v1|366649426426|0,Perrin 220/167 Special Illustration Rare Twilight Masquerade Pokemon Holo MINT,,Ungraded,4000,[],"[""FIXED_PRICE"",""BEST_OFFER""]",big_neils_cards,https://i.ebayimg.com/images/g/Po0AAeSwNRJqmyeZ/s-l225.jpg,https://www.ebay.com/itm/366649426426?_skw=Perrin+220+Twilight+Masquerade+Pokemon+card&hash=item555e0241fa:g:Po0AAeSwNRJqmyeZ,2026-09-12T23:42:48.395762+00:00
D3-95921C715E2D2FE6,PRECISION_BLIND,3b5294d0-4738-4296-952e-f32b2788e3c4,10ab9aee-5f8c-4938-aec5-aa4a4314f745,Sunflora,Twilight Masquerade,169,illustration_rare,v1|316828448755|0,2024 Pokémon Twilight Masquerade Sunflora Illustration Rare 169/167,,Ungraded,4000,[],"[""FIXED_PRICE"",""BEST_OFFER""]",89terrys_cardshop,https://i.ebayimg.com/images/g/rwYAAeSweJ9oKo~3/s-l225.jpg,https://www.ebay.com/itm/316828448755?_skw=Sunflora+169+Twilight+Masquerade+Pokemon+card&hash=item49c47277f3:g:rwYAAeSweJ9oKo~3,2026-09-12T23:42:48.395762+00:00
D3-E50EB587646481AC,PRECISION_BLIND,209f02db-d953-4dde-bbd6-0822671fe1d1,eb38e2d2-2e6a-41e2-939d-335c8a5e50d1,Oshawott,White Flare,105,illustration_rare,v1|800252766385|0,Oshawott 105/086 Holo - Pokemon SV: White Flare,,Ungraded,4000,[],"[""FIXED_PRICE"",""BEST_OFFER""]",adams_market,https://i.ebayimg.com/images/g/kjAAAeSwGqVqQCQV/s-l225.jpg,https://www.ebay.com/itm/800252766385?_skw=Oshawott+105+White+Flare+Pokemon+card&hash=itemba52c828b1:g:kjAAAeSwGqVqQCQV,2026-09-12T23:42:48.395762+00:00
D3-FAA63CCB12FA67C6,PRECISION_BLIND,2c445258-b198-43de-b710-0921ebe3f0ab,4411dcaa-280b-4355-bc49-f27c3f6580f2,Pikachu ex,Ascended Heroes,277,special_illustration_rare,v1|327335839888|0,Pikachu ex 277/217 Me: Ascended Heroes Holo,,Ungraded,4000,[],"[""FIXED_PRICE"",""BEST_OFFER""]",2010firman77,https://i.ebayimg.com/images/g/8O0AAeSw8rhqlj0p/s-l225.jpg,https://www.ebay.com/itm/327335839888?_skw=Pikachu+ex+277+Ascended+Heroes+Pokemon+card&hash=item4c36bc8890:g:8O0AAeSw8rhqlj0p,2026-09-12T23:42:48.395762+00:00
D3-3644BD46A79D6BA8,PRECISION_BLIND,24f40ecd-605f-4d62-b748-afed33706583,bd1bb49f-f0e6-4441-a2cd-648e3ccf4a4c,Emboar,White Flare,98,illustration_rare,v1|188372461281|0,Emboar 098/086 Holo Illustration Rare White Flare Pokemon Near Mint,,Ungraded,4000,[],"[""FIXED_PRICE""]",ahmmub_izhp4,https://i.ebayimg.com/images/g/GFYAAeSwVRdqAihJ/s-l225.jpg,https://www.ebay.com/itm/188372461281?_skw=Emboar+98+White+Flare+Pokemon+card&hash=item2bdbdfa6e1:g:GFYAAeSwVRdqAihJ&amdata=enc%3AAQALAAABAACCtXRWQnOEpyOqnQQ8KGZytLqoYzCwKIfmTi56j8D%2B35SY2UCEk%2BQZlD8KiLlGQvX2kKq1k%2B%2BQdE9FHxogfwP70oTQKdW6tdmikBj%2Bld7ecauHbmWuWQVm0KS4dLqnArIlBgCQEdo%2FwTJtoyI0vxbio5GFKMvKjhk9u7sc4cSEqXXhUQRMWojfX2C4%2FP7hVRgqLwoDEXI2feG%2F63Be4YXrvpb%2FqWPSMTVaswRSzVIs6F4CMPHagEdL6lhTWX3chPr%2BBEw7qiJ9%2Fe6pd49djEEHnQYRQuy0rYfPQtC0whlxEKrqMqNU%2BaA7cByvc9F5JTdM8bCcgUSd6KqsMluUEkA%3D,2026-09-12T23:42:48.395762+00:00
D3-421D6CB01BA8D24C,PRECISION_BLIND,3baf2f12-759f-427a-b8d0-2511e639310f,886acc91-d523-4628-bb4a-6ef8db1d8543,Mega Gardevoir ex,Mega Evolution,187,mega_hyper_rare,v1|127485435261|0,Mega Gardevoir ex 187/132 Me01: Mega Evolution Holo,,Ungraded,4000,[],"[""FIXED_PRICE"",""BEST_OFFER""]",305warehouse,https://i.ebayimg.com/images/g/uX8AAeSwavppRDLk/s-l225.jpg,https://www.ebay.com/itm/127485435261?_skw=Mega+Gardevoir+ex+187+Mega+Evolution+Pokemon+card&hash=item1daeb95d7d:g:uX8AAeSwavppRDLk,2026-09-12T23:42:48.395762+00:00
D3-7ACE83E4F988642C,PRECISION_BLIND,31566cbb-0eeb-499e-aa6d-b9b0bd85fc8b,fc81462a-2c3e-4b7a-a7be-ad7f88d98ace,Mega Greninja ex,Chaos Rising,122,mega_hyper_rare,v1|168674714821|0,Pokemon Mega Greninja ex Holo Mega Hyper Rare NM - Chaos Rising 122/086,,Ungraded,4000,[],"[""FIXED_PRICE""]",555techinc,https://i.ebayimg.com/images/g/cKcAAeSwsHhqoL68/s-l225.jpg,https://www.ebay.com/itm/168674714821?_skw=Mega+Greninja+ex+122+Chaos+Rising+Pokemon+card&hash=item2745cbe4c5:g:cKcAAeSwsHhqoL68,2026-09-12T23:42:48.395762+00:00
D3-2E8E7F1599D2F91E,PRECISION_BLIND,d4ff3ebb-7e40-4a36-88e6-f07af2977641,1424e3da-f59e-47f2-8310-dfad3baf354b,Zekrom ex,Black Bolt,166,special_illustration_rare,v1|318810543625|0,Pokémon TCG Zekrom ex 166/086 SV Black Bolt SIR Full Art Holo 230 HP ENG 2025,,Ungraded,4000,[],"[""FIXED_PRICE"",""BEST_OFFER""]",1824s_427,https://i.ebayimg.com/images/g/P~wAAeSwRAVqlwQS/s-l225.jpg,https://www.ebay.com/itm/318810543625?_skw=Zekrom+ex+166+Black+Bolt+Pokemon+card&hash=item4a3a96d609:g:P~wAAeSwRAVqlwQS,2026-09-12T23:42:48.395762+00:00
D3-ACE5E88C538BC4FD,PRECISION_BLIND,b547c5c3-7082-4a7f-9290-3d569b91b462,2c272732-fdb3-4639-aa6b-ea9fa3ad9c24,Team Rocket's Giovanni,Destined Rivals,225,ultra_rare,v1|287570556936|0,Team Rocket's Giovanni 225/182 Sv10: Destined Rivals Holo,,Ungraded,4000,[],"[""AUCTION""]",1stopecom,https://i.ebayimg.com/images/g/j8kAAeSwcXFqgqVL/s-l225.jpg,https://www.ebay.com/itm/287570556936?_skw=Team+Rocket%27s+Giovanni+225+Destined+Rivals+Pokemon+card&hash=item42f48a7808:g:j8kAAeSwcXFqgqVL,2026-09-12T23:42:48.395762+00:00
D3-9A4D6B786085BB9E,PRECISION_BLIND,23d6bd35-bbf0-49b2-911e-4949e66ff8bb,9326d67b-4017-4430-ac3c-bae6eb088be7,Pachirisu,Paldean Fates,138,shiny_rare,v1|820084434456|0,Pokemon TCG SV Paldean Fates Pachirisu 138/091 Rare Holo English,,Ungraded,4000,[],"[""FIXED_PRICE"",""BEST_OFFER""]",151bris,https://i.ebayimg.com/images/g/9XQAAeSwmX1qmfsF/s-l225.jpg,https://www.ebay.com/itm/820084434456?_skw=Pachirisu+138+Paldean+Fates+Pokemon+card&hash=itembef0d76618:g:9XQAAeSwmX1qmfsF,2026-09-12T23:42:48.395762+00:00
D3-153FA076A4F00693,PRECISION_BLIND,e26de7b7-434e-4bec-8fc2-fb15b971b1a7,44b0372c-396d-43e9-84bb-afad2d04128f,Jamming Tower,Ascended Heroes,261,ultra_rare,v1|398344143454|0,Jamming Tower Holo Ultra Rare ME: Ascended Heroes 261/217 NM,,Ungraded,4000,[],"[""FIXED_PRICE"",""BEST_OFFER""]",a3_collectibles,https://i.ebayimg.com/images/g/YqoAAeSwpyFqlbBt/s-l225.jpg,https://www.ebay.com/itm/398344143454?_skw=Jamming+Tower+261+Ascended+Heroes+Pokemon+card&hash=item5cbf29425e:g:YqoAAeSwpyFqlbBt,2026-09-12T23:42:48.395762+00:00
D3-53BB344328E4650E,PRECISION_BLIND,75720435-3807-46b6-b3da-5e1c53b77822,9ad0c133-f133-45ab-9b3f-494199354e20,Mega Darkrai ex,Pitch Black,116,special_illustration_rare,v1|298662785565|0,Mega Darkrai EX 116/084 Pitch Black Special Illustration Rare Holo Pokeman Card,,Ungraded,4000,[],"[""FIXED_PRICE"",""BEST_OFFER""]",1913collection,https://i.ebayimg.com/images/g/00oAAeSwb7dqozhc/s-l225.jpg,https://www.ebay.com/itm/298662785565?_skw=Mega+Darkrai+ex+116+Pitch+Black+Pokemon+card&hash=item4589b0721d:g:00oAAeSwb7dqozhc&amdata=enc%3AAQALAAABEACCtXRWQnOEpyOqnQQ8KGbee8zj1CgQLkf2H%2FdUSwteRB5KP%2BHQKLvA4eQMFm6HuC4vV6uIsv1afb4mAjcYeDlyhfVCb%2BDQfxAzMk1XS293AWYAFlE5llf6T4D%2BuVlS6I6k56ceO7RoXOD84ZUDWx2EDjh4HZ4Cx5r0mcq5yjKbvabEF5MUTV%2FXDhDRXhSqF%2BPQBr2AnLZk0AWPeVJhE1b4%2F63DtQy6ta559Bx1H%2FmavwS1xNuP61AA%2Fecix19%2FDKx3wweJ5WVylARb7x%2FgCCMQHODq8CyvSjurCfWtf74i10zi%2BqWdpwzL%2FiDeNanEeNXtqvBq6GFmEOjuv34OMwsdQu5UiBf2KZ%2F6xOHwf6BT,2026-09-12T23:42:48.395762+00:00
D3-0420AAA0419CFAC2,PRECISION_BLIND,7f065a2b-5cab-45c8-8fd8-96d4c07c4ee8,3805ddb2-e4cd-40b3-8a52-82398effa130,Canari,Ascended Heroes,291,special_illustration_rare,v1|298537499647|0,Canari 291/217 Special Illustration Rare Ascended Heroes Pokemon Holo Near Mint,,Ungraded,4000,[],"[""FIXED_PRICE"",""BEST_OFFER""]",1upgamesga,https://i.ebayimg.com/images/g/xZMAAeSw75ZqZ7pB/s-l225.jpg,https://www.ebay.com/itm/298537499647?_skw=Canari+291+Ascended+Heroes+Pokemon+card&hash=item458238bbff:g:xZMAAeSw75ZqZ7pB,2026-09-12T23:42:48.395762+00:00
D3-B3B354F46C5D51D2,PRECISION_BLIND,966bcb61-bf43-4cd7-8287-42f4bb9fa76d,9d636c4c-055f-4e85-b5ef-64675007d904,Leafeon ex,Prismatic Evolutions,144,special_illustration_rare,v1|389191780014|0,Pokémon TCG Leafeon EX Sir 144/131 Prismatic Evolutions Card,,Ungraded,4000,[],"[""FIXED_PRICE"",""BEST_OFFER""]",2bp4r81,https://i.ebayimg.com/images/g/obwAAeSw0cxpDAN2/s-l225.jpg,https://www.ebay.com/itm/389191780014?_skw=Leafeon+ex+144+Prismatic+Evolutions+Pokemon+card&hash=item5a9da346ae:g:obwAAeSw0cxpDAN2,2026-09-12T23:42:48.395762+00:00
D3-4E63A2B3EB5B25A5,PRECISION_BLIND,6a980108-6683-4461-ac9a-c81a27326dee,129a7668-0ba7-4f77-8585-3847e6c3d342,Team Rocket's Mewtwo ex,Destined Rivals,231,special_illustration_rare,v1|267779121262|0,❗️ Team Rocket's Mewtwo Ex 231/182 Pokemon TCG Destined Rivals SIR Holo Rare🔥❗️,,Ungraded,4000,[],"[""FIXED_PRICE"",""BEST_OFFER""]",1_matthall,https://i.ebayimg.com/images/g/1doAAeSwn5Bqn2XU/s-l225.jpg,https://www.ebay.com/itm/267779121262?_skw=Team+Rocket%27s+Mewtwo+ex+231+Destined+Rivals+Pokemon+card&hash=item3e58e1206e:g:1doAAeSwn5Bqn2XU,2026-09-12T23:42:48.395762+00:00
D3-9F8A722048CCCBD4,PRECISION_BLIND,828c0d0d-2ede-4bab-bed4-407cd3cf8662,06c45a41-2b44-401a-9703-5c9952f2580f,Mega Gengar ex,Ascended Heroes,284,special_illustration_rare,v1|188816769419|0,Mega Gengar ex 284/217 Me: Ascended Heroes Holo,,Ungraded,4000,[],"[""FIXED_PRICE"",""BEST_OFFER""]",1_star_reviewer,https://i.ebayimg.com/images/g/1DIAAeSw3xtqgmZj/s-l225.jpg,https://www.ebay.com/itm/188816769419?_skw=Mega+Gengar+ex+284+Ascended+Heroes+Pokemon+card&hash=item2bf65b418b:g:1DIAAeSw3xtqgmZj,2026-09-12T23:42:48.395762+00:00
D3-F85010CF68D262A1,PRECISION_BLIND,97165c7e-1d85-4962-807e-5661c2115d7d,b592d276-ceb3-4a5e-90d5-d759808b7da3,Furret,Journey Together,168,illustration_rare,v1|336770174869|0,Furret 168/159 Illustration Rare Journey Together Pokemon Holo Near Mint,,Ungraded,4000,[],"[""FIXED_PRICE"",""BEST_OFFER""]",2ndclassgaming,https://i.ebayimg.com/images/g/TjcAAeSwOa9qlKKZ/s-l225.jpg,https://www.ebay.com/itm/336770174869?_skw=Furret+168+Journey+Together+Pokemon+card&hash=item4e69110f95:g:TjcAAeSwOa9qlKKZ,2026-09-12T23:42:48.395762+00:00
D3-8A62FD189CC33749,PRECISION_BLIND,25638dbd-2434-4a4f-ba0d-dcf3e3e114ca,b3f17a3e-c2cb-447e-8873-c5970a4372c9,Clemont's Quick Wit,Surging Sparks,243,special_illustration_rare,v1|398325291518|0,Clemont's Quick Wit 243/191 Special Illustration Rare Pokemon TCG Surging Sparks,,Ungraded,4000,[],"[""FIXED_PRICE"",""BEST_OFFER""]",acesellemall,https://i.ebayimg.com/images/g/Y0QAAeSwaclqjm3e/s-l225.jpg,https://www.ebay.com/itm/398325291518?_skw=Clemont%27s+Quick+Wit+243+Surging+Sparks+Pokemon+card&hash=item5cbe0999fe:g:Y0QAAeSwaclqjm3e,2026-09-12T23:42:48.395762+00:00
D3-14ED04C999A68CF4,PRECISION_BLIND,fd225f1d-3765-4209-a5ec-42caf35933b0,92fdb409-1454-43ef-87ee-19095f700462,Team Rocket's Nidoking ex,Destined Rivals,233,special_illustration_rare,v1|206511863468|0,Team Rocket's Nidoking ex 233/182 Destined Rivals Holo Near Mint Pokemon,,Ungraded,4000,[],"[""FIXED_PRICE""]",ajpfinds,https://i.ebayimg.com/images/g/~9QAAeSw3EVqkx0b/s-l225.jpg,https://www.ebay.com/itm/206511863468?_skw=Team+Rocket%27s+Nidoking+ex+233+Destined+Rivals+Pokemon+card&hash=item301510f6ac:g:~9QAAeSw3EVqkx0b,2026-09-12T23:42:48.395762+00:00
D3-377CF0F2BC933B2F,PRECISION_BLIND,b620ec1c-c0ac-4e7e-919d-a7df98bcb84b,8af678f4-09f0-486c-9617-b56896ebeea0,Zweilous,White Flare,147,illustration_rare,v1|800270082787|0,Pokemon TCG Zweilous 147/086 White Flare Illustration Rare Holo EN,,Ungraded,4000,[],"[""FIXED_PRICE"",""BEST_OFFER""]",ama-860806,https://i.ebayimg.com/images/g/MygAAeSw1yJqRIst/s-l225.jpg,https://www.ebay.com/itm/800270082787?_skw=Zweilous+147+White+Flare+Pokemon+card&hash=itemba53d062e3:g:MygAAeSw1yJqRIst,2026-09-12T23:42:48.395762+00:00
D3-53FC40D319D57B92,PRECISION_BLIND,ae4a6acb-3a88-4547-a165-7a617bfb2ce8,cd7798fe-711e-4cad-a015-7139b3d49bf6,Jolteon ex,Prismatic Evolutions,153,special_illustration_rare,v1|336778511544|0,2025 POKEMON PRISMATIC EVOLUTIONS #153/131 JOLTEON EX SPECIAL ILLUSTRATION RARE,,Ungraded,4000,[],"[""AUCTION""]",4_sharp_corners_raw,https://i.ebayimg.com/images/g/F1gAAeSwzbZqmwMw/s-l225.jpg,https://www.ebay.com/itm/336778511544?_skw=Jolteon+ex+153+Prismatic+Evolutions+Pokemon+card&hash=item4e699044b8:g:F1gAAeSwzbZqmwMw,2026-09-12T23:42:48.395762+00:00
D3-714D1BC7393C71F2,PRECISION_BLIND,c7e36a14-236f-4b93-a4a8-a4be2ddc7193,590cc9ca-0f7d-413e-ae31-68433716e01b,Mega Lucario ex,Mega Evolution,179,special_illustration_rare,v1|377300401093|0,Pokemon TCG Mega Lucario EX Card 179/132 Mega Evolution Sir M/Nm Condition,,Ungraded,4000,[],"[""FIXED_PRICE"",""BEST_OFFER""]",akcollectables93,https://i.ebayimg.com/images/g/ImUAAeSwfgZqQDPQ/s-l225.jpg,https://www.ebay.com/itm/377300401093?_skw=Mega+Lucario+ex+179+Mega+Evolution+Pokemon+card&hash=item57d8db3bc5:g:ImUAAeSwfgZqQDPQ,2026-09-12T23:42:48.395762+00:00
D3-F71FC26A5BDB137F,PRECISION_BLIND,d09b2fb5-41b6-4d1e-88cf-629402434501,efae0727-f8c2-48c5-a33e-c308be0d288d,Roaring Moon ex,Prismatic Evolutions,162,special_illustration_rare,v1|297729531027|0,Pokémon TCG NM Roaring Moon Sir Prismatic Evolutions Card RAW NEW #162/131,,Ungraded,4000,[],"[""FIXED_PRICE"",""BEST_OFFER""]",1gooditem,https://i.ebayimg.com/images/g/MuUAAeSwrfZpBuaM/s-l225.jpg,https://www.ebay.com/itm/297729531027?_skw=Roaring+Moon+ex+162+Prismatic+Evolutions+Pokemon+card&hash=item4552101c93:g:MuUAAeSwrfZpBuaM,2026-09-12T23:42:48.395762+00:00
D3-E32D0234C7261382,PRECISION_BLIND,4206e794-1ec6-4d55-94d4-63267ac9a183,9d5ddc90-8f9d-4759-b73d-fff0cd877d73,Mega Dragonite ex,Ascended Heroes,290,special_illustration_rare,v1|188627914766|0,Mega Dragonite ex 290/217 Me: Ascended Heroes NM 10 Contender,,Ungraded,4000,[],"[""FIXED_PRICE"",""BEST_OFFER""]",247sold,https://i.ebayimg.com/images/g/~nQAAeSwxLNqUf7E/s-l225.jpg,https://www.ebay.com/itm/188627914766?_skw=Mega+Dragonite+ex+290+Ascended+Heroes+Pokemon+card&hash=item2beb19900e:g:~nQAAeSwxLNqUf7E&amdata=enc%3AAQALAAABEACCtXRWQnOEpyOqnQQ8KGZpsq%2FKURTM4pXm8yU5n%2By5E2%2BjWQswHAnW%2FQKRKt2jqtcWXiqvfNDG2lmb1pMg9oWqecVsffAATWxaGIekjeOhGuyNKgnxSDMqrUYD0NvJRNaxYFZznsVkn1mpbtj6Iwh1tX1Ra%2Bo1XhVVgJrXgzb79qT3iaPjZxfYN8y97oqq0F8a628%2BBYfdmvrvwp6pQ5NrJvIAN%2BhU03tzBye8N8M9MSjAEP6MYPbYxBkwkfqpk8eEi9hNwUTfE0GFNF5IW%2BFmh4EJOAml%2BzcjaFFw%2Fki9HWqjkdPyDm5zd48x93Ac8wRzNUXTy%2FITgbprKiiejNx1WU1ID3LBjhZtyl5kFg01,2026-09-12T23:42:48.395762+00:00
D3-DA812AC3DDC2BD4D,PRECISION_BLIND,67611b34-a7e9-497f-9708-651cc015ca6c,f02f5725-b24c-4ee9-a9b5-55edd91d7697,Lillie's Determination,Mega Evolution,184,special_illustration_rare,v1|327316605330|0,Pokemon TCG Lillie's Determination 184/132 Me01: Mega Evolution Holo NM,,Ungraded,4000,[],"[""FIXED_PRICE""]",1orduckfan,https://i.ebayimg.com/images/g/ZMsAAeSwlktqW-Nj/s-l225.jpg,https://www.ebay.com/itm/327316605330?_skw=Lillie%27s+Determination+184+Mega+Evolution+Pokemon+card&hash=item4c35970992:g:ZMsAAeSwlktqW-Nj,2026-09-12T23:42:48.395762+00:00
D3-E81E91F67277B449,PRECISION_BLIND,6a1e2c02-b24d-4001-96f1-8bc2a24d8ccd,de749ceb-28f9-4977-b425-a83f69a3cf55,Gouging Fire ex,Temporal Forces,204,special_illustration_rare,v1|318526730852|0,Gouging Fire ex 204/162 SV05: Temporal Forces Holo Near Mint Condition,,Ungraded,4000,[],"[""FIXED_PRICE"",""BEST_OFFER""]",899mf60,https://i.ebayimg.com/images/g/fm4AAeSwiNRqRHkn/s-l225.jpg,https://www.ebay.com/itm/318526730852?_skw=Gouging+Fire+ex+204+Temporal+Forces+Pokemon+card&hash=item4a29ac3264:g:fm4AAeSwiNRqRHkn,2026-09-12T23:42:48.395762+00:00
D3-8D62BD4E60E4AA34,PRECISION_BLIND,2e5780f8-1769-4d26-9e3e-87e4a27d4dfe,09b7c446-d89f-4a64-b721-bc1293308747,Dachsbun ex,Stellar Crown,169,special_illustration_rare,v1|298545717547|0,Dachsbun EX 169/142 - Stellar Crown - Special Illustration Rare - Pokémon TCG,,Ungraded,4000,[],"[""FIXED_PRICE"",""BEST_OFFER""]",1pokemonchick,https://i.ebayimg.com/images/g/tCQAAeSw17Bqa6Yq/s-l225.jpg,https://www.ebay.com/itm/298545717547?_skw=Dachsbun+ex+169+Stellar+Crown+Pokemon+card&hash=item4582b6212b:g:tCQAAeSw17Bqa6Yq&amdata=enc%3AAQALAAABAACCtXRWQnOEpyOqnQQ8KGZIdA%2BtR7y4smJ4mIDyMZT69l%2BckKMWZivuRvvjWXdO9PvoIGVEcDdmEV8LPcTlIyLkIDqxMoyXSUB9qmzuczFisJV%2Bp0bj2Z0hNh9aV4k61aa6vSWBPYWw3ImU2xyG40u1E%2Fet12yoBCvAwwYckeyZ%2BQ5T7WWoRNR7V5fdy29FVY%2BUcS1Bvlv65uoQ50zX9GPFSWKx%2FoW%2Fy1WSlg1rg9QvhtsAqUCSG0bobwcLOyKA3d0LM0k8JiS%2BneI9KABeGHGF2bQKesfz6kZ6GiFSNxFecoDOPKAL%2FkRWTF1gX5%2Bwg5j6ay1xAQCLB%2FPDtIwCsKo%3D,2026-09-12T23:42:48.395762+00:00
D3-CD37CA25C7048582,PRECISION_BLIND,6a2b87e5-f90b-48f4-be30-a77258bee660,36134e45-4899-474f-88f0-b540ba618b49,Marill,Paldea Evolved,204,illustration_rare,v1|800274080986|0,Marill 204/193 Holo - Pokemon SV02: Paldea Evolved,,Ungraded,4000,[],"[""FIXED_PRICE"",""BEST_OFFER""]",adams_market,https://i.ebayimg.com/images/g/VkIAAeSwuRxqRX7b/s-l225.jpg,https://www.ebay.com/itm/800274080986?_skw=Marill+204+Paldea+Evolved+Pokemon+card&hash=itemba540d64da:g:VkIAAeSwuRxqRX7b,2026-09-12T23:42:48.395762+00:00
D3-327342964C5902AE,PRECISION_BLIND,b3020b76-9ff0-449a-85b8-924878fa0e8b,b70cd4ec-81c4-4e81-a677-901a43af62d9,Archeops,White Flare,132,illustration_rare,v1|317509248030|0,Archeops 132/086 Sv: White Flare Holo,,Ungraded,4000,[],"[""FIXED_PRICE""]",360kickflips,https://i.ebayimg.com/images/g/X-gAAeSwLjZpDG35/s-l225.jpg,https://www.ebay.com/itm/317509248030?_skw=Archeops+132+White+Flare+Pokemon+card&hash=item49ed06a41e:g:X-gAAeSwLjZpDG35&amdata=enc%3AAQALAAABAACCtXRWQnOEpyOqnQQ8KGacPG%2FMKhFlR43fI1JckF2SnkneCAXPq%2Bfy4LxDUgaIJaAlMizuf6D3tTcPIxnglmg7at6IVJAfS0xFmEy86S1DJaY%2FvG921vyZ5BcXMVPYYfi5DVZkHC0HhNiEWpl25V0q%2BHY53rJrL8aVHR12YBt%2BYhHgNfsMq8Tq1dLvFTw4vyXE4tEmbIPGE0%2FlhNU2F5y8%2B58g78Z3cvPJhBInsrcoH%2Fb113m%2BwnqwnltKW%2B9ClFLNP2pY29CX0ZDxLGun%2B3eNACm2ccmt6SqCLa9kTVIdrBJDCP9GsIJ5TY9Lg5tJkdLTs9tBwuJgsL%2FSVvhnH94%3D,2026-09-12T23:42:48.395762+00:00
D3-43A18062E63FE0AB,PRECISION_BLIND,2cef0dfb-a5fd-4aed-b8ae-34a82f414587,3d276bff-a869-4634-840f-d5eb4f33aa1d,Reshiram ex,White Flare,166,special_illustration_rare,v1|377489879155|0,Reshiram ex 166/086 SV White Flare Special Illustration Rare Holo Pokemon ENG NM,,Ungraded,4000,[],"[""FIXED_PRICE"",""BEST_OFFER""]",57collection,https://i.ebayimg.com/images/g/U3EAAeSwmuBqpNou/s-l225.jpg,https://www.ebay.com/itm/377489879155?_skw=Reshiram+ex+166+White+Flare+Pokemon+card&hash=item57e4267073:g:U3EAAeSwmuBqpNou,2026-09-12T23:42:48.395762+00:00
D3-ADBD017097035D2A,PRECISION_BLIND,21e9ddc5-2751-4886-9e08-a1c6e2cc14e4,53abbd65-a601-4185-b08c-3721e963fa3d,Kyurem ex,Black Bolt,165,special_illustration_rare,v1|398175874163|0,Kyurem ex 165/086 Sv: Black Bolt Holo,,Ungraded,4000,[],"[""FIXED_PRICE""]",acema-56,https://i.ebayimg.com/images/g/wUsAAeSwINxqVwgj/s-l225.jpg,https://www.ebay.com/itm/398175874163?_skw=Kyurem+ex+165+Black+Bolt+Pokemon+card&hash=item5cb521ac73:g:wUsAAeSwINxqVwgj&amdata=enc%3AAQALAAABAACCtXRWQnOEpyOqnQQ8KGbuoZihSQcuVyD9sx3lP%2FDWf8WwW7jJSB50fUg9XulSRxuiZizhq2mYFCPxY6LDZDktBixgjtZ%2BkppAgsK63ftE5FK3iZ2BlmrXi4imdaSyWhrLoOPvqLcUZ5anpAos4uchyZWb2%2B6%2BN%2FDIdgNobEPQUWkgQjWp3dZqbf7QgL5PZe1b2DfvP1SB1HaqBsD1Plx61x333PWodsq%2BykVlXk7Uv3aS1usX4lR7WAaKleyQrHXxMEELHLXj2HhwpMr30%2BV2Osz8NNzaup2qvbq2m3iPlyABzW1mhKbajMeTmQeUdYHqV4HTxWtkGTErwg%2BY078%3D,2026-09-12T23:42:48.395762+00:00
D3-B4A0AA245FDD3A77,PRECISION_BLIND,301185dd-2bde-4699-80bd-8b2a3cfd8f7f,af28bc66-9c8b-4dbb-bf83-fa6215bd26f0,Pikachu ex,Ascended Heroes,276,special_illustration_rare,v1|397876491070|0,Pikachu ex - 276/217 - ME: Ascended Heroes (ASC) In Extended Art Frame,,Ungraded,4000,[],"[""FIXED_PRICE"",""BEST_OFFER""]",akimill0,https://i.ebayimg.com/images/g/eFIAAeSwVRdp66Gl/s-l225.jpg,https://www.ebay.com/itm/397876491070?_skw=Pikachu+ex+276+Ascended+Heroes+Pokemon+card&hash=item5ca349733e:g:eFIAAeSwVRdp66Gl,2026-09-12T23:42:48.395762+00:00
D3-EA9A321AB2BB25E2,PRECISION_BLIND,b801a524-e703-4f4c-ad99-1ec742cf30ec,586dac04-6254-4241-b628-b6d3dac61063,Bianca's Devotion,Temporal Forces,209,special_illustration_rare,v1|298554965755|0,Bianca's Devotion - Special Illustration Rare SV05: Temporal Forces 209/162 NM,,Ungraded,4000,[],"[""FIXED_PRICE"",""BEST_OFFER""]",basicislandtcg,https://i.ebayimg.com/images/g/1ZgAAeSwimlqcC3y/s-l225.jpg,https://www.ebay.com/itm/298554965755?_skw=Bianca%27s+Devotion+209+Temporal+Forces+Pokemon+card&hash=item4583433efb:g:1ZgAAeSwimlqcC3y,2026-09-12T23:42:48.395762+00:00
D3-2DD5C5CE71266834,PRECISION_BLIND,33dca102-b449-4da6-bfa6-7b72de711596,c2d7a5e7-cfdd-4f37-9748-a2259857c6e3,Charizard ex,Paldean Fates,234,special_illustration_rare,v1|298610288277|0,Pokémon TCG Charizard EX Paldean Fates Sir 234/091 NM Condition,,Ungraded,4000,[],"[""FIXED_PRICE"",""BEST_OFFER""]",1upgamesga,https://i.ebayimg.com/images/g/ZuQAAeSwrd5qi2sc/s-l225.jpg,https://www.ebay.com/itm/298610288277?_skw=Charizard+ex+234+Paldean+Fates+Pokemon+card&hash=item45868f6695:g:ZuQAAeSwrd5qi2sc,2026-09-12T23:42:48.395762+00:00
D3-D4DA7E6B034F0B55,PRECISION_BLIND,3c75f577-62ee-4bdf-865c-ab2384f4379b,ecf458ed-ed92-4f04-bf27-1912d59bdbc0,Mega Charizard Y ex,Ascended Heroes,294,mega_hyper_rare,v1|800006066460|0,Mega Charizard Y ex 294/217 Gold Mega Hyper Rare Ascended Heroes Pokemon Card,,Ungraded,4000,[],"[""FIXED_PRICE"",""BEST_OFFER""]",1way_kicks,https://i.ebayimg.com/images/g/i5QAAeSwSzpqAjgm/s-l225.jpg,https://www.ebay.com/itm/800006066460?_skw=Mega+Charizard+Y+ex+294+Ascended+Heroes+Pokemon+card&hash=itemba4413d11c:g:i5QAAeSwSzpqAjgm,2026-09-12T23:42:48.395762+00:00
D3-DE06B02BC6158FEB,PRECISION_BLIND,147a436d-4ccc-43d1-b19a-20b74d2ff723,a86eb8d9-0e89-4e02-879a-d587dbfe0252,Carmine,Twilight Masquerade,217,special_illustration_rare,v1|377456942462|0,Pokemon TCG Carmine 217/167 SV06 Twilight Masquerade SIR Full Art Holo Eng,,Ungraded,4000,[],"[""FIXED_PRICE"",""BEST_OFFER""]",a-classtcg,https://i.ebayimg.com/images/g/iIEAAeSwVf1qk4eg/s-l225.jpg,https://www.ebay.com/itm/377456942462?_skw=Carmine+217+Twilight+Masquerade+Pokemon+card&hash=item57e22fdd7e:g:iIEAAeSwVf1qk4eg,2026-09-12T23:42:48.395762+00:00
D3-3817101FC9C8D37B,PRECISION_BLIND,d12a209b-06a3-4b46-82d3-a374e6bbe7b4,d0d523dc-3f95-4bbc-beb6-75b3d2a15cae,Grafaiai,Paldea Evolved,223,illustration_rare,v1|306407932583|0,Pokémon Pinched Layer Error Grafaiai SV Paldea Evolved 223/193 Illustration Rare,,Ungraded,4000,[],"[""FIXED_PRICE"",""BEST_OFFER""]",80kcardboard,https://i.ebayimg.com/images/g/PRIAAeSwnG5ofnax/s-l225.jpg,https://www.ebay.com/itm/306407932583?_skw=Grafaiai+223+Paldea+Evolved+Pokemon+card&hash=item47575602a7:g:PRIAAeSwnG5ofnax,2026-09-12T23:42:48.395762+00:00
D3-6C478159A1A4BD5A,PRECISION_BLIND,4299cd6b-98e3-4e65-865f-26a39b19fe5b,041717c6-a2b6-40d1-867a-b1abb1d65ec8,Durant ex,Surging Sparks,236,special_illustration_rare,v1|407189175943|0,Durant ex Holo Special Illustration Rare SV08: Surging Sparks 236/191 NM,,Ungraded,4000,[],"[""FIXED_PRICE""]",abespokeporch,https://i.ebayimg.com/images/g/RUEAAeSw5rdqmN~d/s-l225.jpg,https://www.ebay.com/itm/407189175943?_skw=Durant+ex+236+Surging+Sparks+Pokemon+card&hash=item5ece5dbe87:g:RUEAAeSw5rdqmN~d,2026-09-12T23:42:48.395762+00:00
D3-BBDFA63A753A3558,PRECISION_BLIND,152906c9-3b9f-4f16-bb22-cb4241c7386b,20ddd5ca-77ef-4e3c-a018-ea4c7a44913a,Giovanni's Charisma,Scarlet and Violet 151,204,special_illustration_rare,v1|800549029228|0,Giovanni's Charisma 204/165 Sv: Scarlet & Violet 151 Holo,,Ungraded,4000,[],"[""FIXED_PRICE"",""BEST_OFFER""]",540cardhaven,https://i.ebayimg.com/images/g/y0QAAeSwau1qiegB/s-l225.jpg,https://www.ebay.com/itm/800549029228?_skw=Giovanni%27s+Charisma+204+Scarlet+and+Violet+151+Pokemon+card&hash=itemba6470c56c:g:y0QAAeSwau1qiegB&amdata=enc%3AAQALAAABIACCtXRWQnOEpyOqnQQ8KGYLrYdtpL4leMIl877yFs6MAyqUIUDBJn%2BhCAhGe%2BVESvMX%2B7q3Rcg%2Bs5QTdTGdBCYfLo9sQirqKZwDL2CBFqCDj4ukV%2FuiYpIWbGEUGnmiDtq%2BUL0Hc81p6rX%2BenUdPNiByBuQNqUrBiazSiWEhphNyGMwCw%2BPVRs%2BgN1RHgkREXHYZ8%2B%2FNt1QeKXohmbZ34pFPbdUGO92W3Gshug9wbjnr01p09C%2BKTunVj4giOinFcgdBi4KSrr3C8e6jUAGdKkWmG%2FrMjakvDI8e99E1BNN02VQQceUOO9pLVMx3OSwaZwWCFNKtFyV28tvaBNBgvT%2BSkUhG2g1On348rLzemLSDzIjAv7HyD9NquPDqzyFFw%3D%3D,2026-09-12T23:42:48.395762+00:00
D3-ECE6A0317F27E4BE,PRECISION_BLIND,64c0404b-826f-493d-9c10-738b2b56eca4,9f6c24f7-6a76-471f-ad81-d3901c5e9088,Mega Audino ex,Ascended Heroes,253,ultra_rare,v1|820054156737|0,Mega Audino ex 253/217 Me: Ascended Heroes Holo,,Ungraded,4000,[],"[""FIXED_PRICE"",""BEST_OFFER""]",906collectables,https://i.ebayimg.com/images/g/vtEAAeSw8D1qQHXc/s-l225.jpg,https://www.ebay.com/itm/820054156737?_skw=Mega+Audino+ex+253+Ascended+Heroes+Pokemon+card&hash=itembeef0965c1:g:vtEAAeSw8D1qQHXc,2026-09-12T23:42:48.395762+00:00
D3-F0739573E72EB9EC,PRECISION_BLIND,5576e4b9-4873-40fa-84c4-da9f28cec096,8614b6c4-8840-4b33-9908-4ded064f570f,Gulpin,Stellar Crown,154,illustration_rare,v1|820087556467|0,2024 POKEMON STELLAR CROWN #154/142 GULPIN ILLUSTRATION RARE,,Ungraded,4000,[],"[""AUCTION""]",4_sharp_corners_raw,https://i.ebayimg.com/images/g/3kYAAeSwG~dqmwMh/s-l225.jpg,https://www.ebay.com/itm/820087556467?_skw=Gulpin+154+Stellar+Crown+Pokemon+card&hash=itembef1070973:g:3kYAAeSwG~dqmwMh,2026-09-12T23:42:48.395762+00:00
D3-1A75BCBFD522A221,PRECISION_BLIND,0331d96e-d8af-44d3-9552-85f784d9b4ca,720c16f5-5c19-43bc-a711-0ea9e8545aab,Trubbish,White Flare,140,illustration_rare,v1|178474838306|0,Trubbish 140/086 Sv: White Flare Holo,,Ungraded,4000,[],"[""FIXED_PRICE""]",antr-8675,https://i.ebayimg.com/images/g/SXoAAeSwwtFqnhiE/s-l225.jpg,https://www.ebay.com/itm/178474838306?_skw=Trubbish+140+White+Flare+Pokemon+card&hash=item298dede922:g:SXoAAeSwwtFqnhiE,2026-09-12T23:42:48.395762+00:00
D3-D86951982BA2CF89,PRECISION_BLIND,a6969678-b361-4b27-bee3-e3cdc127a5e4,bb6ebfa8-886c-4b5c-822a-7431870bb339,Dragapult ex,Prismatic Evolutions,165,special_illustration_rare,v1|257732096108|0,"Dragapult ex 165/131 Prismatic Evolutions Holo SIR-Near Mint, great centering",,Ungraded,4000,[],"[""FIXED_PRICE""]",5_star_cards,https://i.ebayimg.com/images/g/NOMAAeSwxoJqoIaW/s-l225.jpg,https://www.ebay.com/itm/257732096108?_skw=Dragapult+ex+165+Prismatic+Evolutions+Pokemon+card&hash=item3c0207b06c:g:NOMAAeSwxoJqoIaW,2026-09-12T23:42:48.395762+00:00
D3-C2D402BB7B40833B,PRECISION_BLIND,f01e01fe-17e4-48b7-8ba3-9a88f876acd4,7c3e24f9-be0e-4de8-86fc-9fb913792294,Meowth,Phantasmal Flames,106,illustration_rare,v1|147419028840|0,Meowth 106/094 Illustration Rare Phantasmal Flames Pokemon Holo Near Mint,,Ungraded,4000,[],"[""FIXED_PRICE""]",404zardnotfound,https://i.ebayimg.com/images/g/Nb8AAeSwQUtqSx7g/s-l225.jpg,https://www.ebay.com/itm/147419028840?_skw=Meowth+106+Phantasmal+Flames+Pokemon+card&hash=item2252dbdd68:g:Nb8AAeSwQUtqSx7g,2026-09-12T23:42:48.395762+00:00
D3-698F830BCB6D312B,PRECISION_BLIND,0b81872e-b089-49e9-aec3-16a535b12efb,0057b67c-a140-400c-b308-2a6d046cb043,Haxorus,Black Bolt,147,illustration_rare,v1|267779864142|0,Haxorus 147/086 Sv: Black Bolt Holo-Near Mint,,Ungraded,4000,[],"[""FIXED_PRICE""]",5_star_cards,https://i.ebayimg.com/images/g/D1kAAeSwyYNqoILj/s-l225.jpg,https://www.ebay.com/itm/267779864142?_skw=Haxorus+147+Black+Bolt+Pokemon+card&hash=item3e58ec764e:g:D1kAAeSwyYNqoILj,2026-09-12T23:42:48.395762+00:00
D3-F6CA30CE6B2FEBA8,PRECISION_BLIND,3755e7ef-e482-4186-8377-e717f80b3759,aa88bdd2-2ebe-4f9b-b53b-ab077c63f98c,Secret Box,Twilight Masquerade,163,ace_spec,v1|178478284332|0,SECRET BOX 163/167 ACE SPEC TWILIGHT MASQUERADE POKEMON HOLO NM/M HOLO,,Ungraded,4000,[],"[""FIXED_PRICE"",""BEST_OFFER""]",2sick_tcg,https://i.ebayimg.com/images/g/DLcAAeSwNdtqn66V/s-l225.jpg,https://www.ebay.com/itm/178478284332?_skw=Secret+Box+163+Twilight+Masquerade+Pokemon+card&hash=item298e227e2c:g:DLcAAeSwNdtqn66V,2026-09-12T23:42:48.395762+00:00
D3-377FD73C8F73DC1E,PRECISION_BLIND,15faf94c-4a3b-4f09-a867-f2ded1174419,98ab7334-59cd-47fa-b778-f6526e5e1276,Veluza,Paradox Rift,192,illustration_rare,v1|198634331001|0,Veluza - 192/182 - Paradox Rift - Pokemon TCG Card NM Illustration Rare IR,,Ungraded,4000,[],"[""FIXED_PRICE"",""BEST_OFFER""]",28083003,https://i.ebayimg.com/images/g/5hoAAeSwdt5qo~rZ/s-l225.jpg,https://www.ebay.com/itm/198634331001?_skw=Veluza+192+Paradox+Rift+Pokemon+card&hash=item2e3f875b79:g:5hoAAeSwdt5qo~rZ,2026-09-12T23:42:48.395762+00:00
D3-D88E7FB701333D72,PRECISION_BLIND,605a2c1a-6a14-463e-b1e2-b55cd9c16244,14ea6011-0e3d-4eff-ac53-6b13e2976a71,Krookodile,Black Bolt,137,illustration_rare,v1|206548434903|0,Krookodile 137/086 Sv: Black Bolt Illustration Rare Holo Pokémon TCG Card,,Ungraded,4000,[],"[""FIXED_PRICE"",""BEST_OFFER""]",ahalliday,https://i.ebayimg.com/images/g/ZzwAAeSwfJZqorQ6/s-l225.jpg,https://www.ebay.com/itm/206548434903?_skw=Krookodile+137+Black+Bolt+Pokemon+card&hash=item30173effd7:g:ZzwAAeSwfJZqorQ6,2026-09-12T23:42:48.395762+00:00
D3-ADBF88F249BB7532,PRECISION_BLIND,77b44a76-26f7-4fa0-a548-c29870a7bb68,63f84d31-df83-456f-bd4c-e59b7e2ba541,Crustle,Paradox Rift,183,illustration_rare,v1|167635761947|0,Crustle 183/182 Illustration Rare Pokemon Card TCG 2023 S&V Paradox Rift NM+,,Ungraded,4000,[],"[""FIXED_PRICE"",""BEST_OFFER""]",afuriousmeloncollection,https://i.ebayimg.com/images/g/oQgAAeSw4oZobWNs/s-l225.jpg,https://www.ebay.com/itm/167635761947?_skw=Crustle+183+Paradox+Rift+Pokemon+card&hash=item2707debb1b:g:oQgAAeSw4oZobWNs&amdata=enc%3AAQALAAABAACCtXRWQnOEpyOqnQQ8KGZ9YZ%2BJEBA49wJmfVWkBU%2FYyeDMMVS5aw0L%2F7gMDwelN2cc4ypNxsmlaQYKNeqANKk6X%2BT5Zij3%2BoPKJ6Q9WCV6UG160qQB7rr1h4uPfboUCmQjV7yl7%2FQVRoZfyKwJ1Lr57B2alKrBFcv6P2qurXzL%2FnKMZPIJl9A83eSTKeZ8OTEL1RKZly61jHybMApjDKL8w8HIpNu7la7YRYNnEiKQkEmtu4x26DTgxOEqkf%2BRY74esENv6ZfO39Ge6qqoXbiw2lqus7KilJYwyYa5H5yGOj0q%2BKjBA%2FHQIBXdoHMhOvKU1L7rrPW%2B8jwuZfkOOkw%3D,2026-09-12T23:42:48.395762+00:00
D3-3997666AD6253330,PRECISION_BLIND,bf928dd7-24bc-4e16-bb5e-afb8122c3241,311abf3f-15cb-4cb8-995f-1937555c4bdd,Fidough,Scarlet and Violet Base Set,213,illustration_rare,v1|137273948068|0,Fidough 213/198 SV01: Scarlet & Violet Base Set Holo,,Ungraded,4000,[],"[""FIXED_PRICE"",""BEST_OFFER""]",ajericson2012,https://i.ebayimg.com/images/g/DYsAAeSwTpVp9Xdh/s-l225.jpg,https://www.ebay.com/itm/137273948068?_skw=Fidough+213+Scarlet+and+Violet+Base+Set+Pokemon+card&hash=item1ff62a37a4:g:DYsAAeSwTpVp9Xdh,2026-09-12T23:42:48.395762+00:00
D3-23FD60E8DF75F67C,PRECISION_BLIND,829b12ba-c7f5-4796-9a57-a2a2463c8461,0fc5990b-19e3-4716-b616-b221acc480a6,Houndour,Obsidian Flames,204,illustration_rare,v1|298385794062|0,Houndour 204/197 SV03: Obsidian Flames Holo,,Ungraded,4000,[],"[""FIXED_PRICE""]",6chast,https://i.ebayimg.com/images/g/vEcAAeSwOnVqIhmZ/s-l225.jpg,https://www.ebay.com/itm/298385794062?_skw=Houndour+204+Obsidian+Flames+Pokemon+card&hash=item45792de40e:g:vEcAAeSwOnVqIhmZ,2026-09-12T23:42:48.395762+00:00
D3-E8FB79DE89E8246E,PRECISION_BLIND,10a47631-ea19-4b62-8a93-4b1b3e6b3013,780a248c-87ff-4879-955c-3d6bea287aca,Lt. Surge's Bargain,Mega Evolution,185,special_illustration_rare,v1|377270020145|0,Pokémon TCG Lt. Surge's Bargain 185/132 Mega Evolutions SIR Holo Full Art,,Ungraded,4000,[],"[""FIXED_PRICE"",""BEST_OFFER""]",912packpulls,https://i.ebayimg.com/images/g/DFQAAeSwFU1qMgMY/s-l225.jpg,https://www.ebay.com/itm/377270020145?_skw=Lt.+Surge%27s+Bargain+185+Mega+Evolution+Pokemon+card&hash=item57d70ba831:g:DFQAAeSwFU1qMgMY,2026-09-12T23:42:48.395762+00:00
D3-DF93A7AD1128CEDB,PRECISION_BLIND,a922341e-4646-470b-95cf-2a59055b18ce,2bf9f356-230d-42e8-99e7-0b10161b9392,Spidops ex,Scarlet and Violet Base Set,243,special_illustration_rare,v1|820048591375|0,Pokemon Spidops ex 243/198 SV01 Scarlet & Violet SIR Full Art Holo English,,Ungraded,4000,[],"[""FIXED_PRICE"",""BEST_OFFER""]",am_6218,https://i.ebayimg.com/images/g/FY8AAeSwU7xqajBD/s-l225.jpg,https://www.ebay.com/itm/820048591375?_skw=Spidops+ex+243+Scarlet+and+Violet+Base+Set+Pokemon+card&hash=itembeeeb47a0f:g:FY8AAeSwU7xqajBD&amdata=enc%3AAQALAAABEACCtXRWQnOEpyOqnQQ8KGb8vfx8yBGFsdnt3Dg5DxJKg4Hhe1ndA1PCcBRbmnr5XvWVTb%2BtmWEfWNAntEIYMCCcbTeVPtw6hfh4R6Gt2Lww8%2FNsHQxbe9o0vc5Oghoxxduf0OIHKI5LF1s4gtXJsgHI32HKDAQ4sp7%2BaLj2lXbT%2BHbPFFL55mrsmvhBY36D8fCrWzhV49vB%2FiAYTDxNivwCru%2BL%2BTOZ12NNB%2FGIwB620BkjECg%2Bd9QYIxy4f7JkNeXKE6X4scRJbU4L%2BCn1FcArfwg13nJCeH8baEgtdrCEnajcfIKM%2FmGi%2BqsaSVsiBziaeVWb%2FnAYT10tLGaIn0Vx6uNnEstQ5VB77oVd96v%2F,2026-09-12T23:42:48.395762+00:00
D3-B1B3C81AD1CCC2AE,PRECISION_BLIND,7b00ea04-5c2a-4172-8025-afba48ddacb3,94d01e3d-09de-4d04-a0d8-1f36a5cfe684,Cresselia,Shrouded Fable,71,illustration_rare,v1|398166244690|0,Cresselia Shrouded Fable Illustration Rare 071/064 Pokemon TCG *B4,,Ungraded,4000,[],"[""FIXED_PRICE""]",adjnor,https://i.ebayimg.com/images/g/N4wAAeSwQ6JqU1bA/s-l225.jpg,https://www.ebay.com/itm/398166244690?_skw=Cresselia+71+Shrouded+Fable+Pokemon+card&hash=item5cb48ebd52:g:N4wAAeSwQ6JqU1bA&amdata=enc%3AAQALAAABAACCtXRWQnOEpyOqnQQ8KGYpsbXBFoxf7Djg33goLY5k59ZvVHYXxOL2u5%2BdR67%2FZLey7E%2Bogl8ARJksg220cZKoSDO1hQassDO4%2BOh8Yx1g5w4lAtYu3GbMhh%2BYsAlPdkM61EDv82MkswSqXXWnb6S%2BgHjkogo999l2eMNLIXmmqhgZ0ulx89KZTo8s2qmXDSlE0yxH3DdsnEpHj02OR1KkT1R%2FUWh%2FoHaGUK45SCxmtK7VC656iiEjlXm4YAy29vrjb5bvEUdD1zcBwzkYRIe8mFs2QeFyq5WMKCOvc%2FxKX2g6IonDZWMQR5ZZPhPnb14f9%2B7%2FnmJp9O5vW528CU0%3D,2026-09-12T23:42:48.395762+00:00
D3-79E7B7DAC4903B42,PRECISION_BLIND,a3d56338-1f3f-4b99-8920-5d71b8b85737,66f1f173-3a34-44b4-95a3-d0031fa9d3ee,Pikachu ex,Surging Sparks,247,hyper_rare_gold,v1|366083710622|0,Pikachu ex 247/191 Sv08: Surging Sparks Holo,,Ungraded,4000,[],"[""FIXED_PRICE"",""BEST_OFFER""]",415jhe_17,https://i.ebayimg.com/images/g/W8sAAeSwW~dpT0CG/s-l225.jpg,https://www.ebay.com/itm/366083710622?_skw=Pikachu+ex+247+Surging+Sparks+Pokemon+card&hash=item553c4a1e9e:g:W8sAAeSwW~dpT0CG&amdata=enc%3AAQALAAABEACCtXRWQnOEpyOqnQQ8KGaG%2B3qQvNGIc6z6BkFpoSWObq0YAMLc1wsAMWoEZ3h39bOL1SwCD%2BxLOglHpaNCoil8oK0z%2B9nokQpOqms4wexmtbwpbU%2BIyu80ezSxiPt6mYq%2BWPHzlyo30Dz%2FmSzBosGud7NO1SoWB1%2FuUQrdBJTE88zb9JfyaBZoa6FZqmKGgW2EQJQfVSDDTcrRKAHRKfqkDUzT4raffBKrUT9VbJTU1mh9TtNPXJW7ALiaNWGGwDtaKOuATaGsLcVmqCHZlqS6gIHzUFKQUzgMcdOSYVvV1OnMCY1jsyHkxxQBPDbPeNZpxj2hSRRHmAhpr%2FBSbMIQ%2B%2BflmDCLAU83oA2qlGuK,2026-09-12T23:42:48.395762+00:00
D3-1DCAB4CF5662CAE8,PRECISION_BLIND,cc59d868-d0e5-4557-9423-3f9b7c9d2591,04f90621-b7cb-49bf-b962-8ba0790d6e62,Team Rocket's Giovanni,Destined Rivals,238,special_illustration_rare,v1|398077317762|0,Team Rocket's Giovanni 238/182 Sir Destined Rivals,,Ungraded,4000,[],"[""FIXED_PRICE"",""BEST_OFFER""]",albdeh83,https://i.ebayimg.com/images/g/Q8MAAeSw9XdqMyO5/s-l225.jpg,https://www.ebay.com/itm/398077317762?_skw=Team+Rocket%27s+Giovanni+238+Destined+Rivals+Pokemon+card&hash=item5caf41d282:g:Q8MAAeSw9XdqMyO5,2026-09-12T23:42:48.395762+00:00
D3-ADD491A23A195EBA,PRECISION_BLIND,018c983e-b1d0-41df-880e-ebf3f2e2fb12,4eb8f140-a9c3-41c4-85aa-c2f6b7131746,Penny,Scarlet and Violet Base Set,252,special_illustration_rare,v1|358545184481|0,Pokémon TCG Scarlet & Violet Base Set Penny Card 252/198 NM Condition,,Ungraded,4000,[],"[""FIXED_PRICE"",""BEST_OFFER""]",8oo81e5,https://i.ebayimg.com/images/g/RPMAAeSwNBlqAizv/s-l225.jpg,https://www.ebay.com/itm/358545184481?_skw=Penny+252+Scarlet+and+Violet+Base+Set+Pokemon+card&hash=item537af556e1:g:RPMAAeSwNBlqAizv,2026-09-12T23:42:48.395762+00:00
D3-CF9C1DE4241031F5,PRECISION_BLIND,9f323989-e972-4a9e-9e7b-3166e85d0690,0f3466bf-92b1-4d3d-913b-181fcec68996,Mega Feraligatr ex,Ascended Heroes,274,special_illustration_rare,v1|407119838630|0,Mega Feraligatr ex-274/217-ME: Ascended Heroes-Near Mint-Special Illustration,,Ungraded,4000,[],"[""FIXED_PRICE"",""BEST_OFFER""]",alnied-0,https://i.ebayimg.com/images/g/Bo0AAeSwrndqcfHy/s-l225.jpg,https://www.ebay.com/itm/407119838630?_skw=Mega+Feraligatr+ex+274+Ascended+Heroes+Pokemon+card&hash=item5eca3bbda6:g:Bo0AAeSwrndqcfHy,2026-09-12T23:42:48.395762+00:00
D3-BA327E517BF510AD,PRECISION_BLIND,0dde3317-5162-49d1-b5c9-6b206a086d2c,7a7c3304-cc14-4aab-9f7b-b88270d4228c,Tinkatuff,Paldean Fates,166,shiny_rare,v1|366665351154|0,Tinkatuff 166/091 SV: Paldean Fates Holo,,Ungraded,4000,[],"[""AUCTION""]",ad_985987,https://i.ebayimg.com/images/g/CvMAAeSwqn9qiix1/s-l225.jpg,https://www.ebay.com/itm/366665351154?_skw=Tinkatuff+166+Paldean+Fates+Pokemon+card&hash=item555ef53ff2:g:CvMAAeSwqn9qiix1,2026-09-12T23:42:48.395762+00:00
D3-D782FF02D17679DD,PRECISION_BLIND,53466d2d-94fd-4230-9505-694297a9030d,3451abaf-acc7-41aa-a60c-25f24b7ac07f,Perrin,Twilight Masquerade,220,special_illustration_rare,v1|236966666305|0,Pokemon TCG Perrin Trainer Sv06 Twilight Masquerade 220/167 Full Art Holo SIR EN,,Ungraded,4000,[],"[""FIXED_PRICE"",""BEST_OFFER""]",bpatrips,https://i.ebayimg.com/images/g/TicAAeSwrndqZ495/s-l225.jpg,https://www.ebay.com/itm/236966666305?_skw=Perrin+220+Twilight+Masquerade+Pokemon+card&hash=item372c506041:g:TicAAeSwrndqZ495,2026-09-12T23:42:48.395762+00:00
D3-49755071C43AA219,PRECISION_BLIND,3b5294d0-4738-4296-952e-f32b2788e3c4,10ab9aee-5f8c-4938-aec5-aa4a4314f745,Sunflora,Twilight Masquerade,169,illustration_rare,v1|237036783237|0,Sunflora SV06: Twilight Masquerade 169/167 Illustration Rare NM,,Ungraded,4000,[],"[""FIXED_PRICE"",""BEST_OFFER""]",916_tcg,https://i.ebayimg.com/images/g/2CAAAeSwMcdqkopD/s-l225.jpg,https://www.ebay.com/itm/237036783237?_skw=Sunflora+169+Twilight+Masquerade+Pokemon+card&hash=item37307e4685:g:2CAAAeSwMcdqkopD,2026-09-12T23:42:48.395762+00:00
D3-729DFC3FB1D47EA6,PRECISION_BLIND,209f02db-d953-4dde-bbd6-0822671fe1d1,eb38e2d2-2e6a-41e2-939d-335c8a5e50d1,Oshawott,White Flare,105,illustration_rare,v1|178428735581|0,Oshawott Illustration Rare Water Holo SV White Flare #105/086 Pokémon TCG,,Ungraded,4000,[],"[""FIXED_PRICE"",""BEST_OFFER""]",allatcollectables,https://i.ebayimg.com/images/g/FxEAAeSwjFZqh9MK/s-l225.jpg,https://www.ebay.com/itm/178428735581?_skw=Oshawott+105+White+Flare+Pokemon+card&hash=item298b2e705d:g:FxEAAeSwjFZqh9MK,2026-09-12T23:42:48.395762+00:00
D3-80EDC71378892763,PRECISION_BLIND,2c445258-b198-43de-b710-0921ebe3f0ab,4411dcaa-280b-4355-bc49-f27c3f6580f2,Pikachu ex,Ascended Heroes,277,special_illustration_rare,v1|188723310958|0,Pikachu ex 277/217 - Ascended Heroes - Special Illustration Rare - Pokemon,,Ungraded,4000,[],"[""FIXED_PRICE""]",amfg1991,https://i.ebayimg.com/images/g/UWIAAeSwrFJqbPvX/s-l225.jpg,https://www.ebay.com/itm/188723310958?_skw=Pikachu+ex+277+Ascended+Heroes+Pokemon+card&hash=item2bf0c9316e:g:UWIAAeSwrFJqbPvX,2026-09-12T23:42:48.395762+00:00
D3-67961204E89CCD5F,PRECISION_BLIND,24f40ecd-605f-4d62-b748-afed33706583,bd1bb49f-f0e6-4441-a2cd-648e3ccf4a4c,Emboar,White Flare,98,illustration_rare,v1|168639406038|0,Emboar 098/086 Holo Illustration Rare White Flare Pokemon,,Ungraded,4000,[],"[""FIXED_PRICE""]",jcraigtcg,https://i.ebayimg.com/images/g/AjcAAeSwTgpqjizk/s-l225.jpg,https://www.ebay.com/itm/168639406038?_skw=Emboar+98+White+Flare+Pokemon+card&hash=item2743b11fd6:g:AjcAAeSwTgpqjizk,2026-09-12T23:42:48.395762+00:00
D3-8F76B485D21CFCC3,PRECISION_BLIND,3baf2f12-759f-427a-b8d0-2511e639310f,886acc91-d523-4628-bb4a-6ef8db1d8543,Mega Gardevoir ex,Mega Evolution,187,mega_hyper_rare,v1|177664427097|0,Pokemon Mega Evolutions Mega Gardevoir EX 187/132 Mega Hyper Rare Gold English,,Ungraded,4000,[],"[""FIXED_PRICE"",""BEST_OFFER""]",57zx6-84,https://i.ebayimg.com/images/g/3-8AAeSwqOJpOb0z/s-l225.jpg,https://www.ebay.com/itm/177664427097?_skw=Mega+Gardevoir+ex+187+Mega+Evolution+Pokemon+card&hash=item295da00459:g:3-8AAeSwqOJpOb0z,2026-09-12T23:42:48.395762+00:00
D3-293A0DF98B07D8CA,PRECISION_BLIND,31566cbb-0eeb-499e-aa6d-b9b0bd85fc8b,fc81462a-2c3e-4b7a-a7be-ad7f88d98ace,Mega Greninja ex,Chaos Rising,122,mega_hyper_rare,v1|318698358284|0,GOLD Mega Greninja ex 122/086 Chaos Rising Pokémon 2026 Mega Hyper Rare,,Ungraded,4000,[],"[""FIXED_PRICE""]",aan_collect,https://i.ebayimg.com/images/g/xucAAeSwWXtqd1sd/s-l225.jpg,https://www.ebay.com/itm/318698358284?_skw=Mega+Greninja+ex+122+Chaos+Rising+Pokemon+card&hash=item4a33e7060c:g:xucAAeSwWXtqd1sd,2026-09-12T23:42:48.395762+00:00
D3-70D6A035CC7D48C9,PRECISION_BLIND,d4ff3ebb-7e40-4a36-88e6-f07af2977641,1424e3da-f59e-47f2-8310-dfad3baf354b,Zekrom ex,Black Bolt,166,special_illustration_rare,v1|278331109538|0,Pokemon TCG Zekrom ex SIR Full Art Holo 166/086 Sv: Black Bolt EN 230HP,,Ungraded,4000,[],"[""FIXED_PRICE""]",alohapanda,https://i.ebayimg.com/images/g/DTkAAeSwMk1qlkuh/s-l225.jpg,https://www.ebay.com/itm/278331109538?_skw=Zekrom+ex+166+Black+Bolt+Pokemon+card&hash=item40cdd3b0a2:g:DTkAAeSwMk1qlkuh,2026-09-12T23:42:48.395762+00:00
D3-805573C258AB0374,PRECISION_BLIND,b547c5c3-7082-4a7f-9290-3d569b91b462,2c272732-fdb3-4639-aa6b-ea9fa3ad9c24,Team Rocket's Giovanni,Destined Rivals,225,ultra_rare,v1|178457674984|0,Team Rocket's Giovanni 225/182 Sv10: Destined Rivals Holo Full Art,,Ungraded,4000,[],"[""FIXED_PRICE"",""BEST_OFFER""]",aguabender,https://i.ebayimg.com/images/g/dDMAAeSw02JqlmCP/s-l225.jpg,https://www.ebay.com/itm/178457674984?_skw=Team+Rocket%27s+Giovanni+225+Destined+Rivals+Pokemon+card&hash=item298ce804e8:g:dDMAAeSw02JqlmCP,2026-09-12T23:42:48.395762+00:00
D3-8B99BA07AA64A44F,PRECISION_BLIND,23d6bd35-bbf0-49b2-911e-4949e66ff8bb,9326d67b-4017-4430-ac3c-bae6eb088be7,Pachirisu,Paldean Fates,138,shiny_rare,v1|820027518783|0,Pachirisu 138/091 Shiny Rare Paldean Fates Pokemon ,,Ungraded,4000,[],"[""FIXED_PRICE""]",aplusattire,https://i.ebayimg.com/images/g/JeIAAeSwNRJqhyQ9/s-l225.jpg,https://www.ebay.com/itm/820027518783?_skw=Pachirisu+138+Paldean+Fates+Pokemon+card&hash=itembeed72ef3f:g:JeIAAeSwNRJqhyQ9,2026-09-12T23:42:48.395762+00:00
D3-BABF579EB7C4C565,PRECISION_BLIND,e26de7b7-434e-4bec-8fc2-fb15b971b1a7,44b0372c-396d-43e9-84bb-afad2d04128f,Jamming Tower,Ascended Heroes,261,ultra_rare,v1|168484670982|0,Pokemon TCG - jamming Tower Trainer card - 261/217 - Ascended Heroes - NM,,Ungraded,4000,[],"[""FIXED_PRICE""]",aidenhaggar91,https://i.ebayimg.com/images/g/21MAAeSwBsFqOl2-/s-l225.jpg,https://www.ebay.com/itm/168484670982?_skw=Jamming+Tower+261+Ascended+Heroes+Pokemon+card&hash=item273a780e06:g:21MAAeSwBsFqOl2-&amdata=enc%3AAQALAAABEACCtXRWQnOEpyOqnQQ8KGZPY73VOGxExzGuH9pZPZBHfjz19ZW7z6%2BRCUuPSl%2FHG8FwKeR4cYfXdxVz3DXrG1p0omXCaPwMKKd5cP4rEop%2FDnFwQ37yYOh5dAx3%2FhVeHWVuPUBuepmK5GoDEvvSJyDKtp%2Bz6%2FZnDb48df3Y1tsAgL2WGETmabmvkJA1enxwvmukFZH%2BvxsX63%2B1Sbcc6f%2F%2BT2LU6SM%2BHigF0QYZs31%2Fd9%2BcoRDqlY1eAURkhUlqd1D9AqLVw%2F6Y1jtpc56pQsT843n7gkq635IOQtdVEZqHEV8k9kpuld7kafm2H%2FkfwpE67xtztK7J3D%2FhbFlC7%2BCIEW6kEb%2FHw0kilgBrTbRE,2026-09-12T23:42:48.395762+00:00
D3-B250B8B9A9EA3692,PRECISION_BLIND,75720435-3807-46b6-b3da-5e1c53b77822,9ad0c133-f133-45ab-9b3f-494199354e20,Mega Darkrai ex,Pitch Black,116,special_illustration_rare,v1|800643200477|0,Pokemon TCG Mega Darkrai ex 116/84 Special Illustration Rare Pitch Black,,Ungraded,4000,[],"[""AUCTION""]",1uanstore,https://i.ebayimg.com/images/g/UzoAAeSw~6dqoz-F/s-l225.jpg,https://www.ebay.com/itm/800643200477?_skw=Mega+Darkrai+ex+116+Pitch+Black+Pokemon+card&hash=itemba6a0db5dd:g:UzoAAeSw~6dqoz-F,2026-09-12T23:42:48.395762+00:00
D3-7672A80C8D0F1B81,PRECISION_BLIND,7f065a2b-5cab-45c8-8fd8-96d4c07c4ee8,3805ddb2-e4cd-40b3-8a52-82398effa130,Canari,Ascended Heroes,291,special_illustration_rare,v1|188759160897|0,Canari 291/217 Me: Ascended Heroes Holo,,Ungraded,4000,[],"[""FIXED_PRICE"",""BEST_OFFER""]",a_wee2,https://i.ebayimg.com/images/g/3UkAAeSwdSZqdl3f/s-l225.jpg,https://www.ebay.com/itm/188759160897?_skw=Canari+291+Ascended+Heroes+Pokemon+card&hash=item2bf2ec3841:g:3UkAAeSwdSZqdl3f&amdata=enc%3AAQALAAABAACCtXRWQnOEpyOqnQQ8KGazTUiRol0iXzEvrRKIWrhkjCbDldwzg5enLDy%2BeeK0ajqHvjZZVeqJCQcfyOjlJoV%2FjnhZU2Eny7lz2ZWTJmsNS9GFDiNaVytHP5%2BgcGiNDBGnXMRgZPvskw37whc346RPnsSBHxem8rWEa53kMl%2BXDA%2BA5Wtrf4x4kbFmkGR5o8P6Ox0tiudkGfjNPOAAOdaYZc%2FqNu5Ws06x8pqyxiFPOZL57MF87HYevJr6BLpNIi9jE0M3PyZ8YlAD8Mo%2BYOHydxucfAILIpv6wn5YKUt3SxNw9VASwVvfgkHVRuXiwMN39AhfbL9MYvWLrhiSRj4%3D,2026-09-12T23:42:48.395762+00:00
D3-91AC8142053C3908,PRECISION_BLIND,966bcb61-bf43-4cd7-8287-42f4bb9fa76d,9d636c4c-055f-4e85-b5ef-64675007d904,Leafeon ex,Prismatic Evolutions,144,special_illustration_rare,v1|800554061925|0,Pokémon Leafeon ex 144/131 Prismatic Evolutions Special Illustration Rare Holo …,,Ungraded,4000,[],"[""FIXED_PRICE"",""BEST_OFFER""]",6redrover6,https://i.ebayimg.com/images/g/9CgAAeSw5Rdqi8WZ/s-l225.jpg,https://www.ebay.com/itm/800554061925?_skw=Leafeon+ex+144+Prismatic+Evolutions+Pokemon+card&hash=itemba64bd9065:g:9CgAAeSw5Rdqi8WZ,2026-09-12T23:42:48.395762+00:00
D3-FDD01919710EC29E,PRECISION_BLIND,6a980108-6683-4461-ac9a-c81a27326dee,129a7668-0ba7-4f77-8585-3847e6c3d342,Team Rocket's Mewtwo ex,Destined Rivals,231,special_illustration_rare,v1|336781836900|0,Team Rocket's Mewtwo ex 231/182 Destined Rivals Holo EN 280,,Ungraded,4000,[],"[""FIXED_PRICE""]",208pokemon,https://i.ebayimg.com/images/g/XiIAAeSwhq5qnZSv/s-l225.jpg,https://www.ebay.com/itm/336781836900?_skw=Team+Rocket%27s+Mewtwo+ex+231+Destined+Rivals+Pokemon+card&hash=item4e69c30264:g:XiIAAeSwhq5qnZSv,2026-09-12T23:42:48.395762+00:00
D3-C37DEA01187A9DC7,PRECISION_BLIND,828c0d0d-2ede-4bab-bed4-407cd3cf8662,06c45a41-2b44-401a-9703-5c9952f2580f,Mega Gengar ex,Ascended Heroes,284,special_illustration_rare,v1|298602087431|0,Mega Gengar EX 284/217 SIR Special Illustration Rare Ascended Heroes (18),,Ungraded,4000,[],"[""FIXED_PRICE"",""BEST_OFFER""]",1upgamesga,https://i.ebayimg.com/images/g/sTAAAeSw5B5qhf0N/s-l225.jpg,https://www.ebay.com/itm/298602087431?_skw=Mega+Gengar+ex+284+Ascended+Heroes+Pokemon+card&hash=item4586124407:g:sTAAAeSw5B5qhf0N,2026-09-12T23:42:48.395762+00:00
D3-7E724757B05B9404,PRECISION_BLIND,97165c7e-1d85-4962-807e-5661c2115d7d,b592d276-ceb3-4a5e-90d5-d759808b7da3,Furret,Journey Together,168,illustration_rare,v1|407158836176|0,Pokemon TCG Furret 168/159 Illustration Rare - Journey Together Near Mint Card ,,Ungraded,4000,[],"[""FIXED_PRICE"",""BEST_OFFER""]",321trades,https://i.ebayimg.com/images/g/5nAAAeSwo8Jqhxj~/s-l225.jpg,https://www.ebay.com/itm/407158836176?_skw=Furret+168+Journey+Together+Pokemon+card&hash=item5ecc8ecbd0:g:5nAAAeSwo8Jqhxj~,2026-09-12T23:42:48.395762+00:00
D3-DE2EA1C493E32FB9,PRECISION_BLIND,25638dbd-2434-4a4f-ba0d-dcf3e3e114ca,b3f17a3e-c2cb-447e-8873-c5970a4372c9,Clemont's Quick Wit,Surging Sparks,243,special_illustration_rare,v1|157302605648|0,Clemont's Quick Wit - 243 SV08: Surging S #243 (2024) SIR Holo NM Pokemon,,Ungraded,4000,[],"[""FIXED_PRICE""]",acornpokemart,https://i.ebayimg.com/images/g/7QwAAeSw8xhovQPG/s-l225.jpg,https://www.ebay.com/itm/157302605648?_skw=Clemont%27s+Quick+Wit+243+Surging+Sparks+Pokemon+card&hash=item249ff74750:g:7QwAAeSw8xhovQPG,2026-09-12T23:42:48.395762+00:00
D3-5813925CC0CAE9ED,PRECISION_BLIND,fd225f1d-3765-4209-a5ec-42caf35933b0,92fdb409-1454-43ef-87ee-19095f700462,Team Rocket's Nidoking ex,Destined Rivals,233,special_illustration_rare,v1|237003546371|0,Team Rocket's Nidoking ex 233/182 Sv10: Destined Rivals Holo,,Ungraded,4000,[],"[""FIXED_PRICE""]",anthonypadilla19993,https://i.ebayimg.com/images/g/E0EAAeSwRQxqfc6M/s-l225.jpg,https://www.ebay.com/itm/237003546371?_skw=Team+Rocket%27s+Nidoking+ex+233+Destined+Rivals+Pokemon+card&hash=item372e831f03:g:E0EAAeSwRQxqfc6M&amdata=enc%3AAQALAAABIACCtXRWQnOEpyOqnQQ8KGZ6axKQEl1oE%2B3sKRVaXF8wS8nDQ6ncKBO8tnSjVEPLXDi4wJNuCrjyNAuDa0kelP2Y5YHej6tVmgfEFeDMQsvO916RiVsi5nA20aU17qeXFu0GeRrAUdzusn8b7k93E8v7fxVCqqdrkbke7b%2FY8ajqTCyXbq9Y8AtqLaQ51JQj72420U121io4zVRqcMkDLJ3z6xqtdUax8u4%2BjrAC%2BqBgZGzhniYjrFRr3t7wfaeWdG0brc2FFpfUXHOnH0084XHAyK5%2FWdgmDYMKPEBUvfLajyWq1TxrnLocED4oLX1eTqipSt4sGORJrFEdkSJLTQrpRNpVEr42W7k0NuKRFv%2BnS1m7QUsxj%2BW6ewEvodN3aQ%3D%3D,2026-09-12T23:42:48.395762+00:00
D3-66A2581FCAB4A384,PRECISION_BLIND,b620ec1c-c0ac-4e7e-919d-a7df98bcb84b,8af678f4-09f0-486c-9617-b56896ebeea0,Zweilous,White Flare,147,illustration_rare,v1|318853917926|0,ZWEILOUS 147/086 HOLO ILLUSTRATION RARE WHITE FLARE POKEMON NM/M,,Ungraded,4000,[],"[""FIXED_PRICE""]",archive-99,https://i.ebayimg.com/images/g/gNwAAeSwAt5qovsg/s-l225.jpg,https://www.ebay.com/itm/318853917926?_skw=Zweilous+147+White+Flare+Pokemon+card&hash=item4a3d2cace6:g:gNwAAeSwAt5qovsg,2026-09-12T23:42:48.395762+00:00
D3-026C5298C18A62DD,PRECISION_BLIND,ae4a6acb-3a88-4547-a165-7a617bfb2ce8,cd7798fe-711e-4cad-a015-7139b3d49bf6,Jolteon ex,Prismatic Evolutions,153,special_illustration_rare,v1|236836838478|0,Jolteon ex 153/131 SV Prismatic Evolutions SIR Full Art Holo English 260HP,,Ungraded,4000,[],"[""FIXED_PRICE"",""BEST_OFFER""]",6bndq_62,https://i.ebayimg.com/images/g/PxIAAeSw5-9qFHX~/s-l225.jpg,https://www.ebay.com/itm/236836838478?_skw=Jolteon+ex+153+Prismatic+Evolutions+Pokemon+card&hash=item3724935c4e:g:PxIAAeSw5-9qFHX~&amdata=enc%3AAQALAAABEACCtXRWQnOEpyOqnQQ8KGYWLPohsr5vhwXceSlXEgt8T513hC%2BxZPGOLuwcSbectNIsxuLMnNqMs6Bpn2Kwl6LPvWFwJdqhkcicgo4f%2F10FRsX9KPRcA5hewBhR1VKT6c8lpctf9gwbySndgsuxa1SqF394dKNL3sdMIOg5ecn7PcVpaqzJI%2FHafM%2FOKJyNxJqrgmWQ1bBnKksNRzUJQFcmeedePYKbyD8cVKZaEQ%2FuUueWMaI8o1p1CCOKwpKfl%2FSGFn1hDqdC5gtz9n2a938FgmkNWPFBf0tDW8J28I%2BvHj9im6c%2B0pnN%2FBi%2BQ1dKI7oCTaDTS9%2BQnmTB1Mj%2BtD98FtesbrwadmTPP1dU8hoA,2026-09-12T23:42:48.395762+00:00
D3-7C14FDE5DA91373B,PRECISION_BLIND,c7e36a14-236f-4b93-a4a8-a4be2ddc7193,590cc9ca-0f7d-413e-ae31-68433716e01b,Mega Lucario ex,Mega Evolution,179,special_illustration_rare,v1|800628175940|0,Pokemon TCG Card Mega Lucario ex 179/132 Mega Evolution SIR Holo - Near Mint NM,,Ungraded,4000,[],"[""FIXED_PRICE""]",antdzi64,https://i.ebayimg.com/images/g/E4cAAeSwuiJqn1W2/s-l225.jpg,https://www.ebay.com/itm/800628175940?_skw=Mega+Lucario+ex+179+Mega+Evolution+Pokemon+card&hash=itemba69287444:g:E4cAAeSwuiJqn1W2,2026-09-12T23:42:48.395762+00:00
D3-17653201481A6AE7,PRECISION_BLIND,d09b2fb5-41b6-4d1e-88cf-629402434501,efae0727-f8c2-48c5-a33e-c308be0d288d,Roaring Moon ex,Prismatic Evolutions,162,special_illustration_rare,v1|327351908611|0,Pokemon Prismatic Evolutions Roaring Moon 162/131 Special Illustration Rare LP,,Ungraded,4000,[],"[""FIXED_PRICE""]",1orduckfan,https://i.ebayimg.com/images/g/ozkAAeSwFKNqUSsO/s-l225.jpg,https://www.ebay.com/itm/327351908611?_skw=Roaring+Moon+ex+162+Prismatic+Evolutions+Pokemon+card&hash=item4c37b1b903:g:ozkAAeSwFKNqUSsO,2026-09-12T23:42:48.395762+00:00
D3-6E1758589644A5CA,PRECISION_BLIND,4206e794-1ec6-4d55-94d4-63267ac9a183,9d5ddc90-8f9d-4759-b73d-fff0cd877d73,Mega Dragonite ex,Ascended Heroes,290,special_illustration_rare,v1|257669380090|0,Pokemon Mega Dragonite Ex 290/217 SIR Ascended Heroes English. Pack Fresh NM!,,Ungraded,4000,[],"[""FIXED_PRICE"",""BEST_OFFER""]",707collectibles,https://i.ebayimg.com/images/g/83gAAeSwjJxqd3Gm/s-l225.jpg,https://www.ebay.com/itm/257669380090?_skw=Mega+Dragonite+ex+290+Ascended+Heroes+Pokemon+card&hash=item3bfe4ab7fa:g:83gAAeSwjJxqd3Gm,2026-09-12T23:42:48.395762+00:00
D3-32DD8676C7690F73,PRECISION_BLIND,67611b34-a7e9-497f-9708-651cc015ca6c,f02f5725-b24c-4ee9-a9b5-55edd91d7697,Lillie's Determination,Mega Evolution,184,special_illustration_rare,v1|327351126783|0,Lillie's Determination 184/132 Me01: Mega Evolution Holo,,Ungraded,4000,[],"[""FIXED_PRICE""]",2010firman77,https://i.ebayimg.com/images/g/ZrAAAeSwO19qojNV/s-l225.jpg,https://www.ebay.com/itm/327351126783?_skw=Lillie%27s+Determination+184+Mega+Evolution+Pokemon+card&hash=item4c37a5caff:g:ZrAAAeSwO19qojNV,2026-09-12T23:42:48.395762+00:00
D3-E6D2E83647BD06DE,PRECISION_BLIND,6a1e2c02-b24d-4001-96f1-8bc2a24d8ccd,de749ceb-28f9-4977-b425-a83f69a3cf55,Gouging Fire ex,Temporal Forces,204,special_illustration_rare,v1|236977567660|0,Pokemon Gouging Fire ex 204/162 SV05: Temporal Forces Holo Near Mint,,Ungraded,4000,[],"[""FIXED_PRICE"",""BEST_OFFER""]",aaliyahcollects,https://i.ebayimg.com/images/g/H6QAAeSw529qbkAW/s-l225.jpg,https://www.ebay.com/itm/236977567660?_skw=Gouging+Fire+ex+204+Temporal+Forces+Pokemon+card&hash=item372cf6b7ac:g:H6QAAeSw529qbkAW,2026-09-12T23:42:48.395762+00:00
D3-E3E72A673F4B1F7B,PRECISION_BLIND,2e5780f8-1769-4d26-9e3e-87e4a27d4dfe,09b7c446-d89f-4a64-b721-bc1293308747,Dachsbun ex,Stellar Crown,169,special_illustration_rare,v1|198364988710|0,Dachsbun ex Holo SV07: Stellar Crown 169/142 NM Yuu Nishida,,Ungraded,4000,[],"[""FIXED_PRICE"",""BEST_OFFER""]",baskmoderntcg,https://i.ebayimg.com/images/g/nEwAAeSwHpNqC7SO/s-l225.jpg,https://www.ebay.com/itm/198364988710?_skw=Dachsbun+ex+169+Stellar+Crown+Pokemon+card&hash=item2e2f798526:g:nEwAAeSwHpNqC7SO,2026-09-12T23:42:48.395762+00:00
D3-2F05C309765DBAEC,PRECISION_BLIND,6a2b87e5-f90b-48f4-be30-a77258bee660,36134e45-4899-474f-88f0-b540ba618b49,Marill,Paldea Evolved,204,illustration_rare,v1|178457484721|0,Marill 204/193 Illustration Rare Paldea Evolved Pokemon Holo Near Mint,,Ungraded,4000,[],"[""FIXED_PRICE""]",alejre-8,https://i.ebayimg.com/images/g/dywAAeSw1Pxqlkdk/s-l225.jpg,https://www.ebay.com/itm/178457484721?_skw=Marill+204+Paldea+Evolved+Pokemon+card&hash=item298ce51db1:g:dywAAeSw1Pxqlkdk,2026-09-12T23:42:48.395762+00:00
D3-4FF8231E47786A9D,PRECISION_BLIND,b3020b76-9ff0-449a-85b8-924878fa0e8b,b70cd4ec-81c4-4e81-a677-901a43af62d9,Archeops,White Flare,132,illustration_rare,v1|178476997872|0,Archeops 132/086 SV: White Flare 2025 Illustration Rare Holo,,Ungraded,4000,[],"[""FIXED_PRICE""]",607collectibles,https://i.ebayimg.com/images/g/ujwAAeSwjWtqnxoo/s-l225.jpg,https://www.ebay.com/itm/178476997872?_skw=Archeops+132+White+Flare+Pokemon+card&hash=item298e0edcf0:g:ujwAAeSwjWtqnxoo,2026-09-12T23:42:48.395762+00:00
D3-AF01601640D47BDF,PRECISION_BLIND,2cef0dfb-a5fd-4aed-b8ae-34a82f414587,3d276bff-a869-4634-840f-d5eb4f33aa1d,Reshiram ex,White Flare,166,special_illustration_rare,v1|198625531705|0,Pokémon TCG Reshiram EX SAR #166/086 Scarlet & Violet White Flare Mint Condition,,Ungraded,4000,[],"[""FIXED_PRICE"",""BEST_OFFER""]",8995stephen,https://i.ebayimg.com/images/g/P~wAAeSwuiJqnwpz/s-l225.jpg,https://www.ebay.com/itm/198625531705?_skw=Reshiram+ex+166+White+Flare+Pokemon+card&hash=item2e3f011739:g:P~wAAeSwuiJqnwpz,2026-09-12T23:42:48.395762+00:00
D3-278273B5257AA028,PRECISION_BLIND,21e9ddc5-2751-4886-9e08-a1c6e2cc14e4,53abbd65-a601-4185-b08c-3721e963fa3d,Kyurem ex,Black Bolt,165,special_illustration_rare,v1|267750486084|0,Kyurem ex Holo Special Illustration Rare SV: Black Bolt 165/086 NM,,Ungraded,4000,[],"[""FIXED_PRICE""]",ale_somm,https://i.ebayimg.com/images/g/TsYAAeSwFU5qdfrO/s-l225.jpg,https://www.ebay.com/itm/267750486084?_skw=Kyurem+ex+165+Black+Bolt+Pokemon+card&hash=item3e572c3044:g:TsYAAeSwFU5qdfrO,2026-09-12T23:42:48.395762+00:00
D3-8F1E63D91F9EFA0A,PRECISION_BLIND,301185dd-2bde-4699-80bd-8b2a3cfd8f7f,af28bc66-9c8b-4dbb-bf83-fa6215bd26f0,Pikachu ex,Ascended Heroes,276,special_illustration_rare,v1|800628308831|0,pikachu ex 276/217 me: ascended heroes sir,,Ungraded,4000,[],"[""FIXED_PRICE"",""BEST_OFFER""]",ali-3665,https://i.ebayimg.com/images/g/uzMAAeSwqvhqn19y/s-l225.jpg,https://www.ebay.com/itm/800628308831?_skw=Pikachu+ex+276+Ascended+Heroes+Pokemon+card&hash=itemba692a7b5f:g:uzMAAeSwqvhqn19y,2026-09-12T23:42:48.395762+00:00
D3-26BFEE2545786BF7,PRECISION_BLIND,b801a524-e703-4f4c-ad99-1ec742cf30ec,586dac04-6254-4241-b628-b6d3dac61063,Bianca's Devotion,Temporal Forces,209,special_illustration_rare,v1|188917439338|0,Bianca's Devotion 209/162 SV05: Temporal Forces Holo,,Ungraded,4000,[],"[""FIXED_PRICE""]",benflips5,https://i.ebayimg.com/images/g/dCUAAeSwguFqpEb8/s-l225.jpg,https://www.ebay.com/itm/188917439338?_skw=Bianca%27s+Devotion+209+Temporal+Forces+Pokemon+card&hash=item2bfc5b5b6a:g:dCUAAeSwguFqpEb8,2026-09-12T23:42:48.395762+00:00
D3-F909803D7D74ED07,PRECISION_BLIND,33dca102-b449-4da6-bfa6-7b72de711596,c2d7a5e7-cfdd-4f37-9748-a2259857c6e3,Charizard ex,Paldean Fates,234,special_illustration_rare,v1|377242118187|0,Charizard EX #234/091 SV Paldean Fates Near Mint Condition,,Ungraded,4000,[],"[""FIXED_PRICE"",""BEST_OFFER""]",3dustin,https://i.ebayimg.com/images/g/LysAAeSwZGVqJXgI/s-l225.jpg,https://www.ebay.com/itm/377242118187?_skw=Charizard+ex+234+Paldean+Fates+Pokemon+card&hash=item57d561e82b:g:LysAAeSwZGVqJXgI,2026-09-12T23:42:48.395762+00:00
D3-02131E8974F6CB46,PRECISION_BLIND,3c75f577-62ee-4bdf-865c-ab2384f4379b,ecf458ed-ed92-4f04-bf27-1912d59bdbc0,Mega Charizard Y ex,Ascended Heroes,294,mega_hyper_rare,v1|307159620324|0,Pokemon TCG Me: Ascended Heroes Mega Charizard Y EX 294/217 Secret FA Holo EN,,Ungraded,4000,[],"[""FIXED_PRICE"",""BEST_OFFER""]",51studios,https://i.ebayimg.com/images/g/vgUAAeSwNXNqmMXV/s-l225.jpg,https://www.ebay.com/itm/307159620324?_skw=Mega+Charizard+Y+ex+294+Ascended+Heroes+Pokemon+card&hash=item478423dae4:g:vgUAAeSwNXNqmMXV,2026-09-12T23:42:48.395762+00:00
D3-6B5828F5B7842ACE,PRECISION_BLIND,147a436d-4ccc-43d1-b19a-20b74d2ff723,a86eb8d9-0e89-4e02-879a-d587dbfe0252,Carmine,Twilight Masquerade,217,special_illustration_rare,v1|318821978881|0,Carmine 217/167 Sv06: Twilight Masquerade Holo Special Illustration Rare NM,,Ungraded,4000,[],"[""FIXED_PRICE""]",ae-race_electronics,https://i.ebayimg.com/images/g/NNUAAeSwtFxqmfBi/s-l225.jpg,https://www.ebay.com/itm/318821978881?_skw=Carmine+217+Twilight+Masquerade+Pokemon+card&hash=item4a3b455301:g:NNUAAeSwtFxqmfBi,2026-09-12T23:42:48.395762+00:00
D3-3FB6EAA67B62792C,PRECISION_BLIND,d12a209b-06a3-4b46-82d3-a374e6bbe7b4,d0d523dc-3f95-4bbc-beb6-75b3d2a15cae,Grafaiai,Paldea Evolved,223,illustration_rare,v1|306966663384|0,Grafaiai Illustration Rare SV02: Paldea Evolved Holo 223/193 NM,,Ungraded,4000,[],"[""FIXED_PRICE"",""BEST_OFFER""]",airbell-collectibles,https://i.ebayimg.com/images/g/iEUAAeSwWi9qF2nV/s-l225.jpg,https://www.ebay.com/itm/306966663384?_skw=Grafaiai+223+Paldea+Evolved+Pokemon+card&hash=item4778a390d8:g:iEUAAeSwWi9qF2nV,2026-09-12T23:42:48.395762+00:00
D3-5A3247C50B7E9AAD,PRECISION_BLIND,4299cd6b-98e3-4e65-865f-26a39b19fe5b,041717c6-a2b6-40d1-867a-b1abb1d65ec8,Durant ex,Surging Sparks,236,special_illustration_rare,v1|358516619858|0,Pokémon TCG Durant EX Card 236/191 Surging Sparks Series Mint Condition,,Ungraded,4000,[],"[""FIXED_PRICE"",""BEST_OFFER""]",adam4427,https://i.ebayimg.com/images/g/~w8AAeSw0lVp-Ajg/s-l225.jpg,https://www.ebay.com/itm/358516619858?_skw=Durant+ex+236+Surging+Sparks+Pokemon+card&hash=item5379417a52:g:~w8AAeSw0lVp-Ajg,2026-09-12T23:42:48.395762+00:00
D3-81269675111FDECA,PRECISION_BLIND,152906c9-3b9f-4f16-bb22-cb4241c7386b,20ddd5ca-77ef-4e3c-a018-ea4c7a44913a,Giovanni's Charisma,Scarlet and Violet 151,204,special_illustration_rare,v1|178377105688|0,SV: Scarlet & Violet 151 #204/165 Giovanni's Charisma - SIR,,Ungraded,4000,[],"[""FIXED_PRICE""]",607collectibles,https://i.ebayimg.com/images/g/nysAAeSwn2Jqc2Fd/s-l225.jpg,https://www.ebay.com/itm/178377105688?_skw=Giovanni%27s+Charisma+204+Scarlet+and+Violet+151+Pokemon+card&hash=item29881aa118:g:nysAAeSwn2Jqc2Fd,2026-09-12T23:42:48.395762+00:00
D3-3A01E66DEA0BBAC8,PRECISION_BLIND,64c0404b-826f-493d-9c10-738b2b56eca4,9f6c24f7-6a76-471f-ad81-d3901c5e9088,Mega Audino ex,Ascended Heroes,253,ultra_rare,v1|298363181724|0,Mega Audino ex 253/217 Pokemon ME: Ascended Heroes Ultra Rare NM,,Ungraded,4000,[],"[""FIXED_PRICE""]",a-aron3005,https://i.ebayimg.com/images/g/RwwAAeSwarlqGMMh/s-l225.jpg,https://www.ebay.com/itm/298363181724?_skw=Mega+Audino+ex+253+Ascended+Heroes+Pokemon+card&hash=item4577d4da9c:g:RwwAAeSwarlqGMMh,2026-09-12T23:42:48.395762+00:00
D3-FD05B6D772F35203,PRECISION_BLIND,5576e4b9-4873-40fa-84c4-da9f28cec096,8614b6c4-8840-4b33-9908-4ded064f570f,Gulpin,Stellar Crown,154,illustration_rare,v1|168664502209|0,Gulpin Holo Illustration Rare SV07: Stellar Crown 154/142 NM,,Ungraded,4000,[],"[""FIXED_PRICE"",""BEST_OFFER""]",603-collectibles,https://i.ebayimg.com/images/g/77cAAeSwW8Nqmzan/s-l225.jpg,https://www.ebay.com/itm/168664502209?_skw=Gulpin+154+Stellar+Crown+Pokemon+card&hash=item2745300fc1:g:77cAAeSwW8Nqmzan,2026-09-12T23:42:48.395762+00:00
D3-9C19B041613E726D,PRECISION_BLIND,0331d96e-d8af-44d3-9552-85f784d9b4ca,720c16f5-5c19-43bc-a711-0ea9e8545aab,Trubbish,White Flare,140,illustration_rare,v1|178360602571|0,Trubbish 140/086 Illustration Rare White Flare Pokemon Holo Near Mint Pokemon,,Ungraded,4000,[],"[""FIXED_PRICE"",""BEST_OFFER""]",beaudabeast,https://i.ebayimg.com/images/g/XvsAAeSw2S9qbNgm/s-l225.jpg,https://www.ebay.com/itm/178360602571?_skw=Trubbish+140+White+Flare+Pokemon+card&hash=item29871ecfcb:g:XvsAAeSw2S9qbNgm,2026-09-12T23:42:48.395762+00:00
D3-373319C0E02E4B35,PRECISION_BLIND,a6969678-b361-4b27-bee3-e3cdc127a5e4,bb6ebfa8-886c-4b5c-822a-7431870bb339,Dragapult ex,Prismatic Evolutions,165,special_illustration_rare,v1|267719605425|0,Dragapult ex - 165/131 - SIR - Prismatic Evolutions - Pokemon Card - NM/M,,Ungraded,4000,[],"[""FIXED_PRICE"",""BEST_OFFER""]",adessa182,https://i.ebayimg.com/images/g/72MAAeSwtsRqS9sL/s-l225.jpg,https://www.ebay.com/itm/267719605425?_skw=Dragapult+ex+165+Prismatic+Evolutions+Pokemon+card&hash=item3e5554fcb1:g:72MAAeSwtsRqS9sL,2026-09-12T23:42:48.395762+00:00
D3-BB995038BFACABEA,PRECISION_BLIND,f01e01fe-17e4-48b7-8ba3-9a88f876acd4,7c3e24f9-be0e-4de8-86fc-9fb913792294,Meowth,Phantasmal Flames,106,illustration_rare,v1|820087556769|0,2025 POKEMON PHANTASMAL FLAMES #106/094 MEOWTH ILLUSTRATION RARE,,Ungraded,4000,[],"[""AUCTION""]",4_sharp_corners_raw,https://i.ebayimg.com/images/g/HtgAAeSwwtVqmwMt/s-l225.jpg,https://www.ebay.com/itm/820087556769?_skw=Meowth+106+Phantasmal+Flames+Pokemon+card&hash=itembef1070aa1:g:HtgAAeSwwtVqmwMt,2026-09-12T23:42:48.395762+00:00
D3-919FE06C5391C936,PRECISION_BLIND,0b81872e-b089-49e9-aec3-16a535b12efb,0057b67c-a140-400c-b308-2a6d046cb043,Haxorus,Black Bolt,147,illustration_rare,v1|188840149504|0,Haxorus 147/086 Holo Illustration Rare Black Bolt Pokemon Near Mint,,Ungraded,4000,[],"[""FIXED_PRICE""]",aetheriawave,https://i.ebayimg.com/images/g/CiYAAeSwbLhqjdM1/s-l225.jpg,https://www.ebay.com/itm/188840149504?_skw=Haxorus+147+Black+Bolt+Pokemon+card&hash=item2bf7c00200:g:CiYAAeSwbLhqjdM1,2026-09-12T23:42:48.395762+00:00
D3-FB734E4F04F1BA67,PRECISION_BLIND,3755e7ef-e482-4186-8377-e717f80b3759,aa88bdd2-2ebe-4f9b-b53b-ab077c63f98c,Secret Box,Twilight Masquerade,163,ace_spec,v1|158049666042|0,Secret Box 163/167 ACE SPEC Rare Twilight Masquerade Light Play,,Ungraded,4000,[],"[""FIXED_PRICE""]",316collectibles,https://i.ebayimg.com/images/g/O4IAAeSwpHRqBoNn/s-l225.jpg,https://www.ebay.com/itm/158049666042?_skw=Secret+Box+163+Twilight+Masquerade+Pokemon+card&hash=item24cc7e83fa:g:O4IAAeSwpHRqBoNn,2026-09-12T23:42:48.395762+00:00
D3-341D6BBDDD619D1F,PRECISION_BLIND,15faf94c-4a3b-4f09-a867-f2ded1174419,98ab7334-59cd-47fa-b778-f6526e5e1276,Veluza,Paradox Rift,192,illustration_rare,v1|327354559293|0,Veluza 192/182 SV04 Paradox Rift Holo Illustration Rare ENG NM 2023 Pokemon Card,,Ungraded,4000,[],"[""FIXED_PRICE""]",a.e.energy,https://i.ebayimg.com/images/g/nvEAAeSwjKhqpRnn/s-l225.jpg,https://www.ebay.com/itm/327354559293?_skw=Veluza+192+Paradox+Rift+Pokemon+card&hash=item4c37da2b3d:g:nvEAAeSwjKhqpRnn,2026-09-12T23:42:48.395762+00:00
D3-B231160A3D059563,PRECISION_BLIND,605a2c1a-6a14-463e-b1e2-b55cd9c16244,14ea6011-0e3d-4eff-ac53-6b13e2976a71,Krookodile,Black Bolt,137,illustration_rare,v1|800274381062|0,Pokémon TCG Krookodile Black Bolt 137/086 Illustration Rare (NM),,Ungraded,4000,[],"[""FIXED_PRICE"",""BEST_OFFER""]",alma155340,https://i.ebayimg.com/images/g/t30AAeSwkUFqRZHv/s-l225.jpg,https://www.ebay.com/itm/800274381062?_skw=Krookodile+137+Black+Bolt+Pokemon+card&hash=itemba5411f906:g:t30AAeSwkUFqRZHv,2026-09-12T23:42:48.395762+00:00
D3-8F0A92ACE08B8244,PRECISION_BLIND,77b44a76-26f7-4fa0-a548-c29870a7bb68,63f84d31-df83-456f-bd4c-e59b7e2ba541,Crustle,Paradox Rift,183,illustration_rare,v1|227390494562|0,Pokémon TCG Crustle Holo Illustration Rare Card 183/182 Sv04: Paradox Rift,,Ungraded,4000,[],"[""FIXED_PRICE""]",alb-3118,https://i.ebayimg.com/images/g/O78AAeSwtAZqMMm-/s-l225.jpg,https://www.ebay.com/itm/227390494562?_skw=Crustle+183+Paradox+Rift+Pokemon+card&hash=item34f1879762:g:O78AAeSwtAZqMMm-,2026-09-12T23:42:48.395762+00:00
D3-2786D413E9DA5A07,PRECISION_BLIND,bf928dd7-24bc-4e16-bb5e-afb8122c3241,311abf3f-15cb-4cb8-995f-1937555c4bdd,Fidough,Scarlet and Violet Base Set,213,illustration_rare,v1|358758885026|0,Pokemon TCG Fidough 213/198 SV01 Scarlet & Violet Full Art Holo IR EN 2023,,Ungraded,4000,[],"[""FIXED_PRICE"",""BEST_OFFER""]",alli_kay,https://i.ebayimg.com/images/g/ocEAAeSwrmRqSn1W/s-l225.jpg,https://www.ebay.com/itm/358758885026?_skw=Fidough+213+Scarlet+and+Violet+Base+Set+Pokemon+card&hash=item5387b226a2:g:ocEAAeSwrmRqSn1W,2026-09-12T23:42:48.395762+00:00
D3-34DE33640A7EE16D,PRECISION_BLIND,829b12ba-c7f5-4796-9a57-a2a2463c8461,0fc5990b-19e3-4716-b616-b221acc480a6,Houndour,Obsidian Flames,204,illustration_rare,v1|227517543530|0,Pokemon TCG Scarlet & Violet Obsidian Flames Houndour 204/197 Illustration Rare,,Ungraded,4000,[],"[""AUCTION"",""BEST_OFFER""]",acestcg_shop,https://i.ebayimg.com/images/g/6eUAAeSw72hqneie/s-l225.jpg,https://www.ebay.com/itm/227517543530?_skw=Houndour+204+Obsidian+Flames+Pokemon+card&hash=item34f91a346a:g:6eUAAeSw72hqneie,2026-09-12T23:42:48.395762+00:00
D3-C7E4BF6D187D15A2,PRECISION_BLIND,10a47631-ea19-4b62-8a93-4b1b3e6b3013,780a248c-87ff-4879-955c-3d6bea287aca,Lt. Surge's Bargain,Mega Evolution,185,special_illustration_rare,v1|158052432985|0,Lt. Surge's Bargain - 185 ME01: Mega Evol #185 (2025) SIR Holo NM Pokemon,,Ungraded,4000,[],"[""FIXED_PRICE""]",acornpokemart,https://i.ebayimg.com/images/g/AXcAAeSwuOVqSEM6/s-l225.jpg,https://www.ebay.com/itm/158052432985?_skw=Lt.+Surge%27s+Bargain+185+Mega+Evolution+Pokemon+card&hash=item24cca8bc59:g:AXcAAeSwuOVqSEM6,2026-09-12T23:42:48.395762+00:00
D3-6ABCFFC6FE796D17,PRECISION_BLIND,a922341e-4646-470b-95cf-2a59055b18ce,2bf9f356-230d-42e8-99e7-0b10161b9392,Spidops ex,Scarlet and Violet Base Set,243,special_illustration_rare,v1|357880452463|0,Spidops ex 243/198 Pokémon TCG Special Illustration Rare SV01: Scarlet & Violet,,Ungraded,4000,[],"[""FIXED_PRICE"",""BEST_OFFER""]",ampedbycorey,https://i.ebayimg.com/images/g/8BoAAeSwWZZpEMik/s-l225.jpg,https://www.ebay.com/itm/357880452463?_skw=Spidops+ex+243+Scarlet+and+Violet+Base+Set+Pokemon+card&hash=item535356556f:g:8BoAAeSwWZZpEMik&amdata=enc%3AAQALAAABEACCtXRWQnOEpyOqnQQ8KGZcbpxKOGhrGMsS7n8fD7ylD4kOsdj2oX6s94WaB9LFuGzvjsJdjFtg6pMO4wOL6Dla4IvAIRfv0x2qlqM9rTW3KKsvwt2H7Z1ElM2HzvIxzNlJuoDcntCZKgG1rnsYVrkUCA%2FUFHsnxCErE5ptOsHKfFQaQCyXqhsemjm7Bs7Bt4B8VPXXEzJpCvWznv6g0MKUKjolum5DkzqEi6kgWFRTXzbae%2Bj9C%2FkZ4vv5RWjgNbCT7hFkuq78t4ejkcf7NltTJCxl5vofs5rOroB8rGEOBttAgLAMOgdA38maltNYZbRqkEDZVDe5oiTGpNKC%2BCKrfYYAdzHipQVQN9g21ct8,2026-09-12T23:42:48.395762+00:00
D3-4EDEDB983AD77F24,PRECISION_BLIND,7b00ea04-5c2a-4172-8025-afba48ddacb3,94d01e3d-09de-4d04-a0d8-1f36a5cfe684,Cresselia,Shrouded Fable,71,illustration_rare,v1|287518077635|0,2024 Pokemon Shrouded Fable Cresselia #071/064,,Ungraded,4000,[],"[""FIXED_PRICE""]",cjcscollectables,https://i.ebayimg.com/images/g/HYYAAeSwHgFqesQv/s-l225.jpg,https://www.ebay.com/itm/287518077635?_skw=Cresselia+71+Shrouded+Fable+Pokemon+card&hash=item42f169b2c3:g:HYYAAeSwHgFqesQv&amdata=enc%3AAQALAAABAACCtXRWQnOEpyOqnQQ8KGbKc4mQflF4o8Zn8eT7mRvtx2Cgl6jwcyPfwSCSdgNIgmcyq4r7zL1Ex9atSDdOc4sGT84O0bCzwN11L2P54ChU48iarVetzNgXOhGmDHWAVNBzKGRBowHy8%2FaNDCmexbbbTTFgHIFtFMNym4tvScHNX9d5kfWeYFQaNc7SopKoQ%2FrkkyyQoob4Gi%2BKew0zYJMxiv1ksODz%2BQwIKZ2JA9vm4ICpGk4F0MRiHVuMJzPV4IXHdBNqiWZnJXtf8rkeU0A%2F8MDxK%2F67VE%2FSoBddDByIWdWpH8m2fdls82W3nBtnkrO5gyXvoR%2B6P%2F7UBBYXA%2BM%3D,2026-09-12T23:42:48.395762+00:00
D3-B8E1682E0D3CF6DB,PRECISION_BLIND,a3d56338-1f3f-4b99-8920-5d71b8b85737,66f1f173-3a34-44b4-95a3-d0031fa9d3ee,Pikachu ex,Surging Sparks,247,hyper_rare_gold,v1|188727342514|0,Pikachu EX Surging Sparks Hyper Rare 247/191 Pokemon NM,,Ungraded,4000,[],"[""FIXED_PRICE"",""BEST_OFFER""]",aaca5294,https://i.ebayimg.com/images/g/q80AAeSwT55qbgYH/s-l225.jpg,https://www.ebay.com/itm/188727342514?_skw=Pikachu+ex+247+Surging+Sparks+Pokemon+card&hash=item2bf106b5b2:g:q80AAeSwT55qbgYH,2026-09-12T23:42:48.395762+00:00
D3-7B1B56D3AF6EF69E,PRECISION_BLIND,cc59d868-d0e5-4557-9423-3f9b7c9d2591,04f90621-b7cb-49bf-b962-8ba0790d6e62,Team Rocket's Giovanni,Destined Rivals,238,special_illustration_rare,v1|327339263561|0,Pokemon Team Rocket's Giovanni 238/182 Destined Rivals Holo NM,,Ungraded,4000,[],"[""FIXED_PRICE""]",artfiendcollectables,https://i.ebayimg.com/images/g/924AAeSwKVxqmM-1/s-l225.jpg,https://www.ebay.com/itm/327339263561?_skw=Team+Rocket%27s+Giovanni+238+Destined+Rivals+Pokemon+card&hash=item4c36f0c649:g:924AAeSwKVxqmM-1,2026-09-12T23:42:48.395762+00:00
D3-CDBAB689FB7B1EF9,PRECISION_BLIND,018c983e-b1d0-41df-880e-ebf3f2e2fb12,4eb8f140-a9c3-41c4-85aa-c2f6b7131746,Penny,Scarlet and Violet Base Set,252,special_illustration_rare,v1|188183983760|0,Penny SV01: Scarlet & Violet Base Set SVI 252/198 NM,,Ungraded,4000,[],"[""FIXED_PRICE""]",ahmmub_izhp4,https://i.ebayimg.com/images/g/phYAAeSwDFNpvEFE/s-l225.jpg,https://www.ebay.com/itm/188183983760?_skw=Penny+252+Scarlet+and+Violet+Base+Set+Pokemon+card&hash=item2bd0a3b690:g:phYAAeSwDFNpvEFE,2026-09-12T23:42:48.395762+00:00
D3-F4D3A88776125743,PRECISION_BLIND,9f323989-e972-4a9e-9e7b-3166e85d0690,0f3466bf-92b1-4d3d-913b-181fcec68996,Mega Feraligatr ex,Ascended Heroes,274,special_illustration_rare,v1|820100293132|0,Mega Feraligatr EX 274/217 SIR Ascended Heroes ENG,,Ungraded,4000,[],"[""AUCTION""]",anthcollects,https://i.ebayimg.com/images/g/vY8AAeSwEYJqn09S/s-l225.jpg,https://www.ebay.com/itm/820100293132?_skw=Mega+Feraligatr+ex+274+Ascended+Heroes+Pokemon+card&hash=itembef1c9620c:g:vY8AAeSwEYJqn09S,2026-09-12T23:42:48.395762+00:00
D3-67D4B24F3CABC28B,PRECISION_BLIND,0dde3317-5162-49d1-b5c9-6b206a086d2c,7a7c3304-cc14-4aab-9f7b-b88270d4228c,Tinkatuff,Paldean Fates,166,shiny_rare,v1|177674384920|0,Tinkatuff 166/091 Shiny Rare Pokemon TCG SV: Paldean Fates,,Ungraded,4000,[],"[""FIXED_PRICE"",""BEST_OFFER""]",ahmaaltarawne_0,https://i.ebayimg.com/images/g/xKkAAeSw7EFpPx9d/s-l225.jpg,https://www.ebay.com/itm/177674384920?_skw=Tinkatuff+166+Paldean+Fates+Pokemon+card&hash=item295e37f618:g:xKkAAeSw7EFpPx9d&amdata=enc%3AAQALAAABAACCtXRWQnOEpyOqnQQ8KGZ6xcD%2FQkRFu0UyGsvrpDVin2xw2hrEUPy9XL%2FqQosdoYGbQ2TQpnjUiV6KMLnC1AQbOjDmO24HS9zG3udPfzrswzh4EB6TSFgeyOMk%2Bldu0Oe%2Fni9E6e5t9LvRD2D1ko5c%2ByALlzb8ZlM0oWij0tPYYiCxvv%2BFmLUNWl7%2FiJvkykf9Gy13OQyKb4lY8tqgaICuuirAYryfhuNEsHSx01Jogcfqo%2BKNdKvyorIQin4suhrayzEmi%2BqWkcjQ9hWKHiE3FperUxJeu4DMf7asMH2d0UTAwX%2FmOLvy32dnPo8P66z%2FzzBib5cVsENvzKqMGH0%3D,2026-09-12T23:42:48.395762+00:00
D3-D10E8718B07FA9BC,PRECISION_BLIND,53466d2d-94fd-4230-9505-694297a9030d,3451abaf-acc7-41aa-a60c-25f24b7ac07f,Perrin,Twilight Masquerade,220,special_illustration_rare,v1|287383275638|0,PERRIN 220/167 SPECIAL ILLUSTRATION RARE TWILIGHT MASQUERADE POKEMON,,Ungraded,4000,[],"[""FIXED_PRICE""]",caneycollectibles,https://i.ebayimg.com/images/g/9N4AAeSwynFqJ5nV/s-l225.jpg,https://www.ebay.com/itm/287383275638?_skw=Perrin+220+Twilight+Masquerade+Pokemon+card&hash=item42e960c876:g:9N4AAeSwynFqJ5nV,2026-09-12T23:42:48.395762+00:00
D3-9A4147C595C6B801,PRECISION_BLIND,3b5294d0-4738-4296-952e-f32b2788e3c4,10ab9aee-5f8c-4938-aec5-aa4a4314f745,Sunflora,Twilight Masquerade,169,illustration_rare,v1|158119171233|0,SUNFLORA 169/167 ILLUSTRATION RARE TWILIGHT MASQUERADE POKEMON HOLO NEAR MINT,,Ungraded,4000,[],"[""FIXED_PRICE""]",ace_eminent,https://i.ebayimg.com/images/g/wr4AAeSw6XlqZNcs/s-l225.jpg,https://www.ebay.com/itm/158119171233?_skw=Sunflora+169+Twilight+Masquerade+Pokemon+card&hash=item24d0a314a1:g:wr4AAeSw6XlqZNcs,2026-09-12T23:42:48.395762+00:00
D3-579661FFC57DE622,PRECISION_BLIND,209f02db-d953-4dde-bbd6-0822671fe1d1,eb38e2d2-2e6a-41e2-939d-335c8a5e50d1,Oshawott,White Flare,105,illustration_rare,v1|800648092091|0,Oshawott White Flare 105/086,,Ungraded,4000,[],"[""AUCTION"",""BEST_OFFER""]",andsalasc-0,https://i.ebayimg.com/images/g/~14AAeSwH-Nqf8Wu/s-l225.jpg,https://www.ebay.com/itm/800648092091?_skw=Oshawott+105+White+Flare+Pokemon+card&hash=itemba6a5859bb:g:~14AAeSwH-Nqf8Wu,2026-09-12T23:42:48.395762+00:00
D3-8E3EA4CADA2D5482,PRECISION_BLIND,2c445258-b198-43de-b710-0921ebe3f0ab,4411dcaa-280b-4355-bc49-f27c3f6580f2,Pikachu ex,Ascended Heroes,277,special_illustration_rare,v1|307175920063|0,Pikachu ex 277/217 Me: Ascended Heroes Holo SIR 💎,,Ungraded,4000,[],"[""FIXED_PRICE"",""BEST_OFFER""]",anmcph352,https://i.ebayimg.com/images/g/f0YAAeSwuvJqpbCy/s-l225.jpg,https://www.ebay.com/itm/307175920063?_skw=Pikachu+ex+277+Ascended+Heroes+Pokemon+card&hash=item47851c91bf:g:f0YAAeSwuvJqpbCy,2026-09-12T23:42:48.395762+00:00
D3-D366C5255C8EA1AC,PRECISION_BLIND,24f40ecd-605f-4d62-b748-afed33706583,bd1bb49f-f0e6-4441-a2cd-648e3ccf4a4c,Emboar,White Flare,98,illustration_rare,v1|377442282244|0,Emboar Holofoil SV: White Flare - 098/086 Pokemon Card NM,,Ungraded,4000,[],"[""FIXED_PRICE""]",luckyhoundgaming,https://i.ebayimg.com/images/g/4k0AAeSwSU5qowcB/s-l225.jpg,https://www.ebay.com/itm/377442282244?_skw=Emboar+98+White+Flare+Pokemon+card&hash=item57e1502b04:g:4k0AAeSwSU5qowcB&amdata=enc%3AAQALAAABAACCtXRWQnOEpyOqnQQ8KGY79mK6sZN6MOqUXuwnwvIoQc43Vo0HIa9LyUaxRgXt092UcYEUQm9kmXB0bw85jpHy2US9cBhhwffdwyDPPtUzDgpdCQ%2BtC6CZMT1%2F8WGoIJ7MQRYEQcD8CG4GTCq8hCYrswkz4EAvuZKrmYdEGAQAPUSiAj4YCVWdROQZEjCeF2ZFqdf3AnR%2FobCSg%2BO9%2FwMvPr%2Bx6YO5esemwwAqnfMI1hlGl8v%2Faxrg38cY%2BM6IYmnAtIIqkdFnjkFLXzBBetnNYmP%2BhFUTAc3hWaxW1A6fu868YztSS9kDMx2PH9C%2F2wbqAREyoPNg%2F7hMGt6pysU%3D,2026-09-12T23:42:48.395762+00:00
D3-266DC88B2FBCA1AA,PRECISION_BLIND,3baf2f12-759f-427a-b8d0-2511e639310f,886acc91-d523-4628-bb4a-6ef8db1d8543,Mega Gardevoir ex,Mega Evolution,187,mega_hyper_rare,v1|358867475164|0,1x Mega Gardevoir ex - 187/132 - Mega Hyper Rare NM-Mint Pokemon ME01 - Mega Evo,,Ungraded,4000,[],"[""FIXED_PRICE"",""BEST_OFFER""]",912cards,https://i.ebayimg.com/images/g/X3wAAeSw8OVqbO7L/s-l225.jpg,https://www.ebay.com/itm/358867475164?_skw=Mega+Gardevoir+ex+187+Mega+Evolution+Pokemon+card&hash=item538e2b1adc:g:X3wAAeSw8OVqbO7L,2026-09-12T23:42:48.395762+00:00
D3-3663CD20EB9B233F,PRECISION_BLIND,31566cbb-0eeb-499e-aa6d-b9b0bd85fc8b,fc81462a-2c3e-4b7a-a7be-ad7f88d98ace,Mega Greninja ex,Chaos Rising,122,mega_hyper_rare,v1|178380077751|0,Mega Greninja ex 122/086 Chaos Rising Holo,,Ungraded,4000,[],"[""FIXED_PRICE"",""BEST_OFFER""]",acarv_collects,https://i.ebayimg.com/images/g/YQEAAeSwDp1qdKi0/s-l225.jpg,https://www.ebay.com/itm/178380077751?_skw=Mega+Greninja+ex+122+Chaos+Rising+Pokemon+card&hash=item298847fab7:g:YQEAAeSwDp1qdKi0,2026-09-12T23:42:48.395762+00:00
D3-3CF187A36E2CDF61,PRECISION_BLIND,d4ff3ebb-7e40-4a36-88e6-f07af2977641,1424e3da-f59e-47f2-8310-dfad3baf354b,Zekrom ex,Black Bolt,166,special_illustration_rare,v1|188905540178|0,Zekrom ex 166/086 Sv: Black Bolt Holo,,Ungraded,4000,[],"[""FIXED_PRICE""]",ashleythemando,https://i.ebayimg.com/images/g/0Q0AAeSwPEtqoJQF/s-l225.jpg,https://www.ebay.com/itm/188905540178?_skw=Zekrom+ex+166+Black+Bolt+Pokemon+card&hash=item2bfba5ca52:g:0Q0AAeSwPEtqoJQF,2026-09-12T23:42:48.395762+00:00
D3-E62FC728585DBB13,PRECISION_BLIND,b547c5c3-7082-4a7f-9290-3d569b91b462,2c272732-fdb3-4639-aa6b-ea9fa3ad9c24,Team Rocket's Giovanni,Destined Rivals,225,ultra_rare,v1|147260965639|0,Pokémon Team Rocket's Giovanni 225/182 Destined Rivals ,,Ungraded,4000,[],"[""FIXED_PRICE"",""BEST_OFFER""]",ak-rips-33,https://i.ebayimg.com/images/g/7iwAAeSwEJpp4C~7/s-l225.jpg,https://www.ebay.com/itm/147260965639?_skw=Team+Rocket%27s+Giovanni+225+Destined+Rivals+Pokemon+card&hash=item2249700307:g:7iwAAeSwEJpp4C~7,2026-09-12T23:42:48.395762+00:00
D3-E3883E67C1953C16,PRECISION_BLIND,23d6bd35-bbf0-49b2-911e-4949e66ff8bb,9326d67b-4017-4430-ac3c-bae6eb088be7,Pachirisu,Paldean Fates,138,shiny_rare,v1|198525816513|0,Pachirisu 138/091 - Baby Shiny - S&V Paldean Fates - Pokemon TCG Card NM,,Ungraded,4000,[],"[""FIXED_PRICE"",""BEST_OFFER""]",belgraviaestatesale,https://i.ebayimg.com/images/g/pUYAAeSwW0ZqZive/s-l225.jpg,https://www.ebay.com/itm/198525816513?_skw=Pachirisu+138+Paldean+Fates+Pokemon+card&hash=item2e390f8ec1:g:pUYAAeSwW0ZqZive,2026-09-12T23:42:48.395762+00:00
D3-B51642D4D7365C82,PRECISION_BLIND,e26de7b7-434e-4bec-8fc2-fb15b971b1a7,44b0372c-396d-43e9-84bb-afad2d04128f,Jamming Tower,Ascended Heroes,261,ultra_rare,v1|206511863464|0,Jamming Tower 261/217 Ascended Heroes Holo Near Mint Pokemon,,Ungraded,4000,[],"[""FIXED_PRICE""]",ajpfinds,https://i.ebayimg.com/images/g/FgwAAeSw7RNqi75m/s-l225.jpg,https://www.ebay.com/itm/206511863464?_skw=Jamming+Tower+261+Ascended+Heroes+Pokemon+card&hash=item301510f6a8:g:FgwAAeSw7RNqi75m,2026-09-12T23:42:48.395762+00:00
D3-0F2A16997AD05B91,PRECISION_BLIND,75720435-3807-46b6-b3da-5e1c53b77822,9ad0c133-f133-45ab-9b3f-494199354e20,Mega Darkrai ex,Pitch Black,116,special_illustration_rare,v1|227518368347|0,Mega Darkrai ex 116/084 SIR Pokemon TCG Pitch Black 2026 NM English ME05,,Ungraded,4000,[],"[""FIXED_PRICE"",""BEST_OFFER""]",acehoops567,https://i.ebayimg.com/images/g/rZ0AAeSwFGVqpVlp/s-l225.jpg,https://www.ebay.com/itm/227518368347?_skw=Mega+Darkrai+ex+116+Pitch+Black+Pokemon+card&hash=item34f926ca5b:g:rZ0AAeSwFGVqpVlp,2026-09-12T23:42:48.395762+00:00
D3-50145C62B7204061,PRECISION_BLIND,7f065a2b-5cab-45c8-8fd8-96d4c07c4ee8,3805ddb2-e4cd-40b3-8a52-82398effa130,Canari,Ascended Heroes,291,special_illustration_rare,v1|407125642390|0,Canari 291/217 Pokemon Ascended Heroes Trainer SIR English,,Ungraded,4000,[],"[""FIXED_PRICE""]",aa_collects,https://i.ebayimg.com/images/g/7n8AAeSwUiNqdQNs/s-l225.jpg,https://www.ebay.com/itm/407125642390?_skw=Canari+291+Ascended+Heroes+Pokemon+card&hash=item5eca944c96:g:7n8AAeSwUiNqdQNs,2026-09-12T23:42:48.395762+00:00
D3-84A008F6EEF933A7,PRECISION_BLIND,966bcb61-bf43-4cd7-8287-42f4bb9fa76d,9d636c4c-055f-4e85-b5ef-64675007d904,Leafeon ex,Prismatic Evolutions,144,special_illustration_rare,v1|407203093496|0,Pokemon Leafeon ex 144 Holo Prismatic Evolutions SIR Special Illustration Rare,,Ungraded,4000,[],"[""FIXED_PRICE"",""BEST_OFFER""]",alespi7430,https://i.ebayimg.com/images/g/7kEAAeSw9aVqoMxQ/s-l225.jpg,https://www.ebay.com/itm/407203093496?_skw=Leafeon+ex+144+Prismatic+Evolutions+Pokemon+card&hash=item5ecf321bf8:g:7kEAAeSw9aVqoMxQ,2026-09-12T23:42:48.395762+00:00
D3-ECE6CEAF4396ED54,PRECISION_BLIND,6a980108-6683-4461-ac9a-c81a27326dee,129a7668-0ba7-4f77-8585-3847e6c3d342,Team Rocket's Mewtwo ex,Destined Rivals,231,special_illustration_rare,v1|358721197625|0,Team Rocket's Mewtwo ex Special Illustration Rare Full Art Holo 231/182 English,,Ungraded,4000,[],"[""FIXED_PRICE""]",313cardz,https://i.ebayimg.com/images/g/x~4AAeSwpfdqPTzk/s-l225.jpg,https://www.ebay.com/itm/358721197625?_skw=Team+Rocket%27s+Mewtwo+ex+231+Destined+Rivals+Pokemon+card&hash=item5385731639:g:x~4AAeSwpfdqPTzk,2026-09-12T23:42:48.395762+00:00
D3-8407EA1313C8565D,PRECISION_BLIND,828c0d0d-2ede-4bab-bed4-407cd3cf8662,06c45a41-2b44-401a-9703-5c9952f2580f,Mega Gengar ex,Ascended Heroes,284,special_illustration_rare,v1|298553808944|0,Mega Gengar EX 284/217 SIR Special Illustration Rare Ascended Heroes (2),,Ungraded,4000,[],"[""FIXED_PRICE"",""BEST_OFFER""]",1upgamesga,https://i.ebayimg.com/images/g/krAAAeSwJaRqb45L/s-l225.jpg,https://www.ebay.com/itm/298553808944?_skw=Mega+Gengar+ex+284+Ascended+Heroes+Pokemon+card&hash=item4583319830:g:krAAAeSwJaRqb45L,2026-09-12T23:42:48.395762+00:00
D3-DC0FB2A5855DC60A,PRECISION_BLIND,97165c7e-1d85-4962-807e-5661c2115d7d,b592d276-ceb3-4a5e-90d5-d759808b7da3,Furret,Journey Together,168,illustration_rare,v1|800616588200|0,Furret Holo Illustration Rare SV09: Journey Together 168/159 NM,,Ungraded,4000,[],"[""FIXED_PRICE""]",a_k_collects,https://i.ebayimg.com/images/g/jdcAAeSw7RNqnBMy/s-l225.jpg,https://www.ebay.com/itm/800616588200?_skw=Furret+168+Journey+Together+Pokemon+card&hash=itemba6877a3a8:g:jdcAAeSw7RNqnBMy,2026-09-12T23:42:48.395762+00:00
D3-DDA9E8E8310BE979,PRECISION_BLIND,25638dbd-2434-4a4f-ba0d-dcf3e3e114ca,b3f17a3e-c2cb-447e-8873-c5970a4372c9,Clemont's Quick Wit,Surging Sparks,243,special_illustration_rare,v1|188612553394|0,Clemont's Quick Wit 243/191 Surging Sparks Pokemon Holo NM,,Ungraded,4000,[],"[""FIXED_PRICE""]",ahmmub_izhp4,https://i.ebayimg.com/images/g/T0sAAeSwtv9qTSYb/s-l225.jpg,https://www.ebay.com/itm/188612553394?_skw=Clemont%27s+Quick+Wit+243+Surging+Sparks+Pokemon+card&hash=item2bea2f2ab2:g:T0sAAeSwtv9qTSYb,2026-09-12T23:42:48.395762+00:00
D3-C2AF8C4A37CA6059,PRECISION_BLIND,fd225f1d-3765-4209-a5ec-42caf35933b0,92fdb409-1454-43ef-87ee-19095f700462,Team Rocket's Nidoking ex,Destined Rivals,233,special_illustration_rare,v1|198632766533|0,🚀Team Rocket's Nidoking EX 233/182 Destined Rivals Special Illustration Rare NM,,Ungraded,4000,[],"[""FIXED_PRICE"",""BEST_OFFER""]",antman0013,https://i.ebayimg.com/images/g/goMAAeSwKq1qovtR/s-l225.jpg,https://www.ebay.com/itm/198632766533?_skw=Team+Rocket%27s+Nidoking+ex+233+Destined+Rivals+Pokemon+card&hash=item2e3f6f7c45:g:goMAAeSwKq1qovtR,2026-09-12T23:42:48.395762+00:00
D3-3AD642483F8ACBB6,PRECISION_BLIND,b620ec1c-c0ac-4e7e-919d-a7df98bcb84b,8af678f4-09f0-486c-9617-b56896ebeea0,Zweilous,White Flare,147,illustration_rare,v1|178302680557|0,Pokemon TCG Zweilous 147/086 White Flare Illustration Rare Nm,,Ungraded,4000,[],"[""FIXED_PRICE"",""BEST_OFFER""]",artyverse,https://i.ebayimg.com/images/g/sMsAAeSwsFZqUnVR/s-l225.jpg,https://www.ebay.com/itm/178302680557?_skw=Zweilous+147+White+Flare+Pokemon+card&hash=item2983aafded:g:sMsAAeSwsFZqUnVR,2026-09-12T23:42:48.395762+00:00
D3-6381982C01EB8237,PRECISION_BLIND,ae4a6acb-3a88-4547-a165-7a617bfb2ce8,cd7798fe-711e-4cad-a015-7139b3d49bf6,Jolteon ex,Prismatic Evolutions,153,special_illustration_rare,v1|800593376506|0,NM Jolteon ex 153/131 Prismatic Evolutions Full Art Holo SIR English,,Ungraded,4000,[],"[""FIXED_PRICE"",""BEST_OFFER""]",allehipple-0,https://i.ebayimg.com/images/g/FA0AAeSwuQVqlhft/s-l225.jpg,https://www.ebay.com/itm/800593376506?_skw=Jolteon+ex+153+Prismatic+Evolutions+Pokemon+card&hash=itemba671574fa:g:FA0AAeSwuQVqlhft,2026-09-12T23:42:48.395762+00:00
D3-AEBC6263C4E4484D,PRECISION_BLIND,c7e36a14-236f-4b93-a4a8-a4be2ddc7193,590cc9ca-0f7d-413e-ae31-68433716e01b,Mega Lucario ex,Mega Evolution,179,special_illustration_rare,v1|800626611810|0,Pokémon TCG Mega Lucario EX 179/132 Special Illustration Rare. Mega Evolution.,,Ungraded,4000,[],"[""FIXED_PRICE""]",antdzi64,https://i.ebayimg.com/images/g/AiEAAeSw1WNqntps/s-l225.jpg,https://www.ebay.com/itm/800626611810?_skw=Mega+Lucario+ex+179+Mega+Evolution+Pokemon+card&hash=itemba69109662:g:AiEAAeSw1WNqntps,2026-09-12T23:42:48.395762+00:00
D3-3FF5F379421E9C94,PRECISION_BLIND,d09b2fb5-41b6-4d1e-88cf-629402434501,efae0727-f8c2-48c5-a33e-c308be0d288d,Roaring Moon ex,Prismatic Evolutions,162,special_illustration_rare,v1|267490240675|0,Roaring Moon EX 162/131 Prismatic Evolutions Special Illustration Rare SIR Holo,,Ungraded,4000,[],"[""FIXED_PRICE"",""BEST_OFFER""]",bgtroncards,https://i.ebayimg.com/images/g/738AAeSw8JhpJSRP/s-l225.jpg,https://www.ebay.com/itm/267490240675?_skw=Roaring+Moon+ex+162+Prismatic+Evolutions+Pokemon+card&hash=item3e47a928a3:g:738AAeSw8JhpJSRP,2026-09-12T23:42:48.395762+00:00
D3-747608CFD7033123,PRECISION_BLIND,4206e794-1ec6-4d55-94d4-63267ac9a183,9d5ddc90-8f9d-4759-b73d-fff0cd877d73,Mega Dragonite ex,Ascended Heroes,290,special_illustration_rare,v1|227517748876|0,Mega Dragonite ex 290/217 SIR Ascended Heroes Pokemon English NM,,Ungraded,4000,[],"[""FIXED_PRICE"",""BEST_OFFER""]",adj0720,https://i.ebayimg.com/images/g/RncAAeSwSbhqpL5B/s-l225.jpg,https://www.ebay.com/itm/227517748876?_skw=Mega+Dragonite+ex+290+Ascended+Heroes+Pokemon+card&hash=item34f91d568c:g:RncAAeSwSbhqpL5B,2026-09-12T23:42:48.395762+00:00
D3-8BC18719F3E9DF8D,PRECISION_BLIND,67611b34-a7e9-497f-9708-651cc015ca6c,f02f5725-b24c-4ee9-a9b5-55edd91d7697,Lillie's Determination,Mega Evolution,184,special_illustration_rare,v1|398267555308|0,Lillie's Determination 184/132 Me01: Mega Evolution Holo SIR Pokemon Card NM,,Ungraded,4000,[],"[""FIXED_PRICE""]",adamwatermelon,https://i.ebayimg.com/images/g/40UAAeSwt99qeMj1/s-l225.jpg,https://www.ebay.com/itm/398267555308?_skw=Lillie%27s+Determination+184+Mega+Evolution+Pokemon+card&hash=item5cba989dec:g:40UAAeSwt99qeMj1,2026-09-12T23:42:48.395762+00:00
D3-8298C8B07956D316,PRECISION_BLIND,6a1e2c02-b24d-4001-96f1-8bc2a24d8ccd,de749ceb-28f9-4977-b425-a83f69a3cf55,Gouging Fire ex,Temporal Forces,204,special_illustration_rare,v1|178142851058|0,Gouging Fire ex 204/162 SIR Temporal Forces Pokémon Card NM,,Ungraded,4000,[],"[""FIXED_PRICE"",""BEST_OFFER""]",altaircollectibles,https://i.ebayimg.com/images/g/IncAAeSwICVqCc5M/s-l225.jpg,https://www.ebay.com/itm/178142851058?_skw=Gouging+Fire+ex+204+Temporal+Forces+Pokemon+card&hash=item297a242ff2:g:IncAAeSwICVqCc5M,2026-09-12T23:42:48.395762+00:00
D3-BCA866A4AAB0B725,PRECISION_BLIND,2e5780f8-1769-4d26-9e3e-87e4a27d4dfe,09b7c446-d89f-4a64-b721-bc1293308747,Dachsbun ex,Stellar Crown,169,special_illustration_rare,v1|800582420916|0,Pokemon Dachsbun ex 169/142 Stellar Crown Special Illustration Rare Holo NM,,Ungraded,4000,[],"[""FIXED_PRICE"",""BEST_OFFER""]",bourbon_bullion_coins,https://i.ebayimg.com/images/g/~SkAAeSwZPBqhMRh/s-l225.jpg,https://www.ebay.com/itm/800582420916?_skw=Dachsbun+ex+169+Stellar+Crown+Pokemon+card&hash=itemba666e49b4:g:~SkAAeSwZPBqhMRh,2026-09-12T23:42:48.395762+00:00
D3-1324E195A943F0FD,PRECISION_BLIND,6a2b87e5-f90b-48f4-be30-a77258bee660,36134e45-4899-474f-88f0-b540ba618b49,Marill,Paldea Evolved,204,illustration_rare,v1|820116572763|0,The Pokémon Company 2023 Paldea Evolved Marill 204/193 IR Full Art Holo EN,,Ungraded,4000,[],"[""FIXED_PRICE"",""BEST_OFFER""]",andcor-41,https://i.ebayimg.com/images/g/9ZUAAeSwtLZqpLZQ/s-l225.jpg,https://www.ebay.com/itm/820116572763?_skw=Marill+204+Paldea+Evolved+Pokemon+card&hash=itembef2c1ca5b:g:9ZUAAeSwtLZqpLZQ,2026-09-12T23:42:48.395762+00:00
D3-1B3177654DDDC1B6,PRECISION_BLIND,b3020b76-9ff0-449a-85b8-924878fa0e8b,b70cd4ec-81c4-4e81-a677-901a43af62d9,Archeops,White Flare,132,illustration_rare,v1|237036798879|0,Archeops SV: White Flare 132/086 Illustration Rare NM,,Ungraded,4000,[],"[""FIXED_PRICE"",""BEST_OFFER""]",916_tcg,https://i.ebayimg.com/images/g/IPIAAeSwGFpqko3G/s-l225.jpg,https://www.ebay.com/itm/237036798879?_skw=Archeops+132+White+Flare+Pokemon+card&hash=item37307e839f:g:IPIAAeSwGFpqko3G,2026-09-12T23:42:48.395762+00:00
D3-0CE4860BADBAD3A0,PRECISION_BLIND,2cef0dfb-a5fd-4aed-b8ae-34a82f414587,3d276bff-a869-4634-840f-d5eb4f33aa1d,Reshiram ex,White Flare,166,special_illustration_rare,v1|178422048812|0,Pokémon TCG SV White Flare Reshiram ex 166/086 Special Illustration Rare NM,,Ungraded,4000,[],"[""FIXED_PRICE""]",after_shift_collectibles,https://i.ebayimg.com/images/g/G0YAAeSwuQVqhTTm/s-l225.jpg,https://www.ebay.com/itm/178422048812?_skw=Reshiram+ex+166+White+Flare+Pokemon+card&hash=item298ac8682c:g:G0YAAeSwuQVqhTTm,2026-09-12T23:42:48.395762+00:00
D3-DDD0FE9AA347E4AD,PRECISION_BLIND,21e9ddc5-2751-4886-9e08-a1c6e2cc14e4,53abbd65-a601-4185-b08c-3721e963fa3d,Kyurem ex,Black Bolt,165,special_illustration_rare,v1|327004693885|0,Kyurem ex 165/086 SV: Black Bolt Mint Pokemon,,Ungraded,4000,[],"[""FIXED_PRICE"",""BEST_OFFER""]",animedingo,https://i.ebayimg.com/images/g/zS0AAeSwCxBpksbj/s-l225.jpg,https://www.ebay.com/itm/327004693885?_skw=Kyurem+ex+165+Black+Bolt+Pokemon+card&hash=item4c22ffa57d:g:zS0AAeSwCxBpksbj,2026-09-12T23:42:48.395762+00:00
D3-20A7560CDE8720FE,PRECISION_BLIND,301185dd-2bde-4699-80bd-8b2a3cfd8f7f,af28bc66-9c8b-4dbb-bf83-fa6215bd26f0,Pikachu ex,Ascended Heroes,276,special_illustration_rare,v1|407084753723|0,✨Pikachu ex 276/217 Ascended Heroes SIR Full Art Holo English TCG Pack Fresh✨,,Ungraded,4000,[],"[""FIXED_PRICE""]",alweinb_66,https://i.ebayimg.com/images/g/PsUAAeSwpwZqXWGy/s-l225.jpg,https://www.ebay.com/itm/407084753723?_skw=Pikachu+ex+276+Ascended+Heroes+Pokemon+card&hash=item5ec824633b:g:PsUAAeSwpwZqXWGy,2026-09-12T23:42:48.395762+00:00
D3-7A4963B97EC64AE0,PRECISION_BLIND,b801a524-e703-4f4c-ad99-1ec742cf30ec,586dac04-6254-4241-b628-b6d3dac61063,Bianca's Devotion,Temporal Forces,209,special_illustration_rare,v1|137538005064|0,SV05: Temporal Forces #209/162 Bianca's Devotion,,Ungraded,4000,[],"[""FIXED_PRICE""]",cash4gamescny,https://i.ebayimg.com/images/g/FjsAAeSwknFqYAsM/s-l225.jpg,https://www.ebay.com/itm/137538005064?_skw=Bianca%27s+Devotion+209+Temporal+Forces+Pokemon+card&hash=item2005e76848:g:FjsAAeSwknFqYAsM,2026-09-12T23:42:48.395762+00:00
D3-4FB03BC69C733A0A,PRECISION_BLIND,33dca102-b449-4da6-bfa6-7b72de711596,c2d7a5e7-cfdd-4f37-9748-a2259857c6e3,Charizard ex,Paldean Fates,234,special_illustration_rare,v1|206533887023|0,Charizard ex - 234/091 - SV: Paldean Fates,,Ungraded,4000,[],"[""FIXED_PRICE"",""BEST_OFFER""]",ahalliday,https://i.ebayimg.com/images/g/780AAeSwhYZqmb20/s-l225.jpg,https://www.ebay.com/itm/206533887023?_skw=Charizard+ex+234+Paldean+Fates+Pokemon+card&hash=item301661042f:g:780AAeSwhYZqmb20,2026-09-12T23:42:48.395762+00:00
D3-7551680427109D09,PRECISION_BLIND,3c75f577-62ee-4bdf-865c-ab2384f4379b,ecf458ed-ed92-4f04-bf27-1912d59bdbc0,Mega Charizard Y ex,Ascended Heroes,294,mega_hyper_rare,v1|800358150245|0,Mega Charizard Y ex 294/217 Me: Ascended Heroes Holo,,Ungraded,4000,[],"[""FIXED_PRICE"",""BEST_OFFER""]",al_mix3,https://i.ebayimg.com/images/g/sVUAAeSwEFNqWgiq/s-l225.jpg,https://www.ebay.com/itm/800358150245?_skw=Mega+Charizard+Y+ex+294+Ascended+Heroes+Pokemon+card&hash=itemba59103065:g:sVUAAeSwEFNqWgiq,2026-09-12T23:42:48.395762+00:00
D3-57CE276B40E05018,PRECISION_BLIND,147a436d-4ccc-43d1-b19a-20b74d2ff723,a86eb8d9-0e89-4e02-879a-d587dbfe0252,Carmine,Twilight Masquerade,217,special_illustration_rare,v1|398371111808|0,The Pokémon Company Carmine 217/167 SV06 Twilight Masquerade SIR Holo FA Eng,,Ungraded,4000,[],"[""AUCTION"",""BEST_OFFER""]",alaldr_4140,https://i.ebayimg.com/images/g/AtAAAeSwDFZqlhIh/s-l225.jpg,https://www.ebay.com/itm/398371111808?_skw=Carmine+217+Twilight+Masquerade+Pokemon+card&hash=item5cc0c4c380:g:AtAAAeSwDFZqlhIh,2026-09-12T23:42:48.395762+00:00
D3-CD6B6D98ADB0AEC9,PRECISION_BLIND,d12a209b-06a3-4b46-82d3-a374e6bbe7b4,d0d523dc-3f95-4bbc-beb6-75b3d2a15cae,Grafaiai,Paldea Evolved,223,illustration_rare,v1|306223888706|0,Grafaiai 223/193 IR Illustration Rare NM Paldea Evolved - Pokemon TCG,,Ungraded,4000,[],"[""FIXED_PRICE"",""BEST_OFFER""]",aisch-3713,https://i.ebayimg.com/images/g/0LAAAeSwGmtn8ZHD/s-l225.jpg,https://www.ebay.com/itm/306223888706?_skw=Grafaiai+223+Paldea+Evolved+Pokemon+card&hash=item474c5db942:g:0LAAAeSwGmtn8ZHD,2026-09-12T23:42:48.395762+00:00
D3-7BF0B4AD218626FE,PRECISION_BLIND,4299cd6b-98e3-4e65-865f-26a39b19fe5b,041717c6-a2b6-40d1-867a-b1abb1d65ec8,Durant ex,Surging Sparks,236,special_illustration_rare,v1|267750486088|0,Durant ex - Holo Special Illustration Rare SV08: Surging Sparks 236/191 NM,,Ungraded,4000,[],"[""FIXED_PRICE""]",ale_somm,https://i.ebayimg.com/images/g/1x0AAeSwPZVqdfqR/s-l225.jpg,https://www.ebay.com/itm/267750486088?_skw=Durant+ex+236+Surging+Sparks+Pokemon+card&hash=item3e572c3048:g:1x0AAeSwPZVqdfqR,2026-09-12T23:42:48.395762+00:00
D3-2F80131E01CA6B84,PRECISION_BLIND,152906c9-3b9f-4f16-bb22-cb4241c7386b,20ddd5ca-77ef-4e3c-a018-ea4c7a44913a,Giovanni's Charisma,Scarlet and Violet 151,204,special_illustration_rare,v1|198452071362|0,Giovanni's Charisma 204/165 Sv: Scarlet & Violet 151 Holo,,Ungraded,4000,[],"[""FIXED_PRICE"",""BEST_OFFER""]",a2dakaycollectibles,https://i.ebayimg.com/images/g/KiMAAeSwn75qPIdG/s-l225.jpg,https://www.ebay.com/itm/198452071362?_skw=Giovanni%27s+Charisma+204+Scarlet+and+Violet+151+Pokemon+card&hash=item2e34aa4bc2:g:KiMAAeSwn75qPIdG,2026-09-12T23:42:48.395762+00:00
D3-4D617B1D6AC1402B,PRECISION_BLIND,64c0404b-826f-493d-9c10-738b2b56eca4,9f6c24f7-6a76-471f-ad81-d3901c5e9088,Mega Audino ex,Ascended Heroes,253,ultra_rare,v1|358873592386|0,2026 POKEMON ASCENDED HEROES #253/217 MEGA AUDINO EX ULTRA RARE,,Ungraded,4000,[],"[""FIXED_PRICE""]",acardzz20,https://i.ebayimg.com/images/g/MogAAeSwpx9qbujK/s-l225.jpg,https://www.ebay.com/itm/358873592386?_skw=Mega+Audino+ex+253+Ascended+Heroes+Pokemon+card&hash=item538e887242:g:MogAAeSwpx9qbujK,2026-09-12T23:42:48.395762+00:00
D3-A6EFBC126C9196CA,PRECISION_BLIND,5576e4b9-4873-40fa-84c4-da9f28cec096,8614b6c4-8840-4b33-9908-4ded064f570f,Gulpin,Stellar Crown,154,illustration_rare,v1|366579704588|0,Gulpin 154/142 Sv07: Stellar Crown Holo,,Ungraded,4000,[],"[""FIXED_PRICE""]",76p2n_68,https://i.ebayimg.com/images/g/xoQAAeSwogFqblQH/s-l225.jpg,https://www.ebay.com/itm/366579704588?_skw=Gulpin+154+Stellar+Crown+Pokemon+card&hash=item5559da630c:g:xoQAAeSwogFqblQH,2026-09-12T23:42:48.395762+00:00
D3-CB4589E6DDFD0DE7,PRECISION_BLIND,0331d96e-d8af-44d3-9552-85f784d9b4ca,720c16f5-5c19-43bc-a711-0ea9e8545aab,Trubbish,White Flare,140,illustration_rare,v1|407135390715|0,Pokémon Trubbish 140/086 Illustration Rare,,Ungraded,4000,[],"[""FIXED_PRICE"",""BEST_OFFER""]",bl4z3dripp3r,https://i.ebayimg.com/images/g/IZAAAeSwk-9qeqYj/s-l225.jpg,https://www.ebay.com/itm/407135390715?_skw=Trubbish+140+White+Flare+Pokemon+card&hash=item5ecb290bfb:g:IZAAAeSwk-9qeqYj,2026-09-12T23:42:48.395762+00:00
D3-40C0489D6E67E3AB,PRECISION_BLIND,a6969678-b361-4b27-bee3-e3cdc127a5e4,bb6ebfa8-886c-4b5c-822a-7431870bb339,Dragapult ex,Prismatic Evolutions,165,special_illustration_rare,v1|188812447193|0,Dragapult ex 165/131 Special Illustration Rare Prismatic Evolutions,,Ungraded,4000,[],"[""FIXED_PRICE""]",am562-21,https://i.ebayimg.com/images/g/e2UAAeSw7dJqhIoI/s-l225.jpg,https://www.ebay.com/itm/188812447193?_skw=Dragapult+ex+165+Prismatic+Evolutions+Pokemon+card&hash=item2bf6194dd9:g:e2UAAeSw7dJqhIoI,2026-09-12T23:42:48.395762+00:00
D3-285970725CA1636A,PRECISION_BLIND,f01e01fe-17e4-48b7-8ba3-9a88f876acd4,7c3e24f9-be0e-4de8-86fc-9fb913792294,Meowth,Phantasmal Flames,106,illustration_rare,v1|407210825262|0,Meowth Holo Illustration Rare ME02: Phantasmal Flames 106/094 NM,,Ungraded,4000,[],"[""FIXED_PRICE""]",abespokeporch,https://i.ebayimg.com/images/g/MK4AAeSwXf5qpOsD/s-l225.jpg,https://www.ebay.com/itm/407210825262?_skw=Meowth+106+Phantasmal+Flames+Pokemon+card&hash=item5ecfa8162e:g:MK4AAeSwXf5qpOsD,2026-09-12T23:42:48.395762+00:00
D3-25B020D71B2B7D28,PRECISION_BLIND,0b81872e-b089-49e9-aec3-16a535b12efb,0057b67c-a140-400c-b308-2a6d046cb043,Haxorus,Black Bolt,147,illustration_rare,v1|188372461252|0,Haxorus 147/086 Holo Illustration Rare Black Bolt Pokemon Near Mint,,Ungraded,4000,[],"[""FIXED_PRICE""]",ahmmub_izhp4,https://i.ebayimg.com/images/g/CiYAAeSw8oNqAihC/s-l225.jpg,https://www.ebay.com/itm/188372461252?_skw=Haxorus+147+Black+Bolt+Pokemon+card&hash=item2bdbdfa6c4:g:CiYAAeSw8oNqAihC,2026-09-12T23:42:48.395762+00:00
D3-D0EDFE920167CF22,PRECISION_BLIND,3755e7ef-e482-4186-8377-e717f80b3759,aa88bdd2-2ebe-4f9b-b53b-ab077c63f98c,Secret Box,Twilight Masquerade,163,ace_spec,v1|178101142895|0,Secret Box SV06: Twilight Masquerade 163/167 ACE SPEC Rare NM Pokemon,,Ungraded,4000,[],"[""FIXED_PRICE""]",732cardboardcollectibles,https://i.ebayimg.com/images/g/OYQAAeSweFVp92jP/s-l225.jpg,https://www.ebay.com/itm/178101142895?_skw=Secret+Box+163+Twilight+Masquerade+Pokemon+card&hash=item2977a7c56f:g:OYQAAeSweFVp92jP,2026-09-12T23:42:48.395762+00:00
D3-1B9E7EE280402A38,PRECISION_BLIND,15faf94c-4a3b-4f09-a867-f2ded1174419,98ab7334-59cd-47fa-b778-f6526e5e1276,Veluza,Paradox Rift,192,illustration_rare,v1|306861320322|0,Veluza Illustration Rare SV04: Paradox Rift Holo 192/182 NM,,Ungraded,4000,[],"[""FIXED_PRICE"",""BEST_OFFER""]",airbell-collectibles,https://i.ebayimg.com/images/g/ArQAAeSwRmRp0QPy/s-l225.jpg,https://www.ebay.com/itm/306861320322?_skw=Veluza+192+Paradox+Rift+Pokemon+card&hash=item47725c2882:g:ArQAAeSwRmRp0QPy,2026-09-12T23:42:48.395762+00:00
D3-3B1736E88EEE80EF,PRECISION_BLIND,605a2c1a-6a14-463e-b1e2-b55cd9c16244,14ea6011-0e3d-4eff-ac53-6b13e2976a71,Krookodile,Black Bolt,137,illustration_rare,v1|307004225116|0,"Krookodile 137/086 Illustration Rare, Black Bolt, Full Art Holo, Pokemon TCG, NM",,Ungraded,4000,[],"[""FIXED_PRICE""]",backstreetcollectibles,https://i.ebayimg.com/images/g/81kAAeSwTYtqMEpW/s-l225.jpg,https://www.ebay.com/itm/307004225116?_skw=Krookodile+137+Black+Bolt+Pokemon+card&hash=item477ae0b65c:g:81kAAeSwTYtqMEpW,2026-09-12T23:42:48.395762+00:00
D3-C4CA28E46178888A,PRECISION_BLIND,77b44a76-26f7-4fa0-a548-c29870a7bb68,63f84d31-df83-456f-bd4c-e59b7e2ba541,Crustle,Paradox Rift,183,illustration_rare,v1|357655581107|0,Crustle - 183/182 Pokémon TCG Illustration Rare SV04: Paradox Rift Near Mint,,Ungraded,4000,[],"[""FIXED_PRICE"",""BEST_OFFER""]",ampedbycorey,https://i.ebayimg.com/images/g/aBcAAeSwa2No0gmc/s-l225.jpg,https://www.ebay.com/itm/357655581107?_skw=Crustle+183+Paradox+Rift+Pokemon+card&hash=item5345ef11b3:g:aBcAAeSwa2No0gmc,2026-09-12T23:42:48.395762+00:00
D3-6B1A4AD334ADBF73,PRECISION_BLIND,bf928dd7-24bc-4e16-bb5e-afb8122c3241,311abf3f-15cb-4cb8-995f-1937555c4bdd,Fidough,Scarlet and Violet Base Set,213,illustration_rare,v1|820070970510|0,Pokemon Fidough 213/198 SV01: Scarlet & Violet Base Set Holo,,Ungraded,4000,[],"[""FIXED_PRICE""]",anothermansball,https://i.ebayimg.com/images/g/BCUAAeSwvr5qlg4M/s-l225.jpg,https://www.ebay.com/itm/820070970510?_skw=Fidough+213+Scarlet+and+Violet+Base+Set+Pokemon+card&hash=itembef009f48e:g:BCUAAeSwvr5qlg4M,2026-09-12T23:42:48.395762+00:00
D3-F6E1857D80E37048,PRECISION_BLIND,829b12ba-c7f5-4796-9a57-a2a2463c8461,0fc5990b-19e3-4716-b616-b221acc480a6,Houndour,Obsidian Flames,204,illustration_rare,v1|397123330975|0,Houndour 204/197 - Obsidian Flames Holo - *B22,,Ungraded,4000,[],"[""FIXED_PRICE""]",adjnor,https://i.ebayimg.com/images/g/JXEAAeSwxnRo4WgT/s-l225.jpg,https://www.ebay.com/itm/397123330975?_skw=Houndour+204+Obsidian+Flames+Pokemon+card&hash=item5c7665239f:g:JXEAAeSwxnRo4WgT,2026-09-12T23:42:48.395762+00:00
D3-DC290E63BFC95FF5,PRECISION_BLIND,10a47631-ea19-4b62-8a93-4b1b3e6b3013,780a248c-87ff-4879-955c-3d6bea287aca,Lt. Surge's Bargain,Mega Evolution,185,special_illustration_rare,v1|206513521561|0,Lt. Surge's Bargain 185/132 Mega Evolution Holo Near Mint Pokemon,,Ungraded,4000,[],"[""FIXED_PRICE""]",ajpfinds,https://i.ebayimg.com/images/g/5RYAAeSwJ9tqjNt9/s-l225.jpg,https://www.ebay.com/itm/206513521561?_skw=Lt.+Surge%27s+Bargain+185+Mega+Evolution+Pokemon+card&hash=item30152a4399:g:5RYAAeSwJ9tqjNt9,2026-09-12T23:42:48.395762+00:00
D3-725957A42B4203B1,PRECISION_BLIND,a922341e-4646-470b-95cf-2a59055b18ce,2bf9f356-230d-42e8-99e7-0b10161b9392,Spidops ex,Scarlet and Violet Base Set,243,special_illustration_rare,v1|178364083794|0,Spidops ex 243/198 SV01: Scarlet & Violet Base Set Holo,,Ungraded,4000,[],"[""FIXED_PRICE"",""BEST_OFFER""]",arinc2005,https://i.ebayimg.com/images/g/Pj0AAeSw1KlqbkGb/s-l225.jpg,https://www.ebay.com/itm/178364083794?_skw=Spidops+ex+243+Scarlet+and+Violet+Base+Set+Pokemon+card&hash=item298753ee52:g:Pj0AAeSw1KlqbkGb,2026-09-12T23:42:48.395762+00:00
D3-37E5E08E5045DA5C,PRECISION_BLIND,7b00ea04-5c2a-4172-8025-afba48ddacb3,94d01e3d-09de-4d04-a0d8-1f36a5cfe684,Cresselia,Shrouded Fable,71,illustration_rare,v1|188844647647|0,Pokemon Cresselia 071/064 Shrouded Fable Illustration Rare Holo EN TCG,,Ungraded,4000,[],"[""FIXED_PRICE""]",darkvaultarchive,https://i.ebayimg.com/images/g/RJUAAeSwnp1qjx~k/s-l225.jpg,https://www.ebay.com/itm/188844647647?_skw=Cresselia+71+Shrouded+Fable+Pokemon+card&hash=item2bf804a4df:g:RJUAAeSwnp1qjx~k,2026-09-12T23:42:48.395762+00:00
D3-1B5B97CCF9893BC4,PRECISION_BLIND,a3d56338-1f3f-4b99-8920-5d71b8b85737,66f1f173-3a34-44b4-95a3-d0031fa9d3ee,Pikachu ex,Surging Sparks,247,hyper_rare_gold,v1|227498327316|0,Pikachu ex 247/191 Sv08: Surging Sparks Holo,,Ungraded,4000,[],"[""FIXED_PRICE"",""BEST_OFFER""]",acarden23,https://i.ebayimg.com/images/g/TqoAAeSww45qlJ-j/s-l225.jpg,https://www.ebay.com/itm/227498327316?_skw=Pikachu+ex+247+Surging+Sparks+Pokemon+card&hash=item34f7f4fd14:g:TqoAAeSww45qlJ-j,2026-09-12T23:42:48.395762+00:00
D3-FA62418AC8F43E57,PRECISION_BLIND,cc59d868-d0e5-4557-9423-3f9b7c9d2591,04f90621-b7cb-49bf-b962-8ba0790d6e62,Team Rocket's Giovanni,Destined Rivals,238,special_illustration_rare,v1|188527229156|0,Team Rocket's Giovanni 238/182 Destined Rivals Pokemon NM SIR Special illustrat,,Ungraded,4000,[],"[""FIXED_PRICE""]",asaalfrank2012,https://i.ebayimg.com/images/g/r-sAAeSwBrJqM3MZ/s-l225.jpg,https://www.ebay.com/itm/188527229156?_skw=Team+Rocket%27s+Giovanni+238+Destined+Rivals+Pokemon+card&hash=item2be51938e4:g:r-sAAeSwBrJqM3MZ,2026-09-12T23:42:48.395762+00:00
D3-4D319717EA4D8095,PRECISION_BLIND,018c983e-b1d0-41df-880e-ebf3f2e2fb12,4eb8f140-a9c3-41c4-85aa-c2f6b7131746,Penny,Scarlet and Violet Base Set,252,special_illustration_rare,v1|287082437405|0,SV01: Scarlet & Violet Base Set #252/198 Penny,,Ungraded,4000,[],"[""FIXED_PRICE""]",ajvcollectibles,https://i.ebayimg.com/images/g/sBcAAeSwnINpa~j6/s-l225.jpg,https://www.ebay.com/itm/287082437405?_skw=Penny+252+Scarlet+and+Violet+Base+Set+Pokemon+card&hash=item42d7725b1d:g:sBcAAeSwnINpa~j6,2026-09-12T23:42:48.395762+00:00
D3-2C0EFE469278213A,PRECISION_BLIND,9f323989-e972-4a9e-9e7b-3166e85d0690,0f3466bf-92b1-4d3d-913b-181fcec68996,Mega Feraligatr ex,Ascended Heroes,274,special_illustration_rare,v1|267687779850|0,Pokemon TCG Ascended Heroes Mega Feraligatr EX 274/217 SIR,,Ungraded,4000,[],"[""FIXED_PRICE"",""BEST_OFFER""]",ayychiu,https://i.ebayimg.com/images/g/WfsAAeSwdbJqHyez/s-l225.jpg,https://www.ebay.com/itm/267687779850?_skw=Mega+Feraligatr+ex+274+Ascended+Heroes+Pokemon+card&hash=item3e536f5e0a:g:WfsAAeSwdbJqHyez,2026-09-12T23:42:48.395762+00:00
D3-C1E23C0666D12D39,PRECISION_BLIND,0dde3317-5162-49d1-b5c9-6b206a086d2c,7a7c3304-cc14-4aab-9f7b-b88270d4228c,Tinkatuff,Paldean Fates,166,shiny_rare,v1|188622333776|0,Tinkatuff 166/091 Shiny Rare Paldean Fates Pokemon Holo Near Mint,,Ungraded,4000,[],"[""FIXED_PRICE""]",ahmmub_izhp4,https://i.ebayimg.com/images/g/KI4AAeSwvU5qT9yl/s-l225.jpg,https://www.ebay.com/itm/188622333776?_skw=Tinkatuff+166+Paldean+Fates+Pokemon+card&hash=item2beac46750:g:KI4AAeSwvU5qT9yl,2026-09-12T23:42:48.395762+00:00
D3-4885887537B8201A,PRECISION_BLIND,53466d2d-94fd-4230-9505-694297a9030d,3451abaf-acc7-41aa-a60c-25f24b7ac07f,Perrin,Twilight Masquerade,220,special_illustration_rare,v1|178410617973|0,2024 Pokemon Twilight Masquerade PERRIN Special Illustration Rare 220,,Ungraded,4000,[],"[""FIXED_PRICE""]",cardaccountant,https://i.ebayimg.com/images/g/W4MAAeSwjgRqgMtr/s-l225.jpg,https://www.ebay.com/itm/178410617973?_skw=Perrin+220+Twilight+Masquerade+Pokemon+card&hash=item298a19fc75:g:W4MAAeSwjgRqgMtr,2026-09-12T23:42:48.395762+00:00
D3-87AD3BC19BD447F0,PRECISION_BLIND,3b5294d0-4738-4296-952e-f32b2788e3c4,10ab9aee-5f8c-4938-aec5-aa4a4314f745,Sunflora,Twilight Masquerade,169,illustration_rare,v1|147460539050|0,Sunflora - Holo Illustration Rare SV06: Twilight Masquerade 169/167 NM,,Ungraded,4000,[],"[""FIXED_PRICE"",""BEST_OFFER""]",actnowsports-us,https://i.ebayimg.com/images/g/-90AAeSwFuJqZJHB/s-l225.jpg,https://www.ebay.com/itm/147460539050?_skw=Sunflora+169+Twilight+Masquerade+Pokemon+card&hash=item22555542aa:g:-90AAeSwFuJqZJHB,2026-09-12T23:42:48.395762+00:00
D3-F8296A660DC2C69D,PRECISION_BLIND,209f02db-d953-4dde-bbd6-0822671fe1d1,eb38e2d2-2e6a-41e2-939d-335c8a5e50d1,Oshawott,White Flare,105,illustration_rare,v1|398345407114|0,Pokemon TCG Oshawott 105/086 Sv: White Flare Illustration Rare Holo ENG,,Ungraded,4000,[],"[""FIXED_PRICE"",""BEST_OFFER""]",anthonpaul2,https://i.ebayimg.com/images/g/Mf0AAeSwG9FqlisU/s-l225.jpg,https://www.ebay.com/itm/398345407114?_skw=Oshawott+105+White+Flare+Pokemon+card&hash=item5cbf3c8a8a:g:Mf0AAeSwG9FqlisU&amdata=enc%3AAQALAAABAACCtXRWQnOEpyOqnQQ8KGZ2xVYQXsbJhsDtsmLQdpCn%2Bf9uAAQlIT7gVm4Pi9mVP2okHDGzGgLGikG5bfK1gwABdvymQAxr0aJLJQmO722%2BwfcD3bP2QVbaYjJ%2Fy5%2Bf5WVgPxitEpkAZfwBLBCNOOZ4n2%2F9GWzJnilNPxpwi7WH7%2FKCTt4OHaiBwUgER5wdiBz8ViDsxq1yvDgYeg%2FAWQArLM9BJvPspAjsGXs96tuwuBjjgk1D6Avaa0AzI5%2B6Cb1qNFR0D7kuI0NH4so5oiub8oAmDk%2Bg3zmfvO61tmQnqv7bdJIpuVuWX9SGbp%2F34bU%2FY%2FbQZCEzfbd3ZnH4oMg%3D,2026-09-12T23:42:48.395762+00:00
D3-EC868EBDD71D1E5E,PRECISION_BLIND,2c445258-b198-43de-b710-0921ebe3f0ab,4411dcaa-280b-4355-bc49-f27c3f6580f2,Pikachu ex,Ascended Heroes,277,special_illustration_rare,v1|336597300476|0,2026 Pokemon Pikachu ex 277/217 Ascended Heroes SIR Special Illustration Rare 1,,Ungraded,4000,[],"[""FIXED_PRICE"",""BEST_OFFER""]",antsa_269478,https://i.ebayimg.com/images/g/B7cAAeSwZQpqERyL/s-l225.jpg,https://www.ebay.com/itm/336597300476?_skw=Pikachu+ex+277+Ascended+Heroes+Pokemon+card&hash=item4e5ec334fc:g:B7cAAeSwZQpqERyL,2026-09-12T23:42:48.395762+00:00
D3-511054A2AEB312F5,PRECISION_BLIND,24f40ecd-605f-4d62-b748-afed33706583,bd1bb49f-f0e6-4441-a2cd-648e3ccf4a4c,Emboar,White Flare,98,illustration_rare,v1|398382403372|0,Pokemon Emboar 098/086 White Flare Illustration Rare NM,,Ungraded,4000,[],"[""FIXED_PRICE"",""BEST_OFFER""]",peaceland,https://i.ebayimg.com/images/g/BhYAAeSw7mFqozqJ/s-l225.jpg,https://www.ebay.com/itm/398382403372?_skw=Emboar+98+White+Flare+Pokemon+card&hash=item5cc1710f2c:g:BhYAAeSw7mFqozqJ&amdata=enc%3AAQALAAABAACCtXRWQnOEpyOqnQQ8KGZWOCwvYEiFyKlI6utpCeFYeD7zT0K7DDmYAc7%2FqLwTfNdr8w0nTuVMHk63%2BTcYyueQc3l%2FgEFXoPZfw0AJn9JNMoXeXMK4ymV4b%2FmEOapwgbJ5p3DzmwPN5hItIADrCH%2B%2BBicjXUKjr9HhTCIDBTo7y%2BK77p77DT0kkSs1gR48v5gkcTV9STD3xiUM%2B7gzvnm3BEJx4IgndVPLlgdsv3Q%2Bcqumd6v9Uzp%2BXgjPSNFykfQ0Wh7wh7rQdPGrszY7Bq07LLwUPY4XCjCQ2bPqU%2FfKjpTKKVM%2BTuIAN6zxYJ1For0HtFwuVwhsD%2Fisgwqq7Cw%3D,2026-09-12T23:42:48.395762+00:00
D3-511841F0BD4E88BC,PRECISION_BLIND,3baf2f12-759f-427a-b8d0-2511e639310f,886acc91-d523-4628-bb4a-6ef8db1d8543,Mega Gardevoir ex,Mega Evolution,187,mega_hyper_rare,v1|298631085059|0,Mega Gardevoir ex 187/132 Me01: Mega Evolution Holo,,Ungraded,4000,[],"[""FIXED_PRICE"",""BEST_OFFER""]",austvin,https://i.ebayimg.com/images/g/HfYAAeSw7SlqlO7L/s-l225.jpg,https://www.ebay.com/itm/298631085059?_skw=Mega+Gardevoir+ex+187+Mega+Evolution+Pokemon+card&hash=item4587ccbc03:g:HfYAAeSw7SlqlO7L,2026-09-12T23:42:48.395762+00:00
D3-84190243A4EB0A0B,PRECISION_BLIND,31566cbb-0eeb-499e-aa6d-b9b0bd85fc8b,fc81462a-2c3e-4b7a-a7be-ad7f88d98ace,Mega Greninja ex,Chaos Rising,122,mega_hyper_rare,v1|377380462131|0,Pokemon TCG Chaos Rising 122/086 Mega Greninja Ex Mega Hyper Rare,,Ungraded,4000,[],"[""FIXED_PRICE"",""BEST_OFFER""]",aces_card_shop,https://i.ebayimg.com/images/g/zfQAAeSwydZqaskw/s-l225.jpg,https://www.ebay.com/itm/377380462131?_skw=Mega+Greninja+ex+122+Chaos+Rising+Pokemon+card&hash=item57dda0de33:g:zfQAAeSwydZqaskw,2026-09-12T23:42:48.395762+00:00
D3-B84F42FBC93D755B,PRECISION_BLIND,d4ff3ebb-7e40-4a36-88e6-f07af2977641,1424e3da-f59e-47f2-8310-dfad3baf354b,Zekrom ex,Black Bolt,166,special_illustration_rare,v1|168523221849|0,Pokémon Zekrom EX 166/86 Special Illustration Rare (SIR) Black Bolt NM/M,,Ungraded,4000,[],"[""FIXED_PRICE""]",barbies_in_the_wild,https://i.ebayimg.com/images/g/bxEAAeSwFfRqTe6g/s-l225.jpg,https://www.ebay.com/itm/168523221849?_skw=Zekrom+ex+166+Black+Bolt+Pokemon+card&hash=item273cc44b59:g:bxEAAeSwFfRqTe6g,2026-09-12T23:42:48.395762+00:00
D3-626E5C138A43FAEC,PRECISION_BLIND,b547c5c3-7082-4a7f-9290-3d569b91b462,2c272732-fdb3-4639-aa6b-ea9fa3ad9c24,Team Rocket's Giovanni,Destined Rivals,225,ultra_rare,v1|178311389370|0,Pokémon TCG-Team Rocket’s Giovanni 225/182 Ultra Rare Full Art- Destined Rivals ,,Ungraded,4000,[],"[""FIXED_PRICE""]",all-starsupply,https://i.ebayimg.com/images/g/RVgAAeSwf79qVsqN/s-l225.jpg,https://www.ebay.com/itm/178311389370?_skw=Team+Rocket%27s+Giovanni+225+Destined+Rivals+Pokemon+card&hash=item29842fe0ba:g:RVgAAeSwf79qVsqN,2026-09-12T23:42:48.395762+00:00
D3-98045E9BAE6F7994,PRECISION_BLIND,23d6bd35-bbf0-49b2-911e-4949e66ff8bb,9326d67b-4017-4430-ac3c-bae6eb088be7,Pachirisu,Paldean Fates,138,shiny_rare,v1|358906761406|0,Pachirisu 138/091 SV: Paldean Fates Holo,,Ungraded,4000,[],"[""FIXED_PRICE""]",bones_tavern,https://i.ebayimg.com/images/g/v5IAAeSwQGhqeUbH/s-l225.jpg,https://www.ebay.com/itm/358906761406?_skw=Pachirisu+138+Paldean+Fates+Pokemon+card&hash=item53908290be:g:v5IAAeSwQGhqeUbH,2026-09-12T23:42:48.395762+00:00
D3-E0C32BBECA9AF6C1,PRECISION_BLIND,e26de7b7-434e-4bec-8fc2-fb15b971b1a7,44b0372c-396d-43e9-84bb-afad2d04128f,Jamming Tower,Ascended Heroes,261,ultra_rare,v1|389794472361|0,Pokémon TCG Jamming Tower 261/217 Ascended Heroes Holo Ultra Rare NM,,Ungraded,4000,[],"[""FIXED_PRICE"",""BEST_OFFER""]",akada_b,https://i.ebayimg.com/images/g/D5sAAeSwbCppwxnB/s-l225.jpg,https://www.ebay.com/itm/389794472361?_skw=Jamming+Tower+261+Ascended+Heroes+Pokemon+card&hash=item5ac18fa1a9:g:D5sAAeSwbCppwxnB&amdata=enc%3AAQALAAABEACCtXRWQnOEpyOqnQQ8KGaCyYGIfwMBCpR%2FzCIUPLprz4wyfBVISW5ur835RbSJP9zDCm8R6iahiU9bjn%2B7tIu94yGpN0aXp5CUMHaJ5LLhWUDxOcSBtcDqoojgmRa3iiDjzTyQgFYScX%2BO7boHc8tmWaUVAJiyzSU3lvFHU7tHlXmN8htaHn%2FXSmsc54itMyoDSl%2FxqooRK24C2ux%2FBPcOqqm99UYzlsIQvqHCfunRl3VGmmfqGEpgLfY61mnrmX%2Fbhsc3DwLyORSVNyH3HqpIypgG%2FMsNTLL03GkrRXnP5ddaKsXZXc0Zc8%2BcNIllkgL30EUEbKp1fPgaqR3HXuheousECS9d9k8euHNvRqXP,2026-09-12T23:42:48.395762+00:00
D3-3D7D92AFC642F0FA,PRECISION_BLIND,75720435-3807-46b6-b3da-5e1c53b77822,9ad0c133-f133-45ab-9b3f-494199354e20,Mega Darkrai ex,Pitch Black,116,special_illustration_rare,v1|188744991287|0,Mega Darkrai ex – Pitch Black - Special Illustration Rare - #116/084,,Ungraded,4000,[],"[""FIXED_PRICE""]",animexcom,https://i.ebayimg.com/images/g/0iAAAeSwws5qb7or/s-l225.jpg,https://www.ebay.com/itm/188744991287?_skw=Mega+Darkrai+ex+116+Pitch+Black+Pokemon+card&hash=item2bf2140237:g:0iAAAeSwws5qb7or,2026-09-12T23:42:48.395762+00:00
D3-6265617BC8F4F473,PRECISION_BLIND,7f065a2b-5cab-45c8-8fd8-96d4c07c4ee8,3805ddb2-e4cd-40b3-8a52-82398effa130,Canari,Ascended Heroes,291,special_illustration_rare,v1|287301470318|0,Canari 291/217 Me: Ascended Heroes SIR,,Ungraded,4000,[],"[""FIXED_PRICE"",""BEST_OFFER""]",adibcollectibles,https://i.ebayimg.com/images/g/A2MAAeSwCDZp8kpP/s-l225.jpg,https://www.ebay.com/itm/287301470318?_skw=Canari+291+Ascended+Heroes+Pokemon+card&hash=item42e480886e:g:A2MAAeSwCDZp8kpP,2026-09-12T23:42:48.395762+00:00
D3-CC51EE720B466733,PRECISION_BLIND,966bcb61-bf43-4cd7-8287-42f4bb9fa76d,9d636c4c-055f-4e85-b5ef-64675007d904,Leafeon ex,Prismatic Evolutions,144,special_illustration_rare,v1|318842004360|0,Pokemon Leafeon EX Sir 144/131 Prismatic Evolutions,,Ungraded,4000,[],"[""FIXED_PRICE"",""BEST_OFFER""]",anut_7304,https://i.ebayimg.com/images/g/GXgAAeSwZU5qn59l/s-l225.jpg,https://www.ebay.com/itm/318842004360?_skw=Leafeon+ex+144+Prismatic+Evolutions+Pokemon+card&hash=item4a3c76e388:g:GXgAAeSwZU5qn59l,2026-09-12T23:42:48.395762+00:00
D3-5137A12D833BBA21,PRECISION_BLIND,6a980108-6683-4461-ac9a-c81a27326dee,129a7668-0ba7-4f77-8585-3847e6c3d342,Team Rocket's Mewtwo ex,Destined Rivals,231,special_illustration_rare,v1|188499916074|0,Team Rocket's Mewtwo ex 231/182 SIR Destined Rivals Pokemon Card NM/M,,Ungraded,4000,[],"[""FIXED_PRICE"",""BEST_OFFER""]",antiochcollectibles,https://i.ebayimg.com/images/g/cY8AAeSwuYdqJ4yt/s-l225.jpg,https://www.ebay.com/itm/188499916074?_skw=Team+Rocket%27s+Mewtwo+ex+231+Destined+Rivals+Pokemon+card&hash=item2be378752a:g:cY8AAeSwuYdqJ4yt,2026-09-12T23:42:48.395762+00:00
D3-BD43FF632B267A18,PRECISION_BLIND,828c0d0d-2ede-4bab-bed4-407cd3cf8662,06c45a41-2b44-401a-9703-5c9952f2580f,Mega Gengar ex,Ascended Heroes,284,special_illustration_rare,v1|188727627845|0,Mega Gengar EX 284/217 Special Illustration Rare - Ascended Heroes,,Ungraded,4000,[],"[""FIXED_PRICE"",""BEST_OFFER""]",2pokebros,https://i.ebayimg.com/images/g/qjgAAeSwDDdqbhWY/s-l225.jpg,https://www.ebay.com/itm/188727627845?_skw=Mega+Gengar+ex+284+Ascended+Heroes+Pokemon+card&hash=item2bf10b1045:g:qjgAAeSwDDdqbhWY,2026-09-12T23:42:48.395762+00:00
D3-262E70B1AEAFFDB2,PRECISION_BLIND,97165c7e-1d85-4962-807e-5661c2115d7d,b592d276-ceb3-4a5e-90d5-d759808b7da3,Furret,Journey Together,168,illustration_rare,v1|407186646155|0,Furret Holo Illustration Rare SV09: Journey Together 168/159 NM,,Ungraded,4000,[],"[""FIXED_PRICE""]",abespokeporch,https://i.ebayimg.com/images/g/2j0AAeSwUxNql6wW/s-l225.jpg,https://www.ebay.com/itm/407186646155?_skw=Furret+168+Journey+Together+Pokemon+card&hash=item5ece37248b:g:2j0AAeSwUxNql6wW,2026-09-12T23:42:48.395762+00:00
D3-E9B5E5D1CF0B8934,PRECISION_BLIND,25638dbd-2434-4a4f-ba0d-dcf3e3e114ca,b3f17a3e-c2cb-447e-8873-c5970a4372c9,Clemont's Quick Wit,Surging Sparks,243,special_illustration_rare,v1|336661041890|0,Clemont's Quick Wit Holo Special Illustration Rare Surging Sparks 243/191 NM,,Ungraded,4000,[],"[""FIXED_PRICE""]",atomicwolfgaming,https://i.ebayimg.com/images/g/5LoAAeSwZfZqQUd3/s-l225.jpg,https://www.ebay.com/itm/336661041890?_skw=Clemont%27s+Quick+Wit+243+Surging+Sparks+Pokemon+card&hash=item4e628fd2e2:g:5LoAAeSwZfZqQUd3,2026-09-12T23:42:48.395762+00:00
D3-F09D09B0219AA7F6,PRECISION_BLIND,fd225f1d-3765-4209-a5ec-42caf35933b0,92fdb409-1454-43ef-87ee-19095f700462,Team Rocket's Nidoking ex,Destined Rivals,233,special_illustration_rare,v1|278235797764|0,Team Rocket's Nidoking ex 233/182 SIR Illustration Rare Pokemon Destined Rivals,,Ungraded,4000,[],"[""FIXED_PRICE""]",bathbeautybeyond,https://i.ebayimg.com/images/g/8foAAeSw9h1qbUvf/s-l225.jpg,https://www.ebay.com/itm/278235797764?_skw=Team+Rocket%27s+Nidoking+ex+233+Destined+Rivals+Pokemon+card&hash=item40c8255904:g:8foAAeSw9h1qbUvf,2026-09-12T23:42:48.395762+00:00
D3-DDAC2D990B6651F8,PRECISION_BLIND,b620ec1c-c0ac-4e7e-919d-a7df98bcb84b,8af678f4-09f0-486c-9617-b56896ebeea0,Zweilous,White Flare,147,illustration_rare,v1|398321403084|0,Zweilous 147/086 Holo Illustration Rare White Flare Pokemon Card Near Mint,,Ungraded,4000,[],"[""FIXED_PRICE"",""BEST_OFFER""]",beeker_collects,https://i.ebayimg.com/images/g/2kEAAeSwCjpqjQoo/s-l225.jpg,https://www.ebay.com/itm/398321403084?_skw=Zweilous+147+White+Flare+Pokemon+card&hash=item5cbdce44cc:g:2kEAAeSwCjpqjQoo,2026-09-12T23:42:48.395762+00:00
D3-6FC0740D5A6A6C7A,PRECISION_BLIND,ae4a6acb-3a88-4547-a165-7a617bfb2ce8,cd7798fe-711e-4cad-a015-7139b3d49bf6,Jolteon ex,Prismatic Evolutions,153,special_illustration_rare,v1|227511306736|0,Jolteon EX 153/131 SIR Prismatic Evolutions ,,Ungraded,4000,[],"[""FIXED_PRICE"",""BEST_OFFER""]",amlocke86,https://i.ebayimg.com/images/g/V6wAAeSw04tqjj1e/s-l225.jpg,https://www.ebay.com/itm/227511306736?_skw=Jolteon+ex+153+Prismatic+Evolutions+Pokemon+card&hash=item34f8bb09f0:g:V6wAAeSw04tqjj1e,2026-09-12T23:42:48.395762+00:00
D3-D0408A0B9B85B518,PRECISION_BLIND,c7e36a14-236f-4b93-a4a8-a4be2ddc7193,590cc9ca-0f7d-413e-ae31-68433716e01b,Mega Lucario ex,Mega Evolution,179,special_illustration_rare,v1|407044518872|0,Pokemon TCG Card Mega Lucario ex 179/132 Mega Evolution SIR Holo - NM,,Ungraded,4000,[],"[""FIXED_PRICE""]",aytee_cg,https://i.ebayimg.com/images/g/9iEAAeSwSZBqRwvs/s-l225.jpg,https://www.ebay.com/itm/407044518872?_skw=Mega+Lucario+ex+179+Mega+Evolution+Pokemon+card&hash=item5ec5be73d8:g:9iEAAeSwSZBqRwvs,2026-09-12T23:42:48.395762+00:00
D3-5AA1492CA31643B7,PRECISION_BLIND,d09b2fb5-41b6-4d1e-88cf-629402434501,efae0727-f8c2-48c5-a33e-c308be0d288d,Roaring Moon ex,Prismatic Evolutions,162,special_illustration_rare,v1|800046864219|0,Roaring Moon ex 162/131 Sv: Prismatic Evolutions Holo,,Ungraded,4000,[],"[""FIXED_PRICE"",""BEST_OFFER""]",blackand8385,https://i.ebayimg.com/images/g/fYsAAeSwnflqDmvb/s-l225.jpg,https://www.ebay.com/itm/800046864219?_skw=Roaring+Moon+ex+162+Prismatic+Evolutions+Pokemon+card&hash=itemba4682575b:g:fYsAAeSwnflqDmvb,2026-09-12T23:42:48.395762+00:00
D3-3B5B8FE5B1DD05BB,PRECISION_BLIND,4206e794-1ec6-4d55-94d4-63267ac9a183,9d5ddc90-8f9d-4759-b73d-fff0cd877d73,Mega Dragonite ex,Ascended Heroes,290,special_illustration_rare,v1|800642968462|0,Mega Dragonite Ex 290/217 Ascended Heroes Special Illustration Rare Pokemon TCG,,Ungraded,4000,[],"[""FIXED_PRICE"",""BEST_OFFER""]",bramen67,https://i.ebayimg.com/images/g/gEcAAeSwc8FqmJnr/s-l225.jpg,https://www.ebay.com/itm/800642968462?_skw=Mega+Dragonite+ex+290+Ascended+Heroes+Pokemon+card&hash=itemba6a0a2b8e:g:gEcAAeSwc8FqmJnr,2026-09-12T23:42:48.395762+00:00
D3-B4CA9200D23BC601,PRECISION_BLIND,67611b34-a7e9-497f-9708-651cc015ca6c,f02f5725-b24c-4ee9-a9b5-55edd91d7697,Lillie's Determination,Mega Evolution,184,special_illustration_rare,v1|147543308573|0,Lillie's Determination 184/132 Me01: Mega Evolution Holo,,Ungraded,4000,[],"[""FIXED_PRICE"",""BEST_OFFER""]",addrakken,https://i.ebayimg.com/images/g/elYAAeSwv9Nql3PV/s-l225.jpg,https://www.ebay.com/itm/147543308573?_skw=Lillie%27s+Determination+184+Mega+Evolution+Pokemon+card&hash=item225a44391d:g:elYAAeSwv9Nql3PV,2026-09-12T23:42:48.395762+00:00
D3-99AC02638D452681,PRECISION_BLIND,6a1e2c02-b24d-4001-96f1-8bc2a24d8ccd,de749ceb-28f9-4977-b425-a83f69a3cf55,Gouging Fire ex,Temporal Forces,204,special_illustration_rare,v1|377295299189|0,Gouging Fire ex 204/162 SV05: Temporal Forces Holo Pokemon Card,,Ungraded,4000,[],"[""FIXED_PRICE""]",baseballcardconnection,https://i.ebayimg.com/images/g/pN0AAeSwPYBqPUqt/s-l225.jpg,https://www.ebay.com/itm/377295299189?_skw=Gouging+Fire+ex+204+Temporal+Forces+Pokemon+card&hash=item57d88d6275:g:pN0AAeSwPYBqPUqt,2026-09-12T23:42:48.395762+00:00
D3-69C8FC89986F0885,PRECISION_BLIND,2e5780f8-1769-4d26-9e3e-87e4a27d4dfe,09b7c446-d89f-4a64-b721-bc1293308747,Dachsbun ex,Stellar Crown,169,special_illustration_rare,v1|298503305465|0,Dachsbun ex 169/142 Special Illustration Rare Stellar Crown Pokemon Holo NM,,Ungraded,4000,[],"[""FIXED_PRICE""]",cardsandclothes547,https://i.ebayimg.com/images/g/d6EAAeSwMndqVasX/s-l225.jpg,https://www.ebay.com/itm/298503305465?_skw=Dachsbun+ex+169+Stellar+Crown+Pokemon+card&hash=item45802ef8f9:g:d6EAAeSwMndqVasX,2026-09-12T23:42:48.395762+00:00
D3-4FE3707A71AA3252,PRECISION_BLIND,6a2b87e5-f90b-48f4-be30-a77258bee660,36134e45-4899-474f-88f0-b540ba618b49,Marill,Paldea Evolved,204,illustration_rare,v1|318669932003|0,Marill 204/193 Sv02: Paldea Evolved Holo,,Ungraded,4000,[],"[""FIXED_PRICE""]",archangeltcg,https://i.ebayimg.com/images/g/1V8AAeSwo4Nqb~9f/s-l225.jpg,https://www.ebay.com/itm/318669932003?_skw=Marill+204+Paldea+Evolved+Pokemon+card&hash=item4a323545e3:g:1V8AAeSwo4Nqb~9f,2026-09-12T23:42:48.395762+00:00
D3-B3AE0050FABF22AA,PRECISION_BLIND,b3020b76-9ff0-449a-85b8-924878fa0e8b,b70cd4ec-81c4-4e81-a677-901a43af62d9,Archeops,White Flare,132,illustration_rare,v1|206525478400|0,Pokémon TCG Archeops Card 132/086 White Flare SV English,,Ungraded,4000,[],"[""FIXED_PRICE"",""BEST_OFFER""]",alex.triantafillou,https://i.ebayimg.com/images/g/fN8AAeSwHUpqlKxk/s-l225.jpg,https://www.ebay.com/itm/206525478400?_skw=Archeops+132+White+Flare+Pokemon+card&hash=item3015e0b600:g:fN8AAeSwHUpqlKxk,2026-09-12T23:42:48.395762+00:00
D3-B61B215BF0049FD1,PRECISION_BLIND,2cef0dfb-a5fd-4aed-b8ae-34a82f414587,3d276bff-a869-4634-840f-d5eb4f33aa1d,Reshiram ex,White Flare,166,special_illustration_rare,v1|298552495248|0,Reshiram ex - Holo Special Illustration Rare SV: White Flare 166/086 NM,,Ungraded,4000,[],"[""FIXED_PRICE"",""BEST_OFFER""]",basicislandtcg,https://i.ebayimg.com/images/g/-5UAAeSwgMtqbu5T/s-l225.jpg,https://www.ebay.com/itm/298552495248?_skw=Reshiram+ex+166+White+Flare+Pokemon+card&hash=item45831d8c90:g:-5UAAeSwgMtqbu5T&amdata=enc%3AAQALAAABAACCtXRWQnOEpyOqnQQ8KGZo7Hn8Y3pBnCFOsjiFGnpGkRHo8mbPEmN0Vo%2F9pVHkVrKmmMP3uWI1aoCWtP1ksZDDLfhLxL8nm0q100ueGbxoPex4KDPBSFiiTQFfRoMcSsXyNxR2vS9Pt47JweJ8q49LluyjWuxCthk9D1pLEBXTLedoTqJxnPpqvQRGAi%2B%2ByhJJ5qurGZYbzj2ludrLu7eQxmurKkiWAyMI2%2BB1uMw8Koy2cAbf6fNDqZJI%2BlYiB9xLJQVOAQ7sHKCEUa7lNtcfnAcD9TZTQhomYHxgl8kPVbN5oQ5ORGvEsvKZGt6xt1xI5fRHOzTLTz0Y2h9jims%3D,2026-09-12T23:42:48.395762+00:00
D3-2F67A33E5AA8E7EB,PRECISION_BLIND,21e9ddc5-2751-4886-9e08-a1c6e2cc14e4,53abbd65-a601-4185-b08c-3721e963fa3d,Kyurem ex,Black Bolt,165,special_illustration_rare,v1|298665783345|0,Kyurem ex Holo Special Illustration Rare SV: Black Bolt 165/086 NM,,Ungraded,4000,[],"[""FIXED_PRICE"",""BEST_OFFER""]",basicislandtcg,https://i.ebayimg.com/images/g/eOgAAeSwUERqpMR3/s-l225.jpg,https://www.ebay.com/itm/298665783345?_skw=Kyurem+ex+165+Black+Bolt+Pokemon+card&hash=item4589de3031:g:eOgAAeSwUERqpMR3,2026-09-12T23:42:48.395762+00:00
D3-AD07F3E328C391E9,PRECISION_BLIND,301185dd-2bde-4699-80bd-8b2a3cfd8f7f,af28bc66-9c8b-4dbb-bf83-fa6215bd26f0,Pikachu ex,Ascended Heroes,276,special_illustration_rare,v1|147565431048|0,Pikachu ex 276/217 - Special Illustration Rare - Ascended Heroes - Pokemon -NM/M,,Ungraded,4000,[],"[""AUCTION""]",ashhucker,https://i.ebayimg.com/images/g/9sMAAeSwPP9qo2xc/s-l225.jpg,https://www.ebay.com/itm/147565431048?_skw=Pikachu+ex+276+Ascended+Heroes+Pokemon+card&hash=item225b95c908:g:9sMAAeSwPP9qo2xc,2026-09-12T23:42:48.395762+00:00
D3-CDDAC1A3E1950082,PRECISION_BLIND,b801a524-e703-4f4c-ad99-1ec742cf30ec,586dac04-6254-4241-b628-b6d3dac61063,Bianca's Devotion,Temporal Forces,209,special_illustration_rare,v1|387833887174|0,Bianca's Devotion 209/162 Sv05: Temporal Forces Holo,,Ungraded,4000,[],"[""FIXED_PRICE"",""BEST_OFFER""]",christopher.a.kehl,https://i.ebayimg.com/images/g/APMAAOSwAr1nipXj/s-l225.jpg,https://www.ebay.com/itm/387833887174?_skw=Bianca%27s+Devotion+209+Temporal+Forces+Pokemon+card&hash=item5a4cb379c6:g:APMAAOSwAr1nipXj,2026-09-12T23:42:48.395762+00:00
D3-EC8A192D828EA258,PRECISION_BLIND,33dca102-b449-4da6-bfa6-7b72de711596,c2d7a5e7-cfdd-4f37-9748-a2259857c6e3,Charizard ex,Paldean Fates,234,special_illustration_rare,v1|800510295207|0,Pokemon Paldean Fates Charizard EX 234/091 Special Illustration Rare,,Ungraded,4000,[],"[""FIXED_PRICE"",""BEST_OFFER""]",allie8128,https://i.ebayimg.com/images/g/lTsAAeSw3lhqf9eL/s-l225.jpg,https://www.ebay.com/itm/800510295207?_skw=Charizard+ex+234+Paldean+Fates+Pokemon+card&hash=itemba6221bca7:g:lTsAAeSw3lhqf9eL,2026-09-12T23:42:48.395762+00:00
D3-50C1680177475175,PRECISION_BLIND,3c75f577-62ee-4bdf-865c-ab2384f4379b,ecf458ed-ed92-4f04-bf27-1912d59bdbc0,Mega Charizard Y ex,Ascended Heroes,294,mega_hyper_rare,v1|147558322177|0,"Mega Charizard Y EX 294/217 Mega Hyper Rare, Ascended Heroes, Pokemon TCG (NM)",,Ungraded,4000,[],"[""FIXED_PRICE"",""BEST_OFFER""]",antwancook86,https://i.ebayimg.com/images/g/WTwAAeSwZCFqn3eW/s-l225.jpg,https://www.ebay.com/itm/147558322177?_skw=Mega+Charizard+Y+ex+294+Ascended+Heroes+Pokemon+card&hash=item225b295001:g:WTwAAeSwZCFqn3eW,2026-09-12T23:42:48.395762+00:00
D3-15F3191C8FD6D555,PRECISION_BLIND,147a436d-4ccc-43d1-b19a-20b74d2ff723,a86eb8d9-0e89-4e02-879a-d587dbfe0252,Carmine,Twilight Masquerade,217,special_illustration_rare,v1|158276802902|0,Carmine 217/167 SIR - Sv06: Twilight Masquerade - Pokemon TCG,,Ungraded,4000,[],"[""FIXED_PRICE""]",alcardholics,https://i.ebayimg.com/images/g/Za4AAeSwEZZqohv3/s-l225.jpg,https://www.ebay.com/itm/158276802902?_skw=Carmine+217+Twilight+Masquerade+Pokemon+card&hash=item24da085956:g:Za4AAeSwEZZqohv3,2026-09-12T23:42:48.395762+00:00
D3-0B172D2C87F68AE3,PRECISION_BLIND,d12a209b-06a3-4b46-82d3-a374e6bbe7b4,d0d523dc-3f95-4bbc-beb6-75b3d2a15cae,Grafaiai,Paldea Evolved,223,illustration_rare,v1|398371085088|0,Grafaiai 223/193 Sv02: Paldea Evolved Holo RARE,,Ungraded,4000,[],"[""FIXED_PRICE"",""BEST_OFFER""]",bambam_3967,https://i.ebayimg.com/images/g/rPkAAeSw73Zqn0j~/s-l225.jpg,https://www.ebay.com/itm/398371085088?_skw=Grafaiai+223+Paldea+Evolved+Pokemon+card&hash=item5cc0c45b20:g:rPkAAeSw73Zqn0j~,2026-09-12T23:42:48.395762+00:00
D3-FC23246DDB9E6DEE,PRECISION_BLIND,4299cd6b-98e3-4e65-865f-26a39b19fe5b,041717c6-a2b6-40d1-867a-b1abb1d65ec8,Durant ex,Surging Sparks,236,special_illustration_rare,v1|820060119793|0,Durant ex 236/191 Special Illustration Rare Surging Sparks SIR Pokemon TCG NM,,Ungraded,4000,[],"[""FIXED_PRICE"",""BEST_OFFER""]",almin_96,https://i.ebayimg.com/images/g/TwEAAeSwMf5qkj18/s-l225.jpg,https://www.ebay.com/itm/820060119793?_skw=Durant+ex+236+Surging+Sparks+Pokemon+card&hash=itembeef6462f1:g:TwEAAeSwMf5qkj18,2026-09-12T23:42:48.395762+00:00
D3-0F1BD8A8B9CA61BF,PRECISION_BLIND,152906c9-3b9f-4f16-bb22-cb4241c7386b,20ddd5ca-77ef-4e3c-a018-ea4c7a44913a,Giovanni's Charisma,Scarlet and Violet 151,204,special_illustration_rare,v1|406846283633|0,Giovanni's Charisma 204/165 Scarlet & Violet 151 Series Holo Card NM Condition,,Ungraded,4000,[],"[""FIXED_PRICE"",""BEST_OFFER""]",aamnm_44,https://i.ebayimg.com/images/g/VfoAAeSwfqVp2WDt/s-l225.jpg,https://www.ebay.com/itm/406846283633?_skw=Giovanni%27s+Charisma+204+Scarlet+and+Violet+151+Pokemon+card&hash=item5eb9ed9f71:g:VfoAAeSwfqVp2WDt,2026-09-12T23:42:48.395762+00:00
D3-E89768523136633C,PRECISION_BLIND,64c0404b-826f-493d-9c10-738b2b56eca4,9f6c24f7-6a76-471f-ad81-d3901c5e9088,Mega Audino ex,Ascended Heroes,253,ultra_rare,v1|397964288768|0,Mega Audino ex 253/217 Me: Ascended Heroes Holo Pokemon TCG Near Mint Card,,Ungraded,4000,[],"[""FIXED_PRICE""]",adamwatermelon,https://i.ebayimg.com/images/g/wSoAAeSwHPhqC6sD/s-l225.jpg,https://www.ebay.com/itm/397964288768?_skw=Mega+Audino+ex+253+Ascended+Heroes+Pokemon+card&hash=item5ca8852300:g:wSoAAeSwHPhqC6sD,2026-09-12T23:42:48.395762+00:00
D3-68F7B2C2C234E015,PRECISION_BLIND,5576e4b9-4873-40fa-84c4-da9f28cec096,8614b6c4-8840-4b33-9908-4ded064f570f,Gulpin,Stellar Crown,154,illustration_rare,v1|398316532430|0,Pokémon TCG Gulpin 154/142 Illustration Stellar Crown Near Mint Condition,,Ungraded,4000,[],"[""FIXED_PRICE"",""BEST_OFFER""]",amar_zard,https://i.ebayimg.com/images/g/da8AAeSwIK1qizgR/s-l225.jpg,https://www.ebay.com/itm/398316532430?_skw=Gulpin+154+Stellar+Crown+Pokemon+card&hash=item5cbd83f2ce:g:da8AAeSwIK1qizgR,2026-09-12T23:42:48.395762+00:00
D3-7C550043269A2525,PRECISION_BLIND,0331d96e-d8af-44d3-9552-85f784d9b4ca,720c16f5-5c19-43bc-a711-0ea9e8545aab,Trubbish,White Flare,140,illustration_rare,v1|158137688212|0,Pokémon White Flare 140/086 Trubbish Illustration Rare Holo M/NM,,Ungraded,4000,[],"[""FIXED_PRICE"",""BEST_OFFER""]",bmc_games,https://i.ebayimg.com/images/g/v0oAAeSwINxqbCzd/s-l225.jpg,https://www.ebay.com/itm/158137688212?_skw=Trubbish+140+White+Flare+Pokemon+card&hash=item24d1bda094:g:v0oAAeSwINxqbCzd,2026-09-12T23:42:48.395762+00:00
D3-6226DF949951564C,PRECISION_BLIND,a6969678-b361-4b27-bee3-e3cdc127a5e4,bb6ebfa8-886c-4b5c-822a-7431870bb339,Dragapult ex,Prismatic Evolutions,165,special_illustration_rare,v1|336754831487|0,Dragapult ex 165/131 Special Illustration Rare SV: Prismatic Evolutions NM,,Ungraded,4000,[],"[""FIXED_PRICE""]",amazincollectiblestcg,https://i.ebayimg.com/images/g/cVoAAeSwGatqiKnP/s-l225.jpg,https://www.ebay.com/itm/336754831487?_skw=Dragapult+ex+165+Prismatic+Evolutions+Pokemon+card&hash=item4e6826f07f:g:cVoAAeSwGatqiKnP,2026-09-12T23:42:48.395762+00:00
D3-7DCDE9A6D9D6830B,PRECISION_BLIND,f01e01fe-17e4-48b7-8ba3-9a88f876acd4,7c3e24f9-be0e-4de8-86fc-9fb913792294,Meowth,Phantasmal Flames,106,illustration_rare,v1|800568617031|0,Pokémon Tcg Meowth Illustration Rare Phantasmal Flames 106/094,,Ungraded,4000,[],"[""FIXED_PRICE"",""BEST_OFFER""]",adriaocho_2,https://i.ebayimg.com/images/g/VZEAAeSwpyFqj4z2/s-l225.jpg,https://www.ebay.com/itm/800568617031?_skw=Meowth+106+Phantasmal+Flames+Pokemon+card&hash=itemba659ba847:g:VZEAAeSwpyFqj4z2,2026-09-12T23:42:48.395762+00:00
D3-A66CCFF7FB584D84,PRECISION_BLIND,0b81872e-b089-49e9-aec3-16a535b12efb,0057b67c-a140-400c-b308-2a6d046cb043,Haxorus,Black Bolt,147,illustration_rare,v1|800406575708|0,Pokémon TCG Haxorus 147/086 Black Bolt Illustration Rare Holo Card NM,,Ungraded,4000,[],"[""FIXED_PRICE"",""BEST_OFFER""]",aimathyst,https://i.ebayimg.com/images/g/QQsAAeSwWEBqZOsN/s-l225.jpg,https://www.ebay.com/itm/800406575708?_skw=Haxorus+147+Black+Bolt+Pokemon+card&hash=itemba5bf31a5c:g:QQsAAeSwWEBqZOsN,2026-09-12T23:42:48.395762+00:00
D3-FE823ADA954667FF,PRECISION_BLIND,3755e7ef-e482-4186-8377-e717f80b3759,aa88bdd2-2ebe-4f9b-b53b-ab077c63f98c,Secret Box,Twilight Masquerade,163,ace_spec,v1|188463775018|0,Secret Box 163/167 Sv06: Twilight Masquerade Holo,,Ungraded,4000,[],"[""FIXED_PRICE"",""BEST_OFFER""]",a_wee2,https://i.ebayimg.com/images/g/Sg8AAeSwo9pqIM5q/s-l225.jpg,https://www.ebay.com/itm/188463775018?_skw=Secret+Box+163+Twilight+Masquerade+Pokemon+card&hash=item2be150fd2a:g:Sg8AAeSwo9pqIM5q,2026-09-12T23:42:48.395762+00:00
D3-320B4FE9C74092C5,PRECISION_BLIND,15faf94c-4a3b-4f09-a867-f2ded1174419,98ab7334-59cd-47fa-b778-f6526e5e1276,Veluza,Paradox Rift,192,illustration_rare,v1|178336130806|0,Veluza 192/182 Illustration Rare Paradox Rift Pokemon Holo Near Mint,,Ungraded,4000,[],"[""FIXED_PRICE""]",alejre-8,https://i.ebayimg.com/images/g/MUYAAeSwhEBqYXyS/s-l225.jpg,https://www.ebay.com/itm/178336130806?_skw=Veluza+192+Paradox+Rift+Pokemon+card&hash=item2985a966f6:g:MUYAAeSwhEBqYXyS,2026-09-12T23:42:48.395762+00:00
D3-E730B5BF48B6D46B,PRECISION_BLIND,605a2c1a-6a14-463e-b1e2-b55cd9c16244,14ea6011-0e3d-4eff-ac53-6b13e2976a71,Krookodile,Black Bolt,137,illustration_rare,v1|198409828448|0,Krookodile 137/086 Sv: Black Bolt Holo,,Ungraded,4000,[],"[""FIXED_PRICE"",""BEST_OFFER""]",baldmamba01,https://i.ebayimg.com/images/g/LtUAAeSw7N9qJhf7/s-l225.jpg,https://www.ebay.com/itm/198409828448?_skw=Krookodile+137+Black+Bolt+Pokemon+card&hash=item2e3225b860:g:LtUAAeSw7N9qJhf7,2026-09-12T23:42:48.395762+00:00
D3-8F11D139F32FAA7E,PRECISION_BLIND,77b44a76-26f7-4fa0-a548-c29870a7bb68,63f84d31-df83-456f-bd4c-e59b7e2ba541,Crustle,Paradox Rift,183,illustration_rare,v1|358721617657|0,"CRUSTLE 183/182 PARADOX RIFT POKEMON (ILLUSTRATION RARE, NM)",,Ungraded,4000,[],"[""FIXED_PRICE"",""BEST_OFFER""]",ant-321300,https://i.ebayimg.com/images/g/YswAAeSwArRqPW0i/s-l225.jpg,https://www.ebay.com/itm/358721617657?_skw=Crustle+183+Paradox+Rift+Pokemon+card&hash=item5385797ef9:g:YswAAeSwArRqPW0i,2026-09-12T23:42:48.395762+00:00
D3-70B47B7A04AF843C,PRECISION_BLIND,bf928dd7-24bc-4e16-bb5e-afb8122c3241,311abf3f-15cb-4cb8-995f-1937555c4bdd,Fidough,Scarlet and Violet Base Set,213,illustration_rare,v1|158159214426|0,Fidough 213/198 [Scarlet & Violet Base Set] Illustration Rare EN - NM,,Ungraded,4000,[],"[""FIXED_PRICE""]",arkoru.tcg,https://i.ebayimg.com/images/g/jS0AAeSwsDVqjqfY/s-l225.jpg,https://www.ebay.com/itm/158159214426?_skw=Fidough+213+Scarlet+and+Violet+Base+Set+Pokemon+card&hash=item24d306175a:g:jS0AAeSwsDVqjqfY,2026-09-12T23:42:48.395762+00:00
D3-1B9092DF54F3925D,PRECISION_BLIND,829b12ba-c7f5-4796-9a57-a2a2463c8461,0fc5990b-19e3-4716-b616-b221acc480a6,Houndour,Obsidian Flames,204,illustration_rare,v1|128010429902|0,Houndour - Holo Illustration Rare SV03: Obsidian Flames 204/197 NM,,Ungraded,4000,[],"[""FIXED_PRICE""]",aliab2323,https://i.ebayimg.com/images/g/6YIAAeSwMTBqH6o2/s-l225.jpg,https://www.ebay.com/itm/128010429902?_skw=Houndour+204+Obsidian+Flames+Pokemon+card&hash=item1dce0425ce:g:6YIAAeSwMTBqH6o2,2026-09-12T23:42:48.395762+00:00
D3-E0953BDC8DCB1392,PRECISION_BLIND,10a47631-ea19-4b62-8a93-4b1b3e6b3013,780a248c-87ff-4879-955c-3d6bea287aca,Lt. Surge's Bargain,Mega Evolution,185,special_illustration_rare,v1|206536844523|0,Pokémon TCG Lt. Surge's Bargain 185/132 ME01 Special illustration Rare Holo Eng,,Ungraded,4000,[],"[""FIXED_PRICE"",""BEST_OFFER""]",allergi54,https://i.ebayimg.com/images/g/xlAAAeSwTatqm40b/s-l225.jpg,https://www.ebay.com/itm/206536844523?_skw=Lt.+Surge%27s+Bargain+185+Mega+Evolution+Pokemon+card&hash=item30168e24eb:g:xlAAAeSwTatqm40b,2026-09-12T23:42:48.395762+00:00
D3-316DD77008C03DB0,PRECISION_BLIND,a922341e-4646-470b-95cf-2a59055b18ce,2bf9f356-230d-42e8-99e7-0b10161b9392,Spidops ex,Scarlet and Violet Base Set,243,special_illustration_rare,v1|800637170826|0,Spidops ex 243/198 SV01: Scarlet & Violet Base Set Holo,,Ungraded,4000,[],"[""FIXED_PRICE""]",artdysstuff,https://i.ebayimg.com/images/g/Q0kAAeSwJyBqoa4W/s-l225.jpg,https://www.ebay.com/itm/800637170826?_skw=Spidops+ex+243+Scarlet+and+Violet+Base+Set+Pokemon+card&hash=itemba69b1b48a:g:Q0kAAeSwJyBqoa4W,2026-09-12T23:42:48.395762+00:00
D3-2BAB0D897CFC7204,PRECISION_BLIND,7b00ea04-5c2a-4172-8025-afba48ddacb3,94d01e3d-09de-4d04-a0d8-1f36a5cfe684,Cresselia,Shrouded Fable,71,illustration_rare,v1|366661346394|0,Cresselia 071/064 Illustration Rare Shrouded Fable Pokemon Holo Near Mint,,Ungraded,4000,[],"[""FIXED_PRICE""]",diioscollectibles,https://i.ebayimg.com/images/g/GWAAAeSw67Bqoz~4/s-l225.jpg,https://www.ebay.com/itm/366661346394?_skw=Cresselia+71+Shrouded+Fable+Pokemon+card&hash=item555eb8245a:g:GWAAAeSw67Bqoz~4,2026-09-12T23:42:48.395762+00:00
D3-2D9DF8886200F326,PRECISION_BLIND,a3d56338-1f3f-4b99-8920-5d71b8b85737,66f1f173-3a34-44b4-95a3-d0031fa9d3ee,Pikachu ex,Surging Sparks,247,hyper_rare_gold,v1|188828967066|0,Pikachu ex 247/191 Hyper Rare Gold Secret Surging Sparks,,Ungraded,4000,[],"[""FIXED_PRICE""]",am562-21,https://i.ebayimg.com/images/g/ZOsAAeSwmX1qiSdT/s-l225.jpg,https://www.ebay.com/itm/188828967066?_skw=Pikachu+ex+247+Surging+Sparks+Pokemon+card&hash=item2bf715609a:g:ZOsAAeSwmX1qiSdT,2026-09-12T23:42:48.395762+00:00
D3-B9A6B9771BAB39F5,PRECISION_BLIND,cc59d868-d0e5-4557-9423-3f9b7c9d2591,04f90621-b7cb-49bf-b962-8ba0790d6e62,Team Rocket's Giovanni,Destined Rivals,238,special_illustration_rare,v1|366652819672|0,Team Rocket's Giovanni 238/182 Sv10: Destined Rivals Holo,,Ungraded,4000,[],"[""AUCTION"",""BEST_OFFER""]",auswoo_10,https://i.ebayimg.com/images/g/dLgAAeSwfPFqmqKH/s-l225.jpg,https://www.ebay.com/itm/366652819672?_skw=Team+Rocket%27s+Giovanni+238+Destined+Rivals+Pokemon+card&hash=item555e3608d8:g:dLgAAeSwfPFqmqKH,2026-09-12T23:42:48.395762+00:00
D3-5EF63489A0F978B7,PRECISION_BLIND,018c983e-b1d0-41df-880e-ebf3f2e2fb12,4eb8f140-a9c3-41c4-85aa-c2f6b7131746,Penny,Scarlet and Violet Base Set,252,special_illustration_rare,v1|397920057707|0,1x Pokemon TCG - Penny 252/198 Scarlet & Violet Special Illustration Rare SIR NM,,Ungraded,4000,[],"[""FIXED_PRICE"",""BEST_OFFER""]",andypocketanimals,https://i.ebayimg.com/images/g/SigAAeSwcWdp-8CP/s-l225.jpg,https://www.ebay.com/itm/397920057707?_skw=Penny+252+Scarlet+and+Violet+Base+Set+Pokemon+card&hash=item5ca5e2396b:g:SigAAeSwcWdp-8CP,2026-09-12T23:42:48.395762+00:00
D3-DC491FA323DCC0CB,PRECISION_BLIND,9f323989-e972-4a9e-9e7b-3166e85d0690,0f3466bf-92b1-4d3d-913b-181fcec68996,Mega Feraligatr ex,Ascended Heroes,274,special_illustration_rare,v1|307171084353|0,"Mega Feraligatr ex 274/217 SIR, Ascended Heroes, Full Art Holo, Pokemon TCG, NM",,Ungraded,4000,[],"[""AUCTION""]",backstreetcollectibles,https://i.ebayimg.com/images/g/V8gAAeSwGqVqMajs/s-l225.jpg,https://www.ebay.com/itm/307171084353?_skw=Mega+Feraligatr+ex+274+Ascended+Heroes+Pokemon+card&hash=item4784d2c841:g:V8gAAeSwGqVqMajs,2026-09-12T23:42:48.395762+00:00
D3-DE980A09E626FCDA,PRECISION_BLIND,0dde3317-5162-49d1-b5c9-6b206a086d2c,7a7c3304-cc14-4aab-9f7b-b88270d4228c,Tinkatuff,Paldean Fates,166,shiny_rare,v1|178480925533|0,Tinkatuff 166/091 Shiny Rare Paldean Fates Pokemon Holo Near Mint,,Ungraded,4000,[],"[""FIXED_PRICE""]",alejre-8,https://i.ebayimg.com/images/g/KWkAAeSwdntqoM0~/s-l225.jpg,https://www.ebay.com/itm/178480925533?_skw=Tinkatuff+166+Paldean+Fates+Pokemon+card&hash=item298e4acb5d:g:KWkAAeSwdntqoM0~,2026-09-12T23:42:48.395762+00:00
D3-BE9EBAAB84EFA4B9,PRECISION_BLIND,53466d2d-94fd-4230-9505-694297a9030d,3451abaf-acc7-41aa-a60c-25f24b7ac07f,Perrin,Twilight Masquerade,220,special_illustration_rare,v1|178303154650|0,Perrin 220/167 Sv06: Twilight Masquerade Holo,,Ungraded,4000,[],"[""FIXED_PRICE"",""BEST_OFFER""]",cowypurk,https://i.ebayimg.com/images/g/zcYAAeSw-4NqUuE6/s-l225.jpg,https://www.ebay.com/itm/178303154650?_skw=Perrin+220+Twilight+Masquerade+Pokemon+card&hash=item2983b239da:g:zcYAAeSw-4NqUuE6,2026-09-12T23:42:48.395762+00:00
D3-F52E4530898C30D0,PRECISION_BLIND,3b5294d0-4738-4296-952e-f32b2788e3c4,10ab9aee-5f8c-4938-aec5-aa4a4314f745,Sunflora,Twilight Masquerade,169,illustration_rare,v1|396273669814|0,Sunflora 169/167 Pokemon Card TCG - Illustration Rare Twilight Masquerade *B1,,Ungraded,4000,[],"[""FIXED_PRICE""]",adjnor,https://i.ebayimg.com/images/g/4GkAAOSw6zNnxlSf/s-l225.jpg,https://www.ebay.com/itm/396273669814?_skw=Sunflora+169+Twilight+Masquerade+Pokemon+card&hash=item5c43c056b6:g:4GkAAOSw6zNnxlSf,2026-09-12T23:42:48.395762+00:00
D3-99A139AC336873BD,PRECISION_BLIND,209f02db-d953-4dde-bbd6-0822671fe1d1,eb38e2d2-2e6a-41e2-939d-335c8a5e50d1,Oshawott,White Flare,105,illustration_rare,v1|407002938272|0,Pokemon TCG Card Oshawott 105/086 White Flare Illustration Rare *English* - NM,,Ungraded,4000,[],"[""FIXED_PRICE""]",aytee_cg,https://i.ebayimg.com/images/g/FnkAAeSwIwJqMF-g/s-l225.jpg,https://www.ebay.com/itm/407002938272?_skw=Oshawott+105+White+Flare+Pokemon+card&hash=item5ec343fba0:g:FnkAAeSwIwJqMF-g,2026-09-12T23:42:48.395762+00:00
D3-C1B5616C3F8CCA4F,PRECISION_BLIND,2c445258-b198-43de-b710-0921ebe3f0ab,4411dcaa-280b-4355-bc49-f27c3f6580f2,Pikachu ex,Ascended Heroes,277,special_illustration_rare,v1|267766746428|0,Pikachu ex 277/217 Special Illustration Rare SIR Pokemon TCG NM Pack Fresh Raw,,Ungraded,4000,[],"[""FIXED_PRICE"",""BEST_OFFER""]",auntiques_industrial,https://i.ebayimg.com/images/g/hkQAAeSwgqhqjYIl/s-l225.jpg,https://www.ebay.com/itm/267766746428?_skw=Pikachu+ex+277+Ascended+Heroes+Pokemon+card&hash=item3e58244d3c:g:hkQAAeSwgqhqjYIl,2026-09-12T23:42:48.395762+00:00
D3-FEEFED8BF4B79631,PRECISION_BLIND,3baf2f12-759f-427a-b8d0-2511e639310f,886acc91-d523-4628-bb4a-6ef8db1d8543,Mega Gardevoir ex,Mega Evolution,187,mega_hyper_rare,v1|206168837323|0,Pokemon TCG Mega Evolution - Mega Gardevoir ex 187/132 - Mega Hyper Rare,,Ungraded,4000,[],"[""FIXED_PRICE"",""BEST_OFFER""]",broole_5351,https://i.ebayimg.com/images/g/h2oAAeSwPO5pxS-N/s-l225.jpg,https://www.ebay.com/itm/206168837323?_skw=Mega+Gardevoir+ex+187+Mega+Evolution+Pokemon+card&hash=item30009ecccb:g:h2oAAeSwPO5pxS-N,2026-09-12T23:42:48.395762+00:00
D3-239A73D660670B0B,PRECISION_BLIND,31566cbb-0eeb-499e-aa6d-b9b0bd85fc8b,fc81462a-2c3e-4b7a-a7be-ad7f88d98ace,Mega Greninja ex,Chaos Rising,122,mega_hyper_rare,v1|168563632169|0,Mega Greninja ex 122/086 Gold Chaos Rising Mega Hyper Rare Pokemon Card NM,,Ungraded,4000,[],"[""FIXED_PRICE"",""BEST_OFFER""]",andcr-6269,https://i.ebayimg.com/images/g/oUEAAeSw3yhqZU66/s-l225.jpg,https://www.ebay.com/itm/168563632169?_skw=Mega+Greninja+ex+122+Chaos+Rising+Pokemon+card&hash=item273f2ce829:g:oUEAAeSw3yhqZU66,2026-09-12T23:42:48.395762+00:00
D3-081DA73EE7A4AC48,PRECISION_BLIND,d4ff3ebb-7e40-4a36-88e6-f07af2977641,1424e3da-f59e-47f2-8310-dfad3baf354b,Zekrom ex,Black Bolt,166,special_illustration_rare,v1|206536567250|0,Zekrom ex 166/086 Sv: Black Bolt - Special Illustration Rare -NM,,Ungraded,4000,[],"[""FIXED_PRICE"",""BEST_OFFER""]",bigfatfish,https://i.ebayimg.com/images/g/BvsAAeSwuNFqm11H/s-l225.jpg,https://www.ebay.com/itm/206536567250?_skw=Zekrom+ex+166+Black+Bolt+Pokemon+card&hash=item301689e9d2:g:BvsAAeSwuNFqm11H,2026-09-12T23:42:48.395762+00:00
D3-3E9E516ABDA3694B,PRECISION_BLIND,b547c5c3-7082-4a7f-9290-3d569b91b462,2c272732-fdb3-4639-aa6b-ea9fa3ad9c24,Team Rocket's Giovanni,Destined Rivals,225,ultra_rare,v1|137374622747|0,Team Rocket's Giovanni 225/182 Destined Rivals Pokemon Near Mint,,Ungraded,4000,[],"[""FIXED_PRICE""]",and86020,https://i.ebayimg.com/images/g/5Q4AAeSwq~tqH~OG/s-l225.jpg,https://www.ebay.com/itm/137374622747?_skw=Team+Rocket%27s+Giovanni+225+Destined+Rivals+Pokemon+card&hash=item1ffc2a641b:g:5Q4AAeSwq~tqH~OG,2026-09-12T23:42:48.395762+00:00
D3-0A3E8F24513A2048,PRECISION_BLIND,23d6bd35-bbf0-49b2-911e-4949e66ff8bb,9326d67b-4017-4430-ac3c-bae6eb088be7,Pachirisu,Paldean Fates,138,shiny_rare,v1|318648511711|0,The Pokemon Company Pachirisu 138/091 SV Paldean Fates Holo Shiny Rare Eng,,Ungraded,4000,[],"[""FIXED_PRICE"",""BEST_OFFER""]",ca_collectables18,https://i.ebayimg.com/images/g/so0AAeSw3QtqaT-e/s-l225.jpg,https://www.ebay.com/itm/318648511711?_skw=Pachirisu+138+Paldean+Fates+Pokemon+card&hash=item4a30ee6cdf:g:so0AAeSw3QtqaT-e,2026-09-12T23:42:48.395762+00:00
D3-CEF36B1EF93DB370,PRECISION_BLIND,e26de7b7-434e-4bec-8fc2-fb15b971b1a7,44b0372c-396d-43e9-84bb-afad2d04128f,Jamming Tower,Ascended Heroes,261,ultra_rare,v1|800636465283|0,Jamming Tower 261/217 Ultra Rare ME: Ascended Heroes Pokemon Near Mint,,Ungraded,4000,[],"[""AUCTION"",""BEST_OFFER""]",aldorein4382,https://i.ebayimg.com/images/g/90sAAeSw65JqIZOt/s-l225.jpg,https://www.ebay.com/itm/800636465283?_skw=Jamming+Tower+261+Ascended+Heroes+Pokemon+card&hash=itemba69a6f083:g:90sAAeSw65JqIZOt,2026-09-12T23:42:48.395762+00:00
D3-E6C98AA256C5484D,PRECISION_BLIND,75720435-3807-46b6-b3da-5e1c53b77822,9ad0c133-f133-45ab-9b3f-494199354e20,Mega Darkrai ex,Pitch Black,116,special_illustration_rare,v1|227514914032|0,Pokémon TCG Mega Darkrai ex 116/084 Special Illustration Rare SIR | Pitch Black,,Ungraded,4000,[],"[""AUCTION""]",annaofficialuk,https://i.ebayimg.com/images/g/Pz4AAeSw8EFqX09W/s-l225.jpg,https://www.ebay.com/itm/227514914032?_skw=Mega+Darkrai+ex+116+Pitch+Black+Pokemon+card&hash=item34f8f214f0:g:Pz4AAeSw8EFqX09W,2026-09-12T23:42:48.395762+00:00
D3-86BE979FD7CB2E17,PRECISION_BLIND,7f065a2b-5cab-45c8-8fd8-96d4c07c4ee8,3805ddb2-e4cd-40b3-8a52-82398effa130,Canari,Ascended Heroes,291,special_illustration_rare,v1|318862580076|0,Canari 291/217 Special Illustration Rare ME: Ascended Heroes NM,,Ungraded,4000,[],"[""FIXED_PRICE""]",ae-race_electronics,https://i.ebayimg.com/images/g/t4QAAeSwKqNqQE4f/s-l225.jpg,https://www.ebay.com/itm/318862580076?_skw=Canari+291+Ascended+Heroes+Pokemon+card&hash=item4a3db0d96c:g:t4QAAeSwKqNqQE4f,2026-09-12T23:42:48.395762+00:00
D3-9E45EEF0A2DFD6D5,PRECISION_BLIND,966bcb61-bf43-4cd7-8287-42f4bb9fa76d,9d636c4c-055f-4e85-b5ef-64675007d904,Leafeon ex,Prismatic Evolutions,144,special_illustration_rare,v1|366661687007|0,The Pokémon Company Leafeon ex 144/131 Prismatic Evolutions Tera Holo SIR Mint,,Ungraded,4000,[],"[""FIXED_PRICE"",""BEST_OFFER""]",brewcrew_collectibles,https://i.ebayimg.com/images/g/-6cAAeSwGk9qo3FX/s-l225.jpg,https://www.ebay.com/itm/366661687007?_skw=Leafeon+ex+144+Prismatic+Evolutions+Pokemon+card&hash=item555ebd56df:g:-6cAAeSwGk9qo3FX,2026-09-12T23:42:48.395762+00:00
D3-4C6094B3A77809B7,PRECISION_BLIND,6a980108-6683-4461-ac9a-c81a27326dee,129a7668-0ba7-4f77-8585-3847e6c3d342,Team Rocket's Mewtwo ex,Destined Rivals,231,special_illustration_rare,v1|366616228725|0,Pokemon Team Rocket's Mewtwo ex 231/182 SIR Destined Rivals - Near Mint,,Ungraded,4000,[],"[""FIXED_PRICE"",""BEST_OFFER""]",benmel-28,https://i.ebayimg.com/images/g/PsQAAeSwzadqhdG-/s-l225.jpg,https://www.ebay.com/itm/366616228725?_skw=Team+Rocket%27s+Mewtwo+ex+231+Destined+Rivals+Pokemon+card&hash=item555c07b375:g:PsQAAeSwzadqhdG-,2026-09-12T23:42:48.395762+00:00
D3-D2EB4DFF2FC729F6,PRECISION_BLIND,828c0d0d-2ede-4bab-bed4-407cd3cf8662,06c45a41-2b44-401a-9703-5c9952f2580f,Mega Gengar ex,Ascended Heroes,284,special_illustration_rare,v1|198487855596|0,Mega Gengar ex 284/217 Me: Ascended Heroes Holo,,Ungraded,4000,[],"[""FIXED_PRICE"",""BEST_OFFER""]",almightycesar,https://i.ebayimg.com/images/g/MBIAAeSwBu9qT9jm/s-l225.jpg,https://www.ebay.com/itm/198487855596?_skw=Mega+Gengar+ex+284+Ascended+Heroes+Pokemon+card&hash=item2e36cc51ec:g:MBIAAeSwBu9qT9jm,2026-09-12T23:42:48.395762+00:00
D3-99EA0A12E86B6752,PRECISION_BLIND,97165c7e-1d85-4962-807e-5661c2115d7d,b592d276-ceb3-4a5e-90d5-d759808b7da3,Furret,Journey Together,168,illustration_rare,v1|397194708266|0,Furret 168/159 Sv09: Journey Together Holo Illustration Rare Pokemon *B3,,Ungraded,4000,[],"[""FIXED_PRICE""]",adjnor,https://i.ebayimg.com/images/g/CkYAAeSwd29o~Sb6/s-l225.jpg,https://www.ebay.com/itm/397194708266?_skw=Furret+168+Journey+Together+Pokemon+card&hash=item5c7aa6452a:g:CkYAAeSwd29o~Sb6,2026-09-12T23:42:48.395762+00:00
D3-80F84EA4B4B0D687,PRECISION_BLIND,25638dbd-2434-4a4f-ba0d-dcf3e3e114ca,b3f17a3e-c2cb-447e-8873-c5970a4372c9,Clemont's Quick Wit,Surging Sparks,243,special_illustration_rare,v1|315950658045|0,CLEMONT'S QUICK WIT 243/191 -SURGING SPARKS POKEMON-SPECIAL ILLUSTRATION - MINT,,Ungraded,4000,[],"[""FIXED_PRICE""]",autpro-9958,https://i.ebayimg.com/images/g/3aEAAOSwFvZnM4f1/s-l225.jpg,https://www.ebay.com/itm/315950658045?_skw=Clemont%27s+Quick+Wit+243+Surging+Sparks+Pokemon+card&hash=item49902071fd:g:3aEAAOSwFvZnM4f1,2026-09-12T23:42:48.395762+00:00
D3-99F0CE8D5E7CD4EB,PRECISION_BLIND,fd225f1d-3765-4209-a5ec-42caf35933b0,92fdb409-1454-43ef-87ee-19095f700462,Team Rocket's Nidoking ex,Destined Rivals,233,special_illustration_rare,v1|206503512032|0,Pokémon TCG Destined Rivals Team Rocket's Nidoking 233/182,,Ungraded,4000,[],"[""FIXED_PRICE""]",bmore_rips_llc,https://i.ebayimg.com/images/g/LwoAAeSw5GRqhc0Z/s-l225.jpg,https://www.ebay.com/itm/206503512032?_skw=Team+Rocket%27s+Nidoking+ex+233+Destined+Rivals+Pokemon+card&hash=item30149187e0:g:LwoAAeSw5GRqhc0Z,2026-09-12T23:42:48.395762+00:00
D3-B5ED6F2FE8630CDA,PRECISION_BLIND,b620ec1c-c0ac-4e7e-919d-a7df98bcb84b,8af678f4-09f0-486c-9617-b56896ebeea0,Zweilous,White Flare,147,illustration_rare,v1|398361086506|0,Zweilous 147/086 Holo Illustration Rare White Flare Pokemon NM,,Ungraded,4000,[],"[""FIXED_PRICE"",""BEST_OFFER""]",big-bundo-games,https://i.ebayimg.com/images/g/FfkAAeSw4QFqm6t9/s-l225.jpg,https://www.ebay.com/itm/398361086506?_skw=Zweilous+147+White+Flare+Pokemon+card&hash=item5cc02bca2a:g:FfkAAeSw4QFqm6t9,2026-09-12T23:42:48.395762+00:00
D3-1D2D8B22B5A30C7B,PRECISION_BLIND,ae4a6acb-3a88-4547-a165-7a617bfb2ce8,cd7798fe-711e-4cad-a015-7139b3d49bf6,Jolteon ex,Prismatic Evolutions,153,special_illustration_rare,v1|307167329475|0,The Pokémon Company Jolteon ex 153/131 Sv Prismatic Evolutions SIR FA Holo ENG,,Ungraded,4000,[],"[""FIXED_PRICE"",""BEST_OFFER""]",anderson-4010,https://i.ebayimg.com/images/g/xngAAeSwWoVqnqKX/s-l225.jpg,https://www.ebay.com/itm/307167329475?_skw=Jolteon+ex+153+Prismatic+Evolutions+Pokemon+card&hash=item4784997cc3:g:xngAAeSwWoVqnqKX,2026-09-12T23:42:48.395762+00:00
D3-765807C90DEC188D,PRECISION_BLIND,c7e36a14-236f-4b93-a4a8-a4be2ddc7193,590cc9ca-0f7d-413e-ae31-68433716e01b,Mega Lucario ex,Mega Evolution,179,special_illustration_rare,v1|168434211742|0,Mega Lucario EX 179/132 Mega Evolutions Special Illustration,,Ungraded,4000,[],"[""FIXED_PRICE"",""BEST_OFFER""]",bankofgoode2022,https://i.ebayimg.com/images/g/M2YAAeSwYe5qI1kW/s-l225.jpg,https://www.ebay.com/itm/168434211742?_skw=Mega+Lucario+ex+179+Mega+Evolution+Pokemon+card&hash=item2737761b9e:g:M2YAAeSwYe5qI1kW,2026-09-12T23:42:48.395762+00:00
D3-3164D6949543D3CE,PRECISION_BLIND,d09b2fb5-41b6-4d1e-88cf-629402434501,efae0727-f8c2-48c5-a33e-c308be0d288d,Roaring Moon ex,Prismatic Evolutions,162,special_illustration_rare,v1|147425569870|0,Roaring Moon ex 162/131 Sv: Prismatic Evolutions Holo,,Ungraded,4000,[],"[""FIXED_PRICE"",""BEST_OFFER""]",bobbyc-25,https://i.ebayimg.com/images/g/vcEAAeSwZ21qTtNN/s-l225.jpg,https://www.ebay.com/itm/147425569870?_skw=Roaring+Moon+ex+162+Prismatic+Evolutions+Pokemon+card&hash=item22533fac4e:g:vcEAAeSwZ21qTtNN,2026-09-12T23:42:48.395762+00:00
D3-503CC9DF3D96BB57,PRECISION_BLIND,4206e794-1ec6-4d55-94d4-63267ac9a183,9d5ddc90-8f9d-4759-b73d-fff0cd877d73,Mega Dragonite ex,Ascended Heroes,290,special_illustration_rare,v1|318673261624|0,Mega Dragonite ex Pokémon 2026 Ascended Heroes Special Illustration Rare #290 NM,,Ungraded,4000,[],"[""FIXED_PRICE"",""BEST_OFFER""]",callmemaybellc,https://i.ebayimg.com/images/g/oIQAAeSw371qcPa2/s-l225.jpg,https://www.ebay.com/itm/318673261624?_skw=Mega+Dragonite+ex+290+Ascended+Heroes+Pokemon+card&hash=item4a32681438:g:oIQAAeSw371qcPa2,2026-09-12T23:42:48.395762+00:00
D3-892AF82AAC5CE34B,PRECISION_BLIND,67611b34-a7e9-497f-9708-651cc015ca6c,f02f5725-b24c-4ee9-a9b5-55edd91d7697,Lillie's Determination,Mega Evolution,184,special_illustration_rare,v1|198622734400|0,Lillie's Determination SIR 184/132 NM Secret Rare Pack Fresh Pokemon Card,,Ungraded,4000,[],"[""AUCTION"",""BEST_OFFER""]",ahmad0325,https://i.ebayimg.com/images/g/zyAAAeSwJYBpo9Pg/s-l225.jpg,https://www.ebay.com/itm/198622734400?_skw=Lillie%27s+Determination+184+Mega+Evolution+Pokemon+card&hash=item2e3ed66840:g:zyAAAeSwJYBpo9Pg,2026-09-12T23:42:48.395762+00:00
D3-961F50A197518245,PRECISION_BLIND,6a1e2c02-b24d-4001-96f1-8bc2a24d8ccd,de749ceb-28f9-4977-b425-a83f69a3cf55,Gouging Fire ex,Temporal Forces,204,special_illustration_rare,v1|178291266348|0,Pokémon TCG Gouging Fire EX Scarlet & Violet Temporal Forces 204/162 - NM,,Ungraded,4000,[],"[""FIXED_PRICE""]",berkless,https://i.ebayimg.com/images/g/us4AAeSwxARqTRdt/s-l225.jpg,https://www.ebay.com/itm/178291266348?_skw=Gouging+Fire+ex+204+Temporal+Forces+Pokemon+card&hash=item2982fcd32c:g:us4AAeSwxARqTRdt,2026-09-12T23:42:48.395762+00:00
D3-52CC97796BFCFC15,PRECISION_BLIND,2e5780f8-1769-4d26-9e3e-87e4a27d4dfe,09b7c446-d89f-4a64-b721-bc1293308747,Dachsbun ex,Stellar Crown,169,special_illustration_rare,v1|407162303139|0,Pokémon TCG Dachsbun ex 169/142 SV07 Stellar Crown SIR Full Art Holo NM,,Ungraded,4000,[],"[""FIXED_PRICE"",""BEST_OFFER""]",clairescloset70,https://i.ebayimg.com/images/g/7vYAAeSwM89qiUIx/s-l225.jpg,https://www.ebay.com/itm/407162303139?_skw=Dachsbun+ex+169+Stellar+Crown+Pokemon+card&hash=item5eccc3b2a3:g:7vYAAeSwM89qiUIx,2026-09-12T23:42:48.395762+00:00
D3-F99DA860C549A050,PRECISION_BLIND,6a2b87e5-f90b-48f4-be30-a77258bee660,36134e45-4899-474f-88f0-b540ba618b49,Marill,Paldea Evolved,204,illustration_rare,v1|188762487988|0,Pokémon TCG Marill SV02: Paldea Evolved 204/193 IR Holo EN 70HP 2023,,Ungraded,4000,[],"[""FIXED_PRICE""]",aregulareverydaynormalguy,https://i.ebayimg.com/images/g/L6cAAeSwP~Vqd2Y9/s-l225.jpg,https://www.ebay.com/itm/188762487988?_skw=Marill+204+Paldea+Evolved+Pokemon+card&hash=item2bf31efcb4:g:L6cAAeSwP~Vqd2Y9,2026-09-12T23:42:48.395762+00:00
D3-C52F50834ED38E90,PRECISION_BLIND,b3020b76-9ff0-449a-85b8-924878fa0e8b,b70cd4ec-81c4-4e81-a677-901a43af62d9,Archeops,White Flare,132,illustration_rare,v1|278152071973|0,Archeops Holo Illustration Rare SV: White Flare 132/086 NM,,Ungraded,4000,[],"[""FIXED_PRICE"",""BEST_OFFER""]",blazincardsllc,https://i.ebayimg.com/images/g/1FoAAeSwOiBqSHPf/s-l225.jpg,https://www.ebay.com/itm/278152071973?_skw=Archeops+132+White+Flare+Pokemon+card&hash=item40c327cb25:g:1FoAAeSwOiBqSHPf,2026-09-12T23:42:48.395762+00:00
D3-B4BD92DD52EF9670,PRECISION_BLIND,2cef0dfb-a5fd-4aed-b8ae-34a82f414587,3d276bff-a869-4634-840f-d5eb4f33aa1d,Reshiram ex,White Flare,166,special_illustration_rare,v1|147550588942|0,Pokemon TCG Reshiram ex 166/086 SV White Flare Holo SIR 230 HP ENG,,Ungraded,4000,[],"[""FIXED_PRICE"",""BEST_OFFER""]",bra3810,https://i.ebayimg.com/images/g/rcQAAeSwau1qm0id/s-l225.jpg,https://www.ebay.com/itm/147550588942?_skw=Reshiram+ex+166+White+Flare+Pokemon+card&hash=item225ab3500e:g:rcQAAeSwau1qm0id,2026-09-12T23:42:48.395762+00:00
D3-E29788A251E74208,PRECISION_BLIND,21e9ddc5-2751-4886-9e08-a1c6e2cc14e4,53abbd65-a601-4185-b08c-3721e963fa3d,Kyurem ex,Black Bolt,165,special_illustration_rare,v1|800000901930|0,Pokemon Kyurem ex 165/086 Sv: Black Bolt Holo,,Ungraded,4000,[],"[""FIXED_PRICE"",""BEST_OFFER""]",beardybeastvault,https://i.ebayimg.com/images/g/7QoAAeSwjiVqANBy/s-l225.jpg,https://www.ebay.com/itm/800000901930?_skw=Kyurem+ex+165+Black+Bolt+Pokemon+card&hash=itemba43c5032a:g:7QoAAeSwjiVqANBy,2026-09-12T23:42:48.395762+00:00
D3-C21EDA2752C47A3B,PRECISION_BLIND,301185dd-2bde-4699-80bd-8b2a3cfd8f7f,af28bc66-9c8b-4dbb-bf83-fa6215bd26f0,Pikachu ex,Ascended Heroes,276,special_illustration_rare,v1|800423307369|0,Pikachu ex 276/217 SIR Ascended Heroes Special Illustration Rare Pokemon TCG NM,,Ungraded,4000,[],"[""FIXED_PRICE"",""BEST_OFFER""]",benben24-7,https://i.ebayimg.com/images/g/rjMAAeSwdhFqaPe4/s-l225.jpg,https://www.ebay.com/itm/800423307369?_skw=Pikachu+ex+276+Ascended+Heroes+Pokemon+card&hash=itemba5cf26869:g:rjMAAeSwdhFqaPe4,2026-09-12T23:42:48.395762+00:00
D3-F8F8986ED1E806C8,PRECISION_BLIND,b801a524-e703-4f4c-ad99-1ec742cf30ec,586dac04-6254-4241-b628-b6d3dac61063,Bianca's Devotion,Temporal Forces,209,special_illustration_rare,v1|147469578134|0,Bianca's Devotion - 209/162 - SV05: Temporal Forces (TEF) Pokemon,,Ungraded,4000,[],"[""FIXED_PRICE"",""BEST_OFFER""]",coastalsportcollectibles,https://i.ebayimg.com/images/g/VPIAAeSwRT1qagzT/s-l225.jpg,https://www.ebay.com/itm/147469578134?_skw=Bianca%27s+Devotion+209+Temporal+Forces+Pokemon+card&hash=item2255df2f96:g:VPIAAeSwRT1qagzT&amdata=enc%3AAQALAAABEACCtXRWQnOEpyOqnQQ8KGY%2BSk4PqVuTz6JBC0CML23bRIoiCW%2FtJ49akf9kefno%2FcZ3GMvjeLYfSp4iWa20pnx04oiXWJU2CLdq%2F918%2BH998LFk%2FDALMcLe1YgZAaBtsD0TyhTch541MYiYr0Yq8TEftKc1H0LBivKK2wi%2Fg7Bt6wBiG7fYpzuGUj2ptOUHLbs3UhrKHfQXulY3gW%2FsgrzucibmoJm8xJTQ0Cj5wGkfFUTPI5UJn0fX%2FDeLaKz9GY1A6%2FdzjsVCcDdhXSpTg%2BTXcM9I0TigL1G7eYBxkvJ5K2eBsGp1b2v3LI%2FeBiQheFd5uZnLhGqrFCKGGrLPEjhCalyPd1GNASnh%2FzXIHn07,2026-09-12T23:42:48.395762+00:00
D3-75419BE46F2714A5,PRECISION_BLIND,33dca102-b449-4da6-bfa6-7b72de711596,c2d7a5e7-cfdd-4f37-9748-a2259857c6e3,Charizard ex,Paldean Fates,234,special_illustration_rare,v1|127996010897|0,Pokemon Charizard ex 234/091 Paldean Fates SIR Holo 330HP English Egawa,,Ungraded,4000,[],"[""FIXED_PRICE"",""BEST_OFFER""]",am879529,https://i.ebayimg.com/images/g/MbcAAeSwLuxqZtcv/s-l225.jpg,https://www.ebay.com/itm/127996010897?_skw=Charizard+ex+234+Paldean+Fates+Pokemon+card&hash=item1dcd282191:g:MbcAAeSwLuxqZtcv&amdata=enc%3AAQALAAABEACCtXRWQnOEpyOqnQQ8KGYzGde7NrutLQLgizTHEoRA3gNYXWru1MCzTQ8uwdkjjqG9gmShOdmLSSvtJrWFIJGzUwhq%2BH34vA%2Fl4fnsHomniRgRf3TDtcbNbelm0ZwBOChX%2BE9OFcB%2Fo83bXGXn3cBPEC6XyJ12qSzTDxf3erD%2BTYzp8BytbOVgoVyY7Rz8m2LAue27f0JEzb6xDJkKP8CHnYZWe2fMTCIl4D%2FF19Rk3u7GUf20az0W4JQ7ThMiVW%2Fd%2BdbgbBdd%2B%2BMzcuEJKqKODDpE616Kucrkwk0xFGqAtnYlzwKKilFoQYtN4NE44dxEpsmRPxFrY8Zd8%2F0FajzCXn3NJdqFGg1K0%2FBXz5FD,2026-09-12T23:42:48.395762+00:00
